transaction_hash,trace_involved_amt,from_address,to_address,block_timestamp,gas,gas_price,receipt_cumulative_gas_used,receipt_gas_used,value,nonce,transaction_type,rn,contract_block_involved,contract_tx_count,contract_block_per_tx,contract_main_active_days,sender_block_involved,sender_tx_count,sender_block_per_tx,sender_main_active_days,sender_lifetime_days,sender_lifetime_block,contract_interact,add_feat_hash,sender_tx_count_call_contract,sender_days_call_contract,trace_amt,distinct_sender_in_contract,contract_lifetime_days,contract_lifetime_block,distinct_contract_sender_called,contract_involved_amt,max_breadth,depth,distinct_was_called_in_sample,distinct_sender_call_in_sample,is_sus,z_trace_involved_amt,z_contract_block_involved,z_contract_tx_count,z_contract_main_active_days,z_sender_block_involved,z_sender_tx_count,z_sender_main_active_days,z_contract_interact,z_sender_tx_count_call_contract,z_sender_days_call_contract,z_trace_amt,z_distinct_sender_in_contract,z_contract_lifetime_days,z_contract_lifetime_block,z_distinct_contract_sender_called,z_sender_lifetime_days,z_sender_lifetime_block,z_contract_involved_amt,z_max_breadth,z_depth,z_distinct_was_called_in_sample,z_distinct_sender_call_in_sample,z_gas,z_gas_price,z_receipt_cumulative_gas_used,z_receipt_gas_used,z_value,z_nonce,involved_trace_ratio,contract_active_day_ratio,tx_count_per_distinct_caller,contract_block_ratio,sender_active_day_ratio,sender_tx_count_per_contract,sender_block_ratio,tx_sender_call_contract,sender_call_contract_tx_ratio,sender_tx_count_call_contract_per_days,sender_call_contract_day_ratio
0x69272d8c84d67d1da2f6425b339192fa472898dce936f24818fda415c1c1ff3f,6,0x8efab89b497b887cdaa2fb08ff71e4b3827774b2,0x10c509aa9ab291c76c45414e7cdbd375e1d5ace8,2021-12-21 14:18:15+00:00,10000000,52770827300,14328034,190098,0.0,2,2.0,1,2,2,1.0,1,3,3,1.0,1,0,25,1,0x69272d8c84d67d1da2f6425b339192fa472898dce936f24818fda415c1c1ff3f,2,1,15,1,0,24,1,5,6.0,4.0,2,1,1,6.860776204850986,-7.511255385239382,-7.50980272155953,-7.300444914994792,-0.699434015660274,-0.6851357284035181,-1.0015205047663984,-1.667166234908201,-0.3438066262724858,-0.8413813965306152,3.497270373625044,-7.661005407464328,-9.657204785759129,-9.614773400772574,-0.761637049921413,-1.141466150861201,-1.1720590901911323,-1.2339494565482134,1.718809413416307,1.7352274279498636,13.379088160259654,-4.0264856064833,13.344474631044601,-0.7868335345791139,0.5567939125065184,2.2868419318878677,0.0,-0.6654954472091057,0.4,1.0,2.0,0.08,1.0,3.0,0.11538461538461539,0.6666666666666666,1.0,2.0,1.0
0x77862832fef27eb57c919fb67c515fe870a7790b22a6c80e067cf9a1068f521a,2,0x3e738bef54e64be0c99759e0c77d9c72c5a8666e,0x209156e6da73ba9b5e3304fbe3316f511a5acccd,2021-12-08 03:05:20+00:00,234957,98337549796,5814923,153224,0.0,1420,2.0,129,22,22,1.0,12,1232,1531,0.8047028086218158,126,171,1089589,1,0x77862832fef27eb57c919fb67c515fe870a7790b22a6c80e067cf9a1068f521a,22,12,5,1,164,1044816,136,5,3.0,2.0,1,3,0,-0.5674326184463218,-7.415704833866535,-7.416450432070004,-6.35009113907831,0.5887166453149901,0.7931707808935999,0.0253757473865347,-1.667166234908201,7.489762073606938,4.88348171388388,-1.6499795630266971,-7.661005407464328,6.397347519000091,6.4205421250933545,0.053288770742156925,-0.8014093546910119,-0.8186054205602766,-1.2339494565482134,-3.9406849966129944,-0.8354798727166008,-0.07474350927519333,0.4336215268520482,0.013874759736430205,0.78957798463759,-0.6826236438191294,1.2321210660698754,0.0,0.7277790304651112,0.4,0.07272727272727272,22.0,2.1056318953462664e-05,0.7325581395348837,11.257352941176471,0.0011307005387347535,0.014369693011103853,1.0,1.8333333333333333,1.0
0xd9c1dcd63eb69352d4ff0a04b140061d7fa6b7b76c02e4b1e8e3c669ba18cc02,1,0x3e738bef54e64be0c99759e0c77d9c72c5a8666e,0x3a84ad5d16adbe566baa6b3dafe39db3d5e261e5,2021-12-08 03:06:44+00:00,192384,95928952223,10241497,128256,0.0,1421,2.0,128,12,12,1.0,5,1233,1532,0.8048302872062664,126,171,1089595,1,0xd9c1dcd63eb69352d4ff0a04b140061d7fa6b7b76c02e4b1e8e3c669ba18cc02,1,1,1,2,97,613690,137,2,0.0,0.0,1,0,0,-2.4244848242706487,-7.463480109552958,-7.463126576814767,-6.954861723752435,0.5897647744126103,0.7941382589756006,0.0253757473865347,-1.667166234908201,-0.735485061266457,-0.8413813965306152,-3.7088795376873938,-7.652485921894253,-0.1615244591637366,-0.1963169639927738,0.05932525830262781,-0.8014093546910119,-0.8186034741651885,-3.786948332165206,-9.600179406642296,-3.4061871733830653,-0.07474350927519333,-6.2565391731509745,-0.04424312344352126,0.7062509259585747,-0.03816199754497082,0.5179519881899701,0.0,0.7287615935664329,1.0,0.05102040816326531,6.0,1.9553814541845978e-05,0.7325581395348837,11.182481751824817,0.0011316120837448007,0.0006527415143603133,0.08333333333333333,1.0,0.2
0x816559ee9712ed1f5e5bcd385a22d94ab10aa1d6ad72302e7e7b802d7f764329,2,0x0fda32b8144e206c78b6baa3d6826ae8574ec263,0xc9f27a50f82571c1c8423a42970613b8dbda14ef,2021-11-30 16:56:23+00:00,140944,128902899819,15480395,88865,0.0,389,2.0,180,1514,1550,0.9767741935483871,77,401,402,0.9975124378109452,126,349,2248840,1,0x816559ee9712ed1f5e5bcd385a22d94ab10aa1d6ad72302e7e7b802d7f764329,2,2,8,896,89,567252,111,7,5.0,3.0,1,3,0,-0.5674326184463218,-0.28763370145209716,-0.284335515070183,-0.7343642813900086,-0.282278634807422,-0.2991119736852262,0.0253757473865347,-1.667166234908201,-0.3438066262724858,-0.32093929558384293,-0.10580458203117477,-0.03606582224665356,-0.9446733520788204,-0.9090406280236641,-0.09762341826961528,-0.4474321048764291,-0.4425453451785285,0.46804979386311524,-0.16768872326012685,0.4498737776166314,-0.07474350927519333,0.4336215268520482,-0.11446565675751612,1.8470068982351713,0.7245653012062523,-0.6087635735998148,0.0,-0.2852435269975952,0.25,0.8555555555555555,1.7299107142857142,0.002669003072703009,0.36,3.6216216216216215,0.00017831407378289527,0.004975124378109453,0.0012903225806451613,1.0,0.025974025974025976
0xd361e07b72c8d29331ccd4b8ed4ef2ef2ee695420f888bda13ff96d762aa4bc2,2,0x94bd1bd3c8abbc52b29668a65930d4575fa4caac,0xc9f27a50f82571c1c8423a42970613b8dbda14ef,2021-11-30 17:24:31+00:00,140926,75781757855,9782909,88853,0.0,476,2.0,179,1515,1551,0.97678916827853,77,502,523,0.9598470363288719,128,463,2991551,2,0xd361e07b72c8d29331ccd4b8ed4ef2ef2ee695420f888bda13ff96d762aa4bc2,2,2,8,896,89,567393,131,7,5.0,3.0,1,3,0,-0.5674326184463218,-0.28285617388345474,-0.2796679005957067,-0.7343642813900086,-0.17641759594777862,-0.18204712576313764,0.04180608742098163,-1.647900061161188,-0.3438066262724858,-0.32093929558384293,-0.10580458203117477,-0.03606582224665356,-0.9446733520788204,-0.9068765805490021,0.023106332939802486,-0.220727574096303,-0.2016105047972362,0.46804979386311524,-0.16768872326012685,0.4498737776166314,-0.07474350927519333,0.4336215268520482,-0.11449022918363687,0.009245138798852557,-0.10492748648553159,-0.6091068141050439,0.0,-0.19976053718260448,0.25,0.8555555555555555,1.7310267857142858,0.0026701022569854457,0.27586206896551724,3.9923664122137406,0.00016780587467642215,0.0038240917782026767,0.0012894906511927789,1.0,0.025974025974025976
0xdeb7417cc278c21783d01765f6fb2993710ae75223751349e095bb45d2a372d0,2,0xad492e78ea607f1ccf1cefaa7ee37871932b1d02,0xc9f27a50f82571c1c8423a42970613b8dbda14ef,2021-12-01 01:23:06+00:00,166576,116751927679,9901282,105953,0.0,1136,,178,1516,1552,0.9768041237113402,78,1182,1214,0.9736408566721582,208,1635,9870262,3,0xdeb7417cc278c21783d01765f6fb2993710ae75223751349e095bb45d2a372d0,3,3,8,896,90,569507,226,7,5.0,3.0,1,3,0,-0.5674326184463218,-0.2780786463148124,-0.27500028612123034,-0.6479684835794194,0.5363101904339785,0.486480228899368,0.6990196887988589,-1.6286338874141748,0.047871808721485366,0.19950280536292936,-0.10580458203117477,-0.03606582224665356,-0.8467797404644349,-0.8744312162835018,0.5965726511845368,2.109954093222186,2.0298377123613083,0.46804979386311524,-0.16768872326012685,0.4498737776166314,-0.07474350927519333,0.4336215268520482,-0.07947452196155351,1.42663581596436,-0.08769364865645407,-0.11998909415365083,0.0,0.44873110968973906,0.25,0.8571428571428571,1.7321428571428572,0.0026619468032055738,0.1271393643031785,5.371681415929204,0.00011975364790178336,0.002471169686985173,0.0019329896907216496,1.0,0.038461538461538464
0x4879063c6025f59bbe88d48e8b18f83c36176bd597cf0b6e26611c02a3138f94,2,0xfc3a1fd0c90416912ac76b868a3155bd977cb505,0xc9f27a50f82571c1c8423a42970613b8dbda14ef,2021-12-01 01:57:27+00:00,140926,124145717880,25086609,88853,0.0,189,2.0,177,1517,1553,0.9768190598840953,78,218,220,0.990909090909091,62,426,2751138,4,0x4879063c6025f59bbe88d48e8b18f83c36176bd597cf0b6e26611c02a3138f94,2,2,8,896,90,569660,38,7,5.0,3.0,1,3,0,-0.5674326184463218,-0.27330111874617,-0.27033267164675406,-0.6479684835794194,-0.47408625967192425,-0.4751929846093594,-0.500395133715767,-1.6093677136671618,-0.3438066262724858,-0.32093929558384293,-0.10580458203117477,-0.03606582224665356,-0.8467797404644349,-0.8720829945556771,-0.5382870101839901,-0.2943071147880983,-0.27960028518366864,0.46804979386311524,-0.16768872326012685,0.4498737776166314,-0.07474350927519333,0.4336215268520482,-0.11449022918363687,1.682428978278177,2.123126917684791,-0.6091068141050439,0.0,-0.4817561472619417,0.25,0.8571428571428571,1.7332589285714286,0.002662987285420627,0.1451990632318501,5.7894736842105265,7.923990754374825e-05,0.00909090909090909,0.00128783000643915,1.0,0.02564102564102564
0x7a974fe84914001af80be9d886991af3f47ab426a0663faadb106db7bfdc9d0f,3,0xd8047842874e3be4a1155ad052dbd5395d3a154f,0xc9f27a50f82571c1c8423a42970613b8dbda14ef,2021-12-01 12:33:48+00:00,126840,100477676422,8835034,84263,0.0,11,2.0,176,1518,1554,0.9768339768339769,78,14,14,1.0,4,82,524455,5,0x7a974fe84914001af80be9d886991af3f47ab426a0663faadb106db7bfdc9d0f,2,2,6,896,90,572398,9,4,5.0,1.0,1,2,0,1.2896195873780052,-0.2685235911775276,-0.26566505717227773,-0.6479684835794194,-0.6879045955864515,-0.6744934695015101,-0.976874994714728,-1.5901015399201486,-0.3438066262724858,-0.32093929558384293,-1.135254569361523,-0.03606582224665356,-0.8467797404644349,-0.830060569125715,-0.7133451494376458,-0.9783979795983033,-1.001934427514585,-2.084949081753878,-0.16768872326012685,-2.120833523049833,-0.07474350927519333,-1.796432039815626,-0.13371951775791627,0.8636171097053394,-0.24292790915148454,-0.7403963073551546,0.0,-0.6566523792972101,0.5,0.8571428571428571,1.734375,0.002651996247372899,0.04819277108433735,1.5555555555555556,2.6694327074149213e-05,0.14285714285714285,0.001287001287001287,1.0,0.02564102564102564
0x286311bcabed60330343045c89661aa2170b2886f10bdfe9f760871b3c451604,3,0x23c2aa52895d15d5ba51f3f3b588a8d4f13d6af3,0xc9f27a50f82571c1c8423a42970613b8dbda14ef,2021-12-01 22:02:29+00:00,250959,155270500136,1139939,165716,0.0,278,2.0,175,1519,1555,0.9768488745980708,78,284,294,0.9659863945578231,86,272,1750296,6,0x286311bcabed60330343045c89661aa2170b2886f10bdfe9f760871b3c451604,1,1,6,897,90,574884,87,4,5.0,1.0,1,2,0,1.2896195873780052,-0.26374606360888525,-0.2609974426978014,-0.6479684835794194,-0.404909739228989,-0.4035996065413052,-0.3032310533024039,-1.5708353661731356,-0.735485061266457,-0.8413813965306152,-1.135254569361523,-0.027546336676577948,-0.8467797404644349,-0.7919058030121702,-0.2424991197209166,-0.6005570949647598,-0.6042726106465921,-2.084949081753878,-0.16768872326012685,-2.120833523049833,-0.07474350927519333,-1.796432039815626,0.035719646557786075,2.759211827555458,-1.363251118915073,1.5894344320133142,0.0,-0.3943080312443075,0.5,0.8571428571428571,1.73355629877369,0.002642267583951573,0.315018315018315,3.3793103448275863,0.00016225817675514498,0.003401360544217687,0.0006430868167202572,1.0,0.01282051282051282
0x6cf4fda853a16020594fc1fa01ff56582da96ab691cbfbf5b0f0ae4d8d1d76e6,3,0x4a84a23c377774aa71983b7713846594545f9054,0xc9f27a50f82571c1c8423a42970613b8dbda14ef,2021-12-02 00:08:22+00:00,287683,190811001449,11741482,185399,0.0,62,2.0,174,1520,1556,0.9768637532133676,79,76,77,0.987012987012987,26,257,1647094,7,0x6cf4fda853a16020594fc1fa01ff56582da96ab691cbfbf5b0f0ae4d8d1d76e6,1,1,13,898,91,575433,24,7,6.0,3.0,1,3,0,1.2896195873780052,-0.25896853604024284,-0.25632982822332506,-0.5615726857688301,-0.622920591533997,-0.613542350335464,-0.7961412543358118,-1.5515691924261223,-0.735485061266457,-0.8413813965306152,2.467820386294696,-0.019026851106502336,-0.7488861288500495,-0.7834798309299755,-0.6227978360305826,-0.6303866384884607,-0.6377512549605044,0.46804979386311524,1.718809413416307,0.4498737776166314,-0.07474350927519333,0.4336215268520482,0.08585285638327493,3.9887594579225047,0.18021971311581192,2.1524346707152597,0.0,-0.6065416611298018,0.23076923076923078,0.8586956521739131,1.7327394209354121,0.002641484514297035,0.10077519379844961,3.2083333333333335,4.6141843670219384e-05,0.012987012987012988,0.0006426735218508997,1.0,0.012658227848101266
0x66cf96897876855d9d6959992f51b7f2c99ea6c0abf0b6b3c2ffff95e1a830b6,2,0x4a84a23c377774aa71983b7713846594545f9054,0xc9f27a50f82571c1c8423a42970613b8dbda14ef,2021-12-02 00:09:50+00:00,140926,201299205571,3790437,88853,0.0,63,2.0,173,1521,1557,0.976878612716763,79,77,78,0.9871794871794872,26,257,1647098,8,0x66cf96897876855d9d6959992f51b7f2c99ea6c0abf0b6b3c2ffff95e1a830b6,2,1,8,898,91,575437,24,7,5.0,3.0,1,3,0,-0.5674326184463218,-0.2541910084716005,-0.25166221374884873,-0.5615726857688301,-0.6218724624363768,-0.6125748722534633,-0.7961412543358118,-1.5323030186791093,-0.3438066262724858,-0.8413813965306152,-0.10580458203117477,-0.019026851106502336,-0.7488861288500495,-0.7834184395122545,-0.6227978360305826,-0.6303866384884607,-0.637749957363779,0.46804979386311524,-0.16768872326012685,0.4498737776166314,-0.07474350927519333,0.4336215268520482,-0.11449022918363687,4.351605958354225,-0.9773670685125799,-0.6091068141050439,0.0,-0.6055590980284801,0.25,0.8586956521739131,1.7338530066815145,0.0026432039594187383,0.10077519379844961,3.25,4.6748859661744677e-05,0.02564102564102564,0.0012845215157353885,2.0,0.012658227848101266
0x181514d434fd040fa156850abebd4ac5ee8d6a768e39b1795f0d12b9401c1c92,3,0x6dea2c277a16ca37816332800d5ecc2eec008ba3,0xc9f27a50f82571c1c8423a42970613b8dbda14ef,2021-12-02 05:54:36+00:00,284239,88702559474,4579741,183103,0.0,37,2.0,172,1522,1558,0.9768934531450578,79,44,44,1.0,18,174,1112904,9,0x181514d434fd040fa156850abebd4ac5ee8d6a768e39b1795f0d12b9401c1c92,1,1,12,899,91,576966,22,7,6.0,3.0,1,3,0,1.2896195873780052,-0.2494134809029581,-0.24699459927437242,-0.5615726857688301,-0.6564607226578445,-0.6454691270414882,-0.8618626144735996,-1.5130368449320961,-0.735485061266457,-0.8413813965306152,1.9530953926295218,-0.01050736553642672,-0.7488861288500495,-0.7599515700884372,-0.6348708111515243,-0.7954434459862718,-0.8110420536470495,0.46804979386311524,1.718809413416307,0.4498737776166314,-0.07474350927519333,0.4336215268520482,0.08115133218550281,0.4562489914786992,-0.8624528808697712,2.0867613207147686,0.0,-0.6311057386628451,0.25,0.8586956521739131,1.7330367074527253,0.002637932498739096,0.10285714285714286,2.0,3.9536168855382986e-05,0.022727272727272728,0.0006418485237483953,1.0,0.012658227848101266
0x56a465e3820b98d9798099d84e1c2dd430945ba36794db4714e00ab58f29fe8f,3,0xc149d68d58b83cb2c612f882bbc0eb3b2b473a9a,0xc9f27a50f82571c1c8423a42970613b8dbda14ef,2021-12-02 13:15:01+00:00,287701,98000000000,5772280,185411,0.0,487,2.0,171,1523,1559,0.9769082745349583,79,573,596,0.9614093959731543,151,607,3919547,10,0x56a465e3820b98d9798099d84e1c2dd430945ba36794db4714e00ab58f29fe8f,1,1,13,900,91,578849,116,7,6.0,3.0,1,3,0,1.2896195873780052,-0.2446359533343157,-0.2423269847998961,-0.5615726857688301,-0.10200043001674221,-0.11142122577708423,0.23075499781712133,-1.493770671185083,-0.735485061266457,-0.8413813965306152,2.467820386294696,-0.001987879966351106,-0.7488861288500495,-0.7310515601963193,-0.06744098046726084,0.06563604373122468,0.09943063790090313,0.46804979386311524,1.718809413416307,0.4498737776166314,-0.07474350927519333,0.4336215268520482,0.0858774288093957,0.7779002216216004,-0.6888320067612307,2.152777911220489,0.0,-0.1889523430680654,0.23076923076923078,0.8586956521739131,1.7322222222222223,0.002631078863263367,0.24835526315789475,5.137931034482759,0.00014619032602738888,0.0016778523489932886,0.0006414368184733803,1.0,0.012658227848101266
0xe98d088492ecb9abdbf194b697f5c21cfe99a9b99379d4e080226d2f8a135f9d,3,0x5bffcd8f4809e29bcace4c9c21e0c3b6963ecec1,0xc9f27a50f82571c1c8423a42970613b8dbda14ef,2021-12-02 14:51:55+00:00,250977,102552615958,7423645,165728,0.0,343,2.0,170,1524,1560,0.9769230769230769,79,335,361,0.9279778393351801,113,278,1788039,11,0xe98d088492ecb9abdbf194b697f5c21cfe99a9b99379d4e080226d2f8a135f9d,1,1,6,901,91,579272,82,4,5.0,1.0,1,2,0,1.2896195873780052,-0.23985842576567332,-0.23765937032541978,-0.5615726857688301,-0.3514551552503572,-0.33877857504725617,-0.08142146283737035,-1.4745044974380699,-0.735485061266457,-0.8413813965306152,-1.135254569361523,0.006531605603724509,-0.7488861288500495,-0.7245594177723332,-0.27268155752327106,-0.5886252775552795,-0.5920288123448151,-2.084949081753878,-0.16768872326012685,-2.120833523049833,-0.07474350927519333,-1.796432039815626,0.03574421898390683,0.9354010433976453,-0.4484109934675354,1.5897776725185433,0.0,-0.3304414296583949,0.5,0.8586956521739131,1.7314095449500555,0.0026308838837646497,0.4050179211469534,4.402439024390244,0.0001873559875617995,0.002770083102493075,0.000641025641025641,1.0,0.012658227848101266
0xa30a91bc41cb39e1035821857fbb027ca483fe65524ef8a427705547c6333f3c,2,0x372e58859dcae9fb5260b63bda602558afc84dc7,0xc9f27a50f82571c1c8423a42970613b8dbda14ef,2021-12-02 17:15:44+00:00,166576,139246579893,4096945,105953,0.0,122,2.0,169,1525,1561,0.9769378603459321,79,134,137,0.9781021897810219,52,257,1653630,12,0xa30a91bc41cb39e1035821857fbb027ca483fe65524ef8a427705547c6333f3c,3,3,8,901,91,579897,42,7,5.0,3.0,1,3,0,-0.5674326184463218,-0.23508089819703093,-0.23299175585094345,-0.5615726857688301,-0.5621291038720236,-0.5554936654154201,-0.5825468338880018,-1.4552383236910569,0.047871808721485366,0.19950280536292936,-0.10580458203117477,0.006531605603724509,-0.7488861288500495,-0.7149670087534413,-0.5141410599421066,-0.6303866384884607,-0.6356309819111863,0.46804979386311524,-0.16768872326012685,0.4498737776166314,-0.07474350927519333,0.4336215268520482,-0.07947452196155351,2.204853491682336,-0.9327427946890315,-0.11998909415365083,0.0,-0.5475878750504978,0.25,0.8586956521739131,1.732519422863485,0.002629772822116993,0.20155038759689922,3.261904761904762,8.103379774568812e-05,0.021897810218978103,0.0019218449711723255,1.0,0.0379746835443038
0x2a0cd914addfe2b31c395a00d3267065ffeaf607b1e1e6082a7d5ea27708217d,3,0x676f3d2c9f5776e09d23986adc6684fb41e9000e,0xc9f27a50f82571c1c8423a42970613b8dbda14ef,2021-12-02 17:16:16+00:00,126822,101403969744,6697945,84251,0.0,971,2.0,168,1526,1562,0.9769526248399488,79,919,1029,0.8931000971817298,220,1403,8735363,13,0x2a0cd914addfe2b31c395a00d3267065ffeaf607b1e1e6082a7d5ea27708217d,4,4,6,901,91,579904,225,4,5.0,1.0,1,2,0,1.2896195873780052,-0.23030337062838854,-0.22832414137646714,-0.5615726857688301,0.26065223775985774,0.3074967837292326,0.7976017290055405,-1.4359721499440439,0.43955024371545653,0.7199449063097016,-1.135254569361523,0.006531605603724509,-0.7488861288500495,-0.7148595737724297,0.5905361636240659,1.6485904867222805,1.6616774058438497,-2.084949081753878,-0.16768872326012685,-2.120833523049833,-0.07474350927519333,-1.796432039815626,-0.13374409018403702,0.8956628523655119,-0.5540651216265037,-0.7407395478603837,0.0,0.2866081979716532,0.5,0.8586956521739131,1.7336293007769146,0.002631465498659263,0.15669515669515668,4.573333333333333,0.00010520454556902265,0.003887269193391642,0.002560819462227913,1.0,0.05063291139240506
0x3d931ac95bc7f39cc6837a415c2ccd9cef38a0b6d3e05cc7c762827aa12f271f,3,0x701a85bc65b8adbf90a7860195750696c1c40b38,0xc9f27a50f82571c1c8423a42970613b8dbda14ef,2021-12-03 00:48:55+00:00,126876,76000000000,5652056,79487,0.0,5,,167,1527,1563,0.9769673704414588,80,8,8,1.0,3,4,24851,14,0x3d931ac95bc7f39cc6837a415c2ccd9cef38a0b6d3e05cc7c762827aa12f271f,2,2,6,901,92,581864,4,4,5.0,1.0,1,2,0,1.2896195873780052,-0.22552584305974616,-0.2236565269019908,-0.47517688795824087,-0.6941933701721728,-0.6802983379935145,-0.9850901647319515,-1.4167059761970306,-0.3438066262724858,-0.32093929558384293,-1.135254569361523,0.006531605603724509,-0.650992517235664,-0.6847777790891844,-0.7435275872400003,-1.1335116059215475,-1.1640055561148819,-2.084949081753878,-0.16768872326012685,-2.120833523049833,-0.07474350927519333,-1.796432039815626,-0.13367037290567474,0.01679537310387116,-0.7063353303161208,-0.8770060284363156,0.0,-0.6625477579051405,0.5,0.8602150537634409,1.734739178690344,0.0026243200742440257,0.6,2.0,0.00032190568163528087,0.25,0.0012795905310300703,1.0,0.025
0xe48704d51122e2ba921c560c81b01c40c56060372f951e40239f43894bf77a1b,2,0x03464270367d233f970d1c6d60dea3defc37df2c,0xc9f27a50f82571c1c8423a42970613b8dbda14ef,2021-12-03 03:15:09+00:00,140908,70643845372,15482651,88841,0.0,284,2.0,166,1528,1564,0.9769820971867008,80,310,322,0.9627329192546584,95,368,2370337,15,0xe48704d51122e2ba921c560c81b01c40c56060372f951e40239f43894bf77a1b,2,2,8,901,92,582503,74,7,5.0,3.0,1,3,0,-0.5674326184463218,-0.22074831549110377,-0.21898891242751448,-0.47517688795824087,-0.377658382690863,-0.37651022024528474,-0.22929452314739274,-1.3974398024500176,-0.3438066262724858,-0.32093929558384293,-0.10580458203117477,0.006531605603724509,-0.650992517235664,-0.6749705001082692,-0.32097345800703814,-0.40964801641307474,-0.40313181784177726,0.46804979386311524,-0.16768872326012685,0.4498737776166314,-0.07474350927519333,0.4336215268520482,-0.11451480160975763,-0.16850441129528676,0.7248937505835799,-0.6094500546102729,0.0,-0.38841265263637714,0.25,0.8602150537634409,1.7358490566037736,0.002623157952563416,0.25745257452574527,4.351351351351352,0.00013078303600583545,0.006211180124223602,0.0012787723785166241,1.0,0.025
0xe5fbb6a4f59882d8b907ec132c01f879d028c5a5743d42297d05268588ea77d0,3,0x1128cdb6df17e282ce448e7770d0f02ce1299e1a,0xc9f27a50f82571c1c8423a42970613b8dbda14ef,2021-12-03 10:20:21+00:00,287701,61377427805,13782101,185411,0.0,253,2.0,165,1529,1565,0.9769968051118211,80,286,292,0.9794520547945206,74,250,1605590,16,0xe5fbb6a4f59882d8b907ec132c01f879d028c5a5743d42297d05268588ea77d0,1,1,13,902,92,584351,58,7,6.0,3.0,1,3,0,1.2896195873780052,-0.21597078792246138,-0.21432129795303817,-0.47517688795824087,-0.40281348103374853,-0.4055345627053067,-0.4018130935090855,-1.3781736287030044,-0.735485061266457,-0.8413813965306152,2.467820386294696,0.015051091173800123,-0.650992517235664,-0.6466076651212094,-0.41755725897457235,-0.6443070921328544,-0.6512151185833472,0.46804979386311524,1.718809413416307,0.4498737776166314,-0.07474350927519333,0.4336215268520482,0.0858774288093957,-0.4890823812331759,0.47731192938923855,2.152777911220489,0.0,-0.41887210877735087,0.23076923076923078,0.8602150537634409,1.7350332594235034,0.0026165735720935328,0.2948207171314741,5.0344827586206895,0.00017812755552316874,0.003424657534246575,0.0006389776357827476,1.0,0.0125
0x83fbce3a71a079a1e9b0bb156596060e9169bc23f3973ff4dcf51238b1f2d0a5,2,0x6dea2c277a16ca37816332800d5ecc2eec008ba3,0xc9f27a50f82571c1c8423a42970613b8dbda14ef,2021-12-03 12:26:19+00:00,140908,69281713092,17405723,88841,0.0,40,2.0,164,1530,1566,0.9770114942528736,80,47,47,1.0,19,175,1120849,17,0x83fbce3a71a079a1e9b0bb156596060e9169bc23f3973ff4dcf51238b1f2d0a5,2,2,8,902,92,584911,22,7,5.0,3.0,1,3,0,-0.5674326184463218,-0.211193260353819,-0.20965368347856184,-0.47517688795824087,-0.6533163353649838,-0.642566692795486,-0.8536474444563761,-1.3589074549559914,-0.3438066262724858,-0.32093929558384293,-0.10580458203117477,0.015051091173800123,-0.650992517235664,-0.6380128666402821,-0.6348708111515243,-0.7934548097513584,-0.808464702151206,0.46804979386311524,-0.16768872326012685,0.4498737776166314,-0.07474350927519333,0.4336215268520482,-0.11451480160975763,-0.21562829686940083,1.0048723857591668,-0.6094500546102729,0.0,-0.6281580493588799,0.25,0.8602150537634409,1.7361419068736141,0.0026157780999534973,0.10795454545454546,2.1363636363636362,4.1932461970825713e-05,0.0425531914893617,0.001277139208173691,1.0,0.025
0xc6e254a56db1c4b5e8642dd9423bb2657a21b50005f7e9e33dc2a4566bc7bc0d,3,0x8cb2f28f7862e95d73f2094b87bb67e2a2aa423c,0xc9f27a50f82571c1c8423a42970613b8dbda14ef,2021-12-03 12:52:17+00:00,284239,94064534298,2356282,183103,0.0,9,,163,1531,1567,0.97702616464582,80,11,11,1.0,4,213,1366130,18,0xc6e254a56db1c4b5e8642dd9423bb2657a21b50005f7e9e33dc2a4566bc7bc0d,1,1,12,903,92,585018,8,7,6.0,3.0,1,3,0,1.2896195873780052,-0.2064157327851766,-0.20498606900408553,-0.47517688795824087,-0.6910489828793122,-0.6773959037475122,-0.976874994714728,-1.3396412812089782,-0.735485061266457,-0.8413813965306152,1.9530953926295218,0.023570576743875738,-0.650992517235664,-0.6363706462162478,-0.7193816369981167,-0.7178866328246497,-0.7288957465499509,0.46804979386311524,1.718809413416307,0.4498737776166314,-0.07474350927519333,0.4336215268520482,0.08115133218550281,0.6417501294867173,-1.1861646379900845,2.0867613207147686,0.0,-0.6586175054998537,0.25,0.8602150537634409,1.735326688815061,0.002617009020219856,0.018691588785046728,1.375,8.051936454117504e-06,0.09090909090909091,0.0006381620931716656,1.0,0.0125
0x962e12ec37aea36d52dc5ae7e9df25411e892ed11a72e986ac9fab7fadacda2d,3,0xb0a6f90f11c5ae94e30476a7534191194492a91b,0xc9f27a50f82571c1c8423a42970613b8dbda14ef,2021-12-03 14:21:20+00:00,250977,115670513046,1511677,165728,0.0,282,2.0,162,1532,1568,0.9770408163265306,80,273,284,0.9612676056338029,47,334,2150078,19,0x962e12ec37aea36d52dc5ae7e9df25411e892ed11a72e986ac9fab7fadacda2d,1,1,6,904,92,585385,37,4,5.0,1.0,1,2,0,1.2896195873780052,-0.20163820521653422,-0.2003184545296092,-0.47517688795824087,-0.41643915930281156,-0.41327438736131256,-0.623622683974119,-1.3203751074619652,-0.735485061266457,-0.8413813965306152,-1.135254569361523,0.032090062313951354,-0.650992517235664,-0.6307379836403545,-0.544323497744461,-0.4772616484001299,-0.47458365712723694,-2.084949081753878,-0.16768872326012685,-2.120833523049833,-0.07474350927519333,-1.796432039815626,0.03574421898390683,1.389223546853709,-1.3091300574660463,1.5897776725185433,0.0,-0.3903777788390206,0.5,0.8602150537634409,1.7345132743362832,0.002617076595613834,0.14029850746268657,7.675675675675675,0.00012697207870036403,0.0035211267605633804,0.0006377551020408163,1.0,0.0125
0x79e6bca118fe1fc3f5779027ba1611d75437c8997312e29a8520b41a91156dab,3,0x311df2479cb6091b26e82390eb472c125df6d4da,0xc9f27a50f82571c1c8423a42970613b8dbda14ef,2021-12-03 14:31:22+00:00,152878,89308504585,5711244,101351,0.0,24,2.0,161,1533,1569,0.9770554493307839,80,31,31,1.0,6,22,139084,20,0x79e6bca118fe1fc3f5779027ba1611d75437c8997312e29a8520b41a91156dab,3,3,6,904,92,585433,16,4,5.0,1.0,1,2,0,1.2896195873780052,-0.19686067764789186,-0.19565084005513286,-0.47517688795824087,-0.6700864009269075,-0.6580463421074977,-0.9604446546802812,-1.301108933714952,0.047871808721485366,0.19950280536292936,-1.135254569361523,0.032090062313951354,-0.650992517235664,-0.6300012866277036,-0.6710897365143497,-1.0977161536931066,-1.1269484644314731,-2.084949081753878,-0.16768872326012685,-2.120833523049833,-0.07474350927519333,-1.796432039815626,-0.09817413823945206,0.477212071565868,-0.6977181930176876,-0.2516218279089906,0.0,-0.6438790589800276,0.5,0.8602150537634409,1.7356194690265487,0.0026185701547911462,0.2608695652173913,1.9375,0.0002228852859762016,0.0967741935483871,0.0019120458891013384,1.0,0.0375
0xc3fb406affcb717f6b88d9c9044cd75d3d02d0c022d4b2ed6e2ecb04f256d232,2,0x90abcf1598ed3077861bcfb3b11efcd1d7277223,0xc9f27a50f82571c1c8423a42970613b8dbda14ef,2021-12-03 18:48:33+00:00,140944,98596792925,3892111,88865,0.0,4244,2.0,160,1534,1570,0.9770700636942675,80,4216,4275,0.9861988304093567,404,486,3143300,21,0xc3fb406affcb717f6b88d9c9044cd75d3d02d0c022d4b2ed6e2ecb04f256d232,2,2,8,904,92,586529,1000,7,5.0,3.0,1,3,0,-0.5674326184463218,-0.19208315007924948,-0.19098322558065656,-0.47517688795824087,3.71633387261376,3.447930637903608,2.309193012174658,-1.281842759967939,-0.3438066262724858,-0.32093929558384293,-0.10580458203117477,0.032090062313951354,-0.650992517235664,-0.6131800381721746,5.268814022989004,-0.17498894069329513,-0.15238325342621742,0.46804979386311524,-0.16768872326012685,0.4498737776166314,-0.07474350927519333,0.4336215268520482,-0.11446565675751612,0.7985466756569903,-0.9625644257863364,-0.6087635735998148,0.0,3.502537228597684,0.25,0.8602150537634409,1.7367256637168142,0.0026153819923959557,0.8295687885010267,4.275,0.0013412651222393273,0.00046783625730994154,0.0012738853503184713,1.0,0.025
0xfc960862c1c7b1cb88fd1d1d21b99df7c57ec963572c9e88008340ee1eee2ff3,2,0xcca89d02b1fcb375ba7296c4173ccdd84102cdfa,0xc9f27a50f82571c1c8423a42970613b8dbda14ef,2021-12-04 03:25:29+00:00,140926,86444637960,27016586,88853,0.0,392,2.0,159,1535,1571,0.9770846594525779,81,387,406,0.9532019704433498,96,460,2967418,22,0xfc960862c1c7b1cb88fd1d1d21b99df7c57ec963572c9e88008340ee1eee2ff3,4,4,8,904,93,588828,115,7,5.0,3.0,1,3,0,-0.5674326184463218,-0.1873056225106071,-0.18631561110618022,-0.3887810901476516,-0.2969524421741052,-0.29524206135722325,-0.22107935313016927,-1.2625765862209257,0.43955024371545653,0.7199449063097016,-0.10580458203117477,0.032090062313951354,-0.5530989056212785,-0.5778953208370823,-0.07347746802773172,-0.22669348280104318,-0.20943923024080943,0.46804979386311524,-0.16768872326012685,0.4498737776166314,-0.07474350927519333,0.4336215268520482,-0.11449022918363687,0.3781346727569768,2.4041108467213914,-0.6091068141050439,0.0,-0.28229583769363004,0.25,0.8617021276595744,1.7378318584070795,0.002606868887232117,0.20824295010845986,3.5304347826086957,0.0001304163651981739,0.009852216748768473,0.002546148949713558,1.0,0.04938271604938271
0x85107d8ecab6ae41b022b721d8b13e4b3ca5063fd4313b054139c193798148a2,2,0x7bc3591a7fb6cfc37ba21c3e0d9c8d6c057d7579,0xc9f27a50f82571c1c8423a42970613b8dbda14ef,2021-12-04 04:08:46+00:00,140944,99095753248,5609463,88865,0.0,814,2.0,158,1536,1572,0.9770992366412213,81,1117,1183,0.9442096365173288,206,305,1964073,23,0x85107d8ecab6ae41b022b721d8b13e4b3ca5063fd4313b054139c193798148a2,2,2,8,904,93,589025,204,7,5.0,3.0,1,3,0,-0.5674326184463218,-0.1825280949419647,-0.18164799663170392,-0.3887810901476516,0.46818179908866353,0.4564884083573453,0.6825893487644119,-1.2433104124739127,-0.3438066262724858,-0.32093929558384293,-0.10580458203117477,0.032090062313951354,-0.5530989056212785,-0.5748717935143275,0.46376992485417734,-0.5349320992126181,-0.5349235268546576,0.46804979386311524,-0.16768872326012685,0.4498737776166314,-0.07474350927519333,0.4336215268520482,-0.11446565675751612,0.8158085447957754,-0.712536413795072,-0.6087635735998148,0.0,0.13234579106414116,0.25,0.8617021276595744,1.738938053097345,0.002607694736734881,0.673202614379085,5.799019607843137,0.0005687158426820985,0.0016906170752324597,0.001272264631043257,1.0,0.024691358024691357
0x3b6aa4e5fe5652d1b5423a62a40e8b1ad6d251e8fd4f3d0ea7f40fb7ddd3e0cf,2,0x8886dca35291f05ed5d8e21f083998ea8dceb50f,0xc9f27a50f82571c1c8423a42970613b8dbda14ef,2021-12-04 07:40:15+00:00,140890,204711673928,11822532,93629,0.0,455,2.0,157,1537,1573,0.9771137952956135,81,454,476,0.9537815126050421,104,643,4151437,24,0x3b6aa4e5fe5652d1b5423a62a40e8b1ad6d251e8fd4f3d0ea7f40fb7ddd3e0cf,2,2,8,904,93,589871,123,7,5.0,3.0,1,3,0,-0.5674326184463218,-0.17775056737332232,-0.17698038215722758,-0.3887810901476516,-0.22672779263354972,-0.22751859561717205,-0.15535799299238154,-1.2240442387268995,-0.3438066262724858,-0.32093929558384293,-0.10580458203117477,0.032090062313951354,-0.5530989056212785,-0.5618875086663553,-0.02518556754396462,0.1372269481881066,0.17465556406467056,0.46804979386311524,-0.16768872326012685,0.4498737776166314,-0.07474350927519333,0.4336215268520482,-0.1145393740358784,4.469662604350862,0.1920197228819472,-0.4724970930238829,0.0,-0.22039436231036086,0.25,0.8617021276595744,1.7400442477876106,0.0026056500393305667,0.16149068322981366,3.869918699186992,0.0001093596965677917,0.004201680672268907,0.0012714558169103624,1.0,0.024691358024691357
0x81bea9725e53222a944da1f09c7b1ccf1c992bb47f12e59bc6b2e4f0719c1c4f,2,0x7da1c8e4db73d8516feb42384b2dfd1ad2063919,0xc9f27a50f82571c1c8423a42970613b8dbda14ef,2021-12-04 11:21:15+00:00,140944,99493187266,7207622,88865,0.0,37,2.0,156,1538,1574,0.97712833545108,81,40,42,0.9523809523809523,10,455,2938114,25,0x81bea9725e53222a944da1f09c7b1ccf1c992bb47f12e59bc6b2e4f0719c1c4f,2,2,8,904,93,590837,17,7,5.0,3.0,1,3,0,-0.5674326184463218,-0.17297303980467993,-0.17231276768275125,-0.3887810901476516,-0.6606532390483254,-0.6474040832054896,-0.9275839746113873,-1.2047780649798865,-0.3438066262724858,-0.32093929558384293,-0.10580458203117477,0.032090062313951354,-0.5530989056212785,-0.5470614812867558,-0.6650532489538787,-0.2366366639756101,-0.21894542385115504,0.46804979386311524,-0.16768872326012685,0.4498737776166314,-0.07474350927519333,0.4336215268520482,-0.11446565675751612,0.82955804288967,-0.47986162282854516,-0.6087635735998148,0.0,-0.6311057386628451,0.25,0.8617021276595744,1.741150442477876,0.0026030824016058545,0.021929824561403508,2.4705882352941178,1.3614170990584099e-05,0.047619047619047616,0.0012706480304955528,1.0,0.024691358024691357
0xd45ef0c623c0ef9a3a66ff1057573437bd3619fde3178b0268c6f1b63c022165,3,0xf2e563f6fbf25cf23dbe57d25287e10339ad3b6f,0xc9f27a50f82571c1c8423a42970613b8dbda14ef,2021-12-04 14:16:39+00:00,284203,105675272734,18666154,183079,0.0,1328,,155,1539,1575,0.9771428571428571,81,1290,1377,0.9368191721132898,166,272,1746698,26,0xd45ef0c623c0ef9a3a66ff1057573437bd3619fde3178b0268c6f1b63c022165,1,1,12,905,93,591573,233,7,6.0,3.0,1,3,0,1.2896195873780052,-0.16819551223603754,-0.16764515320827494,-0.3887810901476516,0.6495081329769635,0.6441791562654873,0.3539825480754733,-1.1855118912328733,-0.735485061266457,-0.8413813965306152,1.9530953926295218,0.040609547884026966,-0.5530989056212785,-0.5357654604261086,0.6388280641078331,-0.6005570949647598,-0.6054397989010974,0.46804979386311524,1.718809413416307,0.4498737776166314,-0.07474350927519333,0.4336215268520482,0.08110218733326129,1.043431462146297,1.1883776061112912,2.0860748397043105,0.0,0.6373832251435118,0.25,0.8617021276595744,1.7403314917127073,0.002601534212118856,0.608058608058608,5.909871244635193,0.0007385359469490736,0.0007262164124909223,0.0006349206349206349,1.0,0.012345679012345678
0x857719af372ba319999532d14d80214f181debd8cc91aeb4355f78dd8f5ad32e,2,0xf2e563f6fbf25cf23dbe57d25287e10339ad3b6f,0xc9f27a50f82571c1c8423a42970613b8dbda14ef,2021-12-04 14:19:23+00:00,140908,115188735271,11660821,88841,0.0,1329,,154,1540,1576,0.9771573604060914,81,1291,1378,0.9368650217706821,166,272,1746709,27,0x857719af372ba319999532d14d80214f181debd8cc91aeb4355f78dd8f5ad32e,2,1,8,905,93,591584,233,7,5.0,3.0,1,3,0,-0.5674326184463218,-0.16341798466739516,-0.1629775387337986,-0.3887810901476516,0.6505562620745837,0.645146634347488,0.3539825480754733,-1.1662457174858603,-0.3438066262724858,-0.8413813965306152,-0.10580458203117477,0.040609547884026966,-0.5530989056212785,-0.5355966340273761,0.6388280641078331,-0.6005570949647598,-0.6054362305101025,0.46804979386311524,-0.16768872326012685,0.4498737776166314,-0.07474350927519333,0.4336215268520482,-0.11451480160975763,1.372556119560046,0.16847633757298358,-0.6094500546102729,0.0,0.6383657882448335,0.25,0.8617021276595744,1.7414364640883977,0.0026031762130547596,0.608058608058608,5.914163090128755,0.0007391038008599023,0.001451378809869376,0.0012690355329949238,2.0,0.012345679012345678
0xa9249fcba0cf4d859b3c098772ba5975c9a6fd0554936d02e1fa2951cfd9530f,3,0x3b6d869f5f01fd22d9b9bd29fbb2ec3e284306bc,0xc9f27a50f82571c1c8423a42970613b8dbda14ef,2021-12-04 21:03:12+00:00,152896,94158838930,13918057,101363,0.0,57,2.0,153,1541,1577,0.9771718452758402,81,69,69,1.0,24,261,1680862,28,0xa9249fcba0cf4d859b3c098772ba5975c9a6fd0554936d02e1fa2951cfd9530f,5,5,6,905,93,593342,23,4,5.0,1.0,1,2,0,1.2896195873780052,-0.15864045709875277,-0.1583099242593223,-0.3887810901476516,-0.6302574952173386,-0.6212821749914699,-0.8125715943702588,-1.146979543738847,0.8312286787094276,1.240387007256474,-1.135254569361523,0.040609547884026966,-0.5530989056212785,-0.5086151059390367,-0.6288343235910534,-0.6224320935488071,-0.6267969434046026,-2.084949081753878,-0.16768872326012685,-2.120833523049833,-0.07474350927519333,-1.796432039815626,-0.09814956581333131,0.64501266188003,0.4971056632296419,-0.2512785874037616,0.0,-0.6114544766364105,0.5,0.8617021276595744,1.7425414364640883,0.0025971486981391876,0.0916030534351145,3.0,4.105034140200599e-05,0.07246376811594203,0.0031705770450221942,1.0,0.06172839506172839
0x06e64db0afb9db48d30f8093d7eab1e6d4e9a56c2e733b6f10ee780afbfc51db,3,0xf7200f7a475b53446a10421dea95299fa9319a85,0xc9f27a50f82571c1c8423a42970613b8dbda14ef,2021-12-05 00:50:48+00:00,287701,106051274534,6353791,185411,0.0,1923,2.0,152,1542,1578,0.9771863117870723,82,1853,2138,0.8666978484565014,359,1364,8498380,29,0x06e64db0afb9db48d30f8093d7eab1e6d4e9a56c2e733b6f10ee780afbfc51db,1,1,13,906,94,594324,310,7,6.0,3.0,1,3,0,1.2896195873780052,-0.15386292953011038,-0.15364230978484597,-0.3023852923370624,1.2396048149371537,1.3804299766680441,1.9395103613996023,-1.127713369991834,-0.735485061266457,-0.8413813965306152,2.467820386294696,0.049129033454102584,-0.455205294006893,-0.4935435128885536,1.1036376062640914,1.5710336735606585,1.5848003146494554,0.46804979386311524,1.718809413416307,0.4498737776166314,-0.07474350927519333,0.4336215268520482,0.0858774288093957,1.0564394981931786,-0.6041702488449432,2.152777911220489,0.0,1.2220082704299426,0.23076923076923078,0.8631578947368421,1.7417218543046358,0.0025945400243974257,0.263003663003663,6.896774193548387,0.0002180415304985738,0.0004677268475210477,0.0006337135614702154,1.0,0.012195121951219513
0xd984e558949fb8b51d0f64cc5b2078d2e47f735386bde02674239e232934e415,3,0xd8047842874e3be4a1155ad052dbd5395d3a154f,0xc9f27a50f82571c1c8423a42970613b8dbda14ef,2021-12-05 02:27:37+00:00,126840,91278527699,8082232,84263,0.0,24,2.0,151,1543,1579,0.9772007599746675,82,27,28,0.9642857142857143,8,86,546783,30,0xd984e558949fb8b51d0f64cc5b2078d2e47f735386bde02674239e232934e415,3,3,6,906,94,594726,13,4,5.0,1.0,1,2,0,1.2896195873780052,-0.149085401961468,-0.14897469531036964,-0.3023852923370624,-0.6742789173173884,-0.6609487763534998,-0.9440143146458342,-1.1084471962448208,0.047871808721485366,0.19950280536292936,-1.135254569361523,0.049129033454102584,-0.455205294006893,-0.48737367540760224,-0.6891991991957623,-0.9704434346586498,-0.9946912425933524,-2.084949081753878,-0.16768872326012685,-2.120833523049833,-0.07474350927519333,-1.796432039815626,-0.13371951775791627,0.5453663508275678,-0.3525277975162739,-0.7403963073551546,0.0,-0.6438790589800276,0.5,0.8631578947368421,1.7428256070640176,0.002594467713757741,0.09195402298850575,2.1538461538461537,4.937964534441388e-05,0.10714285714285714,0.0018999366687777073,1.0,0.036585365853658534
0x86eb56b53e80d2d8b9926d087b806b8ca572b7ca48bacca6f256253367f501e0,2,0x4b5c73e1bc32cea2f77a0ce104e3e9c81b0c850f,0xc9f27a50f82571c1c8423a42970613b8dbda14ef,2021-12-05 05:32:13+00:00,140926,77216090863,12217601,88853,0.0,236,2.0,150,1544,1580,0.9772151898734177,82,236,240,0.9833333333333333,98,1572,9580274,31,0x86eb56b53e80d2d8b9926d087b806b8ca572b7ca48bacca6f256253367f501e0,2,2,8,906,94,595538,74,7,5.0,3.0,1,3,0,-0.5674326184463218,-0.14430787439282564,-0.14430708083589333,-0.3023852923370624,-0.4552199359147601,-0.4558434229693447,-0.20464901309572234,-1.0891810224978078,-0.3438066262724858,-0.32093929558384293,-0.10580458203117477,0.049129033454102584,-0.455205294006893,-0.4749112176102578,-0.32097345800703814,1.984670010422643,1.9357658425593394,0.46804979386311524,-0.16768872326012685,0.4498737776166314,-0.07474350927519333,0.4336215268520482,-0.11449022918363687,0.05886685728875342,0.2495375274260225,-0.6091068141050439,0.0,-0.4355756814998203,0.25,0.8631578947368421,1.7439293598233996,0.002592609384104148,0.062301335028607754,3.2432432432432434,2.4633948399184784e-05,0.008333333333333333,0.0012658227848101266,1.0,0.024390243902439025
0x75925ac1d19e0301f3536cd1014962b6a7d54b80c84a2edc98c39409ceb6f604,3,0xbee69512353f6978e317cacde4d055b4a6ecfe50,0xc9f27a50f82571c1c8423a42970613b8dbda14ef,2021-12-05 09:23:45+00:00,287701,80122806861,11155764,185411,0.0,299,2.0,149,1545,1581,0.9772296015180265,82,390,394,0.9898477157360406,168,1450,9002296,32,0x75925ac1d19e0301f3536cd1014962b6a7d54b80c84a2edc98c39409ceb6f604,1,1,13,907,94,596562,83,7,6.0,3.0,1,3,0,1.2896195873780052,-0.13953034682418325,-0.139639466361417,-0.3023852923370624,-0.2938080548812445,-0.30685179834123205,0.37041288810992024,-1.0699148487507946,-0.735485061266457,-0.8413813965306152,2.467820386294696,0.057648519024178196,-0.455205294006893,-0.45919501467370516,-0.26664506996280013,1.7420563897632098,1.748270252519743,0.46804979386311524,1.718809413416307,0.4498737776166314,-0.07474350927519333,0.4336215268520482,0.0858774288093957,0.15942665907701933,0.09494546117008425,2.152777911220489,0.0,-0.37367420611655117,0.23076923076923078,0.8631578947368421,1.743109151047409,0.0025898354406827108,0.11578221915920055,4.746987951807229,4.332227652564673e-05,0.0025380710659898475,0.0006325110689437065,1.0,0.012195121951219513
0x0423395a552708a8b4cc70dbfc57df9b5852821d830f48cc4f76475973194b31,3,0x676f3d2c9f5776e09d23986adc6684fb41e9000e,0xc9f27a50f82571c1c8423a42970613b8dbda14ef,2021-12-05 10:44:40+00:00,126822,60185134660,15110637,84251,0.0,977,2.0,148,1546,1582,0.97724399494311,82,925,1035,0.893719806763285,222,1406,8752388,33,0x0423395a552708a8b4cc70dbfc57df9b5852821d830f48cc4f76475973194b31,5,5,6,907,94,596929,226,4,5.0,1.0,1,2,0,1.2896195873780052,-0.13475281925554086,-0.1349718518869407,-0.3023852923370624,0.26694101234557915,0.313301652221237,0.8140320690399874,-1.0506486750037816,0.8312286787094276,1.240387007256474,-1.135254569361523,0.057648519024178196,-0.455205294006893,-0.45356235209781176,0.5965726511845368,1.6545563954270206,1.6672003019063713,-2.084949081753878,-0.16768872326012685,-2.120833523049833,-0.07474350927519333,-1.796432039815626,-0.13374409018403702,-0.5303305673019919,0.6707325064979655,-0.7407395478603837,0.0,0.2925035765795836,0.5,0.8631578947368421,1.7442116868798236,0.002589918415894661,0.15778251599147122,4.579646017699115,0.00010568543057215579,0.004830917874396135,0.0031605562579013905,1.0,0.06097560975609756
0xe6309d2f5ecb6c28233c59949a1301ea32a0688bf4e7bd62a8f4f299f53f101e,2,0x201a33bc9058237f2e1abd7e0154419d2e6ddbd6,0xc9f27a50f82571c1c8423a42970613b8dbda14ef,2021-12-05 14:50:28+00:00,140908,81441917540,13316621,88841,0.0,317,2.0,147,1547,1583,0.9772583701831965,82,300,326,0.9202453987730062,94,372,2398084,34,0xe6309d2f5ecb6c28233c59949a1301ea32a0688bf4e7bd62a8f4f299f53f101e,2,2,8,907,94,597990,97,7,5.0,3.0,1,3,0,-0.5674326184463218,-0.12997529168689848,-0.13030423741246436,-0.3023852923370624,-0.3881396736670653,-0.3726403079172818,-0.2375096931646162,-1.0313825012567686,-0.3438066262724858,-0.32093929558384293,-0.10580458203117477,0.057648519024178196,-0.455205294006893,-0.4372782785473407,-0.1821342441162077,-0.4016934714734212,-0.39413071375679704,0.46804979386311524,-0.16768872326012685,0.4498737776166314,-0.07474350927519333,0.4336215268520482,-0.11451480160975763,0.20506218332785633,0.40954303924808305,-0.6094500546102729,0.0,-0.35598807029276,0.25,0.8631578947368421,1.7453142227122382,0.002586995456453358,0.2520107238605898,3.3608247422680413,0.0001250998192307612,0.006134969325153374,0.0012634238787113076,1.0,0.024390243902439025
0x0d0fdc9a0b2a876812fdd3cb62e0bccb2d043daeb5fd2c79abbd8f47294354af,2,0xcd95fb5a616a4e01b32cbdfb5fc68a5ab792e270,0xc9f27a50f82571c1c8423a42970613b8dbda14ef,2021-12-05 15:20:33+00:00,140926,126581382224,2476322,88853,0.0,109,2.0,146,1548,1584,0.9772727272727273,82,117,119,0.9831932773109243,32,180,1150732,35,0x0d0fdc9a0b2a876812fdd3cb62e0bccb2d043daeb5fd2c79abbd8f47294354af,2,2,8,907,94,598115,46,7,5.0,3.0,1,3,0,-0.5674326184463218,-0.1251977641182561,-0.12563662293798802,-0.3023852923370624,-0.5799472985315676,-0.5729082708914333,-0.7468502342324711,-1.0121163275097553,-0.3438066262724858,-0.32093929558384293,-0.10580458203117477,0.057648519024178196,-0.455205294006893,-0.4353597967435623,-0.489995109700223,-0.7835116285767915,-0.7987706814148575,0.46804979386311524,-0.16768872326012685,0.4498737776166314,-0.07474350927519333,0.4336215268520482,-0.11449022918363687,1.7666924301681841,-1.1686881028595864,-0.6091068141050439,0.0,-0.5603611953676804,0.25,0.8631578947368421,1.7464167585446526,0.0025881267178941877,0.17679558011049723,2.5869565217391304,0.00010167432410472281,0.01680672268907563,0.0012626262626262627,1.0,0.024390243902439025
0x4216cac8830f923bbead8508c270e71db3aa3c40eed63384679ef980d9594b36,3,0x34aeb158028a2e8f2cd8db5fd7fa88a47acdca40,0xc9f27a50f82571c1c8423a42970613b8dbda14ef,2021-12-05 15:25:01+00:00,126840,113495096098,9082485,84263,0.0,2892,2.0,145,1549,1585,0.9772870662460568,82,2747,2917,0.9417209461775797,318,560,3616105,36,0x4216cac8830f923bbead8508c270e71db3aa3c40eed63384679ef980d9594b36,5,4,6,907,94,598134,223,4,5.0,1.0,1,2,0,1.2896195873780052,-0.1204202365496137,-0.12096900846351172,-0.3023852923370624,2.17663222820964,2.134095402546614,1.6026883906934402,-0.9928501537627422,0.8312286787094276,0.7199449063097016,-1.135254569361523,0.057648519024178196,-0.455205294006893,-0.43506818750938797,0.5784631885031242,-0.027829859309704497,0.0009943015130212945,-2.084949081753878,-0.16768872326012685,-2.120833523049833,-0.07474350927519333,-1.796432039815626,-0.13371951775791627,1.3139635292777798,-0.20690170043291645,-0.7403963073551546,0.0,2.1741119156107014,0.5,0.8631578947368421,1.7475192943770672,0.002589716368378376,0.5668449197860963,13.080717488789238,0.000759656934835428,0.0017140898183064792,0.0031545741324921135,1.25,0.04878048780487805
0x4e8b83110c5dafe5380605b779c4602e7b757f5d65b23f28a4833534d9857ed1,3,0x47724a15a20dc3a1225bfb2a794e2bb5520340db,0xc9f27a50f82571c1c8423a42970613b8dbda14ef,2021-12-05 23:18:41+00:00,250959,101535049391,6434635,160916,0.0,85,2.0,144,1550,1586,0.9773013871374527,82,110,112,0.9821428571428571,25,217,1394678,37,0x4e8b83110c5dafe5380605b779c4602e7b757f5d65b23f28a4833534d9857ed1,1,1,6,908,94,600145,23,4,5.0,1.0,1,2,0,1.2896195873780052,-0.11564270898097131,-0.1163013939890354,-0.3023852923370624,-0.5872842022149092,-0.5796806174654384,-0.8043564243530353,-0.9735839800157291,-0.735485061266457,-0.8413813965306152,-1.135254569361523,0.06616800459425382,-0.455205294006893,-0.4042036522502011,-0.6288343235910534,-0.7099320878849962,-0.7196347987207077,-2.084949081753878,-0.16768872326012685,-2.120833523049833,-0.07474350927519333,-1.796432039815626,0.035719646557786075,0.9001976412234071,-0.5924002304669859,1.4521382299216952,0.0,-0.5839427097994019,0.5,0.8631578947368421,1.7466960352422907,0.0025827048751470476,0.11467889908256881,4.869565217391305,7.887119545070945e-05,0.008928571428571428,0.0006305170239596469,1.0,0.012195121951219513
0x4823d32a8ae5de6a01c8b56783108a1dfc61fe7a0f2ce75c27365a8339e5b50e,3,0x5d8a327f38a26aa925bb891b6df6a43873513224,0xc9f27a50f82571c1c8423a42970613b8dbda14ef,2021-12-06 14:43:22+00:00,284239,129503276898,4113502,178303,0.0,12,2.0,143,1551,1587,0.9773156899810964,83,17,17,1.0,3,88,558341,38,0x4823d32a8ae5de6a01c8b56783108a1dfc61fe7a0f2ce75c27365a8339e5b50e,1,1,12,909,95,604198,11,7,6.0,3.0,1,3,0,1.2896195873780052,-0.11086518141232894,-0.11163377951455906,-0.21598949452647312,-0.6847602082935907,-0.6715910352555079,-0.9850901647319515,-0.954317806268716,-0.735485061266457,-0.8413813965306152,1.9530953926295218,0.07468749016432942,-0.35731168239250755,-0.3419987982444903,-0.7012721743167041,-0.966466162188823,-0.9909418368552834,0.46804979386311524,1.718809413416307,0.4498737776166314,-0.07474350927519333,0.4336215268520482,0.08115133218550281,1.8677773484972535,-0.9303322732615436,1.9494651186231495,0.0,-0.6556698161958884,0.25,0.8645833333333334,1.7458745874587458,0.002567035033159605,0.033707865168539325,1.5454545454545454,3.0447288579401154e-05,0.058823529411764705,0.000630119722747322,1.0,0.012048192771084338
0x56bebbcdf7630a7de32305ee648310ceeebed3d64688bbbeba785c0c85a6b944,2,0x19e86826048a3458becdd6b0459db22753861906,0xc9f27a50f82571c1c8423a42970613b8dbda14ef,2021-12-06 15:49:05+00:00,140926,94000000000,8145069,88853,0.0,186,2.0,142,1552,1588,0.9773299748110831,83,194,200,0.97,73,303,1952011,39,0x56bebbcdf7630a7de32305ee648310ceeebed3d64688bbbeba785c0c85a6b944,3,3,8,909,95,604501,66,7,5.0,3.0,1,3,0,-0.5674326184463218,-0.10608765384368656,-0.10696616504008274,-0.21598949452647312,-0.4992413580148098,-0.494542546249374,-0.41002826352630894,-0.9350516325217029,0.047871808721485366,0.19950280536292936,-0.10580458203117477,0.07468749016432942,-0.35731168239250755,-0.3373483983521315,-0.3692653584908052,-0.5389093716824449,-0.5388364297801281,0.46804979386311524,-0.16768872326012685,0.4498737776166314,-0.07474350927519333,0.4336215268520482,-0.11449022918363687,0.6395175218911042,-0.3433794049971543,-0.6091068141050439,0.0,-0.48470383656590693,0.25,0.8645833333333334,1.7469746974697469,0.0025674025892387453,0.24013157894736842,3.0303030303030303,9.938463493052296e-05,0.015,0.001889168765743073,1.0,0.03614457831325301
0x4459ab39792ea925f48cbef65eef32eb679fecba418b27c995de8d28c7efeff4,2,0xfe57dc4b1291384a56e5d90fdc1340b7036f3767,0xc9f27a50f82571c1c8423a42970613b8dbda14ef,2021-12-07 00:40:31+00:00,140926,84906918579,22203653,88853,0.0,224,2.0,141,1553,1589,0.9773442416614223,84,252,252,1.0,72,275,1765272,40,0x4459ab39792ea925f48cbef65eef32eb679fecba418b27c995de8d28c7efeff4,2,2,8,909,96,606808,63,7,5.0,3.0,1,3,0,-0.5674326184463218,-0.10131012627504417,-0.10229855056560642,-0.1295936967158839,-0.4384498703528364,-0.44423368598533597,-0.41824343354353244,-0.9157854587746898,-0.3438066262724858,-0.32093929558384293,-0.10580458203117477,0.07468749016432942,-0.25941807077812207,-0.3019408981815973,-0.3873748211722179,-0.5945911862600197,-0.5994144085066612,0.46804979386311524,-0.16768872326012685,0.4498737776166314,-0.07474350927519333,0.4336215268520482,-0.11449022918363687,0.32493623291430496,1.703399478383886,-0.6091068141050439,0.0,-0.4473664387156811,0.25,0.865979381443299,1.7480748074807482,0.002559289661161914,0.2608695652173913,4.0,0.00014275412358315115,0.007936507936507936,0.0012586532410320957,1.0,0.023809523809523808
0xeb2c116fbc6e0f8a27022fa270d686ba9b9b9ac51dd6ded38794e5ce1861f2e6,3,0x676f3d2c9f5776e09d23986adc6684fb41e9000e,0xc9f27a50f82571c1c8423a42970613b8dbda14ef,2021-12-07 01:39:42+00:00,126822,75798950310,5761201,84251,0.0,982,2.0,140,1554,1590,0.9773584905660377,84,930,1040,0.8942307692307693,223,1408,8762539,41,0xeb2c116fbc6e0f8a27022fa270d686ba9b9b9ac51dd6ded38794e5ce1861f2e6,6,6,6,909,96,607080,227,4,5.0,1.0,1,2,0,1.2896195873780052,-0.09653259870640178,-0.0976309360911301,-0.1295936967158839,0.2721816578336803,0.31813904263124065,0.8222472390572109,-0.8965192850276766,1.2229071137033989,1.7608291082032461,-1.135254569361523,0.07468749016432942,-0.25941807077812207,-0.29776628177657555,0.6026091387450078,1.6585336678968474,1.6704932779962778,-2.084949081753878,-0.16768872326012685,-2.120833523049833,-0.07474350927519333,-1.796432039815626,-0.13374409018403702,0.009839923383326324,-0.6904449902060057,-0.7407395478603837,0.0,0.29741639208619225,0.5,0.865979381443299,1.7491749174917492,0.0025597902092142563,0.15826827537260468,4.581497797356828,0.00010613360966112566,0.0057692307692307696,0.0037735849056603774,1.0,0.07142857142857142
0x9f462991ae995ca6c35ad3e77577bbf58af6c92b834fb2208f4e2f67994bdf75,2,0x5f663a56bece3cd1c1e3a83e1d077559bc3cd622,0xc9f27a50f82571c1c8423a42970613b8dbda14ef,2021-12-07 06:39:21+00:00,140926,91325971704,8413997,88853,0.0,350,2.0,139,1555,1591,0.9773727215587681,84,371,375,0.9893333333333333,116,1475,9151322,42,0x9f462991ae995ca6c35ad3e77577bbf58af6c92b834fb2208f4e2f67994bdf75,2,2,8,909,96,608383,143,7,5.0,3.0,1,3,0,-0.5674326184463218,-0.0917550711377594,-0.09296332161665379,-0.1295936967158839,-0.3137225077360289,-0.32523388189924596,-0.056775952785699954,-0.8772531112806635,-0.3438066262724858,-0.32093929558384293,-0.10580458203117477,0.07468749016432942,-0.25941807077812207,-0.2777680274539895,0.09554418366545314,1.7917722956360442,1.7966141649199399,0.46804979386311524,-0.16768872326012685,0.4498737776166314,-0.07474350927519333,0.4336215268520482,-0.11449022918363687,0.5470077082020496,-0.3042263756771391,-0.6091068141050439,0.0,-0.3235634879491428,0.25,0.865979381443299,1.7502750275027503,0.0025559515043130656,0.07859078590785908,2.6223776223776225,4.0540586317410064e-05,0.005333333333333333,0.001257071024512885,1.0,0.023809523809523808
0x65cfb009d8bd6c4fd819f44031b48a5c7944fcef938ec342c5833d82f9b21867,2,0x5101a1b882f380839af06b233f5ddaee40941848,0xc9f27a50f82571c1c8423a42970613b8dbda14ef,2021-12-07 07:54:57+00:00,140926,75649868265,10951661,88853,0.0,29,2.0,138,1556,1592,0.9773869346733668,84,32,33,0.9696969696969697,15,226,1449630,43,0x65cfb009d8bd6c4fd819f44031b48a5c7944fcef938ec342c5833d82f9b21867,2,2,8,909,96,608713,23,7,5.0,3.0,1,3,0,-0.5674326184463218,-0.08697754356911701,-0.08829570714217745,-0.1295936967158839,-0.6690382718292872,-0.6561113859434962,-0.88650812452527,-0.8579869375336505,-0.3438066262724858,-0.32093929558384293,-0.10580458203117477,0.07468749016432942,-0.25941807077812207,-0.27270323549201453,-0.6288343235910534,-0.6920343617707757,-0.7018084149070402,0.46804979386311524,-0.16768872326012685,0.4498737776166314,-0.07474350927519333,0.4336215268520482,-0.11449022918363687,0.004682329416215493,0.06523025582403229,-0.6091068141050439,0.0,-0.638966243473419,0.25,0.865979381443299,1.7513751375137514,0.0025562086628531625,0.06607929515418502,1.434782608695652,2.207458311804866e-05,0.06060606060606061,0.001256281407035176,1.0,0.023809523809523808
0xb4b8bd21f86c49496996597c07c19527d332c96527d4c439280dd227ae301b09,2,0x0b45b1339270458c04a574025b7eff4acb494d31,0xc9f27a50f82571c1c8423a42970613b8dbda14ef,2021-12-07 09:07:57+00:00,140926,84830786716,9835790,88853,0.0,16,2.0,137,1557,1593,0.9774011299435028,84,22,22,1.0,9,235,1507297,44,0xb4b8bd21f86c49496996597c07c19527d332c96527d4c439280dd227ae301b09,2,2,8,909,96,608989,8,7,5.0,3.0,1,3,0,-0.5674326184463218,-0.08220001600047463,-0.08362809266770113,-0.1295936967158839,-0.6795195628054895,-0.6667536448455043,-0.9357991446286108,-0.8387207637866374,-0.3438066262724858,-0.32093929558384293,-0.10580458203117477,0.07468749016432942,-0.25941807077812207,-0.26846722766927184,-0.7193816369981167,-0.6741366356565551,-0.6831012873160014,0.46804979386311524,-0.16768872326012685,0.4498737776166314,-0.07474350927519333,0.4336215268520482,-0.11449022918363687,0.3223023997299419,-0.09722858066883819,-0.6091068141050439,0.0,-0.6517395637906015,0.25,0.865979381443299,1.7524752475247525,0.0025566922281154043,0.038135593220338986,2.75,1.4595653945006229e-05,0.09090909090909091,0.0012554927809165098,1.0,0.023809523809523808
0x9ea59b293bf4c480039b09fdcbf05b3a097c0cc01699fb92ca9a42f62ed8c18f,3,0x280a8675cf1d930c638f4f9eb9dbe75823801d5a,0xc9f27a50f82571c1c8423a42970613b8dbda14ef,2021-12-07 09:08:59+00:00,126840,78763210296,17524894,84263,0.0,3811,2.0,136,1558,1594,0.9774153074027604,84,3698,3892,0.9501541623843782,495,671,4333238,45,0x9ea59b293bf4c480039b09fdcbf05b3a097c0cc01699fb92ca9a42f62ed8c18f,2,2,6,909,96,608993,488,4,5.0,1.0,1,2,0,1.2896195873780052,-0.07742248843183225,-0.07896047819322481,-0.1295936967158839,3.17340300004648,3.0773865324973277,3.0567734837419938,-0.8194545900396243,-0.3438066262724858,-0.32093929558384293,-1.135254569361523,0.07468749016432942,-0.25941807077812207,-0.2684058362515509,2.1781323920279094,0.19290876276568142,0.2336316596336864,-2.084949081753878,-0.16768872326012685,-2.120833523049833,-0.07474350927519333,-1.796432039815626,-0.13371951775791627,0.11239049827476706,1.0222224038201182,-0.7403963073551546,0.0,3.077087405725374,0.5,0.865979381443299,1.7535753575357536,0.0025583174875286126,0.7366071428571429,7.975409836065574,0.0008534031933156699,0.0005138746145940391,0.0012547051442910915,1.0,0.023809523809523808
0x2a2e1a90c963be01a1f524df0a6476c11e831e3ed868e39d77c0b583271e11ee,2,0xab2c57668cb7ecd1cf27f360a89516b6a9987ef5,0xc9f27a50f82571c1c8423a42970613b8dbda14ef,2021-12-07 09:47:20+00:00,166558,75896331241,8550222,110741,0.0,373,2.0,135,1559,1595,0.9774294670846395,84,371,386,0.961139896373057,92,305,1961960,46,0x2a2e1a90c963be01a1f524df0a6476c11e831e3ed868e39d77c0b583271e11ee,4,4,8,909,96,609165,87,7,5.0,3.0,1,3,0,-0.5674326184463218,-0.07264496086318986,-0.07429286371874849,-0.1295936967158839,-0.3137225077360289,-0.3145916229972379,-0.2539400331990631,-0.8001884162926112,0.43955024371545653,0.7199449063097016,-0.10580458203117477,0.07468749016432942,-0.25941807077812207,-0.26576600528955185,-0.2424991197209166,-0.5349320992126181,-0.5356089823248548,0.46804979386311524,-0.16768872326012685,0.4498737776166314,-0.07474350927519333,0.4336215268520482,-0.07949909438767427,0.013208882416838617,-0.28439347832498885,0.01696386743273921,0.0,-0.30096453661874295,0.25,0.865979381443299,1.7546754675467546,0.0025592367269348586,0.3006535947712418,4.436781609195402,0.0001890965212866107,0.010362694300518135,0.0025078369905956114,1.0,0.047619047619047616
0xf18f4b2b4c501df5be810089a7c94c813a2ddc609359b912982e161b1713abc0,3,0xa000bce4ce3d1b3ac63c2e0488ce76fbdb9de764,0xc9f27a50f82571c1c8423a42970613b8dbda14ef,2021-12-07 16:37:16+00:00,284239,80728613831,25876189,178303,0.0,53,2.0,134,1560,1596,0.9774436090225563,84,61,64,0.953125,27,187,1197817,47,0xf18f4b2b4c501df5be810089a7c94c813a2ddc609359b912982e161b1713abc0,1,1,12,910,96,610916,16,7,6.0,3.0,1,3,0,1.2896195873780052,-0.06786743329454747,-0.06962524924427217,-0.1295936967158839,-0.6386425279983006,-0.6261195654014735,-0.7879260843185883,-0.780922242545598,-0.735485061266457,-0.8413813965306152,1.9530953926295218,0.08320697573440504,-0.25941807077812207,-0.23889191218222403,-0.6710897365143497,-0.7695911749323977,-0.783496345960888,0.46804979386311524,1.718809413416307,0.4498737776166314,-0.07474350927519333,0.4336215268520482,0.08115133218550281,0.18038496008305727,2.2380812879641874,1.9494651186231495,0.0,-0.6153847290416974,0.25,0.865979381443299,1.7538461538461538,0.0025535383693693252,0.14361702127659576,4.0,5.0925933656031216e-05,0.015625,0.0006265664160401002,1.0,0.011904761904761904
0x0053d092f307acabdac1845a0bdc33d1347d874415d2beb06f453c2eefbfb0c0,2,0xc84c19bbf07d0cb7cc430fc3c51173c4acd5dd9d,0xc9f27a50f82571c1c8423a42970613b8dbda14ef,2021-12-08 00:05:09+00:00,140944,71344428769,1602968,88865,0.0,1972,2.0,133,1561,1597,0.9774577332498434,85,1919,2008,0.9556772908366534,294,1582,9624632,48,0x0053d092f307acabdac1845a0bdc33d1347d874415d2beb06f453c2eefbfb0c0,4,4,8,910,97,612909,378,7,5.0,3.0,1,3,0,-0.5674326184463218,-0.06308990572590509,-0.06495763476979584,-0.04319789890529463,1.308781335380089,1.254657826007949,1.405524310280077,-0.7616560687985849,0.43955024371545653,0.7199449063097016,-0.10580458203117477,0.08320697573440504,-0.1615244591637366,-0.20830363830278123,1.514118760376112,2.0045563727717766,1.9501555414457614,0.46804979386311524,-0.16768872326012685,0.4498737776166314,-0.07474350927519333,0.4336215268520482,-0.11446565675751612,-0.14426725582948127,-1.29583906805753,-0.6087635735998148,0.0,1.2701538623947075,0.25,0.8673469387755102,1.754945054945055,0.0025468665872640356,0.18572331017056223,5.3121693121693125,0.00019938422587126179,0.00199203187250996,0.002504696305572949,1.0,0.047058823529411764
0x3f59cd48a7121c32fabf35f9e46ca5119af0504f3866ae15eb841d2b84ee7813,2,0x55fcf6b665c5d5c53367b60f651a03739dfa7501,0xc9f27a50f82571c1c8423a42970613b8dbda14ef,2021-12-08 01:56:44+00:00,166576,77271012900,2695123,105953,0.0,312,2.0,132,1562,1598,0.9774718397997497,85,366,367,0.997275204359673,99,284,1824732,49,0x3f59cd48a7121c32fabf35f9e46ca5119af0504f3866ae15eb841d2b84ee7813,2,2,8,910,97,613382,79,7,5.0,3.0,1,3,0,-0.5674326184463218,-0.05831237815726271,-0.06029002029531952,-0.04319789890529463,-0.31896315322413005,-0.3329737065552518,-0.19643384307849887,-0.7423898950515718,-0.3438066262724858,-0.32093929558384293,-0.10580458203117477,0.08320697573440504,-0.1615244591637366,-0.20104410315728377,-0.29079102020468367,-0.5766934601457993,-0.5801256331834579,0.46804979386311524,-0.16768872326012685,0.4498737776166314,-0.07474350927519333,0.4336215268520482,-0.07947452196155351,0.06076692222744297,-1.1368330265259632,-0.11998909415365083,0.0,-0.36090088579936863,0.25,0.8673469387755102,1.756043956043956,0.002546532916627947,0.3473684210526316,4.6455696202531644,0.00020057728993776074,0.005449591280653951,0.0012515644555694619,1.0,0.023529411764705882
0xeb0cbcded9b82a406550de22d8e18facb2f084a0bf1da2904bb391aa651be242,2,0xb18760f7d8fc72f40cc070595f6faab994e24991,0xc9f27a50f82571c1c8423a42970613b8dbda14ef,2021-12-08 02:37:10+00:00,140944,75317555847,350806,88865,0.0,379,2.0,131,1563,1599,0.9774859287054409,85,381,389,0.9794344473007712,83,292,1877334,50,0xeb0cbcded9b82a406550de22d8e18facb2f084a0bf1da2904bb391aa651be242,3,3,8,910,97,613541,118,7,5.0,3.0,1,3,0,-0.5674326184463218,-0.05353485058862033,-0.0556224058208432,-0.04319789890529463,-0.30324121675982657,-0.3116891887512357,-0.32787656335407434,-0.7231237213045587,0.047871808721485366,0.19950280536292936,-0.10580458203117477,0.08320697573440504,-0.1615244591637366,-0.19860379430287764,-0.05536800534631906,-0.5607843702664921,-0.5630615874459682,0.46804979386311524,-0.16768872326012685,0.4498737776166314,-0.07474350927519333,0.4336215268520482,-0.11446565675751612,-0.006814242972986794,-1.4781404107939087,-0.6087635735998148,0.0,-0.2950691580108125,0.25,0.8673469387755102,1.7571428571428571,0.0025475028604398722,0.2832764505119454,3.2966101694915255,0.0002029472630084668,0.007712082262210797,0.001876172607879925,1.0,0.03529411764705882
0xa4f21f2adae071e3823a378a1b0858f7c2d2bb40e2f154143453aeedfc239bd8,2,0x056829e3842cfc9b433b9c90c1dcac2a1b72603c,0xc9f27a50f82571c1c8423a42970613b8dbda14ef,2021-12-08 03:03:35+00:00,140944,88518550441,11729133,88865,0.0,40,2.0,130,1564,1600,0.9775,85,50,50,1.0,23,296,1902947,51,0xa4f21f2adae071e3823a378a1b0858f7c2d2bb40e2f154143453aeedfc239bd8,5,5,8,910,97,613663,22,7,5.0,3.0,1,3,0,-0.5674326184463218,-0.04875732301997794,-0.05095479134636687,-0.04319789890529463,-0.6501719480721231,-0.6396642585494837,-0.8207867643874822,-0.7038575475575456,0.8312286787094276,1.240387007256474,-0.10580458203117477,0.08320697573440504,-0.1615244591637366,-0.19673135606238992,-0.6348708111515243,-0.5528298253268386,-0.5547527512139937,0.46804979386311524,-0.16768872326012685,0.4498737776166314,-0.07474350927519333,0.4336215268520482,-0.11446565675751612,0.4498830747883647,0.17842183130702718,-0.6087635735998148,0.0,-0.6281580493588799,0.25,0.8673469387755102,1.7582417582417582,0.0025486259581790687,0.07744107744107744,2.272727272727273,2.6275021703167927e-05,0.1,0.003125,1.0,0.058823529411764705
0xda4ab8b5a7e05d4f66a68ec954153f99cf7b6f31c220f954a38c61545940ca75,2,0xc0810e5f17915dfe97b57947a3d84094572689ac,0xc9f27a50f82571c1c8423a42970613b8dbda14ef,2021-12-08 03:10:32+00:00,166594,83650164022,7781305,105965,0.0,1099,2.0,127,1565,1601,0.9775140537164272,85,1093,1114,0.981149012567325,233,952,6090357,52,0xda4ab8b5a7e05d4f66a68ec954153f99cf7b6f31c220f954a38c61545940ca75,2,2,8,910,97,613690,128,7,5.0,3.0,1,3,0,-0.5674326184463218,-0.043979795451335554,-0.04628717687189055,-0.04319789890529463,0.443026700745778,0.3897324206992948,0.9043989392294455,-0.6845913738105325,-0.3438066262724858,-0.32093929558384293,-0.10580458203117477,0.08320697573440504,-0.1615244591637366,-0.1963169639927738,0.004996870258389821,0.7517155447763431,0.8036396247721265,0.46804979386311524,-0.16768872326012685,0.4498737776166314,-0.07474350927519333,0.4336215268520482,-0.07944994953543276,0.281457960790239,-0.39633953766302027,-0.11964585364842178,0.0,0.41237627494083495,0.25,0.8673469387755102,1.7593406593406593,0.0025501433131657463,0.24449108079748164,8.703125,0.00017946399866805858,0.0017953321364452424,0.0012492192379762648,1.0,0.023529411764705882
0x6f9f0ff42fed977df6aae42066176745bc6f3af55a1499e7c4b4ab7f3f1da871,3,0xb3331bf4f89be0d192fbae786b1b5282f5982e69,0xc9f27a50f82571c1c8423a42970613b8dbda14ef,2021-12-08 03:11:09+00:00,250959,70470376516,2725074,165716,0.0,32,2.0,126,1566,1602,0.9775280898876404,85,50,51,0.9803921568627451,18,312,2004780,53,0x6f9f0ff42fed977df6aae42066176745bc6f3af55a1499e7c4b4ab7f3f1da871,1,1,6,911,97,613693,13,4,5.0,1.0,1,2,0,1.2896195873780052,-0.039202267882693174,-0.04161956239741423,-0.04319789890529463,-0.6501719480721231,-0.638696780467483,-0.8618626144735996,-0.6653252000635194,-0.735485061266457,-0.8413813965306152,-1.135254569361523,0.09172646130448066,-0.1615244591637366,-0.1962709204294831,-0.6891991991957623,-0.5210116455682244,-0.5217182093793525,-2.084949081753878,-0.16768872326012685,-2.120833523049833,-0.07474350927519333,-1.796432039815626,0.035719646557786075,-0.17450568344839693,-1.1324724825098555,1.5894344320133142,0.0,-0.6360185541694537,0.5,0.8673469387755102,1.7585071350164654,0.0025517603235488697,0.05750798722044728,3.923076923076923,2.4940380021558464e-05,0.0196078431372549,0.0006242197253433209,1.0,0.011764705882352941
0x20c8d906939c8f08f4300637e1ade267ac47ff01c4e8b34ba098018c27149e92,2,0x78fd06a971d8bd1ccf3ba2e16cd2d5ea451933e2,0xc9f27a50f82571c1c8423a42970613b8dbda14ef,2021-12-08 03:13:27+00:00,140926,85101348433,11136522,88853,0.0,301,2.0,125,1567,1603,0.9775421085464754,85,327,329,0.993920972644377,111,485,3132415,54,0x20c8d906939c8f08f4300637e1ade267ac47ff01c4e8b34ba098018c27149e92,2,2,8,911,97,613704,108,7,5.0,3.0,1,3,0,-0.5674326184463218,-0.03442474031405079,-0.036951947922937906,-0.04319789890529463,-0.35984018803131906,-0.3697378736712796,-0.09785180287181729,-0.6460590263165062,-0.3438066262724858,-0.32093929558384293,-0.10580458203117477,0.09172646130448066,-0.1615244591637366,-0.1961020940307506,-0.11573288095102793,-0.1769775769282085,-0.15591433851523637,0.46804979386311524,-0.16768872326012685,0.4498737776166314,-0.07474350927519333,0.4336215268520482,-0.11449022918363687,0.3316626649404865,0.09214403257144173,-0.6091068141050439,0.0,-0.37170907991390767,0.25,0.8673469387755102,1.7596048298572997,0.0025533440333710823,0.22839506172839505,3.0462962962962963,0.00010439226462896372,0.0060790273556231,0.0012476606363069245,1.0,0.023529411764705882
0xe6c04644634c56584adec5ec2068ccc2056d00f833a81461a08286e146800375,2,0xb734ec7a75d65406fde5bcf9156cab673ba1e1c5,0xc9f27a50f82571c1c8423a42970613b8dbda14ef,2021-12-08 03:14:30+00:00,140926,72578890546,16460610,88853,0.0,2183,2.0,124,1568,1604,0.9775561097256857,85,2338,2374,0.9848357203032856,397,1264,7923183,55,0xe6c04644634c56584adec5ec2068ccc2056d00f833a81461a08286e146800375,2,2,8,911,97,613706,121,7,5.0,3.0,1,3,0,-0.5674326184463218,-0.029647212745408404,-0.032284333448461586,-0.04319789890529463,1.7479474272829658,1.6087548040202169,2.251686822054094,-0.6267928525694931,-0.3438066262724858,-0.32093929558384293,-0.10580458203117477,0.09172646130448066,-0.1615244591637366,-0.19607139832189016,-0.03725854266490639,1.3721700500693197,1.3982068787331996,0.46804979386311524,-0.16768872326012685,0.4498737776166314,-0.07474350927519333,0.4336215268520482,-0.11449022918363687,-0.10156021747563981,0.8672740806376193,-0.6091068141050439,0.0,1.4774746767735931,0.25,0.8673469387755102,1.7607025246981338,0.0025549651543814882,0.3138339920948617,19.619834710743802,0.0002950833907176711,0.0008424599831508003,0.0012468827930174563,1.0,0.023529411764705882
0xcff9cac2b49ebb211137d7404d81ff9b2d2e8f1606e3ca67e5f8204e5c589a68,2,0xdb952e1b416f8e1cedc0571f46710e0ec18beb52,0xc9f27a50f82571c1c8423a42970613b8dbda14ef,2021-12-08 03:39:20+00:00,93963,80018124190,17561850,88865,0.0,44,2.0,123,1569,1605,0.9775700934579439,85,46,46,1.0,32,139,889201,56,0xcff9cac2b49ebb211137d7404d81ff9b2d2e8f1606e3ca67e5f8204e5c589a68,9,8,8,911,97,613830,10,7,5.0,3.0,1,3,0,-0.5674326184463218,-0.02486968517676602,-0.027616718973985262,-0.04319789890529463,-0.654364464462604,-0.6435341708774867,-0.7468502342324711,-0.60752667882248,2.397942418685312,2.8017133100967904,-0.10580458203117477,0.09172646130448066,-0.1615244591637366,-0.19416826437254198,-0.707308661877175,-0.8650457142082403,-0.8836111237130863,0.46804979386311524,-0.16768872326012685,0.4498737776166314,-0.07474350927519333,0.4336215268520482,-0.17860105406748486,0.1558050914200245,1.0276028006235396,-0.6087635735998148,0.0,-0.624227796953593,0.25,0.8673469387755102,1.7618002195389681,0.002556078138771095,0.22857142857142856,4.6,5.173177748138218e-05,0.1956521739130435,0.005607476635514018,1.125,0.09411764705882353
0x8e0a144519e09dfa522eaf13fc18c88cfd494d9fdfc69cfa1698f622946af3fd,2,0x06e9925d3e8c642371232e7492c3916d6b855aaa,0xc9f27a50f82571c1c8423a42970613b8dbda14ef,2021-12-08 03:56:34+00:00,166594,76543970673,18054529,105965,0.0,362,2.0,122,1570,1606,0.9775840597758406,85,325,370,0.8783783783783784,73,290,1862396,57,0x8e0a144519e09dfa522eaf13fc18c88cfd494d9fdfc69cfa1698f622946af3fd,2,2,8,911,97,613901,90,7,5.0,3.0,1,3,0,-0.5674326184463218,-0.020092157608123634,-0.02294910449950894,-0.04319789890529463,-0.3619364462265595,-0.3300712723092496,-0.41002826352630894,-0.5882605050754669,-0.3438066262724858,-0.32093929558384293,-0.10580458203117477,0.09172646130448066,-0.1615244591637366,-0.19307856670799586,-0.22438965703950392,-0.5647616427363189,-0.5679074624170077,0.46804979386311524,-0.16768872326012685,0.4498737776166314,-0.07474350927519333,0.4336215268520482,-0.07944994953543276,0.0356144056798599,1.0993315731290272,-0.11964585364842178,0.0,-0.311772730733282,0.25,0.8673469387755102,1.7628979143798025,0.002557411443520301,0.2508591065292096,4.111111111111111,0.00017450629484476189,0.005405405405405406,0.0012453300124533001,1.0,0.023529411764705882
0xd62818964620a2726f697313a9b526789a0f083aaa503c0bfca2fafb8c64875d,2,0xa862ad3b430bb441c061ae8965c2df56559b3d2e,0xc9f27a50f82571c1c8423a42970613b8dbda14ef,2021-12-08 03:57:05+00:00,140944,84501037814,16935028,88865,0.0,272,2.0,121,1571,1607,0.9775980087118855,85,286,299,0.9565217391304348,82,922,5893404,58,0xd62818964620a2726f697313a9b526789a0f083aaa503c0bfca2fafb8c64875d,4,4,8,911,97,613904,49,7,5.0,3.0,1,3,0,-0.5674326184463218,-0.01531463003948125,-0.018281490025032616,-0.04319789890529463,-0.40281348103374853,-0.3987622161313016,-0.3360917333712978,-0.5689943313284538,0.43955024371545653,0.7199449063097016,-0.10580458203117477,0.09172646130448066,-0.1615244591637366,-0.19303252314470518,-0.47188564701881036,0.6920564577289415,0.7397482328072618,0.46804979386311524,-0.16768872326012685,0.4498737776166314,-0.07474350927519333,0.4336215268520482,-0.11446565675751612,0.31089451390696016,0.9363442476114673,-0.6087635735998148,0.0,-0.4002034098522379,0.25,0.8673469387755102,1.7639956092206366,0.00255902786261718,0.08884073672806067,6.1020408163265305,4.85288216234927e-05,0.013377926421404682,0.002489110143123833,1.0,0.047058823529411764
0x1ceaad0e485fbbf96a823d09f288b5f892c6e36008aaf3330a804579d9295e67,2,0x367191624fadb341c9206fa0c16f88b64b81b3ed,0xc9f27a50f82571c1c8423a42970613b8dbda14ef,2021-12-08 03:58:15+00:00,150341,82109441658,13577365,88865,0.0,155,2.0,120,1572,1608,0.9776119402985075,85,159,167,0.9520958083832335,45,150,953998,59,0x1ceaad0e485fbbf96a823d09f288b5f892c6e36008aaf3330a804579d9295e67,2,2,8,911,97,613907,30,7,5.0,3.0,1,3,0,-0.5674326184463218,-0.010537102470838867,-0.013613875550556294,-0.04319789890529463,-0.5359258764315179,-0.5264693229553982,-0.640053024008566,-0.5497281575814407,-0.3438066262724858,-0.32093929558384293,-0.10580458203117477,0.09172646130448066,-0.1615244591637366,-0.1929864795814145,-0.5865789106677572,-0.843170715624193,-0.8625910299590062,0.46804979386311524,-0.16768872326012685,0.4498737776166314,-0.07474350927519333,0.4336215268520482,-0.10163748518769478,0.2281556307238709,0.44750456603970773,-0.6087635735998148,0.0,-0.5151632927068807,0.25,0.8673469387755102,1.765093304061471,0.0025606442659160656,0.2980132450331126,5.566666666666666,0.0001666668413698547,0.011976047904191617,0.0012437810945273632,1.0,0.023529411764705882
0x1a59e611dc808ff785e30bec1375b3b97d5a8e34308c936109c88414a4476192,3,0xb2dcab83583e0451ed1a2bc98743997c38e10c47,0xc9f27a50f82571c1c8423a42970613b8dbda14ef,2021-12-08 04:13:50+00:00,250941,69389447061,6015283,165704,0.0,57,2.0,119,1573,1609,0.9776258545680547,85,60,61,0.9836065573770492,17,138,881588,60,0x1a59e611dc808ff785e30bec1375b3b97d5a8e34308c936109c88414a4476192,1,1,6,912,97,613981,18,4,5.0,1.0,1,2,0,1.2896195873780052,-0.005759574902196483,-0.008946261076079973,-0.04319789890529463,-0.6396906570959208,-0.6290219996474757,-0.8700777844908231,-0.5304619838344276,-0.735485061266457,-0.8413813965306152,-1.135254569361523,0.10024594687455626,-0.1615244591637366,-0.1918507383535777,-0.6590167613934078,-0.8670343504431537,-0.8860807746807208,-2.084949081753878,-0.16768872326012685,-2.120833523049833,-0.07474350927519333,-1.796432039815626,0.03569507413166531,-0.21190116749867544,-0.6534533790844858,1.5890911915080852,0.0,-0.6114544766364105,0.5,0.8673469387755102,1.7642543859649122,0.0025619643572612877,0.1223021582733813,3.388888888888889,6.805892541762658e-05,0.01639344262295082,0.0006215040397762585,1.0,0.011764705882352941
0x1d1d7314f2c77dded2eb95e8efb9fb33fbb5a78a5daca2d88494e1c0ba41372d,2,0x32b09ebb575d28df0428f79047b613a452c9bce8,0xc9f27a50f82571c1c8423a42970613b8dbda14ef,2021-12-08 04:14:52+00:00,140944,72789610359,8506764,88865,0.0,15,2.0,118,1574,1610,0.977639751552795,85,19,19,1.0,4,59,374625,61,0x1d1d7314f2c77dded2eb95e8efb9fb33fbb5a78a5daca2d88494e1c0ba41372d,6,4,8,912,97,613985,5,7,5.0,3.0,1,3,0,-0.5674326184463218,-0.0009820473335540988,-0.004278646601603649,-0.04319789890529463,-0.6826639500983502,-0.6696560790915065,-0.976874994714728,-0.5111958100874144,1.2229071137033989,0.7199449063097016,-0.10580458203117477,0.10024594687455626,-0.1615244591637366,-0.19178934693585678,-0.7374910996795294,-1.0241366130013112,-1.0505391568565887,0.46804979386311524,-0.16768872326012685,0.4498737776166314,-0.07474350927519333,0.4336215268520482,-0.11446565675751612,-0.09427022332322849,-0.29072049651643495,-0.6087635735998148,0.0,-0.6527221268919232,0.25,0.8673469387755102,1.7653508771929824,0.0025635763681908057,0.06666666666666667,3.8,5.071724866933956e-05,0.3157894736842105,0.0037267080745341614,1.5,0.047058823529411764
0x8abfbac3c38949bf85d508fb2cb828f55a520743e1e610961ef4e7dc5f2ebc7e,2,0xb2dcab83583e0451ed1a2bc98743997c38e10c47,0xc9f27a50f82571c1c8423a42970613b8dbda14ef,2021-12-08 04:20:02+00:00,140872,102300000000,1229582,93617,0.0,58,2.0,117,1575,1611,0.9776536312849162,85,61,62,0.9838709677419355,17,138,881611,62,0x8abfbac3c38949bf85d508fb2cb828f55a520743e1e610961ef4e7dc5f2ebc7e,2,1,8,912,97,614004,18,7,5.0,3.0,1,3,0,-0.5674326184463218,0.003795480235088285,0.0003889678728726731,-0.04319789890529463,-0.6386425279983006,-0.628054521565475,-0.8700777844908231,-0.4919296363404014,-0.3438066262724858,-0.8413813965306152,-0.10580458203117477,0.10024594687455626,-0.1615244591637366,-0.19149773770168246,-0.6590167613934078,-0.8670343504431537,-0.8860733134995497,0.46804979386311524,-0.16768872326012685,0.4498737776166314,-0.07474350927519333,0.4336215268520482,-0.11456394646199916,0.9266616238318839,-1.3502000606119802,-0.4728403335291119,0.0,-0.6104719135350887,0.25,0.8673469387755102,1.7664473684210527,0.002565125691158867,0.1223021582733813,3.4444444444444446,6.919143568826195e-05,0.03225806451612903,0.0012414649286157666,2.0,0.011764705882352941
0x79f3039b357ffe5a8375523175ea1046f20fc8fdcae58755d13741cd11d592b8,2,0xd3137fe7b703f4faccabc1660265ec53f89fa994,0xc9f27a50f82571c1c8423a42970613b8dbda14ef,2021-12-08 04:27:50+00:00,150341,64217967219,27450135,88865,0.0,102,2.0,116,1576,1612,0.9776674937965261,85,112,115,0.9739130434782609,44,450,2899964,63,0x79f3039b357ffe5a8375523175ea1046f20fc8fdcae58755d13741cd11d592b8,2,2,8,912,97,614041,36,7,5.0,3.0,1,3,0,-0.5674326184463218,0.00857300780373067,0.0050565823473489955,-0.04319789890529463,-0.5851879440196688,-0.5767781832194362,-0.6482681940257895,-0.47266346259338826,-0.3438066262724858,-0.32093929558384293,-0.10580458203117477,0.10024594687455626,-0.1615244591637366,-0.19092986708776405,-0.5503599853049319,-0.24657984515017703,-0.23132125261974243,0.46804979386311524,-0.16768872326012685,0.4498737776166314,-0.07474350927519333,0.4336215268520482,-0.10163748518769478,-0.39081200303312547,2.4672309261056995,-0.6087635735998148,0.0,-0.5672391370769325,0.25,0.8673469387755102,1.7675438596491229,0.0025665996788493293,0.0975609756097561,3.1944444444444446,3.862115577256967e-05,0.017391304347826087,0.0012406947890818859,1.0,0.023529411764705882
0x1c93d0bf565cae9ca0a5c62dd214b826065f0719651f6e09c8024bd52e471159,2,0x9ddea6c0bfa53bdf244ade7ba5ed7e227f6e58b4,0xc9f27a50f82571c1c8423a42970613b8dbda14ef,2021-12-08 04:28:47+00:00,200944,71853470317,7376112,88865,0.0,1057,2.0,115,1577,1613,0.9776813391196528,85,1056,1063,0.993414863593603,211,363,2337080,64,0x1c93d0bf565cae9ca0a5c62dd214b826065f0719651f6e09c8024bd52e471159,2,2,8,912,97,614042,133,7,5.0,3.0,1,3,0,-0.5674326184463218,0.013350535372373054,0.009724196821825319,-0.04319789890529463,0.4042459241338294,0.3403910385172575,0.7236651988505293,-0.45339728884637515,-0.3438066262724858,-0.32093929558384293,-0.10580458203117477,0.10024594687455626,-0.1615244591637366,-0.19091451923333383,0.03517930806074426,-0.4195911975876417,-0.4139203614160082,0.46804979386311524,-0.16768872326012685,0.4498737776166314,-0.07474350927519333,0.4336215268520482,-0.03255756968831527,-0.12665661990767352,-0.45533128790570576,-0.6087635735998148,0.0,0.3711086246853222,0.25,0.8673469387755102,1.768640350877193,0.0025682240494558197,0.5796703296703297,7.992481203007519,0.00045184569982811894,0.0018814675446848542,0.0012399256044637321,1.0,0.023529411764705882
0x80832cb2809c4cceffddb1cd91cb9336563c64814d39d58e9af8cee16a6691db,3,0x0975aa40a8c8a913a2b0d7ace0d5f7ee9b8337cc,0xc9f27a50f82571c1c8423a42970613b8dbda14ef,2021-12-08 04:36:17+00:00,250959,83322116594,6462434,165716,0.0,13,2.0,114,1578,1614,0.9776951672862454,85,17,17,1.0,7,93,592915,65,0x80832cb2809c4cceffddb1cd91cb9336563c64814d39d58e9af8cee16a6691db,1,1,6,913,97,614076,9,4,5.0,1.0,1,2,0,1.2896195873780052,0.01812806294101544,0.01439181129630164,-0.04319789890529463,-0.6847602082935907,-0.6715910352555079,-0.9522294846630577,-0.43413111509936203,-0.735485061266457,-0.8413813965306152,-1.135254569361523,0.10876543244463188,-0.1615244591637366,-0.1903926921827061,-0.7133451494376458,-0.956522981014256,-0.9797260595592115,-2.084949081753878,-0.16768872326012685,-2.120833523049833,-0.07474350927519333,-1.796432039815626,0.035719646557786075,0.2701089386086676,-0.5883529945448539,1.5894344320133142,0.0,-0.6546872530945667,0.5,0.8673469387755102,1.7677984665936473,0.0025697103132017647,0.07446808510638298,1.8888888888888888,2.8671852336587306e-05,0.058823529411764705,0.0006195786864931846,1.0,0.011764705882352941
0x9e934f97d10764e23abc4d0bd79922d95aa699e99efede09f3d1a1cb35b60623,2,0x23ed05aad698cd4be7c9c5f2c6f8c04ed1827793,0xc9f27a50f82571c1c8423a42970613b8dbda14ef,2021-12-08 04:44:35+00:00,140908,64472108954,23511187,93641,0.0,1715,2.0,113,1579,1615,0.9777089783281734,85,1760,1774,0.992108229988726,352,454,2931328,66,0x9e934f97d10764e23abc4d0bd79922d95aa699e99efede09f3d1a1cb35b60623,4,4,8,913,97,614115,406,7,5.0,3.0,1,3,0,-0.5674326184463218,0.022905590509657823,0.019059425770777964,-0.04319789890529463,1.1421288088584722,1.028267954819778,1.882004171279038,-0.4148649413523489,0.43955024371545653,0.7199449063097016,-0.10580458203117477,0.10876543244463188,-0.1615244591637366,-0.18979412585992722,1.6831404120692968,-0.2386253002105235,-0.22114679669581122,0.46804979386311524,-0.16768872326012685,0.4498737776166314,-0.07474350927519333,0.4336215268520482,-0.11451480160975763,-0.38201979818225235,1.8937623897910907,-0.4721538525186538,0.0,1.017635145355022,0.25,0.8673469387755102,1.768893756845564,0.002571175478248409,0.7736263736263737,4.369458128078818,0.0006004102575998805,0.002254791431792559,0.002476780185758514,1.0,0.047058823529411764
0x77ace02896c3cbdd9d93cbdbf958c46c69b5ed48785d28d123f393603fd731aa,2,0x99bcea6bb0403927fb3c038163478d5b42082fd9,0xc9f27a50f82571c1c8423a42970613b8dbda14ef,2021-12-08 06:01:33+00:00,140926,78607201767,5805988,88853,0.0,833,2.0,112,1580,1616,0.9777227722772277,85,1032,1036,0.9961389961389961,387,1407,8760172,67,0x77ace02896c3cbdd9d93cbdbf958c46c69b5ed48785d28d123f393603fd731aa,2,2,8,913,97,614461,280,7,5.0,3.0,1,3,0,-0.5674326184463218,0.027683118078300206,0.023727040245254287,-0.04319789890529463,0.3790908257909439,0.3142691303032377,2.1695351218818595,-0.3955987676053358,-0.3438066262724858,-0.32093929558384293,-0.10580458203117477,0.10876543244463188,-0.1615244591637366,-0.18448376822706863,0.9225429794499648,1.6565450316619341,1.669725425134017,0.46804979386311524,-0.16768872326012685,0.4498737776166314,-0.07474350927519333,0.4336215268520482,-0.11449022918363687,0.10699327791876621,-0.6839244838840328,-0.6091068141050439,0.0,0.1510144899892541,0.25,0.8673469387755102,1.7699890470974808,0.0025713551041398816,0.27485795454545453,3.7,0.00011780589264618405,0.0019305019305019305,0.0012376237623762376,1.0,0.023529411764705882
0x54f7cbae43e09f9d0e098c5ecac7def068c9ba51a9b7a5bda06e1a3ce6775093,2,0x043dccdadbb62817ff76816b409e908022c841a8,0xc9f27a50f82571c1c8423a42970613b8dbda14ef,2021-12-08 06:45:55+00:00,140944,67365777126,29262645,88865,0.0,86,2.0,111,1581,1617,0.9777365491651205,85,92,98,0.9387755102040817,27,319,2052554,68,0x54f7cbae43e09f9d0e098c5ecac7def068c9ba51a9b7a5bda06e1a3ce6775093,2,2,8,913,97,614657,52,7,5.0,3.0,1,3,0,-0.5674326184463218,0.03246064564694259,0.02839465471973061,-0.04319789890529463,-0.6061505259720734,-0.5932253106134486,-0.7879260843185883,-0.37633259385832274,-0.3438066262724858,-0.32093929558384293,-0.10580458203117477,0.10876543244463188,-0.1615244591637366,-0.1814755887587441,-0.4537761843373977,-0.5070911919238307,-0.5062203628894313,0.46804979386311524,-0.16768872326012685,0.4498737776166314,-0.07474350927519333,0.4336215268520482,-0.11446565675751612,-0.28191139474085986,2.7311129211855008,-0.6087635735998148,0.0,-0.5829601466980802,0.25,0.8673469387755102,1.7710843373493976,0.0025721620803764045,0.084375,1.8846153846153846,4.482218503280058e-05,0.02040816326530612,0.0012368583797155227,1.0,0.023529411764705882
0xefe92a9daeaa51005900006edff7143941c17bd5607804c3a0a929985fbfd574,2,0x8886dca35291f05ed5d8e21f083998ea8dceb50f,0xc9f27a50f82571c1c8423a42970613b8dbda14ef,2021-12-08 06:51:01+00:00,166576,99861006930,3557713,105953,0.0,462,2.0,110,1582,1618,0.9777503090234858,85,461,483,0.9544513457556936,105,647,4176234,69,0xefe92a9daeaa51005900006edff7143941c17bd5607804c3a0a929985fbfd574,3,3,8,913,97,614668,123,7,5.0,3.0,1,3,0,-0.5674326184463218,0.03723817321558497,0.033062269194206934,-0.04319789890529463,-0.2193908889502081,-0.22074624904316692,-0.14714282297515807,-0.3570664201113096,0.047871808721485366,0.19950280536292936,-0.10580458203117477,0.10876543244463188,-0.1615244591637366,-0.1813067623600116,-0.02518556754396462,0.14518149312776016,0.18269969056466168,0.46804979386311524,-0.16768872326012685,0.4498737776166314,-0.07474350927519333,0.4336215268520482,-0.07947452196155351,0.8422830124192411,-1.0112491841549498,-0.11998909415365083,0.0,-0.21351642060110873,0.25,0.8673469387755102,1.7721796276013144,0.0025737429413228907,0.16203703703703703,3.926829268292683,0.00011038650842205958,0.006211180124223602,0.001854140914709518,1.0,0.03529411764705882
0xb3b3fb6d413e8b7318a01b57af6318e310d6233db3ba4e93c7ce76c3078ddad3,2,0x7f4193f4bade69eaf86b5d5c478b8781eb4347c0,0xc9f27a50f82571c1c8423a42970613b8dbda14ef,2021-12-08 07:40:07+00:00,140944,64492833701,15594867,88865,0.0,105,,109,1583,1619,0.9777640518838789,85,121,122,0.9918032786885246,63,1404,8741522,70,0xb3b3fb6d413e8b7318a01b57af6318e310d6233db3ba4e93c7ce76c3078ddad3,6,6,8,913,97,614881,26,7,5.0,3.0,1,3,0,-0.5674326184463218,0.04201570078422736,0.03772988366868325,-0.04319789890529463,-0.5757547821410867,-0.570005836645431,-0.4921799636985436,-0.3378002463642965,1.2229071137033989,1.7608291082032461,-0.10580458203117477,0.10876543244463188,-0.1615244591637366,-0.1780376693663732,-0.6107248609096407,1.6505791229571938,1.663675380401798,0.46804979386311524,-0.16768872326012685,0.4498737776166314,-0.07474350927519333,0.4336215268520482,-0.11446565675751612,-0.3813028115719795,0.7412311953203675,-0.6087635735998148,0.0,-0.5642914477729672,0.25,0.8673469387755102,1.7732749178532312,0.0025744777046652853,0.044839857651245554,4.6923076923076925,1.3841981540287658e-05,0.04918032786885246,0.0037059913526868438,1.0,0.07058823529411765
0x48428bfd9ccc3e99ceaa8b880011dc6c501963560aeb463cf8ba48568b6fc09e,2,0x1ed09b8b375f1c7a59a78a16338597564ed3d87c,0xc9f27a50f82571c1c8423a42970613b8dbda14ef,2021-12-08 07:52:43+00:00,140944,70053418879,5537896,88865,0.0,29,2.0,108,1584,1620,0.9777777777777777,85,34,34,1.0,21,257,1647533,71,0x48428bfd9ccc3e99ceaa8b880011dc6c501963560aeb463cf8ba48568b6fc09e,2,2,8,913,97,614937,15,7,5.0,3.0,1,3,0,-0.5674326184463218,0.04679322835286974,0.04239749814315957,-0.04319789890529463,-0.6669420136340468,-0.6551439078614955,-0.8372171044219292,-0.3185340726172834,-0.3438066262724858,-0.32093929558384293,-0.10580458203117477,0.10876543244463188,-0.1615244591637366,-0.1771781895182805,-0.6771262240748205,-0.6303866384884607,-0.6376088437198908,0.46804979386311524,-0.16768872326012685,0.4498737776166314,-0.07474350927519333,0.4336215268520482,-0.11446565675751612,-0.188930614318724,-0.72295580058018,-0.6087635735998148,0.0,-0.638966243473419,0.25,0.8673469387755102,1.7743702081051478,0.00257586943724408,0.08139534883720931,2.2666666666666666,2.0636903396227332e-05,0.058823529411764705,0.0012345679012345679,1.0,0.023529411764705882
0xbd967b7a65f77f45f05b7e2b6c7d0b46e5b01ebc0097e1ccd3a1281f9df30454,2,0x71535aae1b6c0c51db317b54d5eee72d1ab843c1,0xc9f27a50f82571c1c8423a42970613b8dbda14ef,2021-12-08 08:23:47+00:00,93963,49976920265,1603961,88865,0.0,2641,2.0,107,1585,1621,0.9777914867365823,85,2579,2802,0.9204139900071378,618,1491,9248616,72,0xbd967b7a65f77f45f05b7e2b6c7d0b46e5b01ebc0097e1ccd3a1281f9df30454,2,2,8,913,97,615080,832,7,5.0,3.0,1,3,0,-0.5674326184463218,0.051570755921512126,0.0470651126176359,-0.04319789890529463,2.0005465398094415,2.02283542311653,4.06723939586048,-0.2992678988702703,-0.3438066262724858,-0.32093929558384293,-0.10580458203117477,0.10876543244463188,-0.1615244591637366,-0.17498344633475799,4.254684112829895,1.8235904753946586,1.8281762588704231,0.46804979386311524,-0.16768872326012685,0.4498737776166314,-0.07474350927519333,0.4336215268520482,-0.17860105406748486,-0.8834906341539455,-1.2956944979193712,-0.6087635735998148,0.0,1.9274885771789465,0.25,0.8673469387755102,1.7754654983570646,0.002576896376249632,0.41420911528150134,3.3677884615384617,0.00027885250302829063,0.0007137758743754461,0.0012338062924120913,1.0,0.023529411764705882
0x54cb6febadffc1b931bcfc5317235660382b3095c148b0fe0c538b4bc4aa41ac,3,0x0a0ae914771ec0a5851049864ccc27b1baa8cd43,0xc9f27a50f82571c1c8423a42970613b8dbda14ef,2021-12-08 08:55:36+00:00,250959,75000000000,6257972,165716,0.0,197,,106,1586,1622,0.9778051787916153,85,200,208,0.9615384615384616,55,179,1143826,73,0x54cb6febadffc1b931bcfc5317235660382b3095c148b0fe0c538b4bc4aa41ac,1,1,6,914,97,615217,70,4,5.0,1.0,1,2,0,1.2896195873780052,0.05634828349015451,0.05173272709211222,-0.04319789890529463,-0.49295258342908843,-0.4868027215933681,-0.5579013238363314,-0.28000172512325716,-0.735485061266457,-0.8413813965306152,-1.135254569361523,0.1172849180147075,-0.1615244591637366,-0.17288079027781686,-0.3451194082489217,-0.7855002648117049,-0.801010982161276,-2.084949081753878,-0.16768872326012685,-2.120833523049833,-0.07474350927519333,-1.796432039815626,0.035719646557786075,-0.017800301828752894,-0.6181204664363228,1.5894344320133142,0.0,-0.4738956424513679,0.5,0.8673469387755102,1.774617067833698,0.002577947979415427,0.3055555555555556,2.9714285714285715,0.00017485161654690788,0.004807692307692308,0.0006165228113440197,1.0,0.011764705882352941
0xa1bb80b91cbaed6a602cca9f23667378ae21320bb9996eda9f231ab8ac462d65,2,0xfc0ac081405ad9b335d6a2d5a0812a4959ad4372,0xc9f27a50f82571c1c8423a42970613b8dbda14ef,2021-12-08 09:21:13+00:00,140926,49219566519,13904092,88853,0.0,2447,2.0,105,1587,1623,0.977818853974122,85,2388,2486,0.9605792437650845,430,640,4134654,74,0xa1bb80b91cbaed6a602cca9f23667378ae21320bb9996eda9f231ab8ac462d65,2,2,8,914,97,615334,546,7,5.0,3.0,1,3,0,-0.5674326184463218,0.06112581105879689,0.05640034156658855,-0.04319789890529463,1.8003538821639773,1.7171123492042988,2.522787432622468,-0.26073555137624405,-0.3438066262724858,-0.32093929558384293,-0.10580458203117477,0.1172849180147075,-0.1615244591637366,-0.1710850913094803,2.528248670535221,0.13126103948336643,0.16921117260403618,0.46804979386311524,-0.16768872326012685,0.4498737776166314,-0.07474350927519333,0.4336215268520482,-0.11449022918363687,-0.9096917981595666,0.4950725091718494,-0.6091068141050439,0.0,1.7368713355225305,0.25,0.8673469387755102,1.775711159737418,0.0025790829385619217,0.6708268330733229,4.553113553113553,0.0005775572568932595,0.0008045052292839903,0.0012322858903265558,1.0,0.023529411764705882
0x931307c61664f43b1781418a8fdc85ff91b9b5dadb59b80f2a850e9a070707d1,2,0xbd097c5c62ac56f585a3e58bf5000fcaff2a9deb,0xc9f27a50f82571c1c8423a42970613b8dbda14ef,2021-12-08 09:28:29+00:00,140872,60000000000,3552520,93617,0.0,20,,104,1588,1624,0.9778325123152709,85,25,25,1.0,13,162,1035116,75,0x931307c61664f43b1781418a8fdc85ff91b9b5dadb59b80f2a850e9a070707d1,2,2,8,914,97,615371,10,7,5.0,3.0,1,3,0,-0.5674326184463218,0.06590333862743927,0.061067956041064866,-0.04319789890529463,-0.6763751755126288,-0.663851210599502,-0.9029384645597169,-0.24146937762923093,-0.3438066262724858,-0.32093929558384293,-0.10580458203117477,0.1172849180147075,-0.1615244591637366,-0.17051722069556188,-0.707308661877175,-0.8193070808052324,-0.8362764171660764,0.46804979386311524,-0.16768872326012685,0.4498737776166314,-0.07474350927519333,0.4336215268520482,-0.11456394646199916,-0.5367354258181137,-1.0120052291977077,-0.4728403335291119,0.0,-0.6478093113853146,0.25,0.8673469387755102,1.776805251641138,0.0025805529013344774,0.07975460122699386,2.5,2.4151859161814558e-05,0.08,0.0012315270935960591,1.0,0.023529411764705882
0x830e367ad0aba91e203b0a2dd82fb4fb27c941cd444fa8a1ea15ba43418a2b80,2,0x2742875fd862a91527dabe7020d963ef0c362346,0xc9f27a50f82571c1c8423a42970613b8dbda14ef,2021-12-08 09:49:08+00:00,166576,66061859690,11482322,105953,0.0,151,2.0,103,1589,1625,0.9778461538461538,85,146,157,0.9299363057324841,41,194,1243511,76,0x830e367ad0aba91e203b0a2dd82fb4fb27c941cd444fa8a1ea15ba43418a2b80,4,4,8,914,97,615460,39,7,5.0,3.0,1,3,0,-0.5674326184463218,0.07068086619608166,0.06573557051554119,-0.04319789890529463,-0.5495515547005809,-0.5361441037754054,-0.6729137040774599,-0.22220320388221784,0.43955024371545653,0.7199449063097016,-0.10580458203117477,0.1172849180147075,-0.1615244591637366,-0.16915126165127167,-0.5322505226235192,-0.755670721288004,-0.7686732497681794,0.46804979386311524,-0.16768872326012685,0.4498737776166314,-0.07474350927519333,0.4336215268520482,-0.07947452196155351,-0.3270212984956965,0.14248879971677897,-0.11998909415365083,0.0,-0.5190935451121675,0.25,0.8673469387755102,1.7778993435448578,0.002581804533512278,0.21025641025641026,4.0256410256410255,0.00011740940175888934,0.025477707006369428,0.0024615384615384616,1.0,0.047058823529411764
0x942fa6c00fd121fda7749fa9e59c88edfe6bb4861a51dab9b70008e7f726e5af,3,0xd5c58b0d819be34b7b8ff69e76e6a4b5fb912263,0xc9f27a50f82571c1c8423a42970613b8dbda14ef,2021-12-08 09:59:18+00:00,284239,63649618165,6803020,178303,0.0,1095,2.0,102,1590,1626,0.977859778597786,85,1144,1168,0.9794520547945206,253,1396,8690633,77,0x942fa6c00fd121fda7749fa9e59c88edfe6bb4861a51dab9b70008e7f726e5af,1,1,12,915,97,615504,296,7,6.0,3.0,1,3,0,1.2896195873780052,0.07545839376472405,0.0704031849900175,-0.04319789890529463,0.4964812847244098,0.4419762371273343,1.068702339573915,-0.20293703013520473,-0.735485061266457,-0.8413813965306152,1.9530953926295218,0.12580440358478312,-0.1615244591637366,-0.16847595605634166,1.019126780417499,1.6346700330778867,1.6471670304619648,0.46804979386311524,1.718809413416307,0.4498737776166314,-0.07474350927519333,0.4336215268520482,0.08115133218550281,-0.4104744221535738,-0.5387673298167978,1.9494651186231495,0.0,0.40844602253554807,0.25,0.8673469387755102,1.777049180327869,0.002583244652764803,0.18110236220472442,3.945945945945946,0.00013163596579950323,0.0008561643835616438,0.0006150061500615006,1.0,0.011764705882352941
0x0cc65119bc79fc538279be28e7656bcae64aa65aed53c2f866db5bdebaa489d6,2,0x676f3d2c9f5776e09d23986adc6684fb41e9000e,0xc9f27a50f82571c1c8423a42970613b8dbda14ef,2021-12-08 10:01:58+00:00,140890,69304402333,11246851,93629,0.0,983,2.0,101,1591,1627,0.9778733866011063,85,931,1041,0.8943323727185398,224,1409,8770977,78,0x0cc65119bc79fc538279be28e7656bcae64aa65aed53c2f866db5bdebaa489d6,7,7,8,915,97,615518,227,7,5.0,3.0,1,3,0,-0.5674326184463218,0.08023592133336643,0.07507079946449384,-0.04319789890529463,0.2732297869313005,0.31910652071324136,0.8304624090744344,-0.1836708563881916,1.61458554869737,2.281271209150018,-0.10580458203117477,0.12580440358478312,-0.1615244591637366,-0.16826108609431847,0.6026091387450078,1.6605223041317607,1.6732305582885278,0.46804979386311524,-0.16768872326012685,0.4498737776166314,-0.07474350927519333,0.4336215268520482,-0.1145393740358784,-0.21484334726329685,0.10820675036894871,-0.4724970930238829,0.0,0.29839895518751397,0.25,0.8673469387755102,1.7781420765027323,0.0025848105419978913,0.15886524822695036,4.58590308370044,0.00010614551763782785,0.0067243035542747355,0.0043023970497848806,1.0,0.08235294117647059
0x616a052f2b8c878e4b3178eafd199c0bf81b67b12611342ddcaf9a0b584a582a,3,0x5036d886044966eb325cb216283ee13eb85496b0,0xc9f27a50f82571c1c8423a42970613b8dbda14ef,2021-12-08 10:15:58+00:00,287701,65321690200,13675406,185411,0.0,1561,,100,1592,1628,0.9778869778869779,85,1477,1595,0.9260188087774295,214,1541,9474744,79,0x616a052f2b8c878e4b3178eafd199c0bf81b67b12611342ddcaf9a0b584a582a,1,1,13,916,97,615570,257,7,6.0,3.0,1,3,0,1.2896195873780052,0.08501344890200882,0.07973841393897016,-0.04319789890529463,0.8455082742319467,0.8550893781416468,0.7483107089021996,-0.1644046826411785,-0.735485061266457,-0.8413813965306152,2.467820386294696,0.13432388915485874,-0.1615244591637366,-0.16746299766394668,0.7837037655591343,1.9230222871403277,1.9015319969512392,0.46804979386311524,1.718809413416307,0.4498737776166314,-0.07474350927519333,0.4336215268520482,0.0858774288093957,-0.35262796156678267,0.4617782829734729,2.152777911220489,0.0,0.8663204277514754,0.23076923076923078,0.8673469387755102,1.777292576419214,0.0025862166996171035,0.13878080415045396,6.206225680933852,0.0001558881004185337,0.0006269592476489029,0.0006142506142506142,1.0,0.011764705882352941
0x498ed1d2461e3b74b3918434dff36924cd51ef27d2f2f1257d6549a71a077919,2,0xfcb582cdb82a88a2ce12d7c35b6e9692cbb38425,0xc9f27a50f82571c1c8423a42970613b8dbda14ef,2021-12-08 10:21:49+00:00,140962,70396524677,6776209,88877,0.0,235,,99,1593,1629,0.9779005524861878,85,150,238,0.6302521008403361,37,189,1209082,80,0x498ed1d2461e3b74b3918434dff36924cd51ef27d2f2f1257d6549a71a077919,2,2,8,916,97,615591,29,7,5.0,3.0,1,3,0,-0.5674326184463218,0.08979097647065121,0.08440602841344648,-0.04319789890529463,-0.5453590383101,-0.4577783791333462,-0.7057743841463537,-0.14513850889416538,-0.3438066262724858,-0.32093929558384293,-0.10580458203117477,0.13432388915485874,-0.1615244591637366,-0.1671406927209119,-0.5926153982282281,-0.765613902462571,-0.7798419891829552,0.46804979386311524,-0.16768872326012685,0.4498737776166314,-0.07474350927519333,0.4336215268520482,-0.11444108433139535,-0.17706063766361743,-0.5426707235470859,-0.6084203330945858,0.0,-0.436558244601142,0.25,0.8673469387755102,1.7783842794759825,0.002587752927263512,0.19473684210526315,8.206896551724139,0.00012406096190253275,0.008403361344537815,0.0012277470841006752,1.0,0.023529411764705882
0xc4a34448d312c82f81b08142a4dd707c9057d918a5fa5ad444fc03a22ed368c2,2,0xd5c58b0d819be34b7b8ff69e76e6a4b5fb912263,0xc9f27a50f82571c1c8423a42970613b8dbda14ef,2021-12-08 10:33:29+00:00,140926,59902581501,13247399,88853,0.0,1096,2.0,98,1594,1630,0.9779141104294479,85,1145,1169,0.979469632164243,253,1396,8690765,81,0xc4a34448d312c82f81b08142a4dd707c9057d918a5fa5ad444fc03a22ed368c2,2,1,8,916,97,615636,296,7,5.0,3.0,1,3,0,-0.5674326184463218,0.09456850403929358,0.0890736428879228,-0.04319789890529463,0.49752941382203,0.44294371520933506,1.068702339573915,-0.1258723351471523,-0.3438066262724858,-0.8413813965306152,-0.10580458203117477,0.13432388915485874,-0.1615244591637366,-0.16645003927155166,1.019126780417499,1.6346700330778867,1.6472098511539033,0.46804979386311524,-0.16768872326012685,0.4498737776166314,-0.07474350927519333,0.4336215268520482,-0.11449022918363687,-0.5401056845419419,0.3994650592847096,-0.6091068141050439,0.0,0.4094285856368698,0.25,0.8673469387755102,1.779475982532751,0.0025891881092267033,0.18110236220472442,3.949324324324324,0.00013174903109806432,0.001710863986313088,0.001226993865030675,2.0,0.011764705882352941
0xc87e0475d145ccc4999e0f2e9a158bfc418c6955c0529f4842989263ffedda8e,2,0x6fe7e0c399dfddb13b9615683280a09208d4fd5d,0xc9f27a50f82571c1c8423a42970613b8dbda14ef,2021-12-08 10:37:36+00:00,140926,75000000000,12099720,88853,0.0,234,,96,1595,1632,0.977328431372549,85,238,240,0.9916666666666667,52,91,578717,82,0xc87e0475d145ccc4999e0f2e9a158bfc418c6955c0529f4842989263ffedda8e,7,7,8,916,97,615648,65,7,5.0,3.0,1,3,0,-0.5674326184463218,0.09934603160793597,0.09840887183687545,-0.04319789890529463,-0.45312367771951967,-0.4558434229693447,-0.5825468338880018,-0.10660616140013918,1.61458554869737,2.281271209150018,-0.10580458203117477,0.13432388915485874,-0.1615244591637366,-0.16626586501838894,-0.37530184605127614,-0.9605002534840829,-0.9843318791360505,0.46804979386311524,-0.16768872326012685,0.4498737776166314,-0.07474350927519333,0.4336215268520482,-0.11449022918363687,-0.017800301828752894,0.2323753195143409,-0.6091068141050439,0.0,-0.4375408077024638,0.25,0.8673469387755102,1.7816593886462881,0.002590761943899852,0.5652173913043478,3.6923076923076925,0.00041125384038512714,0.029166666666666667,0.00428921568627451,1.0,0.08235294117647059
0xd59f1c00e8356096dc649b21531abe5be48741c08bc195d6bae71429ffa2904d,2,0x14647973d093256920ce9c6c8a6646b3a4e43869,0xc9f27a50f82571c1c8423a42970613b8dbda14ef,2021-12-08 10:37:36+00:00,140944,77963779790,9531520,88865,0.0,271,2.0,97,1595,1632,0.977328431372549,85,262,282,0.9290780141843972,54,344,2216396,83,0xd59f1c00e8356096dc649b21531abe5be48741c08bc195d6bae71429ffa2904d,2,2,8,916,97,615648,81,7,5.0,3.0,1,3,0,-0.5674326184463218,0.09934603160793597,0.09840887183687545,-0.04319789890529463,-0.4279685793766341,-0.415209343525314,-0.5661164938535548,-0.08733998765312606,-0.3438066262724858,-0.32093929558384293,-0.10580458203117477,0.13432388915485874,-0.1615244591637366,-0.16626586501838894,-0.2787180450837419,-0.45737528605099603,-0.4530701522183201,0.46804979386311524,-0.16768872326012685,0.4498737776166314,-0.07474350927519333,0.4336215268520482,-0.11446565675751612,0.0847336603579679,-0.14152702572179296,-0.6087635735998148,0.0,-0.4011859729535597,0.25,0.8673469387755102,1.7816593886462881,0.002590761943899852,0.1565217391304348,3.4814814814814814,0.00011820986944125985,0.0070921985815602835,0.0012254901960784314,1.0,0.023529411764705882
0x8c3cace64cb5af94d88bd4d42cbdcf915329e0e9af088434c65b177cc30c4fe7,2,0x5036d886044966eb325cb216283ee13eb85496b0,0xc9f27a50f82571c1c8423a42970613b8dbda14ef,2021-12-08 10:43:24+00:00,140926,77541307122,13584041,88853,0.0,1562,2.0,95,1596,1633,0.977342314758114,85,1478,1596,0.9260651629072681,214,1541,9474844,84,0x8c3cace64cb5af94d88bd4d42cbdcf915329e0e9af088434c65b177cc30c4fe7,2,1,8,916,97,615670,257,7,5.0,3.0,1,3,0,-0.5674326184463218,0.10412355917657835,0.10307648631135177,-0.04319789890529463,0.8465564033295669,0.8560568562236475,0.7483107089021996,-0.06807381390611295,-0.3438066262724858,-0.8413813965306152,-0.10580458203117477,0.13432388915485874,-0.1615244591637366,-0.16592821222092394,0.7837037655591343,1.9230222871403277,1.9015644368693743,0.46804979386311524,-0.16768872326012685,0.4498737776166314,-0.07474350927519333,0.4336215268520482,-0.11449022918363687,0.07011793326792148,0.4484765199594945,-0.6091068141050439,0.0,0.8673029908527972,0.25,0.8673469387755102,1.7827510917030567,0.002592293611360613,0.13878080415045396,6.21011673151751,0.00015599199775827467,0.0012531328320802004,0.001224739742804654,2.0,0.011764705882352941
0x9091fddbb0d24b4410c94f56d2523584923ae81b63232a33d471620b96d0915f,2,0xe00954673ea4d16dcfb58b965b76023e338fe652,0xc9f27a50f82571c1c8423a42970613b8dbda14ef,2021-12-08 12:00:00+00:00,140944,70198931452,11449829,88865,0.0,631,2.0,94,1597,1634,0.9773561811505508,85,628,644,0.9751552795031055,132,334,2150463,85,0x9091fddbb0d24b4410c94f56d2523584923ae81b63232a33d471620b96d0915f,4,4,8,916,97,616004,129,7,5.0,3.0,1,3,0,-0.5674326184463218,0.10890108674522074,0.10774410078582809,-0.04319789890529463,-0.0443533296476295,-0.06498227784104911,0.0746667674898755,-0.048807640159099844,0.43955024371545653,0.7199449063097016,-0.10580458203117477,0.13432388915485874,-0.1615244591637366,-0.16080202884122807,0.011033357818860709,-0.4772616484001299,-0.47445876344241633,0.46804979386311524,-0.16768872326012685,0.4498737776166314,-0.07474350927519333,0.4336215268520482,-0.11446565675751612,-0.18389650864460627,0.13775816779412586,-0.6087635735998148,0.0,-0.04746325647773591,0.25,0.8673469387755102,1.7838427947598254,0.0025925114244202564,0.3940298507462687,4.992248062015504,0.0002920299991071694,0.006211180124223602,0.0024479804161566705,1.0,0.047058823529411764
0x1bf1c9bfed06a71ad10144164624eb97767561480f311dfa2176c46959cd06e0,2,0xf49d2bcc52f0b46a98204721f98ce9d4e6730bed,0xc9f27a50f82571c1c8423a42970613b8dbda14ef,2021-12-08 12:29:57+00:00,140944,53571579699,25074686,88865,0.0,1466,2.0,93,1598,1635,0.9773700305810398,85,1483,1507,0.9840743198407432,248,530,3421663,86,0x1bf1c9bfed06a71ad10144164624eb97767561480f311dfa2176c46959cd06e0,3,3,8,916,97,616123,299,7,5.0,3.0,1,3,0,-0.5674326184463218,0.11367861431386313,0.11241171526030441,-0.04319789890529463,0.8517970488176682,0.7699513069255823,1.0276264894877976,-0.02954146641208673,0.047871808721485366,0.19950280536292936,-0.10580458203117477,0.13432388915485874,-0.1615244591637366,-0.15897563416403104,1.0372362430989117,-0.08748894635710609,-0.06208252410746803,0.46804979386311524,-0.16768872326012685,0.4498737776166314,-0.07474350927519333,0.4336215268520482,-0.11446565675751612,-0.759130964881791,2.121391056902044,-0.6087635735998148,0.0,0.7729769331259109,0.25,0.8673469387755102,1.784934497816594,0.0025936337490505158,0.4670433145009416,5.040133779264214,0.000433414853124094,0.0019907100199071004,0.001834862385321101,1.0,0.03529411764705882
0x560efda087c576fc89fa32198dcde54397c8439582adb55ceb58d3b5f1527255,2,0xe3f0254b09aec48ffa46f9eee5a3bc7a8e510e6d,0xc9f27a50f82571c1c8423a42970613b8dbda14ef,2021-12-08 13:02:17+00:00,140944,65165889604,4778175,88865,0.0,550,2.0,92,1599,1636,0.9773838630806846,85,538,554,0.9711191335740073,149,430,2775087,87,0x560efda087c576fc89fa32198dcde54397c8439582adb55ceb58d3b5f1527255,3,3,8,916,97,616267,141,7,5.0,3.0,1,3,0,-0.5674326184463218,0.1184561418825055,0.11707932973478073,-0.04319789890529463,-0.1386849484334503,-0.15205530522111496,0.2143246577826744,-0.010275292665073623,0.047871808721485366,0.19950280536292936,-0.10580458203117477,0.13432388915485874,-0.1615244591637366,-0.15676554312607832,0.08347120854451137,-0.28635256984844476,-0.2718312491894642,0.46804979386311524,-0.16768872326012685,0.4498737776166314,-0.07474350927519333,0.4336215268520482,-0.11446565675751612,-0.35801798834030774,-0.8335630210556653,-0.6087635735998148,0.0,-0.12705086768479626,0.25,0.8673469387755102,1.7860262008733625,0.0025946503793803995,0.345707656612529,3.9290780141843973,0.00019386772599643687,0.005415162454873646,0.0018337408312958435,1.0,0.03529411764705882
0x741e8530abebe68049cd33919327bc2fa6cd849375a669dfb795cbe4b5e7ea16,2,0xe75021660e00a7fa0df1b97da13ebabe6d82e7ea,0xc9f27a50f82571c1c8423a42970613b8dbda14ef,2021-12-08 16:17:34+00:00,140926,71069023283,11734438,88853,0.0,1246,,91,1600,1637,0.9773976786805131,85,1082,1279,0.8459734167318217,142,1268,7947164,88,0x741e8530abebe68049cd33919327bc2fa6cd849375a669dfb795cbe4b5e7ea16,5,4,8,916,97,617107,141,7,5.0,3.0,1,3,0,-0.5674326184463218,0.12323366945114789,0.12174694420925707,-0.04319789890529463,0.4314972806719554,0.5493663042294156,0.15681846766211016,0.008990881081939487,0.8312286787094276,0.7199449063097016,-0.10580458203117477,0.13432388915485874,-0.1615244591637366,-0.14387334540468746,0.08347120854451137,1.3801245950089733,1.4059862955012075,0.46804979386311524,-0.16768872326012685,0.4498737776166314,-0.07474350927519333,0.4336215268520482,-0.11449022918363687,-0.1537950944977986,0.17919418234724122,-0.6091068141050439,0.0,0.5568130508351297,0.25,0.8673469387755102,1.787117903930131,0.0025927390343343467,0.11189913317572892,9.070921985815604,0.00013614918024226248,0.003909304143862392,0.0030543677458766036,1.25,0.047058823529411764
0x671b7d1f2b23da20d1b1dfee19d3ab640277d4f4bef960c4124ef74356d83d27,2,0xeaab593478d42b80dd76906d75d536f75a3d1c44,0xc9f27a50f82571c1c8423a42970613b8dbda14ef,2021-12-08 17:43:53+00:00,140926,99951353388,9028727,86140,0.0,5,2.0,89,1601,1639,0.9768151311775473,85,7,8,0.875,3,183,1170009,89,0x671b7d1f2b23da20d1b1dfee19d3ab640277d4f4bef960c4124ef74356d83d27,3,2,8,916,97,617478,4,7,5.0,3.0,1,3,0,-0.5674326184463218,0.12801119701979027,0.1310821731582097,-0.04319789890529463,-0.6952414992697931,-0.6802983379935145,-0.9850901647319515,0.028257054828952598,0.047871808721485366,-0.32093929558384293,-0.10580458203117477,0.13432388915485874,-0.1615244591637366,-0.13817929141107319,-0.7435275872400003,-0.7775457198720512,-0.7925172383959307,0.46804979386311524,-0.16768872326012685,0.4498737776166314,-0.07474350927519333,0.4336215268520482,-0.11449022918363687,0.845408609111523,-0.2147282880332607,-0.6867077716622444,0.0,-0.6625477579051405,0.25,0.8673469387755102,1.789301310043668,0.0025928007268263375,0.016304347826086956,2.0,5.982854847394467e-06,0.375,0.0018303843807199512,1.5,0.023529411764705882
0x35c15697db6623c5d7422cdfaa09b7fbb81aa54f8ec1144d002decda76cd1611,2,0xeaab593478d42b80dd76906d75d536f75a3d1c44,0xc9f27a50f82571c1c8423a42970613b8dbda14ef,2021-12-08 17:43:53+00:00,140926,83260090390,8942587,88853,0.0,4,2.0,90,1601,1639,0.9768151311775473,85,7,8,0.875,3,183,1170009,90,0x35c15697db6623c5d7422cdfaa09b7fbb81aa54f8ec1144d002decda76cd1611,3,2,8,916,97,617478,4,7,5.0,3.0,1,3,0,-0.5674326184463218,0.12801119701979027,0.1310821731582097,-0.04319789890529463,-0.6952414992697931,-0.6802983379935145,-0.9850901647319515,0.047523228575965706,0.047871808721485366,-0.32093929558384293,-0.10580458203117477,0.13432388915485874,-0.1615244591637366,-0.13817929141107319,-0.7435275872400003,-0.7775457198720512,-0.7925172383959307,0.46804979386311524,-0.16768872326012685,0.4498737776166314,-0.07474350927519333,0.4336215268520482,-0.11449022918363687,0.26796310021777897,-0.22726934714806507,-0.6091068141050439,0.0,-0.6635303210064623,0.25,0.8673469387755102,1.789301310043668,0.0025928007268263375,0.016304347826086956,2.0,5.982854847394467e-06,0.375,0.0018303843807199512,1.5,0.023529411764705882
0x02c82dbac12ba01ba8d945e206cfa9b5775fa177e2b238282a3bfb954de5ddc3,2,0x9c2579454b9854ff3dfb64e9acf687615ee99856,0xc9f27a50f82571c1c8423a42970613b8dbda14ef,2021-12-08 18:01:07+00:00,140926,96594028123,1984912,88853,0.0,1759,2.0,88,1602,1640,0.9768292682926829,85,1639,1799,0.9110617009449694,365,1379,8594426,91,0x02c82dbac12ba01ba8d945e206cfa9b5775fa177e2b238282a3bfb954de5ddc3,7,5,8,916,97,617556,240,7,5.0,3.0,1,3,0,-0.5674326184463218,0.13278872458843266,0.13574978763268603,-0.04319789890529463,1.0153051880464241,1.0524549068697961,1.988801381502943,0.06678940232297882,1.61458554869737,1.240387007256474,-0.10580458203117477,0.13432388915485874,-0.1615244591637366,-0.13698215876551548,0.6810834770311293,1.6008632170843593,1.6159575584216113,0.46804979386311524,-0.16768872326012685,0.4498737776166314,-0.07474350927519333,0.4336215268520482,-0.11449022918363687,0.7292596756004971,-1.2402321225903272,-0.6091068141050439,0.0,1.0608679218131785,0.25,0.8673469387755102,1.7903930131004366,0.0025940925291106733,0.2644927536231884,7.495833333333334,0.00019070497660867908,0.0038910505836575876,0.00426829268292683,1.4,0.058823529411764705
0x624e382a5d093ffb7b47b151237b675e912b138814d94adea73a5cfc7d5b7187,2,0xa000bce4ce3d1b3ac63c2e0488ce76fbdb9de764,0xc9f27a50f82571c1c8423a42970613b8dbda14ef,2021-12-08 19:03:09+00:00,166558,130900000000,3479923,105941,0.0,55,2.0,87,1603,1641,0.9768433881779403,85,63,66,0.9545454545454546,28,188,1204720,92,0x624e382a5d093ffb7b47b151237b675e912b138814d94adea73a5cfc7d5b7187,2,2,8,916,97,617819,16,7,5.0,3.0,1,3,0,-0.5674326184463218,0.13756625215707505,0.14041740210716236,-0.04319789890529463,-0.6365462698030601,-0.6241846092374721,-0.779710914301365,0.08605557606999192,-0.3438066262724858,-0.32093929558384293,-0.10580458203117477,0.13432388915485874,-0.1615244591637366,-0.13294567305036573,-0.6710897365143497,-0.7676025386974843,-0.7812570184120136,0.46804979386311524,-0.16768872326012685,0.4498737776166314,-0.07474350927519333,0.4336215268520482,-0.07949909438767427,1.9160979269049319,-1.0225745729237057,-0.12033233465887988,0.0,-0.613419602839054,0.25,0.8673469387755102,1.7914847161572052,0.0025946068434171765,0.14814814814814814,4.125,5.229426564324852e-05,0.030303030303030304,0.001218769043266301,1.0,0.023529411764705882
0x3bd7fec12457207253a2a174f4ec1a1c682b4435490039b801bc7c66f3d7c587,2,0x34aeb158028a2e8f2cd8db5fd7fa88a47acdca40,0xc9f27a50f82571c1c8423a42970613b8dbda14ef,2021-12-08 20:10:14+00:00,140944,90100436511,10478842,88865,0.0,2896,2.0,86,1604,1642,0.976857490864799,85,2751,2921,0.9418007531667237,320,563,3636101,93,0x3bd7fec12457207253a2a174f4ec1a1c682b4435490039b801bc7c66f3d7c587,6,5,8,916,97,618130,223,7,5.0,3.0,1,3,0,-0.5674326184463218,0.14234377972571743,0.14508501658163866,-0.04319789890529463,2.1808247446001214,2.137965314874617,1.6191187307278871,0.10532174981700504,1.2229071137033989,1.240387007256474,-0.10580458203117477,0.13432388915485874,-0.1615244591637366,-0.12817249032256506,0.5784631885031242,-0.021863950604964336,0.007480987543340384,0.46804979386311524,-0.16768872326012685,0.4498737776166314,-0.07474350927519333,0.4336215268520482,-0.11446565675751612,0.5046094910465309,-0.0036071139182788973,-0.6087635735998148,0.0,2.1780421680159883,0.25,0.8673469387755102,1.7925764192139737,0.0025949191999754097,0.5673758865248227,13.09865470852018,0.0007565794358904124,0.0020540910647038686,0.0036540803897685747,1.2,0.058823529411764705
0xcf540466aefd7407b3d0bb1eb74f4fbb8bc274be8e2eabdb185ec1c0d3deecaf,2,0x382c5f5cdcb927de8b4755b7c95581f792bf7ea8,0xc9f27a50f82571c1c8423a42970613b8dbda14ef,2021-12-09 00:22:59+00:00,140944,64266950604,3659700,88865,0.0,427,2.0,85,1605,1643,0.9768715763846622,86,449,464,0.9676724137931034,130,329,2118013,94,0xcf540466aefd7407b3d0bb1eb74f4fbb8bc274be8e2eabdb185ec1c0d3deecaf,2,2,8,916,98,619208,133,7,5.0,3.0,1,3,0,-0.5674326184463218,0.14712130729435982,0.149752631056115,0.04319789890529463,-0.23196843812165088,-0.23912833260118083,0.05823642745542856,0.12458792356401815,-0.3438066262724858,-0.32093929558384293,-0.10580458203117477,0.13432388915485874,-0.06363084754935112,-0.11162750324678014,0.03517930806074426,-0.48720482957469685,-0.4849855168772961,0.46804979386311524,-0.16768872326012685,0.4498737776166314,-0.07474350927519333,0.4336215268520482,-0.11446565675751612,-0.38911738976856586,-0.9964009719893873,-0.6087635735998148,0.0,-0.24790612914736937,0.25,0.8686868686868687,1.7936681222707425,0.002592016588906169,0.3939393939393939,3.488721804511278,0.0002119910444406883,0.004310344827586207,0.0012172854534388314,1.0,0.023255813953488372
0x0d1e9f89470505783bb17a15b47eb7d85e51f5c398d8d6c33c819bf9aa096112,2,0x74594c7665503e8f85dee744cad4b7acf8f77142,0xc9f27a50f82571c1c8423a42970613b8dbda14ef,2021-12-09 01:28:18+00:00,140944,95111788522,3602777,88865,0.0,7,2.0,84,1606,1644,0.9768856447688564,86,9,10,0.9,4,77,489012,95,0x0d1e9f89470505783bb17a15b47eb7d85e51f5c398d8d6c33c819bf9aa096112,3,3,8,916,98,619480,5,7,5.0,3.0,1,3,0,-0.5674326184463218,0.1518988348630022,0.1544202455305913,0.04319789890529463,-0.6931452410745526,-0.6783633818295131,-0.976874994714728,0.14385409731103127,0.047871808721485366,0.19950280536292936,-0.10580458203117477,0.13432388915485874,-0.06363084754935112,-0.10745288684175834,-0.7374910996795294,-0.9883411607728703,-1.0134321076992518,0.46804979386311524,-0.16768872326012685,0.4498737776166314,-0.07474350927519333,0.4336215268520482,-0.11446565675751612,0.6779805961920388,-1.004688349607126,-0.6087635735998148,0.0,-0.6605826317024971,0.25,0.8686868686868687,1.794759825327511,0.0025924927479616003,0.05128205128205128,2.0,1.8404418696435472e-05,0.3,0.0018248175182481751,1.0,0.03488372093023256
0xa1e73d2582edbcc39a946c3176a6291502f476810697434a7b8ea107e9ba7108,2,0xab96625f838514a5d8e83b5884963c44902f9b59,0xc9f27a50f82571c1c8423a42970613b8dbda14ef,2021-12-09 11:38:01+00:00,140944,69345503982,13391677,88865,0.0,31,,83,1607,1645,0.9768996960486322,86,33,34,0.9705882352941176,17,211,1353489,96,0xa1e73d2582edbcc39a946c3176a6291502f476810697434a7b8ea107e9ba7108,2,2,8,916,98,622129,18,7,5.0,3.0,1,3,0,-0.5674326184463218,0.15667636243164457,0.15908786000506764,0.04319789890529463,-0.667990142731667,-0.6551439078614955,-0.8700777844908231,0.16312027105804436,-0.3438066262724858,-0.32093929558384293,-0.10580458203117477,0.13432388915485874,-0.06363084754935112,-0.06679642045608651,-0.6590167613934078,-0.7218639052944764,-0.7329964766014244,0.46804979386311524,-0.16768872326012685,0.4498737776166314,-0.07474350927519333,0.4336215268520482,-0.11446565675751612,-0.21342140797529804,0.4204703869717974,-0.6087635735998148,0.0,-0.6370011172707755,0.25,0.8686868686868687,1.7958515283842795,0.0025830614180316013,0.08018867924528301,1.8888888888888888,2.4381413974244362e-05,0.058823529411764705,0.0012158054711246201,1.0,0.023255813953488372
0x83c6b4574ba50cc28fed06484f5dc3dde428326f7846f78d662170728f5fd78f,2,0x3ed663896eb97f005a2ae27d93fbf346bfc1ccd7,0xc9f27a50f82571c1c8423a42970613b8dbda14ef,2021-12-09 11:46:58+00:00,140926,50441764421,4907469,88853,0.0,24,,82,1608,1646,0.976913730255164,86,26,26,1.0,15,194,1239452,97,0x83c6b4574ba50cc28fed06484f5dc3dde428326f7846f78d662170728f5fd78f,2,2,8,916,98,622182,13,7,5.0,3.0,1,3,0,-0.5674326184463218,0.16145389000028695,0.16375547447954397,0.04319789890529463,-0.6753270464150086,-0.6628837325175013,-0.88650812452527,0.18238644480505747,-0.3438066262724858,-0.32093929558384293,-0.10580458203117477,0.13432388915485874,-0.06363084754935112,-0.06598298417128448,-0.6891991991957623,-0.755670721288004,-0.7699899860452881,0.46804979386311524,-0.16768872326012685,0.4498737776166314,-0.07474350927519333,0.4336215268520482,-0.11449022918363687,-0.8674090368386395,-0.8147392028853667,-0.6091068141050439,0.0,-0.6438790589800276,0.25,0.8686868686868687,1.796943231441048,0.0025844486268509427,0.07692307692307693,2.0,2.0976995497207234e-05,0.07692307692307693,0.001215066828675577,1.0,0.023255813953488372
0x7097f92944252c053c86ba3aa260aa5bb86a6cefa1ea912a86d21502305554dd,2,0x4721a43133d1a13f3651a415b68f81e73edb5dc6,0xc9f27a50f82571c1c8423a42970613b8dbda14ef,2021-12-09 13:34:57+00:00,166558,74792361082,16981704,110741,0.0,552,2.0,81,1609,1647,0.9769277474195507,86,561,584,0.9606164383561644,120,343,2206986,98,0x7097f92944252c053c86ba3aa260aa5bb86a6cefa1ea912a86d21502305554dd,13,11,8,916,98,622636,73,7,5.0,3.0,1,3,0,-0.5674326184463218,0.16623141756892934,0.16842308895402028,0.04319789890529463,-0.11457797918818499,-0.12303096276109302,-0.02391527271680609,0.2016526185520706,3.964656158661197,4.363039612937107,-0.10580458203117477,0.13432388915485874,-0.06363084754935112,-0.05901505825996133,-0.327009945567509,-0.4593639222859094,-0.4561227485148445,0.46804979386311524,-0.16768872326012685,0.4498737776166314,-0.07474350927519333,0.4336215268520482,-0.07949909438767427,-0.024983710339242675,0.9431397720512468,0.01696386743273921,0.0,-0.1250857414821528,0.25,0.8686868686868687,1.7980349344978166,0.0025841702308086415,0.3488372093023256,8.0,0.00025419270707077116,0.02226027397260274,0.007893139040680024,1.1818181818181819,0.12790697674418605
0xa2b996fd7e6ffdd38ce66a96386a49c8cda6abd803317500040d5ef56a7c633d,2,0xdf350ff8e368c9fafe0c6b3113920923567f68c6,0xc9f27a50f82571c1c8423a42970613b8dbda14ef,2021-12-09 15:31:48+00:00,140926,99440568203,17792958,88853,0.0,477,2.0,80,1610,1648,0.9769417475728155,86,495,520,0.9519230769230769,164,1747,10520311,99,0xa2b996fd7e6ffdd38ce66a96386a49c8cda6abd803317500040d5ef56a7c633d,2,2,8,916,98,623139,124,7,5.0,3.0,1,3,0,-0.5674326184463218,0.17100894513757173,0.1730907034284966,0.04319789890529463,-0.18375449963112025,-0.18494956000913984,0.33755220804102637,0.2209187922990837,-0.3438066262724858,-0.32093929558384293,-0.10580458203117477,0.13432388915485874,-0.06363084754935112,-0.051295087481557054,-0.01914907998349373,2.3326813515324853,2.240713075800141,0.46804979386311524,-0.16768872326012685,0.4498737776166314,-0.07474350927519333,0.4336215268520482,-0.11449022918363687,0.8277376508908628,1.0612496440169015,-0.6091068141050439,0.0,-0.19877797408128273,0.25,0.8686868686868687,1.7991266375545851,0.0025836890586385082,0.09382151029748284,4.193548387096774,4.7051836485457846e-05,0.0038461538461538464,0.0012135922330097086,1.0,0.023255813953488372
0xf8a9ce081fbaa70dc1bea15d02fd2c813a144a3529a548c9f4855b220126c768,2,0xbb731df2b53eee023f8e46dc2f2d934b367ac8cc,0xc9f27a50f82571c1c8423a42970613b8dbda14ef,2021-12-09 19:37:42+00:00,140944,67510551020,12816013,88865,0.0,24,,79,1611,1649,0.9769557307459066,86,26,26,1.0,12,201,1290318,100,0xf8a9ce081fbaa70dc1bea15d02fd2c813a144a3529a548c9f4855b220126c768,2,2,8,916,98,624231,15,7,5.0,3.0,1,3,0,-0.5674326184463218,0.17578647270621411,0.17775831790297292,0.04319789890529463,-0.6753270464150086,-0.6628837325175013,-0.9111536345769403,0.24018496604609682,-0.3438066262724858,-0.32093929558384293,-0.10580458203117477,0.13432388915485874,-0.06363084754935112,-0.03453523044374896,-0.6771262240748205,-0.7417502676436103,-0.7534890972866258,0.46804979386311524,-0.16768872326012685,0.4498737776166314,-0.07474350927519333,0.4336215268520482,-0.11446565675751612,-0.2769028441653057,0.3366598894762699,-0.6087635735998148,0.0,-0.6438790589800276,0.25,0.8686868686868687,1.8002183406113537,0.002580771251714106,0.0594059405940594,1.7333333333333334,2.0150055916405168e-05,0.07692307692307693,0.001212856276531231,1.0,0.023255813953488372
0xec56f1fe26296d444cd94f4e06aae7ca5f48a47204b5b59e8e4cc15e74d01bc1,2,0xc1228a91911d12f6520fabb3be52073992797784,0xc9f27a50f82571c1c8423a42970613b8dbda14ef,2021-12-09 19:52:01+00:00,140944,64631404827,9982885,88865,0.0,18,,78,1612,1650,0.9769696969696969,86,20,20,1.0,9,211,1355233,101,0xec56f1fe26296d444cd94f4e06aae7ca5f48a47204b5b59e8e4cc15e74d01bc1,2,2,8,916,98,624297,11,7,5.0,3.0,1,3,0,-0.5674326184463218,0.1805640002748565,0.18242593237744925,0.04319789890529463,-0.68161582100073,-0.6686886010095057,-0.9357991446286108,0.2594511397931099,-0.3438066262724858,-0.32093929558384293,-0.10580458203117477,0.13432388915485874,-0.06363084754935112,-0.03352227205135396,-0.7012721743167041,-0.7218639052944764,-0.7324307244291461,0.46804979386311524,-0.16768872326012685,0.4498737776166314,-0.07474350927519333,0.4336215268520482,-0.11446565675751612,-0.3765088499418358,-0.07581312802787989,-0.6087635735998148,0.0,-0.649774437587958,0.25,0.8686868686868687,1.8013100436681222,0.002582100214961445,0.04245283018867924,1.8181818181818181,1.4757599056694268e-05,0.1,0.0012121212121212121,1.0,0.023255813953488372
0xd25041185f3656a6f6af20d03e4f7c1b834f48259492dd427ba109d4b2c66c5a,2,0xca968044effff14bee263ca6af3b9823f1968f37,0xc9f27a50f82571c1c8423a42970613b8dbda14ef,2021-12-10 08:17:58+00:00,140944,66252035851,1438373,88865,0.0,1596,2.0,77,1613,1651,0.9769836462749849,87,1586,1615,0.9820433436532507,308,1464,9085774,102,0xd25041185f3656a6f6af20d03e4f7c1b834f48259492dd427ba109d4b2c66c5a,3,3,8,916,99,627540,382,7,5.0,3.0,1,3,0,-0.5674326184463218,0.1853415278434989,0.18709354685192559,0.1295936967158839,0.9597543458725519,0.8744389397816614,1.5205366905212054,0.278717313540123,0.047871808721485366,0.19950280536292936,-0.10580458203117477,0.13432388915485874,0.03426276406503436,0.01625081986587282,1.5382647106179954,1.769897297051997,1.7753504473806643,0.46804979386311524,-0.16768872326012685,0.4498737776166314,-0.07474350927519333,0.4336215268520482,-0.11446565675751612,-0.32044202584980613,-1.3198023328009851,-0.6087635735998148,0.0,0.9007101362977361,0.25,0.87,1.8024017467248907,0.0025703499851005753,0.21023890784982935,4.227748691099476,0.00017455858195916145,0.0018575851393188853,0.0018170805572380376,1.0,0.034482758620689655
0x8f3a3ec418ff0e197b5647836fdf5ecded372785b5ff652c6d263de57abc765f,2,0x47724a15a20dc3a1225bfb2a794e2bb5520340db,0xc9f27a50f82571c1c8423a42970613b8dbda14ef,2021-12-10 09:17:58+00:00,166576,49543151408,7145974,105953,0.0,91,2.0,76,1614,1652,0.9769975786924939,87,118,120,0.9833333333333333,29,222,1422362,103,0x8f3a3ec418ff0e197b5647836fdf5ecded372785b5ff652c6d263de57abc765f,2,2,8,916,99,627829,23,7,5.0,3.0,1,3,0,-0.5674326184463218,0.19011905541214127,0.1917611613264019,0.1295936967158839,-0.5788991694339474,-0.5719407928094326,-0.7714957442841415,0.29798348728713614,-0.3438066262724858,-0.32093929558384293,-0.10580458203117477,0.13432388915485874,0.03426276406503436,0.02068634979620848,-0.6288343235910534,-0.6999889067104292,-0.7106541317841527,0.46804979386311524,-0.16768872326012685,0.4498737776166314,-0.07474350927519333,0.4336215268520482,-0.07947452196155351,-0.8984971605266133,-0.488836909713958,-0.11998909415365083,0.0,-0.5780473311914716,0.25,0.87,1.8034934497816595,0.0025707596005288057,0.13004484304932734,5.217391304347826,8.296053820297632e-05,0.016666666666666666,0.0012106537530266344,1.0,0.022988505747126436
0x450db1113d2e25b7178c235692c6a612722b26be15795faaf757418e5e71fa6b,3,0x8b187ea19c93091a4d6b426b71871648182b5fac,0xc9f27a50f82571c1c8423a42970613b8dbda14ef,2021-12-10 12:35:33+00:00,284257,51758062156,5658596,178315,0.0,182,2.0,75,1615,1653,0.9770114942528736,87,178,187,0.9518716577540107,52,118,753727,104,0x450db1113d2e25b7178c235692c6a612722b26be15795faaf757418e5e71fa6b,1,1,12,917,99,628769,46,7,6.0,3.0,1,3,0,1.2896195873780052,0.19489658298078366,0.19642877580087822,0.1295936967158839,-0.5160114235767335,-0.5071197613153835,-0.5825468338880018,0.31724966103414926,-0.735485061266457,-0.8413813965306152,1.9530953926295218,0.14284337472493433,0.03426276406503436,0.03511333296062204,-0.489995109700223,-0.9068070751414214,-0.9275587784075976,0.46804979386311524,1.718809413416307,0.4498737776166314,-0.07474350927519333,0.4336215268520482,0.08117590461162356,-0.8218708282840301,-0.705383176536102,1.9498083591283786,0.0,-0.48863408897119387,0.25,0.87,1.8026172300981462,0.002568506767180368,0.4369747899159664,4.065217391304348,0.00023615946336078797,0.0053475935828877,0.0006049606775559589,1.0,0.011494252873563218
0x6a140a6a24e1218d809bfcd9f76bf88fba971007faefa68036635a184b748575,2,0x8b187ea19c93091a4d6b426b71871648182b5fac,0xc9f27a50f82571c1c8423a42970613b8dbda14ef,2021-12-10 12:37:33+00:00,140944,51246425295,5377616,88865,0.0,183,2.0,74,1616,1654,0.9770253929866989,87,179,189,0.9470899470899471,52,118,753736,105,0x6a140a6a24e1218d809bfcd9f76bf88fba971007faefa68036635a184b748575,2,1,8,917,99,628778,46,7,5.0,3.0,1,3,0,-0.5674326184463218,0.19967411054942605,0.20109639027535453,0.1295936967158839,-0.5149632944791133,-0.5051848051513821,-0.5825468338880018,0.33651583478116237,-0.3438066262724858,-0.8413813965306152,-0.10580458203117477,0.14284337472493433,0.03426276406503436,0.035251463650494086,-0.489995109700223,-0.9068070751414214,-0.9275558588149654,0.46804979386311524,-0.16768872326012685,0.4498737776166314,-0.07474350927519333,0.4336215268520482,-0.11446565675751612,-0.8395712508107342,-0.7462908476537911,-0.6087635735998148,0.0,-0.48765152586987215,0.25,0.87,1.8037077426390404,0.0025700603868767883,0.4369747899159664,4.108695652173913,0.00023748336621394464,0.010582010582010581,0.0012091898428053204,2.0,0.011494252873563218
0xd9705ab9f34b33e231ab6671ef5eb20d6b279bad089ba5fd8205fb3b0aea10d0,2,0xb82adf9206ffa17b5be784d94a8ac76606691c56,0xc9f27a50f82571c1c8423a42970613b8dbda14ef,2021-12-10 14:38:14+00:00,140908,86113248032,14232178,88841,0.0,136,2.0,73,1617,1655,0.9770392749244713,87,138,153,0.9019607843137255,60,1017,6503820,106,0xd9705ab9f34b33e231ab6671ef5eb20d6b279bad089ba5fd8205fb3b0aea10d0,3,2,8,917,99,629291,60,7,5.0,3.0,1,3,0,-0.5674326184463218,0.2044516381180684,0.20576400474983086,0.1295936967158839,-0.5579365874815427,-0.5400140161034084,-0.516825473750214,0.3557820085281755,0.047871808721485366,-0.32093929558384293,-0.10580458203117477,0.14284337472493433,0.03426276406503436,0.04312491297320063,-0.40548428385363056,0.8809769000457133,0.9377666834915614,0.46804979386311524,-0.16768872326012685,0.4498737776166314,-0.07474350927519333,0.4336215268520482,-0.11451480160975763,0.36667001453194314,0.5428383081124079,-0.6094500546102729,0.0,-0.5338319916319936,0.25,0.87,1.8047982551799346,0.00256955435632425,0.05893909626719057,2.55,2.121829613699393e-05,0.0196078431372549,0.0018126888217522659,1.5,0.022988505747126436
0xba86966284cbf3ac7bb327a572d38bc626ac37d31697f1c255d779c402a6c8a4,2,0x10dc1d2f35992b28c5160c2f9fc9582735298d78,0xc9f27a50f82571c1c8423a42970613b8dbda14ef,2021-12-10 19:38:51+00:00,140944,62206974993,8124934,88865,0.0,927,2.0,72,1618,1656,0.9770531400966184,87,931,951,0.9789695057833859,156,272,1747705,107,0xba86966284cbf3ac7bb327a572d38bc626ac37d31697f1c255d779c402a6c8a4,4,4,8,917,99,630701,134,7,5.0,3.0,1,3,0,-0.5674326184463218,0.2092291656867108,0.2104316192243072,0.1295936967158839,0.2732297869313005,0.23203349333317552,0.2718308479032387,0.3750481822751886,0.43955024371545653,0.7199449063097016,-0.10580458203117477,0.14284337472493433,0.03426276406503436,0.06476538771982097,0.04121579562121515,-0.6005570949647598,-0.6051131289254758,0.46804979386311524,-0.16768872326012685,0.4498737776166314,-0.07474350927519333,0.4336215268520482,-0.11446565675751612,-0.4603836363758555,-0.34631084480765567,-0.6087635735998148,0.0,0.24337542151349695,0.25,0.87,1.8058887677208288,0.002565395384825163,0.5714285714285714,7.097014925373134,0.0005326982913602174,0.004206098843322818,0.0024154589371980675,1.0,0.04597701149425287
0xe8a320bd784d46dfaebf892c7235b833e5a01e10b8fd8b5ad217f239591306fe,2,0x05e362bef8c3519a945a65e187e052e23613902c,0xc9f27a50f82571c1c8423a42970613b8dbda14ef,2021-12-10 19:50:05+00:00,166558,53182843096,20204463,110741,0.0,2686,2.0,71,1619,1657,0.9770669885334943,87,2683,2731,0.9824240205053094,325,1463,9085382,108,0xe8a320bd784d46dfaebf892c7235b833e5a01e10b8fd8b5ad217f239591306fe,6,5,8,917,99,630753,267,7,5.0,3.0,1,3,0,-0.5674326184463218,0.21400669325535318,0.2150992336987835,0.1295936967158839,2.1095519659619457,1.9541444792944782,1.6601945808140044,0.39431435602220166,1.2229071137033989,1.240387007256474,-0.10580458203117477,0.14284337472493433,0.03426276406503436,0.06556347615019278,0.8440686411638433,1.7679086608170838,1.7752232829015742,0.46804979386311524,-0.16768872326012685,0.4498737776166314,-0.07474350927519333,0.4336215268520482,-0.07949909438767427,-0.7725795700335916,1.412338879687279,0.01696386743273921,0.0,1.9717039167384245,0.25,0.87,1.806979280261723,0.0025667692951610293,0.22199453551912568,10.228464419475655,0.0002953095097917171,0.0021969974368363236,0.003621001810500905,1.2,0.05747126436781609
0x0640c2873b42bbb7c07b05c4a52bc7860ecce9ccc2c722a11d644f49f01e393c,2,0xc4dd8e820ff8794301c67a74f4cd024676356532,0xc9f27a50f82571c1c8423a42970613b8dbda14ef,2021-12-10 21:02:21+00:00,140944,78607682352,6344449,88865,0.0,918,2.0,70,1620,1658,0.97708082026538,87,921,947,0.9725448785638859,238,1583,9638112,109,0x0640c2873b42bbb7c07b05c4a52bc7860ecce9ccc2c722a11d644f49f01e393c,2,2,8,917,99,631057,165,7,5.0,3.0,1,3,0,-0.5674326184463218,0.21878422082399557,0.21976684817325984,0.1295936967158839,0.2627484959550982,0.2281635810051726,0.9454747893155628,0.4135805297692148,-0.3438066262724858,-0.32093929558384293,-0.10580458203117477,0.14284337472493433,0.03426276406503436,0.07022922389698186,0.22834690999581267,2.00654500900669,1.9545284424103895,0.46804979386311524,-0.16768872326012685,0.4498737776166314,-0.07474350927519333,0.4336215268520482,-0.11446565675751612,0.1070099040812037,-0.6055303437398875,-0.6087635735998148,0.0,0.23453235360160135,0.25,0.87,1.8080697928026173,0.0025671174440384244,0.15025252525252525,5.739393939393939,9.555812429258715e-05,0.0021119324181626186,0.0012062726176115801,1.0,0.022988505747126436
0x01986532b4aec7d7cd533157a6bc0158687127d19d4b7822ac226f2c629a61dd,2,0x5614c3f40dab746fe0ed13fe9f3d00b6578e2dac,0xc9f27a50f82571c1c8423a42970613b8dbda14ef,2021-12-10 22:40:40+00:00,140926,98577969206,2351226,88853,0.0,372,2.0,69,1621,1659,0.9770946353224834,87,391,403,0.9702233250620348,85,402,2597520,110,0x01986532b4aec7d7cd533157a6bc0158687127d19d4b7822ac226f2c629a61dd,6,5,8,917,99,631468,76,7,5.0,3.0,1,3,0,-0.5674326184463218,0.22356174839263795,0.22443446264773614,0.1295936967158839,-0.29275992578362425,-0.2981444956032255,-0.3114462233196274,0.4328467035162279,1.2229071137033989,1.240387007256474,-0.10580458203117477,0.14284337472493433,0.03426276406503436,0.07653719206780524,-0.30890048288609634,-0.3420343844260196,-0.3294338386246347,0.46804979386311524,-0.16768872326012685,0.4498737776166314,-0.07474350927519333,0.4336215268520482,-0.11449022918363687,0.7978954563934433,-1.1869007373038116,-0.6091068141050439,0.0,-0.30194709972006467,0.25,0.87,1.8091603053435115,0.0025670302105091462,0.2109181141439206,5.302631578947368,0.0001505281381748213,0.01488833746898263,0.003616636528028933,1.2,0.05747126436781609
0x165d7261c857dbe7109d41f67936f146f9a5be1abc146facc91745e3b4227038,3,0x05e362bef8c3519a945a65e187e052e23613902c,0xc9f27a50f82571c1c8423a42970613b8dbda14ef,2021-12-10 23:04:39+00:00,126840,150000000000,856723,84263,0.0,2688,2.0,68,1622,1660,0.9771084337349397,87,2685,2733,0.9824368825466521,325,1463,9086196,111,0x165d7261c857dbe7109d41f67936f146f9a5be1abc146facc91745e3b4227038,7,5,6,917,99,631567,267,4,5.0,1.0,1,2,0,1.2896195873780052,0.22833927596128034,0.22910207712221248,0.1295936967158839,2.111648224157186,1.9560794354584796,1.6601945808140044,0.452112877263241,1.61458554869737,1.240387007256474,-1.135254569361523,0.14284337472493433,0.03426276406503436,0.07805662965639773,0.8440686411638433,1.7679086608170838,1.7754873438351948,-2.084949081753878,-0.16768872326012685,-2.120833523049833,-0.07474350927519333,-1.796432039815626,-0.13371951775791627,2.5768753181180513,-1.4044843276248296,-0.7403963073551546,0.0,1.9736690429410682,0.5,0.87,1.8102508178844057,0.0025682111823271602,0.22199453551912568,10.235955056179776,0.0002955031681571509,0.002561287961946579,0.004216867469879518,1.4,0.05747126436781609
0x59874f3c37e14784eb37e0942b17cf829283aede8c334790049dca2c3deb996b,3,0x6b7b5231b4897ea061c83c05b773b9ead6582cce,0xc9f27a50f82571c1c8423a42970613b8dbda14ef,2021-12-11 03:38:17+00:00,126822,73793806102,4360926,84251,0.0,196,2.0,67,1623,1661,0.9771222155328115,88,207,207,1.0,74,442,2848401,112,0x59874f3c37e14784eb37e0942b17cf829283aede8c334790049dca2c3deb996b,2,2,6,917,100,632800,52,4,5.0,1.0,1,2,0,1.2896195873780052,0.23311680352992273,0.2337696915966888,0.21598949452647312,-0.4856156797457468,-0.4877701996753689,-0.4018130935090855,0.4713790510102541,-0.3438066262724858,-0.32093929558384293,-1.135254569361523,0.14284337472493433,0.13215637567941985,0.09698053416886786,-0.4537761843373977,-0.2624889350294841,-0.2480482476078072,-2.084949081753878,-0.16768872326012685,-2.120833523049833,-0.07474350927519333,-1.796432039815626,-0.13374409018403702,-0.05952939382967559,-0.8943099954530764,-0.7407395478603837,0.0,-0.4748782055526896,0.5,0.8712871287128713,1.8113413304252999,0.0025647873502096237,0.1670428893905192,3.980769230769231,7.26723264483033e-05,0.00966183574879227,0.0012040939193257074,1.0,0.022727272727272728
0x9d7453ff07b37fc05148bca60fa7f0606018bd422362374c78827082e2f27f10,2,0x4c61f3259d705323c7f27377da09a3e222ecde66,0xc9f27a50f82571c1c8423a42970613b8dbda14ef,2021-12-11 04:39:34+00:00,140926,61453989669,10855081,88853,0.0,307,2.0,66,1624,1662,0.9771359807460891,88,303,315,0.9619047619047619,94,389,2509128,113,0x9d7453ff07b37fc05148bca60fa7f0606018bd422362374c78827082e2f27f10,2,2,8,917,100,633100,79,7,5.0,3.0,1,3,0,-0.5674326184463218,0.23789433109856511,0.23843730607116512,0.21598949452647312,-0.3849952863742046,-0.38328256681928985,-0.2375096931646162,0.49064522475726724,-0.3438066262724858,-0.32093929558384293,-0.10580458203117477,0.14284337472493433,0.13215637567941985,0.10158489049793601,-0.29079102020468367,-0.36788665547989363,-0.3581081310627206,0.46804979386311524,-0.16768872326012685,0.4498737776166314,-0.07474350927519333,0.4336215268520482,-0.11449022918363687,-0.4864336718739961,0.05116924480350982,-0.6091068141050439,0.0,-0.3658137013059773,0.25,0.8712871287128713,1.812431842966194,0.0025651515319040723,0.24102564102564103,3.9873417721518987,0.00012075903630303584,0.006349206349206349,0.0012033694344163659,1.0,0.022727272727272728
0xb094b0e933895089af85a4978bbfe61c5df80991230c58b42046e4d83a4ce325,2,0x16f037a3ddf53da1b047a926e1833219f0a8e1fc,0xc9f27a50f82571c1c8423a42970613b8dbda14ef,2021-12-11 08:45:43+00:00,140944,39702671293,4519343,88865,0.0,2715,2.0,65,1625,1663,0.9771497294046904,88,2643,2735,0.9663619744058501,289,446,2878461,114,0xb094b0e933895089af85a4978bbfe61c5df80991230c58b42046e4d83a4ce325,2,2,8,917,100,634167,391,7,5.0,3.0,1,3,0,-0.5674326184463218,0.2426718586672075,0.24310492054564145,0.21598949452647312,2.0676268020571364,1.958014391622481,1.3644484601939597,0.5099113985042804,-0.3438066262724858,-0.32093929558384293,-0.10580458203117477,0.14284337472493433,0.13215637567941985,0.11796105117498842,1.5925930986622334,-0.2545343900898306,-0.23829680821635932,0.46804979386311524,-0.16768872326012685,0.4498737776166314,-0.07474350927519333,0.4336215268520482,-0.11446565675751612,-1.2389352117661043,-0.8712461811764343,-0.6087635735998148,0.0,2.0001982466767547,0.25,0.8712871287128713,1.8135223555070883,0.002562412483758247,0.6465324384787472,6.994884910485934,0.000918198676932334,0.0007312614259597807,0.0012026458208057728,1.0,0.022727272727272728
0xf1e5bcb4c34dbb02af0cae2c1723a1dd0cf373c2b01679584ab2b623aabea553,3,0x7515774dc4c9dbf2e64deba45f294189f2a2a66b,0xc9f27a50f82571c1c8423a42970613b8dbda14ef,2021-12-11 10:36:36+00:00,287701,41026202072,17244283,185411,0.0,155,2.0,64,1626,1664,0.9771634615384616,88,159,167,0.9520958083832335,43,532,3435588,115,0xf1e5bcb4c34dbb02af0cae2c1723a1dd0cf373c2b01679584ab2b623aabea553,1,1,13,918,100,634666,50,7,6.0,3.0,1,3,0,1.2896195873780052,0.2474493862358499,0.24777253502011776,0.21598949452647312,-0.5359258764315179,-0.5264693229553982,-0.6564833640430129,0.5291775722512935,-0.735485061266457,-0.8413813965306152,2.467820386294696,0.15136286029500995,0.13215637567941985,0.1256196305356718,-0.46584915945833943,-0.08351167388727933,-0.057565265507138294,0.46804979386311524,1.718809413416307,0.4498737776166314,-0.07474350927519333,0.4336215268520482,0.0858774288093957,-1.1931467711724977,0.9813684551404762,2.152777911220489,0.0,-0.5151632927068807,0.23076923076923078,0.8712871287128713,1.812636165577342,0.0025619734443416784,0.08067542213883677,3.34,4.628027392100743e-05,0.005988023952095809,0.0006009615384615385,1.0,0.011363636363636364
0x54bf91680721a89cf223c14b4757d58ce2c502cab489f87727922485b83349b6,3,0x3dc5f821f21992c7bed140eb8415ef5862186c30,0xc9f27a50f82571c1c8423a42970613b8dbda14ef,2021-12-11 11:04:34+00:00,250959,47919220573,2846456,165716,0.0,18,2.0,63,1627,1665,0.9771771771771772,88,22,29,0.7586206896551724,10,67,422641,116,0x54bf91680721a89cf223c14b4757d58ce2c502cab489f87727922485b83349b6,1,1,6,919,100,634794,10,4,5.0,1.0,1,2,0,1.2896195873780052,0.25222691380449225,0.2524401494945941,0.21598949452647312,-0.6795195628054895,-0.6599812982714991,-0.9275839746113873,0.5484437459983066,-0.735485061266457,-0.8413813965306152,-1.135254569361523,0.15988234586508557,0.13215637567941985,0.12758415590274086,-0.707308661877175,-1.0082275231220041,-1.0349628057647804,-2.084949081753878,-0.16768872326012685,-2.120833523049833,-0.07474350927519333,-1.796432039815626,0.035719646557786075,-0.9546781438073381,-1.1148005665884115,1.5894344320133142,0.0,-0.649774437587958,0.5,0.8712871287128713,1.811751904243743,0.0025630321599886575,0.14705882352941177,2.9,5.205351100931758e-05,0.034482758620689655,0.0006006006006006006,1.0,0.011363636363636364
0x8648032a06797e0ef4103645a97ae0436f9bd51c2060ec442542eaca7dd8cfab,2,0x9d41eccedd6911c60c523d528a326f0dc2b59f4e,0xc9f27a50f82571c1c8423a42970613b8dbda14ef,2021-12-11 11:43:37+00:00,140944,68535053682,6041531,88865,0.0,861,2.0,62,1628,1666,0.9771908763505402,88,865,907,0.9536934950385888,212,424,2734422,117,0x8648032a06797e0ef4103645a97ae0436f9bd51c2060ec442542eaca7dd8cfab,3,3,8,919,100,634963,172,7,5.0,3.0,1,3,0,-0.5674326184463218,0.25700444137313466,0.2571077639690704,0.21598949452647312,0.20405326648836528,0.18946445772514334,0.7318803688677528,0.5677099197453197,0.047871808721485366,0.19950280536292936,-0.10580458203117477,0.15988234586508557,0.13215637567941985,0.13017794330144927,0.2706023229191089,-0.2982843872579251,-0.28502294189915245,0.46804979386311524,-0.16768872326012685,0.4498737776166314,-0.07474350927519333,0.4336215268520482,-0.11446565675751612,-0.2414594831031457,-0.6496319521092665,-0.6087635735998148,0.0,0.1785262568262626,0.25,0.8712871287128713,1.8128400435255714,0.0025639248839304275,0.4988235294117647,5.273255813953488,0.00031633730406743944,0.0033076074972436605,0.001800720288115246,1.0,0.03409090909090909
0xfc71072ebb950d6cb5c40b2141c598053be718edda4abd3f9cf80ca6781bf882,3,0x0b025d49201314db012911a95ec7e4609027a693,0xc9f27a50f82571c1c8423a42970613b8dbda14ef,2021-12-11 14:38:07+00:00,250977,53005207848,2085275,165728,0.0,1085,2.0,61,1629,1667,0.9772045590881824,88,1024,1107,0.9250225835591689,167,326,2098182,118,0xfc71072ebb950d6cb5c40b2141c598053be718edda4abd3f9cf80ca6781bf882,1,1,6,920,100,635748,199,4,5.0,1.0,1,2,0,1.2896195873780052,0.261781968941777,0.26177537844354676,0.21598949452647312,0.370705793009982,0.3829600741252897,0.3621977180926968,0.5869760934923328,-0.735485061266457,-0.8413813965306152,-1.135254569361523,0.1684018314351612,0.13215637567941985,0.14222600902917762,0.4335874870518229,-0.49317073827943697,-0.49141867704269204,-2.084949081753878,-0.16768872326012685,-2.120833523049833,-0.07474350927519333,-1.796432039815626,0.03574421898390683,-0.7787249813299756,-1.2256203473878764,1.5897776725185433,0.0,0.3986203915223307,0.5,0.8712871287128713,1.8119565217391305,0.002562331989511584,0.5107033639143731,5.562814070351759,0.0004880413195607819,0.0009033423667570009,0.0005998800239952009,1.0,0.011363636363636364
0x16c9adff84e1c9500ae7f5b59e82813121b7d7377c939a3a2bf0b4753faf835b,2,0xe37d4ea5c27017c227b6bf5a9ceda2e02c58637f,0xc9f27a50f82571c1c8423a42970613b8dbda14ef,2021-12-11 15:12:10+00:00,166576,48887251966,15207316,105953,0.0,136,2.0,60,1630,1668,0.9772182254196643,88,157,160,0.98125,71,539,3481308,119,0x16c9adff84e1c9500ae7f5b59e82813121b7d7377c939a3a2bf0b4753faf835b,2,2,8,920,100,635902,62,7,5.0,3.0,1,3,0,-0.5674326184463218,0.26655949651041944,0.26644299291802304,0.21598949452647312,-0.5380221346267584,-0.5332416695294032,-0.4264586035607559,0.6062422672393459,-0.3438066262724858,-0.32093929558384293,-0.10580458203117477,0.1684018314351612,0.13215637567941985,0.1445895786114326,-0.3934113087326888,-0.06959122024288562,-0.04273373493571457,0.46804979386311524,-0.16768872326012685,0.4498737776166314,-0.07474350927519333,0.4336215268520482,-0.07947452196155351,-0.9211884444105348,0.6848079308555248,-0.11998909415365083,0.0,-0.5338319916319936,0.25,0.8712871287128713,1.8130434782608695,0.002563284022877703,0.13148148148148148,2.5806451612903225,4.509797894987202e-05,0.0125,0.001199040767386091,1.0,0.022727272727272728
0x95e05620b1dd2b57fb5f192a8ae837d76ca53bd1c446a318ceaea3ac9ebccd3e,2,0x4d9fed7af38c4691e992d5d6396d8b2fc773fc99,0xc9f27a50f82571c1c8423a42970613b8dbda14ef,2021-12-12 03:56:52+00:00,140926,54316394667,16133825,88853,0.0,409,2.0,59,1631,1669,0.9772318753744758,89,411,429,0.958041958041958,97,288,1846645,120,0x95e05620b1dd2b57fb5f192a8ae837d76ca53bd1c446a318ceaea3ac9ebccd3e,2,2,8,920,101,639344,109,7,5.0,3.0,1,3,0,-0.5674326184463218,0.2713370240790618,0.27111060739249937,0.3023852923370624,-0.2717973438312197,-0.2729900654712064,-0.2128641831129458,0.625508440986359,-0.3438066262724858,-0.32093929558384293,-0.10580458203117477,0.1684018314351612,0.23004998729380532,0.1974168935602746,-0.10969639339055705,-0.5687389152061457,-0.5730170739224866,0.46804979386311524,-0.16768872326012685,0.4498737776166314,-0.07474350927519333,0.4336215268520482,-0.11449022918363687,-0.7333635883639102,0.8196976933282237,-0.6091068141050439,0.0,-0.26559226497116056,0.25,0.8725490196078431,1.8141304347826086,0.0025510483385339684,0.3356401384083045,3.9357798165137616,0.00022256566770241832,0.004662004662004662,0.0011983223487118035,1.0,0.02247191011235955
0x6131d1551975c7e4b30f1bc720f0c63661131c8b9fc4abed0d4b904c86a47010,3,0xdb952e1b416f8e1cedc0571f46710e0ec18beb52,0xc9f27a50f82571c1c8423a42970613b8dbda14ef,2021-12-12 06:46:33+00:00,101931,53944372542,17696353,101363,0.0,51,2.0,58,1632,1670,0.9772455089820359,89,53,53,1.0,34,143,915456,121,0x6131d1551975c7e4b30f1bc720f0c63661131c8b9fc4abed0d4b904c86a47010,10,9,6,920,101,640085,13,4,5.0,1.0,1,2,0,1.2896195873780052,0.2761145516477042,0.2757782218669757,0.3023852923370624,-0.6470275607792624,-0.6367618243034816,-0.7304198941980241,0.6447746147333722,2.7896208536792835,3.3221554110435627,-1.135254569361523,0.1684018314351612,0.23004998729380532,0.20878965369307295,-0.6891991991957623,-0.8570911692685868,-0.8750940232066836,-2.084949081753878,-0.16768872326012685,-2.120833523049833,-0.07474350927519333,-1.796432039815626,-0.167723660104695,-0.7462339448681543,1.047184993264804,-0.2512785874037616,0.0,-0.6173498552443408,0.5,0.8725490196078431,1.815217391304348,0.002549657389788247,0.2361111111111111,4.076923076923077,5.789458161333629e-05,0.18867924528301888,0.005988023952095809,1.1111111111111112,0.10112359550561797
0x5d9729950b1b89c267faeb624166fde14ed7662e6e3076fe6998a3ed53f9292f,3,0x08608176e1d6ac5be11de8403805d4b339899a1b,0xc9f27a50f82571c1c8423a42970613b8dbda14ef,2021-12-12 10:26:15+00:00,284239,43668908567,10485449,183103,0.0,564,2.0,57,1633,1671,0.9772591262716936,89,631,655,0.9633587786259542,192,469,3025350,122,0x5d9729950b1b89c267faeb624166fde14ed7662e6e3076fe6998a3ed53f9292f,1,1,12,921,101,641042,159,7,6.0,3.0,1,3,0,1.2896195873780052,0.28089207921634657,0.28044583634145204,0.3023852923370624,-0.04120894235476881,-0.054340018939041064,0.5675769685232834,0.6640407884803853,-0.735485061266457,-0.8413813965306152,1.9530953926295218,0.1769213170052368,0.23004998729380532,0.22347755038280037,0.19212798463298736,-0.20879575668682268,-0.19064613686671233,0.46804979386311524,1.718809413416307,0.4498737776166314,-0.07474350927519333,0.4336215268520482,0.08115133218550281,-1.1017205563291432,-0.0026452056576390963,2.0867613207147686,0.0,-0.11329498426629199,0.25,0.8725490196078431,1.8143322475570032,0.0025474110161096838,0.4085106382978723,4.119496855345912,0.00020857084020994588,0.0015267175572519084,0.0005984440454817474,1.0,0.011235955056179775
0xd3474a7ecc3685b26cc5b32090309ee79708ca50d638bb7f5c8e157471269cac,2,0x280a8675cf1d930c638f4f9eb9dbe75823801d5a,0xc9f27a50f82571c1c8423a42970613b8dbda14ef,2021-12-12 14:25:11+00:00,140944,39470385893,2603568,88865,0.0,3823,2.0,56,1634,1672,0.9772727272727273,89,3710,3904,0.9503073770491803,497,676,4366399,123,0xd3474a7ecc3685b26cc5b32090309ee79708ca50d638bb7f5c8e157471269cac,3,3,8,921,101,642154,490,7,5.0,3.0,1,3,0,-0.5674326184463218,0.2856696067849889,0.28511345081592837,0.3023852923370624,3.185980549217923,3.0889962694813367,3.0732038237764407,0.6833069622273984,0.047871808721485366,0.19950280536292936,-0.10580458203117477,0.1769213170052368,0.23004998729380532,0.24054436450921302,2.1902053671488515,0.20285194394024836,0.24438906088650755,0.46804979386311524,-0.16768872326012685,0.4498737776166314,-0.07474350927519333,0.4336215268520482,-0.11446565675751612,-1.2469712819560987,-1.1501624514999116,-0.6087635735998148,0.0,3.0888781629412345,0.25,0.8725490196078431,1.8154180238870792,0.002544556999478319,0.7341211225997046,7.96734693877551,0.0008496702088677171,0.0007684426229508197,0.0017942583732057417,1.0,0.033707865168539325
0x24e7c48bd5565a189707968171491db55e7e5cb7a046322b5a4e4e270180a05e,3,0xa58a950cc6083863d8179171d8a18a3537f46c5c,0xc9f27a50f82571c1c8423a42970613b8dbda14ef,2021-12-12 18:52:09+00:00,126822,58912173243,25933006,84251,0.0,318,2.0,55,1635,1673,0.9772863120143455,89,354,367,0.9645776566757494,124,356,2293271,124,0x24e7c48bd5565a189707968171491db55e7e5cb7a046322b5a4e4e270180a05e,2,2,6,921,101,643377,88,4,5.0,1.0,1,2,0,1.2896195873780052,0.29044713435363134,0.28978106529040465,0.3023852923370624,-0.3315407023955728,-0.3329737065552518,0.008945407352087771,0.7025731359744114,-0.3438066262724858,-0.32093929558384293,-1.135254569361523,0.1769213170052368,0.23004998729380532,0.2593147904773809,-0.2364626321604457,-0.4335116512320354,-0.4281319651518678,-2.084949081753878,-0.16768872326012685,-2.120833523049833,-0.07474350927519333,-1.796432039815626,-0.13374409018403702,-0.5743695266862964,2.246353233120048,-0.7407395478603837,0.0,-0.35500550719143825,0.5,0.8725490196078431,1.8165038002171552,0.0025412743363932245,0.3473389355742297,4.170454545454546,0.00015436459347168587,0.005449591280653951,0.001195457262402869,1.0,0.02247191011235955
0x785789a726e2a6f666d7fb0cef233252a65614ea64bf7378d656ac745eba94b4,3,0xed36b17651229475a8eefbb64b706c18aafd4311,0xc9f27a50f82571c1c8423a42970613b8dbda14ef,2021-12-13 06:20:49+00:00,126822,39421089053,16181483,84251,0.0,770,2.0,54,1636,1674,0.977299880525687,90,768,804,0.9552238805970149,179,433,2795865,125,0x785789a726e2a6f666d7fb0cef233252a65614ea64bf7378d656ac745eba94b4,2,2,6,921,102,646489,106,4,5.0,1.0,1,2,0,1.2896195873780052,0.2952246619222737,0.294448679764881,0.3887810901476516,0.10238474401920286,0.08981421527906797,0.4607797582993784,0.7218393097214245,-0.3438066262724858,-0.32093929558384293,-1.135254569361523,0.1769213170052368,0.3279435989081908,0.3070773134642479,-0.1278058560719697,-0.2803866611437046,-0.2650908829993277,-2.084949081753878,-0.16768872326012685,-2.120833523049833,-0.07474350927519333,-1.796432039815626,-0.13374409018403702,-1.2486767394079443,0.8266361864242691,-0.7407395478603837,0.0,0.08911301460598493,0.5,0.8737864077669902,1.8175895765472312,0.0025305882534919335,0.41244239631336405,7.584905660377358,0.0002746912763344166,0.0024875621890547263,0.0011947431302270011,1.0,0.022222222222222223
0x2dd8b5070a6a3cdb7dfb810b67145610b52d6004d2338ff7c0def66e7d2b73e7,2,0x12d3015a7aafe770d585bc17c2200c0f1eb57fe3,0xc9f27a50f82571c1c8423a42970613b8dbda14ef,2021-12-13 09:11:27+00:00,140927,41000000000,19930710,88853,0.0,17,,53,1637,1675,0.977313432835821,90,17,19,0.8947368421052632,11,257,1647986,126,0x2dd8b5070a6a3cdb7dfb810b67145610b52d6004d2338ff7c0def66e7d2b73e7,2,2,8,921,102,647235,14,7,5.0,3.0,1,3,0,-0.5674326184463218,0.3000021894909161,0.2991162942393573,0.3887810901476516,-0.6847602082935907,-0.6696560790915065,-0.9193688045941638,0.7411054834684376,-0.3438066262724858,-0.32093929558384293,-0.10580458203117477,0.1769213170052368,0.3279435989081908,0.3185268128691974,-0.6831627116352914,-0.6303866384884607,-0.6374618908907382,0.46804979386311524,-0.16768872326012685,0.4498737776166314,-0.07474350927519333,0.4336215268520482,-0.11448886404885239,-1.1940532495379708,1.3724833821732896,-0.6091068141050439,0.0,-0.6507570006892798,0.25,0.8737864077669902,1.8186753528773072,0.002529216545433196,0.04263565891472868,1.3571428571428572,1.0315615353761892e-05,0.10526315789473684,0.0011940298507462687,1.0,0.022222222222222223
0xc283c296975e68e06ad1e4b81976c68a3fd378d9732108cc016b098ad765d266,2,0xad82aecd14d42aa19f5b6175e23937f33d25babe,0xc9f27a50f82571c1c8423a42970613b8dbda14ef,2021-12-13 11:12:27+00:00,140926,39377182271,9975783,88853,0.0,320,2.0,52,1638,1677,0.9767441860465116,90,335,348,0.9626436781609196,86,359,2315274,127,0xc283c296975e68e06ad1e4b81976c68a3fd378d9732108cc016b098ad765d266,2,2,8,921,102,647776,99,7,5.0,3.0,1,3,0,-0.5674326184463218,0.3047797170595585,0.30845152318831,0.3887810901476516,-0.3514551552503572,-0.3513557901132657,-0.3032310533024039,0.7603716572154507,-0.3438066262724858,-0.32093929558384293,-0.10580458203117477,0.1769213170052368,0.3279435989081908,0.32683000211595026,-0.17006126899526594,-0.4275457425272952,-0.4209942099645748,0.46804979386311524,-0.16768872326012685,0.4498737776166314,-0.07474350927519333,0.4336215268520482,-0.11449022918363687,-1.250195724165354,-0.07684710297370459,-0.6091068141050439,0.0,-0.35304038098879476,0.25,0.8737864077669902,1.8208469055374592,0.002528647976078187,0.2388888888888889,3.515151515151515,0.000144691235382406,0.005747126436781609,0.0011926058437686344,1.0,0.022222222222222223
0x2df16be3e21077bb6d1c99fd7513d98681266257ed5f9aaa057931a047ea9727,2,0x679b4172e1698579d562d1d8b4774968305b80b2,0xc9f27a50f82571c1c8423a42970613b8dbda14ef,2021-12-13 11:12:27+00:00,140908,38877182271,13383181,88841,0.0,540,2.0,51,1638,1677,0.9767441860465116,90,548,568,0.9647887323943662,111,430,2775882,128,0x2df16be3e21077bb6d1c99fd7513d98681266257ed5f9aaa057931a047ea9727,2,2,8,921,102,647776,198,7,5.0,3.0,1,3,0,-0.5674326184463218,0.3047797170595585,0.30845152318831,0.3887810901476516,-0.128203657457248,-0.13851061207310472,-0.09785180287181729,0.7796378309624639,-0.3438066262724858,-0.32093929558384293,-0.10580458203117477,0.1769213170052368,0.3279435989081908,0.32683000211595026,0.427550999491352,-0.28635256984844476,-0.2715733518402892,0.46804979386311524,-0.16768872326012685,0.4498737776166314,-0.07474350927519333,0.4336215268520482,-0.11451480160975763,-1.267493561631666,0.419233460593351,-0.6094500546102729,0.0,-0.13687649869801358,0.25,0.8737864077669902,1.8208469055374592,0.002528647976078187,0.25754060324825984,2.8686868686868685,0.00019741466048821222,0.0035211267605633804,0.0011926058437686344,1.0,0.022222222222222223
0x5f3356a59da9e74ae0f71fb0face2c5c43c6321fd34954829a56538674ce8d0a,2,0x05e362bef8c3519a945a65e187e052e23613902c,0xc9f27a50f82571c1c8423a42970613b8dbda14ef,2021-12-13 12:47:15+00:00,140908,39592978670,12572222,93641,0.0,2696,2.0,50,1639,1678,0.9767580452920143,90,2693,2742,0.9821298322392414,328,1466,9102851,129,0x5f3356a59da9e74ae0f71fb0face2c5c43c6321fd34954829a56538674ce8d0a,8,6,8,921,102,648222,268,7,5.0,3.0,1,3,0,-0.5674326184463218,0.3095572446282009,0.31311913766278626,0.3887810901476516,2.120033256938148,1.964786738196486,1.6848400908656749,0.798904004709477,2.006263983691341,1.7608291082032461,-0.10580458203117477,0.1769213170052368,0.3279435989081908,0.3336751451918316,0.8501051287243141,1.7738745695218239,1.780890212200616,0.46804979386311524,-0.16768872326012685,0.4498737776166314,-0.07474350927519333,0.4336215268520482,-0.11451480160975763,-1.2427301020939192,0.30116653746028116,-0.4721538525186538,0.0,1.981529547751642,0.25,0.8737864077669902,1.8219326818675352,0.0025284508571895782,0.22358554873892297,10.23134328358209,0.0002958413473052182,0.0029175784099197666,0.004767580452920143,1.3333333333333333,0.06666666666666667
0x4b25719d1d5d5da4e4f9bb6166c4ee5f55f8fa37d4496a3eb8f78ac76bc9f612,2,0x4721a43133d1a13f3651a415b68f81e73edb5dc6,0xc9f27a50f82571c1c8423a42970613b8dbda14ef,2021-12-13 13:40:53+00:00,166558,50630968054,3949435,110741,0.0,556,2.0,49,1640,1679,0.9767718880285885,90,565,588,0.9608843537414966,122,347,2232837,130,0x4b25719d1d5d5da4e4f9bb6166c4ee5f55f8fa37d4496a3eb8f78ac76bc9f612,14,12,8,921,102,648487,73,7,5.0,3.0,1,3,0,-0.5674326184463218,0.31433477219684325,0.3177867521372626,0.3887810901476516,-0.11038546279770406,-0.11916105043309008,-0.00748493268235916,0.8181701784564901,4.356334593655168,4.88348171388388,-0.10580458203117477,0.1769213170052368,0.3279435989081908,0.3377423266158418,-0.327009945567509,-0.45140937734625586,-0.44773670527770815,0.46804979386311524,-0.16768872326012685,0.4498737776166314,-0.07474350927519333,0.4336215268520482,-0.07949909438767427,-0.8608634094552999,-0.9542186668741348,0.01696386743273921,0.0,-0.12115548907686585,0.25,0.8737864077669902,1.8230184581976112,0.0025289596723455177,0.3505747126436782,8.054794520547945,0.00025304119689829716,0.023809523809523808,0.008338296605122097,1.1666666666666667,0.13333333333333333
0xb54f46644ab29633c61f227ce1a0a1ab2d17237a49585cb4f0bd8eb82a2618a6,3,0xbae1d68661b98ba3b7dca7468b014a05a8c5e64f,0xc9f27a50f82571c1c8423a42970613b8dbda14ef,2021-12-13 13:59:15+00:00,284239,42439597740,4440642,183103,0.0,38,2.0,48,1641,1680,0.9767857142857143,90,41,42,0.9761904761904762,25,485,3130860,131,0xb54f46644ab29633c61f227ce1a0a1ab2d17237a49585cb4f0bd8eb82a2618a6,1,1,12,922,102,648575,22,7,6.0,3.0,1,3,0,1.2896195873780052,0.31911229976548566,0.32245436661173893,0.3887810901476516,-0.6596051099507052,-0.6474040832054896,-0.8043564243530353,0.8374363522035032,-0.735485061266457,-0.8413813965306152,1.9530953926295218,0.18544080257531242,0.3279435989081908,0.3390929378057018,-0.6348708111515243,-0.1769775769282085,-0.1564187792422391,0.46804979386311524,1.718809413416307,0.4498737776166314,-0.07474350927519333,0.4336215268520482,0.08115133218550281,-1.1442493940911906,-0.882704201763783,2.0867613207147686,0.0,-0.6301231755615234,0.25,0.8737864077669902,1.822125813449024,0.0025301583777383066,0.051440329218107,1.9090909090909092,1.3095439241793232e-05,0.023809523809523808,0.0005952380952380953,1.0,0.011111111111111112
0x82c81f9adc710e754a425594d0bc9c0ed03baf8353b8fd9f516578acd09975f1,2,0xbae1d68661b98ba3b7dca7468b014a05a8c5e64f,0xc9f27a50f82571c1c8423a42970613b8dbda14ef,2021-12-13 14:19:25+00:00,166576,63833814028,6409387,105953,0.0,39,2.0,47,1642,1681,0.9767995240928019,90,42,43,0.9767441860465116,25,485,3130935,132,0x82c81f9adc710e754a425594d0bc9c0ed03baf8353b8fd9f516578acd09975f1,2,1,8,922,102,648650,22,7,5.0,3.0,1,3,0,-0.5674326184463218,0.323889827334128,0.32712198108621526,0.3887810901476516,-0.6585569808530849,-0.6464366051234889,-0.8043564243530353,0.8567025259505163,-0.3438066262724858,-0.8413813965306152,-0.10580458203117477,0.18544080257531242,0.3279435989081908,0.34024402688796884,-0.6348708111515243,-0.1769775769282085,-0.15639444930363766,0.46804979386311524,-0.16768872326012685,0.4498737776166314,-0.07474350927519333,0.4336215268520482,-0.07947452196155351,-0.4041020419532917,-0.5960760681792053,-0.11998909415365083,0.0,-0.6291406124602016,0.25,0.8737864077669902,1.8232104121475055,0.002531407490314514,0.051440329218107,1.9545454545454546,1.3414518853148069e-05,0.046511627906976744,0.001189767995240928,2.0,0.011111111111111112
0x8d8ee96453f1cb59c2ddf88eec21d2faf7f72947e8deb36fd5df51376c1a1a26,3,0x0b025d49201314db012911a95ec7e4609027a693,0xc9f27a50f82571c1c8423a42970613b8dbda14ef,2021-12-13 14:46:09+00:00,163582,45002384697,5097147,103958,0.0,1093,2.0,46,1643,1682,0.9768133174791914,90,1032,1115,0.9255605381165919,168,328,2111211,133,0x8d8ee96453f1cb59c2ddf88eec21d2faf7f72947e8deb36fd5df51376c1a1a26,2,2,13,922,102,648777,200,7,6.0,3.0,1,3,0,1.2896195873780052,0.32866735490277044,0.3317895955606916,0.3887810901476516,0.3790908257909439,0.3906998987812955,0.37041288810992024,0.8759686996975294,-0.3438066262724858,-0.32093929558384293,2.467820386294696,0.18544080257531242,0.3279435989081908,0.3421932044006077,0.43962397461229374,-0.4891934658096102,-0.4871920801088539,0.46804979386311524,1.718809413416307,0.4498737776166314,-0.07474350927519333,0.4336215268520482,-0.08356173550630663,-1.0555880496052499,-0.7871241226580871,-0.17705282814798,0.0,0.4064808963329046,0.23076923076923078,0.8737864077669902,1.824295010845987,0.002532453319933783,0.5106382978723404,5.575,0.0004888187448726135,0.0017937219730941704,0.0011890606420927466,1.0,0.022222222222222223
0x619b87dae8dd189ac0f3eb268d53e4d6f99ccef58efad4cb62667d1bc8125a34,2,0x10690227d831a2daef1e7728226bf2501eb8beca,0xc9f27a50f82571c1c8423a42970613b8dbda14ef,2021-12-13 21:31:51+00:00,140926,91370029140,12354015,88853,0.0,170,2.0,45,1644,1683,0.9768270944741533,90,181,184,0.9836956521739131,59,1665,10047418,134,0x619b87dae8dd189ac0f3eb268d53e4d6f99ccef58efad4cb62667d1bc8125a34,2,2,8,922,102,650631,59,7,5.0,3.0,1,3,0,-0.5674326184463218,0.3334448824714128,0.3364572100351679,0.3887810901476516,-0.5128670362838729,-0.5100221955613857,-0.5250406437674375,0.8952348734445426,-0.3438066262724858,-0.32093929558384293,-0.10580458203117477,0.18544080257531242,0.3279435989081908,0.3706481265142489,-0.4115207714141014,2.1696131802695877,2.087306973732943,0.46804979386311524,-0.16768872326012685,0.4498737776166314,-0.07474350927519333,0.4336215268520482,-0.11449022918363687,0.5485319049362705,0.26939794114887977,-0.6091068141050439,0.0,-0.5004248461870546,0.25,0.8737864077669902,1.8253796095444685,0.0025267739674654796,0.035414165666266505,3.1186440677966103,1.8014576678846576e-05,0.010869565217391304,0.0011883541295306002,1.0,0.022222222222222223
0xeab93827cecb1e6d8f0ea0e55d37161f0e705d0359bd549c9a9a8972a4fed509,2,0xccff041faeb4afda1cf84b0c082d907387291453,0xc9f27a50f82571c1c8423a42970613b8dbda14ef,2021-12-14 08:30:06+00:00,140890,52817541281,5214578,93629,0.0,153,2.0,44,1645,1684,0.9768408551068883,91,168,172,0.9767441860465116,49,1575,9613012,135,0xeab93827cecb1e6d8f0ea0e55d37161f0e705d0359bd549c9a9a8972a4fed509,2,2,8,922,103,653523,50,7,5.0,3.0,1,3,0,-0.5674326184463218,0.33822241004005515,0.3411248245096442,0.47517688795824087,-0.5264927145529358,-0.5216319325453945,-0.6071923439396721,0.9145010471915557,-0.3438066262724858,-0.32093929558384293,-0.10580458203117477,0.18544080257531242,0.4258372105225763,0.41503412152646596,-0.46584915945833943,1.990635919127383,1.9463860229584486,0.46804979386311524,-0.16768872326012685,0.4498737776166314,-0.07474350927519333,0.4336215268520482,-0.1145393740358784,-0.7852174328776291,-0.7700274299147555,-0.4724970930238829,0.0,-0.5171284189095241,0.25,0.875,1.82646420824295,0.0025171225540301504,0.031091370558375634,3.44,1.747631049703147e-05,0.011627906976744186,0.0011876484560570072,1.0,0.02197802197802198
0x404c8dc7365d8d77cad320b682f0aac8494fa3563ef45d5e2383656af7a5b95f,3,0x32a59b87352e980dd6ab1baf462696d28e63525d,0xc9f27a50f82571c1c8423a42970613b8dbda14ef,2021-12-14 09:59:30+00:00,250959,38664348926,25144672,165716,0.0,7318,2.0,43,1646,1685,0.9768545994065282,91,6286,7384,0.8513001083423619,534,1422,8847943,136,0x404c8dc7365d8d77cad320b682f0aac8494fa3563ef45d5e2383656af7a5b95f,1,1,6,923,103,653935,1273,4,5.0,1.0,1,2,0,1.2896195873780052,0.34299993760869757,0.34579243898412054,0.47517688795824087,5.885961104687638,6.455819994843883,3.377165114413709,0.9337672209385688,-0.735485061266457,-0.8413813965306152,-1.135254569361523,0.19396028814538802,0.4258372105225763,0.42135743755171956,6.916775126997557,1.686374575185635,1.6981982656804833,-2.084949081753878,-0.16768872326012685,-2.120833523049833,-0.07474350927519333,-1.796432039815626,0.035719646557786075,-1.2748566748501091,2.131580267062349,1.5894344320133142,0.0,6.5229362020606905,0.5,0.875,1.8255687973997834,0.0025170658902400234,0.3752635277582572,5.800471327572663,0.0007104475344780663,0.00013542795232936077,0.0005934718100890207,1.0,0.01098901098901099
0x57f9cc3caa0d804e4f40364ee42bdd547642e5f1716af137b1b8bdf14dcf8473,2,0xd8047842874e3be4a1155ad052dbd5395d3a154f,0xc9f27a50f82571c1c8423a42970613b8dbda14ef,2021-12-14 13:45:08+00:00,140944,103069156692,2613294,88865,0.0,25,2.0,42,1647,1686,0.9768683274021353,91,28,29,0.9655172413793104,9,95,606999,137,0x57f9cc3caa0d804e4f40364ee42bdd547642e5f1716af137b1b8bdf14dcf8473,4,4,8,923,103,654942,13,7,5.0,3.0,1,3,0,-0.5674326184463218,0.34777746517733993,0.3504600534585969,0.47517688795824087,-0.6732307882197682,-0.6599812982714991,-0.9357991446286108,0.9530333946855819,0.43955024371545653,0.7199449063097016,-0.10580458203117477,0.19396028814538802,0.4258372105225763,0.43681272696295836,-0.6891991991957623,-0.9525457085444293,-0.9751572214890468,0.46804979386311524,-0.16768872326012685,0.4498737776166314,-0.07474350927519333,0.4336215268520482,-0.11446565675751612,0.9532711187205682,-1.1487464503279752,-0.6087635735998148,0.0,-0.6428964958787059,0.25,0.875,1.8266522210184182,0.0025147226552539688,0.09375,2.230769230769231,4.612850082372323e-05,0.13793103448275862,0.002372479240806643,1.0,0.04395604395604396
0xc03900f5a755543ade9666b0d8db91324ed86b3cb05bfbf7bd299f7417b87334,2,0x6721139dbafef557ed9a74642cad6af7666ad461,0xc9f27a50f82571c1c8423a42970613b8dbda14ef,2021-12-14 14:18:07+00:00,93951,54640196733,22611679,88853,0.0,157,2.0,41,1648,1687,0.976882039122703,91,168,169,0.9940828402366864,58,421,2715509,138,0xc03900f5a755543ade9666b0d8db91324ed86b3cb05bfbf7bd299f7417b87334,2,2,8,923,103,655086,48,7,5.0,3.0,1,3,0,-0.5674326184463218,0.35255499274598234,0.3551276679330732,0.47517688795824087,-0.5264927145529358,-0.5245343667913966,-0.5332558137846609,0.972299568432595,-0.3438066262724858,-0.32093929558384293,-0.10580458203117477,0.19396028814538802,0.4258372105225763,0.43902281800091103,-0.47792213457928123,-0.30425029596266523,-0.29115830361606704,0.46804979386311524,-0.16768872326012685,0.4498737776166314,-0.07474350927519333,0.4336215268520482,-0.1786174356848987,-0.7221614373460622,1.76280368300865,-0.6091068141050439,0.0,-0.5131981665042372,0.25,0.875,1.8277356446370532,0.0025156963884186375,0.13744075829383887,3.5208333333333335,6.186683164488438e-05,0.011834319526627219,0.0011855364552459987,1.0,0.02197802197802198
0x0795e71d7bf6a4ad5b81f451ec70af66fe47539a8035a799da16715d4f3701bc,2,0xe9eea3829349eeb1c1a27437446ca85c11280463,0xc9f27a50f82571c1c8423a42970613b8dbda14ef,2021-12-14 15:11:44+00:00,140926,61570761972,5797922,88853,0.0,655,2.0,40,1649,1688,0.9768957345971564,91,652,670,0.9731343283582089,68,417,2691910,139,0x0795e71d7bf6a4ad5b81f451ec70af66fe47539a8035a799da16715d4f3701bc,2,2,8,923,103,655351,100,7,5.0,3.0,1,3,0,-0.5674326184463218,0.3573325203146247,0.3597952824075495,0.47517688795824087,-0.019198231304743955,-0.039827847709030084,-0.4511041136124263,0.9915657421796081,-0.3438066262724858,-0.32093929558384293,-0.10580458203117477,0.19396028814538802,0.4258372105225763,0.4430899994249213,-0.16402478143479504,-0.3122048409023188,-0.29881379989679824,0.46804979386311524,-0.16768872326012685,0.4498737776166314,-0.07474350927519333,0.4336215268520482,-0.11449022918363687,-0.4823938552382742,-0.6850988068793893,-0.6091068141050439,0.0,-0.023881742046014322,0.25,0.875,1.828819068255688,0.0025162050317997045,0.16267942583732056,6.7,0.00024220711605992917,0.0029850746268656717,0.001184834123222749,1.0,0.02197802197802198
0xf3ff50bb8418c9d83134e21694283b2ba0e9853968337e021a971a8d172db9ae,2,0x01a9166c6492713e939f85e23cccfa88e5ef671f,0xc9f27a50f82571c1c8423a42970613b8dbda14ef,2021-12-14 18:11:31+00:00,140926,66302210859,4575888,88853,0.0,52,2.0,39,1650,1689,0.9769094138543517,91,70,70,1.0,17,130,836362,140,0xf3ff50bb8418c9d83134e21694283b2ba0e9853968337e021a971a8d172db9ae,3,3,8,923,103,656146,14,7,5.0,3.0,1,3,0,-0.5674326184463218,0.3621100478832671,0.3644628968820258,0.47517688795824087,-0.6292093661197184,-0.6203146969094692,-0.8700777844908231,1.0108319159266212,0.047871808721485366,0.19950280536292936,-0.10580458203117477,0.19396028814538802,0.4258372105225763,0.4552915436969519,-0.6831627116352914,-0.8829434403224607,-0.9007520520565565,0.46804979386311524,-0.16768872326012685,0.4498737776166314,-0.07474350927519333,0.4336215268520482,-0.11449022918363687,-0.31870618758329633,-0.8630138363001095,-0.6091068141050439,0.0,-0.6163672921430191,0.25,0.875,1.829902491874323,0.002514680399361728,0.1297709923664122,5.0,8.369571585543598e-05,0.04285714285714286,0.0017761989342806395,1.0,0.03296703296703297
0x699dde4890a5dc86fc0543c0c8b293b5587f08a0eb3ff93cb8492c13febcf2e7,2,0x05e362bef8c3519a945a65e187e052e23613902c,0xc9f27a50f82571c1c8423a42970613b8dbda14ef,2021-12-14 18:20:41+00:00,166558,61940298662,15117631,110741,0.0,2717,2.0,38,1651,1690,0.9769230769230769,91,2713,2762,0.9822592324402607,329,1467,9110817,141,0x699dde4890a5dc86fc0543c0c8b293b5587f08a0eb3ff93cb8492c13febcf2e7,9,7,8,923,103,656188,270,7,5.0,3.0,1,3,0,-0.5674326184463218,0.3668875754519095,0.36913051135650216,0.47517688795824087,2.1409958388905523,1.9841362998365009,1.6930552608828984,1.0300980896736343,2.397942418685312,2.281271209150018,-0.10580458203117477,0.19396028814538802,0.4258372105225763,0.4559361535830214,0.862178103845256,1.7758632057567372,1.783474376079268,0.46804979386311524,-0.16768872326012685,0.4498737776166314,-0.07474350927519333,0.4336215268520482,-0.07949909438767427,-0.46960948403535635,0.6717507578033861,0.01696386743273921,0.0,2.0021633728793984,0.25,0.875,1.8309859154929577,0.0025160433960337647,0.22411444141689374,10.22962962962963,0.00029777787241496865,0.0032585083272990588,0.0053254437869822485,1.2857142857142858,0.07692307692307693
0x7632c8e44a12406a38b7095c708be03cf5afc559bf6451fceb6a34cb70681a32,3,0xcbc6d27dd9ad183faf892637c67d274c617b4d78,0xc9f27a50f82571c1c8423a42970613b8dbda14ef,2021-12-14 18:44:10+00:00,287719,68669600638,8524596,185423,0.0,259,2.0,37,1652,1691,0.976936723832052,91,287,301,0.9534883720930233,92,1019,6518407,142,0x7632c8e44a12406a38b7095c708be03cf5afc559bf6451fceb6a34cb70681a32,1,1,13,924,103,656293,116,7,6.0,3.0,1,3,0,1.2896195873780052,0.3716651030205519,0.3737981258309785,0.47517688795824087,-0.40176535193612833,-0.3968272599673001,-0.2539400331990631,1.0493642634206475,-0.735485061266457,-0.8413813965306152,2.467820386294696,0.20247977371546363,0.4258372105225763,0.45754767829819526,-0.06744098046726084,0.88495417251554,0.9424986943499464,0.46804979386311524,1.718809413416307,0.4498737776166314,-0.07474350927519333,0.4336215268520482,0.08590200123551646,-0.2368047403501956,-0.2881243487786222,2.153121151725718,0.0,-0.41297673016942044,0.23076923076923078,0.875,1.83008658008658,0.0025171645634426035,0.09019607843137255,2.5948275862068964,4.4029155585228784e-05,0.0033222591362126247,0.0005913660555884093,1.0,0.01098901098901099
0x7bc150321aa4682d07dadc9c0f5697d2b381d452765896a647173266fe79d604,3,0xf5b0befc14cac8f0647237876f4258fd0d3d6337,0xc9f27a50f82571c1c8423a42970613b8dbda14ef,2021-12-14 18:54:28+00:00,250941,53697673212,23289771,165704,0.0,3,,36,1653,1692,0.9769503546099291,91,5,5,1.0,2,8,54100,143,0x7bc150321aa4682d07dadc9c0f5697d2b381d452765896a647173266fe79d604,1,1,6,925,103,656346,4,4,5.0,1.0,1,2,0,1.2896195873780052,0.37644263058919425,0.3784657403054548,0.47517688795824087,-0.6973377574650335,-0.6832007722395167,-0.993305334749175,1.0686304371676605,-0.735485061266457,-0.8413813965306152,-1.135254569361523,0.21099925928553925,0.4258372105225763,0.45836111458299733,-0.7435275872400003,-1.125557060981894,-1.1545172044595107,-2.084949081753878,-0.16768872326012685,-2.120833523049833,-0.07474350927519333,-1.796432039815626,0.03569507413166531,-0.7547686746949305,1.8615265975347228,1.5890911915080852,0.0,-0.664512884107784,0.5,0.875,1.8291891891891892,0.002518484886805303,0.2222222222222222,1.25,9.24197334614887e-05,0.2,0.000591016548463357,1.0,0.01098901098901099
0x586db3b91ae2946a6733777187654b37d435238ebdeb719f72e2c65fc5b81acb,2,0x24244ef4839fda2084df4b7c0e4db4d806819cf3,0xc9f27a50f82571c1c8423a42970613b8dbda14ef,2021-12-14 21:45:40+00:00,166594,127282957903,6607210,105965,0.0,333,2.0,35,1654,1693,0.9769639692852924,91,333,346,0.9624277456647399,104,438,2832420,144,0x586db3b91ae2946a6733777187654b37d435238ebdeb719f72e2c65fc5b81acb,2,2,8,925,103,657104,116,7,5.0,3.0,1,3,0,-0.5674326184463218,0.3812201581578366,0.3831333547799311,0.47517688795824087,-0.3535514134455977,-0.35329074627726714,-0.15535799299238154,1.0878966109146737,-0.3438066262724858,-0.32093929558384293,-0.10580458203117477,0.21099925928553925,0.4258372105225763,0.4699947882411095,-0.06744098046726084,-0.2704434799691377,-0.2532324709249971,0.46804979386311524,-0.16768872326012685,0.4498737776166314,-0.07474350927519333,0.4336215268520482,-0.07944994953543276,1.790963914299503,-0.5672751634047922,-0.11964585364842178,0.0,-0.3402670606716122,0.25,0.875,1.8302702702702702,0.0025171015286750216,0.23690205011389523,2.9827586206896552,0.00011756726842513877,0.005780346820809248,0.0011813349084465446,1.0,0.02197802197802198
0x94ce7bd57a6f9e2f2d73b63182d39b66b78b7bd994407b9fe786b72cd31c8b28,2,0x80196c4dc520d87f3d9c619e547d8d5bc0d3502d,0xc9f27a50f82571c1c8423a42970613b8dbda14ef,2021-12-14 22:19:15+00:00,166576,69406249484,23421264,105953,0.0,314,2.0,34,1655,1694,0.9769775678866588,91,370,374,0.9893048128342246,123,362,2332313,145,0x94ce7bd57a6f9e2f2d73b63182d39b66b78b7bd994407b9fe786b72cd31c8b28,2,2,8,925,103,657260,90,7,5.0,3.0,1,3,0,-0.5674326184463218,0.385997685726479,0.38780096925440743,0.47517688795824087,-0.31477063683364914,-0.32620135998124666,0.0007302373348643055,1.1071627846616867,-0.3438066262724858,-0.32093929558384293,-0.10580458203117477,0.21099925928553925,0.4258372105225763,0.472389053532225,-0.22438965703950392,-0.42157983382255504,-0.41546677231351425,0.46804979386311524,-0.16768872326012685,0.4498737776166314,-0.07474350927519333,0.4336215268520482,-0.07947452196155351,-0.21131987633448698,1.880670566494358,-0.11998909415365083,0.0,-0.35893575959672513,0.25,0.875,1.8313513513513513,0.0025180255636649673,0.33884297520661155,4.155555555555556,0.0001586407319083108,0.0053475935828877,0.0011806375442739079,1.0,0.02197802197802198
0x7f54c5524d77d059a2b26ec296e74d58af31c79451347fbadb37f686f68bbbc6,2,0x72b223de2f773c814465c4a8f2ef9faae702cfb3,0xc9f27a50f82571c1c8423a42970613b8dbda14ef,2021-12-15 07:26:18+00:00,140944,49118280930,15098598,88865,0.0,2854,2.0,33,1656,1695,0.9769911504424779,92,2527,2865,0.8820244328097732,270,458,2956167,146,0x7f54c5524d77d059a2b26ec296e74d58af31c79451347fbadb37f686f68bbbc6,4,4,8,925,104,659677,324,7,5.0,3.0,1,3,0,-0.5674326184463218,0.3907752132951214,0.39246858372888377,0.5615726857688301,1.9460438267331894,2.083786542282576,1.2083602298667138,1.1264289584087,0.43955024371545653,0.7199449063097016,-0.10580458203117477,0.21099925928553925,0.5237308221369618,0.5094848176900841,1.1881484321106839,-0.23067075527086994,-0.21308904543020332,0.46804979386311524,-0.16768872326012685,0.4498737776166314,-0.07474350927519333,0.4336215268520482,-0.11446565675751612,-0.9131958414719699,0.6689797573607106,-0.6087635735998148,0.0,2.1367745177604758,0.25,0.8761904761904762,1.8324324324324324,0.0025103156388419806,0.5882352941176471,8.842592592592593,0.0008548228652769396,0.0013961605584642235,0.002359882005899705,1.0,0.043478260869565216
0xac23743211a40a137df4202febd43cf913c313b922a34797bd54290298cb2db0,3,0xd0af26b04197ab1ef5550b397943b7dafd6ce90e,0xc9f27a50f82571c1c8423a42970613b8dbda14ef,2021-12-15 09:04:13+00:00,250977,69665962286,9630455,165728,0.0,17,2.0,32,1657,1696,0.9770047169811321,92,18,18,1.0,5,81,512534,147,0xac23743211a40a137df4202febd43cf913c313b922a34797bd54290298cb2db0,1,1,6,926,104,660105,11,4,5.0,1.0,1,2,0,1.2896195873780052,0.3955527408637638,0.3971361982033601,0.5615726857688301,-0.6837120791959704,-0.6706235571735072,-0.9686598246975047,1.145695132155713,-0.735485061266457,-0.8413813965306152,-1.135254569361523,0.21951874485561487,0.5237308221369618,0.5160536993862214,-0.7012721743167041,-0.9803866158332167,-1.0058015901554849,-2.084949081753878,-0.16768872326012685,-2.120833523049833,-0.07474350927519333,-1.796432039815626,0.03574421898390683,-0.20233493666065402,-0.1271231519869059,1.5897776725185433,0.0,-0.6507570006892798,0.5,0.8761904761904762,1.8315334773218142,0.0025102029068058765,0.06097560975609756,1.6363636363636365,3.511955281102754e-05,0.05555555555555555,0.0005896226415094339,1.0,0.010869565217391304
0xc984d53e704f140d5e85b8dd4fc1a7ad2a2f23d8243c8bad6caa3c13fe0e2bbe,2,0xb6f951f9fc00e430f09e0bb6881e553fc0c87ac4,0xc9f27a50f82571c1c8423a42970613b8dbda14ef,2021-12-15 11:36:37+00:00,140908,50100000000,689699,88841,0.0,34,,31,1658,1697,0.9770182675309369,92,42,42,1.0,19,237,1520171,148,0xc984d53e704f140d5e85b8dd4fc1a7ad2a2f23d8243c8bad6caa3c13fe0e2bbe,2,2,8,926,104,660803,19,7,5.0,3.0,1,3,0,-0.5674326184463218,0.40033026843240616,0.40180381267783644,0.5615726857688301,-0.6585569808530849,-0.6474040832054896,-0.8536474444563761,1.1649613059027262,-0.3438066262724858,-0.32093929558384293,-0.10580458203117477,0.21951874485561487,0.5237308221369618,0.5267665017785199,-0.652980273832937,-0.6701593631867284,-0.6789249722552729,0.46804979386311524,-0.16768872326012685,0.4498737776166314,-0.07474350927519333,0.4336215268520482,-0.11451480160975763,-0.8792326076510919,-1.428801228688111,-0.6094500546102729,0.0,-0.6340534279668103,0.25,0.8761904761904762,1.8326133909287257,0.00250906471510463,0.07983193277310924,2.210526315789474,2.7628452569840782e-05,0.047619047619047616,0.0011785503830288745,1.0,0.021739130434782608
0x16273640fc6e6c4def95c51a16bb1550a435f13d41ad6101855a225c5e51138a,3,0x4da86804c5cc2b8d0a48618e6e1da4a3cae07793,0xc9f27a50f82571c1c8423a42970613b8dbda14ef,2021-12-16 03:37:35+00:00,250959,75857217673,11231570,165716,0.0,44,2.0,30,1659,1698,0.9770318021201413,93,51,52,0.9807692307692307,20,1403,8737111,149,0x16273640fc6e6c4def95c51a16bb1550a435f13d41ad6101855a225c5e51138a,1,1,6,927,105,665123,24,4,5.0,1.0,1,2,0,1.2896195873780052,0.40510779600104857,0.4064714271523127,0.6479684835794194,-0.6491238189745029,-0.6377293023854823,-0.8454322744391527,1.1842274796497392,-0.735485061266457,-0.8413813965306152,-1.135254569361523,0.2280382304256905,0.6216244337513472,0.5930692329171013,-0.6227978360305826,1.6485904867222805,1.6622444556128535,-2.084949081753878,-0.16768872326012685,-2.120833523049833,-0.07474350927519333,-1.796432039815626,0.035719646557786075,0.011855722132855531,0.10598200084104849,1.5894344320133142,0.0,-0.624227796953593,0.5,0.8773584905660378,1.831715210355987,0.0024942717448175077,0.014245014245014245,2.1666666666666665,5.837169078294979e-06,0.019230769230769232,0.0005889281507656066,1.0,0.010752688172043012
0x481c75c63b72f5161693b737dcb581ebe14a4ec8d129f1cf0b15df577351153a,2,0xe905fceb934d98c75022fda23b491ddfccd47f83,0xc9f27a50f82571c1c8423a42970613b8dbda14ef,2021-12-16 09:47:42+00:00,140908,51537240250,10236334,88841,0.0,133,2.0,29,1660,1699,0.9770453207769276,93,137,142,0.9647887323943662,37,265,1700409,150,0x481c75c63b72f5161693b737dcb581ebe14a4ec8d129f1cf0b15df577351153a,2,2,8,927,105,666826,54,7,5.0,3.0,1,3,0,-0.5674326184463218,0.40988532356969093,0.41113904162678905,0.6479684835794194,-0.5589847165791629,-0.5506562750054165,-0.7057743841463537,1.2034936533967524,-0.3438066262724858,-0.32093929558384293,-0.10580458203117477,0.2280382304256905,0.6216244337513472,0.6192066290117783,-0.4417032092164559,-0.6144775486091536,-0.6204559126067106,0.46804979386311524,-0.16768872326012685,0.4498737776166314,-0.07474350927519333,0.4336215268520482,-0.11451480160975763,-0.8295103111620086,-0.03891367490983888,-0.6094500546102729,0.0,-0.5367796809359587,0.25,0.8773584905660378,1.8327939590075513,0.0024894012989875934,0.13909774436090225,2.6296296296296298,8.056880399433078e-05,0.014084507042253521,0.0011771630370806356,1.0,0.021505376344086023
0x4a40ae815999bbd4ca994ad7d6d8ddb2d3f8ccba3f3d90d84bc246f8638a47fb,2,0xccff041faeb4afda1cf84b0c082d907387291453,0xc9f27a50f82571c1c8423a42970613b8dbda14ef,2021-12-17 07:24:58+00:00,166558,47327558603,20162406,105941,0.0,159,2.0,28,1661,1700,0.9770588235294118,94,175,179,0.9776536312849162,50,1578,9632123,151,0x4a40ae815999bbd4ca994ad7d6d8ddb2d3f8ccba3f3d90d84bc246f8638a47fb,3,3,8,927,106,672634,51,7,5.0,3.0,1,3,0,-0.5674326184463218,0.41466285113833334,0.4158066561012654,0.7343642813900086,-0.5191558108695942,-0.5148595859713894,-0.5989771739224486,1.2227598271437654,0.047871808721485366,0.19950280536292936,-0.10580458203117477,0.2280382304256905,0.7195180453657327,0.7083469675425378,-0.45981267189786856,1.9966018278321231,1.9525856157132708,0.46804979386311524,-0.16768872326012685,0.4498737776166314,-0.07474350927519333,0.4336215268520482,-0.07949909438767427,-0.975147088991454,1.4062158320532956,-0.12033233465887988,0.0,-0.5112330403015937,0.25,0.8785046728971962,1.8338727076591155,0.0024693927613044222,0.031665611146295125,3.5098039215686274,1.816837075602432e-05,0.01675977653631285,0.0017647058823529412,1.0,0.031914893617021274
0x4283f9d3882774c126f45efe7cacabbdda3137e5125015f7fbb8fe55195b7183,2,0xe29bdd620872e4daea7cfd491a39798a1f564915,0xc9f27a50f82571c1c8423a42970613b8dbda14ef,2021-12-17 09:36:26+00:00,166540,49427507694,3968874,110729,0.0,286,2.0,27,1662,1701,0.9770723104056437,94,298,311,0.9581993569131833,92,299,1920829,152,0x4283f9d3882774c126f45efe7cacabbdda3137e5125015f7fbb8fe55195b7183,3,3,8,927,106,673210,59,7,5.0,3.0,1,3,0,-0.5674326184463218,0.4194403787069757,0.4204742705757417,0.7343642813900086,-0.39023593186230576,-0.3871524791472928,-0.2539400331990631,1.2420260008907786,0.047871808721485366,0.19950280536292936,-0.10580458203117477,0.2280382304256905,0.7195180453657327,0.7171873316943487,-0.4115207714141014,-0.5468639166220984,-0.5489518450530532,0.46804979386311524,-0.16768872326012685,0.4498737776166314,-0.07474350927519333,0.4336215268520482,-0.07952366681379504,-0.9024979328641587,-0.9513885571906813,0.016620626927510162,0.0,-0.38644752643373365,0.25,0.8785046728971962,1.8349514563106797,0.0024687653647964755,0.30666666666666664,5.271186440677966,0.00015514126705642873,0.00964630225080386,0.001763668430335097,1.0,0.031914893617021274
0xaa3665e6415be904b011c4168ff6bc210794416303598262c824074b2a44d086,2,0x4da86804c5cc2b8d0a48618e6e1da4a3cae07793,0xc9f27a50f82571c1c8423a42970613b8dbda14ef,2021-12-17 12:36:06+00:00,140926,98985582915,7014109,88853,0.0,45,2.0,26,1663,1702,0.9770857814336075,94,52,53,0.9811320754716981,21,1404,8745963,153,0xaa3665e6415be904b011c4168ff6bc210794416303598262c824074b2a44d086,2,2,8,927,106,673975,24,7,5.0,3.0,1,3,0,-0.5674326184463218,0.4242179062756181,0.42514188505021805,0.7343642813900086,-0.6480756898768826,-0.6367618243034816,-0.8372171044219292,1.2612921746377916,-0.3438066262724858,-0.32093929558384293,-0.10580458203117477,0.2280382304256905,0.7195180453657327,0.7289284403334725,-0.6227978360305826,1.6505791229571938,1.6651160371661833,0.46804979386311524,-0.16768872326012685,0.4498737776166314,-0.07474350927519333,0.4336215268520482,-0.11449022918363687,0.8119971277680884,-0.508035037879429,-0.6091068141050439,0.0,-0.6232452338522713,0.25,0.8785046728971962,1.836030204962244,0.0024674469120562156,0.01494661921708185,2.2083333333333335,5.945599593138046e-06,0.03773584905660377,0.0011750881316098707,1.0,0.02127659574468085
0xbaab16b87806a10999effa9cd754f035475b50f8d5f1859e7db33d83d9ee93a4,2,0xc96aea91ec00b495b3d91dd139a206558a1c5497,0xc9f27a50f82571c1c8423a42970613b8dbda14ef,2021-12-17 13:32:33+00:00,140926,49934092065,26604597,88853,0.0,627,,25,1664,1703,0.9770992366412213,94,581,636,0.9135220125786163,140,496,3200741,154,0xbaab16b87806a10999effa9cd754f035475b50f8d5f1859e7db33d83d9ee93a4,2,2,8,927,106,674215,148,7,5.0,3.0,1,3,0,-0.5674326184463218,0.4289954338442605,0.4298094995246943,0.7343642813900086,-0.09361539723578037,-0.07272210249705496,0.14038812762766323,1.2805583483848046,-0.3438066262724858,-0.32093929558384293,-0.10580458203117477,0.2280382304256905,0.7195180453657327,0.732611925396727,0.12572662146780758,-0.15510257834416125,-0.13374944005016426,0.46804979386311524,-0.16768872326012685,0.4498737776166314,-0.07474350927519333,0.4336215268520482,-0.11449022918363687,-0.8849723046390948,2.344129671847359,-0.6091068141050439,0.0,-0.05139350888302284,0.25,0.8785046728971962,1.8371089536138079,0.00246805178162488,0.28169014084507044,4.297297297297297,0.0001815204099549417,0.0031446540880503146,0.0011743981209630064,1.0,0.02127659574468085
0xc97fca12aadd36b7258b24f07114fc5328963cac9d586215cb115b97a9acb277,3,0x13906045e62f0c0aa6b01fd14ca164817e3e474f,0xc9f27a50f82571c1c8423a42970613b8dbda14ef,2021-12-17 13:34:26+00:00,287719,54982322676,27621894,185423,0.0,123,2.0,24,1665,1704,0.977112676056338,94,337,342,0.9853801169590644,266,2102,12665257,155,0xc97fca12aadd36b7258b24f07114fc5328963cac9d586215cb115b97a9acb277,1,1,13,928,106,674222,39,7,6.0,3.0,1,3,0,1.2896195873780052,0.43377296141290284,0.43447711399917066,0.7343642813900086,-0.34935889705511675,-0.3571606586052701,1.17549954979782,1.2998245221318179,-0.735485061266457,-0.8413813965306152,2.467820386294696,0.2365577159957661,0.7195180453657327,0.7327193603777385,-0.5322505226235192,3.0386472149267374,2.9365318022448705,0.46804979386311524,1.718809413416307,0.4498737776166314,-0.07474350927519333,0.4336215268520482,0.08590200123551646,-0.7103253594360167,2.492237192329285,2.153121151725718,0.0,-0.546605311949176,0.23076923076923078,0.8785046728971962,1.8362068965517242,0.0024695093463142016,0.12648597242035187,8.76923076923077,2.6608222272297966e-05,0.0029239766081871343,0.0005868544600938967,1.0,0.010638297872340425
0x523233604e889ade938e2e629e6b01878283709329714093c7553c54ff7c6252,3,0x9ef7b6db1547ae9827a036838f633808feb9e24d,0xc9f27a50f82571c1c8423a42970613b8dbda14ef,2021-12-17 15:55:09+00:00,287701,79619823196,12777100,185411,0.0,588,2.0,23,1666,1705,0.9771260997067449,94,564,599,0.9415692821368948,134,514,3319173,156,0x523233604e889ade938e2e629e6b01878283709329714093c7553c54ff7c6252,1,1,13,929,106,674843,173,7,6.0,3.0,1,3,0,1.2896195873780052,0.43855048898154525,0.439144728473647,0.7343642813900086,-0.1114335918953243,-0.10851879153108204,0.09109710752432243,1.3190906958788309,-0.735485061266457,-0.8413813965306152,2.467820386294696,0.2450772015658417,0.7195180453657327,0.7422503779789097,0.2766388104795798,-0.11930712611572028,-0.09533019620425756,0.46804979386311524,1.718809413416307,0.4498737776166314,-0.07474350927519333,0.4336215268520482,0.0858774288093957,0.14202559970625947,0.33099457448515796,2.152777911220489,0.0,-0.08971346983457042,0.23076923076923078,0.8785046728971962,1.8353067814854682,0.0024687186964691098,0.26019417475728157,3.46242774566474,0.0001699217937956853,0.001669449081803005,0.0005865102639296188,1.0,0.010638297872340425
0x6c91e55a54299c2879252380c694636ad117d7b41f6b919294f08eeaacd560c2,2,0x941d8b7b8f6088d04bfa271d6754f3164898c78e,0xc9f27a50f82571c1c8423a42970613b8dbda14ef,2021-12-18 09:50:44+00:00,140926,45693964995,18513548,88853,0.0,91,2.0,22,1667,1706,0.9771395076201641,95,96,109,0.8807339449541285,40,363,2336776,157,0x6c91e55a54299c2879252380c694636ad117d7b41f6b919294f08eeaacd560c2,2,2,8,929,107,679744,26,7,5.0,3.0,1,3,0,-0.5674326184463218,0.4433280165501876,0.44381234294812333,0.8207600792005979,-0.6019580095815925,-0.5825830517114405,-0.6811288740946834,1.338356869625844,-0.3438066262724858,-0.32093929558384293,-0.10580458203117477,0.2450772015658417,0.8174116569801182,0.8174702125414531,-0.6107248609096407,-0.4195911975876417,-0.4140189787671393,0.46804979386311524,-0.16768872326012685,0.4498737776166314,-0.07474350927519333,0.4336215268520482,-0.11449022918363687,-1.0316623624258345,1.1661598110419409,-0.6091068141050439,0.0,-0.5780473311914716,0.25,0.8796296296296297,1.836383207750269,0.0024523902345732593,0.10989010989010989,4.1923076923076925,4.1082225646692e-05,0.01834862385321101,0.0011723329425556857,1.0,0.021052631578947368
0x93a1e1e9f565a5cea83853dfb28e5e65f4f595882b302d6a84df9c5812941285,2,0xe29bdd620872e4daea7cfd491a39798a1f564915,0xc9f27a50f82571c1c8423a42970613b8dbda14ef,2021-12-18 19:13:31+00:00,166576,42936233280,16610658,105953,0.0,288,2.0,21,1668,1707,0.9771528998242531,95,301,314,0.9585987261146497,93,300,1929866,158,0x93a1e1e9f565a5cea83853dfb28e5e65f4f595882b302d6a84df9c5812941285,4,4,8,929,107,682247,59,7,5.0,3.0,1,3,0,-0.5674326184463218,0.44810554411883,0.44847995742259966,0.8207600792005979,-0.38709154456944506,-0.38425004490129056,-0.24572486318183967,1.357623043372857,0.43955024371545653,0.7199449063097016,-0.10580458203117477,0.2450772015658417,0.8174116569801182,0.8558858921803119,-0.4115207714141014,-0.544875280387185,-0.5460202496511731,0.46804979386311524,-0.16768872326012685,0.4498737776166314,-0.07474350927519333,0.4336215268520482,-0.07947452196155351,-1.1270679523893623,0.8891194583722162,-0.11998909415365083,0.0,-0.3844824002310902,0.25,0.8796296296296297,1.83745963401507,0.0024448587610370423,0.3089700996677741,5.322033898305085,0.00015596929736608791,0.012738853503184714,0.0023432923257176333,1.0,0.042105263157894736
0xcd94d5058d1936701584d5f556ff6a7495b37d3ae5cb0784a9ff0074e58ab331,2,0xcf0de3dea22ff2b1ec918c13fdc31f3874fc72e9,0xc9f27a50f82571c1c8423a42970613b8dbda14ef,2021-12-18 23:27:56+00:00,166576,54602606198,11489932,105953,0.0,252,2.0,20,1669,1708,0.9771662763466042,95,267,275,0.9709090909090909,73,1495,9283692,159,0xcd94d5058d1936701584d5f556ff6a7495b37d3ae5cb0784a9ff0074e58ab331,2,2,8,929,107,683405,67,7,5.0,3.0,1,3,0,-0.5674326184463218,0.4528830716874724,0.45314757189707594,0.8207600792005979,-0.4227279338885329,-0.42198169009931913,-0.41002826352630894,1.3768892171198703,-0.3438066262724858,-0.32093929558384293,-0.10580458203117477,0.2450772015658417,0.8174116569801182,0.8736587076105149,-0.36322887093033435,1.831545020334312,1.8395548845555338,0.46804979386311524,-0.16768872326012685,0.4498737776166314,-0.07474350927519333,0.4336215268520482,-0.07947452196155351,-0.7234619072754656,0.14359673400820758,-0.11998909415365083,0.0,-0.4198546718786726,0.25,0.8796296296296297,1.8385360602798708,0.0024421793194674907,0.04879679144385027,4.104477611940299,2.8760106565350662e-05,0.007272727272727273,0.00117096018735363,1.0,0.021052631578947368
0x4b02f725f037fdc29f0cf181ce58219b0619933a205bda4757bf40d629af8737,2,0x267a6d716452082f5a45b6192436566e9b5b108f,0xc9f27a50f82571c1c8423a42970613b8dbda14ef,2021-12-19 01:26:46+00:00,166576,80000000000,2879615,105953,0.0,449,,19,1670,1709,0.9771796372147454,96,474,510,0.9294117647058824,97,468,3017098,160,0x4b02f725f037fdc29f0cf181ce58219b0619933a205bda4757bf40d629af8737,8,6,8,929,108,683927,49,7,5.0,3.0,1,3,0,-0.5674326184463218,0.4576605992561148,0.4578151863715523,0.9071558770111872,-0.2057652106811451,-0.19462434082914717,-0.2128641831129458,1.3961553908668833,2.006263983691341,1.7608291082032461,-0.10580458203117477,0.2450772015658417,0.9153052685945037,0.8816702876230935,-0.47188564701881036,-0.21078439292173606,-0.1933230789112309,0.46804979386311524,-0.16768872326012685,0.4498737776166314,-0.07474350927519333,0.4336215268520482,-0.07947452196155351,0.15517807283436738,-1.1099729722166005,-0.11998909415365083,0.0,-0.22628974091829124,0.25,0.8807339449541285,1.8396124865446717,0.0024417774970464726,0.2068230277185501,10.408163265306122,0.00015710455639672414,0.01568627450980392,0.004681100058513751,1.3333333333333333,0.0625
0xcd4690e5d9f1a09b7c5eea96aab5cddee9a92c44c8f05ac1b6742aa86e5191ac,2,0x267a6d716452082f5a45b6192436566e9b5b108f,0xc9f27a50f82571c1c8423a42970613b8dbda14ef,2021-12-19 01:29:44+00:00,166576,60135550576,9650201,86140,0.0,450,,18,1671,1710,0.9771929824561404,96,475,513,0.9259259259259259,97,468,3017111,161,0xcd4690e5d9f1a09b7c5eea96aab5cddee9a92c44c8f05ac1b6742aa86e5191ac,9,6,8,929,108,683940,49,7,5.0,3.0,1,3,0,-0.5674326184463218,0.46243812682475716,0.4624828008460286,0.9071558770111872,-0.20471708158352486,-0.19172190658314497,-0.2128641831129458,1.4154215646138966,2.397942418685312,1.7608291082032461,-0.10580458203117477,0.2450772015658417,0.9153052685945037,0.8818698097306864,-0.47188564701881036,-0.21078439292173606,-0.19331886172187332,0.46804979386311524,-0.16768872326012685,0.4498737776166314,-0.07474350927519333,0.4336215268520482,-0.07947452196155351,-0.5320459621538878,-0.1242483463997115,-0.6867077716622444,0.0,-0.22530717781696952,0.25,0.8807339449541285,1.8406889128094726,0.0024431931994133996,0.2068230277185501,10.46938775510204,0.00015743532225518972,0.017543859649122806,0.005263157894736842,1.5,0.0625
0xf049243074034e3d02f7573d0a4c7beb2646739f81754a04241c94ee1ceafc68,2,0xa58a950cc6083863d8179171d8a18a3537f46c5c,0xc9f27a50f82571c1c8423a42970613b8dbda14ef,2021-12-19 07:46:16+00:00,140944,41912118303,4805573,88865,0.0,322,2.0,17,1672,1711,0.9772063120981882,96,359,372,0.9650537634408602,126,363,2335507,162,0xf049243074034e3d02f7573d0a4c7beb2646739f81754a04241c94ee1ceafc68,3,3,8,929,108,685613,88,7,5.0,3.0,1,3,0,-0.5674326184463218,0.46721565439339957,0.46715041532050494,0.9071558770111872,-0.32630005690747166,-0.32813631614524813,0.0253757473865347,1.4346877383609096,0.047871808721485366,0.19950280536292936,-0.10580458203117477,0.2450772015658417,0.9153052685945037,0.9075467701924566,-0.2364626321604457,-0.4195911975876417,-0.41443064132827523,0.46804979386311524,-0.16768872326012685,0.4498737776166314,-0.07474350927519333,0.4336215268520482,-0.11446565675751612,-1.162497901227286,-0.8295741664279962,-0.6087635735998148,0.0,-0.3510752547861513,0.25,0.8807339449541285,1.8417653390742734,0.002438689991744626,0.34615384615384615,4.2272727272727275,0.0001537138815195666,0.008064516129032258,0.0017533606078316774,1.0,0.03125
0x092122b234d819d81f4b9691b2a2b14a4ce834a26079b3daf61c6e5627565ded,2,0x35dcf2c2223f335266e17dacbe8777d7c5bf8a15,0xc9f27a50f82571c1c8423a42970613b8dbda14ef,2021-12-19 08:20:47+00:00,140944,48517598283,882530,88865,0.0,1425,2.0,16,1673,1712,0.9772196261682243,96,1394,1469,0.9489448604492853,230,1008,6450491,163,0x092122b234d819d81f4b9691b2a2b14a4ce834a26079b3daf61c6e5627565ded,2,2,8,929,108,685757,352,7,5.0,3.0,1,3,0,-0.5674326184463218,0.47199318196204193,0.4718180297949813,0.9071558770111872,0.7585135591294675,0.7331871398095545,0.8797534291777751,1.4539539121079228,-0.3438066262724858,-0.32093929558384293,-0.10580458203117477,0.2450772015658417,0.9153052685945037,0.9097568612304092,1.3571700838038687,0.8630791739314927,0.9204667995492287,0.46804979386311524,-0.16768872326012685,0.4498737776166314,-0.07474350927519333,0.4336215268520482,-0.11446565675751612,-0.9339768630652501,-1.4007271055145931,-0.6087635735998148,0.0,0.7326918459717198,0.25,0.8807339449541285,1.8428417653390743,0.0024396361398627505,0.22794846382556988,4.173295454545454,0.00021610754652513328,0.0013614703880190605,0.0011682242990654205,1.0,0.020833333333333332
0xe89ded7c6aeb064810b810627844c8088eee5cb1bb120756c9e383bd093e43e6,2,0x9a560c3cebb3a8c0f28efcc43f4d12e942f4eed7,0xc9f27a50f82571c1c8423a42970613b8dbda14ef,2021-12-19 09:33:04+00:00,166594,35678866329,24194920,105965,0.0,4971,2.0,15,1674,1713,0.9772329246935202,96,4585,5025,0.9124378109452737,446,699,4515201,164,0xe89ded7c6aeb064810b810627844c8088eee5cb1bb120756c9e383bd093e43e6,4,4,8,929,108,686062,583,7,5.0,3.0,1,3,0,-0.5674326184463218,0.47677070953068434,0.47648564426945755,0.9071558770111872,4.103093509635626,4.173539199404156,2.6542301528980436,1.4732200858549358,0.43955024371545653,0.7199449063097016,-0.10580458203117477,0.2450772015658417,0.9153052685945037,0.9144379568316285,2.751598710272644,0.24859057734325626,0.2926603078700813,0.46804979386311524,-0.16768872326012685,0.4498737776166314,-0.07474350927519333,0.4336215268520482,-0.07944994953543276,-1.3781414602929274,1.9933065733497457,-0.11964585364842178,0.0,4.216860603258584,0.25,0.8807339449541285,1.8439181916038752,0.0024400091536783066,0.6371428571428571,8.619210977701544,0.001015458444605579,0.0007960199004975124,0.002335084646818447,1.0,0.041666666666666664
0x8ec841616aba57bc37568891ab47628b690409bc0915884af5796f95cf17ec63,2,0xef7d9be5a88af3c6bc4d87606b2747695485e50e,0xc9f27a50f82571c1c8423a42970613b8dbda14ef,2021-12-19 12:05:15+00:00,140944,41000000000,9705362,88865,0.0,1314,2.0,14,1675,1714,0.9772462077012836,96,1371,1382,0.992040520984081,313,1451,9016385,165,0x8ec841616aba57bc37568891ab47628b690409bc0915884af5796f95cf17ec63,2,2,8,929,108,686792,242,7,5.0,3.0,1,3,0,-0.5674326184463218,0.4815482370993267,0.4811532587439339,0.9071558770111872,0.7344065898842023,0.6490165466754909,1.561612540607323,1.492486259601949,-0.3438066262724858,-0.32093929558384293,-0.10580458203117477,0.2450772015658417,0.9153052685945037,0.9256418905656945,0.6931564521520711,1.744045025998123,1.7528407125858148,0.46804979386311524,-0.16768872326012685,0.4498737776166314,-0.07474350927519333,0.4336215268520482,-0.11446565675751612,-1.1940532495379708,-0.11621749706337851,-0.6087635735998148,0.0,0.6236273417250074,0.25,0.8807339449541285,1.844994617868676,0.0024388716833165162,0.21556473829201103,5.710743801652892,0.00015205648915208377,0.001447178002894356,0.0011668611435239206,1.0,0.020833333333333332
0xfb520a9d37827a41b5bdd21588d79bb407bdda05e80b834d688ac28d53dcc964,2,0x382bc51a164aba74afdd0024f2ad6f81ff261553,0xc9f27a50f82571c1c8423a42970613b8dbda14ef,2021-12-19 14:48:57+00:00,140926,56606304457,2975821,88853,0.0,206,2.0,13,1676,1715,0.9772594752186589,96,212,217,0.9769585253456221,50,133,851040,166,0xfb520a9d37827a41b5bdd21588d79bb407bdda05e80b834d688ac28d53dcc964,2,2,8,929,108,687544,83,7,5.0,3.0,1,3,0,-0.5674326184463218,0.48632576466796906,0.4858208732184102,0.9071558770111872,-0.48037503425764566,-0.47809541885536155,-0.5989771739224486,1.511752433348962,-0.3438066262724858,-0.32093929558384293,-0.10580458203117477,0.2450772015658417,0.9153052685945037,0.9371834770972253,-0.26664506996280013,-0.8769775316177206,-0.8959905208726685,0.46804979386311524,-0.16768872326012685,0.4498737776166314,-0.07474350927519333,0.4336215268520482,-0.11449022918363687,-0.6541426136440368,-1.0959664115804402,-0.6091068141050439,0.0,-0.4650525745394723,0.25,0.8807339449541285,1.846071044133477,0.002437658625980845,0.373134328358209,2.6144578313253013,0.00024910668228675235,0.009216589861751152,0.0011661807580174927,1.0,0.020833333333333332
0x56d0adc3e4a81ec286466cc6ad08976bcfc9599669010275c4cf2c6b02e18860,2,0x3dce908e0bc371bd224433c22345500ebf1525e3,0xc9f27a50f82571c1c8423a42970613b8dbda14ef,2021-12-19 17:34:13+00:00,140926,72731521715,7975168,88853,0.0,59,2.0,12,1677,1716,0.9772727272727273,96,65,67,0.9701492537313433,20,579,3737710,167,0x56d0adc3e4a81ec286466cc6ad08976bcfc9599669010275c4cf2c6b02e18860,2,2,8,929,108,688276,33,7,5.0,3.0,1,3,0,-0.5674326184463218,0.4911032922366115,0.49048848769288655,0.9071558770111872,-0.6344500116078197,-0.6232171311554713,-0.8454322744391527,1.5310186070959753,-0.3438066262724858,-0.32093929558384293,-0.10580458203117477,0.2450772015658417,0.9153052685945037,0.9484181065401516,-0.5684694479863446,0.009954229153649852,0.040442863961358606,0.46804979386311524,-0.16768872326012685,0.4498737776166314,-0.07474350927519333,0.4336215268520482,-0.11449022918363687,-0.0962798391683294,-0.36811516637008646,-0.6091068141050439,0.0,-0.609489350433767,0.25,0.8807339449541285,1.8471474703982778,0.002436519017779179,0.034482758620689655,2.0303030303030303,1.7390322579782118e-05,0.029850746268656716,0.0011655011655011655,1.0,0.020833333333333332
0x49ce73ff1d197ebbb0387ad5a82780984567dd3b269c6475e81988009922c5ed,2,0xf0b14c66ea5036ac75ab58ca5dae0ade5f01712f,0xc9f27a50f82571c1c8423a42970613b8dbda14ef,2021-12-20 05:33:41+00:00,140926,42259303306,17392583,88853,0.0,163,2.0,11,1678,1717,0.9772859638905067,97,178,178,1.0,41,97,614230,168,0x49ce73ff1d197ebbb0387ad5a82780984567dd3b269c6475e81988009922c5ed,2,2,8,929,109,691527,42,7,5.0,3.0,1,3,0,-0.5674326184463218,0.49588081980525384,0.4951561021673629,0.9935516748217764,-0.5160114235767335,-0.5158270640533901,-0.6729137040774599,1.5502847808429883,-0.3438066262724858,-0.32093929558384293,-0.10580458203117477,0.2450772015658417,1.0131988802088892,0.9983139812928201,-0.5141410599421066,-0.9485684360746025,-0.9728114910086889,0.46804979386311524,-0.16768872326012685,0.4498737776166314,-0.07474350927519333,0.4336215268520482,-0.11449022918363687,-1.150486801722016,1.0029593428433492,-0.6091068141050439,0.0,-0.5073027878963068,0.25,0.8818181818181818,1.8482238966630786,0.0024265105679018057,0.41836734693877553,4.238095238095238,0.00028979325367817644,0.011235955056179775,0.0011648223645894002,1.0,0.020618556701030927
0x20d821fe2752fefc90c9a659a4bf623f5bbc66ef144a0253be4911ed0b015678,2,0x9f82226aae1f6900047da20c30dc836587157e03,0xc9f27a50f82571c1c8423a42970613b8dbda14ef,2021-12-20 09:55:50+00:00,166576,55000000000,6969516,105953,0.0,714,,10,1679,1718,0.9772991850989523,97,719,730,0.9849315068493151,134,228,1461883,169,0x20d821fe2752fefc90c9a659a4bf623f5bbc66ef144a0253be4911ed0b015678,4,4,8,929,109,692658,143,7,5.0,3.0,1,3,0,-0.5674326184463218,0.5006583473738963,0.49982371664183917,0.9935516748217764,0.05102641823581153,0.018220837211013818,0.09109710752432243,1.5695509545900015,0.43955024371545653,0.7199449063097016,-0.10580458203117477,0.2450772015658417,1.0131988802088892,1.0156724046534071,0.09554418366545314,-0.6880570893009489,-0.6978335517379314,0.46804979386311524,-0.16768872326012685,0.4498737776166314,-0.07474350927519333,0.4336215268520482,-0.07947452196155351,-0.709713800481234,-0.51452729988438,-0.11998909415365083,0.0,0.034089480931967904,0.25,0.8818181818181818,1.8493003229278795,0.0024239921808566697,0.5851528384279476,5.104895104895105,0.0004918310891972277,0.005479452054794521,0.002328288707799767,1.0,0.041237113402061855
0xa62079f9fb5084b18c2be6403fdc05726d3ef68b9e6ab6976922b18c7adeee01,3,0x7d2ecc357cc50a0c2c59a2d1d1587ea27e096a05,0xc9f27a50f82571c1c8423a42970613b8dbda14ef,2021-12-20 11:19:37+00:00,250959,36362393394,16274939,165716,0.0,89,2.0,9,1680,1719,0.9773123909249564,97,113,122,0.9262295081967213,49,1559,9570971,170,0xa62079f9fb5084b18c2be6403fdc05726d3ef68b9e6ab6976922b18c7adeee01,1,1,6,930,109,693014,43,4,5.0,1.0,1,2,0,1.2896195873780052,0.5054358749425386,0.5044913311163155,0.9935516748217764,-0.5841398149220486,-0.570005836645431,-0.6071923439396721,1.5888171283370145,-0.735485061266457,-0.8413813965306152,-1.135254569361523,0.2535966871359173,1.0131988802088892,1.021136240830568,-0.5081045723816356,1.958817739368769,1.9327479569752197,-2.084949081753878,-0.16768872326012685,-2.120833523049833,-0.07474350927519333,-1.796432039815626,0.035719646557786075,-1.3544943801445368,0.8402423765871802,1.5894344320133142,0.0,-0.580012457394115,0.5,0.8818181818181818,1.8483870967741935,0.0024241899525984287,0.03141025641025641,2.8372093023255816,1.180653333851567e-05,0.00819672131147541,0.0005817335660267597,1.0,0.010309278350515464
0x8091389ee234cbefc3bf0a4c8cce5fd820f77eb586f300560d135b9804b5d055,3,0xa3f76c31f57da65b0ce84c64c25e61bf38c86bed,0xc9f27a50f82571c1c8423a42970613b8dbda14ef,2021-12-20 11:22:08+00:00,287701,31000000000,17393995,185411,0.0,269,2.0,8,1681,1720,0.9773255813953489,97,271,273,0.9926739926739927,112,545,3519473,171,0x8091389ee234cbefc3bf0a4c8cce5fd820f77eb586f300560d135b9804b5d055,1,1,13,931,109,693027,83,7,6.0,3.0,1,3,0,1.2896195873780052,0.510213402511181,0.5091589455907919,0.9935516748217764,-0.418535417498052,-0.4239166462633206,-0.08963663285459382,1.6080833020840277,-0.735485061266457,-0.8413813965306152,2.467820386294696,0.26211617270599297,1.0131988802088892,1.021335762938161,-0.26664506996280013,-0.057659402833405295,-0.030353040179406904,0.46804979386311524,1.718809413416307,0.4498737776166314,-0.07474350927519333,0.4336215268520482,0.0858774288093957,-1.5400099988642113,1.003164914882705,2.152777911220489,0.0,-0.4031510991562031,0.23076923076923078,0.8818181818181818,1.8474758324382385,0.0024255874221532176,0.20512820512820512,3.289156626506024,7.700014263495056e-05,0.003663003663003663,0.0005813953488372093,1.0,0.010309278350515464
0x3425acd106ef5f78d9416f0c47940ea70d9aa383aa33d8ee3d13c4eac3126b38,2,0x1401528d8bc0031090d872ab9a92d95ec2ddac44,0xc9f27a50f82571c1c8423a42970613b8dbda14ef,2021-12-20 11:50:58+00:00,140944,33188790498,16534134,88865,0.0,510,2.0,7,1682,1721,0.9773387565368972,97,511,546,0.9358974358974359,116,364,2345315,172,0x3425acd106ef5f78d9416f0c47940ea70d9aa383aa33d8ee3d13c4eac3126b38,3,3,8,931,109,693155,93,7,5.0,3.0,1,3,0,-0.5674326184463218,0.5149909300798234,0.5138265600652682,0.9935516748217764,-0.16698443406919655,-0.15979512987712083,-0.056775952785699954,1.6273494758310407,0.047871808721485366,0.19950280536292936,-0.10580458203117477,0.26211617270599297,1.0131988802088892,1.02330028830523,-0.20628019435809125,-0.4176025613527283,-0.41124893415757263,0.46804979386311524,-0.16768872326012685,0.4498737776166314,-0.07474350927519333,0.4336215268520482,-0.11446565675751612,-1.464287314299787,0.8779783856104181,-0.6087635735998148,0.0,-0.16635339173766556,0.25,0.8818181818181818,1.8485499462943071,0.0024265821835200156,0.3178082191780822,5.870967741935484,0.0002178810872394168,0.005494505494505495,0.0017431725740848344,1.0,0.030927835051546393
0xe78597998a8ffea3e4995a199bb971ef1247746547eeea58f91819dd77ae1c4f,2,0xa8005630cae7b7d2afadd38fd3b3040d13cbe2bc,0xc9f27a50f82571c1c8423a42970613b8dbda14ef,2021-12-20 15:40:05+00:00,140908,80952684641,1796160,88841,0.0,325,2.0,6,1683,1722,0.9773519163763066,97,335,345,0.9710144927536232,105,670,4329954,173,0xe78597998a8ffea3e4995a199bb971ef1247746547eeea58f91819dd77ae1c4f,2,2,8,931,109,694210,112,7,5.0,3.0,1,3,0,-0.5674326184463218,0.5197684576484658,0.5184941745397444,0.9935516748217764,-0.3514551552503572,-0.3542582243592679,-0.14714282297515807,1.646615649578054,-0.3438066262724858,-0.32093929558384293,-0.10580458203117477,0.26211617270599297,1.0131988802088892,1.0394922747291198,-0.09158693070914439,0.19092012653076804,0.2325663327221257,0.46804979386311524,-0.16768872326012685,0.4498737776166314,-0.07474350927519333,0.4336215268520482,-0.11451480160975763,0.18813684098770703,-1.267712387160069,-0.6094500546102729,0.0,-0.3481275654821861,0.25,0.8818181818181818,1.849624060150376,0.0024243349644416465,0.15648286140089418,3.080357142857143,7.736800959825217e-05,0.005797101449275362,0.0011614401858304297,1.0,0.020618556701030927
0x73d98f4b07f63a65c229fc87f7f21c7576c4f9903890321471df838e2b74bf1b,2,0xeb9072f14a376bf6d4bf9d0ae6c13eb30dd11681,0xc9f27a50f82571c1c8423a42970613b8dbda14ef,2021-12-20 22:54:42+00:00,140944,60436991983,4638568,88865,0.0,392,2.0,5,1684,1723,0.9773650609402206,97,387,398,0.9723618090452262,103,346,2229449,174,0x73d98f4b07f63a65c229fc87f7f21c7576c4f9903890321471df838e2b74bf1b,2,2,8,931,109,696249,96,7,5.0,3.0,1,3,0,-0.5674326184463218,0.5245459852171082,0.5231617890142208,0.9935516748217764,-0.2969524421741052,-0.3029818860132291,-0.163573163009605,1.665881823325067,-0.3438066262724858,-0.32093929558384293,-0.10580458203117477,0.26211617270599297,1.0131988802088892,1.070786549912353,-0.1881707316766786,-0.45339801358116927,-0.44883576970412953,0.46804979386311524,-0.16768872326012685,0.4498737776166314,-0.07474350927519333,0.4336215268520482,-0.11446565675751612,-0.5216173932260829,-0.8538883012952809,-0.6087635735998148,0.0,-0.28229583769363004,0.25,0.8818181818181818,1.8506981740064448,0.0024186714542190307,0.2968299711815562,4.145833333333333,0.00017358541344277735,0.005025125628140704,0.0011607661056297156,1.0,0.020618556701030927
0x0f27686101cbe22c79f6c313251e4680866a752d123215d9838374168e3344bd,3,0x078d423dced327d331fc8915d15ddeaaee6414ac,0xc9f27a50f82571c1c8423a42970613b8dbda14ef,2021-12-21 00:38:51+00:00,208455,91792340835,2048414,183115,0.0,744,,4,1685,1724,0.9773781902552204,98,722,754,0.9575596816976127,99,359,2309936,175,0x0f27686101cbe22c79f6c313251e4680866a752d123215d9838374168e3344bd,1,1,12,932,110,696744,136,7,6.0,3.0,1,3,0,1.2896195873780052,0.5293235127857505,0.5278294034886971,1.0799474726323657,0.054170805528672226,0.04144031117903138,-0.19643384307849887,1.68514799707208,-0.735485061266457,-0.8413813965306152,1.9530953926295218,0.27063565827606856,1.1110924918232747,1.0783837378553154,0.053288770742156925,-0.4275457425272952,-0.422725852794633,0.46804979386311524,1.718809413416307,0.4498737776166314,-0.07474350927519333,0.4336215268520482,-0.022304042322035807,0.563142063056736,-1.2309869132113127,2.0871045612199977,0.0,0.06356637397161988,0.25,0.8828828828828829,1.849785407725322,0.0024183883630309513,0.275,5.544117647058823,0.0003125626369896668,0.001326259946949602,0.000580046403712297,1.0,0.01020408163265306
0xcf762a8f4502cbeb4ab79626cc5a7c65c6dde5b487c8fa9b58f421e10e4807e8,2,0x26eccf0498462fea34ba8713d66e953395d93e85,0xc9f27a50f82571c1c8423a42970613b8dbda14ef,2021-12-21 04:49:34+00:00,166576,55075245103,5837166,105953,0.0,72,2.0,3,1686,1725,0.9773913043478261,98,88,88,1.0,30,278,1785129,176,0xcf762a8f4502cbeb4ab79626cc5a7c65c6dde5b487c8fa9b58f421e10e4807e8,2,2,8,932,110,697819,33,7,5.0,3.0,1,3,0,-0.5674326184463218,0.5341010403543929,0.5324970179631735,1.0799474726323657,-0.6103430423625543,-0.6029000914334559,-0.763280574266918,1.7044141708190932,-0.3438066262724858,-0.32093929558384293,-0.10580458203117477,0.27063565827606856,1.1110924918232747,1.0948826813678096,-0.5684694479863446,-0.5886252775552795,-0.5929728139625501,0.46804979386311524,-0.16768872326012685,0.4498737776166314,-0.07474350927519333,0.4336215268520482,-0.07947452196155351,-0.7071106453575742,-0.6793853018422245,-0.11998909415365083,0.0,-0.5967160301165845,0.25,0.8828828828828829,1.8508583690987124,0.0024160958413344414,0.10752688172043011,2.6666666666666665,4.929612969363576e-05,0.022727272727272728,0.0011594202898550724,1.0,0.02040816326530612
0x24e276cfc0cbd280a71da775ae35da39a107b97f819a3b2cd7cb40e9cc3afb82,2,0x57e648f095dc7d8b26e97dfd1d03be8d7fbfbf71,0xc9f27a50f82571c1c8423a42970613b8dbda14ef,2021-12-21 12:08:21+00:00,140926,47199232811,25299643,88853,0.0,1412,2.0,2,1687,1726,0.977404403244496,98,1446,1514,0.9550858652575958,253,538,3474053,177,0x24e276cfc0cbd280a71da775ae35da39a107b97f819a3b2cd7cb40e9cc3afb82,5,5,8,932,110,699746,392,7,5.0,3.0,1,3,0,-0.5674326184463218,0.5388785679230353,0.5371646324376498,1.0799474726323657,0.8130162722057196,0.7767236534995875,1.068702339573915,1.7236803445661062,0.8312286787094276,1.240387007256474,-0.10580458203117477,0.27063565827606856,1.1110924918232747,1.1244579968548574,1.5986295862227042,-0.071579856477799,-0.04508725099642496,0.46804979386311524,-0.16768872326012685,0.4498737776166314,-0.07474350927519333,0.4336215268520482,-0.11449022918363687,-0.9795866063769576,2.154142380738694,-0.6091068141050439,0.0,0.7199185256545373,0.25,0.8828828828828829,1.851931330472103,0.0024108713577907443,0.46938775510204084,3.8622448979591835,0.00041622841786569814,0.0033025099075297227,0.0028968713789107765,1.0,0.05102040816326531
