transaction_hash,trace_involved_amt,from_address,to_address,block_timestamp,gas,gas_price,receipt_cumulative_gas_used,receipt_gas_used,value,nonce,transaction_type,rn,contract_block_involved,contract_tx_count,contract_block_per_tx,contract_main_active_days,sender_block_involved,sender_tx_count,sender_block_per_tx,sender_main_active_days,sender_lifetime_days,sender_lifetime_block,contract_interact,add_feat_hash,sender_tx_count_call_contract,sender_days_call_contract,trace_amt,distinct_sender_in_contract,contract_lifetime_days,contract_lifetime_block,distinct_contract_sender_called,contract_involved_amt,max_breadth,depth,distinct_was_called_in_sample,distinct_sender_call_in_sample,is_sus,z_trace_involved_amt,z_contract_block_involved,z_contract_tx_count,z_contract_main_active_days,z_sender_block_involved,z_sender_tx_count,z_sender_main_active_days,z_contract_interact,z_sender_tx_count_call_contract,z_sender_days_call_contract,z_trace_amt,z_distinct_sender_in_contract,z_contract_lifetime_days,z_contract_lifetime_block,z_distinct_contract_sender_called,z_sender_lifetime_days,z_sender_lifetime_block,z_contract_involved_amt,z_max_breadth,z_depth,z_distinct_was_called_in_sample,z_distinct_sender_call_in_sample,z_gas,z_gas_price,z_receipt_cumulative_gas_used,z_receipt_gas_used,z_value,z_nonce,involved_trace_ratio,contract_active_day_ratio,tx_count_per_distinct_caller,contract_block_ratio,sender_active_day_ratio,sender_tx_count_per_contract,sender_block_ratio,tx_sender_call_contract,sender_call_contract_tx_ratio,sender_tx_count_call_contract_per_days,sender_call_contract_day_ratio
0xf5b4f888a9ff3b1e3a99885357506a6ec71565b622d8090b4dc122d307688b87,1,0x0a869d79a7052c7f1b55a8ebabbea3420f0d1e13,0x36850f22e2ab02154b6a2fa141acc711b8379523,2016-06-17 00:48:22+00:00,500000,20000000000,36459,36459,0.0,5864,,146,1,1,1.0,1,4002,5866,0.682236617797477,21,20,118492,1,0xf5b4f888a9ff3b1e3a99885357506a6ec71565b622d8090b4dc122d307688b87,1,1,2,1,0,0,1261,3,1.0,1.0,1,1,0,-0.08603613360022544,-1.961483020379176,-1.9359517554214056,-2.7631320819727074,-0.24522389438618186,-0.2876763306222177,-0.27614320379372015,-1.278679220623561,-0.9155434881169827,-1.05714132492747,0.059459910034432364,-1.760218138308363,-2.500549378300674,-2.5306626740643177,-0.33342041252750126,-0.45367727505259237,-0.46282581597402955,0.802452321411178,0.9757281019377275,0.3184586350800839,-0.11020775375559684,1.3295235840372666,0.2909329883357944,-0.18463927560711513,-0.42882055890987153,-0.1788814078201094,-0.0,-0.2964916944497217,0.5,1.0,1.0,1.0,1.0,4.651863600317209,0.03377414699602508,0.00017047391749062393,1.0,1.0,1.0
0x62a95ac624fba79d9b9ed55893976e8982d79b60b310a431d89f57e0495fa7ce,1,0x0a869d79a7052c7f1b55a8ebabbea3420f0d1e13,0x36850f22e2ab02154b6a2fa141acc711b8379523,2016-06-17 01:01:09+00:00,500000,20000000000,57459,36459,0.0,5865,,133,2,2,1.0,1,4003,5867,0.6822907789330152,21,20,118546,2,0x62a95ac624fba79d9b9ed55893976e8982d79b60b310a431d89f57e0495fa7ce,2,1,2,1,0,54,1261,3,1.0,1.0,1,1,0,-0.08603613360022544,-1.9614429819227297,-1.9359289742953585,-2.7631320819727074,-0.24519668322971983,-0.28765783683999413,-0.27614320379372015,-1.2616064901623407,-0.9153412946175833,-1.05714132492747,0.059459910034432364,-1.760218138308363,-2.500549378300674,-2.5301076761683086,-0.33342041252750126,-0.45367727505259237,-0.46270530596426696,0.802452321411178,0.9757281019377275,0.3184586350800839,-0.11020775375559684,1.3295235840372666,0.2909329883357944,-0.18463927560711513,-0.3990946991590967,-0.1788814078201094,-0.0,-0.29638787283375345,0.5,1.0,2.0,0.03636363636363636,1.0,4.652656621728787,0.03376719782027381,0.0003408897221748764,1.0,2.0,1.0
0xabbc915baeb30a2ec14c8352e4f4a35f282d0904e0d020ad8e6246bf66e4ada6,1,0x0a869d79a7052c7f1b55a8ebabbea3420f0d1e13,0x36850f22e2ab02154b6a2fa141acc711b8379523,2016-06-17 01:12:18+00:00,500000,20000000000,274030,36523,0.0,5866,,125,3,3,1.0,1,4004,5868,0.6823449216087253,21,20,118599,3,0xabbc915baeb30a2ec14c8352e4f4a35f282d0904e0d020ad8e6246bf66e4ada6,3,1,2,1,0,107,1261,3,1.0,1.0,1,1,0,-0.08603613360022544,-1.9614029434662834,-1.9359061931693113,-2.7631320819727074,-0.24516947207325782,-0.28763934305777056,-0.27614320379372015,-1.2445337597011203,-0.9151391011181838,-1.05714132492747,0.059459910034432364,-1.760218138308363,-2.500549378300674,-2.529562956011114,-0.33342041252750126,-0.45367727505259237,-0.46258702762135173,0.802452321411178,0.9757281019377275,0.3184586350800839,-0.11020775375559684,1.3295235840372666,0.2909329883357944,-0.18463927560711513,-0.09253473858361771,-0.17877330863631125,-0.0,-0.2962840512177852,0.5,1.0,3.0,0.027777777777777776,1.0,4.653449643140365,0.03376053962900506,0.0005112474437627812,1.0,3.0,1.0
0x95206dd38daa8643562e81de354e5126722e0262420d54f748673983fb96e96e,1,0x0a869d79a7052c7f1b55a8ebabbea3420f0d1e13,0x3ec6ee9942e7979b1e26866828a68990609a3397,2016-06-17 00:21:22+00:00,500000,20000000000,88730,25730,0.0,5860,,164,1,1,1.0,1,3998,5862,0.6820197884680996,21,20,118364,1,0x95206dd38daa8643562e81de354e5126722e0262420d54f748673983fb96e96e,1,1,2,1,0,0,1260,3,1.0,1.0,1,1,0,-0.08603613360022544,-1.961483020379176,-1.9359517554214056,-2.7631320819727074,-0.24533273901202993,-0.287750305751112,-0.27614320379372015,-1.278679220623561,-0.9155434881169827,-1.05714132492747,0.059459910034432364,-1.760218138308363,-2.500549378300674,-2.5306626740643177,-0.333668098810152,-0.45367727505259237,-0.463111469330504,0.802452321411178,0.9757281019377275,0.3184586350800839,-0.11020775375559684,1.3295235840372666,0.2909329883357944,-0.18463927560711513,-0.35483006295593095,-0.19700322255401734,-0.0,-0.2969069809135946,0.5,1.0,1.0,1.0,1.0,4.652380952380953,0.03377687661048452,0.000170590242238144,1.0,1.0,1.0
0xe11112b361cc2ffdc4815513dcb337beb83be014bcc89cd39a984f3d458e668d,1,0x0a869d79a7052c7f1b55a8ebabbea3420f0d1e13,0x447f914fee54e1f9dc1fc5276ae2572b9369ae5d,2016-06-17 03:34:48+00:00,500000,20000000000,4081851,36395,0.0,5870,,2,1,1,1.0,1,4008,5872,0.6825613079019074,21,20,119203,1,0xe11112b361cc2ffdc4815513dcb337beb83be014bcc89cd39a984f3d458e668d,1,1,2,1,0,0,1262,3,1.0,1.0,1,1,0,-0.08603613360022544,-1.961483020379176,-1.9359517554214056,-2.7631320819727074,-0.24506062744740975,-0.2875653679288763,-0.27614320379372015,-1.278679220623561,-0.9155434881169827,-1.05714132492747,0.059459910034432364,-1.760218138308363,-2.500549378300674,-2.5306626740643177,-0.3331727262448505,-0.45367727505259237,-0.461239100845488,0.802452321411178,0.9757281019377275,0.3184586350800839,-0.11020775375559684,1.3295235840372666,0.2909329883357944,-0.18463927560711513,5.297501118657107,-0.1789895070039075,-0.0,-0.2958687647539124,0.5,1.0,1.0,1.0,1.0,4.652931854199683,0.03362303278413476,0.00017029972752043596,1.0,1.0,1.0
0xbb9959fefe8770d8b64771c065fec2209af3b64e996a711ecfe493b62a9e697c,1,0x0a869d79a7052c7f1b55a8ebabbea3420f0d1e13,0x4e32fbbdcaffd8aae05a6ec664f8857afa3254d7,2016-06-16 23:48:31+00:00,500000,20000000000,194232,36523,0.0,5856,,194,1,1,1.0,1,3994,5858,0.6818026630249232,20,19,118212,1,0xbb9959fefe8770d8b64771c065fec2209af3b64e996a711ecfe493b62a9e697c,1,1,2,1,0,0,1259,3,1.0,1.0,1,1,0,-0.08603613360022544,-1.961483020379176,-1.9359517554214056,-2.7631320819727074,-0.245441583637878,-0.2878242808800062,-0.2891885176539677,-1.278679220623561,-0.9155434881169827,-1.05714132492747,0.059459910034432364,-1.760218138308363,-2.500549378300674,-2.5306626740643177,-0.3339157850928028,-0.46564133821326203,-0.4634506826913174,0.802452321411178,0.9757281019377275,0.3184586350800839,-0.11020775375559684,1.3295235840372666,0.2909329883357944,-0.18463927560711513,-0.20549017460230012,-0.17877330863631125,-0.0,-0.2973222673774674,0.5,1.0,1.0,1.0,1.0,4.652899126290707,0.03378647018517422,0.0001707067258449983,1.0,1.0,1.0
0x11ae68f918598517c60ca4d512c7eaf0d95f7508f5d96c9dbddf8e14b0bfdff9,1,0xed059bc543141c8c93031d545079b3da0233b27f,0x8b3b3b624c3c0397d3da8fd861512393d51dcbac,2016-06-16 22:39:13+00:00,250000,20000000000,456580,50376,0.0,13572,,250,6977,10704,0.6518124065769806,20,7992,13580,0.5885125184094256,21,20,121265,1,0x11ae68f918598517c60ca4d512c7eaf0d95f7508f5d96c9dbddf8e14b0bfdff9,10704,20,2,1,19,116698,3,3,1.0,1.0,1,1,0,-0.08603613360022544,-1.682174748210087,-1.6921253633390032,-1.445240989556766,-0.1366513801027303,-0.14501529454963874,-0.27614320379372015,-1.278679220623561,1.2485335359560559,0.37755047318838214,0.059459910034432364,-1.760218138308363,-1.3361920067755095,-1.3312711098330068,-0.6450097561021642,-0.45367727505259237,-0.4566374038060328,0.802452321411178,0.9757281019377275,0.3184586350800839,-0.11020775375559684,1.3295235840372666,-0.049963598202715544,-0.18463927560711513,0.16586791367847503,-0.1553749024932572,-0.0,0.5037653214333135,0.5,1.0,10704.0,0.059786287800238216,1.0,4526.666666666667,0.06590470535846817,0.7882179675994109,1.0,535.2,1.0
0x077697315dfc468de8777b5d6d4955fa19dc71e1988832f8989474cd6a078eff,1,0xed059bc543141c8c93031d545079b3da0233b27f,0x8b3b3b624c3c0397d3da8fd861512393d51dcbac,2016-06-16 22:43:41+00:00,250000,20000000000,50376,50376,0.0,13583,,245,6984,10715,0.6517965468968735,20,7999,13591,0.5885512471488485,21,20,121284,2,0x077697315dfc468de8777b5d6d4955fa19dc71e1988832f8989474cd6a078eff,10715,20,2,1,19,116717,3,3,1.0,1.0,1,1,0,-0.08603613360022544,-1.6818944790149633,-1.6918747709524848,-1.445240989556766,-0.1364609020074962,-0.14481186294517953,-0.27614320379372015,-1.2616064901623407,1.2507576644494507,0.37755047318838214,0.059459910034432364,-1.760218138308363,-1.3361920067755095,-1.3310758327955219,-0.6450097561021642,-0.45367727505259237,-0.4565950021359311,0.802452321411178,0.9757281019377275,0.3184586350800839,-0.11020775375559684,1.3295235840372666,-0.049963598202715544,-0.18463927560711513,-0.4091208069978937,-0.1553749024932572,-0.0,0.5049073592089639,0.5,1.0,10715.0,0.05983652907006631,1.0,4530.333333333333,0.06595209630209836,0.7883893753219042,1.0,535.75,1.0
0x26629bc2be35e33f7fd5998f56568ff247816b7096cdc5c9fd5c51fa69d9c2ce,1,0xed059bc543141c8c93031d545079b3da0233b27f,0x8b3b3b624c3c0397d3da8fd861512393d51dcbac,2016-06-16 22:57:03+00:00,250000,20000000000,122376,80376,0.0,13603,,235,6998,10734,0.6519470840320477,20,8013,13610,0.5887582659808964,21,20,121326,3,0x26629bc2be35e33f7fd5998f56568ff247816b7096cdc5c9fd5c51fa69d9c2ce,10734,20,2,1,19,116759,3,3,1.0,1.0,1,1,0,-0.08603613360022544,-1.6813339406247156,-1.6914419295575893,-1.445240989556766,-0.13607994581702795,-0.1444604810829318,-0.27614320379372015,-1.2445337597011203,1.2545993409380416,0.37755047318838214,0.059459910034432364,-1.760218138308363,-1.3361920067755095,-1.3306441677652925,-0.6450097561021642,-0.45367727505259237,-0.45650127212833796,0.802452321411178,0.9757281019377275,0.3184586350800839,-0.11020775375559684,1.3295235840372666,-0.049963598202715544,-0.18463927560711513,-0.3072035735666657,-0.10470341008788496,-0.0,0.5069837915283283,0.5,1.0,10734.0,0.059934909215484757,1.0,4536.666666666667,0.06604465617710814,0.7886847905951506,1.0,536.7,1.0
0xf33af6030af7ebcdb88788d42eec6857ecdea0db4ad20f502b7fce9fc91a1229,1,0xed059bc543141c8c93031d545079b3da0233b27f,0x8b3b3b624c3c0397d3da8fd861512393d51dcbac,2016-06-16 22:59:47+00:00,250000,20000000000,71376,50376,0.0,13604,,230,6999,10735,0.6519795062878435,20,8014,13611,0.5887884799059584,21,20,121335,4,0xf33af6030af7ebcdb88788d42eec6857ecdea0db4ad20f502b7fce9fc91a1229,10735,20,2,1,19,116768,3,3,1.0,1.0,1,1,0,-0.08603613360022544,-1.6812939021682696,-1.6914191484315424,-1.445240989556766,-0.13605273466056592,-0.14444198730070823,-0.27614320379372015,-1.2274610292399,1.254801534437441,0.37755047318838214,0.059459910034432364,-1.760218138308363,-1.3361920067755095,-1.3305516681159577,-0.6450097561021642,-0.45367727505259237,-0.4564811871267109,0.802452321411178,0.9757281019377275,0.3184586350800839,-0.11020775375559684,1.3295235840372666,-0.049963598202715544,-0.18463927560711513,-0.3793949472471189,-0.1553749024932572,-0.0,0.5070876131442965,0.5,1.0,10735.0,0.059938853634098094,1.0,4537.0,0.06604799894507812,0.7887003159209462,1.0,536.75,1.0
0x7b95bfafba1bc3d99c878b82fee42209ab8a31e713cb938f056d805594ae4e73,1,0xed059bc543141c8c93031d545079b3da0233b27f,0x8b3b3b624c3c0397d3da8fd861512393d51dcbac,2016-06-16 23:05:43+00:00,250000,20000000000,71376,50376,0.0,13609,,226,7003,10740,0.6520484171322161,20,8018,13616,0.5888660399529965,21,20,121357,5,0x7b95bfafba1bc3d99c878b82fee42209ab8a31e713cb938f056d805594ae4e73,10740,20,2,1,19,116790,3,3,1.0,1.0,1,1,0,-0.08603613360022544,-1.6811337483424844,-1.6913052428013067,-1.445240989556766,-0.13594389003471785,-0.14434951838959043,-0.27614320379372015,-1.2103882987786796,1.2558125019344386,0.37755047318838214,0.059459910034432364,-1.760218138308363,-1.3361920067755095,-1.3303255578620279,-0.6450097561021642,-0.45367727505259237,-0.4564320904560668,0.802452321411178,0.9757281019377275,0.3184586350800839,-0.11020775375559684,1.3295235840372666,-0.049963598202715544,-0.18463927560711513,-0.3793949472471189,-0.1553749024932572,-0.0,0.5076067212241376,0.5,1.0,10740.0,0.05996181212593436,1.0,4538.666666666667,0.06606898597537864,0.7887779083431258,1.0,537.0,1.0
0x9c7aeaf35c5603991de33712daa7546c03b5c23b107dc92d018955093050f5f8,1,0xed059bc543141c8c93031d545079b3da0233b27f,0x8b3b3b624c3c0397d3da8fd861512393d51dcbac,2016-06-16 23:10:12+00:00,250000,20000000000,575376,50376,0.0,13611,,221,7005,10742,0.6521132005213182,20,8020,13618,0.5889264209134969,21,20,121373,6,0x9c7aeaf35c5603991de33712daa7546c03b5c23b107dc92d018955093050f5f8,10742,20,2,1,19,116806,3,3,1.0,1.0,1,1,0,-0.08603613360022544,-1.6810536714295918,-1.6912596805492124,-1.445240989556766,-0.1358894677217938,-0.14431253082514328,-0.27614320379372015,-1.1933155683174592,1.2562168889332377,0.37755047318838214,0.059459910034432364,-1.760218138308363,-1.3361920067755095,-1.3301611140409881,-0.6450097561021642,-0.45367727505259237,-0.45639638378650754,0.802452321411178,0.9757281019377275,0.3184586350800839,-0.11020775375559684,1.3295235840372666,-0.049963598202715544,-0.18463927560711513,0.3340256867714773,-0.1553749024932572,-0.0,0.5078143644560741,0.5,1.0,10742.0,0.059970720932820805,1.0,4539.333333333333,0.06607675449437277,0.7888089293582023,1.0,537.1,1.0
0xd4b23c4e4bb55f8fca576541dd66f80ebd0d64486579098e70152d47cec3eee7,1,0xed059bc543141c8c93031d545079b3da0233b27f,0x8b3b3b624c3c0397d3da8fd861512393d51dcbac,2016-06-16 23:15:55+00:00,250000,20000000000,392883,50376,0.0,13617,,217,7010,10748,0.652214365463342,20,8025,13624,0.589034057545508,21,20,121399,7,0xd4b23c4e4bb55f8fca576541dd66f80ebd0d64486579098e70152d47cec3eee7,10748,20,2,1,19,116832,3,3,1.0,1.0,1,1,0,-0.08603613360022544,-1.6808534791473606,-1.6911229937929297,-1.445240989556766,-0.13575341193948373,-0.1442015681318019,-0.27614320379372015,-1.1762428378562388,1.2574300499296347,0.37755047318838214,0.059459910034432364,-1.760218138308363,-1.3361920067755095,-1.3298938928317985,-0.6450097561021642,-0.45367727505259237,-0.45633836044847365,0.802452321411178,0.9757281019377275,0.3184586350800839,-0.11020775375559684,1.3295235840372666,-0.049963598202715544,-0.18463927560711513,0.07570371898585097,-0.1553749024932572,-0.0,0.5084372941518834,0.5,1.0,10748.0,0.060000171184511224,1.0,4541.333333333333,0.06610378912685337,0.7889019377568995,1.0,537.4,1.0
0x675ab73b81f431eef78d0dbed8f365011cc4cc5baae8e68a197bf71161d49623,1,0xed059bc543141c8c93031d545079b3da0233b27f,0x8b3b3b624c3c0397d3da8fd861512393d51dcbac,2016-06-16 23:27:04+00:00,250000,20000000000,80440,80440,0.0,13631,,214,7024,10762,0.6526667905593756,20,8039,13638,0.589455931954832,21,20,121446,8,0x675ab73b81f431eef78d0dbed8f365011cc4cc5baae8e68a197bf71161d49623,10762,20,2,1,19,116879,3,3,1.0,1.0,1,1,0,-0.08603613360022544,-1.680292940757113,-1.69080405802827,-1.445240989556766,-0.13537245574901546,-0.14394265518067198,-0.27614320379372015,-1.1591701073950185,1.260260758921228,0.37755047318838214,0.059459910034432364,-1.760218138308363,-1.3361920067755095,-1.3294108391074941,-0.6450097561021642,-0.45367727505259237,-0.4562334721066432,0.802452321411178,0.9757281019377275,0.3184586350800839,-0.11020775375559684,1.3295235840372666,-0.049963598202715544,-0.18463927560711513,-0.3665646999718321,-0.10459531090408683,-0.0,0.5098907967754385,0.5,1.0,10762.0,0.06009582477754962,1.0,4546.0,0.06619348357719829,0.7891186390966417,1.0,538.1,1.0
0x59dc4b8127777cca61d71fbc3497df32779e12d864b377579713362d13966751,2,0xed059bc543141c8c93031d545079b3da0233b27f,0x8b3b3b624c3c0397d3da8fd861512393d51dcbac,2016-06-16 23:30:26+00:00,250000,20000000000,25677,25677,0.0,13640,,210,7030,10771,0.6526784885340265,20,8045,13647,0.589506851322635,21,20,121455,9,0x59dc4b8127777cca61d71fbc3497df32779e12d864b377579713362d13966751,10771,20,4,1,19,116888,3,4,2.0,2.0,1,1,0,0.7412343817865569,-1.6800527100184355,-1.6905990278938456,-1.445240989556766,-0.13520918881024335,-0.14377621114065992,-0.27614320379372015,-1.142097376933798,1.2620805004158235,0.37755047318838214,0.4506435286820137,-1.760218138308363,-1.3361920067755095,-1.3293183394581591,-0.6450097561021642,-0.45367727505259237,-0.4562133871050161,2.040804669267934,2.445198134976474,0.8637645170665288,-0.11020775375559684,1.3295235840372666,-0.049963598202715544,-0.18463927560711513,-0.44408266461619794,-0.19709274219060016,-0.0,0.5108251913191524,0.5,1.0,10771.0,0.060142528381627015,1.0,4549.0,0.06623797918587801,0.7892577123177255,1.0,538.55,1.0
0x4df1ea16828565ff082580718da94aa31affc5a4cde095e0ff974f05a3b90312,1,0xed059bc543141c8c93031d545079b3da0233b27f,0x8b3b3b624c3c0397d3da8fd861512393d51dcbac,2016-06-16 23:34:27+00:00,250000,20000000000,882390,50376,0.0,13668,,206,7039,10799,0.6518196129271229,20,8054,13675,0.5889579524680073,21,20,121470,10,0x4df1ea16828565ff082580718da94aa31affc5a4cde095e0ff974f05a3b90312,10799,20,2,1,19,116903,3,3,1.0,1.0,1,1,0,-0.08603613360022544,-1.679692363910419,-1.689961156364526,-1.445240989556766,-0.13496428840208521,-0.1432583852384001,-0.27614320379372015,-1.1250246464725777,1.2677419183990102,0.37755047318838214,0.059459910034432364,-1.760218138308363,-1.3361920067755095,-1.3291641733759345,-0.6450097561021642,-0.45367727505259237,-0.45617991210230424,0.802452321411178,0.9757281019377275,0.3184586350800839,-0.11020775375559684,1.3295235840372666,-0.049963598202715544,-0.18463927560711513,0.7686092632250195,-0.1553749024932572,-0.0,0.5137321965662626,0.5,1.0,10799.0,0.06021179771436392,1.0,4558.333333333333,0.06630389146380618,0.7896892138939671,1.0,539.95,1.0
0x78aafc4cff7ecf12f1e59c1616c57c52d3b0f22981dd8d4a248ad67f71fdbe91,1,0xed059bc543141c8c93031d545079b3da0233b27f,0x8b3b3b624c3c0397d3da8fd861512393d51dcbac,2016-06-16 23:36:24+00:00,250000,20000000000,155376,50376,0.0,13669,,204,7040,10800,0.6518518518518519,20,8055,13676,0.5889880081895291,21,20,121478,11,0x78aafc4cff7ecf12f1e59c1616c57c52d3b0f22981dd8d4a248ad67f71fdbe91,10800,20,2,1,19,116911,3,3,1.0,1.0,1,1,0,-0.08603613360022544,-1.679652325453973,-1.6899383752384791,-1.445240989556766,-0.13493707724562318,-0.14323989145617652,-0.27614320379372015,-1.1079519160113573,1.2679441118984096,0.37755047318838214,0.059459910034432364,-1.760218138308363,-1.3361920067755095,-1.3290819514654146,-0.6450097561021642,-0.45367727505259237,-0.4561620587675246,0.802452321411178,0.9757281019377275,0.3184586350800839,-0.11020775375559684,1.3295235840372666,-0.049963598202715544,-0.18463927560711513,-0.2604915082440195,-0.1553749024932572,-0.0,0.5138360181822308,0.5,1.0,10800.0,0.06021623101135897,1.0,4558.666666666667,0.06630775689625368,0.7897045919859608,1.0,540.0,1.0
0x396719bd04b81d859420eba66b45729a81d088799b4d83744bc8cf1adbe3dc83,1,0xed059bc543141c8c93031d545079b3da0233b27f,0x8b3b3b624c3c0397d3da8fd861512393d51dcbac,2016-06-16 23:44:00+00:00,250000,20000000000,239376,50376,0.0,13671,,199,7042,10802,0.6519163117941122,20,8057,13678,0.5890481064483112,21,20,121508,12,0x396719bd04b81d859420eba66b45729a81d088799b4d83744bc8cf1adbe3dc83,10802,20,2,1,19,116941,3,3,1.0,1.0,1,1,0,-0.08603613360022544,-1.6795722485410804,-1.6898928129863848,-1.445240989556766,-0.13488265493269916,-0.1432029038917294,-0.27614320379372015,-1.090879185550137,1.2683484988972087,0.37755047318838214,0.059459910034432364,-1.760218138308363,-1.3361920067755095,-1.328773619300965,-0.6450097561021642,-0.45367727505259237,-0.4560951087621009,0.802452321411178,0.9757281019377275,0.3184586350800839,-0.11020775375559684,1.3295235840372666,-0.049963598202715544,-0.18463927560711513,-0.14158806924092016,-0.1553749024932572,-0.0,0.5140436614141672,0.5,1.0,10802.0,0.06021788578953669,1.0,4559.333333333333,0.06630784550938613,0.7897353414241848,1.0,540.1,1.0
0xce512f029388617f15e9189d29e3e18a175a4049a22e7236b916f65942626ac7,2,0xed059bc543141c8c93031d545079b3da0233b27f,0x8b3b3b624c3c0397d3da8fd861512393d51dcbac,2016-06-16 23:56:51+00:00,250000,20000000000,67709,25709,0.0,13680,,185,7050,10812,0.6520532741398446,20,8065,13688,0.5892022209234365,21,20,121570,13,0xce512f029388617f15e9189d29e3e18a175a4049a22e7236b916f65942626ac7,10812,20,4,1,19,117003,3,4,2.0,2.0,1,1,0,0.7412343817865569,-1.6792519408895104,-1.6896650017259134,-1.445240989556766,-0.134664965681003,-0.14301796606949374,-0.27614320379372015,-1.0738064550889166,1.2703704338912039,0.37755047318838214,0.4506435286820137,-1.760218138308363,-1.3361920067755095,-1.3281363994944357,-0.6450097561021642,-0.45367727505259237,-0.4559567454175586,2.040804669267934,2.445198134976474,0.8637645170665288,-0.11020775375559684,1.3295235840372666,-0.049963598202715544,-0.18463927560711513,-0.3845856485664566,-0.1970386925987011,-0.0,0.5149780559578812,0.5,1.0,10812.0,0.060254350278622956,1.0,4562.666666666667,0.06633983433549119,0.7898889538281707,1.0,540.6,1.0
0x393c46c390912c7ba495315e6a93970b8ef98483c44788590b7eaad231e608ec,1,0xed059bc543141c8c93031d545079b3da0233b27f,0x8b3b3b624c3c0397d3da8fd861512393d51dcbac,2016-06-16 23:56:51+00:00,250000,20000000000,169085,80376,0.0,13681,,186,7050,10812,0.6520532741398446,20,8065,13688,0.5892022209234365,21,20,121570,14,0x393c46c390912c7ba495315e6a93970b8ef98483c44788590b7eaad231e608ec,10812,20,2,1,19,117003,3,3,1.0,1.0,1,1,0,-0.08603613360022544,-1.6792519408895104,-1.6896650017259134,-1.445240989556766,-0.134664965681003,-0.14301796606949374,-0.27614320379372015,-1.0567337246276962,1.2703704338912039,0.37755047318838214,0.059459910034432364,-1.760218138308363,-1.3361920067755095,-1.3281363994944357,-0.6450097561021642,-0.45367727505259237,-0.4559567454175586,0.802452321411178,0.9757281019377275,0.3184586350800839,-0.11020775375559684,1.3295235840372666,-0.049963598202715544,-0.18463927560711513,-0.24108618389528752,-0.10470341008788496,-0.0,0.5150818775738494,0.5,1.0,10812.0,0.060254350278622956,1.0,4562.666666666667,0.06633983433549119,0.7898889538281707,1.0,540.6,1.0
0x996d2a91a946efbeb6bd49b5d3cf7c9dfbe25754fbbc26541e3cd5b77230ef11,1,0xed059bc543141c8c93031d545079b3da0233b27f,0x8b3b3b624c3c0397d3da8fd861512393d51dcbac,2016-06-17 00:09:20+00:00,250000,20000000000,134376,50376,0.0,13685,,179,7053,10816,0.6520894970414202,21,8068,13692,0.5892491966111598,22,21,121620,15,0x996d2a91a946efbeb6bd49b5d3cf7c9dfbe25754fbbc26541e3cd5b77230ef11,10816,21,2,1,20,117053,3,3,1.0,1.0,1,1,0,-0.08603613360022544,-1.6791318255201715,-1.689573877221725,-1.3758783004822428,-0.13458333221161695,-0.14294399094059948,-0.2630978899334726,-1.0396609941664758,1.271179207888802,0.4530605678260586,0.059459910034432364,-1.760218138308363,-1.2749100398531326,-1.3276225125536865,-0.6450097561021642,-0.44171321189192275,-0.4558451620751858,0.802452321411178,0.9757281019377275,0.3184586350800839,-0.11020775375559684,1.3295235840372666,-0.049963598202715544,-0.18463927560711513,-0.29021736799479436,-0.1553749024932572,-0.0,0.5154971640377223,0.5,1.0,10816.0,0.06025424163206725,1.0,4564.0,0.06633722794583172,0.7899503359626059,1.0,515.047619047619,1.0
0x4b8bbb2ee01c86eea861e07163560a1da49a2e8c45d7716b155f710394788f75,1,0xed059bc543141c8c93031d545079b3da0233b27f,0x8b3b3b624c3c0397d3da8fd861512393d51dcbac,2016-06-17 00:12:41+00:00,250000,20000000000,101312,80312,0.0,13686,,178,7054,10817,0.65212166034945,21,8069,13693,0.5892791937486307,22,21,121636,16,0x4b8bbb2ee01c86eea861e07163560a1da49a2e8c45d7716b155f710394788f75,10817,21,2,1,20,117069,3,3,1.0,1.0,1,1,0,-0.08603613360022544,-1.6790917870637254,-1.6895510960956779,-1.3758783004822428,-0.13455612105515494,-0.14292549715837594,-0.2630978899334726,-1.0225882637052555,1.2713814013882014,0.4530605678260586,0.059459910034432364,-1.760218138308363,-1.2749100398531326,-1.3274580687326467,-0.6450097561021642,-0.44171321189192275,-0.45580945540562645,0.802452321411178,0.9757281019377275,0.3184586350800839,-0.11020775375559684,1.3295235840372666,-0.049963598202715544,-0.18463927560711513,-0.3370200264138239,-0.10481150927168309,-0.0,0.5156009856536905,0.5,1.0,10817.0,0.06025454856069019,1.0,4564.333333333333,0.06633672320099969,0.789965675892792,1.0,515.0952380952381,1.0
0x2db210aa8c1ae80f2f167d6ab69d5b4fb4104459a8f6f0a1ffbf3ea552a07569,1,0xed059bc543141c8c93031d545079b3da0233b27f,0x8b3b3b624c3c0397d3da8fd861512393d51dcbac,2016-06-17 00:13:16+00:00,250000,20000000000,208212,80312,0.0,13687,,177,7055,10818,0.652153817711222,21,8070,13694,0.5893091865050387,22,21,121640,17,0x2db210aa8c1ae80f2f167d6ab69d5b4fb4104459a8f6f0a1ffbf3ea552a07569,10818,21,2,1,20,117073,3,3,1.0,1.0,1,1,0,-0.08603613360022544,-1.6790517486072791,-1.6895283149696307,-1.3758783004822428,-0.13452890989869293,-0.14290700337615236,-0.2630978899334726,-1.005515533244035,1.271583594887601,0.4530605678260586,0.059459910034432364,-1.760218138308363,-1.2749100398531326,-1.3274169577773867,-0.6450097561021642,-0.44171321189192275,-0.4558005287382366,0.802452321411178,0.9757281019377275,0.3184586350800839,-0.11020775375559684,1.3295235840372666,-0.049963598202715544,-0.18463927560711513,-0.18570124511107003,-0.10481150927168309,-0.0,0.5157048072696587,0.5,1.0,10818.0,0.06026103148436032,1.0,4564.666666666667,0.06634276271980664,0.7899810135825909,1.0,515.1428571428571,1.0
0xb02ba19af408c0900f0e92071819064239a63e75e89ada9304c780377f7a6229,2,0xed059bc543141c8c93031d545079b3da0233b27f,0x8b3b3b624c3c0397d3da8fd861512393d51dcbac,2016-06-17 00:15:16+00:00,250000,20000000000,184614,36354,0.0,13688,,174,7056,10819,0.6521859691283852,21,8071,13695,0.5893391748813436,22,21,121651,18,0xb02ba19af408c0900f0e92071819064239a63e75e89ada9304c780377f7a6229,10819,21,4,1,20,117084,3,4,2.0,2.0,1,1,0,0.7412343817865569,-1.6790117101508328,-1.6895055338435836,-1.3758783004822428,-0.1345016987422309,-0.1428885095939288,-0.2630978899334726,-0.9884428027828147,1.2717857883870005,0.4530605678260586,0.4506435286820137,-1.760218138308363,-1.2749100398531326,-1.3273039026504219,-0.6450097561021642,-0.44171321189192275,-0.4557759804029146,2.040804669267934,2.445198134976474,0.8637645170665288,-0.11020775375559684,1.3295235840372666,-0.049963598202715544,-0.18463927560711513,-0.219104618368155,-0.1790587580435282,-0.0,0.515808628885627,0.5,1.0,10819.0,0.06026391083400948,1.0,4565.0,0.06634498405287213,0.7899963490324936,1.0,515.1904761904761,1.0
0x69c2c398da1bcb2dcd022dee9e7e12d4bf1560d1bff42e7d4603c9cb74d91978,1,0xed059bc543141c8c93031d545079b3da0233b27f,0x8b3b3b624c3c0397d3da8fd861512393d51dcbac,2016-06-17 00:16:21+00:00,250000,20000000000,80312,80312,0.0,13689,,173,7057,10820,0.6522181146025878,21,8072,13696,0.5893691588785047,22,21,121655,19,0x69c2c398da1bcb2dcd022dee9e7e12d4bf1560d1bff42e7d4603c9cb74d91978,10820,21,2,1,20,117088,3,3,1.0,1.0,1,1,0,-0.08603613360022544,-1.6789716716943865,-1.6894827527175365,-1.3758783004822428,-0.13447448758576888,-0.14287001581170522,-0.2630978899334726,-0.9713700723215943,1.2719879818864,0.4530605678260586,0.059459910034432364,-1.760218138308363,-1.2749100398531326,-1.3272627916951618,-0.6450097561021642,-0.44171321189192275,-0.4557670537355248,0.802452321411178,0.9757281019377275,0.3184586350800839,-0.11020775375559684,1.3295235840372666,-0.049963598202715544,-0.18463927560711513,-0.3667458861645987,-0.10481150927168309,-0.0,0.5159124505015952,0.5,1.0,10820.0,0.060270392607332884,1.0,4565.333333333333,0.06635102255540212,0.7900116822429907,1.0,515.2380952380952,1.0
0x9b198e32f68022ca1902a9fc412178c59ab2dd0a1d6b8bb8ed5ac624f30257af,1,0xed059bc543141c8c93031d545079b3da0233b27f,0x8b3b3b624c3c0397d3da8fd861512393d51dcbac,2016-06-17 00:20:34+00:00,250000,20000000000,92376,50376,0.0,13693,,167,7061,10824,0.6523466371027347,21,8076,13700,0.5894890510948905,22,21,121674,20,0x9b198e32f68022ca1902a9fc412178c59ab2dd0a1d6b8bb8ed5ac624f30257af,10824,21,2,1,20,117107,3,3,1.0,1.0,1,1,0,-0.08603613360022544,-1.6788115178686016,-1.6893916282133479,-1.3758783004822428,-0.13436564295992082,-0.14279604068281096,-0.2630978899334726,-0.954297341860374,1.272796755883998,0.4530605678260586,0.059459910034432364,-1.760218138308363,-1.2749100398531326,-1.3270675146576771,-0.6450097561021642,-0.44171321189192275,-0.4557246520654231,0.802452321411178,0.9757281019377275,0.3184586350800839,-0.11020775375559684,1.3295235840372666,-0.049963598202715544,-0.18463927560711513,-0.34966908749634407,-0.1553749024932572,-0.0,0.5163277369654681,0.5,1.0,10824.0,0.06029477063906821,1.0,4566.666666666667,0.06637353605917402,0.79007299270073,1.0,515.4285714285714,1.0
0x8a2ae980875b7c86daf814556e88671d68addb0c79ee7413227467463a08c5bb,1,0xed059bc543141c8c93031d545079b3da0233b27f,0x8b3b3b624c3c0397d3da8fd861512393d51dcbac,2016-06-17 00:23:18+00:00,250000,20000000000,50376,50376,0.0,13694,,163,7062,10825,0.652378752886836,21,8077,13701,0.5895190132107145,22,21,121689,21,0x8a2ae980875b7c86daf814556e88671d68addb0c79ee7413227467463a08c5bb,10825,21,2,1,20,117122,3,3,1.0,1.0,1,1,0,-0.08603613360022544,-1.6787714794121553,-1.689368847087301,-1.3758783004822428,-0.13433843180345878,-0.14277754690058742,-0.2630978899334726,-0.9372246113991536,1.2729989493833975,0.4530605678260586,0.059459910034432364,-1.760218138308363,-1.2749100398531326,-1.3269133485754523,-0.6450097561021642,-0.44171321189192275,-0.4556911770627113,0.802452321411178,0.9757281019377275,0.3184586350800839,-0.11020775375559684,1.3295235840372666,-0.049963598202715544,-0.18463927560711513,-0.4091208069978937,-0.1553749024932572,-0.0,0.5164315585814363,0.5,1.0,10825.0,0.06029558669091468,1.0,4567.0,0.06637357219163448,0.7900883147215532,1.0,515.4761904761905,1.0
0xc25d6e0c600ba094db7080df8895e90fb91f81456838e7d79ec0fa65209ad17a,2,0xed059bc543141c8c93031d545079b3da0233b27f,0x8b3b3b624c3c0397d3da8fd861512393d51dcbac,2016-06-17 00:29:08+00:00,250000,20000000000,335212,36418,0.0,13696,,157,7064,10827,0.6524429666574305,21,8079,13703,0.589578924323141,22,21,121714,22,0xc25d6e0c600ba094db7080df8895e90fb91f81456838e7d79ec0fa65209ad17a,10827,21,4,1,20,117147,3,4,2.0,2.0,1,1,0,0.7412343817865569,-1.6786914024992627,-1.6893232848352067,-1.3758783004822428,-0.13428400949053476,-0.14274055933614027,-0.2630978899334726,-0.9201518809379332,1.2734033363821966,0.4530605678260586,0.4506435286820137,-1.760218138308363,-1.2749100398531326,-1.3266564051050778,-0.6450097561021642,-0.44171321189192275,-0.45563538539152487,2.040804669267934,2.445198134976474,0.8637645170665288,-0.11020775375559684,1.3295235840372666,-0.049963598202715544,-0.18463927560711513,-0.005930569475431695,-0.17895065885973005,-0.0,0.5166392018133728,0.5,1.0,10827.0,0.06029979171646123,1.0,4567.666666666667,0.06637637103068644,0.7901189520542947,1.0,515.5714285714286,1.0
0x7f5ade7afe0c486ffb9f0dbe6a234873f919cffc6efba7ad49489ebb1fe52af0,1,0xed059bc543141c8c93031d545079b3da0233b27f,0x8b3b3b624c3c0397d3da8fd861512393d51dcbac,2016-06-17 00:39:46+00:00,250000,20000000000,260616,50376,0.0,13697,,151,7065,10828,0.652475064647211,21,8080,13704,0.5896088733216579,22,21,121770,23,0x7f5ade7afe0c486ffb9f0dbe6a234873f919cffc6efba7ad49489ebb1fe52af0,10828,21,2,1,20,117203,3,3,1.0,1.0,1,1,0,-0.08603613360022544,-1.6786513640428165,-1.6893005037091595,-1.3758783004822428,-0.13425679833407275,-0.1427220655539167,-0.2630978899334726,-0.9030791504767128,1.2736055298815963,0.4530605678260586,0.059459910034432364,-1.760218138308363,-1.2749100398531326,-1.3260808517314384,-0.6450097561021642,-0.44171321189192275,-0.4555104120480673,0.802452321411178,0.9757281019377275,0.3184586350800839,-0.11020775375559684,1.3295235840372666,-0.049963598202715544,-0.18463927560711513,-0.11152248537870789,-0.1553749024932572,-0.0,0.516743023429341,0.5,1.0,10828.0,0.060279512644619636,1.0,4568.0,0.06635405802695223,0.7901342673671921,1.0,515.6190476190476,1.0
0xdb71a6df3cf4433892050a819ed3c23306706557403d3685da803dd4329ba9d8,1,0xed059bc543141c8c93031d545079b3da0233b27f,0x8b3b3b624c3c0397d3da8fd861512393d51dcbac,2016-06-17 00:52:25+00:00,250000,20000000000,527883,80376,0.0,13713,,142,7076,10844,0.6525267428992991,21,8091,13720,0.5897230320699709,22,21,121823,24,0xdb71a6df3cf4433892050a819ed3c23306706557403d3685da803dd4329ba9d8,10844,21,2,1,20,117256,3,3,1.0,1.0,1,1,0,-0.08603613360022544,-1.6782109410219077,-1.6889360056924054,-1.3758783004822428,-0.13395747561299054,-0.14242616503833969,-0.2630978899334726,-0.8860064200154925,1.2768406258719884,0.4530605678260586,0.059459910034432364,-1.760218138308363,-1.2749100398531326,-1.3255361315742442,-0.6450097561021642,-0.44171321189192275,-0.45539213370515214,0.802452321411178,0.9757281019377275,0.3184586350800839,-0.11020775375559684,1.3295235840372666,-0.049963598202715544,-0.18463927560711513,0.26679853166940354,-0.10470341008788496,-0.0,0.5184041692848325,0.5,1.0,10844.0,0.060346077419684965,1.0,4573.333333333333,0.06641548463356974,0.7903790087463557,1.0,516.3809523809524,1.0
0x20c8a1a984c857a32267f69b0b53707ed78252fa9a4bd00fb7525b96ac28b712,1,0xed059bc543141c8c93031d545079b3da0233b27f,0x8b3b3b624c3c0397d3da8fd861512393d51dcbac,2016-06-17 00:55:09+00:00,250000,20000000000,374440,80440,0.0,13719,,140,7081,10851,0.6525665837250023,21,8096,13727,0.589786552050703,22,21,121837,25,0x20c8a1a984c857a32267f69b0b53707ed78252fa9a4bd00fb7525b96ac28b712,10851,21,2,1,20,117270,3,3,1.0,1.0,1,1,0,-0.08603613360022544,-1.6780107487396765,-1.6887765378100756,-1.3758783004822428,-0.13382141983068044,-0.1422967085627747,-0.2630978899334726,-0.8689336895542721,1.278255980367785,0.4530605678260586,0.059459910034432364,-1.760218138308363,-1.2749100398531326,-1.3253922432308343,-0.6450097561021642,-0.44171321189192275,-0.45536089036928773,0.802452321411178,0.9757281019377275,0.3184586350800839,-0.11020775375559684,1.3295235840372666,-0.049963598202715544,-0.18463927560711513,0.04959733653901571,-0.10459531090408683,-0.0,0.5190270989806418,0.5,1.0,10851.0,0.06038150949510109,1.0,4575.666666666667,0.06644889115054417,0.7904859036934508,1.0,516.7142857142857,1.0
0xc7a35c7302a56be5d9d104e96739b000f354657f977a0f6e4d2f6f8e022b7d64,2,0xed059bc543141c8c93031d545079b3da0233b27f,0x8b3b3b624c3c0397d3da8fd861512393d51dcbac,2016-06-17 01:01:13+00:00,250000,20000000000,141169,36418,0.0,13732,,131,7090,10864,0.6526141384388807,21,8105,13740,0.5898835516739447,22,21,121862,26,0xc7a35c7302a56be5d9d104e96739b000f354657f977a0f6e4d2f6f8e022b7d64,10864,21,4,1,20,117295,3,4,2.0,2.0,1,1,0,0.7412343817865569,-1.67765040263166,-1.688480383171463,-1.3758783004822428,-0.1335765194225223,-0.14205628939386838,-0.2630978899334726,-0.8518609590930517,1.2808844958599788,0.4530605678260586,0.4506435286820137,-1.760218138308363,-1.2749100398531326,-1.3251352997604597,-0.6450097561021642,-0.44171321189192275,-0.4553050986981013,2.040804669267934,2.445198134976474,0.8637645170665288,-0.11020775375559684,1.3295235840372666,-0.049963598202715544,-0.18463927560711513,-0.2806017601239842,-0.17895065885973005,-0.0,0.5203767799882286,0.5,1.0,10864.0,0.06044536898103942,1.0,4580.0,0.06650911269212148,0.790684133915575,1.0,517.3333333333334,1.0
0x21586765bea02178ef4469e0e4c57c98498b5655aa91d4feaea7a6404aec34dc,1,0xed059bc543141c8c93031d545079b3da0233b27f,0x8b3b3b624c3c0397d3da8fd861512393d51dcbac,2016-06-17 01:18:00+00:00,250000,20000000000,113376,50376,0.0,13758,,120,7113,10889,0.6532280282854257,21,8128,13765,0.5904831093352706,22,21,121932,27,0x21586765bea02178ef4469e0e4c57c98498b5655aa91d4feaea7a6404aec34dc,10889,21,2,1,20,117365,3,3,1.0,1.0,1,1,0,-0.08603613360022544,-1.676729518133396,-1.6879108550202846,-1.3758783004822428,-0.13295066282389587,-0.14159394483827925,-0.2630978899334726,-0.8347882286318313,1.2859393333449667,0.4530605678260586,0.059459910034432364,-1.760218138308363,-1.2749100398531326,-1.3244158580434107,-0.6450097561021642,-0.44171321189192275,-0.45514888201877934,0.802452321411178,0.9757281019377275,0.3184586350800839,-0.11020775375559684,1.3295235840372666,-0.049963598202715544,-0.18463927560711513,-0.3199432277455692,-0.1553749024932572,-0.0,0.5230761420034024,0.5,1.0,10889.0,0.06060528602832166,1.0,4588.333333333333,0.06665955893810535,0.7910642934980022,1.0,518.5238095238095,1.0
0x7b1033e9143b38188318c9cd666234663652d1f11c3aa6136679c4269ac6fb40,1,0xed059bc543141c8c93031d545079b3da0233b27f,0x8b3b3b624c3c0397d3da8fd861512393d51dcbac,2016-06-17 01:47:40+00:00,250000,20000000000,134376,50376,0.0,13767,,88,7121,10898,0.6534226463571298,21,8136,13774,0.5906780891534775,22,21,122056,28,0x7b1033e9143b38188318c9cd666234663652d1f11c3aa6136679c4269ac6fb40,10898,21,2,1,20,117489,3,3,1.0,1.0,1,1,0,-0.08603613360022544,-1.676409210481826,-1.6877058248858605,-1.3758783004822428,-0.13273297357219974,-0.14142750079826719,-0.2630978899334726,-0.817715498170611,1.2877590748395624,0.4530605678260586,0.059459910034432364,-1.760218138308363,-1.2749100398531326,-1.3231414184303523,-0.6450097561021642,-0.44171321189192275,-0.45487215532969477,0.802452321411178,0.9757281019377275,0.3184586350800839,-0.11020775375559684,1.3295235840372666,-0.049963598202715544,-0.18463927560711513,-0.29021736799479436,-0.1553749024932572,-0.0,0.5240105365471163,0.5,1.0,10898.0,0.060609413567112094,1.0,4591.333333333333,0.06665738138738458,0.7912008131261797,1.0,518.952380952381,1.0
0x9c8a2165180792efc7e7f401081b938e2c16f09c7f45974bef83b3e522221626,1,0xed059bc543141c8c93031d545079b3da0233b27f,0x8b3b3b624c3c0397d3da8fd861512393d51dcbac,2016-06-17 01:53:03+00:00,250000,20000000000,247752,50376,0.0,13769,,86,7122,10900,0.653394495412844,21,8137,13776,0.590664924506388,22,21,122080,29,0x9c8a2165180792efc7e7f401081b938e2c16f09c7f45974bef83b3e522221626,10900,21,2,1,20,117513,3,3,1.0,1.0,1,1,0,-0.08603613360022544,-1.67636917202538,-1.6876602626337662,-1.3758783004822428,-0.13270576241573773,-0.14139051323382004,-0.2630978899334726,-0.8006427677093906,1.2881634618383615,0.4530605678260586,0.059459910034432364,-1.760218138308363,-1.2749100398531326,-1.3228947526987926,-0.6450097561021642,-0.44171321189192275,-0.4548185953253558,0.802452321411178,0.9757281019377275,0.3184586350800839,-0.11020775375559684,1.3295235840372666,-0.049963598202715544,-0.18463927560711513,-0.12973169775175397,-0.1553749024932572,-0.0,0.5242181797790527,0.5,1.0,10900.0,0.06060554487124938,1.0,4592.0,0.06665246844308287,0.7912311265969802,1.0,519.047619047619,1.0
0x89f1d11d7d6865aced7687b1fbe92cc9834d8a685797275cfaf8c5c8076bd662,1,0xed059bc543141c8c93031d545079b3da0233b27f,0x8b3b3b624c3c0397d3da8fd861512393d51dcbac,2016-06-17 01:53:03+00:00,250000,20000000000,176376,50376,0.0,13768,,85,7122,10900,0.653394495412844,21,8137,13776,0.590664924506388,22,21,122080,30,0x89f1d11d7d6865aced7687b1fbe92cc9834d8a685797275cfaf8c5c8076bd662,10900,21,2,1,20,117513,3,3,1.0,1.0,1,1,0,-0.08603613360022544,-1.67636917202538,-1.6876602626337662,-1.3758783004822428,-0.13270576241573773,-0.14139051323382004,-0.2630978899334726,-0.7835700372481702,1.2881634618383615,0.4530605678260586,0.059459910034432364,-1.760218138308363,-1.2749100398531326,-1.3228947526987926,-0.6450097561021642,-0.44171321189192275,-0.4548185953253558,0.802452321411178,0.9757281019377275,0.3184586350800839,-0.11020775375559684,1.3295235840372666,-0.049963598202715544,-0.18463927560711513,-0.23076564849324468,-0.1553749024932572,-0.0,0.5241143581630845,0.5,1.0,10900.0,0.06060554487124938,1.0,4592.0,0.06665246844308287,0.7912311265969802,1.0,519.047619047619,1.0
0xba7fae97443bc509a4a97799de28326a884eba63538534879f76720bb6080af0,1,0xed059bc543141c8c93031d545079b3da0233b27f,0x8b3b3b624c3c0397d3da8fd861512393d51dcbac,2016-06-17 02:01:33+00:00,250000,20000000000,913356,50376,0.0,13777,,78,7128,10908,0.6534653465346535,21,8143,13784,0.5907573998839234,22,21,122117,31,0xba7fae97443bc509a4a97799de28326a884eba63538534879f76720bb6080af0,10908,21,2,1,20,117550,3,3,1.0,1.0,1,1,0,-0.08603613360022544,-1.6761289412867024,-1.6874780136253893,-1.3758783004822428,-0.13254249547696562,-0.14124256297603152,-0.2630978899334726,-0.7664973067869498,1.2897810098335576,0.4530605678260586,0.059459910034432364,-1.760218138308363,-1.2749100398531326,-1.322514476362638,-0.6450097561021642,-0.44171321189192275,-0.45473602365199994,0.802452321411178,0.9757281019377275,0.3184586350800839,-0.11020775375559684,1.3295235840372666,-0.049963598202715544,-0.18463927560711513,0.8124421667032335,-0.1553749024932572,-0.0,0.5250487527067985,0.5,1.0,10908.0,0.060637510527345576,1.0,4594.666666666667,0.06668140650845904,0.7913522925130586,1.0,519.4285714285714,1.0
0x12ab90891e22f3fde8ea81435036780059704c150310ad316b1a9eb860b3cf74,1,0xed059bc543141c8c93031d545079b3da0233b27f,0x8b3b3b624c3c0397d3da8fd861512393d51dcbac,2016-06-17 02:02:13+00:00,250000,22105999998,326629,80312,0.0,13778,,77,7129,10909,0.6534971124759373,21,8144,13785,0.5907870874138557,22,21,122118,32,0x12ab90891e22f3fde8ea81435036780059704c150310ad316b1a9eb860b3cf74,10909,21,2,1,20,117551,3,3,1.0,1.0,1,1,0,-0.08603613360022544,-1.6760889028302561,-1.6874552324993422,-1.3758783004822428,-0.13251528432050358,-0.14122406919380795,-0.2630978899334726,-0.7494245763257295,1.289983203332957,0.4530605678260586,0.059459910034432364,-1.760218138308363,-1.2749100398531326,-1.322504198623823,-0.6450097561021642,-0.44171321189192275,-0.45473379198515246,0.802452321411178,0.9757281019377275,0.3184586350800839,-0.11020775375559684,1.3295235840372666,-0.049963598202715544,0.7951721479766003,-0.01807995301071267,-0.10481150927168309,-0.0,0.5251525743227667,0.5,1.0,10909.0,0.060645501565264735,1.0,4595.0,0.06668904920610225,0.791367428364164,1.0,519.4761904761905,1.0
0x049df97fadfad50679087786bb80edc4348f152c7221cb0cdcb66558f2472b09,2,0xed059bc543141c8c93031d545079b3da0233b27f,0x8b3b3b624c3c0397d3da8fd861512393d51dcbac,2016-06-17 02:03:40+00:00,250000,23115928656,78418,36418,0.0,13781,,75,7132,10913,0.6535324841931641,21,8147,13789,0.5908332728986874,22,21,122124,33,0x049df97fadfad50679087786bb80edc4348f152c7221cb0cdcb66558f2472b09,10913,21,4,1,20,117557,3,4,2.0,2.0,1,1,0,0.7412343817865569,-1.6759687874609173,-1.6873641079951536,-1.3758783004822428,-0.13243365085111752,-0.1411500940649137,-0.2630978899334726,-0.7323518458645091,1.2907919773305552,0.4530605678260586,0.4506435286820137,-1.760218138308363,-1.2749100398531326,-1.3224425321909332,-0.6450097561021642,-0.44171321189192275,-0.4547204019840677,2.040804669267934,2.445198134976474,0.8637645170665288,-0.11020775375559684,1.3295235840372666,-0.049963598202715544,1.2650390221706673,-0.36942687561069243,-0.17895065885973005,-0.0,0.5254640391706714,0.5,1.0,10913.0,0.060667925619694106,1.0,4596.333333333333,0.06671033776867963,0.79142794981507,1.0,519.6666666666666,1.0
0x2b27b91faec193f7e3cc7bc8a6db0f951f75f2b88ae2feee1248bb26e6757530,1,0xed059bc543141c8c93031d545079b3da0233b27f,0x8b3b3b624c3c0397d3da8fd861512393d51dcbac,2016-06-17 02:08:26+00:00,250000,20000000000,169809,50312,0.0,13785,,72,7135,10917,0.653567829989924,21,8150,13793,0.590879431595737,22,21,122145,34,0x2b27b91faec193f7e3cc7bc8a6db0f951f75f2b88ae2feee1248bb26e6757530,10917,21,2,1,20,117578,3,3,1.0,1.0,1,1,0,-0.08603613360022544,-1.6758486720915786,-1.6872729834909652,-1.3758783004822428,-0.1323520173817315,-0.14107611893601946,-0.2630978899334726,-0.7152791154032887,1.2916007513281533,0.4530605678260586,0.059459910034432364,-1.760218138308363,-1.2749100398531326,-1.3222266996758185,-0.6450097561021642,-0.44171321189192275,-0.45467353698027113,0.802452321411178,0.9757281019377275,0.3184586350800839,-0.11020775375559684,1.3295235840372666,-0.049963598202715544,-0.18463927560711513,-0.24006134949245128,-0.15548300167705534,-0.0,0.5258793256345442,0.5,1.0,10917.0,0.06068260488692709,1.0,4597.666666666667,0.0667234293386603,0.7914884361632712,1.0,519.8571428571429,1.0
0x38734b24ba8b0c9d4e64c9adcceec1ed4ac078b055cdb37207d86c62615024ec,1,0xed059bc543141c8c93031d545079b3da0233b27f,0x8b3b3b624c3c0397d3da8fd861512393d51dcbac,2016-06-17 02:11:16+00:00,250000,20000000000,260376,50376,0.0,13787,,70,7136,10918,0.6535995603590401,21,8151,13794,0.5909090909090909,22,21,122160,35,0x38734b24ba8b0c9d4e64c9adcceec1ed4ac078b055cdb37207d86c62615024ec,10918,21,2,1,20,117593,3,3,1.0,1.0,1,1,0,-0.08603613360022544,-1.6758086336351323,-1.687250202364918,-1.3758783004822428,-0.13232480622526946,-0.14105762515379588,-0.2630978899334726,-0.6982063849420683,1.2918029448275528,0.4530605678260586,0.059459910034432364,-1.760218138308363,-1.2749100398531326,-1.3220725335935937,-0.6450097561021642,-0.44171321189192275,-0.4546400619775593,0.802452321411178,0.9757281019377275,0.3184586350800839,-0.11020775375559684,1.3295235840372666,-0.049963598202715544,-0.18463927560711513,-0.11186220949014532,-0.1553749024932572,-0.0,0.5260869688664807,0.5,1.0,10918.0,0.06068336819905777,1.0,4598.0,0.06672342236884111,0.7915035522691025,1.0,519.9047619047619,1.0
0xa4125d105dcc4c3f532fe35992705b6ee75db3233725c766d48e05f1f643f33c,1,0xed059bc543141c8c93031d545079b3da0233b27f,0x8b3b3b624c3c0397d3da8fd861512393d51dcbac,2016-06-17 02:11:29+00:00,250000,20000000000,92376,50376,0.0,13788,,69,7137,10919,0.6536312849162011,21,8152,13795,0.5909387459224357,22,21,122161,36,0xa4125d105dcc4c3f532fe35992705b6ee75db3233725c766d48e05f1f643f33c,10919,21,2,1,20,117594,3,3,1.0,1.0,1,1,0,-0.08603613360022544,-1.675768595178686,-1.687227421238871,-1.3758783004822428,-0.13229759506880745,-0.1410391313715723,-0.2630978899334726,-0.681133654480848,1.2920051383269522,0.4530605678260586,0.059459910034432364,-1.760218138308363,-1.2749100398531326,-1.3220622558547785,-0.6450097561021642,-0.44171321189192275,-0.4546378303107118,0.802452321411178,0.9757281019377275,0.3184586350800839,-0.11020775375559684,1.3295235840372666,-0.049963598202715544,-0.18463927560711513,-0.34966908749634407,-0.1553749024932572,-0.0,0.5261907904824489,0.5,1.0,10919.0,0.06069135592499681,1.0,4598.333333333333,0.06673106203238323,0.7915186661833998,1.0,519.952380952381,1.0
0x7c1f0cd20a9c40a7464aec373d8efcdde7bea39005aabd17ae45c2e83d6caf06,1,0xed059bc543141c8c93031d545079b3da0233b27f,0x8b3b3b624c3c0397d3da8fd861512393d51dcbac,2016-06-17 02:31:51+00:00,250000,20000000000,164312,80312,0.0,13793,,58,7138,10921,0.6536031498946983,21,8156,13801,0.590971668719658,22,21,122239,37,0x7c1f0cd20a9c40a7464aec373d8efcdde7bea39005aabd17ae45c2e83d6caf06,10921,21,2,1,20,117672,3,3,1.0,1.0,1,1,0,-0.08603613360022544,-1.6757285567222397,-1.6871818589867766,-1.3758783004822428,-0.13218875044295939,-0.14092816867823094,-0.2630978899334726,-0.6640609240196276,1.2924095253257513,0.4530605678260586,0.059459910034432364,-1.760218138308363,-1.2749100398531326,-1.3212605922272096,-0.6450097561021642,-0.44171321189192275,-0.45446376029661023,0.802452321411178,0.9757281019377275,0.3184586350800839,-0.11020775375559684,1.3295235840372666,-0.049963598202715544,-0.18463927560711513,-0.24784244716149934,-0.10481150927168309,-0.0,0.52670989856229,0.5,1.0,10921.0,0.06065962455278611,1.0,4600.333333333333,0.06672120418848168,0.791319469603652,1.0,520.047619047619,1.0
0x870b7dfe9d2f23962f946ed93131e9322c762d530a3799e314a9aa3ec5baa93e,1,0xed059bc543141c8c93031d545079b3da0233b27f,0x8b3b3b624c3c0397d3da8fd861512393d51dcbac,2016-06-17 02:31:51+00:00,250000,20000000000,235752,50440,0.0,13794,,57,7138,10921,0.6536031498946983,21,8156,13801,0.590971668719658,22,21,122239,38,0x870b7dfe9d2f23962f946ed93131e9322c762d530a3799e314a9aa3ec5baa93e,10921,21,2,1,20,117672,3,3,1.0,1.0,1,1,0,-0.08603613360022544,-1.6757285567222397,-1.6871818589867766,-1.3758783004822428,-0.13218875044295939,-0.14092816867823094,-0.2630978899334726,-0.6469881935584072,1.2924095253257513,0.4530605678260586,0.059459910034432364,-1.760218138308363,-1.2749100398531326,-1.3212605922272096,-0.6450097561021642,-0.44171321189192275,-0.45446376029661023,0.802452321411178,0.9757281019377275,0.3184586350800839,-0.11020775375559684,1.3295235840372666,-0.049963598202715544,-0.18463927560711513,-0.1467179033236253,-0.15526680330945908,-0.0,0.5268137201782582,0.5,1.0,10921.0,0.06065962455278611,1.0,4600.333333333333,0.06672120418848168,0.791319469603652,1.0,520.047619047619,1.0
0xd1911ab915f591cce8ad2658751364d957d4bff339680c611391ffd2196841c2,1,0xed059bc543141c8c93031d545079b3da0233b27f,0x8b3b3b624c3c0397d3da8fd861512393d51dcbac,2016-06-17 02:41:54+00:00,250000,20000000000,131435,50376,0.0,13805,,49,7142,10929,0.6534907127825053,21,8162,13812,0.590935418476687,22,21,122281,39,0xd1911ab915f591cce8ad2658751364d957d4bff339680c611391ffd2196841c2,10929,21,2,1,20,117714,3,3,1.0,1.0,1,1,0,-0.08603613360022544,-1.6755684028964548,-1.6869996099783997,-1.3758783004822428,-0.13202548350418727,-0.1407247370737717,-0.2630978899334726,-0.6299154630971868,1.2940270733209474,0.4530605678260586,0.059459910034432364,-1.760218138308363,-1.2749100398531326,-1.3208289271969802,-0.6450097561021642,-0.44171321189192275,-0.45437003028901707,0.802452321411178,0.9757281019377275,0.3184586350800839,-0.11020775375559684,1.3295235840372666,-0.049963598202715544,-0.18463927560711513,-0.29438040387703385,-0.1553749024932572,-0.0,0.5279557579539086,0.5,1.0,10929.0,0.060671961941978506,1.0,4604.0,0.06674735447572006,0.7912684622067767,1.0,520.4285714285714,1.0
0x2f0458df2cdcda0b5a528ad227e002ce8b668346518c2c905b4f70fbbadd4a6c,1,0xed059bc543141c8c93031d545079b3da0233b27f,0x8b3b3b624c3c0397d3da8fd861512393d51dcbac,2016-06-17 02:42:09+00:00,250000,20000000000,71376,50376,0.0,13806,,48,7143,10930,0.6535224153705398,21,8163,13813,0.590965032939984,22,21,122282,40,0x2f0458df2cdcda0b5a528ad227e002ce8b668346518c2c905b4f70fbbadd4a6c,10930,21,2,1,20,117715,3,3,1.0,1.0,1,1,0,-0.08603613360022544,-1.6755283644400085,-1.6869768288523526,-1.3758783004822428,-0.13199827234772524,-0.14070624329154816,-0.2630978899334726,-0.6128427326359664,1.294229266820347,0.4530605678260586,0.059459910034432364,-1.760218138308363,-1.2749100398531326,-1.3208186494581653,-0.6450097561021642,-0.44171321189192275,-0.4543677986221696,0.802452321411178,0.9757281019377275,0.3184586350800839,-0.11020775375559684,1.3295235840372666,-0.049963598202715544,-0.18463927560711513,-0.3793949472471189,-0.1553749024932572,-0.0,0.5280595795698768,0.5,1.0,10930.0,0.06067994155424921,1.0,4604.333333333333,0.06675498638404358,0.7912835734453052,1.0,520.4761904761905,1.0
0xaa9a2240ebb0e93550ece341aa6347f13d9996048e4ca66a4a34acf0ca78c0af,1,0xed059bc543141c8c93031d545079b3da0233b27f,0x8b3b3b624c3c0397d3da8fd861512393d51dcbac,2016-06-17 03:01:47+00:00,250000,20000000000,311312,80312,0.0,13811,,33,7145,10934,0.6534662520578014,21,8166,13818,0.5909683022145028,22,21,122379,41,0xaa9a2240ebb0e93550ece341aa6347f13d9996048e4ca66a4a34acf0ca78c0af,10934,21,2,1,20,117812,3,3,1.0,1.0,1,1,0,-0.08603613360022544,-1.675448287527116,-1.686885704348164,-1.3758783004822428,-0.1319166388783392,-0.14061377438043032,-0.2630978899334726,-0.5957700021747461,1.295038040817945,0.4530605678260586,0.059459910034432364,-1.760218138308363,-1.2749100398531326,-1.3198217087931117,-0.6450097561021642,-0.44171321189192275,-0.45415132693796634,0.802452321411178,0.9757281019377275,0.3184586350800839,-0.11020775375559684,1.3295235840372666,-0.049963598202715544,-0.18463927560711513,-0.039761428906075445,-0.10481150927168309,-0.0,0.5285786876497179,0.5,1.0,10934.0,0.06064695746649351,1.0,4606.0,0.06672658931197908,0.7912867274569402,1.0,520.6666666666666,1.0
0xbfd21368e7e050fe8720a56782dfa19820bbd2853f681a3f880feaee1a09dd07,1,0xed059bc543141c8c93031d545079b3da0233b27f,0x8b3b3b624c3c0397d3da8fd861512393d51dcbac,2016-06-17 03:15:33+00:00,250000,22663466005,611218,50376,0.0,13818,,22,7148,10938,0.6535015542146645,21,8172,13825,0.5911030741410488,22,21,122442,42,0xbfd21368e7e050fe8720a56782dfa19820bbd2853f681a3f880feaee1a09dd07,10938,21,2,1,20,117875,3,3,1.0,1.0,1,1,0,-0.08603613360022544,-1.675328172157777,-1.6867945798439754,-1.3758783004822428,-0.1317533719395671,-0.14048431790486537,-0.2630978899334726,-0.5786972717135257,1.295846814815543,0.4530605678260586,0.059459910034432364,-1.760218138308363,-1.2749100398531326,-1.3191742112477673,-0.6450097561021642,-0.44171321189192275,-0.4540107319265766,0.802452321411178,0.9757281019377275,0.3184586350800839,-0.11020775375559684,1.3295235840372666,-0.049963598202715544,1.054531864233447,0.38476065178039504,-0.1553749024932572,-0.0,0.5293054389614955,0.5,1.0,10938.0,0.06063999457056568,1.0,4608.333333333333,0.06674125919815752,0.7911754068716094,1.0,520.8571428571429,1.0
0xe4b3b0b731a555d93f5aca7b8b357c0f8101dd7d48166649bc84f9e916aa7bce,1,0xed059bc543141c8c93031d545079b3da0233b27f,0x8b3b3b624c3c0397d3da8fd861512393d51dcbac,2016-06-17 03:16:31+00:00,250000,21974345424,134376,50376,0.0,13819,,19,7149,10939,0.6535332297284944,21,8173,13826,0.5911326486330103,22,21,122445,43,0xe4b3b0b731a555d93f5aca7b8b357c0f8101dd7d48166649bc84f9e916aa7bce,10939,21,2,1,20,117878,3,3,1.0,1.0,1,1,0,-0.08603613360022544,-1.675288133701331,-1.6867717987179283,-1.3758783004822428,-0.13172616078310506,-0.1404658241226418,-0.2630978899334726,-0.5616245412523054,1.2960490083149427,0.4530605678260586,0.059459910034432364,-1.760218138308363,-1.2749100398531326,-1.3191433780313224,-0.6450097561021642,-0.44171321189192275,-0.4540040369260342,0.802452321411178,0.9757281019377275,0.3184586350800839,-0.11020775375559684,1.3295235840372666,-0.049963598202715544,0.7339201747122358,-0.29021736799479436,-0.1553749024932572,-0.0,0.5294092605774637,0.5,1.0,10939.0,0.060646934568498206,1.0,4608.666666666667,0.066747790862911,0.7911905106321423,1.0,520.9047619047619,1.0
0xbaf7c616deea99bb1b5cb2b1cc978ae023a16c4c9bf0e6463dd4c43ce29fa70e,2,0xed059bc543141c8c93031d545079b3da0233b27f,0x8b3b3b624c3c0397d3da8fd861512393d51dcbac,2016-06-17 03:24:36+00:00,250000,20000000000,25709,25709,0.0,13822,,11,7152,10942,0.6536282215317126,21,8176,13829,0.5912213464458747,22,21,122472,44,0xbaf7c616deea99bb1b5cb2b1cc978ae023a16c4c9bf0e6463dd4c43ce29fa70e,10942,21,4,1,20,117905,3,4,2.0,2.0,1,1,0,0.7412343817865569,-1.6751680183319921,-1.686703455339787,-1.3758783004822428,-0.131644527313719,-0.14041034277597111,-0.2630978899334726,-0.5445518107910851,1.2966555888131412,0.4530605678260586,0.4506435286820137,-1.760218138308363,-1.2749100398531326,-1.3188658790833179,-0.6450097561021642,-0.44171321189192275,-0.45394378192115287,2.040804669267934,2.445198134976474,0.8637645170665288,-0.11020775375559684,1.3295235840372666,-0.049963598202715544,-0.18463927560711513,-0.44403736806800626,-0.1970386925987011,-0.0,0.5297207254253684,0.5,1.0,10942.0,0.060658490662052825,1.0,4609.666666666667,0.06675757105647775,0.7912358088075783,1.0,521.047619047619,1.0
0x9fef808aeef60b03a97661ef0dabfea466f2e3e15bc0d252748124d726d63abd,1,0xdf21fa922215b1a56f5a6d6294e6e36c85a0acfb,0xbb9bc244d798123fde783fcc1c72d3bb8c189413,2016-06-16 22:40:35+00:00,62778,20000000000,1047869,62778,0.0,18618,,248,63073,109789,0.5744928909089253,48,6256,18623,0.33592869032916284,21,20,124550,1,0x9fef808aeef60b03a97661ef0dabfea466f2e3e15bc0d252748124d726d63abd,9256,20,1,32132,47,288243,8800,2,0.0,0.0,1,0,0,-0.08603613360022544,0.5638225045991457,0.5651425110405954,0.49691430452988455,-0.18388994772079345,-0.0517511507962014,-0.27614320379372015,-1.278679220623561,0.9557573488255542,0.37755047318838214,-0.13613189928935826,0.5666923143291572,0.3797030670510481,0.4318235951838767,1.533886472376619,-0.45367727505259237,-0.44930637821213837,-0.4359000264455779,-0.4937419311010188,-0.22684724690636107,-0.11020775375559684,-0.559004234197487,-0.30525696110236716,-0.18463927560711513,1.0028476225439944,-0.13442730753287632,-0.0,1.0276491956089486,1.0,1.0,3.416811900908751,0.2188180846782587,1.0,2.11625,0.0502284204863871,0.4970198142082371,0.08430717102806293,462.8,0.4166666666666667
0xd18ef3bffe86f972d1f3f39870701239b581fb7b047906250de77d081e41d666,1,0xdf21fa922215b1a56f5a6d6294e6e36c85a0acfb,0xbb9bc244d798123fde783fcc1c72d3bb8c189413,2016-06-16 22:40:35+00:00,54154,20000000000,964091,27077,0.0,18617,,249,63073,109789,0.5744928909089253,48,6256,18623,0.33592869032916284,21,20,124550,2,0xd18ef3bffe86f972d1f3f39870701239b581fb7b047906250de77d081e41d666,9256,20,1,32132,47,288243,8800,2,0.0,0.0,1,0,0,-0.08603613360022544,0.5638225045991457,0.5651425110405954,0.49691430452988455,-0.18388994772079345,-0.0517511507962014,-0.27614320379372015,-1.2616064901623407,0.9557573488255542,0.37755047318838214,-0.13613189928935826,0.5666923143291572,0.3797030670510481,0.4318235951838767,1.533886472376619,-0.45367727505259237,-0.44930637821213837,-0.4359000264455779,-0.4937419311010188,-0.22684724690636107,-0.11020775375559684,-0.559004234197487,-0.3170165297515996,-0.18463927560711513,0.8842584283439746,-0.19472807254501612,-0.0,1.0275453739929805,1.0,1.0,3.416811900908751,0.2188180846782587,1.0,2.11625,0.0502284204863871,0.4970198142082371,0.08430717102806293,462.8,0.4166666666666667
0x8caf84fc90f8ece07fad42b1a774689391ef0a816405d2bb42c56eb999072a9c,1,0xac26a0e383c3748838c68585283f067c03aea1a5,0xbb9bc244d798123fde783fcc1c72d3bb8c189413,2016-06-16 22:42:23+00:00,91216,20000000000,108608,45608,0.0,0,,247,63074,109791,0.5744915339144374,48,2,2,1.0,1,0,27,3,0x8caf84fc90f8ece07fad42b1a774689391ef0a816405d2bb42c56eb999072a9c,1,1,1,32134,47,288249,1,2,0.0,0.0,1,0,0,-0.08603613360022544,0.563862543055592,0.5651880732926896,0.49691430452988455,-0.35406852023425356,-0.39612386958120177,-0.5370494809986712,-1.2445337597011203,-0.9155434881169827,-1.05714132492747,-0.13613189928935826,0.5668371532979187,0.3797030670510481,0.4318852616167666,-0.6455051286674657,-0.692958538265985,-0.7272002290579589,-0.4359000264455779,-0.4937419311010188,-0.22684724690636107,-0.11020775375559684,-0.559004234197487,-0.26647929259043857,-0.18463927560711513,-0.3266924134261261,-0.1634282916862177,-0.0,-0.9053016504873603,1.0,1.0,3.416661480052281,0.2188169991326973,1.0,2.0,0.07142857142857142,0.5,9.108214698836881e-06,1.0,0.020833333333333332
0x4db9f8fe6a0ac215f2eb27e4183b822abdcd21fee8e88361d2d648d42cc1e5bb,1,0xdcab63c44fda9a6c980254e5cb33f35cd07a1505,0xbb9bc244d798123fde783fcc1c72d3bb8c189413,2016-06-16 22:42:23+00:00,91216,20000000000,259080,45608,0.0,0,,246,63074,109791,0.5744915339144374,48,2,2,1.0,1,0,27,4,0x4db9f8fe6a0ac215f2eb27e4183b822abdcd21fee8e88361d2d648d42cc1e5bb,1,1,1,32134,47,288249,1,2,0.0,0.0,1,0,0,-0.08603613360022544,0.563862543055592,0.5651880732926896,0.49691430452988455,-0.35406852023425356,-0.39612386958120177,-0.5370494809986712,-1.2274610292399,-0.9155434881169827,-1.05714132492747,-0.13613189928935826,0.5668371532979187,0.3797030670510481,0.4318852616167666,-0.6455051286674657,-0.692958538265985,-0.7272002290579589,-0.4359000264455779,-0.4937419311010188,-0.22684724690636107,-0.11020775375559684,-0.559004234197487,-0.26647929259043857,-0.18463927560711513,-0.11369671969190742,-0.1634282916862177,-0.0,-0.9053016504873603,1.0,1.0,3.416661480052281,0.2188169991326973,1.0,2.0,0.07142857142857142,0.5,9.108214698836881e-06,1.0,0.020833333333333332
0xd786e902f9c24bc01abae26f3f70c3ab1138eefc6b93c127688acc373d9fcf8e,1,0x303e33b483b5df3148cb2eaa1c17c486531ddf31,0xbb9bc244d798123fde783fcc1c72d3bb8c189413,2016-06-16 22:45:01+00:00,150000,20000000000,90090,69090,0.0,1552,,244,63075,109792,0.574495409501603,48,1843,1993,0.9247365780230807,100,104,618817,5,0xd786e902f9c24bc01abae26f3f70c3ab1138eefc6b93c127688acc373d9fcf8e,278,20,1,32134,47,288260,698,2,0.0,0.0,1,0,0,-0.08603613360022544,0.5639025815120382,0.5652108544187368,0.49691430452988455,-0.30397278118767856,-0.3593027491740842,0.7544365911658364,-1.2103882987786796,-0.8595358887833163,0.37755047318838214,-0.13613189928935826,0.5668371532979187,0.3797030670510481,0.43199831674373146,-0.4728677896598822,0.5513040304436565,0.653732899479623,-0.4359000264455779,-0.4937419311010188,-0.22684724690636107,-0.11020775375559684,-0.559004234197487,-0.18632223281811952,-0.18463927560711513,-0.35290495965778557,-0.123766025530786,-0.0,-0.7441705025046838,1.0,1.0,3.4166925997385946,0.21881211818456192,0.9523809523809523,2.855300859598854,0.002978258550979448,0.13948820873055695,0.0025320606237248617,13.9,0.4166666666666667
0x27da0d3f91245a3cfad36285533c03b55ba9a74645bb323b0a977ef48633e786,1,0xfbb1b73c4f0bda4f67dca266ce6ef42f520fbb98,0xbb9bc244d798123fde783fcc1c72d3bb8c189413,2016-06-16 22:45:19+00:00,204154,20000000000,159154,54154,0.0,30897,,243,63076,109793,0.5744992850181706,48,152889,226011,0.6764670746114128,311,311,1655712,6,0x27da0d3f91245a3cfad36285533c03b55ba9a74645bb323b0a977ef48633e786,9932,48,1,32134,47,288262,10322,2,0.0,0.0,1,0,0,-0.08603613360022544,0.5639426199684845,0.5652336355447839,0.49691430452988455,3.8061635577742816,3.783637356984458,3.5069978156780697,-1.1933155683174592,1.0924401544196283,2.491833123043322,-0.13613189928935826,0.5668371532979187,0.3797030670510481,0.4320188722213614,1.910864994571084,3.0278651047022698,2.9677370952729873,-0.4359000264455779,-0.4937419311010188,-0.22684724690636107,-0.11020775375559684,-0.559004234197487,-0.11247857782849364,-0.18463927560711513,-0.255143684523142,-0.148993672549674,-0.0,2.302474818082715,1.0,1.0,3.4167237194249083,0.21881406909662357,0.9967948717948718,21.896047277659367,0.09234027878019922,0.043944763750436926,0.09046114050986857,206.91666666666666,1.0
0x957328b478e7a515d10c257fb406c4e7a8e4dfdafaf350c820f79c3c2dea3879,1,0x07e6041abf51632b52eb449da2ee26ed8479bc9f,0xbb9bc244d798123fde783fcc1c72d3bb8c189413,2016-06-16 22:47:52+00:00,150000,21000000000,255000,150000,0.0,18,,242,63077,109794,0.574503160464142,48,115,116,0.9913793103448276,77,216,1181344,7,0x957328b478e7a515d10c257fb406c4e7a8e4dfdafaf350c820f79c3c2dea3879,11,7,1,32134,47,288272,4,2,0.0,0.0,1,0,0,-0.08603613360022544,0.5639826584249308,0.565256416670831,0.49691430452988455,-0.35099365955404555,-0.3940155784077154,0.45439437238014274,-1.1762428378562388,-0.9135215531229876,-0.6040807571014114,-0.13613189928935826,0.5668371532979187,0.3797030670510481,0.4321216496095113,-0.6447620698195133,1.891279104438655,1.909105756178762,-0.4359000264455779,-0.4937419311010188,-0.22684724690636107,-0.11020775375559684,-0.559004234197487,-0.18632223281811952,0.2806083143806392,-0.11947202958634368,0.012894989486502938,-0.0,-0.9034328613999324,1.0,1.0,3.416754839111222,0.21880994751502916,0.3548387096774194,29.0,9.734666841608505e-05,0.09482758620689655,0.0001001876240960344,1.5714285714285714,0.14583333333333334
0xd523848eb4b28a85a235f64656574afcc4b1a5c954a00a7f5f861809760dc9c9,1,0x6cbd37a6447a5f7bc7cf0fc48edeac8aa8bfb32f,0xbb9bc244d798123fde783fcc1c72d3bb8c189413,2016-06-16 22:49:20+00:00,91216,20000000000,186675,45608,0.0,0,,240,63078,109796,0.5745018033443842,48,2,2,1.0,1,0,28,8,0xd523848eb4b28a85a235f64656574afcc4b1a5c954a00a7f5f861809760dc9c9,1,1,1,32136,47,288277,1,2,0.0,0.0,1,0,0,-0.08603613360022544,0.5640226968813771,0.5653019789229253,0.49691430452988455,-0.35406852023425356,-0.39612386958120177,-0.5370494809986712,-1.1591701073950185,-0.9155434881169827,-1.05714132492747,-0.13613189928935826,0.5669819922666802,0.3797030670510481,0.4321730383035862,-0.6455051286674657,-0.692958538265985,-0.7271979973911115,-0.4359000264455779,-0.4937419311010188,-0.22684724690636107,-0.11020775375559684,-0.559004234197487,-0.26647929259043857,-0.18463927560711513,-0.2161872375611861,-0.1634282916862177,-0.0,-0.9053016504873603,1.0,1.0,3.416604431167538,0.218809621268359,1.0,2.0,0.06896551724137931,0.5,9.10779991985136e-06,1.0,0.020833333333333332
0x4d6258ed15d5229723db8d80ac1ed1fa46e254725d00ad212bb169755da88c2a,1,0x13ce1303b95e10af86fdaa33cf803fdd8954211e,0xbb9bc244d798123fde783fcc1c72d3bb8c189413,2016-06-16 22:49:20+00:00,91216,20000000000,87608,45608,0.0,0,,241,63078,109796,0.5745018033443842,48,2,2,1.0,1,0,28,9,0x4d6258ed15d5229723db8d80ac1ed1fa46e254725d00ad212bb169755da88c2a,1,1,1,32136,47,288277,1,2,0.0,0.0,1,0,0,-0.08603613360022544,0.5640226968813771,0.5653019789229253,0.49691430452988455,-0.35406852023425356,-0.39612386958120177,-0.5370494809986712,-1.142097376933798,-0.9155434881169827,-1.05714132492747,-0.13613189928935826,0.5669819922666802,0.3797030670510481,0.4321730383035862,-0.6455051286674657,-0.692958538265985,-0.7271979973911115,-0.4359000264455779,-0.4937419311010188,-0.22684724690636107,-0.11020775375559684,-0.559004234197487,-0.26647929259043857,-0.18463927560711513,-0.35641827317690095,-0.1634282916862177,-0.0,-0.9053016504873603,1.0,1.0,3.416604431167538,0.218809621268359,1.0,2.0,0.06896551724137931,0.5,9.10779991985136e-06,1.0,0.020833333333333332
0x0901f1a70d2da04175ebd1d95c12c1698167f783772cb40a9774ab772ddd1d06,1,0x07e6041abf51632b52eb449da2ee26ed8479bc9f,0xbb9bc244d798123fde783fcc1c72d3bb8c189413,2016-06-16 22:50:46+00:00,150000,21000000000,150000,150000,0.0,19,,239,63079,109797,0.5745056786615299,48,116,117,0.9914529914529915,77,216,1181356,10,0x0901f1a70d2da04175ebd1d95c12c1698167f783772cb40a9774ab772ddd1d06,12,7,1,32136,47,288284,4,2,0.0,0.0,1,0,0,-0.08603613360022544,0.5640627353378233,0.5653247600489724,0.49691430452988455,-0.3509664483975835,-0.3939970846254918,0.45439437238014274,-1.1250246464725777,-0.913319359623588,-0.6040807571014114,-0.13613189928935826,0.5669819922666802,0.3797030670510481,0.43224498247529114,-0.6447620698195133,1.891279104438655,1.9091325361809315,-0.4359000264455779,-0.4937419311010188,-0.22684724690636107,-0.11020775375559684,-0.559004234197487,-0.18632223281811952,0.2806083143806392,-0.2681013283402179,0.012894989486502938,-0.0,-0.9033290397839642,1.0,1.0,3.4166355489171023,0.2188077770262067,0.3548387096774194,29.25,9.819216375744166e-05,0.10256410256410256,0.00010929260362304982,1.7142857142857142,0.14583333333333334
0x0ba44ee796901fe5ea31faf5ba7aa217f3538eebe407d07b6cf6379d24a4e336,1,0x1f99bffb1dcd5a36fa906fc5816dfd130cd5cc5a,0xbb9bc244d798123fde783fcc1c72d3bb8c189413,2016-06-16 22:52:07+00:00,162714,20000000000,125714,62714,0.0,15,,238,63080,109798,0.5745095539080858,48,25,25,1.0,12,296,1575643,11,0x0ba44ee796901fe5ea31faf5ba7aa217f3538eebe407d07b6cf6379d24a4e336,4,2,1,32136,47,288288,8,2,0.0,0.0,1,0,0,-0.08603613360022544,0.5641027737942695,0.5653475411750195,0.49691430452988455,-0.35344266363562715,-0.3956985125900598,-0.39355102853594814,-1.1079519160113573,-0.9149369076187842,-0.9816312302897935,-0.13613189928935826,0.5669819922666802,0.3797030670510481,0.4322860934305511,-0.6437713246889103,2.8484041572922254,2.7890497624639963,-0.4359000264455779,-0.4937419311010188,-0.22684724690636107,-0.11020775375559684,-0.559004234197487,-0.16898559601311705,-0.18463927560711513,-0.3024785773834235,-0.13453540671667444,-0.0,-0.903744326247837,1.0,1.0,3.4166666666666665,0.218808209817232,0.04040404040404041,3.125,1.5866528225919053e-05,0.16,3.643053607533835e-05,2.0,0.041666666666666664
0x9dcb5f04587fe1f7da12a8bbbd913c898d41cfc2fe5b84635f8c6b706f4c4a42,1,0x07e6041abf51632b52eb449da2ee26ed8479bc9f,0xbb9bc244d798123fde783fcc1c72d3bb8c189413,2016-06-16 22:54:41+00:00,100000,21000000000,121000,100000,0.0,20,,237,63081,109799,0.5745134290840536,48,117,118,0.9915254237288136,77,216,1181364,12,0x9dcb5f04587fe1f7da12a8bbbd913c898d41cfc2fe5b84635f8c6b706f4c4a42,13,7,1,32136,47,288292,4,2,0.0,0.0,1,0,0,-0.08603613360022544,0.5641428122507158,0.5653703223010667,0.49691430452988455,-0.3509392372411215,-0.39397859084326825,0.45439437238014274,-1.090879185550137,-0.9131171661241886,-0.6040807571014114,-0.13613189928935826,0.5669819922666802,0.3797030670510481,0.432327204385811,-0.6447620698195133,1.891279104438655,1.9091503895157111,-0.4359000264455779,-0.4937419311010188,-0.22684724690636107,-0.11020775375559684,-0.559004234197487,-0.2545015501258215,0.2806083143806392,-0.309151325138907,-0.07155749785578414,-0.0,-0.903225218167996,1.0,1.0,3.416697784416231,0.21880864259624758,0.3548387096774194,29.5,9.903797725512437e-05,0.11016949152542373,0.00011839816391770417,1.8571428571428572,0.14583333333333334
0x9fb4c00cbd18d88bf1752b76e3feb0fd86600cda72d7f5b01e93c8059802679d,1,0xdf21fa922215b1a56f5a6d6294e6e36c85a0acfb,0xbb9bc244d798123fde783fcc1c72d3bb8c189413,2016-06-16 22:55:30+00:00,54090,20000000000,207090,39090,0.0,18622,,236,63082,109800,0.5745173041894354,48,6259,18627,0.3360176088473721,21,20,124600,13,0x9fb4c00cbd18d88bf1752b76e3feb0fd86600cda72d7f5b01e93c8059802679d,9257,20,1,32136,47,288293,8803,2,0.0,0.0,1,0,0,-0.08603613360022544,0.564182850707162,0.5653931034271138,0.49691430452988455,-0.1838083142514074,-0.05167717566730714,-0.27614320379372015,-1.0738064550889166,0.9559595423249537,0.37755047318838214,-0.13613189928935826,0.5669819922666802,0.3797030670510481,0.432337482124626,1.5346295312245712,-0.45367727505259237,-0.44919479486976555,-0.4359000264455779,-0.4937419311010188,-0.22684724690636107,-0.11020775375559684,-0.559004234197487,-0.31710379927775345,-0.18463927560711513,-0.18728945533204,-0.17443751793615822,-0.0,1.0280644820728215,1.0,1.0,3.4167289021657954,0.21881135230008256,1.0,2.115983187549699,0.050232341634497316,0.4969667686691362,0.08430783242258652,462.85,0.4166666666666667
0x3deec120f319368b6c4a4a1930c30be7320d6360bc9466b10054a81e6771f9ce,1,0x1c36242278c6e1a17438db43f62a47eea2541557,0xbb9bc244d798123fde783fcc1c72d3bb8c189413,2016-06-16 22:57:50+00:00,168086,22000000000,74086,53086,0.0,30,,234,63083,109801,0.574521179224233,48,162,162,1.0,71,94,567041,14,0x3deec120f319368b6c4a4a1930c30be7320d6360bc9466b10054a81e6771f9ce,9,7,1,32136,47,288298,5,2,0.0,0.0,1,0,0,-0.08603613360022544,0.5642228891636083,0.5654158845531609,0.49691430452988455,-0.3497147352003307,-0.3931648644254314,0.37612248921865743,-1.0567337246276962,-0.9139259401217866,-0.6040807571014114,-0.13613189928935826,0.5669819922666802,0.3797030670510481,0.432388870818701,-0.6445143835368626,0.4316633988369602,0.5381861167857174,-0.4359000264455779,-0.4937419311010188,-0.22684724690636107,-0.11020775375559684,-0.559004234197487,-0.16166041016157756,0.7458559043683936,-0.375558895822138,-0.15079757767930524,-0.0,-0.9021870020083137,1.0,1.0,3.4167600199153596,0.21881102605281322,0.7473684210526316,32.4,0.00028569312326071083,0.05555555555555555,8.196646660777224e-05,1.2857142857142858,0.14583333333333334
0x986db6550542bd5149011c0ad03edad0a89039cfe398b9bdf52ba9b4196f722f,1,0xfbb1b73c4f0bda4f67dca266ce6ef42f520fbb98,0xbb9bc244d798123fde783fcc1c72d3bb8c189413,2016-06-16 22:59:07+00:00,203962,20000000000,353962,38962,0.0,30899,,233,63084,109802,0.5745250541884483,48,152893,226016,0.6764698074472604,311,311,1655752,15,0x986db6550542bd5149011c0ad03edad0a89039cfe398b9bdf52ba9b4196f722f,9933,48,1,32136,47,288302,10322,2,0.0,0.0,1,0,0,-0.08603613360022544,0.5642629276200546,0.5654386656792081,0.49691430452988455,3.8062724024001295,3.783729825895576,3.5069978156780697,-1.0396609941664758,1.0926423479190277,2.491833123043322,-0.13613189928935826,0.5669819922666802,0.3797030670510481,0.4324299817739609,1.910864994571084,3.0278651047022698,2.9678263619468854,-0.4359000264455779,-0.4937419311010188,-0.22684724690636107,-0.11020775375559684,-0.559004234197487,-0.11274038640695522,-0.18463927560711513,0.02061037673061727,-0.17465371630375448,-0.0,2.3026824613146513,1.0,1.0,3.4167911376649243,0.21881145877774424,0.9967948717948718,21.896531679906996,0.0923404638252203,0.0439482160555005,0.09046283309957924,206.9375,1.0
0x451bce1c5d984d4cf9ab27bfcb9fe16b72b26077becf0b58362566a96b6285fb,1,0x5552b9f0e0d52cdb9d10a6bf84eb0a27b4fbf823,0xbb9bc244d798123fde783fcc1c72d3bb8c189413,2016-06-16 22:59:39+00:00,91216,20000000000,419286,45608,0.0,0,,231,63085,109804,0.574523696768788,48,2,2,1.0,1,0,27,16,0x451bce1c5d984d4cf9ab27bfcb9fe16b72b26077becf0b58362566a96b6285fb,1,1,1,32137,47,288304,1,2,0.0,0.0,1,0,0,-0.08603613360022544,0.5643029660765008,0.5654842279313023,0.49691430452988455,-0.35406852023425356,-0.39612386958120177,-0.5370494809986712,-1.0225882637052555,-0.9155434881169827,-1.05714132492747,-0.13613189928935826,0.567054411751061,0.3797030670510481,0.4324505372515909,-0.6455051286674657,-0.692958538265985,-0.7272002290579589,-0.4359000264455779,-0.4937419311010188,-0.22684724690636107,-0.11020775375559684,-0.559004234197487,-0.26647929259043857,-0.18463927560711513,0.11307761779536088,-0.1634282916862177,-0.0,-0.9053016504873603,1.0,1.0,3.4167470516849736,0.21881340941017324,1.0,2.0,0.07142857142857142,0.5,9.107136352045463e-06,1.0,0.020833333333333332
0xf5822e45dc6cb31af82ecd24885a19de5181822d720fee777056bab49c3eee85,1,0xfbb1b73c4f0bda4f67dca266ce6ef42f520fbb98,0xbb9bc244d798123fde783fcc1c72d3bb8c189413,2016-06-16 22:59:39+00:00,227778,20000000000,184678,77778,0.0,30900,,232,63085,109804,0.574523696768788,48,152895,226018,0.6764726703182933,311,311,1655754,17,0xf5822e45dc6cb31af82ecd24885a19de5181822d720fee777056bab49c3eee85,9934,48,1,32137,47,288304,10322,2,0.0,0.0,1,0,0,-0.08603613360022544,0.5643029660765008,0.5654842279313023,0.49691430452988455,3.8063268247130537,3.783766813460023,3.5069978156780697,-1.005515533244035,1.0928445414184274,2.491833123043322,-0.13613189928935826,0.567054411751061,0.3797030670510481,0.4324505372515909,1.910864994571084,3.0278651047022698,2.9678308252805805,-0.4359000264455779,-0.4937419311010188,-0.22684724690636107,-0.11020775375559684,-0.559004234197487,-0.0802652139869506,-0.18463927560711513,-0.2190140252717717,-0.1090915613301902,-0.0,2.3027862829306196,1.0,1.0,3.4167470516849736,0.21881340941017324,0.9967948717948718,21.896725440806044,0.09234156019459401,0.04395225159058128,0.09047029252121963,206.95833333333334,1.0
0x10597dbe03270642ec5728c38006adfc8b12d37f6f41b9298bbce764f9ee395c,1,0x0a869d79a7052c7f1b55a8ebabbea3420f0d1e13,0xbb9bc244d798123fde783fcc1c72d3bb8c189413,2016-06-16 23:01:04+00:00,150000,20000000000,2104725,77650,0.0,5851,,229,63086,109805,0.5745275716042074,48,3990,5853,0.681701691440287,20,19,118025,18,0x10597dbe03270642ec5728c38006adfc8b12d37f6f41b9298bbce764f9ee395c,993,20,1,32137,47,288311,1257,2,0.0,0.0,1,0,0,-0.08603613360022544,0.5643430045329471,0.5655070090573494,0.49691430452988455,-0.24555042826372606,-0.287916749791124,-0.2891885176539677,-0.9884428027828147,-0.7149675367126611,0.37755047318838214,-0.13613189928935826,0.567054411751061,0.3797030670510481,0.4325224814232958,-0.33441115765810436,-0.46564133821326203,-0.46386800439179177,-0.4359000264455779,-0.4937419311010188,-0.22684724690636107,-0.11020775375559684,-0.559004234197487,-0.18632223281811952,-0.18463927560711513,2.498845395532799,-0.10930775969778644,-0.0,-0.29784137545730854,1.0,1.0,3.4167781684662537,0.21881156524875828,1.0,4.656324582338902,0.03380611051802145,0.16965658636596617,0.009043304038978189,49.65,0.4166666666666667
0x9cd32e45a51c633d63ac71655303db6de69264bcbd149695d7bd4e3f15b4ceab,1,0xdf21fa922215b1a56f5a6d6294e6e36c85a0acfb,0xbb9bc244d798123fde783fcc1c72d3bb8c189413,2016-06-16 23:02:52+00:00,54154,20000000000,909077,27077,0.0,18625,,228,63087,109806,0.5745314463690508,48,6261,18630,0.3360708534621578,21,20,124623,19,0x9cd32e45a51c633d63ac71655303db6de69264bcbd149695d7bd4e3f15b4ceab,9258,20,1,32137,47,288316,8805,2,0.0,0.0,1,0,0,-0.08603613360022544,0.5643830429893933,0.5655297901833966,0.49691430452988455,-0.18375389193848335,-0.051621694320636444,-0.27614320379372015,-0.9713700723215943,0.9561617358243533,0.37755047318838214,-0.13613189928935826,0.567054411751061,0.3797030670510481,0.4325738701173707,1.5351249037898729,-0.45367727505259237,-0.44914346653227405,-0.4359000264455779,-0.4937419311010188,-0.22684724690636107,-0.11020775375559684,-0.559004234197487,-0.3170165297515996,-0.18463927560711513,0.8063851688997304,-0.19472807254501612,-0.0,1.028375946920726,1.0,1.0,3.416809285247534,0.21881123901816404,1.0,2.1158432708688246,0.050239119270766464,0.49694041867954913,0.08431233265941752,462.9,0.4166666666666667
0x5a9f27903efc7629b634954e22abf8c8d66a2f9ffe71310e45f5e7296cc29501,1,0x5a8e70f2d75c1468db4a2241fdd70e5a84f028b8,0xbb9bc244d798123fde783fcc1c72d3bb8c189413,2016-06-16 23:05:37+00:00,90000,20000000000,326369,56361,0.0,9,,227,63088,109807,0.5745353210633202,48,22,22,1.0,15,106,627387,20,0x5a9f27903efc7629b634954e22abf8c8d66a2f9ffe71310e45f5e7296cc29501,9,6,1,32137,47,288327,2,2,0.0,0.0,1,0,0,-0.08603613360022544,0.5644230814458396,0.5655525713094437,0.49691430452988455,-0.3535242971050132,-0.3957539939367305,-0.35441508695520546,-0.954297341860374,-0.9139259401217866,-0.6795908517390878,-0.13613189928935826,0.567054411751061,0.3797030670510481,0.43268692524433555,-0.6452574423848149,0.5752321567649958,0.6728582843623249,-0.4359000264455779,-0.4937419311010188,-0.22684724690636107,-0.11020775375559684,-0.559004234197487,-0.2681374135873619,-0.18463927560711513,-0.01844798746476988,-0.14526593975838545,-0.0,-0.9043672559436463,1.0,1.0,3.4168404020288143,0.21880635942398935,0.14018691588785046,11.0,3.506601975173258e-05,0.4090909090909091,8.196198785141202e-05,1.5,0.125
0xa1d74f55e7b8be6dd73e2d328f5f4514615630242ad34ad91e3a1879b47c0fa6,1,0xdf21fa922215b1a56f5a6d6294e6e36c85a0acfb,0xbb9bc244d798123fde783fcc1c72d3bb8c189413,2016-06-16 23:06:03+00:00,47778,20000000000,110778,47778,0.0,18626,,225,63089,109808,0.5745391956870174,48,6262,18631,0.33610648918469216,21,20,124636,21,0xa1d74f55e7b8be6dd73e2d328f5f4514615630242ad34ad91e3a1879b47c0fa6,9259,20,1,32137,47,288329,8805,2,0.0,0.0,1,0,0,-0.08603613360022544,0.5644631199022858,0.5655753524354908,0.49691430452988455,-0.18372668078202134,-0.051603200538412886,-0.27614320379372015,-0.9372246113991536,0.9563639293237528,0.37755047318838214,-0.13613189928935826,0.567054411751061,0.3797030670510481,0.4327074807219655,1.5351249037898729,-0.45367727505259237,-0.4491144548632571,-0.4359000264455779,-0.4937419311010188,-0.22684724690636107,-0.11020775375559684,-0.559004234197487,-0.3257107562946778,-0.18463927560711513,-0.32362074125187934,-0.15976305373556243,-0.0,1.0284797685366944,1.0,1.0,3.4168715188100944,0.21880830992265807,1.0,2.1159568427030098,0.05024190248481591,0.49696741989157855,0.08431990383214338,462.95,0.4166666666666667
0x7f1ea54800e12e24a29143e5c24444eeb2c87d61be34a002c9b011280075b927,1,0x453ffa9cf9ed65652556e6787e03d7f23493548d,0xbb9bc244d798123fde783fcc1c72d3bb8c189413,2016-06-16 23:06:50+00:00,91216,20000000000,45608,45608,0.0,0,,224,63090,109809,0.5745430702401443,48,2,2,1.0,1,0,27,22,0x7f1ea54800e12e24a29143e5c24444eeb2c87d61be34a002c9b011280075b927,1,1,1,32138,47,288331,1,2,0.0,0.0,1,0,0,-0.08603613360022544,0.5645031583587321,0.565598133561538,0.49691430452988455,-0.35406852023425356,-0.39612386958120177,-0.5370494809986712,-0.9201518809379332,-0.9155434881169827,-1.05714132492747,-0.13613189928935826,0.5671268312354417,0.3797030670510481,0.43272803619959554,-0.6455051286674657,-0.692958538265985,-0.7272002290579589,-0.4359000264455779,-0.4937419311010188,-0.22684724690636107,-0.11020775375559684,-0.559004234197487,-0.26647929259043857,-0.18463927560711513,-0.4158699926784506,-0.1634282916862177,-0.0,-0.9053016504873603,1.0,1.0,3.4167963158877344,0.2188102603942677,1.0,2.0,0.07142857142857142,0.5,9.106721671265562e-06,1.0,0.020833333333333332
0x52eebe03cda22f669c1cce3e270d38b4a0464a8d9ef8f70d16942d5be1128c63,1,0x9d43fe7b11ef468272a0514533a43ec19fae45d9,0xbb9bc244d798123fde783fcc1c72d3bb8c189413,2016-06-16 23:06:53+00:00,91216,20000000000,66608,45608,0.0,0,,223,63091,109810,0.5745469447227028,48,2,2,1.0,1,0,28,23,0x52eebe03cda22f669c1cce3e270d38b4a0464a8d9ef8f70d16942d5be1128c63,1,1,1,32139,47,288332,1,2,0.0,0.0,1,0,0,-0.08603613360022544,0.5645431968151784,0.565620914687585,0.49691430452988455,-0.35406852023425356,-0.39612386958120177,-0.5370494809986712,-0.9030791504767128,-0.9155434881169827,-1.05714132492747,-0.13613189928935826,0.5671992507198225,0.3797030670510481,0.4327383139384105,-0.6455051286674657,-0.692958538265985,-0.7271979973911115,-0.4359000264455779,-0.4937419311010188,-0.22684724690636107,-0.11020775375559684,-0.559004234197487,-0.26647929259043857,-0.18463927560711513,-0.3861441329276758,-0.1634282916862177,-0.0,-0.9053016504873603,1.0,1.0,3.4167211176452286,0.21881296972597655,1.0,2.0,0.06896551724137931,0.5,9.106638739641198e-06,1.0,0.020833333333333332
0x0d52ed36db72c4648cbc8cf3ed0295a801f59f3ff027bdaa0105cfb1862bc151,1,0xa1cb683daee359496f5191424bc5562cf94fb29c,0xbb9bc244d798123fde783fcc1c72d3bb8c189413,2016-06-16 23:09:29+00:00,100000,21000000000,100000,100000,0.0,21,,222,63092,109811,0.5745508191346951,48,41,43,0.9534883720930233,15,16,100161,24,0x0d52ed36db72c4648cbc8cf3ed0295a801f59f3ff027bdaa0105cfb1862bc151,17,7,1,32139,47,288340,3,2,0.0,0.0,1,0,0,-0.08603613360022544,0.5645832352716246,0.5656436958136322,0.49691430452988455,-0.3530072851322349,-0.3953656245100356,-0.35441508695520546,-0.8860064200154925,-0.9123083921265904,-0.6040807571014114,-0.13613189928935826,0.5671992507198225,0.3797030670510481,0.4328205358489304,-0.6450097561021642,-0.5015335276952709,-0.5037345009547539,-0.4359000264455779,-0.4937419311010188,-0.22684724690636107,-0.11020775375559684,-0.559004234197487,-0.2545015501258215,0.2806083143806392,-0.3388771848896818,-0.07155749785578414,-0.0,-0.9031213965520277,1.0,1.0,3.416752232490121,0.2188103668919786,0.8823529411764706,14.333333333333334,0.0004093368742636928,0.3953488372093023,0.00015481144876196374,2.4285714285714284,0.14583333333333334
0x17c598f29443b219c5161b418c7fb3142b3dd5d0c463478107b2ecd844d98499,1,0x0a9de66f5fda96a5b40d1ca9cd18bfb298c67d1c,0xbb9bc244d798123fde783fcc1c72d3bb8c189413,2016-06-16 23:10:25+00:00,90000,20000000000,110778,47778,0.0,149,,220,63093,109812,0.5745546934761229,48,144,152,0.9473684210526315,21,21,129143,25,0x17c598f29443b219c5161b418c7fb3142b3dd5d0c463478107b2ecd844d98499,135,19,1,32139,47,288345,2,2,0.0,0.0,1,0,0,-0.08603613360022544,0.5646232737280709,0.5656664769396793,0.49691430452988455,-0.35020453601664703,-0.393349802247667,-0.27614320379372015,-0.8689336895542721,-0.8884495591974474,0.3020403785507057,-0.13613189928935826,0.5671992507198225,0.3797030670510481,0.4328719245430053,-0.6452574423848149,-0.44171321189192275,-0.43905633238177083,-0.4359000264455779,-0.4937419311010188,-0.22684724690636107,-0.11020775375559684,-0.559004234197487,-0.2681374135873619,-0.18463927560711513,-0.32362074125187934,-0.15976305373556243,-0.0,-0.8898322297080956,1.0,1.0,3.4167833473350133,0.21881004071497437,0.9545454545454546,76.0,0.0011150343802267236,0.8881578947368421,0.0012293738389247077,7.105263157894737,0.3958333333333333
0x9b3d2653b1e2f46ab1620a4ef4a99120b0f0535f8adbbe36f52e7ac6e5bc258c,1,0x240a8c2c72d0cd53f210ff01ef73028efce59b4a,0xbb9bc244d798123fde783fcc1c72d3bb8c189413,2016-06-16 23:15:01+00:00,121000,20000000000,306349,47842,0.0,2,,219,63094,109813,0.5745585677469881,48,4,4,1.0,3,35,213775,26,0x9b3d2653b1e2f46ab1620a4ef4a99120b0f0535f8adbbe36f52e7ac6e5bc258c,2,2,1,32139,47,288368,1,2,0.0,0.0,1,0,0,-0.08603613360022544,0.5646633121845172,0.5656892580657265,0.49691430452988455,-0.35401409792132954,-0.3960868820167546,-0.5109588532781761,-0.8518609590930517,-0.9153412946175833,-0.9816312302897935,-0.13613189928935826,0.5671992507198225,0.3797030670510481,0.43310831253575005,-0.6455051286674657,-0.27421632764254794,-0.25018590374783584,-0.4359000264455779,-0.4937419311010188,-0.22684724690636107,-0.11020775375559684,-0.559004234197487,-0.22586623685658666,-0.18463927560711513,-0.04678664042717523,-0.15965495455176432,-0.0,-0.9050940072554239,1.0,1.0,3.416814462179906,0.21879605644157313,0.08333333333333333,4.0,1.8711174313299903e-05,0.5,1.8212779907661206e-05,1.0,0.041666666666666664
0xe4e080b6e82da1dfcfec120eb85d9cd63e885710b4a4eeb773c08675a106fd74,1,0xdae53023d683ffae4647cf678f4f587583e73f20,0xbb9bc244d798123fde783fcc1c72d3bb8c189413,2016-06-16 23:16:57+00:00,170925,20000000000,91925,70925,0.0,2,,216,63095,109814,0.5745624419472927,48,7,7,1.0,2,20,122508,27,0xe4e080b6e82da1dfcfec120eb85d9cd63e885710b4a4eeb773c08675a106fd74,3,2,1,32139,47,288376,1,2,0.0,0.0,1,0,0,-0.08603613360022544,0.5647033506409634,0.5657120391917736,0.49691430452988455,-0.3539324644519435,-0.39603140067008397,-0.5240041671384237,-0.8347882286318313,-0.9151391011181838,-0.9816312302897935,-0.13613189928935826,0.5671992507198225,0.3797030670510481,0.4331905344462699,-0.6455051286674657,-0.45367727505259237,-0.45386344191464445,-0.4359000264455779,-0.4937419311010188,-0.22684724690636107,-0.11020775375559684,-0.559004234197487,-0.15778918852484622,-0.18463927560711513,-0.3503074857224202,-0.12066661924532406,-0.0,-0.9050940072554239,1.0,1.0,3.4168455770247985,0.21879345440170334,0.09523809523809523,7.0,5.713865920054853e-05,0.42857142857142855,2.7318921084743293e-05,1.5,0.041666666666666664
0x27dd3eadd6bc4b40f8a3905716477922e3acd4433a471fd5e8cfaf108717dfd7,1,0x14e0b7709832d235d3d4ba2bc38d93e52f2e6fbb,0xbb9bc244d798123fde783fcc1c72d3bb8c189413,2016-06-16 23:26:19+00:00,162714,20000000000,104714,62714,0.0,8,,215,63096,109815,0.5745663160770387,48,33,33,1.0,24,111,652367,28,0x27dd3eadd6bc4b40f8a3905716477922e3acd4433a471fd5e8cfaf108717dfd7,3,2,1,32139,47,288415,5,2,0.0,0.0,1,0,0,-0.08603613360022544,0.5647433890974096,0.5657348203178207,0.49691430452988455,-0.353224974383931,-0.39555056233227126,-0.23700726221297752,-0.817715498170611,-0.9151391011181838,-0.9816312302897935,-0.13613189928935826,0.5671992507198225,0.3797030670510481,0.4335913662600544,-0.6445143835368626,0.635052472568344,0.7286053222117872,-0.4359000264455779,-0.4937419311010188,-0.22684724690636107,-0.11020775375559684,-0.559004234197487,-0.16898559601311705,-0.18463927560711513,-0.33220443713419834,-0.13453540671667444,-0.0,-0.9044710775596145,1.0,1.0,3.416876691869691,0.21876733607012094,0.21428571428571427,6.6,5.058494592009418e-05,0.09090909090909091,2.731867231252561e-05,1.5,0.041666666666666664
0x56aecc791d56b88e62f3b5635819aba72c42afa743479c97d79fb58dd1950cc2,1,0xdf21fa922215b1a56f5a6d6294e6e36c85a0acfb,0xbb9bc244d798123fde783fcc1c72d3bb8c189413,2016-06-16 23:28:38+00:00,54090,20000000000,2406836,39090,0.0,18629,,213,63097,109816,0.5745701901362279,48,6264,18634,0.3361597080605345,21,20,124728,29,0x56aecc791d56b88e62f3b5635819aba72c42afa743479c97d79fb58dd1950cc2,9260,20,1,32139,47,288421,8807,2,0.0,0.0,1,0,0,-0.08603613360022544,0.5647834275538559,0.5657576014438679,0.49691430452988455,-0.1836722584690973,-0.05154771919174219,-0.27614320379372015,-0.8006427677093906,0.9565661228231523,0.37755047318838214,-0.13613189928935826,0.5671992507198225,0.3797030670510481,0.4336530326929443,1.5356202763551743,-0.45367727505259237,-0.4489091415132911,-0.4359000264455779,-0.4937419311010188,-0.22684724690636107,-0.11020775375559684,-0.559004234197487,-0.31710379927775345,-0.18463927560711513,2.926488691493101,-0.17443751793615822,-0.0,1.028791233384599,1.0,1.0,3.4169078067145837,0.21876625222763868,1.0,2.1158169637788125,0.050220878865380146,0.49694107545347216,0.08432286734173526,463.0,0.4166666666666667
0x6c6a60233b10a646e530dac5d9ef276a2d13b7790e4e41992e7323677388c301,1,0x5a8e70f2d75c1468db4a2241fdd70e5a84f028b8,0xbb9bc244d798123fde783fcc1c72d3bb8c189413,2016-06-16 23:30:08+00:00,90000,20000000000,911684,23020,0.0,10,,212,63098,109818,0.5745688320676028,48,23,23,1.0,15,106,627484,30,0x6c6a60233b10a646e530dac5d9ef276a2d13b7790e4e41992e7323677388c301,10,6,2,32140,47,288424,2,3,1.0,1.0,1,1,0,-0.08603613360022544,0.5648234660103022,0.5658031636959621,0.49691430452988455,-0.35349708594855117,-0.3957355001545069,-0.35441508695520546,-0.7835700372481702,-0.9137237466223871,-0.6795908517390878,0.059459910034432364,0.5672716702042032,0.3797030670510481,0.4336838659093893,-0.6452574423848149,0.5752321567649958,0.6730747560465281,0.802452321411178,0.9757281019377275,0.3184586350800839,-0.11020775375559684,1.3295235840372666,-0.2681374135873619,-0.18463927560711513,0.8100754220602195,-0.2015805473679693,-0.0,-0.9042634343276781,0.5,1.0,3.4168637212196638,0.21876744387622432,0.14018691588785046,11.5,3.665426265169685e-05,0.43478260869565216,9.105975341018776e-05,1.6666666666666667,0.125
0x1f8b4405a7f659e8fc90d8fa6732fe0e93ab8491c22fc3c874c32e5ec3880af0,1,0xb61a16cb6620d6a156e921d77d13d3e701c3cd74,0xbb9bc244d798123fde783fcc1c72d3bb8c189413,2016-06-16 23:30:08+00:00,150000,21000000000,119650,77650,0.0,0,,211,63098,109818,0.5745688320676028,48,2,2,1.0,2,1,6624,31,0x1f8b4405a7f659e8fc90d8fa6732fe0e93ab8491c22fc3c874c32e5ec3880af0,1,1,1,32140,47,288424,1,2,0.0,0.0,1,0,0,-0.08603613360022544,0.5648234660103022,0.5658031636959621,0.49691430452988455,-0.35406852023425356,-0.39612386958120177,-0.5240041671384237,-0.7664973067869498,-0.9155434881169827,-1.05714132492747,-0.13613189928935826,0.5672716702042032,0.3797030670510481,0.4336838659093893,-0.6455051286674657,-0.6809944751053153,-0.7124779228652887,-0.4359000264455779,-0.4937419311010188,-0.22684724690636107,-0.11020775375559684,-0.559004234197487,-0.18632223281811952,0.2806083143806392,-0.3110622732657425,-0.10930775969778644,-0.0,-0.9053016504873603,1.0,1.0,3.4168637212196638,0.21876744387622432,1.0,2.0,0.0003018867924528302,0.5,9.105975341018777e-06,1.0,0.020833333333333332
0xf10f48a9c3dc17ca6247c83c9c88d8f21f1bfb5140379229b7a384b102dc39f0,1,0xd8c24a94ddc7313722c869842dcebb25a9a2a7de,0xbb9bc244d798123fde783fcc1c72d3bb8c189413,2016-06-16 23:33:04+00:00,91216,20000000000,3361300,45608,0.0,0,,209,63099,109820,0.5745674740484429,48,2,2,1.0,1,0,26,32,0xf10f48a9c3dc17ca6247c83c9c88d8f21f1bfb5140379229b7a384b102dc39f0,1,1,1,32142,47,288436,1,2,0.0,0.0,1,0,0,-0.08603613360022544,0.5648635044667484,0.5658487259480564,0.49691430452988455,-0.35406852023425356,-0.39612386958120177,-0.5370494809986712,-0.7494245763257295,-0.9155434881169827,-1.05714132492747,-0.13613189928935826,0.5674165091729647,0.3797030670510481,0.4338071987751691,-0.6455051286674657,-0.692958538265985,-0.7272024607248064,-0.4359000264455779,-0.4937419311010188,-0.22684724690636107,-0.11020775375559684,-0.559004234197487,-0.26647929259043857,-0.18463927560711513,4.277548834405652,-0.1634282916862177,-0.0,-0.9053016504873603,1.0,1.0,3.416713334577811,0.21876180933791434,1.0,2.0,0.07407407407407407,0.5,9.105809506465124e-06,1.0,0.020833333333333332
0x9b0282a985c146cc1e93a7f6fbe360a4d3d6df0b132aa875556be22ebfdfd010,1,0x5f1f7878a344f0c91f2e3aa0e3d9af882004b973,0xbb9bc244d798123fde783fcc1c72d3bb8c189413,2016-06-16 23:33:04+00:00,91216,20000000000,1806650,45608,0.0,0,,208,63099,109820,0.5745674740484429,48,2,2,1.0,1,0,26,33,0x9b0282a985c146cc1e93a7f6fbe360a4d3d6df0b132aa875556be22ebfdfd010,1,1,1,32142,47,288436,1,2,0.0,0.0,1,0,0,-0.08603613360022544,0.5648635044667484,0.5658487259480564,0.49691430452988455,-0.35406852023425356,-0.39612386958120177,-0.5370494809986712,-0.7323518458645091,-0.9155434881169827,-1.05714132492747,-0.13613189928935826,0.5674165091729647,0.3797030670510481,0.4338071987751691,-0.6455051286674657,-0.692958538265985,-0.7272024607248064,-0.4359000264455779,-0.4937419311010188,-0.22684724690636107,-0.11020775375559684,-0.559004234197487,-0.26647929259043857,-0.18463927560711513,2.07691512671317,-0.1634282916862177,-0.0,-0.9053016504873603,1.0,1.0,3.416713334577811,0.21876180933791434,1.0,2.0,0.07407407407407407,0.5,9.105809506465124e-06,1.0,0.020833333333333332
0x69277dfd64e81cc57207026a34a943b6c79a5eadaf352b5909ae517a7a1f3356,1,0x5a8e70f2d75c1468db4a2241fdd70e5a84f028b8,0xbb9bc244d798123fde783fcc1c72d3bb8c189413,2016-06-16 23:33:11+00:00,90000,20000000000,519034,23020,0.0,11,,207,63100,109821,0.5745713479207073,48,24,24,1.0,15,106,627497,34,0x69277dfd64e81cc57207026a34a943b6c79a5eadaf352b5909ae517a7a1f3356,11,6,2,32142,47,288437,2,3,1.0,1.0,1,1,0,-0.08603613360022544,0.5649035429231947,0.5658715070741035,0.49691430452988455,-0.3534698747920892,-0.39571700637228335,-0.35441508695520546,-0.7152791154032887,-0.9135215531229876,-0.6795908517390878,0.059459910034432364,0.5674165091729647,0.3797030670510481,0.4338174765139841,-0.6452574423848149,0.5752321567649958,0.673103767715545,0.802452321411178,0.9757281019377275,0.3184586350800839,-0.11020775375559684,1.3295235840372666,-0.2681374135873619,-0.18463927560711513,0.2542726205772794,-0.2015805473679693,-0.0,-0.9041596127117099,0.5,1.0,3.4167444465185737,0.21876451785132334,0.14018691588785046,12.0,3.8247133855406714e-05,0.4583333333333333,0.00010016299250598702,1.8333333333333333,0.125
0x4b76cea6432e96629871b0ab1cce45b9538a354f89425f60e34477bb8187ca7a,1,0x3e1b98ed2adc3ef94447f479b54ca24777c6cf88,0xbb9bc244d798123fde783fcc1c72d3bb8c189413,2016-06-16 23:35:55+00:00,162650,20000000000,188650,62650,0.0,3,,205,63101,109822,0.5745752217224236,48,14,14,1.0,12,45,274266,35,0x4b76cea6432e96629871b0ab1cce45b9538a354f89425f60e34477bb8187ca7a,4,4,1,32142,47,288447,1,2,0.0,0.0,1,0,0,-0.08603613360022544,0.564943581379641,0.5658942882001506,0.49691430452988455,-0.35374198635670934,-0.395901944194519,-0.39355102853594814,-0.6982063849420683,-0.9149369076187842,-0.8306110410144407,-0.13613189928935826,0.5674165091729647,0.3797030670510481,0.43392025390213396,-0.6455051286674657,-0.15457569603585164,-0.11519014447834723,-0.4359000264455779,-0.4937419311010188,-0.22684724690636107,-0.11020775375559684,-0.559004234197487,-0.16907286553927092,-0.18463927560711513,-0.21339159122748227,-0.13464350590047255,-0.0,-0.9049901856394557,1.0,1.0,3.416775558459337,0.21876040048812959,0.2608695652173913,14.0,5.104514943467497e-05,0.2857142857142857,3.6422574711806375e-05,1.0,0.08333333333333333
0x111c18bfc23a139d3f9ee1d9456b972df0a158275debf50022775c4fc5c3cc38,1,0xdf21fa922215b1a56f5a6d6294e6e36c85a0acfb,0xbb9bc244d798123fde783fcc1c72d3bb8c189413,2016-06-16 23:39:22+00:00,54026,20000000000,220154,39026,0.0,18631,,203,63102,109823,0.5745790954535935,48,6266,18636,0.3362309508478214,21,20,124772,36,0x111c18bfc23a139d3f9ee1d9456b972df0a158275debf50022775c4fc5c3cc38,9261,20,1,32142,47,288465,8808,2,0.0,0.0,1,0,0,-0.08603613360022544,0.5649836198360871,0.5659170693261977,0.49691430452988455,-0.18361783615617328,-0.05151073162729506,-0.27614320379372015,-0.681133654480848,0.9567683163225518,0.37755047318838214,-0.13613189928935826,0.5674165091729647,0.3797030670510481,0.43410525320080373,1.535867962637825,-0.45367727505259237,-0.448810948172003,-0.4359000264455779,-0.4937419311010188,-0.22684724690636107,-0.11020775375559684,-0.559004234197487,-0.3171910688039073,-0.18463927560711513,-0.16879713953279607,-0.17454561711995636,-0.0,1.0289988766165354,1.0,1.0,3.4168066704000997,0.2187502166633156,1.0,2.1158038147138964,0.05021919806368365,0.496941403734707,0.08432659825355344,463.05,0.4166666666666667
0x7917a8558e230b5bcd12859cbb170528babf8569bdb7c276209623761ea0e4f5,1,0x14e0b7709832d235d3d4ba2bc38d93e52f2e6fbb,0xbb9bc244d798123fde783fcc1c72d3bb8c189413,2016-06-16 23:40:09+00:00,162778,20000000000,288239,62778,0.0,9,,202,63103,109824,0.5745829691142191,48,34,34,1.0,24,111,652419,37,0x7917a8558e230b5bcd12859cbb170528babf8569bdb7c276209623761ea0e4f5,4,2,1,32142,47,288467,5,2,0.0,0.0,1,0,0,-0.08603613360022544,0.5650236582925334,0.5659398504522448,0.49691430452988455,-0.353197763227469,-0.3955320685500477,-0.23700726221297752,-0.6640609240196276,-0.9149369076187842,-0.9816312302897935,-0.13613189928935826,0.5674165091729647,0.3797030670510481,0.4341258086784337,-0.6445143835368626,0.635052472568344,0.7287213688878549,-0.4359000264455779,-0.4937419311010188,-0.22684724690636107,-0.11020775375559684,-0.559004234197487,-0.16889832648696318,-0.18463927560711513,-0.07242165566939106,-0.13442730753287632,-0.0,-0.9043672559436463,1.0,1.0,3.4168377823408624,0.21875216661813443,0.21428571428571427,6.8,5.211366910885626e-05,0.11764705882352941,3.642191142191142e-05,2.0,0.041666666666666664
0x5b03322149af01fe48f10a9088b7c1f4f711a59afcbe286fad280f2439e74433,1,0x81440953ab853b0f6c52e2e577ecf84b3077cfb9,0xbb9bc244d798123fde783fcc1c72d3bb8c189413,2016-06-16 23:42:34+00:00,150000,21000000000,77778,77778,0.0,2,,201,63104,109825,0.5745868427043023,48,4,4,1.0,2,23,144129,38,0x5b03322149af01fe48f10a9088b7c1f4f711a59afcbe286fad280f2439e74433,2,2,1,32142,47,288476,2,2,0.0,0.0,1,0,0,-0.08603613360022544,0.5650636967489797,0.565962631578292,0.49691430452988455,-0.35401409792132954,-0.3960868820167546,-0.5240041671384237,-0.6469881935584072,-0.9153412946175833,-0.9816312302897935,-0.13613189928935826,0.5674165091729647,0.3797030670510481,0.4342183083277686,-0.6452574423848149,-0.41778508557058347,-0.40561257300578835,-0.4359000264455779,-0.4937419311010188,-0.22684724690636107,-0.11020775375559684,-0.559004234197487,-0.18632223281811952,0.2806083143806392,-0.37033280657452555,-0.1090915613301902,-0.0,-0.9050940072554239,1.0,1.0,3.416868894281625,0.21874880839720323,0.08333333333333333,2.0,2.775272323596753e-05,0.5,1.821078989301161e-05,1.0,0.041666666666666664
0x01bd4bc4526b55796e70f0bc01f99e360987eede3f5e07fd29306a7fffa752e0,1,0xdf21fa922215b1a56f5a6d6294e6e36c85a0acfb,0xbb9bc244d798123fde783fcc1c72d3bb8c189413,2016-06-16 23:44:00+00:00,77650,20000000000,398180,77650,0.0,18633,,198,63105,109827,0.574585484443716,48,6267,18638,0.33624852451979825,21,20,124786,39,0x01bd4bc4526b55796e70f0bc01f99e360987eede3f5e07fd29306a7fffa752e0,9263,20,1,32142,47,288479,8808,2,0.0,0.0,1,0,0,-0.08603613360022544,0.565103735205426,0.5660081938303863,0.49691430452988455,-0.18359062499971124,-0.05147374406284793,-0.27614320379372015,-0.6299154630971868,0.9571727033213508,0.37755047318838214,-0.13613189928935826,0.5674165091729647,0.3797030670510481,0.43424914154421357,1.535867962637825,-0.45367727505259237,-0.4487797048361386,-0.4359000264455779,-0.4937419311010188,-0.22684724690636107,-0.11020775375559684,-0.559004234197487,-0.2849777049623643,-0.18463927560711513,0.08320171322870118,-0.10930775969778644,-0.0,1.029206519848472,1.0,1.0,3.416931118163151,0.21875,1.0,2.1160308810172572,0.05022157756817617,0.4969953857710055,0.08434173745982318,463.15,0.4166666666666667
0x4f24e124df41537e71318adc853ec653332e79ab265c687e8a007ef8a7672d2d,1,0xdf21fa922215b1a56f5a6d6294e6e36c85a0acfb,0xbb9bc244d798123fde783fcc1c72d3bb8c189413,2016-06-16 23:44:00+00:00,54154,20000000000,299530,39154,0.0,18632,,200,63105,109827,0.574585484443716,48,6267,18638,0.33624852451979825,21,20,124786,40,0x4f24e124df41537e71318adc853ec653332e79ab265c687e8a007ef8a7672d2d,9263,20,1,32142,47,288479,8808,2,0.0,0.0,1,0,0,-0.08603613360022544,0.565103735205426,0.5660081938303863,0.49691430452988455,-0.18359062499971124,-0.05147374406284793,-0.27614320379372015,-0.6128427326359664,0.9571727033213508,0.37755047318838214,-0.13613189928935826,0.5674165091729647,0.3797030670510481,0.43424914154421357,1.535867962637825,-0.45367727505259237,-0.4487797048361386,-0.4359000264455779,-0.4937419311010188,-0.22684724690636107,-0.11020775375559684,-0.559004234197487,-0.3170165297515996,-0.18463927560711513,-0.056439051743391117,-0.1743294187523601,-0.0,1.0291026982325038,1.0,1.0,3.416931118163151,0.21875,1.0,2.1160308810172572,0.05022157756817617,0.4969953857710055,0.08434173745982318,463.15,0.4166666666666667
0x4cebc1a937632ed65459e4430be9534ee24d8babd1cde3565680d5cdb577d137,1,0xc144f96e4b3dea36e97a467c55c058a4b513f8e3,0xbb9bc244d798123fde783fcc1c72d3bb8c189413,2016-06-16 23:45:54+00:00,91216,20000000000,150608,45608,0.0,0,,197,63106,109828,0.5745893579050879,48,2,2,1.0,1,0,28,41,0x4cebc1a937632ed65459e4430be9534ee24d8babd1cde3565680d5cdb577d137,1,1,1,32143,47,288490,1,2,0.0,0.0,1,0,0,-0.08603613360022544,0.5651437736618722,0.5660309749564334,0.49691430452988455,-0.35406852023425356,-0.39612386958120177,-0.5370494809986712,-0.5957700021747461,-0.9155434881169827,-1.05714132492747,-0.13613189928935826,0.5674889286573455,0.3797030670510481,0.4343621966711784,-0.6455051286674657,-0.692958538265985,-0.7271979973911115,-0.4359000264455779,-0.4937419311010188,-0.22684724690636107,-0.11020775375559684,-0.559004234197487,-0.26647929259043857,-0.18463927560711513,-0.2672406939245764,-0.1634282916862177,-0.0,-0.9053016504873603,1.0,1.0,3.416855925084777,0.21874512549784916,1.0,2.0,0.06896551724137931,0.5,9.105146228648432e-06,1.0,0.020833333333333332
0x586d136d824129c682719f3302d8f75f912ef23304d0127af6b50a05d995a832,1,0x97a326cb6f1ee8338cad92829e6ddfb788778937,0xbb9bc244d798123fde783fcc1c72d3bb8c189413,2016-06-16 23:47:00+00:00,100000,21000000000,47778,47778,0.0,3,,196,63107,109829,0.5745932312959237,48,7,7,1.0,3,35,212561,42,0x586d136d824129c682719f3302d8f75f912ef23304d0127af6b50a05d995a832,4,3,1,32143,47,288494,1,2,0.0,0.0,1,0,0,-0.08603613360022544,0.5651838121183185,0.5660537560824804,0.49691430452988455,-0.3539324644519435,-0.39603140067008397,-0.5109588532781761,-0.5786972717135257,-0.9149369076187842,-0.9061211356521172,-0.13613189928935826,0.5674889286573455,0.3797030670510481,0.43440330762643836,-0.6455051286674657,-0.27421632764254794,-0.252895147300648,-0.4359000264455779,-0.4937419311010188,-0.22684724690636107,-0.11020775375559684,-0.559004234197487,-0.2545015501258215,0.2806083143806392,-0.4127983205042039,-0.15976305373556243,-0.0,-0.9049901856394557,1.0,1.0,3.4168870360576173,0.2187455588485069,0.08333333333333333,7.0,3.293156820127774e-05,0.5714285714285714,3.642025330286172e-05,1.3333333333333333,0.0625
0x5e84c4100890a07465f2fc82a9468a109f2fa2c43769ba99c5bbe8b98da50d6a,1,0x3e1b98ed2adc3ef94447f479b54ca24777c6cf88,0xbb9bc244d798123fde783fcc1c72d3bb8c189413,2016-06-16 23:47:30+00:00,162778,20000000000,131778,47778,0.0,4,,195,63108,109830,0.574597104616225,48,15,15,1.0,12,45,274314,43,0x5e84c4100890a07465f2fc82a9468a109f2fa2c43769ba99c5bbe8b98da50d6a,5,4,1,32143,47,288495,1,2,0.0,0.0,1,0,0,-0.08603613360022544,0.5652238505747648,0.5660765372085276,0.49691430452988455,-0.35371477520024736,-0.39588345041229545,-0.39355102853594814,-0.5616245412523054,-0.9147347141193847,-0.8306110410144407,-0.13613189928935826,0.5674889286573455,0.3797030670510481,0.4344135853652533,-0.6455051286674657,-0.15457569603585164,-0.11508302446966932,-0.4359000264455779,-0.4937419311010188,-0.22684724690636107,-0.11020775375559684,-0.559004234197487,-0.16889832648696318,-0.18463927560711513,-0.29389488150110454,-0.15976305373556243,-0.0,-0.9048863640234874,1.0,1.0,3.4169181470304575,0.21874826687371748,0.2608695652173913,15.0,5.468166159342362e-05,0.3333333333333333,4.552490212146044e-05,1.25,0.08333333333333333
0x3f58f9444619c3846fa4e726b1e52e0e1917e277f77c6c229621460473f65153,1,0xfbb1b73c4f0bda4f67dca266ce6ef42f520fbb98,0xbb9bc244d798123fde783fcc1c72d3bb8c189413,2016-06-16 23:50:12+00:00,197714,20000000000,89714,47714,0.0,30907,,193,63109,109831,0.5746009778659941,48,152939,226077,0.6764907531504752,311,311,1655955,44,0x3f58f9444619c3846fa4e726b1e52e0e1917e277f77c6c229621460473f65153,9935,48,1,32143,47,288505,10323,2,0.0,0.0,1,0,0,-0.08603613360022544,0.5652638890312109,0.5660993183345747,0.49691430452988455,3.8075241155973822,3.7848579466112136,3.5069978156780697,-0.5445518107910851,1.0930467349178268,2.491833123043322,-0.13613189928935826,0.5674889286573455,0.3797030670510481,0.4345163627534032,1.9111126808537346,3.0278651047022698,2.968279390316919,-0.4359000264455779,-0.4937419311010188,-0.22684724690636107,-0.11020775375559684,-0.559004234197487,-0.12126007389772567,-0.18463927560711513,-0.3534371940990375,-0.15987115291936055,-0.0,2.303513034242397,1.0,1.0,3.4169492580032976,0.21874415090154103,0.9967948717948718,21.900319674513224,0.09235692252692704,0.04394520450996784,0.09045715690469903,206.97916666666666,1.0
0x9a773771f3766babc5da34be446ddd3db6ccc293ec6cdc7a52cbd82e90b753cd,1,0xdf21fa922215b1a56f5a6d6294e6e36c85a0acfb,0xbb9bc244d798123fde783fcc1c72d3bb8c189413,2016-06-16 23:50:49+00:00,54154,20000000000,186154,39154,0.0,18634,,192,63110,109832,0.5746048510452327,48,6268,18639,0.3362841354149901,21,20,124815,45,0x9a773771f3766babc5da34be446ddd3db6ccc293ec6cdc7a52cbd82e90b753cd,9264,20,1,32143,47,288508,8808,2,0.0,0.0,1,0,0,-0.08603613360022544,0.5653039274876572,0.5661220994606219,0.49691430452988455,-0.18356341384324923,-0.051455250280624365,-0.27614320379372015,-0.5274790803298647,0.9573748968207504,0.37755047318838214,-0.13613189928935826,0.5674889286573455,0.3797030670510481,0.43454719596984814,1.535867962637825,-0.45367727505259237,-0.4487149864975624,-0.4359000264455779,-0.4937419311010188,-0.22684724690636107,-0.11020775375559684,-0.559004234197487,-0.3170165297515996,-0.18463927560711513,-0.21692472198643153,-0.1743294187523601,-0.0,1.0293103414644402,1.0,1.0,3.4169803689761378,0.21874534243299168,1.0,2.116144414168937,0.050217920779387255,0.49702237244487363,0.08434700269502513,463.2,0.4166666666666667
0xa3d0eb24f4de558918afe82363b47ebc63c90e662e51a6c8e8aaf8960a64ee19,1,0x0a869d79a7052c7f1b55a8ebabbea3420f0d1e13,0xbb9bc244d798123fde783fcc1c72d3bb8c189413,2016-06-16 23:52:49+00:00,150000,20000000000,98778,77778,0.0,5857,,191,63111,109833,0.5746087241539428,48,3995,5859,0.6818569721795529,20,19,118232,46,0xa3d0eb24f4de558918afe82363b47ebc63c90e662e51a6c8e8aaf8960a64ee19,994,20,1,32143,47,288518,1259,2,0.0,0.0,1,0,0,-0.08603613360022544,0.5653439659441035,0.566144880586669,0.49691430452988455,-0.24541437248141598,-0.28780578709778265,-0.2891885176539677,-0.5104063498686443,-0.7147653432132616,0.37755047318838214,-0.13613189928935826,0.5674889286573455,0.3797030670510481,0.43464997335799804,-0.3339157850928028,-0.46564133821326203,-0.46340604935436824,-0.4359000264455779,-0.4937419311010188,-0.22684724690636107,-0.11020775375559684,-0.559004234197487,-0.18632223281811952,-0.18463927560711513,-0.3406069468237507,-0.1090915613301902,-0.0,-0.29721844576149925,1.0,1.0,3.417011479948978,0.21874122674763188,1.0,4.6536934074662435,0.03378921282552248,0.16965352449223417,0.009050103338705125,49.7,0.4166666666666667
0xb07ded607263d502e097fe39ef5f408d612fa3efd4b3b65ebbb2561b6653343b,1,0xa19325c4cc4e00efc333b710b9dae427befc8f61,0xbb9bc244d798123fde783fcc1c72d3bb8c189413,2016-06-16 23:53:36+00:00,162778,20000000000,152778,47778,0.0,3,,190,63112,109834,0.5746125971921263,48,7,7,1.0,2,32,195687,47,0xb07ded607263d502e097fe39ef5f408d612fa3efd4b3b65ebbb2561b6653343b,2,2,1,32143,47,288524,2,2,0.0,0.0,1,0,0,-0.08603613360022544,0.5653840044005498,0.5661676617127162,0.49691430452988455,-0.3539324644519435,-0.39603140067008397,-0.5240041671384237,-0.4933336194074239,-0.9153412946175833,-0.9816312302897935,-0.13613189928935826,0.5674889286573455,0.3797030670510481,0.43471163979088795,-0.6452574423848149,-0.31010851712455684,-0.29055229368462826,-0.4359000264455779,-0.4937419311010188,-0.22684724690636107,-0.11020775375559684,-0.559004234197487,-0.16889832648696318,-0.18463927560711513,-0.2641690217503297,-0.15976305373556243,-0.0,-0.9049901856394557,1.0,1.0,3.417042590921818,0.21874014383502297,0.06060606060606061,3.5,3.577122766853358e-05,0.2857142857142857,1.820929766738897e-05,1.0,0.041666666666666664
0xc765bb2e32093554ec4e6994a55adcbf8e3ba3c8539845bfb036a1eb8618568a,1,0xdf21fa922215b1a56f5a6d6294e6e36c85a0acfb,0xbb9bc244d798123fde783fcc1c72d3bb8c189413,2016-06-16 23:54:39+00:00,54154,20000000000,123154,39154,0.0,18635,,189,63113,109835,0.5746164701597851,48,6269,18640,0.3363197424892704,21,20,124836,48,0xc765bb2e32093554ec4e6994a55adcbf8e3ba3c8539845bfb036a1eb8618568a,9265,20,1,32143,47,288529,8808,2,0.0,0.0,1,0,0,-0.08603613360022544,0.565424042856996,0.5661904428387633,0.49691430452988455,-0.18353620268678722,-0.0514367564984008,-0.27614320379372015,-0.4762608889462035,0.9575770903201499,0.37755047318838214,-0.13613189928935826,0.5674889286573455,0.3797030670510481,0.4347630284849629,1.535867962637825,-0.45367727505259237,-0.4486681214937658,-0.4359000264455779,-0.4937419311010188,-0.22684724690636107,-0.11020775375559684,-0.559004234197487,-0.3170165297515996,-0.18463927560711513,-0.30610230123875604,-0.1743294187523601,-0.0,1.0294141630804083,1.0,1.0,3.417073701894658,0.21873981908293766,1.0,2.1162579473206176,0.05021748359861259,0.497049356223176,0.08435380343242135,463.25,0.4166666666666667
0xa5035209e944f45c5db921a5047f2aecbfbba45279392ddf811b2ee1bca8744f,1,0xf5df2738ec9fe489e19de639e25e0c0281afff00,0xbb9bc244d798123fde783fcc1c72d3bb8c189413,2016-06-16 23:55:54+00:00,147650,20000000000,68650,47650,0.0,10,,188,63114,109836,0.5746203430569212,48,20,20,1.0,13,258,1397034,49,0xa5035209e944f45c5db921a5047f2aecbfbba45279392ddf811b2ee1bca8744f,2,2,1,32143,47,288536,6,2,0.0,0.0,1,0,0,-0.08603613360022544,0.5654640813134423,0.5662132239648103,0.49691430452988455,-0.3535787194179372,-0.3957909815011776,-0.3805057146757006,-0.4591881584849831,-0.9153412946175833,-0.9816312302897935,-0.13613189928935826,0.5674889286573455,0.3797030670510481,0.43483497265666776,-0.6442666972542118,2.3937697571867793,2.3904539785066454,-0.4359000264455779,-0.4937419311010188,-0.22684724690636107,-0.11020775375559684,-0.559004234197487,-0.1895266607315815,-0.18463927560711513,-0.3832536469461957,-0.1599792521031587,-0.0,-0.9042634343276781,1.0,1.0,3.4171048128674983,0.2187379781449173,0.05019305019305019,3.3333333333333335,1.4316033599730858e-05,0.1,1.820896609490513e-05,1.0,0.041666666666666664
0x30695a70e51ee181cc87d38d776a56af3cb886fadc429c0b268ec818496175cd,1,0x973d20cebae554c18cfdbd77f26642f21c2d633c,0xbb9bc244d798123fde783fcc1c72d3bb8c189413,2016-06-16 23:56:12+00:00,150000,21000000000,98778,77778,0.0,3,,187,63115,109837,0.5746242158835365,48,5,5,1.0,3,64,386342,50,0x30695a70e51ee181cc87d38d776a56af3cb886fadc429c0b268ec818496175cd,1,1,1,32144,47,288539,4,2,0.0,0.0,1,0,0,-0.08603613360022544,0.5655041197698886,0.5662360050908575,0.49691430452988455,-0.3539868867648675,-0.39606838823453105,-0.5109588532781761,-0.44211542802376275,-0.9155434881169827,-1.05714132492747,-0.13613189928935826,0.5675613481417261,0.3797030670510481,0.43486580587311274,-0.6447620698195133,0.07274150401687134,0.13492614911718281,-0.4359000264455779,-0.4937419311010188,-0.22684724690636107,-0.11020775375559684,-0.559004234197487,-0.18632223281811952,0.2806083143806392,-0.3406069468237507,-0.1090915613301902,-0.0,-0.9049901856394557,1.0,1.0,3.4170296167247387,0.21873916961253206,0.046153846153846156,1.25,1.2941867718581675e-05,0.2,9.104400156595682e-06,1.0,0.020833333333333332
0x0415b25dc6d57a34d811261a61d0d166bc4e1f8c20842253535e706bdb9cf948,1,0xe03a69d7123a47f56febe1eca7337f0a4eb68e63,0xbb9bc244d798123fde783fcc1c72d3bb8c189413,2016-06-16 23:59:35+00:00,90000,20000000000,161361,56361,0.0,3,,184,63116,109838,0.5746280886396329,48,21,21,1.0,20,102,608366,51,0x0415b25dc6d57a34d811261a61d0d166bc4e1f8c20842253535e706bdb9cf948,4,4,1,32144,47,288551,1,2,0.0,0.0,1,0,0,-0.08603613360022544,0.5655441582263347,0.5662587862169046,0.49691430452988455,-0.35355150826147524,-0.395772487718954,-0.2891885176539677,-0.4250426975625424,-0.9149369076187842,-0.8306110410144407,-0.13613189928935826,0.5675613481417261,0.3797030670510481,0.43498913873889256,-0.6455051286674657,0.5273759041223173,0.6304097492568556,-0.4359000264455779,-0.4937419311010188,-0.22684724690636107,-0.11020775375559684,-0.559004234197487,-0.2681374135873619,-0.18463927560711513,-0.2520196382150487,-0.14526593975838545,-0.0,-0.9049901856394557,1.0,1.0,3.417060726729716,0.2187335384956611,0.1941747572815534,21.0,3.451863759868632e-05,0.19047619047619047,3.641726906899252e-05,1.0,0.08333333333333333
0xb2eead45fb0e7f7d50b1731e9917aa5fbacb97b71ab0fa411341d6b31c4bfa40,1,0xdf21fa922215b1a56f5a6d6294e6e36c85a0acfb,0xbb9bc244d798123fde783fcc1c72d3bb8c189413,2016-06-17 00:01:45+00:00,77650,20000000000,161650,77650,0.0,18637,,183,63117,109839,0.5746319613252123,49,6271,18642,0.3363909451775561,22,21,124866,52,0xb2eead45fb0e7f7d50b1731e9917aa5fbacb97b71ab0fa411341d6b31c4bfa40,9266,21,1,32144,48,288559,8809,2,0.0,0.0,1,0,0,-0.08603613360022544,0.565584196682781,0.5662815673429518,0.5662769936044078,-0.18348178037386317,-0.05139976893395367,-0.2630978899334726,-0.40796996710132205,0.9577792838195494,0.4530605678260586,-0.13613189928935826,0.5675613481417261,0.4409850339734252,0.4350713606494125,1.536115648920476,-0.44171321189192275,-0.4486011714883421,-0.4359000264455779,-0.4937419311010188,-0.22684724690636107,-0.11020775375559684,-0.559004234197487,-0.2849777049623643,-0.18463927560711513,-0.2516105537641928,-0.10930775969778644,-0.0,1.0296218063123448,1.0,1.0,3.417091836734694,0.21873093983920155,1.0,2.1162447496878194,0.05022143560748637,0.49704967278189033,0.0843598357596118,441.23809523809524,0.42857142857142855
0x050bb3c031cfecca2965722e00d0a7189d3883b42e5bacf1b59e9e4b2008c4cf,1,0x25e88a60d112a671ea25abf5df2d0339a2e35ec9,0xbb9bc244d798123fde783fcc1c72d3bb8c189413,2016-06-17 00:02:29+00:00,100000,21000000000,161361,56361,0.0,16,,182,63118,109840,0.5746358339402767,49,139,139,1.0,40,56,335909,53,0x050bb3c031cfecca2965722e00d0a7189d3883b42e5bacf1b59e9e4b2008c4cf,5,3,1,32144,48,288560,5,2,0.0,0.0,1,0,0,-0.08603613360022544,0.5656242351392273,0.5663043484689989,0.5662769936044078,-0.3503405917989571,-0.3935902214165734,-0.02828224044901668,-0.3908972366401017,-0.9147347141193847,-0.9061211356521172,-0.13613189928935826,0.5675613481417261,0.4409850339734252,0.43508163838822744,-0.6445143835368626,-0.02297100126848571,0.022376494999411238,-0.4359000264455779,-0.4937419311010188,-0.22684724690636107,-0.11020775375559684,-0.559004234197487,-0.2545015501258215,0.2806083143806392,-0.2520196382150487,-0.14526593975838545,-0.0,-0.9036405046318687,1.0,1.0,3.4171229467396715,0.21873364730507588,0.7017543859649122,27.8,0.0004138013158286446,0.03597122302158273,4.552075746540423e-05,1.6666666666666667,0.061224489795918366
0x96ba7f68416bdb14456d52eb663b830a93c2504582ea82852bf09ac28cdba861,1,0xb90516da15b8374a8a2c2de0ddc66cbcbf50c2dc,0xbb9bc244d798123fde783fcc1c72d3bb8c189413,2016-06-17 00:03:09+00:00,156361,20000000000,77361,56361,0.0,15,,181,63119,109841,0.5746397064848281,49,32,32,1.0,8,47,277777,54,0x96ba7f68416bdb14456d52eb663b830a93c2504582ea82852bf09ac28cdba861,15,8,1,32144,48,288565,2,2,0.0,0.0,1,0,0,-0.08603613360022544,0.5656642735956735,0.566327129595046,0.5662769936044078,-0.353252185540393,-0.39556905611449483,-0.4457322839769383,-0.3738245061788813,-0.9127127791253895,-0.528570662463735,-0.13613189928935826,0.5675613481417261,0.4409850339734252,0.4351330270823024,-0.6452574423848149,-0.13064756971451238,-0.1073547621769276,-0.4359000264455779,-0.4937419311010188,-0.22684724690636107,-0.11020775375559684,-0.559004234197487,-0.17764846007023366,-0.18463927560711513,-0.37092307721814805,-0.14526593975838545,-0.0,-0.903744326247837,1.0,1.0,3.417154056744649,0.2187333227060707,0.16666666666666666,16.0,0.00011519990784007373,0.46875,0.0001365610291239155,1.875,0.16326530612244897
0x2d8580a9092fad1f3af8d5912b38a1f04ecfb27d3ca5f3ba86d1375764ba6ebf,1,0x291beb2421c25e556ac0ee171ede5343c5fa5171,0xbb9bc244d798123fde783fcc1c72d3bb8c189413,2016-06-17 00:04:10+00:00,91216,20000000000,87608,45608,0.0,0,,180,63120,109842,0.5746435789588682,49,2,2,1.0,2,1,26,55,0x2d8580a9092fad1f3af8d5912b38a1f04ecfb27d3ca5f3ba86d1375764ba6ebf,1,1,1,32145,48,288569,1,2,0.0,0.0,1,0,0,-0.08603613360022544,0.5657043120521198,0.5663499107210931,0.5662769936044078,-0.35406852023425356,-0.39612386958120177,-0.5240041671384237,-0.3567517757176609,-0.9155434881169827,-1.05714132492747,-0.13613189928935826,0.5676337676261068,0.4409850339734252,0.43517413803756233,-0.6455051286674657,-0.6809944751053153,-0.7272024607248064,-0.4359000264455779,-0.4937419311010188,-0.22684724690636107,-0.11020775375559684,-0.559004234197487,-0.26647929259043857,-0.18463927560711513,-0.35641827317690095,-0.1634282916862177,-0.0,-0.9053016504873603,1.0,1.0,3.4170788614092396,0.21873375610770351,1.0,2.0,0.07407407407407407,0.5,9.103985724950384e-06,1.0,0.02040816326530612
0x58893a74e349cbbe4992001a59db73402945b41a63db9eb6d64ab1ec767d6660,1,0xfbb1b73c4f0bda4f67dca266ce6ef42f520fbb98,0xbb9bc244d798123fde783fcc1c72d3bb8c189413,2016-06-17 00:13:57+00:00,197714,20000000000,68714,47714,0.0,30915,,176,63121,109843,0.574647451362399,49,152953,226096,0.6764958247823933,312,312,1656069,56,0x58893a74e349cbbe4992001a59db73402945b41a63db9eb6d64ab1ec767d6660,9936,49,1,32145,48,288619,10323,2,0.0,0.0,1,0,0,-0.08603613360022544,0.5657443505085661,0.5663726918471402,0.5662769936044078,3.8079050717878506,3.785209328473461,3.520043129538317,-0.33967904525644055,1.0932489284172262,2.5673432176809987,-0.13613189928935826,0.5676337676261068,0.4409850339734252,0.43568802497831166,1.9111126808537346,3.039829167862939,2.9685338003375294,-0.4359000264455779,-0.4937419311010188,-0.22684724690636107,-0.11020775375559684,-0.559004234197487,-0.12126007389772567,-0.18463927560711513,-0.38316305384981236,-0.15987115291936055,-0.0,2.304343607170143,1.0,1.0,3.4171099704464147,0.2186993278359088,0.9968051118210862,21.90216022474087,0.0923590186405164,0.043945934470313495,0.09045637864952705,202.77551020408163,1.0
0xaaea1b7135f2e9c782da1542255f19925b7f10d7e355ab0f2c8713d05d92681c,1,0x1fb048e31a88f74715ff5bde46a5cd822dc2a1bf,0xbb9bc244d798123fde783fcc1c72d3bb8c189413,2016-06-17 00:14:39+00:00,162714,20000000000,631137,62714,0.0,2,,175,63122,109844,0.5746513236954226,49,7,7,1.0,7,89,532703,57,0xaaea1b7135f2e9c782da1542255f19925b7f10d7e355ab0f2c8713d05d92681c,2,2,1,32145,48,288620,2,2,0.0,0.0,1,0,0,-0.08603613360022544,0.5657843889650124,0.5663954729731874,0.5662769936044078,-0.3539324644519435,-0.39603140067008397,-0.45877759783718586,-0.3226063147952202,-0.9153412946175833,-0.9816312302897935,-0.13613189928935826,0.5676337676261068,0.4409850339734252,0.4356983027171267,-0.6452574423848149,0.3718430830336121,0.46155514057775754,-0.4359000264455779,-0.4937419311010188,-0.22684724690636107,-0.11020775375559684,-0.559004234197487,-0.16898559601311705,-0.18463927560711513,0.41295633751257044,-0.13453540671667444,-0.0,-0.9050940072554239,1.0,1.0,3.41714107948359,0.2187020348484691,0.07777777777777778,3.5,1.3140505796840271e-05,0.2857142857142857,1.820763992571283e-05,1.0,0.04081632653061224
0x1df2ed7b24da0c8d0311fd56f38ecce07b4595d09bf6399ae07b5a647364fc39,1,0x7cf0a7cc06614dadd07dc66bfc8d62cc855b58c1,0xbb9bc244d798123fde783fcc1c72d3bb8c189413,2016-06-17 00:17:24+00:00,170925,50000000000,70925,70925,0.0,7,,171,63123,109846,0.5746499644957486,49,16,16,1.0,7,114,664091,58,0x1df2ed7b24da0c8d0311fd56f38ecce07b4595d09bf6399ae07b5a647364fc39,2,2,1,32145,48,288633,4,2,0.0,0.0,1,0,0,-0.08603613360022544,0.5658244274214586,0.5664410352252817,0.5662769936044078,-0.3536875640437853,-0.3958649566300719,-0.45877759783718586,-0.3055335843339998,-0.9153412946175833,-0.9816312302897935,-0.13613189928935826,0.5676337676261068,0.4409850339734252,0.4358319133217215,-0.6447620698195133,0.6709446620503529,0.7547693843313666,-0.4359000264455779,-0.4937419311010188,-0.22684724690636107,-0.11020775375559684,-0.559004234197487,-0.15778918852484622,13.772788424025515,-0.38003334547319506,-0.12066661924532406,-0.0,-0.9045748991755828,1.0,1.0,3.4172032975579407,0.21869564916122147,0.06086956521739131,4.0,2.4093047348861304e-05,0.125,1.820730841359722e-05,1.0,0.04081632653061224
0xe18f03b0be1dfcaf276cee3f76dd2ae34904334de48548061873905b8abd1986,1,0x0a869d79a7052c7f1b55a8ebabbea3420f0d1e13,0xbb9bc244d798123fde783fcc1c72d3bb8c189413,2016-06-17 00:17:24+00:00,150000,20000000000,169639,77714,0.0,5859,,172,63123,109846,0.5746499644957486,49,3997,5861,0.6819655348916567,21,20,118347,59,0xe18f03b0be1dfcaf276cee3f76dd2ae34904334de48548061873905b8abd1986,995,21,1,32145,48,288633,1259,2,0.0,0.0,1,0,0,-0.08603613360022544,0.5658244274214586,0.5664410352252817,0.5662769936044078,-0.24535995016849194,-0.28776879953333556,-0.27614320379372015,-0.2884608538727794,-0.7145631497138621,0.4530605678260586,-0.13613189928935826,0.5676337676261068,0.4409850339734252,0.4358319133217215,-0.3339157850928028,-0.45367727505259237,-0.46314940766691076,-0.4359000264455779,-0.4937419311010188,-0.22684724690636107,-0.11020775375559684,-0.559004234197487,-0.18632223281811952,-0.18463927560711513,-0.24030198740471945,-0.10919966051398831,-0.0,-0.2970108025295628,1.0,1.0,3.4172032975579407,0.21869564916122147,1.0,4.655281969817315,0.03377327880488052,0.1697662514929193,0.009058135935764615,47.38095238095238,0.42857142857142855
0xfd340ed21502151e812f349097dbb6b46ba9234c84add2e1391dadc40d907fbb,1,0xfbb1b73c4f0bda4f67dca266ce6ef42f520fbb98,0xbb9bc244d798123fde783fcc1c72d3bb8c189413,2016-06-17 00:17:59+00:00,227714,20000000000,98714,77714,0.0,30916,,170,63124,109847,0.5746538367001375,49,152956,226099,0.676500117205295,312,312,1656087,60,0xfd340ed21502151e812f349097dbb6b46ba9234c84add2e1391dadc40d907fbb,9937,49,1,32145,48,288637,10323,2,0.0,0.0,1,0,0,-0.08603613360022544,0.5658644658779048,0.5664638163513288,0.5662769936044078,3.8079867052572367,3.7852648098201316,3.520043129538317,-0.27138812341155905,1.0934511219166259,2.5673432176809987,-0.13613189928935826,0.5676337676261068,0.4409850339734252,0.43587302427698144,1.9111126808537346,3.039829167862939,2.9685739703407834,-0.4359000264455779,-0.4937419311010188,-0.22684724690636107,-0.11020775375559684,-0.559004234197487,-0.08035248351310446,-0.18463927560711513,-0.340697539920134,-0.10919966051398831,-0.0,2.304447428786111,1.0,1.0,3.417234406595116,0.21869608298283663,0.9968051118210862,21.90245083793471,0.09235982628942423,0.04394977421395053,0.09046218831647655,202.79591836734693,1.0
0x124f1acc29f9222cf3c49150d6d06bac691e49e568783a2614b5b981fbdc85cc,1,0x0dc9e1e8b5ab0fa6fff5a0dcccf3c11e9dedf014,0xbb9bc244d798123fde783fcc1c72d3bb8c189413,2016-06-17 00:20:04+00:00,150000,21000000000,77714,77714,0.0,8,,169,63125,109848,0.5746577088340252,49,10,11,0.9090909090909091,3,9,50439,61,0x124f1acc29f9222cf3c49150d6d06bac691e49e568783a2614b5b981fbdc85cc,1,1,1,32146,48,288643,4,2,0.0,0.0,1,0,0,-0.08603613360022544,0.5659045043343511,0.566486597477376,0.5662769936044078,-0.35385083098255743,-0.3959574255411897,-0.5109588532781761,-0.25431539295033867,-0.9155434881169827,-1.05714132492747,-0.13613189928935826,0.5677061871104876,0.4409850339734252,0.43593469070987134,-0.6447620698195133,-0.5852819698199583,-0.614697439943984,-0.4359000264455779,-0.4937419311010188,-0.22684724690636107,-0.11020775375559684,-0.559004234197487,-0.18632223281811952,0.2806083143806392,-0.37042339967090887,-0.10919966051398831,-0.0,-0.9044710775596145,1.0,1.0,3.417159211099359,0.2186950014550796,0.3,2.75,0.00019825535289452815,0.09090909090909091,9.103488456776638e-06,1.0,0.02040816326530612
0x3463589125324e31dbc40a0b32aac5eac09e871fd4b6d0f78d31a1a2eb09b630,1,0xdf21fa922215b1a56f5a6d6294e6e36c85a0acfb,0xbb9bc244d798123fde783fcc1c72d3bb8c189413,2016-06-17 00:20:29+00:00,54090,20000000000,279045,27045,0.0,18638,,168,63126,109849,0.5746615808974137,49,6272,18643,0.3364265407927909,22,21,124951,62,0x3463589125324e31dbc40a0b32aac5eac09e871fd4b6d0f78d31a1a2eb09b630,9267,21,1,32146,48,288644,8809,2,0.0,0.0,1,0,0,-0.08603613360022544,0.5659445427907973,0.566509378603423,0.5662769936044078,-0.18345456921740116,-0.051381275151730105,-0.2630978899334726,-0.2372426624891183,0.9579814773189489,0.4530605678260586,-0.13613189928935826,0.5677061871104876,0.4409850339734252,0.43594496844868635,1.536115648920476,-0.44171321189192275,-0.4484114798063083,-0.4359000264455779,-0.4937419311010188,-0.22684724690636107,-0.11020775375559684,-0.559004234197487,-0.31710379927775345,-0.18463927560711513,-0.08543592017170648,-0.19478212213691518,-0.0,1.0297256279283131,1.0,1.0,3.4171903191687925,0.2186977082575482,1.0,2.1163582699511863,0.050195274985594465,0.49707665075363405,0.0843612595471966,441.2857142857143,0.42857142857142855
0x0ab0da1e357d3b1dafb06f0f4fdc50438eb54b690ffaeefdaf897dff79ff6db0,1,0x981e03ae425910faf4c2dbc54c7dba83e2c2e205,0xbb9bc244d798123fde783fcc1c72d3bb8c189413,2016-06-17 00:20:48+00:00,177714,20000000000,68714,47714,0.0,36,,166,63127,109850,0.5746654528903049,49,53,53,1.0,23,82,493495,63,0x0ab0da1e357d3b1dafb06f0f4fdc50438eb54b690ffaeefdaf897dff79ff6db0,10,6,1,32146,48,288647,14,2,0.0,0.0,1,0,0,-0.08603613360022544,0.5659845812472436,0.5665321597294701,0.5662769936044078,-0.35268075125469067,-0.3951806866878,-0.25005257607322506,-0.22016993202789795,-0.9137237466223871,-0.6795908517390878,-0.13613189928935826,0.5677061871104876,0.4409850339734252,0.4359758016651313,-0.6422852069930057,0.28809464090892467,0.37405594682268467,-0.4359000264455779,-0.4937419311010188,-0.22684724690636107,-0.11020775375559684,-0.559004234197487,-0.14853180082080644,-0.18463927560711513,-0.38316305384981236,-0.15987115291936055,-0.0,-0.9015640723125043,1.0,1.0,3.4172214272382258,0.21869889969790193,0.27710843373493976,3.7857142857142856,0.00010739702044190834,0.18867924528301888,9.103322712790169e-05,1.6666666666666667,0.12244897959183673
0x518d51cc7f28152c3ff2eab0329aa6244f26517f36c1134a2fc8debdc6dcb789,1,0x00995ae79d60365b2a0c52a5ad19140dfb8d45f2,0xbb9bc244d798123fde783fcc1c72d3bb8c189413,2016-06-17 00:21:10+00:00,150000,20000000000,89842,47842,0.0,1537,,165,63128,109851,0.5746693248127008,49,2384,2447,0.9742541888026155,117,128,736120,64,0x518d51cc7f28152c3ff2eab0329aa6244f26517f36c1134a2fc8debdc6dcb789,86,21,1,32146,48,288649,441,2,0.0,0.0,1,0,0,-0.08603613360022544,0.5660246197036899,0.5665549408555173,0.5662769936044078,-0.2892515455417269,-0.3509065720445858,0.9762069267900447,-0.20309720156667757,-0.8983570406680238,0.4530605678260586,-0.13613189928935826,0.5677061871104876,0.4409850339734252,0.43599635714276125,-0.5365231643011289,0.8384415462997277,0.915514115686808,-0.4359000264455779,-0.4937419311010188,-0.22684724690636107,-0.11020775375559684,-0.559004234197487,-0.18632223281811952,-0.18463927560711513,-0.3532560079062709,-0.15965495455176432,-0.0,-0.745727826744207,1.0,1.0,3.4172525353076586,0.21870084877879786,0.9069767441860465,5.54875283446712,0.0032385980022306116,0.035145075602778915,0.0007828786265031725,4.095238095238095,0.42857142857142855
0xc29f6ef58b1e6fe1c7a61fb703127c240fc881b8bfda5f17ef2d5cbfbe521e52,1,0xd5d264db456eea3d928e138ef8f2821e67798fed,0xbb9bc244d798123fde783fcc1c72d3bb8c189413,2016-06-17 00:26:00+00:00,91216,20000000000,66608,45608,0.0,0,,162,63129,109852,0.5746731966646033,49,2,2,1.0,1,0,28,65,0xc29f6ef58b1e6fe1c7a61fb703127c240fc881b8bfda5f17ef2d5cbfbe521e52,1,1,1,32147,48,288675,1,2,0.0,0.0,1,0,0,-0.08603613360022544,0.5660646581601362,0.5665777219815644,0.5662769936044078,-0.35406852023425356,-0.39612386958120177,-0.5370494809986712,-0.1860244711054572,-0.9155434881169827,-1.05714132492747,-0.13613189928935826,0.5677786065948683,0.4409850339734252,0.43626357835195095,-0.6455051286674657,-0.692958538265985,-0.7271979973911115,-0.4359000264455779,-0.4937419311010188,-0.22684724690636107,-0.11020775375559684,-0.559004234197487,-0.26647929259043857,-0.18463927560711513,-0.3861441329276758,-0.1634282916862177,-0.0,-0.9053016504873603,1.0,1.0,3.4171773415870845,0.21868461527802796,1.0,2.0,0.06896551724137931,0.5,9.103156974838875e-06,1.0,0.02040816326530612
0x24109948c7956660434da3fb3d4c6d15e60d5c47c3c29470e441c448e05c9aeb,1,0xfbb1b73c4f0bda4f67dca266ce6ef42f520fbb98,0xbb9bc244d798123fde783fcc1c72d3bb8c189413,2016-06-17 00:26:04+00:00,227714,20000000000,77714,77714,0.0,30919,,161,63130,109853,0.5746770684460142,49,152963,226109,0.6765011565218545,312,312,1656126,66,0x24109948c7956660434da3fb3d4c6d15e60d5c47c3c29470e441c448e05c9aeb,9938,49,1,32147,48,288676,10324,2,0.0,0.0,1,0,0,-0.08603613360022544,0.5661046966165824,0.5666005031076116,0.5662769936044078,3.8081771833524707,3.7854497476423674,3.520043129538317,-0.16895174064423682,1.0936533154160253,2.5673432176809987,-0.13613189928935826,0.5677786065948683,0.4409850339734252,0.4362738560907659,1.9113603671363855,3.039829167862939,2.968661005347834,-0.4359000264455779,-0.4937419311010188,-0.22684724690636107,-0.11020775375559684,-0.559004234197487,-0.08035248351310446,-0.18463927560711513,-0.37042339967090887,-0.10919966051398831,-0.0,2.3047588936340158,1.0,1.0,3.4172084486888354,0.21868732181642458,0.9968051118210862,21.901297946532353,0.09236187804437704,0.04395225311685957,0.09046635048655931,202.81632653061226,1.0
0x56491833e5c9aafe60c4cad29656dc707a20578e9da533a0aee083c812d89453,1,0x015f097d9acddcddafaf2a107eb93a40fc94b04c,0xbb9bc244d798123fde783fcc1c72d3bb8c189413,2016-06-17 00:28:31+00:00,150000,21000000000,503778,62778,0.0,42,,159,63131,109855,0.57467570888899,49,43,43,1.0,19,145,818386,67,0x56491833e5c9aafe60c4cad29656dc707a20578e9da533a0aee083c812d89453,4,4,1,32147,48,288683,27,2,0.0,0.0,1,0,0,-0.08603613360022544,0.5661447350730286,0.5666460653597057,0.5662769936044078,-0.3529528628193108,-0.3953656245100356,-0.3022338315142153,-0.15187901018301644,-0.9149369076187842,-0.8306110410144407,-0.13613189928935826,0.5677786065948683,0.4409850339734252,0.43634580026247083,-0.6390652853185458,1.0418306200311114,1.099104420559661,-0.4359000264455779,-0.4937419311010188,-0.22684724690636107,-0.11020775375559684,-0.559004234197487,-0.18632223281811952,0.2806083143806392,0.23267749122690698,-0.13442730753287632,-0.0,-0.9009411426166951,1.0,1.0,3.417270662892338,0.21868548308877528,0.13013698630136986,1.5925925925925926,5.2542379094487084e-05,0.09302325581395349,3.641163351690865e-05,1.0,0.08163265306122448
0xb27e8e5ee79142377e2ade7d3bdb83c3b7ffa2a21d677ac4473ce5dd9640812d,1,0xfbb1b73c4f0bda4f67dca266ce6ef42f520fbb98,0xbb9bc244d798123fde783fcc1c72d3bb8c189413,2016-06-17 00:28:31+00:00,227842,20000000000,1052973,77842,0.0,30920,,160,63131,109855,0.57467570888899,49,152966,226114,0.6764994648717019,312,312,1656133,68,0xb27e8e5ee79142377e2ade7d3bdb83c3b7ffa2a21d677ac4473ce5dd9640812d,9939,49,1,32147,48,288683,10324,2,0.0,0.0,1,0,0,-0.08603613360022544,0.5661447350730286,0.5666460653597057,0.5662769936044078,3.8082588168218567,3.7855422165534853,3.520043129538317,-0.13480627972179607,1.093855508915425,2.5673432176809987,-0.13613189928935826,0.5677786065948683,0.4409850339734252,0.43634580026247083,1.9113603671363855,3.039829167862939,2.9686766270157663,-0.4359000264455779,-0.4937419311010188,-0.22684724690636107,-0.11020775375559684,-0.559004234197487,-0.08017794446079675,-0.18463927560711513,1.0100724219805637,-0.10898346214639207,-0.0,2.304862715249984,1.0,1.0,3.417270662892338,0.21868548308877528,0.9968051118210862,21.901782254939945,0.09236329910502411,0.04395570376005024,0.09047380638113878,202.83673469387756,1.0
0xf8e36945e33309a9e620d3705155799e756b893bbc82f27db70bb67f4e9d4254,1,0x3a500d34357c2b6f2891f60dc00eb20d4e0f03fe,0xbb9bc244d798123fde783fcc1c72d3bb8c189413,2016-06-17 00:32:49+00:00,150000,21000000000,150000,150000,0.0,0,,156,63132,109856,0.5746795805418001,49,2,2,1.0,2,17,100011,69,0xf8e36945e33309a9e620d3705155799e756b893bbc82f27db70bb67f4e9d4254,1,1,1,32148,48,288704,1,2,0.0,0.0,1,0,0,-0.08603613360022544,0.5661847735294749,0.5666688464857529,0.5662769936044078,-0.35406852023425356,-0.39612386958120177,-0.5240041671384237,-0.1177335492605757,-0.9155434881169827,-1.05714132492747,-0.13613189928935826,0.5678510260792491,0.4409850339734252,0.43656163277758553,-0.6455051286674657,-0.48956946453460126,-0.5040692509818724,-0.4359000264455779,-0.4937419311010188,-0.22684724690636107,-0.11020775375559684,-0.559004234197487,-0.18632223281811952,0.2806083143806392,-0.2681013283402179,0.012894989486502938,-0.0,-0.9053016504873603,1.0,1.0,3.417195470946871,0.2186730399542786,0.1111111111111111,2.0,1.9997600287965445e-05,0.5,9.102825517040489e-06,1.0,0.02040816326530612
0xac8222153cf279878c95214f6e7923d42c99aee0f9d3353eacb65370749b67fc,1,0xdf21fa922215b1a56f5a6d6294e6e36c85a0acfb,0xbb9bc244d798123fde783fcc1c72d3bb8c189413,2016-06-17 00:35:26+00:00,54090,20000000000,111045,27045,0.0,18640,,153,63133,109859,0.5746729899234473,49,6274,18647,0.33646162921649597,22,21,125026,70,0xac8222153cf279878c95214f6e7923d42c99aee0f9d3353eacb65370749b67fc,9270,21,1,32148,48,288719,8810,2,0.0,0.0,1,0,0,-0.08603613360022544,0.5662248119859211,0.5667371898638943,0.5662769936044078,-0.18340014690447712,-0.051307300022835844,-0.2630978899334726,-0.10066081879935533,0.9585880578171475,0.4530605678260586,-0.13613189928935826,0.5678510260792491,0.4409850339734252,0.4367157988598103,1.5363633352031267,-0.44171321189192275,-0.44824410479274907,-0.4359000264455779,-0.4937419311010188,-0.22684724690636107,-0.11020775375559684,-0.559004234197487,-0.31710379927775345,-0.18463927560711513,-0.32324279817790524,-0.19478212213691518,-0.0,1.0299332711602496,1.0,1.0,3.41728878934926,0.21866514269880855,1.0,2.116572077185017,0.05018116086925224,0.497130905775728,0.08438088822945776,441.42857142857144,0.42857142857142855
0xe422657654b968d86fa073bf223fde4371456a5480fd942fe2a2a00cab250429,1,0xdf21fa922215b1a56f5a6d6294e6e36c85a0acfb,0xbb9bc244d798123fde783fcc1c72d3bb8c189413,2016-06-17 00:35:26+00:00,47842,20000000000,285619,47842,0.0,18642,,155,63133,109859,0.5746729899234473,49,6274,18647,0.33646162921649597,22,21,125026,71,0xe422657654b968d86fa073bf223fde4371456a5480fd942fe2a2a00cab250429,9270,21,1,32148,48,288719,8810,2,0.0,0.0,1,0,0,-0.08603613360022544,0.5662248119859211,0.5667371898638943,0.5662769936044078,-0.18340014690447712,-0.051307300022835844,-0.2630978899334726,-0.08358808833813496,0.9585880578171475,0.4530605678260586,-0.13613189928935826,0.5678510260792491,0.4409850339734252,0.4367157988598103,1.5363633352031267,-0.44171321189192275,-0.44824410479274907,-0.4359000264455779,-0.4937419311010188,-0.22684724690636107,-0.11020775375559684,-0.559004234197487,-0.3256234867685239,-0.18463927560711513,-0.07613031055258297,-0.15965495455176432,-0.0,1.0301409143921858,1.0,1.0,3.41728878934926,0.21866514269880855,1.0,2.116572077185017,0.05018116086925224,0.497130905775728,0.08438088822945776,441.42857142857144,0.42857142857142855
0xf2d9b7fad2f2302ac1e228ed5b2fde0bfa43b839bad19272476402c99dbc0b2f,1,0xdf21fa922215b1a56f5a6d6294e6e36c85a0acfb,0xbb9bc244d798123fde783fcc1c72d3bb8c189413,2016-06-17 00:35:26+00:00,77778,20000000000,209823,77778,0.0,18641,,154,63133,109859,0.5746729899234473,49,6274,18647,0.33646162921649597,22,21,125026,72,0xf2d9b7fad2f2302ac1e228ed5b2fde0bfa43b839bad19272476402c99dbc0b2f,9270,21,1,32148,48,288719,8810,2,0.0,0.0,1,0,0,-0.08603613360022544,0.5662248119859211,0.5667371898638943,0.5662769936044078,-0.18340014690447712,-0.051307300022835844,-0.2630978899334726,-0.06651535787691458,0.9585880578171475,0.4530605678260586,-0.13613189928935826,0.5678510260792491,0.4409850339734252,0.4367157988598103,1.5363633352031267,-0.44171321189192275,-0.44824410479274907,-0.4359000264455779,-0.4937419311010188,-0.22684724690636107,-0.11020775375559684,-0.559004234197487,-0.28480316591005655,-0.18463927560711513,-0.1834208470130463,-0.1090915613301902,-0.0,1.0300370927762177,1.0,1.0,3.41728878934926,0.21866514269880855,1.0,2.116572077185017,0.05018116086925224,0.497130905775728,0.08438088822945776,441.42857142857144,0.42857142857142855
0x094ea4e6d99afe8ce53777a41c1ca4305f9d2a11f117e585175e5a6efe3f6ecb,1,0x0a869d79a7052c7f1b55a8ebabbea3420f0d1e13,0xbb9bc244d798123fde783fcc1c72d3bb8c189413,2016-06-17 00:37:36+00:00,150000,20000000000,140778,77778,0.0,5862,,152,63134,109860,0.57467686146004,49,4000,5864,0.6821282401091405,21,20,118447,73,0x094ea4e6d99afe8ce53777a41c1ca4305f9d2a11f117e585175e5a6efe3f6ecb,996,21,1,32148,48,288733,1260,2,0.0,0.0,1,0,0,-0.08603613360022544,0.5662648504423674,0.5667599709899415,0.5662769936044078,-0.24527831669910588,-0.28771331818666485,-0.27614320379372015,-0.04944262741569421,-0.7143609562144626,0.4530605678260586,-0.13613189928935826,0.5678510260792491,0.4409850339734252,0.43685968720322016,-0.333668098810152,-0.45367727505259237,-0.4629262409821651,-0.4359000264455779,-0.4937419311010188,-0.22684724690636107,-0.11020775375559684,-0.559004234197487,-0.18632223281811952,-0.18463927560711513,-0.281155227322201,-0.1090915613301902,-0.0,-0.2966993376816581,1.0,1.0,3.417319895483389,0.21865800356037043,1.0,4.653968253968254,0.03377009320545725,0.169849931787176,0.009066084107045331,47.42857142857143,0.42857142857142855
0x2d4e1c13b254aab143bf0ed2839d628775af1c24a40590b84f1cf03a841f46dd,1,0x1c8746d4dc4ca7a1ac428e0c254e0b10d9f926fd,0xbb9bc244d798123fde783fcc1c72d3bb8c189413,2016-06-17 00:44:06+00:00,91216,20000000000,390120,45608,0.0,0,,150,63135,109861,0.5746807329261522,49,2,2,1.0,1,0,27,74,0x2d4e1c13b254aab143bf0ed2839d628775af1c24a40590b84f1cf03a841f46dd,1,1,1,32149,48,288756,1,2,0.0,0.0,1,0,0,-0.08603613360022544,0.5663048888988137,0.5667827521159886,0.5662769936044078,-0.35406852023425356,-0.39612386958120177,-0.5370494809986712,-0.03236989695447384,-0.9155434881169827,-1.05714132492747,-0.13613189928935826,0.5679234455636298,0.4409850339734252,0.43709607519596483,-0.6455051286674657,-0.692958538265985,-0.7272002290579589,-0.4359000264455779,-0.4937419311010188,-0.22684724690636107,-0.11020775375559684,-0.559004234197487,-0.26647929259043857,-0.18463927560711513,0.07179264515292759,-0.1634282916862177,-0.0,-0.9053016504873603,1.0,1.0,3.417244704345392,0.21864405018752792,1.0,2.0,0.07142857142857142,0.5,9.102411228734491e-06,1.0,0.02040816326530612
0x4a7f407abc620f54f63f8e5a8c060e0b67cecd33a2b523b710c62d7d6052e0af,1,0xfbb1b73c4f0bda4f67dca266ce6ef42f520fbb98,0xbb9bc244d798123fde783fcc1c72d3bb8c189413,2016-06-17 00:45:02+00:00,227714,20000000000,258093,77714,0.0,30924,,149,63136,109862,0.5746846043217855,49,152981,226131,0.676514940454869,312,312,1656207,75,0x4a7f407abc620f54f63f8e5a8c060e0b67cecd33a2b523b710c62d7d6052e0af,9940,49,1,32149,48,288757,10328,2,0.0,0.0,1,0,0,-0.08603613360022544,0.5663449273552599,0.5668055332420356,0.5662769936044078,3.808666984168787,3.785856610851286,3.520043129538317,-0.015297166493253467,1.0940577024148244,2.5673432176809987,-0.13613189928935826,0.5679234455636298,0.4409850339734252,0.43710635293477984,1.9123511122669885,3.039829167862939,2.968841770362478,-0.4359000264455779,-0.4937419311010188,-0.22684724690636107,-0.11020775375559684,-0.559004234197487,-0.08035248351310446,-0.18463927560711513,-0.11509383510019384,-0.10919966051398831,-0.0,2.305278001713857,1.0,1.0,3.4172758095119597,0.21864675610719012,0.9968051118210862,21.894945778466305,0.09236822911131935,0.043956821488429276,0.09047714405344887,202.85714285714286,1.0
0xd49cbe619a52df035546839c46ba5f4585a73584a21b2583e8bf213841f2e61a,1,0x5e870c67bddde08eb0455ebb0c81ca612f58bba9,0xbb9bc244d798123fde783fcc1c72d3bb8c189413,2016-06-17 00:48:06+00:00,162714,20000000000,517486,62714,0.0,3,,148,63137,109864,0.5746832447389499,49,10,10,1.0,4,3,16393,76,0xd49cbe619a52df035546839c46ba5f4585a73584a21b2583e8bf213841f2e61a,1,1,1,32150,48,288775,4,2,0.0,0.0,1,0,0,-0.08603613360022544,0.5663849658117062,0.5668510954941299,0.5662769936044078,-0.35385083098255743,-0.39597591932341325,-0.49791353941792854,0.0017755639679669052,-0.9155434881169827,-1.05714132492747,-0.13613189928935826,0.5679958650480106,0.4409850339734252,0.4372913522334496,-0.6447620698195133,-0.6570663487839761,-0.6906767694324866,-0.4359000264455779,-0.4937419311010188,-0.22684724690636107,-0.11020775375559684,-0.559004234197487,-0.16898559601311705,-0.18463927560711513,0.252081400058508,-0.13453540671667444,-0.0,-0.9049901856394557,1.0,1.0,3.417231726283048,0.21863659029836274,1.0,2.5,0.000609979260705136,0.1,9.102162673851307e-06,1.0,0.02040816326530612
0xd4d84b8bb5dabd3a054b0e59410b4270cc4afca945a9902e7d4f32c2c226d122,1,0x69ea6b31ef305d6b99bb2d4c9d99456fa108b02a,0xbb9bc244d798123fde783fcc1c72d3bb8c189413,2016-06-17 00:48:06+00:00,100000,20000000000,154265,47842,0.0,2095,,147,63137,109864,0.5746832447389499,49,5036,6399,0.7869979684325676,137,142,806439,77,0xd4d84b8bb5dabd3a054b0e59410b4270cc4afca945a9902e7d4f32c2c226d122,634,34,1,32150,48,288775,701,2,0.0,0.0,1,0,0,-0.08603613360022544,0.5663849658117062,0.5668510954941299,0.5662769936044078,-0.2170875586044553,-0.27781914469705765,1.2371132039949957,0.018848294429187278,-0.787555002997088,1.434691798115852,-0.13613189928935826,0.5679958650480106,0.4409850339734252,0.4372913522334496,-0.4721247308119299,1.0059384305491024,1.0724426967330987,-0.4359000264455779,-0.4937419311010188,-0.22684724690636107,-0.11020775375559684,-0.559004234197487,-0.2545015501258215,-0.18463927560711513,-0.26206414777654863,-0.15965495455176432,-0.0,-0.6877953650339407,1.0,1.0,3.417231726283048,0.21863659029836274,0.958041958041958,9.128388017118402,0.006244729924110907,0.09907798093452101,0.005770771135221729,18.647058823529413,0.6938775510204082
0xe7473c3abb97fcc9b6454a16a63c73bae08a7f0cb9218f4c493c28628b94db9b,1,0x57d6a5e5ce80fadc0d43856b5c3a2808433ee13b,0xbb9bc244d798123fde783fcc1c72d3bb8c189413,2016-06-17 00:48:43+00:00,162778,20000000000,83778,62778,0.0,12,,145,63138,109865,0.5746871160060074,49,24,24,1.0,10,98,585949,78,0xe7473c3abb97fcc9b6454a16a63c73bae08a7f0cb9218f4c493c28628b94db9b,3,3,1,32150,48,288780,5,2,0.0,0.0,1,0,0,-0.08603613360022544,0.5664250042681525,0.5668738766201771,0.5662769936044078,-0.3534698747920892,-0.39571700637228335,-0.41964165625644323,0.035921024890407646,-0.9151391011181838,-0.9061211356521172,-0.13613189928935826,0.5679958650480106,0.4409850339734252,0.4373427409275245,-0.6445143835368626,0.47951965147963876,0.5803824735374241,-0.4359000264455779,-0.4937419311010188,-0.22684724690636107,-0.11020775375559684,-0.559004234197487,-0.16889832648696318,-0.18463927560711513,-0.3618397037885899,-0.13442730753287632,-0.0,-0.9040557910957416,1.0,1.0,3.417262830482115,0.2186362676214848,0.10101010101010101,4.8,4.095912620530762e-05,0.125,2.73062394757202e-05,1.0,0.061224489795918366
0x04c1d6ca19aadb95f1f6eb50a40f25292a604f06ba1b8f7575dbf6978918a58e,1,0xdf21fa922215b1a56f5a6d6294e6e36c85a0acfb,0xbb9bc244d798123fde783fcc1c72d3bb8c189413,2016-06-17 00:50:16+00:00,54154,20000000000,144154,39154,0.0,18644,,144,63139,109867,0.574685756414574,49,6276,18650,0.336514745308311,22,21,125094,79,0x04c1d6ca19aadb95f1f6eb50a40f25292a604f06ba1b8f7575dbf6978918a58e,9272,21,1,32150,48,288787,8811,2,0.0,0.0,1,0,0,-0.08603613360022544,0.5664650427245987,0.5669194388722714,0.5662769936044078,-0.18334572459155307,-0.05125181867616515,-0.2630978899334726,0.05299375535162802,0.9589924448159465,0.4530605678260586,-0.13613189928935826,0.5679958650480106,0.4409850339734252,0.43741468509922943,1.5366110214857776,-0.44171321189192275,-0.44809235144712206,-0.4359000264455779,-0.4937419311010188,-0.22684724690636107,-0.11020775375559684,-0.559004234197487,-0.3170165297515996,-0.18463927560711513,-0.2763764414879812,-0.1743294187523601,-0.0,1.0303485576241223,1.0,1.0,3.4173250388802487,0.21863443079352327,1.0,2.1166723413914426,0.05016987089811743,0.49715817694369974,0.0843929478369301,441.5238095238095,0.42857142857142855
0xbe5a8f1350bc442d13187ae4109eb5756d5891ca6eada7b9b80bbe33567e7ba6,1,0xdf21fa922215b1a56f5a6d6294e6e36c85a0acfb,0xbb9bc244d798123fde783fcc1c72d3bb8c189413,2016-06-17 00:50:16+00:00,77842,20000000000,244896,77842,0.0,18645,,143,63139,109867,0.574685756414574,49,6276,18650,0.336514745308311,22,21,125094,80,0xbe5a8f1350bc442d13187ae4109eb5756d5891ca6eada7b9b80bbe33567e7ba6,9272,21,1,32150,48,288787,8811,2,0.0,0.0,1,0,0,-0.08603613360022544,0.5664650427245987,0.5669194388722714,0.5662769936044078,-0.18334572459155307,-0.05125181867616515,-0.2630978899334726,0.0700664858128484,0.9589924448159465,0.4530605678260586,-0.13613189928935826,0.5679958650480106,0.4409850339734252,0.43741468509922943,1.5366110214857776,-0.44171321189192275,-0.44809235144712206,-0.4359000264455779,-0.4937419311010188,-0.22684724690636107,-0.11020775375559684,-0.559004234197487,-0.2847158963839027,-0.18463927560711513,-0.13377441467785933,-0.10898346214639207,-0.0,1.0304523792400906,1.0,1.0,3.4173250388802487,0.21863443079352327,1.0,2.1166723413914426,0.05016987089811743,0.49715817694369974,0.0843929478369301,441.5238095238095,0.42857142857142855
0x2ca53e58c62d5f21d7dba5947d0e93b58b08a4c29caaabb0468d123c87104141,1,0x6e47447c55c6e37f9bd5146901d9ea9cbd64efe7,0xbb9bc244d798123fde783fcc1c72d3bb8c189413,2016-06-17 00:54:17+00:00,100000,21000000000,62778,62778,0.0,2,,141,63140,109868,0.5746896275530636,49,4,4,1.0,3,40,241233,81,0x2ca53e58c62d5f21d7dba5947d0e93b58b08a4c29caaabb0468d123c87104141,3,3,1,32150,48,288804,1,2,0.0,0.0,1,0,0,-0.08603613360022544,0.5665050811810449,0.5669422199983184,0.5662769936044078,-0.35401409792132954,-0.3960868820167546,-0.5109588532781761,0.08713921627406876,-0.9151391011181838,-0.9061211356521172,-0.13613189928935826,0.5679958650480106,0.4409850339734252,0.4375894066590842,-0.6455051286674657,-0.2143960118391998,-0.18890879545037642,-0.4359000264455779,-0.4937419311010188,-0.22684724690636107,-0.11020775375559684,-0.559004234197487,-0.2545015501258215,0.2806083143806392,-0.3915655635393647,-0.13442730753287632,-0.0,-0.9050940072554239,1.0,1.0,3.417356143079316,0.21862502380498952,0.07317073170731707,4.0,1.658141058059809e-05,0.75,2.730549386536571e-05,1.0,0.061224489795918366
0x4b72f26efcfacff31dd825ce90136574b2b0acf4adc1267fc27a45dec1a5accd,1,0x277cfbd57b812d18d44bbf31992aaf2cfbde0eef,0xbb9bc244d798123fde783fcc1c72d3bb8c189413,2016-06-17 00:56:05+00:00,170925,20000000000,70925,70925,0.0,6,,139,63141,109869,0.5746934986210851,49,9,9,1.0,6,48,285112,82,0x4b72f26efcfacff31dd825ce90136574b2b0acf4adc1267fc27a45dec1a5accd,7,6,1,32150,48,288811,1,2,0.0,0.0,1,0,0,-0.08603613360022544,0.5665451196374912,0.5669650011243655,0.5662769936044078,-0.35387804213901947,-0.3959944131056368,-0.47182291169743346,0.10421194673528913,-0.9143303271205857,-0.6795908517390878,-0.13613189928935826,0.5679958650480106,0.4409850339734252,0.4376613508307891,-0.6455051286674657,-0.11868350655384274,-0.09098548585083448,-0.4359000264455779,-0.4937419311010188,-0.22684724690636107,-0.11020775375559684,-0.559004234197487,-0.15778918852484622,-0.18463927560711513,-0.38003334547319506,-0.12066661924532406,-0.0,-0.904678720791551,1.0,1.0,3.4173872472783824,0.2186231874021855,0.12244897959183673,9.0,3.156643155520793e-05,0.7777777777777778,6.371223912113517e-05,1.1666666666666667,0.12244897959183673
0xc2681e91d3f7f79072f25d703e34582e250b5b001bbb1379ed64b422be41194e,1,0xfe0052701116d9a62ceb4c523332f42f2f9762ae,0xbb9bc244d798123fde783fcc1c72d3bb8c189413,2016-06-17 00:56:46+00:00,170925,20000000000,112925,70925,0.0,24,,138,63142,109870,0.5746973696186403,49,72,75,0.96,49,111,647692,83,0xc2681e91d3f7f79072f25d703e34582e250b5b001bbb1379ed64b422be41194e,2,2,1,32150,48,288815,11,2,0.0,0.0,1,0,0,-0.08603613360022544,0.5665851580939375,0.5669877822504127,0.5662769936044078,-0.3521637392819123,-0.3947738234788815,0.08912558429321128,0.12128467719650951,-0.9153412946175833,-0.9816312302897935,-0.13613189928935826,0.5679958650480106,0.4409850339734252,0.43770246178604905,-0.643028265840958,0.635052472568344,0.7181722796999283,-0.4359000264455779,-0.4937419311010188,-0.22684724690636107,-0.11020775375559684,-0.559004234197487,-0.15778918852484622,-0.18463927560711513,-0.32058162597164536,-0.12066661924532406,-0.0,-0.902809931704123,1.0,1.0,3.4174183514774494,0.2186236219600022,0.4375,6.818181818181818,0.00011116377666579691,0.02666666666666667,1.8203331209611358e-05,1.0,0.04081632653061224
0xb7c1243f92691cf528cc677b10e999e4fc3a673b6c5b0168acda8467e1768324,1,0xdf21fa922215b1a56f5a6d6294e6e36c85a0acfb,0xbb9bc244d798123fde783fcc1c72d3bb8c189413,2016-06-17 00:57:36+00:00,54154,20000000000,103577,39154,0.0,18647,,137,63143,109871,0.5747012405457309,49,6278,18652,0.3365858889127171,22,21,125125,84,0xb7c1243f92691cf528cc677b10e999e4fc3a673b6c5b0168acda8467e1768324,9273,21,1,32150,48,288818,8812,2,0.0,0.0,1,0,0,-0.08603613360022544,0.5666251965503837,0.5670105633764598,0.5662769936044078,-0.18329130227862905,-0.05121483111171802,-0.2630978899334726,0.1383574076577299,0.959194638315346,0.4530605678260586,-0.13613189928935826,0.5679958650480106,0.4409850339734252,0.437733295002494,1.5368587077684281,-0.44171321189192275,-0.4480231697748509,-0.4359000264455779,-0.4937419311010188,-0.22684724690636107,-0.11020775375559684,-0.559004234197487,-0.3170165297515996,-0.18463927560711513,-0.33381388011213314,-0.1743294187523601,-0.0,1.030660022472027,1.0,1.0,3.4174494556765165,0.21862481346448814,1.0,2.1166591012256015,0.05017342518741109,0.4971584816641647,0.08439897698209718,441.57142857142856,0.42857142857142855
0x61157cd278b5849bdb66314d9bab96495ad71dd74822e3417f80cae86d422343,1,0xd0729a78558d06a1015ba47f916fb9a8dd1a1fbc,0xbb9bc244d798123fde783fcc1c72d3bb8c189413,2016-06-17 00:58:25+00:00,150000,21000000000,196925,70925,0.0,3,,136,63144,109872,0.5747051114023591,49,7,8,0.875,3,43,256303,85,0x61157cd278b5849bdb66314d9bab96495ad71dd74822e3417f80cae86d422343,4,3,1,32150,48,288820,1,2,0.0,0.0,1,0,0,-0.08603613360022544,0.56666523500683,0.567033344502507,0.5662769936044078,-0.3539324644519435,-0.3960129068878604,-0.5109588532781761,0.15543013811895026,-0.9149369076187842,-0.9061211356521172,-0.13613189928935826,0.5679958650480106,0.4409850339734252,0.437753850480124,-0.6455051286674657,-0.1785038223571909,-0.15527757605920758,-0.4359000264455779,-0.4937419311010188,-0.22684724690636107,-0.11020775375559684,-0.559004234197487,-0.18632223281811952,0.2806083143806392,-0.201678186968546,-0.12066661924532406,-0.0,-0.9049901856394557,1.0,1.0,3.417480559875583,0.21862676190443214,0.06818181818181818,8.0,2.7311317810100505e-05,0.5,3.6405999708752e-05,1.3333333333333333,0.061224489795918366
0xc04f02a690e44e2bda69e83188258f95125b2b3631fe3477ae6809c52296b6ce,1,0x5e870c67bddde08eb0455ebb0c81ca612f58bba9,0xbb9bc244d798123fde783fcc1c72d3bb8c189413,2016-06-17 00:59:55+00:00,162714,20000000000,104714,62714,0.0,4,,135,63145,109873,0.5747089821885267,49,11,11,1.0,4,3,16443,86,0xc04f02a690e44e2bda69e83188258f95125b2b3631fe3477ae6809c52296b6ce,2,1,1,32150,48,288825,4,2,0.0,0.0,1,0,0,-0.08603613360022544,0.5667052734632763,0.5670561256285541,0.5662769936044078,-0.3538236198260954,-0.3959574255411897,-0.49791353941792854,0.17250286858017064,-0.9153412946175833,-1.05714132492747,-0.13613189928935826,0.5679958650480106,0.4409850339734252,0.43780523917419895,-0.6447620698195133,-0.6570663487839761,-0.6905651860901137,-0.4359000264455779,-0.4937419311010188,-0.22684724690636107,-0.11020775375559684,-0.559004234197487,-0.16898559601311705,-0.18463927560711513,-0.33220443713419834,-0.13453540671667444,-0.0,-0.9048863640234874,1.0,1.0,3.41751166407465,0.21862643944797214,1.0,2.75,0.0006689369982972513,0.18181818181818182,1.8202834181282026e-05,2.0,0.02040816326530612
0x0d6d4d2730f84d7c877606814a2f23ec2854f0d113571751bf16c81d53862b1c,1,0x9dc88995e0a8ffa584cfe9043f330e4c5b8bbed7,0xbb9bc244d798123fde783fcc1c72d3bb8c189413,2016-06-17 01:01:02+00:00,147842,20000000000,68842,47842,0.0,1,,134,63146,109874,0.5747128529042358,49,5,5,1.0,3,31,182666,87,0x0d6d4d2730f84d7c877606814a2f23ec2854f0d113571751bf16c81d53862b1c,1,1,1,32151,48,288831,2,2,0.0,0.0,1,0,0,-0.08603613360022544,0.5667453119197225,0.5670789067546013,0.5662769936044078,-0.3539868867648675,-0.39606838823453105,-0.5109588532781761,0.18957559904139099,-0.9155434881169827,-1.05714132492747,-0.13613189928935826,0.5680682845323913,0.4409850339734252,0.43786690560708885,-0.6452574423848149,-0.32207258028522645,-0.3196108277053588,-0.4359000264455779,-0.4937419311010188,-0.22684724690636107,-0.11020775375559684,-0.559004234197487,-0.18926485215311992,-0.18463927560711513,-0.3829818676570457,-0.15965495455176432,-0.0,-0.9051978288713921,1.0,1.0,3.4174364716494043,0.21862536007090627,0.09375,2.5,2.7372212824429153e-05,0.2,9.101334255601872e-06,1.0,0.02040816326530612
0x0601a49e229908c76021f955bbb07eca4920e8b4eec94681d380ddb64f2b0428,1,0xdf21fa922215b1a56f5a6d6294e6e36c85a0acfb,0xbb9bc244d798123fde783fcc1c72d3bb8c189413,2016-06-17 01:01:13+00:00,62714,20000000000,83714,62714,0.0,18648,,132,63147,109875,0.5747167235494881,49,6279,18653,0.3366214549938348,22,21,125140,88,0x0601a49e229908c76021f955bbb07eca4920e8b4eec94681d380ddb64f2b0428,9274,21,1,32151,48,288833,8812,2,0.0,0.0,1,0,0,-0.08603613360022544,0.5667853503761687,0.5671016878806483,0.5662769936044078,-0.18326409112216702,-0.051196337329494454,-0.2630978899334726,0.20664832950261136,0.9593968318147456,0.4530605678260586,-0.13613189928935826,0.5680682845323913,0.4409850339734252,0.4378874610847188,1.5368587077684281,-0.44171321189192275,-0.44798969477213907,-0.4359000264455779,-0.4937419311010188,-0.22684724690636107,-0.11020775375559684,-0.559004234197487,-0.305344230628521,-0.18463927560711513,-0.3619302968849732,-0.13453540671667444,-0.0,1.0307638440879952,1.0,1.0,3.41746757488103,0.21862730841936892,1.0,2.1167725828415795,0.05017540214637888,0.4971854393395164,0.08440500568828214,441.6190476190476,0.42857142857142855
0x790d99efc5749660e112a234097bfecabcfcd0b270d07857fbe452f332bc6d69,1,0xc526cae6ad55489aa1d1cb217116571eb796e5ab,0xbb9bc244d798123fde783fcc1c72d3bb8c189413,2016-06-17 01:01:34+00:00,91216,20000000000,171608,45608,0.0,0,,130,63148,109876,0.5747205941242856,49,2,2,1.0,1,0,28,89,0x790d99efc5749660e112a234097bfecabcfcd0b270d07857fbe452f332bc6d69,1,1,1,32152,48,288834,1,2,0.0,0.0,1,0,0,-0.08603613360022544,0.566825388832615,0.5671244690066954,0.5662769936044078,-0.35406852023425356,-0.39612386958120177,-0.5370494809986712,0.22372105996383174,-0.9155434881169827,-1.05714132492747,-0.13613189928935826,0.5681407040167721,0.4409850339734252,0.4378977388235338,-0.6455051286674657,-0.692958538265985,-0.7271979973911115,-0.4359000264455779,-0.4937419311010188,-0.22684724690636107,-0.11020775375559684,-0.559004234197487,-0.26647929259043857,-0.18463927560711513,-0.23751483417380156,-0.1634282916862177,-0.0,-0.9053016504873603,1.0,1.0,3.4173923861657127,0.21863001367562795,1.0,2.0,0.06896551724137931,0.5,9.101168590046962e-06,1.0,0.02040816326530612
0x97e7816b9626c9c5c042fd83c353a375f4126919a315581af90bb4b8f2f6f5fb,1,0x6c2e9be6d4ab450fd12531f33f028c614674f197,0xbb9bc244d798123fde783fcc1c72d3bb8c189413,2016-06-17 01:02:37+00:00,112722,20000000000,572091,56361,0.0,6,,129,63149,109877,0.5747244646286302,49,8,8,1.0,6,103,610716,90,0x97e7816b9626c9c5c042fd83c353a375f4126919a315581af90bb4b8f2f6f5fb,4,4,1,32152,48,288837,2,2,0.0,0.0,1,0,0,-0.08603613360022544,0.5668654272890613,0.5671472501327426,0.5662769936044078,-0.35390525329548145,-0.3960129068878604,-0.47182291169743346,0.2407937904250521,-0.9149369076187842,-0.8306110410144407,-0.13613189928935826,0.5681407040167721,0.4409850339734252,0.43792857203997876,-0.6452574423848149,0.5393399672829869,0.6356541663483782,-0.4359000264455779,-0.4937419311010188,-0.22684724690636107,-0.11020775375559684,-0.559004234197487,-0.2371540046300498,-0.18463927560711513,0.3293757129961775,-0.14526593975838545,-0.0,-0.904678720791551,1.0,1.0,3.4174234884299577,0.21863120503534852,0.057692307692307696,4.0,1.3099356985313983e-05,0.5,3.640434303812445e-05,1.0,0.08163265306122448
0x4bb4d36b855df30b2bfa57e221b25b66ac0f52e7c6d4fb86f0985303c12ac13d,1,0xdf21fa922215b1a56f5a6d6294e6e36c85a0acfb,0xbb9bc244d798123fde783fcc1c72d3bb8c189413,2016-06-17 01:04:54+00:00,77842,20000000000,140842,77842,0.0,18649,,128,63150,109878,0.5747283350625239,49,6280,18654,0.3366570172617133,22,21,125156,91,0x4bb4d36b855df30b2bfa57e221b25b66ac0f52e7c6d4fb86f0985303c12ac13d,9275,21,1,32152,48,288849,8812,2,0.0,0.0,1,0,0,-0.08603613360022544,0.5669054657455075,0.5671700312587897,0.5662769936044078,-0.183236879965705,-0.05117784354727089,-0.2630978899334726,0.2578665208862725,0.9595990253141451,0.4530605678260586,-0.13613189928935826,0.5681407040167721,0.4409850339734252,0.4380519049057586,1.5368587077684281,-0.44171321189192275,-0.44795398810257975,-0.4359000264455779,-0.4937419311010188,-0.22684724690636107,-0.11020775375559684,-0.559004234197487,-0.2847158963839027,-0.18463927560711513,-0.2810646342258177,-0.10898346214639207,-0.0,1.0308676657039635,1.0,1.0,3.4174545906942027,0.21862558421325948,1.0,2.116886064457558,0.05017697771598872,0.49721239412458457,0.0844118021806003,441.6666666666667,0.42857142857142855
0x0eef8416b5f80aa3ac40dc743f388d31929c78a391e94b2f281a17185e070cee,1,0x5e870c67bddde08eb0455ebb0c81ca612f58bba9,0xbb9bc244d798123fde783fcc1c72d3bb8c189413,2016-06-17 01:10:37+00:00,162778,20000000000,490708,62778,0.0,5,,127,63151,109879,0.5747322054259686,49,12,12,1.0,4,3,16492,92,0x0eef8416b5f80aa3ac40dc743f388d31929c78a391e94b2f281a17185e070cee,3,1,1,32152,48,288874,4,2,0.0,0.0,1,0,0,-0.08603613360022544,0.5669455042019538,0.5671928123848369,0.5662769936044078,-0.3537964086696334,-0.3959389317589661,-0.49791353941792854,0.27493925134749286,-0.9151391011181838,-1.05714132492747,-0.13613189928935826,0.5681407040167721,0.4409850339734252,0.43830884837613326,-0.6447620698195133,-0.6570663487839761,-0.6904558344145884,-0.4359000264455779,-0.4937419311010188,-0.22684724690636107,-0.11020775375559684,-0.559004234197487,-0.16889832648696318,-0.18463927560711513,0.2141766823248771,-0.13442730753287632,-0.0,-0.9047825424075192,1.0,1.0,3.417485692958447,0.21861012548680225,1.0,3.0,0.0007275813981689202,0.25,2.7302760309067248e-05,3.0,0.02040816326530612
0x29ea8b0486de12cf7ea352c8f31a2b33a7964604f5bcaf4e67ae2122af96a4b2,1,0xdf21fa922215b1a56f5a6d6294e6e36c85a0acfb,0xbb9bc244d798123fde783fcc1c72d3bb8c189413,2016-06-17 01:12:24+00:00,47842,20000000000,107932,47842,0.0,18651,,124,63152,109881,0.574730845187066,49,6281,18656,0.33667452830188677,22,21,125193,93,0x29ea8b0486de12cf7ea352c8f31a2b33a7964604f5bcaf4e67ae2122af96a4b2,9277,21,1,32152,48,288886,8812,2,0.0,0.0,1,0,0,-0.08603613360022544,0.5669855426584001,0.567238374636931,0.5662769936044078,-0.183209668809243,-0.05114085598282376,-0.2630978899334726,0.29201198180871324,0.9600034123129441,0.4530605678260586,-0.13613189928935826,0.5681407040167721,0.4409850339734252,0.43843218124191313,1.5368587077684281,-0.44171321189192275,-0.44787141642922385,-0.4359000264455779,-0.4937419311010188,-0.22684724690636107,-0.11020775375559684,-0.559004234197487,-0.3256234867685239,-0.18463927560711513,-0.32764930300667483,-0.15965495455176432,-0.0,1.0310753089359,1.0,1.0,3.417547897486937,0.21860450626023323,1.0,2.1171130276895145,0.05017013594900714,0.497266295025729,0.08442769905625176,441.76190476190476,0.42857142857142855
0xf44632705b80f956d85a40d7306538159dc17cca03e8f6549ad0dd8a3ddae729,1,0xdf21fa922215b1a56f5a6d6294e6e36c85a0acfb,0xbb9bc244d798123fde783fcc1c72d3bb8c189413,2016-06-17 01:12:24+00:00,54090,20000000000,60090,39090,0.0,18650,,123,63152,109881,0.574730845187066,49,6281,18656,0.33667452830188677,22,21,125193,94,0xf44632705b80f956d85a40d7306538159dc17cca03e8f6549ad0dd8a3ddae729,9277,21,1,32152,48,288886,8812,2,0.0,0.0,1,0,0,-0.08603613360022544,0.5669855426584001,0.567238374636931,0.5662769936044078,-0.183209668809243,-0.05114085598282376,-0.2630978899334726,0.3090847122699336,0.9600034123129441,0.4530605678260586,-0.13613189928935826,0.5681407040167721,0.4409850339734252,0.43843218124191313,1.5368587077684281,-0.44171321189192275,-0.44787141642922385,-0.4359000264455779,-0.4937419311010188,-0.22684724690636107,-0.11020775375559684,-0.559004234197487,-0.31710379927775345,-0.18463927560711513,-0.3953704735874639,-0.17443751793615822,-0.0,1.0309714873199316,1.0,1.0,3.417547897486937,0.21860450626023323,1.0,2.1171130276895145,0.05017013594900714,0.497266295025729,0.08442769905625176,441.76190476190476,0.42857142857142855
0x75317102e691969f89abe3ab5bf693e85aa409cd0d97367a4988c86d9ab24c1f,1,0x0a9de66f5fda96a5b40d1ca9cd18bfb298c67d1c,0xbb9bc244d798123fde783fcc1c72d3bb8c189413,2016-06-17 01:14:34+00:00,90000,20000000000,411285,47778,0.0,150,,122,63153,109882,0.5747347154219982,49,145,153,0.9477124183006536,22,22,129691,95,0x75317102e691969f89abe3ab5bf693e85aa409cd0d97367a4988c86d9ab24c1f,136,20,1,32152,48,288893,2,2,0.0,0.0,1,0,0,-0.08603613360022544,0.5670255811148462,0.5672611557629782,0.5662769936044078,-0.350177324860185,-0.3933313084654435,-0.2630978899334726,0.326157442731154,-0.8882473656980479,0.37755047318838214,-0.13613189928935826,0.5681407040167721,0.4409850339734252,0.438504125413618,-0.6452574423848149,-0.42974914873125314,-0.4378333789493647,-0.4359000264455779,-0.4937419311010188,-0.22684724690636107,-0.11020775375559684,-0.559004234197487,-0.2681374135873619,-0.18463927560711513,0.10175206523031567,-0.15976305373556243,-0.0,-0.8897284080921274,1.0,1.0,3.417578999751182,0.21860267087582297,0.9565217391304348,76.5,0.0011180334947413872,0.8888888888888888,0.0012376913416210116,6.8,0.40816326530612246
0xb9ff31785206f4900ed8be82f002d2b85ae2ea01bcf2c49ef26e47baec2413d2,1,0x303e33b483b5df3148cb2eaa1c17c486531ddf31,0xbb9bc244d798123fde783fcc1c72d3bb8c189413,2016-06-17 01:15:21+00:00,150000,20000000000,105218,84218,0.0,1553,,121,63154,109883,0.5747385855864875,49,1845,1995,0.924812030075188,101,105,619453,96,0xb9ff31785206f4900ed8be82f002d2b85ae2ea01bcf2c49ef26e47baec2413d2,279,21,1,32152,48,288896,698,2,0.0,0.0,1,0,0,-0.08603613360022544,0.5670656195712925,0.5672839368890253,0.5662769936044078,-0.30391835887475455,-0.3592657616096371,0.7674819050260839,0.34323017319237437,-0.8593336952839168,0.4530605678260586,-0.13613189928935826,0.5681407040167721,0.4409850339734252,0.438534958630063,-0.4728677896598822,0.5632680936043262,0.6551522395946053,-0.4359000264455779,-0.4937419311010188,-0.22684724690636107,-0.11020775375559684,-0.559004234197487,-0.18632223281811952,-0.18463927560711513,-0.33149101650017976,-0.09821408096050362,-0.0,-0.7440666808887155,1.0,1.0,3.4176101020154266,0.21860386227617457,0.9528301886792453,2.858166189111748,0.0029784293910443712,0.13984962406015036,0.0025390642774587515,13.285714285714286,0.42857142857142855
0xfb03131f524b89ddafb918a85e2081ccd04147d5d39063c4634d6496f92c4490,1,0x54b53f16a6dfb4b4e621675a997c880299b40eb4,0xbb9bc244d798123fde783fcc1c72d3bb8c189413,2016-06-17 01:19:41+00:00,100000,21000000000,100000,100000,0.0,6,,119,63155,109884,0.5747424556805358,49,10,11,0.9090909090909091,7,29,174521,97,0xfb03131f524b89ddafb918a85e2081ccd04147d5d39063c4634d6496f92c4490,5,4,1,32152,48,288910,3,2,0.0,0.0,1,0,0,-0.08603613360022544,0.5671056580277388,0.5673067180150725,0.5662769936044078,-0.35385083098255743,-0.3959574255411897,-0.45877759783718586,0.36030290365359474,-0.9147347141193847,-0.8306110410144407,-0.13613189928935826,0.5681407040167721,0.4409850339734252,0.4386788469734728,-0.6450097561021642,-0.34600070660656573,-0.3377877541778917,-0.4359000264455779,-0.4937419311010188,-0.22684724690636107,-0.11020775375559684,-0.559004234197487,-0.2545015501258215,0.2806083143806392,-0.3388771848896818,-0.07155749785578414,-0.0,-0.904678720791551,1.0,1.0,3.4176412042796716,0.2185967304810132,0.23333333333333334,3.6666666666666665,5.729936626900907e-05,0.45454545454545453,4.55025299406647e-05,1.25,0.08163265306122448
0x115d66ebcee998a40bccdf4aa0c89112cce2fabacd2d8ec94f263d175f0affde,1,0xdf21fa922215b1a56f5a6d6294e6e36c85a0acfb,0xbb9bc244d798123fde783fcc1c72d3bb8c189413,2016-06-17 01:19:49+00:00,47842,20000000000,116684,47842,0.0,18654,,117,63156,109886,0.5747410953169648,49,6282,18659,0.33667399110348895,22,21,125218,98,0x115d66ebcee998a40bccdf4aa0c89112cce2fabacd2d8ec94f263d175f0affde,9279,21,1,32152,48,288911,8813,2,0.0,0.0,1,0,0,-0.08603613360022544,0.5671456964841851,0.5673522802671668,0.5662769936044078,-0.18318245765278096,-0.05108537463615307,-0.2630978899334726,0.3773756341148151,0.9604077993117431,0.4530605678260586,-0.13613189928935826,0.5681407040167721,0.4409850339734252,0.43868912471228777,1.537106394051079,-0.44171321189192275,-0.44781562475803743,-0.4359000264455779,-0.4937419311010188,-0.22684724690636107,-0.11020775375559684,-0.559004234197487,-0.3256234867685239,-0.18463927560711513,-0.3152606970762567,-0.15965495455176432,-0.0,1.0313867737838045,1.0,1.0,3.417703408808161,0.2185994351221133,1.0,2.117213207761262,0.05016810547920044,0.49729353127177234,0.08444205813297417,441.85714285714283,0.42857142857142855
0x2577d4c683b03831d069331103c9e16e9539f9ff5a4aaeac05a36f09ca8decb2,1,0xdf21fa922215b1a56f5a6d6294e6e36c85a0acfb,0xbb9bc244d798123fde783fcc1c72d3bb8c189413,2016-06-17 01:19:49+00:00,47842,20000000000,47842,47842,0.0,18652,,118,63156,109886,0.5747410953169648,49,6282,18659,0.33667399110348895,22,21,125218,99,0x2577d4c683b03831d069331103c9e16e9539f9ff5a4aaeac05a36f09ca8decb2,9279,21,1,32152,48,288911,8813,2,0.0,0.0,1,0,0,-0.08603613360022544,0.5671456964841851,0.5673522802671668,0.5662769936044078,-0.18318245765278096,-0.05108537463615307,-0.2630978899334726,0.3944483645760355,0.9604077993117431,0.4530605678260586,-0.13613189928935826,0.5681407040167721,0.4409850339734252,0.43868912471228777,1.537106394051079,-0.44171321189192275,-0.44781562475803743,-0.4359000264455779,-0.4937419311010188,-0.22684724690636107,-0.11020775375559684,-0.559004234197487,-0.3256234867685239,-0.18463927560711513,-0.4127077274078206,-0.15965495455176432,-0.0,1.031179130551868,1.0,1.0,3.417703408808161,0.2185994351221133,1.0,2.117213207761262,0.05016810547920044,0.49729353127177234,0.08444205813297417,441.85714285714283,0.42857142857142855
0x1f6a74af7e0147f1e22af58680ad8c6d1ab77372e00a94c1f42ab77547446f2a,1,0x2971a338aa30ea842ed45c1279e6ccee8276031b,0xbb9bc244d798123fde783fcc1c72d3bb8c189413,2016-06-17 01:21:18+00:00,162714,20000000000,482999,62714,0.0,14,,116,63157,109888,0.5747397350029121,49,24,25,0.96,16,143,812185,100,0x1f6a74af7e0147f1e22af58680ad8c6d1ab77372e00a94c1f42ab77547446f2a,2,2,1,32153,48,288917,7,2,0.0,0.0,1,0,0,-0.08603613360022544,0.5671857349406313,0.567397842519261,0.5662769936044078,-0.3534698747920892,-0.3956985125900598,-0.3413697730949579,0.4115210950372558,-0.9153412946175833,-0.9816312302897935,-0.13613189928935826,0.5682131235011528,0.4409850339734252,0.4387507911451777,-0.6440190109715611,1.017902493709772,1.0852658544385834,-0.4359000264455779,-0.4937419311010188,-0.22684724690636107,-0.11020775375559684,-0.559004234197487,-0.16898559601311705,-0.18463927560711513,0.20326446076208077,-0.13453540671667444,-0.0,-0.9038481478638052,1.0,1.0,3.4176593163934936,0.2185983566271399,0.1111111111111111,3.5714285714285716,2.9549881431100757e-05,0.08,1.8200349446709377e-05,1.0,0.04081632653061224
0x902d0dce14bc27c90ad4072c15a1c72cbfeef3088f1695cbc1ab2b80ad3fcdfa,1,0xd25c07734fec1c30a744e395774d969127714ce8,0xbb9bc244d798123fde783fcc1c72d3bb8c189413,2016-06-17 01:21:18+00:00,150000,21000000000,140778,77778,0.0,2,,115,63157,109888,0.5747397350029121,49,5,5,1.0,4,12,67240,101,0x902d0dce14bc27c90ad4072c15a1c72cbfeef3088f1695cbc1ab2b80ad3fcdfa,1,1,1,32153,48,288917,3,2,0.0,0.0,1,0,0,-0.08603613360022544,0.5671857349406313,0.567397842519261,0.5662769936044078,-0.3539868867648675,-0.39606838823453105,-0.49791353941792854,0.4285938254984762,-0.9155434881169827,-1.05714132492747,-0.13613189928935826,0.5682131235011528,0.4409850339734252,0.4387507911451777,-0.6450097561021642,-0.5493897803379494,-0.577203205239868,-0.4359000264455779,-0.4937419311010188,-0.22684724690636107,-0.11020775375559684,-0.559004234197487,-0.18632223281811952,0.2806083143806392,-0.281155227322201,-0.1090915613301902,-0.0,-0.9050940072554239,1.0,1.0,3.4176593163934936,0.2185983566271399,0.3076923076923077,1.6666666666666667,7.435939382222156e-05,0.2,9.100174723354689e-06,1.0,0.02040816326530612
0x644cecc731d788b93886aa8758d408341b01d10cea2a5659c8831ae60a16b880,1,0xdf21fa922215b1a56f5a6d6294e6e36c85a0acfb,0xbb9bc244d798123fde783fcc1c72d3bb8c189413,2016-06-17 01:23:53+00:00,47842,20000000000,215842,47842,0.0,18655,,114,63158,109889,0.5747436049104095,49,6283,18660,0.3367095391211147,22,21,125236,102,0x644cecc731d788b93886aa8758d408341b01d10cea2a5659c8831ae60a16b880,9280,21,1,32153,48,288929,8813,2,0.0,0.0,1,0,0,-0.08603613360022544,0.5672257733970776,0.5674206236453081,0.5662769936044078,-0.18315524649631895,-0.051066880853929505,-0.2630978899334726,0.44566655595969656,0.9606099928111427,0.4530605678260586,-0.13613189928935826,0.5682131235011528,0.4409850339734252,0.43887412401095754,1.537106394051079,-0.44171321189192275,-0.4477754547547832,-0.4359000264455779,-0.4937419311010188,-0.22684724690636107,-0.11020775375559684,-0.559004234197487,-0.3256234867685239,-0.18463927560711513,-0.17490084940162184,-0.15965495455176432,-0.0,1.0314905953997728,1.0,1.0,3.4176904176904177,0.2185927387256429,1.0,2.1173266765006242,0.05016887980389182,0.49732047159699894,0.08444885293341463,441.9047619047619,0.42857142857142855
0x3e62c240465a5c6f58ba2f39916c6f1c379775169d418c4f25680b1044f78f55,1,0x69ea6b31ef305d6b99bb2d4c9d99456fa108b02a,0xbb9bc244d798123fde783fcc1c72d3bb8c189413,2016-06-17 01:24:19+00:00,100000,20000000000,47778,47778,0.0,2096,,113,63159,109890,0.5747474747474748,49,5037,6400,0.78703125,137,142,806594,103,0x3e62c240465a5c6f58ba2f39916c6f1c379775169d418c4f25680b1044f78f55,635,34,1,32153,48,288930,701,2,0.0,0.0,1,0,0,-0.08603613360022544,0.5672658118535239,0.5674434047713552,0.5662769936044078,-0.2170603474479933,-0.2778006509148341,1.2371132039949957,0.46273928642091694,-0.7873528094976885,1.434691798115852,-0.13613189928935826,0.5682131235011528,0.4409850339734252,0.4388844017497725,-0.4721247308119299,1.0059384305491024,1.0727886050944544,-0.4359000264455779,-0.4937419311010188,-0.22684724690636107,-0.11020775375559684,-0.559004234197487,-0.2545015501258215,-0.18463927560711513,-0.4127983205042039,-0.15976305373556243,-0.0,-0.6876915434179725,1.0,1.0,3.4177215189873418,0.21859544320270238,0.958041958041958,9.12981455064194,0.0062447696799509044,0.09921875,0.005778505778505779,18.676470588235293,0.6938775510204082
0x4cdec8593cdfc61f8dad766606e3e6f2a6c475ea8cf81eaf23ba27be049a3c55,1,0xcae0d77b99fd4e33606aad16899bc73eaf628e32,0xbb9bc244d798123fde783fcc1c72d3bb8c189413,2016-06-17 01:26:13+00:00,91216,20000000000,108608,45608,0.0,0,,112,63160,109891,0.5747513445141095,49,2,2,1.0,1,0,30,104,0x4cdec8593cdfc61f8dad766606e3e6f2a6c475ea8cf81eaf23ba27be049a3c55,1,1,1,32154,48,288941,1,2,0.0,0.0,1,0,0,-0.08603613360022544,0.56730585030997,0.5674661858974024,0.5662769936044078,-0.35406852023425356,-0.39612386958120177,-0.5370494809986712,0.4798120168821373,-0.9155434881169827,-1.05714132492747,-0.13613189928935826,0.5682855429855336,0.4409850339734252,0.43899745687673736,-0.6455051286674657,-0.692958538265985,-0.7271935340574166,-0.4359000264455779,-0.4937419311010188,-0.22684724690636107,-0.11020775375559684,-0.559004234197487,-0.26647929259043857,-0.18463927560711513,-0.3266924134261261,-0.1634282916862177,-0.0,-0.9053016504873603,1.0,1.0,3.4176463270510666,0.21859058219296607,1.0,2.0,0.06451612903225806,0.5,9.099926290597047e-06,1.0,0.02040816326530612
0x23404a33b0d2e02376704784858ecb406016905b3bdd28a38f99f5c0591582c0,1,0x0a9de66f5fda96a5b40d1ca9cd18bfb298c67d1c,0xbb9bc244d798123fde783fcc1c72d3bb8c189413,2016-06-17 01:28:39+00:00,90000,20000000000,248163,77778,0.0,151,,111,63161,109892,0.5747552142103156,49,146,154,0.948051948051948,22,22,129749,105,0x23404a33b0d2e02376704784858ecb406016905b3bdd28a38f99f5c0591582c0,137,20,1,32154,48,288951,2,2,0.0,0.0,1,0,0,-0.08603613360022544,0.5673458887664163,0.5674889670234495,0.5662769936044078,-0.350150113703723,-0.39331281468321994,-0.2630978899334726,0.4968847473433577,-0.8880451721986483,0.37755047318838214,-0.13613189928935826,0.5682855429855336,0.4409850339734252,0.43910023426488726,-0.6452574423848149,-0.42974914873125314,-0.4377039422722122,-0.4359000264455779,-0.4937419311010188,-0.22684724690636107,-0.11020775375559684,-0.559004234197487,-0.2681374135873619,-0.18463927560711513,-0.12914992021091737,-0.1090915613301902,-0.0,-0.8896245864761592,1.0,1.0,3.41767742738073,0.21858647803095324,0.9565217391304348,77.0,0.0011252408477842005,0.8896103896103896,0.0012466785571288175,6.85,0.40816326530612246
0xe5847e50b116a6af1c373b9fe6409d990cae9c0cd31973369e6a761c46fed463,1,0xfbb1b73c4f0bda4f67dca266ce6ef42f520fbb98,0xbb9bc244d798123fde783fcc1c72d3bb8c189413,2016-06-17 01:30:45+00:00,227650,20000000000,98650,77650,0.0,30933,,109,63162,109893,0.5747590838360951,49,153005,226158,0.6765402948381221,312,312,1656408,106,0xe5847e50b116a6af1c373b9fe6409d990cae9c0cd31973369e6a761c46fed463,9941,49,1,32154,48,288958,10331,2,0.0,0.0,1,0,0,-0.08603613360022544,0.5673859272228626,0.5675117481494967,0.5662769936044078,3.8093200519238755,3.7863559429713223,3.520043129538317,0.5139574778045781,1.0942598959142238,2.5673432176809987,-0.13613189928935826,0.5682855429855336,0.4409850339734252,0.4391721784365921,1.9130941711149407,3.039829167862939,2.969290335398817,-0.4359000264455779,-0.4937419311010188,-0.22684724690636107,-0.11020775375559684,-0.559004234197487,-0.08043975303925834,-0.18463927560711513,-0.34078813301651734,-0.10930775969778644,-0.0,2.3062123962575707,1.0,1.0,3.417708527710394,0.21858464349613613,0.9968051118210862,21.89120123898945,0.09237150969355998,0.043955995366071504,0.09046072088304077,202.87755102040816,1.0
0x8be220783385956eea0ddb75b3fb6051edf7950b46ed4826b7b2c48753a38423,1,0xdf21fa922215b1a56f5a6d6294e6e36c85a0acfb,0xbb9bc244d798123fde783fcc1c72d3bb8c189413,2016-06-17 01:30:58+00:00,54090,20000000000,39090,39090,0.0,18657,,108,63163,109894,0.5747629533914499,49,6285,18662,0.3367806237273604,22,21,125267,107,0x8be220783385956eea0ddb75b3fb6051edf7950b46ed4826b7b2c48753a38423,9281,21,1,32154,48,288960,8814,2,0.0,0.0,1,0,0,-0.08603613360022544,0.5674259656793089,0.5675345292755437,0.5662769936044078,-0.18310082418339493,-0.051029893289482375,-0.2630978899334726,0.5310302082657985,0.9608121863105422,0.4530605678260586,-0.13613189928935826,0.5682855429855336,0.4409850339734252,0.43919273391422214,1.5373540803337298,-0.44171321189192275,-0.4477062730825121,-0.4359000264455779,-0.4937419311010188,-0.22684724690636107,-0.11020775375559684,-0.559004234197487,-0.31710379927775345,-0.18463927560711513,-0.4250963333382387,-0.17443751793615822,-0.0,1.0316982386317093,1.0,1.0,3.4177396280400574,0.2185865912701022,1.0,2.117313365100976,0.05017243030941661,0.49732075876111886,0.08445411032449451,441.95238095238096,0.42857142857142855
0x3ef0b928d269105001c11abc2437957d333e2ea2b16b443bb6ad72eccd948cee,1,0xdf21fa922215b1a56f5a6d6294e6e36c85a0acfb,0xbb9bc244d798123fde783fcc1c72d3bb8c189413,2016-06-17 01:31:15+00:00,54154,20000000000,369584,27077,0.0,18658,,107,63164,109895,0.574766822876382,49,6286,18663,0.3368161603172052,22,21,125268,108,0x3ef0b928d269105001c11abc2437957d333e2ea2b16b443bb6ad72eccd948cee,9282,21,1,32154,48,288961,8814,2,0.0,0.0,1,0,0,-0.08603613360022544,0.5674660041357551,0.5675573104015909,0.5662769936044078,-0.1830736130269329,-0.05101139950725881,-0.2630978899334726,0.5481029387270188,0.9610143798099416,0.4530605678260586,-0.13613189928935826,0.5682855429855336,0.4409850339734252,0.4392030116530371,1.5373540803337298,-0.44171321189192275,-0.4477040414156646,-0.4359000264455779,-0.4937419311010188,-0.22684724690636107,-0.11020775375559684,-0.559004234197487,-0.3170165297515996,-0.18463927560711513,0.04272358535093178,-0.19472807254501612,-0.0,1.0318020602476774,1.0,1.0,3.4177707283697205,0.2185892954782982,1.0,2.117426820966644,0.05018001261285713,0.4973476932968976,0.08446244142135675,442.0,0.42857142857142855
0x1321862245093cbe3f7a891fcf52ee3c41daeec11e1915aa11e46594a89c13a2,1,0xa09243dc6d89729d88189de91afd808117196b96,0xbb9bc244d798123fde783fcc1c72d3bb8c189413,2016-06-17 01:31:28+00:00,170925,20000000000,133925,70925,0.0,5,,106,63165,109896,0.5747706922908932,49,130,130,1.0,64,63,376368,109,0x1321862245093cbe3f7a891fcf52ee3c41daeec11e1915aa11e46594a89c13a2,2,2,1,32154,48,288962,2,2,0.0,0.0,1,0,0,-0.08603613360022544,0.5675060425922014,0.567580091527638,0.5662769936044078,-0.35058549220711527,-0.3937566654565855,0.2848052921969246,0.5651756691882391,-0.9153412946175833,-0.9816312302897935,-0.13613189928935826,0.5682855429855336,0.4409850339734252,0.4392132893918521,-0.6452574423848149,0.0607774408562017,0.11266750398065209,-0.4359000264455779,-0.4937419311010188,-0.22684724690636107,-0.11020775375559684,-0.559004234197487,-0.15778918852484622,-0.18463927560711513,-0.29085576622087056,-0.12066661924532406,-0.0,-0.9047825424075192,1.0,1.0,3.417801828699384,0.21859199966777754,1.0,65.0,0.00034540570557086266,0.015384615384615385,1.819902453228507e-05,1.0,0.04081632653061224
0x82ea55dca130876ce6ce13836861ddb8865601865d9a8788876861aa306d564b,1,0x5393746fee1e2b23c96a26198dd6bdd0987b57d0,0xbb9bc244d798123fde783fcc1c72d3bb8c189413,2016-06-17 01:32:22+00:00,91216,20000000000,192608,45608,0.0,0,,105,63166,109897,0.5747745616349855,49,2,2,1.0,1,0,27,110,0x82ea55dca130876ce6ce13836861ddb8865601865d9a8788876861aa306d564b,1,1,1,32155,48,288968,1,2,0.0,0.0,1,0,0,-0.08603613360022544,0.5675460810486477,0.5676028726536851,0.5662769936044078,-0.35406852023425356,-0.39612386958120177,-0.5370494809986712,0.5822483996494595,-0.9155434881169827,-1.05714132492747,-0.13613189928935826,0.5683579624699143,0.4409850339734252,0.439274955824742,-0.6455051286674657,-0.692958538265985,-0.7272002290579589,-0.4359000264455779,-0.4937419311010188,-0.22684724690636107,-0.11020775375559684,-0.559004234197487,-0.26647929259043857,-0.18463927560711513,-0.2077889744230267,-0.1634282916862177,-0.0,-0.9053016504873603,1.0,1.0,3.4177266366039496,0.218590921517533,1.0,2.0,0.07142857142857142,0.5,9.099429465772497e-06,1.0,0.02040816326530612
0x18d7851c9cf3ec6ebfe5491b8b5f08b437f6aba6a1165a60a9deb2368f5c746b,1,0x2971a338aa30ea842ed45c1279e6ccee8276031b,0xbb9bc244d798123fde783fcc1c72d3bb8c189413,2016-06-17 01:33:12+00:00,147778,20000000000,517201,32778,0.0,15,,104,63167,109898,0.5747784309086608,49,25,26,0.9615384615384616,16,143,812237,111,0x18d7851c9cf3ec6ebfe5491b8b5f08b437f6aba6a1165a60a9deb2368f5c746b,3,2,1,32155,48,288969,7,2,0.0,0.0,1,0,0,-0.08603613360022544,0.5675861195050939,0.5676256537797323,0.5662769936044078,-0.35344266363562715,-0.3956800188078362,-0.3413697730949579,0.5993211301106799,-0.9151391011181838,-0.9816312302897935,-0.13613189928935826,0.5683579624699143,0.4409850339734252,0.439285233563557,-0.6440190109715611,1.017902493709772,1.0853819011146513,-0.4359000264455779,-0.4937419311010188,-0.22684724690636107,-0.11020775375559684,-0.559004234197487,-0.1893521216792738,-0.18463927560711513,0.25167797767617606,-0.18509879993824854,-0.0,-0.903744326247837,1.0,1.0,3.4177577359664126,0.21859362563587917,0.1111111111111111,3.7142857142857144,3.077915586318296e-05,0.11538461538461539,2.7298040000727948e-05,1.5,0.04081632653061224
0xa8dc38e689fb7c665e6b589226391fbab86d297fe3d2fd4e5ce54e8c20b0f323,1,0x843947ceeefd8b5df3143c8d40e9ec13006374f4,0xbb9bc244d798123fde783fcc1c72d3bb8c189413,2016-06-17 01:33:44+00:00,100000,21000000000,167714,62714,0.0,1,,103,63168,109899,0.574782300111921,49,3,3,1.0,2,21,125291,112,0xa8dc38e689fb7c665e6b589226391fbab86d297fe3d2fd4e5ce54e8c20b0f323,2,2,1,32155,48,288972,1,2,0.0,0.0,1,0,0,-0.08603613360022544,0.5676261579615401,0.5676484349057794,0.5662769936044078,-0.3540413090777916,-0.3961053757989782,-0.5240041671384237,0.6163938605719003,-0.9153412946175833,-0.9816312302897935,-0.13613189928935826,0.5683579624699143,0.4409850339734252,0.43931606678000196,-0.6455051286674657,-0.44171321189192275,-0.4476527130781731,-0.4359000264455779,-0.4937419311010188,-0.22684724690636107,-0.11020775375559684,-0.559004234197487,-0.2545015501258215,0.2806083143806392,-0.2430268578818738,-0.13453540671667444,-0.0,-0.9051978288713921,1.0,1.0,3.4177888353288757,0.21859481681679604,0.09090909090909091,3.0,2.3944066660281583e-05,0.6666666666666666,1.8198527739105906e-05,1.0,0.04081632653061224
0xfa47d4c8601edb38f951a7cf54b5b49f5512246fa358dc886488fa7da98da27a,1,0xbaed532ec78c440abb51ad325b1593ef72c03bf3,0xbb9bc244d798123fde783fcc1c72d3bb8c189413,2016-06-17 01:34:40+00:00,312649,20000000000,338649,212649,0.0,0,,102,63169,109900,0.574786169244768,49,1,1,1.0,1,0,0,113,0xfa47d4c8601edb38f951a7cf54b5b49f5512246fa358dc886488fa7da98da27a,1,1,2,32156,48,288975,1,3,1.0,1.0,1,1,0,-0.08603613360022544,0.5676661964179864,0.5676712160318265,0.5662769936044078,-0.3540957313907156,-0.39614236336342534,-0.5370494809986712,0.6334665910331206,-0.9155434881169827,-1.05714132492747,0.059459910034432364,0.568430381954295,0.4409850339734252,0.43934689999644694,-0.6455051286674657,-0.692958538265985,-0.7272604840628403,0.802452321411178,0.9757281019377275,0.3184586350800839,-0.11020775375559684,1.3295235840372666,0.03546372279748889,-0.18463927560711513,-0.0010654370962215457,0.11871226707664179,-0.0,-0.9053016504873603,0.5,1.0,3.4177136459758675,0.21859600797298046,1.0,1.0,1.0,1.0,9.099181073703366e-06,1.0,0.02040816326530612
0x2dc2ad9bd61919b272a430983a84402e11972307c4f4fc66339dad950a5802b1,1,0xbaab25266e714ebf2db833950a2a20f15a224e18,0xbb9bc244d798123fde783fcc1c72d3bb8c189413,2016-06-17 01:36:51+00:00,150000,21000000000,77778,77778,0.0,2,,101,63170,109901,0.5747900383072038,49,5,5,1.0,2,2,8239,114,0x2dc2ad9bd61919b272a430983a84402e11972307c4f4fc66339dad950a5802b1,1,1,1,32157,48,288985,3,2,0.0,0.0,1,0,0,-0.08603613360022544,0.5677062348744326,0.5676939971578736,0.5662769936044078,-0.3539868867648675,-0.39606838823453105,-0.5240041671384237,0.650539321494341,-0.9155434881169827,-1.05714132492747,-0.13613189928935826,0.5685028014386757,0.4409850339734252,0.4394496773845968,-0.6450097561021642,-0.6690304119446457,-0.7088737809066464,-0.4359000264455779,-0.4937419311010188,-0.22684724690636107,-0.11020775375559684,-0.559004234197487,-0.18632223281811952,0.2806083143806392,-0.37033280657452555,-0.1090915613301902,-0.0,-0.9050940072554239,1.0,1.0,3.4176384612992505,0.21859190410608126,0.6666666666666666,1.6666666666666667,0.0006067961165048543,0.2,9.099098279360516e-06,1.0,0.02040816326530612
0xae64321c1d5efc9754b467cd0894c35c1db8590c258e56dc1e4dc0e1cd2dbb92,1,0xdf21fa922215b1a56f5a6d6294e6e36c85a0acfb,0xbb9bc244d798123fde783fcc1c72d3bb8c189413,2016-06-17 01:38:33+00:00,77842,20000000000,293919,77842,0.0,18662,,98,63171,109904,0.5747834473722522,49,6288,18668,0.3368330833511892,22,21,125299,115,0xae64321c1d5efc9754b467cd0894c35c1db8590c258e56dc1e4dc0e1cd2dbb92,9285,21,1,32157,48,288992,8816,2,0.0,0.0,1,0,0,-0.08603613360022544,0.5677462733308789,0.567762340536015,0.5662769936044078,-0.18301919071400888,-0.050918930596140985,-0.2630978899334726,0.6676120519555614,0.9616209603081403,0.4530605678260586,-0.13613189928935826,0.5685028014386757,0.4409850339734252,0.4395216215563017,1.5378494528990312,-0.44171321189192275,-0.44763485974339345,-0.4359000264455779,-0.4937419311010188,-0.22684724690636107,-0.11020775375559684,-0.559004234197487,-0.2847158963839027,-0.18463927560711513,-0.06438151836537195,-0.10898346214639207,-0.0,1.0322173467115503,1.0,1.0,3.4177317535839786,0.2185900696556664,1.0,2.117513611615245,0.050183559457302476,0.4973751874866081,0.08448282137137866,442.14285714285717,0.42857142857142855
0xa325cc36ba23e7c9d712d6fec8a8ba39c41d7d087563c2e37c77e984df691088,1,0xdf21fa922215b1a56f5a6d6294e6e36c85a0acfb,0xbb9bc244d798123fde783fcc1c72d3bb8c189413,2016-06-17 01:38:33+00:00,54154,20000000000,216077,27077,0.0,18661,,99,63171,109904,0.5747834473722522,49,6288,18668,0.3368330833511892,22,21,125299,116,0xa325cc36ba23e7c9d712d6fec8a8ba39c41d7d087563c2e37c77e984df691088,9285,21,1,32157,48,288992,8816,2,0.0,0.0,1,0,0,-0.08603613360022544,0.5677462733308789,0.567762340536015,0.5662769936044078,-0.18301919071400888,-0.050918930596140985,-0.2630978899334726,0.6846847824167818,0.9616209603081403,0.4530605678260586,-0.13613189928935826,0.5685028014386757,0.4409850339734252,0.4395216215563017,1.5378494528990312,-0.44171321189192275,-0.44763485974339345,-0.4359000264455779,-0.4937419311010188,-0.22684724690636107,-0.11020775375559684,-0.559004234197487,-0.3170165297515996,-0.18463927560711513,-0.17456820287583935,-0.19472807254501612,-0.0,1.032113525095582,1.0,1.0,3.4177317535839786,0.2185900696556664,1.0,2.117513611615245,0.050183559457302476,0.4973751874866081,0.08448282137137866,442.14285714285717,0.42857142857142855
0xcf8def93d582359616d88cb84217db492a75d3013e715ca90aace02bdb089327,1,0xdf21fa922215b1a56f5a6d6294e6e36c85a0acfb,0xbb9bc244d798123fde783fcc1c72d3bb8c189413,2016-06-17 01:38:33+00:00,47842,20000000000,341761,47842,0.0,18663,,100,63171,109904,0.5747834473722522,49,6288,18668,0.3368330833511892,22,21,125299,117,0xcf8def93d582359616d88cb84217db492a75d3013e715ca90aace02bdb089327,9285,21,1,32157,48,288992,8816,2,0.0,0.0,1,0,0,-0.08603613360022544,0.5677462733308789,0.567762340536015,0.5662769936044078,-0.18301919071400888,-0.050918930596140985,-0.2630978899334726,0.7017575128780021,0.9616209603081403,0.4530605678260586,-0.13613189928935826,0.5685028014386757,0.4409850339734252,0.4395216215563017,1.5378494528990312,-0.44171321189192275,-0.44763485974339345,-0.4359000264455779,-0.4937419311010188,-0.22684724690636107,-0.11020775375559684,-0.559004234197487,-0.3256234867685239,-0.18463927560711513,0.003339652215417088,-0.15965495455176432,-0.0,1.0323211683275184,1.0,1.0,3.4177317535839786,0.2185900696556664,1.0,2.117513611615245,0.050183559457302476,0.4973751874866081,0.08448282137137866,442.14285714285717,0.42857142857142855
0x150300199b8a499491d0ff6ebb33d77d94bdc27c02eb04d57325ed21c78a37fd,1,0x3766d07d089e5ed279e15718c0c3acb664e8b64b,0xbb9bc244d798123fde783fcc1c72d3bb8c189413,2016-06-17 01:38:51+00:00,91216,20000000000,141780,45608,0.0,0,,97,63172,109906,0.5747820865102906,49,2,2,1.0,1,0,26,118,0x150300199b8a499491d0ff6ebb33d77d94bdc27c02eb04d57325ed21c78a37fd,1,1,1,32159,48,288994,1,2,0.0,0.0,1,0,0,-0.08603613360022544,0.5677863117873252,0.5678079027881093,0.5662769936044078,-0.35406852023425356,-0.39612386958120177,-0.5370494809986712,0.7188302433392225,-0.9155434881169827,-1.05714132492747,-0.13613189928935826,0.5686476404074372,0.4409850339734252,0.43954217703393167,-0.6455051286674657,-0.692958538265985,-0.7272024607248064,-0.4359000264455779,-0.4937419311010188,-0.22684724690636107,-0.11020775375559684,-0.559004234197487,-0.26647929259043857,-0.18463927560711513,-0.2797368791569498,-0.1634282916862177,-0.0,-0.9053016504873603,1.0,1.0,3.417581392456233,0.2185920171629267,1.0,2.0,0.07407407407407407,0.5,9.098684330245847e-06,1.0,0.02040816326530612
0xfd7efc9c91eb22f1f34df1e1ff5043b06610b02309d6fa48db6fa53dee7c8967,1,0xef0dcdd984fcbfd8129ade19c428fff89fe586c8,0xbb9bc244d798123fde783fcc1c72d3bb8c189413,2016-06-17 01:38:51+00:00,91216,20000000000,187388,45608,0.0,0,,96,63172,109906,0.5747820865102906,49,2,2,1.0,1,0,26,119,0xfd7efc9c91eb22f1f34df1e1ff5043b06610b02309d6fa48db6fa53dee7c8967,1,1,1,32159,48,288994,1,2,0.0,0.0,1,0,0,-0.08603613360022544,0.5677863117873252,0.5678079027881093,0.5662769936044078,-0.35406852023425356,-0.39612386958120177,-0.5370494809986712,0.7359029738004429,-0.9155434881169827,-1.05714132492747,-0.13613189928935826,0.5686476404074372,0.4409850339734252,0.43954217703393167,-0.6455051286674657,-0.692958538265985,-0.7272024607248064,-0.4359000264455779,-0.4937419311010188,-0.22684724690636107,-0.11020775375559684,-0.559004234197487,-0.26647929259043857,-0.18463927560711513,-0.21517797384679074,-0.1634282916862177,-0.0,-0.9053016504873603,1.0,1.0,3.417581392456233,0.2185920171629267,1.0,2.0,0.07407407407407407,0.5,9.098684330245847e-06,1.0,0.02040816326530612
0x41a2a026cef2f47b9ce1a4eb94c0a5222844ed92bf260ad07041cbfc91d03197,1,0xb9adc47d52049ec355910b3c3380af9f89922f68,0xbb9bc244d798123fde783fcc1c72d3bb8c189413,2016-06-17 01:39:18+00:00,100000,21000000000,62778,62778,0.0,6,,95,63173,109907,0.5747859553986552,49,12,14,0.8571428571428571,4,32,187504,120,0x41a2a026cef2f47b9ce1a4eb94c0a5222844ed92bf260ad07041cbfc91d03197,6,4,1,32159,48,288996,2,2,0.0,0.0,1,0,0,-0.08603613360022544,0.5678263502437715,0.5678306839141564,0.5662769936044078,-0.3537964086696334,-0.395901944194519,-0.49791353941792854,0.7529757042616633,-0.9145325206199851,-0.8306110410144407,-0.13613189928935826,0.5686476404074372,0.4409850339734252,0.43956273251156164,-0.6452574423848149,-0.31010851712455684,-0.3088140234973645,-0.4359000264455779,-0.4937419311010188,-0.22684724690636107,-0.11020775375559684,-0.559004234197487,-0.2545015501258215,0.2806083143806392,-0.3915655635393647,-0.13442730753287632,-0.0,-0.904678720791551,1.0,1.0,3.417612487950496,0.21859396464323158,0.12121212121212122,7.0,6.399829337884323e-05,0.42857142857142855,5.4591609269655255e-05,1.5,0.08163265306122448
0x6e6bc390c64f8606428cd2094e1d7d2b825e710ea3bee6bc79f42f8c8b783d6f,1,0xdf21fa922215b1a56f5a6d6294e6e36c85a0acfb,0xbb9bc244d798123fde783fcc1c72d3bb8c189413,2016-06-17 01:42:17+00:00,77714,20000000000,158868,77714,0.0,18666,,93,63174,109909,0.5747845945282006,49,6290,18671,0.3368860800171389,22,21,125313,121,0x6e6bc390c64f8606428cd2094e1d7d2b825e710ea3bee6bc79f42f8c8b783d6f,9287,21,1,32159,48,289006,8817,2,0.0,0.0,1,0,0,-0.08603613360022544,0.5678663887002177,0.5678762461662507,0.5662769936044078,-0.18296476840108483,-0.05086344924947029,-0.2630978899334726,0.7700484347228836,0.9620253473069392,0.4530605678260586,-0.13613189928935826,0.5686476404074372,0.4409850339734252,0.4396655098997115,1.538097139181682,-0.44171321189192275,-0.4476036164075291,-0.4359000264455779,-0.4937419311010188,-0.22684724690636107,-0.11020775375559684,-0.559004234197487,-0.2848904354362104,-0.18463927560711513,-0.25554852242260495,-0.10919966051398831,-0.0,1.0326326331754232,1.0,1.0,3.4176746789390218,0.21858986114523177,1.0,2.1176137008052627,0.05019391289081827,0.4974023887311874,0.08449717493562857,442.23809523809524,0.42857142857142855
0x898898cf7c69fbc064c72958b6efabd2681bd5a5748a2cc31a9aec2b9e3f3035,1,0xdf21fa922215b1a56f5a6d6294e6e36c85a0acfb,0xbb9bc244d798123fde783fcc1c72d3bb8c189413,2016-06-17 01:42:17+00:00,54154,20000000000,60154,39154,0.0,18665,,94,63174,109909,0.5747845945282006,49,6290,18671,0.3368860800171389,22,21,125313,122,0x898898cf7c69fbc064c72958b6efabd2681bd5a5748a2cc31a9aec2b9e3f3035,9287,21,1,32159,48,289006,8817,2,0.0,0.0,1,0,0,-0.08603613360022544,0.5678663887002177,0.5678762461662507,0.5662769936044078,-0.18296476840108483,-0.05086344924947029,-0.2630978899334726,0.787121165184104,0.9620253473069392,0.4530605678260586,-0.13613189928935826,0.5686476404074372,0.4409850339734252,0.4396655098997115,1.538097139181682,-0.44171321189192275,-0.4476036164075291,-0.4359000264455779,-0.4937419311010188,-0.22684724690636107,-0.11020775375559684,-0.559004234197487,-0.3170165297515996,-0.18463927560711513,-0.3952798804910806,-0.1743294187523601,-0.0,1.0325288115594549,1.0,1.0,3.4176746789390218,0.21858986114523177,1.0,2.1176137008052627,0.05019391289081827,0.4974023887311874,0.08449717493562857,442.23809523809524,0.42857142857142855
0xedc8d612a6c21ebfbc3ceb0fd597662b5456ec5375ca2b42237b3d4573232ed2,1,0xdf21fa922215b1a56f5a6d6294e6e36c85a0acfb,0xbb9bc244d798123fde783fcc1c72d3bb8c189413,2016-06-17 01:46:02+00:00,77778,20000000000,98778,77778,0.0,18667,,92,63175,109912,0.5747780042215591,49,6291,18674,0.3368855092642176,22,21,125327,123,0xedc8d612a6c21ebfbc3ceb0fd597662b5456ec5375ca2b42237b3d4573232ed2,9290,21,1,32159,48,289020,8817,2,0.0,0.0,1,0,0,-0.08603613360022544,0.567906427156664,0.5679445895443921,0.5662769936044078,-0.18293755724462282,-0.050807967902799595,-0.2630978899334726,0.8041938956453244,0.9626319278051378,0.4530605678260586,-0.13613189928935826,0.5686476404074372,0.4409850339734252,0.4398093982431213,1.538097139181682,-0.44171321189192275,-0.4475723730716647,-0.4359000264455779,-0.4937419311010188,-0.22684724690636107,-0.11020775375559684,-0.559004234197487,-0.28480316591005655,-0.18463927560711513,-0.3406069468237507,-0.1090915613301902,-0.0,1.0327364547913913,1.0,1.0,3.4177679654218105,0.21858273274260348,1.0,2.1179539525915843,0.05019628494829567,0.49748313162686086,0.08452216318509354,442.3809523809524,0.42857142857142855
0x90fed784db2e005697d1050a10f5353abead8971cb905e7260ca3b96f9145e52,1,0xdf21fa922215b1a56f5a6d6294e6e36c85a0acfb,0xbb9bc244d798123fde783fcc1c72d3bb8c189413,2016-06-17 01:46:02+00:00,47778,20000000000,167556,47778,0.0,18668,,90,63175,109912,0.5747780042215591,49,6291,18674,0.3368855092642176,22,21,125327,124,0x90fed784db2e005697d1050a10f5353abead8971cb905e7260ca3b96f9145e52,9290,21,1,32159,48,289020,8817,2,0.0,0.0,1,0,0,-0.08603613360022544,0.567906427156664,0.5679445895443921,0.5662769936044078,-0.18293755724462282,-0.050807967902799595,-0.2630978899334726,0.8212666261065448,0.9626319278051378,0.4530605678260586,-0.13613189928935826,0.5686476404074372,0.4409850339734252,0.4398093982431213,1.538097139181682,-0.44171321189192275,-0.4475723730716647,-0.4359000264455779,-0.4937419311010188,-0.22684724690636107,-0.11020775375559684,-0.559004234197487,-0.3257107562946778,-0.18463927560711513,-0.2432505095885701,-0.15976305373556243,-0.0,1.0328402764073596,1.0,1.0,3.4177679654218105,0.21858273274260348,1.0,2.1179539525915843,0.05019628494829567,0.49748313162686086,0.08452216318509354,442.3809523809524,0.42857142857142855
0x2ef4a0050e0f19e41132fed5ac9a9a989950d537b083f6d01650178e25fede4d,1,0xdf21fa922215b1a56f5a6d6294e6e36c85a0acfb,0xbb9bc244d798123fde783fcc1c72d3bb8c189413,2016-06-17 01:46:02+00:00,77778,20000000000,266334,77778,0.0,18669,,91,63175,109912,0.5747780042215591,49,6291,18674,0.3368855092642176,22,21,125327,125,0x2ef4a0050e0f19e41132fed5ac9a9a989950d537b083f6d01650178e25fede4d,9290,21,1,32159,48,289020,8817,2,0.0,0.0,1,0,0,-0.08603613360022544,0.567906427156664,0.5679445895443921,0.5662769936044078,-0.18293755724462282,-0.050807967902799595,-0.2630978899334726,0.8383393565677651,0.9626319278051378,0.4530605678260586,-0.13613189928935826,0.5686476404074372,0.4409850339734252,0.4398093982431213,1.538097139181682,-0.44171321189192275,-0.4475723730716647,-0.4359000264455779,-0.4937419311010188,-0.22684724690636107,-0.11020775375559684,-0.559004234197487,-0.28480316591005655,-0.18463927560711513,-0.1034285584237112,-0.1090915613301902,-0.0,1.0329440980233278,1.0,1.0,3.4177679654218105,0.21858273274260348,1.0,2.1179539525915843,0.05019628494829567,0.49748313162686086,0.08452216318509354,442.3809523809524,0.42857142857142855
0xd21bbc8d647ee4e587b99db9d1a5b45c5cdd08625c67c3dfccb64a35ae15071d,1,0x7b90b1e5d5f68888226bee61ea768c40e5d35e51,0xbb9bc244d798123fde783fcc1c72d3bb8c189413,2016-06-17 01:46:15+00:00,91216,20000000000,45608,45608,0.0,0,,89,63176,109913,0.5747818729358675,49,2,2,1.0,1,0,28,126,0xd21bbc8d647ee4e587b99db9d1a5b45c5cdd08625c67c3dfccb64a35ae15071d,1,1,1,32160,48,289022,1,2,0.0,0.0,1,0,0,-0.08603613360022544,0.5679464656131102,0.5679673706704391,0.5662769936044078,-0.35406852023425356,-0.39612386958120177,-0.5370494809986712,0.8554120870289855,-0.9155434881169827,-1.05714132492747,-0.13613189928935826,0.568720059891818,0.4409850339734252,0.4398299537207513,-0.6455051286674657,-0.692958538265985,-0.7271979973911115,-0.4359000264455779,-0.4937419311010188,-0.22684724690636107,-0.11020775375559684,-0.559004234197487,-0.26647929259043857,-0.18463927560711513,-0.4158699926784506,-0.1634282916862177,-0.0,-0.9053016504873603,1.0,1.0,3.4176927860696518,0.21858468011196341,1.0,2.0,0.06896551724137931,0.5,9.09810486475667e-06,1.0,0.02040816326530612
0xdf5e76dd8deca51f0d80d63ec0de79555edc2d03c50d44166749ae10b3fa25f7,1,0xbaed532ec78c440abb51ad325b1593ef72c03bf3,0xbb9bc244d798123fde783fcc1c72d3bb8c189413,2016-06-17 01:49:36+00:00,185925,20000000000,148925,85925,0.0,1,,87,63177,109914,0.5747857415797806,49,2,2,1.0,1,0,60,127,0xdf5e76dd8deca51f0d80d63ec0de79555edc2d03c50d44166749ae10b3fa25f7,2,1,1,32160,48,289035,1,2,0.0,0.0,1,0,0,-0.08603613360022544,0.5679865040695564,0.5679901517964863,0.5662769936044078,-0.35406852023425356,-0.39612386958120177,-0.5370494809986712,0.8724848174902059,-0.9153412946175833,-1.05714132492747,-0.13613189928935826,0.568720059891818,0.4409850339734252,0.4399635643253461,-0.6455051286674657,-0.692958538265985,-0.7271265840519928,-0.4359000264455779,-0.4937419311010188,-0.22684724690636107,-0.11020775375559684,-0.559004234197487,-0.13733539333253564,-0.18463927560711513,-0.2696230092560314,-0.09533087304263793,-0.0,-0.9051978288713921,1.0,1.0,3.417723880597015,0.21857830858439778,1.0,2.0,0.03278688524590164,1.0,1.819604417999527e-05,2.0,0.02040816326530612
0x4c7735dfc02ac0db69f340c50e0e322c31e2d4b044ee1149398aac58bf8f0f30,1,0xdf21fa922215b1a56f5a6d6294e6e36c85a0acfb,0xbb9bc244d798123fde783fcc1c72d3bb8c189413,2016-06-17 01:53:20+00:00,77842,20000000000,119842,77842,0.0,18670,,84,63178,109915,0.5747896101533003,49,6292,18675,0.3369210174029451,22,21,125359,128,0x4c7735dfc02ac0db69f340c50e0e322c31e2d4b044ee1149398aac58bf8f0f30,9291,21,1,32160,48,289052,8817,2,0.0,0.0,1,0,0,-0.08603613360022544,0.5680265425260027,0.5680129329225334,0.5662769936044078,-0.18291034608816079,-0.05078947412057603,-0.2630978899334726,0.8895575479514263,0.9628341213045374,0.4530605678260586,-0.13613189928935826,0.568720059891818,0.4409850339734252,0.4401382858852009,1.538097139181682,-0.44171321189192275,-0.44750095973254606,-0.4359000264455779,-0.4937419311010188,-0.22684724690636107,-0.11020775375559684,-0.559004234197487,-0.2847158963839027,-0.18463927560711513,-0.31079049397659253,-0.10898346214639207,-0.0,1.033047919639296,1.0,1.0,3.417754975124378,0.21856891296751807,1.0,2.1180673698536916,0.0501914486279515,0.4975100401606426,0.08452895419187555,442.42857142857144,0.42857142857142855
0x5e4fa7797be33acb1fe28b5269b8c6f9b8147bcc882d6dda5cf13e72cac9c3dd,1,0x770631f626181c1dc7056aebc68c82f679127ab8,0xbb9bc244d798123fde783fcc1c72d3bb8c189413,2016-06-17 01:58:21+00:00,156361,20000000000,98441,56361,0.0,9,,83,63179,109916,0.5747934786564285,49,18,18,1.0,10,79,473879,129,0x5e4fa7797be33acb1fe28b5269b8c6f9b8147bcc882d6dda5cf13e72cac9c3dd,5,3,1,32160,48,289072,3,2,0.0,0.0,1,0,0,-0.08603613360022544,0.568066580982449,0.5680357140485806,0.5662769936044078,-0.3536331417308613,-0.39582796906562473,-0.41964165625644323,0.9066302784126467,-0.9147347141193847,-0.9061211356521172,-0.13613189928935826,0.568720059891818,0.4409850339734252,0.4403438406615006,-0.6450097561021642,0.2522024514269158,0.3302795699429788,-0.4359000264455779,-0.4937419311010188,-0.22684724690636107,-0.11020775375559684,-0.559004234197487,-0.17764846007023366,-0.18463927560711513,-0.34108397609689406,-0.14526593975838545,-0.0,-0.9043672559436463,1.0,1.0,3.4177860696517413,0.21855725024474787,0.125,6.0,3.798429982273993e-05,0.2777777777777778,4.548928272498999e-05,1.6666666666666667,0.061224489795918366
0x071b42c8d5230cec39351562eaeff3707c832f8d4425fed0f8a64803380ee58f,1,0x3a500d34357c2b6f2891f60dc00eb20d4e0f03fe,0xbb9bc244d798123fde783fcc1c72d3bb8c189413,2016-06-17 01:58:58+00:00,150000,21000000000,150000,150000,0.0,1,,82,63180,109917,0.5747973470891673,49,3,3,1.0,2,17,100383,130,0x071b42c8d5230cec39351562eaeff3707c832f8d4425fed0f8a64803380ee58f,2,1,1,32160,48,289076,1,2,0.0,0.0,1,0,0,-0.08603613360022544,0.5681066194388953,0.5680584951746277,0.5662769936044078,-0.3540413090777916,-0.3961053757989782,-0.5240041671384237,0.923703008873867,-0.9153412946175833,-1.05714132492747,-0.13613189928935826,0.568720059891818,0.4409850339734252,0.44038495161676056,-0.6455051286674657,-0.48956946453460126,-0.5032390709146186,-0.4359000264455779,-0.4937419311010188,-0.22684724690636107,-0.11020775375559684,-0.559004234197487,-0.18632223281811952,0.2806083143806392,-0.2681013283402179,0.012894989486502938,-0.0,-0.9051978288713921,1.0,1.0,3.4178171641791044,0.2185576853225957,0.1111111111111111,3.0,2.9885240675804907e-05,0.6666666666666666,1.8195547549514634e-05,2.0,0.02040816326530612
0x90f538a70c8d661754d9e2d4fa6d9ebeb8e9733adafb03ea1ce541fadccffa68,1,0xd94c9ff168dc6aebf9b6cc86deff54f3fb0afc33,0xbb9bc244d798123fde783fcc1c72d3bb8c189413,2016-06-17 01:59:32+00:00,90000,20000000000,83714,62714,0.0,4870,,81,63181,109918,0.5748012154515184,49,4746,5005,0.9482517482517483,128,127,729074,131,0x90f538a70c8d661754d9e2d4fa6d9ebeb8e9733adafb03ea1ce541fadccffa68,198,28,1,32160,48,289079,1224,2,0.0,0.0,1,0,0,-0.08603613360022544,0.5681466578953415,0.5680812763006748,0.5662769936044078,-0.2249787939784405,-0.30359947711670704,1.1197053792527678,0.9407757393350874,-0.8757113687352778,0.9816312302897935,-0.13613189928935826,0.568720059891818,0.4409850339734252,0.44041578483320554,-0.3425848049855796,0.826477483139058,0.8997897910796298,-0.4359000264455779,-0.4937419311010188,-0.22684724690636107,-0.11020775375559684,-0.559004234197487,-0.2681374135873619,-0.18463927560711513,-0.3619302968849732,-0.13453540671667444,-0.0,-0.39969038072213176,1.0,1.0,3.4178482587064676,0.21855887643558877,1.0,4.0890522875816995,0.006509618352021397,0.03956043956043956,0.0018013428191924888,7.071428571428571,0.5714285714285714
0xa5189351482db2c9c4ea0d97e3e4b5ce1d9cba6ef0373fd2b4fd616f7ddbb8c7,1,0x1ae254ee1b161fc3a838bdf56f8ad31b5f9e65c7,0xbb9bc244d798123fde783fcc1c72d3bb8c189413,2016-06-17 02:00:26+00:00,45608,20000000000,152291,45608,0.0,0,,80,63182,109919,0.5748050837434838,49,2,2,1.0,1,0,45,132,0xa5189351482db2c9c4ea0d97e3e4b5ce1d9cba6ef0373fd2b4fd616f7ddbb8c7,1,1,1,32161,48,289083,1,2,0.0,0.0,1,0,0,-0.08603613360022544,0.5681866963517878,0.568104057426722,0.5662769936044078,-0.35406852023425356,-0.39612386958120177,-0.5370494809986712,0.9578484697963078,-0.9155434881169827,-1.05714132492747,-0.13613189928935826,0.5687924793761987,0.4409850339734252,0.4404568957884655,-0.6455051286674657,-0.692958538265985,-0.7271600590547047,-0.4359000264455779,-0.4937419311010188,-0.22684724690636107,-0.11020775375559684,-0.559004234197487,-0.32866973866583205,-0.18463927560711513,-0.26485837859312145,-0.1634282916862177,-0.0,-0.9053016504873603,1.0,1.0,3.4177730791952987,0.21855931148040017,1.0,2.0,0.043478260869565216,0.5,9.097608238794022e-06,1.0,0.02040816326530612
0x69c4c3b11d7aeae0b79fda26ce2cf826d2a41291c5f3dba3a40bff674202b154,1,0x303e33b483b5df3148cb2eaa1c17c486531ddf31,0xbb9bc244d798123fde783fcc1c72d3bb8c189413,2016-06-17 02:00:40+00:00,150000,20000000000,48077,27077,0.0,1555,,79,63183,109920,0.5748089519650655,49,1847,1997,0.9248873309964948,101,105,619643,133,0x69c4c3b11d7aeae0b79fda26ce2cf826d2a41291c5f3dba3a40bff674202b154,280,21,1,32161,48,289086,699,2,0.0,0.0,1,0,0,-0.08603613360022544,0.568226734808234,0.568126838552769,0.5662769936044078,-0.30386393656183047,-0.35922877404519,0.7674819050260839,0.9749212002575282,-0.8591315017845172,0.4530605678260586,-0.13613189928935826,0.5687924793761987,0.4409850339734252,0.44048772900491046,-0.4726201033772314,0.5632680936043262,0.655576256295622,-0.4359000264455779,-0.4937419311010188,-0.22684724690636107,-0.11020775375559684,-0.559004234197487,-0.18632223281811952,-0.18463927560711513,-0.4123750808820381,-0.19472807254501612,-0.0,-0.7438590376567791,1.0,1.0,3.4178041727558224,0.21856050254767595,0.9528301886792453,2.8569384835479257,0.002980743781913486,0.1402103154732098,0.002547307132459971,13.333333333333334,0.42857142857142855
0xfaf13a804bbf9ffb40c37f17016b437c8ad97db04b2e04ee14be7334d26c549a,1,0xaf7b82ca296dfa3a21a3ccc6acc8918d7e2e7575,0xbb9bc244d798123fde783fcc1c72d3bb8c189413,2016-06-17 02:03:13+00:00,162778,20000000000,710577,62778,0.0,22,,76,63184,109921,0.5748128201162653,49,28,28,1.0,16,47,283027,134,0xfaf13a804bbf9ffb40c37f17016b437c8ad97db04b2e04ee14be7334d26c549a,23,16,1,32161,48,289093,1,2,0.0,0.0,1,0,0,-0.08603613360022544,0.5682667732646802,0.5681496196788162,0.5662769936044078,-0.3533610301662411,-0.39564303124338907,-0.3413697730949579,0.9919939307187485,-0.9110952311301934,0.07551009463767643,-0.13613189928935826,0.5687924793761987,0.4409850339734252,0.4405596731766153,-0.6455051286674657,-0.13064756971451238,-0.09563851122778119,-0.4359000264455779,-0.4937419311010188,-0.22684724690636107,-0.11020775375559684,-0.559004234197487,-0.16889832648696318,-0.18463927560711513,0.5254050183983587,-0.13442730753287632,-0.0,-0.9030175749360595,1.0,1.0,3.417835266316346,0.21855866949850222,0.3333333333333333,28.0,9.893014118744435e-05,0.8214285714285714,0.00020924118230365444,1.4375,0.32653061224489793
0x676c19d44cf8a2d7c7b8f435e617c9da4afc902c945c3c3ab752fc7c27cc2c49,1,0xbaab25266e714ebf2db833950a2a20f15a224e18,0xbb9bc244d798123fde783fcc1c72d3bb8c189413,2016-06-17 02:06:26+00:00,150000,21000000000,260610,77778,0.0,3,,74,63185,109922,0.5748166881970852,49,6,6,1.0,2,2,8360,135,0x676c19d44cf8a2d7c7b8f435e617c9da4afc902c945c3c3ab752fc7c27cc2c49,2,1,1,32161,48,289106,3,2,0.0,0.0,1,0,0,-0.08603613360022544,0.5683068117211265,0.5681724008048633,0.5662769936044078,-0.3539596756084055,-0.39604989445230754,-0.5240041671384237,1.0090666611799688,-0.9153412946175833,-1.05714132492747,-0.13613189928935826,0.5687924793761987,0.4409850339734252,0.44069328378121014,-0.6450097561021642,-0.6690304119446457,-0.7086037492181042,-0.4359000264455779,-0.4937419311010188,-0.22684724690636107,-0.11020775375559684,-0.559004234197487,-0.18632223281811952,0.2806083143806392,-0.11153097848149383,-0.1090915613301902,-0.0,-0.9049901856394557,1.0,1.0,3.4178663598768697,0.2185523007052752,0.6666666666666666,2.0,0.0007176175098672408,0.3333333333333333,1.8194719892287257e-05,2.0,0.02040816326530612
0xe58053e2bd1cc101c82649109a83ad106fbfa5e4c9dee15f549897501b8ec5e4,1,0xdf21fa922215b1a56f5a6d6294e6e36c85a0acfb,0xbb9bc244d798123fde783fcc1c72d3bb8c189413,2016-06-17 02:08:14+00:00,54154,20000000000,132077,27077,0.0,18671,,73,63186,109923,0.574820556207527,49,6293,18676,0.33695652173913043,22,21,125422,136,0xe58053e2bd1cc101c82649109a83ad106fbfa5e4c9dee15f549897501b8ec5e4,9292,21,1,32161,48,289115,8817,2,0.0,0.0,1,0,0,-0.08603613360022544,0.5683468501775728,0.5681951819309105,0.5662769936044078,-0.18288313493169878,-0.050770980338352464,-0.2630978899334726,1.0261393916411892,0.9630363148039368,0.4530605678260586,-0.13613189928935826,0.5687924793761987,0.4409850339734252,0.44078578343054503,1.538097139181682,-0.44171321189192275,-0.4473603647211563,-0.4359000264455779,-0.4937419311010188,-0.22684724690636107,-0.11020775375559684,-0.559004234197487,-0.3170165297515996,-0.18463927560711513,-0.2934716418789387,-0.19472807254501612,-0.0,1.0331517412552642,1.0,1.0,3.417897453437393,0.21854895612833602,1.0,2.118180787115799,0.05017421047176355,0.4975369458128079,0.08453189960244899,442.4761904761905,0.42857142857142855
0x17707ac7305b0332231ed2997bbf38df03b30df2b44b5b8424480b46a7360a88,1,0xbaab25266e714ebf2db833950a2a20f15a224e18,0xbb9bc244d798123fde783fcc1c72d3bb8c189413,2016-06-17 02:10:20+00:00,150000,21000000000,255000,150000,0.0,4,,71,63187,109924,0.5748244241475928,49,7,7,1.0,2,2,8379,137,0x17707ac7305b0332231ed2997bbf38df03b30df2b44b5b8424480b46a7360a88,3,1,1,32161,48,289125,3,2,0.0,0.0,1,0,0,-0.08603613360022544,0.568386888634019,0.5682179630569576,0.5662769936044078,-0.3539324644519435,-0.39603140067008397,-0.5240041671384237,1.0432121221024095,-0.9151391011181838,-1.05714132492747,-0.13613189928935826,0.5687924793761987,0.4409850339734252,0.44088856081869493,-0.6450097561021642,-0.6690304119446457,-0.7085613475480026,-0.4359000264455779,-0.4937419311010188,-0.22684724690636107,-0.11020775375559684,-0.559004234197487,-0.18632223281811952,0.2806083143806392,-0.11947202958634368,0.012894989486502938,-0.0,-0.9048863640234874,1.0,1.0,3.4179285469979166,0.21854485587598488,0.6666666666666666,2.3333333333333335,0.0008353221957040572,0.42857142857142855,2.7291583275717767e-05,3.0,0.02040816326530612
0xe1dd2c846ae6c25f6ef42dea5d55e99555ce839550033386817fdddcee7269e2,1,0xfbb1b73c4f0bda4f67dca266ce6ef42f520fbb98,0xbb9bc244d798123fde783fcc1c72d3bb8c189413,2016-06-17 02:15:09+00:00,197714,20000000000,718622,47714,0.0,30935,,68,63188,109925,0.5748282920172845,49,153049,226245,0.6764746182236071,312,312,1656592,138,0xe1dd2c846ae6c25f6ef42dea5d55e99555ce839550033386817fdddcee7269e2,9942,49,1,32161,48,289142,10331,2,0.0,0.0,1,0,0,-0.08603613360022544,0.5684269270904653,0.5682407441830047,0.5662769936044078,3.8105173428082044,3.7879649020247723,3.520043129538317,1.06028485256363,1.0944620894136234,2.5673432176809987,-0.13613189928935826,0.5687924793761987,0.4409850339734252,0.4410632823785497,1.9130941711149407,3.039829167862939,2.969700962098749,-0.4359000264455779,-0.4937419311010188,-0.22684724690636107,-0.11020775375559684,-0.559004234197487,-0.12126007389772567,-0.18463927560711513,0.5367928537171675,-0.15987115291936055,-0.0,2.3064200394895074,1.0,1.0,3.4179596405584403,0.21853546515046188,0.9968051118210862,21.899622495402188,0.09238781040364169,0.04394351256381356,0.09044348419376848,202.89795918367346,1.0
0xbabbfe3082c608f36c56f7c87f73cf5a99695faca4f4e9debea2e63581ccbc9c,1,0x90a27ac0e206c69e24ce4b2ee706dc2e4afa6472,0xbb9bc244d798123fde783fcc1c72d3bb8c189413,2016-06-17 02:15:55+00:00,90000,20000000000,140441,56361,0.0,1,,67,63189,109926,0.5748321598166038,49,15,15,1.0,15,19,110305,139,0xbabbfe3082c608f36c56f7c87f73cf5a99695faca4f4e9debea2e63581ccbc9c,2,2,1,32161,48,289145,1,2,0.0,0.0,1,0,0,-0.08603613360022544,0.5684669655469116,0.5682635253090518,0.5662769936044078,-0.35371477520024736,-0.39588345041229545,-0.35441508695520546,1.0773575830248503,-0.9153412946175833,-0.9816312302897935,-0.13613189928935826,0.5687924793761987,0.4409850339734252,0.4410941155949947,-0.6455051286674657,-0.46564133821326203,-0.4810964724541556,-0.4359000264455779,-0.4937419311010188,-0.22684724690636107,-0.11020775375559684,-0.559004234197487,-0.2681374135873619,-0.18463927560711513,-0.2816322565953444,-0.14526593975838545,-0.0,-0.9051978288713921,1.0,1.0,3.417990734118964,0.21853665622211615,0.75,15.0,0.0001359853498449767,0.13333333333333333,1.8194057820715754e-05,1.0,0.04081632653061224
0xdb2628e741aebd55dea53ff12d73e5070f0dd3f65232047fe6b9c7ac35cae4a1,1,0x69ea6b31ef305d6b99bb2d4c9d99456fa108b02a,0xbb9bc244d798123fde783fcc1c72d3bb8c189413,2016-06-17 02:16:50+00:00,100000,20000000000,140778,77778,0.0,2097,,66,63190,109927,0.574836027545553,49,5039,6402,0.7870977819431427,137,142,806812,140,0xdb2628e741aebd55dea53ff12d73e5070f0dd3f65232047fe6b9c7ac35cae4a1,636,34,1,32161,48,289148,701,2,0.0,0.0,1,0,0,-0.08603613360022544,0.5685070040033579,0.5682863064350989,0.5662769936044078,-0.21700592513506925,-0.277763663350387,1.2371132039949957,1.0944303134860707,-0.787150615998289,1.434691798115852,-0.13613189928935826,0.5687924793761987,0.4409850339734252,0.4411249488114396,-0.4721247308119299,1.0059384305491024,1.0732751084671999,-0.4359000264455779,-0.4937419311010188,-0.22684724690636107,-0.11020775375559684,-0.559004234197487,-0.2545015501258215,-0.18463927560711513,-0.281155227322201,-0.1090915613301902,-0.0,-0.6875877218020042,1.0,1.0,3.4180218276794876,0.21853784726905506,0.958041958041958,9.132667617689016,0.006245561239097535,0.09934395501405811,0.00578565775469175,18.705882352941178,0.6938775510204082
0x281ae23dcfc311b9a46a4547a72a92a963bb3dad0ff453bbc701f97e4bd9e286,1,0xaa571eac0e90b56dc3b4774e93b3fa87cc777ced,0xbb9bc244d798123fde783fcc1c72d3bb8c189413,2016-06-17 02:18:17+00:00,162714,12418000000,260560,47714,0.0,3,,65,63191,109928,0.5748398952041336,49,15,15,1.0,9,49,290556,141,0x281ae23dcfc311b9a46a4547a72a92a963bb3dad0ff453bbc701f97e4bd9e286,2,2,1,32161,48,289155,3,2,0.0,0.0,1,0,0,-0.08603613360022544,0.568547042459804,0.5683090875611461,0.5662769936044078,-0.35371477520024736,-0.39588345041229545,-0.43268697011669077,1.111503043947291,-0.9153412946175833,-0.9816312302897935,-0.13613189928935826,0.5687924793761987,0.4409850339734252,0.4411968929831445,-0.6450097561021642,-0.10671944339317312,-0.07883629153328152,-0.4359000264455779,-0.4937419311010188,-0.22684724690636107,-0.11020775375559684,-0.559004234197487,-0.16898559601311705,-3.7121465028942686,-0.11160175433804329,-0.15987115291936055,-0.0,-0.9049901856394557,1.0,1.0,3.4180529212400113,0.21853601516136617,0.18,5.0,5.162498236146436e-05,0.13333333333333333,1.8193726802998326e-05,1.0,0.04081632653061224
0xbad7a53fe038096f1534619b7f08f6b46264a612b185dbb7a0f4a317bf0ae003,1,0xaa571eac0e90b56dc3b4774e93b3fa87cc777ced,0xbb9bc244d798123fde783fcc1c72d3bb8c189413,2016-06-17 02:18:27+00:00,121000,20000000000,142000,121000,0.0,4,,64,63192,109929,0.5748437627923478,49,16,16,1.0,9,49,290557,142,0xbad7a53fe038096f1534619b7f08f6b46264a612b185dbb7a0f4a317bf0ae003,3,2,1,32161,48,289156,3,2,0.0,0.0,1,0,0,-0.08603613360022544,0.5685870809162503,0.5683318686871932,0.5662769936044078,-0.3536875640437853,-0.3958649566300719,-0.43268697011669077,1.1285757744085114,-0.9151391011181838,-0.9816312302897935,-0.13613189928935826,0.5687924793761987,0.4409850339734252,0.4412071707219595,-0.6450097561021642,-0.10671944339317312,-0.07883405986643406,-0.4359000264455779,-0.4937419311010188,-0.22684724690636107,-0.11020775375559684,-0.559004234197487,-0.22586623685658666,-0.18463927560711513,-0.2794254653881321,-0.03608745317202356,-0.0,-0.9048863640234874,1.0,1.0,3.418084014800535,0.21853871772082295,0.18,5.333333333333333,5.5066458331899314e-05,0.1875,2.7290341947984608e-05,1.5,0.04081632653061224
0xf90f66cc267637e2c21ecb1b6e91021ade82330924a47d2f4fcedd2acad8b402,1,0x69ea6b31ef305d6b99bb2d4c9d99456fa108b02a,0xbb9bc244d798123fde783fcc1c72d3bb8c189413,2016-06-17 02:23:03+00:00,100000,20000000000,203842,77842,0.0,2098,,63,63193,109930,0.5748476303101974,49,5040,6403,0.7871310323285959,137,142,806832,143,0xf90f66cc267637e2c21ecb1b6e91021ade82330924a47d2f4fcedd2acad8b402,637,34,1,32161,48,289168,701,2,0.0,0.0,1,0,0,-0.08603613360022544,0.5686271193726966,0.5683546498132404,0.5662769936044078,-0.21697871397860724,-0.2777451695681634,1.2371132039949957,1.1456485048697318,-0.7869484224988894,1.434691798115852,-0.13613189928935826,0.5687924793761987,0.4409850339734252,0.44133050358773934,-0.4721247308119299,1.0059384305491024,1.073319741804149,-0.4359000264455779,-0.4937419311010188,-0.22684724690636107,-0.11020775375559684,-0.559004234197487,-0.2545015501258215,-0.18463927560711513,-0.19188705497349318,-0.10898346214639207,-0.0,-0.687483900186036,1.0,1.0,3.4181151083610586,0.21853310693746564,0.958041958041958,9.134094151212553,0.00624664583625112,0.09948461658597532,0.005794596561448194,18.735294117647058,0.6938775510204082
0x6c07215cd092cf8308a5b7ac6e0a3a73f569a1f968186c1f034377a13bd1d6db,1,0x46664c1e2ddd896a3e0c2b3d502842f261b9e62f,0xbb9bc244d798123fde783fcc1c72d3bb8c189413,2016-06-17 02:26:52+00:00,3163507,20000000000,3144349,3033507,0.0,2,,61,63194,109932,0.5748462686024087,49,4,4,1.0,4,12,67646,144,0x6c07215cd092cf8308a5b7ac6e0a3a73f569a1f968186c1f034377a13bd1d6db,3,3,12,32161,48,289193,1,8,5.0,3.0,1,3,0,-0.08603613360022544,0.5686671578291428,0.5684002120653345,0.5662769936044078,-0.35401409792132954,-0.3960868820167546,-0.49791353941792854,1.1627212353309522,-0.9151391011181838,-0.9061211356521172,2.0153780032723385,0.5687924793761987,0.4409850339734252,0.441587447058114,-0.6455051286674657,-0.5493897803379494,-0.5762971484998006,6.994214060694957,6.853608234092713,1.4090703990529736,-0.11020775375559684,5.106579220506775,3.922854766421502,-0.18463927560711513,3.9704509773203966,4.8832817578644265,-0.0,-0.9050940072554239,0.08333333333333333,1.0,3.4181772954821055,0.21851767325739815,0.3076923076923077,4.0,5.913048620042278e-05,0.75,2.7289597205545246e-05,1.0,0.061224489795918366
0x20aac499a8a0d1a085d1696d71d16f5ee2473489f1c6e347df95a39e5760bbf0,1,0xdf21fa922215b1a56f5a6d6294e6e36c85a0acfb,0xbb9bc244d798123fde783fcc1c72d3bb8c189413,2016-06-17 02:26:52+00:00,47842,20000000000,110842,47842,0.0,18672,,62,63194,109932,0.5748462686024087,49,6294,18677,0.3369920222733844,22,21,125500,145,0x20aac499a8a0d1a085d1696d71d16f5ee2473489f1c6e347df95a39e5760bbf0,9293,21,1,32161,48,289193,8817,2,0.0,0.0,1,0,0,-0.08603613360022544,0.5686671578291428,0.5684002120653345,0.5662769936044078,-0.18285592377523677,-0.0507524865561289,-0.2630978899334726,1.1797939657921725,0.9632385083033363,0.4530605678260586,-0.13613189928935826,0.5687924793761987,0.4409850339734252,0.441587447058114,1.538097139181682,-0.44171321189192275,-0.44718629470705473,-0.4359000264455779,-0.4937419311010188,-0.22684724690636107,-0.11020775375559684,-0.559004234197487,-0.3256234867685239,-0.18463927560711513,-0.323530148155496,-0.15965495455176432,-0.0,1.0332555628712325,1.0,1.0,3.4181772954821055,0.21851767325739815,1.0,2.1182942043779063,0.05015099481279034,0.4975638485838197,0.08453407561037732,442.5238095238095,0.42857142857142855
0x41c1fc56e115cbec5e24575b28a9af2fbdf2f5190cb2c1fc37b3a7b191e1e133,1,0x69ea6b31ef305d6b99bb2d4c9d99456fa108b02a,0xbb9bc244d798123fde783fcc1c72d3bb8c189413,2016-06-17 02:29:03+00:00,100000,20000000000,110906,47906,0.0,2099,,60,63195,109933,0.5748501359919224,49,5041,6404,0.7871642723297939,137,142,806864,146,0x41c1fc56e115cbec5e24575b28a9af2fbdf2f5190cb2c1fc37b3a7b191e1e133,638,34,1,32161,48,289200,701,2,0.0,0.0,1,0,0,-0.08603613360022544,0.5687071962855891,0.5684229931913817,0.5662769936044078,-0.21695150282214523,-0.27772667578593985,1.2371132039949957,1.196866696253393,-0.78674622899949,1.434691798115852,-0.13613189928935826,0.5687924793761987,0.4409850339734252,0.4416593912298189,-0.4721247308119299,1.0059384305491024,1.0733911551432676,-0.4359000264455779,-0.4937419311010188,-0.22684724690636107,-0.11020775375559684,-0.559004234197487,-0.2545015501258215,-0.18463927560711513,-0.3234395550591127,-0.15954685536796617,-0.0,-0.6873800785700678,1.0,1.0,3.418208389042629,0.21851584192309156,0.958041958041958,9.135520684736091,0.006247637461037472,0.09962523422860713,0.005803534880336205,18.764705882352942,0.6938775510204082
0x096b146f4c3f23df5c2521870896d8e251824c0fab3627ed9eca05bc44ad4e68,1,0xdf21fa922215b1a56f5a6d6294e6e36c85a0acfb,0xbb9bc244d798123fde783fcc1c72d3bb8c189413,2016-06-17 02:30:27+00:00,47714,20000000000,47714,47714,0.0,18673,,59,63196,109934,0.5748540033110776,49,6295,18678,0.3370275190063176,22,21,125513,147,0x096b146f4c3f23df5c2521870896d8e251824c0fab3627ed9eca05bc44ad4e68,9294,21,1,32161,48,289206,8817,2,0.0,0.0,1,0,0,-0.08603613360022544,0.5687472347420354,0.5684457743174288,0.5662769936044078,-0.18282871261877473,-0.050733992773905334,-0.2630978899334726,1.2139394267146133,0.9634407018027359,0.4530605678260586,-0.13613189928935826,0.5687924793761987,0.4409850339734252,0.4417210576627088,1.538097139181682,-0.44171321189192275,-0.4471572830380378,-0.4359000264455779,-0.4937419311010188,-0.22684724690636107,-0.11020775375559684,-0.559004234197487,-0.3257980258208316,-0.18463927560711513,-0.4128889136005872,-0.15987115291936055,-0.0,1.0333593844872007,1.0,1.0,3.418239482603153,0.2185147662400979,1.0,2.1184076216400136,0.050153767707188046,0.4975907484741407,0.0845416340713519,442.57142857142856,0.42857142857142855
0xe66fc5f57aa7b1ea4542009abac75a362e2fe6dbf4e90223fec5ab7a1bd0ca90,1,0x8d08aa327c884af528deac25dd5df7ba74bf7f69,0xbb9bc244d798123fde783fcc1c72d3bb8c189413,2016-06-17 02:38:14+00:00,312265,20000000000,212265,212265,0.0,2,,56,63197,109935,0.5748578705598762,49,6,6,1.0,3,48,286282,148,0xe66fc5f57aa7b1ea4542009abac75a362e2fe6dbf4e90223fec5ab7a1bd0ca90,3,3,2,32161,48,289238,1,3,1.0,1.0,1,1,0,-0.08603613360022544,0.5687872731984817,0.568468555443476,0.5662769936044078,-0.3539596756084055,-0.39604989445230754,-0.5109588532781761,1.2310121571758337,-0.9151391011181838,-0.9061211356521172,0.059459910034432364,0.5687924793761987,0.4409850339734252,0.4420499453047884,-0.6455051286674657,-0.11868350655384274,-0.08837443563931043,0.802452321411178,0.9757281019377275,0.3184586350800839,-0.11020775375559684,1.3295235840372666,0.03494010564056574,-0.18463927560711513,-0.17996415417917047,0.11806367197385302,-0.0,-0.9050940072554239,0.5,1.0,3.4182705761636765,0.2184940481746929,0.061224489795918366,6.0,2.0958282538606902e-05,0.5,2.7288852503752216e-05,1.0,0.061224489795918366
0xcdc5de5d23a46d9bf0f8194ab448464fb127b7fee0c937a9a49bd9522c93ebda,1,0xc2f836f461eba77fc9bce3ee3ffe9aa8fab85f8f,0xbb9bc244d798123fde783fcc1c72d3bb8c189413,2016-06-17 02:38:41+00:00,100000,21000000000,68778,47778,0.0,1,,55,63198,109936,0.5748617377383205,49,4,4,1.0,2,33,199434,149,0xcdc5de5d23a46d9bf0f8194ab448464fb127b7fee0c937a9a49bd9522c93ebda,2,2,1,32161,48,289239,1,2,0.0,0.0,1,0,0,-0.08603613360022544,0.5688273116549278,0.5684913365695231,0.5662769936044078,-0.35401409792132954,-0.3960868820167546,-0.5240041671384237,1.248084887637054,-0.9153412946175833,-0.9816312302897935,-0.13613189928935826,0.5687924793761987,0.4409850339734252,0.4420602230436034,-0.6455051286674657,-0.2981444539638872,-0.28219023800720894,-0.4359000264455779,-0.4937419311010188,-0.22684724690636107,-0.11020775375559684,-0.559004234197487,-0.2545015501258215,0.2806083143806392,-0.38307246075342904,-0.15976305373556243,-0.0,-0.9051978288713921,1.0,1.0,3.4183016697242,0.2184967501037201,0.058823529411764705,4.0,2.005666006468273e-05,0.5,1.8192402852568766e-05,1.0,0.04081632653061224
0x4b594b6bdfbd5366fe0d421a8761bfd242f4e565ad4a3b8aa1e5bb9891ddd18a,1,0xce9f11d3690e99ff8cb1438b6a529fbe1cf1f7bb,0xbb9bc244d798123fde783fcc1c72d3bb8c189413,2016-06-17 02:40:35+00:00,162778,26620000000,125778,62778,0.0,2,,54,63199,109937,0.574865604846412,49,6,6,1.0,2,34,204687,150,0x4b594b6bdfbd5366fe0d421a8761bfd242f4e565ad4a3b8aa1e5bb9891ddd18a,3,2,1,32161,48,289243,1,2,0.0,0.0,1,0,0,-0.08603613360022544,0.5688673501113741,0.5685141176955703,0.5662769936044078,-0.3539596756084055,-0.39604989445230754,-0.5240041671384237,1.2651576180982744,-0.9151391011181838,-0.9816312302897935,-0.13613189928935826,0.5687924793761987,0.4409850339734252,0.4421013339988633,-0.6455051286674657,-0.28618039080321755,-0.2704672920575201,-0.4359000264455779,-0.4937419311010188,-0.22684724690636107,-0.11020775375559684,-0.559004234197487,-0.16889832648696318,2.8952997701118184,-0.30238798428704017,-0.13442730753287632,-0.0,-0.9050940072554239,1.0,1.0,3.418332763284724,0.21849718576703406,0.05714285714285714,6.0,2.9312905495192685e-05,0.5,2.728835605846985e-05,1.5,0.04081632653061224
0x13b4c2128b4a9ac6dae00d8f49e49876ca9b4686e13e1eb96bf382341e621929,1,0x8d08aa327c884af528deac25dd5df7ba74bf7f69,0xbb9bc244d798123fde783fcc1c72d3bb8c189413,2016-06-17 02:41:18+00:00,185925,20000000000,177850,85925,0.0,3,,53,63200,109939,0.5748642428983345,49,7,7,1.0,3,48,286293,151,0x13b4c2128b4a9ac6dae00d8f49e49876ca9b4686e13e1eb96bf382341e621929,4,3,1,32162,48,289249,1,2,0.0,0.0,1,0,0,-0.08603613360022544,0.5689073885678204,0.5685596799476644,0.5662769936044078,-0.3539324644519435,-0.39603140067008397,-0.5109588532781761,1.2822303485594948,-0.9149369076187842,-0.9061211356521172,-0.13613189928935826,0.5688648988605794,0.4409850339734252,0.4421630004317533,-0.6455051286674657,-0.11868350655384274,-0.0883498873039884,-0.4359000264455779,-0.4937419311010188,-0.22684724690636107,-0.11020775375559684,-0.559004234197487,-0.13733539333253564,-0.18463927560711513,-0.2286791762421665,-0.09533087304263793,-0.0,-0.9049901856394557,1.0,1.0,3.418288663640321,0.2184961106309421,0.061224489795918366,7.0,2.445039015836867e-05,0.5714285714285714,3.6383812841666745e-05,1.3333333333333333,0.061224489795918366
0x794a3cd36be3eeb964d5af54a06abc596bbe6a4fb977f3d631a2dd3a437d56cb,1,0x75f9e0415ff1abfa7f5ad84073b1ebbdff848dd6,0xbb9bc244d798123fde783fcc1c72d3bb8c189413,2016-06-17 02:41:18+00:00,100000,21000000000,91925,70925,0.0,0,,52,63200,109939,0.5748642428983345,49,2,2,1.0,1,0,15,152,0x794a3cd36be3eeb964d5af54a06abc596bbe6a4fb977f3d631a2dd3a437d56cb,1,1,1,32162,48,289249,1,2,0.0,0.0,1,0,0,-0.08603613360022544,0.5689073885678204,0.5685596799476644,0.5662769936044078,-0.35406852023425356,-0.39612386958120177,-0.5370494809986712,1.2993030790207152,-0.9155434881169827,-1.05714132492747,-0.13613189928935826,0.5688648988605794,0.4409850339734252,0.4421630004317533,-0.6455051286674657,-0.692958538265985,-0.7272270090601284,-0.4359000264455779,-0.4937419311010188,-0.22684724690636107,-0.11020775375559684,-0.559004234197487,-0.2545015501258215,0.2806083143806392,-0.3503074857224202,-0.12066661924532406,-0.0,-0.9053016504873603,1.0,1.0,3.418288663640321,0.2184961106309421,1.0,2.0,0.125,0.5,9.095953210416686e-06,1.0,0.02040816326530612
0x6a8d09473f35f788de631281f3dcc7356e4487f0196223e1b63264427b040305,1,0x69ea6b31ef305d6b99bb2d4c9d99456fa108b02a,0xbb9bc244d798123fde783fcc1c72d3bb8c189413,2016-06-17 02:41:44+00:00,100000,20000000000,47906,47906,0.0,2100,,50,63201,109941,0.574862880999809,49,5043,6407,0.7871078507882004,137,142,806915,153,0x6a8d09473f35f788de631281f3dcc7356e4487f0196223e1b63264427b040305,640,34,1,32162,48,289251,701,2,0.0,0.0,1,0,0,-0.08603613360022544,0.5689474270242666,0.5686052421997587,0.5662769936044078,-0.21689708050922119,-0.27767119443926913,1.2371132039949957,1.3163758094819356,-0.7863418420006909,1.434691798115852,-0.13613189928935826,0.5688648988605794,0.4409850339734252,0.44218355590938324,-0.4721247308119299,1.0059384305491024,1.073504970152488,-0.4359000264455779,-0.4937419311010188,-0.22684724690636107,-0.11020775375559684,-0.559004234197487,-0.2545015501258215,-0.18463927560711513,-0.41261713431143726,-0.15954685536796617,-0.0,-0.6872762569540996,1.0,1.0,3.418350848827809,0.21849805705751385,0.958041958041958,9.139800285306706,0.006249721160566899,0.09989074449820509,0.005821304154046261,18.823529411764707,0.6938775510204082
0x68555ac7a591d7da15f384816180e749fc9bcc34840029d74c8bc7fedb6dd284,1,0x69ea6b31ef305d6b99bb2d4c9d99456fa108b02a,0xbb9bc244d798123fde783fcc1c72d3bb8c189413,2016-06-17 02:41:44+00:00,100000,20000000000,116684,47778,0.0,2101,,51,63201,109941,0.574862880999809,49,5043,6407,0.7871078507882004,137,142,806915,154,0x68555ac7a591d7da15f384816180e749fc9bcc34840029d74c8bc7fedb6dd284,640,34,1,32162,48,289251,701,2,0.0,0.0,1,0,0,-0.08603613360022544,0.5689474270242666,0.5686052421997587,0.5662769936044078,-0.21689708050922119,-0.27767119443926913,1.2371132039949957,1.333448539943156,-0.7863418420006909,1.434691798115852,-0.13613189928935826,0.5688648988605794,0.4409850339734252,0.44218355590938324,-0.4721247308119299,1.0059384305491024,1.073504970152488,-0.4359000264455779,-0.4937419311010188,-0.22684724690636107,-0.11020775375559684,-0.559004234197487,-0.2545015501258215,-0.18463927560711513,-0.3152606970762567,-0.15976305373556243,-0.0,-0.6871724353381313,1.0,1.0,3.418350848827809,0.21849805705751385,0.958041958041958,9.139800285306706,0.006249721160566899,0.09989074449820509,0.005821304154046261,18.823529411764707,0.6938775510204082
0xcb35104ce30ccdb3a004ac530598a39c9f6ce6663b68ae5908e322a698121373,1,0x75f9e0415ff1abfa7f5ad84073b1ebbdff848dd6,0xbb9bc244d798123fde783fcc1c72d3bb8c189413,2016-06-17 02:43:02+00:00,100000,21000000000,56361,56361,0.0,1,,47,63202,109942,0.5748667479216314,49,3,3,1.0,1,0,26,155,0xcb35104ce30ccdb3a004ac530598a39c9f6ce6663b68ae5908e322a698121373,2,1,1,32162,48,289260,1,2,0.0,0.0,1,0,0,-0.08603613360022544,0.5689874654807129,0.5686280233258059,0.5662769936044078,-0.3540413090777916,-0.3961053757989782,-0.5370494809986712,1.3505212704043763,-0.9153412946175833,-1.05714132492747,-0.13613189928935826,0.5688648988605794,0.4409850339734252,0.44227605555871813,-0.6455051286674657,-0.692958538265985,-0.7272024607248064,-0.4359000264455779,-0.4937419311010188,-0.22684724690636107,-0.11020775375559684,-0.559004234197487,-0.2545015501258215,0.2806083143806392,-0.4006489369689229,-0.14526593975838545,-0.0,-0.9051978288713921,1.0,1.0,3.4183819414215533,0.21849471584485983,1.0,3.0,0.1111111111111111,0.6666666666666666,1.8191410016190354e-05,2.0,0.02040816326530612
0x879994182ed70ff837ce60d8897f9498770cfc10739d967e573ff75b74fab55a,1,0xd748059df8b729ab3be29f8f5280c030bbd6d1cb,0xbb9bc244d798123fde783fcc1c72d3bb8c189413,2016-06-17 02:44:38+00:00,162842,20000000000,47842,47842,0.0,5,,46,63203,109943,0.5748706147731097,49,10,10,1.0,4,43,258460,156,0x879994182ed70ff837ce60d8897f9498770cfc10739d967e573ff75b74fab55a,4,3,1,32162,48,289267,2,2,0.0,0.0,1,0,0,-0.08603613360022544,0.5690275039371592,0.568650804451853,0.5662769936044078,-0.35385083098255743,-0.39597591932341325,-0.49791353941792854,1.3675940008655967,-0.9149369076187842,-0.9061211356521172,-0.13613189928935826,0.5688648988605794,0.4409850339734252,0.442347999730423,-0.6452574423848149,-0.1785038223571909,-0.15046387066924402,-0.4359000264455779,-0.4937419311010188,-0.22684724690636107,-0.11020775375559684,-0.559004234197487,-0.16881105696080934,-0.18463927560711513,-0.4127077274078206,-0.15965495455176432,-0.0,-0.9047825424075192,1.0,1.0,3.4184130340152974,0.218492885490272,0.09090909090909091,5.0,3.869055679580285e-05,0.4,3.6382489107992326e-05,1.3333333333333333,0.061224489795918366
0x29f2f514bc4d9189217e10dead943fae157bfcd7df55db70c28461b611087149,1,0xdf21fa922215b1a56f5a6d6294e6e36c85a0acfb,0xbb9bc244d798123fde783fcc1c72d3bb8c189413,2016-06-17 02:45:19+00:00,47842,20000000000,91102,47842,0.0,18674,,45,63204,109944,0.5748744815542458,49,6296,18679,0.3370630119385406,22,21,125580,157,0x29f2f514bc4d9189217e10dead943fae157bfcd7df55db70c28461b611087149,9295,21,1,32162,48,289273,8817,2,0.0,0.0,1,0,0,-0.08603613360022544,0.5690675423936054,0.5686735855779002,0.5662769936044078,-0.18280150146231272,-0.05071549899168177,-0.2630978899334726,1.384666731326817,0.9636428953021354,0.4530605678260586,-0.13613189928935826,0.5688648988605794,0.4409850339734252,0.44240966616331295,1.538097139181682,-0.44171321189192275,-0.4470077613592582,-0.4359000264455779,-0.4937419311010188,-0.22684724690636107,-0.11020775375559684,-0.559004234197487,-0.3256234867685239,-0.18463927560711513,-0.3514724563212244,-0.15965495455176432,-0.0,1.033463206103169,1.0,1.0,3.4184441266090415,0.21849181053257466,1.0,2.118521038902121,0.05013497264713611,0.49761764548423365,0.08454304009313833,442.6190476190476,0.42857142857142855
0xb8ca527497692a80279d166ae45cde828f0d30d18c45bb272bc9f991b285aecd,1,0xfbb1b73c4f0bda4f67dca266ce6ef42f520fbb98,0xbb9bc244d798123fde783fcc1c72d3bb8c189413,2016-06-17 02:47:13+00:00,227714,20000000000,98714,77714,0.0,30938,,44,63205,109945,0.5748783482650416,49,153069,226266,0.6765002253984249,312,312,1656730,158,0xb8ca527497692a80279d166ae45cde828f0d30d18c45bb272bc9f991b285aecd,9943,49,1,32162,48,289280,10332,2,0.0,0.0,1,0,0,-0.08603613360022544,0.5691075808500516,0.5686963667039472,0.5662769936044078,3.8110615659374445,3.788353271451467,3.520043129538317,1.4017394617880374,1.0946642829130229,2.5673432176809987,-0.13613189928935826,0.5688648988605794,0.4409850339734252,0.4424816103350178,1.9133418573975915,3.039829167862939,2.9700089321236978,-0.4359000264455779,-0.4937419311010188,-0.22684724690636107,-0.11020775375559684,-0.559004234197487,-0.08035248351310446,-0.18463927560711513,-0.340697539920134,-0.10919966051398831,-0.0,2.306731504337412,1.0,1.0,3.418475219202786,0.21848998033054365,0.9968051118210862,21.899535423925666,0.0923921867822839,0.04394385369432438,0.09043612715448633,202.91836734693877,1.0
0xd32897e58b758251cd0c35b3193634f133a9f472f580c7a87911ee043afadcd2,1,0x69ea6b31ef305d6b99bb2d4c9d99456fa108b02a,0xbb9bc244d798123fde783fcc1c72d3bb8c189413,2016-06-17 02:48:03+00:00,100000,20000000000,127303,47906,0.0,2102,,43,63206,109946,0.5748822149054991,49,5044,6408,0.7871410736579276,137,142,806945,159,0xd32897e58b758251cd0c35b3193634f133a9f472f580c7a87911ee043afadcd2,641,34,1,32162,48,289281,701,2,0.0,0.0,1,0,0,-0.08603613360022544,0.5691476193064979,0.5687191478299943,0.5662769936044078,-0.21686986935275918,-0.27765270065704556,1.2371132039949957,1.4188121922492578,-0.7861396485012914,1.434691798115852,-0.13613189928935826,0.5688648988605794,0.4409850339734252,0.44249188807383283,-0.4721247308119299,1.0059384305491024,1.0735719201579115,-0.4359000264455779,-0.4937419311010188,-0.22684724690636107,-0.11020775375559684,-0.559004234197487,-0.2545015501258215,-0.18463927560711513,-0.30022932066228153,-0.15954685536796617,-0.0,-0.6870686137221631,1.0,1.0,3.41850631179653,0.2184926818813476,0.958041958041958,9.141226818830242,0.0062507280536739755,0.10003121098626716,0.005830134793444054,18.852941176470587,0.6938775510204082
0x1955d8302376b611f4af78ae21597a2455bb4267671a37ecb127ac0b83d5552a,1,0xfbb1b73c4f0bda4f67dca266ce6ef42f520fbb98,0xbb9bc244d798123fde783fcc1c72d3bb8c189413,2016-06-17 02:49:18+00:00,197714,20000000000,133614,47714,0.0,30939,,41,63207,109948,0.5748808527667625,49,153070,226267,0.6765016551242559,312,312,1656734,160,0x1955d8302376b611f4af78ae21597a2455bb4267671a37ecb127ac0b83d5552a,9944,49,1,32162,48,289284,10332,2,0.0,0.0,1,0,0,-0.08603613360022544,0.5691876577629442,0.5687647100820886,0.5662769936044078,3.811088777093907,3.788371765233691,3.520043129538317,1.4358849227104782,1.0948664764124225,2.5673432176809987,-0.13613189928935826,0.5688648988605794,0.4409850339734252,0.4425227212902778,1.9133418573975915,3.039829167862939,2.970017858791088,-0.4359000264455779,-0.4937419311010188,-0.22684724690636107,-0.11020775375559684,-0.559004234197487,-0.12126007389772567,-0.18463927560711513,-0.2912959920486082,-0.15987115291936055,-0.0,2.3068353259533803,1.0,1.0,3.4185684969840184,0.21849387282437735,0.9968051118210862,21.89963221060782,0.0923925673085919,0.043948079039365,0.09044275475679413,202.9387755102041,1.0
0x6b16ef5bf24ba8f52ed2c570fdc17a3a4fc0ed1aa6c5d5fc9bc1e7c46d9ba0bb,1,0xdf21fa922215b1a56f5a6d6294e6e36c85a0acfb,0xbb9bc244d798123fde783fcc1c72d3bb8c189413,2016-06-17 02:49:18+00:00,54090,20000000000,223659,27045,0.0,18675,,42,63207,109948,0.5748808527667625,49,6297,18680,0.3370985010706638,22,21,125591,161,0x6b16ef5bf24ba8f52ed2c570fdc17a3a4fc0ed1aa6c5d5fc9bc1e7c46d9ba0bb,9296,21,1,32162,48,289284,8817,2,0.0,0.0,1,0,0,-0.08603613360022544,0.5691876577629442,0.5687647100820886,0.5662769936044078,-0.1827742903058507,-0.050697005209458204,-0.2630978899334726,1.4529576531716986,0.963845088801535,0.4530605678260586,-0.13613189928935826,0.5688648988605794,0.4409850339734252,0.4425227212902778,1.538097139181682,-0.44171321189192275,-0.4469832130239362,-0.4359000264455779,-0.4937419311010188,-0.22684724690636107,-0.11020775375559684,-0.559004234197487,-0.31710379927775345,-0.18463927560711513,-0.16383575198867864,-0.19478212213691518,-0.0,1.033567027719137,1.0,1.0,3.4185684969840184,0.21849387282437735,1.0,2.1186344561642283,0.050138543856296576,0.497644539614561,0.0845490595554262,442.6666666666667,0.42857142857142855
0xde1f6bd0c94d2e5c582c51395c82fd7c2d1ce6c2a9cf21fd8937d6c225855f82,1,0xdf21fa922215b1a56f5a6d6294e6e36c85a0acfb,0xbb9bc244d798123fde783fcc1c72d3bb8c189413,2016-06-17 02:52:44+00:00,47842,20000000000,110842,47842,0.0,18677,,40,63208,109949,0.5748847192789385,49,6299,18682,0.3371694679370517,22,21,125616,162,0xde1f6bd0c94d2e5c582c51395c82fd7c2d1ce6c2a9cf21fd8937d6c225855f82,9297,21,1,32162,48,289309,8818,2,0.0,0.0,1,0,0,-0.08603613360022544,0.5692276962193904,0.5687874912081358,0.5662769936044078,-0.18271986799292667,-0.050660017645011074,-0.2630978899334726,1.470030383632919,0.9640472823009344,0.4530605678260586,-0.13613189928935826,0.5688648988605794,0.4409850339734252,0.44277966476065245,1.5383448254643328,-0.44171321189192275,-0.44692742135274977,-0.4359000264455779,-0.4937419311010188,-0.22684724690636107,-0.11020775375559684,-0.559004234197487,-0.3256234867685239,-0.18463927560711513,-0.323530148155496,-0.15965495455176432,-0.0,1.0337746709510736,1.0,1.0,3.4185995895777626,0.21847844872282327,1.0,2.118621002494897,0.05014448681309058,0.4976447917781822,0.08455738569700498,442.7142857142857,0.42857142857142855
0x55833eb4e2c12583b445b82e7419eacad59335789bc30c6704f2263203525a8e,1,0xdf21fa922215b1a56f5a6d6294e6e36c85a0acfb,0xbb9bc244d798123fde783fcc1c72d3bb8c189413,2016-06-17 02:52:50+00:00,47778,20000000000,68778,47778,0.0,18678,,39,63209,109950,0.5748885857207822,49,6300,18683,0.3372049456725365,22,21,125617,163,0x55833eb4e2c12583b445b82e7419eacad59335789bc30c6704f2263203525a8e,9298,21,1,32162,48,289310,8818,2,0.0,0.0,1,0,0,-0.08603613360022544,0.5692677346758367,0.5688102723341829,0.5662769936044078,-0.18269265683646466,-0.05064152386278751,-0.2630978899334726,1.4871031140941393,0.9642494758003339,0.4530605678260586,-0.13613189928935826,0.5688648988605794,0.4409850339734252,0.44278994249946746,1.5383448254643328,-0.44171321189192275,-0.44692518968590234,-0.4359000264455779,-0.4937419311010188,-0.22684724690636107,-0.11020775375559684,-0.559004234197487,-0.3257107562946778,-0.18463927560711513,-0.38307246075342904,-0.15976305373556243,-0.0,1.033878492567042,1.0,1.0,3.4186306821715067,0.21848115004268762,1.0,2.1187344068949874,0.05015204827333662,0.49767168013702295,0.08456571168713051,442.76190476190476,0.42857142857142855
0xb2701110ae135fa531c7099781f2b6a85d80bef05fa8a0f165608e9ab8b50ced,1,0x33abb9656ca0c95bd935f98030c54d3599517e55,0xbb9bc244d798123fde783fcc1c72d3bb8c189413,2016-06-17 02:53:53+00:00,138214,18182000000,775754,38214,0.0,3,,38,63210,109951,0.5748924520922957,49,8,12,0.6666666666666666,6,47,280778,164,0xb2701110ae135fa531c7099781f2b6a85d80bef05fa8a0f165608e9ab8b50ced,4,3,1,32162,48,289315,1,2,0.0,0.0,1,0,0,-0.08603613360022544,0.569307773132283,0.56883305346023,0.5662769936044078,-0.35390525329548145,-0.3959389317589661,-0.47182291169743346,1.5041758445553597,-0.9149369076187842,-0.9061211356521172,-0.13613189928935826,0.5688648988605794,0.4409850339734252,0.44284133119354235,-0.6455051286674657,-0.13064756971451238,-0.10065752996771077,-0.4359000264455779,-0.4937419311010188,-0.22684724690636107,-0.11020775375559684,-0.559004234197487,-0.20239346149389104,-1.0304593942048526,0.6176641784448469,-0.1759171255143951,-0.0,-0.9049901856394557,1.0,1.0,3.418661774765251,0.21848083064884072,0.125,12.0,2.8492159313908803e-05,0.3333333333333333,3.637984192958682e-05,1.3333333333333333,0.061224489795918366
0xb5e3954118b564c6d14c7440ea2d0002280fc8d3f9b59e923fde49bdf3066c59,1,0x69ea6b31ef305d6b99bb2d4c9d99456fa108b02a,0xbb9bc244d798123fde783fcc1c72d3bb8c189413,2016-06-17 02:55:09+00:00,100000,20000000000,77778,77778,0.0,2103,,37,63211,109952,0.5748963183934808,49,5045,6409,0.7871742861600873,137,142,806985,165,0xb5e3954118b564c6d14c7440ea2d0002280fc8d3f9b59e923fde49bdf3066c59,642,34,1,32162,48,289321,701,2,0.0,0.0,1,0,0,-0.08603613360022544,0.5693478115887292,0.5688558345862771,0.5662769936044078,-0.21684265819629717,-0.27763420687482204,1.2371132039949957,1.52124857501658,-0.7859374550018918,1.434691798115852,-0.13613189928935826,0.5688648988605794,0.4409850339734252,0.4429029976264323,-0.4721247308119299,1.0059384305491024,1.0736611868318098,-0.4359000264455779,-0.4937419311010188,-0.22684724690636107,-0.11020775375559684,-0.559004234197487,-0.2545015501258215,-0.18463927560711513,-0.37033280657452555,-0.1090915613301902,-0.0,-0.6869647921061949,1.0,1.0,3.418692867358995,0.21847975611947934,0.958041958041958,9.142653352353781,0.006251657401739312,0.10017163364019348,0.005838911525029104,18.88235294117647,0.6938775510204082
0xdfba386dc322db742678b902da26a22edb695a4712a5034dbd9c3385055714be,1,0x3a500d34357c2b6f2891f60dc00eb20d4e0f03fe,0xbb9bc244d798123fde783fcc1c72d3bb8c189413,2016-06-17 02:57:59+00:00,150000,21000000000,98778,77778,0.0,2,,36,63212,109953,0.5749001846243394,49,4,4,1.0,2,17,100638,166,0xdfba386dc322db742678b902da26a22edb695a4712a5034dbd9c3385055714be,3,1,1,32162,48,289331,1,2,0.0,0.0,1,0,0,-0.08603613360022544,0.5693878500451754,0.5688786157123242,0.5662769936044078,-0.35401409792132954,-0.3960868820167546,-0.5240041671384237,1.5383213054778004,-0.9151391011181838,-1.05714132492747,-0.13613189928935826,0.5688648988605794,0.4409850339734252,0.44300577501458216,-0.6455051286674657,-0.48956946453460126,-0.5026699958685172,-0.4359000264455779,-0.4937419311010188,-0.22684724690636107,-0.11020775375559684,-0.559004234197487,-0.18632223281811952,0.2806083143806392,-0.3406069468237507,-0.1090915613301902,-0.0,-0.9050940072554239,1.0,1.0,3.4187239599527395,0.2184756611781621,0.1111111111111111,4.0,3.974602291358221e-05,0.75,2.7284385146380725e-05,3.0,0.02040816326530612
0x46f82fdc806273a0e7b43dfe0bea332d85ebe175a8068c452087e5754e89fb3d,1,0x15f44ba0dcdb8e8f440e2c2ce5071e53589490c2,0xbb9bc244d798123fde783fcc1c72d3bb8c189413,2016-06-17 02:58:31+00:00,91216,20000000000,66608,45608,0.0,0,,35,63213,109954,0.5749040507848737,49,2,2,1.0,1,0,29,167,0x46f82fdc806273a0e7b43dfe0bea332d85ebe175a8068c452087e5754e89fb3d,1,1,1,32163,48,289333,1,2,0.0,0.0,1,0,0,-0.08603613360022544,0.5694278885016217,0.5689013968383714,0.5662769936044078,-0.35406852023425356,-0.39612386958120177,-0.5370494809986712,1.5553940359390208,-0.9155434881169827,-1.05714132492747,-0.13613189928935826,0.5689373183449602,0.4409850339734252,0.44302633049221213,-0.6455051286674657,-0.692958538265985,-0.727195765724264,-0.4359000264455779,-0.4937419311010188,-0.22684724690636107,-0.11020775375559684,-0.559004234197487,-0.26647929259043857,-0.18463927560711513,-0.3861441329276758,-0.1634282916862177,-0.0,-0.9053016504873603,1.0,1.0,3.4186487578895,0.21847760719445347,1.0,2.0,0.06666666666666667,0.5,9.094712334248868e-06,1.0,0.02040816326530612
0x670916c175efa1b5c8574c660be837402080940882003c4ba6df1836e8eb7800,1,0xdf21fa922215b1a56f5a6d6294e6e36c85a0acfb,0xbb9bc244d798123fde783fcc1c72d3bb8c189413,2016-06-17 03:00:22+00:00,54154,20000000000,90077,27077,0.0,18679,,34,63214,109955,0.5749079168750852,49,6301,18684,0.33724041961036183,22,21,125649,168,0x670916c175efa1b5c8574c660be837402080940882003c4ba6df1836e8eb7800,9299,21,1,32163,48,289342,8818,2,0.0,0.0,1,0,0,-0.08603613360022544,0.569467926958068,0.5689241779644185,0.5662769936044078,-0.18266544568000265,-0.050623030080563944,-0.2630978899334726,1.5724667664002412,0.9644516692997335,0.4530605678260586,-0.13613189928935826,0.5689373183449602,0.4409850339734252,0.443118830141547,1.5383448254643328,-0.44171321189192275,-0.4468537763467837,-0.4359000264455779,-0.4937419311010188,-0.22684724690636107,-0.11020775375559684,-0.559004234197487,-0.3170165297515996,-0.18463927560711513,-0.3529233613804884,-0.19472807254501612,-0.0,1.03398231418301,1.0,1.0,3.418679849516525,0.21847426756479335,1.0,2.1188478112950784,0.05014723438121767,0.49769856561764075,0.08457096084761948,442.8095238095238,0.42857142857142855
0xd51636b40402a838edfcab1ed113ea106c13ec6e02e773b165a6bcf57e8265e7,1,0x69ea6b31ef305d6b99bb2d4c9d99456fa108b02a,0xbb9bc244d798123fde783fcc1c72d3bb8c189413,2016-06-17 03:02:32+00:00,100000,20000000000,47906,47906,0.0,2104,,32,63215,109956,0.5749117828949761,49,5047,6413,0.7869951660689225,137,142,807017,169,0xd51636b40402a838edfcab1ed113ea106c13ec6e02e773b165a6bcf57e8265e7,643,34,1,32163,48,289353,701,2,0.0,0.0,1,0,0,-0.08603613360022544,0.5695079654145142,0.5689469590904657,0.5662769936044078,-0.21678823588337312,-0.27756023174592775,1.2371132039949957,1.5895394968614616,-0.7857352615024924,1.434691798115852,-0.13613189928935826,0.5689373183449602,0.4409850339734252,0.44323188526851187,-0.4721247308119299,1.0059384305491024,1.0737326001709284,-0.4359000264455779,-0.4937419311010188,-0.22684724690636107,-0.11020775375559684,-0.559004234197487,-0.2545015501258215,-0.18463927560711513,-0.41261713431143726,-0.15954685536796617,-0.0,-0.6868609704902267,1.0,1.0,3.41871094114355,0.21846941808304016,0.958041958041958,9.148359486447932,0.006253887769541696,0.10026508654295961,0.0058477936629197135,18.91176470588235,0.6938775510204082
0xc7c64aee6a66a69a2d510e3056d7ae0fa792e13b0390c915dddd77becf23e65e,1,0xdf21fa922215b1a56f5a6d6294e6e36c85a0acfb,0xbb9bc244d798123fde783fcc1c72d3bb8c189413,2016-06-17 03:03:55+00:00,62778,20000000000,169201,62778,0.0,18680,,31,63216,109957,0.5749156488445484,49,6302,18685,0.33727588975113726,22,21,125667,170,0xc7c64aee6a66a69a2d510e3056d7ae0fa792e13b0390c915dddd77becf23e65e,9300,21,1,32163,48,289360,8818,2,0.0,0.0,1,0,0,-0.08603613360022544,0.5695480038709605,0.5689697402165128,0.5662769936044078,-0.1826382345235406,-0.050604536298340386,-0.2630978899334726,1.606612227322682,0.964653862799133,0.4530605678260586,-0.13613189928935826,0.5689373183449602,0.4409850339734252,0.4433038294402168,1.5383448254643328,-0.44171321189192275,-0.4468136063435295,-0.4359000264455779,-0.4937419311010188,-0.22684724690636107,-0.11020775375559684,-0.559004234197487,-0.30525696110236716,-0.18463927560711513,-0.24092198390809275,-0.13442730753287632,-0.0,1.0340861357989783,1.0,1.0,3.418742032770575,0.21846758892870843,1.0,2.118961215695169,0.05014800903969189,0.49772544822049775,0.08457851705666761,442.85714285714283,0.42857142857142855
0x28ac8dcc7bab26bd449e9917265026b026c067af100cab9d7f60bc60ad52afb0,1,0x0a9de66f5fda96a5b40d1ca9cd18bfb298c67d1c,0xbb9bc244d798123fde783fcc1c72d3bb8c189413,2016-06-17 03:04:19+00:00,90000,20000000000,125778,62778,0.0,152,,30,63217,109958,0.5749195147238036,49,147,155,0.9483870967741935,22,22,130161,171,0x28ac8dcc7bab26bd449e9917265026b026c067af100cab9d7f60bc60ad52afb0,138,20,1,32163,48,289363,2,2,0.0,0.0,1,0,0,-0.08603613360022544,0.5695880423274068,0.5689925213425598,0.5662769936044078,-0.350122902547261,-0.39329432090099636,-0.2630978899334726,1.6236849577839023,-0.8878429786992488,0.37755047318838214,-0.13613189928935826,0.5689373183449602,0.4409850339734252,0.4433346626566617,-0.6452574423848149,-0.42974914873125314,-0.4367844955310602,-0.4359000264455779,-0.4937419311010188,-0.22684724690636107,-0.11020775375559684,-0.559004234197487,-0.2681374135873619,-0.18463927560711513,-0.30238798428704017,-0.13442730753287632,-0.0,-0.8895207648601909,1.0,1.0,3.4187731243975996,0.2184687798067486,0.9565217391304348,77.5,0.0011293618721285783,0.8903225806451613,0.0012550246457738409,6.9,0.40816326530612246
0xb2093bd910f21022e594398cb6e2e17069fa9829b9f05f2faf8e6503c63d3008,1,0xdf21fa922215b1a56f5a6d6294e6e36c85a0acfb,0xbb9bc244d798123fde783fcc1c72d3bb8c189413,2016-06-17 03:07:46+00:00,47842,20000000000,112265,47842,0.0,18681,,29,63218,109959,0.574923380532744,49,6303,18686,0.3373113560954725,22,21,125683,172,0xb2093bd910f21022e594398cb6e2e17069fa9829b9f05f2faf8e6503c63d3008,9301,21,1,32163,48,289376,8818,2,0.0,0.0,1,0,0,-0.08603613360022544,0.569628080783853,0.569015302468607,0.5662769936044078,-0.1826110233670786,-0.05058604251611682,-0.2630978899334726,1.6407576882451227,0.9648560562985325,0.4530605678260586,-0.13613189928935826,0.5689373183449602,0.4409850339734252,0.44346827326125654,1.5383448254643328,-0.44171321189192275,-0.4467778996739702,-0.4359000264455779,-0.4937419311010188,-0.22684724690636107,-0.11020775375559684,-0.559004234197487,-0.3256234867685239,-0.18463927560711513,-0.3215158672780983,-0.15965495455176432,-0.0,1.0341899574149465,1.0,1.0,3.4188042160246246,0.21846242099406657,1.0,2.1190746200952595,0.05014958149008625,0.4977523279460559,0.08458607299084205,442.9047619047619,0.42857142857142855
0x7efea691e77e48cadd09465ef165d149f627c8be0d41a6dd3818529a955bc09e,1,0x02cfa54763b9fef0ad2e9e2de05939d9793f3f8f,0xbb9bc244d798123fde783fcc1c72d3bb8c189413,2016-06-17 03:09:54+00:00,150000,21000000000,41575,41575,0.0,1,,28,63219,109960,0.5749272462713714,49,3,3,1.0,2,9,50537,173,0x7efea691e77e48cadd09465ef165d149f627c8be0d41a6dd3818529a955bc09e,2,2,1,32163,48,289389,1,2,0.0,0.0,1,0,0,-0.08603613360022544,0.5696681192402993,0.5690380835946541,0.5662769936044078,-0.3540413090777916,-0.3961053757989782,-0.5240041671384237,1.657830418706343,-0.9153412946175833,-0.9816312302897935,-0.13613189928935826,0.5689373183449602,0.4409850339734252,0.44360188386585137,-0.6455051286674657,-0.5852819698199583,-0.6144787365929332,-0.4359000264455779,-0.4937419311010188,-0.22684724690636107,-0.11020775375559684,-0.559004234197487,-0.18632223281811952,0.2806083143806392,-0.42157877326773036,-0.17024022931524657,-0.0,-0.9051978288713921,1.0,1.0,3.4188353076516496,0.2184560627526867,0.2,3.0,5.936127270568681e-05,0.6666666666666666,1.8188432157148055e-05,1.0,0.04081632653061224
0x64436aaf10eee97b406bd43242b8043cfd7ea9411061e36310ef92a3319601f8,1,0x969837498944ae1dc0dcac2d0c65634c88729b2d,0xbb9bc244d798123fde783fcc1c72d3bb8c189413,2016-06-17 03:10:30+00:00,4000000,20000000000,32906,32906,0.0,6,,27,63220,109961,0.5749311119396877,49,10,11,0.9090909090909091,4,3,13636,174,0x64436aaf10eee97b406bd43242b8043cfd7ea9411061e36310ef92a3319601f8,3,2,1,32163,48,289393,3,2,0.0,0.0,1,0,0,-0.08603613360022544,0.5697081576967455,0.5690608647207013,0.5662769936044078,-0.35385083098255743,-0.3959574255411897,-0.49791353941792854,1.6749031491675634,-0.9151391011181838,-0.9816312302897935,-0.13613189928935826,0.5689373183449602,0.4409850339734252,0.44364299482111136,-0.6450097561021642,-0.6570663487839761,-0.696829474930924,-0.4359000264455779,-0.4937419311010188,-0.22684724690636107,-0.11020775375559684,-0.559004234197487,5.0634851998749335,-0.18463927560711513,-0.43384989127627643,-0.1848826015706523,-0.0,-0.904678720791551,1.0,1.0,3.418866399278674,0.2184564987525657,1.0,3.6666666666666665,0.0007332991127080736,0.2727272727272727,2.7282400123680215e-05,1.5,0.04081632653061224
0xa2dc3559f2a4e4efa051d85ab8921d4683dc164e6e34d40a91002d9219d712d4,1,0xc537edcd70edf7759adeaaea12730b62be7f6a6f,0xbb9bc244d798123fde783fcc1c72d3bb8c189413,2016-06-17 03:13:12+00:00,100000,21000000000,91925,70925,0.0,12,,26,63221,109962,0.5749349775376948,49,27,27,1.0,16,48,288309,175,0xa2dc3559f2a4e4efa051d85ab8921d4683dc164e6e34d40a91002d9219d712d4,3,2,1,32163,48,289404,2,2,0.0,0.0,1,0,0,-0.08603613360022544,0.5697481961531917,0.5690836458467484,0.5662769936044078,-0.35338824132270313,-0.39566152502561264,-0.3413697730949579,1.6919758796287838,-0.9151391011181838,-0.9816312302897935,-0.13613189928935826,0.5689373183449602,0.4409850339734252,0.4437560499480762,-0.6452574423848149,-0.11868350655384274,-0.08385084693951618,-0.4359000264455779,-0.4937419311010188,-0.22684724690636107,-0.11020775375559684,-0.559004234197487,-0.2545015501258215,0.2806083143806392,-0.3503074857224202,-0.12066661924532406,-0.0,-0.9040557910957416,1.0,1.0,3.418897490905699,0.2184516508007809,0.32653061224489793,13.5,9.364919704484756e-05,0.1111111111111111,2.7282152016151034e-05,1.5,0.04081632653061224
0xe4615346f1a521e0f1f874b349f6fe57baec341bfb56c98c216d79e0bb1b7292,1,0xc537edcd70edf7759adeaaea12730b62be7f6a6f,0xbb9bc244d798123fde783fcc1c72d3bb8c189413,2016-06-17 03:13:38+00:00,100000,23000000000,51249,51249,0.0,13,,23,63222,109963,0.5749388430653948,49,28,28,1.0,16,48,288313,176,0xe4615346f1a521e0f1f874b349f6fe57baec341bfb56c98c216d79e0bb1b7292,4,2,1,32163,48,289408,2,2,0.0,0.0,1,0,0,-0.08603613360022544,0.569788234609638,0.5691064269727956,0.5662769936044078,-0.3533610301662411,-0.39564303124338907,-0.3413697730949579,1.7090486100900042,-0.9149369076187842,-0.9816312302897935,-0.13613189928935826,0.5689373183449602,0.4409850339734252,0.44379716090333615,-0.6452574423848149,-0.11868350655384274,-0.08384192027212635,-0.4359000264455779,-0.4937419311010188,-0.22684724690636107,-0.11020775375559684,-0.559004234197487,-0.2545015501258215,1.2111034943561478,-0.4078850605425401,-0.15390036206426086,-0.0,-0.9039519694797734,1.0,1.0,3.418928582532724,0.21845208683904094,0.32653061224489793,14.0,9.711633843656569e-05,0.14285714285714285,3.6375871884179224e-05,2.0,0.04081632653061224
0x8f96f473ad361469597f77771ae037b64c8e95915c678a6a472e72804bce98d0,1,0xfbb1b73c4f0bda4f67dca266ce6ef42f520fbb98,0xbb9bc244d798123fde783fcc1c72d3bb8c189413,2016-06-17 03:15:33+00:00,227842,23132739293,350842,77842,0.0,30941,,21,63223,109964,0.5749427085227893,49,153084,226282,0.6765186802308624,312,312,1656863,177,0x8f96f473ad361469597f77771ae037b64c8e95915c678a6a472e72804bce98d0,9945,49,1,32163,48,289413,10332,2,0.0,0.0,1,0,0,-0.08603613360022544,0.5698282730660843,0.5691292080988427,0.5662769936044078,3.8114697332843748,3.788649171967044,3.520043129538317,1.7261213405512246,1.095068669911822,2.5673432176809987,-0.13613189928935826,0.5689373183449602,0.4409850339734252,0.44384854959741105,1.9133418573975915,3.039829167862939,2.97030574381441,-0.4359000264455779,-0.4937419311010188,-0.22684724690636107,-0.11020775375559684,-0.559004234197487,-0.08017794446079675,1.2728601305210763,0.016193963281930724,-0.10898346214639207,-0.0,2.3070429691853165,1.0,1.0,3.418959674159749,0.21845176805544997,0.9968051118210862,21.90108401084011,0.09239382351237035,0.043949585031067426,0.09043868902549926,202.9591836734694,1.0
0x657082d43bae34faa7a95a91effd605d9437a93d4dce3af589ed9614e4f288fb,1,0x69ea6b31ef305d6b99bb2d4c9d99456fa108b02a,0xbb9bc244d798123fde783fcc1c72d3bb8c189413,2016-06-17 03:16:04+00:00,100000,22865880279,90788,47778,0.0,2105,,20,63224,109965,0.5749465739098805,49,5048,6414,0.7870283754287496,137,142,807079,178,0x657082d43bae34faa7a95a91effd605d9437a93d4dce3af589ed9614e4f288fb,644,34,1,32163,48,289415,701,2,0.0,0.0,1,0,0,-0.08603613360022544,0.5698683115225306,0.5691519892248897,0.5662769936044078,-0.2167610247269111,-0.2775417379637042,1.2371132039949957,1.743194071012445,-0.7855330680030929,1.434691798115852,-0.13613189928935826,0.5689373183449602,0.4409850339734252,0.443869105075041,-0.4721247308119299,1.0059384305491024,1.0738709635154708,-0.4359000264455779,-0.4937419311010188,-0.22684724690636107,-0.11020775375559684,-0.559004234197487,-0.2545015501258215,1.1487046173910678,-0.351916928700355,-0.15976305373556243,-0.0,-0.6867571488742584,1.0,1.0,3.4189907657867735,0.21845371368549077,0.958041958041958,9.149786019971469,0.006254646379541062,0.10040536326785157,0.0058564088573637065,18.941176470588236,0.6938775510204082
0xe7a84bf25237530ecf4e1b396f6940c5beab182cdad15fa80f10492c7e2e7d16,1,0xb24c71e8951a4df2d35d8cee626afe1dcaf5717f,0xbb9bc244d798123fde783fcc1c72d3bb8c189413,2016-06-17 03:21:33+00:00,91216,20000000000,650421,45608,0.0,0,,16,63225,109966,0.5749504392266701,49,2,2,1.0,1,0,26,179,0xe7a84bf25237530ecf4e1b396f6940c5beab182cdad15fa80f10492c7e2e7d16,1,1,1,32164,48,289436,1,2,0.0,0.0,1,0,0,-0.08603613360022544,0.5699083499789768,0.5691747703509369,0.5662769936044078,-0.35406852023425356,-0.39612386958120177,-0.5370494809986712,1.7602668014736653,-0.9155434881169827,-1.05714132492747,-0.13613189928935826,0.569009737829341,0.4409850339734252,0.44408493759015577,-0.6455051286674657,-0.692958538265985,-0.7272024607248064,-0.4359000264455779,-0.4937419311010188,-0.22684724690636107,-0.11020775375559684,-0.559004234197487,-0.26647929259043857,-0.18463927560711513,0.4402531698665677,-0.1634282916862177,-0.0,-0.9053016504873603,1.0,1.0,3.418915557766447,0.21844131883622342,1.0,2.0,0.07407407407407407,0.5,9.093719877052907e-06,1.0,0.02040816326530612
0x3186ada4ae95d16dee6155a7fc08669d490fadb740af502c65234caec6e38f19,1,0xdf21fa922215b1a56f5a6d6294e6e36c85a0acfb,0xbb9bc244d798123fde783fcc1c72d3bb8c189413,2016-06-17 03:22:58+00:00,47842,20000000000,656842,47842,0.0,18683,,15,63226,109967,0.5749543044731601,49,6305,18688,0.3373822773972603,22,21,125746,180,0x3186ada4ae95d16dee6155a7fc08669d490fadb740af502c65234caec6e38f19,9302,21,1,32164,48,289439,8819,2,0.0,0.0,1,0,0,-0.08603613360022544,0.5699483884354231,0.569197551476984,0.5662769936044078,-0.18255660105415455,-0.05054905495166969,-0.2630978899334726,1.7773395319348857,0.9650582497979321,0.4530605678260586,-0.13613189928935826,0.569009737829341,0.4409850339734252,0.4441157708066007,1.5385925117469836,-0.44171321189192275,-0.44663730466258045,-0.4359000264455779,-0.4937419311010188,-0.22684724690636107,-0.11020775375559684,-0.559004234197487,-0.3256234867685239,-0.18463927560711513,0.44934220536464986,-0.15965495455176432,-0.0,1.034397600646883,1.0,1.0,3.4189466484268127,0.21844250967385295,1.0,2.119061118040594,0.05014036120146007,0.4977525684931507,0.08458901306755663,442.95238095238096,0.42857142857142855
0x787e0bce8ac37912962adafc7a81525e8892fed21fc40d619841cfef600dd0ac,1,0xfbb1b73c4f0bda4f67dca266ce6ef42f520fbb98,0xbb9bc244d798123fde783fcc1c72d3bb8c189413,2016-06-17 03:23:37+00:00,227714,20000000000,497935,77714,0.0,30943,,14,63227,109970,0.5749477130126398,49,153091,226293,0.6765167283124092,312,312,1656891,181,0x787e0bce8ac37912962adafc7a81525e8892fed21fc40d619841cfef600dd0ac,9947,49,1,32164,48,289441,10332,2,0.0,0.0,1,0,0,-0.08603613360022544,0.5699884268918693,0.5692658948551255,0.5662769936044078,3.811660211379609,3.7888526035715033,3.520043129538317,1.794412262396106,1.095473056910621,2.5673432176809987,-0.13613189928935826,0.569009737829341,0.4409850339734252,0.4441363262842307,1.9133418573975915,3.039829167862939,2.9703682304861383,-0.4359000264455779,-0.4937419311010188,-0.22684724690636107,-0.11020775375559684,-0.559004234197487,-0.08035248351310446,-0.18463927560711513,0.22440662463053662,-0.10919966051398831,-0.0,2.307250612417253,1.0,1.0,3.4190399204079096,0.2184444551930957,0.9968051118210862,21.902148664343787,0.0923964869164677,0.04395628676096919,0.09045194143857416,203.0,1.0
0x86db1aa2e08df677fb1bb3bbc9fa11a3a2501f139b3900b135310f02c6b608cb,1,0xdde8dca30a39ba424ace2935a74d77d84bd7b4d0,0xbb9bc244d798123fde783fcc1c72d3bb8c189413,2016-06-17 03:23:37+00:00,150000,21000000000,98714,77714,0.0,4,,12,63227,109970,0.5749477130126398,49,7,7,1.0,3,2,11251,182,0x86db1aa2e08df677fb1bb3bbc9fa11a3a2501f139b3900b135310f02c6b608cb,2,2,1,32164,48,289441,4,2,0.0,0.0,1,0,0,-0.08603613360022544,0.5699884268918693,0.5692658948551255,0.5662769936044078,-0.3539324644519435,-0.39603140067008397,-0.5109588532781761,1.8114849928573264,-0.9153412946175833,-0.9816312302897935,-0.13613189928935826,0.569009737829341,0.4409850339734252,0.4441363262842307,-0.6447620698195133,-0.6690304119446457,-0.7021520003621077,-0.4359000264455779,-0.4937419311010188,-0.22684724690636107,-0.11020775375559684,-0.559004234197487,-0.18632223281811952,0.2806083143806392,-0.340697539920134,-0.10919966051398831,-0.0,-0.9048863640234874,1.0,1.0,3.4190399204079096,0.2184444551930957,1.0,1.75,0.000622111624600071,0.2857142857142857,1.81867782122397e-05,1.0,0.04081632653061224
0xb5e7458ff2818fae61c42739cd1b0274ebc835188e78c31c82716f5376e34a53,1,0xfbb1b73c4f0bda4f67dca266ce6ef42f520fbb98,0xbb9bc244d798123fde783fcc1c72d3bb8c189413,2016-06-17 03:23:37+00:00,227650,20000000000,596585,77650,0.0,30944,,13,63227,109970,0.5749477130126398,49,153091,226293,0.6765167283124092,312,312,1656891,183,0xb5e7458ff2818fae61c42739cd1b0274ebc835188e78c31c82716f5376e34a53,9947,49,1,32164,48,289441,10332,2,0.0,0.0,1,0,0,-0.08603613360022544,0.5699884268918693,0.5692658948551255,0.5662769936044078,3.811660211379609,3.7888526035715033,3.520043129538317,1.8285577233185468,1.095473056910621,2.5673432176809987,-0.13613189928935826,0.569009737829341,0.4409850339734252,0.4441363262842307,1.9133418573975915,3.039829167862939,2.9703682304861383,-0.4359000264455779,-0.4937419311010188,-0.22684724690636107,-0.11020775375559684,-0.559004234197487,-0.08043975303925834,-0.18463927560711513,0.3640473896026289,-0.10930775969778644,-0.0,2.307354434033221,1.0,1.0,3.4190399204079096,0.2184444551930957,0.9968051118210862,21.902148664343787,0.0923964869164677,0.04395628676096919,0.09045194143857416,203.0,1.0
0xf287481f40a175c9988dd37efcacee9b615a5f26d37382cbdc3394afd3066163,1,0xdf21fa922215b1a56f5a6d6294e6e36c85a0acfb,0xbb9bc244d798123fde783fcc1c72d3bb8c189413,2016-06-17 03:26:12+00:00,54090,20000000000,27045,27045,0.0,18684,,10,63228,109971,0.5749515781433286,49,6306,18689,0.3374177323559313,22,21,125758,184,0xf287481f40a175c9988dd37efcacee9b615a5f26d37382cbdc3394afd3066163,9303,21,1,32164,48,289451,8819,2,0.0,0.0,1,0,0,-0.08603613360022544,0.5700284653483155,0.5692886759811725,0.5662769936044078,-0.18252938989769255,-0.050530561169446125,-0.2630978899334726,1.8456304537797672,0.9652604432973315,0.4530605678260586,-0.13613189928935826,0.569009737829341,0.4409850339734252,0.44423910367238056,1.5385925117469836,-0.44171321189192275,-0.44661052466041096,-0.4359000264455779,-0.4937419311010188,-0.22684724690636107,-0.11020775375559684,-0.559004234197487,-0.31710379927775345,-0.18463927560711513,-0.4421462371810046,-0.19478212213691518,-0.0,1.034501422262851,1.0,1.0,3.419071011068275,0.21844036316902285,1.0,2.119174509581585,0.05014352849497849,0.4977794424527797,0.08459502959871239,443.0,0.42857142857142855
0x86aba14ee9f3e8d07b593302821b829eb2cd813906ccc7d0ef3d0d7792320adf,1,0xdf21fa922215b1a56f5a6d6294e6e36c85a0acfb,0xbb9bc244d798123fde783fcc1c72d3bb8c189413,2016-06-17 03:30:13+00:00,77906,20000000000,488821,77906,0.0,18686,,8,63229,109973,0.5749502150527857,49,6307,18691,0.33743512920657,22,21,125776,185,0x86aba14ee9f3e8d07b593302821b829eb2cd813906ccc7d0ef3d0d7792320adf,9305,21,1,32164,48,289469,8819,2,0.0,0.0,1,0,0,-0.08603613360022544,0.5700685038047618,0.5693342382332668,0.5662769936044078,-0.18250217874123054,-0.050493573604998995,-0.2630978899334726,1.8627031842409876,0.9656648302961306,0.4530605678260586,-0.13613189928935826,0.569009737829341,0.4409850339734252,0.44442410297105034,1.5385925117469836,-0.44171321189192275,-0.4465703546571567,-0.4359000264455779,-0.4937419311010188,-0.22684724690636107,-0.11020775375559684,-0.559004234197487,-0.28462862685774887,-0.18463927560711513,0.21150560149870035,-0.10887536296259394,-0.0,1.0347090654947875,1.0,1.0,3.4191331923890065,0.21843023456662175,1.0,2.1194012926635675,0.05014430301247446,0.49783318174522495,0.08461167741172833,443.0952380952381,0.42857142857142855
0x0d985de8e27e50527c966c4466d13cedc13a4271c6dad6bf2baae1b73526da28,1,0xdf21fa922215b1a56f5a6d6294e6e36c85a0acfb,0xbb9bc244d798123fde783fcc1c72d3bb8c189413,2016-06-17 03:30:13+00:00,77778,20000000000,389915,77778,0.0,18685,,9,63229,109973,0.5749502150527857,49,6307,18691,0.33743512920657,22,21,125776,186,0x0d985de8e27e50527c966c4466d13cedc13a4271c6dad6bf2baae1b73526da28,9305,21,1,32164,48,289469,8819,2,0.0,0.0,1,0,0,-0.08603613360022544,0.5700685038047618,0.5693342382332668,0.5662769936044078,-0.18250217874123054,-0.050493573604998995,-0.2630978899334726,1.879775914702208,0.9656648302961306,0.4530605678260586,-0.13613189928935826,0.569009737829341,0.4409850339734252,0.44442410297105034,1.5385925117469836,-0.44171321189192275,-0.4465703546571567,-0.4359000264455779,-0.4937419311010188,-0.22684724690636107,-0.11020775375559684,-0.559004234197487,-0.28480316591005655,-0.18463927560711513,0.07150246414107479,-0.1090915613301902,-0.0,1.0346052438788194,1.0,1.0,3.4191331923890065,0.21843023456662175,1.0,2.1194012926635675,0.05014430301247446,0.49783318174522495,0.08461167741172833,443.0952380952381,0.42857142857142855
0x4e43ea4329d299bd7acfa3dc5f0a34812749df095afeab8484aa73f6bbaa3877,1,0xcb9b5103e4ce89af4f64916150bff9eecb9faa5c,0xbb9bc244d798123fde783fcc1c72d3bb8c189413,2016-06-17 03:33:12+00:00,90000,20000000000,104650,62650,0.0,32,,5,63230,109974,0.5749540800552858,49,38,39,0.9743589743589743,23,301,1597859,187,0x4e43ea4329d299bd7acfa3dc5f0a34812749df095afeab8484aa73f6bbaa3877,5,3,1,32164,48,289479,13,2,0.0,0.0,1,0,0,-0.08603613360022544,0.5701085422612081,0.5693570193593139,0.5662769936044078,-0.35308891860162095,-0.3954395996389299,-0.25005257607322506,1.8968486451634283,-0.9147347141193847,-0.9061211356521172,-0.13613189928935826,0.569009737829341,0.4409850339734252,0.4445268803592002,-0.6425328932756564,2.9082244730955735,2.838628473147089,-0.4359000264455779,-0.4937419311010188,-0.22684724690636107,-0.11020775375559684,-0.559004234197487,-0.2681374135873619,-0.18463927560711513,-0.33229503023058166,-0.13464350590047255,-0.0,-0.9019793587763772,1.0,1.0,3.419164283049372,0.2184261434295979,0.076158940397351,3.0,2.378180816842527e-05,0.1282051282051282,4.5465291796242746e-05,1.6666666666666667,0.061224489795918366
0xb20fbfb97815eb9c9fa95d9085ec8bf48c568c38bf970af279823e399a248faf,1,0xdf21fa922215b1a56f5a6d6294e6e36c85a0acfb,0xbb9bc244d798123fde783fcc1c72d3bb8c189413,2016-06-17 03:33:43+00:00,47842,20000000000,47842,47842,0.0,18687,,4,63231,109975,0.5749579449874972,49,6308,18692,0.33747057564733574,22,21,125790,188,0xb20fbfb97815eb9c9fa95d9085ec8bf48c568c38bf970af279823e399a248faf,9306,21,1,32164,48,289483,8819,2,0.0,0.0,1,0,0,-0.08603613360022544,0.5701485807176544,0.5693798004853611,0.5662769936044078,-0.1824749675847685,-0.05047507982277543,-0.2630978899334726,1.9139213756246485,0.9658670237955301,0.4530605678260586,-0.13613189928935826,0.569009737829341,0.4409850339734252,0.4445679913144601,1.5385925117469836,-0.44171321189192275,-0.44653911132129237,-0.4359000264455779,-0.4937419311010188,-0.22684724690636107,-0.11020775375559684,-0.559004234197487,-0.3256234867685239,-0.18463927560711513,-0.4127077274078206,-0.15965495455176432,-0.0,1.0348128871107558,1.0,1.0,3.4191953737097376,0.21842657970734133,1.0,2.1195146842045585,0.050146671860466965,0.49786004707896425,0.08461923164355535,443.14285714285717,0.42857142857142855
0xfac7db4cf96cd5599347e172f67b7b49d2625a7b15783b261920af2908251f16,1,0x417403ab1b79b67070ee8b6b58e76500fca99003,0xbb9bc244d798123fde783fcc1c72d3bb8c189413,2016-06-17 03:34:18+00:00,170925,20000000000,280925,70925,0.0,0,,3,63232,109976,0.5749618098494217,49,3,3,1.0,1,0,520,189,0xfac7db4cf96cd5599347e172f67b7b49d2625a7b15783b261920af2908251f16,1,1,1,32165,48,289488,1,2,0.0,0.0,1,0,0,-0.08603613360022544,0.5701886191741006,0.5694025816114082,0.5662769936044078,-0.3540413090777916,-0.3961053757989782,-0.5370494809986712,1.9309941060858689,-0.9155434881169827,-1.05714132492747,-0.13613189928935826,0.5690821573137217,0.4409850339734252,0.44461938000853507,-0.6455051286674657,-0.692958538265985,-0.7261000173021629,-0.4359000264455779,-0.4937419311010188,-0.22684724690636107,-0.11020775375559684,-0.559004234197487,-0.15778918852484622,-0.18463927560711513,-0.08277474796544664,-0.12066661924532406,-0.0,-0.9053016504873603,1.0,1.0,3.4191201616664078,0.21842626144689437,1.0,3.0,0.005758157389635317,0.3333333333333333,9.092892994835237e-06,1.0,0.02040816326530612
0xd3d4483662185863cde4326ccf5205204adbcda33468587e8153de3fb83a9a37,1,0x969837498944ae1dc0dcac2d0c65634c88729b2d,0xc0ee9db1a9e07ca63e4ff0d5fb6f86bf68d47b89,2016-06-17 03:13:23+00:00,4712388,25000000000,4712388,4712388,1.3786191e+20,7,,25,3,3,1.0,3,11,12,0.9166666666666666,4,3,13648,1,0xd3d4483662185863cde4326ccf5205204adbcda33468587e8153de3fb83a9a37,3,3,3,1,2,11795,3,4,2.0,1.0,1,2,0,-0.08603613360022544,-1.9614029434662834,-1.9359061931693113,-2.624406703823661,-0.3538236198260954,-0.3959389317589661,-0.49791353941792854,-1.278679220623561,-0.9151391011181838,-0.9061211356521172,0.255051719358223,-1.760218138308363,-2.3779854444559194,-2.40943674474155,-0.6450097561021642,-0.6570663487839761,-0.6968026949287545,2.040804669267934,2.445198134976474,0.3184586350800839,-0.11020775375559684,3.21805140227202,6.0348877498389175,2.1415986743316564,6.190037043879693,7.718995285898551,0.0,-0.9045748991755828,0.3333333333333333,1.0,3.0,0.000254323499491353,1.0,4.0,0.0008059198476078834,0.25,1.0,1.0,1.0
0xe32189414c58bf52fe580189463d904537fcd68c95e5766e2fd52749212fb9ca,1,0x969837498944ae1dc0dcac2d0c65634c88729b2d,0xc0ee9db1a9e07ca63e4ff0d5fb6f86bf68d47b89,2016-06-17 03:17:34+00:00,4712388,25000000000,4712388,4712388,1.3774303e+20,9,,17,5,5,1.0,3,13,14,0.9285714285714286,4,3,13661,2,0xe32189414c58bf52fe580189463d904537fcd68c95e5766e2fd52749212fb9ca,5,3,3,1,2,11808,3,4,2.0,1.0,1,2,0,-0.08603613360022544,-1.961322866553391,-1.935860630917217,-2.624406703823661,-0.3537691975131714,-0.395901944194519,-0.49791353941792854,-1.2616064901623407,-0.9147347141193847,-0.9061211356521172,0.255051719358223,-1.760218138308363,-2.3779854444559194,-2.4093031341369553,-0.6450097561021642,-0.6570663487839761,-0.6967736832597375,2.040804669267934,2.445198134976474,0.3184586350800839,-0.11020775375559684,3.21805140227202,6.0348877498389175,2.1415986743316564,6.190037043879693,7.718995285898551,0.0,-0.9043672559436463,0.3333333333333333,1.0,5.0,0.000423405876873571,1.0,4.666666666666667,0.0009515444298052993,0.35714285714285715,1.0,1.6666666666666667,1.0
0xb09f31a22d675e89e351818a43ae3426ac8e37c1f344cd0041867ed9a2fb3576,1,0x969837498944ae1dc0dcac2d0c65634c88729b2d,0xc0ee9db1a9e07ca63e4ff0d5fb6f86bf68d47b89,2016-06-17 03:31:54+00:00,4000000,20000000000,98268,35268,0.0,10,,7,6,6,1.0,3,14,15,0.9333333333333333,4,3,13717,3,0xb09f31a22d675e89e351818a43ae3426ac8e37c1f344cd0041867ed9a2fb3576,6,3,2,1,2,11864,3,3,1.0,1.0,1,1,0,-0.08603613360022544,-1.9612828280969448,-1.9358378497911701,-2.624406703823661,-0.35374198635670934,-0.39588345041229545,-0.49791353941792854,-1.2445337597011203,-0.9145325206199851,-0.9061211356521172,0.059459910034432364,-1.760218138308363,-2.3779854444559194,-2.4087275807633164,-0.6450097561021642,-0.6570663487839761,-0.69664870991628,0.802452321411178,0.9757281019377275,0.3184586350800839,-0.11020775375559684,1.3295235840372666,5.0634851998749335,-0.18463927560711513,-0.3413288605605552,-0.18089306606860267,-0.0,-0.9042634343276781,0.5,1.0,6.0,0.0005056890012642225,1.0,5.0,0.0010205569324974486,0.4,1.0,2.0,1.0
0x0ec3f2488a93839524add10ea229e773f6bc891b4eb4794c3337d4495263790b,20,0x969837498944ae1dc0dcac2d0c65634c88729b2d,0xc0ee9db1a9e07ca63e4ff0d5fb6f86bf68d47b89,2016-06-17 03:34:48+00:00,4712388,25000000000,3982456,3982456,1.3762451e+20,11,,1,7,7,1.0,3,15,16,0.9375,4,3,13732,4,0x0ec3f2488a93839524add10ea229e773f6bc891b4eb4794c3337d4495263790b,7,3,81,1,2,11879,3,10,5.0,28.0,2,2,1,15.632103658748639,-1.9612427896404985,-1.935815068665123,-2.624406703823661,-0.35371477520024736,-0.3958649566300719,-0.49791353941792854,-1.2274610292399,-0.9143303271205857,-0.9061211356521172,15.511212846613892,-1.760218138308363,-2.3779854444559194,-2.4085734146810913,-0.6450097561021642,-0.6570663487839761,-0.6966152349135681,9.470918756408468,6.853608234092713,15.041717448714097,9.073771725877465,3.21805140227202,6.0348877498389175,2.1415986743316564,5.156805793422428,6.486103826083946,0.0,-0.9041596127117099,0.24691358024691357,1.0,7.0,0.0005892255892255892,1.0,5.333333333333333,0.001092259520862157,0.4375,1.0,2.3333333333333335,1.0
0xbc2599b19fdf03c92c66e74ade9b3736791a22e0724891b6810e71d3eecd3bd0,1,0xb2bb9e225f0d8491bce55fa003287b8f6a782260,0xe758b0ceb59befed2261290c9bb54e71eff3dfd1,2016-06-17 01:10:50+00:00,162714,20000000000,69605,69605,0.0,26,,126,39,39,1.0,11,39,39,1.0,20,156,878198,1,0xbc2599b19fdf03c92c66e74ade9b3736791a22e0724891b6810e71d3eecd3bd0,22,11,3,2,131,748337,3,3,1.0,2.0,2,2,0,-0.08603613360022544,-1.9599615590342183,-1.9350860726316148,-2.069505191227475,-0.3530617074451589,-0.3954395996389299,-0.2891885176539677,-1.278679220623561,-0.9112974246295928,-0.3020403785507057,0.255051719358223,-1.7601457188239824,5.527388288530721,5.16054955752634,-0.6450097561021642,1.1734353147984773,1.2325848780397264,0.802452321411178,0.9757281019377275,0.8637645170665288,9.073771725877465,3.21805140227202,-0.16898559601311705,-0.18463927560711513,-0.3819018280861009,-0.12289616491116044,-0.0,-0.9026022884721866,0.3333333333333333,0.08333333333333333,19.5,5.211548792123345e-05,0.12738853503184713,13.0,4.440906901510933e-05,0.5641025641025641,0.5641025641025641,2.0,1.0
0xdd84af92e2c7576ae11a4f512ac9ae31582b676f4c9f655f90f76fee893bb06e,1,0xb2bb9e225f0d8491bce55fa003287b8f6a782260,0xe758b0ceb59befed2261290c9bb54e71eff3dfd1,2016-06-17 01:28:59+00:00,162714,20000000000,137559,74559,0.0,27,,110,40,40,1.0,11,40,40,1.0,20,156,878276,2,0xdd84af92e2c7576ae11a4f512ac9ae31582b676f4c9f655f90f76fee893bb06e,23,11,3,2,131,748415,3,3,1.0,2.0,2,2,0,-0.08603613360022544,-1.959921520577772,-1.9350632915055677,-2.069505191227475,-0.3530344962886969,-0.3954211058567063,-0.2891885176539677,-1.2616064901623407,-0.9110952311301934,-0.3020403785507057,0.255051719358223,-1.7601457188239824,5.527388288530721,5.161351221153909,-0.6450097561021642,1.1734353147984773,1.2327589480538281,0.802452321411178,0.9757281019377275,0.8637645170665288,9.073771725877465,3.21805140227202,-0.16898559601311705,-0.18463927560711513,-0.2857117769668555,-0.11452861246528663,-0.0,-0.9024984668562184,0.3333333333333333,0.08333333333333333,20.0,5.34462117325124e-05,0.12738853503184713,13.333333333333334,4.55437179841895e-05,0.575,0.575,2.090909090909091,1.0
0xaf663ebc86b2592f4aef7c352bb56292b2c92f535a9af1402daf7c6cebacc88c,1,0x0a869d79a7052c7f1b55a8ebabbea3420f0d1e13,0xefd23aec1235d5a9949847fede2be4c172d40d11,2016-06-17 00:29:08+00:00,500000,20000000000,46794,25794,0.0,5861,,158,187,187,1.0,21,3999,5863,0.6820740235374382,21,20,118399,1,0xaf663ebc86b2592f4aef7c352bb56292b2c92f535a9af1402daf7c6cebacc88c,187,21,2,1,20,117356,1260,3,1.0,1.0,1,1,0,-0.08603613360022544,-1.954035867480172,-1.93171446597664,-1.3758783004822428,-0.24530552785556792,-0.2877318119688884,-0.27614320379372015,-1.278679220623561,-0.8779354972286725,0.4530605678260586,0.059459910034432364,-1.760218138308363,-1.2749100398531326,-1.3245083576927454,-0.333668098810152,-0.45367727505259237,-0.463033360990843,0.802452321411178,0.9757281019377275,0.3184586350800839,-0.11020775375559684,1.3295235840372666,0.2909329883357944,-0.18463927560711513,-0.41419118936109733,-0.19689512337021922,-0.0,-0.29680315929762635,0.5,1.0,187.0,0.001593428598208884,1.0,4.6531746031746035,0.033775337837837836,0.03189493433395872,1.0,8.904761904761905,1.0
0xa11923511f74af40ab25c4109534b36501214e50d478958a87b8601d143fac86,1,0x0a869d79a7052c7f1b55a8ebabbea3420f0d1e13,0xefd23aec1235d5a9949847fede2be4c172d40d11,2016-06-17 03:17:20+00:00,500000,22137240587,151794,25794,0.0,5868,,18,188,188,1.0,21,4006,5870,0.6824531516183986,21,20,119131,2,0xa11923511f74af40ab25c4109534b36501214e50d478958a87b8601d143fac86,188,21,2,1,20,118088,1261,3,1.0,1.0,1,1,0,-0.08603613360022544,-1.9539958290237258,-1.931691684850593,-1.3758783004822428,-0.24511504976033377,-0.28760235549332347,-0.27614320379372015,-1.2616064901623407,-0.8777333037292729,0.4530605678260586,0.059459910034432364,-1.760218138308363,-1.2749100398531326,-1.3169850528801752,-0.33342041252750126,-0.45367727505259237,-0.4613997808585049,0.802452321411178,0.9757281019377275,0.3184586350800839,-0.11020775375559684,1.3295235840372666,0.2909329883357944,0.8097067567186482,-0.26556189060722313,-0.19689512337021922,-0.0,-0.29607640798584883,0.5,1.0,188.0,0.0015920195784535393,1.0,4.655035685963521,0.03362656549038042,0.03202725724020443,1.0,8.952380952380953,1.0
0xcc034684feadc2f4a3fc99d947b844683b53c1c10cc672140acceea0daa2b733,1,0xf35e2cc8e6523d683ed44870f5b7cc785051a77d,0xf835a0247b0063c04ef22006ebe57c5f11977cc4,2016-06-17 03:13:34+00:00,4712388,25000000000,4712388,4712388,8.659562e+17,3,,24,3,3,1.0,3,5,5,1.0,3,2,11828,1,0xcc034684feadc2f4a3fc99d947b844683b53c1c10cc672140acceea0daa2b733,3,3,3,1,2,11797,1,4,2.0,1.0,1,2,0,-0.08603613360022544,-1.9614029434662834,-1.9359061931693113,-2.624406703823661,-0.3539868867648675,-0.39606838823453105,-0.5109588532781761,-1.278679220623561,-0.9151391011181838,-0.9061211356521172,0.255051719358223,-1.760218138308363,-2.3779854444559194,-2.4094161892639203,-0.6455051286674657,-0.6690304119446457,-0.7008643285911252,2.040804669267934,2.445198134976474,0.3184586350800839,-0.11020775375559684,3.21805140227202,6.0348877498389175,2.1415986743316564,6.190037043879693,7.718995285898551,-0.0,-0.9049901856394557,0.3333333333333333,1.0,3.0,0.00025428038650618747,1.0,5.0,0.00042268999915462,0.6,1.0,1.0,1.0
0xea48232a5c0e0721e27842fb88fb9d102ff2f8a2833b13f284ea3ce431ecc0a6,1,0xf35e2cc8e6523d683ed44870f5b7cc785051a77d,0xf835a0247b0063c04ef22006ebe57c5f11977cc4,2016-06-17 03:32:44+00:00,4000000,20000000000,84768,42768,0.0,5,,6,5,5,1.0,3,7,7,1.0,3,2,11898,2,0xea48232a5c0e0721e27842fb88fb9d102ff2f8a2833b13f284ea3ce431ecc0a6,5,3,2,1,2,11867,1,3,1.0,1.0,1,1,0,-0.08603613360022544,-1.961322866553391,-1.935860630917217,-2.624406703823661,-0.3539324644519435,-0.39603140067008397,-0.5109588532781761,-1.2616064901623407,-0.9147347141193847,-0.9061211356521172,0.059459910034432364,-1.760218138308363,-2.3779854444559194,-2.4086967475468715,-0.6455051286674657,-0.6690304119446457,-0.7007081119118033,0.802452321411178,0.9757281019377275,0.3184586350800839,-0.11020775375559684,1.3295235840372666,5.0634851998749335,-0.18463927560711513,-0.3604383418289105,-0.1682251929672596,-0.0,-0.9047825424075192,0.5,1.0,5.0,0.00042130097741826763,1.0,7.0,0.0005882847298092277,0.7142857142857143,1.0,1.6666666666666667,1.0
0xc3c51d49c4f866c3987ceb5538bc96fcf80cca177d1a39041ab46e5fcd60b17b,1,0x0a869d79a7052c7f1b55a8ebabbea3420f0d1e13,0xfb5b2669e3acdff9cfab85505c73c6146d485582,2016-06-16 23:15:55+00:00,500000,20000000000,556730,36587,0.0,5854,,218,1,1,1.0,1,3992,5856,0.6816939890710383,20,19,118084,1,0xc3c51d49c4f866c3987ceb5538bc96fcf80cca177d1a39041ab46e5fcd60b17b,1,1,2,1,0,0,1258,3,1.0,1.0,1,1,0,-0.08603613360022544,-1.961483020379176,-1.9359517554214056,-2.7631320819727074,-0.24549600595080204,-0.28786126844445337,-0.2891885176539677,-1.278679220623561,-0.9155434881169827,-1.05714132492747,0.059459910034432364,-1.760218138308363,-2.500549378300674,-2.5306626740643177,-0.33416347137545355,-0.46564133821326203,-0.4637363360477918,0.802452321411178,0.9757281019377275,0.3184586350800839,-0.11020775375559684,1.3295235840372666,0.2909329883357944,-0.18463927560711513,0.3076319543470512,-0.17866520945251313,-0.0,-0.29752991060940387,0.5,1.0,1.0,1.0,1.0,4.655007949125596,0.03380615658212305,0.00017076502732240437,1.0,1.0,1.0
