transaction_hash,trace_involved_amt,from_address,to_address,block_timestamp,gas,gas_price,receipt_cumulative_gas_used,receipt_gas_used,value,nonce,transaction_type,rn,contract_block_involved,contract_tx_count,contract_block_per_tx,contract_main_active_days,sender_block_involved,sender_tx_count,sender_block_per_tx,sender_main_active_days,sender_lifetime_days,sender_lifetime_block,contract_interact,add_feat_hash,sender_tx_count_call_contract,sender_days_call_contract,trace_amt,distinct_sender_in_contract,contract_lifetime_days,contract_lifetime_block,distinct_contract_sender_called,contract_involved_amt,max_breadth,depth,distinct_was_called_in_sample,distinct_sender_call_in_sample,is_sus
0x84033e0c908cab415359b5a1a54289a533b20b8450836ceb13190848c2aac6a8,6,0xcf267ea3f1ebae3c29fea0a3253f94f3122c2199,0xc5918a927c4fb83fe99e30d6f66707f4b396900e,2018-10-07 00:39:09+00:00,881764,13370000000,2343232,744511,100000000000000000,2,,3,1,1,1.0,1,5,5,1.0,2,5,25465,1,0x84033e0c908cab415359b5a1a54289a533b20b8450836ceb13190848c2aac6a8,1,1,19,1,0,0,1,3,2.0,10.0,2,2,0
0x21e9d20b57f6ae60dac23466c8395d47f42dc24628e5a31f224567a2b4effa88,33,0xcf267ea3f1ebae3c29fea0a3253f94f3122c2199,0xc5918a927c4fb83fe99e30d6f66707f4b396900e,2018-10-07 00:39:30+00:00,4340996,13370000000,5036311,4090579,5000000000000000000,3,,1,2,2,1.0,1,6,6,1.0,2,5,25467,2,0x21e9d20b57f6ae60dac23466c8395d47f42dc24628e5a31f224567a2b4effa88,2,1,100,1,0,2,1,3,2.0,64.0,2,2,1
0x955b78b4f0196e4b53d37d561a9f174f7df6d5612fca61ec33acfbcb0ba07c6b,1,0xf36cb9c2984838eb2bbda4fcdb3f9cb2ac05d1fa,0xf91546835f756da0c10cfa0cda95b15577b84aa7,2018-10-04 00:22:18+00:00,90000,15000000000,2002802,62425,0,1847,,500,1744,1897,0.919346336320506,35,1645,1866,0.8815648445873526,76,77,458513,1,0x955b78b4f0196e4b53d37d561a9f174f7df6d5612fca61ec33acfbcb0ba07c6b,1117,35,1,368,34,199644,399,2,,,1,0,0
0xd37c41301c7732f49460c0aeb05e63f6850acc4ec1029e80867327f44e27dbdf,1,0xf36cb9c2984838eb2bbda4fcdb3f9cb2ac05d1fa,0xf91546835f756da0c10cfa0cda95b15577b84aa7,2018-10-04 00:23:15+00:00,90000,15000000000,973768,50396,5000000000000000,1848,,499,1745,1898,0.9193888303477344,35,1646,1867,0.8816282806641671,76,77,458515,2,0xd37c41301c7732f49460c0aeb05e63f6850acc4ec1029e80867327f44e27dbdf,1118,35,1,368,34,199646,399,2,,,1,0,0
0xd1e47654ac21b43a94be69603aa7491ae43188484ecc8fe8c768b31c0d545714,1,0xf36cb9c2984838eb2bbda4fcdb3f9cb2ac05d1fa,0xf91546835f756da0c10cfa0cda95b15577b84aa7,2018-10-04 00:24:15+00:00,90000,20000000000,360040,50396,5000000000000000,1849,,498,1746,1899,0.919431279620853,35,1647,1868,0.8816916488222698,76,77,458521,3,0xd1e47654ac21b43a94be69603aa7491ae43188484ecc8fe8c768b31c0d545714,1119,35,1,368,34,199652,399,2,,,1,0,0
0xf3d17601a7fac04c9e21705f86ec9d9fc5b414edd21de6c47b0aa9836e13421a,1,0x2632009045d5822870aff1701618e69f3bfe8172,0xf91546835f756da0c10cfa0cda95b15577b84aa7,2018-10-04 00:39:02+00:00,750000,9000000000,1405970,161475,40000000000000000,0,,497,1747,1900,0.9194736842105264,35,2,2,1.0,1,0,4,4,0xf3d17601a7fac04c9e21705f86ec9d9fc5b414edd21de6c47b0aa9836e13421a,1,1,1,369,34,199715,1,2,,,1,0,0
0x1626bbee615dedd056482090e07023c74f1bf416a19dbf6b803c516491a5efdf,1,0xf36cb9c2984838eb2bbda4fcdb3f9cb2ac05d1fa,0xf91546835f756da0c10cfa0cda95b15577b84aa7,2018-10-04 00:39:14+00:00,90000,21000000001,104361,62361,0,1850,,496,1748,1901,0.9195160441872698,35,1648,1869,0.8817549491706795,76,77,458588,5,0x1626bbee615dedd056482090e07023c74f1bf416a19dbf6b803c516491a5efdf,1120,35,1,369,34,199719,399,2,,,1,0,0
0xf58ba9b497c7bfa3da4bdac3cd5d0b9b854fc649882790563ce1b8acd9625191,1,0xf36cb9c2984838eb2bbda4fcdb3f9cb2ac05d1fa,0xf91546835f756da0c10cfa0cda95b15577b84aa7,2018-10-04 00:42:19+00:00,90000,21000000001,657202,35332,40000000000000000,1851,,495,1749,1902,0.919558359621451,35,1649,1870,0.8818181818181818,76,77,458601,6,0xf58ba9b497c7bfa3da4bdac3cd5d0b9b854fc649882790563ce1b8acd9625191,1121,35,1,369,34,199732,399,2,,,1,0,0
0xdb2f5f94eb11b7d072c4dedea8a11426b5c38c96b68972a3c48c3a8ac5820ab5,1,0xf36cb9c2984838eb2bbda4fcdb3f9cb2ac05d1fa,0xf91546835f756da0c10cfa0cda95b15577b84aa7,2018-10-04 00:49:05+00:00,90000,22043769467,1785367,35396,45000000000000000,1852,,494,1750,1903,0.9196006305832896,35,1650,1871,0.8818813468733298,76,77,458627,7,0xdb2f5f94eb11b7d072c4dedea8a11426b5c38c96b68972a3c48c3a8ac5820ab5,1122,35,1,369,34,199758,399,2,,,1,0,0
0xaf6748d71c7d27e96ce176789ed13ed9de83e5885ca58afa5692318c6cbbe026,1,0xf36cb9c2984838eb2bbda4fcdb3f9cb2ac05d1fa,0xf91546835f756da0c10cfa0cda95b15577b84aa7,2018-10-04 00:49:28+00:00,90000,22043769467,117275,35396,100000000000000000,1853,,493,1751,1904,0.9196428571428572,35,1651,1872,0.8819444444444444,76,77,458629,8,0xaf6748d71c7d27e96ce176789ed13ed9de83e5885ca58afa5692318c6cbbe026,1123,35,1,369,34,199760,399,2,,,1,0,0
0x6cd5caf98c0081a44f718635372d5c03553c7c6688bd2eb2ac2a2846eaf583ce,1,0xf36cb9c2984838eb2bbda4fcdb3f9cb2ac05d1fa,0xf91546835f756da0c10cfa0cda95b15577b84aa7,2018-10-04 00:57:31+00:00,90000,20000000000,2879048,35332,40000000000000000,1855,,491,1752,1906,0.919202518363064,35,1653,1875,0.8816,76,77,458668,9,0x6cd5caf98c0081a44f718635372d5c03553c7c6688bd2eb2ac2a2846eaf583ce,1125,35,1,369,34,199799,399,2,,,1,0,0
0x7924ece095f9a35db94671ae38dcc39a9a2689959662c6636c54c0c038ea2b67,1,0xf36cb9c2984838eb2bbda4fcdb3f9cb2ac05d1fa,0xf91546835f756da0c10cfa0cda95b15577b84aa7,2018-10-04 00:57:31+00:00,90000,20000000000,2914380,35332,40000000000000000,1856,,492,1752,1906,0.919202518363064,35,1653,1875,0.8816,76,77,458668,10,0x7924ece095f9a35db94671ae38dcc39a9a2689959662c6636c54c0c038ea2b67,1125,35,1,369,34,199799,399,2,,,1,0,0
0xa6809af1800e78b37f04739c05e0741e68e210c04ed5f1f6274d121da42dc964,1,0x3e8f73d0177d7fd6f696823c9fac233088547242,0xf91546835f756da0c10cfa0cda95b15577b84aa7,2018-10-04 01:10:55+00:00,750000,8000000000,3094772,161603,5000000000000000,0,,490,1753,1907,0.9192448872574724,35,2,2,1.0,2,5,27187,11,0xa6809af1800e78b37f04739c05e0741e68e210c04ed5f1f6274d121da42dc964,1,1,1,370,34,199859,1,2,,,1,0,0
0x7608fcd6ecf9d2af4913bae149e891c354920c37e76348c3f6981c7db79bab83,1,0xf36cb9c2984838eb2bbda4fcdb3f9cb2ac05d1fa,0xf91546835f756da0c10cfa0cda95b15577b84aa7,2018-10-04 01:11:49+00:00,90000,5000000000,3231855,62425,0,1857,,489,1754,1908,0.919287211740042,35,1654,1876,0.8816631130063965,76,77,458731,12,0x7608fcd6ecf9d2af4913bae149e891c354920c37e76348c3f6981c7db79bab83,1126,35,1,370,34,199862,399,2,,,1,0,0
0x0e58d79dc295c63aa5bb25008d9cf32b0ed1a7028f12f48bef504b9f55e86618,1,0xf36cb9c2984838eb2bbda4fcdb3f9cb2ac05d1fa,0xf91546835f756da0c10cfa0cda95b15577b84aa7,2018-10-04 01:13:20+00:00,90000,5000000000,1555194,50396,5000000000000000,1858,,488,1755,1909,0.9193294918805656,35,1655,1877,0.881726158763985,76,77,458737,13,0x0e58d79dc295c63aa5bb25008d9cf32b0ed1a7028f12f48bef504b9f55e86618,1127,35,1,370,34,199868,399,2,,,1,0,0
0x968b9b71f38ba38a6ed6aa41ecc3222efe65f41e8582d87e8c8da78455d30b7f,1,0xeed39080ed81be7df1470db119647b87cd787d92,0xf91546835f756da0c10cfa0cda95b15577b84aa7,2018-10-04 01:51:56+00:00,750000,8000000000,2481906,126108,0,0,,487,1756,1910,0.9193717277486912,35,2,2,1.0,1,0,4,14,0x968b9b71f38ba38a6ed6aa41ecc3222efe65f41e8582d87e8c8da78455d30b7f,1,1,1,371,34,200026,1,2,,,1,0,0
0x56bac29d76924dd5578657666b937a06ee93163c85a45376454ef0ac3f814d14,1,0xf36cb9c2984838eb2bbda4fcdb3f9cb2ac05d1fa,0xf91546835f756da0c10cfa0cda95b15577b84aa7,2018-10-04 01:52:53+00:00,90000,20000000000,674953,62425,0,1861,,486,1757,1911,0.9194139194139191,35,1658,1880,0.8819148936170212,76,77,458901,15,0x56bac29d76924dd5578657666b937a06ee93163c85a45376454ef0ac3f814d14,1128,35,1,371,34,200032,399,2,,,1,0,0
0x82d0db2958595db99658cbc4f0898f542117a5a94dcd5bc7bdaf7748b86f1394,1,0xf36cb9c2984838eb2bbda4fcdb3f9cb2ac05d1fa,0xf91546835f756da0c10cfa0cda95b15577b84aa7,2018-10-04 02:11:18+00:00,90000,6105644667,4941422,35332,40000000000000000,1862,,485,1758,1912,0.9194560669456066,35,1659,1881,0.8819776714513556,76,77,458971,16,0x82d0db2958595db99658cbc4f0898f542117a5a94dcd5bc7bdaf7748b86f1394,1129,35,1,371,34,200102,399,2,,,1,0,0
0x3cae57b89f239905f48214b7cdf1a0921de9421e674b5fc3a40afc12b2f869c1,1,0xf36cb9c2984838eb2bbda4fcdb3f9cb2ac05d1fa,0xf91546835f756da0c10cfa0cda95b15577b84aa7,2018-10-04 02:13:00+00:00,90000,6105644667,5646931,35332,40000000000000000,1863,,484,1759,1913,0.9194981704129638,35,1660,1882,0.8820403825717322,76,77,458975,17,0x3cae57b89f239905f48214b7cdf1a0921de9421e674b5fc3a40afc12b2f869c1,1130,35,1,371,34,200106,399,2,,,1,0,0
0x1b902b455e4a084c97c80963565d1fab5eaa6fc91339063c3c9ba76f8a033550,1,0xf36cb9c2984838eb2bbda4fcdb3f9cb2ac05d1fa,0xf91546835f756da0c10cfa0cda95b15577b84aa7,2018-10-04 02:14:29+00:00,90000,8400000000,2411806,35332,40000000000000000,1864,,483,1760,1914,0.9195402298850573,35,1661,1883,0.8821030270844397,76,77,458978,18,0x1b902b455e4a084c97c80963565d1fab5eaa6fc91339063c3c9ba76f8a033550,1131,35,1,371,34,200109,399,2,,,1,0,0
0xd47fdd0ed2fb8766d45a9c7142ea2905a8ec2291b1b43946879be2c228392db5,1,0xf36cb9c2984838eb2bbda4fcdb3f9cb2ac05d1fa,0xf91546835f756da0c10cfa0cda95b15577b84aa7,2018-10-04 02:17:50+00:00,90000,14000000000,813661,35332,40000000000000000,1865,,482,1761,1915,0.9195822454308092,35,1662,1884,0.8821656050955414,76,77,458996,19,0xd47fdd0ed2fb8766d45a9c7142ea2905a8ec2291b1b43946879be2c228392db5,1132,35,1,371,34,200127,399,2,,,1,0,0
0x37db1aa5f10e709132397ed47eb41086d1dcd5cca4b12393662c5086debe8fd8,1,0x2632009045d5822870aff1701618e69f3bfe8172,0xf91546835f756da0c10cfa0cda95b15577b84aa7,2018-10-04 03:09:15+00:00,1000000,10000000000,3815464,49965,198546725000000000,1,,481,1762,1916,0.9196242171189978,35,4,4,1.0,1,0,630,20,0x37db1aa5f10e709132397ed47eb41086d1dcd5cca4b12393662c5086debe8fd8,2,1,1,371,34,200341,1,2,,,1,0,0
0x7beab5c3f0b9ed3eb128c54aeebbd24e2f6357ca166a0550ba67a1482f910e00,1,0xf36cb9c2984838eb2bbda4fcdb3f9cb2ac05d1fa,0xf91546835f756da0c10cfa0cda95b15577b84aa7,2018-10-04 03:29:46+00:00,90000,20000000000,301081,35460,85500000000000000,1866,,480,1763,1917,0.9196661450182576,35,1663,1885,0.8822281167108753,76,77,459290,21,0x7beab5c3f0b9ed3eb128c54aeebbd24e2f6357ca166a0550ba67a1482f910e00,1133,35,1,371,34,200421,399,2,,,1,0,0
0x2b51ffb22c2b4659e584225a91036ffa4bfb13db22895eec070127e96af4574a,1,0x85c9ba286389f7f05351e29f83bddccdf7be9751,0xf91546835f756da0c10cfa0cda95b15577b84aa7,2018-10-04 06:42:44+00:00,1000000,9000000000,5034252,35157,256579796881822653,8,,479,1764,1918,0.9197080291970802,35,16,17,0.9411764705882352,7,15,92544,22,0x2b51ffb22c2b4659e584225a91036ffa4bfb13db22895eec070127e96af4574a,6,5,1,371,34,201239,2,2,,,1,0,0
0x3cc7f63e99f6835bf8840a164bd4e6942e98c3ad8ef21f4df88042b84206f0e9,1,0x7d33e611c0f4e45e8898c0b2a046c0e21e1af006,0xf91546835f756da0c10cfa0cda95b15577b84aa7,2018-10-04 18:14:25+00:00,750000,12000000000,1247261,161603,5000000000000000,0,,478,1765,1919,0.9197498697238145,35,2,2,1.0,1,0,371,23,0x3cc7f63e99f6835bf8840a164bd4e6942e98c3ad8ef21f4df88042b84206f0e9,1,1,1,372,34,204194,1,2,,,1,0,0
0x88bcd3427510fef30d81244be2718670649716708c37f2b2674cf7c83b64a4e0,1,0xf36cb9c2984838eb2bbda4fcdb3f9cb2ac05d1fa,0xf91546835f756da0c10cfa0cda95b15577b84aa7,2018-10-04 18:15:25+00:00,90000,14000000000,1201113,62425,0,1878,,477,1766,1920,0.9197916666666666,35,1675,1897,0.8829731154454402,76,77,463066,24,0x88bcd3427510fef30d81244be2718670649716708c37f2b2674cf7c83b64a4e0,1134,35,1,372,34,204197,406,2,,,1,0,0
0x68ead16f430b9da1ce87488d24753278f0fe0187f68ae56351b364b0cd7f8e3d,1,0xf81a2841bf6cd4a7f611dce56548fdaf9f30d5f3,0xf91546835f756da0c10cfa0cda95b15577b84aa7,2018-10-04 19:26:25+00:00,750000,10000000000,2823408,161603,5000000000000000,0,,476,1767,1921,0.9198334200937012,35,2,2,1.0,1,0,1213,25,0x68ead16f430b9da1ce87488d24753278f0fe0187f68ae56351b364b0cd7f8e3d,1,1,1,373,34,204517,1,2,,,1,0,0
0x4186944e6e1e47a209987b27a75b8a67f37916609a02bf4c8b2423b6d56f4fba,1,0xf36cb9c2984838eb2bbda4fcdb3f9cb2ac05d1fa,0xf91546835f756da0c10cfa0cda95b15577b84aa7,2018-10-04 19:27:07+00:00,90000,7000000000,1407936,62425,0,1880,,475,1768,1922,0.9198751300728408,35,1677,1899,0.8830963665086888,76,77,463390,26,0x4186944e6e1e47a209987b27a75b8a67f37916609a02bf4c8b2423b6d56f4fba,1135,35,1,373,34,204521,406,2,,,1,0,0
0xe4352dea0bf3447107ad154fe67d738aa01edf69f80662fc6f794dfb25336016,1,0xf36cb9c2984838eb2bbda4fcdb3f9cb2ac05d1fa,0xf91546835f756da0c10cfa0cda95b15577b84aa7,2018-10-04 19:28:12+00:00,90000,6000000000,584570,50396,5000000000000000,1881,,474,1769,1923,0.9199167966718668,35,1678,1900,0.8831578947368421,76,77,463393,27,0xe4352dea0bf3447107ad154fe67d738aa01edf69f80662fc6f794dfb25336016,1136,35,1,373,34,204524,406,2,,,1,0,0
0x68c8260447ad168cc10146ad8bd9240ea3ab88e214213e2175c981541766b001,1,0x9fb259f5c1c62d91c5fd4bb95753e61ef90fc556,0xf91546835f756da0c10cfa0cda95b15577b84aa7,2018-10-04 23:05:12+00:00,750000,20000000000,1452765,161667,175673240000000000,0,,473,1770,1924,0.91995841995842,35,2,2,1.0,1,0,3,28,0x68c8260447ad168cc10146ad8bd9240ea3ab88e214213e2175c981541766b001,1,1,1,374,34,205463,1,2,,,1,0,0
0x3ebee7a8faefc1152bcb4a4d8f5785246287710a87c131bf764c80bf06e4ffe6,1,0xf36cb9c2984838eb2bbda4fcdb3f9cb2ac05d1fa,0xf91546835f756da0c10cfa0cda95b15577b84aa7,2018-10-04 23:05:38+00:00,90000,20000000000,2121463,62425,0,1886,,472,1771,1925,0.92,35,1683,1905,0.8834645669291338,76,77,464336,29,0x3ebee7a8faefc1152bcb4a4d8f5785246287710a87c131bf764c80bf06e4ffe6,1137,35,1,374,34,205467,406,2,,,1,0,0
0xb6223ff562b982d2426a185251a7f9daaa14a495f7b94cb5a82c4493673201fb,1,0xc85f8a6709fd022a3d17deaf7b6b27691b7fdc19,0xf91546835f756da0c10cfa0cda95b15577b84aa7,2018-10-04 23:17:08+00:00,1000000,20000000000,655150,35093,89448977000000000,16,,471,1772,1926,0.9200415368639668,35,31,31,1.0,13,85,512806,30,0xb6223ff562b982d2426a185251a7f9daaa14a495f7b94cb5a82c4493673201fb,3,3,1,374,34,205521,3,2,,,1,0,0
0xf2ae4268ec2f18969490e1275c7d2ad02ee8f6c38b7e539f2b32a4b9b19d5b22,1,0x0ec49331d7659cd1865923b6044fb3356a271ff9,0xf91546835f756da0c10cfa0cda95b15577b84aa7,2018-10-05 00:06:24+00:00,1000000,10000000000,1786881,35029,4578884000000000,3,,470,1773,1927,0.9200830306175402,36,9,9,1.0,3,8,48723,31,0xf2ae4268ec2f18969490e1275c7d2ad02ee8f6c38b7e539f2b32a4b9b19d5b22,4,2,1,374,35,205724,1,2,,,1,0,0
0x95118ddc9e44a325ddc6badb0165e80189d99bea3597daba1f110cfbea65b1de,1,0x9fb259f5c1c62d91c5fd4bb95753e61ef90fc556,0xf91546835f756da0c10cfa0cda95b15577b84aa7,2018-10-05 00:39:32+00:00,1000000,7000000000,6330734,50093,428055060000000000,1,,469,1774,1928,0.9201244813278008,36,5,5,1.0,2,1,412,32,0x95118ddc9e44a325ddc6badb0165e80189d99bea3597daba1f110cfbea65b1de,2,2,1,374,35,205872,1,2,,,1,0,0
0x9c2f842ef90a7bb486101fa5a9adfc56860a332394375966f1b4acb40680e67e,1,0xf36cb9c2984838eb2bbda4fcdb3f9cb2ac05d1fa,0xf91546835f756da0c10cfa0cda95b15577b84aa7,2018-10-05 00:42:04+00:00,90000,24892348400,640224,35524,219227579755622720,1890,,468,1775,1929,0.92016588906169,36,1687,1909,0.8837087480356207,77,78,464755,33,0x9c2f842ef90a7bb486101fa5a9adfc56860a332394375966f1b4acb40680e67e,1138,36,1,374,35,205886,407,2,,,1,0,0
0x4a487c35aad0b40ffb131350457dd51c929c23fffe9d309e20d66a9437d652ea,1,0xf36cb9c2984838eb2bbda4fcdb3f9cb2ac05d1fa,0xf91546835f756da0c10cfa0cda95b15577b84aa7,2018-10-05 00:53:52+00:00,90000,12000000000,5731816,35460,105000000000000000,1891,,467,1776,1930,0.9202072538860104,36,1688,1910,0.8837696335078534,77,78,464799,34,0x4a487c35aad0b40ffb131350457dd51c929c23fffe9d309e20d66a9437d652ea,1139,36,1,374,35,205930,407,2,,,1,0,0
0x612d0056c94c1d441eb893c89e5acf43181a5268c3970aece75b5bc62f883989,1,0xf36cb9c2984838eb2bbda4fcdb3f9cb2ac05d1fa,0xf91546835f756da0c10cfa0cda95b15577b84aa7,2018-10-05 00:56:41+00:00,90000,7000000000,3311711,35396,65000000000000000,1892,,466,1777,1931,0.9202485758674263,36,1689,1911,0.8838304552590267,77,78,464809,35,0x612d0056c94c1d441eb893c89e5acf43181a5268c3970aece75b5bc62f883989,1140,36,1,374,35,205940,407,2,,,1,0,0
0x9b550fcb0bf940415a3741d7b6f658ed6121067b6c9cc0f2a827f640e7e3a5ad,1,0xb42b9479a36bf23d6cf88f977d454766a5f9abcc,0xf91546835f756da0c10cfa0cda95b15577b84aa7,2018-10-05 01:03:04+00:00,750000,8000000000,1433878,161539,60000000000000000,0,,465,1778,1932,0.9202898550724636,36,2,2,1.0,1,0,3,36,0x9b550fcb0bf940415a3741d7b6f658ed6121067b6c9cc0f2a827f640e7e3a5ad,1,1,1,375,35,205975,1,2,,,1,0,0
0xe162537ec5d98be6a9cc9fac4932f6bf3a4d6c71b07edcdccde596e16555b28e,1,0xf36cb9c2984838eb2bbda4fcdb3f9cb2ac05d1fa,0xf91546835f756da0c10cfa0cda95b15577b84aa7,2018-10-05 01:03:39+00:00,90000,20700000000,121048,62425,0,1894,,464,1779,1933,0.9203310915675116,36,1691,1913,0.883951907997909,77,78,464849,37,0xe162537ec5d98be6a9cc9fac4932f6bf3a4d6c71b07edcdccde596e16555b28e,1141,36,1,375,35,205980,407,2,,,1,0,0
0x6b04219d2dffe3758db9029552dc807674f21a633bae9d7a5922321d17f9279c,1,0x292ce25b4f65516a1b7088e3c90f3b904334b947,0xf91546835f756da0c10cfa0cda95b15577b84aa7,2018-10-05 01:10:51+00:00,1000000,12000000000,1728014,50093,1999353076000000000,21,,463,1780,1934,0.9203722854188212,36,24,24,1.0,20,185,1084880,38,0x6b04219d2dffe3758db9029552dc807674f21a633bae9d7a5922321d17f9279c,2,2,1,375,35,206007,3,2,,,1,0,0
0x9acdcf01e6a7a6c17385bd6030c20c4c0bced0c767bef742a2892bb0d1618446,1,0xee5710dd24d0a5b0d015d99796aceae6fc463752,0xf91546835f756da0c10cfa0cda95b15577b84aa7,2018-10-05 01:53:45+00:00,750000,15000000000,951486,161603,5000000000000000,0,,462,1781,1935,0.9204134366925064,36,2,2,1.0,1,0,3,39,0x9acdcf01e6a7a6c17385bd6030c20c4c0bced0c767bef742a2892bb0d1618446,1,1,1,376,35,206181,1,2,,,1,0,0
0xa127918fc048f218467326df32671453be23b15f86e4d3521bcd72734d9fd36e,1,0xf36cb9c2984838eb2bbda4fcdb3f9cb2ac05d1fa,0xf91546835f756da0c10cfa0cda95b15577b84aa7,2018-10-05 01:53:59+00:00,90000,20000000000,221997,62425,0,1896,,461,1782,1936,0.9204545454545454,36,1693,1915,0.8840731070496084,77,78,465053,40,0xa127918fc048f218467326df32671453be23b15f86e4d3521bcd72734d9fd36e,1142,36,1,376,35,206184,408,2,,,1,0,0
0xf013f7a4a34e37f728cfabc32143c012182cf204b443767dd592e5bb6aceea8c,1,0xf36cb9c2984838eb2bbda4fcdb3f9cb2ac05d1fa,0xf91546835f756da0c10cfa0cda95b15577b84aa7,2018-10-05 01:54:49+00:00,90000,20000000000,477798,50396,5000000000000000,1897,,460,1783,1937,0.9204956117707797,36,1694,1916,0.884133611691023,77,78,465056,41,0xf013f7a4a34e37f728cfabc32143c012182cf204b443767dd592e5bb6aceea8c,1143,36,1,376,35,206187,408,2,,,1,0,0
0x37c4ed0f4bd4524b95f94826507846e0031f161d2415174e1af875b148133a75,1,0xb8748ccce78b8b40bc155c2544bad446dff369a5,0xf91546835f756da0c10cfa0cda95b15577b84aa7,2018-10-05 01:57:49+00:00,1000000,15000000000,1273827,35093,289508698000000000,38,,459,1784,1938,0.9205366357069144,36,72,72,1.0,40,184,1078652,42,0x37c4ed0f4bd4524b95f94826507846e0031f161d2415174e1af875b148133a75,10,10,1,376,35,206205,3,2,,,1,0,0
0xd464e943884c9c9731b6727fae42959df3578933ed9bff2fbe705f1df7434189,1,0x9fd7820fa255dc3977303be396e56b62a5fbaa00,0xf91546835f756da0c10cfa0cda95b15577b84aa7,2018-10-05 02:03:13+00:00,750000,16000000000,3151674,161539,10000000000000000,0,,458,1785,1939,0.9205776173285198,36,2,2,1.0,1,0,5,43,0xd464e943884c9c9731b6727fae42959df3578933ed9bff2fbe705f1df7434189,1,1,1,377,35,206228,1,2,,,1,0,0
0x92805378985da1069f039f412b852c7d499374c9b71616fe0c0f142ee41b8946,1,0xf36cb9c2984838eb2bbda4fcdb3f9cb2ac05d1fa,0xf91546835f756da0c10cfa0cda95b15577b84aa7,2018-10-05 02:04:41+00:00,90000,30000000000,827120,62425,0,1899,,457,1786,1940,0.9206185567010308,36,1696,1918,0.8842544316996872,77,78,465102,44,0x92805378985da1069f039f412b852c7d499374c9b71616fe0c0f142ee41b8946,1144,36,1,377,35,206233,408,2,,,1,0,0
0xbd78fb3c344ce9273030852285f3293094b7e1947d6104b6a481751a9695fadf,1,0xf36cb9c2984838eb2bbda4fcdb3f9cb2ac05d1fa,0xf91546835f756da0c10cfa0cda95b15577b84aa7,2018-10-05 04:16:13+00:00,90000,32000000000,988957,50396,5000000000000000,1904,,456,1787,1941,0.9206594538897476,36,1701,1923,0.8845553822152886,77,78,465667,45,0xbd78fb3c344ce9273030852285f3293094b7e1947d6104b6a481751a9695fadf,1145,36,1,377,35,206798,410,2,,,1,0,0
0x55cf9c2f0d0fd68545c2805268e8dbc9d951c6ec803ce511c9c6842f18147249,1,0x9fb259f5c1c62d91c5fd4bb95753e61ef90fc556,0xf91546835f756da0c10cfa0cda95b15577b84aa7,2018-10-05 04:19:51+00:00,1000000,10000000000,4458003,35093,216818059000000000,2,,455,1788,1942,0.9207003089598352,36,7,7,1.0,2,1,1349,46,0x55cf9c2f0d0fd68545c2805268e8dbc9d951c6ec803ce511c9c6842f18147249,3,2,1,377,35,206809,1,2,,,1,0,0
0x2662f9c9f2d795daf5b99d498aefdf7370c5db1880dd37e58ad76c0c2045aa7a,1,0xf36cb9c2984838eb2bbda4fcdb3f9cb2ac05d1fa,0xf91546835f756da0c10cfa0cda95b15577b84aa7,2018-10-05 04:29:00+00:00,90000,20830482002,755288,50396,5000000000000000,1905,,454,1789,1943,0.9207411219763252,36,1702,1924,0.8846153846153845,77,78,465724,47,0x2662f9c9f2d795daf5b99d498aefdf7370c5db1880dd37e58ad76c0c2045aa7a,1146,36,1,377,35,206855,410,2,,,1,0,0
0x3961cc9a5ff4f15745a411162b96425188bc6e15291565891cf0de1bbfc9d082,1,0x4b6cc4408beb90c63fcef3ef93a5af792d8d5d74,0xf91546835f756da0c10cfa0cda95b15577b84aa7,2018-10-05 05:20:51+00:00,1000000,12000000000,1073873,35093,311699070000000000,2,,453,1790,1944,0.9207818930041152,36,6,6,1.0,4,18,107177,48,0x3961cc9a5ff4f15745a411162b96425188bc6e15291565891cf0de1bbfc9d082,3,3,1,377,35,207073,1,2,,,1,0,0
0x05559c1e8dcfb5349f52630ba34f61a35e5372e40d94f7b898ffbadf574a3e43,1,0x4b6cc4408beb90c63fcef3ef93a5af792d8d5d74,0xf91546835f756da0c10cfa0cda95b15577b84aa7,2018-10-05 05:26:39+00:00,1000000,10000000000,951727,35029,19578884000000000,3,,452,1791,1945,0.9208226221079692,36,8,8,1.0,4,18,107204,49,0x05559c1e8dcfb5349f52630ba34f61a35e5372e40d94f7b898ffbadf574a3e43,4,3,1,377,35,207100,1,2,,,1,0,0
0x45dc842bbc2754d6bcb82e9cb2b1e6d5204e8cb3843fea095e5d4228fd8122cd,1,0xf36cb9c2984838eb2bbda4fcdb3f9cb2ac05d1fa,0xf91546835f756da0c10cfa0cda95b15577b84aa7,2018-10-05 05:45:23+00:00,90000,19825000000,2157627,35396,388000000000000000,1909,,451,1792,1946,0.920863309352518,36,1706,1928,0.8848547717842323,77,78,466035,50,0x45dc842bbc2754d6bcb82e9cb2b1e6d5204e8cb3843fea095e5d4228fd8122cd,1147,36,1,377,35,207166,411,2,,,1,0,0
0x0fd538da28011bf4d5129accab387ae77cf26aee190553d49d29b87ea0dcc465,1,0xf36cb9c2984838eb2bbda4fcdb3f9cb2ac05d1fa,0xf91546835f756da0c10cfa0cda95b15577b84aa7,2018-10-05 05:45:28+00:00,90000,19825000000,1666074,35396,388000000000000000,1910,,450,1793,1947,0.9209039548022598,36,1707,1929,0.884914463452566,77,78,466036,51,0x0fd538da28011bf4d5129accab387ae77cf26aee190553d49d29b87ea0dcc465,1148,36,1,377,35,207167,411,2,,,1,0,0
0xc807a496d86d9b4c5fe20ddf4b000add378d39415a92687e106e6b55d45d4701,1,0xf36cb9c2984838eb2bbda4fcdb3f9cb2ac05d1fa,0xf91546835f756da0c10cfa0cda95b15577b84aa7,2018-10-05 05:45:33+00:00,90000,19825000000,876634,35460,385500000000000000,1911,,449,1794,1948,0.9209445585215604,36,1708,1930,0.8849740932642487,77,78,466037,52,0xc807a496d86d9b4c5fe20ddf4b000add378d39415a92687e106e6b55d45d4701,1149,36,1,377,35,207168,411,2,,,1,0,0
0x195b285151acdd1130f7ebc72771a2aac1ff765a35dff067e1108cbf84d09c07,1,0x230535d2623dcc35ad44a348710e64118616b44c,0xf91546835f756da0c10cfa0cda95b15577b84aa7,2018-10-05 06:02:28+00:00,1000000,20000000000,2366280,35093,649649070000000000,6,,448,1795,1949,0.9209851205746536,36,13,13,1.0,5,134,789856,53,0x195b285151acdd1130f7ebc72771a2aac1ff765a35dff067e1108cbf84d09c07,4,3,1,377,35,207243,2,2,,,1,0,0
0x6ceb1e8ee29d1d6d0681a7cf438b620431e643cc23ceb106a9db48f777a964a7,1,0x5b80ca4f35a3e43e3ec4468d594e3eb682b74339,0xf91546835f756da0c10cfa0cda95b15577b84aa7,2018-10-05 06:15:16+00:00,1000000,20000000000,2445959,35093,373206359000000000,6,,447,1796,1950,0.921025641025641,36,13,13,1.0,5,46,276987,54,0x6ceb1e8ee29d1d6d0681a7cf438b620431e643cc23ceb106a9db48f777a964a7,6,3,1,377,35,207294,2,2,,,1,0,0
0x40e4fb0d410420982b5489b8c4bb63741a0e57c5837475fc6ad49de82c7b5fd0,1,0x85c9ba286389f7f05351e29f83bddccdf7be9751,0xf91546835f756da0c10cfa0cda95b15577b84aa7,2018-10-05 08:59:30+00:00,1000000,20000000000,1027869,35093,330134287000000000,9,,446,1797,1951,0.921066119938493,36,18,19,0.9473684210526316,8,16,99287,55,0x40e4fb0d410420982b5489b8c4bb63741a0e57c5837475fc6ad49de82c7b5fd0,7,6,1,377,35,207982,2,2,,,1,0,0
0xab307608a2ebead4fb3ef6bd483162cf6c517d1e98f2db9b8fc9202ab298dbb4,1,0xf2fb58c0c2d4c628d0e9d31d0620e5a7265940d2,0xf91546835f756da0c10cfa0cda95b15577b84aa7,2018-10-05 13:26:03+00:00,750000,8000000000,1457941,161603,5000000000000000,0,,445,1798,1952,0.9211065573770492,36,2,2,1.0,2,1,5839,56,0xab307608a2ebead4fb3ef6bd483162cf6c517d1e98f2db9b8fc9202ab298dbb4,1,1,1,378,35,209140,1,2,,,1,0,0
0x63a84a555997ead4ed21ce5d4c48e8e3597af7c9e15dd4858d3b4908f6534923,1,0xf36cb9c2984838eb2bbda4fcdb3f9cb2ac05d1fa,0xf91546835f756da0c10cfa0cda95b15577b84aa7,2018-10-05 13:26:46+00:00,90000,20000000000,1445815,62425,0,1915,,444,1799,1953,0.921146953405018,36,1712,1934,0.8852119958634953,77,78,468013,57,0x63a84a555997ead4ed21ce5d4c48e8e3597af7c9e15dd4858d3b4908f6534923,1150,36,1,378,35,209144,412,2,,,1,0,0
0x931f7802e4f28def054d068eb9a1bf1d89f7c2a35279c29d78338c61e6d7f68f,1,0xf36cb9c2984838eb2bbda4fcdb3f9cb2ac05d1fa,0xf91546835f756da0c10cfa0cda95b15577b84aa7,2018-10-05 13:27:41+00:00,90000,20000000000,129571,50396,5000000000000000,1916,,443,1800,1954,0.9211873080859774,36,1713,1935,0.8852713178294573,77,78,468020,58,0x931f7802e4f28def054d068eb9a1bf1d89f7c2a35279c29d78338c61e6d7f68f,1151,36,1,378,35,209151,412,2,,,1,0,0
0x43eabeb16aacc11859156de3ddf4769aadc33a687434a7ddbd259e79aa890358,1,0xbe55236d1d5deec1e45b84473a166c49953db80c,0xf91546835f756da0c10cfa0cda95b15577b84aa7,2018-10-05 14:25:55+00:00,750000,20000000000,973694,161731,82876310813436388,14,,442,1801,1955,0.921227621483376,36,21,21,1.0,12,162,947228,59,0x43eabeb16aacc11859156de3ddf4769aadc33a687434a7ddbd259e79aa890358,1,1,1,379,35,209390,3,2,,,1,0,0
0x26a0edb77be060c890fac145db8d000be5e7911096d0db654c7f6a1557e10ac1,1,0xf36cb9c2984838eb2bbda4fcdb3f9cb2ac05d1fa,0xf91546835f756da0c10cfa0cda95b15577b84aa7,2018-10-05 14:26:38+00:00,90000,25000000000,1682453,62425,0,1918,,441,1802,1956,0.9212678936605316,36,1715,1937,0.8853897780072276,77,78,468263,60,0x26a0edb77be060c890fac145db8d000be5e7911096d0db654c7f6a1557e10ac1,1152,36,1,379,35,209394,413,2,,,1,0,0
0xc46fdfd6152cfbea65b25069636c163ceb7ee0eaf4174aa5521cc65f88f2977a,1,0x6b60219ad4e795c53a83f9ebcacf656719dae2ca,0xf91546835f756da0c10cfa0cda95b15577b84aa7,2018-10-05 19:01:29+00:00,1000000,20000000000,2137517,736513,0,1,,440,1803,1957,0.9213081246806336,36,3,3,1.0,2,29,179965,61,0xc46fdfd6152cfbea65b25069636c163ceb7ee0eaf4174aa5521cc65f88f2977a,2,2,5,379,35,210539,1,4,3.0,1.0,1,3,0
0x1c0370e733bfe1caae9f48d3d2b9feb5e160b42032ede5b276abf1678d772e69,1,0xf6bbc029c717629ee81e0039fe7037c972ca1206,0xf91546835f756da0c10cfa0cda95b15577b84aa7,2018-10-05 19:02:04+00:00,1000000,20000000000,3242369,733575,0,15,,439,1804,1958,0.9213483146067416,36,27,27,1.0,14,186,1090946,62,0x1c0370e733bfe1caae9f48d3d2b9feb5e160b42032ede5b276abf1678d772e69,3,3,5,379,35,210541,2,4,3.0,1.0,1,3,0
0x98de5c3a98fe203c0a1f4b308f1f4f177c3eba8f50f0622fe24632782d09c8e5,1,0xf6bbc029c717629ee81e0039fe7037c972ca1206,0xf91546835f756da0c10cfa0cda95b15577b84aa7,2018-10-05 19:02:59+00:00,750000,20000000000,357729,203668,0,17,,438,1805,1959,0.9213884635017866,36,29,29,1.0,14,186,1090953,63,0x98de5c3a98fe203c0a1f4b308f1f4f177c3eba8f50f0622fe24632782d09c8e5,4,3,2,379,35,210548,3,3,0.0,1.0,1,1,0
0x296655b2e868b502c0a51bc80386850b567266d6317f2a46567d23f6bef118d4,1,0xf36cb9c2984838eb2bbda4fcdb3f9cb2ac05d1fa,0xf91546835f756da0c10cfa0cda95b15577b84aa7,2018-10-05 19:04:20+00:00,90000,20000000000,982012,62425,0,1928,,437,1806,1961,0.9209586945436002,36,1725,1947,0.8859784283513096,77,78,469421,64,0x296655b2e868b502c0a51bc80386850b567266d6317f2a46567d23f6bef118d4,1153,36,1,379,35,210552,421,2,,,1,0,0
0xf78e0a15c7b52316977a4d992859a4611c8c02a10d57eac3b84fe6ae7443e47d,1,0x6b60219ad4e795c53a83f9ebcacf656719dae2ca,0xf91546835f756da0c10cfa0cda95b15577b84aa7,2018-10-05 19:04:20+00:00,750000,20000000000,1191680,188668,0,3,,436,1806,1961,0.9209586945436002,36,5,5,1.0,2,29,179978,65,0xf78e0a15c7b52316977a4d992859a4611c8c02a10d57eac3b84fe6ae7443e47d,3,2,2,379,35,210552,2,3,0.0,1.0,1,1,0
0x189b0316acc463d75c2dfb2a0240f03865379ba866ed8c972a71fab666cb8f72,1,0xf36cb9c2984838eb2bbda4fcdb3f9cb2ac05d1fa,0xf91546835f756da0c10cfa0cda95b15577b84aa7,2018-10-05 19:04:59+00:00,90000,20000000000,882702,62425,0,1929,,435,1807,1962,0.920998980632008,36,1726,1948,0.8860369609856262,77,78,469424,66,0x189b0316acc463d75c2dfb2a0240f03865379ba866ed8c972a71fab666cb8f72,1154,36,1,379,35,210555,421,2,,,1,0,0
0x6ff60ced5f23d5dcbcb515eb15f31ad623c81aea72a797ec61fb7036b63dfa19,1,0xf36cb9c2984838eb2bbda4fcdb3f9cb2ac05d1fa,0xf91546835f756da0c10cfa0cda95b15577b84aa7,2018-10-05 19:05:39+00:00,90000,20000000000,1338540,56585,0,1931,,434,1808,1963,0.9210392256749872,36,1728,1950,0.8861538461538461,77,78,469428,67,0x6ff60ced5f23d5dcbcb515eb15f31ad623c81aea72a797ec61fb7036b63dfa19,1155,36,2,379,35,210559,421,3,0.0,1.0,1,1,0
0xe0cd78762426e6fad966ae79d2e44f41a3c49e8d0ad3bd5f044c37ac59d61f08,1,0xf36cb9c2984838eb2bbda4fcdb3f9cb2ac05d1fa,0xf91546835f756da0c10cfa0cda95b15577b84aa7,2018-10-05 19:25:59+00:00,90000,20000000000,1163673,41201,0,1933,,433,1809,1964,0.9210794297352342,36,1730,1952,0.8862704918032785,77,78,469503,68,0xe0cd78762426e6fad966ae79d2e44f41a3c49e8d0ad3bd5f044c37ac59d61f08,1156,36,2,379,35,210634,421,3,0.0,1.0,1,1,0
0x5974604006e1240358747b0d40cd7330fc97fab93e69aa8c60fe8a87f9113561,1,0x37692dbdd2fb3dffc8db9c784a263bb06ae58328,0xf91546835f756da0c10cfa0cda95b15577b84aa7,2018-10-05 19:44:13+00:00,1000000,20000000000,1739345,740155,0,12,,432,1810,1965,0.921119592875318,36,33,33,1.0,21,174,1018945,69,0x5974604006e1240358747b0d40cd7330fc97fab93e69aa8c60fe8a87f9113561,3,3,5,379,35,210715,2,4,3.0,1.0,1,3,0
0x2757d38d1e796872e46ad0f26781d83b3c8943960167b3b73b11aaf795bf1496,1,0x37692dbdd2fb3dffc8db9c784a263bb06ae58328,0xf91546835f756da0c10cfa0cda95b15577b84aa7,2018-10-05 19:52:17+00:00,750000,20000000000,2468512,224291,315529138686080105,15,,431,1811,1966,0.9211597151576804,36,36,36,1.0,21,174,1018987,70,0x2757d38d1e796872e46ad0f26781d83b3c8943960167b3b73b11aaf795bf1496,4,3,2,379,35,210757,3,3,0.0,1.0,1,1,0
0x94203515ce5c36c25f2db2e8282903dee0a4238e56b2c9e68c7ceed08314a4ff,1,0xf36cb9c2984838eb2bbda4fcdb3f9cb2ac05d1fa,0xf91546835f756da0c10cfa0cda95b15577b84aa7,2018-10-05 19:53:24+00:00,90000,20000000000,900717,62425,0,1935,,430,1812,1967,0.9211997966446364,36,1732,1954,0.8863868986693961,77,78,469630,71,0x94203515ce5c36c25f2db2e8282903dee0a4238e56b2c9e68c7ceed08314a4ff,1157,36,1,379,35,210761,421,2,,,1,0,0
0x634bfde4c82d1d873921c5d30051038bee955cd6bfa0b18e0fd71674b4e805ad,1,0xf36cb9c2984838eb2bbda4fcdb3f9cb2ac05d1fa,0xf91546835f756da0c10cfa0cda95b15577b84aa7,2018-10-05 19:54:48+00:00,90000,20000000000,723910,50524,315529138686080105,1936,,429,1813,1968,0.921239837398374,36,1733,1955,0.8864450127877238,77,78,469634,72,0x634bfde4c82d1d873921c5d30051038bee955cd6bfa0b18e0fd71674b4e805ad,1158,36,1,379,35,210765,421,2,,,1,0,0
0xea55503b3a6929364cbdd4cb76c40d8da6054cb7ce09e51c30f11b6f4dce3cdd,1,0xf36cb9c2984838eb2bbda4fcdb3f9cb2ac05d1fa,0xf91546835f756da0c10cfa0cda95b15577b84aa7,2018-10-05 19:55:13+00:00,90000,20000000000,553071,56585,0,1938,,428,1814,1969,0.9212798374809548,36,1735,1957,0.886561062851303,77,78,469638,73,0xea55503b3a6929364cbdd4cb76c40d8da6054cb7ce09e51c30f11b6f4dce3cdd,1159,36,2,379,35,210769,421,3,0.0,1.0,1,1,0
0x194840c7adac950c9cb10c5263c964a0f3ed1795557cd9be1727eaff04fc9684,1,0xf36cb9c2984838eb2bbda4fcdb3f9cb2ac05d1fa,0xf91546835f756da0c10cfa0cda95b15577b84aa7,2018-10-05 19:55:44+00:00,90000,20000000000,1116498,35524,315529138686080105,1940,,427,1815,1970,0.9213197969543148,36,1736,1959,0.8861664114344053,77,78,469640,74,0x194840c7adac950c9cb10c5263c964a0f3ed1795557cd9be1727eaff04fc9684,1160,36,1,379,35,210771,421,2,,,1,0,0
0xe59bdc57e921f907d8918c1ba49cd5d35f62eea6cb6eb83b7ec21eacd38b6d1d,1,0x65e9ce629f341b2fc5ea77dc2ab1acc05f4072b9,0xf91546835f756da0c10cfa0cda95b15577b84aa7,2018-10-05 19:55:51+00:00,1000000,20000000000,1972564,747565,0,80,,426,1816,1972,0.920892494929006,36,103,103,1.0,20,186,1095075,75,0xe59bdc57e921f907d8918c1ba49cd5d35f62eea6cb6eb83b7ec21eacd38b6d1d,12,5,5,379,35,210773,9,4,3.0,1.0,1,3,0
0x2fde190795b223a756420d81ab0d9d9f0768d4a72d7c1e3a9424434a1af2e25d,1,0xf36cb9c2984838eb2bbda4fcdb3f9cb2ac05d1fa,0xf91546835f756da0c10cfa0cda95b15577b84aa7,2018-10-05 19:55:51+00:00,90000,20000000000,2035717,41201,0,1941,,425,1816,1972,0.920892494929006,36,1737,1960,0.8862244897959183,77,78,469642,76,0x2fde190795b223a756420d81ab0d9d9f0768d4a72d7c1e3a9424434a1af2e25d,1161,36,2,379,35,210773,421,3,0.0,1.0,1,1,0
0x10e3f2f956da409ab8c4a83a87814d34cb27d56826a6f06193cf4d9e598ebe5a,1,0xf36cb9c2984838eb2bbda4fcdb3f9cb2ac05d1fa,0xf91546835f756da0c10cfa0cda95b15577b84aa7,2018-10-05 22:24:53+00:00,90000,25000000000,314194,41201,0,1944,,424,1817,1973,0.920932589964521,36,1740,1963,0.8863983698420784,77,78,470258,77,0x10e3f2f956da409ab8c4a83a87814d34cb27d56826a6f06193cf4d9e598ebe5a,1162,36,2,379,35,211389,421,3,0.0,1.0,1,1,0
0x6a07528752e92bb846559639f2045998da076e1d6098862a17eca98c4c51266d,1,0x65e9ce629f341b2fc5ea77dc2ab1acc05f4072b9,0xf91546835f756da0c10cfa0cda95b15577b84aa7,2018-10-05 22:28:13+00:00,750000,20000000000,521259,224163,19534845000000000,82,,423,1818,1974,0.9209726443768996,36,105,105,1.0,20,186,1095703,78,0x6a07528752e92bb846559639f2045998da076e1d6098862a17eca98c4c51266d,13,5,2,379,35,211401,10,3,0.0,1.0,1,1,0
0x2ca0c73b718c194264c23ac84f4ad6fec288e2e461b53829ce084ce3eb67d129,1,0xf36cb9c2984838eb2bbda4fcdb3f9cb2ac05d1fa,0xf91546835f756da0c10cfa0cda95b15577b84aa7,2018-10-05 22:28:52+00:00,90000,20000000000,724330,62425,0,1945,,422,1819,1975,0.921012658227848,36,1741,1964,0.8864562118126272,77,78,470273,79,0x2ca0c73b718c194264c23ac84f4ad6fec288e2e461b53829ce084ce3eb67d129,1163,36,1,379,35,211404,421,2,,,1,0,0
0x217ba3f17c18378a7f8f1406d73a6eec937f6801a17d8f003cd07663a607f457,1,0xf36cb9c2984838eb2bbda4fcdb3f9cb2ac05d1fa,0xf91546835f756da0c10cfa0cda95b15577b84aa7,2018-10-05 22:30:06+00:00,90000,20000000000,1270060,50396,19534845000000000,1946,,421,1820,1976,0.9210526315789472,36,1742,1966,0.8860630722278738,77,78,470280,80,0x217ba3f17c18378a7f8f1406d73a6eec937f6801a17d8f003cd07663a607f457,1164,36,1,379,35,211411,421,2,,,1,0,0
0x446916c2f6e66a16889558690026983ee833b367c73895e8270b35cf055ce5e2,1,0xf36cb9c2984838eb2bbda4fcdb3f9cb2ac05d1fa,0xf91546835f756da0c10cfa0cda95b15577b84aa7,2018-10-05 22:30:38+00:00,90000,20000000000,952698,56585,0,1948,,420,1821,1977,0.921092564491654,36,1743,1967,0.8861209964412811,77,78,470282,81,0x446916c2f6e66a16889558690026983ee833b367c73895e8270b35cf055ce5e2,1165,36,2,379,35,211413,421,3,0.0,1.0,1,1,0
0xb461110cb06be7d2da26bdbb20dd1919bd2556ac7662fd63588e88dafafc4f8f,1,0xf36cb9c2984838eb2bbda4fcdb3f9cb2ac05d1fa,0xf91546835f756da0c10cfa0cda95b15577b84aa7,2018-10-05 23:09:01+00:00,90000,3000000000,7712656,35524,315529138686080105,1950,,419,1822,1978,0.9211324570273002,36,1744,1969,0.8857287963433214,77,78,470454,82,0xb461110cb06be7d2da26bdbb20dd1919bd2556ac7662fd63588e88dafafc4f8f,1166,36,1,379,35,211585,421,2,,,1,0,0
0xb4956f8ee0fd3938dffbb7541e62e512ecc85a6990104a7583586cf9ba96e976,1,0xf36cb9c2984838eb2bbda4fcdb3f9cb2ac05d1fa,0xf91546835f756da0c10cfa0cda95b15577b84aa7,2018-10-05 23:09:49+00:00,90000,3000000000,7820353,41201,0,1951,,418,1823,1979,0.9211723092470944,36,1745,1970,0.8857868020304569,77,78,470457,83,0xb4956f8ee0fd3938dffbb7541e62e512ecc85a6990104a7583586cf9ba96e976,1167,36,2,379,35,211588,421,3,0.0,1.0,1,1,0
0xbaa4687aa0146ce581314a4a83cdeb89c92e7c6476141f74be8ec0222e3a1432,1,0xf36cb9c2984838eb2bbda4fcdb3f9cb2ac05d1fa,0xf91546835f756da0c10cfa0cda95b15577b84aa7,2018-10-06 00:29:27+00:00,90000,5000000000,1195481,41201,0,1953,,417,1824,1980,0.9212121212121211,37,1747,1972,0.8859026369168356,78,79,470805,84,0xbaa4687aa0146ce581314a4a83cdeb89c92e7c6476141f74be8ec0222e3a1432,1168,37,2,379,36,211936,421,3,0.0,1.0,1,1,0
0xfd76849526b2ad20346dfc3bc200a492fb17fe54b189d2158468d21c2a782eb4,1,0xf6bbc029c717629ee81e0039fe7037c972ca1206,0xf91546835f756da0c10cfa0cda95b15577b84aa7,2018-10-06 00:30:11+00:00,1000000,5000000000,930828,50093,80001495031477140,19,,416,1825,1981,0.9212518929833416,37,32,32,1.0,15,187,1092345,85,0xfd76849526b2ad20346dfc3bc200a492fb17fe54b189d2158468d21c2a782eb4,5,4,1,379,36,211940,3,2,,,1,0,0
0xaeb25a1b6cc3018949d0aa3dcbc1fb21760a36dfca476dd28ffb9bbe87bc022a,1,0xf36cb9c2984838eb2bbda4fcdb3f9cb2ac05d1fa,0xf91546835f756da0c10cfa0cda95b15577b84aa7,2018-10-06 01:09:54+00:00,90000,20000000000,461910,50524,80001495031477140,1955,,415,1826,1982,0.9212916246215944,37,1748,1974,0.8855116514690982,78,79,470964,86,0xaeb25a1b6cc3018949d0aa3dcbc1fb21760a36dfca476dd28ffb9bbe87bc022a,1169,37,1,379,36,212095,421,2,,,1,0,0
0x761ff2c1d758b1c60778ed157f271f7c1a0ff11f1485831e7b22afac3e471064,1,0xf36cb9c2984838eb2bbda4fcdb3f9cb2ac05d1fa,0xf91546835f756da0c10cfa0cda95b15577b84aa7,2018-10-06 01:10:15+00:00,90000,20000000000,687916,41201,0,1956,,414,1827,1983,0.9213313161875945,37,1749,1975,0.8855696202531645,78,79,470966,87,0x761ff2c1d758b1c60778ed157f271f7c1a0ff11f1485831e7b22afac3e471064,1170,37,2,379,36,212097,421,3,0.0,1.0,1,1,0
0x29f945d94f159d1a53fddadc82261c5a949f58b182b2cdaf2020c3ae82fbe9b5,1,0xf36cb9c2984838eb2bbda4fcdb3f9cb2ac05d1fa,0xf91546835f756da0c10cfa0cda95b15577b84aa7,2018-10-06 01:11:00+00:00,90000,20000000000,1915104,35524,315529138686080105,1958,,413,1828,1984,0.9213709677419356,37,1750,1977,0.885179564997471,78,79,470967,88,0x29f945d94f159d1a53fddadc82261c5a949f58b182b2cdaf2020c3ae82fbe9b5,1171,37,1,379,36,212098,421,2,,,1,0,0
0xc87b32ab62e341695f09bf8521215dd05e9d376102b1d43730609e6ecc9ffb1f,1,0xf36cb9c2984838eb2bbda4fcdb3f9cb2ac05d1fa,0xf91546835f756da0c10cfa0cda95b15577b84aa7,2018-10-06 01:12:14+00:00,90000,10000000000,1140188,35396,19534845000000000,1960,,411,1829,1986,0.9209466263846928,37,1751,1980,0.8843434343434343,78,79,470970,89,0xc87b32ab62e341695f09bf8521215dd05e9d376102b1d43730609e6ecc9ffb1f,1173,37,1,379,36,212101,421,2,,,1,0,0
0x0f6d593d4b28692f8c56f1c7fbe76c405046ef2cb59c58c706d131617c1cebfa,1,0xf36cb9c2984838eb2bbda4fcdb3f9cb2ac05d1fa,0xf91546835f756da0c10cfa0cda95b15577b84aa7,2018-10-06 01:12:14+00:00,90000,10000000000,1104792,41201,0,1959,,412,1829,1986,0.9209466263846928,37,1751,1980,0.8843434343434343,78,79,470970,90,0x0f6d593d4b28692f8c56f1c7fbe76c405046ef2cb59c58c706d131617c1cebfa,1173,37,2,379,36,212101,421,3,0.0,1.0,1,1,0
0x3c33bcfa8e1d20b3bceebec493183c51b450faaad5175b4061626fd43571a333,1,0xf36cb9c2984838eb2bbda4fcdb3f9cb2ac05d1fa,0xf91546835f756da0c10cfa0cda95b15577b84aa7,2018-10-06 01:12:45+00:00,90000,5000000000,1502179,41201,0,1962,,410,1830,1988,0.920523138832998,37,1752,1981,0.8844018172640081,78,79,470972,91,0x3c33bcfa8e1d20b3bceebec493183c51b450faaad5175b4061626fd43571a333,1174,37,2,379,36,212103,421,3,0.0,1.0,1,1,0
0xfc4cf8379588f04c99251724471d651ad6aca384d06574304be93517979f0b69,1,0x850e44a61fd83956d82673bb6632524bf6146c58,0xf91546835f756da0c10cfa0cda95b15577b84aa7,2018-10-06 01:12:45+00:00,1000000,5000000000,1548868,46689,0,25,,409,1830,1988,0.920523138832998,37,49,49,1.0,27,159,931892,92,0xfc4cf8379588f04c99251724471d651ad6aca384d06574304be93517979f0b69,6,6,1,379,36,212103,15,2,,,1,0,0
0x3ac601a8ac521e27ad356bae65b672858c959baf8ceefb0ada2c9429498fcb5b,1,0xdbb8e0adc7421677370396716fa0ed3379be3b71,0xf91546835f756da0c10cfa0cda95b15577b84aa7,2018-10-06 01:13:09+00:00,1000000,5000000000,1885670,746415,0,5,,408,1831,1989,0.9205630970336852,37,9,9,1.0,4,44,259548,93,0x3ac601a8ac521e27ad356bae65b672858c959baf8ceefb0ada2c9429498fcb5b,3,3,5,379,36,212105,3,4,3.0,1.0,1,3,0
0x9056eb440a7604c412c00e50cb2ab991021f4ea6bba50a0169610745b14b4c0a,1,0xdbb8e0adc7421677370396716fa0ed3379be3b71,0xf91546835f756da0c10cfa0cda95b15577b84aa7,2018-10-06 01:14:28+00:00,750000,5000000000,2503530,224163,48204450000000000,7,,407,1832,1990,0.9206030150753768,37,11,11,1.0,4,44,259554,94,0x9056eb440a7604c412c00e50cb2ab991021f4ea6bba50a0169610745b14b4c0a,4,3,2,379,36,212111,4,3,0.0,1.0,1,1,0
0x7236e715182883695daf1c2c8f84bc1087be4842755112ebf3fbc459ca35e5ec,1,0x6b60219ad4e795c53a83f9ebcacf656719dae2ca,0xf91546835f756da0c10cfa0cda95b15577b84aa7,2018-10-06 01:14:54+00:00,1000000,5000000000,1101473,50029,4290148000000000,5,,406,1833,1991,0.9206428930185836,37,8,8,1.0,3,30,181538,95,0x7236e715182883695daf1c2c8f84bc1087be4842755112ebf3fbc459ca35e5ec,4,3,1,379,36,212112,2,2,,,1,0,0
0xc5c911d75415db67c4f19a5a30c4ddfe89689b23d0612400aab09b2648da0ff4,1,0xf36cb9c2984838eb2bbda4fcdb3f9cb2ac05d1fa,0xf91546835f756da0c10cfa0cda95b15577b84aa7,2018-10-06 01:15:23+00:00,90000,5000000000,1074636,62425,0,1964,,405,1834,1992,0.9206827309236948,37,1754,1983,0.8845184064548663,78,79,470987,96,0xc5c911d75415db67c4f19a5a30c4ddfe89689b23d0612400aab09b2648da0ff4,1175,37,1,379,36,212118,421,2,,,1,0,0
0xe85f81f8ba06e7771d8410466c71a30ea50b580d29522f9f7df9880962e2f8aa,1,0xf36cb9c2984838eb2bbda4fcdb3f9cb2ac05d1fa,0xf91546835f756da0c10cfa0cda95b15577b84aa7,2018-10-06 01:17:28+00:00,90000,5000000000,1068789,50396,48204450000000000,1965,,404,1835,1993,0.9207225288509784,37,1755,1985,0.8841309823677582,78,79,470992,97,0xe85f81f8ba06e7771d8410466c71a30ea50b580d29522f9f7df9880962e2f8aa,1176,37,1,379,36,212123,421,2,,,1,0,0
0x27fe6224399b10fee46c1db841428906d4dc0eb40a204f4433c508376bee5407,1,0xf36cb9c2984838eb2bbda4fcdb3f9cb2ac05d1fa,0xf91546835f756da0c10cfa0cda95b15577b84aa7,2018-10-06 01:17:39+00:00,90000,5000000000,497279,56585,0,1967,,403,1836,1994,0.9207622868605816,37,1756,1986,0.8841893252769386,78,79,470994,98,0x27fe6224399b10fee46c1db841428906d4dc0eb40a204f4433c508376bee5407,1177,37,2,379,36,212125,421,3,0.0,1.0,1,1,0
0x35d9eb5026f9a9031e9ad3dd6f19e7592a7ed1114e24a4d4c836bb72a5e01df6,1,0xf36cb9c2984838eb2bbda4fcdb3f9cb2ac05d1fa,0xf91546835f756da0c10cfa0cda95b15577b84aa7,2018-10-06 01:18:02+00:00,90000,5000000000,2090212,35396,48204450000000000,1969,,402,1837,1995,0.9208020050125312,37,1757,1988,0.8838028169014084,78,79,470996,99,0x35d9eb5026f9a9031e9ad3dd6f19e7592a7ed1114e24a4d4c836bb72a5e01df6,1178,37,1,379,36,212127,421,2,,,1,0,0
0xec450ac2ef08fb5d12963f1591e7eabeae8fb39d1440f9c3bb6d64a0524bdc07,1,0xf36cb9c2984838eb2bbda4fcdb3f9cb2ac05d1fa,0xf91546835f756da0c10cfa0cda95b15577b84aa7,2018-10-06 01:18:14+00:00,90000,5000000000,2953612,41201,0,1970,,401,1838,1996,0.9208416833667334,37,1758,1989,0.8838612368024132,78,79,470998,100,0xec450ac2ef08fb5d12963f1591e7eabeae8fb39d1440f9c3bb6d64a0524bdc07,1179,37,2,379,36,212129,421,3,0.0,1.0,1,1,0
0xc10cc60e51f0b3282f466577a16f74d621def8961f46bacc4aefba075eb03267,1,0xf36cb9c2984838eb2bbda4fcdb3f9cb2ac05d1fa,0xf91546835f756da0c10cfa0cda95b15577b84aa7,2018-10-06 02:04:34+00:00,90000,18000000000,161089,35524,80001495031477140,1971,,400,1839,1997,0.9208813219829745,37,1759,1990,0.8839195979899497,78,79,471204,101,0xc10cc60e51f0b3282f466577a16f74d621def8961f46bacc4aefba075eb03267,1180,37,1,379,36,212335,421,2,,,1,0,0
0xed7c5aacc1c8b13054f17a4778ce309ad99cd23411608e0c0c888d00a63bccd5,1,0xf36cb9c2984838eb2bbda4fcdb3f9cb2ac05d1fa,0xf91546835f756da0c10cfa0cda95b15577b84aa7,2018-10-06 02:05:03+00:00,90000,20000000000,680215,41201,0,1973,,399,1840,1998,0.9209209209209208,37,1761,1992,0.8840361445783133,78,79,471207,102,0xed7c5aacc1c8b13054f17a4778ce309ad99cd23411608e0c0c888d00a63bccd5,1181,37,2,379,36,212338,421,3,0.0,1.0,1,1,0
0xa28dea42459075eb0388217e4ffd92a2143abfa6f78673f59ab7cea168664e18,1,0x6b60219ad4e795c53a83f9ebcacf656719dae2ca,0xf91546835f756da0c10cfa0cda95b15577b84aa7,2018-10-06 02:23:52+00:00,1000000,18000000000,429756,35029,59596375000000000,7,,398,1841,1999,0.92096048024012,37,11,11,1.0,3,30,181855,103,0xa28dea42459075eb0388217e4ffd92a2143abfa6f78673f59ab7cea168664e18,5,3,1,379,36,212429,2,2,,,1,0,0
0xd67dffb6cfc9f15a6443c30a3b21fbb1e8d5d78e45373c1c3b8eef348234e9b8,1,0xf6bbc029c717629ee81e0039fe7037c972ca1206,0xf91546835f756da0c10cfa0cda95b15577b84aa7,2018-10-06 02:25:30+00:00,1000000,15000000000,2242582,34965,4596055000000000,21,,397,1842,2000,0.921,37,35,35,1.0,15,187,1092839,104,0xd67dffb6cfc9f15a6443c30a3b21fbb1e8d5d78e45373c1c3b8eef348234e9b8,6,4,1,379,36,212434,3,2,,,1,0,0
0x37d2e0998aa8fb1cc1ec1e89dae670390cbb02630914e2f1e7856f7acd8b6758,1,0xf36cb9c2984838eb2bbda4fcdb3f9cb2ac05d1fa,0xf91546835f756da0c10cfa0cda95b15577b84aa7,2018-10-06 02:26:08+00:00,90000,5000000000,2387646,56649,0,1976,,396,1843,2001,0.92103948025987,37,1764,1995,0.8842105263157894,78,79,471306,105,0x37d2e0998aa8fb1cc1ec1e89dae670390cbb02630914e2f1e7856f7acd8b6758,1182,37,2,379,36,212437,421,3,0.0,1.0,1,1,0
0x3027c9ef922db1e1f8f8701a730bb116bb45ead2a9018fc035d29db7ded5a41e,1,0x6b60219ad4e795c53a83f9ebcacf656719dae2ca,0xf91546835f756da0c10cfa0cda95b15577b84aa7,2018-10-06 02:30:36+00:00,1000000,10000000000,2023292,35093,132025950000000000,9,,395,1844,2002,0.921078921078921,37,14,14,1.0,3,30,181880,106,0x3027c9ef922db1e1f8f8701a730bb116bb45ead2a9018fc035d29db7ded5a41e,6,3,1,379,36,212454,2,2,,,1,0,0
0x000152584a11cf2f2f40fd6685ce7ddc67e00f4679f2c94934bcc6ded2e4b941,1,0xf36cb9c2984838eb2bbda4fcdb3f9cb2ac05d1fa,0xf91546835f756da0c10cfa0cda95b15577b84aa7,2018-10-06 02:32:17+00:00,90000,20000000000,844925,41713,0,1978,,394,1845,2003,0.9211183225162256,37,1766,1997,0.8843264897346019,78,79,471329,107,0x000152584a11cf2f2f40fd6685ce7ddc67e00f4679f2c94934bcc6ded2e4b941,1183,37,2,379,36,212460,421,3,0.0,1.0,1,1,0
0x5c8aa2f247d48d7012c75457ddc0d2d8b289bee4e86ef9257b6b2cffbba45f3c,1,0xf36cb9c2984838eb2bbda4fcdb3f9cb2ac05d1fa,0xf91546835f756da0c10cfa0cda95b15577b84aa7,2018-10-06 02:36:17+00:00,90000,21000000001,776879,35524,315529138686080105,1980,,393,1846,2004,0.9211576846307384,37,1767,1999,0.8839419709854927,78,79,471347,108,0x5c8aa2f247d48d7012c75457ddc0d2d8b289bee4e86ef9257b6b2cffbba45f3c,1184,37,1,379,36,212478,421,2,,,1,0,0
0x5714f9f3b9b457e1bb70dd8a737d1a98a142feeac2a004bce0246c15975b4dcd,1,0xf36cb9c2984838eb2bbda4fcdb3f9cb2ac05d1fa,0xf91546835f756da0c10cfa0cda95b15577b84aa7,2018-10-06 02:36:58+00:00,90000,25000000000,1238054,41201,0,1981,,392,1847,2005,0.9211970074812968,37,1768,2000,0.884,78,79,471349,109,0x5714f9f3b9b457e1bb70dd8a737d1a98a142feeac2a004bce0246c15975b4dcd,1185,37,2,379,36,212480,421,3,0.0,1.0,1,1,0
0x3e3b40865c2017517f47506d997f379eb39d465e328a57232ea8b75c3f4327f9,1,0x37692dbdd2fb3dffc8db9c784a263bb06ae58328,0xf91546835f756da0c10cfa0cda95b15577b84aa7,2018-10-06 02:38:08+00:00,1000000,16000000000,2901402,50029,4900260000000000,17,,391,1848,2006,0.92123629112662,37,39,39,1.0,22,175,1020712,110,0x3e3b40865c2017517f47506d997f379eb39d465e328a57232ea8b75c3f4327f9,5,4,1,379,36,212482,3,2,,,1,0,0
0x177db57a47c55acf90b7d2e1ce89b4ffe9dc03be6bee09f7094bb890bb340111,1,0x6b60219ad4e795c53a83f9ebcacf656719dae2ca,0xf91546835f756da0c10cfa0cda95b15577b84aa7,2018-10-06 02:40:10+00:00,1000000,18000000000,815542,35029,21420826000000000,11,,390,1849,2007,0.9212755356253112,37,17,17,1.0,3,30,181918,111,0x177db57a47c55acf90b7d2e1ce89b4ffe9dc03be6bee09f7094bb890bb340111,7,3,1,379,36,212492,2,2,,,1,0,0
0xa6cdf0562b5375ee3caa488e20045d1dd9487ce19a4943847df2555ee9a88920,1,0xf36cb9c2984838eb2bbda4fcdb3f9cb2ac05d1fa,0xf91546835f756da0c10cfa0cda95b15577b84aa7,2018-10-06 02:40:32+00:00,90000,20000000000,899279,41649,0,1983,,389,1850,2008,0.9213147410358564,37,1770,2002,0.8841158841158842,78,79,471365,112,0xa6cdf0562b5375ee3caa488e20045d1dd9487ce19a4943847df2555ee9a88920,1186,37,2,379,36,212496,421,3,0.0,1.0,1,1,0
0x3bf587a6a0ce83dc0cd7877bc8358b0b0e77505fa3f6baaf311a551e263fbde1,1,0xf36cb9c2984838eb2bbda4fcdb3f9cb2ac05d1fa,0xf91546835f756da0c10cfa0cda95b15577b84aa7,2018-10-06 02:46:33+00:00,90000,20000000000,604102,41713,0,1985,,388,1851,2009,0.9213539074166252,37,1772,2004,0.8842315369261478,78,79,471391,113,0x3bf587a6a0ce83dc0cd7877bc8358b0b0e77505fa3f6baaf311a551e263fbde1,1187,37,2,379,36,212522,421,3,0.0,1.0,1,1,0
0x74d8a47419aa0978844194a9d680d85d142df11def9a5ab75a894cb7b8f534d0,1,0x230535d2623dcc35ad44a348710e64118616b44c,0xf91546835f756da0c10cfa0cda95b15577b84aa7,2018-10-06 02:52:27+00:00,1000000,16000000000,1985253,725973,0,7,,387,1852,2010,0.9213930348258706,37,14,14,1.0,6,135,795161,114,0x74d8a47419aa0978844194a9d680d85d142df11def9a5ab75a894cb7b8f534d0,5,4,5,379,36,212548,2,4,3.0,1.0,1,3,0
0xbd309a3de83de6bb8ace0bed87630bdaa44246f873718044889f861fb6cb6536,1,0x6b60219ad4e795c53a83f9ebcacf656719dae2ca,0xf91546835f756da0c10cfa0cda95b15577b84aa7,2018-10-06 03:11:00+00:00,1000000,16000000000,1941203,35029,5578342000000000,13,,386,1853,2011,0.9214321233217304,37,20,20,1.0,3,30,182066,115,0xbd309a3de83de6bb8ace0bed87630bdaa44246f873718044889f861fb6cb6536,8,3,1,379,36,212640,2,2,,,1,0,0
0x72186b89eae71e1481b13d54587264bb0f5e66dff5545e207fc57f3c8d768542,1,0xf36cb9c2984838eb2bbda4fcdb3f9cb2ac05d1fa,0xf91546835f756da0c10cfa0cda95b15577b84aa7,2018-10-06 03:12:33+00:00,90000,9900000000,1498479,41585,0,1989,,385,1854,2012,0.9214711729622266,37,1776,2008,0.8844621513944223,78,79,471516,116,0x72186b89eae71e1481b13d54587264bb0f5e66dff5545e207fc57f3c8d768542,1188,37,2,379,36,212647,422,3,0.0,1.0,1,1,0
0xef93af64d4250a0bb209553b68cbfbab28bc891b7c2babdbb804742b8b914fc1,1,0xd8b69dc34a3cf1d45d727e670d99beb1edeb5fe1,0xf91546835f756da0c10cfa0cda95b15577b84aa7,2018-10-06 03:33:41+00:00,1000000,10000000000,3550794,46625,0,2,,384,1855,2013,0.9215101838052656,37,5,5,1.0,5,32,190734,117,0xef93af64d4250a0bb209553b68cbfbab28bc891b7c2babdbb804742b8b914fc1,3,3,1,379,36,212735,1,2,,,1,0,0
0x50e011c1a5b73efb6e07fac5908ca65b521bc6e86e7a6f255eddd420f1570a92,1,0x6b60219ad4e795c53a83f9ebcacf656719dae2ca,0xf91546835f756da0c10cfa0cda95b15577b84aa7,2018-10-06 04:49:50+00:00,1000000,6000000000,307186,35093,78948400000000000,15,,383,1856,2014,0.9215491559086396,37,23,23,1.0,3,30,182495,118,0x50e011c1a5b73efb6e07fac5908ca65b521bc6e86e7a6f255eddd420f1570a92,9,3,1,379,36,213069,2,2,,,1,0,0
0xac7da4a632248c2ed12e249d1a154b3583624c8f831f3491e191ba25d4eb0875,1,0xf36cb9c2984838eb2bbda4fcdb3f9cb2ac05d1fa,0xf91546835f756da0c10cfa0cda95b15577b84aa7,2018-10-06 04:53:04+00:00,90000,5000000000,1151776,41649,0,1991,,382,1857,2015,0.9215880893300248,37,1778,2010,0.8845771144278606,78,79,471944,119,0xac7da4a632248c2ed12e249d1a154b3583624c8f831f3491e191ba25d4eb0875,1189,37,2,379,36,213075,422,3,0.0,1.0,1,1,0
0x8c9c1d30dce0e60a7ace0964b771af276c9c02137768d102fd75c6e726c025c5,1,0x6b60219ad4e795c53a83f9ebcacf656719dae2ca,0xf91546835f756da0c10cfa0cda95b15577b84aa7,2018-10-06 05:13:58+00:00,1000000,5000000000,578405,35029,9605266000000000,17,,381,1858,2016,0.921626984126984,37,26,26,1.0,3,30,182592,120,0x8c9c1d30dce0e60a7ace0964b771af276c9c02137768d102fd75c6e726c025c5,10,3,1,379,36,213166,2,2,,,1,0,0
0x6eec306bb70c95d6fdfdd9b7714db0155823c744593d5f19b75990ef9f2f7a88,1,0xf36cb9c2984838eb2bbda4fcdb3f9cb2ac05d1fa,0xf91546835f756da0c10cfa0cda95b15577b84aa7,2018-10-06 05:15:32+00:00,90000,20000000000,1051056,41649,0,1993,,380,1859,2017,0.9216658403569656,37,1780,2012,0.8846918489065606,78,79,472042,121,0x6eec306bb70c95d6fdfdd9b7714db0155823c744593d5f19b75990ef9f2f7a88,1190,37,2,379,36,213173,422,3,0.0,1.0,1,1,0
0x3304d63dd31e6987ac57ab43024ff5932362008994be74ad0a351641d2e03002,1,0xf36cb9c2984838eb2bbda4fcdb3f9cb2ac05d1fa,0xf91546835f756da0c10cfa0cda95b15577b84aa7,2018-10-06 06:26:37+00:00,90000,5000000000,7678321,35460,14048687349993785,1996,,379,1860,2018,0.9217046580773042,37,1782,2015,0.8843672456575681,78,79,472363,122,0x3304d63dd31e6987ac57ab43024ff5932362008994be74ad0a351641d2e03002,1191,37,1,379,36,213494,422,2,,,1,0,0
0x09bd6306249705daa45397c30ba8de499790a3694754b3b7d92f31dd7600a0ed,1,0xf36cb9c2984838eb2bbda4fcdb3f9cb2ac05d1fa,0xf91546835f756da0c10cfa0cda95b15577b84aa7,2018-10-06 06:27:04+00:00,90000,5000000000,2191231,41649,0,1997,,378,1861,2019,0.9217434373452204,37,1783,2016,0.8844246031746031,78,79,472365,123,0x09bd6306249705daa45397c30ba8de499790a3694754b3b7d92f31dd7600a0ed,1192,37,2,379,36,213496,422,3,0.0,1.0,1,1,0
0x0b3a7a1eeef19b0f485f9877ff8b202177b662f17cfc62ae803ba196f39c69ec,1,0xf36cb9c2984838eb2bbda4fcdb3f9cb2ac05d1fa,0xf91546835f756da0c10cfa0cda95b15577b84aa7,2018-10-06 06:28:52+00:00,90000,10000000000,4019012,35396,48204450000000000,1999,,377,1862,2021,0.921326076199901,37,1784,2018,0.8840436075322101,78,79,472372,124,0x0b3a7a1eeef19b0f485f9877ff8b202177b662f17cfc62ae803ba196f39c69ec,1193,37,1,380,36,213503,422,2,,,1,0,0
0x0cfca250eec42a6e07bf7915422929b370a3d4a53b9cee771ce1af561513c69e,1,0xb7d3ee2adfd26c1eb93a99798a56a9729506f8f4,0xf91546835f756da0c10cfa0cda95b15577b84aa7,2018-10-06 06:28:52+00:00,750000,15000000000,3792575,224163,44293560000000000,2,,376,1862,2021,0.921326076199901,37,5,5,1.0,1,0,1074,125,0x0cfca250eec42a6e07bf7915422929b370a3d4a53b9cee771ce1af561513c69e,1,1,2,380,36,213503,2,3,0.0,1.0,1,1,0
0xee9b8b4ca12bc0ddc9a89b3c293a2a9b6a40e65a236df3fe1b0afa58c4099436,1,0xf36cb9c2984838eb2bbda4fcdb3f9cb2ac05d1fa,0xf91546835f756da0c10cfa0cda95b15577b84aa7,2018-10-06 06:29:52+00:00,90000,10000000000,1483686,41201,0,2000,,375,1863,2022,0.9213649851632048,37,1785,2019,0.8841010401188707,78,79,472374,126,0xee9b8b4ca12bc0ddc9a89b3c293a2a9b6a40e65a236df3fe1b0afa58c4099436,1194,37,2,380,36,213505,422,3,0.0,1.0,1,1,0
0x1de0ff32009b2d93f4ac5c36afe3201b23983bed34b4ca72a4bc03b918251fd9,1,0xf36cb9c2984838eb2bbda4fcdb3f9cb2ac05d1fa,0xf91546835f756da0c10cfa0cda95b15577b84aa7,2018-10-06 06:30:50+00:00,90000,3000000000,3968254,62425,0,2001,,374,1864,2023,0.921403855659911,37,1786,2020,0.8841584158415841,78,79,472378,127,0x1de0ff32009b2d93f4ac5c36afe3201b23983bed34b4ca72a4bc03b918251fd9,1195,37,1,380,36,213509,422,2,,,1,0,0
0xa2aae0d0d821edbfb7a4aaa7fbf92eb548bf2e03ff68d55d8a79ff464d121ad9,1,0xf36cb9c2984838eb2bbda4fcdb3f9cb2ac05d1fa,0xf91546835f756da0c10cfa0cda95b15577b84aa7,2018-10-06 06:32:57+00:00,90000,20000000000,266649,56649,0,2003,,373,1865,2024,0.9214426877470356,37,1788,2022,0.884272997032641,78,79,472390,128,0xa2aae0d0d821edbfb7a4aaa7fbf92eb548bf2e03ff68d55d8a79ff464d121ad9,1196,37,2,380,36,213521,422,3,0.0,1.0,1,1,0
0x8eaa0c0ee123c05fb0233446c17f5d86074e1081cee186f1162500176ca4d98a,1,0xdbb8e0adc7421677370396716fa0ed3379be3b71,0xf91546835f756da0c10cfa0cda95b15577b84aa7,2018-10-06 06:37:25+00:00,1000000,10000000000,1881396,50029,58650705000000000,9,,372,1866,2025,0.9214814814814813,37,14,14,1.0,4,44,260983,129,0x8eaa0c0ee123c05fb0233446c17f5d86074e1081cee186f1162500176ca4d98a,5,3,1,380,36,213540,4,2,,,1,0,0
0xd690fac2e3db53f5c52106cb0ba73d7409607f10bbc9145f81f1dfb8b1b8f27f,1,0xf36cb9c2984838eb2bbda4fcdb3f9cb2ac05d1fa,0xf91546835f756da0c10cfa0cda95b15577b84aa7,2018-10-06 06:46:27+00:00,90000,8000000000,1225719,41649,0,2007,,371,1867,2026,0.9215202369200394,37,1792,2026,0.8845014807502468,78,79,472450,130,0xd690fac2e3db53f5c52106cb0ba73d7409607f10bbc9145f81f1dfb8b1b8f27f,1197,37,2,380,36,213581,424,3,0.0,1.0,1,1,0
0x362daa98a83416b67776280a140b297fdf790ad1576f8a4497666c168036e014,1,0xb7d3ee2adfd26c1eb93a99798a56a9729506f8f4,0xf91546835f756da0c10cfa0cda95b15577b84aa7,2018-10-06 06:53:43+00:00,1000000,5000000000,2161823,50029,36177115000000000,4,,370,1868,2027,0.9215589541193882,37,8,8,1.0,1,0,1177,131,0x362daa98a83416b67776280a140b297fdf790ad1576f8a4497666c168036e014,2,1,1,380,36,213606,2,2,,,1,0,0
0xa076239547fc5793e9ee3977af005a116f8b6cf7c4d4a03d92ee91729caba3c2,1,0xb7d3ee2adfd26c1eb93a99798a56a9729506f8f4,0xf91546835f756da0c10cfa0cda95b15577b84aa7,2018-10-06 07:09:00+00:00,1000000,5000000000,1312475,35029,49596375000000000,6,,369,1869,2028,0.9215976331360946,37,11,11,1.0,1,0,1242,132,0xa076239547fc5793e9ee3977af005a116f8b6cf7c4d4a03d92ee91729caba3c2,3,1,1,380,36,213671,2,2,,,1,0,0
0x692156a3dd9fbe6178a5fa103e2cccefaa65c15259019950017402e110a76e94,1,0xf36cb9c2984838eb2bbda4fcdb3f9cb2ac05d1fa,0xf91546835f756da0c10cfa0cda95b15577b84aa7,2018-10-06 07:10:56+00:00,90000,18000000000,1196088,41649,0,2011,,368,1870,2029,0.921636274026614,37,1796,2030,0.8847290640394088,78,79,472546,133,0x692156a3dd9fbe6178a5fa103e2cccefaa65c15259019950017402e110a76e94,1198,37,2,380,36,213677,425,3,0.0,1.0,1,1,0
0xabefc418c4b7e7e5d61c71d5a2b2361eb5e3655b5acbe767d075b0db74c18f0a,1,0x230535d2623dcc35ad44a348710e64118616b44c,0xf91546835f756da0c10cfa0cda95b15577b84aa7,2018-10-06 08:23:27+00:00,750000,20000000000,434146,224291,529357790256340962,9,,367,1871,2030,0.9216748768472905,37,16,16,1.0,6,135,796595,134,0xabefc418c4b7e7e5d61c71d5a2b2361eb5e3655b5acbe767d075b0db74c18f0a,6,4,2,380,36,213982,3,3,0.0,1.0,1,1,0
0xa9a090cb5659a820a027cf1090858b4af89b611f95c1905382f48089d6cd398d,1,0xf36cb9c2984838eb2bbda4fcdb3f9cb2ac05d1fa,0xf91546835f756da0c10cfa0cda95b15577b84aa7,2018-10-06 08:24:04+00:00,90000,20000000000,350354,62425,0,2013,,366,1872,2031,0.9217134416543574,37,1798,2032,0.8848425196850394,78,79,472855,135,0xa9a090cb5659a820a027cf1090858b4af89b611f95c1905382f48089d6cd398d,1199,37,1,380,36,213986,425,2,,,1,0,0
0x6931ecbb1f5620d83231a5a02f02549381fa4fd6d382fadfb72b09d4ccee2d5e,1,0xf36cb9c2984838eb2bbda4fcdb3f9cb2ac05d1fa,0xf91546835f756da0c10cfa0cda95b15577b84aa7,2018-10-06 08:25:27+00:00,90000,20000000000,3339060,56585,0,2015,,365,1873,2032,0.921751968503937,37,1800,2034,0.8849557522123894,78,79,472861,136,0x6931ecbb1f5620d83231a5a02f02549381fa4fd6d382fadfb72b09d4ccee2d5e,1200,37,2,380,36,213992,425,3,0.0,1.0,1,1,0
0xd6135ec083d02db050736fd7318372d654ac5d51ac75733d88f0e6da413c1649,1,0xf36cb9c2984838eb2bbda4fcdb3f9cb2ac05d1fa,0xf91546835f756da0c10cfa0cda95b15577b84aa7,2018-10-06 08:27:11+00:00,90000,20000000000,4390473,41585,0,2017,,364,1874,2033,0.9217904574520412,37,1802,2036,0.8850687622789783,78,79,472865,137,0xd6135ec083d02db050736fd7318372d654ac5d51ac75733d88f0e6da413c1649,1201,37,2,380,36,213996,425,3,0.0,1.0,1,1,0
0x093c62ee08221dc5d1ffbdc847bb6e97166fc43aa7d79bdb94024053aa035f47,1,0xee5bc400ffd9602118c0ade11425a1d6ad22ebae,0xf91546835f756da0c10cfa0cda95b15577b84aa7,2018-10-06 08:39:27+00:00,1000000,20000000000,3756596,721955,0,2,,363,1875,2034,0.9218289085545722,37,5,5,1.0,3,40,241930,138,0x093c62ee08221dc5d1ffbdc847bb6e97166fc43aa7d79bdb94024053aa035f47,2,2,5,380,36,214053,2,4,3.0,1.0,1,3,0
0x13f4a4a0d4763f623747623223e92baca077051ad67e04611485af2deb550004,1,0xee5bc400ffd9602118c0ade11425a1d6ad22ebae,0xf91546835f756da0c10cfa0cda95b15577b84aa7,2018-10-06 08:41:36+00:00,750000,20000000000,1252466,224099,19680790000000000,4,,362,1876,2035,0.921867321867322,37,7,7,1.0,3,40,241938,139,0x13f4a4a0d4763f623747623223e92baca077051ad67e04611485af2deb550004,3,2,2,380,36,214061,3,3,0.0,1.0,1,1,0
0xdb09ce1231a1fd8a66a5dbecf265bff24a489c039933f5090684e6f13fbd6461,1,0xf36cb9c2984838eb2bbda4fcdb3f9cb2ac05d1fa,0xf91546835f756da0c10cfa0cda95b15577b84aa7,2018-10-06 08:42:44+00:00,90000,20000000000,2029055,62425,0,2019,,361,1877,2036,0.9219056974459724,37,1804,2038,0.8851815505397449,78,79,472934,140,0xdb09ce1231a1fd8a66a5dbecf265bff24a489c039933f5090684e6f13fbd6461,1202,37,1,380,36,214065,425,2,,,1,0,0
0x583df2e953d084f9f6471ee67ddbb1383c18ced05e402e08586b27977cdafdf3,1,0xf36cb9c2984838eb2bbda4fcdb3f9cb2ac05d1fa,0xf91546835f756da0c10cfa0cda95b15577b84aa7,2018-10-06 08:44:16+00:00,90000,20000000000,2990586,56649,0,2021,,360,1878,2037,0.9219440353460971,37,1806,2040,0.8852941176470587,78,79,472940,141,0x583df2e953d084f9f6471ee67ddbb1383c18ced05e402e08586b27977cdafdf3,1203,37,2,380,36,214071,425,3,0.0,1.0,1,1,0
0xd65510e1920bc2f6a88a6fe3b990da7d79062b97212106fcee4d63cad37c4139,1,0xf36cb9c2984838eb2bbda4fcdb3f9cb2ac05d1fa,0xf91546835f756da0c10cfa0cda95b15577b84aa7,2018-10-06 09:27:37+00:00,90000,5000000000,4815167,41201,0,2023,,359,1879,2038,0.92198233562316,37,1808,2042,0.8854064642507345,78,79,473129,142,0xd65510e1920bc2f6a88a6fe3b990da7d79062b97212106fcee4d63cad37c4139,1204,37,2,380,36,214260,425,3,0.0,1.0,1,1,0
0x9081b3580ab36bc706d858d0dfb7c3ddb5f1da0912a1833b02112d688c11e3c9,1,0xdbb8e0adc7421677370396716fa0ed3379be3b71,0xf91546835f756da0c10cfa0cda95b15577b84aa7,2018-10-06 09:30:55+00:00,1000000,5000000000,6357924,35029,29192750000000000,11,,358,1880,2039,0.922020598332516,37,17,17,1.0,4,44,261715,143,0x9081b3580ab36bc706d858d0dfb7c3ddb5f1da0912a1833b02112d688c11e3c9,6,3,1,380,36,214272,4,2,,,1,0,0
0x2690fa52c0490117fbdea4626966a76720aa4e7b18aeef960f67ee0e68e191ac,1,0xf36cb9c2984838eb2bbda4fcdb3f9cb2ac05d1fa,0xf91546835f756da0c10cfa0cda95b15577b84aa7,2018-10-06 09:50:34+00:00,90000,15000000000,1277021,41201,0,2026,,357,1881,2040,0.9220588235294118,37,1811,2045,0.8855745721271394,78,79,473220,144,0x2690fa52c0490117fbdea4626966a76720aa4e7b18aeef960f67ee0e68e191ac,1205,37,2,380,36,214351,425,3,0.0,1.0,1,1,0
0x08a1afba14591901bb994060bb73dc8e73783a69c6a2aae31d6cf3e0e6b6e77e,1,0xf36cb9c2984838eb2bbda4fcdb3f9cb2ac05d1fa,0xf91546835f756da0c10cfa0cda95b15577b84aa7,2018-10-06 10:20:11+00:00,90000,5000000000,1779348,41201,0,2029,,356,1882,2042,0.921645445641528,37,1814,2050,0.8848780487804878,78,79,473359,145,0x08a1afba14591901bb994060bb73dc8e73783a69c6a2aae31d6cf3e0e6b6e77e,1207,37,2,380,36,214490,425,3,0.0,1.0,1,1,0
0xfefd057868048972630b3933d5db57bbe1fabc205afeb2c4e1e51368dac37ba5,1,0xf36cb9c2984838eb2bbda4fcdb3f9cb2ac05d1fa,0xf91546835f756da0c10cfa0cda95b15577b84aa7,2018-10-06 10:20:11+00:00,90000,5000000000,1814808,35460,14048687349993785,2030,,355,1882,2042,0.921645445641528,37,1814,2050,0.8848780487804878,78,79,473359,146,0xfefd057868048972630b3933d5db57bbe1fabc205afeb2c4e1e51368dac37ba5,1207,37,1,380,36,214490,425,2,,,1,0,0
0xa68ce24f2ff03fed56bdf4f725eb7cb6a12fbb6fd62bd8e51600959478037b8b,1,0xf36cb9c2984838eb2bbda4fcdb3f9cb2ac05d1fa,0xf91546835f756da0c10cfa0cda95b15577b84aa7,2018-10-06 10:20:17+00:00,90000,5000000000,1035902,56201,0,2032,,354,1883,2043,0.9216837983357808,37,1815,2051,0.8849341784495368,78,79,473360,147,0xa68ce24f2ff03fed56bdf4f725eb7cb6a12fbb6fd62bd8e51600959478037b8b,1208,37,2,380,36,214491,425,3,0.0,1.0,1,1,0
0x6db2e4ff0bf4e400fec4b6d1496ebe6fb44f7c6cfd7cbe846603a7bc549cfaff,1,0xf36cb9c2984838eb2bbda4fcdb3f9cb2ac05d1fa,0xf91546835f756da0c10cfa0cda95b15577b84aa7,2018-10-06 10:20:23+00:00,90000,5000000000,602552,31194,0,2033,,353,1884,2044,0.9217221135029354,37,1816,2052,0.884990253411306,78,79,473361,148,0x6db2e4ff0bf4e400fec4b6d1496ebe6fb44f7c6cfd7cbe846603a7bc549cfaff,1209,37,2,380,36,214492,425,3,0.0,1.0,1,1,0
0xc4e9666e907b3cfc7b7e39a7728820565afd47a4e6a8ba9bb25515cee14bc275,1,0xf36cb9c2984838eb2bbda4fcdb3f9cb2ac05d1fa,0xf91546835f756da0c10cfa0cda95b15577b84aa7,2018-10-06 10:29:49+00:00,90000,20000000000,843614,41201,0,2037,,352,1885,2045,0.921760391198044,37,1820,2056,0.8852140077821011,78,79,473407,149,0xc4e9666e907b3cfc7b7e39a7728820565afd47a4e6a8ba9bb25515cee14bc275,1210,37,2,380,36,214538,425,3,0.0,1.0,1,1,0
0xcaf9f7a5952d08891a08c008e532a09dede5813ec94285950f6d801e4ec4416e,1,0x304729fdac8dbca2c2c04d7b59dcd88343720b2a,0xf91546835f756da0c10cfa0cda95b15577b84aa7,2018-10-06 14:28:33+00:00,1000000,5000000000,6907432,736641,0,5,,351,1886,2046,0.9217986314760508,37,9,9,1.0,5,7,40678,150,0xcaf9f7a5952d08891a08c008e532a09dede5813ec94285950f6d801e4ec4416e,3,3,5,380,36,215563,3,4,3.0,1.0,1,3,0
0xf8c488f27b26a845f860988c9c2d49aa0876f3b661806d8f5717f5f26e29558e,1,0x304729fdac8dbca2c2c04d7b59dcd88343720b2a,0xf91546835f756da0c10cfa0cda95b15577b84aa7,2018-10-06 14:29:53+00:00,750000,5000000000,2514342,224547,56308163000000000,7,,350,1887,2047,0.9218368343917928,37,10,11,0.909090909090909,5,7,40685,151,0xf8c488f27b26a845f860988c9c2d49aa0876f3b661806d8f5717f5f26e29558e,4,3,2,380,36,215570,4,3,0.0,1.0,1,1,0
0x6b1466a6b236702cae0ba539c7ec4e3dfde66fc5fc9e4b4a5479013f62c70606,1,0xf36cb9c2984838eb2bbda4fcdb3f9cb2ac05d1fa,0xf91546835f756da0c10cfa0cda95b15577b84aa7,2018-10-06 14:30:53+00:00,90000,20000000000,801693,62425,0,2039,,349,1888,2048,0.921875,37,1822,2058,0.8853255587949465,78,79,474444,152,0x6b1466a6b236702cae0ba539c7ec4e3dfde66fc5fc9e4b4a5479013f62c70606,1211,37,1,380,36,215575,425,2,,,1,0,0
0x806993211e5fb58328e65cb242b39a77f6eafc6cef41bd4c7c20e8b5a90b3d1f,1,0xf36cb9c2984838eb2bbda4fcdb3f9cb2ac05d1fa,0xf91546835f756da0c10cfa0cda95b15577b84aa7,2018-10-06 14:31:39+00:00,90000,20000000000,3122941,50396,56308163000000000,2040,,348,1889,2049,0.9219131283552952,37,1823,2060,0.8849514563106796,78,79,474447,153,0x806993211e5fb58328e65cb242b39a77f6eafc6cef41bd4c7c20e8b5a90b3d1f,1212,37,1,380,36,215578,425,2,,,1,0,0
0xa5430ba637d47823ea8c322e8d8365b1851fb3ee7af8bc585cb2409687d84c6e,1,0xf36cb9c2984838eb2bbda4fcdb3f9cb2ac05d1fa,0xf91546835f756da0c10cfa0cda95b15577b84aa7,2018-10-06 14:32:11+00:00,90000,20000000000,1045277,56585,0,2042,,347,1890,2050,0.9219512195121952,37,1824,2061,0.8850072780203784,78,79,474449,154,0xa5430ba637d47823ea8c322e8d8365b1851fb3ee7af8bc585cb2409687d84c6e,1213,37,2,380,36,215580,425,3,0.0,1.0,1,1,0
0x0fb9286c9bb3d0b4ae793b66f2a446684a326c33f15163d22a6ed8ad56a77a96,1,0xf36cb9c2984838eb2bbda4fcdb3f9cb2ac05d1fa,0xf91546835f756da0c10cfa0cda95b15577b84aa7,2018-10-06 14:33:07+00:00,90000,14000000000,2020937,41649,0,2044,,346,1891,2051,0.9219892735251096,37,1826,2063,0.8851187590887057,78,79,474453,155,0x0fb9286c9bb3d0b4ae793b66f2a446684a326c33f15163d22a6ed8ad56a77a96,1214,37,2,380,36,215584,425,3,0.0,1.0,1,1,0
0xfc8358d7dad973d991b91586e13b9dccf1ca72dd70cc52404f672d0a2a9d7220,1,0x0bddbcf678204e5a8741c8533dd19235f9281d8e,0xf91546835f756da0c10cfa0cda95b15577b84aa7,2018-10-06 15:29:36+00:00,1000000,5000000000,2116488,741177,0,38,,345,1892,2052,0.922027290448343,37,57,58,0.9827586206896552,29,187,1095964,156,0xfc8358d7dad973d991b91586e13b9dccf1ca72dd70cc52404f672d0a2a9d7220,3,3,5,380,36,215827,11,4,3.0,1.0,1,3,0
0x5f38ace0f00e2051d66e9d36166cac25a891d1ee89cf679f402f183e1fb66287,1,0xf36cb9c2984838eb2bbda4fcdb3f9cb2ac05d1fa,0xf91546835f756da0c10cfa0cda95b15577b84aa7,2018-10-06 15:30:05+00:00,90000,5000000000,3864045,41201,0,2047,,344,1893,2053,0.9220652703360936,37,1829,2066,0.8852855759922555,78,79,474697,157,0x5f38ace0f00e2051d66e9d36166cac25a891d1ee89cf679f402f183e1fb66287,1215,37,2,380,36,215828,426,3,0.0,1.0,1,1,0
0x5ca1ad1e326a6e5bc7b637edeed9d964ce91aa5202499005c6c133724ba98608,1,0x0bddbcf678204e5a8741c8533dd19235f9281d8e,0xf91546835f756da0c10cfa0cda95b15577b84aa7,2018-10-06 15:31:13+00:00,750000,5000000000,1197458,224675,6450881141465316,40,,343,1894,2054,0.9221032132424536,37,59,60,0.9833333333333332,29,187,1095969,158,0x5ca1ad1e326a6e5bc7b637edeed9d964ce91aa5202499005c6c133724ba98608,4,3,2,380,36,215832,12,3,0.0,1.0,1,1,0
0x93608d2f1cb1d0eb57383c28815b3bd38fdca8dcc611d0f2641a5b8eec13b56d,1,0xf36cb9c2984838eb2bbda4fcdb3f9cb2ac05d1fa,0xf91546835f756da0c10cfa0cda95b15577b84aa7,2018-10-06 15:31:33+00:00,90000,33000000000,2123074,62425,0,2048,,342,1895,2055,0.9221411192214112,37,1830,2067,0.8853410740203193,78,79,474705,159,0x93608d2f1cb1d0eb57383c28815b3bd38fdca8dcc611d0f2641a5b8eec13b56d,1216,37,1,380,36,215836,426,2,,,1,0,0
0x870a3e68dddfc4bd5cb83b548837adf8342046e556fb97cdc7cec251e84762db,1,0xf36cb9c2984838eb2bbda4fcdb3f9cb2ac05d1fa,0xf91546835f756da0c10cfa0cda95b15577b84aa7,2018-10-06 15:32:05+00:00,90000,33000000000,2454137,50460,6450881141465316,2050,,341,1896,2056,0.9221789883268484,37,1831,2069,0.8849685838569356,78,79,474709,160,0x870a3e68dddfc4bd5cb83b548837adf8342046e556fb97cdc7cec251e84762db,1217,37,1,380,36,215840,426,2,,,1,0,0
0xa0fa35fed9f4782ffad1088b646086b871213e94bbc9fb7df74ff52f8884b3d8,1,0xf36cb9c2984838eb2bbda4fcdb3f9cb2ac05d1fa,0xf91546835f756da0c10cfa0cda95b15577b84aa7,2018-10-06 15:32:23+00:00,90000,33000000000,120186,56585,0,2051,,340,1897,2057,0.9222168206125424,37,1832,2070,0.885024154589372,78,79,474711,161,0xa0fa35fed9f4782ffad1088b646086b871213e94bbc9fb7df74ff52f8884b3d8,1218,37,2,380,36,215842,426,3,0.0,1.0,1,1,0
0x2a920234056961327e3186ca3ac6676bcd4ac8ba6401c3664ca8c7e3bbbb00f8,1,0xf36cb9c2984838eb2bbda4fcdb3f9cb2ac05d1fa,0xf91546835f756da0c10cfa0cda95b15577b84aa7,2018-10-06 15:33:57+00:00,90000,5000000000,692228,41649,0,2053,,339,1898,2058,0.9222546161321672,37,1834,2072,0.885135135135135,78,79,474715,162,0x2a920234056961327e3186ca3ac6676bcd4ac8ba6401c3664ca8c7e3bbbb00f8,1219,37,2,380,36,215846,426,3,0.0,1.0,1,1,0
0x8c1cef33e270c7485c81d6710b5ca400964154b7e398df3f782e913ff00c4c19,1,0xf36cb9c2984838eb2bbda4fcdb3f9cb2ac05d1fa,0xf91546835f756da0c10cfa0cda95b15577b84aa7,2018-10-06 15:39:25+00:00,90000,20000000000,1065709,41649,0,2055,,338,1899,2059,0.922292374939291,37,1836,2074,0.8852459016393442,78,79,474736,163,0x8c1cef33e270c7485c81d6710b5ca400964154b7e398df3f782e913ff00c4c19,1220,37,2,380,36,215867,426,3,0.0,1.0,1,1,0
0xf6c69eef76937a23dc81c66ef49e0b8248ef96e121d49c18474248a01722643c,1,0xf36cb9c2984838eb2bbda4fcdb3f9cb2ac05d1fa,0xf91546835f756da0c10cfa0cda95b15577b84aa7,2018-10-06 15:53:54+00:00,90000,20000000000,871857,41649,0,2057,,337,1900,2060,0.9223300970873786,37,1838,2076,0.8853564547206165,78,79,474791,164,0xf6c69eef76937a23dc81c66ef49e0b8248ef96e121d49c18474248a01722643c,1221,37,2,380,36,215922,426,3,0.0,1.0,1,1,0
0xf2f53efb2ea00f1bec131822bbe16c6ecd4bae7d5a0b6910a65a4a1e28f2d0ca,1,0xb783ba735906a9879a8606b884de9b164479d813,0xf91546835f756da0c10cfa0cda95b15577b84aa7,2018-10-06 16:10:41+00:00,1000000,5000000000,7293326,741177,0,139,,336,1901,2061,0.9223677826297912,37,269,270,0.9962962962962963,66,185,1088818,165,0xf2f53efb2ea00f1bec131822bbe16c6ecd4bae7d5a0b6910a65a4a1e28f2d0ca,25,15,5,380,36,215996,2,4,3.0,1.0,1,3,0
0x42d544d14fc1e625e4dc3749fc9f98bdfd36aba7d52b173657c0131f5eb93960,1,0xbfa4e1388abed9adf569cea225d5f930bd514921,0xf91546835f756da0c10cfa0cda95b15577b84aa7,2018-10-06 16:11:04+00:00,1000000,5000000000,5015988,46497,0,2,,334,1902,2064,0.9215116279069768,37,5,5,1.0,4,16,97281,166,0x42d544d14fc1e625e4dc3749fc9f98bdfd36aba7d52b173657c0131f5eb93960,3,3,1,380,36,215998,1,2,,,1,0,0
0x8a47940a5e495bf136554258c4921ec9aff7791792a416d129e2b043dd45baf5,1,0x61c7ee8eee05b0e33f9f2f8ba04b47377ffdc825,0xf91546835f756da0c10cfa0cda95b15577b84aa7,2018-10-06 16:11:04+00:00,1000000,5000000000,3201688,736769,0,5,,335,1902,2064,0.9215116279069768,37,11,11,1.0,5,36,216948,167,0x8a47940a5e495bf136554258c4921ec9aff7791792a416d129e2b043dd45baf5,6,4,5,380,36,215998,1,4,3.0,1.0,1,3,0
0x9858e200497d80955f476d9fbe0ae282968b13f22bd238bb203b97485be5f514,1,0x06473213b66986aa852fab475a2c42a1b8d2396f,0xf91546835f756da0c10cfa0cda95b15577b84aa7,2018-10-06 16:11:04+00:00,1000000,5000000000,3248377,46689,0,80,,333,1902,2064,0.9215116279069768,37,162,162,1.0,64,181,1063523,168,0x9858e200497d80955f476d9fbe0ae282968b13f22bd238bb203b97485be5f514,15,11,1,380,36,215998,4,2,,,1,0,0
0xf7e9cbbbf8f0cfa4c4b8c0aee88931a95758ef5336864c81063ddd46a926a0b0,1,0xc8897da8a8eb6f78f7147e3b2974f7bc091453df,0xf91546835f756da0c10cfa0cda95b15577b84aa7,2018-10-06 16:11:34+00:00,1000000,5000000000,4112238,740091,0,7,,332,1903,2066,0.9211035818005808,37,14,14,1.0,8,78,468634,169,0xf7e9cbbbf8f0cfa4c4b8c0aee88931a95758ef5336864c81063ddd46a926a0b0,6,5,5,380,36,215999,2,4,3.0,1.0,1,3,0
0x119aed7b2f7548ae71ff606487e925040a2a934e2c2c46429f683cc049ec08f2,1,0xb358d3dd429e6ac54b2bfe217cf3647d3cf6331a,0xf91546835f756da0c10cfa0cda95b15577b84aa7,2018-10-06 16:11:34+00:00,1000000,5000000000,3372147,731339,0,8,,331,1903,2066,0.9211035818005808,37,13,13,1.0,8,187,1095618,170,0x119aed7b2f7548ae71ff606487e925040a2a934e2c2c46429f683cc049ec08f2,3,3,5,380,36,215999,2,4,3.0,1.0,1,3,0
0xffef771c0782a52ed338f165fc775dfae8698ef91b8a8f6af733269449380260,1,0xf36cb9c2984838eb2bbda4fcdb3f9cb2ac05d1fa,0xf91546835f756da0c10cfa0cda95b15577b84aa7,2018-10-06 16:11:52+00:00,90000,2000000000,7034404,35460,14048687349993785,2059,,330,1904,2067,0.9211417513304304,37,1839,2080,0.8841346153846154,78,79,474872,171,0xffef771c0782a52ed338f165fc775dfae8698ef91b8a8f6af733269449380260,1222,37,1,380,36,216003,426,2,,,1,0,0
0xb04379bb23dcd7209522bd3cfb3db0bd971cc6b9d34da05dd5a9cae3f7e9a8f8,1,0xf36cb9c2984838eb2bbda4fcdb3f9cb2ac05d1fa,0xf91546835f756da0c10cfa0cda95b15577b84aa7,2018-10-06 16:12:25+00:00,90000,5000000000,1611384,29252,0,2066,,329,1905,2069,0.9207346544224264,37,1841,2085,0.8829736211031175,78,79,474875,172,0xb04379bb23dcd7209522bd3cfb3db0bd971cc6b9d34da05dd5a9cae3f7e9a8f8,1224,37,1,380,36,216006,426,2,,,1,0,0
0x55ece3b20acd49a799a5a1f47dc5aa05a06bd3f07a748429e071e3ef5e5ec071,1,0xf36cb9c2984838eb2bbda4fcdb3f9cb2ac05d1fa,0xf91546835f756da0c10cfa0cda95b15577b84aa7,2018-10-06 16:12:25+00:00,90000,5000000000,1582132,31194,0,2065,,328,1905,2069,0.9207346544224264,37,1841,2085,0.8829736211031175,78,79,474875,173,0x55ece3b20acd49a799a5a1f47dc5aa05a06bd3f07a748429e071e3ef5e5ec071,1224,37,2,380,36,216006,426,3,0.0,1.0,1,1,0
0xd7817c19e1a668db1e2894ea38adea7aec83f8f97ed10b4ba3e57dd71bcb798d,1,0x61c7ee8eee05b0e33f9f2f8ba04b47377ffdc825,0xf91546835f756da0c10cfa0cda95b15577b84aa7,2018-10-06 16:12:40+00:00,750000,5000000000,1035896,188668,0,7,,327,1906,2070,0.9207729468599034,37,13,13,1.0,5,36,216959,174,0xd7817c19e1a668db1e2894ea38adea7aec83f8f97ed10b4ba3e57dd71bcb798d,7,4,2,380,36,216009,2,3,0.0,1.0,1,1,0
0x52ba5c19bd0c8182e350a11f9ae899df967ca3905917906a9f579e1e794e1b17,1,0xc8897da8a8eb6f78f7147e3b2974f7bc091453df,0xf91546835f756da0c10cfa0cda95b15577b84aa7,2018-10-06 16:12:49+00:00,750000,5000000000,660394,224163,63527499000000000,9,,326,1907,2071,0.920811202317721,37,16,16,1.0,8,78,468645,175,0x52ba5c19bd0c8182e350a11f9ae899df967ca3905917906a9f579e1e794e1b17,7,5,2,380,36,216010,3,3,0.0,1.0,1,1,0
0x8a65ae4e90fd0b1c83df789e11b13dc3f463b6615a5d42bb9b50ac00b4ca83ee,1,0x143cf5e9710acb5b5bc3e11106ad213f4a3a4d31,0xf91546835f756da0c10cfa0cda95b15577b84aa7,2018-10-06 16:13:16+00:00,1000000,5000000000,3847660,738877,0,1,,325,1908,2073,0.9204052098408104,37,3,3,1.0,2,10,64889,176,0x8a65ae4e90fd0b1c83df789e11b13dc3f463b6615a5d42bb9b50ac00b4ca83ee,2,2,5,380,36,216012,1,4,3.0,1.0,1,3,0
0x8ae0c9a2244fd209cfa40cbcf12fe9c5b788ba3507ab2975040e0063b7b4b5e7,1,0xf36cb9c2984838eb2bbda4fcdb3f9cb2ac05d1fa,0xf91546835f756da0c10cfa0cda95b15577b84aa7,2018-10-06 16:13:16+00:00,90000,4000000000,4070082,62425,0,2067,,324,1908,2073,0.9204052098408104,37,1842,2086,0.8830297219558964,78,79,474881,177,0x8ae0c9a2244fd209cfa40cbcf12fe9c5b788ba3507ab2975040e0063b7b4b5e7,1225,37,1,380,36,216012,426,2,,,1,0,0
0x3b40c141b4697bde05fa3251c905651c19a05cfe4773cbf4f1647a5769a08bc6,1,0xf36cb9c2984838eb2bbda4fcdb3f9cb2ac05d1fa,0xf91546835f756da0c10cfa0cda95b15577b84aa7,2018-10-06 16:14:01+00:00,90000,20000000000,824619,62425,0,2068,,322,1909,2075,0.92,37,1843,2087,0.8830857690464781,78,79,474886,178,0x3b40c141b4697bde05fa3251c905651c19a05cfe4773cbf4f1647a5769a08bc6,1226,37,1,380,36,216017,426,2,,,1,0,0
0x8751d2cf55727081ba1d36ba988cdd19349ff0c088d0d42757e69b9f9ab31e0b,1,0xb358d3dd429e6ac54b2bfe217cf3647d3cf6331a,0xf91546835f756da0c10cfa0cda95b15577b84aa7,2018-10-06 16:14:01+00:00,750000,5000000000,2132152,224291,490931246435384556,11,,323,1909,2075,0.92,37,16,16,1.0,8,187,1095636,179,0x8751d2cf55727081ba1d36ba988cdd19349ff0c088d0d42757e69b9f9ab31e0b,4,3,2,380,36,216017,3,3,0.0,1.0,1,1,0
0x867ef0cf2a3e053a3d6bded47566e0837cccfc8832fda90c785cdeff752ed20c,1,0xf36cb9c2984838eb2bbda4fcdb3f9cb2ac05d1fa,0xf91546835f756da0c10cfa0cda95b15577b84aa7,2018-10-06 16:16:47+00:00,90000,20000000000,1683462,62425,0,2069,,321,1910,2076,0.920038535645472,37,1844,2088,0.8831417624521072,78,79,474892,180,0x867ef0cf2a3e053a3d6bded47566e0837cccfc8832fda90c785cdeff752ed20c,1227,37,1,380,36,216023,426,2,,,1,0,0
0xe04ff8c0c7a13db16e98a3a30f2025173edbdf0a95626de3ab6ae02e74f0fda6,1,0xf894af906e60c53d2f3f8f8eb131219647fa685c,0xf91546835f756da0c10cfa0cda95b15577b84aa7,2018-10-06 16:17:03+00:00,1000000,5000000000,4202574,46753,0,14,,320,1911,2077,0.920077034183919,37,39,39,1.0,26,68,408389,181,0xe04ff8c0c7a13db16e98a3a30f2025173edbdf0a95626de3ab6ae02e74f0fda6,7,7,1,380,36,216026,9,2,,,1,0,0
0x5101957ffc9e590773bf3562a0245329f8b0cb6dff1212c2d59f4188dd98b3a7,1,0xd02c8a08b422ee284127f6801cebc807e82ad786,0xf91546835f756da0c10cfa0cda95b15577b84aa7,2018-10-06 16:17:31+00:00,1000000,5000000000,2899312,46561,0,10,,318,1912,2079,0.9196729196729196,37,21,21,1.0,10,38,233338,182,0x5101957ffc9e590773bf3562a0245329f8b0cb6dff1212c2d59f4188dd98b3a7,9,9,1,380,36,216027,2,2,,,1,0,0
0x99291cb1efb10176c1037d7d1d49c9ed516086ae6c05f3e6e58f5e80b9cff4e5,1,0x837edaa28886047f299407cc484a7b5c6470ac57,0xf91546835f756da0c10cfa0cda95b15577b84aa7,2018-10-06 16:17:31+00:00,1000000,5000000000,3773851,735747,0,3,,319,1912,2079,0.9196729196729196,37,7,7,1.0,4,158,926247,183,0x99291cb1efb10176c1037d7d1d49c9ed516086ae6c05f3e6e58f5e80b9cff4e5,3,3,5,380,36,216027,2,4,3.0,1.0,1,3,0
0x807755ca2d5b6d24c80139ebe075d865860e44558decefc71180bbea781ba5e8,1,0xb783ba735906a9879a8606b884de9b164479d813,0xf91546835f756da0c10cfa0cda95b15577b84aa7,2018-10-06 16:17:44+00:00,750000,5000000000,1690744,224291,149506332863772216,141,,317,1913,2080,0.9197115384615384,37,271,272,0.9963235294117648,66,185,1088851,184,0x807755ca2d5b6d24c80139ebe075d865860e44558decefc71180bbea781ba5e8,26,15,2,380,36,216029,3,3,0.0,1.0,1,1,0
0xf6a4ba70973696e5210fda303f40e47f1cfd15bc58e6f0b5197843502b203185,1,0x07c4a38cc615a3600dd82c824828502e30db37ec,0xf91546835f756da0c10cfa0cda95b15577b84aa7,2018-10-06 16:17:46+00:00,1000000,5000000000,999890,735747,0,27,,316,1914,2081,0.9197501201345508,37,38,38,1.0,20,186,1094078,185,0xf6a4ba70973696e5210fda303f40e47f1cfd15bc58e6f0b5197843502b203185,3,3,5,380,36,216030,2,4,3.0,1.0,1,3,0
0x32ec91cf0c14328badbc57d24b8c3127168c3abaf22478b43713cd7c4aa17769,1,0x8c6e858b00d13a4a060b466829e4caf2d0e66efb,0xf91546835f756da0c10cfa0cda95b15577b84aa7,2018-10-06 16:18:13+00:00,1000000,5000000000,3643318,729167,0,3,,315,1915,2083,0.9193470955352856,37,6,6,1.0,4,121,719054,186,0x32ec91cf0c14328badbc57d24b8c3127168c3abaf22478b43713cd7c4aa17769,2,2,5,380,36,216031,2,4,3.0,1.0,1,3,0
0x0ebdc0635ef4acfe87baeb3da5a74f517b5110bd5389cf3c9864b5114a70d739,1,0xf36cb9c2984838eb2bbda4fcdb3f9cb2ac05d1fa,0xf91546835f756da0c10cfa0cda95b15577b84aa7,2018-10-06 16:18:13+00:00,90000,20000000000,1031177,56649,0,2071,,314,1915,2083,0.9193470955352856,37,1846,2092,0.8824091778202677,78,79,474900,187,0x0ebdc0635ef4acfe87baeb3da5a74f517b5110bd5389cf3c9864b5114a70d739,1228,37,2,380,36,216031,426,3,0.0,1.0,1,1,0
0x8348a77289ffbd2a15fef832f6c48c364b74e90e6782808a832e835463eafab8,1,0xf36cb9c2984838eb2bbda4fcdb3f9cb2ac05d1fa,0xf91546835f756da0c10cfa0cda95b15577b84aa7,2018-10-06 16:18:36+00:00,90000,20000000000,440871,29252,0,2074,,313,1916,2084,0.9193857965451055,37,1847,2093,0.8824653607262302,78,79,474902,188,0x8348a77289ffbd2a15fef832f6c48c364b74e90e6782808a832e835463eafab8,1229,37,1,380,36,216033,426,2,,,1,0,0
0xbe390dcded0354e9a97c7000c704d83a5e74fc498ca226f7ae784d2d8cc68b70,1,0x5c09eba8f26d04d4856b6ec00aa6cbdddf118192,0xf91546835f756da0c10cfa0cda95b15577b84aa7,2018-10-06 16:19:00+00:00,1000000,5000000000,2187754,46113,0,4,,312,1917,2085,0.9194244604316548,37,9,9,1.0,6,37,222471,189,0xbe390dcded0354e9a97c7000c704d83a5e74fc498ca226f7ae784d2d8cc68b70,4,4,1,380,36,216034,2,2,,,1,0,0
0x0495e9df5ebaac20cb3de613b5ce8dd3965468b382d6c3ba309593512c49bb3b,1,0xf36cb9c2984838eb2bbda4fcdb3f9cb2ac05d1fa,0xf91546835f756da0c10cfa0cda95b15577b84aa7,2018-10-06 16:19:04+00:00,90000,20000000000,474065,62425,0,2075,,311,1918,2086,0.919463087248322,37,1848,2094,0.8825214899713467,78,79,474904,190,0x0495e9df5ebaac20cb3de613b5ce8dd3965468b382d6c3ba309593512c49bb3b,1230,37,1,380,36,216035,426,2,,,1,0,0
0x94dc1a9c935820dc9d0180e95217aa390044fbee73dae71bacfafdd913d436dc,1,0xea4a8177443de25fe921feeb09b4dc3dda8c6058,0xf91546835f756da0c10cfa0cda95b15577b84aa7,2018-10-06 16:19:12+00:00,1000000,5000000000,3395439,744307,0,2,,310,1919,2089,0.9186213499281952,37,4,4,1.0,3,86,517186,191,0x94dc1a9c935820dc9d0180e95217aa390044fbee73dae71bacfafdd913d436dc,2,2,5,380,36,216036,2,4,3.0,1.0,1,3,0
0x1e71bc5f3b27ed4ea962714e5a32e1a2fd120310968312023fe184d9a5f8eea1,1,0x837edaa28886047f299407cc484a7b5c6470ac57,0xf91546835f756da0c10cfa0cda95b15577b84aa7,2018-10-06 16:19:12+00:00,750000,5000000000,2630132,224291,296258392328563620,5,,309,1919,2089,0.9186213499281952,37,9,9,1.0,4,158,926256,192,0x1e71bc5f3b27ed4ea962714e5a32e1a2fd120310968312023fe184d9a5f8eea1,4,3,2,380,36,216036,3,3,0.0,1.0,1,1,0
0x96a920f5c9e9b73cd072421d8aa8a4701e150a7c94f71a37d86bba6beb91926a,1,0x33b9e5ed208ae7790ebe9ce3480885966141710f,0xf91546835f756da0c10cfa0cda95b15577b84aa7,2018-10-06 16:19:12+00:00,1000000,5000000000,2354319,739771,0,1,,308,1919,2089,0.9186213499281952,37,3,3,1.0,2,12,76730,193,0x96a920f5c9e9b73cd072421d8aa8a4701e150a7c94f71a37d86bba6beb91926a,2,2,5,380,36,216036,1,4,3.0,1.0,1,3,0
0x697decfae3e259a48410378adb5e6554fbe10aa0c2b45ef0758d18cc33d632ca,1,0xd95371679b10d40c4900c3ac880328472c6eed12,0xf91546835f756da0c10cfa0cda95b15577b84aa7,2018-10-06 16:19:28+00:00,1000000,5000000000,4348349,46113,0,2,,307,1920,2090,0.9186602870813396,37,5,5,1.0,4,36,216986,194,0x697decfae3e259a48410378adb5e6554fbe10aa0c2b45ef0758d18cc33d632ca,3,3,1,380,36,216037,1,2,,,1,0,0
0x6e2ac16f668031ecaa2eead6c63abb01c65aca4363b78de9748b289d65afa9ae,1,0xb7d3ee2adfd26c1eb93a99798a56a9729506f8f4,0xf91546835f756da0c10cfa0cda95b15577b84aa7,2018-10-06 16:19:58+00:00,1000000,5000000000,825866,35029,53021375000000000,8,,306,1921,2091,0.91869918699187,37,14,14,1.0,1,0,3610,195,0x6e2ac16f668031ecaa2eead6c63abb01c65aca4363b78de9748b289d65afa9ae,4,1,1,380,36,216039,2,2,,,1,0,0
0x077fe06db392eb2b057b2f8a314ae64be15819adcde16fadb4c6524f183d613e,1,0xf36cb9c2984838eb2bbda4fcdb3f9cb2ac05d1fa,0xf91546835f756da0c10cfa0cda95b15577b84aa7,2018-10-06 16:20:09+00:00,90000,20000000000,876696,56585,0,2078,,305,1922,2092,0.918738049713193,37,1851,2097,0.882689556509299,78,79,474909,196,0x077fe06db392eb2b057b2f8a314ae64be15819adcde16fadb4c6524f183d613e,1231,37,2,380,36,216040,426,3,0.0,1.0,1,1,0
0x783e4a4689ef8b84b1020d8ab042e6ce36f7fb8870f1eeebcd9aefb579718037,1,0xf36cb9c2984838eb2bbda4fcdb3f9cb2ac05d1fa,0xf91546835f756da0c10cfa0cda95b15577b84aa7,2018-10-06 16:20:47+00:00,90000,20000000000,926700,62425,0,2079,,304,1923,2094,0.9183381088825217,37,1852,2098,0.882745471877979,78,79,474911,197,0x783e4a4689ef8b84b1020d8ab042e6ce36f7fb8870f1eeebcd9aefb579718037,1232,37,1,380,36,216042,426,2,,,1,0,0
0xf89052b43601667874336d467de15b57babc2abf8471a37ae77f74f56f4a7d07,1,0x07c4a38cc615a3600dd82c824828502e30db37ec,0xf91546835f756da0c10cfa0cda95b15577b84aa7,2018-10-06 16:20:47+00:00,750000,5000000000,2170389,224291,200681898046684016,29,,303,1923,2094,0.9183381088825217,37,40,40,1.0,20,186,1094090,198,0xf89052b43601667874336d467de15b57babc2abf8471a37ae77f74f56f4a7d07,4,3,2,380,36,216042,3,3,0.0,1.0,1,1,0
0xe7be7050c9c6825583e87479b46e9df6eae43aa188e48ee9c4b88e0aa5a9139e,1,0xad28a5eab874b322ccab1aa435596d6c7fc968b2,0xf91546835f756da0c10cfa0cda95b15577b84aa7,2018-10-06 16:21:33+00:00,1000000,5000000000,4053247,736769,0,4,,302,1924,2095,0.9183770883054893,37,8,8,1.0,5,174,1017624,199,0xe7be7050c9c6825583e87479b46e9df6eae43aa188e48ee9c4b88e0aa5a9139e,3,3,5,380,36,216044,2,4,3.0,1.0,1,3,0
0x2cbb3e7efc82323fb8bd5b85e9255b325f98115baf0144a3f58507d6380b5efc,1,0xf36cb9c2984838eb2bbda4fcdb3f9cb2ac05d1fa,0xf91546835f756da0c10cfa0cda95b15577b84aa7,2018-10-06 16:22:15+00:00,90000,5000000000,3256863,62425,0,2084,,300,1925,2097,0.9179780639008108,37,1856,2105,0.8817102137767221,78,79,474916,200,0x2cbb3e7efc82323fb8bd5b85e9255b325f98115baf0144a3f58507d6380b5efc,1234,37,1,380,36,216047,426,2,,,1,0,0
0x157995bf77bd66356ecaaf7c2143c58228b5017ea98d53645faf92838e11c794,1,0xf36cb9c2984838eb2bbda4fcdb3f9cb2ac05d1fa,0xf91546835f756da0c10cfa0cda95b15577b84aa7,2018-10-06 16:22:15+00:00,90000,3000000000,4251072,41649,0,2085,,301,1925,2097,0.9179780639008108,37,1856,2105,0.8817102137767221,78,79,474916,201,0x157995bf77bd66356ecaaf7c2143c58228b5017ea98d53645faf92838e11c794,1234,37,2,380,36,216047,426,3,0.0,1.0,1,1,0
0xc1fa70573a614261a7705e05a767accd6e01c1bd372bb4868401a4118cb71079,1,0x33b9e5ed208ae7790ebe9ce3480885966141710f,0xf91546835f756da0c10cfa0cda95b15577b84aa7,2018-10-06 16:22:36+00:00,750000,5000000000,2260956,224163,1685755000000000,3,,299,1926,2098,0.9180171591992372,37,5,5,1.0,2,12,76742,202,0xc1fa70573a614261a7705e05a767accd6e01c1bd372bb4868401a4118cb71079,3,2,2,380,36,216048,2,3,0.0,1.0,1,1,0
0xb97084772069a129e74e1fc51c32b6d508ce29453dd30c072a9d638f771af3e0,1,0xb07b3b11c2a4c1310072b6241d783c831bb08527,0xf91546835f756da0c10cfa0cda95b15577b84aa7,2018-10-06 16:23:07+00:00,1000000,5000000000,3140004,748715,0,16,,298,1927,2099,0.9180562172463078,37,27,27,1.0,16,154,903405,203,0xb97084772069a129e74e1fc51c32b6d508ce29453dd30c072a9d638f771af3e0,2,2,5,380,36,216050,3,4,3.0,1.0,1,3,0
0x1514a013176cec6345ea4678772c7793890c5947e9c19fb93dba039e7680b5cf,1,0x143cf5e9710acb5b5bc3e11106ad213f4a3a4d31,0xf91546835f756da0c10cfa0cda95b15577b84aa7,2018-10-06 16:24:08+00:00,750000,5000000000,779032,224227,1448851188000000000,3,,296,1928,2101,0.917658257972394,37,6,6,1.0,2,10,64930,204,0x1514a013176cec6345ea4678772c7793890c5947e9c19fb93dba039e7680b5cf,3,2,2,380,36,216053,2,3,0.0,1.0,1,1,0
0x09e9c960f863cea9cb4353af1862d1de1f817012694a24d3b9b059b0553e2313,1,0xf36cb9c2984838eb2bbda4fcdb3f9cb2ac05d1fa,0xf91546835f756da0c10cfa0cda95b15577b84aa7,2018-10-06 16:24:08+00:00,90000,2000000000,7861517,56713,0,2089,,297,1928,2101,0.917658257972394,37,1859,2108,0.8818785578747627,78,79,474922,205,0x09e9c960f863cea9cb4353af1862d1de1f817012694a24d3b9b059b0553e2313,1235,37,2,380,36,216053,426,3,0.0,1.0,1,1,0
0xa39a85eaef5d25494629602c70c3b920257829cea36f8467f592088f0c47db70,1,0xf36cb9c2984838eb2bbda4fcdb3f9cb2ac05d1fa,0xf91546835f756da0c10cfa0cda95b15577b84aa7,2018-10-06 16:24:22+00:00,90000,2000000000,1739288,62425,0,2090,,295,1929,2102,0.917697431018078,37,1860,2110,0.8815165876777251,78,79,474923,206,0xa39a85eaef5d25494629602c70c3b920257829cea36f8467f592088f0c47db70,1236,37,1,380,36,216054,426,2,,,1,0,0
0x022d5cb9850ebe063c896250ca51a17e82a4b30082fd4021a49a2b1d22e53f15,1,0xea4a8177443de25fe921feeb09b4dc3dda8c6058,0xf91546835f756da0c10cfa0cda95b15577b84aa7,2018-10-06 16:24:40+00:00,750000,5000000000,1600830,224227,10575742454340080,4,,294,1930,2103,0.91773656680932,37,6,6,1.0,3,86,517205,207,0x022d5cb9850ebe063c896250ca51a17e82a4b30082fd4021a49a2b1d22e53f15,3,2,2,380,36,216055,3,3,0.0,1.0,1,1,0
0xeba136d6272e8fb00185f6349f8184bdf9b08f6a70accebf6e3caa5bf64705ba,1,0xf95bdc9fa11fcab7fe076cad4e4c92eb11ee94d1,0xf91546835f756da0c10cfa0cda95b15577b84aa7,2018-10-06 16:25:10+00:00,1000000,5000000000,3005029,746607,0,42,,292,1931,2105,0.9173396674584324,37,77,77,1.0,28,186,1094163,208,0xeba136d6272e8fb00185f6349f8184bdf9b08f6a70accebf6e3caa5bf64705ba,5,4,5,380,36,216057,3,4,3.0,1.0,1,3,0
0x786bcc775c3d634c207eec94991fe284761aa27f003ce224e9b19b3c4ada55b4,1,0xf36cb9c2984838eb2bbda4fcdb3f9cb2ac05d1fa,0xf91546835f756da0c10cfa0cda95b15577b84aa7,2018-10-06 16:25:10+00:00,90000,2000000000,7252417,29252,0,2092,,293,1931,2105,0.9173396674584324,37,1861,2111,0.881572714353387,78,79,474926,209,0x786bcc775c3d634c207eec94991fe284761aa27f003ce224e9b19b3c4ada55b4,1237,37,1,380,36,216057,426,2,,,1,0,0
0x766a2829e10e2b9ab93f0f7e013d5e577e59e6c65d7472b7098877b46ab99ba4,1,0x273f13469b6d9006e49699384ddf99fb72251eeb,0xf91546835f756da0c10cfa0cda95b15577b84aa7,2018-10-06 16:25:27+00:00,1000000,5000000000,2403153,738941,0,12,,291,1932,2106,0.9173789173789174,37,23,23,1.0,13,166,974529,210,0x766a2829e10e2b9ab93f0f7e013d5e577e59e6c65d7472b7098877b46ab99ba4,3,3,5,380,36,216059,2,4,3.0,1.0,1,3,0
0x9421353110c82017e95b77d82daf34ee20655b1738f9b17f8b092a0b5449e912,1,0xf36cb9c2984838eb2bbda4fcdb3f9cb2ac05d1fa,0xf91546835f756da0c10cfa0cda95b15577b84aa7,2018-10-06 16:26:45+00:00,90000,4000000000,798894,62425,0,2093,,290,1933,2107,0.9174181300427148,37,1862,2112,0.8816287878787878,78,79,474933,211,0x9421353110c82017e95b77d82daf34ee20655b1738f9b17f8b092a0b5449e912,1238,37,1,380,36,216064,426,2,,,1,0,0
0xf4a101fc92c89aeab0813eb83c71071c6cd44c08ab5a4856d0823dbc0ea4b63b,1,0xf36cb9c2984838eb2bbda4fcdb3f9cb2ac05d1fa,0xf91546835f756da0c10cfa0cda95b15577b84aa7,2018-10-06 16:26:52+00:00,90000,4000000000,2469623,62425,0,2095,,289,1934,2109,0.917022285443338,37,1863,2114,0.881267738883633,78,79,474934,212,0xf4a101fc92c89aeab0813eb83c71071c6cd44c08ab5a4856d0823dbc0ea4b63b,1239,37,1,380,36,216065,426,2,,,1,0,0
0xaffa6cec5cc10baafb217e5682a2646409a89bd9eb578b2ddb9f02daca063270,1,0xb358d3dd429e6ac54b2bfe217cf3647d3cf6331a,0xf91546835f756da0c10cfa0cda95b15577b84aa7,2018-10-06 16:26:52+00:00,1000000,5000000000,1302826,56154,0,13,,288,1934,2109,0.917022285443338,37,18,18,1.0,8,187,1095684,213,0xaffa6cec5cc10baafb217e5682a2646409a89bd9eb578b2ddb9f02daca063270,5,3,2,380,36,216065,3,3,0.0,1.0,1,1,0
0xbe859652b578b078f0944d788397a898e0bb727b5427e86b7d80ceb8ab2d4dc7,1,0xf36cb9c2984838eb2bbda4fcdb3f9cb2ac05d1fa,0xf91546835f756da0c10cfa0cda95b15577b84aa7,2018-10-06 16:27:31+00:00,90000,4000000000,7386014,29252,0,2098,,287,1935,2110,0.9170616113744076,37,1864,2118,0.8800755429650614,78,79,474935,214,0xbe859652b578b078f0944d788397a898e0bb727b5427e86b7d80ceb8ab2d4dc7,1240,37,1,380,36,216066,426,2,,,1,0,0
0xfaa8af63e3137eb80e38d820961739c4f4aa070d29b8afc821567db1babd2106,1,0xf36cb9c2984838eb2bbda4fcdb3f9cb2ac05d1fa,0xf91546835f756da0c10cfa0cda95b15577b84aa7,2018-10-06 16:27:47+00:00,90000,4000000000,2207398,41713,0,2102,,285,1936,2112,0.9166666666666666,37,1865,2121,0.8793022159358793,78,79,474937,215,0xfaa8af63e3137eb80e38d820961739c4f4aa070d29b8afc821567db1babd2106,1242,37,2,380,36,216068,426,3,0.0,1.0,1,1,0
0xe0b6415e19cd2a0ceee12d17d341b7840793017ee549e5e9c3ae7dde8de2ebc2,1,0xf36cb9c2984838eb2bbda4fcdb3f9cb2ac05d1fa,0xf91546835f756da0c10cfa0cda95b15577b84aa7,2018-10-06 16:27:47+00:00,90000,4000000000,2165685,31258,0,2101,,286,1936,2112,0.9166666666666666,37,1865,2121,0.8793022159358793,78,79,474937,216,0xe0b6415e19cd2a0ceee12d17d341b7840793017ee549e5e9c3ae7dde8de2ebc2,1242,37,2,380,36,216068,426,3,0.0,1.0,1,1,0
0x9c3996b988e77b550a7a96bc6947d6f0497da324efcb1cb74b1c2215243f198b,1,0xf36cb9c2984838eb2bbda4fcdb3f9cb2ac05d1fa,0xf91546835f756da0c10cfa0cda95b15577b84aa7,2018-10-06 16:28:36+00:00,90000,5000000000,1220239,56649,0,2105,,284,1937,2114,0.9162724692526016,37,1867,2125,0.8785882352941176,78,79,474942,217,0x9c3996b988e77b550a7a96bc6947d6f0497da324efcb1cb74b1c2215243f198b,1244,37,2,380,36,216073,426,3,0.0,1.0,1,1,0
0xbb9c790110ce5a2a5cdb17d0e8472abe03f6cff351cf9b1f190649922e3646bf,1,0xf36cb9c2984838eb2bbda4fcdb3f9cb2ac05d1fa,0xf91546835f756da0c10cfa0cda95b15577b84aa7,2018-10-06 16:28:36+00:00,90000,5000000000,1249491,29252,0,2106,,283,1937,2114,0.9162724692526016,37,1867,2125,0.8785882352941176,78,79,474942,218,0xbb9c790110ce5a2a5cdb17d0e8472abe03f6cff351cf9b1f190649922e3646bf,1244,37,1,380,36,216073,426,2,,,1,0,0
0x8c6cd15b45d2302cbbdbb86fec3c8231ca6910d5543c9d40744fe848f601410a,1,0xf36cb9c2984838eb2bbda4fcdb3f9cb2ac05d1fa,0xf91546835f756da0c10cfa0cda95b15577b84aa7,2018-10-06 16:29:21+00:00,90000,20999999488,334890,31194,0,2110,,281,1938,2116,0.9158790170132324,37,1870,2130,0.8779342723004695,78,79,474947,219,0x8c6cd15b45d2302cbbdbb86fec3c8231ca6910d5543c9d40744fe848f601410a,1246,37,2,380,36,216078,426,3,0.0,1.0,1,1,0
0xd2a7844f2c1fadeea782ea821d216ffcdfdae1cc1252aa570250e329b7730dc4,1,0xf36cb9c2984838eb2bbda4fcdb3f9cb2ac05d1fa,0xf91546835f756da0c10cfa0cda95b15577b84aa7,2018-10-06 16:29:21+00:00,90000,5000000000,1991509,31258,0,2111,,282,1938,2116,0.9158790170132324,37,1870,2130,0.8779342723004695,78,79,474947,220,0xd2a7844f2c1fadeea782ea821d216ffcdfdae1cc1252aa570250e329b7730dc4,1246,37,2,380,36,216078,426,3,0.0,1.0,1,1,0
0x62115868afd02be86ebcf5f3d2a11fc21832b57405e86f4ae69ffe877b4d77f8,1,0x9fb259f5c1c62d91c5fd4bb95753e61ef90fc556,0xf91546835f756da0c10cfa0cda95b15577b84aa7,2018-10-06 16:30:08+00:00,1000000,5000000000,7106927,746415,0,3,,280,1939,2117,0.915918752952291,37,8,8,1.0,3,2,10619,221,0x62115868afd02be86ebcf5f3d2a11fc21832b57405e86f4ae69ffe877b4d77f8,4,3,5,380,36,216079,1,4,3.0,1.0,1,3,0
0x159791f1d7788dfc30a98b5dc8a8f9cdf86352d05d5e77c9da0d92c7a8ae62fb,1,0xf36cb9c2984838eb2bbda4fcdb3f9cb2ac05d1fa,0xf91546835f756da0c10cfa0cda95b15577b84aa7,2018-10-06 16:30:33+00:00,90000,5000000000,4147666,31194,0,2114,,279,1940,2119,0.9155261915998112,37,1871,2133,0.8771683075480544,78,79,474950,222,0x159791f1d7788dfc30a98b5dc8a8f9cdf86352d05d5e77c9da0d92c7a8ae62fb,1248,37,2,380,36,216081,426,3,0.0,1.0,1,1,0
0x112c90a7fa73b2a68aa7cade6140a09c584dc41f10075482ccbd442ab2d96bd4,1,0xf36cb9c2984838eb2bbda4fcdb3f9cb2ac05d1fa,0xf91546835f756da0c10cfa0cda95b15577b84aa7,2018-10-06 16:30:33+00:00,90000,5000000000,4116472,35396,19534845000000000,2113,,278,1940,2119,0.9155261915998112,37,1871,2133,0.8771683075480544,78,79,474950,223,0x112c90a7fa73b2a68aa7cade6140a09c584dc41f10075482ccbd442ab2d96bd4,1248,37,1,380,36,216081,426,2,,,1,0,0
0xa7fc27f66f7e42b1839dbfd17f80a10d5f6d088b6fbda5a159eb761553fee14b,1,0xf36cb9c2984838eb2bbda4fcdb3f9cb2ac05d1fa,0xf91546835f756da0c10cfa0cda95b15577b84aa7,2018-10-06 16:30:51+00:00,90000,21000000000,416038,41201,0,2115,,277,1941,2120,0.9155660377358492,37,1872,2136,0.8764044943820225,78,79,474952,224,0xa7fc27f66f7e42b1839dbfd17f80a10d5f6d088b6fbda5a159eb761553fee14b,1249,37,2,380,36,216083,426,3,0.0,1.0,1,1,0
0x8e081e42d595e797a55e7ea9318e6a34e88161e38875786385b09e86160af186,1,0xf36cb9c2984838eb2bbda4fcdb3f9cb2ac05d1fa,0xf91546835f756da0c10cfa0cda95b15577b84aa7,2018-10-06 16:31:27+00:00,90000,21000000000,301728,29252,0,2119,,276,1942,2121,0.9156058462989156,37,1874,2138,0.8765201122544433,78,79,474955,225,0x8e081e42d595e797a55e7ea9318e6a34e88161e38875786385b09e86160af186,1250,37,1,380,36,216086,426,2,,,1,0,0
0xed82ffc66ebba9e69ea8e37771b0ae7d7da49be9532a8346fc39ae4bc6d79c2e,1,0x9fb259f5c1c62d91c5fd4bb95753e61ef90fc556,0xf91546835f756da0c10cfa0cda95b15577b84aa7,2018-10-06 16:31:43+00:00,750000,5000000000,2541704,188604,0,5,,275,1943,2123,0.9152143193593972,37,10,10,1.0,3,2,10629,226,0xed82ffc66ebba9e69ea8e37771b0ae7d7da49be9532a8346fc39ae4bc6d79c2e,5,3,2,380,36,216089,2,3,0.0,1.0,1,1,0
0x4dc80122b0ae4fb6baf67499c24679eee839a22e6b2b1a63b189feac738ebed0,1,0xa539f00f08372b31d73ab9724d1433a2bebc8b61,0xf91546835f756da0c10cfa0cda95b15577b84aa7,2018-10-06 16:31:43+00:00,1000000,5000000000,2290100,732489,0,13,,274,1943,2123,0.9152143193593972,37,24,24,1.0,13,183,1076033,227,0x4dc80122b0ae4fb6baf67499c24679eee839a22e6b2b1a63b189feac738ebed0,3,2,5,380,36,216089,3,4,3.0,1.0,1,3,0
0xe17e627dafecf826445e7a1ea6b88af58065e4c53d302ec69756cf2a1b22acbe,1,0x320ce7036f82140f0443973ad0be0744f83670cd,0xf91546835f756da0c10cfa0cda95b15577b84aa7,2018-10-06 16:32:15+00:00,1000000,5000000000,2628284,729933,0,9,,273,1944,2125,0.9148235294117648,37,20,20,1.0,12,117,696510,228,0xe17e627dafecf826445e7a1ea6b88af58065e4c53d302ec69756cf2a1b22acbe,7,6,5,380,36,216091,3,4,3.0,1.0,1,3,0
0xbce4c0523ce4b0b02ece97672284ccb0ce715c26fc75db27b1820e5c82949c94,1,0x8fe097a68bfd856c715c0f9d42c053f0fc0b7075,0xf91546835f756da0c10cfa0cda95b15577b84aa7,2018-10-06 16:32:15+00:00,1000000,5000000000,3490907,748651,0,5,,272,1944,2125,0.9148235294117648,37,10,10,1.0,7,175,1025710,229,0xbce4c0523ce4b0b02ece97672284ccb0ce715c26fc75db27b1820e5c82949c94,2,2,5,380,36,216091,3,4,3.0,1.0,1,3,0
0xf52a2a90eca4a991bc170a146ffdb74f94fa3034b40e630a4e696b8258d28aac,1,0xf36cb9c2984838eb2bbda4fcdb3f9cb2ac05d1fa,0xf91546835f756da0c10cfa0cda95b15577b84aa7,2018-10-06 16:32:27+00:00,90000,21000000000,238288,62361,0,2120,,271,1945,2126,0.9148635936030104,37,1875,2139,0.876577840112202,78,79,474961,230,0xf52a2a90eca4a991bc170a146ffdb74f94fa3034b40e630a4e696b8258d28aac,1251,37,1,380,36,216092,426,2,,,1,0,0
0x79fa9b178f6e283955a8f84fb32e48d66b850c394158f03b57dfda3332404a1f,1,0x65e9ce629f341b2fc5ea77dc2ab1acc05f4072b9,0xf91546835f756da0c10cfa0cda95b15577b84aa7,2018-10-06 16:33:53+00:00,1000000,5000000000,5818342,50029,44602820000000000,84,,270,1946,2127,0.914903620122238,37,108,108,1.0,21,187,1100402,231,0x79fa9b178f6e283955a8f84fb32e48d66b850c394158f03b57dfda3332404a1f,14,6,1,380,36,216100,10,2,,,1,0,0
0xa231f4228a02d762fe052d5154a21ec9694bfafc03b5f8f5a85d4f409c5479a2,1,0xf36cb9c2984838eb2bbda4fcdb3f9cb2ac05d1fa,0xf91546835f756da0c10cfa0cda95b15577b84aa7,2018-10-06 16:38:32+00:00,90000,20000000000,375536,31258,0,2126,,269,1947,2128,0.9149436090225564,37,1880,2145,0.8764568764568764,78,79,474983,232,0xa231f4228a02d762fe052d5154a21ec9694bfafc03b5f8f5a85d4f409c5479a2,1252,37,2,380,36,216114,426,3,0.0,1.0,1,1,0
0xa7eb206d41f040e3552e79be120947c11ad5f6f959e7f3ab018cf3abf336fba9,1,0xf36cb9c2984838eb2bbda4fcdb3f9cb2ac05d1fa,0xf91546835f756da0c10cfa0cda95b15577b84aa7,2018-10-06 16:38:40+00:00,90000,20000000000,338036,41649,0,2127,,268,1948,2129,0.9149835603569751,37,1881,2146,0.8765144454799627,78,79,474984,233,0xa7eb206d41f040e3552e79be120947c11ad5f6f959e7f3ab018cf3abf336fba9,1253,37,2,380,36,216115,426,3,0.0,1.0,1,1,0
0x6cb06c9e3c4598ff5a29b77d1064c132870cc9f58c17206d66a19cbe94859706,1,0xf36cb9c2984838eb2bbda4fcdb3f9cb2ac05d1fa,0xf91546835f756da0c10cfa0cda95b15577b84aa7,2018-10-06 16:42:38+00:00,90000,20000000000,527346,56585,0,2129,,267,1949,2130,0.9150234741784038,37,1883,2148,0.8766294227188081,78,79,475007,234,0x6cb06c9e3c4598ff5a29b77d1064c132870cc9f58c17206d66a19cbe94859706,1254,37,2,380,36,216138,426,3,0.0,1.0,1,1,0
0xce50ec6e938dba69bf1d7c3ffe4aec636cbce5da974f1ed274dc2b9f102d92a9,1,0x831d12098d2b45164dc174a7e05506e6cb2c3fad,0xf91546835f756da0c10cfa0cda95b15577b84aa7,2018-10-06 16:43:40+00:00,1000000,5000000000,3842444,741113,0,4,,266,1950,2131,0.9150633505396528,37,7,7,1.0,5,183,1076743,235,0xce50ec6e938dba69bf1d7c3ffe4aec636cbce5da974f1ed274dc2b9f102d92a9,2,2,5,380,36,216141,2,4,3.0,1.0,1,3,0
0x0ef16a6d7e58af00b5ae24ee5490379b643e08ecb948b04a6110b0fe39c82aa8,1,0x831d12098d2b45164dc174a7e05506e6cb2c3fad,0xf91546835f756da0c10cfa0cda95b15577b84aa7,2018-10-06 16:45:14+00:00,750000,5000000000,1707078,224291,203515918458939068,6,,265,1951,2132,0.9151031894934332,37,9,9,1.0,5,183,1076753,236,0x0ef16a6d7e58af00b5ae24ee5490379b643e08ecb948b04a6110b0fe39c82aa8,3,2,2,380,36,216151,3,3,0.0,1.0,1,1,0
0xd442ddc12f9bfa90cd42f7824f72a7881808025df5436dc1a48a52a94e9ea34b,1,0xf36cb9c2984838eb2bbda4fcdb3f9cb2ac05d1fa,0xf91546835f756da0c10cfa0cda95b15577b84aa7,2018-10-06 16:46:01+00:00,90000,20000000000,1166044,62425,0,2131,,264,1952,2133,0.915142991092358,37,1885,2150,0.8767441860465116,78,79,475023,237,0xd442ddc12f9bfa90cd42f7824f72a7881808025df5436dc1a48a52a94e9ea34b,1255,37,1,380,36,216154,426,2,,,1,0,0
0x94bd6bdd1cb6f9fb6aed4c724b3082ba8e1d61b8bb403dcc7ed3a484c885d55f,1,0xf36cb9c2984838eb2bbda4fcdb3f9cb2ac05d1fa,0xf91546835f756da0c10cfa0cda95b15577b84aa7,2018-10-06 16:47:48+00:00,90000,20000000000,573712,56713,0,2133,,263,1953,2134,0.915182755388941,37,1887,2152,0.8768587360594795,78,79,475034,238,0x94bd6bdd1cb6f9fb6aed4c724b3082ba8e1d61b8bb403dcc7ed3a484c885d55f,1256,37,2,380,36,216165,426,3,0.0,1.0,1,1,0
0x47371b21fa2ad9671ec210dd039a5bf17236d57b906e74c3cb5f613525dcf7b0,1,0x0aaac974ee08454da999a7eaad7765b248977a3f,0xf91546835f756da0c10cfa0cda95b15577b84aa7,2018-10-06 16:49:22+00:00,750000,5000000000,3279870,224291,158267290234046732,14,,262,1954,2135,0.9152224824355972,37,24,24,1.0,9,186,1094873,239,0x47371b21fa2ad9671ec210dd039a5bf17236d57b906e74c3cb5f613525dcf7b0,1,1,2,381,36,216173,5,3,0.0,1.0,1,1,0
0x0e42c893d92cfc6f09e709a0a858d4b1487178f96964c586fb2c61903074bd4b,1,0xf36cb9c2984838eb2bbda4fcdb3f9cb2ac05d1fa,0xf91546835f756da0c10cfa0cda95b15577b84aa7,2018-10-06 16:50:23+00:00,90000,5000000000,1271918,62425,0,2134,,261,1955,2136,0.9152621722846442,37,1888,2153,0.8769159312587088,78,79,475046,240,0x0e42c893d92cfc6f09e709a0a858d4b1487178f96964c586fb2c61903074bd4b,1257,37,1,381,36,216177,426,2,,,1,0,0
0x48417847f12d5e7f3234eb99d664f35b4303e575db85419518ee9f6603227f3e,1,0x273f13469b6d9006e49699384ddf99fb72251eeb,0xf91546835f756da0c10cfa0cda95b15577b84aa7,2018-10-06 17:34:00+00:00,750000,15000000000,517188,224291,726960872966642800,15,,260,1956,2137,0.9153018249883011,37,26,26,1.0,13,166,974829,241,0x48417847f12d5e7f3234eb99d664f35b4303e575db85419518ee9f6603227f3e,4,3,2,381,36,216359,3,3,0.0,1.0,1,1,0
0xb55c5f2f78ce1b5c2f440d770e7a9469a5de9a1943dde6bfaae510455d42415a,1,0xf36cb9c2984838eb2bbda4fcdb3f9cb2ac05d1fa,0xf91546835f756da0c10cfa0cda95b15577b84aa7,2018-10-06 17:34:41+00:00,90000,5000000000,3882611,62425,0,2135,,259,1957,2138,0.9153414405986904,37,1889,2154,0.8769730733519034,78,79,475231,242,0xb55c5f2f78ce1b5c2f440d770e7a9469a5de9a1943dde6bfaae510455d42415a,1258,37,1,381,36,216362,426,2,,,1,0,0
0x83814c4145de43e994dfe1017318b1bb930cca91259d2f6d808a0f271715348d,1,0xf36cb9c2984838eb2bbda4fcdb3f9cb2ac05d1fa,0xf91546835f756da0c10cfa0cda95b15577b84aa7,2018-10-06 17:38:27+00:00,1000000,3450000000,6360501,35460,14048687349993785,2137,,258,1958,2139,0.9153810191678354,37,1890,2156,0.8766233766233766,78,79,475250,243,0x83814c4145de43e994dfe1017318b1bb930cca91259d2f6d808a0f271715348d,1259,37,1,381,36,216381,426,2,,,1,0,0
0x31889314de09d97fdd689c20c2c9be1bfbd28f6b69443b4d20d0f8f73e4d9814,1,0xf36cb9c2984838eb2bbda4fcdb3f9cb2ac05d1fa,0xf91546835f756da0c10cfa0cda95b15577b84aa7,2018-10-06 17:38:54+00:00,1000000,3450000000,4934111,41649,0,2138,,257,1959,2140,0.9154205607476636,37,1891,2157,0.8766805748725081,78,79,475252,244,0x31889314de09d97fdd689c20c2c9be1bfbd28f6b69443b4d20d0f8f73e4d9814,1260,37,2,381,36,216383,426,3,0.0,1.0,1,1,0
0x46053bfd745521b6347ebeea530fc7b0a97228917aa0aa6153f29bf71873bf21,1,0xf36cb9c2984838eb2bbda4fcdb3f9cb2ac05d1fa,0xf91546835f756da0c10cfa0cda95b15577b84aa7,2018-10-06 17:39:48+00:00,1000000,20000000000,757181,41201,0,2140,,256,1960,2141,0.9154600653900046,37,1893,2159,0.8767948124131542,78,79,475257,245,0x46053bfd745521b6347ebeea530fc7b0a97228917aa0aa6153f29bf71873bf21,1261,37,2,381,36,216388,426,3,0.0,1.0,1,1,0
0x46f4f679497c99ebcfc69147f097cbaf7e5ff06c383a4d6f51433acb8b9280e0,1,0xdbb8e0adc7421677370396716fa0ed3379be3b71,0xf91546835f756da0c10cfa0cda95b15577b84aa7,2018-10-06 17:40:35+00:00,1000000,15000000000,3049102,35093,89671375000000000,12,,255,1961,2142,0.915499533146592,37,19,19,1.0,4,44,263836,246,0x46f4f679497c99ebcfc69147f097cbaf7e5ff06c383a4d6f51433acb8b9280e0,7,3,1,381,36,216393,4,2,,,1,0,0
0xa20d8aaca1159c59a9ae38c766566f6a4a052bd096845486cdfb99b778377833,1,0xb7d3ee2adfd26c1eb93a99798a56a9729506f8f4,0xf91546835f756da0c10cfa0cda95b15577b84aa7,2018-10-06 17:42:44+00:00,1000000,15000000000,2773124,35029,49671375000000000,9,,254,1962,2143,0.915538964069062,37,16,16,1.0,1,0,3972,247,0xa20d8aaca1159c59a9ae38c766566f6a4a052bd096845486cdfb99b778377833,5,1,1,381,36,216401,2,2,,,1,0,0
0x367672690973f26ced2f1b07a61e995fcc2f42ef8c1b45c20c000fb32a185c04,1,0xdbb8e0adc7421677370396716fa0ed3379be3b71,0xf91546835f756da0c10cfa0cda95b15577b84aa7,2018-10-06 17:56:08+00:00,1000000,5000000000,4850823,35093,199473605000000000,13,,253,1963,2144,0.9155783582089552,37,21,21,1.0,4,44,263915,248,0x367672690973f26ced2f1b07a61e995fcc2f42ef8c1b45c20c000fb32a185c04,8,3,1,381,36,216472,4,2,,,1,0,0
0x5e8bebd8115aac4c05178d0266c79e68ce12827f54647c5f9367fc152dfe4ff1,1,0xdbb8e0adc7421677370396716fa0ed3379be3b71,0xf91546835f756da0c10cfa0cda95b15577b84aa7,2018-10-06 17:58:23+00:00,1000000,5000000000,4979487,35029,49824535000000000,14,,252,1964,2145,0.9156177156177157,37,23,23,1.0,4,44,263924,249,0x5e8bebd8115aac4c05178d0266c79e68ce12827f54647c5f9367fc152dfe4ff1,9,3,1,381,36,216481,4,2,,,1,0,0
0x8b6fd2ce13dc82eee46b2150d7616307b1d1aba3648c29d0b5a6250b3363ff97,1,0xdbb8e0adc7421677370396716fa0ed3379be3b71,0xf91546835f756da0c10cfa0cda95b15577b84aa7,2018-10-06 18:15:43+00:00,1000000,10000000000,3213927,56154,0,15,,251,1965,2146,0.9156570363466914,37,24,24,1.0,4,44,264009,250,0x8b6fd2ce13dc82eee46b2150d7616307b1d1aba3648c29d0b5a6250b3363ff97,10,3,2,381,36,216566,4,3,0.0,1.0,1,1,0
0xe303f3617886d131b824aecc90a3d82587c6723eff414a4474022b6883526a17,1,0xf36cb9c2984838eb2bbda4fcdb3f9cb2ac05d1fa,0xf91546835f756da0c10cfa0cda95b15577b84aa7,2018-10-06 18:29:53+00:00,1000000,10000000000,5519324,56713,0,2142,,250,1966,2147,0.9156963204471356,37,1895,2161,0.8769088385006941,78,79,475492,251,0xe303f3617886d131b824aecc90a3d82587c6723eff414a4474022b6883526a17,1262,37,2,381,36,216623,426,3,0.0,1.0,1,1,0
0x22d1850eb780c983df42c177e6c31bd55f4ad1ebda3da62c0ebdc09330e778ed,1,0xa539f00f08372b31d73ab9724d1433a2bebc8b61,0xf91546835f756da0c10cfa0cda95b15577b84aa7,2018-10-06 18:30:24+00:00,750000,10000000000,843214,224227,613920143166088335,15,,249,1967,2148,0.9157355679702048,37,26,26,1.0,13,183,1076569,252,0x22d1850eb780c983df42c177e6c31bd55f4ad1ebda3da62c0ebdc09330e778ed,4,2,2,381,36,216625,4,3,0.0,1.0,1,1,0
0xd505eb59194a1a986e0ecd51eff3776a302da7648d0af3fc69189b7527981557,1,0xf36cb9c2984838eb2bbda4fcdb3f9cb2ac05d1fa,0xf91546835f756da0c10cfa0cda95b15577b84aa7,2018-10-06 18:31:08+00:00,90000,10000000000,3211426,62361,0,2144,,247,1968,2150,0.9153488372093024,37,1896,2163,0.8765603328710125,78,79,475497,253,0xd505eb59194a1a986e0ecd51eff3776a302da7648d0af3fc69189b7527981557,1263,37,1,382,36,216628,426,2,,,1,0,0
0x3b0bfa0a5d8a478502a77adc313c0a6a2391bf381d6b27e3c67417d1f2bc258e,1,0x3c152bd1eca5f439aed235acb10bee88f7d9f934,0xf91546835f756da0c10cfa0cda95b15577b84aa7,2018-10-06 18:31:08+00:00,750000,10000000000,3594574,188668,0,5,,248,1968,2150,0.9153488372093024,37,10,10,1.0,4,77,460011,254,0x3b0bfa0a5d8a478502a77adc313c0a6a2391bf381d6b27e3c67417d1f2bc258e,1,1,2,382,36,216628,3,3,0.0,1.0,1,1,0
0x375da6a88a52649bf14a932ac7ba588d4d82e8d08f3233318dd5f426e9ac762f,1,0xf36cb9c2984838eb2bbda4fcdb3f9cb2ac05d1fa,0xf91546835f756da0c10cfa0cda95b15577b84aa7,2018-10-06 18:31:20+00:00,1000000,20000000000,234771,56713,0,2145,,246,1969,2151,0.9153881915388192,37,1897,2164,0.8766173752310537,78,79,475499,255,0x375da6a88a52649bf14a932ac7ba588d4d82e8d08f3233318dd5f426e9ac762f,1264,37,2,382,36,216630,426,3,0.0,1.0,1,1,0
0xa477830669854621f533292cb82940f05261f206dbae0c9446a18717209eaa6d,1,0xf36cb9c2984838eb2bbda4fcdb3f9cb2ac05d1fa,0xf91546835f756da0c10cfa0cda95b15577b84aa7,2018-10-06 18:31:58+00:00,90000,20000000000,535855,62425,0,2146,,245,1970,2152,0.9154275092936804,37,1898,2165,0.8766743648960738,78,79,475502,256,0xa477830669854621f533292cb82940f05261f206dbae0c9446a18717209eaa6d,1265,37,1,382,36,216633,426,2,,,1,0,0
0x77a63a920c696dee3d52a214678ab7f6710c2462dc98fdf6dcde03d689a13ea2,1,0x8c6e858b00d13a4a060b466829e4caf2d0e66efb,0xf91546835f756da0c10cfa0cda95b15577b84aa7,2018-10-06 18:35:41+00:00,750000,10000000000,2633992,224803,165420869213269784,5,,244,1971,2154,0.915041782729805,37,8,8,1.0,4,121,719670,257,0x77a63a920c696dee3d52a214678ab7f6710c2462dc98fdf6dcde03d689a13ea2,3,2,2,382,36,216647,3,3,0.0,1.0,1,1,0
0x5026734637d7bc56fdf43ce428816461f3ce6e32d8949e83a21c9c8d325ca72e,1,0x25c09ec7357dd8bd24f69679103a101b3caccbba,0xf91546835f756da0c10cfa0cda95b15577b84aa7,2018-10-06 18:35:41+00:00,1000000,10000000000,2680681,46689,0,29,,243,1971,2154,0.915041782729805,37,57,57,1.0,34,187,1096593,258,0x5026734637d7bc56fdf43ce428816461f3ce6e32d8949e83a21c9c8d325ca72e,8,8,1,382,36,216647,3,2,,,1,0,0
0xfd5b61c6159e6894b6284bfc5d64e697fecf9b129df1412fc35146a913eccacc,1,0xf36cb9c2984838eb2bbda4fcdb3f9cb2ac05d1fa,0xf91546835f756da0c10cfa0cda95b15577b84aa7,2018-10-06 18:37:05+00:00,90000,20000000000,636138,62425,0,2147,,242,1972,2155,0.9150812064965196,37,1899,2166,0.8767313019390581,78,79,475519,259,0xfd5b61c6159e6894b6284bfc5d64e697fecf9b129df1412fc35146a913eccacc,1266,37,1,382,36,216650,426,2,,,1,0,0
0x54d7241fe99df856ead9318fa739a2168b45cb86c7b5bcfd1243eeeb45fa8d1a,1,0x2c80c91b02711b67f01b44a18ff32d559ab62514,0xf91546835f756da0c10cfa0cda95b15577b84aa7,2018-10-06 18:41:57+00:00,1000000,10000000000,6717183,747629,0,11,,241,1973,2156,0.9151205936920223,37,20,20,1.0,11,186,1095351,260,0x54d7241fe99df856ead9318fa739a2168b45cb86c7b5bcfd1243eeeb45fa8d1a,3,3,5,382,36,216669,2,4,3.0,1.0,1,3,0
0x58c0ce69cbc2359ab297915a50e22af605ab8ce5ba5a91a1e0f578925b5c301a,1,0x2c80c91b02711b67f01b44a18ff32d559ab62514,0xf91546835f756da0c10cfa0cda95b15577b84aa7,2018-10-06 18:44:38+00:00,750000,10000000000,641418,224291,252926836934443720,13,,240,1974,2157,0.9151599443671766,37,22,22,1.0,11,186,1095358,261,0x58c0ce69cbc2359ab297915a50e22af605ab8ce5ba5a91a1e0f578925b5c301a,4,3,2,382,36,216676,3,3,0.0,1.0,1,1,0
0x839c64659a4f63d13bc2ec73ad10d52177bc077ad2e11180571b1070e77c0175,1,0xf36cb9c2984838eb2bbda4fcdb3f9cb2ac05d1fa,0xf91546835f756da0c10cfa0cda95b15577b84aa7,2018-10-06 18:44:55+00:00,90000,20000000000,104425,62425,0,2149,,239,1975,2158,0.9151992585727524,37,1901,2168,0.8768450184501844,78,79,475548,262,0x839c64659a4f63d13bc2ec73ad10d52177bc077ad2e11180571b1070e77c0175,1267,37,1,382,36,216679,426,2,,,1,0,0
0x6a02f4649e36af34e77c721cd92a44f5ee57a304b370e93369299b1be69399ae,1,0xf36cb9c2984838eb2bbda4fcdb3f9cb2ac05d1fa,0xf91546835f756da0c10cfa0cda95b15577b84aa7,2018-10-06 18:46:34+00:00,1000000,5000000000,1748234,56713,0,2151,,238,1976,2159,0.9152385363594256,37,1903,2170,0.8769585253456221,78,79,475555,263,0x6a02f4649e36af34e77c721cd92a44f5ee57a304b370e93369299b1be69399ae,1268,37,2,382,36,216686,426,3,0.0,1.0,1,1,0
0x5e8132a66ced1081fc537be658c9abe005a498a8a0d090829fde647c68f5592b,1,0x8fe097a68bfd856c715c0f9d42c053f0fc0b7075,0xf91546835f756da0c10cfa0cda95b15577b84aa7,2018-10-06 18:59:54+00:00,750000,16000000000,1141177,224291,124589303915969752,7,,237,1977,2160,0.9152777777777776,37,12,12,1.0,7,175,1026358,264,0x5e8132a66ced1081fc537be658c9abe005a498a8a0d090829fde647c68f5592b,3,2,2,382,36,216739,4,3,0.0,1.0,1,1,0
0xecc202733d53f8bac770dae660afc4197f21061812db53953189b685ab50e360,1,0xf36cb9c2984838eb2bbda4fcdb3f9cb2ac05d1fa,0xf91546835f756da0c10cfa0cda95b15577b84aa7,2018-10-06 19:00:54+00:00,90000,16000000000,807489,62425,0,2152,,236,1978,2161,0.9153169828782972,37,1904,2171,0.8770152003684937,78,79,475613,265,0xecc202733d53f8bac770dae660afc4197f21061812db53953189b685ab50e360,1269,37,1,382,36,216744,426,2,,,1,0,0
0x9362e9b439f03ed41c02ee9d50722931a82b5ced1e8ec37902b2f365a63dd42a,1,0xf160a2e2236cc4e6a2296fc6ef0c360d6c1fa31c,0xf91546835f756da0c10cfa0cda95b15577b84aa7,2018-10-06 19:02:15+00:00,1000000,10000000000,4875015,728081,0,19,,235,1979,2162,0.9153561517113784,37,37,38,0.9736842105263158,13,69,416344,266,0x9362e9b439f03ed41c02ee9d50722931a82b5ced1e8ec37902b2f365a63dd42a,7,5,5,382,36,216750,4,4,3.0,1.0,1,3,0
0xa50520e89c5faf07f0675184c4e3de7c680b4f39e5e5e85ddc86d297ef50f7e9,1,0xf36cb9c2984838eb2bbda4fcdb3f9cb2ac05d1fa,0xf91546835f756da0c10cfa0cda95b15577b84aa7,2018-10-06 19:02:29+00:00,1000000,5000000000,931285,56713,0,2154,,234,1980,2163,0.9153952843273232,37,1906,2173,0.8771283939254487,78,79,475621,267,0xa50520e89c5faf07f0675184c4e3de7c680b4f39e5e5e85ddc86d297ef50f7e9,1270,37,2,382,36,216752,426,3,0.0,1.0,1,1,0
0x85f1f8c6dc691d443fd4f6d16f6360a8835985462700588bd17c47af5d1e6a93,1,0xf160a2e2236cc4e6a2296fc6ef0c360d6c1fa31c,0xf91546835f756da0c10cfa0cda95b15577b84aa7,2018-10-06 19:03:35+00:00,750000,10000000000,4315043,224227,258265156637505636,21,,233,1981,2164,0.91543438077634,37,39,40,0.975,13,69,416353,268,0x85f1f8c6dc691d443fd4f6d16f6360a8835985462700588bd17c47af5d1e6a93,8,5,2,382,36,216759,5,3,0.0,1.0,1,1,0
0xa67aafcdf305dba12b89138ac9ad2d3e7b232610d3bd528e6f095bf0f8d2d7b7,1,0xf36cb9c2984838eb2bbda4fcdb3f9cb2ac05d1fa,0xf91546835f756da0c10cfa0cda95b15577b84aa7,2018-10-06 19:04:01+00:00,1000000,20000000000,267908,56713,0,2158,,231,1982,2166,0.915050784856879,37,1909,2177,0.8768948093706936,78,79,475632,269,0xa67aafcdf305dba12b89138ac9ad2d3e7b232610d3bd528e6f095bf0f8d2d7b7,1272,37,2,382,36,216763,426,3,0.0,1.0,1,1,0
0x2f0347c00f98c609b55eb9818d9e7f6d6f039181c5465ee142df48c701d197e7,1,0xf36cb9c2984838eb2bbda4fcdb3f9cb2ac05d1fa,0xf91546835f756da0c10cfa0cda95b15577b84aa7,2018-10-06 19:04:01+00:00,90000,20000000000,211195,62361,0,2157,,232,1982,2166,0.915050784856879,37,1909,2177,0.8768948093706936,78,79,475632,270,0x2f0347c00f98c609b55eb9818d9e7f6d6f039181c5465ee142df48c701d197e7,1272,37,1,382,36,216763,426,2,,,1,0,0
0xd0eaaa1c4a01e8718b88302297ac9f37b0bd283c262c5f1bf8b1c3cc4577ed73,1,0x4039bfe831a47d7dd5588459f6cc050f2287f554,0xf91546835f756da0c10cfa0cda95b15577b84aa7,2018-10-06 19:04:34+00:00,1000000,10000000000,1791236,728145,0,11,,230,1983,2167,0.915089986155976,37,24,24,1.0,13,116,687773,271,0xd0eaaa1c4a01e8718b88302297ac9f37b0bd283c262c5f1bf8b1c3cc4577ed73,11,9,5,382,36,216766,2,4,3.0,1.0,1,3,0
0x39a42ff8334c02b528fb60870f7050c7dc95c4295c0e352dd54872680562a438,1,0xf36cb9c2984838eb2bbda4fcdb3f9cb2ac05d1fa,0xf91546835f756da0c10cfa0cda95b15577b84aa7,2018-10-06 19:05:27+00:00,1000000,5000000000,3770898,56649,0,2161,,228,1984,2169,0.9147072383586906,37,1911,2180,0.8766055045871559,78,79,475641,272,0x39a42ff8334c02b528fb60870f7050c7dc95c4295c0e352dd54872680562a438,1273,37,2,382,36,216772,426,3,0.0,1.0,1,1,0
0x1630cb36c19ad3922f1db9a83e64ac1c5a40745cfb951aa9e2f8eebdd8459141,1,0x2e7e02d442108a34602ebba71c76367c835f00b3,0xf91546835f756da0c10cfa0cda95b15577b84aa7,2018-10-06 19:05:27+00:00,1000000,10000000000,1228843,46497,0,6,,229,1984,2169,0.9147072383586906,37,13,13,1.0,9,32,194951,273,0x1630cb36c19ad3922f1db9a83e64ac1c5a40745cfb951aa9e2f8eebdd8459141,7,7,1,382,36,216772,1,2,,,1,0,0
0xcea2f6a7e02304022188c7673a47d3ddcbe6752ec6888fe2297affd9d588136d,1,0xb8748ccce78b8b40bc155c2544bad446dff369a5,0xf91546835f756da0c10cfa0cda95b15577b84aa7,2018-10-06 19:12:36+00:00,1000000,10000000000,2501574,46753,0,39,,227,1985,2170,0.9147465437788018,37,73,73,1.0,41,185,1089254,274,0xcea2f6a7e02304022188c7673a47d3ddcbe6752ec6888fe2297affd9d588136d,11,11,1,382,36,216807,3,2,,,1,0,0
0xbfe9f37b800184ab39bbd1a5341d4021890910ab511ec8995b184688cceb0b78,1,0xf36cb9c2984838eb2bbda4fcdb3f9cb2ac05d1fa,0xf91546835f756da0c10cfa0cda95b15577b84aa7,2018-10-06 19:19:13+00:00,1000000,41000000000,377801,50460,1155858116174942,2162,,226,1986,2171,0.9147858129894056,37,1912,2181,0.8766620816139385,78,79,475698,275,0xbfe9f37b800184ab39bbd1a5341d4021890910ab511ec8995b184688cceb0b78,1274,37,1,382,36,216829,426,2,,,1,0,0
0xda5b96bab088635e7d9c0bbffa2cb4d80f64ee707ab65d3ef0e2ba064055a497,1,0xf36cb9c2984838eb2bbda4fcdb3f9cb2ac05d1fa,0xf91546835f756da0c10cfa0cda95b15577b84aa7,2018-10-06 19:50:10+00:00,1000000,25000000000,1488132,50460,305173852608422,2165,,224,1987,2173,0.9144040497008744,37,1915,2185,0.8764302059496567,78,79,475834,276,0xda5b96bab088635e7d9c0bbffa2cb4d80f64ee707ab65d3ef0e2ba064055a497,1276,37,1,382,36,216965,427,2,,,1,0,0
0xac92ad20fdd95575dfcf64195d5605619f32edcd80ef1a6a484f0d9d8686634a,1,0xf36cb9c2984838eb2bbda4fcdb3f9cb2ac05d1fa,0xf91546835f756da0c10cfa0cda95b15577b84aa7,2018-10-06 19:50:10+00:00,1000000,25000000000,1523592,35460,305173852608422,2166,,225,1987,2173,0.9144040497008744,37,1915,2185,0.8764302059496567,78,79,475834,277,0xac92ad20fdd95575dfcf64195d5605619f32edcd80ef1a6a484f0d9d8686634a,1276,37,1,382,36,216965,427,2,,,1,0,0
0x05ee61a46565fb25a35656ecef73b4bc0d00c140084dc17452ff26511a70eefc,1,0xc8897da8a8eb6f78f7147e3b2974f7bc091453df,0xf91546835f756da0c10cfa0cda95b15577b84aa7,2018-10-06 19:50:45+00:00,1000000,20000000000,2201997,46689,0,10,,223,1988,2174,0.9144434222631094,37,17,17,1.0,8,78,469604,278,0x05ee61a46565fb25a35656ecef73b4bc0d00c140084dc17452ff26511a70eefc,8,5,1,382,36,216969,3,2,,,1,0,0
0x54fc723114085d031856d490bcbad8ceab0d0fd4bec0ed9beecb99fd9ac5df6b,1,0x0aaac974ee08454da999a7eaad7765b248977a3f,0xf91546835f756da0c10cfa0cda95b15577b84aa7,2018-10-06 19:51:03+00:00,1000000,20000000000,176341,50093,62329257852608422,15,,222,1989,2175,0.9144827586206896,37,26,26,1.0,9,186,1095670,279,0x54fc723114085d031856d490bcbad8ceab0d0fd4bec0ed9beecb99fd9ac5df6b,2,1,1,382,36,216970,5,2,,,1,0,0
0xb88f1da649497f63aaa5fd0e495d1697aab8593a9c8da04b2e8788407c8e55aa,1,0xf36cb9c2984838eb2bbda4fcdb3f9cb2ac05d1fa,0xf91546835f756da0c10cfa0cda95b15577b84aa7,2018-10-06 19:52:28+00:00,1000000,20000000000,1007696,41649,0,2169,,221,1990,2176,0.9145220588235294,37,1918,2188,0.876599634369287,78,79,475849,280,0xb88f1da649497f63aaa5fd0e495d1697aab8593a9c8da04b2e8788407c8e55aa,1277,37,2,382,36,216980,428,3,0.0,1.0,1,1,0
0xfc7d41efc0fca7b91783e4cf68da8432585fb7c8f403fc47cf0c1185ed82098b,1,0x778cc537548e73b155f94fc295690a447de5c74e,0xf91546835f756da0c10cfa0cda95b15577b84aa7,2018-10-06 20:13:55+00:00,1000000,10000000000,2986754,748587,0,5,,220,1991,2177,0.9145613229214516,37,10,10,1.0,5,186,1095224,281,0xfc7d41efc0fca7b91783e4cf68da8432585fb7c8f403fc47cf0c1185ed82098b,3,2,5,382,36,217071,2,4,3.0,1.0,1,3,0
0xd5421ca916559bdfbf9a438128465a8abdf532060aff4d4f29d681fb9bc2d353,1,0x4b6cc4408beb90c63fcef3ef93a5af792d8d5d74,0xf91546835f756da0c10cfa0cda95b15577b84aa7,2018-10-06 20:41:29+00:00,1000000,15000000000,1314246,736897,0,4,,219,1992,2178,0.9146005509641872,37,9,9,1.0,5,19,117291,282,0xd5421ca916559bdfbf9a438128465a8abdf532060aff4d4f29d681fb9bc2d353,5,4,5,382,36,217187,1,4,3.0,1.0,1,3,0
0xfeca0043415ace88210098b4476986600358a52199cb6c0298eec69638f9077e,1,0x4b6cc4408beb90c63fcef3ef93a5af792d8d5d74,0xf91546835f756da0c10cfa0cda95b15577b84aa7,2018-10-06 20:43:33+00:00,750000,10000000000,725879,224291,297928144860058310,6,,218,1993,2179,0.9146397430013768,37,11,11,1.0,5,19,117301,283,0xfeca0043415ace88210098b4476986600358a52199cb6c0298eec69638f9077e,6,4,2,382,36,217197,2,3,0.0,1.0,1,1,0
0x2a02fa25b0a41069399602c7a1f32f37f80692d8c7a5f5ed652525ab510beb70,1,0xf36cb9c2984838eb2bbda4fcdb3f9cb2ac05d1fa,0xf91546835f756da0c10cfa0cda95b15577b84aa7,2018-10-06 20:44:48+00:00,90000,45000000000,491367,62425,0,2172,,217,1994,2180,0.9146788990825688,37,1921,2191,0.8767685988133272,78,79,476069,284,0x2a02fa25b0a41069399602c7a1f32f37f80692d8c7a5f5ed652525ab510beb70,1278,37,1,382,36,217200,428,2,,,1,0,0
0x96a6c46a874ed074dba8ad3b4a1a4a72d7a250e0a71fa06de3b63e3934a914d2,1,0xf36cb9c2984838eb2bbda4fcdb3f9cb2ac05d1fa,0xf91546835f756da0c10cfa0cda95b15577b84aa7,2018-10-06 20:45:55+00:00,1000000,45000000000,117507,56713,0,2174,,216,1995,2181,0.9147180192572214,37,1923,2193,0.8768809849521204,78,79,476075,285,0x96a6c46a874ed074dba8ad3b4a1a4a72d7a250e0a71fa06de3b63e3934a914d2,1279,37,2,382,36,217206,428,3,0.0,1.0,1,1,0
0x44c5957f67851a250e9b58ff79c34c275ee5f334a782597685108e23daeee913,1,0x5a8fd88ba7b9e5f87330e7a8e2542d5a570cf2a2,0xf91546835f756da0c10cfa0cda95b15577b84aa7,2018-10-06 20:47:42+00:00,1000000,15000000000,1136171,738749,0,1,,215,1996,2182,0.914757103574702,37,3,3,1.0,2,16,98286,286,0x44c5957f67851a250e9b58ff79c34c275ee5f334a782597685108e23daeee913,2,2,5,382,36,217213,1,4,3.0,1.0,1,3,0
0xef533a463a47737f75a16f34fe4fce2b143a3976b0f151ab4ef19db7eed7feba,1,0xd5990177172a442384be867200eebff9c23841e3,0xf91546835f756da0c10cfa0cda95b15577b84aa7,2018-10-06 20:47:58+00:00,1000000,15000000000,437042,46625,0,7,,214,1997,2183,0.9147961520842876,37,15,15,1.0,8,32,194909,287,0xef533a463a47737f75a16f34fe4fce2b143a3976b0f151ab4ef19db7eed7feba,8,7,1,382,36,217215,1,2,,,1,0,0
0x375f0307973dec2e78516f25dfee4ebf4e58d3fd828de980ca42f7f8f93ac022,1,0x778cc537548e73b155f94fc295690a447de5c74e,0xf91546835f756da0c10cfa0cda95b15577b84aa7,2018-10-06 21:05:18+00:00,750000,5000000000,3511297,224163,39688604907069673,7,,213,1998,2184,0.9148351648351648,37,12,12,1.0,5,186,1095440,288,0x375f0307973dec2e78516f25dfee4ebf4e58d3fd828de980ca42f7f8f93ac022,4,2,2,382,36,217287,3,3,0.0,1.0,1,1,0
0xac94c085f1d36080a95b3a7eea8d0a4526908b300f4cb3425c0e96756374abf2,1,0xf36cb9c2984838eb2bbda4fcdb3f9cb2ac05d1fa,0xf91546835f756da0c10cfa0cda95b15577b84aa7,2018-10-06 21:05:57+00:00,90000,45000000000,367005,62425,0,2176,,212,1999,2185,0.9148741418764302,37,1925,2195,0.876993166287016,78,79,476160,289,0xac94c085f1d36080a95b3a7eea8d0a4526908b300f4cb3425c0e96756374abf2,1280,37,1,382,36,217291,428,2,,,1,0,0
0x9844ad783c589d394ceb0f91d41142522a26ed3457d611a459143263cf110685,1,0xf36cb9c2984838eb2bbda4fcdb3f9cb2ac05d1fa,0xf91546835f756da0c10cfa0cda95b15577b84aa7,2018-10-06 21:07:55+00:00,1000000,45000000000,197023,56649,0,2178,,211,2000,2186,0.9149130832570904,37,1927,2197,0.8771051433773327,78,79,476166,290,0x9844ad783c589d394ceb0f91d41142522a26ed3457d611a459143263cf110685,1281,37,2,382,36,217297,428,3,0.0,1.0,1,1,0
0x437eaf933c9cde1aacc26629785c5898f99a286340754137545fce3f8c0730c6,1,0xad18af2bed84f997c09814918fba0104c00f9e7c,0xf91546835f756da0c10cfa0cda95b15577b84aa7,2018-10-06 21:12:32+00:00,1000000,17000000000,1291287,46497,0,9,,210,2001,2187,0.9149519890260632,37,19,19,1.0,8,11,67784,291,0x437eaf933c9cde1aacc26629785c5898f99a286340754137545fce3f8c0730c6,10,8,1,382,36,217316,1,2,,,1,0,0
0xe84e9ee51f8ce8df4b6b395ad0e0e66d9b43c2b0c28a09b40e08faf5d79e5c0e,1,0xf36cb9c2984838eb2bbda4fcdb3f9cb2ac05d1fa,0xf91546835f756da0c10cfa0cda95b15577b84aa7,2018-10-06 21:18:03+00:00,1000000,25000000000,553362,41201,0,2180,,209,2002,2188,0.9149908592321754,37,1929,2199,0.8772169167803547,78,79,476220,292,0xe84e9ee51f8ce8df4b6b395ad0e0e66d9b43c2b0c28a09b40e08faf5d79e5c0e,1282,37,2,382,36,217351,428,3,0.0,1.0,1,1,0
0xfab314d3932d2171c04f6b9d91c4947cad23c804e06c9f06ad45adef7123689f,1,0xb7d3ee2adfd26c1eb93a99798a56a9729506f8f4,0xf91546835f756da0c10cfa0cda95b15577b84aa7,2018-10-06 21:20:09+00:00,1000000,5000000000,3885646,780920,0,10,,208,2003,2189,0.9150296939241664,37,17,17,1.0,1,0,4930,293,0xfab314d3932d2171c04f6b9d91c4947cad23c804e06c9f06ad45adef7123689f,6,1,7,382,36,217359,2,5,5.0,1.0,1,4,0
0x0c2df83e07f859667ad51b50b08ac41b7f2e38878678eda8f913b1e11bdc032d,1,0xf6bbc029c717629ee81e0039fe7037c972ca1206,0xf91546835f756da0c10cfa0cda95b15577b84aa7,2018-10-06 21:22:11+00:00,1000000,5000000000,1112096,34965,49015085000000000,22,,207,2004,2190,0.915068493150685,37,37,37,1.0,15,187,1097776,294,0x0c2df83e07f859667ad51b50b08ac41b7f2e38878678eda8f913b1e11bdc032d,7,4,1,382,36,217371,3,2,,,1,0,0
0x23619f84e0859ceff1317480afdae50e9e0ef5cdefe5217c49f1547823f7ebcb,1,0xb7d3ee2adfd26c1eb93a99798a56a9729506f8f4,0xf91546835f756da0c10cfa0cda95b15577b84aa7,2018-10-06 21:22:41+00:00,750000,5000000000,401189,188668,0,11,,206,2005,2191,0.915107256960292,37,18,18,1.0,1,0,4946,295,0x23619f84e0859ceff1317480afdae50e9e0ef5cdefe5217c49f1547823f7ebcb,7,1,2,382,36,217375,2,3,0.0,1.0,1,1,0
0x72a7fcc1a723c1c776cd0ab70d6495f3e308852c2c8857cfd72da0f33c6bcd71,1,0xff4bdb3e6ec990ad53f10ad496057e1b9c890c24,0xf91546835f756da0c10cfa0cda95b15577b84aa7,2018-10-06 21:23:26+00:00,1000000,5000000000,4366834,736769,0,6,,205,2006,2192,0.9151459854014597,37,10,10,1.0,7,187,1097395,296,0x72a7fcc1a723c1c776cd0ab70d6495f3e308852c2c8857cfd72da0f33c6bcd71,3,2,5,382,36,217378,2,4,3.0,1.0,1,3,0
0xb8073101a07dc0c1407ebb4710ec4c002dfa806b33975417f8fa73ea52321629,1,0xf36cb9c2984838eb2bbda4fcdb3f9cb2ac05d1fa,0xf91546835f756da0c10cfa0cda95b15577b84aa7,2018-10-06 21:23:52+00:00,90000,20000000000,342423,62425,0,2182,,204,2007,2193,0.9151846785225716,37,1931,2201,0.8773284870513401,78,79,476248,297,0xb8073101a07dc0c1407ebb4710ec4c002dfa806b33975417f8fa73ea52321629,1283,37,1,382,36,217379,428,2,,,1,0,0
0x075c28d5cc37ea66f8674abb3efe0e19e2d08447fcf87b14262fb37ad1a24218,1,0xf6bbc029c717629ee81e0039fe7037c972ca1206,0xf91546835f756da0c10cfa0cda95b15577b84aa7,2018-10-06 21:26:48+00:00,1000000,5000000000,2692139,789736,0,23,,201,2008,2196,0.9143897996357012,37,38,38,1.0,15,187,1097797,298,0x075c28d5cc37ea66f8674abb3efe0e19e2d08447fcf87b14262fb37ad1a24218,8,4,7,382,36,217392,3,5,5.0,1.0,1,4,0
0xb6daa60b29a292a6d21ded50ab4ec7baf62cbd6fe60e2a28360ccf3ed9213e32,1,0x320ce7036f82140f0443973ad0be0744f83670cd,0xf91546835f756da0c10cfa0cda95b15577b84aa7,2018-10-06 21:26:48+00:00,750000,5000000000,1306242,188668,0,11,,203,2008,2196,0.9143897996357012,37,22,22,1.0,12,117,697811,299,0xb6daa60b29a292a6d21ded50ab4ec7baf62cbd6fe60e2a28360ccf3ed9213e32,8,6,2,382,36,217392,4,3,0.0,1.0,1,1,0
0xc43e0f25af80fa95ebb556e820ee08206585ef21a711143ae0b69bf19be3df71,1,0xff4bdb3e6ec990ad53f10ad496057e1b9c890c24,0xf91546835f756da0c10cfa0cda95b15577b84aa7,2018-10-06 21:26:48+00:00,750000,5000000000,1530469,224227,56397038463683140,8,,202,2008,2196,0.9143897996357012,37,12,12,1.0,7,187,1097409,300,0xc43e0f25af80fa95ebb556e820ee08206585ef21a711143ae0b69bf19be3df71,4,2,2,382,36,217392,3,3,0.0,1.0,1,1,0
0xb3a85478d60fc61c01a29b8689216aaf4aa44069c209070f29308dd1752bf8a7,1,0xf36cb9c2984838eb2bbda4fcdb3f9cb2ac05d1fa,0xf91546835f756da0c10cfa0cda95b15577b84aa7,2018-10-06 21:28:31+00:00,90000,20000000000,1386057,62425,0,2185,,200,2009,2198,0.9140127388535032,37,1934,2205,0.8770975056689341,78,79,476264,301,0xb3a85478d60fc61c01a29b8689216aaf4aa44069c209070f29308dd1752bf8a7,1285,37,1,382,36,217395,428,2,,,1,0,0
0xf5ae60993de319034d834307fb18ba2be50741ffc328946f205a7495b94e8318,1,0xf36cb9c2984838eb2bbda4fcdb3f9cb2ac05d1fa,0xf91546835f756da0c10cfa0cda95b15577b84aa7,2018-10-06 21:28:31+00:00,90000,20000000000,1448482,62425,0,2186,,199,2009,2198,0.9140127388535032,37,1934,2205,0.8770975056689341,78,79,476264,302,0xf5ae60993de319034d834307fb18ba2be50741ffc328946f205a7495b94e8318,1285,37,1,382,36,217395,428,2,,,1,0,0
0xad2175bad05ccaf2755ff3b307f78abc3a2614472d61632d54172d3ec88a6e0b,1,0xd94340d5f19ce8159a8195cb14fc97902a3ec6ac,0xf91546835f756da0c10cfa0cda95b15577b84aa7,2018-10-06 21:28:47+00:00,1000000,5000000000,4994031,46561,0,7,,198,2010,2199,0.9140518417462484,37,14,14,1.0,6,72,431895,303,0xad2175bad05ccaf2755ff3b307f78abc3a2614472d61632d54172d3ec88a6e0b,4,3,1,382,36,217396,3,2,,,1,0,0
0x7c9e1460e6d6d43767969e564d3182adfb09053024c23267b2e29100b92db389,1,0xf36cb9c2984838eb2bbda4fcdb3f9cb2ac05d1fa,0xf91546835f756da0c10cfa0cda95b15577b84aa7,2018-10-06 21:31:15+00:00,1000000,5000000000,743564,56585,0,2188,,197,2011,2200,0.914090909090909,37,1936,2207,0.877208880833711,78,79,476277,304,0x7c9e1460e6d6d43767969e564d3182adfb09053024c23267b2e29100b92db389,1286,37,2,382,36,217408,428,3,0.0,1.0,1,1,0
0x0acd274d0e82652e511631c76207630161409dba219836ad67a12348225625c7,1,0xf36cb9c2984838eb2bbda4fcdb3f9cb2ac05d1fa,0xf91546835f756da0c10cfa0cda95b15577b84aa7,2018-10-06 21:32:14+00:00,1000000,5000000000,493910,41201,0,2190,,196,2012,2201,0.9141299409359382,37,1938,2209,0.8773200543232231,78,79,476281,305,0x0acd274d0e82652e511631c76207630161409dba219836ad67a12348225625c7,1287,37,2,382,36,217412,428,3,0.0,1.0,1,1,0
0xb48ffdb0559c5d06f1cae1045628b12af2844702cd051d9dc6f31946d06572dd,1,0x320ce7036f82140f0443973ad0be0744f83670cd,0xf91546835f756da0c10cfa0cda95b15577b84aa7,2018-10-06 21:33:45+00:00,1000000,5000000000,4273205,50093,49652120000000016,12,,195,2013,2202,0.9141689373297002,37,24,24,1.0,12,117,697836,306,0xb48ffdb0559c5d06f1cae1045628b12af2844702cd051d9dc6f31946d06572dd,9,6,1,382,36,217417,4,2,,,1,0,0
0xce8ddbca59cdedcfcdc936886afdbfcfa699122a03eaf7fe8abfdea03258d652,1,0xf6bbc029c717629ee81e0039fe7037c972ca1206,0xf91546835f756da0c10cfa0cda95b15577b84aa7,2018-10-06 21:34:04+00:00,750000,5000000000,4634826,188668,0,24,,194,2014,2203,0.914207898320472,37,39,39,1.0,15,187,1097823,307,0xce8ddbca59cdedcfcdc936886afdbfcfa699122a03eaf7fe8abfdea03258d652,9,4,2,382,36,217418,3,3,0.0,1.0,1,1,0
0x83e987279246e548bc3f8562bd7556203f4fc9dc3e9ed3e72487c86ea4c500f1,1,0xf36cb9c2984838eb2bbda4fcdb3f9cb2ac05d1fa,0xf91546835f756da0c10cfa0cda95b15577b84aa7,2018-10-06 21:35:50+00:00,90000,5000000000,3583688,62425,0,2191,,193,2015,2204,0.9142468239564427,37,1939,2210,0.8773755656108597,78,79,476292,308,0x83e987279246e548bc3f8562bd7556203f4fc9dc3e9ed3e72487c86ea4c500f1,1288,37,1,382,36,217423,428,2,,,1,0,0
0xd2711e8169d574ccfcb390ff78883835395abb47b0bd3ad3df2941742d549c31,1,0xf36cb9c2984838eb2bbda4fcdb3f9cb2ac05d1fa,0xf91546835f756da0c10cfa0cda95b15577b84aa7,2018-10-06 21:38:10+00:00,1000000,20000000000,308731,56585,0,2193,,192,2016,2205,0.9142857142857141,37,1941,2212,0.8774864376130199,78,79,476307,309,0xd2711e8169d574ccfcb390ff78883835395abb47b0bd3ad3df2941742d549c31,1289,37,2,382,36,217438,428,3,0.0,1.0,1,1,0
0x30c3aff51929edb15834d5c17e5b3e796651700051b764f5629b7e4397b35259,1,0xf36cb9c2984838eb2bbda4fcdb3f9cb2ac05d1fa,0xf91546835f756da0c10cfa0cda95b15577b84aa7,2018-10-06 21:41:37+00:00,1000000,10000000000,366336,41201,0,2195,,191,2017,2206,0.914324569356301,37,1943,2214,0.8775971093044262,78,79,476320,310,0x30c3aff51929edb15834d5c17e5b3e796651700051b764f5629b7e4397b35259,1290,37,2,382,36,217451,428,3,0.0,1.0,1,1,0
0x533230abc92e5036afdcb3cc0e8fa5285d6af23a7092ded0e58cc838b1d1f5aa,1,0xf36cb9c2984838eb2bbda4fcdb3f9cb2ac05d1fa,0xf91546835f756da0c10cfa0cda95b15577b84aa7,2018-10-06 21:42:55+00:00,1000000,10000000000,118374,41649,0,2197,,190,2018,2207,0.9143633892161304,37,1945,2216,0.8777075812274368,78,79,476325,311,0x533230abc92e5036afdcb3cc0e8fa5285d6af23a7092ded0e58cc838b1d1f5aa,1291,37,2,382,36,217456,428,3,0.0,1.0,1,1,0
0x224d76fcd31913ecde4f8187f8d83ba56acda70eaf76445a3f95ebde083ec417,1,0x85e09d514c61f8f090ec8021f53285011158aa59,0xf91546835f756da0c10cfa0cda95b15577b84aa7,2018-10-06 21:46:48+00:00,1000000,10000000000,705025,46689,0,23,,189,2019,2208,0.9144021739130433,37,47,47,1.0,25,118,700614,312,0x224d76fcd31913ecde4f8187f8d83ba56acda70eaf76445a3f95ebde083ec417,6,6,1,382,36,217475,4,2,,,1,0,0
0xefc8950cbabad7b9cc61e6fa838ddcbeeab8390d9fa84eae356bbe74483389de,1,0xb7d3ee2adfd26c1eb93a99798a56a9729506f8f4,0xf91546835f756da0c10cfa0cda95b15577b84aa7,2018-10-06 21:48:09+00:00,1000000,5000000000,6834272,50029,44626625000000000,12,,188,2020,2209,0.914440923494794,37,20,20,1.0,1,0,5048,313,0xefc8950cbabad7b9cc61e6fa838ddcbeeab8390d9fa84eae356bbe74483389de,8,1,1,382,36,217477,2,2,,,1,0,0
0xffeddcdcb97e5eedd0bed60fb9f7747c8285b2be5608783e0cc9c1d42cf9b82f,1,0x61c7ee8eee05b0e33f9f2f8ba04b47377ffdc825,0xf91546835f756da0c10cfa0cda95b15577b84aa7,2018-10-06 21:49:50+00:00,1000000,5000000000,2058669,50093,58666002679687472,8,,187,2021,2211,0.9140660334690184,37,16,16,1.0,5,36,218434,314,0xffeddcdcb97e5eedd0bed60fb9f7747c8285b2be5608783e0cc9c1d42cf9b82f,8,4,1,382,36,217484,2,2,,,1,0,0
0xe7aa6f7e99386a44c06d60dc46014b72f9a38078dbe1eb2e2a46385b94c1161a,1,0xf36cb9c2984838eb2bbda4fcdb3f9cb2ac05d1fa,0xf91546835f756da0c10cfa0cda95b15577b84aa7,2018-10-06 21:49:50+00:00,1000000,3000000000,4309862,56585,0,2199,,186,2021,2211,0.9140660334690184,37,1947,2219,0.8774222622803064,78,79,476353,315,0xe7aa6f7e99386a44c06d60dc46014b72f9a38078dbe1eb2e2a46385b94c1161a,1292,37,2,382,36,217484,428,3,0.0,1.0,1,1,0
0xe5baa289959f7269a1f94b36a3d0b39ca1701de1140cbf71973eb714e8a64a67,1,0xf36cb9c2984838eb2bbda4fcdb3f9cb2ac05d1fa,0xf91546835f756da0c10cfa0cda95b15577b84aa7,2018-10-06 21:50:19+00:00,1000000,3000000000,1044918,56201,0,2201,,185,2022,2212,0.9141048824593128,37,1948,2220,0.8774774774774775,78,79,476355,316,0xe5baa289959f7269a1f94b36a3d0b39ca1701de1140cbf71973eb714e8a64a67,1293,37,2,382,36,217486,428,3,0.0,1.0,1,1,0
0xab9a69a531afed87ab327292b54162c1861f4616b60c3e956f5e3776dd63ff00,1,0xf36cb9c2984838eb2bbda4fcdb3f9cb2ac05d1fa,0xf91546835f756da0c10cfa0cda95b15577b84aa7,2018-10-06 21:51:30+00:00,1000000,3000000000,5927084,41649,0,2203,,184,2023,2213,0.91414369633981,37,1950,2222,0.8775877587758775,78,79,476361,317,0xab9a69a531afed87ab327292b54162c1861f4616b60c3e956f5e3776dd63ff00,1294,37,2,382,36,217492,428,3,0.0,1.0,1,1,0
0x91790969ef09b6538d65110503092981ac940ef399f65bc5b1bf81efe40fc7d8,1,0xe4cee7ec93e12c240c6e0b9c680f8d1e21fa8e05,0xf91546835f756da0c10cfa0cda95b15577b84aa7,2018-10-06 21:55:24+00:00,1000000,5000000000,3612764,46689,0,9,,183,2024,2214,0.9141824751580848,37,16,16,1.0,10,141,833892,318,0x91790969ef09b6538d65110503092981ac940ef399f65bc5b1bf81efe40fc7d8,5,4,1,382,36,217510,3,2,,,1,0,0
0xc7a3a58c705c95114cbf6db35e8f11b3f363ad726dfa2adeec926390a333308a,1,0xfe5f455e44a37696db3de95dd6fa85228181f390,0xf91546835f756da0c10cfa0cda95b15577b84aa7,2018-10-06 21:57:23+00:00,1000000,6000000000,3120393,735071,0,17,,182,2025,2215,0.9142212189616252,37,29,29,1.0,11,66,394979,319,0xc7a3a58c705c95114cbf6db35e8f11b3f363ad726dfa2adeec926390a333308a,2,2,5,382,36,217523,3,4,3.0,1.0,1,3,0
0x075ad6e2f5fc6d13596de7056c8971a373155dc0b7de695f0df5cde8062795fb,1,0xa68745bd46ed05d3ab82ae9281ac9eb2729945aa,0xf91546835f756da0c10cfa0cda95b15577b84aa7,2018-10-06 21:59:58+00:00,1000000,10000000000,3168776,46561,0,22,,181,2026,2216,0.914259927797834,37,45,45,1.0,29,155,914711,320,0x075ad6e2f5fc6d13596de7056c8971a373155dc0b7de695f0df5cde8062795fb,5,5,1,382,36,217528,3,2,,,1,0,0
0xbcdc8870b73d2c7a9ba3a37fd35736a24f3e62672afef995a0810b3086686fc6,1,0x0c6ab436afd23717f6cb4c51dae490cc4cbf568c,0xf91546835f756da0c10cfa0cda95b15577b84aa7,2018-10-06 22:04:06+00:00,1000000,10000000000,3325939,742199,0,17,,180,2027,2217,0.914298601714028,37,30,31,0.967741935483871,9,186,1095770,321,0xbcdc8870b73d2c7a9ba3a37fd35736a24f3e62672afef995a0810b3086686fc6,2,2,5,382,36,217538,2,4,3.0,1.0,1,3,0
0x497d9ffe711b7ff2ffb3d50882d1ab2677dd8db600b39e235ada15533e2dcfc4,1,0x4039bfe831a47d7dd5588459f6cc050f2287f554,0xf91546835f756da0c10cfa0cda95b15577b84aa7,2018-10-06 22:07:16+00:00,750000,10000000000,1873664,188668,0,13,,179,2028,2218,0.9143372407574392,37,26,26,1.0,13,116,688557,322,0x497d9ffe711b7ff2ffb3d50882d1ab2677dd8db600b39e235ada15533e2dcfc4,12,9,2,382,36,217550,3,3,0.0,1.0,1,1,0
0x6c7f84fc47d09182fd62165b951b19e9d75e70dc3ce82e957f602dbfcba01718,1,0xf36cb9c2984838eb2bbda4fcdb3f9cb2ac05d1fa,0xf91546835f756da0c10cfa0cda95b15577b84aa7,2018-10-06 22:08:19+00:00,90000,5000000000,2235327,62425,0,2206,,178,2029,2219,0.914375844975214,37,1953,2225,0.877752808988764,78,79,476423,323,0x6c7f84fc47d09182fd62165b951b19e9d75e70dc3ce82e957f602dbfcba01718,1295,37,1,382,36,217554,428,2,,,1,0,0
0x3fa2a289c75223783336725552c9b851fac62de43eb99ff67b830716eb416d4d,1,0xf6bbc029c717629ee81e0039fe7037c972ca1206,0xf91546835f756da0c10cfa0cda95b15577b84aa7,2018-10-06 22:09:23+00:00,1000000,10000000000,210018,49965,54933155000000000,25,,177,2030,2220,0.9144144144144144,37,41,41,1.0,15,187,1097967,324,0x3fa2a289c75223783336725552c9b851fac62de43eb99ff67b830716eb416d4d,10,4,1,382,36,217562,3,2,,,1,0,0
0x9dd48dbc2643e373082528b5c0cdc20d9fa27eb68e79267d01964ae755b4134f,1,0xf36cb9c2984838eb2bbda4fcdb3f9cb2ac05d1fa,0xf91546835f756da0c10cfa0cda95b15577b84aa7,2018-10-06 22:09:46+00:00,1000000,5000000000,1066453,56585,0,2208,,176,2031,2221,0.9144529491220172,37,1955,2227,0.8778625954198473,78,79,476435,325,0x9dd48dbc2643e373082528b5c0cdc20d9fa27eb68e79267d01964ae755b4134f,1296,37,2,382,36,217566,428,3,0.0,1.0,1,1,0
0x0779d9e16fa18de42b0169b2c78bb09f15143bf73ed5406dbd554bde15b4d5f1,1,0xb07b3b11c2a4c1310072b6241d783c831bb08527,0xf91546835f756da0c10cfa0cda95b15577b84aa7,2018-10-06 22:11:06+00:00,750000,6000000000,1778253,224163,35086872721575460,18,,175,2032,2222,0.9144914491449144,37,29,29,1.0,16,154,904930,326,0x0779d9e16fa18de42b0169b2c78bb09f15143bf73ed5406dbd554bde15b4d5f1,3,2,2,382,36,217575,4,3,0.0,1.0,1,1,0
0x621f63e0bee4446806d834714b81e2c014082e8fc0f49beac658774092ffc346,1,0xf36cb9c2984838eb2bbda4fcdb3f9cb2ac05d1fa,0xf91546835f756da0c10cfa0cda95b15577b84aa7,2018-10-06 22:11:43+00:00,90000,5000000000,1590182,62361,0,2210,,174,2033,2223,0.9145299145299144,37,1957,2229,0.8779721848362493,78,79,476448,327,0x621f63e0bee4446806d834714b81e2c014082e8fc0f49beac658774092ffc346,1297,37,1,382,36,217579,428,2,,,1,0,0
0x679bbbe750404fa6e136ef43ec96784f4c4eaa4d4ef9e7ee7156a2bcab736348,1,0xf36cb9c2984838eb2bbda4fcdb3f9cb2ac05d1fa,0xf91546835f756da0c10cfa0cda95b15577b84aa7,2018-10-06 22:12:31+00:00,1000000,5000000000,447545,50396,35086872721575460,2211,,173,2034,2224,0.914568345323741,37,1958,2231,0.8776333482743164,78,79,476454,328,0x679bbbe750404fa6e136ef43ec96784f4c4eaa4d4ef9e7ee7156a2bcab736348,1298,37,1,382,36,217585,428,2,,,1,0,0
0xf40b6a585e3d7cdc291a41f5ff783921782dbccd9be0e440974fd107780dc1df,1,0xf36cb9c2984838eb2bbda4fcdb3f9cb2ac05d1fa,0xf91546835f756da0c10cfa0cda95b15577b84aa7,2018-10-06 22:13:02+00:00,1000000,1510000000,6942810,56521,0,2213,,172,2035,2225,0.9146067415730336,37,1959,2232,0.8776881720430108,78,79,476457,329,0xf40b6a585e3d7cdc291a41f5ff783921782dbccd9be0e440974fd107780dc1df,1299,37,2,382,36,217588,428,3,0.0,1.0,1,1,0
0xacae4bd248d9f9440d8f3d8692bbca4545bd67eea5938fce5a8cd00e1bb349ab,1,0xf36cb9c2984838eb2bbda4fcdb3f9cb2ac05d1fa,0xf91546835f756da0c10cfa0cda95b15577b84aa7,2018-10-06 22:14:11+00:00,1000000,20000000000,507904,41585,0,2215,,171,2036,2226,0.9146451033243485,37,1961,2234,0.877797672336616,78,79,476462,330,0xacae4bd248d9f9440d8f3d8692bbca4545bd67eea5938fce5a8cd00e1bb349ab,1300,37,2,382,36,217593,428,3,0.0,1.0,1,1,0
0xd1f10d199585f7e3ffc0e918c8fda065b6a3cd6ce4ba6b8fce02d0370c5efb4e,1,0xf36cb9c2984838eb2bbda4fcdb3f9cb2ac05d1fa,0xf91546835f756da0c10cfa0cda95b15577b84aa7,2018-10-06 22:16:03+00:00,1000000,20000000000,359846,56649,0,2217,,170,2037,2227,0.914683430624158,37,1963,2236,0.877906976744186,78,79,476470,331,0xd1f10d199585f7e3ffc0e918c8fda065b6a3cd6ce4ba6b8fce02d0370c5efb4e,1301,37,2,382,36,217601,428,3,0.0,1.0,1,1,0
0x10296d13f5f057f69ddd49448566b09a285054b65e12c83efdd454d7235d93d1,1,0xf36cb9c2984838eb2bbda4fcdb3f9cb2ac05d1fa,0xf91546835f756da0c10cfa0cda95b15577b84aa7,2018-10-06 22:17:07+00:00,1000000,20000000000,618767,41649,0,2219,,169,2038,2228,0.914721723518851,37,1965,2238,0.8780160857908847,78,79,476475,332,0x10296d13f5f057f69ddd49448566b09a285054b65e12c83efdd454d7235d93d1,1302,37,2,382,36,217606,428,3,0.0,1.0,1,1,0
0x9b2ca2e3bfc3e647ada74d17f62542376e62cb0d20462cb7ca44241ede8feca1,1,0x8c6e858b00d13a4a060b466829e4caf2d0e66efb,0xf91546835f756da0c10cfa0cda95b15577b84aa7,2018-10-06 22:18:54+00:00,1000000,6000000000,667971,56218,0,6,,168,2039,2229,0.914759982054733,37,9,9,1.0,4,121,720637,333,0x9b2ca2e3bfc3e647ada74d17f62542376e62cb0d20462cb7ca44241ede8feca1,4,2,2,382,36,217614,3,3,0.0,1.0,1,1,0
0xd4a7f5dea9c3bae745b29925d183f2beca439ad9657fdb715a08b54d8b7ac045,1,0xf36cb9c2984838eb2bbda4fcdb3f9cb2ac05d1fa,0xf91546835f756da0c10cfa0cda95b15577b84aa7,2018-10-06 22:23:07+00:00,1000000,20000000000,234437,41585,0,2222,,167,2040,2230,0.9147982062780268,37,1968,2241,0.8781793842034806,78,79,476499,334,0xd4a7f5dea9c3bae745b29925d183f2beca439ad9657fdb715a08b54d8b7ac045,1303,37,2,382,36,217630,428,3,0.0,1.0,1,1,0
0x84a35c6334f6765f09e82a07f3eff00329b2af9ae5804b12fd6dd7953b9a332e,1,0xf36cb9c2984838eb2bbda4fcdb3f9cb2ac05d1fa,0xf91546835f756da0c10cfa0cda95b15577b84aa7,2018-10-06 22:24:02+00:00,1000000,20000000000,270376,31130,0,2223,,166,2041,2231,0.9148363962348722,37,1969,2244,0.8774509803921569,78,79,476501,335,0x84a35c6334f6765f09e82a07f3eff00329b2af9ae5804b12fd6dd7953b9a332e,1304,37,2,382,36,217632,428,3,0.0,1.0,1,1,0
0x56aeb0392ce8335a20602d5986b3a6f9e41fb48ebc7ea0a6807dc021d0e0f50f,1,0xf36cb9c2984838eb2bbda4fcdb3f9cb2ac05d1fa,0xf91546835f756da0c10cfa0cda95b15577b84aa7,2018-10-06 22:24:29+00:00,1000000,20000000000,623288,41521,0,2226,,165,2042,2232,0.914874551971326,37,1970,2245,0.8775055679287304,78,79,476503,336,0x56aeb0392ce8335a20602d5986b3a6f9e41fb48ebc7ea0a6807dc021d0e0f50f,1305,37,2,382,36,217634,428,3,0.0,1.0,1,1,0
0x162a0a1b2d803f4e42687b1b9608b22cc3eb74844579d4e698f3fe04e03f2786,1,0xf36cb9c2984838eb2bbda4fcdb3f9cb2ac05d1fa,0xf91546835f756da0c10cfa0cda95b15577b84aa7,2018-10-06 22:24:38+00:00,1000000,20000000000,766722,31066,0,2227,,164,2043,2233,0.9149126735333633,37,1971,2246,0.877560106856634,78,79,476504,337,0x162a0a1b2d803f4e42687b1b9608b22cc3eb74844579d4e698f3fe04e03f2786,1306,37,2,382,36,217635,428,3,0.0,1.0,1,1,0
0xe3f1d5068d1c4b8674624c995e5b32effd8eb8a12340e159859a9e25590e48b6,1,0xf36cb9c2984838eb2bbda4fcdb3f9cb2ac05d1fa,0xf91546835f756da0c10cfa0cda95b15577b84aa7,2018-10-06 22:26:01+00:00,1000000,21000000000,242703,41649,0,2229,,163,2044,2234,0.9149507609668756,37,1973,2248,0.8776690391459074,78,79,476511,338,0xe3f1d5068d1c4b8674624c995e5b32effd8eb8a12340e159859a9e25590e48b6,1307,37,2,382,36,217642,428,3,0.0,1.0,1,1,0
0x643973b930367921d61dc75f74d8b3ed68f604cc27f245d3fa60af56f2947039,1,0xe6a75f24ab809eee0c5f171b017a58c679617f15,0xf91546835f756da0c10cfa0cda95b15577b84aa7,2018-10-06 22:26:42+00:00,1000000,5000000000,2013038,732899,0,10,,162,2045,2235,0.9149888143176734,37,21,22,0.9545454545454544,11,36,218595,339,0x643973b930367921d61dc75f74d8b3ed68f604cc27f245d3fa60af56f2947039,11,7,5,382,36,217646,1,4,3.0,1.0,1,3,0
0x9637ba8ccfad2f701b4b6aaadcf16a78c1d26d5d9896c7dda21aafedfe95d1ef,1,0x7a9d655ef4adbc7c214d6f5e1584d168aaffe8d6,0xf91546835f756da0c10cfa0cda95b15577b84aa7,2018-10-06 22:28:17+00:00,1000000,5000000000,4643752,743413,0,22,,161,2046,2236,0.9150268336314848,37,39,39,1.0,18,186,1092131,340,0x9637ba8ccfad2f701b4b6aaadcf16a78c1d26d5d9896c7dda21aafedfe95d1ef,3,2,5,382,36,217653,4,4,3.0,1.0,1,3,0
0xca5c6c137bd2f6ec10c10f8eb7e72f968d88e4b8b9326ceafb2b4c14f9bc6808,1,0xe6a75f24ab809eee0c5f171b017a58c679617f15,0xf91546835f756da0c10cfa0cda95b15577b84aa7,2018-10-06 22:28:44+00:00,750000,5000000000,2665510,188668,0,12,,160,2047,2237,0.915064818953956,37,23,24,0.9583333333333331,11,36,218604,341,0xca5c6c137bd2f6ec10c10f8eb7e72f968d88e4b8b9326ceafb2b4c14f9bc6808,12,7,2,382,36,217655,2,3,0.0,1.0,1,1,0
0x6d98c1451bcbe3bb028d5206857cba27b2669239802431e0b4cc2b415ae94498,1,0xf36cb9c2984838eb2bbda4fcdb3f9cb2ac05d1fa,0xf91546835f756da0c10cfa0cda95b15577b84aa7,2018-10-06 22:29:05+00:00,90000,20000000000,104425,62425,0,2232,,159,2048,2238,0.9151027703306523,37,1976,2251,0.8778320746334962,78,79,476528,342,0x6d98c1451bcbe3bb028d5206857cba27b2669239802431e0b4cc2b415ae94498,1308,37,1,382,36,217659,428,2,,,1,0,0
0x888a771d0dd4b2d086ccd8ea17bd506ef5a42a8cd64ca831450760e994e84f93,1,0x7a9d655ef4adbc7c214d6f5e1584d168aaffe8d6,0xf91546835f756da0c10cfa0cda95b15577b84aa7,2018-10-06 22:29:57+00:00,750000,5000000000,1532015,224291,272300423955253404,24,,158,2049,2239,0.9151406878070568,37,41,41,1.0,18,186,1092141,343,0x888a771d0dd4b2d086ccd8ea17bd506ef5a42a8cd64ca831450760e994e84f93,4,2,2,382,36,217663,5,3,0.0,1.0,1,1,0
0x97d52577da3fb16d6c1862b2950f88388dde7d4779298df636447e704dbb8d64,1,0xf36cb9c2984838eb2bbda4fcdb3f9cb2ac05d1fa,0xf91546835f756da0c10cfa0cda95b15577b84aa7,2018-10-06 22:30:32+00:00,1000000,20000000000,441295,56585,0,2234,,157,2050,2240,0.9151785714285714,37,1978,2253,0.8779405237461163,78,79,476534,344,0x97d52577da3fb16d6c1862b2950f88388dde7d4779298df636447e704dbb8d64,1309,37,2,382,36,217665,428,3,0.0,1.0,1,1,0
0x654ef1db44007a5a251fd584b8b5d084348bab9ac0b216f67a4a6fa2652bd68f,1,0xf36cb9c2984838eb2bbda4fcdb3f9cb2ac05d1fa,0xf91546835f756da0c10cfa0cda95b15577b84aa7,2018-10-06 22:30:58+00:00,90000,20000000000,420277,62425,0,2235,,156,2051,2241,0.9152164212405176,37,1979,2254,0.877994676131322,78,79,476536,345,0x654ef1db44007a5a251fd584b8b5d084348bab9ac0b216f67a4a6fa2652bd68f,1310,37,1,382,36,217667,428,2,,,1,0,0
0xd1fb99dc441abb69c1ebf9c99c14af0f4fa4863a55a1032a94f57c43e24308a5,1,0xf36cb9c2984838eb2bbda4fcdb3f9cb2ac05d1fa,0xf91546835f756da0c10cfa0cda95b15577b84aa7,2018-10-06 22:31:21+00:00,1000000,20000000000,482788,41201,0,2237,,155,2052,2242,0.9152542372881356,37,1981,2256,0.8781028368794325,78,79,476539,346,0xd1fb99dc441abb69c1ebf9c99c14af0f4fa4863a55a1032a94f57c43e24308a5,1311,37,2,382,36,217670,428,3,0.0,1.0,1,1,0
0x09effaa27bb72cdcd8afec8f0b85348dd7d0f43b510eb9c9786284b90820eebc,1,0xf36cb9c2984838eb2bbda4fcdb3f9cb2ac05d1fa,0xf91546835f756da0c10cfa0cda95b15577b84aa7,2018-10-06 22:32:13+00:00,1000000,20000000000,1789633,50524,272300423955253404,2238,,154,2053,2243,0.9152920196165848,37,1982,2258,0.8777679362267493,78,79,476541,347,0x09effaa27bb72cdcd8afec8f0b85348dd7d0f43b510eb9c9786284b90820eebc,1312,37,1,382,36,217672,428,2,,,1,0,0
0x8852543f835debc333cbd8832b2d35c757b4e9a372653cf4ba00b3a205316eb0,1,0xf36cb9c2984838eb2bbda4fcdb3f9cb2ac05d1fa,0xf91546835f756da0c10cfa0cda95b15577b84aa7,2018-10-06 22:32:34+00:00,1000000,20000000000,1391466,56585,0,2240,,153,2054,2244,0.9153297682709448,37,1983,2259,0.8778220451527224,78,79,476543,348,0x8852543f835debc333cbd8832b2d35c757b4e9a372653cf4ba00b3a205316eb0,1313,37,2,382,36,217674,428,3,0.0,1.0,1,1,0
0xa1f71eba6768fe84017ccf3ff697e0f18d1db5c528eeac23b14e7f1033137b41,1,0xf36cb9c2984838eb2bbda4fcdb3f9cb2ac05d1fa,0xf91546835f756da0c10cfa0cda95b15577b84aa7,2018-10-06 22:33:05+00:00,1000000,20000000000,372109,41713,0,2242,,152,2055,2245,0.9153674832962136,37,1985,2261,0.8779301194161874,78,79,476547,349,0xa1f71eba6768fe84017ccf3ff697e0f18d1db5c528eeac23b14e7f1033137b41,1314,37,2,382,36,217678,428,3,0.0,1.0,1,1,0
0x7c9b82ca120007690a6426b225386b13e81b62cdb2a79ff3428a2cd4d8712e0f,1,0x6e5b92889c3299d9aaf23d59df0bdf0a9ad67e3c,0xf91546835f756da0c10cfa0cda95b15577b84aa7,2018-10-06 22:34:24+00:00,1000000,10000000000,721643,46497,0,4,,151,2056,2246,0.9154051647373108,37,9,10,0.9,4,34,210758,350,0x7c9b82ca120007690a6426b225386b13e81b62cdb2a79ff3428a2cd4d8712e0f,5,3,1,382,36,217686,1,2,,,1,0,0
0x6ec55c6b1300f63700bfa0982c4f8c07229423f5cd76b9c62053de023e5fd550,1,0xf36cb9c2984838eb2bbda4fcdb3f9cb2ac05d1fa,0xf91546835f756da0c10cfa0cda95b15577b84aa7,2018-10-06 22:36:14+00:00,1000000,14000000000,1221785,29252,0,2244,,150,2057,2247,0.9154428126390745,37,1987,2263,0.8780380026513477,78,79,476559,351,0x6ec55c6b1300f63700bfa0982c4f8c07229423f5cd76b9c62053de023e5fd550,1315,37,1,382,36,217690,428,2,,,1,0,0
0xdd62eeca901c7d694c5e9dcd584f9a0d7ad8be3a243d41ba0708339871b54355,1,0xf36cb9c2984838eb2bbda4fcdb3f9cb2ac05d1fa,0xf91546835f756da0c10cfa0cda95b15577b84aa7,2018-10-06 22:41:12+00:00,1000000,5000000000,722373,29252,0,2247,,149,2058,2248,0.9154804270462632,37,1989,2266,0.8777581641659311,78,79,476579,352,0xdd62eeca901c7d694c5e9dcd584f9a0d7ad8be3a243d41ba0708339871b54355,1316,37,1,382,36,217710,428,2,,,1,0,0
0x0fc585c0fc45482777ec046dc1ae94024f35995a3c7cd421f8cdb2108c80d502,1,0xf36cb9c2984838eb2bbda4fcdb3f9cb2ac05d1fa,0xf91546835f756da0c10cfa0cda95b15577b84aa7,2018-10-06 22:41:17+00:00,1000000,5000000000,861375,29252,0,2248,,148,2059,2249,0.915518008003557,37,1990,2267,0.8778120864578739,78,79,476580,353,0x0fc585c0fc45482777ec046dc1ae94024f35995a3c7cd421f8cdb2108c80d502,1317,37,1,382,36,217711,428,2,,,1,0,0
0x3f25c1708ec193609ab3856744f81406921b4c9f621db7b3aa813ccfc6756cae,1,0xf36cb9c2984838eb2bbda4fcdb3f9cb2ac05d1fa,0xf91546835f756da0c10cfa0cda95b15577b84aa7,2018-10-06 22:42:09+00:00,1000000,5000000000,713486,41649,0,2250,,147,2060,2250,0.9155555555555556,37,1992,2269,0.877919788453063,78,79,476584,354,0x3f25c1708ec193609ab3856744f81406921b4c9f621db7b3aa813ccfc6756cae,1318,37,2,382,36,217715,428,3,0.0,1.0,1,1,0
0x72c14f4563f9cb7fe1cb7c042344876d2ccf250b5711bff944bb68ed39c6109c,1,0xf36cb9c2984838eb2bbda4fcdb3f9cb2ac05d1fa,0xf91546835f756da0c10cfa0cda95b15577b84aa7,2018-10-06 22:43:25+00:00,1000000,5000000000,2252781,41585,0,2253,,146,2061,2251,0.9155930697467792,37,1994,2272,0.8776408450704225,78,79,476589,355,0x72c14f4563f9cb7fe1cb7c042344876d2ccf250b5711bff944bb68ed39c6109c,1319,37,2,382,36,217720,428,3,0.0,1.0,1,1,0
0x16e21c70a996b10562ede86eb24539fad93cb062fd8750dd24341490edfdab60,1,0xfe5f455e44a37696db3de95dd6fa85228181f390,0xf91546835f756da0c10cfa0cda95b15577b84aa7,2018-10-06 22:46:17+00:00,750000,5000000000,1436129,224163,59457905000000000,19,,145,2062,2252,0.9156305506216696,37,32,32,1.0,11,66,395185,356,0x16e21c70a996b10562ede86eb24539fad93cb062fd8750dd24341490edfdab60,3,2,2,382,36,217729,4,3,0.0,1.0,1,1,0
0x3fcef6d9bf2cc0e8ac18cbedbc48b8b76ee29e6075f81cfd74d13de7ca5d9c73,1,0xf36cb9c2984838eb2bbda4fcdb3f9cb2ac05d1fa,0xf91546835f756da0c10cfa0cda95b15577b84aa7,2018-10-06 22:47:25+00:00,90000,26647087000,512524,62425,0,2254,,144,2063,2253,0.9156679982245894,37,1995,2273,0.8776946766388032,78,79,476601,357,0x3fcef6d9bf2cc0e8ac18cbedbc48b8b76ee29e6075f81cfd74d13de7ca5d9c73,1320,37,1,382,36,217732,428,2,,,1,0,0
0x8ff27e47a58a00136bbc677145665868aa23b6e78e34797520d25383b0981fa0,1,0xf36cb9c2984838eb2bbda4fcdb3f9cb2ac05d1fa,0xf91546835f756da0c10cfa0cda95b15577b84aa7,2018-10-06 22:48:57+00:00,1000000,26647087000,566264,29252,0,2256,,142,2064,2255,0.91529933481153,37,1997,2280,0.8758771929824561,78,79,476606,358,0x8ff27e47a58a00136bbc677145665868aa23b6e78e34797520d25383b0981fa0,1322,37,1,382,36,217737,428,2,,,1,0,0
0x3c59ac860047cffc1876880db5a5375405ad04f7856150173c19e9567037cda9,1,0xf36cb9c2984838eb2bbda4fcdb3f9cb2ac05d1fa,0xf91546835f756da0c10cfa0cda95b15577b84aa7,2018-10-06 22:48:57+00:00,1000000,26647087000,647292,50396,59457905000000000,2258,,143,2064,2255,0.91529933481153,37,1997,2280,0.8758771929824561,78,79,476606,359,0x3c59ac860047cffc1876880db5a5375405ad04f7856150173c19e9567037cda9,1322,37,1,382,36,217737,428,2,,,1,0,0
0x26c2b89162b386083f1cf3551d9af4c9a0195ece30b6f1b49c3ba26f01cff618,1,0xf36cb9c2984838eb2bbda4fcdb3f9cb2ac05d1fa,0xf91546835f756da0c10cfa0cda95b15577b84aa7,2018-10-06 22:49:06+00:00,1000000,26647087000,110634,29252,0,2264,,139,2065,2259,0.9141212926073484,37,1998,2284,0.8747810858143606,78,79,476608,360,0x26c2b89162b386083f1cf3551d9af4c9a0195ece30b6f1b49c3ba26f01cff618,1326,37,1,382,36,217739,428,2,,,1,0,0
0x614798fcf61bbfc106b4342f6f439cff157ae078e0a9fee665cc493cb3400789,1,0xf36cb9c2984838eb2bbda4fcdb3f9cb2ac05d1fa,0xf91546835f756da0c10cfa0cda95b15577b84aa7,2018-10-06 22:49:06+00:00,1000000,26647087000,81382,29252,0,2263,,141,2065,2259,0.9141212926073484,37,1998,2284,0.8747810858143606,78,79,476608,361,0x614798fcf61bbfc106b4342f6f439cff157ae078e0a9fee665cc493cb3400789,1326,37,1,382,36,217739,428,2,,,1,0,0
0x5989d1c57221fcdc3c8a4db7f6acde5c2b5842966b798dc044f81fad062b0510,1,0xf36cb9c2984838eb2bbda4fcdb3f9cb2ac05d1fa,0xf91546835f756da0c10cfa0cda95b15577b84aa7,2018-10-06 22:49:06+00:00,1000000,26647087000,52130,31130,0,2262,,140,2065,2259,0.9141212926073484,37,1998,2284,0.8747810858143606,78,79,476608,362,0x5989d1c57221fcdc3c8a4db7f6acde5c2b5842966b798dc044f81fad062b0510,1326,37,2,382,36,217739,428,3,0.0,1.0,1,1,0
0xb96dc44375a00ea267c2cce0543f72c7f1c62c931ea2f04797441a8926f227bf,1,0xf36cb9c2984838eb2bbda4fcdb3f9cb2ac05d1fa,0xf91546835f756da0c10cfa0cda95b15577b84aa7,2018-10-06 22:49:06+00:00,1000000,26647087000,139886,29252,0,2265,,138,2065,2259,0.9141212926073484,37,1998,2284,0.8747810858143606,78,79,476608,363,0xb96dc44375a00ea267c2cce0543f72c7f1c62c931ea2f04797441a8926f227bf,1326,37,1,382,36,217739,428,2,,,1,0,0
0x336451fbb91182182632fdb55f42de0284aedefb3890dad3bef15d76b727224d,1,0xf36cb9c2984838eb2bbda4fcdb3f9cb2ac05d1fa,0xf91546835f756da0c10cfa0cda95b15577b84aa7,2018-10-06 22:50:37+00:00,1000000,20000000000,1865905,29252,0,2267,,137,2066,2260,0.9141592920353983,37,2000,2286,0.8748906386701663,78,79,476614,364,0x336451fbb91182182632fdb55f42de0284aedefb3890dad3bef15d76b727224d,1327,37,1,382,36,217745,428,2,,,1,0,0
0x491772a5dd246f0a05f2461c1add3235b3f147b584e661cf11495d8b3fdad7e7,1,0xf36cb9c2984838eb2bbda4fcdb3f9cb2ac05d1fa,0xf91546835f756da0c10cfa0cda95b15577b84aa7,2018-10-06 22:53:44+00:00,1000000,20000000000,311698,56585,0,2270,,136,2067,2262,0.913793103448276,37,2002,2290,0.874235807860262,78,79,476625,365,0x491772a5dd246f0a05f2461c1add3235b3f147b584e661cf11495d8b3fdad7e7,1329,37,2,382,36,217756,428,3,0.0,1.0,1,1,0
0xd26166b84aa9dd779b61f61865fc45ad954535c6531cbdd40f202591598a61a8,1,0xf36cb9c2984838eb2bbda4fcdb3f9cb2ac05d1fa,0xf91546835f756da0c10cfa0cda95b15577b84aa7,2018-10-06 22:53:44+00:00,1000000,20000000000,340950,29252,0,2271,,135,2067,2262,0.913793103448276,37,2002,2290,0.874235807860262,78,79,476625,366,0xd26166b84aa9dd779b61f61865fc45ad954535c6531cbdd40f202591598a61a8,1329,37,1,382,36,217756,428,2,,,1,0,0
0x28026940eb084fcbd8ce4123d0d2dcf9d8e749a2143d915b782566c120abbeb9,1,0x398d35769681ba5e64232423f5fc29609afaf48c,0xf91546835f756da0c10cfa0cda95b15577b84aa7,2018-10-06 22:54:36+00:00,1000000,10000000000,1457987,722364,0,1,,134,2068,2263,0.9138311975254088,37,3,3,1.0,2,4,25679,367,0x28026940eb084fcbd8ce4123d0d2dcf9d8e749a2143d915b782566c120abbeb9,2,2,3,382,36,217760,1,3,1.0,1.0,1,1,0
0x6c5e56311e5158153485736c1ff99831b1610477570048946ea2208efa295e3d,1,0xc7118c6f1168608d989f9b30ff84ec42219b1577,0xf91546835f756da0c10cfa0cda95b15577b84aa7,2018-10-06 22:54:57+00:00,1000000,10000000000,1003577,738749,0,2,,133,2069,2264,0.91386925795053,37,5,5,1.0,3,9,59206,368,0x6c5e56311e5158153485736c1ff99831b1610477570048946ea2208efa295e3d,3,3,5,382,36,217763,1,4,3.0,1.0,1,3,0
0xc35febdb016b5bffeb38547e8f276f42c5ed9118cfc356040f6a107851073fb0,1,0xf95bdc9fa11fcab7fe076cad4e4c92eb11ee94d1,0xf91546835f756da0c10cfa0cda95b15577b84aa7,2018-10-06 22:55:29+00:00,750000,10000000000,1557426,224227,39869345039864156,44,,132,2070,2266,0.913503971756399,37,79,79,1.0,28,186,1095872,369,0xc35febdb016b5bffeb38547e8f276f42c5ed9118cfc356040f6a107851073fb0,6,4,2,382,36,217766,4,3,0.0,1.0,1,1,0
0xb5dc55303835976a54d7479ac94edc3026760ce46a308dab907eeb75957e0e81,1,0xf36cb9c2984838eb2bbda4fcdb3f9cb2ac05d1fa,0xf91546835f756da0c10cfa0cda95b15577b84aa7,2018-10-06 22:55:29+00:00,1000000,20000000000,746213,41521,0,2275,,131,2070,2266,0.913503971756399,37,2005,2295,0.8736383442265794,78,79,476635,370,0xb5dc55303835976a54d7479ac94edc3026760ce46a308dab907eeb75957e0e81,1330,37,2,382,36,217766,428,3,0.0,1.0,1,1,0
0x63d9bf00f0f34930f2e99aa31194305f1f163f8b12d7c070bb5b2ef29731ccd1,1,0xf36cb9c2984838eb2bbda4fcdb3f9cb2ac05d1fa,0xf91546835f756da0c10cfa0cda95b15577b84aa7,2018-10-06 22:56:04+00:00,90000,20000000000,186398,62425,0,2277,,130,2071,2267,0.913542126157918,37,2006,2296,0.8736933797909407,78,79,476638,371,0x63d9bf00f0f34930f2e99aa31194305f1f163f8b12d7c070bb5b2ef29731ccd1,1331,37,1,382,36,217769,428,2,,,1,0,0
0x10c90eb055e61b27aed610474af449449132393bd23925bc3e9130166896d75b,1,0xc7118c6f1168608d989f9b30ff84ec42219b1577,0xf91546835f756da0c10cfa0cda95b15577b84aa7,2018-10-06 22:56:48+00:00,750000,10000000000,1841667,224163,2159118000000000,4,,128,2072,2269,0.9131776112825032,37,7,7,1.0,3,9,59213,372,0x10c90eb055e61b27aed610474af449449132393bd23925bc3e9130166896d75b,4,3,2,382,36,217770,2,3,0.0,1.0,1,1,0
0xc7b993de5f7a2f7a3e977ca2d798093ffd312b30968fcc8a06dab3fc3f89cebb,1,0x398d35769681ba5e64232423f5fc29609afaf48c,0xf91546835f756da0c10cfa0cda95b15577b84aa7,2018-10-06 22:56:48+00:00,750000,10000000000,1617504,188668,0,3,,129,2072,2269,0.9131776112825032,37,5,5,1.0,2,4,25689,373,0xc7b993de5f7a2f7a3e977ca2d798093ffd312b30968fcc8a06dab3fc3f89cebb,3,2,2,382,36,217770,2,3,0.0,1.0,1,1,0
0xe62ef2c5d8bdaea496978197c543940ca5f2d349433cc2bbc249893f534db463,1,0xf36cb9c2984838eb2bbda4fcdb3f9cb2ac05d1fa,0xf91546835f756da0c10cfa0cda95b15577b84aa7,2018-10-06 22:57:53+00:00,90000,5000000000,1435251,62425,0,2278,,127,2073,2270,0.913215859030837,37,2007,2297,0.8737483674357857,78,79,476644,374,0xe62ef2c5d8bdaea496978197c543940ca5f2d349433cc2bbc249893f534db463,1332,37,1,382,36,217775,428,2,,,1,0,0
0x007383d5d0b175eb57d19a9be848617f6a29b078b24af390588a502e2e1cfc8a,1,0xf36cb9c2984838eb2bbda4fcdb3f9cb2ac05d1fa,0xf91546835f756da0c10cfa0cda95b15577b84aa7,2018-10-06 22:58:07+00:00,90000,5000000000,928109,62425,0,2279,,126,2074,2271,0.9132540730955526,37,2008,2298,0.8738033072236727,78,79,476646,375,0x007383d5d0b175eb57d19a9be848617f6a29b078b24af390588a502e2e1cfc8a,1333,37,1,382,36,217777,428,2,,,1,0,0
0xadab26b09bf374e876d0cbe4d5d16f2d6090591cb9a6a8383606be325f4d7d02,1,0xf36cb9c2984838eb2bbda4fcdb3f9cb2ac05d1fa,0xf91546835f756da0c10cfa0cda95b15577b84aa7,2018-10-06 22:59:09+00:00,1000000,5000000000,2994030,31130,0,2283,,124,2075,2273,0.9128904531456224,37,2010,2302,0.8731537793223284,78,79,476653,376,0xadab26b09bf374e876d0cbe4d5d16f2d6090591cb9a6a8383606be325f4d7d02,1335,37,2,382,36,217784,428,3,0.0,1.0,1,1,0
0x55b010987ecf783008afa1cf27d7601ec88d86dd916f9d0994b2243e72e13b65,1,0xf36cb9c2984838eb2bbda4fcdb3f9cb2ac05d1fa,0xf91546835f756da0c10cfa0cda95b15577b84aa7,2018-10-06 22:59:09+00:00,1000000,2000000000,2932268,50460,39869345039864156,2281,,125,2075,2273,0.9128904531456224,37,2010,2302,0.8731537793223284,78,79,476653,377,0x55b010987ecf783008afa1cf27d7601ec88d86dd916f9d0994b2243e72e13b65,1335,37,1,382,36,217784,428,2,,,1,0,0
0x33841f8d626e3f12bb09f86365640967eb0e5e1a693d1ca95e02571b73bc4c8f,1,0xf36cb9c2984838eb2bbda4fcdb3f9cb2ac05d1fa,0xf91546835f756da0c10cfa0cda95b15577b84aa7,2018-10-06 22:59:36+00:00,1000000,5000000000,1551288,56585,0,2284,,123,2076,2274,0.9129287598944592,37,2011,2303,0.8732088580112896,78,79,476655,378,0x33841f8d626e3f12bb09f86365640967eb0e5e1a693d1ca95e02571b73bc4c8f,1336,37,2,382,36,217786,428,3,0.0,1.0,1,1,0
0x5d69195eba0ed54544cfcb5599dc6972a0f14c9a69956abaea26e5a29d2c1999,1,0x344505af2f5d624b282224e77d6542434e1859f7,0xf91546835f756da0c10cfa0cda95b15577b84aa7,2018-10-06 23:00:27+00:00,1000000,10000000000,2513998,46497,0,34,,122,2077,2275,0.912967032967033,37,56,56,1.0,30,182,1072548,379,0x5d69195eba0ed54544cfcb5599dc6972a0f14c9a69956abaea26e5a29d2c1999,9,9,1,382,36,217790,3,2,,,1,0,0
0xe3a65404ba03b12a3135827a91aa82a3c1d792de8c76451bc7ad328e28341d6d,1,0xf36cb9c2984838eb2bbda4fcdb3f9cb2ac05d1fa,0xf91546835f756da0c10cfa0cda95b15577b84aa7,2018-10-06 23:04:11+00:00,1000000,20000000000,421259,41649,0,2286,,121,2078,2276,0.9130052724077328,37,2013,2305,0.8733188720173535,78,79,476684,380,0xe3a65404ba03b12a3135827a91aa82a3c1d792de8c76451bc7ad328e28341d6d,1337,37,2,382,36,217815,428,3,0.0,1.0,1,1,0
0xfa60f33b992235a316a1a8ebd32cb7d6b61ea796172ca4708f37838a1fd5db6c,1,0x146fde18b92dbe599f172b34730524b733f6e4b1,0xf91546835f756da0c10cfa0cda95b15577b84aa7,2018-10-06 23:05:07+00:00,1000000,6000000000,975159,743285,0,8,,120,2079,2277,0.9130434782608696,37,17,17,1.0,7,23,141055,381,0xfa60f33b992235a316a1a8ebd32cb7d6b61ea796172ca4708f37838a1fd5db6c,9,6,5,382,36,217819,1,4,3.0,1.0,1,3,0
0x0abfddd7121c877868d6d1e256e53fa6a650c28f99a887e3280dfc25f7d10b84,1,0xf36cb9c2984838eb2bbda4fcdb3f9cb2ac05d1fa,0xf91546835f756da0c10cfa0cda95b15577b84aa7,2018-10-06 23:05:27+00:00,1000000,20000000000,271261,29252,0,2296,,119,2080,2281,0.9118807540552388,37,2016,2315,0.870842332613391,78,79,476690,382,0x0abfddd7121c877868d6d1e256e53fa6a650c28f99a887e3280dfc25f7d10b84,1341,37,1,382,36,217821,428,2,,,1,0,0
0x0114e106953e25a6466807f17b961434be22c112ec00192f6793be8d7aae9dd1,1,0xf36cb9c2984838eb2bbda4fcdb3f9cb2ac05d1fa,0xf91546835f756da0c10cfa0cda95b15577b84aa7,2018-10-06 23:05:27+00:00,1000000,20000000000,122241,56521,0,2291,,117,2080,2281,0.9118807540552388,37,2016,2315,0.870842332613391,78,79,476690,383,0x0114e106953e25a6466807f17b961434be22c112ec00192f6793be8d7aae9dd1,1341,37,2,382,36,217821,428,3,0.0,1.0,1,1,0
0x6c53bee20241c009c92e19eb8be21641cfe2f9aec01681bef9bfc568a0dbf9a9,1,0xf36cb9c2984838eb2bbda4fcdb3f9cb2ac05d1fa,0xf91546835f756da0c10cfa0cda95b15577b84aa7,2018-10-06 23:05:27+00:00,1000000,20000000000,180745,29252,0,2293,,118,2080,2281,0.9118807540552388,37,2016,2315,0.870842332613391,78,79,476690,384,0x6c53bee20241c009c92e19eb8be21641cfe2f9aec01681bef9bfc568a0dbf9a9,1341,37,1,382,36,217821,428,2,,,1,0,0
0x424f5b4445113cfe5760aee860e16fbac288771fdb849b071d4e5591ffd8b86a,1,0xf36cb9c2984838eb2bbda4fcdb3f9cb2ac05d1fa,0xf91546835f756da0c10cfa0cda95b15577b84aa7,2018-10-06 23:05:27+00:00,1000000,20000000000,151493,29252,0,2292,,116,2080,2281,0.9118807540552388,37,2016,2315,0.870842332613391,78,79,476690,385,0x424f5b4445113cfe5760aee860e16fbac288771fdb849b071d4e5591ffd8b86a,1341,37,1,382,36,217821,428,2,,,1,0,0
0x6de7107a3ab09ab0f01d3dc8428662b23352d147fbd42e07e95508651e008ff1,1,0x2f414643975d0a20aeccc2b0b0a93afa4ff64bf3,0xf91546835f756da0c10cfa0cda95b15577b84aa7,2018-10-06 23:06:30+00:00,1000000,10000000000,3939183,735619,0,3,,115,2081,2284,0.9111208406304728,37,6,6,1.0,4,63,382430,386,0x6de7107a3ab09ab0f01d3dc8428662b23352d147fbd42e07e95508651e008ff1,2,2,5,382,36,217822,2,4,3.0,1.0,1,3,0
0xf06e1cc6ac2c363dab81259b6617390371bd9043ce57f92d02fde32646e728dc,1,0x143cf5e9710acb5b5bc3e11106ad213f4a3a4d31,0xf91546835f756da0c10cfa0cda95b15577b84aa7,2018-10-06 23:06:30+00:00,1000000,10000000000,3203564,50029,48650385000000000,4,,114,2081,2284,0.9111208406304728,37,8,8,1.0,2,10,66699,387,0xf06e1cc6ac2c363dab81259b6617390371bd9043ce57f92d02fde32646e728dc,4,2,1,382,36,217822,2,2,,,1,0,0
0x58f873945a8ca7a54c63de8f6b81281eb9795fa606c89c653508d5027d52f298,1,0xf49c0a08552f0568e91a52aed679df58878f2909,0xf91546835f756da0c10cfa0cda95b15577b84aa7,2018-10-06 23:06:30+00:00,1000000,10000000000,3030537,745329,0,4,,113,2081,2284,0.9111208406304728,37,9,9,1.0,4,28,171993,388,0x58f873945a8ca7a54c63de8f6b81281eb9795fa606c89c653508d5027d52f298,5,4,5,382,36,217822,1,4,3.0,1.0,1,3,0
0x368c6d40b9f198bf9e018041208468239d9491afecbbd78a1faef958ba45f363,1,0xf36cb9c2984838eb2bbda4fcdb3f9cb2ac05d1fa,0xf91546835f756da0c10cfa0cda95b15577b84aa7,2018-10-06 23:06:39+00:00,1000000,20000000000,1719509,29252,0,2300,,112,2082,2286,0.910761154855643,37,2017,2319,0.8697714532125916,78,79,476692,389,0x368c6d40b9f198bf9e018041208468239d9491afecbbd78a1faef958ba45f363,1343,37,1,382,36,217823,428,2,,,1,0,0
0x7b8e3bb28943cff2c6239bace13b3ca403b92c24da9e1226cacab3bcf0e34f56,1,0xf36cb9c2984838eb2bbda4fcdb3f9cb2ac05d1fa,0xf91546835f756da0c10cfa0cda95b15577b84aa7,2018-10-06 23:06:39+00:00,1000000,20000000000,1690257,29252,0,2299,,111,2082,2286,0.910761154855643,37,2017,2319,0.8697714532125916,78,79,476692,390,0x7b8e3bb28943cff2c6239bace13b3ca403b92c24da9e1226cacab3bcf0e34f56,1343,37,1,382,36,217823,428,2,,,1,0,0
0xda9fc48c6141e0d8273312cadb440c222f70af066fd610451508ff54afeebb0b,1,0xf36cb9c2984838eb2bbda4fcdb3f9cb2ac05d1fa,0xf91546835f756da0c10cfa0cda95b15577b84aa7,2018-10-06 23:07:37+00:00,1000000,6000000000,401047,41521,0,2301,,110,2083,2287,0.9108001749016178,37,2018,2320,0.8698275862068966,78,79,476694,391,0xda9fc48c6141e0d8273312cadb440c222f70af066fd610451508ff54afeebb0b,1344,37,2,382,36,217825,428,3,0.0,1.0,1,1,0
0x034ae57b2d6ce1c2ab40364fe39694536be1c66ec440669553b1fff0aa57bb9f,1,0x2f414643975d0a20aeccc2b0b0a93afa4ff64bf3,0xf91546835f756da0c10cfa0cda95b15577b84aa7,2018-10-06 23:09:01+00:00,750000,6000000000,3831419,224227,3841190096886000,5,,109,2084,2289,0.91044124071647,37,8,8,1.0,4,63,382439,392,0x034ae57b2d6ce1c2ab40364fe39694536be1c66ec440669553b1fff0aa57bb9f,3,2,2,382,36,217831,3,3,0.0,1.0,1,1,0
0x79690910567ff4c7ee719cf7af4d8ad71ee2077a5f75fea977300484d20129e1,1,0xf49c0a08552f0568e91a52aed679df58878f2909,0xf91546835f756da0c10cfa0cda95b15577b84aa7,2018-10-06 23:09:01+00:00,750000,6000000000,3607192,188668,0,6,,108,2084,2289,0.91044124071647,37,11,11,1.0,4,28,172002,393,0x79690910567ff4c7ee719cf7af4d8ad71ee2077a5f75fea977300484d20129e1,6,4,2,382,36,217831,2,3,0.0,1.0,1,1,0
0xa1d5fbeb20212d8e49fc5464a05d0330a3d880e0ed8d86684b733b15e1265199,1,0xf36cb9c2984838eb2bbda4fcdb3f9cb2ac05d1fa,0xf91546835f756da0c10cfa0cda95b15577b84aa7,2018-10-06 23:09:38+00:00,1000000,12000000000,265812,29252,0,2305,,107,2085,2290,0.910480349344978,37,2021,2324,0.8696213425129087,78,79,476702,394,0xa1d5fbeb20212d8e49fc5464a05d0330a3d880e0ed8d86684b733b15e1265199,1345,37,1,382,36,217833,428,2,,,1,0,0
0xdc02054549a478ebfc6c456ac290738fcd7dfdc1fe8c5ce7e5e77349be96e5fa,1,0xf36cb9c2984838eb2bbda4fcdb3f9cb2ac05d1fa,0xf91546835f756da0c10cfa0cda95b15577b84aa7,2018-10-06 23:10:52+00:00,90000,12000000000,1321087,62425,0,2307,,106,2086,2293,0.9097252507631924,37,2023,2328,0.8689862542955326,78,79,476705,395,0xdc02054549a478ebfc6c456ac290738fcd7dfdc1fe8c5ce7e5e77349be96e5fa,1348,37,1,382,36,217836,428,2,,,1,0,0
0x303193ac4451d826fa7dad87c0479eb3abf76a7729a5cc0be6182f213e3984cb,1,0xf36cb9c2984838eb2bbda4fcdb3f9cb2ac05d1fa,0xf91546835f756da0c10cfa0cda95b15577b84aa7,2018-10-06 23:10:52+00:00,90000,12000000000,1383512,62425,0,2308,,104,2086,2293,0.9097252507631924,37,2023,2328,0.8689862542955326,78,79,476705,396,0x303193ac4451d826fa7dad87c0479eb3abf76a7729a5cc0be6182f213e3984cb,1348,37,1,382,36,217836,428,2,,,1,0,0
0xb6235bea64f6c1139b2289888cca4b8d3db822a5f5d0cef5d5508cb14e1e66b7,1,0xf36cb9c2984838eb2bbda4fcdb3f9cb2ac05d1fa,0xf91546835f756da0c10cfa0cda95b15577b84aa7,2018-10-06 23:10:52+00:00,1000000,5210000000,2294845,29252,0,2309,,105,2086,2293,0.9097252507631924,37,2023,2328,0.8689862542955326,78,79,476705,397,0xb6235bea64f6c1139b2289888cca4b8d3db822a5f5d0cef5d5508cb14e1e66b7,1348,37,1,382,36,217836,428,2,,,1,0,0
0x4693d1585c8956051872e1cda9f63a66930afdc079553123ec14626aa9f63df7,1,0xf36cb9c2984838eb2bbda4fcdb3f9cb2ac05d1fa,0xf91546835f756da0c10cfa0cda95b15577b84aa7,2018-10-06 23:13:01+00:00,1000000,12000000000,4067593,29252,0,2311,,103,2087,2294,0.9097646033129904,37,2025,2330,0.869098712446352,78,79,476711,398,0x4693d1585c8956051872e1cda9f63a66930afdc079553123ec14626aa9f63df7,1349,37,1,382,36,217842,428,2,,,1,0,0
0x0c3b36662eb37a81ca931648db946cee71a4469d516d2a1c35c55c73080ee598,1,0xf36cb9c2984838eb2bbda4fcdb3f9cb2ac05d1fa,0xf91546835f756da0c10cfa0cda95b15577b84aa7,2018-10-06 23:14:25+00:00,1000000,12000000000,578186,71649,0,2315,,102,2088,2295,0.9098039215686274,37,2027,2334,0.8684661525278492,78,79,476715,399,0x0c3b36662eb37a81ca931648db946cee71a4469d516d2a1c35c55c73080ee598,1350,37,2,382,36,217846,428,3,0.0,1.0,1,1,0
0xb1f30b4401dc6dbdad407066ee1ec166595863c7214495c7824b95d6e9bd141b,1,0xf36cb9c2984838eb2bbda4fcdb3f9cb2ac05d1fa,0xf91546835f756da0c10cfa0cda95b15577b84aa7,2018-10-06 23:14:33+00:00,1000000,12000000000,728948,29252,0,2317,,100,2089,2297,0.90944710491946,37,2028,2336,0.8681506849315068,78,79,476717,400,0xb1f30b4401dc6dbdad407066ee1ec166595863c7214495c7824b95d6e9bd141b,1352,37,1,382,36,217848,428,2,,,1,0,0
0x3f7e767e4961117ce4beaebee44be6df290430592725a4d70e136f9c05477bfd,1,0xf36cb9c2984838eb2bbda4fcdb3f9cb2ac05d1fa,0xf91546835f756da0c10cfa0cda95b15577b84aa7,2018-10-06 23:14:33+00:00,1000000,12000000000,699696,71649,0,2316,,101,2089,2297,0.90944710491946,37,2028,2336,0.8681506849315068,78,79,476717,401,0x3f7e767e4961117ce4beaebee44be6df290430592725a4d70e136f9c05477bfd,1352,37,2,382,36,217848,428,3,0.0,1.0,1,1,0
0x03a5e46ac4d47579ecf8fbe9fdd01186c7a46271482a912bd5e1cc35eb53765f,1,0xfe5f455e44a37696db3de95dd6fa85228181f390,0xf91546835f756da0c10cfa0cda95b15577b84aa7,2018-10-06 23:17:14+00:00,1000000,6000000000,2012237,50093,118650705000000000,20,,99,2090,2298,0.9094865100087032,37,35,35,1.0,11,66,395314,402,0x03a5e46ac4d47579ecf8fbe9fdd01186c7a46271482a912bd5e1cc35eb53765f,4,2,1,382,36,217858,4,2,,,1,0,0
0xf8a9f1d6b27c966396a68ecdc27e0ecbe6160ae4f19c95d78e01e62a18902f4b,1,0xf36cb9c2984838eb2bbda4fcdb3f9cb2ac05d1fa,0xf91546835f756da0c10cfa0cda95b15577b84aa7,2018-10-06 23:17:20+00:00,1000000,20000000000,83649,41649,0,2319,,98,2091,2299,0.9095258808177468,37,2030,2338,0.8682634730538921,78,79,476728,403,0xf8a9f1d6b27c966396a68ecdc27e0ecbe6160ae4f19c95d78e01e62a18902f4b,1353,37,2,382,36,217859,428,3,0.0,1.0,1,1,0
0x8d6da04c71b1a4ee2babf74e180649af02217a22e368c5c9f05f5f80a5ce2be0,1,0xf36cb9c2984838eb2bbda4fcdb3f9cb2ac05d1fa,0xf91546835f756da0c10cfa0cda95b15577b84aa7,2018-10-06 23:24:06+00:00,1000000,23000000000,124848,41649,0,2322,,97,2092,2300,0.9095652173913044,37,2032,2341,0.8680051260145237,78,79,476753,404,0x8d6da04c71b1a4ee2babf74e180649af02217a22e368c5c9f05f5f80a5ce2be0,1354,37,2,382,36,217884,428,3,0.0,1.0,1,1,0
0xdc2762429b16ccc3da92f8d6e19c90a9f7ab72aaeca5223e2ff5d2ed47d0c7e3,1,0xe0ba230ae69f9c850c261f150d0af0ecf1e74cf2,0xf91546835f756da0c10cfa0cda95b15577b84aa7,2018-10-06 23:25:10+00:00,750000,20000000000,1967558,188668,0,6,,95,2093,2302,0.9092093831450913,37,10,10,1.0,6,183,1073506,405,0xdc2762429b16ccc3da92f8d6e19c90a9f7ab72aaeca5223e2ff5d2ed47d0c7e3,1,1,2,383,36,217888,3,3,0.0,1.0,1,1,0
0x8e8bcdb70abf8dd81f8beaabb480b12c57d3bcf446d8cd714a059b0216e0c016,1,0x18fdf35a0f70e1d59f8aaa4192fdaf5089082297,0xf91546835f756da0c10cfa0cda95b15577b84aa7,2018-10-06 23:25:10+00:00,1000000,20000000000,2373924,46689,0,10,,96,2093,2302,0.9092093831450913,37,19,19,1.0,12,84,505925,406,0x8e8bcdb70abf8dd81f8beaabb480b12c57d3bcf446d8cd714a059b0216e0c016,8,6,1,383,36,217888,3,2,,,1,0,0
0x4be99736be955236fd617ba152ad75a7f6c2fdbcfea4be6966447aed4490d924,1,0xf36cb9c2984838eb2bbda4fcdb3f9cb2ac05d1fa,0xf91546835f756da0c10cfa0cda95b15577b84aa7,2018-10-06 23:26:55+00:00,1000000,23000000000,732306,56585,0,2324,,94,2094,2303,0.9092488059053409,37,2034,2343,0.8681177976952625,78,79,476760,407,0x4be99736be955236fd617ba152ad75a7f6c2fdbcfea4be6966447aed4490d924,1355,37,2,383,36,217891,428,3,0.0,1.0,1,1,0
0xd23658b4d6552a43f36434648d1ccc617defc7b994fdd8601e9b6014c5c7e00d,1,0xf36cb9c2984838eb2bbda4fcdb3f9cb2ac05d1fa,0xf91546835f756da0c10cfa0cda95b15577b84aa7,2018-10-06 23:27:29+00:00,90000,23000000000,499203,62425,0,2325,,93,2095,2304,0.9092881944444444,37,2035,2344,0.8681740614334471,78,79,476762,408,0xd23658b4d6552a43f36434648d1ccc617defc7b994fdd8601e9b6014c5c7e00d,1356,37,1,383,36,217893,428,2,,,1,0,0
0x85d7498efaa4f4a750ef48897dad0fdd1e8721c8ce5eaad8a0e6cd36eacb74ba,1,0xf36cb9c2984838eb2bbda4fcdb3f9cb2ac05d1fa,0xf91546835f756da0c10cfa0cda95b15577b84aa7,2018-10-06 23:28:47+00:00,1000000,1500000000,891891,29252,0,2327,,92,2096,2305,0.9093275488069414,37,2037,2346,0.8682864450127877,78,79,476769,409,0x85d7498efaa4f4a750ef48897dad0fdd1e8721c8ce5eaad8a0e6cd36eacb74ba,1357,37,1,383,36,217900,428,2,,,1,0,0
0xa783bc9d3f45c9711a941cfc07ec45ef113af1e2510a8f99fb0268b0de98ab32,1,0xbd322892985794a3a740f701dc93d975349e5f90,0xf91546835f756da0c10cfa0cda95b15577b84aa7,2018-10-06 23:31:23+00:00,1000000,20000000000,1526538,733511,0,25,,91,2097,2306,0.909366869037294,37,43,43,1.0,21,180,1060695,410,0xa783bc9d3f45c9711a941cfc07ec45ef113af1e2510a8f99fb0268b0de98ab32,2,2,5,383,36,217915,9,4,3.0,1.0,1,3,0
0xd9365d0ceab8d9fe96673d7ede2b9773d0d58ffa297768c9b02bc55ff558db18,1,0xf36cb9c2984838eb2bbda4fcdb3f9cb2ac05d1fa,0xf91546835f756da0c10cfa0cda95b15577b84aa7,2018-10-06 23:32:48+00:00,1000000,1815000001,6865398,41713,0,2329,,90,2098,2307,0.9094061551798872,37,2039,2351,0.8672905146746066,78,79,476789,411,0xd9365d0ceab8d9fe96673d7ede2b9773d0d58ffa297768c9b02bc55ff558db18,1358,37,2,383,36,217920,428,3,0.0,1.0,1,1,0
0x216b15331b2b2b9990549783d330d4f502a3b5f134e2b2964ab971956370cdb0,1,0xf36cb9c2984838eb2bbda4fcdb3f9cb2ac05d1fa,0xf91546835f756da0c10cfa0cda95b15577b84aa7,2018-10-06 23:33:57+00:00,1000000,2000000000,6599905,29252,0,2333,,88,2099,2309,0.9090515374621048,37,2040,2353,0.8669783255418614,78,79,476791,412,0x216b15331b2b2b9990549783d330d4f502a3b5f134e2b2964ab971956370cdb0,1360,37,1,383,36,217922,428,2,,,1,0,0
0xcd9e0e274dfcf669519398e9da79012cc2160d524faf3a4f18cb1e2375eab803,1,0xf36cb9c2984838eb2bbda4fcdb3f9cb2ac05d1fa,0xf91546835f756da0c10cfa0cda95b15577b84aa7,2018-10-06 23:33:57+00:00,1000000,2000000000,6656554,56649,0,2334,,89,2099,2309,0.9090515374621048,37,2040,2353,0.8669783255418614,78,79,476791,413,0xcd9e0e274dfcf669519398e9da79012cc2160d524faf3a4f18cb1e2375eab803,1360,37,2,383,36,217922,428,3,0.0,1.0,1,1,0
0xbaf7bf3f239753357c8af00faa0b556f3b018fd8fdc6e88e4c52c1a1909fae1d,1,0xf36cb9c2984838eb2bbda4fcdb3f9cb2ac05d1fa,0xf91546835f756da0c10cfa0cda95b15577b84aa7,2018-10-06 23:35:14+00:00,1000000,1815000001,6466752,29252,0,2336,,87,2100,2310,0.909090909090909,37,2042,2355,0.8670912951167729,78,79,476796,414,0xbaf7bf3f239753357c8af00faa0b556f3b018fd8fdc6e88e4c52c1a1909fae1d,1361,37,1,383,36,217927,428,2,,,1,0,0
0xef2a126e54b8278e372a115e9d8ff601e4cbdd6f10f2a68efa52ec05e7f77479,1,0x08ba2afa642b53e9a2243bd294f54e676c8e4f4d,0xf91546835f756da0c10cfa0cda95b15577b84aa7,2018-10-06 23:38:09+00:00,1000000,15000000000,4671224,46561,0,12,,86,2101,2311,0.9091302466464732,37,25,25,1.0,9,32,195232,415,0xef2a126e54b8278e372a115e9d8ff601e4cbdd6f10f2a68efa52ec05e7f77479,13,9,1,383,36,217932,1,2,,,1,0,0
0xe9e3de675f4e46f1e607f8cd25a95b1b321c6a6f19a33ba94fca23e91e0b771a,1,0xf36cb9c2984838eb2bbda4fcdb3f9cb2ac05d1fa,0xf91546835f756da0c10cfa0cda95b15577b84aa7,2018-10-06 23:40:04+00:00,1000000,20000000000,1518457,29252,0,2344,,85,2102,2312,0.9091695501730104,37,2045,2364,0.8650592216582064,78,79,476808,416,0xe9e3de675f4e46f1e607f8cd25a95b1b321c6a6f19a33ba94fca23e91e0b771a,1362,37,1,383,36,217939,428,2,,,1,0,0
0x1d4a7db87a26ac8c2d1c3a5070a46c4b6fe86e1fb817064c5f7eb37d8c384e41,1,0xf36cb9c2984838eb2bbda4fcdb3f9cb2ac05d1fa,0xf91546835f756da0c10cfa0cda95b15577b84aa7,2018-10-06 23:40:08+00:00,1000000,20000000000,367065,31194,0,2349,,84,2103,2316,0.9080310880829016,37,2046,2369,0.863655550865344,78,79,476809,417,0x1d4a7db87a26ac8c2d1c3a5070a46c4b6fe86e1fb817064c5f7eb37d8c384e41,1366,37,2,383,36,217940,428,3,0.0,1.0,1,1,0
0xdf8b154190d6dd9cfdef50c6cee6493c5306d1c908245a778d210461c6efe68a,1,0xf36cb9c2984838eb2bbda4fcdb3f9cb2ac05d1fa,0xf91546835f756da0c10cfa0cda95b15577b84aa7,2018-10-06 23:40:08+00:00,1000000,20000000000,279222,56649,0,2347,,81,2103,2316,0.9080310880829016,37,2046,2369,0.863655550865344,78,79,476809,418,0xdf8b154190d6dd9cfdef50c6cee6493c5306d1c908245a778d210461c6efe68a,1366,37,2,383,36,217940,428,3,0.0,1.0,1,1,0
0xd02faadd6eaa5c800eceb4322e10d95ad1bbd03e187cb5a3c9cf94089172ddbe,1,0xf36cb9c2984838eb2bbda4fcdb3f9cb2ac05d1fa,0xf91546835f756da0c10cfa0cda95b15577b84aa7,2018-10-06 23:40:08+00:00,1000000,20000000000,335871,56649,0,2348,,83,2103,2316,0.9080310880829016,37,2046,2369,0.863655550865344,78,79,476809,419,0xd02faadd6eaa5c800eceb4322e10d95ad1bbd03e187cb5a3c9cf94089172ddbe,1366,37,2,383,36,217940,428,3,0.0,1.0,1,1,0
0x76211acbcaf90323f738b23cb3ff5f56db0c83072d4b87606ec9a11eadb6f79e,1,0xf36cb9c2984838eb2bbda4fcdb3f9cb2ac05d1fa,0xf91546835f756da0c10cfa0cda95b15577b84aa7,2018-10-06 23:40:08+00:00,1000000,20000000000,222573,29252,0,2346,,82,2103,2316,0.9080310880829016,37,2046,2369,0.863655550865344,78,79,476809,420,0x76211acbcaf90323f738b23cb3ff5f56db0c83072d4b87606ec9a11eadb6f79e,1366,37,1,383,36,217940,428,2,,,1,0,0
0x484d70bdc174c41454417384e80f76ad7d89544e9ed7e689fc45ed248d88240e,1,0xf36cb9c2984838eb2bbda4fcdb3f9cb2ac05d1fa,0xf91546835f756da0c10cfa0cda95b15577b84aa7,2018-10-06 23:40:15+00:00,1000000,20000000000,390938,29252,0,2354,,79,2104,2320,0.906896551724138,37,2047,2373,0.8626211546565528,78,79,476811,421,0x484d70bdc174c41454417384e80f76ad7d89544e9ed7e689fc45ed248d88240e,1370,37,1,383,36,217942,428,2,,,1,0,0
0x364c3384900a615d21a5a796e876b7170c28285ec273f35cfa399f196ad77cf9,1,0xf36cb9c2984838eb2bbda4fcdb3f9cb2ac05d1fa,0xf91546835f756da0c10cfa0cda95b15577b84aa7,2018-10-06 23:40:15+00:00,1000000,20000000000,299170,56713,0,2351,,80,2104,2320,0.906896551724138,37,2047,2373,0.8626211546565528,78,79,476811,422,0x364c3384900a615d21a5a796e876b7170c28285ec273f35cfa399f196ad77cf9,1370,37,2,383,36,217942,428,3,0.0,1.0,1,1,0
0x7b4355238a017b014862aa080f29600181d1496f5f309691e6328cb2f474bb8d,1,0xf36cb9c2984838eb2bbda4fcdb3f9cb2ac05d1fa,0xf91546835f756da0c10cfa0cda95b15577b84aa7,2018-10-06 23:40:15+00:00,1000000,20000000000,330428,31258,0,2352,,78,2104,2320,0.906896551724138,37,2047,2373,0.8626211546565528,78,79,476811,423,0x7b4355238a017b014862aa080f29600181d1496f5f309691e6328cb2f474bb8d,1370,37,2,383,36,217942,428,3,0.0,1.0,1,1,0
0xa36b7a2e3eb625671eec5b42877bc855e0b40b45e3470333f7d6a5a80684eb3c,1,0xf36cb9c2984838eb2bbda4fcdb3f9cb2ac05d1fa,0xf91546835f756da0c10cfa0cda95b15577b84aa7,2018-10-06 23:40:15+00:00,1000000,20000000000,361686,31258,0,2353,,77,2104,2320,0.906896551724138,37,2047,2373,0.8626211546565528,78,79,476811,424,0xa36b7a2e3eb625671eec5b42877bc855e0b40b45e3470333f7d6a5a80684eb3c,1370,37,2,383,36,217942,428,3,0.0,1.0,1,1,0
0xf37b9d42c8641c2c966fcdb003008ac197b87b56b2105f33171cc64ddd91f4df,1,0xf36cb9c2984838eb2bbda4fcdb3f9cb2ac05d1fa,0xf91546835f756da0c10cfa0cda95b15577b84aa7,2018-10-06 23:41:29+00:00,1000000,20000000000,188799,41521,0,2356,,76,2105,2321,0.906936665230504,37,2049,2375,0.8627368421052631,78,79,476815,425,0xf37b9d42c8641c2c966fcdb003008ac197b87b56b2105f33171cc64ddd91f4df,1371,37,2,383,36,217946,428,3,0.0,1.0,1,1,0
0xa8ccf5a2ded7cdb52d767fed18046f32423130738cfc2b2af8763af232935b0a,1,0xf36cb9c2984838eb2bbda4fcdb3f9cb2ac05d1fa,0xf91546835f756da0c10cfa0cda95b15577b84aa7,2018-10-06 23:44:08+00:00,1000000,20000000000,464346,29252,0,2359,,75,2106,2322,0.9069767441860463,37,2052,2378,0.862910008410429,78,79,476826,426,0xa8ccf5a2ded7cdb52d767fed18046f32423130738cfc2b2af8763af232935b0a,1372,37,1,383,36,217957,428,2,,,1,0,0
0x2b69b85291edf40b2aa3317ac978c0a11a597d88d1731ee8d1c8e04d3be9dd52,1,0xf36cb9c2984838eb2bbda4fcdb3f9cb2ac05d1fa,0xf91546835f756da0c10cfa0cda95b15577b84aa7,2018-10-06 23:45:46+00:00,1000000,29000000000,242501,29252,0,2361,,74,2107,2323,0.9070167886353852,37,2054,2380,0.8630252100840335,78,79,476830,427,0x2b69b85291edf40b2aa3317ac978c0a11a597d88d1731ee8d1c8e04d3be9dd52,1373,37,1,383,36,217961,428,2,,,1,0,0
0xfec07a48f1a4f9e618efec00bfdd19fee56b298c31292e3f55b5cbee875700f2,1,0x86d4da60d7c3e366d737f5344f549d4079c2435b,0xf91546835f756da0c10cfa0cda95b15577b84aa7,2018-10-06 23:51:14+00:00,1000000,20000000000,2235305,734597,0,3,,73,2108,2324,0.9070567986230637,37,7,7,1.0,6,36,218940,428,0xfec07a48f1a4f9e618efec00bfdd19fee56b298c31292e3f55b5cbee875700f2,4,4,5,383,36,217990,1,4,3.0,1.0,1,3,0
0x91de68975291952a0ec6c98805caf82d18d405763a0c87f7f99c64bc02e236c6,1,0x86d4da60d7c3e366d737f5344f549d4079c2435b,0xf91546835f756da0c10cfa0cda95b15577b84aa7,2018-10-06 23:53:21+00:00,750000,20000000000,3396670,224227,790079629000000000,5,,72,2109,2325,0.9070967741935484,37,9,9,1.0,6,36,218947,429,0x91de68975291952a0ec6c98805caf82d18d405763a0c87f7f99c64bc02e236c6,5,4,2,383,36,217997,2,3,0.0,1.0,1,1,0
0x7d565c126e195f600134b8d834f414b1bdf8d3cacb87b0c14d7e9ee6e766d424,1,0xf36cb9c2984838eb2bbda4fcdb3f9cb2ac05d1fa,0xf91546835f756da0c10cfa0cda95b15577b84aa7,2018-10-06 23:54:15+00:00,90000,20100000014,1440813,62425,0,2364,,71,2110,2326,0.9071367153912296,37,2056,2383,0.8627780109106169,78,79,476869,430,0x7d565c126e195f600134b8d834f414b1bdf8d3cacb87b0c14d7e9ee6e766d424,1374,37,1,383,36,218000,428,2,,,1,0,0
0x135e79cfe933f861eec3c56273962ab9c0b20e3678c5a5313ac53903194c574a,1,0xf36cb9c2984838eb2bbda4fcdb3f9cb2ac05d1fa,0xf91546835f756da0c10cfa0cda95b15577b84aa7,2018-10-06 23:55:03+00:00,1000000,20100000014,1897603,56649,0,2366,,67,2111,2330,0.9060085836909872,37,2057,2387,0.8617511520737327,78,79,476871,431,0x135e79cfe933f861eec3c56273962ab9c0b20e3678c5a5313ac53903194c574a,1378,37,2,383,36,218002,428,3,0.0,1.0,1,1,0
0x1d27a5aac8006a977aa7d7f42f1ce8bd5b95fa6f3a788fd9a7d91b5c71085260,1,0xf36cb9c2984838eb2bbda4fcdb3f9cb2ac05d1fa,0xf91546835f756da0c10cfa0cda95b15577b84aa7,2018-10-06 23:55:03+00:00,1000000,20100000014,1958049,29252,0,2368,,70,2111,2330,0.9060085836909872,37,2057,2387,0.8617511520737327,78,79,476871,432,0x1d27a5aac8006a977aa7d7f42f1ce8bd5b95fa6f3a788fd9a7d91b5c71085260,1378,37,1,383,36,218002,428,2,,,1,0,0
0x5c7a0c73f310b3563513e441569b48ff59b918f818a046e4e5531855e82381e7,1,0xf36cb9c2984838eb2bbda4fcdb3f9cb2ac05d1fa,0xf91546835f756da0c10cfa0cda95b15577b84aa7,2018-10-06 23:55:03+00:00,1000000,20100000014,1928797,31194,0,2367,,68,2111,2330,0.9060085836909872,37,2057,2387,0.8617511520737327,78,79,476871,433,0x5c7a0c73f310b3563513e441569b48ff59b918f818a046e4e5531855e82381e7,1378,37,2,383,36,218002,428,3,0.0,1.0,1,1,0
0xf98e1fd663fea22c96d298a0f8815a93bf152da679f71a4a784456f81a8f25f1,1,0xf36cb9c2984838eb2bbda4fcdb3f9cb2ac05d1fa,0xf91546835f756da0c10cfa0cda95b15577b84aa7,2018-10-06 23:55:03+00:00,90000,20100000014,1840954,24277,0,2365,,69,2111,2330,0.9060085836909872,37,2057,2387,0.8617511520737327,78,79,476871,434,0xf98e1fd663fea22c96d298a0f8815a93bf152da679f71a4a784456f81a8f25f1,1378,37,1,383,36,218002,428,2,,,1,0,0
0x18823e8518e5c53eb3de40c4c47af73df498c126da0ce3c8f61808eddf756758,1,0xf36cb9c2984838eb2bbda4fcdb3f9cb2ac05d1fa,0xf91546835f756da0c10cfa0cda95b15577b84aa7,2018-10-06 23:55:25+00:00,1000000,20100000014,516794,31194,0,2369,,65,2112,2332,0.9056603773584904,37,2058,2388,0.8618090452261306,78,79,476872,435,0x18823e8518e5c53eb3de40c4c47af73df498c126da0ce3c8f61808eddf756758,1379,37,2,383,36,218003,428,3,0.0,1.0,1,1,0
0x97e1b0307878f547af6b10515f37c597022ebe89d61be270e9651aeec4e6e856,1,0x143cf5e9710acb5b5bc3e11106ad213f4a3a4d31,0xf91546835f756da0c10cfa0cda95b15577b84aa7,2018-10-06 23:55:25+00:00,1000000,20000000000,704877,35093,499499710000000000,5,,66,2112,2332,0.9056603773584904,37,10,10,1.0,2,10,66880,436,0x97e1b0307878f547af6b10515f37c597022ebe89d61be270e9651aeec4e6e856,5,2,1,383,36,218003,2,2,,,1,0,0
0xf7ae229832151329b245477b00011ceddcf0c4eced8747359997506c4618eb27,1,0xf36cb9c2984838eb2bbda4fcdb3f9cb2ac05d1fa,0xf91546835f756da0c10cfa0cda95b15577b84aa7,2018-10-06 23:56:24+00:00,1000000,20100000014,1876317,31194,0,2371,,63,2113,2334,0.905312767780634,37,2059,2390,0.8615062761506275,78,79,476875,437,0xf7ae229832151329b245477b00011ceddcf0c4eced8747359997506c4618eb27,1381,37,2,383,36,218006,428,3,0.0,1.0,1,1,0
0xa9bce497c8626b19e58c5063e33be57db1c35a137e9396608273d870982f28ff,1,0xf36cb9c2984838eb2bbda4fcdb3f9cb2ac05d1fa,0xf91546835f756da0c10cfa0cda95b15577b84aa7,2018-10-06 23:56:24+00:00,1000000,20100000014,1845123,31194,0,2370,,64,2113,2334,0.905312767780634,37,2059,2390,0.8615062761506275,78,79,476875,438,0xa9bce497c8626b19e58c5063e33be57db1c35a137e9396608273d870982f28ff,1381,37,2,383,36,218006,428,3,0.0,1.0,1,1,0
0x0e924270ee99561d48c8eaf2a790ca75ccd119b07d71c356dbfa0cb4c2e84bd4,1,0xf36cb9c2984838eb2bbda4fcdb3f9cb2ac05d1fa,0xf91546835f756da0c10cfa0cda95b15577b84aa7,2018-10-06 23:57:10+00:00,1000000,20100000014,1066414,29252,0,2372,,62,2114,2335,0.9053533190578158,37,2060,2391,0.8615641990798829,78,79,476878,439,0x0e924270ee99561d48c8eaf2a790ca75ccd119b07d71c356dbfa0cb4c2e84bd4,1382,37,1,383,36,218009,428,2,,,1,0,0
0x1bea38791bf08f81e3452f940bb36700cb029ef5d40edc3db26501387a08866d,1,0xf36cb9c2984838eb2bbda4fcdb3f9cb2ac05d1fa,0xf91546835f756da0c10cfa0cda95b15577b84aa7,2018-10-06 23:58:22+00:00,1000000,20100000014,722032,29252,0,2374,,61,2115,2336,0.9053938356164384,37,2062,2393,0.86167989970748,78,79,476885,440,0x1bea38791bf08f81e3452f940bb36700cb029ef5d40edc3db26501387a08866d,1383,37,1,383,36,218016,428,2,,,1,0,0
0x349d17b0da93eb04b7d523c081b615a233717f49f5872dd3e3f1ce3527221ae0,1,0xf36cb9c2984838eb2bbda4fcdb3f9cb2ac05d1fa,0xf91546835f756da0c10cfa0cda95b15577b84aa7,2018-10-06 23:58:37+00:00,1000000,20000000000,2530636,29252,0,2375,,60,2116,2338,0.9050470487596236,37,2063,2394,0.8617376775271512,78,79,476886,441,0x349d17b0da93eb04b7d523c081b615a233717f49f5872dd3e3f1ce3527221ae0,1384,37,1,383,36,218017,428,2,,,1,0,0
0xbb9b954d7679663fcc17e93943c16cc475f6c1e6c2fbdadd5a3a55b38ac206ad,1,0x9fb259f5c1c62d91c5fd4bb95753e61ef90fc556,0xf91546835f756da0c10cfa0cda95b15577b84aa7,2018-10-06 23:58:37+00:00,1000000,20000000000,2580665,50029,300291854000000000,6,,59,2116,2338,0.9050470487596236,37,12,12,1.0,3,2,12557,442,0xbb9b954d7679663fcc17e93943c16cc475f6c1e6c2fbdadd5a3a55b38ac206ad,6,3,1,383,36,218017,2,2,,,1,0,0
0xb15aaff1781f545905be586e250638fb979811606bee3b6711b9e53c8475388a,1,0xf36cb9c2984838eb2bbda4fcdb3f9cb2ac05d1fa,0xf91546835f756da0c10cfa0cda95b15577b84aa7,2018-10-07 00:00:22+00:00,1000000,20100000014,113585,71585,0,2376,,58,2117,2339,0.9050876442924328,38,2064,2395,0.861795407098121,79,80,476890,443,0xb15aaff1781f545905be586e250638fb979811606bee3b6711b9e53c8475388a,1385,38,2,383,37,218021,428,3,0.0,1.0,1,1,0
0xc37622ede122e65dbca9061ecf4b77e35859581553869094293f726a12222064,1,0xf36cb9c2984838eb2bbda4fcdb3f9cb2ac05d1fa,0xf91546835f756da0c10cfa0cda95b15577b84aa7,2018-10-07 00:00:59+00:00,1000000,20100000014,753302,29252,0,2377,,57,2118,2340,0.9051282051282052,38,2065,2396,0.8618530884808013,79,80,476893,444,0xc37622ede122e65dbca9061ecf4b77e35859581553869094293f726a12222064,1386,38,1,383,37,218024,428,2,,,1,0,0
0xc17ab2cef89f918b79c1f33af4e6478c28114b4660861993ea95b6a2a4eaa774,1,0x955f3782b2b9644220b8bcf777581d5f334df497,0xf91546835f756da0c10cfa0cda95b15577b84aa7,2018-10-07 00:01:49+00:00,1000000,20000000000,4345652,747757,0,1,,56,2119,2342,0.9047822374039282,38,3,3,1.0,2,15,87982,445,0xc17ab2cef89f918b79c1f33af4e6478c28114b4660861993ea95b6a2a4eaa774,2,2,5,383,37,218026,1,4,3.0,1.0,1,3,0
0x2ad31af224764b8ea363927fb4316f214b325d6152c3fe0da6a45f8ac652fe0c,1,0x292ce25b4f65516a1b7088e3c90f3b904334b947,0xf91546835f756da0c10cfa0cda95b15577b84aa7,2018-10-07 00:01:49+00:00,1000000,20000000000,3098883,46561,0,22,,55,2119,2342,0.9047822374039282,38,25,25,1.0,21,187,1096899,446,0x2ad31af224764b8ea363927fb4316f214b325d6152c3fe0da6a45f8ac652fe0c,3,3,1,383,37,218026,3,2,,,1,0,0
0x906682b65ac8968f130b6ea93b52d057ca0c2b067405f23bd1dafbbd54e86ff9,1,0xc85f8a6709fd022a3d17deaf7b6b27691b7fdc19,0xf91546835f756da0c10cfa0cda95b15577b84aa7,2018-10-07 00:01:59+00:00,1000000,20000000000,88561,46561,0,17,,54,2120,2343,0.9048228766538624,38,32,32,1.0,14,88,525312,447,0x906682b65ac8968f130b6ea93b52d057ca0c2b067405f23bd1dafbbd54e86ff9,4,4,1,383,37,218027,3,2,,,1,0,0
0x39090f06a71db7fa328112e95bd12612de08d6a64940b1fefa943c79242b9701,1,0xb74c0c30d68c1a56c0cf108e6d4e276db6adf71d,0xf91546835f756da0c10cfa0cda95b15577b84aa7,2018-10-07 00:03:02+00:00,1000000,20000000000,1472898,46113,0,12,,53,2121,2344,0.9048634812286688,38,26,26,1.0,14,176,1025537,448,0x39090f06a71db7fa328112e95bd12612de08d6a64940b1fefa943c79242b9701,2,2,1,383,37,218031,3,2,,,1,0,0
0x5a69ba4ad60eab910b78bdaaef404217fdb359364c8f248c671623c3c4461721,1,0xf36cb9c2984838eb2bbda4fcdb3f9cb2ac05d1fa,0xf91546835f756da0c10cfa0cda95b15577b84aa7,2018-10-07 00:03:24+00:00,1000000,25500000000,2167245,56201,0,2380,,52,2122,2346,0.9045183290707586,38,2067,2399,0.8616090037515631,79,80,476902,449,0x5a69ba4ad60eab910b78bdaaef404217fdb359364c8f248c671623c3c4461721,1388,38,2,383,37,218033,428,3,0.0,1.0,1,1,0
0x30f1373f5175fffcffadb8a817ad86ebe1700ea2155d5bc4bddeb16d44ac1a14,1,0xf36cb9c2984838eb2bbda4fcdb3f9cb2ac05d1fa,0xf91546835f756da0c10cfa0cda95b15577b84aa7,2018-10-07 00:03:24+00:00,1000000,25500000000,2111044,29252,0,2379,,51,2122,2346,0.9045183290707586,38,2067,2399,0.8616090037515631,79,80,476902,450,0x30f1373f5175fffcffadb8a817ad86ebe1700ea2155d5bc4bddeb16d44ac1a14,1388,38,1,383,37,218033,428,2,,,1,0,0
0x5a32c22cbdd7c2d069273778326bf34aeab11e281852222f0749a1554bb6c2cb,1,0x955f3782b2b9644220b8bcf777581d5f334df497,0xf91546835f756da0c10cfa0cda95b15577b84aa7,2018-10-07 00:03:41+00:00,750000,20000000000,1233885,224227,51067342782377844,3,,50,2123,2347,0.9045590115040476,38,5,5,1.0,2,15,87991,451,0x5a32c22cbdd7c2d069273778326bf34aeab11e281852222f0749a1554bb6c2cb,3,2,2,383,37,218035,2,3,0.0,1.0,1,1,0
0x3ba031eb5914c038dc7bcfbd5e8f990f96a805b3065b022b98d9dda760c3f9e6,1,0x5917c6552ba2861149b60b066a9f8ded70c907ad,0xf91546835f756da0c10cfa0cda95b15577b84aa7,2018-10-07 00:03:47+00:00,1000000,20000000000,1039338,747501,0,4,,49,2124,2348,0.9045996592844974,38,9,9,1.0,4,14,85085,452,0x3ba031eb5914c038dc7bcfbd5e8f990f96a805b3065b022b98d9dda760c3f9e6,5,4,5,383,37,218036,1,4,3.0,1.0,1,3,0
0xf90df7ab5cd40779e11b409ea664ebe7aba285eb2616c953522e6b6d8d980af6,1,0xf36cb9c2984838eb2bbda4fcdb3f9cb2ac05d1fa,0xf91546835f756da0c10cfa0cda95b15577b84aa7,2018-10-07 00:04:27+00:00,90000,25500000000,486148,62425,0,2381,,48,2125,2349,0.9046402724563644,38,2068,2400,0.8616666666666666,79,80,476908,453,0xf90df7ab5cd40779e11b409ea664ebe7aba285eb2616c953522e6b6d8d980af6,1389,38,1,383,37,218039,428,2,,,1,0,0
0x9888b4a2a848bd8882025bef6b41bc59e9caf0a48189d94e45e9da34c62f4500,1,0xf36cb9c2984838eb2bbda4fcdb3f9cb2ac05d1fa,0xf91546835f756da0c10cfa0cda95b15577b84aa7,2018-10-07 00:05:14+00:00,1000000,20000000000,1522222,50460,51067342782377844,2383,,47,2126,2350,0.9046808510638296,38,2070,2402,0.861781848459617,79,80,476913,454,0x9888b4a2a848bd8882025bef6b41bc59e9caf0a48189d94e45e9da34c62f4500,1390,38,1,383,37,218044,428,2,,,1,0,0
0xefd8663da1592337fcbe7ad8f42fb8833184f136b45f2eea7cc596aa180de969,1,0xf36cb9c2984838eb2bbda4fcdb3f9cb2ac05d1fa,0xf91546835f756da0c10cfa0cda95b15577b84aa7,2018-10-07 00:05:40+00:00,1000000,20000000000,882164,71585,0,2384,,46,2127,2351,0.9047213951509996,38,2071,2403,0.861839367457345,79,80,476915,455,0xefd8663da1592337fcbe7ad8f42fb8833184f136b45f2eea7cc596aa180de969,1391,38,2,383,37,218046,428,3,0.0,1.0,1,1,0
0x35fe21bdf1a3db1092ccdd200a1bcd46cf165b474135973d497c077e918db7f2,1,0xf36cb9c2984838eb2bbda4fcdb3f9cb2ac05d1fa,0xf91546835f756da0c10cfa0cda95b15577b84aa7,2018-10-07 00:05:46+00:00,1000000,20000000000,3440614,56649,0,2385,,42,2128,2355,0.9036093418259024,38,2072,2407,0.8608226007478189,79,80,476916,456,0x35fe21bdf1a3db1092ccdd200a1bcd46cf165b474135973d497c077e918db7f2,1395,38,2,383,37,218047,428,3,0.0,1.0,1,1,0
0x2843be5725dd7747378086d9c868e17ad5951443ff60aa8392ce0007690ddd66,1,0xf36cb9c2984838eb2bbda4fcdb3f9cb2ac05d1fa,0xf91546835f756da0c10cfa0cda95b15577b84aa7,2018-10-07 00:05:46+00:00,1000000,20000000000,3553976,56649,0,2387,,44,2128,2355,0.9036093418259024,38,2072,2407,0.8608226007478189,79,80,476916,457,0x2843be5725dd7747378086d9c868e17ad5951443ff60aa8392ce0007690ddd66,1395,38,2,383,37,218047,428,3,0.0,1.0,1,1,0
0xc8a37a46192e38e9116e9c85b88c56b01deec2a971e98125e714ac3691ce3f29,1,0xf36cb9c2984838eb2bbda4fcdb3f9cb2ac05d1fa,0xf91546835f756da0c10cfa0cda95b15577b84aa7,2018-10-07 00:05:46+00:00,1000000,20000000000,3583228,29252,0,2388,,43,2128,2355,0.9036093418259024,38,2072,2407,0.8608226007478189,79,80,476916,458,0xc8a37a46192e38e9116e9c85b88c56b01deec2a971e98125e714ac3691ce3f29,1395,38,1,383,37,218047,428,2,,,1,0,0
0x771585d4e97af4e03e5483f1dd015dff533fbd3857d60fca5606759291edcbf8,1,0xf36cb9c2984838eb2bbda4fcdb3f9cb2ac05d1fa,0xf91546835f756da0c10cfa0cda95b15577b84aa7,2018-10-07 00:05:46+00:00,1000000,20000000000,3497327,56713,0,2386,,45,2128,2355,0.9036093418259024,38,2072,2407,0.8608226007478189,79,80,476916,459,0x771585d4e97af4e03e5483f1dd015dff533fbd3857d60fca5606759291edcbf8,1395,38,2,383,37,218047,428,3,0.0,1.0,1,1,0
0x4cdaa9536def62a8dc2328ccef67caffcb32e4faab5e7eb339ac5cfe1bea4a76,1,0x4039bfe831a47d7dd5588459f6cc050f2287f554,0xf91546835f756da0c10cfa0cda95b15577b84aa7,2018-10-07 00:06:38+00:00,1000000,20000000000,597325,50093,19043041000000016,14,,41,2129,2356,0.9036502546689305,38,28,28,1.0,14,117,689058,460,0x4cdaa9536def62a8dc2328ccef67caffcb32e4faab5e7eb339ac5cfe1bea4a76,13,10,1,383,37,218051,3,2,,,1,0,0
0xf553e46d05e42a27a58c81c8d6d154fe05020cf35e2f6854649eb645e04d5ad5,1,0xf36cb9c2984838eb2bbda4fcdb3f9cb2ac05d1fa,0xf91546835f756da0c10cfa0cda95b15577b84aa7,2018-10-07 00:07:36+00:00,1000000,20000000000,1617502,29252,0,2389,,40,2130,2357,0.903691132795927,38,2073,2408,0.8608803986710963,79,80,476924,461,0xf553e46d05e42a27a58c81c8d6d154fe05020cf35e2f6854649eb645e04d5ad5,1396,38,1,383,37,218055,428,2,,,1,0,0
0xbd75a3112fa29e171d677fa4489af6939ed99fd0f2638c394b6febecb220d4bf,1,0xf36cb9c2984838eb2bbda4fcdb3f9cb2ac05d1fa,0xf91546835f756da0c10cfa0cda95b15577b84aa7,2018-10-07 00:08:07+00:00,1000000,20000000000,1563630,29252,0,2390,,39,2131,2359,0.9033488766426452,38,2074,2410,0.8605809128630705,79,80,476926,462,0xbd75a3112fa29e171d677fa4489af6939ed99fd0f2638c394b6febecb220d4bf,1398,38,1,383,37,218057,428,2,,,1,0,0
0x40808c9d2ac981fc2ca30c6bc7ec581afc347394035f8f81bb38a05e8222fcfd,1,0xf36cb9c2984838eb2bbda4fcdb3f9cb2ac05d1fa,0xf91546835f756da0c10cfa0cda95b15577b84aa7,2018-10-07 00:08:07+00:00,1000000,20000000000,1592882,29252,0,2391,,38,2131,2359,0.9033488766426452,38,2074,2410,0.8605809128630705,79,80,476926,463,0x40808c9d2ac981fc2ca30c6bc7ec581afc347394035f8f81bb38a05e8222fcfd,1398,38,1,383,37,218057,428,2,,,1,0,0
0x631f7a19a99314cd0198c87ae1754cccac529f8ecc1b910a8d72fdb04e28724b,1,0xf36cb9c2984838eb2bbda4fcdb3f9cb2ac05d1fa,0xf91546835f756da0c10cfa0cda95b15577b84aa7,2018-10-07 00:09:05+00:00,1000000,5000000000,1641843,29252,0,2393,,37,2132,2360,0.9033898305084744,38,2075,2412,0.8602819237147595,79,80,476928,464,0x631f7a19a99314cd0198c87ae1754cccac529f8ecc1b910a8d72fdb04e28724b,1399,38,1,383,37,218059,428,2,,,1,0,0
0x19f3d2c18d988bb370c9df157e243b812b934400f6097e9c4dd251edb1683a00,1,0xf36cb9c2984838eb2bbda4fcdb3f9cb2ac05d1fa,0xf91546835f756da0c10cfa0cda95b15577b84aa7,2018-10-07 00:09:18+00:00,1000000,5000000000,1054615,29252,0,2394,,36,2133,2361,0.903430749682338,38,2076,2413,0.8603398259428097,79,80,476929,465,0x19f3d2c18d988bb370c9df157e243b812b934400f6097e9c4dd251edb1683a00,1400,38,1,383,37,218060,428,2,,,1,0,0
0x312a80ee2647d47e8588b7799e13f01c214be51a29262862f082e80ef9243b5d,1,0xf36cb9c2984838eb2bbda4fcdb3f9cb2ac05d1fa,0xf91546835f756da0c10cfa0cda95b15577b84aa7,2018-10-07 00:09:26+00:00,1000000,5000000000,3867144,29252,0,2395,,35,2134,2362,0.903471634208298,38,2077,2414,0.8603976801988401,79,80,476930,466,0x312a80ee2647d47e8588b7799e13f01c214be51a29262862f082e80ef9243b5d,1401,38,1,383,37,218061,428,2,,,1,0,0
0x2a95d0cdce751f870842a4d79214b1df9faf207fb7757a7e3c7c12f6bbce94be,1,0xf36cb9c2984838eb2bbda4fcdb3f9cb2ac05d1fa,0xf91546835f756da0c10cfa0cda95b15577b84aa7,2018-10-07 00:10:27+00:00,1000000,5000000000,2621497,29252,0,2396,,34,2135,2363,0.9035124841303428,38,2078,2415,0.860455486542443,79,80,476933,467,0x2a95d0cdce751f870842a4d79214b1df9faf207fb7757a7e3c7c12f6bbce94be,1402,38,1,383,37,218064,428,2,,,1,0,0
0x478dc8241c3c0fe7c20713dcd252dd491ec61b7d367dcb576be640d649bb3dde,1,0xf36cb9c2984838eb2bbda4fcdb3f9cb2ac05d1fa,0xf91546835f756da0c10cfa0cda95b15577b84aa7,2018-10-07 00:12:49+00:00,1000000,5000000000,2037472,71585,0,2398,,33,2136,2366,0.9027895181741336,38,2079,2418,0.8598014888337469,79,80,476940,468,0x478dc8241c3c0fe7c20713dcd252dd491ec61b7d367dcb576be640d649bb3dde,1405,38,2,383,37,218071,428,3,0.0,1.0,1,1,0
0x87b97902aa40999b28eb47ace09acbbc278d10ff7d565c1e673a3c8643e3aad9,1,0xf36cb9c2984838eb2bbda4fcdb3f9cb2ac05d1fa,0xf91546835f756da0c10cfa0cda95b15577b84aa7,2018-10-07 00:12:49+00:00,1000000,20000000000,2066724,29252,0,2399,,31,2136,2366,0.9027895181741336,38,2079,2418,0.8598014888337469,79,80,476940,469,0x87b97902aa40999b28eb47ace09acbbc278d10ff7d565c1e673a3c8643e3aad9,1405,38,1,383,37,218071,428,2,,,1,0,0
0x87f06f0dd140a18343e62bc1977114987917ce76dcf750550d99bc614a89ccdc,1,0xf36cb9c2984838eb2bbda4fcdb3f9cb2ac05d1fa,0xf91546835f756da0c10cfa0cda95b15577b84aa7,2018-10-07 00:12:49+00:00,1000000,5000000000,1965887,29252,0,2397,,32,2136,2366,0.9027895181741336,38,2079,2418,0.8598014888337469,79,80,476940,470,0x87f06f0dd140a18343e62bc1977114987917ce76dcf750550d99bc614a89ccdc,1405,38,1,383,37,218071,428,2,,,1,0,0
0x7f26e03e2cdf8c4e72276b38e77b8ddb6e6802e96773f07d0fc54b48a40e8d24,1,0x5917c6552ba2861149b60b066a9f8ded70c907ad,0xf91546835f756da0c10cfa0cda95b15577b84aa7,2018-10-07 00:13:45+00:00,750000,20000000000,500144,188668,0,6,,30,2137,2368,0.9024493243243245,38,11,11,1.0,4,14,85123,471,0x7f26e03e2cdf8c4e72276b38e77b8ddb6e6802e96773f07d0fc54b48a40e8d24,6,4,2,383,37,218074,2,3,0.0,1.0,1,1,0
0x9c37b4d4ea8468f6322efcb6928fbb5d109d4b9725ddaeee812d26aa43555a48,1,0xf36cb9c2984838eb2bbda4fcdb3f9cb2ac05d1fa,0xf91546835f756da0c10cfa0cda95b15577b84aa7,2018-10-07 00:13:45+00:00,1000000,20000000000,566615,29252,0,2400,,29,2137,2368,0.9024493243243245,38,2080,2419,0.8598594460520876,79,80,476943,472,0x9c37b4d4ea8468f6322efcb6928fbb5d109d4b9725ddaeee812d26aa43555a48,1406,38,1,383,37,218074,428,2,,,1,0,0
0x938835f98d8ccedfaf38b4a5122885a76e60ef8ed90ef68fb87d572b359dcb96,1,0xf36cb9c2984838eb2bbda4fcdb3f9cb2ac05d1fa,0xf91546835f756da0c10cfa0cda95b15577b84aa7,2018-10-07 00:15:00+00:00,1000000,8000000000,1531583,29252,0,2401,,28,2138,2370,0.9021097046413502,38,2081,2421,0.8595621643948782,79,80,476947,473,0x938835f98d8ccedfaf38b4a5122885a76e60ef8ed90ef68fb87d572b359dcb96,1408,38,1,383,37,218078,428,2,,,1,0,0
0x7c93e3991334abdcb91c931e305f841f31e662d5916c8ba7235bf74b063881af,1,0xf36cb9c2984838eb2bbda4fcdb3f9cb2ac05d1fa,0xf91546835f756da0c10cfa0cda95b15577b84aa7,2018-10-07 00:15:00+00:00,90000,8000000000,1594008,62425,0,2402,,27,2138,2370,0.9021097046413502,38,2081,2421,0.8595621643948782,79,80,476947,474,0x7c93e3991334abdcb91c931e305f841f31e662d5916c8ba7235bf74b063881af,1408,38,1,383,37,218078,428,2,,,1,0,0
0xa0e7bd47bc5b838d13b66b4e23d30c3249af1276f8132d7c9f623948563b621a,1,0xf36cb9c2984838eb2bbda4fcdb3f9cb2ac05d1fa,0xf91546835f756da0c10cfa0cda95b15577b84aa7,2018-10-07 00:15:38+00:00,1000000,8000000000,1092627,29252,0,2403,,26,2139,2371,0.9021509911429776,38,2082,2422,0.8596201486374897,79,80,476951,475,0xa0e7bd47bc5b838d13b66b4e23d30c3249af1276f8132d7c9f623948563b621a,1409,38,1,383,37,218082,428,2,,,1,0,0
0xd34ed823fcd6443f15a7bececb0f82de659f84ebba155ddf13401102d7560c22,1,0xfcac581840cb5423ce4dcf7ba478bdd0a36ad14e,0xf91546835f756da0c10cfa0cda95b15577b84aa7,2018-10-07 00:16:48+00:00,1000000,12000000000,836468,46497,0,9,,25,2140,2372,0.9021922428330524,38,21,21,1.0,13,48,288568,476,0xd34ed823fcd6443f15a7bececb0f82de659f84ebba155ddf13401102d7560c22,8,8,1,383,37,218087,3,2,,,1,0,0
0x5b8b25cd9ce4b8b38053b3468820cc17b094152f68675e84acf0a02578598626,1,0xf36cb9c2984838eb2bbda4fcdb3f9cb2ac05d1fa,0xf91546835f756da0c10cfa0cda95b15577b84aa7,2018-10-07 00:19:03+00:00,1000000,41000000000,379143,56585,0,2404,,24,2141,2373,0.9022334597555836,38,2083,2423,0.859678085018572,79,80,476970,477,0x5b8b25cd9ce4b8b38053b3468820cc17b094152f68675e84acf0a02578598626,1410,38,2,383,37,218101,428,3,0.0,1.0,1,1,0
0xe8f8ea24f1f2fb47bfb23ae8e5b6ac6e2d18ebda55a239dfc12a54f555821235,1,0xf36cb9c2984838eb2bbda4fcdb3f9cb2ac05d1fa,0xf91546835f756da0c10cfa0cda95b15577b84aa7,2018-10-07 00:19:50+00:00,1000000,23000000000,540684,29252,0,2405,,23,2142,2374,0.9022746419545072,38,2084,2424,0.8597359735973596,79,80,476972,478,0xe8f8ea24f1f2fb47bfb23ae8e5b6ac6e2d18ebda55a239dfc12a54f555821235,1411,38,1,383,37,218103,428,2,,,1,0,0
0xfbc01c4c51132ad359d0c5afee80db1b1b4bd355feedb022f47f867baa06fe31,1,0xb7a4849c88d76ac23d073cc186c128bc8538b2c3,0xf91546835f756da0c10cfa0cda95b15577b84aa7,2018-10-07 00:21:02+00:00,1000000,20000000000,786307,744307,0,1,,22,2143,2375,0.902315789473684,38,3,3,1.0,2,16,92486,479,0xfbc01c4c51132ad359d0c5afee80db1b1b4bd355feedb022f47f867baa06fe31,2,2,5,383,37,218111,1,4,3.0,1.0,1,3,0
0xfb44467d3333ca87910a9bf6dd41191c194a51cd37460b5313e3dafd387b44b4,1,0xf36cb9c2984838eb2bbda4fcdb3f9cb2ac05d1fa,0xf91546835f756da0c10cfa0cda95b15577b84aa7,2018-10-07 00:22:03+00:00,1000000,20000000000,868011,29252,0,2407,,21,2144,2376,0.9023569023569024,38,2086,2427,0.8594973217964565,79,80,476984,480,0xfb44467d3333ca87910a9bf6dd41191c194a51cd37460b5313e3dafd387b44b4,1412,38,1,383,37,218115,428,2,,,1,0,0
0x241b2aaa3589613e2ce6e187b1c1c41184d3ba8de583618f712f00d880293728,1,0xe567fafc45e69e60a28642c034debfc6b7d91902,0xf91546835f756da0c10cfa0cda95b15577b84aa7,2018-10-07 00:22:40+00:00,1000000,20000000000,1764031,738877,0,1,,19,2145,2378,0.90201850294365,38,4,4,1.0,3,30,178643,481,0x241b2aaa3589613e2ce6e187b1c1c41184d3ba8de583618f712f00d880293728,2,2,5,383,37,218118,1,4,3.0,1.0,1,3,0
0xc9597fd4feb74b54c586f0396a58cc7e078efef6288ef5f45f350843bb434fe8,1,0xf36cb9c2984838eb2bbda4fcdb3f9cb2ac05d1fa,0xf91546835f756da0c10cfa0cda95b15577b84aa7,2018-10-07 00:22:40+00:00,1000000,10000000000,2322293,56521,0,2409,,20,2145,2378,0.90201850294365,38,2087,2428,0.8595551894563426,79,80,476987,482,0xc9597fd4feb74b54c586f0396a58cc7e078efef6288ef5f45f350843bb434fe8,1413,38,2,383,37,218118,428,3,0.0,1.0,1,1,0
0x3736cdf25713f372b430c918827b926822bd6bedaaf66b415ac87b43c4e7b64e,1,0xb7a4849c88d76ac23d073cc186c128bc8538b2c3,0xf91546835f756da0c10cfa0cda95b15577b84aa7,2018-10-07 00:23:42+00:00,750000,20000000000,824259,188668,0,3,,17,2146,2380,0.9016806722689076,38,5,5,1.0,2,16,92495,483,0x3736cdf25713f372b430c918827b926822bd6bedaaf66b415ac87b43c4e7b64e,3,2,2,383,37,218120,2,3,0.0,1.0,1,1,0
0x660851bb96c07b55b231bd302c6d4c1927b46dc3e12113a50a474c9237351220,1,0xf36cb9c2984838eb2bbda4fcdb3f9cb2ac05d1fa,0xf91546835f756da0c10cfa0cda95b15577b84aa7,2018-10-07 00:23:42+00:00,1000000,10000000000,1404765,56521,0,2410,,18,2146,2380,0.9016806722689076,38,2088,2429,0.8596130094689172,79,80,476989,484,0x660851bb96c07b55b231bd302c6d4c1927b46dc3e12113a50a474c9237351220,1414,38,2,383,37,218120,428,3,0.0,1.0,1,1,0
0x0f0f4547e1b63a252bfb83a2868e34e7d2ba036650c0af4bc3ea61a5b10a4315,1,0xf36cb9c2984838eb2bbda4fcdb3f9cb2ac05d1fa,0xf91546835f756da0c10cfa0cda95b15577b84aa7,2018-10-07 00:24:03+00:00,90000,10000000000,5874857,62425,0,2411,,16,2147,2381,0.9017219655606888,38,2089,2430,0.859670781893004,79,80,476992,485,0x0f0f4547e1b63a252bfb83a2868e34e7d2ba036650c0af4bc3ea61a5b10a4315,1415,38,1,383,37,218123,428,2,,,1,0,0
0x24f1e9f6055bccdd2f460ee056c0d396df030a5d5aaa9daa7e1786abace4da32,1,0xf36cb9c2984838eb2bbda4fcdb3f9cb2ac05d1fa,0xf91546835f756da0c10cfa0cda95b15577b84aa7,2018-10-07 00:24:26+00:00,1000000,10000000000,978202,29252,0,2412,,15,2148,2382,0.9017632241813602,38,2090,2431,0.8597285067873303,79,80,476994,486,0x24f1e9f6055bccdd2f460ee056c0d396df030a5d5aaa9daa7e1786abace4da32,1416,38,1,383,37,218125,428,2,,,1,0,0
0xb39d87f7dca5e9a9367668044f242f6a58c61a52f4d55ca4874e5dfc0e81e7d4,1,0xf36cb9c2984838eb2bbda4fcdb3f9cb2ac05d1fa,0xf91546835f756da0c10cfa0cda95b15577b84aa7,2018-10-07 00:24:42+00:00,1000000,5725389600,862566,29252,0,2414,,14,2149,2383,0.9018044481745698,38,2092,2433,0.8598438142211262,79,80,476996,487,0xb39d87f7dca5e9a9367668044f242f6a58c61a52f4d55ca4874e5dfc0e81e7d4,1417,38,1,383,37,218127,428,2,,,1,0,0
0x7403920e9bc3bd7e822c00dd82d40f2da6dbab73f0b1391193540087ef5bae50,1,0xf36cb9c2984838eb2bbda4fcdb3f9cb2ac05d1fa,0xf91546835f756da0c10cfa0cda95b15577b84aa7,2018-10-07 00:25:13+00:00,1000000,5725389600,2838539,29252,0,2415,,12,2150,2385,0.90146750524109,38,2093,2435,0.8595482546201231,79,80,476998,488,0x7403920e9bc3bd7e822c00dd82d40f2da6dbab73f0b1391193540087ef5bae50,1419,38,1,383,37,218129,428,2,,,1,0,0
0xa0d411349831fd6194f9e4dc217360123176a5b16dc4e32d095e18b4e9b8460e,1,0xf36cb9c2984838eb2bbda4fcdb3f9cb2ac05d1fa,0xf91546835f756da0c10cfa0cda95b15577b84aa7,2018-10-07 00:25:13+00:00,1000000,5725389600,2867791,29252,0,2416,,13,2150,2385,0.90146750524109,38,2093,2435,0.8595482546201231,79,80,476998,489,0xa0d411349831fd6194f9e4dc217360123176a5b16dc4e32d095e18b4e9b8460e,1419,38,1,383,37,218129,428,2,,,1,0,0
0x60adfa386937e79332c5b2adfb1a5f8302ba12c072495041e3fb4d7b3a8a19c6,1,0xe567fafc45e69e60a28642c034debfc6b7d91902,0xf91546835f756da0c10cfa0cda95b15577b84aa7,2018-10-07 00:25:25+00:00,750000,20000000000,756896,224163,984091239000000000,3,,11,2151,2386,0.9015088013411569,38,6,6,1.0,3,30,178655,490,0x60adfa386937e79332c5b2adfb1a5f8302ba12c072495041e3fb4d7b3a8a19c6,3,2,2,383,37,218130,2,3,0.0,1.0,1,1,0
0x073e012b58d42cf37762727be73f032cd83d7493ecdc32baa70ac05ae3fe7783,1,0xf36cb9c2984838eb2bbda4fcdb3f9cb2ac05d1fa,0xf91546835f756da0c10cfa0cda95b15577b84aa7,2018-10-07 00:26:11+00:00,1000000,5725389600,6262197,29252,0,2417,,10,2152,2387,0.9015500628403854,38,2094,2436,0.8596059113300492,79,80,477001,491,0x073e012b58d42cf37762727be73f032cd83d7493ecdc32baa70ac05ae3fe7783,1420,38,1,383,37,218132,428,2,,,1,0,0
0xa7582ba3551eee766e80c086439078386269076d8c9357d9af316cb22d6ea376,1,0xf36cb9c2984838eb2bbda4fcdb3f9cb2ac05d1fa,0xf91546835f756da0c10cfa0cda95b15577b84aa7,2018-10-07 00:26:45+00:00,90000,10000000000,924423,62361,0,2418,,9,2153,2388,0.9015912897822445,38,2095,2437,0.8596635207221994,79,80,477003,492,0xa7582ba3551eee766e80c086439078386269076d8c9357d9af316cb22d6ea376,1421,38,1,383,37,218134,428,2,,,1,0,0
0x1b890d253b186c66d100923e9fbe5dc2cfdea4c748db2f9c38aa62eabd3a61aa,1,0xf36cb9c2984838eb2bbda4fcdb3f9cb2ac05d1fa,0xf91546835f756da0c10cfa0cda95b15577b84aa7,2018-10-07 00:27:45+00:00,1000000,10000000000,3453414,29316,0,2420,,8,2154,2390,0.901255230125523,38,2096,2439,0.8593685936859368,79,80,477005,493,0x1b890d253b186c66d100923e9fbe5dc2cfdea4c748db2f9c38aa62eabd3a61aa,1423,38,1,383,37,218136,428,2,,,1,0,0
0x64820b84c9709bae4d79f290329434ceb921eaab23d15681fac78c7a90feed70,1,0xf36cb9c2984838eb2bbda4fcdb3f9cb2ac05d1fa,0xf91546835f756da0c10cfa0cda95b15577b84aa7,2018-10-07 00:27:45+00:00,1000000,10000000000,3424098,29252,0,2419,,7,2154,2390,0.901255230125523,38,2096,2439,0.8593685936859368,79,80,477005,494,0x64820b84c9709bae4d79f290329434ceb921eaab23d15681fac78c7a90feed70,1423,38,1,383,37,218136,428,2,,,1,0,0
0x2c308a9fa859ff98c2eade34df047bc2bb02520b13192ed1b9e078c65a6ae67d,1,0xf36cb9c2984838eb2bbda4fcdb3f9cb2ac05d1fa,0xf91546835f756da0c10cfa0cda95b15577b84aa7,2018-10-07 00:28:48+00:00,1000000,5725389600,6716247,29252,0,2421,,6,2155,2391,0.9012965286491008,38,2097,2440,0.8594262295081966,79,80,477007,495,0x2c308a9fa859ff98c2eade34df047bc2bb02520b13192ed1b9e078c65a6ae67d,1424,38,1,383,37,218138,428,2,,,1,0,0
0xacafed5d396a5eb8f9ca9f357a2c1bd6acaabcc0c6202162680cb4ffcede473b,1,0xf36cb9c2984838eb2bbda4fcdb3f9cb2ac05d1fa,0xf91546835f756da0c10cfa0cda95b15577b84aa7,2018-10-07 00:34:38+00:00,1000000,20000000000,371495,56649,0,2422,,5,2156,2392,0.9013377926421404,38,2098,2441,0.8594838181073331,79,80,477026,496,0xacafed5d396a5eb8f9ca9f357a2c1bd6acaabcc0c6202162680cb4ffcede473b,1425,38,2,383,37,218157,428,3,0.0,1.0,1,1,0
0x4169a80b6bb3adf786b49c5ee14eb1dc9b9c50daf334fbb3835e3a01e90e2e7f,1,0xf95bdc9fa11fcab7fe076cad4e4c92eb11ee94d1,0xf91546835f756da0c10cfa0cda95b15577b84aa7,2018-10-07 00:34:47+00:00,1000000,10000000000,416469,50029,57300770000000000,45,,4,2157,2393,0.9013790221479314,38,81,81,1.0,29,187,1096264,497,0x4169a80b6bb3adf786b49c5ee14eb1dc9b9c50daf334fbb3835e3a01e90e2e7f,7,5,1,383,37,218158,4,2,,,1,0,0
0x2d00a8d84b71218a3633c66acffa0f3d0c1c45a4e92a9aa21f6ba57272d653fd,1,0x406fffca2a6d1997b9ef573d67efe74ba786dff1,0xf91546835f756da0c10cfa0cda95b15577b84aa7,2018-10-07 00:39:09+00:00,1000000,41000000000,471158,46753,0,46,,2,2158,2394,0.9014202172096908,38,49,56,0.875,9,38,227379,498,0x2d00a8d84b71218a3633c66acffa0f3d0c1c45a4e92a9aa21f6ba57272d653fd,1,1,1,384,37,218175,26,2,,,1,0,0
