transaction_hash,trace_involved_amt,from_address,to_address,block_timestamp,gas,gas_price,receipt_cumulative_gas_used,receipt_gas_used,value,nonce,transaction_type,rn,contract_block_involved,contract_tx_count,contract_block_per_tx,contract_main_active_days,sender_block_involved,sender_tx_count,sender_block_per_tx,sender_main_active_days,sender_lifetime_days,sender_lifetime_block,contract_interact,add_feat_hash,sender_tx_count_call_contract,sender_days_call_contract,trace_amt,distinct_sender_in_contract,contract_lifetime_days,contract_lifetime_block,distinct_contract_sender_called,contract_involved_amt,max_breadth,depth,distinct_was_called_in_sample,distinct_sender_call_in_sample,is_sus
0x69272d8c84d67d1da2f6425b339192fa472898dce936f24818fda415c1c1ff3f,6,0x8efab89b497b887cdaa2fb08ff71e4b3827774b2,0x10c509aa9ab291c76c45414e7cdbd375e1d5ace8,2021-12-21 14:18:15+00:00,10000000,52770827300,14328034,190098,0,2,2.0,1,2,2,1.0,1,3,3,1.0,1,0,25,1,0x69272d8c84d67d1da2f6425b339192fa472898dce936f24818fda415c1c1ff3f,2,1,15,1,0,24,1,5,5.0,4.0,2,1,1
0x77862832fef27eb57c919fb67c515fe870a7790b22a6c80e067cf9a1068f521a,2,0x3e738bef54e64be0c99759e0c77d9c72c5a8666e,0x209156e6da73ba9b5e3304fbe3316f511a5acccd,2021-12-08 03:05:20+00:00,234957,98337549796,5814923,153224,0,1420,2.0,129,22,22,1.0,12,1232,1531,0.8047028086218156,126,171,1089589,1,0x77862832fef27eb57c919fb67c515fe870a7790b22a6c80e067cf9a1068f521a,22,12,5,1,164,1044816,136,5,2.0,2.0,1,3,0
0xd9c1dcd63eb69352d4ff0a04b140061d7fa6b7b76c02e4b1e8e3c669ba18cc02,1,0x3e738bef54e64be0c99759e0c77d9c72c5a8666e,0x3a84ad5d16adbe566baa6b3dafe39db3d5e261e5,2021-12-08 03:06:44+00:00,192384,95928952223,10241497,128256,0,1421,2.0,128,12,12,1.0,5,1233,1532,0.8048302872062663,126,171,1089595,1,0xd9c1dcd63eb69352d4ff0a04b140061d7fa6b7b76c02e4b1e8e3c669ba18cc02,1,1,1,2,97,613690,137,2,,,1,0,0
0x5666a6a3d486a01e99d8d43039d541fc196dfce68e9f0a55758c553d720a18d7,3,0x0056bcfe33f5c6dfa62b6d3d3cf5a957429828bb,0xc9f27a50f82571c1c8423a42970613b8dbda14ef,2021-10-26 10:56:55+00:00,287719,80049410538,23093331,185423,0,377,2.0,500,1201,1230,0.9764227642276422,42,392,399,0.9824561403508772,86,201,1295657,1,0x5666a6a3d486a01e99d8d43039d541fc196dfce68e9f0a55758c553d720a18d7,1,1,13,804,54,343899,123,7,5.0,3.0,1,3,0
0x52cb5adf60ab180987b6d508546642e4b505d8cd74fa5c3a44716abc465633da,2,0xc4a0f4cd18c00b7c9df4b3217f98cc587c179132,0xc9f27a50f82571c1c8423a42970613b8dbda14ef,2021-10-26 15:28:46+00:00,140908,121968774673,9537246,93641,0,240,2.0,499,1202,1231,0.976441917140536,42,245,252,0.9722222222222222,81,363,2346868,2,0x52cb5adf60ab180987b6d508546642e4b505d8cd74fa5c3a44716abc465633da,2,2,8,804,54,345111,69,7,4.0,3.0,1,3,0
0xcdeed8874c95ed0987b70e09115bb75a3cfd7bcd74440ce48c9b7f9695b0dec8,3,0xe905fceb934d98c75022fda23b491ddfccd47f83,0xc9f27a50f82571c1c8423a42970613b8dbda14ef,2021-10-26 16:41:32+00:00,287665,121415514887,6580000,185387,0,117,2.0,498,1203,1232,0.976461038961039,42,121,126,0.9603174603174603,30,214,1379029,3,0xcdeed8874c95ed0987b70e09115bb75a3cfd7bcd74440ce48c9b7f9695b0dec8,1,1,13,805,54,345446,47,7,5.0,3.0,1,3,0
0x632b11d74b9c9eff0ef7841547fccbd0fb52bf5f26e480d5fa8bddf018e16d18,2,0x676f3d2c9f5776e09d23986adc6684fb41e9000e,0xc9f27a50f82571c1c8423a42970613b8dbda14ef,2021-10-26 19:17:56+00:00,166540,141804460265,662883,110729,0,907,2.0,497,1204,1233,0.9764801297648013,42,852,962,0.8856548856548857,201,1366,8501581,4,0x632b11d74b9c9eff0ef7841547fccbd0fb52bf5f26e480d5fa8bddf018e16d18,3,3,8,805,54,346122,209,7,4.0,3.0,1,3,0
0x01a87ae92794aba100058250d55e707de8ae7aac048abf034bdcaeff4edc29d4,2,0x1a9a3f7fddaa14a9edc08b999cbf12209b0e1ab4,0xc9f27a50f82571c1c8423a42970613b8dbda14ef,2021-10-26 20:17:56+00:00,140926,233918748477,5623076,88853,0,8,2.0,496,1205,1234,0.9764991896272284,42,14,14,1.0,6,179,1155910,5,0x01a87ae92794aba100058250d55e707de8ae7aac048abf034bdcaeff4edc29d4,2,2,8,805,54,346378,6,7,4.0,3.0,1,3,0
0x9cdb7cad80b4a3a1df45727bd2b94bcfceff98cf2b47511daf3d6fb7530919a4,2,0x2431a0ad8b9d296f08c9516c68301c9cebe20b46,0xc9f27a50f82571c1c8423a42970613b8dbda14ef,2021-10-26 23:56:29+00:00,140944,104290955721,10119587,88865,0,107,2.0,495,1206,1235,0.9765182186234816,42,113,121,0.9338842975206612,34,213,1376174,6,0x9cdb7cad80b4a3a1df45727bd2b94bcfceff98cf2b47511daf3d6fb7530919a4,4,4,8,805,54,347375,27,7,4.0,3.0,1,3,0
0xb3bc48b5a23f7f581f47c561567e2ddd195e77f90fde80e66f7ff81a8bf292b8,3,0x1f50823bd5006cb8ffc95456b25bd55176bc01c7,0xc9f27a50f82571c1c8423a42970613b8dbda14ef,2021-10-27 01:26:19+00:00,250959,140000000000,4302726,165716,0,130,2.0,494,1207,1236,0.9765372168284788,43,153,154,0.9935064935064936,35,75,477106,7,0xb3bc48b5a23f7f581f47c561567e2ddd195e77f90fde80e66f7ff81a8bf292b8,1,1,6,806,55,347759,48,4,4.0,1.0,1,2,0
0x31903f677d310eabde3e26ad82c1c1b96a390218c4ef50b519ce9f875abd495d,2,0x1f50823bd5006cb8ffc95456b25bd55176bc01c7,0xc9f27a50f82571c1c8423a42970613b8dbda14ef,2021-10-27 01:31:28+00:00,140926,120726986782,24732018,88853,0,131,2.0,493,1208,1237,0.9765561843168956,43,154,155,0.993548387096774,35,75,477130,8,0x31903f677d310eabde3e26ad82c1c1b96a390218c4ef50b519ce9f875abd495d,2,1,8,806,55,347783,48,7,4.0,3.0,1,3,0
0x0597562e652b34510854c80a45e05c74ca0100dd982af6c06b95362a914d5740,2,0x5614c3f40dab746fe0ed13fe9f3d00b6578e2dac,0xc9f27a50f82571c1c8423a42970613b8dbda14ef,2021-10-27 07:41:21+00:00,140926,106870239178,3442525,88853,0,339,2.0,492,1209,1238,0.9765751211631664,43,356,368,0.967391304347826,75,358,2315501,9,0x0597562e652b34510854c80a45e05c74ca0100dd982af6c06b95362a914d5740,4,3,8,806,55,349449,70,7,4.0,3.0,1,3,0
0x84f05a1d330f205e640bf7fb1c4ebf32b9a7dfe89d6dffa6b66547941179cc64,2,0x61001ea449d2e8dba71f6f2e53458605c04aecc6,0xc9f27a50f82571c1c8423a42970613b8dbda14ef,2021-10-27 08:22:23+00:00,140926,260581036511,6247553,88853,0,467,2.0,491,1210,1239,0.976594027441485,43,478,483,0.989648033126294,95,188,1205259,10,0x84f05a1d330f205e640bf7fb1c4ebf32b9a7dfe89d6dffa6b66547941179cc64,6,4,8,806,55,349627,38,7,4.0,3.0,1,3,0
0xd4ff7375bef8620c502c08f97b9842d5aa6a2a368213106bb86391eac85d26c9,2,0x89e648d36d3d67c4e9b70113308a968accbe7ee9,0xc9f27a50f82571c1c8423a42970613b8dbda14ef,2021-10-27 09:55:15+00:00,166540,132928102933,26465067,110729,0,448,2.0,490,1211,1240,0.9766129032258064,43,461,465,0.9913978494623656,79,212,1363766,11,0xd4ff7375bef8620c502c08f97b9842d5aa6a2a368213106bb86391eac85d26c9,2,2,8,806,55,350046,68,7,4.0,3.0,1,3,0
0x679569dde6d95e6cf49ef33947186a6c7e44d3fb23726921bf4f107a23b5150b,3,0xb8a9b01c09a86ec8d64839ff12da620ee4a86f83,0xc9f27a50f82571c1c8423a42970613b8dbda14ef,2021-10-27 12:00:22+00:00,126840,126026274169,29285122,84263,0,48,2.0,489,1212,1241,0.9766317485898468,43,55,57,0.9649122807017544,17,21,133200,12,0x679569dde6d95e6cf49ef33947186a6c7e44d3fb23726921bf4f107a23b5150b,5,5,6,806,55,350569,18,4,4.0,1.0,1,2,0
0x45bac3a2b7644741a8a48960bfdcfc01f4d3f0fdb91b763fc46c809e3bf83593,2,0xb8a9b01c09a86ec8d64839ff12da620ee4a86f83,0xc9f27a50f82571c1c8423a42970613b8dbda14ef,2021-10-27 21:42:58+00:00,140944,171007971530,18767483,88865,0,49,2.0,488,1213,1242,0.9766505636070852,43,56,58,0.9655172413793104,17,21,135789,13,0x45bac3a2b7644741a8a48960bfdcfc01f4d3f0fdb91b763fc46c809e3bf83593,6,5,8,806,55,353158,18,7,4.0,3.0,1,3,0
0x1a3d06704874a9a4589101470c18167ae9f7355462961b2734d0e4edf677d616,2,0xa00f0ca22e3d6dda88a889b163056e30dd6ffa2e,0xc9f27a50f82571c1c8423a42970613b8dbda14ef,2021-10-27 22:52:24+00:00,140944,223412949151,7214714,88865,0,114,2.0,487,1214,1243,0.9766693483507642,43,121,127,0.952755905511811,18,169,1086406,14,0x1a3d06704874a9a4589101470c18167ae9f7355462961b2734d0e4edf677d616,2,2,8,806,55,353450,13,7,4.0,3.0,1,3,0
0x9db471dce3d02329dc7174f81c6aa7e50822ca60b1e452072db6693b0726ead6,2,0xed0253992f139de9426586193a5a5c8102da38b0,0xc9f27a50f82571c1c8423a42970613b8dbda14ef,2021-10-28 05:33:53+00:00,140890,130896000246,9204501,93629,0,62,2.0,486,1215,1244,0.9766881028938906,44,89,94,0.9468085106382979,27,271,1744311,15,0x9db471dce3d02329dc7174f81c6aa7e50822ca60b1e452072db6693b0726ead6,4,3,8,806,56,355190,25,7,4.0,3.0,1,3,0
0xd0616ba0cd2c67a785e50b623cb6248cdb1af173327827286404689af7e6904b,2,0x838a7562f78b8e47b28f9105db62078e5f41a078,0xc9f27a50f82571c1c8423a42970613b8dbda14ef,2021-10-28 06:32:31+00:00,140926,159837992727,923450,88853,0,264,2.0,485,1216,1245,0.976706827309237,44,270,298,0.9060402684563758,71,269,1736789,16,0xd0616ba0cd2c67a785e50b623cb6248cdb1af173327827286404689af7e6904b,3,2,8,806,56,355440,77,7,4.0,3.0,1,3,0
0xa253bc9aa1d90492275ef6b4cdc52fc1fd2d678430c59a703e91f911c6ff6cbf,2,0xc21fba357e5d7d57be0926fad7f7ed0e462b6b6c,0xc9f27a50f82571c1c8423a42970613b8dbda14ef,2021-10-28 07:43:25+00:00,140944,112151852846,8443393,88865,0,93,2.0,484,1217,1246,0.976725521669342,44,107,108,0.9907407407407408,52,372,2405955,17,0xa253bc9aa1d90492275ef6b4cdc52fc1fd2d678430c59a703e91f911c6ff6cbf,2,2,8,806,56,355722,43,7,4.0,3.0,1,3,0
0x0e0c79dd3036bf86267dafa63f9412ff3c358e93e0aaa093360a452068ebf379,2,0x70e09792e94b04cdb76abf7aa24781dcb4d37e2e,0xc9f27a50f82571c1c8423a42970613b8dbda14ef,2021-10-28 10:44:02+00:00,140908,131058161744,4935849,93641,0,261,2.0,483,1218,1247,0.9767441860465116,44,265,276,0.960144927536232,70,451,2919571,18,0x0e0c79dd3036bf86267dafa63f9412ff3c358e93e0aaa093360a452068ebf379,2,2,8,806,56,356562,84,7,4.0,3.0,1,3,0
0xbbaa78f345a765447aae81c40f0a71c3358dc17d87f89fb0396ec9aac8abc222,2,0x473bbc06d7fdb7713d1ed334f8d8096cad6ec3f3,0xc9f27a50f82571c1c8423a42970613b8dbda14ef,2021-10-28 13:34:47+00:00,140890,135070993550,21332258,93629,0,3149,2.0,482,1219,1248,0.9767628205128204,44,3003,3200,0.9384375,245,553,3575391,19,0xbbaa78f345a765447aae81c40f0a71c3358dc17d87f89fb0396ec9aac8abc222,2,2,8,806,56,357355,444,7,4.0,3.0,1,3,0
0x212a43ab721359bd82f9e19f838768c18cbc4fc9655417797906b0ad4afffb85,3,0x5614c3f40dab746fe0ed13fe9f3d00b6578e2dac,0xc9f27a50f82571c1c8423a42970613b8dbda14ef,2021-10-28 16:44:02+00:00,152878,230961409302,10052120,101351,0,345,2.0,481,1220,1249,0.976781425140112,44,363,375,0.968,76,359,2324253,20,0x212a43ab721359bd82f9e19f838768c18cbc4fc9655417797906b0ad4afffb85,5,4,6,806,56,358201,71,4,4.0,1.0,1,2,0
0xe53ecb61169de1ce1ba67c5156f7b50d466e2e31cd4f79f4819837298f12f7d9,2,0xb52f4ad9bd8815def9886a16ab495286cec2c376,0xc9f27a50f82571c1c8423a42970613b8dbda14ef,2021-10-28 22:44:33+00:00,140926,152488248006,13655580,88853,0,39,2.0,480,1221,1250,0.9768,44,45,45,1.0,23,94,605663,21,0xe53ecb61169de1ce1ba67c5156f7b50d466e2e31cd4f79f4819837298f12f7d9,2,2,8,806,56,359787,19,7,4.0,3.0,1,3,0
0x372a81e579381f21df8f01c93b6ce98f2d7b943d4bf6485d4d9e517c37f1f09a,3,0x8aad2005b207b6abd3065b10ef1b8c1df1dd100b,0xc9f27a50f82571c1c8423a42970613b8dbda14ef,2021-10-29 01:51:52+00:00,287719,154984560120,13779234,185423,0,616,2.0,479,1222,1251,0.9768185451638688,45,620,633,0.9794628751974724,191,657,4247455,22,0x372a81e579381f21df8f01c93b6ce98f2d7b943d4bf6485d4d9e517c37f1f09a,1,1,13,807,57,360629,149,7,5.0,3.0,1,3,0
0x2685c4dabcf8052c0e853321dd3276d7c655344e05f7e434dd6a0c215db8659f,2,0x2c4fe365db09ad149d9caec5fd9a42f60a0cf1a3,0xc9f27a50f82571c1c8423a42970613b8dbda14ef,2021-10-29 01:59:16+00:00,166576,162665630583,12058920,105953,0,449,2.0,478,1223,1252,0.9768370607028752,45,469,483,0.9710144927536232,104,210,1348859,23,0x2685c4dabcf8052c0e853321dd3276d7c655344e05f7e434dd6a0c215db8659f,3,3,8,807,57,360662,84,7,4.0,3.0,1,3,0
0xe38999ad6235445bc26982635fe574befe3e2a4f89ae4d4cec14ed7d39fc5d78,2,0x8aad2005b207b6abd3065b10ef1b8c1df1dd100b,0xc9f27a50f82571c1c8423a42970613b8dbda14ef,2021-10-29 02:09:09+00:00,140944,185400386614,26231820,88865,0,617,2.0,477,1224,1253,0.9768555466879488,45,621,634,0.9794952681388012,191,657,4247530,24,0xe38999ad6235445bc26982635fe574befe3e2a4f89ae4d4cec14ed7d39fc5d78,2,1,8,807,57,360704,149,7,4.0,3.0,1,3,0
0x08ea9dd463e8e1745103b5c9bf5715d2010fa56e61a79f69ea9660372da377fa,2,0x5dd020b1b6e90d49d3350061393a0f555f1bfa0d,0xc9f27a50f82571c1c8423a42970613b8dbda14ef,2021-10-29 04:48:53+00:00,140908,136393552221,9389203,88841,0,119,2.0,476,1225,1254,0.9768740031897926,45,871,872,0.9988532110091743,329,1332,8296284,25,0x08ea9dd463e8e1745103b5c9bf5715d2010fa56e61a79f69ea9660372da377fa,2,2,8,807,57,361417,54,7,4.0,3.0,1,3,0
0xfb1c8faf8f2a355f0bfba8275108d0dd9bbfb0902df2a8dd5b43093c5cdf2ba2,2,0x7026cf6f800cee5aaeddcd09bd7c32d6955df7ac,0xc9f27a50f82571c1c8423a42970613b8dbda14ef,2021-10-29 08:42:34+00:00,140926,158262569581,3966052,88853,0,97,2.0,475,1226,1255,0.9768924302788844,45,103,104,0.9903846153846154,29,174,1115971,26,0xfb1c8faf8f2a355f0bfba8275108d0dd9bbfb0902df2a8dd5b43093c5cdf2ba2,2,2,8,807,57,362410,37,7,4.0,3.0,1,3,0
0xe926bae8dc4f00ee6875398ac3fc26fa4fff3af3d2241d98b154d0dd8ce9df11,2,0xf869842bdc723204a63547c1d293722e0f633cbf,0xc9f27a50f82571c1c8423a42970613b8dbda14ef,2021-10-29 13:47:21+00:00,140944,201871328191,2385045,88865,0,1609,,474,1227,1256,0.9769108280254776,45,1478,1664,0.8882211538461539,217,1016,6429122,27,0xe926bae8dc4f00ee6875398ac3fc26fa4fff3af3d2241d98b154d0dd8ce9df11,3,3,8,807,57,363742,220,7,4.0,3.0,1,3,0
0x4bf3ecd096ba20c7622d3fd41d4db714b9abad54d9d23dec7d0155e00b42de38,3,0xa862ad3b430bb441c061ae8965c2df56559b3d2e,0xc9f27a50f82571c1c8423a42970613b8dbda14ef,2021-10-29 16:48:03+00:00,126840,260458046991,7561297,84263,0,265,2.0,473,1228,1257,0.976929196499602,45,278,291,0.9553264604810996,79,882,5643980,28,0x4bf3ecd096ba20c7622d3fd41d4db714b9abad54d9d23dec7d0155e00b42de38,3,3,6,807,57,364480,47,4,4.0,1.0,1,2,0
0x839c314ba7def33bbfb6c08904752a0ecea781388bdd07ca11f1dee32604359e,3,0xbe2bb05814a35c017c4ed79b66c525637930689e,0xc9f27a50f82571c1c8423a42970613b8dbda14ef,2021-10-29 19:49:52+00:00,126822,195465341634,7639344,84251,0,31,2.0,472,1229,1258,0.9769475357710652,45,39,39,1.0,13,67,431981,29,0x839c314ba7def33bbfb6c08904752a0ecea781388bdd07ca11f1dee32604359e,4,3,6,807,57,365340,13,4,4.0,1.0,1,2,0
0x35ff5678987af38e159a51013945a764561914cbc312d66db05f01ed882a06b5,2,0x551e76873aea197309676311fd8548a8408687d9,0xc9f27a50f82571c1c8423a42970613b8dbda14ef,2021-10-30 05:33:52+00:00,166522,165137651752,716700,110717,0,523,2.0,471,1230,1259,0.976965845909452,46,552,583,0.9468267581475128,114,232,1491297,30,0x35ff5678987af38e159a51013945a764561914cbc312d66db05f01ed882a06b5,2,2,8,807,58,367966,113,7,4.0,3.0,1,3,0
0xa54498a26f58227ff64236027b03b1728480add6fcddc8be1488146118a9f26b,3,0xa6d21cf923f5911f8f5db2ae0f5d0dc23b9ce665,0xc9f27a50f82571c1c8423a42970613b8dbda14ef,2021-10-30 09:09:25+00:00,126840,139100858479,2326733,79463,0,441,2.0,470,1231,1260,0.976984126984127,46,501,516,0.9709302325581394,150,427,2763148,31,0xa54498a26f58227ff64236027b03b1728480add6fcddc8be1488146118a9f26b,4,3,6,807,58,368910,90,4,4.0,1.0,1,2,0
0x4205441da6fc162041640745752f0ab1896b6bd9f5928b4ca68430d589b526d2,3,0xb8a9b01c09a86ec8d64839ff12da620ee4a86f83,0xc9f27a50f82571c1c8423a42970613b8dbda14ef,2021-10-30 11:23:59+00:00,152896,124598441493,342834,101363,0,60,2.0,469,1232,1261,0.9770023790642348,46,68,70,0.9714285714285714,19,24,152133,32,0x4205441da6fc162041640745752f0ab1896b6bd9f5928b4ca68430d589b526d2,7,6,6,807,58,369502,20,4,4.0,1.0,1,2,0
0x4befa1aa95a73a04e24333fb2232ab3b536d005023b26dcef06d85d898157ea1,2,0x70cd1e5abd2714ce7abc3a4cfe82700c203c9bb4,0xc9f27a50f82571c1c8423a42970613b8dbda14ef,2021-10-30 15:46:15+00:00,166576,159770296496,3292143,105953,0,46,2.0,468,1233,1262,0.9770206022187004,46,50,52,0.9615384615384616,16,219,1412320,33,0x4befa1aa95a73a04e24333fb2232ab3b536d005023b26dcef06d85d898157ea1,4,4,8,807,58,370653,21,7,4.0,3.0,1,3,0
0xce94d47321d5529d3c03a33011e0f9d6d114aa60893bb2450691ff9f6f22da44,2,0x70cd1e5abd2714ce7abc3a4cfe82700c203c9bb4,0xc9f27a50f82571c1c8423a42970613b8dbda14ef,2021-10-30 15:46:21+00:00,166576,145247316072,18765011,86140,0,47,2.0,467,1234,1263,0.9770387965162312,46,51,53,0.9622641509433962,16,219,1412321,34,0xce94d47321d5529d3c03a33011e0f9d6d114aa60893bb2450691ff9f6f22da44,5,4,8,807,58,370654,21,7,4.0,3.0,1,3,0
0x75102af0e8bad7fcc93cb07e09d8fad9a7b74f6bc3efa51692601d2b52b2e5d7,3,0x128b5aec9a39149935c0de26e7c97b0e3f19b0fc,0xc9f27a50f82571c1c8423a42970613b8dbda14ef,2021-10-30 20:36:45+00:00,126840,163309028751,5848868,84263,0,69,2.0,466,1235,1264,0.9770569620253164,46,77,77,1.0,21,49,315885,35,0x75102af0e8bad7fcc93cb07e09d8fad9a7b74f6bc3efa51692601d2b52b2e5d7,3,3,6,807,58,371949,15,4,4.0,1.0,1,2,0
0x71e80c0324d20bb43248c9f88f8b6ed8650b1ec4a7306d316a5ac61ba2645593,3,0x906f252d6413bef83db6b62eb0ffb2fe951fd87a,0xc9f27a50f82571c1c8423a42970613b8dbda14ef,2021-10-30 21:13:38+00:00,250959,159228831985,17925340,165716,0,48,2.0,465,1236,1265,0.9770750988142292,46,50,55,0.909090909090909,22,278,1799088,36,0x71e80c0324d20bb43248c9f88f8b6ed8650b1ec4a7306d316a5ac61ba2645593,1,1,6,808,58,372115,19,4,4.0,1.0,1,2,0
0x868c41ab89b638f9deae815c519dc9b82befce1f5bdc2e3c405f039e5553c6c9,3,0x2f6f552ef1462035452a74d94cc0a970083a863f,0xc9f27a50f82571c1c8423a42970613b8dbda14ef,2021-10-30 22:16:41+00:00,126822,194635578683,5174080,84251,0,132,,464,1237,1266,0.9770932069510267,46,165,167,0.9880239520958084,40,92,592814,37,0x868c41ab89b638f9deae815c519dc9b82befce1f5bdc2e3c405f039e5553c6c9,3,3,6,808,58,372379,34,4,4.0,1.0,1,2,0
0xc11a1a1e9ee232be1a9de1bb9469c4a88e796bff5d2309b4ad4c843b1e6584da,3,0x84af43c4ee1650a426f73a63f10e1018145dc806,0xc9f27a50f82571c1c8423a42970613b8dbda14ef,2021-10-31 00:40:06+00:00,250941,130154816068,16416418,165704,0,25,,462,1238,1268,0.9763406940063092,47,32,36,0.8888888888888888,8,11,65759,38,0xc11a1a1e9ee232be1a9de1bb9469c4a88e796bff5d2309b4ad4c843b1e6584da,2,1,6,809,59,373026,11,4,4.0,1.0,1,2,0
0x92be8063d9ba51a59298b0987bf8458c37b48acacdc2cbeb2547d41c8709fbdd,2,0x84af43c4ee1650a426f73a63f10e1018145dc806,0xc9f27a50f82571c1c8423a42970613b8dbda14ef,2021-10-31 00:40:06+00:00,250941,131183193696,16459909,43491,0,26,,463,1238,1268,0.9763406940063092,47,32,36,0.8888888888888888,8,11,65759,39,0x92be8063d9ba51a59298b0987bf8458c37b48acacdc2cbeb2547d41c8709fbdd,2,1,5,809,59,373026,11,4,3.0,1.0,1,2,0
0x400fda861c935e60b30d6dca774f335a61fde20a192b53c03374caf06687df90,2,0x587fbe613c3cc991455f0ea531ff6006c0b8fd51,0xc9f27a50f82571c1c8423a42970613b8dbda14ef,2021-10-31 09:07:36+00:00,166522,118015845619,6358860,110717,0,415,2.0,461,1239,1269,0.9763593380614656,47,415,424,0.9787735849056604,76,451,2917892,40,0x400fda861c935e60b30d6dca774f335a61fde20a192b53c03374caf06687df90,6,6,8,809,59,375233,57,7,4.0,3.0,1,3,0
0x8f28ebbee4b2a21dac3395eed1213aca4db9b938e2c05fbbf84605ee16808964,3,0xa2f712029f8516a48a201d890df8cfaf717aa963,0xc9f27a50f82571c1c8423a42970613b8dbda14ef,2021-10-31 09:30:18+00:00,287701,127000000000,19932044,185411,0,5,,460,1240,1270,0.9763779527559056,47,9,9,1.0,3,179,1150784,41,0x8f28ebbee4b2a21dac3395eed1213aca4db9b938e2c05fbbf84605ee16808964,1,1,13,810,59,375338,5,7,5.0,3.0,1,3,0
0xd3620788a977262f7364f77f72195271c63240126d22712276eacfc3c7fcbe15,2,0xe5a8186bf286f11f69bfae205ed2005bdeeca797,0xc9f27a50f82571c1c8423a42970613b8dbda14ef,2021-10-31 12:52:22+00:00,166558,131996135714,13619711,105941,0,282,2.0,459,1241,1271,0.97639653815893,47,297,329,0.9027355623100304,77,1414,8778871,42,0xd3620788a977262f7364f77f72195271c63240126d22712276eacfc3c7fcbe15,2,2,8,810,59,376201,97,7,4.0,3.0,1,3,0
0x08e6cf97f325c24e14cbd5475f0d42ddd10e4327f89d267109bc7fb35b0a664d,2,0x5a825c64df9dee1e35fe9041ca8d69509414c4a7,0xc9f27a50f82571c1c8423a42970613b8dbda14ef,2021-10-31 16:16:44+00:00,166540,137724479738,22669659,110729,0,1676,2.0,458,1242,1272,0.9764150943396224,47,1691,1760,0.9607954545454545,353,1297,8090827,43,0x08e6cf97f325c24e14cbd5475f0d42ddd10e4327f89d267109bc7fb35b0a664d,11,8,8,810,59,377135,320,7,4.0,3.0,1,3,0
0x2f59b0538d0c5e128b6898569d740bd95f3f8953d1087e0201ae2aa3c18d599d,3,0xfc15e7ef48a4224a85798551cc7b39dfbc93ad1e,0xc9f27a50f82571c1c8423a42970613b8dbda14ef,2021-10-31 17:16:54+00:00,287701,131000000000,3479053,185411,0,1167,2.0,457,1243,1273,0.97643362136685,47,1122,1210,0.9272727272727272,216,691,4444601,44,0x2f59b0538d0c5e128b6898569d740bd95f3f8953d1087e0201ae2aa3c18d599d,1,1,13,811,59,377398,259,7,5.0,3.0,1,3,0
0x53ebc569bb4fb4db23270aa80ff251353881c87bd03931f19173d8356130715e,3,0xad492e78ea607f1ccf1cefaa7ee37871932b1d02,0xc9f27a50f82571c1c8423a42970613b8dbda14ef,2021-11-01 00:11:17+00:00,287719,170575282347,2135025,185423,0,1012,,456,1244,1274,0.976452119309262,48,1056,1084,0.974169741697417,191,1605,9679980,45,0x53ebc569bb4fb4db23270aa80ff251353881c87bd03931f19173d8356130715e,1,1,13,812,60,379225,211,7,5.0,3.0,1,3,0
0x329f81c089b3a31c6f9a7f3408252da81506786fa285e86d858f3e0c0bd0a5e2,2,0x5a825c64df9dee1e35fe9041ca8d69509414c4a7,0xc9f27a50f82571c1c8423a42970613b8dbda14ef,2021-11-01 00:46:36+00:00,166540,110861693592,4316257,110729,0,1685,2.0,455,1245,1275,0.976470588235294,48,1700,1769,0.9609949123798756,354,1298,8093070,46,0x329f81c089b3a31c6f9a7f3408252da81506786fa285e86d858f3e0c0bd0a5e2,12,9,8,812,60,379378,320,7,4.0,3.0,1,3,0
0x9004fe70920fe69cc8458843ee0bad04a0edae4532037a68c698f28988617e78,2,0x34eaa50893e3c0d10e4fa6bed8ca70aae5ba5f0c,0xc9f27a50f82571c1c8423a42970613b8dbda14ef,2021-11-01 05:07:55+00:00,140944,130223959883,3492386,88865,0,27,2.0,454,1246,1276,0.976489028213166,48,30,31,0.967741935483871,10,304,1961899,47,0x9004fe70920fe69cc8458843ee0bad04a0edae4532037a68c698f28988617e78,2,2,8,812,60,380583,17,7,4.0,3.0,1,3,0
0x8c68c2bcb24e50be76aabb2b13abb842f4b0e330e06d09c2c11e760d7d839a8d,2,0xed0253992f139de9426586193a5a5c8102da38b0,0xc9f27a50f82571c1c8423a42970613b8dbda14ef,2021-11-01 06:14:30+00:00,166594,99566214828,13153631,105965,0,75,2.0,453,1247,1278,0.9757433489827856,48,109,115,0.9478260869565216,30,275,1770011,48,0x8c68c2bcb24e50be76aabb2b13abb842f4b0e330e06d09c2c11e760d7d839a8d,6,4,8,812,60,380890,30,7,4.0,3.0,1,3,0
0xfef8d21fd646e2094030752ea493494066ef09788e05848d703ee3a7ce7a9a18,2,0xed0253992f139de9426586193a5a5c8102da38b0,0xc9f27a50f82571c1c8423a42970613b8dbda14ef,2021-11-01 06:14:30+00:00,166594,111811926269,13239783,86152,0,76,2.0,452,1247,1278,0.9757433489827856,48,109,115,0.9478260869565216,30,275,1770011,49,0xfef8d21fd646e2094030752ea493494066ef09788e05848d703ee3a7ce7a9a18,6,4,8,812,60,380890,30,7,4.0,3.0,1,3,0
0x531d472aeea136d5ac9627f74b1738502a19cecb9ff59c60e8b0a53bbd27489f,2,0x5455108fd39520dfb63bab4040f4ee362e135392,0xc9f27a50f82571c1c8423a42970613b8dbda14ef,2021-11-01 08:51:06+00:00,140944,152548179879,3044874,88865,0,325,2.0,451,1248,1279,0.9757623143080532,48,353,354,0.9971751412429378,105,302,1950517,50,0x531d472aeea136d5ac9627f74b1738502a19cecb9ff59c60e8b0a53bbd27489f,2,2,8,812,60,381556,88,7,4.0,3.0,1,3,0
0xa2b86776c17fb8a0a47d8103a9260f793f3defa8d01b29de8752b7e1762b5909,2,0xd6f339332204054c927ed4ee72110e560cc2beb8,0xc9f27a50f82571c1c8423a42970613b8dbda14ef,2021-11-01 09:43:25+00:00,166540,126122635671,24612927,110729,0,1613,2.0,450,1249,1280,0.97578125,48,1607,1672,0.9611244019138756,199,332,2145752,51,0xa2b86776c17fb8a0a47d8103a9260f793f3defa8d01b29de8752b7e1762b5909,4,4,8,812,60,381770,183,7,4.0,3.0,1,3,0
0x3754d9037b86079f53a200e3b288799e01b1fbf24e63e8701062f29a5c4ee360,3,0x6fe7e0c399dfddb13b9615683280a09208d4fd5d,0xc9f27a50f82571c1c8423a42970613b8dbda14ef,2021-11-01 11:53:08+00:00,126822,103459782168,5776644,84251,0,138,,449,1250,1281,0.975800156128025,48,142,143,0.993006993006993,32,54,345398,52,0x3754d9037b86079f53a200e3b288799e01b1fbf24e63e8701062f29a5c4ee360,4,4,6,812,60,382329,43,4,4.0,1.0,1,2,0
0x2eba8ba186ed495f328d83d7ba45060ed6bf9de891837196357c032cbcad43cb,3,0xed0253992f139de9426586193a5a5c8102da38b0,0xc9f27a50f82571c1c8423a42970613b8dbda14ef,2021-11-01 16:54:35+00:00,152896,165860037830,8528859,101363,0,77,2.0,448,1251,1282,0.9758190327613104,48,111,117,0.9487179487179486,30,275,1772766,53,0x2eba8ba186ed495f328d83d7ba45060ed6bf9de891837196357c032cbcad43cb,7,4,6,812,60,383645,30,4,4.0,1.0,1,2,0
0xdce0d40e9431efa56883b9003e4b66ca8040e3fe50b296e48e9ee9fbf41cd62a,3,0x3d127774339a9db809a0bea58526b1c00a744ebd,0xc9f27a50f82571c1c8423a42970613b8dbda14ef,2021-11-01 19:23:09+00:00,284257,163912712794,9619541,178315,0,751,2.0,447,1252,1283,0.9758378799688232,48,762,790,0.9645569620253164,158,402,2598621,54,0xdce0d40e9431efa56883b9003e4b66ca8040e3fe50b296e48e9ee9fbf41cd62a,1,1,12,813,60,384308,203,7,5.0,3.0,1,3,0
0x763826cd6a11909f5bbbf2b84717577fc3a7e70090ee698f66f29e64b845412c,2,0x3d127774339a9db809a0bea58526b1c00a744ebd,0xc9f27a50f82571c1c8423a42970613b8dbda14ef,2021-11-01 19:41:55+00:00,166594,127404788882,7587612,105965,0,752,2.0,446,1253,1284,0.9758566978193146,48,763,791,0.9646017699115044,158,402,2598714,55,0x763826cd6a11909f5bbbf2b84717577fc3a7e70090ee698f66f29e64b845412c,2,1,8,813,60,384401,203,7,4.0,3.0,1,3,0
0x231d853e1f255377d1e012392407718a98190dc02fc15bc176d36b591b64aa55,2,0xb4f66b6fe4f55fbefb11b4f02e7a7e5e35a22714,0xc9f27a50f82571c1c8423a42970613b8dbda14ef,2021-11-01 19:43:39+00:00,140872,136503744621,2780758,93617,0,505,,445,1254,1285,0.9758754863813228,48,496,555,0.8936936936936936,90,628,4065581,56,0x231d853e1f255377d1e012392407718a98190dc02fc15bc176d36b591b64aa55,2,2,8,813,60,384412,168,7,4.0,3.0,1,3,0
0xc31d6bd6cdcb01764d62e5914f1b3dd93f7c3938e9ead346cda7797ab0e2af28,2,0xbbe21151c726f9eec42516524f58d0057261cc8a,0xc9f27a50f82571c1c8423a42970613b8dbda14ef,2021-11-02 03:55:58+00:00,140926,171527053035,2861456,88853,0,1168,2.0,444,1255,1286,0.9758942457231726,49,1223,1235,0.9902834008097164,201,366,2361222,57,0xc31d6bd6cdcb01764d62e5914f1b3dd93f7c3938e9ead346cda7797ab0e2af28,2,2,8,813,61,386652,288,7,4.0,3.0,1,3,0
0x9ea1046bdd3494f6a9e352c697c49966185d4c40ac200628426481f1990eca65,3,0x82cbbff9372f45464e0717a0bdd360bba456c240,0xc9f27a50f82571c1c8423a42970613b8dbda14ef,2021-11-02 05:19:43+00:00,287701,142731498018,9690857,185411,0,211,2.0,443,1256,1287,0.9759129759129758,49,229,239,0.9581589958158996,94,240,1546376,58,0x9ea1046bdd3494f6a9e352c697c49966185d4c40ac200628426481f1990eca65,1,1,13,814,61,387021,63,7,5.0,3.0,1,3,0
0xb01b529eb65e15ab36187c9da86f029df4c038d05c61f297133f3b634d149ca6,3,0x39484152b72796a4dabc1d72e57344572e8f4e94,0xc9f27a50f82571c1c8423a42970613b8dbda14ef,2021-11-02 08:42:33+00:00,287719,147174604643,2240032,185423,0,963,2.0,442,1257,1288,0.9759316770186336,49,978,991,0.9868819374369324,217,1658,9972495,59,0xb01b529eb65e15ab36187c9da86f029df4c038d05c61f297133f3b634d149ca6,1,1,13,815,61,387869,221,7,5.0,3.0,1,3,0
0xe328643d7edfa03a0093670d358a6dbc15968834078c7da443ae1b92c41be624,3,0xc647f8f745a59b74a26d76da7dccc8badf649c32,0xc9f27a50f82571c1c8423a42970613b8dbda14ef,2021-11-02 08:49:43+00:00,126822,120804247043,8704472,84251,0,47,2.0,441,1258,1289,0.9759503491078356,49,51,52,0.9807692307692308,14,56,359877,60,0xe328643d7edfa03a0093670d358a6dbc15968834078c7da443ae1b92c41be624,2,2,6,815,61,387898,20,4,4.0,1.0,1,2,0
0x5cf3e8cef05e3977c443876fdd803e5d7842d2065d0b66b3f700a49d9a4f9327,2,0x5a825c64df9dee1e35fe9041ca8d69509414c4a7,0xc9f27a50f82571c1c8423a42970613b8dbda14ef,2021-11-02 10:44:02+00:00,166540,132778920845,7340417,110729,0,1698,2.0,440,1259,1290,0.975968992248062,49,1713,1782,0.9612794612794612,355,1299,8102064,61,0x5cf3e8cef05e3977c443876fdd803e5d7842d2065d0b66b3f700a49d9a4f9327,13,10,8,815,61,388372,322,7,4.0,3.0,1,3,0
0xe1433642b8f62bac2d902ac252a8e0df2f66f0759bd476a00d23ff45902fec4f,2,0x62f92494bd7131243bc44109182237f0b00225ee,0xc9f27a50f82571c1c8423a42970613b8dbda14ef,2021-11-02 11:41:09+00:00,166558,147523779252,23076709,105941,0,106,2.0,439,1260,1291,0.975987606506584,49,105,114,0.9210526315789472,46,261,1685396,62,0xe1433642b8f62bac2d902ac252a8e0df2f66f0759bd476a00d23ff45902fec4f,2,2,8,815,61,388627,42,7,4.0,3.0,1,3,0
0x0bf17f87146abfbffe24bc2578d5a37f78aea60fe2047576fed5ecee46a0cfef,2,0x2755da7bb6b7a70eae26cccf447682298eac1eb8,0xc9f27a50f82571c1c8423a42970613b8dbda14ef,2021-11-02 20:22:35+00:00,140926,131421877622,17220732,88853,0,576,2.0,438,1261,1292,0.9760061919504645,49,563,593,0.9494097807757166,137,532,3440710,63,0x0bf17f87146abfbffe24bc2578d5a37f78aea60fe2047576fed5ecee46a0cfef,2,2,8,815,61,390941,140,7,4.0,3.0,1,3,0
0x33b97c2e01c4c445604307512715286813d2a29b004fddf30aa91b0ddfa473f3,3,0x0e20f1b901b56c8ac091111ed4ed4f8ba65432a4,0xc9f27a50f82571c1c8423a42970613b8dbda14ef,2021-11-03 06:37:06+00:00,287701,108717670619,13445624,185411,0,144,2.0,437,1262,1293,0.9760247486465584,50,157,158,0.9936708860759492,74,410,2648477,64,0x33b97c2e01c4c445604307512715286813d2a29b004fddf30aa91b0ddfa473f3,1,1,13,816,62,393668,32,7,5.0,3.0,1,3,0
0xc7d9a2fa6291d5bb84e7f56063ea41a526f136744add5ccacb285eb798fd0f93,2,0x8df04d551e3f7f5b03a67de79184bb919a97bbde,0xc9f27a50f82571c1c8423a42970613b8dbda14ef,2021-11-03 07:12:47+00:00,140926,110000000000,28869558,88853,0,5814,2.0,436,1263,1294,0.9760432766615146,50,5680,5935,0.9570345408593092,323,580,3752769,65,0xc7d9a2fa6291d5bb84e7f56063ea41a526f136744add5ccacb285eb798fd0f93,2,2,8,816,62,393807,404,7,4.0,3.0,1,3,0
0x5a6d46744f48e5c44502ed4f542b04ed7301450d86b42671e985c56c681982c2,3,0x6fe7e0c399dfddb13b9615683280a09208d4fd5d,0xc9f27a50f82571c1c8423a42970613b8dbda14ef,2021-11-03 11:42:09+00:00,126822,155997435167,9945782,84251,0,156,,435,1264,1295,0.976061776061776,50,161,162,0.9938271604938272,34,56,358066,66,0x5a6d46744f48e5c44502ed4f542b04ed7301450d86b42671e985c56c681982c2,5,5,6,816,62,394997,46,4,4.0,1.0,1,2,0
0xe68e084b6ef2ffae97e8f006a89c3e110672057b68e7469fc3b92391ca16a5d6,3,0xe4169a135c437b9c7d5606f5b0ea1b3f612e961e,0xc9f27a50f82571c1c8423a42970613b8dbda14ef,2021-11-03 12:55:18+00:00,287683,142602440907,6967496,185399,0,128,2.0,434,1265,1296,0.9760802469135802,50,155,161,0.9627329192546584,65,1606,9688030,67,0xe68e084b6ef2ffae97e8f006a89c3e110672057b68e7469fc3b92391ca16a5d6,1,1,13,817,62,395304,49,7,5.0,3.0,1,3,0
0xa0e60eba71b4fed389dec744ebeb3647a4eaedd3f7a1ba31a9599eae59e21dac,3,0xe4169a135c437b9c7d5606f5b0ea1b3f612e961e,0xc9f27a50f82571c1c8423a42970613b8dbda14ef,2021-11-03 13:27:16+00:00,126822,206301532585,17110184,84251,0,130,2.0,433,1266,1297,0.9760986892829608,50,157,163,0.9631901840490796,65,1606,9688152,68,0xa0e60eba71b4fed389dec744ebeb3647a4eaedd3f7a1ba31a9599eae59e21dac,2,1,6,817,62,395426,49,4,4.0,1.0,1,2,0
0x21b7c64880f97fdd4fb0c206c7ba49eabc2c136a4d1de3ce2d973a3fc258c0a0,3,0x237d0207c0de87d9382b3ba91bd075d370b36eaa,0xc9f27a50f82571c1c8423a42970613b8dbda14ef,2021-11-03 20:52:37+00:00,250959,163575347852,2925386,165716,0,126,2.0,432,1267,1298,0.9761171032357472,50,124,135,0.9185185185185184,37,157,1007722,69,0x21b7c64880f97fdd4fb0c206c7ba49eabc2c136a4d1de3ce2d973a3fc258c0a0,1,1,6,818,62,397493,44,4,4.0,1.0,1,2,0
0x8adacb22e278b7d7da71a24a58d0b80ef24f758e3cda777ad95f230009fbc5a8,2,0x829cc88e8d99d351b3bc683edcccf026e8dbedbb,0xc9f27a50f82571c1c8423a42970613b8dbda14ef,2021-11-04 01:31:31+00:00,140890,126129763691,20829043,93629,0,132,,431,1268,1299,0.9761354888375674,51,146,147,0.9931972789115646,91,1528,9332459,70,0x8adacb22e278b7d7da71a24a58d0b80ef24f758e3cda777ad95f230009fbc5a8,2,2,8,818,63,398681,92,7,4.0,3.0,1,3,0
0x05da68231fb361f230b3834ef590acc53537eef7af528143d486a132b0647974,2,0xbf834943d207e91bb94759cef3ada4c1b78cb378,0xc9f27a50f82571c1c8423a42970613b8dbda14ef,2021-11-04 02:29:05+00:00,140872,134984216776,23295430,93617,0,641,2.0,430,1269,1300,0.976153846153846,51,671,696,0.9640804597701148,145,483,3121079,71,0x05da68231fb361f230b3834ef590acc53537eef7af528143d486a132b0647974,2,2,8,818,63,398908,204,7,4.0,3.0,1,3,0
0x9572f6d739cc843a699cfa7cbbf934df7d4363faaedc97e1179ebf82b60b1cd2,3,0xc50eaaee441566b4ef4f1e3270d19f24223cddf4,0xc9f27a50f82571c1c8423a42970613b8dbda14ef,2021-11-04 03:47:34+00:00,126840,100000000000,25728266,84263,0,6004,,429,1270,1301,0.9761721752498078,51,5569,6146,0.9061178001952488,563,1288,8036443,72,0x9572f6d739cc843a699cfa7cbbf934df7d4363faaedc97e1179ebf82b60b1cd2,3,3,6,818,63,399247,446,4,4.0,1.0,1,2,0
0x89f89dc6941697ed262adc4ef4c9b12f0c97e81f022bf3bfc02833f8841491e6,3,0xf0b14c66ea5036ac75ab58ca5dae0ade5f01712f,0xc9f27a50f82571c1c8423a42970613b8dbda14ef,2021-11-04 07:19:33+00:00,250959,91454620287,14783830,165716,0,108,2.0,428,1271,1302,0.976190476190476,51,123,123,1.0,29,51,322866,73,0x89f89dc6941697ed262adc4ef4c9b12f0c97e81f022bf3bfc02833f8841491e6,1,1,6,819,63,400163,32,4,4.0,1.0,1,2,0
0xae7ad8f728dbb7ad99188a124c1be6d8eebf6d91926f55d18e87400518ca6125,3,0x0b169e800309ff435e95330c877696a6e17af581,0xc9f27a50f82571c1c8423a42970613b8dbda14ef,2021-11-04 08:13:28+00:00,287701,118302112645,14551377,185411,0,108,2.0,427,1272,1303,0.9762087490406752,51,112,114,0.9824561403508772,33,1432,8879011,74,0xae7ad8f728dbb7ad99188a124c1be6d8eebf6d91926f55d18e87400518ca6125,1,1,13,820,63,400392,25,7,5.0,3.0,1,3,0
0x2ee566785f17246ba26be7f0b757afdd2d45fe1c60fb446f86c35952bceb49dd,3,0xb034088b673c8769ffa08a50a1ba396411314ca7,0xc9f27a50f82571c1c8423a42970613b8dbda14ef,2021-11-04 09:07:13+00:00,287701,82508619387,17125563,185411,0,34,2.0,426,1273,1304,0.9762269938650306,51,39,40,0.975,22,628,4060811,75,0x2ee566785f17246ba26be7f0b757afdd2d45fe1c60fb446f86c35952bceb49dd,1,1,13,821,63,400659,22,7,5.0,3.0,1,3,0
0x844db7b12c1e29dbd33a076ad3009b89b937ab9d177040dfd8d0e40511c5004c,2,0xf2774e996416c56b516f17e9cbe2b848d08d4bbf,0xc9f27a50f82571c1c8423a42970613b8dbda14ef,2021-11-04 11:45:12+00:00,140908,149285315900,3232976,93641,0,206,,425,1274,1305,0.9762452107279692,51,214,220,0.9727272727272728,62,209,1343915,76,0x844db7b12c1e29dbd33a076ad3009b89b937ab9d177040dfd8d0e40511c5004c,2,2,8,821,63,401331,69,7,4.0,3.0,1,3,0
0xcd4104a27b71d14394ec2833b397aeb4ed5bf9960ccbf84eb9882a510dbad957,3,0x68de0f84083a755b11f0facee750465bbede2950,0xc9f27a50f82571c1c8423a42970613b8dbda14ef,2021-11-04 17:38:32+00:00,250959,134171682390,4124680,165716,0,21,2.0,424,1275,1306,0.9762633996937212,51,23,25,0.92,7,82,531636,77,0xcd4104a27b71d14394ec2833b397aeb4ed5bf9960ccbf84eb9882a510dbad957,1,1,6,822,63,402917,8,4,4.0,1.0,1,2,0
0x23c7c1a1b2e9c8e399c8fd1d596cd521882685d1b125674661b43fd1dd131ab0,2,0x1f35ff05b1190bf56c0d9f191815f299e5e90472,0xc9f27a50f82571c1c8423a42970613b8dbda14ef,2021-11-05 03:49:39+00:00,103332,114137042593,12793073,93641,0,38,,423,1276,1307,0.9762815608263196,52,50,51,0.980392156862745,19,461,2979566,78,0x23c7c1a1b2e9c8e399c8fd1d596cd521882685d1b125674661b43fd1dd131ab0,2,2,8,822,64,405599,13,7,4.0,3.0,1,3,0
0xc3034da5475c862dc7d0625989ea081aa9748bd260df126aa09edde76f9079ad,3,0x0d22d39d6c229c8eff0007b163b10b04d4de42ca,0xc9f27a50f82571c1c8423a42970613b8dbda14ef,2021-11-05 05:32:40+00:00,284239,89678543541,10797160,183103,0,62,2.0,422,1277,1308,0.9762996941896024,52,77,80,0.9625,29,299,1930370,79,0xc3034da5475c862dc7d0625989ea081aa9748bd260df126aa09edde76f9079ad,1,1,12,823,64,406080,33,7,5.0,3.0,1,3,0
0xaaec73bcf23117942a58762bf5688e2360b237d43c1710a0e27317f3823003ee,3,0x041d5bbef8e348852dbaf630eaff84b28c8a962b,0xc9f27a50f82571c1c8423a42970613b8dbda14ef,2021-11-05 07:44:37+00:00,284221,97080718602,9266993,183091,0,122,2.0,421,1278,1309,0.9763177998472116,52,151,160,0.94375,54,416,2685802,80,0xaaec73bcf23117942a58762bf5688e2360b237d43c1710a0e27317f3823003ee,1,1,12,824,64,406667,34,7,5.0,3.0,1,3,0
0xf9358ccf1c6a99365610381c3dfed47e0435a053e25cbb4e72f1c5aec9bb7273,2,0x79c4213a328e3b4f1d87b4953c14759399db25e2,0xc9f27a50f82571c1c8423a42970613b8dbda14ef,2021-11-05 08:29:42+00:00,140944,109345440073,10502613,88865,0,2152,2.0,420,1279,1310,0.9763358778625953,52,2115,2183,0.9688502061383416,435,964,6167148,81,0xf9358ccf1c6a99365610381c3dfed47e0435a053e25cbb4e72f1c5aec9bb7273,2,2,8,824,64,406867,501,7,4.0,3.0,1,3,0
0xd20e790ab3f00c3f596e975449049e92087c9d8f883c4c83518e42aea9ee5174,3,0xe9eea3829349eeb1c1a27437446ca85c11280463,0xc9f27a50f82571c1c8423a42970613b8dbda14ef,2021-11-05 08:44:37+00:00,284239,102315669228,24451539,183103,0,530,2.0,419,1280,1311,0.9763539282990084,52,527,545,0.96697247706422,56,378,2443478,82,0xd20e790ab3f00c3f596e975449049e92087c9d8f883c4c83518e42aea9ee5174,1,1,12,825,64,406919,87,7,5.0,3.0,1,3,0
0x4e01fbe1195c57ca7a7fd191fe766438150edcbc415a7512a5ea29fcccbf092b,2,0x6f5416d56b7f67a6ecf48fc1899f8a1cad07eb55,0xc9f27a50f82571c1c8423a42970613b8dbda14ef,2021-11-05 09:56:50+00:00,140926,87864267083,23169601,88853,0,108,2.0,418,1281,1312,0.976371951219512,52,106,111,0.954954954954955,25,224,1438167,83,0x4e01fbe1195c57ca7a7fd191fe766438150edcbc415a7512a5ea29fcccbf092b,2,2,8,825,64,407241,38,7,4.0,3.0,1,3,0
0x85697d459fddae269521d151a3722d3c443a0ea4e09c89a84ee836383c6ae486,3,0x2f7949779e18c18298c2f253e34f9355403a5c4e,0xc9f27a50f82571c1c8423a42970613b8dbda14ef,2021-11-05 11:10:52+00:00,250977,92555080867,10625082,165728,0,306,2.0,417,1282,1313,0.9763899466869764,52,308,312,0.9871794871794872,76,196,1260216,84,0x85697d459fddae269521d151a3722d3c443a0ea4e09c89a84ee836383c6ae486,1,1,6,826,64,407555,122,4,4.0,1.0,1,2,0
0xb2b29929978d7c0accf9141c343d39d284a8730b75a902386ec56aadfb43722c,3,0x26704535531ca6bd8aa22759c88702d2c9a56494,0xc9f27a50f82571c1c8423a42970613b8dbda14ef,2021-11-05 15:25:58+00:00,250995,179706643378,6405619,165740,0,20,2.0,416,1283,1314,0.9764079147640792,52,20,22,0.909090909090909,9,181,1160696,85,0xb2b29929978d7c0accf9141c343d39d284a8730b75a902386ec56aadfb43722c,1,1,6,827,64,408683,13,4,4.0,1.0,1,2,0
0xaae6329abe0d670462924064e4ff468cebe7e4756c074e882258156265bcb85c,3,0x012e168acb9fdc90a4ed9fd6ca2834d9bf5b579e,0xc9f27a50f82571c1c8423a42970613b8dbda14ef,2021-11-05 19:48:51+00:00,287719,116872585039,5926775,185423,0,693,,415,1284,1315,0.976425855513308,52,624,712,0.8764044943820225,130,743,4757862,86,0xaae6329abe0d670462924064e4ff468cebe7e4756c074e882258156265bcb85c,1,1,13,828,64,409880,159,7,5.0,3.0,1,3,0
0xceeab6c6c27cc0b30e36f252e0cc205974ed0f993fa21ddbce718f51b1976792,3,0x923a227366e0e3505af7faf523e35a90611034f1,0xc9f27a50f82571c1c8423a42970613b8dbda14ef,2021-11-06 03:25:15+00:00,250977,107970212948,6425339,165728,0,20,,414,1285,1316,0.9764437689969604,53,24,24,1.0,9,71,452266,87,0xceeab6c6c27cc0b30e36f252e0cc205974ed0f993fa21ddbce718f51b1976792,1,1,6,829,65,411910,11,4,4.0,1.0,1,2,0
0xa9732211cb61894b1a4d0fe0b75acaea3a2b812499231c68c7407e728955f7da,3,0x4abc33cf81e0d21f42168d044f7002edd6b80b09,0xc9f27a50f82571c1c8423a42970613b8dbda14ef,2021-11-06 05:41:06+00:00,287701,91569841149,8551478,185411,0,962,2.0,413,1286,1317,0.976461655277145,53,956,1022,0.9354207436399216,179,496,3208749,88,0xa9732211cb61894b1a4d0fe0b75acaea3a2b812499231c68c7407e728955f7da,1,1,13,830,65,412543,280,7,5.0,3.0,1,3,0
0x837bdf577505ca7c5ae788807b46064e7f217b74e7ae47b68b8ebc092993d1d9,3,0x4e940b46ca0eba37c84e9d8094c5815539559a5c,0xc9f27a50f82571c1c8423a42970613b8dbda14ef,2021-11-06 07:15:44+00:00,126822,88424718391,17894873,84251,0,58,2.0,412,1287,1318,0.9764795144157816,53,85,85,1.0,41,1547,9414463,89,0x837bdf577505ca7c5ae788807b46064e7f217b74e7ae47b68b8ebc092993d1d9,5,5,6,830,65,412948,28,4,4.0,1.0,1,2,0
0x228b92b4b4868a47a74d9891f4d1f4909005802b7410f2958e2e2568be3661b0,3,0xa6d21cf923f5911f8f5db2ae0f5d0dc23b9ce665,0xc9f27a50f82571c1c8423a42970613b8dbda14ef,2021-11-06 08:09:19+00:00,126822,80856795659,5880095,84251,0,450,2.0,411,1288,1319,0.976497346474602,53,512,527,0.9715370018975332,152,434,2807418,90,0x228b92b4b4868a47a74d9891f4d1f4909005802b7410f2958e2e2568be3661b0,5,4,6,830,65,413180,90,4,4.0,1.0,1,2,0
0xc3d459905c7357f33925cc7304dcd9ae1c245a40f8949668115c9334cfa86a90,3,0x93291f280270c459c33cebf715a46d1f65c2c937,0xc9f27a50f82571c1c8423a42970613b8dbda14ef,2021-11-06 09:06:19+00:00,287701,72247031272,4142906,185411,0,28,2.0,410,1289,1320,0.9765151515151516,53,32,32,1.0,17,264,1702121,91,0xc3d459905c7357f33925cc7304dcd9ae1c245a40f8949668115c9334cfa86a90,1,1,13,831,65,413425,23,7,5.0,3.0,1,3,0
0xf1b1e075acd2f75aa41f08e2d430b37ca3e6f268ee7c6293e69487091e3c96b9,2,0x84af43c4ee1650a426f73a63f10e1018145dc806,0xc9f27a50f82571c1c8423a42970613b8dbda14ef,2021-11-06 17:20:31+00:00,140926,102291633285,16284572,88853,0,32,,409,1290,1321,0.9765329295987888,53,40,44,0.909090909090909,11,17,108324,92,0xf1b1e075acd2f75aa41f08e2d430b37ca3e6f268ee7c6293e69487091e3c96b9,3,2,8,831,65,415591,12,7,4.0,3.0,1,3,0
0xbb1f94f43adcd7f6657987c614634c9dc530ca9e56e054b2575bc8aa93c3fe0e,3,0x6baadd8b3770fc18f0428f25ed50cc00c71e6201,0xc9f27a50f82571c1c8423a42970613b8dbda14ef,2021-11-06 18:28:31+00:00,126804,122722516298,17107401,79439,0,610,2.0,408,1291,1322,0.9765506807866868,53,639,655,0.9755725190839694,141,533,3449260,93,0xbb1f94f43adcd7f6657987c614634c9dc530ca9e56e054b2575bc8aa93c3fe0e,14,9,6,831,65,415894,125,4,4.0,1.0,1,2,0
0x5dd2c43e551139abbdc92f840252581d8d4cfb14b3986f90a174e6ffda81a519,2,0x977adf3e61b5096edb339e8f9c6609fc0ad9854c,0xc9f27a50f82571c1c8423a42970613b8dbda14ef,2021-11-07 03:21:03+00:00,140926,84026845103,2095705,88853,0,11,2.0,407,1292,1323,0.9765684051398336,54,20,20,1.0,6,105,674064,94,0x5dd2c43e551139abbdc92f840252581d8d4cfb14b3986f90a174e6ffda81a519,2,2,8,831,66,418259,9,7,4.0,3.0,1,3,0
0x30f62e0055c542acc66344c5bb788b17242954b7a201d656a503dca6b4f50b65,3,0x0e775598456ded6f5c3d123fbfc094db0b08a4f6,0xc9f27a50f82571c1c8423a42970613b8dbda14ef,2021-11-07 03:57:17+00:00,250959,70429843776,4106455,160916,0,285,2.0,406,1293,1324,0.9765861027190332,54,298,305,0.9770491803278688,96,302,1946234,95,0x30f62e0055c542acc66344c5bb788b17242954b7a201d656a503dca6b4f50b65,1,1,6,832,66,418439,120,4,4.0,1.0,1,2,0
0x7457e3f8b6c2b5d93d00ce6bae9ca5d7c789a7cbae13290be4ad393d60cd2d83,3,0x54689fd2d989c0c0498c87794b93309bc3872c80,0xc9f27a50f82571c1c8423a42970613b8dbda14ef,2021-11-07 04:21:13+00:00,287701,121415103074,3367198,185411,0,504,2.0,405,1294,1325,0.9766037735849056,54,492,520,0.946153846153846,94,419,2709578,96,0x7457e3f8b6c2b5d93d00ce6bae9ca5d7c789a7cbae13290be4ad393d60cd2d83,1,1,13,833,66,418568,187,7,5.0,3.0,1,3,0
0xcdd4256fb2313c71bcc1af3f109a0afee90d1c9ab9668e0c0b3ed9fbcf15d2da,2,0x267a6d716452082f5a45b6192436566e9b5b108f,0xc9f27a50f82571c1c8423a42970613b8dbda14ef,2021-11-07 04:55:08+00:00,140890,77898622016,18153342,93629,0,433,,404,1295,1326,0.9766214177978884,54,458,491,0.9327902240325866,93,426,2751895,97,0xcdd4256fb2313c71bcc1af3f109a0afee90d1c9ab9668e0c0b3ed9fbcf15d2da,5,3,8,833,66,418724,49,7,4.0,3.0,1,3,0
0xe8198bf91d22b59e642f52d83413e3fb1ffeac2c103dd33ed2cca86d0f45ec66,3,0xb02e0d82c998b1c57e68d32605fb7c67ca3bbf77,0xc9f27a50f82571c1c8423a42970613b8dbda14ef,2021-11-07 06:53:28+00:00,287701,71360232676,18984083,185411,0,54,2.0,403,1296,1327,0.9766390354182366,54,64,64,1.0,25,243,1564329,98,0xe8198bf91d22b59e642f52d83413e3fb1ffeac2c103dd33ed2cca86d0f45ec66,1,1,13,834,66,419226,24,7,5.0,3.0,1,3,0
0x41c7cd0decb198f1d4f9e3498aff8a1c6e18571fb1afffb5c975908dd7e7233d,2,0xbefd37cd8d2874432162358499b1c7593408bf46,0xc9f27a50f82571c1c8423a42970613b8dbda14ef,2021-11-07 07:19:59+00:00,140926,73721836476,19511713,88853,0,242,2.0,402,1297,1328,0.976656626506024,54,258,266,0.9699248120300752,72,1507,9266855,99,0x41c7cd0decb198f1d4f9e3498aff8a1c6e18571fb1afffb5c975908dd7e7233d,3,3,8,834,66,419327,72,7,4.0,3.0,1,3,0
0xb8a10ef6a58f4ee343eef7e0b80ac5e6c68d4c8f49d73068490668a1e73e414f,2,0xb4d92a48f905450cb00b54c5bd3ff6e6cc0c72f5,0xc9f27a50f82571c1c8423a42970613b8dbda14ef,2021-11-07 11:13:55+00:00,140908,68348098968,22063006,88841,0,31,2.0,401,1298,1329,0.9766741911211436,54,37,37,1.0,15,222,1427939,100,0xb8a10ef6a58f4ee343eef7e0b80ac5e6c68d4c8f49d73068490668a1e73e414f,2,2,8,834,66,420346,14,7,4.0,3.0,1,3,0
0x0af21bfb89b8b5d742e12912afb2e5be248411bd2447d5e1259643ca2dc72d72,2,0x6d06b2916cd846e5464cb5d703767e411504731b,0xc9f27a50f82571c1c8423a42970613b8dbda14ef,2021-11-07 14:29:41+00:00,140926,71666201340,3829060,88853,0,45,2.0,400,1299,1330,0.9766917293233082,54,57,57,1.0,23,192,1233669,101,0x0af21bfb89b8b5d742e12912afb2e5be248411bd2447d5e1259643ca2dc72d72,2,2,8,834,66,421210,25,7,4.0,3.0,1,3,0
0x350fc4c46f55770f24dfc1a3a1702495dcccec03f7a8dfa56dfc9d65407bce82,3,0x1e258904e7a7d6c68cc51e88164cb2df1ccca533,0xc9f27a50f82571c1c8423a42970613b8dbda14ef,2021-11-07 15:04:10+00:00,284239,88193140888,17170891,183103,0,204,2.0,399,1300,1331,0.976709241172051,54,212,223,0.9506726457399102,89,1544,9405502,102,0x350fc4c46f55770f24dfc1a3a1702495dcccec03f7a8dfa56dfc9d65407bce82,1,1,12,835,66,421364,71,7,5.0,3.0,1,3,0
0x0d4e724089ac55a742e832379d28dab31316feb10039502028982e70fd75f325,3,0x6ca011aae6d551a3efa533c40c24a810321c0384,0xc9f27a50f82571c1c8423a42970613b8dbda14ef,2021-11-07 16:54:54+00:00,284239,112681299646,15264337,183103,0,110,2.0,398,1301,1332,0.9767267267267268,54,107,125,0.856,36,140,896941,103,0x0d4e724089ac55a742e832379d28dab31316feb10039502028982e70fd75f325,1,1,12,836,66,421851,37,7,5.0,3.0,1,3,0
0xebac2b4c1789c4fcde0a8fdd6efc7130d38adc16c38c36b5b0ca309358af8aac,3,0x3f323eb3fedfb319597d5b627ecaaa65a78685ba,0xc9f27a50f82571c1c8423a42970613b8dbda14ef,2021-11-07 17:32:24+00:00,250959,97773141151,26559621,160916,0,8,2.0,397,1302,1333,0.9767441860465116,54,15,15,1.0,12,233,1498607,104,0xebac2b4c1789c4fcde0a8fdd6efc7130d38adc16c38c36b5b0ca309358af8aac,1,1,6,837,66,422025,6,4,4.0,1.0,1,2,0
0x09aa8a918092cf6c8be1b884347413f8c80cfe0dad112cf4199ddeb70b1f4162,2,0xf2774e996416c56b516f17e9cbe2b848d08d4bbf,0xc9f27a50f82571c1c8423a42970613b8dbda14ef,2021-11-07 20:16:34+00:00,166594,115155384740,9002405,105965,0,216,,396,1303,1334,0.9767616191904048,54,225,231,0.974025974025974,65,212,1365382,105,0x09aa8a918092cf6c8be1b884347413f8c80cfe0dad112cf4199ddeb70b1f4162,3,3,8,837,66,422798,72,7,4.0,3.0,1,3,0
0x4ab42f51ff6e7d4cbfc64f4492ba33fe9fe821e9071ada925cb3b9439daa0ad3,2,0x7b6a8dc7abb00de4d47f4e6ff3aca8c2969d864d,0xc9f27a50f82571c1c8423a42970613b8dbda14ef,2021-11-07 23:57:38+00:00,140926,75493957578,20136723,86140,0,188,2.0,395,1304,1336,0.9760479041916168,54,219,225,0.9733333333333332,92,1358,8462897,106,0x4ab42f51ff6e7d4cbfc64f4492ba33fe9fe821e9071ada925cb3b9439daa0ad3,3,2,8,837,66,423800,63,7,4.0,3.0,1,3,0
0x035a79a4a470b3d32d483b036791b1d7569d17ac075081af85b99653f0c219b8,2,0x7b6a8dc7abb00de4d47f4e6ff3aca8c2969d864d,0xc9f27a50f82571c1c8423a42970613b8dbda14ef,2021-11-07 23:57:38+00:00,140926,75622879358,19917378,88853,0,187,2.0,394,1304,1336,0.9760479041916168,54,219,225,0.9733333333333332,92,1358,8462897,107,0x035a79a4a470b3d32d483b036791b1d7569d17ac075081af85b99653f0c219b8,3,2,8,837,66,423800,63,7,4.0,3.0,1,3,0
0x361dd28952efbfa5bc28acd1053af9d6412591d42f11d8f51a806e09b6996b16,3,0x318ca888e675ae7f0252803b68f23768866509ae,0xc9f27a50f82571c1c8423a42970613b8dbda14ef,2021-11-08 01:31:14+00:00,287701,110203505768,5576013,185411,0,34,2.0,393,1305,1337,0.976065818997756,55,34,40,0.85,13,229,1472614,108,0x361dd28952efbfa5bc28acd1053af9d6412591d42f11d8f51a806e09b6996b16,1,1,13,838,67,424229,16,7,5.0,3.0,1,3,0
0xf84ccacebbec5016ed1ded7dfe0e8e84675ed1f8f71d2abc937a5dd94e91cba3,3,0x326a8b9f07d13f241546ba3e26f21dea63bca02b,0xc9f27a50f82571c1c8423a42970613b8dbda14ef,2021-11-08 01:48:06+00:00,287701,107013253944,2086161,185411,0,47,2.0,392,1306,1338,0.976083707025411,55,49,59,0.8305084745762711,19,249,1603714,109,0xf84ccacebbec5016ed1ded7dfe0e8e84675ed1f8f71d2abc937a5dd94e91cba3,1,1,13,839,67,424311,19,7,5.0,3.0,1,3,0
0x3c3a948ed53b3bf36b9c188ddcae8058cc45b659e6bc81a9d1a871263c27e3dd,3,0x0841f5c18af6e25171970388c9f82a9a76a5564a,0xc9f27a50f82571c1c8423a42970613b8dbda14ef,2021-11-08 03:00:57+00:00,250959,134161274251,12400579,165716,0,23,2.0,391,1307,1339,0.976101568334578,55,31,31,1.0,11,44,277805,110,0x3c3a948ed53b3bf36b9c188ddcae8058cc45b659e6bc81a9d1a871263c27e3dd,1,1,6,840,67,424628,17,4,4.0,1.0,1,2,0
0x014ae8625541802643fd0213a1c78365fe9dcec40b089f1d0ae7617a9c5dfad2,3,0x260e528f015f03889da48bfe1a15efb191546b44,0xc9f27a50f82571c1c8423a42970613b8dbda14ef,2021-11-08 07:11:15+00:00,287701,85432671900,3734431,185411,0,246,2.0,390,1308,1340,0.9761194029850746,55,261,271,0.96309963099631,75,388,2504914,111,0x014ae8625541802643fd0213a1c78365fe9dcec40b089f1d0ae7617a9c5dfad2,1,1,13,841,67,425725,72,7,5.0,3.0,1,3,0
0x670dc4131863e391bef83be0324d23820c546a37ce533ba8debccf53d0590a7d,3,0x4b5c73e1bc32cea2f77a0ce104e3e9c81b0c850f,0xc9f27a50f82571c1c8423a42970613b8dbda14ef,2021-11-08 07:40:35+00:00,250959,97991618912,19110366,165716,0,222,2.0,389,1309,1341,0.97613721103654,55,223,226,0.986725663716814,93,1545,9410584,112,0x670dc4131863e391bef83be0324d23820c546a37ce533ba8debccf53d0590a7d,1,1,6,842,67,425848,70,4,4.0,1.0,1,2,0
0x7c57d105c793f860815a405e6f9bd17c0a102c36ca25f55244692619bd75ab72,3,0x77d006307e686f513c00b9609a85e854f26ad38f,0xc9f27a50f82571c1c8423a42970613b8dbda14ef,2021-11-08 12:01:23+00:00,250977,71442883312,10535572,165728,0,59,,388,1310,1342,0.9761549925484352,55,60,61,0.9836065573770492,20,135,866379,113,0x7c57d105c793f860815a405e6f9bd17c0a102c36ca25f55244692619bd75ab72,1,1,6,843,67,426959,27,4,4.0,1.0,1,2,0
0x38c29549c230c48a491817e2d97b713d05a514236b8de492f2a8eaacd36f809b,2,0x5acfbbf0aa370f232e341bc0b1a40e996c960e07,0xc9f27a50f82571c1c8423a42970613b8dbda14ef,2021-11-08 12:03:40+00:00,166558,97241869835,2000176,110741,0,2630,2.0,387,1311,1343,0.9761727475800446,55,2538,2670,0.950561797752809,337,1381,8596533,114,0x38c29549c230c48a491817e2d97b713d05a514236b8de492f2a8eaacd36f809b,2,2,8,843,67,426970,486,7,4.0,3.0,1,3,0
0xa08938786cee9161e3dada34ef9b458238fe4a83ca86e68a2edfbc099716848b,3,0x77d006307e686f513c00b9609a85e854f26ad38f,0xc9f27a50f82571c1c8423a42970613b8dbda14ef,2021-11-08 12:31:22+00:00,126822,86281127387,17663644,84251,0,61,,386,1312,1344,0.976190476190476,55,62,63,0.984126984126984,20,135,866518,115,0xa08938786cee9161e3dada34ef9b458238fe4a83ca86e68a2edfbc099716848b,2,1,6,843,67,427098,27,4,4.0,1.0,1,2,0
0x8f33f3a38761f43f06a11bd9d6b9b819714c6891fc133383da1bc1dc75cc679b,3,0x186e20ae3530520c9f3e6c46f2f5d1062b784761,0xc9f27a50f82571c1c8423a42970613b8dbda14ef,2021-11-08 16:24:28+00:00,284221,116267903554,9059587,183091,0,701,2.0,385,1313,1345,0.9762081784386616,55,689,748,0.9211229946524064,146,438,2833636,116,0x8f33f3a38761f43f06a11bd9d6b9b819714c6891fc133383da1bc1dc75cc679b,1,1,12,844,67,428143,287,7,5.0,3.0,1,3,0
0xa907990a8f44d0e4b4d7a84ec2e99caf4d2af942dcbd620617c70247f1b3985a,3,0x014dc3e16adb8bacfe385026a0659b0c8d8d99b3,0xc9f27a50f82571c1c8423a42970613b8dbda14ef,2021-11-08 20:30:14+00:00,287719,119711925918,8852255,185423,0,66,,384,1314,1346,0.976225854383358,55,76,85,0.8941176470588235,28,353,2284237,117,0xa907990a8f44d0e4b4d7a84ec2e99caf4d2af942dcbd620617c70247f1b3985a,1,1,13,845,67,429194,20,7,5.0,3.0,1,3,0
0x89b2ee89bf746156345d064019604efb8b2bbf190c4e7840a6c3374899418bfb,3,0xac59f71c383de1ef94802676f72f1bae3d7d3029,0xc9f27a50f82571c1c8423a42970613b8dbda14ef,2021-11-08 23:12:14+00:00,287719,139590313218,15967535,185423,0,3914,2.0,383,1315,1347,0.9762435040831476,55,3686,3996,0.9224224224224224,381,1518,9313935,118,0x89b2ee89bf746156345d064019604efb8b2bbf190c4e7840a6c3374899418bfb,1,1,13,846,67,429936,606,7,5.0,3.0,1,3,0
0xe35a43b01afe18d71718b6e84ddb8a6a70aa7e68e94388b9f5a524fb26c52cb6,2,0xb4f66b6fe4f55fbefb11b4f02e7a7e5e35a22714,0xc9f27a50f82571c1c8423a42970613b8dbda14ef,2021-11-09 07:44:40+00:00,166576,114596751342,17303476,105953,0,516,,382,1316,1348,0.9762611275964392,56,508,568,0.8943661971830986,93,636,4113410,119,0xe35a43b01afe18d71718b6e84ddb8a6a70aa7e68e94388b9f5a524fb26c52cb6,3,3,8,846,68,432241,174,7,4.0,3.0,1,3,0
0x7881bdc09d8a2f0f2dee575346ee1039969382721dc67f1474b42469ef4c1e3f,2,0x058b10cbe1872ad139b00326686ee8ccef274c58,0xc9f27a50f82571c1c8423a42970613b8dbda14ef,2021-11-09 13:10:09+00:00,140944,162547821119,13905952,88865,0,2502,2.0,381,1317,1349,0.9762787249814676,56,2240,2557,0.8760265936644505,224,511,3308240,120,0x7881bdc09d8a2f0f2dee575346ee1039969382721dc67f1474b42469ef4c1e3f,2,2,8,846,68,433648,378,7,4.0,3.0,1,3,0
0xfb2931eab3fa4b1087fb193859cfc9254b81a6ff717e96f926dad0b8016940c2,3,0x603cdc07ca46988c656a4d05af99dafdc286fce4,0xc9f27a50f82571c1c8423a42970613b8dbda14ef,2021-11-09 15:02:45+00:00,250941,177122616508,14467118,165704,0,3,2.0,380,1318,1350,0.9762962962962964,56,5,5,1.0,2,4,24726,121,0xfb2931eab3fa4b1087fb193859cfc9254b81a6ff717e96f926dad0b8016940c2,1,1,6,847,68,434130,4,4,4.0,1.0,1,2,0
0x0ae9f3277d58803fe2c5bf3e564223404cafa624a1b9e5f15bddf4e6965bdb24,2,0xe2516e29decd4210948afaf0abf82bb6ee5c1094,0xc9f27a50f82571c1c8423a42970613b8dbda14ef,2021-11-09 17:08:03+00:00,140926,161870598054,22728770,88853,0,190,2.0,379,1319,1351,0.9763138415988156,56,195,202,0.9653465346534652,54,369,2386280,122,0x0ae9f3277d58803fe2c5bf3e564223404cafa624a1b9e5f15bddf4e6965bdb24,2,2,8,847,68,434712,49,7,4.0,3.0,1,3,0
0xcea0df8349ee810fe0880b226211c57d664cee79818e584bd90fda3f41ab9a88,2,0xed0253992f139de9426586193a5a5c8102da38b0,0xc9f27a50f82571c1c8423a42970613b8dbda14ef,2021-11-09 19:00:19+00:00,140944,161583530643,9102926,88865,0,85,2.0,378,1320,1352,0.9763313609467456,56,122,128,0.953125,34,283,1824330,123,0xcea0df8349ee810fe0880b226211c57d664cee79818e584bd90fda3f41ab9a88,8,5,8,847,68,435209,34,7,4.0,3.0,1,3,0
0xfe53d436769ef2a2904c7c90ce9dfd1404264744201b291fad6df8cc2370a44f,3,0xc6634264819cc5ac2692c9ede685774618a4198d,0xc9f27a50f82571c1c8423a42970613b8dbda14ef,2021-11-10 00:55:33+00:00,284257,141687933323,12701310,183115,0,1318,2.0,377,1321,1353,0.9763488543976347,57,1298,1382,0.939218523878437,247,600,3875494,124,0xfe53d436769ef2a2904c7c90ce9dfd1404264744201b291fad6df8cc2370a44f,1,1,12,848,69,436751,206,7,5.0,3.0,1,3,0
0x548ee4aec225210b7359773895015ff5ee6b65128bc8d50f5e4810a0bda75a8f,2,0xc6634264819cc5ac2692c9ede685774618a4198d,0xc9f27a50f82571c1c8423a42970613b8dbda14ef,2021-11-10 01:02:56+00:00,140944,172116754062,2474595,88865,0,1319,2.0,376,1322,1354,0.9763663220088626,57,1299,1383,0.9392624728850324,247,600,3875525,125,0x548ee4aec225210b7359773895015ff5ee6b65128bc8d50f5e4810a0bda75a8f,2,1,8,848,69,436782,206,7,4.0,3.0,1,3,0
0x8a2abe4ad60f7d22539f32e09ed50ee10f0c6a4f408785ddb81e40537e4b3da8,2,0x9634b3b4cdd64f3510785f6ea3b7a235868c2fbc,0xc9f27a50f82571c1c8423a42970613b8dbda14ef,2021-11-10 01:44:07+00:00,140926,147191145615,15363378,88853,0,91,2.0,375,1323,1355,0.9763837638376384,57,108,114,0.9473684210526316,42,1099,6928421,126,0x8a2abe4ad60f7d22539f32e09ed50ee10f0c6a4f408785ddb81e40537e4b3da8,2,2,8,848,69,436964,42,7,4.0,3.0,1,3,0
0xdf67d748e06ab07b3beb48c4ed3907580c6f2a4db5c5b592003b0b295c86fc34,3,0x3b6d869f5f01fd22d9b9bd29fbb2ec3e284306bc,0xc9f27a50f82571c1c8423a42970613b8dbda14ef,2021-11-10 04:46:32+00:00,126840,133623478848,2067564,84263,0,24,2.0,374,1324,1356,0.976401179941003,57,31,31,1.0,12,237,1525289,127,0xdf67d748e06ab07b3beb48c4ed3907580c6f2a4db5c5b592003b0b295c86fc34,2,2,6,848,69,437769,14,4,4.0,1.0,1,2,0
0x6817a64907fe44077fb03f418ff921025ac0ca831736d766955813ec71ed78e4,2,0x56a40b3816e6462fa6bebd671d11965814cfb2f0,0xc9f27a50f82571c1c8423a42970613b8dbda14ef,2021-11-10 12:50:30+00:00,140944,110586834046,23761939,86152,0,63,2.0,372,1325,1359,0.9749816041206768,57,70,75,0.9333333333333332,27,197,1263770,128,0x6817a64907fe44077fb03f418ff921025ac0ca831736d766955813ec71ed78e4,4,2,8,848,69,439889,25,7,4.0,3.0,1,3,0
0xd1db8fef5ad238e8f7486f209264867fbe4e934a769bb15ad1c2a448db5fedc0,2,0x56a40b3816e6462fa6bebd671d11965814cfb2f0,0xc9f27a50f82571c1c8423a42970613b8dbda14ef,2021-11-10 12:50:30+00:00,140944,119710851549,23675787,86152,0,62,2.0,373,1325,1359,0.9749816041206768,57,70,75,0.9333333333333332,27,197,1263770,129,0xd1db8fef5ad238e8f7486f209264867fbe4e934a769bb15ad1c2a448db5fedc0,4,2,8,848,69,439889,25,7,4.0,3.0,1,3,0
0x7b078b2bbff5aefe91cac5bc95581a10ea8e099d54ca465c8e4b242ede53a461,2,0x56a40b3816e6462fa6bebd671d11965814cfb2f0,0xc9f27a50f82571c1c8423a42970613b8dbda14ef,2021-11-10 12:50:30+00:00,140944,89130756956,23589635,88865,0,61,2.0,371,1325,1359,0.9749816041206768,57,70,75,0.9333333333333332,27,197,1263770,130,0x7b078b2bbff5aefe91cac5bc95581a10ea8e099d54ca465c8e4b242ede53a461,4,2,8,848,69,439889,25,7,4.0,3.0,1,3,0
0x23739307eac7c14f26c1ceeae75bc64a5d6d8d7addbfce7603d0830518e56fb1,2,0x25953c127efd1e15f4d2be82b753d49b12d626d7,0xc9f27a50f82571c1c8423a42970613b8dbda14ef,2021-11-10 14:19:26+00:00,140944,125000000000,3668171,88865,0,415,2.0,370,1326,1360,0.975,57,409,418,0.9784688995215312,57,195,1253362,131,0x23739307eac7c14f26c1ceeae75bc64a5d6d8d7addbfce7603d0830518e56fb1,2,2,8,848,69,440298,125,7,4.0,3.0,1,3,0
0xc676c9d944ab6d71b575741b6b298337d939f25d699db16843cb503407609d69,3,0x3f341eccd6ea3a4ca1009c1c937ba12ecb8ebc77,0xc9f27a50f82571c1c8423a42970613b8dbda14ef,2021-11-10 18:22:02+00:00,250959,174331155770,11307797,165716,0,388,2.0,369,1327,1361,0.9750183688464364,57,386,406,0.9507389162561576,67,450,2911997,132,0xc676c9d944ab6d71b575741b6b298337d939f25d699db16843cb503407609d69,1,1,6,849,69,441374,127,4,4.0,1.0,1,2,0
0xf3574c014d78efeb7e2d9dd3270820c966788e0152ced33d9b2938ae21c7c028,3,0xfe57dc4b1291384a56e5d90fdc1340b7036f3767,0xc9f27a50f82571c1c8423a42970613b8dbda14ef,2021-11-10 18:47:40+00:00,250959,158993981396,8569350,165716,0,208,2.0,368,1328,1362,0.97503671071953,57,236,236,1.0,66,248,1599955,133,0xf3574c014d78efeb7e2d9dd3270820c966788e0152ced33d9b2938ae21c7c028,1,1,6,850,69,441491,58,4,4.0,1.0,1,2,0
0x20bdf9e65a4946d58995ddefc2186fb4ad7306b9a6364a8d45aba44ab9763803,2,0x041d5bbef8e348852dbaf630eaff84b28c8a962b,0xc9f27a50f82571c1c8423a42970613b8dbda14ef,2021-11-10 19:47:40+00:00,140890,192886741440,6974832,93629,0,138,2.0,367,1329,1363,0.97505502567865,57,168,177,0.9491525423728812,55,421,2720885,134,0x20bdf9e65a4946d58995ddefc2186fb4ad7306b9a6364a8d45aba44ab9763803,2,2,8,850,69,441750,39,7,4.0,3.0,1,3,0
0xfc170bcc041c250548936c6c3bd1097a80405b92bc86a751a21f66a655ec16f3,2,0x9b9b0c49adb187919247fabd9d8f22a4443c4b9c,0xc9f27a50f82571c1c8423a42970613b8dbda14ef,2021-11-10 21:34:15+00:00,140908,365486451286,23479809,93641,0,33,,366,1330,1364,0.9750733137829912,57,43,44,0.9772727272727272,14,307,1984475,135,0xfc170bcc041c250548936c6c3bd1097a80405b92bc86a751a21f66a655ec16f3,2,2,8,850,69,442235,16,7,4.0,3.0,1,3,0
0xd61f900cd70c36a7320d55692a8fd36be0ac102759936348b1a85e18a0c5d1cb,2,0x9be80c23245b576b23c01670137726fef0f9b64e,0xc9f27a50f82571c1c8423a42970613b8dbda14ef,2021-11-11 00:28:26+00:00,140944,150000000000,8114581,88865,0,1088,,365,1331,1365,0.975091575091575,58,1115,1124,0.9919928825622776,221,905,5789934,136,0xd61f900cd70c36a7320d55692a8fd36be0ac102759936348b1a85e18a0c5d1cb,2,2,8,850,70,443032,177,7,4.0,3.0,1,3,0
0x44cc3c5735dc1950cde3e07714d668682a97effc9cfcb3041bff6477fe2d1ee1,2,0x01c58b81fbf4c316f783725d9d02de7b69e847e3,0xc9f27a50f82571c1c8423a42970613b8dbda14ef,2021-11-11 09:32:43+00:00,140926,106713699677,14336828,88853,0,4,2.0,364,1332,1366,0.9751098096632504,58,7,7,1.0,2,21,132551,137,0x44cc3c5735dc1950cde3e07714d668682a97effc9cfcb3041bff6477fe2d1ee1,2,2,8,850,70,445442,4,7,4.0,3.0,1,3,0
0xbfb3e78bccac852ebc2fb2781e28610b2f5dccd33f8a88f290ef68eab52e2215,2,0xc794b210337339ce83f5be21f0f62802c029b332,0xc9f27a50f82571c1c8423a42970613b8dbda14ef,2021-11-11 09:44:50+00:00,166576,176273882460,4008825,105953,0,78,2.0,363,1333,1367,0.9751280175566936,58,100,100,1.0,26,177,1135894,138,0xbfb3e78bccac852ebc2fb2781e28610b2f5dccd33f8a88f290ef68eab52e2215,2,2,8,850,70,445480,28,7,4.0,3.0,1,3,0
0x143de7d4a0321449741cb35f10ffd042419e438a47e56820e3dc75e5bd0dc3da,2,0x5a825c64df9dee1e35fe9041ca8d69509414c4a7,0xc9f27a50f82571c1c8423a42970613b8dbda14ef,2021-11-11 10:13:26+00:00,166576,123202623440,7797602,105953,0,1849,2.0,362,1334,1368,0.9751461988304092,58,1865,1939,0.961835997937081,364,1308,8159287,139,0x143de7d4a0321449741cb35f10ffd042419e438a47e56820e3dc75e5bd0dc3da,14,11,8,850,70,445595,339,7,4.0,3.0,1,3,0
0x3ace95595fc24e408d7b8c57045ef1be38b29eddfa07627f9e0203a89fbbb65e,2,0x01c58b81fbf4c316f783725d9d02de7b69e847e3,0xc9f27a50f82571c1c8423a42970613b8dbda14ef,2021-11-11 10:51:52+00:00,140926,116927496811,2226914,86140,0,5,2.0,361,1335,1369,0.975164353542732,58,9,9,1.0,2,21,132893,140,0x3ace95595fc24e408d7b8c57045ef1be38b29eddfa07627f9e0203a89fbbb65e,3,2,8,850,70,445784,4,7,4.0,3.0,1,3,0
0xf265f38298cd49ebeda064f3c22a53883085a59dd64d17c9f769a477568ce1b7,3,0x4721a43133d1a13f3651a415b68f81e73edb5dc6,0xc9f27a50f82571c1c8423a42970613b8dbda14ef,2021-11-11 16:17:18+00:00,126840,190134791815,7360049,84263,0,527,2.0,360,1336,1370,0.9751824817518248,58,537,559,0.960644007155635,110,315,2031585,141,0xf265f38298cd49ebeda064f3c22a53883085a59dd64d17c9f769a477568ce1b7,10,8,6,850,70,447235,71,4,4.0,1.0,1,2,0
0xfc255166f59367751a05d4ad602d5d59b26366b4b442e8e38df371dbbbaa202f,2,0xad492e78ea607f1ccf1cefaa7ee37871932b1d02,0xc9f27a50f82571c1c8423a42970613b8dbda14ef,2021-11-11 16:52:35+00:00,140890,153613249523,11116103,93629,0,1070,,359,1337,1371,0.975200583515682,58,1115,1146,0.9729493891797556,198,1615,9748147,142,0xfc255166f59367751a05d4ad602d5d59b26366b4b442e8e38df371dbbbaa202f,2,2,8,850,70,447392,221,7,4.0,3.0,1,3,0
0xdfa955c5280c23d33bfd79aaa5beca6213fae00d6a1b7b73728add1432977a06,2,0x4f607437e9252e5a092697ebfe7e1bafc1511dd4,0xc9f27a50f82571c1c8423a42970613b8dbda14ef,2021-11-11 20:54:08+00:00,140908,217608043910,5392197,93641,0,190,2.0,358,1338,1372,0.9752186588921284,58,205,206,0.9951456310679612,61,322,2078331,143,0xdfa955c5280c23d33bfd79aaa5beca6213fae00d6a1b7b73728add1432977a06,2,2,8,850,70,448463,58,7,4.0,3.0,1,3,0
0x641b04c62038a5982226008a7271ab6f068d8890fe9b61c17b4b20270967d2e6,2,0x11d0cb5c690bc838efc52c621f6b48040dd000f7,0xc9f27a50f82571c1c8423a42970613b8dbda14ef,2021-11-12 05:35:20+00:00,140872,172203092037,3054818,93617,0,3104,2.0,357,1339,1373,0.97523670793882,59,2889,3150,0.9171428571428571,330,633,4093420,144,0x641b04c62038a5982226008a7271ab6f068d8890fe9b61c17b4b20270967d2e6,2,2,8,850,71,450790,473,7,4.0,3.0,1,3,0
0x13f1e5c040b9f80060039a040b8b4170d25c191a87dda8514389392208f7c0c7,3,0x19f6eed8b5e14d7a00c30312f66473e1fe1f2acf,0xc9f27a50f82571c1c8423a42970613b8dbda14ef,2021-11-12 07:48:50+00:00,250941,111592323515,2806812,165704,0,18,2.0,356,1340,1374,0.975254730713246,59,20,20,1.0,7,23,146877,145,0x13f1e5c040b9f80060039a040b8b4170d25c191a87dda8514389392208f7c0c7,1,1,6,851,71,451408,12,4,4.0,1.0,1,2,0
0x9341b9a9c4c00dd5d8161902018ecf3d1001ac6201e870181d7a7b16d5be4111,2,0x551e76873aea197309676311fd8548a8408687d9,0xc9f27a50f82571c1c8423a42970613b8dbda14ef,2021-11-12 09:55:21+00:00,166522,89942051769,18921649,110717,0,529,2.0,355,1341,1375,0.9752727272727272,59,558,589,0.9473684210526316,116,245,1575292,146,0x9341b9a9c4c00dd5d8161902018ecf3d1001ac6201e870181d7a7b16d5be4111,3,3,8,851,71,451961,115,7,4.0,3.0,1,3,0
0x6fc91b4d9b02c817c2a07f7db382c691e896d2b3b1f267501e9595b694c53588,2,0x7dba3ff2e40a7929be48c27c6ff245729f7405bb,0xc9f27a50f82571c1c8423a42970613b8dbda14ef,2021-11-12 13:13:32+00:00,140926,123196043446,9621552,88853,0,311,2.0,354,1342,1376,0.9752906976744184,59,313,330,0.9484848484848484,87,421,2721039,147,0x6fc91b4d9b02c817c2a07f7db382c691e896d2b3b1f267501e9595b694c53588,2,2,8,851,71,452818,107,7,4.0,3.0,1,3,0
0x7ae88523789d760a9b0f9bdbadd7bb4b496cf381ebe8ba7258ede948dd254352,2,0x9601adb9f4b8a7bc91edbc3a565e9e898bebe1b4,0xc9f27a50f82571c1c8423a42970613b8dbda14ef,2021-11-12 16:38:53+00:00,140944,150698458417,2349858,88865,0,289,2.0,353,1343,1377,0.9753086419753086,59,299,319,0.9373040752351096,84,403,2606598,148,0x7ae88523789d760a9b0f9bdbadd7bb4b496cf381ebe8ba7258ede948dd254352,4,4,8,851,71,453720,90,7,4.0,3.0,1,3,0
0x2939efa77f16be8879b116deb7e5fbd7853d4ebfeab6c38475eec6424a5e5e0f,3,0x01974549c9b9a30d47c548a16b120b1caa7b586c,0xc9f27a50f82571c1c8423a42970613b8dbda14ef,2021-11-12 16:58:26+00:00,250977,123512535598,21691067,165728,0,1384,2.0,352,1344,1378,0.9753265602322206,59,1332,1439,0.925642807505212,228,615,3976644,149,0x2939efa77f16be8879b116deb7e5fbd7853d4ebfeab6c38475eec6424a5e5e0f,1,1,6,852,71,453812,326,4,4.0,1.0,1,2,0
0xd798536fef707a5a258ce7dd9dc42711f7c86bbe30a4a3612a492fe6675b1aaf,3,0x3f341eccd6ea3a4ca1009c1c937ba12ecb8ebc77,0xc9f27a50f82571c1c8423a42970613b8dbda14ef,2021-11-12 20:26:10+00:00,126822,151468432616,6864848,84251,0,413,,351,1345,1379,0.9753444525018128,59,411,431,0.953596287703016,68,452,2925376,150,0xd798536fef707a5a258ce7dd9dc42711f7c86bbe30a4a3612a492fe6675b1aaf,2,2,6,852,71,454753,134,4,4.0,1.0,1,2,0
0x4b69778d89b2d314812b493ae1b59939cb6e376b4d1c1b8f8c9214483c93a38e,3,0xdb952e1b416f8e1cedc0571f46710e0ec18beb52,0xc9f27a50f82571c1c8423a42970613b8dbda14ef,2021-11-13 00:57:44+00:00,126840,111444532340,4959539,79463,0,40,2.0,350,1346,1380,0.9753623188405796,60,42,42,1.0,29,114,731321,151,0x4b69778d89b2d314812b493ae1b59939cb6e376b4d1c1b8f8c9214483c93a38e,7,6,6,852,72,455950,10,4,4.0,1.0,1,2,0
0x97b816921a375a93c7f8c859ff525e6650f852e9aaa23fd101d97084c6c012ab,3,0x613057918d633c80db414e5f5f5e21a93851220e,0xc9f27a50f82571c1c8423a42970613b8dbda14ef,2021-11-13 01:49:28+00:00,284239,116740507209,6553766,183103,0,33,2.0,349,1347,1381,0.9753801593048516,60,40,40,1.0,15,89,568331,152,0x97b816921a375a93c7f8c859ff525e6650f852e9aaa23fd101d97084c6c012ab,1,1,12,853,72,456184,15,7,5.0,3.0,1,3,0
0xe0304219b1442ec6c9f253af35be8bbd77f68b01442187ce7665f18eedc396f0,3,0x4c61f3259d705323c7f27377da09a3e222ecde66,0xc9f27a50f82571c1c8423a42970613b8dbda14ef,2021-11-13 06:35:58+00:00,287701,90000000000,17485512,185411,0,283,2.0,348,1348,1382,0.975397973950796,60,279,291,0.958762886597938,87,361,2333488,153,0xe0304219b1442ec6c9f253af35be8bbd77f68b01442187ce7665f18eedc396f0,1,1,13,854,72,457460,71,7,5.0,3.0,1,3,0
0xe540e05e84f83b4b2f6390fcf1a7b7d42ba7e41a2244d56c9b2b598d71355821,2,0x372e58859dcae9fb5260b63bda602558afc84dc7,0xc9f27a50f82571c1c8423a42970613b8dbda14ef,2021-11-13 12:00:35+00:00,140890,97015378523,3364874,93629,0,112,2.0,347,1349,1383,0.9754157628344178,60,123,126,0.976190476190476,49,238,1532613,154,0xe540e05e84f83b4b2f6390fcf1a7b7d42ba7e41a2244d56c9b2b598d71355821,2,2,8,854,72,458880,40,7,4.0,3.0,1,3,0
0x09e54030506b54ef5989ba8d27248a6cf5b1e0a9602489213d0ce732b9754282,3,0xc445cf4c28dab4e94ccadb2bdc49dcf577778142,0xc9f27a50f82571c1c8423a42970613b8dbda14ef,2021-11-13 15:41:58+00:00,287701,130957608760,25028193,185411,0,5,2.0,346,1350,1384,0.9754335260115607,60,9,9,1.0,6,213,1369161,155,0x09e54030506b54ef5989ba8d27248a6cf5b1e0a9602489213d0ce732b9754282,1,1,13,855,72,459846,6,7,5.0,3.0,1,3,0
0x572327f6ca869eee99257b5c31b003490371530aacd2f7be2c775cc8d850bc16,3,0xddfe74f671f6546f49a6d20909999cfe5f09ad78,0xc9f27a50f82571c1c8423a42970613b8dbda14ef,2021-11-13 17:59:27+00:00,250977,120519094996,12820103,165728,0,1520,2.0,345,1351,1385,0.975451263537906,60,1516,1552,0.97680412371134,294,1573,9541750,156,0x572327f6ca869eee99257b5c31b003490371530aacd2f7be2c775cc8d850bc16,1,1,6,856,72,460439,199,4,4.0,1.0,1,2,0
0xece5df2b89d461a215e7185988b4505582e65fd59b175a50b658b29453ec0625,2,0x11c1d78a6e283d0ad4c5c364239cdfe1da91377b,0xc9f27a50f82571c1c8423a42970613b8dbda14ef,2021-11-13 19:37:07+00:00,140944,117977155325,3537104,88865,0,7,2.0,344,1352,1386,0.9754689754689754,60,10,10,1.0,6,177,1136893,157,0xece5df2b89d461a215e7185988b4505582e65fd59b175a50b658b29453ec0625,2,2,8,856,72,460876,7,7,4.0,3.0,1,3,0
0xf5ac55d1496eed606715c41494ca96cc38104ba7b1b979a404e9810cf9071174,2,0xe60eb66bb7f08b2b2967490939735e33250cc103,0xc9f27a50f82571c1c8423a42970613b8dbda14ef,2021-11-13 23:38:15+00:00,140944,134978934259,8631576,88865,0,32,2.0,343,1353,1387,0.9754866618601296,60,32,35,0.9142857142857141,5,36,234236,158,0xf5ac55d1496eed606715c41494ca96cc38104ba7b1b979a404e9810cf9071174,2,2,8,856,72,461915,20,7,4.0,3.0,1,3,0
0x7e70e4b184abfad8065afe2a345384cf34076f228f1d4e3c3ad5f93fb8d43ffc,2,0x77d006307e686f513c00b9609a85e854f26ad38f,0xc9f27a50f82571c1c8423a42970613b8dbda14ef,2021-11-14 03:02:14+00:00,140926,82967885268,8019134,88853,0,64,,342,1354,1388,0.9755043227665706,61,65,66,0.9848484848484848,21,141,902232,159,0x7e70e4b184abfad8065afe2a345384cf34076f228f1d4e3c3ad5f93fb8d43ffc,3,2,8,856,73,462812,27,7,4.0,3.0,1,3,0
0x17156988d9252a3bc9120630dbc7aef255fa2482055d3ba1bc96e2d485d2c390,3,0x35cf5d4edc11356699613720fd623dc1dc9157b1,0xc9f27a50f82571c1c8423a42970613b8dbda14ef,2021-11-14 08:04:26+00:00,287665,119788243071,8327422,185387,0,82,,341,1355,1389,0.9755219582433404,61,80,83,0.963855421686747,47,718,4602658,160,0x17156988d9252a3bc9120630dbc7aef255fa2482055d3ba1bc96e2d485d2c390,1,1,13,857,73,464073,44,7,5.0,3.0,1,3,0
0x6914910d380b189811b49be0b7f5b336c037fa8c8a29e867023ffeefb05bcd02,2,0x587fbe613c3cc991455f0ea531ff6006c0b8fd51,0xc9f27a50f82571c1c8423a42970613b8dbda14ef,2021-11-14 10:00:32+00:00,166558,99809748572,4330254,105941,0,444,2.0,340,1356,1390,0.9755395683453236,61,442,453,0.9757174392935982,82,465,3007297,161,0x6914910d380b189811b49be0b7f5b336c037fa8c8a29e867023ffeefb05bcd02,7,7,8,857,73,464638,60,7,4.0,3.0,1,3,0
0x7f76c81e886e3af44d4f8dfff3b71777809647574e58a0c0c40f670b4058c38c,2,0x56d7bd5f5606d9af6b5a74248f27ece39cee8535,0xc9f27a50f82571c1c8423a42970613b8dbda14ef,2021-11-14 10:01:34+00:00,140944,87283935826,2568770,88865,0,44,2.0,339,1357,1391,0.9755571531272464,61,43,48,0.8958333333333333,10,218,1402077,162,0x7f76c81e886e3af44d4f8dfff3b71777809647574e58a0c0c40f670b4058c38c,2,2,8,857,73,464643,19,7,4.0,3.0,1,3,0
0xa7afbc8aa0158a6616cb180ccf93de8836436fa8ba931b4249b6e0078efb3027,3,0x7f4193f4bade69eaf86b5d5c478b8781eb4347c0,0xc9f27a50f82571c1c8423a42970613b8dbda14ef,2021-11-14 10:14:45+00:00,126840,88330016261,3358530,84263,0,102,,338,1358,1392,0.975574712643678,61,118,119,0.9915966386554622,60,1380,8591337,163,0xa7afbc8aa0158a6616cb180ccf93de8836436fa8ba931b4249b6e0078efb3027,4,4,6,857,73,464696,26,4,4.0,1.0,1,2,0
0xa8d0d8406829bf6172ea21f713535819234a6965d1e59d1e9e76dcf46f9033af,2,0x6af1da708459bd988164b9fa28faf944f2f9baff,0xc9f27a50f82571c1c8423a42970613b8dbda14ef,2021-11-14 10:39:24+00:00,140926,80556725930,1131265,88853,0,1851,2.0,337,1359,1393,0.9755922469490308,61,1893,1938,0.9767801857585138,325,1020,6468341,164,0xa8d0d8406829bf6172ea21f713535819234a6965d1e59d1e9e76dcf46f9033af,2,2,8,857,73,464811,406,7,4.0,3.0,1,3,0
0x35a9bd41a0af980bc1c65cf3d291af0b917101d674cea11735a5cb84d56965ef,3,0x9d07e3406d3e7ec5e19b6804f6f821f684c9339c,0xc9f27a50f82571c1c8423a42970613b8dbda14ef,2021-11-14 12:04:28+00:00,126822,110252346233,3941554,84251,0,1326,2.0,336,1360,1394,0.975609756097561,61,1269,1352,0.9386094674556212,230,558,3606094,165,0x35a9bd41a0af980bc1c65cf3d291af0b917101d674cea11735a5cb84d56965ef,2,2,6,857,73,465188,289,4,4.0,1.0,1,2,0
0x57ce0feea6284eb55d08cbf56e5bd8b1cf3c004a38eb07f75490bc372d5a3171,2,0xa7672ebb30fb30c5a29f5702826731a12e606d1e,0xc9f27a50f82571c1c8423a42970613b8dbda14ef,2021-11-14 12:31:18+00:00,140926,68898350401,7665863,88853,0,199,2.0,335,1361,1395,0.9756272401433692,61,205,210,0.976190476190476,50,475,3074595,166,0x57ce0feea6284eb55d08cbf56e5bd8b1cf3c004a38eb07f75490bc372d5a3171,2,2,8,857,73,465317,53,7,4.0,3.0,1,3,0
0x68f21333bc6d8c3a01caac4e1545573aaebccad081505b86ef127cae5d5c5afb,2,0x267a6d716452082f5a45b6192436566e9b5b108f,0xc9f27a50f82571c1c8423a42970613b8dbda14ef,2021-11-14 15:04:38+00:00,166540,106700000000,7103102,110729,0,438,,334,1362,1396,0.9756446991404012,61,464,497,0.9336016096579476,94,433,2799149,167,0x68f21333bc6d8c3a01caac4e1545573aaebccad081505b86ef127cae5d5c5afb,6,4,8,857,73,465978,49,7,4.0,3.0,1,3,0
0xf94f233c40f525da7d4aac83e41a7ff888fcae8b1bcbf38a1ecb3cb4efe91425,2,0x6baadd8b3770fc18f0428f25ed50cc00c71e6201,0xc9f27a50f82571c1c8423a42970613b8dbda14ef,2021-11-14 17:10:11+00:00,166540,155273674153,5592738,110729,0,618,2.0,333,1363,1397,0.975662133142448,61,646,663,0.9743589743589745,145,541,3499892,168,0xf94f233c40f525da7d4aac83e41a7ff888fcae8b1bcbf38a1ecb3cb4efe91425,15,10,8,857,73,466526,125,7,4.0,3.0,1,3,0
0x00541a3d1f8ba2a6e9b49d4cb5b74a675edbbff34ec950c16071370b865ba18e,3,0x8a5a41e290f2aef0042a0d05214b2758c1f50d02,0xc9f27a50f82571c1c8423a42970613b8dbda14ef,2021-11-14 17:41:23+00:00,126822,101285117286,11581757,84251,0,475,2.0,332,1364,1398,0.9756795422031472,61,520,535,0.97196261682243,104,1439,8930586,169,0x00541a3d1f8ba2a6e9b49d4cb5b74a675edbbff34ec950c16071370b865ba18e,2,2,6,857,73,466672,101,4,4.0,1.0,1,2,0
0x04b78a92a1327eb094ddf6744c55d168e688e9fee8a41aac82f6ee3550226144,3,0x8545a25e5119202342e6e87f3b9f20f948110fac,0xc9f27a50f82571c1c8423a42970613b8dbda14ef,2021-11-14 18:49:51+00:00,287719,122153070310,6069761,185423,0,158,2.0,331,1365,1399,0.9756969263759828,61,170,172,0.9883720930232556,53,1513,9310324,170,0x04b78a92a1327eb094ddf6744c55d168e688e9fee8a41aac82f6ee3550226144,1,1,13,858,73,466971,55,7,5.0,3.0,1,3,0
0x1ea8ce47ff92d0553a2362a6127b4f9f2b5afbffbf569b360878c791f2fc20f2,3,0x4e940b46ca0eba37c84e9d8094c5815539559a5c,0xc9f27a50f82571c1c8423a42970613b8dbda14ef,2021-11-14 23:57:45+00:00,126822,97123530974,25397004,84251,0,60,2.0,330,1366,1400,0.9757142857142856,61,87,87,1.0,42,1555,9469882,171,0x1ea8ce47ff92d0553a2362a6127b4f9f2b5afbffbf569b360878c791f2fc20f2,6,6,6,858,73,468367,28,4,4.0,1.0,1,2,0
0x15e74603315e7b6f3c97bf15a7ba63b7479334633ec70a805ccd930f48aeda2f,2,0xfec8054a38e78627d44144f325ae701dd51065cc,0xc9f27a50f82571c1c8423a42970613b8dbda14ef,2021-11-15 00:53:55+00:00,140926,122382774741,9418925,88853,0,1785,2.0,329,1367,1401,0.9757316202712348,62,1883,1936,0.9726239669421488,405,1461,9063161,172,0x15e74603315e7b6f3c97bf15a7ba63b7479334633ec70a805ccd930f48aeda2f,2,2,8,858,74,468606,319,7,4.0,3.0,1,3,0
0x93e2f0bf18218f3b6c37926ee298d304089ab8a32f7df3a63e27a99a1016e0ae,2,0x42a82c7d660670a5ecee17a6dd04f4775fc14e22,0xc9f27a50f82571c1c8423a42970613b8dbda14ef,2021-11-15 03:03:49+00:00,166558,161164632517,12785744,110741,0,722,2.0,328,1368,1402,0.9757489300998572,62,711,744,0.9556451612903226,161,1415,8787776,173,0x93e2f0bf18218f3b6c37926ee298d304089ab8a32f7df3a63e27a99a1016e0ae,3,3,8,858,74,469172,146,7,4.0,3.0,1,3,0
0x698586cb8e33b05d9f6e76ab39cb44ecc11164fc7537fcb06811898d0f6717c0,3,0xfe763070ff20407fcb5b00f2f7ef72cb3dc9cd1a,0xc9f27a50f82571c1c8423a42970613b8dbda14ef,2021-11-15 04:36:45+00:00,287701,89371378060,15921281,185411,0,208,2.0,327,1369,1403,0.9757662152530292,62,213,225,0.9466666666666665,100,1410,8759744,174,0x698586cb8e33b05d9f6e76ab39cb44ecc11164fc7537fcb06811898d0f6717c0,1,1,13,859,74,469583,86,7,5.0,3.0,1,3,0
0x4dcb5068b99a17ae5ffe0e5f1d7d5dcb2c4cb8169677ecfd291e71b0187159a4,2,0x2f9035f14d9134bed45e2642ae148f673f5ecb7e,0xc9f27a50f82571c1c8423a42970613b8dbda14ef,2021-11-15 11:21:34+00:00,140926,97178402660,25626666,88853,0,403,2.0,326,1370,1404,0.9757834757834758,62,424,438,0.9680365296803652,106,359,2319084,175,0x4dcb5068b99a17ae5ffe0e5f1d7d5dcb2c4cb8169677ecfd291e71b0187159a4,2,2,8,859,74,471354,133,7,4.0,3.0,1,3,0
0x8dd1d8073562475d6e42da75c9c660d6117f903762ce3360cd6c60b373d42efc,2,0xca968044effff14bee263ca6af3b9823f1968f37,0xc9f27a50f82571c1c8423a42970613b8dbda14ef,2021-11-15 14:08:21+00:00,140908,197057348564,11169914,93641,0,1490,2.0,325,1371,1405,0.9758007117437723,62,1485,1509,0.9840954274353876,288,1439,8930305,176,0x8dd1d8073562475d6e42da75c9c660d6117f903762ce3360cd6c60b373d42efc,2,2,8,859,74,472071,355,7,4.0,3.0,1,3,0
0x08baa6b533b27e1d67195d0aa0448a3dee6352c9abbba8614526e25627eaac68,3,0x3ce08659b6a80fb28f30fcb4583a7d734b6b5ef6,0xc9f27a50f82571c1c8423a42970613b8dbda14ef,2021-11-15 14:54:54+00:00,287701,112394845832,19620483,185411,0,59,2.0,324,1372,1406,0.975817923186344,62,67,72,0.9305555555555556,28,282,1816871,177,0x08baa6b533b27e1d67195d0aa0448a3dee6352c9abbba8614526e25627eaac68,1,1,13,860,74,472291,24,7,5.0,3.0,1,3,0
0x3795cd0b6a87e4e11b0a4c098a2638b916052e46a97ef5d360871d8e35024a0e,2,0x3ce08659b6a80fb28f30fcb4583a7d734b6b5ef6,0xc9f27a50f82571c1c8423a42970613b8dbda14ef,2021-11-15 15:00:51+00:00,140890,153325370328,8193699,93629,0,60,2.0,323,1373,1407,0.9758351101634684,62,68,73,0.9315068493150684,28,282,1816897,178,0x3795cd0b6a87e4e11b0a4c098a2638b916052e46a97ef5d360871d8e35024a0e,2,1,8,860,74,472317,24,7,4.0,3.0,1,3,0
0x630589608447d52e62cc1720d4eaa13220e9c5419b3cc08c586db8cabcfc1b66,3,0xc0c86e47a5a9f5b5c2a5e5b46b12bd8a99f68210,0xc9f27a50f82571c1c8423a42970613b8dbda14ef,2021-11-15 16:17:23+00:00,287719,177201339248,12147998,185423,0,93,2.0,322,1374,1408,0.9758522727272728,62,100,100,1.0,43,301,1944889,179,0x630589608447d52e62cc1720d4eaa13220e9c5419b3cc08c586db8cabcfc1b66,1,1,13,861,74,472662,34,7,5.0,3.0,1,3,0
0x7be65c314e8c3154a875ac8360804d3543fd78ca6dd7799972bdc164cc1dcd82,2,0xc0c86e47a5a9f5b5c2a5e5b46b12bd8a99f68210,0xc9f27a50f82571c1c8423a42970613b8dbda14ef,2021-11-15 17:39:38+00:00,287719,125419199356,22551933,62242,0,94,2.0,321,1375,1410,0.975177304964539,62,101,102,0.9901960784313724,43,301,1945211,180,0x7be65c314e8c3154a875ac8360804d3543fd78ca6dd7799972bdc164cc1dcd82,3,1,10,861,74,472984,34,7,4.0,3.0,1,3,0
0x33508eb23ce8236a6bfa6c8f9c8e5438641011863654bca21ab3a7eb13dfa226,2,0xc0c86e47a5a9f5b5c2a5e5b46b12bd8a99f68210,0xc9f27a50f82571c1c8423a42970613b8dbda14ef,2021-11-15 17:39:38+00:00,166558,168869921343,22662674,110741,0,95,2.0,320,1375,1410,0.975177304964539,62,101,102,0.9901960784313724,43,301,1945211,181,0x33508eb23ce8236a6bfa6c8f9c8e5438641011863654bca21ab3a7eb13dfa226,3,1,8,861,74,472984,34,7,4.0,3.0,1,3,0
0x41d26a28e70f9e0a5b04aa6b05bdccb6ca0ef2b02cba398a761aa3c10b15c2e8,3,0xdd9a37324faf398c0e26774e6bffa6cc2544c974,0xc9f27a50f82571c1c8423a42970613b8dbda14ef,2021-11-15 19:18:03+00:00,284239,160876485158,12200831,183103,0,26,2.0,319,1376,1411,0.9751948972360028,62,31,34,0.9117647058823528,10,321,2073519,182,0x41d26a28e70f9e0a5b04aa6b05bdccb6ca0ef2b02cba398a761aa3c10b15c2e8,1,1,12,862,74,473437,19,7,5.0,3.0,1,3,0
0xa6f50296103dec3393e18d4a960ef87e7f77678074ebb488e56af8be92a583c0,2,0xed8bd9b39a3416e8312cc54a96cbcc4ffd609a72,0xc9f27a50f82571c1c8423a42970613b8dbda14ef,2021-11-16 00:25:49+00:00,140944,167574679216,10215382,88865,0,77,2.0,318,1377,1412,0.9752124645892352,63,82,85,0.9647058823529412,30,237,1521601,183,0xa6f50296103dec3393e18d4a960ef87e7f77678074ebb488e56af8be92a583c0,4,3,8,862,75,474798,23,7,4.0,3.0,1,3,0
0x5d3db067701697686004b71b1914c665a05a972d400693b050895d12d258436a,2,0xbe59bfb3a0620046abd575fe4bdfd4fcc70ea64c,0xc9f27a50f82571c1c8423a42970613b8dbda14ef,2021-11-16 00:30:51+00:00,140926,156655972046,646287,88853,0,7,2.0,317,1378,1413,0.9752300070771408,63,11,11,1.0,6,75,478026,184,0x5d3db067701697686004b71b1914c665a05a972d400693b050895d12d258436a,2,2,8,862,75,474821,7,7,4.0,3.0,1,3,0
0x6649faf10303ee33a7fe693b50d07cd412a33e27486e5879fee761b1fe54e98e,3,0x96ad44c2c9f6746b85fec00e48146357daf450fe,0xc9f27a50f82571c1c8423a42970613b8dbda14ef,2021-11-16 05:05:33+00:00,284257,141841016548,906923,183115,0,181,2.0,316,1379,1414,0.9752475247524752,63,187,189,0.9894179894179894,63,483,3124098,185,0x6649faf10303ee33a7fe693b50d07cd412a33e27486e5879fee761b1fe54e98e,1,1,12,863,75,475979,58,7,5.0,3.0,1,3,0
0xb1aeda212c01d1691742389df92821b02da6188324bb26171f23c41c2c2e3fb6,3,0x351d408a89c5a9f721e5c4a484508ba48d973b41,0xc9f27a50f82571c1c8423a42970613b8dbda14ef,2021-11-16 05:20:38+00:00,284257,135405909502,9074082,183115,0,127,2.0,315,1380,1415,0.9752650176678443,63,135,136,0.9926470588235294,54,650,4202544,186,0xb1aeda212c01d1691742389df92821b02da6188324bb26171f23c41c2c2e3fb6,1,1,12,864,75,476055,45,7,5.0,3.0,1,3,0
0xc7eb495a17212c500ec5f87162437036ee04e404f48ecbc46fba7fcc3ad5b0f2,2,0x4721a43133d1a13f3651a415b68f81e73edb5dc6,0xc9f27a50f82571c1c8423a42970613b8dbda14ef,2021-11-16 05:37:55+00:00,140908,143899408691,2268828,93641,0,533,2.0,314,1381,1416,0.9752824858757062,63,543,565,0.9610619469026548,112,320,2060485,187,0xc7eb495a17212c500ec5f87162437036ee04e404f48ecbc46fba7fcc3ad5b0f2,11,9,8,864,75,476135,71,7,4.0,3.0,1,3,0
0x333451515e69cbf88639a0c5b211bc9f993df9ff8eff26db1d2e9103cbd7ff40,3,0x599e9fa64937ca03c622a22484dace9ffef5bbc1,0xc9f27a50f82571c1c8423a42970613b8dbda14ef,2021-11-16 08:01:49+00:00,287701,98011177891,15760217,185411,0,8,2.0,313,1382,1417,0.9752999294283698,63,13,13,1.0,7,186,1194991,188,0x333451515e69cbf88639a0c5b211bc9f993df9ff8eff26db1d2e9103cbd7ff40,1,1,13,865,75,476759,6,7,5.0,3.0,1,3,0
0x93b0a74c6f18fec6c24957b50bdff4c74df3e174f7b5d08d8e6b8b92de4cf5d8,2,0x599e9fa64937ca03c622a22484dace9ffef5bbc1,0xc9f27a50f82571c1c8423a42970613b8dbda14ef,2021-11-16 08:06:37+00:00,140926,113310640166,23487355,88853,0,9,2.0,312,1383,1418,0.9753173483779972,63,14,14,1.0,7,186,1195012,189,0x93b0a74c6f18fec6c24957b50bdff4c74df3e174f7b5d08d8e6b8b92de4cf5d8,2,1,8,865,75,476780,6,7,4.0,3.0,1,3,0
0xd4dc07ceb36453fb1379160d40fcb713815fffe2f6159af20beae71bc1097535,3,0x887c3599c4826f7b3cde82003b894430f27d5b92,0xc9f27a50f82571c1c8423a42970613b8dbda14ef,2021-11-16 12:03:45+00:00,126804,109322330574,9261748,84239,0,1210,2.0,311,1384,1419,0.9753347427766031,63,1222,1258,0.971383147853736,197,422,2729853,190,0xd4dc07ceb36453fb1379160d40fcb713815fffe2f6159af20beae71bc1097535,3,2,6,865,75,477800,298,4,4.0,1.0,1,2,0
0x73a3873e6ba2579e8e0b9ec02ea8a34c7db37ab92567bfb642ed3f8b91059d25,3,0x4d03aea34ffefd6af6cc154b3f03501ae083fb92,0xc9f27a50f82571c1c8423a42970613b8dbda14ef,2021-11-16 13:47:56+00:00,126840,109854059369,12391928,84263,0,628,,310,1385,1420,0.9753521126760564,63,627,656,0.9557926829268292,110,288,1855076,191,0x73a3873e6ba2579e8e0b9ec02ea8a34c7db37ab92567bfb642ed3f8b91059d25,2,2,6,865,75,478253,148,4,4.0,1.0,1,2,0
0xea3be548e0b2d6d826871cfd353cb5450b1d58c50ee41e3d1ee5b05f1be6ad80,3,0xfb229270411803159a621941d0ae8beea656b0be,0xc9f27a50f82571c1c8423a42970613b8dbda14ef,2021-11-16 15:18:22+00:00,126840,141847578743,5980868,84263,0,63,2.0,309,1386,1421,0.9753694581280788,63,68,73,0.9315068493150684,26,157,1008838,192,0xea3be548e0b2d6d826871cfd353cb5450b1d58c50ee41e3d1ee5b05f1be6ad80,2,2,6,865,75,478634,15,4,4.0,1.0,1,2,0
0xdf7fb6b7b6912dbc6eeebf01e7646e3cf64b8089035d42239264a5fefcff9f46,3,0xe3f0254b09aec48ffa46f9eee5a3bc7a8e510e6d,0xc9f27a50f82571c1c8423a42970613b8dbda14ef,2021-11-16 16:36:47+00:00,250977,122335398506,16065508,165728,0,505,2.0,308,1387,1422,0.9753867791842477,63,497,509,0.9764243614931236,138,408,2637800,193,0xdf7fb6b7b6912dbc6eeebf01e7646e3cf64b8089035d42239264a5fefcff9f46,1,1,6,866,75,478980,131,4,4.0,1.0,1,2,0
0x894cd0691379fa66e5ecca60e776165816fa32bd1378aaf38823fb6dc08d5e46,3,0x311df2479cb6091b26e82390eb472c125df6d4da,0xc9f27a50f82571c1c8423a42970613b8dbda14ef,2021-11-16 18:21:09+00:00,250977,110848701556,5975192,165728,0,18,2.0,307,1388,1423,0.9754040758959944,63,24,24,1.0,4,5,33107,194,0x894cd0691379fa66e5ecca60e776165816fa32bd1378aaf38823fb6dc08d5e46,1,1,6,867,75,479456,14,4,4.0,1.0,1,2,0
0x04a2584df8ef98ac10704413a2b5d2ed8cab736d2fd6e260beff6229167f5bd6,3,0xb2812370f17465ae096ced55679428786734a678,0xc9f27a50f82571c1c8423a42970613b8dbda14ef,2021-11-16 18:49:17+00:00,250977,117336867927,17564684,165728,0,1204,2.0,306,1389,1424,0.9754213483146068,63,1012,1210,0.8363636363636363,108,367,2373489,195,0x04a2584df8ef98ac10704413a2b5d2ed8cab736d2fd6e260beff6229167f5bd6,1,1,6,868,75,479579,262,4,4.0,1.0,1,2,0
0xfce0cc7154d28b65a30201a727cc778be04b9504d636323cae8b6b82c6d27ac8,3,0xedb2055180f691df38f6eb338d6ae4117a81255e,0xc9f27a50f82571c1c8423a42970613b8dbda14ef,2021-11-16 20:24:30+00:00,250941,132468670989,7098151,165704,0,131,2.0,305,1390,1425,0.975438596491228,63,141,145,0.9724137931034482,51,161,1033582,196,0xfce0cc7154d28b65a30201a727cc778be04b9504d636323cae8b6b82c6d27ac8,6,3,6,868,75,479991,40,4,4.0,1.0,1,2,0
0xc66e5d32c0d3be9740a5dd5ac12b40294d0d150e2aba48965c2ea9d7cf3b5ff9,3,0x71c2cf4877c991f5b7047636c8ebc04408a8312d,0xc9f27a50f82571c1c8423a42970613b8dbda14ef,2021-11-17 01:21:11+00:00,250959,120193847999,20094358,165716,0,492,2.0,304,1391,1426,0.9754558204768584,64,513,522,0.9827586206896552,125,435,2806831,197,0xc66e5d32c0d3be9740a5dd5ac12b40294d0d150e2aba48965c2ea9d7cf3b5ff9,1,1,6,869,76,481316,127,4,4.0,1.0,1,2,0
0xdc8053380ec7a30e61030fcc0397eb213b0aacd450b5f0003d5f9b3f34a7e487,2,0x1da75fb0da32653fdab9ddecdb42f2ed61f8a28b,0xc9f27a50f82571c1c8423a42970613b8dbda14ef,2021-11-17 02:39:10+00:00,140944,97234171317,25843340,88865,0,2605,2.0,303,1392,1427,0.9754730203223546,64,2585,2757,0.9376133478418572,342,1181,7426816,198,0xdc8053380ec7a30e61030fcc0397eb213b0aacd450b5f0003d5f9b3f34a7e487,3,3,8,869,76,481668,554,7,4.0,3.0,1,3,0
0xf823313fa4a3915ed508c16376520b4d3cc5a8b734579ccedbb23cd390fef377,2,0x267a6d716452082f5a45b6192436566e9b5b108f,0xc9f27a50f82571c1c8423a42970613b8dbda14ef,2021-11-17 07:09:39+00:00,166540,93000000000,11735530,110729,0,442,,302,1393,1428,0.9754901960784312,64,469,502,0.9342629482071712,96,436,2815997,199,0xf823313fa4a3915ed508c16376520b4d3cc5a8b734579ccedbb23cd390fef377,7,5,8,869,76,482826,49,7,4.0,3.0,1,3,0
0x2dfe5d05e4b27ab0e5183daa0fd9f229f8d39f43b74f5c28274477ee5319d7f4,3,0x5fc79e21ceca2aa0f7a0aac71ef3ddde8f004e9e,0xc9f27a50f82571c1c8423a42970613b8dbda14ef,2021-11-17 09:05:34+00:00,126804,107776120662,1710289,84239,0,2967,2.0,301,1394,1429,0.9755073477956612,64,2939,2979,0.9865726753944276,253,385,2486226,200,0x2dfe5d05e4b27ab0e5183daa0fd9f229f8d39f43b74f5c28274477ee5319d7f4,2,2,6,869,76,483347,491,4,4.0,1.0,1,2,0
0x7831bc7fddfa64744bb1a84b8450197fd0b8479bcf096897b975697b760c85a5,3,0x5827da6bbfd881ceeb542001f4abcc3cfd862e4f,0xc9f27a50f82571c1c8423a42970613b8dbda14ef,2021-11-17 11:37:54+00:00,250959,83001017384,14984282,165716,0,476,2.0,300,1395,1430,0.9755244755244756,64,502,518,0.969111969111969,48,453,2927155,201,0x7831bc7fddfa64744bb1a84b8450197fd0b8479bcf096897b975697b760c85a5,1,1,6,870,76,484021,53,4,4.0,1.0,1,2,0
0xb5fa85b48f0c73434a3fa4196f07515467effce55f6f70902431a042ad71990b,3,0xfe99cb7011e55f1dd8c376f9134e24ef8a10b14d,0xc9f27a50f82571c1c8423a42970613b8dbda14ef,2021-11-17 12:53:21+00:00,126822,127269893671,12586238,84251,0,775,2.0,299,1396,1431,0.9755415793151642,64,794,794,1.0,257,522,3375544,202,0xb5fa85b48f0c73434a3fa4196f07515467effce55f6f70902431a042ad71990b,3,3,6,870,76,484327,172,4,4.0,1.0,1,2,0
0x6964b7d259ab9fbff4badd869dae2e00e11ca42902e3240d9bc827d6db54bc31,2,0x3ae67a9cfaddac5d8434df5c96c3e42e163f46e1,0xc9f27a50f82571c1c8423a42970613b8dbda14ef,2021-11-17 13:11:39+00:00,140908,82951549781,1725465,93641,0,788,2.0,298,1397,1432,0.9755586592178772,64,787,866,0.9087759815242494,186,390,2520069,203,0x6964b7d259ab9fbff4badd869dae2e00e11ca42902e3240d9bc827d6db54bc31,3,3,8,870,76,484421,221,7,4.0,3.0,1,3,0
0x22a7459dcf2d889384178561bad4f469a1f35d7eb03286c4672f52eb7c1de6e1,3,0xffba44c15fe2768bc2234078dfac8c5a651a56e9,0xc9f27a50f82571c1c8423a42970613b8dbda14ef,2021-11-17 13:36:38+00:00,126822,94439801393,17455173,84251,0,89,2.0,297,1398,1433,0.9755757152826238,64,90,96,0.9375,32,268,1729624,204,0x22a7459dcf2d889384178561bad4f469a1f35d7eb03286c4672f52eb7c1de6e1,2,2,6,870,76,484563,38,4,4.0,1.0,1,2,0
0x6becf41f142c6f39d02e032ac5d3a2f1adc914ab46a1a84d469855eb04e0e915,3,0x7a0757e759b6331bdc5561d69a99f214572c7941,0xc9f27a50f82571c1c8423a42970613b8dbda14ef,2021-11-17 17:38:39+00:00,250959,172501474514,4635492,165716,0,128,2.0,296,1399,1434,0.9755927475592748,64,131,136,0.963235294117647,32,264,1703706,205,0x6becf41f142c6f39d02e032ac5d3a2f1adc914ab46a1a84d469855eb04e0e915,1,1,6,871,76,485662,53,4,4.0,1.0,1,2,0
0x638ddb610ff44da503e8cc6d812eee67d18ed957e979d44744c7aee93f97562b,3,0x6308a7922773e7a1d0d1b60169ce850afaeab918,0xc9f27a50f82571c1c8423a42970613b8dbda14ef,2021-11-17 19:15:41+00:00,250977,139235946454,1354070,165728,0,886,2.0,295,1400,1435,0.975609756097561,64,930,958,0.9707724425887264,104,133,853592,206,0x638ddb610ff44da503e8cc6d812eee67d18ed957e979d44744c7aee93f97562b,1,1,6,872,76,486091,67,4,4.0,1.0,1,2,0
0x6956e9223bcf7cc9eda0bffbe3000b9871853641c1851bbb663a0fe1520f34b0,3,0x0499709b8732b218be8e82f73d8c3b01cebcdeaa,0xc9f27a50f82571c1c8423a42970613b8dbda14ef,2021-11-17 19:53:28+00:00,250959,100972797664,9528650,165716,0,85,2.0,294,1401,1436,0.9756267409470752,64,101,106,0.9528301886792452,33,218,1400204,207,0x6956e9223bcf7cc9eda0bffbe3000b9871853641c1851bbb663a0fe1520f34b0,1,1,6,873,76,486283,33,4,4.0,1.0,1,2,0
0x1f97e33bd097f5c68a4aa6a75005ab56e2df8b7b0994e226f1150c922fb5e676,2,0xab2c57668cb7ecd1cf27f360a89516b6a9987ef5,0xc9f27a50f82571c1c8423a42970613b8dbda14ef,2021-11-17 20:10:24+00:00,166558,132212582168,4251262,110741,0,347,2.0,293,1402,1437,0.975643702157272,64,345,360,0.9583333333333331,85,285,1839162,208,0x1f97e33bd097f5c68a4aa6a75005ab56e2df8b7b0994e226f1150c922fb5e676,2,2,8,873,76,486367,82,7,4.0,3.0,1,3,0
0xe745720ca05c89c330178111b843383e95c7db1018630a13e55a9dfafb0f3d74,3,0x1de5366615bceb1bdb7274536bf3fc9f06aa9c2c,0xc9f27a50f82571c1c8423a42970613b8dbda14ef,2021-11-17 21:49:17+00:00,250977,119690136538,28304069,165728,0,586,2.0,292,1403,1438,0.9756606397774688,64,571,600,0.9516666666666665,99,1382,8608706,209,0xe745720ca05c89c330178111b843383e95c7db1018630a13e55a9dfafb0f3d74,1,1,6,874,76,486789,85,4,4.0,1.0,1,2,0
0x5d23117e303491f62bd8af21613813b7963b65fb7a2f3b8540972d2a42cd9ff1,2,0x392027fdc620d397ca27f0c1c3dcb592f27a4dc3,0xc9f27a50f82571c1c8423a42970613b8dbda14ef,2021-11-18 02:12:53+00:00,166594,87303855425,5697667,105965,0,2958,,291,1404,1439,0.975677553856845,65,2866,3012,0.951527224435591,353,645,4168897,210,0x5d23117e303491f62bd8af21613813b7963b65fb7a2f3b8540972d2a42cd9ff1,2,2,8,874,77,487936,667,7,4.0,3.0,1,3,0
0x1b0111f5b1dd6d8bd251a7c44b9ed7c769307e779e9ffda355d126c4395031a0,2,0xab2c57668cb7ecd1cf27f360a89516b6a9987ef5,0xc9f27a50f82571c1c8423a42970613b8dbda14ef,2021-11-18 05:45:52+00:00,166558,137907090135,21588244,110741,0,351,2.0,290,1405,1440,0.9756944444444444,65,349,364,0.9587912087912088,86,286,1841642,211,0x1b0111f5b1dd6d8bd251a7c44b9ed7c769307e779e9ffda355d126c4395031a0,3,3,8,874,77,488847,82,7,4.0,3.0,1,3,0
0xb734a2af9ec789dcaf088acf2b7726c9f2ec5954131a71c9ca595ed90761944d,2,0xc0618e67dcad60e14f810912eed85ec4cb02530e,0xc9f27a50f82571c1c8423a42970613b8dbda14ef,2021-11-18 10:28:21+00:00,166540,81561352535,14117263,110729,0,22,2.0,289,1406,1441,0.9757113115891742,65,30,30,1.0,9,77,493479,212,0xb734a2af9ec789dcaf088acf2b7726c9f2ec5954131a71c9ca595ed90761944d,4,4,8,874,77,490099,7,7,4.0,3.0,1,3,0
0x1ce5c7e27d4ee7efb7a41499513ab9c62cfbde39312607959d9619594754b5c6,2,0x96217e8777c9753c248228dc20055af38afc5004,0xc9f27a50f82571c1c8423a42970613b8dbda14ef,2021-11-18 15:06:35+00:00,140944,192060207670,4339023,88865,0,671,2.0,288,1407,1442,0.9757281553398058,65,671,714,0.9397759103641457,179,320,2065566,213,0x1ce5c7e27d4ee7efb7a41499513ab9c62cfbde39312607959d9619594754b5c6,4,4,8,874,77,491341,153,7,4.0,3.0,1,3,0
0x912f49c095a7c2e7c82dcedbb8abf48d4d54401f5c8aef3dadd97759a5b8c0b0,2,0xee4ed176b77fd1a25a9b75597ac2e8a3ca3035c9,0xc9f27a50f82571c1c8423a42970613b8dbda14ef,2021-11-18 15:10:58+00:00,140958,208265665485,8268323,88865,0,221,2.0,287,1408,1443,0.9757449757449757,65,219,237,0.9240506329113924,82,249,1604173,214,0x912f49c095a7c2e7c82dcedbb8abf48d4d54401f5c8aef3dadd97759a5b8c0b0,3,3,8,874,77,491360,57,7,4.0,3.0,1,3,0
0xc117bf08461aef0b8692047a4abdd9df2cf70294d2bae44bac2182de54e3dbf6,2,0x06924592cdf28acd3c1d23c37875c6c6a667bdf7,0xc9f27a50f82571c1c8423a42970613b8dbda14ef,2021-11-18 17:53:47+00:00,140944,156333132012,25335121,88865,0,57,2.0,286,1409,1444,0.9757617728531855,65,64,65,0.9846153846153846,20,80,512649,215,0xc117bf08461aef0b8692047a4abdd9df2cf70294d2bae44bac2182de54e3dbf6,3,3,8,874,77,492102,25,7,4.0,3.0,1,3,0
0xac989a731707c254f6e92a5ddf88bbefedd631a3d86955d8319c134c50b73a52,2,0xd90177fd58222eea2e2db63c452afebebc3a51ea,0xc9f27a50f82571c1c8423a42970613b8dbda14ef,2021-11-18 20:06:13+00:00,140926,179066504181,3702460,88853,0,454,2.0,285,1410,1445,0.9757785467128028,65,462,478,0.9665271966527196,98,234,1504710,216,0xac989a731707c254f6e92a5ddf88bbefedd631a3d86955d8319c134c50b73a52,2,2,8,874,77,492679,89,7,4.0,3.0,1,3,0
0xc023e37682ad9bd3b0698e72938226d99b07aa020e3f8d0b877db2bee3a9b476,2,0x922d9d211cc14ff78514184dd3b6811592f6ea78,0xc9f27a50f82571c1c8423a42970613b8dbda14ef,2021-11-18 20:24:45+00:00,140926,164574743031,3705977,88853,0,9,2.0,284,1411,1446,0.9757952973720608,65,14,14,1.0,7,197,1268078,217,0xc023e37682ad9bd3b0698e72938226d99b07aa020e3f8d0b877db2bee3a9b476,2,2,8,874,77,492766,7,7,4.0,3.0,1,3,0
0x63f862907e12df0834009d8739aced3daf83c569f272c4ff283da8308e3b534a,3,0x888f33a3dab20a30f2229a1e96791082c66351fb,0xc9f27a50f82571c1c8423a42970613b8dbda14ef,2021-11-19 03:30:50+00:00,126822,85000000000,24192004,84251,0,70,2.0,283,1412,1447,0.97581202487906,66,102,103,0.9902912621359224,48,1428,8868148,218,0x63f862907e12df0834009d8739aced3daf83c569f272c4ff283da8308e3b534a,2,2,6,874,78,494639,26,4,4.0,1.0,1,2,0
0x7ffd99dd3e4608287f435114c25fa1fe0133d712543fd8b7aa143e1e6b6a3342,2,0x501c3df54fbb26a251795f809601865d69de2ac8,0xc9f27a50f82571c1c8423a42970613b8dbda14ef,2021-11-19 06:42:33+00:00,140944,121295118026,9424885,88865,0,103,2.0,282,1413,1448,0.975828729281768,66,136,137,0.9927007299270072,39,248,1592417,219,0x7ffd99dd3e4608287f435114c25fa1fe0133d712543fd8b7aa143e1e6b6a3342,2,2,8,874,78,495454,27,7,4.0,3.0,1,3,0
0x4661b55ae427259cbf34888b1a4eadef9483116790e68524c1fb2b0820e8a1b1,2,0x3f341eccd6ea3a4ca1009c1c937ba12ecb8ebc77,0xc9f27a50f82571c1c8423a42970613b8dbda14ef,2021-11-19 09:35:36+00:00,140926,91831068215,29300371,88853,0,434,,281,1414,1449,0.9758454106280192,66,432,452,0.9557522123893804,72,459,2966806,220,0x4661b55ae427259cbf34888b1a4eadef9483116790e68524c1fb2b0820e8a1b1,3,3,8,874,78,496183,139,7,4.0,3.0,1,3,0
0x1eeb8ee6fd7f527c2e4c077ee4b6bca669a0f4056e6763df8b20b7d8a8d50c18,3,0x72b223de2f773c814465c4a8f2ef9faae702cfb3,0xc9f27a50f82571c1c8423a42970613b8dbda14ef,2021-11-19 11:06:51+00:00,126822,104202137585,5077723,84251,0,2779,2.0,280,1415,1450,0.9758620689655172,66,2456,2790,0.8802867383512544,257,432,2793039,221,0x1eeb8ee6fd7f527c2e4c077ee4b6bca669a0f4056e6763df8b20b7d8a8d50c18,3,3,6,874,78,496549,313,4,4.0,1.0,1,2,0
0xde256e7b403287d6b669bab9d74872401fd219ffa43c875a5fc97460950f9a50,2,0x201fd463114179a87ee40193e1ed94a3fb13291e,0xc9f27a50f82571c1c8423a42970613b8dbda14ef,2021-11-19 13:53:40+00:00,140926,146908638622,2321747,88853,0,304,2.0,279,1416,1451,0.9758787043418332,66,301,308,0.9772727272727272,102,408,2639488,222,0xde256e7b403287d6b669bab9d74872401fd219ffa43c875a5fc97460950f9a50,2,2,8,874,78,497235,71,7,4.0,3.0,1,3,0
0x353c181fefb05cb09fa493024a4e743d0006f2dc4cb3ab84fd379e58468fdccd,2,0xb15a13c3cba6df94e22ff564f4efeb714f654979,0xc9f27a50f82571c1c8423a42970613b8dbda14ef,2021-11-19 16:03:14+00:00,140926,95277849529,24174137,88853,0,210,2.0,278,1417,1452,0.9758953168044076,66,211,223,0.9461883408071748,52,201,1289977,223,0x353c181fefb05cb09fa493024a4e743d0006f2dc4cb3ab84fd379e58468fdccd,2,2,8,874,78,497802,67,7,4.0,3.0,1,3,0
0x90593a0f847049beff6a5446f8eea59bd61f934e4810a894a267738dd1664a0d,3,0xe3f0254b09aec48ffa46f9eee5a3bc7a8e510e6d,0xc9f27a50f82571c1c8423a42970613b8dbda14ef,2021-11-19 20:00:38+00:00,126822,144153478345,9977397,84251,0,508,2.0,277,1418,1453,0.9759119064005504,66,500,512,0.9765625,139,411,2657681,224,0x90593a0f847049beff6a5446f8eea59bd61f934e4810a894a267738dd1664a0d,2,2,6,874,78,498861,132,4,4.0,1.0,1,2,0
0x47f452ec4c5c29214e45b582645ad303e5447e770fc9f603647b7bb89c8e8b4a,3,0xda1480828d9efeb694da1809b1bb251cf5eb7441,0xc9f27a50f82571c1c8423a42970613b8dbda14ef,2021-11-19 21:28:20+00:00,287701,136032067283,10426150,185411,0,641,2.0,276,1419,1454,0.9759284731774416,66,659,675,0.9762962962962964,254,829,5304573,225,0x47f452ec4c5c29214e45b582645ad303e5447e770fc9f603647b7bb89c8e8b4a,1,1,13,875,78,499226,153,7,5.0,3.0,1,3,0
0x290bda03d57fe22d44ce5c98c9a4a9eb1f631dcf60ab602835f28107aaee4800,3,0x5da7c20eb38f861adbbd8fa5a66bae8b71b51fca,0xc9f27a50f82571c1c8423a42970613b8dbda14ef,2021-11-20 06:10:43+00:00,126822,78202788142,3353511,84251,0,8,,275,1420,1455,0.9759450171821304,67,10,11,0.909090909090909,5,65,414721,226,0x290bda03d57fe22d44ce5c98c9a4a9eb1f631dcf60ab602835f28107aaee4800,2,2,6,875,79,501531,7,4,4.0,1.0,1,2,0
0xe97c30cd00231f4febdf4d1a6816b1b538af1ca4b7b2a036caa15509303cafdd,3,0x6b4488f2894a20b8f129b397715178b27ae2bb41,0xc9f27a50f82571c1c8423a42970613b8dbda14ef,2021-11-20 12:48:43+00:00,250959,74028381507,9278969,165716,0,30,2.0,274,1421,1456,0.9759615384615384,67,38,38,1.0,17,375,2420273,227,0xe97c30cd00231f4febdf4d1a6816b1b538af1ca4b7b2a036caa15509303cafdd,1,1,6,876,79,503304,19,4,4.0,1.0,1,2,0
0x8dc545aec309e485e6578985a61978b809ff3e416eeb83595df7d159951355e2,3,0xdbf14da8949d157b57acb79f6eee62412b210900,0xc9f27a50f82571c1c8423a42970613b8dbda14ef,2021-11-20 15:36:50+00:00,287701,78947180236,6905934,185411,0,566,2.0,273,1422,1457,0.9759780370624572,67,563,599,0.9398998330550918,178,1528,9378872,228,0x8dc545aec309e485e6578985a61978b809ff3e416eeb83595df7d159951355e2,1,1,13,877,79,504051,127,7,5.0,3.0,1,3,0
0x3fce4dfcde0e5ebcbde7c4332fdb35ef46a0033d892579dcabfcc6606124511c,3,0xdb952e1b416f8e1cedc0571f46710e0ec18beb52,0xc9f27a50f82571c1c8423a42970613b8dbda14ef,2021-11-20 16:03:35+00:00,126822,99703837878,12837552,79451,0,43,2.0,272,1423,1458,0.97599451303155,67,45,45,1.0,31,121,779539,229,0x3fce4dfcde0e5ebcbde7c4332fdb35ef46a0033d892579dcabfcc6606124511c,8,7,6,877,79,504168,10,4,4.0,1.0,1,2,0
0x8544d57f65c4b820b3ee718dff948e2a1724a875f46c53c8492e657de926bed5,2,0x70e09792e94b04cdb76abf7aa24781dcb4d37e2e,0xc9f27a50f82571c1c8423a42970613b8dbda14ef,2021-11-20 19:30:22+00:00,166558,101860164325,12210333,110741,0,280,2.0,271,1424,1459,0.976010966415353,67,283,295,0.959322033898305,78,474,3068081,230,0x8544d57f65c4b820b3ee718dff948e2a1724a875f46c53c8492e657de926bed5,3,3,8,877,79,505072,89,7,4.0,3.0,1,3,0
0x9911211c532aa4687b140a4b08ccf65da3a81dc35fdf73d828cc9f7306bdc1c3,3,0x8f2c649316d5e3f39b2fc0fb602334dd95b8719b,0xc9f27a50f82571c1c8423a42970613b8dbda14ef,2021-11-20 22:33:50+00:00,287701,68263069196,17689365,185411,0,28,2.0,270,1425,1460,0.976027397260274,67,29,30,0.9666666666666666,17,258,1660328,231,0x9911211c532aa4687b140a4b08ccf65da3a81dc35fdf73d828cc9f7306bdc1c3,1,1,13,878,79,505851,12,7,5.0,3.0,1,3,0
0x6e690538587620b322847faf21dd54fe790b31a6e2f66c35318f394fd4a2b1eb,2,0x55fa86242e0d95f4cc9ffa631bb1aecc87ab6a72,0xc9f27a50f82571c1c8423a42970613b8dbda14ef,2021-11-21 00:27:04+00:00,140926,88968677820,6124258,88853,0,53,2.0,269,1426,1461,0.976043805612594,68,57,63,0.9047619047619048,13,279,1793526,232,0x6e690538587620b322847faf21dd54fe790b31a6e2f66c35318f394fd4a2b1eb,2,2,8,878,80,506355,23,7,4.0,3.0,1,3,0
0x7692bf252d7466d36cd96eba591c8740aa18e4f722af00b317295f34092dc3bb,2,0x87c9ad753ea4d918f0b6fb21a555c30746ecc968,0xc9f27a50f82571c1c8423a42970613b8dbda14ef,2021-11-21 06:22:59+00:00,140908,72000000000,6594293,88841,0,144,,268,1427,1462,0.976060191518468,68,133,147,0.9047619047619048,24,264,1700552,233,0x7692bf252d7466d36cd96eba591c8740aa18e4f722af00b317295f34092dc3bb,2,2,8,878,80,507864,60,7,4.0,3.0,1,3,0
0xf556f57e488ec25de3e523762cba42a28295120e20a0da4bd38ac5d0b872be00,3,0xcbdffde80c471319f07465ad5f75077c9f7f2ff1,0xc9f27a50f82571c1c8423a42970613b8dbda14ef,2021-11-21 07:26:07+00:00,287701,89955043036,5592518,185411,0,74,2.0,267,1428,1463,0.9760765550239234,68,78,82,0.951219512195122,32,327,2105726,234,0xf556f57e488ec25de3e523762cba42a28295120e20a0da4bd38ac5d0b872be00,1,1,13,879,80,508128,31,7,5.0,3.0,1,3,0
0xddc7b9a07e4cced755bdb2f390df23819f1713ae62462a0233280be43aa7ffcc,2,0x872f6a5242a3e3aa2364c47455942d94f84832e5,0xc9f27a50f82571c1c8423a42970613b8dbda14ef,2021-11-21 13:27:25+00:00,140926,72312468939,6295856,88853,0,992,2.0,266,1429,1464,0.9760928961748632,68,1066,1110,0.9603603603603604,318,1554,9475338,235,0xddc7b9a07e4cced755bdb2f390df23819f1713ae62462a0233280be43aa7ffcc,2,2,8,879,80,509755,295,7,4.0,3.0,1,3,0
0x1843e2563dc900baf8566dcebb82b165d1f7e43ea7f605684a619c8e15769419,3,0x9ddea6c0bfa53bdf244ade7ba5ed7e227f6e58b4,0xc9f27a50f82571c1c8423a42970613b8dbda14ef,2021-11-21 16:30:22+00:00,284257,93498408783,12492869,183115,0,1013,2.0,265,1430,1465,0.9761092150170648,68,1012,1019,0.9931305201177624,199,346,2233610,236,0x1843e2563dc900baf8566dcebb82b165d1f7e43ea7f605684a619c8e15769419,1,1,12,880,80,510572,124,7,5.0,3.0,1,3,0
0x257c9d7cf168df85f5ac1cb44f73f34afa412790cd19bdf438fc0bf067e09e6d,2,0x5827da6bbfd881ceeb542001f4abcc3cfd862e4f,0xc9f27a50f82571c1c8423a42970613b8dbda14ef,2021-11-21 17:22:03+00:00,140926,92202974763,26065994,88853,0,482,2.0,264,1431,1466,0.97612551159618,68,510,526,0.9695817490494296,49,457,2953956,237,0x257c9d7cf168df85f5ac1cb44f73f34afa412790cd19bdf438fc0bf067e09e6d,2,2,8,880,80,510822,55,7,4.0,3.0,1,3,0
0x3b907a49789a4400d766daf726800c2e299410721c333ea6d52aff29a9fdee6d,2,0x5fbb8e0c28c5e9b718492c27cd408c16e568e2cb,0xc9f27a50f82571c1c8423a42970613b8dbda14ef,2021-11-21 18:50:48+00:00,166576,126993030363,5812257,105953,0,150,2.0,263,1432,1467,0.9761417859577368,68,138,160,0.8625,57,488,3156586,238,0x3b907a49789a4400d766daf726800c2e299410721c333ea6d52aff29a9fdee6d,2,2,8,880,80,511202,55,7,4.0,3.0,1,3,0
0xa512240b9a116f6369bf64e3c50667e6ebca9c6feda2428338db3268fcf0c85d,2,0xfe212078eb0e439e6f558193b69276186be2e246,0xc9f27a50f82571c1c8423a42970613b8dbda14ef,2021-11-22 03:57:15+00:00,140890,100423803681,26334383,93629,0,849,2.0,262,1433,1468,0.976158038147139,69,881,923,0.9544962080173348,259,1563,9515837,239,0xa512240b9a116f6369bf64e3c50667e6ebca9c6feda2428338db3268fcf0c85d,2,2,8,880,81,513562,310,7,4.0,3.0,1,3,0
0x570460243f2153d7c79610d43768bf21cabd3a707cc2504fb37bd342459911c8,2,0xcca89d02b1fcb375ba7296c4173ccdd84102cdfa,0xc9f27a50f82571c1c8423a42970613b8dbda14ef,2021-11-22 06:27:12+00:00,140908,111000000000,3776804,93641,0,367,2.0,261,1434,1469,0.9761742682096664,69,363,381,0.952755905511811,92,448,2892811,240,0x570460243f2153d7c79610d43768bf21cabd3a707cc2504fb37bd342459911c8,3,3,8,880,81,514221,106,7,4.0,3.0,1,3,0
0x7db28dc315a7979fdd591bff6d177c4d723fbe0c2ee1edb06b9798f2109ee848,2,0xf88dd1c8b3d1586f6aec8fbbf45d40d209c09be9,0xc9f27a50f82571c1c8423a42970613b8dbda14ef,2021-11-22 08:42:11+00:00,140926,104507810425,21057276,86140,0,121,2.0,259,1435,1471,0.9755268524813052,69,120,125,0.96,40,168,1075594,241,0x7db28dc315a7979fdd591bff6d177c4d723fbe0c2ee1edb06b9798f2109ee848,4,3,8,880,81,514794,58,7,4.0,3.0,1,3,0
0x370265839c05f6ca099dc5a43ca7fd184775ae6326e3b61514355e275741dc64,2,0xf88dd1c8b3d1586f6aec8fbbf45d40d209c09be9,0xc9f27a50f82571c1c8423a42970613b8dbda14ef,2021-11-22 08:42:11+00:00,140926,86706327447,20971136,88853,0,120,2.0,260,1435,1471,0.9755268524813052,69,120,125,0.96,40,168,1075594,242,0x370265839c05f6ca099dc5a43ca7fd184775ae6326e3b61514355e275741dc64,4,3,8,880,81,514794,58,7,4.0,3.0,1,3,0
0xd86f96274b3e9bc3252127f6872fbe05c6fbbb7e7bde04b58f57b03dc72dd806,3,0x6fe7e0c399dfddb13b9615683280a09208d4fd5d,0xc9f27a50f82571c1c8423a42970613b8dbda14ef,2021-11-22 12:43:56+00:00,126822,112835951209,5317219,84251,0,201,,258,1436,1472,0.9755434782608696,69,205,207,0.9903381642512076,45,75,478943,243,0xd86f96274b3e9bc3252127f6872fbe05c6fbbb7e7bde04b58f57b03dc72dd806,6,6,6,880,81,515874,56,4,4.0,1.0,1,2,0
0x23fd664ebe07a2529013616eb6066bf4e4acabfd658554d3914f7d66dae1c4f5,2,0xf181d5e9a972c03cd9b688a9d351bdaab0a13f1f,0xc9f27a50f82571c1c8423a42970613b8dbda14ef,2021-11-22 17:19:39+00:00,140944,138723445271,9041140,88865,0,860,2.0,257,1437,1473,0.975560081466395,69,859,906,0.9481236203090508,168,517,3345128,244,0x23fd664ebe07a2529013616eb6066bf4e4acabfd658554d3914f7d66dae1c4f5,2,2,8,880,81,517094,179,7,4.0,3.0,1,3,0
0xf0cdcf59fd7767475a1b0eab53bbfdbbf8e757ffac454abd96c45a901cdfa4a7,3,0xc80a38405f929b92bd889f3e5d438c342e498aca,0xc9f27a50f82571c1c8423a42970613b8dbda14ef,2021-11-22 17:43:18+00:00,250959,153712536566,10192710,165716,0,764,2.0,256,1438,1474,0.9755766621438264,69,742,776,0.9561855670103092,159,285,1836340,245,0xf0cdcf59fd7767475a1b0eab53bbfdbbf8e757ffac454abd96c45a901cdfa4a7,1,1,6,881,81,517182,198,4,4.0,1.0,1,2,0
0x53702b241996971a8b4ee5dbb08d03f41ad91e0ab1a5574c759750b4fb6c8cb9,2,0x1de5366615bceb1bdb7274536bf3fc9f06aa9c2c,0xc9f27a50f82571c1c8423a42970613b8dbda14ef,2021-11-22 21:07:32+00:00,140926,163914677284,19554071,88853,0,591,2.0,255,1439,1475,0.9755932203389832,69,576,605,0.9520661157024792,102,1387,8640024,246,0x53702b241996971a8b4ee5dbb08d03f41ad91e0ab1a5574c759750b4fb6c8cb9,2,2,8,881,81,518107,85,7,4.0,3.0,1,3,0
0x6765425a43f3767c4d3f2bc00f42c21e3ef9297068722ff83f7783da387c980f,3,0x62c717832bc866efb89299295ef071e5439a34e1,0xc9f27a50f82571c1c8423a42970613b8dbda14ef,2021-11-23 01:29:54+00:00,126822,83598305627,19992615,84251,0,63,2.0,254,1440,1476,0.975609756097561,70,72,75,0.96,20,129,821598,247,0x6765425a43f3767c4d3f2bc00f42c21e3ef9297068722ff83f7783da387c980f,3,3,6,881,82,519286,14,4,4.0,1.0,1,2,0
0x7f87be685f96cbc0815a807b7bd1a02984f2aae9e86c25870beee5adc9781c07,3,0xf9de4e7c610b325781388dcbc39107b09c05dcbd,0xc9f27a50f82571c1c8423a42970613b8dbda14ef,2021-11-23 09:09:30+00:00,287701,71000000000,1421124,185411,0,131,2.0,253,1441,1477,0.975626269465132,70,145,145,1.0,54,747,4778193,248,0x7f87be685f96cbc0815a807b7bd1a02984f2aae9e86c25870beee5adc9781c07,1,1,13,882,82,521288,57,7,5.0,3.0,1,3,0
0xc9747b3e648ef50170f95ac4a59044ea2f35b673f6a46775bb7b19c7cf5a3551,3,0x6f9fdb539b1c885e3418d081519dd5ae5c8e2cad,0xc9f27a50f82571c1c8423a42970613b8dbda14ef,2021-11-23 12:10:31+00:00,284257,73028259168,6386589,183115,0,28,2.0,252,1442,1478,0.9756427604871448,70,31,31,1.0,4,137,878024,249,0xc9747b3e648ef50170f95ac4a59044ea2f35b673f6a46775bb7b19c7cf5a3551,1,1,12,883,82,522063,21,7,5.0,3.0,1,3,0
0x5bfafb2f7feed05dcd76054a8636921cc10772a3ac092704a2590e924a2dcacf,2,0xda90d355b1bd4d01f6124fee7669090d4cbd5778,0xc9f27a50f82571c1c8423a42970613b8dbda14ef,2021-11-23 12:11:02+00:00,140926,80611825977,20530002,88853,0,125,2.0,251,1443,1479,0.9756592292089248,70,133,136,0.9779411764705882,43,184,1180231,250,0x5bfafb2f7feed05dcd76054a8636921cc10772a3ac092704a2590e924a2dcacf,3,3,8,883,82,522066,49,7,4.0,3.0,1,3,0
0xbe176ec175790132808f1db67158c1ac755a150582c037e5543f6433501655fc,3,0xea77012cc81d9fe7ab740fc64fccace238181c3d,0xc9f27a50f82571c1c8423a42970613b8dbda14ef,2021-11-23 15:03:34+00:00,284239,115099248499,1292001,178303,0,104,2.0,250,1444,1480,0.9756756756756756,70,116,117,0.9914529914529914,36,130,834099,251,0xbe176ec175790132808f1db67158c1ac755a150582c037e5543f6433501655fc,1,1,12,884,82,522849,46,7,5.0,3.0,1,3,0
0xebac64339f240cf49205980fc0a733c567858517852230077da51c4503d1ed31,2,0xea77012cc81d9fe7ab740fc64fccace238181c3d,0xc9f27a50f82571c1c8423a42970613b8dbda14ef,2021-11-23 15:06:57+00:00,140926,129241429256,11576679,88853,0,105,2.0,249,1445,1481,0.975692099932478,70,117,118,0.9915254237288136,36,130,834115,252,0xebac64339f240cf49205980fc0a733c567858517852230077da51c4503d1ed31,2,1,8,884,82,522865,46,7,4.0,3.0,1,3,0
0x569d10f44a01cfc72a8f2f3d6b19417781160994b226c8008ae1ef2193e3a3f2,2,0x0499709b8732b218be8e82f73d8c3b01cebcdeaa,0xc9f27a50f82571c1c8423a42970613b8dbda14ef,2021-11-23 17:30:24+00:00,140926,109847680213,13987815,88853,0,89,2.0,248,1446,1482,0.9757085020242914,70,106,111,0.954954954954955,36,224,1437414,253,0x569d10f44a01cfc72a8f2f3d6b19417781160994b226c8008ae1ef2193e3a3f2,2,2,8,884,82,523493,34,7,4.0,3.0,1,3,0
0x12d2a21e9cd887625df3adf48c8c7803f017b1db1f1678930a899c7f661c6cd0,3,0x57e648f095dc7d8b26e97dfd1d03be8d7fbfbf71,0xc9f27a50f82571c1c8423a42970613b8dbda14ef,2021-11-23 22:41:25+00:00,152878,107600806171,6700196,101351,0,1280,2.0,247,1447,1483,0.9757248819959542,70,1318,1381,0.9543808834178132,230,510,3299164,254,0x12d2a21e9cd887625df3adf48c8c7803f017b1db1f1678930a899c7f661c6cd0,3,3,6,884,82,524857,365,4,4.0,1.0,1,2,0
0xe04141660663a4d47a0728f202f0c0dc6ceaf314e30ee24311a9609263d8d4bf,3,0x93ab7580493da8e78a31c31250d3c5524b7ffd0e,0xc9f27a50f82571c1c8423a42970613b8dbda14ef,2021-11-24 10:10:38+00:00,126840,77628141259,1280889,84263,0,612,2.0,246,1448,1484,0.9757412398921832,71,578,631,0.9160063391442154,151,1015,6461621,255,0xe04141660663a4d47a0728f202f0c0dc6ceaf314e30ee24311a9609263d8d4bf,3,2,6,884,83,527918,196,4,4.0,1.0,1,2,0
0xcd67000de32ca2ce15d84befa6a96a5ca17c91646f4759822ed0d61dffff66e8,3,0xdb47eb5d158a0161108e5a91543ea473d500db2f,0xc9f27a50f82571c1c8423a42970613b8dbda14ef,2021-11-24 12:19:07+00:00,284239,89121433439,5347592,183103,0,594,2.0,245,1449,1485,0.9757575757575756,71,507,619,0.8190630048465266,74,447,2889579,256,0xcd67000de32ca2ce15d84befa6a96a5ca17c91646f4759822ed0d61dffff66e8,1,1,12,885,83,528501,100,7,5.0,3.0,1,3,0
0xe555bb055ba1dbb33695668ee993b00429d9c475859e8b3213069bc70d771c65,2,0xdb47eb5d158a0161108e5a91543ea473d500db2f,0xc9f27a50f82571c1c8423a42970613b8dbda14ef,2021-11-24 12:26:46+00:00,140908,82914007625,6645427,88841,0,595,2.0,244,1450,1486,0.9757738896366084,71,508,620,0.8193548387096774,74,447,2889611,257,0xe555bb055ba1dbb33695668ee993b00429d9c475859e8b3213069bc70d771c65,2,1,8,885,83,528533,100,7,4.0,3.0,1,3,0
0x018320dec87ef35919ae2f454b372f82e22721eb3c7a18b8dfc3d99dd4bf3069,2,0x0841f5c18af6e25171970388c9f82a9a76a5564a,0xc9f27a50f82571c1c8423a42970613b8dbda14ef,2021-11-24 13:47:34+00:00,140926,92576542644,9899155,88853,0,39,2.0,243,1451,1487,0.975790181573638,71,49,50,0.98,14,60,382038,258,0x018320dec87ef35919ae2f454b372f82e22721eb3c7a18b8dfc3d99dd4bf3069,2,2,8,885,83,528861,24,7,4.0,3.0,1,3,0
0xe34983f87cea46d920fbc52fc6dc3d0a2b2ef733094d20caf16210241ad7af38,2,0x4721a43133d1a13f3651a415b68f81e73edb5dc6,0xc9f27a50f82571c1c8423a42970613b8dbda14ef,2021-11-24 18:52:18+00:00,166558,101519500594,15168617,110741,0,544,2.0,242,1452,1488,0.9758064516129032,71,553,576,0.9600694444444444,115,328,2114566,259,0xe34983f87cea46d920fbc52fc6dc3d0a2b2ef733094d20caf16210241ad7af38,12,10,8,885,83,530216,72,7,4.0,3.0,1,3,0
0xa56805fa481bf77b78addf14232bc1af8cbdaa16fc4038243c5cb25b7f2b73cd,2,0xf8abd7383110aebda2976bdcb236643699e7ba9c,0xc9f27a50f82571c1c8423a42970613b8dbda14ef,2021-11-24 21:15:00+00:00,140926,152456402526,9752765,88853,0,275,2.0,241,1453,1489,0.9758226997985224,71,274,290,0.9448275862068964,64,337,2178658,260,0xa56805fa481bf77b78addf14232bc1af8cbdaa16fc4038243c5cb25b7f2b73cd,2,2,8,885,83,530822,57,7,4.0,3.0,1,3,0
0x139e5f958e5878d8d8fdc3203589dc181b755de6d4abcb25e7fe04153a93e2d3,2,0x2e7182c1648e31b661b3716caadae5401459334d,0xc9f27a50f82571c1c8423a42970613b8dbda14ef,2021-11-25 00:03:15+00:00,140908,130365533761,3995363,93641,0,139,2.0,240,1454,1490,0.9758389261744966,72,134,149,0.8993288590604027,34,92,587522,261,0x139e5f958e5878d8d8fdc3203589dc181b755de6d4abcb25e7fe04153a93e2d3,2,2,8,885,84,531549,46,7,4.0,3.0,1,3,0
0xebfef5bf2447149430659db8cdd732e3316e1affcb89c55af77738632addd623,2,0x318ca888e675ae7f0252803b68f23768866509ae,0xc9f27a50f82571c1c8423a42970613b8dbda14ef,2021-11-25 06:18:28+00:00,140926,137513506991,7512488,88853,0,35,2.0,239,1455,1491,0.9758551307847082,72,35,41,0.8536585365853658,14,246,1581577,262,0xebfef5bf2447149430659db8cdd732e3316e1affcb89c55af77738632addd623,2,2,8,885,84,533192,16,7,4.0,3.0,1,3,0
0x3f029cb695f3efc61d3aef2aa170a88ff51704fde1eea54921687ba3eb6977d6,2,0x643a6b677d7b82374de4e269b275c6bc5044e696,0xc9f27a50f82571c1c8423a42970613b8dbda14ef,2021-11-25 07:54:30+00:00,140890,147850487653,8788418,93629,0,516,2.0,238,1456,1492,0.9758713136729222,72,506,552,0.9166666666666666,159,1436,8916783,263,0x3f029cb695f3efc61d3aef2aa170a88ff51704fde1eea54921687ba3eb6977d6,2,2,8,885,84,533597,132,7,4.0,3.0,1,3,0
0x20057d33dbfbbd0f56180a4e31a5e608b9dc3f2ddba49b3b1bb305f62f9d9af7,2,0xe4f8288e2e7eaee5ac51dc8a8270715156544246,0xc9f27a50f82571c1c8423a42970613b8dbda14ef,2021-11-25 08:26:03+00:00,140944,110439212601,10381396,88865,0,793,2.0,237,1457,1493,0.9758874748827864,72,721,815,0.8846625766871165,93,1374,8560994,264,0x20057d33dbfbbd0f56180a4e31a5e608b9dc3f2ddba49b3b1bb305f62f9d9af7,5,3,8,885,84,533727,182,7,4.0,3.0,1,3,0
0x04406bba3eaa527ee5b1e1bca7ea446bb5381ed92da56be1e430e2cae3b51d2b,3,0x5b62f7cb26622935ed3b0e0e580f88476fa795d5,0xc9f27a50f82571c1c8423a42970613b8dbda14ef,2021-11-25 09:06:42+00:00,287665,90000000000,10239000,185387,0,43,,236,1458,1494,0.9759036144578312,72,43,49,0.8775510204081632,5,1267,7937547,265,0x04406bba3eaa527ee5b1e1bca7ea446bb5381ed92da56be1e430e2cae3b51d2b,1,1,13,886,84,533897,27,7,5.0,3.0,1,3,0
0x8e228c5dbbb5c9ba25d6a09a40bc8e9d9acfd42ec1a407e3c8087a9f7b401c96,2,0x67f3961d25922673a74f70f7f1a39485e84d9d8e,0xc9f27a50f82571c1c8423a42970613b8dbda14ef,2021-11-25 09:32:57+00:00,140944,98452326802,15569500,88865,0,653,2.0,235,1459,1495,0.9759197324414716,72,704,724,0.9723756906077348,168,1165,7334523,266,0x8e228c5dbbb5c9ba25d6a09a40bc8e9d9acfd42ec1a407e3c8087a9f7b401c96,3,3,8,886,84,534012,140,7,4.0,3.0,1,3,0
0x7ed1baf31150bc5f0595d067bb851f1dea4a0b5245130e946e26a8655213c84a,3,0x473bbc06d7fdb7713d1ed334f8d8096cad6ec3f3,0xc9f27a50f82571c1c8423a42970613b8dbda14ef,2021-11-25 10:04:16+00:00,126840,94015860164,901645,84263,0,3259,2.0,234,1460,1496,0.9759358288770053,72,3107,3310,0.9386706948640484,264,581,3752177,267,0x7ed1baf31150bc5f0595d067bb851f1dea4a0b5245130e946e26a8655213c84a,3,3,6,886,84,534141,451,4,4.0,1.0,1,2,0
0x3e58d2313fc9b660de0688c742a89dcec29ad267081d65f8d3ccdc42d47d2cdf,2,0x6baadd8b3770fc18f0428f25ed50cc00c71e6201,0xc9f27a50f82571c1c8423a42970613b8dbda14ef,2021-11-25 14:32:36+00:00,140926,128782762354,4704543,88853,0,626,2.0,233,1461,1497,0.9759519038076152,72,654,671,0.9746646795827124,150,552,3568708,268,0x3e58d2313fc9b660de0688c742a89dcec29ad267081d65f8d3ccdc42d47d2cdf,16,11,8,886,84,535342,129,7,4.0,3.0,1,3,0
0xa488efbd952c3bb104dcb950cf82ddfb02e2353f7f9dba44e904ffa71227b2cd,3,0x4d03aea34ffefd6af6cc154b3f03501ae083fb92,0xc9f27a50f82571c1c8423a42970613b8dbda14ef,2021-11-25 16:16:26+00:00,126840,138987791356,9405138,84263,0,654,,232,1462,1498,0.9759679572763684,72,653,684,0.9546783625730993,115,297,1912618,269,0xa488efbd952c3bb104dcb950cf82ddfb02e2353f7f9dba44e904ffa71227b2cd,3,3,6,886,84,535795,154,4,4.0,1.0,1,2,0
0x0411a30617de3b92df97705a50ed274164ff770b510cf3fda7f65a3925a51025,2,0xd6f339332204054c927ed4ee72110e560cc2beb8,0xc9f27a50f82571c1c8423a42970613b8dbda14ef,2021-11-25 17:13:49+00:00,166576,126164452981,13047306,105953,0,1733,2.0,231,1463,1499,0.9759839893262174,72,1724,1794,0.9609810479375696,218,356,2300035,270,0x0411a30617de3b92df97705a50ed274164ff770b510cf3fda7f65a3925a51025,5,5,8,886,84,536053,203,7,4.0,3.0,1,3,0
0xa42a5d702200ab69b62f53b9ed09719582ca2f9bc74aed310a4a92350682b140,3,0x5b23dab54350f1511fc7f11ea76d4f86c674f54c,0xc9f27a50f82571c1c8423a42970613b8dbda14ef,2021-11-25 17:15:55+00:00,250977,116188504100,6675079,165728,0,59,2.0,230,1464,1500,0.976,72,62,63,0.984126984126984,4,7,43031,271,0xa42a5d702200ab69b62f53b9ed09719582ca2f9bc74aed310a4a92350682b140,1,1,6,887,84,536068,27,4,4.0,1.0,1,2,0
0xb13408095b9a0c0a642b5280bfee927da302d36d989b28de22564053f49a7442,3,0xed36b17651229475a8eefbb64b706c18aafd4311,0xc9f27a50f82571c1c8423a42970613b8dbda14ef,2021-11-25 19:23:34+00:00,250977,80000000000,18294985,165728,0,755,2.0,229,1465,1501,0.9760159893404396,72,754,790,0.9544303797468354,170,415,2685991,272,0xb13408095b9a0c0a642b5280bfee927da302d36d989b28de22564053f49a7442,1,1,6,888,84,536615,103,4,4.0,1.0,1,2,0
0x83076b3bc2ab90d573b7dfb51f97cdd39753365b9956eb7123acad5ac2917c9b,2,0x5b62f7cb26622935ed3b0e0e580f88476fa795d5,0xc9f27a50f82571c1c8423a42970613b8dbda14ef,2021-11-25 19:56:32+00:00,140908,79000000000,16948169,88841,0,50,,228,1466,1502,0.9760319573901464,72,44,53,0.830188679245283,5,1267,7940418,273,0x83076b3bc2ab90d573b7dfb51f97cdd39753365b9956eb7123acad5ac2917c9b,2,1,8,888,84,536768,27,7,4.0,3.0,1,3,0
0xa7ca1116ad5fe90bda15173f77c6cfc31899d784dcb971f7aabb26f8642a2692,3,0xc50eaaee441566b4ef4f1e3270d19f24223cddf4,0xc9f27a50f82571c1c8423a42970613b8dbda14ef,2021-11-26 14:45:07+00:00,126714,70000000000,13836344,84179,0,6055,,227,1467,1503,0.9760479041916168,73,5619,6200,0.9062903225806452,578,1310,8178872,274,0xa7ca1116ad5fe90bda15173f77c6cfc31899d784dcb971f7aabb26f8642a2692,4,4,6,888,85,541676,457,4,4.0,1.0,1,2,0
0x05e29fa3cc35bb26e04d5de05104410e8f3a905bdf80eb02b563e0a795b69111,3,0xc50eaaee441566b4ef4f1e3270d19f24223cddf4,0xc9f27a50f82571c1c8423a42970613b8dbda14ef,2021-11-26 15:19:56+00:00,126876,70000000000,3899325,79487,0,6056,,226,1468,1504,0.976063829787234,73,5620,6201,0.9063054346073212,578,1310,8179049,275,0x05e29fa3cc35bb26e04d5de05104410e8f3a905bdf80eb02b563e0a795b69111,5,4,6,888,85,541853,457,4,4.0,1.0,1,2,0
0x4ac5dcdfbe5949f24a48edef96ea1ac1ee634c8c0ea7a05f5d341c05ce6f0c9c,2,0x76918841298c0eecf0fe9409cdad3000320666ed,0xc9f27a50f82571c1c8423a42970613b8dbda14ef,2021-11-26 16:11:11+00:00,166576,180152893387,5837208,105953,0,897,2.0,225,1469,1505,0.976079734219269,73,901,938,0.960554371002132,228,516,3337959,276,0x4ac5dcdfbe5949f24a48edef96ea1ac1ee634c8c0ea7a05f5d341c05ce6f0c9c,2,2,8,888,85,542070,290,7,4.0,3.0,1,3,0
0x6eb71a747266f77b9e34a33d6823b28134074373e542566fa0ae44a621398194,3,0xe175b3ef6ac9e0e000f294552d33196523c41067,0xc9f27a50f82571c1c8423a42970613b8dbda14ef,2021-11-26 17:24:56+00:00,287701,119614355985,14333624,185411,0,270,2.0,224,1470,1506,0.9760956175298804,73,347,347,1.0,89,238,1531107,277,0x6eb71a747266f77b9e34a33d6823b28134074373e542566fa0ae44a621398194,1,1,13,889,85,542402,97,7,5.0,3.0,1,3,0
0xa312a6663993746167abe880d6ee6a4af41cb2656a092006383be967114c2fa6,2,0xe175b3ef6ac9e0e000f294552d33196523c41067,0xc9f27a50f82571c1c8423a42970613b8dbda14ef,2021-11-26 17:27:52+00:00,166558,116434671263,10061869,105941,0,271,2.0,223,1471,1507,0.9761114797611148,73,348,348,1.0,89,238,1531119,278,0xa312a6663993746167abe880d6ee6a4af41cb2656a092006383be967114c2fa6,2,1,8,889,85,542414,97,7,4.0,3.0,1,3,0
0xc2f1574afecae51fba8b0f8ad0ce68df1511d712827d0a29bbbd26fa3be0b737,2,0x9a560c3cebb3a8c0f28efcc43f4d12e942f4eed7,0xc9f27a50f82571c1c8423a42970613b8dbda14ef,2021-11-26 18:38:12+00:00,140908,90244790106,20760472,93641,0,4931,2.0,222,1472,1508,0.9761273209549072,73,4545,4984,0.9119181380417334,433,676,4371856,279,0xc2f1574afecae51fba8b0f8ad0ce68df1511d712827d0a29bbbd26fa3be0b737,3,3,8,889,85,542717,575,7,4.0,3.0,1,3,0
0x17aa8c4f2fb56db99b69e7f8a3763c770f3ee50858d6764ae3a3a539a9aa7e36,2,0x311df2479cb6091b26e82390eb472c125df6d4da,0xc9f27a50f82571c1c8423a42970613b8dbda14ef,2021-11-26 19:31:24+00:00,140944,127711659111,2004945,88865,0,20,2.0,221,1473,1509,0.9761431411530817,73,26,26,1.0,5,15,96607,280,0x17aa8c4f2fb56db99b69e7f8a3763c770f3ee50858d6764ae3a3a539a9aa7e36,2,2,8,889,85,542956,15,7,4.0,3.0,1,3,0
0x5175b3a536e2f24052ebc929b8782e8147c462070e01c1e6f3080edc7c02655a,3,0x57e648f095dc7d8b26e97dfd1d03be8d7fbfbf71,0xc9f27a50f82571c1c8423a42970613b8dbda14ef,2021-11-27 00:14:47+00:00,126822,98444849874,7295778,84251,0,1289,2.0,220,1474,1510,0.976158940397351,74,1327,1390,0.9546762589928056,233,514,3318427,281,0x5175b3a536e2f24052ebc929b8782e8147c462070e01c1e6f3080edc7c02655a,4,4,6,889,86,544120,366,4,4.0,1.0,1,2,0
0x8a7b52e33a710a87d6a012240d6afd8cb2ded279fefea79314cd6abed3c0ff7f,3,0xb522bd8a501dfa970c40b57eb76c76256d55758d,0xc9f27a50f82571c1c8423a42970613b8dbda14ef,2021-11-27 03:49:53+00:00,250977,82126562867,18665740,165728,0,482,2.0,219,1475,1511,0.9761747187293184,74,500,514,0.9727626459143968,163,1479,9175305,282,0x8a7b52e33a710a87d6a012240d6afd8cb2ded279fefea79314cd6abed3c0ff7f,1,1,6,890,86,545110,126,4,4.0,1.0,1,2,0
0xa2b723aea39be89da18a5642e5e14d0998431e02ed88edc9ee95f4b2c9d90876,2,0x3b6d869f5f01fd22d9b9bd29fbb2ec3e284306bc,0xc9f27a50f82571c1c8423a42970613b8dbda14ef,2021-11-27 06:47:24+00:00,166558,98315708240,21448257,110741,0,39,2.0,218,1476,1512,0.976190476190476,74,50,50,1.0,20,254,1633435,283,0xa2b723aea39be89da18a5642e5e14d0998431e02ed88edc9ee95f4b2c9d90876,3,3,8,890,86,545915,19,7,4.0,3.0,1,3,0
0xfeda2b4bfe6f3e93d7ee60183aa33971a932ffe1ab0f67ed4fd39a4ea289ec00,2,0xe29bdd620872e4daea7cfd491a39798a1f564915,0xc9f27a50f82571c1c8423a42970613b8dbda14ef,2021-11-27 08:43:00+00:00,166540,105836538390,9799491,110729,0,281,2.0,217,1477,1513,0.9762062128222077,74,293,306,0.957516339869281,89,279,1794032,284,0xfeda2b4bfe6f3e93d7ee60183aa33971a932ffe1ab0f67ed4fd39a4ea289ec00,2,2,8,890,86,546413,58,7,4.0,3.0,1,3,0
0xace9934a20f0eda71936fcea7f9eb853ba12f97db88d9e096b87fd177e0f97f3,3,0x58214ca260a6344c0ca8f465cd33cd516fe5a3f7,0xc9f27a50f82571c1c8423a42970613b8dbda14ef,2021-11-27 09:34:50+00:00,126840,81652397923,1922056,84263,0,257,,216,1478,1514,0.976221928665786,74,252,273,0.9230769230769232,77,229,1470434,285,0xace9934a20f0eda71936fcea7f9eb853ba12f97db88d9e096b87fd177e0f97f3,6,4,6,890,86,546645,78,4,4.0,1.0,1,2,0
0x67d3f99f64d2fecb088a5cd2f452b00fdf60f2ff4fa16fb32fc78e30ac78b8e9,2,0x4e940b46ca0eba37c84e9d8094c5815539559a5c,0xc9f27a50f82571c1c8423a42970613b8dbda14ef,2021-11-27 09:42:43+00:00,140944,78133195751,10986220,88865,0,61,2.0,215,1479,1515,0.9762376237623762,74,88,88,1.0,43,1568,9548197,286,0x67d3f99f64d2fecb088a5cd2f452b00fdf60f2ff4fa16fb32fc78e30ac78b8e9,7,7,8,890,86,546682,28,7,4.0,3.0,1,3,0
0x5fe7e7e3d6ffcf253c4eb41d745df677102de0e5f7bfe6261cdd0fff1b25082e,2,0x35478ca8b342db92a3185998303141e386c08fca,0xc9f27a50f82571c1c8423a42970613b8dbda14ef,2021-11-27 10:55:48+00:00,166576,72301582392,6145133,105953,0,7,2.0,214,1480,1516,0.9762532981530344,74,8,9,0.8888888888888888,5,209,1339926,287,0x5fe7e7e3d6ffcf253c4eb41d745df677102de0e5f7bfe6261cdd0fff1b25082e,2,2,8,890,86,547010,5,7,4.0,3.0,1,3,0
0x866161f192798a61d64af4f20aa4790d329fb82922ee19b99c6a3cdec5d34557,3,0x991f3775c81d6f8331b9a812eda34ea48a7ea76d,0xc9f27a50f82571c1c8423a42970613b8dbda14ef,2021-11-27 12:14:22+00:00,284239,75144021304,5597879,183103,0,279,2.0,213,1481,1517,0.976268951878708,74,303,316,0.9588607594936708,105,460,2974876,288,0x866161f192798a61d64af4f20aa4790d329fb82922ee19b99c6a3cdec5d34557,1,1,12,891,86,547330,112,7,5.0,3.0,1,3,0
0xfbca97b30b214d7c2016f5176eb55c7c0637d437c31410accb2002f7c02e8993,3,0x5ac70fff1eb7872b87fe7d408e2d9aac25149450,0xc9f27a50f82571c1c8423a42970613b8dbda14ef,2021-11-27 13:55:07+00:00,287701,91518364636,10925187,185411,0,403,2.0,212,1482,1518,0.9762845849802372,74,435,445,0.9775280898876404,125,495,3197899,289,0xfbca97b30b214d7c2016f5176eb55c7c0637d437c31410accb2002f7c02e8993,1,1,13,892,86,547732,137,7,5.0,3.0,1,3,0
0x30f14d46d2e49c5fdb1943d69a60988a8349680bba0e74be72b7bad9470ebc52,2,0xf13cfb041a1131ebe76d5284f90f5c2b8844efd3,0xc9f27a50f82571c1c8423a42970613b8dbda14ef,2021-11-27 19:11:13+00:00,140944,70433603281,16758584,88865,0,1192,2.0,211,1483,1519,0.976300197498354,74,1163,1244,0.934887459807074,206,790,5052708,290,0x30f14d46d2e49c5fdb1943d69a60988a8349680bba0e74be72b7bad9470ebc52,3,2,8,892,86,549161,166,7,4.0,3.0,1,3,0
0x2cb63353d05d1a982e90706c6d56bf14338bcdb6cc15d92d5d6e1f5a3699738b,3,0x128b5aec9a39149935c0de26e7c97b0e3f19b0fc,0xc9f27a50f82571c1c8423a42970613b8dbda14ef,2021-11-27 20:11:38+00:00,126840,159164381516,6949175,84263,0,87,2.0,210,1484,1520,0.9763157894736842,74,96,97,0.9896907216494844,25,77,493347,291,0x2cb63353d05d1a982e90706c6d56bf14338bcdb6cc15d92d5d6e1f5a3699738b,4,4,6,892,86,549411,20,4,4.0,1.0,1,2,0
0xa98298617fd9cf8211269bfb8ef73ec1186eec36b0441f2878cabd22107fd593,2,0x643a6b677d7b82374de4e269b275c6bc5044e696,0xc9f27a50f82571c1c8423a42970613b8dbda14ef,2021-11-27 21:11:19+00:00,166558,106242707252,15588247,105941,0,519,2.0,209,1485,1521,0.9763313609467456,74,510,556,0.9172661870503596,160,1438,8932885,292,0xa98298617fd9cf8211269bfb8ef73ec1186eec36b0441f2878cabd22107fd593,3,3,8,892,86,549699,132,7,4.0,3.0,1,3,0
0xd125f63246e4786d423314f9cd949c73cde15e291450490948b0180241a5b650,2,0xd85c72c04d324dc0427cce249727a2946a5e7673,0xc9f27a50f82571c1c8423a42970613b8dbda14ef,2021-11-27 21:36:49+00:00,140944,102641842796,1012191,88865,0,111,2.0,208,1486,1522,0.97634691195795,74,128,128,1.0,48,418,2704208,293,0xd125f63246e4786d423314f9cd949c73cde15e291450490948b0180241a5b650,2,2,8,892,86,549804,43,7,4.0,3.0,1,3,0
0x16cb4c264b9f43a17ea0fbd301aaefa8360acdd7d8f5164115bf62843fd2057c,3,0x923a227366e0e3505af7faf523e35a90611034f1,0xc9f27a50f82571c1c8423a42970613b8dbda14ef,2021-11-27 23:25:35+00:00,126840,124657042418,2457931,84263,0,45,,207,1487,1523,0.9763624425476034,74,49,50,0.98,13,92,590632,294,0x16cb4c264b9f43a17ea0fbd301aaefa8360acdd7d8f5164115bf62843fd2057c,2,2,6,892,86,550276,18,4,4.0,1.0,1,2,0
0x881513280f7f3b3b19d8c0bd49cd5a734bd874647545724e415e4edd756411d4,3,0x923a227366e0e3505af7faf523e35a90611034f1,0xc9f27a50f82571c1c8423a42970613b8dbda14ef,2021-11-27 23:35:04+00:00,126840,84307140476,214522,84263,0,48,,206,1488,1524,0.9763779527559056,74,52,53,0.981132075471698,13,92,590676,295,0x881513280f7f3b3b19d8c0bd49cd5a734bd874647545724e415e4edd756411d4,3,2,6,892,86,550320,19,4,4.0,1.0,1,2,0
0x1664bc89d93abf203cee1e469294d2049358e3c311396b7ed1ae537d7aa4b4ac,2,0x3b6d869f5f01fd22d9b9bd29fbb2ec3e284306bc,0xc9f27a50f82571c1c8423a42970613b8dbda14ef,2021-11-28 00:07:16+00:00,166594,104069073257,7675308,105965,0,43,2.0,205,1489,1525,0.9763934426229508,75,54,54,1.0,21,255,1637990,296,0x1664bc89d93abf203cee1e469294d2049358e3c311396b7ed1ae537d7aa4b4ac,4,4,8,892,87,550470,19,7,4.0,3.0,1,3,0
0xc9461d88303a6829ae12691f6f6a5e0832e62ae50576b0cf44626e9da1fc8976,2,0x26704535531ca6bd8aa22759c88702d2c9a56494,0xc9f27a50f82571c1c8423a42970613b8dbda14ef,2021-11-28 00:12:09+00:00,140944,82749041793,6589688,88865,0,34,2.0,204,1490,1526,0.9764089121887288,75,33,36,0.9166666666666666,16,204,1302506,297,0xc9461d88303a6829ae12691f6f6a5e0832e62ae50576b0cf44626e9da1fc8976,2,2,8,892,87,550493,19,7,4.0,3.0,1,3,0
0x0e4b1c89f566eb3f837813b0eefee03c66c8b26a44b22c64a8cd68b91d2a740d,2,0xf2eb271bd3acae7aead18ff0ec90dae756a645e6,0xc9f27a50f82571c1c8423a42970613b8dbda14ef,2021-11-28 00:36:02+00:00,140908,101325532297,2884186,88841,0,359,2.0,203,1491,1527,0.9764243614931236,75,386,390,0.9897435897435896,132,1430,8879454,298,0x0e4b1c89f566eb3f837813b0eefee03c66c8b26a44b22c64a8cd68b91d2a740d,2,2,8,892,87,550580,84,7,4.0,3.0,1,3,0
0xa5a8469098a48c9f473beab5d74f55ce6c9ccc82fbe594afb20b6a691974d3bf,3,0xe296e6d1cbafb0d3031f2be21d83cbc2faf0bdbf,0xc9f27a50f82571c1c8423a42970613b8dbda14ef,2021-11-28 03:16:14+00:00,126840,87188720070,15248386,84263,0,48,,202,1492,1528,0.9764397905759162,75,51,53,0.9622641509433962,15,130,830659,299,0xa5a8469098a48c9f473beab5d74f55ce6c9ccc82fbe594afb20b6a691974d3bf,2,2,6,892,87,551247,22,4,4.0,1.0,1,2,0
0xe205f86228e813585dd9751558fe7d700288e42da3d6de839d44f1776762e5f2,2,0xc829446abff40215071cb1efe03c35c924265397,0xc9f27a50f82571c1c8423a42970613b8dbda14ef,2021-11-28 03:22:19+00:00,140926,79429683731,10820407,88853,0,118,,201,1493,1529,0.976455199476782,75,136,138,0.9855072463768116,38,1460,9057217,300,0xe205f86228e813585dd9751558fe7d700288e42da3d6de839d44f1776762e5f2,2,2,8,892,87,551275,31,7,4.0,3.0,1,3,0
0x9ed146be7ec79def9442b2a3720999f5909ba7c0d94fbb6fcd324bad5167155c,2,0xd9907cd11d99d21b431fc0a4ef513f3823142b0d,0xc9f27a50f82571c1c8423a42970613b8dbda14ef,2021-11-28 04:47:12+00:00,140908,65708145724,5459938,88841,0,638,2.0,200,1494,1530,0.976470588235294,75,666,669,0.9955156950672645,166,352,2269655,301,0x9ed146be7ec79def9442b2a3720999f5909ba7c0d94fbb6fcd324bad5167155c,2,2,8,892,87,551671,161,7,4.0,3.0,1,3,0
0x014f532886980c33867eb53329bbf247e7c67627edd5f01fc5a9e0ceae3eb6a1,2,0x888f33a3dab20a30f2229a1e96791082c66351fb,0xc9f27a50f82571c1c8423a42970613b8dbda14ef,2021-11-28 06:55:46+00:00,140926,72359167421,2347291,88853,0,81,2.0,199,1495,1531,0.976485956890921,75,115,116,0.9913793103448276,51,1437,8925754,302,0x014f532886980c33867eb53329bbf247e7c67627edd5f01fc5a9e0ceae3eb6a1,3,3,8,892,87,552245,30,7,4.0,3.0,1,3,0
0xb97e9c69128925e9655da940ebf41e3fafc1eaacb84db5365a6e0eab3cc08ed7,2,0x07072655d52d7a6d5380e6afd1927598cddda629,0xc9f27a50f82571c1c8423a42970613b8dbda14ef,2021-11-28 09:23:17+00:00,140944,70874870386,14604035,88865,0,152,2.0,198,1496,1532,0.9765013054830288,75,177,180,0.9833333333333332,85,1627,9825240,303,0xb97e9c69128925e9655da940ebf41e3fafc1eaacb84db5365a6e0eab3cc08ed7,3,2,8,892,87,552877,57,7,4.0,3.0,1,3,0
0xbf14abaffb102b8c0205d917f64bf08ba59974cc560732c88155c82987ff1554,3,0x7f4193f4bade69eaf86b5d5c478b8781eb4347c0,0xc9f27a50f82571c1c8423a42970613b8dbda14ef,2021-11-28 13:32:29+00:00,126840,78678370831,27442831,84263,0,103,,197,1497,1533,0.9765166340508806,75,119,120,0.9916666666666668,61,1394,8680611,304,0xbf14abaffb102b8c0205d917f64bf08ba59974cc560732c88155c82987ff1554,5,5,6,892,87,553970,26,4,4.0,1.0,1,2,0
0xa2ebd7b94f26c0ba4ac0dd98d1bdb678405e0e4ed4349dabc3f5373d28369a24,2,0x71c2cf4877c991f5b7047636c8ebc04408a8312d,0xc9f27a50f82571c1c8423a42970613b8dbda14ef,2021-11-28 16:06:12+00:00,140926,134291682832,21425664,88853,0,519,2.0,196,1498,1534,0.9765319426336376,75,540,549,0.9836065573770492,132,446,2880166,305,0xa2ebd7b94f26c0ba4ac0dd98d1bdb678405e0e4ed4349dabc3f5373d28369a24,2,2,8,892,87,554651,133,7,4.0,3.0,1,3,0
0xf5fbe7edd74b7b3d53975a4e1a3d3c9925e1eabc993415cdc7b6535b71479e62,3,0xa6b274cfd3910764bc3729ad8e1d03d285b18938,0xc9f27a50f82571c1c8423a42970613b8dbda14ef,2021-11-28 16:57:38+00:00,126840,95132328786,12246842,84263,0,22,2.0,195,1499,1535,0.9765472312703583,75,28,31,0.9032258064516128,9,81,517900,306,0xf5fbe7edd74b7b3d53975a4e1a3d3c9925e1eabc993415cdc7b6535b71479e62,4,3,6,892,87,554873,8,4,4.0,1.0,1,2,0
0x360891b8a8515daa0d303f14904b04ff6e068f5eb44331a7cdfe8d07619e954e,3,0xf04752fce08d4dd38d138ad3da8811d43f505ac8,0xc9f27a50f82571c1c8423a42970613b8dbda14ef,2021-11-28 17:24:15+00:00,152896,116613906990,4837475,101363,0,17,2.0,194,1500,1536,0.9765625,75,22,22,1.0,8,81,518066,307,0x360891b8a8515daa0d303f14904b04ff6e068f5eb44331a7cdfe8d07619e954e,3,3,6,892,87,554984,9,4,4.0,1.0,1,2,0
0x72be9e166d084598db23b6f23319eb6244e352548c27592eecedd8f539d1845b,2,0xaa0870435a65202c6889fdf60696e3aa14de6e3b,0xc9f27a50f82571c1c8423a42970613b8dbda14ef,2021-11-28 18:04:11+00:00,140926,144560118420,3756371,88853,0,62,2.0,193,1501,1537,0.9765777488614183,75,55,66,0.8333333333333333,17,264,1697355,308,0x72be9e166d084598db23b6f23319eb6244e352548c27592eecedd8f539d1845b,2,2,8,892,87,555163,23,7,4.0,3.0,1,3,0
0xcca196555966163da1c7d60c15c28ec1094c5ec177ca27004e4fb72f3fa9b813,3,0x1401528d8bc0031090d872ab9a92d95ec2ddac44,0xc9f27a50f82571c1c8423a42970613b8dbda14ef,2021-11-29 00:44:49+00:00,126858,113007955889,18799905,84275,0,471,2.0,192,1502,1538,0.976592977893368,76,473,506,0.9347826086956522,108,343,2209048,309,0xcca196555966163da1c7d60c15c28ec1094c5ec177ca27004e4fb72f3fa9b813,2,2,6,892,88,556888,84,4,4.0,1.0,1,2,0
0x65eafb4101c149d69db107be8ef2ed47672edded92c1a5ff63724a81db5e902a,3,0x701a85bc65b8adbf90a7860195750696c1c40b38,0xc9f27a50f82571c1c8423a42970613b8dbda14ef,2021-11-29 02:01:01+00:00,250977,95000000000,7472327,165728,0,3,,191,1503,1539,0.9766081871345028,76,5,5,1.0,1,0,216,310,0x65eafb4101c149d69db107be8ef2ed47672edded92c1a5ff63724a81db5e902a,1,1,6,893,88,557229,4,4,4.0,1.0,1,2,0
0x8f92a3b392cd4e419ebf02852646718e500eec4ea070f33f0773a022472fd9cc,3,0x49a216d58dc65db1db92405ebdc48fdf945db991,0xc9f27a50f82571c1c8423a42970613b8dbda14ef,2021-11-29 08:22:07+00:00,287701,85258777318,10602780,185411,0,861,2.0,190,1504,1540,0.9766233766233766,76,1023,1029,0.9941690962099125,380,2291,13580717,311,0x8f92a3b392cd4e419ebf02852646718e500eec4ea070f33f0773a022472fd9cc,1,1,13,894,88,558829,138,7,5.0,3.0,1,3,0
0x6c42beb92ee75a071fc0df11e6ca51b706911f32706586f5798dec79d1248964,3,0x0e775598456ded6f5c3d123fbfc094db0b08a4f6,0xc9f27a50f82571c1c8423a42970613b8dbda14ef,2021-11-29 13:02:25+00:00,126822,74777953470,12505513,84251,0,305,2.0,189,1505,1541,0.9766385463984426,76,319,326,0.9785276073619632,106,324,2087866,312,0x6c42beb92ee75a071fc0df11e6ca51b706911f32706586f5798dec79d1248964,2,2,6,894,88,560071,127,4,4.0,1.0,1,2,0
0xd22f5cd838798a66b646bdc8b96b3f34995e457c2e3c0ed25de87c32f5877315,2,0xfe99cb7011e55f1dd8c376f9134e24ef8a10b14d,0xc9f27a50f82571c1c8423a42970613b8dbda14ef,2021-11-29 13:45:41+00:00,166576,115000000000,2135110,105953,0,784,2.0,188,1506,1542,0.9766536964980544,76,803,803,1.0,261,534,3451470,313,0xd22f5cd838798a66b646bdc8b96b3f34995e457c2e3c0ed25de87c32f5877315,4,4,8,894,88,560253,172,7,4.0,3.0,1,3,0
0xecb716338b3ec4ebd72309becff056e29f6abf61962e31e0dee266556ac0955e,2,0xb890a476fb4a6f55eb66914ce0b4f1b98c601f68,0xc9f27a50f82571c1c8423a42970613b8dbda14ef,2021-11-29 15:12:05+00:00,166558,157949661728,17218651,110741,0,867,2.0,187,1507,1543,0.9766688269604666,76,886,931,0.9516648764769065,189,1398,8704300,314,0xecb716338b3ec4ebd72309becff056e29f6abf61962e31e0dee266556ac0955e,4,4,8,894,88,560629,159,7,4.0,3.0,1,3,0
0x8fcb590769d4d02a82b75f0216989b8dedc06d9a3c72b0ca8366cab7747dfdba,3,0xf393cfda7d842acdf1806d132b6f4e4363161817,0xc9f27a50f82571c1c8423a42970613b8dbda14ef,2021-11-29 17:25:39+00:00,250977,133593817957,1770242,165728,0,31,2.0,186,1508,1544,0.9766839378238342,76,31,33,0.9393939393939394,14,117,749194,315,0x8fcb590769d4d02a82b75f0216989b8dedc06d9a3c72b0ca8366cab7747dfdba,1,1,6,895,88,561180,22,4,4.0,1.0,1,2,0
0x2beab70faac9c99eac61618f21811eea102434bcb80e8a1cdb6d95830c7ba57f,2,0xc0618e67dcad60e14f810912eed85ec4cb02530e,0xc9f27a50f82571c1c8423a42970613b8dbda14ef,2021-11-30 09:34:58+00:00,166594,96224513832,14830854,105965,0,28,2.0,185,1509,1545,0.9766990291262136,77,37,37,1.0,11,89,568713,316,0x2beab70faac9c99eac61618f21811eea102434bcb80e8a1cdb6d95830c7ba57f,5,5,8,895,89,565333,8,7,4.0,3.0,1,3,0
0xdf8364adbb1b470ee31899751e32fbeaf7db103376f0b1198beb17df71a8c772,2,0x11d0cb5c690bc838efc52c621f6b48040dd000f7,0xc9f27a50f82571c1c8423a42970613b8dbda14ef,2021-11-30 11:29:27+00:00,166522,87570387061,7959882,110717,0,3127,2.0,184,1510,1546,0.9767141009055628,77,2913,3174,0.9177693761814744,338,651,4208443,317,0xdf8364adbb1b470ee31899751e32fbeaf7db103376f0b1198beb17df71a8c772,3,3,8,895,89,565813,478,7,4.0,3.0,1,3,0
0xe52f9585687e1f91476eb1d77c3d1ef83864b717cf2e6cca8d12d362c0abe089,3,0xcf17566bd328e4609b7e650a5354eca1328ddc16,0xc9f27a50f82571c1c8423a42970613b8dbda14ef,2021-11-30 12:13:01+00:00,287701,89362804291,11908519,185411,0,272,2.0,183,1511,1547,0.9767291531997414,77,272,290,0.9379310344827586,82,453,2929231,318,0xe52f9585687e1f91476eb1d77c3d1ef83864b717cf2e6cca8d12d362c0abe089,1,1,13,896,89,565999,93,7,5.0,3.0,1,3,0
0x987074b45c75364912e7045408b11bb490a6bcc85417ddd8c26064b4edb9c680,2,0xcf17566bd328e4609b7e650a5354eca1328ddc16,0xc9f27a50f82571c1c8423a42970613b8dbda14ef,2021-11-30 12:18:44+00:00,166576,84930163175,1199398,105953,0,273,2.0,182,1512,1548,0.9767441860465116,77,273,291,0.9381443298969072,82,453,2929258,319,0x987074b45c75364912e7045408b11bb490a6bcc85417ddd8c26064b4edb9c680,2,1,8,896,89,566026,93,7,4.0,3.0,1,3,0
0xeee4176ad6253d9eeceb7f661301de364b8e47522cf3a2ae5117c734bf556357,2,0x006d0f31a00e1f9c017ab039e9d0ba699433a28c,0xc9f27a50f82571c1c8423a42970613b8dbda14ef,2021-11-30 15:05:27+00:00,140890,107391467938,11036861,88829,0,693,2.0,181,1513,1549,0.9767591994835376,77,684,729,0.9382716049382716,165,1624,9813632,320,0xeee4176ad6253d9eeceb7f661301de364b8e47522cf3a2ae5117c734bf556357,2,2,8,896,89,566765,179,7,4.0,3.0,1,3,0
0x816559ee9712ed1f5e5bcd385a22d94ab10aa1d6ad72302e7e7b802d7f764329,2,0x0fda32b8144e206c78b6baa3d6826ae8574ec263,0xc9f27a50f82571c1c8423a42970613b8dbda14ef,2021-11-30 16:56:23+00:00,140944,128902899819,15480395,88865,0,389,2.0,180,1514,1550,0.9767741935483872,77,401,402,0.9975124378109452,126,349,2248840,321,0x816559ee9712ed1f5e5bcd385a22d94ab10aa1d6ad72302e7e7b802d7f764329,2,2,8,896,89,567252,111,7,4.0,3.0,1,3,0
0xd361e07b72c8d29331ccd4b8ed4ef2ef2ee695420f888bda13ff96d762aa4bc2,2,0x94bd1bd3c8abbc52b29668a65930d4575fa4caac,0xc9f27a50f82571c1c8423a42970613b8dbda14ef,2021-11-30 17:24:31+00:00,140926,75781757855,9782909,88853,0,476,2.0,179,1515,1551,0.97678916827853,77,502,523,0.959847036328872,128,463,2991551,322,0xd361e07b72c8d29331ccd4b8ed4ef2ef2ee695420f888bda13ff96d762aa4bc2,2,2,8,896,89,567393,131,7,4.0,3.0,1,3,0
0xdeb7417cc278c21783d01765f6fb2993710ae75223751349e095bb45d2a372d0,2,0xad492e78ea607f1ccf1cefaa7ee37871932b1d02,0xc9f27a50f82571c1c8423a42970613b8dbda14ef,2021-12-01 01:23:06+00:00,166576,116751927679,9901282,105953,0,1136,,178,1516,1552,0.97680412371134,78,1182,1214,0.973640856672158,208,1635,9870262,323,0xdeb7417cc278c21783d01765f6fb2993710ae75223751349e095bb45d2a372d0,3,3,8,896,90,569507,226,7,4.0,3.0,1,3,0
0x4879063c6025f59bbe88d48e8b18f83c36176bd597cf0b6e26611c02a3138f94,2,0xfc3a1fd0c90416912ac76b868a3155bd977cb505,0xc9f27a50f82571c1c8423a42970613b8dbda14ef,2021-12-01 01:57:27+00:00,140926,124145717880,25086609,88853,0,189,2.0,177,1517,1553,0.9768190598840952,78,218,220,0.990909090909091,62,426,2751138,324,0x4879063c6025f59bbe88d48e8b18f83c36176bd597cf0b6e26611c02a3138f94,2,2,8,896,90,569660,38,7,4.0,3.0,1,3,0
0x7a974fe84914001af80be9d886991af3f47ab426a0663faadb106db7bfdc9d0f,3,0xd8047842874e3be4a1155ad052dbd5395d3a154f,0xc9f27a50f82571c1c8423a42970613b8dbda14ef,2021-12-01 12:33:48+00:00,126840,100477676422,8835034,84263,0,11,2.0,176,1518,1554,0.9768339768339768,78,14,14,1.0,4,82,524455,325,0x7a974fe84914001af80be9d886991af3f47ab426a0663faadb106db7bfdc9d0f,2,2,6,896,90,572398,9,4,4.0,1.0,1,2,0
0x286311bcabed60330343045c89661aa2170b2886f10bdfe9f760871b3c451604,3,0x23c2aa52895d15d5ba51f3f3b588a8d4f13d6af3,0xc9f27a50f82571c1c8423a42970613b8dbda14ef,2021-12-01 22:02:29+00:00,250959,155270500136,1139939,165716,0,278,2.0,175,1519,1555,0.9768488745980708,78,284,294,0.965986394557823,86,272,1750296,326,0x286311bcabed60330343045c89661aa2170b2886f10bdfe9f760871b3c451604,1,1,6,897,90,574884,87,4,4.0,1.0,1,2,0
0x6cf4fda853a16020594fc1fa01ff56582da96ab691cbfbf5b0f0ae4d8d1d76e6,3,0x4a84a23c377774aa71983b7713846594545f9054,0xc9f27a50f82571c1c8423a42970613b8dbda14ef,2021-12-02 00:08:22+00:00,287683,190811001449,11741482,185399,0,62,2.0,174,1520,1556,0.9768637532133676,79,76,77,0.987012987012987,26,257,1647094,327,0x6cf4fda853a16020594fc1fa01ff56582da96ab691cbfbf5b0f0ae4d8d1d76e6,1,1,13,898,91,575433,24,7,5.0,3.0,1,3,0
0x66cf96897876855d9d6959992f51b7f2c99ea6c0abf0b6b3c2ffff95e1a830b6,2,0x4a84a23c377774aa71983b7713846594545f9054,0xc9f27a50f82571c1c8423a42970613b8dbda14ef,2021-12-02 00:09:50+00:00,140926,201299205571,3790437,88853,0,63,2.0,173,1521,1557,0.976878612716763,79,77,78,0.9871794871794872,26,257,1647098,328,0x66cf96897876855d9d6959992f51b7f2c99ea6c0abf0b6b3c2ffff95e1a830b6,2,1,8,898,91,575437,24,7,4.0,3.0,1,3,0
0x181514d434fd040fa156850abebd4ac5ee8d6a768e39b1795f0d12b9401c1c92,3,0x6dea2c277a16ca37816332800d5ecc2eec008ba3,0xc9f27a50f82571c1c8423a42970613b8dbda14ef,2021-12-02 05:54:36+00:00,284239,88702559474,4579741,183103,0,37,2.0,172,1522,1558,0.9768934531450578,79,44,44,1.0,18,174,1112904,329,0x181514d434fd040fa156850abebd4ac5ee8d6a768e39b1795f0d12b9401c1c92,1,1,12,899,91,576966,22,7,5.0,3.0,1,3,0
0x56a465e3820b98d9798099d84e1c2dd430945ba36794db4714e00ab58f29fe8f,3,0xc149d68d58b83cb2c612f882bbc0eb3b2b473a9a,0xc9f27a50f82571c1c8423a42970613b8dbda14ef,2021-12-02 13:15:01+00:00,287701,98000000000,5772280,185411,0,487,2.0,171,1523,1559,0.9769082745349584,79,573,596,0.9614093959731544,151,607,3919547,330,0x56a465e3820b98d9798099d84e1c2dd430945ba36794db4714e00ab58f29fe8f,1,1,13,900,91,578849,116,7,5.0,3.0,1,3,0
0xe98d088492ecb9abdbf194b697f5c21cfe99a9b99379d4e080226d2f8a135f9d,3,0x5bffcd8f4809e29bcace4c9c21e0c3b6963ecec1,0xc9f27a50f82571c1c8423a42970613b8dbda14ef,2021-12-02 14:51:55+00:00,250977,102552615958,7423645,165728,0,343,2.0,170,1524,1560,0.9769230769230768,79,335,361,0.92797783933518,113,278,1788039,331,0xe98d088492ecb9abdbf194b697f5c21cfe99a9b99379d4e080226d2f8a135f9d,1,1,6,901,91,579272,82,4,4.0,1.0,1,2,0
0xa30a91bc41cb39e1035821857fbb027ca483fe65524ef8a427705547c6333f3c,2,0x372e58859dcae9fb5260b63bda602558afc84dc7,0xc9f27a50f82571c1c8423a42970613b8dbda14ef,2021-12-02 17:15:44+00:00,166576,139246579893,4096945,105953,0,122,2.0,169,1525,1561,0.976937860345932,79,134,137,0.978102189781022,52,257,1653630,332,0xa30a91bc41cb39e1035821857fbb027ca483fe65524ef8a427705547c6333f3c,3,3,8,901,91,579897,42,7,4.0,3.0,1,3,0
0x2a0cd914addfe2b31c395a00d3267065ffeaf607b1e1e6082a7d5ea27708217d,3,0x676f3d2c9f5776e09d23986adc6684fb41e9000e,0xc9f27a50f82571c1c8423a42970613b8dbda14ef,2021-12-02 17:16:16+00:00,126822,101403969744,6697945,84251,0,971,2.0,168,1526,1562,0.9769526248399488,79,919,1029,0.8931000971817297,220,1403,8735363,333,0x2a0cd914addfe2b31c395a00d3267065ffeaf607b1e1e6082a7d5ea27708217d,4,4,6,901,91,579904,225,4,4.0,1.0,1,2,0
0x3d931ac95bc7f39cc6837a415c2ccd9cef38a0b6d3e05cc7c762827aa12f271f,3,0x701a85bc65b8adbf90a7860195750696c1c40b38,0xc9f27a50f82571c1c8423a42970613b8dbda14ef,2021-12-03 00:48:55+00:00,126876,76000000000,5652056,79487,0,5,,167,1527,1563,0.9769673704414588,80,8,8,1.0,3,4,24851,334,0x3d931ac95bc7f39cc6837a415c2ccd9cef38a0b6d3e05cc7c762827aa12f271f,2,2,6,901,92,581864,4,4,4.0,1.0,1,2,0
0xe48704d51122e2ba921c560c81b01c40c56060372f951e40239f43894bf77a1b,2,0x03464270367d233f970d1c6d60dea3defc37df2c,0xc9f27a50f82571c1c8423a42970613b8dbda14ef,2021-12-03 03:15:09+00:00,140908,70643845372,15482651,88841,0,284,2.0,166,1528,1564,0.9769820971867008,80,310,322,0.9627329192546584,95,368,2370337,335,0xe48704d51122e2ba921c560c81b01c40c56060372f951e40239f43894bf77a1b,2,2,8,901,92,582503,74,7,4.0,3.0,1,3,0
0xe5fbb6a4f59882d8b907ec132c01f879d028c5a5743d42297d05268588ea77d0,3,0x1128cdb6df17e282ce448e7770d0f02ce1299e1a,0xc9f27a50f82571c1c8423a42970613b8dbda14ef,2021-12-03 10:20:21+00:00,287701,61377427805,13782101,185411,0,253,2.0,165,1529,1565,0.976996805111821,80,286,292,0.9794520547945204,74,250,1605590,336,0xe5fbb6a4f59882d8b907ec132c01f879d028c5a5743d42297d05268588ea77d0,1,1,13,902,92,584351,58,7,5.0,3.0,1,3,0
0x83fbce3a71a079a1e9b0bb156596060e9169bc23f3973ff4dcf51238b1f2d0a5,2,0x6dea2c277a16ca37816332800d5ecc2eec008ba3,0xc9f27a50f82571c1c8423a42970613b8dbda14ef,2021-12-03 12:26:19+00:00,140908,69281713092,17405723,88841,0,40,2.0,164,1530,1566,0.9770114942528736,80,47,47,1.0,19,175,1120849,337,0x83fbce3a71a079a1e9b0bb156596060e9169bc23f3973ff4dcf51238b1f2d0a5,2,2,8,902,92,584911,22,7,4.0,3.0,1,3,0
0xc6e254a56db1c4b5e8642dd9423bb2657a21b50005f7e9e33dc2a4566bc7bc0d,3,0x8cb2f28f7862e95d73f2094b87bb67e2a2aa423c,0xc9f27a50f82571c1c8423a42970613b8dbda14ef,2021-12-03 12:52:17+00:00,284239,94064534298,2356282,183103,0,9,,163,1531,1567,0.97702616464582,80,11,11,1.0,4,213,1366130,338,0xc6e254a56db1c4b5e8642dd9423bb2657a21b50005f7e9e33dc2a4566bc7bc0d,1,1,12,903,92,585018,8,7,5.0,3.0,1,3,0
0x962e12ec37aea36d52dc5ae7e9df25411e892ed11a72e986ac9fab7fadacda2d,3,0xb0a6f90f11c5ae94e30476a7534191194492a91b,0xc9f27a50f82571c1c8423a42970613b8dbda14ef,2021-12-03 14:21:20+00:00,250977,115670513046,1511677,165728,0,282,2.0,162,1532,1568,0.9770408163265306,80,273,284,0.9612676056338028,47,334,2150078,339,0x962e12ec37aea36d52dc5ae7e9df25411e892ed11a72e986ac9fab7fadacda2d,1,1,6,904,92,585385,37,4,4.0,1.0,1,2,0
0x79e6bca118fe1fc3f5779027ba1611d75437c8997312e29a8520b41a91156dab,3,0x311df2479cb6091b26e82390eb472c125df6d4da,0xc9f27a50f82571c1c8423a42970613b8dbda14ef,2021-12-03 14:31:22+00:00,152878,89308504585,5711244,101351,0,24,2.0,161,1533,1569,0.977055449330784,80,31,31,1.0,6,22,139084,340,0x79e6bca118fe1fc3f5779027ba1611d75437c8997312e29a8520b41a91156dab,3,3,6,904,92,585433,16,4,4.0,1.0,1,2,0
0xc3fb406affcb717f6b88d9c9044cd75d3d02d0c022d4b2ed6e2ecb04f256d232,2,0x90abcf1598ed3077861bcfb3b11efcd1d7277223,0xc9f27a50f82571c1c8423a42970613b8dbda14ef,2021-12-03 18:48:33+00:00,140944,98596792925,3892111,88865,0,4244,2.0,160,1534,1570,0.9770700636942676,80,4216,4275,0.9861988304093569,404,486,3143300,341,0xc3fb406affcb717f6b88d9c9044cd75d3d02d0c022d4b2ed6e2ecb04f256d232,2,2,8,904,92,586529,1000,7,4.0,3.0,1,3,0
0xfc960862c1c7b1cb88fd1d1d21b99df7c57ec963572c9e88008340ee1eee2ff3,2,0xcca89d02b1fcb375ba7296c4173ccdd84102cdfa,0xc9f27a50f82571c1c8423a42970613b8dbda14ef,2021-12-04 03:25:29+00:00,140926,86444637960,27016586,88853,0,392,2.0,159,1535,1571,0.977084659452578,81,387,406,0.9532019704433496,96,460,2967418,342,0xfc960862c1c7b1cb88fd1d1d21b99df7c57ec963572c9e88008340ee1eee2ff3,4,4,8,904,93,588828,115,7,4.0,3.0,1,3,0
0x85107d8ecab6ae41b022b721d8b13e4b3ca5063fd4313b054139c193798148a2,2,0x7bc3591a7fb6cfc37ba21c3e0d9c8d6c057d7579,0xc9f27a50f82571c1c8423a42970613b8dbda14ef,2021-12-04 04:08:46+00:00,140944,99095753248,5609463,88865,0,814,2.0,158,1536,1572,0.9770992366412212,81,1117,1183,0.9442096365173288,206,305,1964073,343,0x85107d8ecab6ae41b022b721d8b13e4b3ca5063fd4313b054139c193798148a2,2,2,8,904,93,589025,204,7,4.0,3.0,1,3,0
0x3b6aa4e5fe5652d1b5423a62a40e8b1ad6d251e8fd4f3d0ea7f40fb7ddd3e0cf,2,0x8886dca35291f05ed5d8e21f083998ea8dceb50f,0xc9f27a50f82571c1c8423a42970613b8dbda14ef,2021-12-04 07:40:15+00:00,140890,204711673928,11822532,93629,0,455,2.0,157,1537,1573,0.9771137952956134,81,454,476,0.953781512605042,104,643,4151437,344,0x3b6aa4e5fe5652d1b5423a62a40e8b1ad6d251e8fd4f3d0ea7f40fb7ddd3e0cf,2,2,8,904,93,589871,123,7,4.0,3.0,1,3,0
0x81bea9725e53222a944da1f09c7b1ccf1c992bb47f12e59bc6b2e4f0719c1c4f,2,0x7da1c8e4db73d8516feb42384b2dfd1ad2063919,0xc9f27a50f82571c1c8423a42970613b8dbda14ef,2021-12-04 11:21:15+00:00,140944,99493187266,7207622,88865,0,37,2.0,156,1538,1574,0.97712833545108,81,40,42,0.9523809523809524,10,455,2938114,345,0x81bea9725e53222a944da1f09c7b1ccf1c992bb47f12e59bc6b2e4f0719c1c4f,2,2,8,904,93,590837,17,7,4.0,3.0,1,3,0
0xd45ef0c623c0ef9a3a66ff1057573437bd3619fde3178b0268c6f1b63c022165,3,0xf2e563f6fbf25cf23dbe57d25287e10339ad3b6f,0xc9f27a50f82571c1c8423a42970613b8dbda14ef,2021-12-04 14:16:39+00:00,284203,105675272734,18666154,183079,0,1328,,155,1539,1575,0.977142857142857,81,1290,1377,0.9368191721132898,166,272,1746698,346,0xd45ef0c623c0ef9a3a66ff1057573437bd3619fde3178b0268c6f1b63c022165,1,1,12,905,93,591573,233,7,5.0,3.0,1,3,0
0x857719af372ba319999532d14d80214f181debd8cc91aeb4355f78dd8f5ad32e,2,0xf2e563f6fbf25cf23dbe57d25287e10339ad3b6f,0xc9f27a50f82571c1c8423a42970613b8dbda14ef,2021-12-04 14:19:23+00:00,140908,115188735271,11660821,88841,0,1329,,154,1540,1576,0.9771573604060912,81,1291,1378,0.936865021770682,166,272,1746709,347,0x857719af372ba319999532d14d80214f181debd8cc91aeb4355f78dd8f5ad32e,2,1,8,905,93,591584,233,7,4.0,3.0,1,3,0
0xa9249fcba0cf4d859b3c098772ba5975c9a6fd0554936d02e1fa2951cfd9530f,3,0x3b6d869f5f01fd22d9b9bd29fbb2ec3e284306bc,0xc9f27a50f82571c1c8423a42970613b8dbda14ef,2021-12-04 21:03:12+00:00,152896,94158838930,13918057,101363,0,57,2.0,153,1541,1577,0.9771718452758402,81,69,69,1.0,24,261,1680862,348,0xa9249fcba0cf4d859b3c098772ba5975c9a6fd0554936d02e1fa2951cfd9530f,5,5,6,905,93,593342,23,4,4.0,1.0,1,2,0
0x06e64db0afb9db48d30f8093d7eab1e6d4e9a56c2e733b6f10ee780afbfc51db,3,0xf7200f7a475b53446a10421dea95299fa9319a85,0xc9f27a50f82571c1c8423a42970613b8dbda14ef,2021-12-05 00:50:48+00:00,287701,106051274534,6353791,185411,0,1923,2.0,152,1542,1578,0.9771863117870722,82,1853,2138,0.8666978484565014,359,1364,8498380,349,0x06e64db0afb9db48d30f8093d7eab1e6d4e9a56c2e733b6f10ee780afbfc51db,1,1,13,906,94,594324,310,7,5.0,3.0,1,3,0
0xd984e558949fb8b51d0f64cc5b2078d2e47f735386bde02674239e232934e415,3,0xd8047842874e3be4a1155ad052dbd5395d3a154f,0xc9f27a50f82571c1c8423a42970613b8dbda14ef,2021-12-05 02:27:37+00:00,126840,91278527699,8082232,84263,0,24,2.0,151,1543,1579,0.9772007599746674,82,27,28,0.9642857142857144,8,86,546783,350,0xd984e558949fb8b51d0f64cc5b2078d2e47f735386bde02674239e232934e415,3,3,6,906,94,594726,13,4,4.0,1.0,1,2,0
0x86eb56b53e80d2d8b9926d087b806b8ca572b7ca48bacca6f256253367f501e0,2,0x4b5c73e1bc32cea2f77a0ce104e3e9c81b0c850f,0xc9f27a50f82571c1c8423a42970613b8dbda14ef,2021-12-05 05:32:13+00:00,140926,77216090863,12217601,88853,0,236,2.0,150,1544,1580,0.9772151898734176,82,236,240,0.9833333333333332,98,1572,9580274,351,0x86eb56b53e80d2d8b9926d087b806b8ca572b7ca48bacca6f256253367f501e0,2,2,8,906,94,595538,74,7,4.0,3.0,1,3,0
0x75925ac1d19e0301f3536cd1014962b6a7d54b80c84a2edc98c39409ceb6f604,3,0xbee69512353f6978e317cacde4d055b4a6ecfe50,0xc9f27a50f82571c1c8423a42970613b8dbda14ef,2021-12-05 09:23:45+00:00,287701,80122806861,11155764,185411,0,299,2.0,149,1545,1581,0.9772296015180264,82,390,394,0.9898477157360404,168,1450,9002296,352,0x75925ac1d19e0301f3536cd1014962b6a7d54b80c84a2edc98c39409ceb6f604,1,1,13,907,94,596562,83,7,5.0,3.0,1,3,0
0x0423395a552708a8b4cc70dbfc57df9b5852821d830f48cc4f76475973194b31,3,0x676f3d2c9f5776e09d23986adc6684fb41e9000e,0xc9f27a50f82571c1c8423a42970613b8dbda14ef,2021-12-05 10:44:40+00:00,126822,60185134660,15110637,84251,0,977,2.0,148,1546,1582,0.97724399494311,82,925,1035,0.893719806763285,222,1406,8752388,353,0x0423395a552708a8b4cc70dbfc57df9b5852821d830f48cc4f76475973194b31,5,5,6,907,94,596929,226,4,4.0,1.0,1,2,0
0xe6309d2f5ecb6c28233c59949a1301ea32a0688bf4e7bd62a8f4f299f53f101e,2,0x201a33bc9058237f2e1abd7e0154419d2e6ddbd6,0xc9f27a50f82571c1c8423a42970613b8dbda14ef,2021-12-05 14:50:28+00:00,140908,81441917540,13316621,88841,0,317,2.0,147,1547,1583,0.9772583701831964,82,300,326,0.920245398773006,94,372,2398084,354,0xe6309d2f5ecb6c28233c59949a1301ea32a0688bf4e7bd62a8f4f299f53f101e,2,2,8,907,94,597990,97,7,4.0,3.0,1,3,0
0x0d0fdc9a0b2a876812fdd3cb62e0bccb2d043daeb5fd2c79abbd8f47294354af,2,0xcd95fb5a616a4e01b32cbdfb5fc68a5ab792e270,0xc9f27a50f82571c1c8423a42970613b8dbda14ef,2021-12-05 15:20:33+00:00,140926,126581382224,2476322,88853,0,109,2.0,146,1548,1584,0.9772727272727272,82,117,119,0.9831932773109244,32,180,1150732,355,0x0d0fdc9a0b2a876812fdd3cb62e0bccb2d043daeb5fd2c79abbd8f47294354af,2,2,8,907,94,598115,46,7,4.0,3.0,1,3,0
0x4216cac8830f923bbead8508c270e71db3aa3c40eed63384679ef980d9594b36,3,0x34aeb158028a2e8f2cd8db5fd7fa88a47acdca40,0xc9f27a50f82571c1c8423a42970613b8dbda14ef,2021-12-05 15:25:01+00:00,126840,113495096098,9082485,84263,0,2892,2.0,145,1549,1585,0.9772870662460568,82,2747,2917,0.9417209461775796,318,560,3616105,356,0x4216cac8830f923bbead8508c270e71db3aa3c40eed63384679ef980d9594b36,5,4,6,907,94,598134,223,4,4.0,1.0,1,2,0
0x4e8b83110c5dafe5380605b779c4602e7b757f5d65b23f28a4833534d9857ed1,3,0x47724a15a20dc3a1225bfb2a794e2bb5520340db,0xc9f27a50f82571c1c8423a42970613b8dbda14ef,2021-12-05 23:18:41+00:00,250959,101535049391,6434635,160916,0,85,2.0,144,1550,1586,0.9773013871374528,82,110,112,0.9821428571428572,25,217,1394678,357,0x4e8b83110c5dafe5380605b779c4602e7b757f5d65b23f28a4833534d9857ed1,1,1,6,908,94,600145,23,4,4.0,1.0,1,2,0
0x4823d32a8ae5de6a01c8b56783108a1dfc61fe7a0f2ce75c27365a8339e5b50e,3,0x5d8a327f38a26aa925bb891b6df6a43873513224,0xc9f27a50f82571c1c8423a42970613b8dbda14ef,2021-12-06 14:43:22+00:00,284239,129503276898,4113502,178303,0,12,2.0,143,1551,1587,0.9773156899810964,83,17,17,1.0,3,88,558341,358,0x4823d32a8ae5de6a01c8b56783108a1dfc61fe7a0f2ce75c27365a8339e5b50e,1,1,12,909,95,604198,11,7,5.0,3.0,1,3,0
0x56bebbcdf7630a7de32305ee648310ceeebed3d64688bbbeba785c0c85a6b944,2,0x19e86826048a3458becdd6b0459db22753861906,0xc9f27a50f82571c1c8423a42970613b8dbda14ef,2021-12-06 15:49:05+00:00,140926,94000000000,8145069,88853,0,186,2.0,142,1552,1588,0.977329974811083,83,194,200,0.97,73,303,1952011,359,0x56bebbcdf7630a7de32305ee648310ceeebed3d64688bbbeba785c0c85a6b944,3,3,8,909,95,604501,66,7,4.0,3.0,1,3,0
0x4459ab39792ea925f48cbef65eef32eb679fecba418b27c995de8d28c7efeff4,2,0xfe57dc4b1291384a56e5d90fdc1340b7036f3767,0xc9f27a50f82571c1c8423a42970613b8dbda14ef,2021-12-07 00:40:31+00:00,140926,84906918579,22203653,88853,0,224,2.0,141,1553,1589,0.9773442416614224,84,252,252,1.0,72,275,1765272,360,0x4459ab39792ea925f48cbef65eef32eb679fecba418b27c995de8d28c7efeff4,2,2,8,909,96,606808,63,7,4.0,3.0,1,3,0
0xeb2c116fbc6e0f8a27022fa270d686ba9b9b9ac51dd6ded38794e5ce1861f2e6,3,0x676f3d2c9f5776e09d23986adc6684fb41e9000e,0xc9f27a50f82571c1c8423a42970613b8dbda14ef,2021-12-07 01:39:42+00:00,126822,75798950310,5761201,84251,0,982,2.0,140,1554,1590,0.9773584905660376,84,930,1040,0.8942307692307692,223,1408,8762539,361,0xeb2c116fbc6e0f8a27022fa270d686ba9b9b9ac51dd6ded38794e5ce1861f2e6,6,6,6,909,96,607080,227,4,4.0,1.0,1,2,0
0x9f462991ae995ca6c35ad3e77577bbf58af6c92b834fb2208f4e2f67994bdf75,2,0x5f663a56bece3cd1c1e3a83e1d077559bc3cd622,0xc9f27a50f82571c1c8423a42970613b8dbda14ef,2021-12-07 06:39:21+00:00,140926,91325971704,8413997,88853,0,350,2.0,139,1555,1591,0.977372721558768,84,371,375,0.9893333333333332,116,1475,9151322,362,0x9f462991ae995ca6c35ad3e77577bbf58af6c92b834fb2208f4e2f67994bdf75,2,2,8,909,96,608383,143,7,4.0,3.0,1,3,0
0x65cfb009d8bd6c4fd819f44031b48a5c7944fcef938ec342c5833d82f9b21867,2,0x5101a1b882f380839af06b233f5ddaee40941848,0xc9f27a50f82571c1c8423a42970613b8dbda14ef,2021-12-07 07:54:57+00:00,140926,75649868265,10951661,88853,0,29,2.0,138,1556,1592,0.9773869346733668,84,32,33,0.9696969696969696,15,226,1449630,363,0x65cfb009d8bd6c4fd819f44031b48a5c7944fcef938ec342c5833d82f9b21867,2,2,8,909,96,608713,23,7,4.0,3.0,1,3,0
0xb4b8bd21f86c49496996597c07c19527d332c96527d4c439280dd227ae301b09,2,0x0b45b1339270458c04a574025b7eff4acb494d31,0xc9f27a50f82571c1c8423a42970613b8dbda14ef,2021-12-07 09:07:57+00:00,140926,84830786716,9835790,88853,0,16,2.0,137,1557,1593,0.9774011299435028,84,22,22,1.0,9,235,1507297,364,0xb4b8bd21f86c49496996597c07c19527d332c96527d4c439280dd227ae301b09,2,2,8,909,96,608989,8,7,4.0,3.0,1,3,0
0x9ea59b293bf4c480039b09fdcbf05b3a097c0cc01699fb92ca9a42f62ed8c18f,3,0x280a8675cf1d930c638f4f9eb9dbe75823801d5a,0xc9f27a50f82571c1c8423a42970613b8dbda14ef,2021-12-07 09:08:59+00:00,126840,78763210296,17524894,84263,0,3811,2.0,136,1558,1594,0.9774153074027604,84,3698,3892,0.9501541623843782,495,671,4333238,365,0x9ea59b293bf4c480039b09fdcbf05b3a097c0cc01699fb92ca9a42f62ed8c18f,2,2,6,909,96,608993,488,4,4.0,1.0,1,2,0
0x2a2e1a90c963be01a1f524df0a6476c11e831e3ed868e39d77c0b583271e11ee,2,0xab2c57668cb7ecd1cf27f360a89516b6a9987ef5,0xc9f27a50f82571c1c8423a42970613b8dbda14ef,2021-12-07 09:47:20+00:00,166558,75896331241,8550222,110741,0,373,2.0,135,1559,1595,0.9774294670846396,84,371,386,0.961139896373057,92,305,1961960,366,0x2a2e1a90c963be01a1f524df0a6476c11e831e3ed868e39d77c0b583271e11ee,4,4,8,909,96,609165,87,7,4.0,3.0,1,3,0
0xf18f4b2b4c501df5be810089a7c94c813a2ddc609359b912982e161b1713abc0,3,0xa000bce4ce3d1b3ac63c2e0488ce76fbdb9de764,0xc9f27a50f82571c1c8423a42970613b8dbda14ef,2021-12-07 16:37:16+00:00,284239,80728613831,25876189,178303,0,53,2.0,134,1560,1596,0.9774436090225564,84,61,64,0.953125,27,187,1197817,367,0xf18f4b2b4c501df5be810089a7c94c813a2ddc609359b912982e161b1713abc0,1,1,12,910,96,610916,16,7,5.0,3.0,1,3,0
0x0053d092f307acabdac1845a0bdc33d1347d874415d2beb06f453c2eefbfb0c0,2,0xc84c19bbf07d0cb7cc430fc3c51173c4acd5dd9d,0xc9f27a50f82571c1c8423a42970613b8dbda14ef,2021-12-08 00:05:09+00:00,140944,71344428769,1602968,88865,0,1972,2.0,133,1561,1597,0.9774577332498434,85,1919,2008,0.9556772908366534,294,1582,9624632,368,0x0053d092f307acabdac1845a0bdc33d1347d874415d2beb06f453c2eefbfb0c0,4,4,8,910,97,612909,378,7,4.0,3.0,1,3,0
0x3f59cd48a7121c32fabf35f9e46ca5119af0504f3866ae15eb841d2b84ee7813,2,0x55fcf6b665c5d5c53367b60f651a03739dfa7501,0xc9f27a50f82571c1c8423a42970613b8dbda14ef,2021-12-08 01:56:44+00:00,166576,77271012900,2695123,105953,0,312,2.0,132,1562,1598,0.9774718397997496,85,366,367,0.997275204359673,99,284,1824732,369,0x3f59cd48a7121c32fabf35f9e46ca5119af0504f3866ae15eb841d2b84ee7813,2,2,8,910,97,613382,79,7,4.0,3.0,1,3,0
0xeb0cbcded9b82a406550de22d8e18facb2f084a0bf1da2904bb391aa651be242,2,0xb18760f7d8fc72f40cc070595f6faab994e24991,0xc9f27a50f82571c1c8423a42970613b8dbda14ef,2021-12-08 02:37:10+00:00,140944,75317555847,350806,88865,0,379,2.0,131,1563,1599,0.9774859287054408,85,381,389,0.9794344473007712,83,292,1877334,370,0xeb0cbcded9b82a406550de22d8e18facb2f084a0bf1da2904bb391aa651be242,3,3,8,910,97,613541,118,7,4.0,3.0,1,3,0
0xa4f21f2adae071e3823a378a1b0858f7c2d2bb40e2f154143453aeedfc239bd8,2,0x056829e3842cfc9b433b9c90c1dcac2a1b72603c,0xc9f27a50f82571c1c8423a42970613b8dbda14ef,2021-12-08 03:03:35+00:00,140944,88518550441,11729133,88865,0,40,2.0,130,1564,1600,0.9775,85,50,50,1.0,23,296,1902947,371,0xa4f21f2adae071e3823a378a1b0858f7c2d2bb40e2f154143453aeedfc239bd8,5,5,8,910,97,613663,22,7,4.0,3.0,1,3,0
0xda4ab8b5a7e05d4f66a68ec954153f99cf7b6f31c220f954a38c61545940ca75,2,0xc0810e5f17915dfe97b57947a3d84094572689ac,0xc9f27a50f82571c1c8423a42970613b8dbda14ef,2021-12-08 03:10:32+00:00,166594,83650164022,7781305,105965,0,1099,2.0,127,1565,1601,0.9775140537164272,85,1093,1114,0.981149012567325,233,952,6090357,372,0xda4ab8b5a7e05d4f66a68ec954153f99cf7b6f31c220f954a38c61545940ca75,2,2,8,910,97,613690,128,7,4.0,3.0,1,3,0
0x6f9f0ff42fed977df6aae42066176745bc6f3af55a1499e7c4b4ab7f3f1da871,3,0xb3331bf4f89be0d192fbae786b1b5282f5982e69,0xc9f27a50f82571c1c8423a42970613b8dbda14ef,2021-12-08 03:11:09+00:00,250959,70470376516,2725074,165716,0,32,2.0,126,1566,1602,0.9775280898876404,85,50,51,0.980392156862745,18,312,2004780,373,0x6f9f0ff42fed977df6aae42066176745bc6f3af55a1499e7c4b4ab7f3f1da871,1,1,6,911,97,613693,13,4,4.0,1.0,1,2,0
0x20c8d906939c8f08f4300637e1ade267ac47ff01c4e8b34ba098018c27149e92,2,0x78fd06a971d8bd1ccf3ba2e16cd2d5ea451933e2,0xc9f27a50f82571c1c8423a42970613b8dbda14ef,2021-12-08 03:13:27+00:00,140926,85101348433,11136522,88853,0,301,2.0,125,1567,1603,0.9775421085464752,85,327,329,0.993920972644377,111,485,3132415,374,0x20c8d906939c8f08f4300637e1ade267ac47ff01c4e8b34ba098018c27149e92,2,2,8,911,97,613704,108,7,4.0,3.0,1,3,0
0xe6c04644634c56584adec5ec2068ccc2056d00f833a81461a08286e146800375,2,0xb734ec7a75d65406fde5bcf9156cab673ba1e1c5,0xc9f27a50f82571c1c8423a42970613b8dbda14ef,2021-12-08 03:14:30+00:00,140926,72578890546,16460610,88853,0,2183,2.0,124,1568,1604,0.9775561097256856,85,2338,2374,0.9848357203032856,397,1264,7923183,375,0xe6c04644634c56584adec5ec2068ccc2056d00f833a81461a08286e146800375,2,2,8,911,97,613706,121,7,4.0,3.0,1,3,0
0xcff9cac2b49ebb211137d7404d81ff9b2d2e8f1606e3ca67e5f8204e5c589a68,2,0xdb952e1b416f8e1cedc0571f46710e0ec18beb52,0xc9f27a50f82571c1c8423a42970613b8dbda14ef,2021-12-08 03:39:20+00:00,93963,80018124190,17561850,88865,0,44,2.0,123,1569,1605,0.9775700934579438,85,46,46,1.0,32,139,889201,376,0xcff9cac2b49ebb211137d7404d81ff9b2d2e8f1606e3ca67e5f8204e5c589a68,9,8,8,911,97,613830,10,7,4.0,3.0,1,3,0
0x8e0a144519e09dfa522eaf13fc18c88cfd494d9fdfc69cfa1698f622946af3fd,2,0x06e9925d3e8c642371232e7492c3916d6b855aaa,0xc9f27a50f82571c1c8423a42970613b8dbda14ef,2021-12-08 03:56:34+00:00,166594,76543970673,18054529,105965,0,362,2.0,122,1570,1606,0.9775840597758406,85,325,370,0.8783783783783784,73,290,1862396,377,0x8e0a144519e09dfa522eaf13fc18c88cfd494d9fdfc69cfa1698f622946af3fd,2,2,8,911,97,613901,90,7,4.0,3.0,1,3,0
0xd62818964620a2726f697313a9b526789a0f083aaa503c0bfca2fafb8c64875d,2,0xa862ad3b430bb441c061ae8965c2df56559b3d2e,0xc9f27a50f82571c1c8423a42970613b8dbda14ef,2021-12-08 03:57:05+00:00,140944,84501037814,16935028,88865,0,272,2.0,121,1571,1607,0.9775980087118856,85,286,299,0.9565217391304348,82,922,5893404,378,0xd62818964620a2726f697313a9b526789a0f083aaa503c0bfca2fafb8c64875d,4,4,8,911,97,613904,49,7,4.0,3.0,1,3,0
0x1ceaad0e485fbbf96a823d09f288b5f892c6e36008aaf3330a804579d9295e67,2,0x367191624fadb341c9206fa0c16f88b64b81b3ed,0xc9f27a50f82571c1c8423a42970613b8dbda14ef,2021-12-08 03:58:15+00:00,150341,82109441658,13577365,88865,0,155,2.0,120,1572,1608,0.9776119402985076,85,159,167,0.9520958083832334,45,150,953998,379,0x1ceaad0e485fbbf96a823d09f288b5f892c6e36008aaf3330a804579d9295e67,2,2,8,911,97,613907,30,7,4.0,3.0,1,3,0
0x1a59e611dc808ff785e30bec1375b3b97d5a8e34308c936109c88414a4476192,3,0xb2dcab83583e0451ed1a2bc98743997c38e10c47,0xc9f27a50f82571c1c8423a42970613b8dbda14ef,2021-12-08 04:13:50+00:00,250941,69389447061,6015283,165704,0,57,2.0,119,1573,1609,0.9776258545680548,85,60,61,0.9836065573770492,17,138,881588,380,0x1a59e611dc808ff785e30bec1375b3b97d5a8e34308c936109c88414a4476192,1,1,6,912,97,613981,18,4,4.0,1.0,1,2,0
0x1d1d7314f2c77dded2eb95e8efb9fb33fbb5a78a5daca2d88494e1c0ba41372d,2,0x32b09ebb575d28df0428f79047b613a452c9bce8,0xc9f27a50f82571c1c8423a42970613b8dbda14ef,2021-12-08 04:14:52+00:00,140944,72789610359,8506764,88865,0,15,2.0,118,1574,1610,0.977639751552795,85,19,19,1.0,4,59,374625,381,0x1d1d7314f2c77dded2eb95e8efb9fb33fbb5a78a5daca2d88494e1c0ba41372d,6,4,8,912,97,613985,5,7,4.0,3.0,1,3,0
0x8abfbac3c38949bf85d508fb2cb828f55a520743e1e610961ef4e7dc5f2ebc7e,2,0xb2dcab83583e0451ed1a2bc98743997c38e10c47,0xc9f27a50f82571c1c8423a42970613b8dbda14ef,2021-12-08 04:20:02+00:00,140872,102300000000,1229582,93617,0,58,2.0,117,1575,1611,0.9776536312849162,85,61,62,0.9838709677419356,17,138,881611,382,0x8abfbac3c38949bf85d508fb2cb828f55a520743e1e610961ef4e7dc5f2ebc7e,2,1,8,912,97,614004,18,7,4.0,3.0,1,3,0
0x79f3039b357ffe5a8375523175ea1046f20fc8fdcae58755d13741cd11d592b8,2,0xd3137fe7b703f4faccabc1660265ec53f89fa994,0xc9f27a50f82571c1c8423a42970613b8dbda14ef,2021-12-08 04:27:50+00:00,150341,64217967219,27450135,88865,0,102,2.0,116,1576,1612,0.977667493796526,85,112,115,0.9739130434782608,44,450,2899964,383,0x79f3039b357ffe5a8375523175ea1046f20fc8fdcae58755d13741cd11d592b8,2,2,8,912,97,614041,36,7,4.0,3.0,1,3,0
0x1c93d0bf565cae9ca0a5c62dd214b826065f0719651f6e09c8024bd52e471159,2,0x9ddea6c0bfa53bdf244ade7ba5ed7e227f6e58b4,0xc9f27a50f82571c1c8423a42970613b8dbda14ef,2021-12-08 04:28:47+00:00,200944,71853470317,7376112,88865,0,1057,2.0,115,1577,1613,0.9776813391196528,85,1056,1063,0.993414863593603,211,363,2337080,384,0x1c93d0bf565cae9ca0a5c62dd214b826065f0719651f6e09c8024bd52e471159,2,2,8,912,97,614042,133,7,4.0,3.0,1,3,0
0x80832cb2809c4cceffddb1cd91cb9336563c64814d39d58e9af8cee16a6691db,3,0x0975aa40a8c8a913a2b0d7ace0d5f7ee9b8337cc,0xc9f27a50f82571c1c8423a42970613b8dbda14ef,2021-12-08 04:36:17+00:00,250959,83322116594,6462434,165716,0,13,2.0,114,1578,1614,0.9776951672862452,85,17,17,1.0,7,93,592915,385,0x80832cb2809c4cceffddb1cd91cb9336563c64814d39d58e9af8cee16a6691db,1,1,6,913,97,614076,9,4,4.0,1.0,1,2,0
0x9e934f97d10764e23abc4d0bd79922d95aa699e99efede09f3d1a1cb35b60623,2,0x23ed05aad698cd4be7c9c5f2c6f8c04ed1827793,0xc9f27a50f82571c1c8423a42970613b8dbda14ef,2021-12-08 04:44:35+00:00,140908,64472108954,23511187,93641,0,1715,2.0,113,1579,1615,0.9777089783281732,85,1760,1774,0.992108229988726,352,454,2931328,386,0x9e934f97d10764e23abc4d0bd79922d95aa699e99efede09f3d1a1cb35b60623,4,4,8,913,97,614115,406,7,4.0,3.0,1,3,0
0x77ace02896c3cbdd9d93cbdbf958c46c69b5ed48785d28d123f393603fd731aa,2,0x99bcea6bb0403927fb3c038163478d5b42082fd9,0xc9f27a50f82571c1c8423a42970613b8dbda14ef,2021-12-08 06:01:33+00:00,140926,78607201767,5805988,88853,0,833,2.0,112,1580,1616,0.9777227722772276,85,1032,1036,0.996138996138996,387,1407,8760172,387,0x77ace02896c3cbdd9d93cbdbf958c46c69b5ed48785d28d123f393603fd731aa,2,2,8,913,97,614461,280,7,4.0,3.0,1,3,0
0x54f7cbae43e09f9d0e098c5ecac7def068c9ba51a9b7a5bda06e1a3ce6775093,2,0x043dccdadbb62817ff76816b409e908022c841a8,0xc9f27a50f82571c1c8423a42970613b8dbda14ef,2021-12-08 06:45:55+00:00,140944,67365777126,29262645,88865,0,86,2.0,111,1581,1617,0.9777365491651204,85,92,98,0.9387755102040816,27,319,2052554,388,0x54f7cbae43e09f9d0e098c5ecac7def068c9ba51a9b7a5bda06e1a3ce6775093,2,2,8,913,97,614657,52,7,4.0,3.0,1,3,0
0xefe92a9daeaa51005900006edff7143941c17bd5607804c3a0a929985fbfd574,2,0x8886dca35291f05ed5d8e21f083998ea8dceb50f,0xc9f27a50f82571c1c8423a42970613b8dbda14ef,2021-12-08 06:51:01+00:00,166576,99861006930,3557713,105953,0,462,2.0,110,1582,1618,0.9777503090234858,85,461,483,0.9544513457556936,105,647,4176234,389,0xefe92a9daeaa51005900006edff7143941c17bd5607804c3a0a929985fbfd574,3,3,8,913,97,614668,123,7,4.0,3.0,1,3,0
0xb3b3fb6d413e8b7318a01b57af6318e310d6233db3ba4e93c7ce76c3078ddad3,2,0x7f4193f4bade69eaf86b5d5c478b8781eb4347c0,0xc9f27a50f82571c1c8423a42970613b8dbda14ef,2021-12-08 07:40:07+00:00,140944,64492833701,15594867,88865,0,105,,109,1583,1619,0.9777640518838788,85,121,122,0.9918032786885244,63,1404,8741522,390,0xb3b3fb6d413e8b7318a01b57af6318e310d6233db3ba4e93c7ce76c3078ddad3,6,6,8,913,97,614881,26,7,4.0,3.0,1,3,0
0x48428bfd9ccc3e99ceaa8b880011dc6c501963560aeb463cf8ba48568b6fc09e,2,0x1ed09b8b375f1c7a59a78a16338597564ed3d87c,0xc9f27a50f82571c1c8423a42970613b8dbda14ef,2021-12-08 07:52:43+00:00,140944,70053418879,5537896,88865,0,29,2.0,108,1584,1620,0.9777777777777776,85,34,34,1.0,21,257,1647533,391,0x48428bfd9ccc3e99ceaa8b880011dc6c501963560aeb463cf8ba48568b6fc09e,2,2,8,913,97,614937,15,7,4.0,3.0,1,3,0
0xbd967b7a65f77f45f05b7e2b6c7d0b46e5b01ebc0097e1ccd3a1281f9df30454,2,0x71535aae1b6c0c51db317b54d5eee72d1ab843c1,0xc9f27a50f82571c1c8423a42970613b8dbda14ef,2021-12-08 08:23:47+00:00,93963,49976920265,1603961,88865,0,2641,2.0,107,1585,1621,0.9777914867365824,85,2579,2802,0.9204139900071376,618,1491,9248616,392,0xbd967b7a65f77f45f05b7e2b6c7d0b46e5b01ebc0097e1ccd3a1281f9df30454,2,2,8,913,97,615080,832,7,4.0,3.0,1,3,0
0x54cb6febadffc1b931bcfc5317235660382b3095c148b0fe0c538b4bc4aa41ac,3,0x0a0ae914771ec0a5851049864ccc27b1baa8cd43,0xc9f27a50f82571c1c8423a42970613b8dbda14ef,2021-12-08 08:55:36+00:00,250959,75000000000,6257972,165716,0,197,,106,1586,1622,0.9778051787916152,85,200,208,0.9615384615384616,55,179,1143826,393,0x54cb6febadffc1b931bcfc5317235660382b3095c148b0fe0c538b4bc4aa41ac,1,1,6,914,97,615217,70,4,4.0,1.0,1,2,0
0xa1bb80b91cbaed6a602cca9f23667378ae21320bb9996eda9f231ab8ac462d65,2,0xfc0ac081405ad9b335d6a2d5a0812a4959ad4372,0xc9f27a50f82571c1c8423a42970613b8dbda14ef,2021-12-08 09:21:13+00:00,140926,49219566519,13904092,88853,0,2447,2.0,105,1587,1623,0.977818853974122,85,2388,2486,0.9605792437650844,430,640,4134654,394,0xa1bb80b91cbaed6a602cca9f23667378ae21320bb9996eda9f231ab8ac462d65,2,2,8,914,97,615334,546,7,4.0,3.0,1,3,0
0x931307c61664f43b1781418a8fdc85ff91b9b5dadb59b80f2a850e9a070707d1,2,0xbd097c5c62ac56f585a3e58bf5000fcaff2a9deb,0xc9f27a50f82571c1c8423a42970613b8dbda14ef,2021-12-08 09:28:29+00:00,140872,60000000000,3552520,93617,0,20,,104,1588,1624,0.9778325123152708,85,25,25,1.0,13,162,1035116,395,0x931307c61664f43b1781418a8fdc85ff91b9b5dadb59b80f2a850e9a070707d1,2,2,8,914,97,615371,10,7,4.0,3.0,1,3,0
0x830e367ad0aba91e203b0a2dd82fb4fb27c941cd444fa8a1ea15ba43418a2b80,2,0x2742875fd862a91527dabe7020d963ef0c362346,0xc9f27a50f82571c1c8423a42970613b8dbda14ef,2021-12-08 09:49:08+00:00,166576,66061859690,11482322,105953,0,151,2.0,103,1589,1625,0.9778461538461538,85,146,157,0.929936305732484,41,194,1243511,396,0x830e367ad0aba91e203b0a2dd82fb4fb27c941cd444fa8a1ea15ba43418a2b80,4,4,8,914,97,615460,39,7,4.0,3.0,1,3,0
0x942fa6c00fd121fda7749fa9e59c88edfe6bb4861a51dab9b70008e7f726e5af,3,0xd5c58b0d819be34b7b8ff69e76e6a4b5fb912263,0xc9f27a50f82571c1c8423a42970613b8dbda14ef,2021-12-08 09:59:18+00:00,284239,63649618165,6803020,178303,0,1095,2.0,102,1590,1626,0.977859778597786,85,1144,1168,0.9794520547945204,253,1396,8690633,397,0x942fa6c00fd121fda7749fa9e59c88edfe6bb4861a51dab9b70008e7f726e5af,1,1,12,915,97,615504,296,7,5.0,3.0,1,3,0
0x0cc65119bc79fc538279be28e7656bcae64aa65aed53c2f866db5bdebaa489d6,2,0x676f3d2c9f5776e09d23986adc6684fb41e9000e,0xc9f27a50f82571c1c8423a42970613b8dbda14ef,2021-12-08 10:01:58+00:00,140890,69304402333,11246851,93629,0,983,2.0,101,1591,1627,0.9778733866011065,85,931,1041,0.8943323727185398,224,1409,8770977,398,0x0cc65119bc79fc538279be28e7656bcae64aa65aed53c2f866db5bdebaa489d6,7,7,8,915,97,615518,227,7,4.0,3.0,1,3,0
0x616a052f2b8c878e4b3178eafd199c0bf81b67b12611342ddcaf9a0b584a582a,3,0x5036d886044966eb325cb216283ee13eb85496b0,0xc9f27a50f82571c1c8423a42970613b8dbda14ef,2021-12-08 10:15:58+00:00,287701,65321690200,13675406,185411,0,1561,,100,1592,1628,0.9778869778869778,85,1477,1595,0.9260188087774294,214,1541,9474744,399,0x616a052f2b8c878e4b3178eafd199c0bf81b67b12611342ddcaf9a0b584a582a,1,1,13,916,97,615570,257,7,5.0,3.0,1,3,0
0x498ed1d2461e3b74b3918434dff36924cd51ef27d2f2f1257d6549a71a077919,2,0xfcb582cdb82a88a2ce12d7c35b6e9692cbb38425,0xc9f27a50f82571c1c8423a42970613b8dbda14ef,2021-12-08 10:21:49+00:00,140962,70396524677,6776209,88877,0,235,,99,1593,1629,0.9779005524861876,85,150,238,0.6302521008403361,37,189,1209082,400,0x498ed1d2461e3b74b3918434dff36924cd51ef27d2f2f1257d6549a71a077919,2,2,8,916,97,615591,29,7,4.0,3.0,1,3,0
0xc4a34448d312c82f81b08142a4dd707c9057d918a5fa5ad444fc03a22ed368c2,2,0xd5c58b0d819be34b7b8ff69e76e6a4b5fb912263,0xc9f27a50f82571c1c8423a42970613b8dbda14ef,2021-12-08 10:33:29+00:00,140926,59902581501,13247399,88853,0,1096,2.0,98,1594,1630,0.9779141104294478,85,1145,1169,0.979469632164243,253,1396,8690765,401,0xc4a34448d312c82f81b08142a4dd707c9057d918a5fa5ad444fc03a22ed368c2,2,1,8,916,97,615636,296,7,4.0,3.0,1,3,0
0xc87e0475d145ccc4999e0f2e9a158bfc418c6955c0529f4842989263ffedda8e,2,0x6fe7e0c399dfddb13b9615683280a09208d4fd5d,0xc9f27a50f82571c1c8423a42970613b8dbda14ef,2021-12-08 10:37:36+00:00,140926,75000000000,12099720,88853,0,234,,96,1595,1632,0.977328431372549,85,238,240,0.9916666666666668,52,91,578717,402,0xc87e0475d145ccc4999e0f2e9a158bfc418c6955c0529f4842989263ffedda8e,7,7,8,916,97,615648,65,7,4.0,3.0,1,3,0
0xd59f1c00e8356096dc649b21531abe5be48741c08bc195d6bae71429ffa2904d,2,0x14647973d093256920ce9c6c8a6646b3a4e43869,0xc9f27a50f82571c1c8423a42970613b8dbda14ef,2021-12-08 10:37:36+00:00,140944,77963779790,9531520,88865,0,271,2.0,97,1595,1632,0.977328431372549,85,262,282,0.9290780141843972,54,344,2216396,403,0xd59f1c00e8356096dc649b21531abe5be48741c08bc195d6bae71429ffa2904d,2,2,8,916,97,615648,81,7,4.0,3.0,1,3,0
0x8c3cace64cb5af94d88bd4d42cbdcf915329e0e9af088434c65b177cc30c4fe7,2,0x5036d886044966eb325cb216283ee13eb85496b0,0xc9f27a50f82571c1c8423a42970613b8dbda14ef,2021-12-08 10:43:24+00:00,140926,77541307122,13584041,88853,0,1562,2.0,95,1596,1633,0.977342314758114,85,1478,1596,0.926065162907268,214,1541,9474844,404,0x8c3cace64cb5af94d88bd4d42cbdcf915329e0e9af088434c65b177cc30c4fe7,2,1,8,916,97,615670,257,7,4.0,3.0,1,3,0
0x9091fddbb0d24b4410c94f56d2523584923ae81b63232a33d471620b96d0915f,2,0xe00954673ea4d16dcfb58b965b76023e338fe652,0xc9f27a50f82571c1c8423a42970613b8dbda14ef,2021-12-08 12:00:00+00:00,140944,70198931452,11449829,88865,0,631,2.0,94,1597,1634,0.9773561811505508,85,628,644,0.9751552795031057,132,334,2150463,405,0x9091fddbb0d24b4410c94f56d2523584923ae81b63232a33d471620b96d0915f,4,4,8,916,97,616004,129,7,4.0,3.0,1,3,0
0x1bf1c9bfed06a71ad10144164624eb97767561480f311dfa2176c46959cd06e0,2,0xf49d2bcc52f0b46a98204721f98ce9d4e6730bed,0xc9f27a50f82571c1c8423a42970613b8dbda14ef,2021-12-08 12:29:57+00:00,140944,53571579699,25074686,88865,0,1466,2.0,93,1598,1635,0.9773700305810396,85,1483,1507,0.9840743198407432,248,530,3421663,406,0x1bf1c9bfed06a71ad10144164624eb97767561480f311dfa2176c46959cd06e0,3,3,8,916,97,616123,299,7,4.0,3.0,1,3,0
0x560efda087c576fc89fa32198dcde54397c8439582adb55ceb58d3b5f1527255,2,0xe3f0254b09aec48ffa46f9eee5a3bc7a8e510e6d,0xc9f27a50f82571c1c8423a42970613b8dbda14ef,2021-12-08 13:02:17+00:00,140944,65165889604,4778175,88865,0,550,2.0,92,1599,1636,0.9773838630806844,85,538,554,0.9711191335740073,149,430,2775087,407,0x560efda087c576fc89fa32198dcde54397c8439582adb55ceb58d3b5f1527255,3,3,8,916,97,616267,141,7,4.0,3.0,1,3,0
0x741e8530abebe68049cd33919327bc2fa6cd849375a669dfb795cbe4b5e7ea16,2,0xe75021660e00a7fa0df1b97da13ebabe6d82e7ea,0xc9f27a50f82571c1c8423a42970613b8dbda14ef,2021-12-08 16:17:34+00:00,140926,71069023283,11734438,88853,0,1246,,91,1600,1637,0.977397678680513,85,1082,1279,0.8459734167318216,142,1268,7947164,408,0x741e8530abebe68049cd33919327bc2fa6cd849375a669dfb795cbe4b5e7ea16,5,4,8,916,97,617107,141,7,4.0,3.0,1,3,0
0x671b7d1f2b23da20d1b1dfee19d3ab640277d4f4bef960c4124ef74356d83d27,2,0xeaab593478d42b80dd76906d75d536f75a3d1c44,0xc9f27a50f82571c1c8423a42970613b8dbda14ef,2021-12-08 17:43:53+00:00,140926,99951353388,9028727,86140,0,5,2.0,89,1601,1639,0.9768151311775471,85,7,8,0.875,3,183,1170009,409,0x671b7d1f2b23da20d1b1dfee19d3ab640277d4f4bef960c4124ef74356d83d27,3,2,8,916,97,617478,4,7,4.0,3.0,1,3,0
0x35c15697db6623c5d7422cdfaa09b7fbb81aa54f8ec1144d002decda76cd1611,2,0xeaab593478d42b80dd76906d75d536f75a3d1c44,0xc9f27a50f82571c1c8423a42970613b8dbda14ef,2021-12-08 17:43:53+00:00,140926,83260090390,8942587,88853,0,4,2.0,90,1601,1639,0.9768151311775471,85,7,8,0.875,3,183,1170009,410,0x35c15697db6623c5d7422cdfaa09b7fbb81aa54f8ec1144d002decda76cd1611,3,2,8,916,97,617478,4,7,4.0,3.0,1,3,0
0x02c82dbac12ba01ba8d945e206cfa9b5775fa177e2b238282a3bfb954de5ddc3,2,0x9c2579454b9854ff3dfb64e9acf687615ee99856,0xc9f27a50f82571c1c8423a42970613b8dbda14ef,2021-12-08 18:01:07+00:00,140926,96594028123,1984912,88853,0,1759,2.0,88,1602,1640,0.9768292682926828,85,1639,1799,0.9110617009449694,365,1379,8594426,411,0x02c82dbac12ba01ba8d945e206cfa9b5775fa177e2b238282a3bfb954de5ddc3,7,5,8,916,97,617556,240,7,4.0,3.0,1,3,0
0x624e382a5d093ffb7b47b151237b675e912b138814d94adea73a5cfc7d5b7187,2,0xa000bce4ce3d1b3ac63c2e0488ce76fbdb9de764,0xc9f27a50f82571c1c8423a42970613b8dbda14ef,2021-12-08 19:03:09+00:00,166558,130900000000,3479923,105941,0,55,2.0,87,1603,1641,0.9768433881779403,85,63,66,0.9545454545454544,28,188,1204720,412,0x624e382a5d093ffb7b47b151237b675e912b138814d94adea73a5cfc7d5b7187,2,2,8,916,97,617819,16,7,4.0,3.0,1,3,0
0x3bd7fec12457207253a2a174f4ec1a1c682b4435490039b801bc7c66f3d7c587,2,0x34aeb158028a2e8f2cd8db5fd7fa88a47acdca40,0xc9f27a50f82571c1c8423a42970613b8dbda14ef,2021-12-08 20:10:14+00:00,140944,90100436511,10478842,88865,0,2896,2.0,86,1604,1642,0.976857490864799,85,2751,2921,0.9418007531667236,320,563,3636101,413,0x3bd7fec12457207253a2a174f4ec1a1c682b4435490039b801bc7c66f3d7c587,6,5,8,916,97,618130,223,7,4.0,3.0,1,3,0
0xcf540466aefd7407b3d0bb1eb74f4fbb8bc274be8e2eabdb185ec1c0d3deecaf,2,0x382c5f5cdcb927de8b4755b7c95581f792bf7ea8,0xc9f27a50f82571c1c8423a42970613b8dbda14ef,2021-12-09 00:22:59+00:00,140944,64266950604,3659700,88865,0,427,2.0,85,1605,1643,0.976871576384662,86,449,464,0.9676724137931034,130,329,2118013,414,0xcf540466aefd7407b3d0bb1eb74f4fbb8bc274be8e2eabdb185ec1c0d3deecaf,2,2,8,916,98,619208,133,7,4.0,3.0,1,3,0
0x0d1e9f89470505783bb17a15b47eb7d85e51f5c398d8d6c33c819bf9aa096112,2,0x74594c7665503e8f85dee744cad4b7acf8f77142,0xc9f27a50f82571c1c8423a42970613b8dbda14ef,2021-12-09 01:28:18+00:00,140944,95111788522,3602777,88865,0,7,2.0,84,1606,1644,0.9768856447688564,86,9,10,0.9,4,77,489012,415,0x0d1e9f89470505783bb17a15b47eb7d85e51f5c398d8d6c33c819bf9aa096112,3,3,8,916,98,619480,5,7,4.0,3.0,1,3,0
0xa1e73d2582edbcc39a946c3176a6291502f476810697434a7b8ea107e9ba7108,2,0xab96625f838514a5d8e83b5884963c44902f9b59,0xc9f27a50f82571c1c8423a42970613b8dbda14ef,2021-12-09 11:38:01+00:00,140944,69345503982,13391677,88865,0,31,,83,1607,1645,0.9768996960486322,86,33,34,0.9705882352941176,17,211,1353489,416,0xa1e73d2582edbcc39a946c3176a6291502f476810697434a7b8ea107e9ba7108,2,2,8,916,98,622129,18,7,4.0,3.0,1,3,0
0x83c6b4574ba50cc28fed06484f5dc3dde428326f7846f78d662170728f5fd78f,2,0x3ed663896eb97f005a2ae27d93fbf346bfc1ccd7,0xc9f27a50f82571c1c8423a42970613b8dbda14ef,2021-12-09 11:46:58+00:00,140926,50441764421,4907469,88853,0,24,,82,1608,1646,0.976913730255164,86,26,26,1.0,15,194,1239452,417,0x83c6b4574ba50cc28fed06484f5dc3dde428326f7846f78d662170728f5fd78f,2,2,8,916,98,622182,13,7,4.0,3.0,1,3,0
0x7097f92944252c053c86ba3aa260aa5bb86a6cefa1ea912a86d21502305554dd,2,0x4721a43133d1a13f3651a415b68f81e73edb5dc6,0xc9f27a50f82571c1c8423a42970613b8dbda14ef,2021-12-09 13:34:57+00:00,166558,74792361082,16981704,110741,0,552,2.0,81,1609,1647,0.9769277474195506,86,561,584,0.9606164383561644,120,343,2206986,418,0x7097f92944252c053c86ba3aa260aa5bb86a6cefa1ea912a86d21502305554dd,13,11,8,916,98,622636,73,7,4.0,3.0,1,3,0
0xa2b996fd7e6ffdd38ce66a96386a49c8cda6abd803317500040d5ef56a7c633d,2,0xdf350ff8e368c9fafe0c6b3113920923567f68c6,0xc9f27a50f82571c1c8423a42970613b8dbda14ef,2021-12-09 15:31:48+00:00,140926,99440568203,17792958,88853,0,477,2.0,80,1610,1648,0.9769417475728154,86,495,520,0.9519230769230768,164,1747,10520311,419,0xa2b996fd7e6ffdd38ce66a96386a49c8cda6abd803317500040d5ef56a7c633d,2,2,8,916,98,623139,124,7,4.0,3.0,1,3,0
0xf8a9ce081fbaa70dc1bea15d02fd2c813a144a3529a548c9f4855b220126c768,2,0xbb731df2b53eee023f8e46dc2f2d934b367ac8cc,0xc9f27a50f82571c1c8423a42970613b8dbda14ef,2021-12-09 19:37:42+00:00,140944,67510551020,12816013,88865,0,24,,79,1611,1649,0.9769557307459064,86,26,26,1.0,12,201,1290318,420,0xf8a9ce081fbaa70dc1bea15d02fd2c813a144a3529a548c9f4855b220126c768,2,2,8,916,98,624231,15,7,4.0,3.0,1,3,0
0xec56f1fe26296d444cd94f4e06aae7ca5f48a47204b5b59e8e4cc15e74d01bc1,2,0xc1228a91911d12f6520fabb3be52073992797784,0xc9f27a50f82571c1c8423a42970613b8dbda14ef,2021-12-09 19:52:01+00:00,140944,64631404827,9982885,88865,0,18,,78,1612,1650,0.9769696969696968,86,20,20,1.0,9,211,1355233,421,0xec56f1fe26296d444cd94f4e06aae7ca5f48a47204b5b59e8e4cc15e74d01bc1,2,2,8,916,98,624297,11,7,4.0,3.0,1,3,0
0xd25041185f3656a6f6af20d03e4f7c1b834f48259492dd427ba109d4b2c66c5a,2,0xca968044effff14bee263ca6af3b9823f1968f37,0xc9f27a50f82571c1c8423a42970613b8dbda14ef,2021-12-10 08:17:58+00:00,140944,66252035851,1438373,88865,0,1596,2.0,77,1613,1651,0.9769836462749848,87,1586,1615,0.9820433436532509,308,1464,9085774,422,0xd25041185f3656a6f6af20d03e4f7c1b834f48259492dd427ba109d4b2c66c5a,3,3,8,916,99,627540,382,7,4.0,3.0,1,3,0
0x8f3a3ec418ff0e197b5647836fdf5ecded372785b5ff652c6d263de57abc765f,2,0x47724a15a20dc3a1225bfb2a794e2bb5520340db,0xc9f27a50f82571c1c8423a42970613b8dbda14ef,2021-12-10 09:17:58+00:00,166576,49543151408,7145974,105953,0,91,2.0,76,1614,1652,0.976997578692494,87,118,120,0.9833333333333332,29,222,1422362,423,0x8f3a3ec418ff0e197b5647836fdf5ecded372785b5ff652c6d263de57abc765f,2,2,8,916,99,627829,23,7,4.0,3.0,1,3,0
0x450db1113d2e25b7178c235692c6a612722b26be15795faaf757418e5e71fa6b,3,0x8b187ea19c93091a4d6b426b71871648182b5fac,0xc9f27a50f82571c1c8423a42970613b8dbda14ef,2021-12-10 12:35:33+00:00,284257,51758062156,5658596,178315,0,182,2.0,75,1615,1653,0.9770114942528736,87,178,187,0.9518716577540108,52,118,753727,424,0x450db1113d2e25b7178c235692c6a612722b26be15795faaf757418e5e71fa6b,1,1,12,917,99,628769,46,7,5.0,3.0,1,3,0
0x6a140a6a24e1218d809bfcd9f76bf88fba971007faefa68036635a184b748575,2,0x8b187ea19c93091a4d6b426b71871648182b5fac,0xc9f27a50f82571c1c8423a42970613b8dbda14ef,2021-12-10 12:37:33+00:00,140944,51246425295,5377616,88865,0,183,2.0,74,1616,1654,0.9770253929866988,87,179,189,0.947089947089947,52,118,753736,425,0x6a140a6a24e1218d809bfcd9f76bf88fba971007faefa68036635a184b748575,2,1,8,917,99,628778,46,7,4.0,3.0,1,3,0
0xd9705ab9f34b33e231ab6671ef5eb20d6b279bad089ba5fd8205fb3b0aea10d0,2,0xb82adf9206ffa17b5be784d94a8ac76606691c56,0xc9f27a50f82571c1c8423a42970613b8dbda14ef,2021-12-10 14:38:14+00:00,140908,86113248032,14232178,88841,0,136,2.0,73,1617,1655,0.9770392749244712,87,138,153,0.9019607843137256,60,1017,6503820,426,0xd9705ab9f34b33e231ab6671ef5eb20d6b279bad089ba5fd8205fb3b0aea10d0,3,2,8,917,99,629291,60,7,4.0,3.0,1,3,0
0xba86966284cbf3ac7bb327a572d38bc626ac37d31697f1c255d779c402a6c8a4,2,0x10dc1d2f35992b28c5160c2f9fc9582735298d78,0xc9f27a50f82571c1c8423a42970613b8dbda14ef,2021-12-10 19:38:51+00:00,140944,62206974993,8124934,88865,0,927,2.0,72,1618,1656,0.9770531400966184,87,931,951,0.978969505783386,156,272,1747705,427,0xba86966284cbf3ac7bb327a572d38bc626ac37d31697f1c255d779c402a6c8a4,4,4,8,917,99,630701,134,7,4.0,3.0,1,3,0
0xe8a320bd784d46dfaebf892c7235b833e5a01e10b8fd8b5ad217f239591306fe,2,0x05e362bef8c3519a945a65e187e052e23613902c,0xc9f27a50f82571c1c8423a42970613b8dbda14ef,2021-12-10 19:50:05+00:00,166558,53182843096,20204463,110741,0,2686,2.0,71,1619,1657,0.9770669885334942,87,2683,2731,0.9824240205053094,325,1463,9085382,428,0xe8a320bd784d46dfaebf892c7235b833e5a01e10b8fd8b5ad217f239591306fe,6,5,8,917,99,630753,267,7,4.0,3.0,1,3,0
0x0640c2873b42bbb7c07b05c4a52bc7860ecce9ccc2c722a11d644f49f01e393c,2,0xc4dd8e820ff8794301c67a74f4cd024676356532,0xc9f27a50f82571c1c8423a42970613b8dbda14ef,2021-12-10 21:02:21+00:00,140944,78607682352,6344449,88865,0,918,2.0,70,1620,1658,0.97708082026538,87,921,947,0.972544878563886,238,1583,9638112,429,0x0640c2873b42bbb7c07b05c4a52bc7860ecce9ccc2c722a11d644f49f01e393c,2,2,8,917,99,631057,165,7,4.0,3.0,1,3,0
0x01986532b4aec7d7cd533157a6bc0158687127d19d4b7822ac226f2c629a61dd,2,0x5614c3f40dab746fe0ed13fe9f3d00b6578e2dac,0xc9f27a50f82571c1c8423a42970613b8dbda14ef,2021-12-10 22:40:40+00:00,140926,98577969206,2351226,88853,0,372,2.0,69,1621,1659,0.9770946353224834,87,391,403,0.9702233250620348,85,402,2597520,430,0x01986532b4aec7d7cd533157a6bc0158687127d19d4b7822ac226f2c629a61dd,6,5,8,917,99,631468,76,7,4.0,3.0,1,3,0
0x165d7261c857dbe7109d41f67936f146f9a5be1abc146facc91745e3b4227038,3,0x05e362bef8c3519a945a65e187e052e23613902c,0xc9f27a50f82571c1c8423a42970613b8dbda14ef,2021-12-10 23:04:39+00:00,126840,150000000000,856723,84263,0,2688,2.0,68,1622,1660,0.9771084337349396,87,2685,2733,0.982436882546652,325,1463,9086196,431,0x165d7261c857dbe7109d41f67936f146f9a5be1abc146facc91745e3b4227038,7,5,6,917,99,631567,267,4,4.0,1.0,1,2,0
0x59874f3c37e14784eb37e0942b17cf829283aede8c334790049dca2c3deb996b,3,0x6b7b5231b4897ea061c83c05b773b9ead6582cce,0xc9f27a50f82571c1c8423a42970613b8dbda14ef,2021-12-11 03:38:17+00:00,126822,73793806102,4360926,84251,0,196,2.0,67,1623,1661,0.9771222155328116,88,207,207,1.0,74,442,2848401,432,0x59874f3c37e14784eb37e0942b17cf829283aede8c334790049dca2c3deb996b,2,2,6,917,100,632800,52,4,4.0,1.0,1,2,0
0x9d7453ff07b37fc05148bca60fa7f0606018bd422362374c78827082e2f27f10,2,0x4c61f3259d705323c7f27377da09a3e222ecde66,0xc9f27a50f82571c1c8423a42970613b8dbda14ef,2021-12-11 04:39:34+00:00,140926,61453989669,10855081,88853,0,307,2.0,66,1624,1662,0.977135980746089,88,303,315,0.961904761904762,94,389,2509128,433,0x9d7453ff07b37fc05148bca60fa7f0606018bd422362374c78827082e2f27f10,2,2,8,917,100,633100,79,7,4.0,3.0,1,3,0
0xb094b0e933895089af85a4978bbfe61c5df80991230c58b42046e4d83a4ce325,2,0x16f037a3ddf53da1b047a926e1833219f0a8e1fc,0xc9f27a50f82571c1c8423a42970613b8dbda14ef,2021-12-11 08:45:43+00:00,140944,39702671293,4519343,88865,0,2715,2.0,65,1625,1663,0.9771497294046904,88,2643,2735,0.96636197440585,289,446,2878461,434,0xb094b0e933895089af85a4978bbfe61c5df80991230c58b42046e4d83a4ce325,2,2,8,917,100,634167,391,7,4.0,3.0,1,3,0
0xf1e5bcb4c34dbb02af0cae2c1723a1dd0cf373c2b01679584ab2b623aabea553,3,0x7515774dc4c9dbf2e64deba45f294189f2a2a66b,0xc9f27a50f82571c1c8423a42970613b8dbda14ef,2021-12-11 10:36:36+00:00,287701,41026202072,17244283,185411,0,155,2.0,64,1626,1664,0.9771634615384616,88,159,167,0.9520958083832334,43,532,3435588,435,0xf1e5bcb4c34dbb02af0cae2c1723a1dd0cf373c2b01679584ab2b623aabea553,1,1,13,918,100,634666,50,7,5.0,3.0,1,3,0
0x54bf91680721a89cf223c14b4757d58ce2c502cab489f87727922485b83349b6,3,0x3dc5f821f21992c7bed140eb8415ef5862186c30,0xc9f27a50f82571c1c8423a42970613b8dbda14ef,2021-12-11 11:04:34+00:00,250959,47919220573,2846456,165716,0,18,2.0,63,1627,1665,0.9771771771771772,88,22,29,0.7586206896551723,10,67,422641,436,0x54bf91680721a89cf223c14b4757d58ce2c502cab489f87727922485b83349b6,1,1,6,919,100,634794,10,4,4.0,1.0,1,2,0
0x8648032a06797e0ef4103645a97ae0436f9bd51c2060ec442542eaca7dd8cfab,2,0x9d41eccedd6911c60c523d528a326f0dc2b59f4e,0xc9f27a50f82571c1c8423a42970613b8dbda14ef,2021-12-11 11:43:37+00:00,140944,68535053682,6041531,88865,0,861,2.0,62,1628,1666,0.9771908763505402,88,865,907,0.9536934950385888,212,424,2734422,437,0x8648032a06797e0ef4103645a97ae0436f9bd51c2060ec442542eaca7dd8cfab,3,3,8,919,100,634963,172,7,4.0,3.0,1,3,0
0xfc71072ebb950d6cb5c40b2141c598053be718edda4abd3f9cf80ca6781bf882,3,0x0b025d49201314db012911a95ec7e4609027a693,0xc9f27a50f82571c1c8423a42970613b8dbda14ef,2021-12-11 14:38:07+00:00,250977,53005207848,2085275,165728,0,1085,2.0,61,1629,1667,0.9772045590881824,88,1024,1107,0.9250225835591688,167,326,2098182,438,0xfc71072ebb950d6cb5c40b2141c598053be718edda4abd3f9cf80ca6781bf882,1,1,6,920,100,635748,199,4,4.0,1.0,1,2,0
0x16c9adff84e1c9500ae7f5b59e82813121b7d7377c939a3a2bf0b4753faf835b,2,0xe37d4ea5c27017c227b6bf5a9ceda2e02c58637f,0xc9f27a50f82571c1c8423a42970613b8dbda14ef,2021-12-11 15:12:10+00:00,166576,48887251966,15207316,105953,0,136,2.0,60,1630,1668,0.9772182254196644,88,157,160,0.98125,71,539,3481308,439,0x16c9adff84e1c9500ae7f5b59e82813121b7d7377c939a3a2bf0b4753faf835b,2,2,8,920,100,635902,62,7,4.0,3.0,1,3,0
0x95e05620b1dd2b57fb5f192a8ae837d76ca53bd1c446a318ceaea3ac9ebccd3e,2,0x4d9fed7af38c4691e992d5d6396d8b2fc773fc99,0xc9f27a50f82571c1c8423a42970613b8dbda14ef,2021-12-12 03:56:52+00:00,140926,54316394667,16133825,88853,0,409,2.0,59,1631,1669,0.9772318753744756,89,411,429,0.958041958041958,97,288,1846645,440,0x95e05620b1dd2b57fb5f192a8ae837d76ca53bd1c446a318ceaea3ac9ebccd3e,2,2,8,920,101,639344,109,7,4.0,3.0,1,3,0
0x6131d1551975c7e4b30f1bc720f0c63661131c8b9fc4abed0d4b904c86a47010,3,0xdb952e1b416f8e1cedc0571f46710e0ec18beb52,0xc9f27a50f82571c1c8423a42970613b8dbda14ef,2021-12-12 06:46:33+00:00,101931,53944372542,17696353,101363,0,51,2.0,58,1632,1670,0.9772455089820358,89,53,53,1.0,34,143,915456,441,0x6131d1551975c7e4b30f1bc720f0c63661131c8b9fc4abed0d4b904c86a47010,10,9,6,920,101,640085,13,4,4.0,1.0,1,2,0
0x5d9729950b1b89c267faeb624166fde14ed7662e6e3076fe6998a3ed53f9292f,3,0x08608176e1d6ac5be11de8403805d4b339899a1b,0xc9f27a50f82571c1c8423a42970613b8dbda14ef,2021-12-12 10:26:15+00:00,284239,43668908567,10485449,183103,0,564,2.0,57,1633,1671,0.9772591262716936,89,631,655,0.9633587786259542,192,469,3025350,442,0x5d9729950b1b89c267faeb624166fde14ed7662e6e3076fe6998a3ed53f9292f,1,1,12,921,101,641042,159,7,5.0,3.0,1,3,0
0xd3474a7ecc3685b26cc5b32090309ee79708ca50d638bb7f5c8e157471269cac,2,0x280a8675cf1d930c638f4f9eb9dbe75823801d5a,0xc9f27a50f82571c1c8423a42970613b8dbda14ef,2021-12-12 14:25:11+00:00,140944,39470385893,2603568,88865,0,3823,2.0,56,1634,1672,0.9772727272727272,89,3710,3904,0.9503073770491804,497,676,4366399,443,0xd3474a7ecc3685b26cc5b32090309ee79708ca50d638bb7f5c8e157471269cac,3,3,8,921,101,642154,490,7,4.0,3.0,1,3,0
0x24e7c48bd5565a189707968171491db55e7e5cb7a046322b5a4e4e270180a05e,3,0xa58a950cc6083863d8179171d8a18a3537f46c5c,0xc9f27a50f82571c1c8423a42970613b8dbda14ef,2021-12-12 18:52:09+00:00,126822,58912173243,25933006,84251,0,318,2.0,55,1635,1673,0.9772863120143453,89,354,367,0.9645776566757492,124,356,2293271,444,0x24e7c48bd5565a189707968171491db55e7e5cb7a046322b5a4e4e270180a05e,2,2,6,921,101,643377,88,4,4.0,1.0,1,2,0
0x785789a726e2a6f666d7fb0cef233252a65614ea64bf7378d656ac745eba94b4,3,0xed36b17651229475a8eefbb64b706c18aafd4311,0xc9f27a50f82571c1c8423a42970613b8dbda14ef,2021-12-13 06:20:49+00:00,126822,39421089053,16181483,84251,0,770,2.0,54,1636,1674,0.977299880525687,90,768,804,0.9552238805970148,179,433,2795865,445,0x785789a726e2a6f666d7fb0cef233252a65614ea64bf7378d656ac745eba94b4,2,2,6,921,102,646489,106,4,4.0,1.0,1,2,0
0x2dd8b5070a6a3cdb7dfb810b67145610b52d6004d2338ff7c0def66e7d2b73e7,2,0x12d3015a7aafe770d585bc17c2200c0f1eb57fe3,0xc9f27a50f82571c1c8423a42970613b8dbda14ef,2021-12-13 09:11:27+00:00,140927,41000000000,19930710,88853,0,17,,53,1637,1675,0.977313432835821,90,17,19,0.894736842105263,11,257,1647986,446,0x2dd8b5070a6a3cdb7dfb810b67145610b52d6004d2338ff7c0def66e7d2b73e7,2,2,8,921,102,647235,14,7,4.0,3.0,1,3,0
0xc283c296975e68e06ad1e4b81976c68a3fd378d9732108cc016b098ad765d266,2,0xad82aecd14d42aa19f5b6175e23937f33d25babe,0xc9f27a50f82571c1c8423a42970613b8dbda14ef,2021-12-13 11:12:27+00:00,140926,39377182271,9975783,88853,0,320,2.0,52,1638,1677,0.9767441860465116,90,335,348,0.9626436781609196,86,359,2315274,447,0xc283c296975e68e06ad1e4b81976c68a3fd378d9732108cc016b098ad765d266,2,2,8,921,102,647776,99,7,4.0,3.0,1,3,0
0x2df16be3e21077bb6d1c99fd7513d98681266257ed5f9aaa057931a047ea9727,2,0x679b4172e1698579d562d1d8b4774968305b80b2,0xc9f27a50f82571c1c8423a42970613b8dbda14ef,2021-12-13 11:12:27+00:00,140908,38877182271,13383181,88841,0,540,2.0,51,1638,1677,0.9767441860465116,90,548,568,0.9647887323943662,111,430,2775882,448,0x2df16be3e21077bb6d1c99fd7513d98681266257ed5f9aaa057931a047ea9727,2,2,8,921,102,647776,198,7,4.0,3.0,1,3,0
0x5f3356a59da9e74ae0f71fb0face2c5c43c6321fd34954829a56538674ce8d0a,2,0x05e362bef8c3519a945a65e187e052e23613902c,0xc9f27a50f82571c1c8423a42970613b8dbda14ef,2021-12-13 12:47:15+00:00,140908,39592978670,12572222,93641,0,2696,2.0,50,1639,1678,0.9767580452920142,90,2693,2742,0.9821298322392414,328,1466,9102851,449,0x5f3356a59da9e74ae0f71fb0face2c5c43c6321fd34954829a56538674ce8d0a,8,6,8,921,102,648222,268,7,4.0,3.0,1,3,0
0x4b25719d1d5d5da4e4f9bb6166c4ee5f55f8fa37d4496a3eb8f78ac76bc9f612,2,0x4721a43133d1a13f3651a415b68f81e73edb5dc6,0xc9f27a50f82571c1c8423a42970613b8dbda14ef,2021-12-13 13:40:53+00:00,166558,50630968054,3949435,110741,0,556,2.0,49,1640,1679,0.9767718880285884,90,565,588,0.9608843537414966,122,347,2232837,450,0x4b25719d1d5d5da4e4f9bb6166c4ee5f55f8fa37d4496a3eb8f78ac76bc9f612,14,12,8,921,102,648487,73,7,4.0,3.0,1,3,0
0xb54f46644ab29633c61f227ce1a0a1ab2d17237a49585cb4f0bd8eb82a2618a6,3,0xbae1d68661b98ba3b7dca7468b014a05a8c5e64f,0xc9f27a50f82571c1c8423a42970613b8dbda14ef,2021-12-13 13:59:15+00:00,284239,42439597740,4440642,183103,0,38,2.0,48,1641,1680,0.9767857142857141,90,41,42,0.976190476190476,25,485,3130860,451,0xb54f46644ab29633c61f227ce1a0a1ab2d17237a49585cb4f0bd8eb82a2618a6,1,1,12,922,102,648575,22,7,5.0,3.0,1,3,0
0x82c81f9adc710e754a425594d0bc9c0ed03baf8353b8fd9f516578acd09975f1,2,0xbae1d68661b98ba3b7dca7468b014a05a8c5e64f,0xc9f27a50f82571c1c8423a42970613b8dbda14ef,2021-12-13 14:19:25+00:00,166576,63833814028,6409387,105953,0,39,2.0,47,1642,1681,0.976799524092802,90,42,43,0.9767441860465116,25,485,3130935,452,0x82c81f9adc710e754a425594d0bc9c0ed03baf8353b8fd9f516578acd09975f1,2,1,8,922,102,648650,22,7,4.0,3.0,1,3,0
0x8d8ee96453f1cb59c2ddf88eec21d2faf7f72947e8deb36fd5df51376c1a1a26,3,0x0b025d49201314db012911a95ec7e4609027a693,0xc9f27a50f82571c1c8423a42970613b8dbda14ef,2021-12-13 14:46:09+00:00,163582,45002384697,5097147,103958,0,1093,2.0,46,1643,1682,0.9768133174791914,90,1032,1115,0.9255605381165918,168,328,2111211,453,0x8d8ee96453f1cb59c2ddf88eec21d2faf7f72947e8deb36fd5df51376c1a1a26,2,2,13,922,102,648777,200,7,5.0,3.0,1,3,0
0x619b87dae8dd189ac0f3eb268d53e4d6f99ccef58efad4cb62667d1bc8125a34,2,0x10690227d831a2daef1e7728226bf2501eb8beca,0xc9f27a50f82571c1c8423a42970613b8dbda14ef,2021-12-13 21:31:51+00:00,140926,91370029140,12354015,88853,0,170,2.0,45,1644,1683,0.9768270944741532,90,181,184,0.983695652173913,59,1665,10047418,454,0x619b87dae8dd189ac0f3eb268d53e4d6f99ccef58efad4cb62667d1bc8125a34,2,2,8,922,102,650631,59,7,4.0,3.0,1,3,0
0xeab93827cecb1e6d8f0ea0e55d37161f0e705d0359bd549c9a9a8972a4fed509,2,0xccff041faeb4afda1cf84b0c082d907387291453,0xc9f27a50f82571c1c8423a42970613b8dbda14ef,2021-12-14 08:30:06+00:00,140890,52817541281,5214578,93629,0,153,2.0,44,1645,1684,0.9768408551068885,91,168,172,0.9767441860465116,49,1575,9613012,455,0xeab93827cecb1e6d8f0ea0e55d37161f0e705d0359bd549c9a9a8972a4fed509,2,2,8,922,103,653523,50,7,4.0,3.0,1,3,0
0x404c8dc7365d8d77cad320b682f0aac8494fa3563ef45d5e2383656af7a5b95f,3,0x32a59b87352e980dd6ab1baf462696d28e63525d,0xc9f27a50f82571c1c8423a42970613b8dbda14ef,2021-12-14 09:59:30+00:00,250959,38664348926,25144672,165716,0,7318,2.0,43,1646,1685,0.976854599406528,91,6286,7384,0.8513001083423619,534,1422,8847943,456,0x404c8dc7365d8d77cad320b682f0aac8494fa3563ef45d5e2383656af7a5b95f,1,1,6,923,103,653935,1273,4,4.0,1.0,1,2,0
0x57f9cc3caa0d804e4f40364ee42bdd547642e5f1716af137b1b8bdf14dcf8473,2,0xd8047842874e3be4a1155ad052dbd5395d3a154f,0xc9f27a50f82571c1c8423a42970613b8dbda14ef,2021-12-14 13:45:08+00:00,140944,103069156692,2613294,88865,0,25,2.0,42,1647,1686,0.9768683274021353,91,28,29,0.9655172413793104,9,95,606999,457,0x57f9cc3caa0d804e4f40364ee42bdd547642e5f1716af137b1b8bdf14dcf8473,4,4,8,923,103,654942,13,7,4.0,3.0,1,3,0
0xc03900f5a755543ade9666b0d8db91324ed86b3cb05bfbf7bd299f7417b87334,2,0x6721139dbafef557ed9a74642cad6af7666ad461,0xc9f27a50f82571c1c8423a42970613b8dbda14ef,2021-12-14 14:18:07+00:00,93951,54640196733,22611679,88853,0,157,2.0,41,1648,1687,0.976882039122703,91,168,169,0.9940828402366864,58,421,2715509,458,0xc03900f5a755543ade9666b0d8db91324ed86b3cb05bfbf7bd299f7417b87334,2,2,8,923,103,655086,48,7,4.0,3.0,1,3,0
0x0795e71d7bf6a4ad5b81f451ec70af66fe47539a8035a799da16715d4f3701bc,2,0xe9eea3829349eeb1c1a27437446ca85c11280463,0xc9f27a50f82571c1c8423a42970613b8dbda14ef,2021-12-14 15:11:44+00:00,140926,61570761972,5797922,88853,0,655,2.0,40,1649,1688,0.9768957345971564,91,652,670,0.9731343283582088,68,417,2691910,459,0x0795e71d7bf6a4ad5b81f451ec70af66fe47539a8035a799da16715d4f3701bc,2,2,8,923,103,655351,100,7,4.0,3.0,1,3,0
0xf3ff50bb8418c9d83134e21694283b2ba0e9853968337e021a971a8d172db9ae,2,0x01a9166c6492713e939f85e23cccfa88e5ef671f,0xc9f27a50f82571c1c8423a42970613b8dbda14ef,2021-12-14 18:11:31+00:00,140926,66302210859,4575888,88853,0,52,2.0,39,1650,1689,0.9769094138543516,91,70,70,1.0,17,130,836362,460,0xf3ff50bb8418c9d83134e21694283b2ba0e9853968337e021a971a8d172db9ae,3,3,8,923,103,656146,14,7,4.0,3.0,1,3,0
0x699dde4890a5dc86fc0543c0c8b293b5587f08a0eb3ff93cb8492c13febcf2e7,2,0x05e362bef8c3519a945a65e187e052e23613902c,0xc9f27a50f82571c1c8423a42970613b8dbda14ef,2021-12-14 18:20:41+00:00,166558,61940298662,15117631,110741,0,2717,2.0,38,1651,1690,0.9769230769230768,91,2713,2762,0.9822592324402608,329,1467,9110817,461,0x699dde4890a5dc86fc0543c0c8b293b5587f08a0eb3ff93cb8492c13febcf2e7,9,7,8,923,103,656188,270,7,4.0,3.0,1,3,0
0x7632c8e44a12406a38b7095c708be03cf5afc559bf6451fceb6a34cb70681a32,3,0xcbc6d27dd9ad183faf892637c67d274c617b4d78,0xc9f27a50f82571c1c8423a42970613b8dbda14ef,2021-12-14 18:44:10+00:00,287719,68669600638,8524596,185423,0,259,2.0,37,1652,1691,0.976936723832052,91,287,301,0.9534883720930232,92,1019,6518407,462,0x7632c8e44a12406a38b7095c708be03cf5afc559bf6451fceb6a34cb70681a32,1,1,13,924,103,656293,116,7,5.0,3.0,1,3,0
0x7bc150321aa4682d07dadc9c0f5697d2b381d452765896a647173266fe79d604,3,0xf5b0befc14cac8f0647237876f4258fd0d3d6337,0xc9f27a50f82571c1c8423a42970613b8dbda14ef,2021-12-14 18:54:28+00:00,250941,53697673212,23289771,165704,0,3,,36,1653,1692,0.976950354609929,91,5,5,1.0,2,8,54100,463,0x7bc150321aa4682d07dadc9c0f5697d2b381d452765896a647173266fe79d604,1,1,6,925,103,656346,4,4,4.0,1.0,1,2,0
0x586db3b91ae2946a6733777187654b37d435238ebdeb719f72e2c65fc5b81acb,2,0x24244ef4839fda2084df4b7c0e4db4d806819cf3,0xc9f27a50f82571c1c8423a42970613b8dbda14ef,2021-12-14 21:45:40+00:00,166594,127282957903,6607210,105965,0,333,2.0,35,1654,1693,0.9769639692852924,91,333,346,0.9624277456647398,104,438,2832420,464,0x586db3b91ae2946a6733777187654b37d435238ebdeb719f72e2c65fc5b81acb,2,2,8,925,103,657104,116,7,4.0,3.0,1,3,0
0x94ce7bd57a6f9e2f2d73b63182d39b66b78b7bd994407b9fe786b72cd31c8b28,2,0x80196c4dc520d87f3d9c619e547d8d5bc0d3502d,0xc9f27a50f82571c1c8423a42970613b8dbda14ef,2021-12-14 22:19:15+00:00,166576,69406249484,23421264,105953,0,314,2.0,34,1655,1694,0.9769775678866588,91,370,374,0.9893048128342244,123,362,2332313,465,0x94ce7bd57a6f9e2f2d73b63182d39b66b78b7bd994407b9fe786b72cd31c8b28,2,2,8,925,103,657260,90,7,4.0,3.0,1,3,0
0x7f54c5524d77d059a2b26ec296e74d58af31c79451347fbadb37f686f68bbbc6,2,0x72b223de2f773c814465c4a8f2ef9faae702cfb3,0xc9f27a50f82571c1c8423a42970613b8dbda14ef,2021-12-15 07:26:18+00:00,140944,49118280930,15098598,88865,0,2854,2.0,33,1656,1695,0.9769911504424778,92,2527,2865,0.882024432809773,270,458,2956167,466,0x7f54c5524d77d059a2b26ec296e74d58af31c79451347fbadb37f686f68bbbc6,4,4,8,925,104,659677,324,7,4.0,3.0,1,3,0
0xac23743211a40a137df4202febd43cf913c313b922a34797bd54290298cb2db0,3,0xd0af26b04197ab1ef5550b397943b7dafd6ce90e,0xc9f27a50f82571c1c8423a42970613b8dbda14ef,2021-12-15 09:04:13+00:00,250977,69665962286,9630455,165728,0,17,2.0,32,1657,1696,0.977004716981132,92,18,18,1.0,5,81,512534,467,0xac23743211a40a137df4202febd43cf913c313b922a34797bd54290298cb2db0,1,1,6,926,104,660105,11,4,4.0,1.0,1,2,0
0xc984d53e704f140d5e85b8dd4fc1a7ad2a2f23d8243c8bad6caa3c13fe0e2bbe,2,0xb6f951f9fc00e430f09e0bb6881e553fc0c87ac4,0xc9f27a50f82571c1c8423a42970613b8dbda14ef,2021-12-15 11:36:37+00:00,140908,50100000000,689699,88841,0,34,,31,1658,1697,0.9770182675309368,92,42,42,1.0,19,237,1520171,468,0xc984d53e704f140d5e85b8dd4fc1a7ad2a2f23d8243c8bad6caa3c13fe0e2bbe,2,2,8,926,104,660803,19,7,4.0,3.0,1,3,0
0x16273640fc6e6c4def95c51a16bb1550a435f13d41ad6101855a225c5e51138a,3,0x4da86804c5cc2b8d0a48618e6e1da4a3cae07793,0xc9f27a50f82571c1c8423a42970613b8dbda14ef,2021-12-16 03:37:35+00:00,250959,75857217673,11231570,165716,0,44,2.0,30,1659,1698,0.9770318021201412,93,51,52,0.9807692307692308,20,1403,8737111,469,0x16273640fc6e6c4def95c51a16bb1550a435f13d41ad6101855a225c5e51138a,1,1,6,927,105,665123,24,4,4.0,1.0,1,2,0
0x481c75c63b72f5161693b737dcb581ebe14a4ec8d129f1cf0b15df577351153a,2,0xe905fceb934d98c75022fda23b491ddfccd47f83,0xc9f27a50f82571c1c8423a42970613b8dbda14ef,2021-12-16 09:47:42+00:00,140908,51537240250,10236334,88841,0,133,2.0,29,1660,1699,0.9770453207769276,93,137,142,0.9647887323943662,37,265,1700409,470,0x481c75c63b72f5161693b737dcb581ebe14a4ec8d129f1cf0b15df577351153a,2,2,8,927,105,666826,54,7,4.0,3.0,1,3,0
0x4a40ae815999bbd4ca994ad7d6d8ddb2d3f8ccba3f3d90d84bc246f8638a47fb,2,0xccff041faeb4afda1cf84b0c082d907387291453,0xc9f27a50f82571c1c8423a42970613b8dbda14ef,2021-12-17 07:24:58+00:00,166558,47327558603,20162406,105941,0,159,2.0,28,1661,1700,0.9770588235294116,94,175,179,0.9776536312849162,50,1578,9632123,471,0x4a40ae815999bbd4ca994ad7d6d8ddb2d3f8ccba3f3d90d84bc246f8638a47fb,3,3,8,927,106,672634,51,7,4.0,3.0,1,3,0
0x4283f9d3882774c126f45efe7cacabbdda3137e5125015f7fbb8fe55195b7183,2,0xe29bdd620872e4daea7cfd491a39798a1f564915,0xc9f27a50f82571c1c8423a42970613b8dbda14ef,2021-12-17 09:36:26+00:00,166540,49427507694,3968874,110729,0,286,2.0,27,1662,1701,0.9770723104056436,94,298,311,0.9581993569131833,92,299,1920829,472,0x4283f9d3882774c126f45efe7cacabbdda3137e5125015f7fbb8fe55195b7183,3,3,8,927,106,673210,59,7,4.0,3.0,1,3,0
0xaa3665e6415be904b011c4168ff6bc210794416303598262c824074b2a44d086,2,0x4da86804c5cc2b8d0a48618e6e1da4a3cae07793,0xc9f27a50f82571c1c8423a42970613b8dbda14ef,2021-12-17 12:36:06+00:00,140926,98985582915,7014109,88853,0,45,2.0,26,1663,1702,0.9770857814336074,94,52,53,0.981132075471698,21,1404,8745963,473,0xaa3665e6415be904b011c4168ff6bc210794416303598262c824074b2a44d086,2,2,8,927,106,673975,24,7,4.0,3.0,1,3,0
0xbaab16b87806a10999effa9cd754f035475b50f8d5f1859e7db33d83d9ee93a4,2,0xc96aea91ec00b495b3d91dd139a206558a1c5497,0xc9f27a50f82571c1c8423a42970613b8dbda14ef,2021-12-17 13:32:33+00:00,140926,49934092065,26604597,88853,0,627,,25,1664,1703,0.9770992366412212,94,581,636,0.9135220125786164,140,496,3200741,474,0xbaab16b87806a10999effa9cd754f035475b50f8d5f1859e7db33d83d9ee93a4,2,2,8,927,106,674215,148,7,4.0,3.0,1,3,0
0xc97fca12aadd36b7258b24f07114fc5328963cac9d586215cb115b97a9acb277,3,0x13906045e62f0c0aa6b01fd14ca164817e3e474f,0xc9f27a50f82571c1c8423a42970613b8dbda14ef,2021-12-17 13:34:26+00:00,287719,54982322676,27621894,185423,0,123,2.0,24,1665,1704,0.977112676056338,94,337,342,0.9853801169590644,266,2102,12665257,475,0xc97fca12aadd36b7258b24f07114fc5328963cac9d586215cb115b97a9acb277,1,1,13,928,106,674222,39,7,5.0,3.0,1,3,0
0x523233604e889ade938e2e629e6b01878283709329714093c7553c54ff7c6252,3,0x9ef7b6db1547ae9827a036838f633808feb9e24d,0xc9f27a50f82571c1c8423a42970613b8dbda14ef,2021-12-17 15:55:09+00:00,287701,79619823196,12777100,185411,0,588,2.0,23,1666,1705,0.9771260997067448,94,564,599,0.9415692821368948,134,514,3319173,476,0x523233604e889ade938e2e629e6b01878283709329714093c7553c54ff7c6252,1,1,13,929,106,674843,173,7,5.0,3.0,1,3,0
0x6c91e55a54299c2879252380c694636ad117d7b41f6b919294f08eeaacd560c2,2,0x941d8b7b8f6088d04bfa271d6754f3164898c78e,0xc9f27a50f82571c1c8423a42970613b8dbda14ef,2021-12-18 09:50:44+00:00,140926,45693964995,18513548,88853,0,91,2.0,22,1667,1706,0.977139507620164,95,96,109,0.8807339449541284,40,363,2336776,477,0x6c91e55a54299c2879252380c694636ad117d7b41f6b919294f08eeaacd560c2,2,2,8,929,107,679744,26,7,4.0,3.0,1,3,0
0x93a1e1e9f565a5cea83853dfb28e5e65f4f595882b302d6a84df9c5812941285,2,0xe29bdd620872e4daea7cfd491a39798a1f564915,0xc9f27a50f82571c1c8423a42970613b8dbda14ef,2021-12-18 19:13:31+00:00,166576,42936233280,16610658,105953,0,288,2.0,21,1668,1707,0.9771528998242532,95,301,314,0.9585987261146496,93,300,1929866,478,0x93a1e1e9f565a5cea83853dfb28e5e65f4f595882b302d6a84df9c5812941285,4,4,8,929,107,682247,59,7,4.0,3.0,1,3,0
0xcd94d5058d1936701584d5f556ff6a7495b37d3ae5cb0784a9ff0074e58ab331,2,0xcf0de3dea22ff2b1ec918c13fdc31f3874fc72e9,0xc9f27a50f82571c1c8423a42970613b8dbda14ef,2021-12-18 23:27:56+00:00,166576,54602606198,11489932,105953,0,252,2.0,20,1669,1708,0.9771662763466042,95,267,275,0.9709090909090908,73,1495,9283692,479,0xcd94d5058d1936701584d5f556ff6a7495b37d3ae5cb0784a9ff0074e58ab331,2,2,8,929,107,683405,67,7,4.0,3.0,1,3,0
0x4b02f725f037fdc29f0cf181ce58219b0619933a205bda4757bf40d629af8737,2,0x267a6d716452082f5a45b6192436566e9b5b108f,0xc9f27a50f82571c1c8423a42970613b8dbda14ef,2021-12-19 01:26:46+00:00,166576,80000000000,2879615,105953,0,449,,19,1670,1709,0.9771796372147454,96,474,510,0.9294117647058824,97,468,3017098,480,0x4b02f725f037fdc29f0cf181ce58219b0619933a205bda4757bf40d629af8737,8,6,8,929,108,683927,49,7,4.0,3.0,1,3,0
0xcd4690e5d9f1a09b7c5eea96aab5cddee9a92c44c8f05ac1b6742aa86e5191ac,2,0x267a6d716452082f5a45b6192436566e9b5b108f,0xc9f27a50f82571c1c8423a42970613b8dbda14ef,2021-12-19 01:29:44+00:00,166576,60135550576,9650201,86140,0,450,,18,1671,1710,0.9771929824561404,96,475,513,0.925925925925926,97,468,3017111,481,0xcd4690e5d9f1a09b7c5eea96aab5cddee9a92c44c8f05ac1b6742aa86e5191ac,9,6,8,929,108,683940,49,7,4.0,3.0,1,3,0
0xf049243074034e3d02f7573d0a4c7beb2646739f81754a04241c94ee1ceafc68,2,0xa58a950cc6083863d8179171d8a18a3537f46c5c,0xc9f27a50f82571c1c8423a42970613b8dbda14ef,2021-12-19 07:46:16+00:00,140944,41912118303,4805573,88865,0,322,2.0,17,1672,1711,0.9772063120981882,96,359,372,0.9650537634408602,126,363,2335507,482,0xf049243074034e3d02f7573d0a4c7beb2646739f81754a04241c94ee1ceafc68,3,3,8,929,108,685613,88,7,4.0,3.0,1,3,0
0x092122b234d819d81f4b9691b2a2b14a4ce834a26079b3daf61c6e5627565ded,2,0x35dcf2c2223f335266e17dacbe8777d7c5bf8a15,0xc9f27a50f82571c1c8423a42970613b8dbda14ef,2021-12-19 08:20:47+00:00,140944,48517598283,882530,88865,0,1425,2.0,16,1673,1712,0.9772196261682244,96,1394,1469,0.9489448604492852,230,1008,6450491,483,0x092122b234d819d81f4b9691b2a2b14a4ce834a26079b3daf61c6e5627565ded,2,2,8,929,108,685757,352,7,4.0,3.0,1,3,0
0xe89ded7c6aeb064810b810627844c8088eee5cb1bb120756c9e383bd093e43e6,2,0x9a560c3cebb3a8c0f28efcc43f4d12e942f4eed7,0xc9f27a50f82571c1c8423a42970613b8dbda14ef,2021-12-19 09:33:04+00:00,166594,35678866329,24194920,105965,0,4971,2.0,15,1674,1713,0.97723292469352,96,4585,5025,0.9124378109452737,446,699,4515201,484,0xe89ded7c6aeb064810b810627844c8088eee5cb1bb120756c9e383bd093e43e6,4,4,8,929,108,686062,583,7,4.0,3.0,1,3,0
0x8ec841616aba57bc37568891ab47628b690409bc0915884af5796f95cf17ec63,2,0xef7d9be5a88af3c6bc4d87606b2747695485e50e,0xc9f27a50f82571c1c8423a42970613b8dbda14ef,2021-12-19 12:05:15+00:00,140944,41000000000,9705362,88865,0,1314,2.0,14,1675,1714,0.9772462077012836,96,1371,1382,0.992040520984081,313,1451,9016385,485,0x8ec841616aba57bc37568891ab47628b690409bc0915884af5796f95cf17ec63,2,2,8,929,108,686792,242,7,4.0,3.0,1,3,0
0xfb520a9d37827a41b5bdd21588d79bb407bdda05e80b834d688ac28d53dcc964,2,0x382bc51a164aba74afdd0024f2ad6f81ff261553,0xc9f27a50f82571c1c8423a42970613b8dbda14ef,2021-12-19 14:48:57+00:00,140926,56606304457,2975821,88853,0,206,2.0,13,1676,1715,0.9772594752186587,96,212,217,0.976958525345622,50,133,851040,486,0xfb520a9d37827a41b5bdd21588d79bb407bdda05e80b834d688ac28d53dcc964,2,2,8,929,108,687544,83,7,4.0,3.0,1,3,0
0x56d0adc3e4a81ec286466cc6ad08976bcfc9599669010275c4cf2c6b02e18860,2,0x3dce908e0bc371bd224433c22345500ebf1525e3,0xc9f27a50f82571c1c8423a42970613b8dbda14ef,2021-12-19 17:34:13+00:00,140926,72731521715,7975168,88853,0,59,2.0,12,1677,1716,0.9772727272727272,96,65,67,0.9701492537313432,20,579,3737710,487,0x56d0adc3e4a81ec286466cc6ad08976bcfc9599669010275c4cf2c6b02e18860,2,2,8,929,108,688276,33,7,4.0,3.0,1,3,0
0x49ce73ff1d197ebbb0387ad5a82780984567dd3b269c6475e81988009922c5ed,2,0xf0b14c66ea5036ac75ab58ca5dae0ade5f01712f,0xc9f27a50f82571c1c8423a42970613b8dbda14ef,2021-12-20 05:33:41+00:00,140926,42259303306,17392583,88853,0,163,2.0,11,1678,1717,0.9772859638905068,97,178,178,1.0,41,97,614230,488,0x49ce73ff1d197ebbb0387ad5a82780984567dd3b269c6475e81988009922c5ed,2,2,8,929,109,691527,42,7,4.0,3.0,1,3,0
0x20d821fe2752fefc90c9a659a4bf623f5bbc66ef144a0253be4911ed0b015678,2,0x9f82226aae1f6900047da20c30dc836587157e03,0xc9f27a50f82571c1c8423a42970613b8dbda14ef,2021-12-20 09:55:50+00:00,166576,55000000000,6969516,105953,0,714,,10,1679,1718,0.9772991850989524,97,719,730,0.984931506849315,134,228,1461883,489,0x20d821fe2752fefc90c9a659a4bf623f5bbc66ef144a0253be4911ed0b015678,4,4,8,929,109,692658,143,7,4.0,3.0,1,3,0
0xa62079f9fb5084b18c2be6403fdc05726d3ef68b9e6ab6976922b18c7adeee01,3,0x7d2ecc357cc50a0c2c59a2d1d1587ea27e096a05,0xc9f27a50f82571c1c8423a42970613b8dbda14ef,2021-12-20 11:19:37+00:00,250959,36362393394,16274939,165716,0,89,2.0,9,1680,1719,0.9773123909249564,97,113,122,0.9262295081967212,49,1559,9570971,490,0xa62079f9fb5084b18c2be6403fdc05726d3ef68b9e6ab6976922b18c7adeee01,1,1,6,930,109,693014,43,4,4.0,1.0,1,2,0
0x8091389ee234cbefc3bf0a4c8cce5fd820f77eb586f300560d135b9804b5d055,3,0xa3f76c31f57da65b0ce84c64c25e61bf38c86bed,0xc9f27a50f82571c1c8423a42970613b8dbda14ef,2021-12-20 11:22:08+00:00,287701,31000000000,17393995,185411,0,269,2.0,8,1681,1720,0.9773255813953488,97,271,273,0.9926739926739928,112,545,3519473,491,0x8091389ee234cbefc3bf0a4c8cce5fd820f77eb586f300560d135b9804b5d055,1,1,13,931,109,693027,83,7,5.0,3.0,1,3,0
0x3425acd106ef5f78d9416f0c47940ea70d9aa383aa33d8ee3d13c4eac3126b38,2,0x1401528d8bc0031090d872ab9a92d95ec2ddac44,0xc9f27a50f82571c1c8423a42970613b8dbda14ef,2021-12-20 11:50:58+00:00,140944,33188790498,16534134,88865,0,510,2.0,7,1682,1721,0.9773387565368972,97,511,546,0.935897435897436,116,364,2345315,492,0x3425acd106ef5f78d9416f0c47940ea70d9aa383aa33d8ee3d13c4eac3126b38,3,3,8,931,109,693155,93,7,4.0,3.0,1,3,0
0xe78597998a8ffea3e4995a199bb971ef1247746547eeea58f91819dd77ae1c4f,2,0xa8005630cae7b7d2afadd38fd3b3040d13cbe2bc,0xc9f27a50f82571c1c8423a42970613b8dbda14ef,2021-12-20 15:40:05+00:00,140908,80952684641,1796160,88841,0,325,2.0,6,1683,1722,0.9773519163763064,97,335,345,0.9710144927536232,105,670,4329954,493,0xe78597998a8ffea3e4995a199bb971ef1247746547eeea58f91819dd77ae1c4f,2,2,8,931,109,694210,112,7,4.0,3.0,1,3,0
0x73d98f4b07f63a65c229fc87f7f21c7576c4f9903890321471df838e2b74bf1b,2,0xeb9072f14a376bf6d4bf9d0ae6c13eb30dd11681,0xc9f27a50f82571c1c8423a42970613b8dbda14ef,2021-12-20 22:54:42+00:00,140944,60436991983,4638568,88865,0,392,2.0,5,1684,1723,0.9773650609402204,97,387,398,0.972361809045226,103,346,2229449,494,0x73d98f4b07f63a65c229fc87f7f21c7576c4f9903890321471df838e2b74bf1b,2,2,8,931,109,696249,96,7,4.0,3.0,1,3,0
0x0f27686101cbe22c79f6c313251e4680866a752d123215d9838374168e3344bd,3,0x078d423dced327d331fc8915d15ddeaaee6414ac,0xc9f27a50f82571c1c8423a42970613b8dbda14ef,2021-12-21 00:38:51+00:00,208455,91792340835,2048414,183115,0,744,,4,1685,1724,0.9773781902552204,98,722,754,0.9575596816976129,99,359,2309936,495,0x0f27686101cbe22c79f6c313251e4680866a752d123215d9838374168e3344bd,1,1,12,932,110,696744,136,7,5.0,3.0,1,3,0
0xcf762a8f4502cbeb4ab79626cc5a7c65c6dde5b487c8fa9b58f421e10e4807e8,2,0x26eccf0498462fea34ba8713d66e953395d93e85,0xc9f27a50f82571c1c8423a42970613b8dbda14ef,2021-12-21 04:49:34+00:00,166576,55075245103,5837166,105953,0,72,2.0,3,1686,1725,0.977391304347826,98,88,88,1.0,30,278,1785129,496,0xcf762a8f4502cbeb4ab79626cc5a7c65c6dde5b487c8fa9b58f421e10e4807e8,2,2,8,932,110,697819,33,7,4.0,3.0,1,3,0
0x24e276cfc0cbd280a71da775ae35da39a107b97f819a3b2cd7cb40e9cc3afb82,2,0x57e648f095dc7d8b26e97dfd1d03be8d7fbfbf71,0xc9f27a50f82571c1c8423a42970613b8dbda14ef,2021-12-21 12:08:21+00:00,140926,47199232811,25299643,88853,0,1412,2.0,2,1687,1726,0.977404403244496,98,1446,1514,0.9550858652575956,253,538,3474053,497,0x24e276cfc0cbd280a71da775ae35da39a107b97f819a3b2cd7cb40e9cc3afb82,5,5,8,932,110,699746,392,7,4.0,3.0,1,3,0
