transaction_hash,trace_involved_amt,from_address,to_address,block_timestamp,gas,gas_price,receipt_cumulative_gas_used,receipt_gas_used,value,nonce,transaction_type,rn,contract_block_involved,contract_tx_count,contract_block_per_tx,contract_main_active_days,sender_block_involved,sender_tx_count,sender_block_per_tx,sender_main_active_days,sender_lifetime_days,sender_lifetime_block,contract_interact,add_feat_hash,sender_tx_count_call_contract,sender_days_call_contract,trace_amt,distinct_sender_in_contract,contract_lifetime_days,contract_lifetime_block,distinct_contract_sender_called,contract_involved_amt,max_breadth,depth,distinct_was_called_in_sample,distinct_sender_call_in_sample,is_sus
0xae8c0f0f53c09a9e33d84f5bfe3a682fe748c5f0e708d3ac59660bc648293551,6,0x003fd5f6030b8c1a4d2503339b14466b9ba6c6cf,0x0000000000007f150bd6f54c40a34d7c3d5e9f56,2021-05-07 16:41:38+00:00,353431,104200000001,12371775,145031,0,127666,,247,553627,1173403,0.4718131792742987,197,123048,127691,0.9636387842526098,158,157,1019670,1,0xae8c0f0f53c09a9e33d84f5bfe3a682fe748c5f0e708d3ac59660bc648293551,116710,157,40,108,196,1273572,3,16,10.0,4.0,7,12,0
0x2623655aa9187ffdcc5e81c5f0af4f43c13c114d7bc16922e30d584c9f9c030a,6,0x003fd5f6030b8c1a4d2503339b14466b9ba6c6cf,0x0000000000007f150bd6f54c40a34d7c3d5e9f56,2021-05-07 19:00:32+00:00,375032,54650000001,11186088,147516,0,127801,,241,553966,1174301,0.4717410612781561,197,123183,127826,0.9636771861749563,158,157,1020328,2,0x2623655aa9187ffdcc5e81c5f0af4f43c13c114d7bc16922e30d584c9f9c030a,116826,157,43,108,196,1274230,3,18,6.0,4.0,2,8,0
0xdc8758a5ce4e3128ae4daa1a6645b2ef7e29559c07c9a08b7ce8dbd7a1aa1d8b,6,0x0593a1447f14c5b8c6b635d40b1cf8a5e1c0f3d1,0x0000000000007f150bd6f54c40a34d7c3d5e9f56,2021-05-07 21:18:47+00:00,375095,63755000000,13434540,147548,0,18986,,233,554289,1175062,0.4717104288965178,197,18501,19002,0.973634354278497,158,157,1020951,3,0xdc8758a5ce4e3128ae4daa1a6645b2ef7e29559c07c9a08b7ce8dbd7a1aa1d8b,16873,157,43,108,196,1274855,3,18,6.0,4.0,2,8,0
0xdc09f29e82ffa0d6c50032756c92d419811ca3411ffefaced98181c4b861da29,6,0x003fd5f6030b8c1a4d2503339b14466b9ba6c6cf,0x0000000000007f150bd6f54c40a34d7c3d5e9f56,2021-05-08 12:55:45+00:00,353443,94200000001,5485112,220986,0,128867,,203,556570,1180622,0.4714209967288429,198,124235,128892,0.9638689755764516,159,158,1025188,4,0xdc09f29e82ffa0d6c50032756c92d419811ca3411ffefaced98181c4b861da29,117803,158,30,108,197,1279090,3,11,5.0,4.0,2,7,0
0x2df676f3c414688239581e5c7f4fe1e1c2b4f6c029c4c9493445d74850fe0022,6,0x110291e254c334c7e2831821f051267d0536b10d,0x0000000000007f150bd6f54c40a34d7c3d5e9f56,2021-05-08 13:58:26+00:00,353446,171121000001,13156852,145046,0,2806,,190,556743,1181027,0.471405818833947,198,2763,2813,0.9822253821542836,150,158,1025446,5,0x2df676f3c414688239581e5c7f4fe1e1c2b4f6c029c4c9493445d74850fe0022,2319,149,40,108,197,1279350,3,16,10.0,4.0,7,12,0
0x95ab0e9cb59c4262145a7e829d99995c509223a20c5734a69598fd7d80f9a7ee,5,0x8ee4e42ba48ba33c9c404779b94b691298b83616,0x2f6b185b720f754810d9c3b5aa07f795f8b571f9,2021-05-08 08:46:17+00:00,1595129,82000000000,12897032,1409653,0,354,,207,17,18,0.9444444444444444,9,341,359,0.9498607242339832,55,290,1885093,1,0x95ab0e9cb59c4262145a7e829d99995c509223a20c5734a69598fd7d80f9a7ee,2,2,291,3,98,636713,101,58,34.0,9.0,3,17,0
0x87f46b2539b79996d5a174114cc0af0439ab7b9eb96a99141420f35fcb70953a,9,0xcb36b1ee0af68dce5578a487ff2da81282512233,0x2f755e8980f0c2e81681d82cccd1a4bd5b4d5d46,2021-05-08 13:47:55+00:00,1000000,190000000000,11229334,163954,1031000000000000000000,7,,202,1,2,0.5,1,12,14,0.8571428571428571,2,1,6344,1,0x87f46b2539b79996d5a174114cc0af0439ab7b9eb96a99141420f35fcb70953a,2,1,40,1,0,0,5,9,22.0,5.0,1,1,1
0x9f7d9b952d310580a47b381e0493508a67170135f983bc8632a16fe994ebb25a,15,0xcb36b1ee0af68dce5578a487ff2da81282512233,0x2f755e8980f0c2e81681d82cccd1a4bd5b4d5d46,2021-05-08 13:48:29+00:00,1000000,190000000000,3317731,362536,1031000000000000000000,11,,200,2,4,0.5,1,14,18,0.7777777777777777,2,1,6348,2,0x9f7d9b952d310580a47b381e0493508a67170135f983bc8632a16fe994ebb25a,4,1,97,1,0,4,6,11,32.0,8.0,2,1,1
0x9666ab6c79ca9209028b0e6123889954452f8e923e8f96e0de7fb9cad15fbe95,9,0xcb36b1ee0af68dce5578a487ff2da81282512233,0x2f755e8980f0c2e81681d82cccd1a4bd5b4d5d46,2021-05-08 13:48:29+00:00,1000000,190000000000,2034453,163999,1031000000000000000000,9,,199,2,4,0.5,1,14,18,0.7777777777777777,2,1,6348,3,0x9666ab6c79ca9209028b0e6123889954452f8e923e8f96e0de7fb9cad15fbe95,4,1,40,1,0,4,6,9,22.0,5.0,1,1,1
0x8f38aabd332496c775972f216f963ab2db888bae9dffed4037ea0404462fa843,15,0xcb36b1ee0af68dce5578a487ff2da81282512233,0x2f755e8980f0c2e81681d82cccd1a4bd5b4d5d46,2021-05-08 13:48:53+00:00,1000000,190000000000,7839368,387249,1031000000000000000000,13,,194,3,5,0.6,1,16,21,0.7619047619047618,2,1,6351,4,0x8f38aabd332496c775972f216f963ab2db888bae9dffed4037ea0404462fa843,5,1,100,1,0,7,6,13,32.0,8.0,2,1,1
0xd5caff14639ef8e4a6476a88f6d56d8eddfc3ed40c066c66878e6200a41851f2,15,0xcb36b1ee0af68dce5578a487ff2da81282512233,0x2f755e8980f0c2e81681d82cccd1a4bd5b4d5d46,2021-05-08 14:00:06+00:00,1000000,190000000000,8134147,362536,1123000000000000000000,17,,189,4,9,0.4444444444444444,1,17,28,0.6071428571428571,2,1,6401,5,0xd5caff14639ef8e4a6476a88f6d56d8eddfc3ed40c066c66878e6200a41851f2,9,1,97,1,0,57,6,11,32.0,8.0,2,1,1
0x1bc738c6fc6b1877c0272128bb55678b127edc1f434be1299f9c4aad9344c1f0,15,0xcb36b1ee0af68dce5578a487ff2da81282512233,0x2f755e8980f0c2e81681d82cccd1a4bd5b4d5d46,2021-05-08 14:00:06+00:00,1000000,190000000000,9360143,362536,1123000000000000000000,19,,184,4,9,0.4444444444444444,1,17,28,0.6071428571428571,2,1,6401,6,0x1bc738c6fc6b1877c0272128bb55678b127edc1f434be1299f9c4aad9344c1f0,9,1,97,1,0,57,6,11,32.0,8.0,2,1,1
0xd892a66a221a7e33d1eae4268adfe6b5f2391ac33442c1f52dff28539b5d2a94,15,0xcb36b1ee0af68dce5578a487ff2da81282512233,0x2f755e8980f0c2e81681d82cccd1a4bd5b4d5d46,2021-05-08 14:00:06+00:00,1000000,190000000000,10586139,362536,1123000000000000000000,21,,188,4,9,0.4444444444444444,1,17,28,0.6071428571428571,2,1,6401,7,0xd892a66a221a7e33d1eae4268adfe6b5f2391ac33442c1f52dff28539b5d2a94,9,1,97,1,0,57,6,11,32.0,8.0,2,1,1
0x0eba8eacb0ca39abb4ecd6769b572a05fc25b321d44753fada8398215b858c9a,15,0xcb36b1ee0af68dce5578a487ff2da81282512233,0x2f755e8980f0c2e81681d82cccd1a4bd5b4d5d46,2021-05-08 14:00:06+00:00,1000000,190000000000,6870752,387249,1118000000000000000000,15,,183,4,9,0.4444444444444444,1,17,28,0.6071428571428571,2,1,6401,8,0x0eba8eacb0ca39abb4ecd6769b572a05fc25b321d44753fada8398215b858c9a,9,1,100,1,0,57,6,13,32.0,8.0,2,1,1
0xed0b5d1a9b8f95babbd04226497fe24516286d1da29aeac16a1a8c9b0801afa7,15,0xcb36b1ee0af68dce5578a487ff2da81282512233,0x2f755e8980f0c2e81681d82cccd1a4bd5b4d5d46,2021-05-08 14:00:39+00:00,1000000,190000000000,10551593,387249,1123000000000000000000,23,,180,5,10,0.5,1,19,30,0.6333333333333333,2,1,6403,9,0xed0b5d1a9b8f95babbd04226497fe24516286d1da29aeac16a1a8c9b0801afa7,10,1,100,1,0,59,6,13,32.0,8.0,2,1,1
0xcfa6008563a8cd27575b549ddf2f107ea96ee98b4eec7cd0a3a62e807ecf2549,15,0xcb36b1ee0af68dce5578a487ff2da81282512233,0x2f755e8980f0c2e81681d82cccd1a4bd5b4d5d46,2021-05-08 14:01:25+00:00,1000000,190000000000,2542841,387249,1123000000000000000000,25,,177,6,11,0.5454545454545454,1,21,33,0.6363636363636364,2,1,6407,10,0xcfa6008563a8cd27575b549ddf2f107ea96ee98b4eec7cd0a3a62e807ecf2549,11,1,100,1,0,63,6,13,32.0,8.0,2,1,1
0x8868e9119fc2fce3cd71375eabdf319132a21d6ccc67a0e397defd6e4a0385ee,15,0xcb36b1ee0af68dce5578a487ff2da81282512233,0x2f755e8980f0c2e81681d82cccd1a4bd5b4d5d46,2021-05-08 14:02:28+00:00,1000000,190000000000,5958506,362536,1325000000000000000000,33,,172,7,16,0.4375,1,22,43,0.5116279069767442,2,1,6412,11,0x8868e9119fc2fce3cd71375eabdf319132a21d6ccc67a0e397defd6e4a0385ee,16,1,97,1,0,68,6,11,32.0,8.0,2,1,1
0xdb70cc0e79b68750cb866ab512e00862fdc56aae19461b7b1e2d033a11946bee,15,0xcb36b1ee0af68dce5578a487ff2da81282512233,0x2f755e8980f0c2e81681d82cccd1a4bd5b4d5d46,2021-05-08 14:02:28+00:00,1000000,190000000000,4732183,362536,1325000000000000000000,31,,167,7,16,0.4375,1,22,43,0.5116279069767442,2,1,6412,12,0xdb70cc0e79b68750cb866ab512e00862fdc56aae19461b7b1e2d033a11946bee,16,1,97,1,0,68,6,11,32.0,8.0,2,1,1
0xcdbfac125ce2be84f3741c140879122869363b936064bde3e3e5bbe115dad344,15,0xcb36b1ee0af68dce5578a487ff2da81282512233,0x2f755e8980f0c2e81681d82cccd1a4bd5b4d5d46,2021-05-08 14:02:28+00:00,1000000,190000000000,7184829,362536,1325000000000000000000,35,,175,7,16,0.4375,1,22,43,0.5116279069767442,2,1,6412,13,0xcdbfac125ce2be84f3741c140879122869363b936064bde3e3e5bbe115dad344,16,1,97,1,0,68,6,11,32.0,8.0,2,1,1
0x3ef11ae343f4159e4533ee9657bd5fa490bb1318c958bdeb6d1dfc82c0669ec9,15,0xcb36b1ee0af68dce5578a487ff2da81282512233,0x2f755e8980f0c2e81681d82cccd1a4bd5b4d5d46,2021-05-08 14:02:28+00:00,1000000,190000000000,2242138,387249,1325000000000000000000,27,,168,7,16,0.4375,1,22,43,0.5116279069767442,2,1,6412,14,0x3ef11ae343f4159e4533ee9657bd5fa490bb1318c958bdeb6d1dfc82c0669ec9,16,1,100,1,0,68,6,13,32.0,8.0,2,1,1
0xb02bc9eed804d66dd36f9fc0e3529b7267dd9986e101e3d0e2471c70329d0094,15,0xcb36b1ee0af68dce5578a487ff2da81282512233,0x2f755e8980f0c2e81681d82cccd1a4bd5b4d5d46,2021-05-08 14:02:28+00:00,1000000,190000000000,3505860,362536,1325000000000000000000,29,,171,7,16,0.4375,1,22,43,0.5116279069767442,2,1,6412,15,0xb02bc9eed804d66dd36f9fc0e3529b7267dd9986e101e3d0e2471c70329d0094,16,1,97,1,0,68,6,11,32.0,8.0,2,1,1
0x0c567ec5eee5bf839c301f0d249c014c74f267035154712f10408b8f08144e98,15,0xcb36b1ee0af68dce5578a487ff2da81282512233,0x2f755e8980f0c2e81681d82cccd1a4bd5b4d5d46,2021-05-08 14:03:33+00:00,1000000,190000000000,4966561,387249,1500000000000000000000,37,,162,8,17,0.4705882352941176,1,23,45,0.511111111111111,2,1,6422,16,0x0c567ec5eee5bf839c301f0d249c014c74f267035154712f10408b8f08144e98,17,1,100,1,0,78,6,13,32.0,8.0,2,1,1
0x8315e74a1434b3a113d0e37e7bb34331a6ce5dd09c7b7e9799df83341dfe4329,15,0xcb36b1ee0af68dce5578a487ff2da81282512233,0x2f755e8980f0c2e81681d82cccd1a4bd5b4d5d46,2021-05-08 14:04:02+00:00,1000000,190000000000,6319563,387249,1542000000000000000000,39,,161,9,18,0.5,1,24,46,0.5217391304347825,2,1,6427,17,0x8315e74a1434b3a113d0e37e7bb34331a6ce5dd09c7b7e9799df83341dfe4329,18,1,100,1,0,83,6,13,32.0,8.0,2,1,1
0x951854d63c3c1265be73d15eb716624899c043188d3c075dd26d0932b649294d,15,0xcb36b1ee0af68dce5578a487ff2da81282512233,0x2f755e8980f0c2e81681d82cccd1a4bd5b4d5d46,2021-05-08 14:07:59+00:00,1000000,190000000000,1581631,387249,1542000000000000000000,41,,157,10,19,0.5263157894736841,1,27,50,0.54,2,1,6444,18,0x951854d63c3c1265be73d15eb716624899c043188d3c075dd26d0932b649294d,19,1,100,1,0,100,6,13,32.0,8.0,2,1,1
0xde7d4e832ee3a473270417fb90e4cb7ddcea657e25e4722cb9a8a3ad593afd4a,15,0xcb36b1ee0af68dce5578a487ff2da81282512233,0x2f755e8980f0c2e81681d82cccd1a4bd5b4d5d46,2021-05-08 14:09:49+00:00,1000000,190000000000,9138442,362536,1087000000000000000000,47,,151,11,23,0.4782608695652174,1,28,57,0.4912280701754385,2,1,6453,19,0xde7d4e832ee3a473270417fb90e4cb7ddcea657e25e4722cb9a8a3ad593afd4a,23,1,97,1,0,109,6,11,32.0,8.0,2,1,1
0x301399752279913ac13400b0813d0a25614031bbbbaed96e7926f11a51dad035,15,0xcb36b1ee0af68dce5578a487ff2da81282512233,0x2f755e8980f0c2e81681d82cccd1a4bd5b4d5d46,2021-05-08 14:09:49+00:00,1000000,190000000000,10364874,362536,1087000000000000000000,49,,156,11,23,0.4782608695652174,1,28,57,0.4912280701754385,2,1,6453,20,0x301399752279913ac13400b0813d0a25614031bbbbaed96e7926f11a51dad035,23,1,97,1,0,109,6,11,32.0,8.0,2,1,1
0xf41374d6e645d62d3e37b3fa20e0136866ff6957e32a77ebad806eb0cdd1e07c,15,0xcb36b1ee0af68dce5578a487ff2da81282512233,0x2f755e8980f0c2e81681d82cccd1a4bd5b4d5d46,2021-05-08 14:09:49+00:00,1000000,190000000000,7912010,362536,1087000000000000000000,45,,155,11,23,0.4782608695652174,1,28,57,0.4912280701754385,2,1,6453,21,0xf41374d6e645d62d3e37b3fa20e0136866ff6957e32a77ebad806eb0cdd1e07c,23,1,97,1,0,109,6,11,32.0,8.0,2,1,1
0xa34e9be8418186d8f975b0f66461a2ff9874f357ed3f37baf18503effb1d0d8d,15,0xcb36b1ee0af68dce5578a487ff2da81282512233,0x2f755e8980f0c2e81681d82cccd1a4bd5b4d5d46,2021-05-08 14:09:49+00:00,1000000,190000000000,6648179,387249,1087000000000000000000,43,,152,11,23,0.4782608695652174,1,28,57,0.4912280701754385,2,1,6453,22,0xa34e9be8418186d8f975b0f66461a2ff9874f357ed3f37baf18503effb1d0d8d,23,1,100,1,0,109,6,13,32.0,8.0,2,1,1
0xeb30e7559ed67b6bdb25b5a03495a807a8e2d77cb1a8851ecab512af3650b015,15,0xcb36b1ee0af68dce5578a487ff2da81282512233,0x2f755e8980f0c2e81681d82cccd1a4bd5b4d5d46,2021-05-08 14:10:21+00:00,1000000,190000000000,2374603,387249,1087000000000000000000,51,,148,12,24,0.5,1,30,59,0.5084745762711864,2,1,6455,23,0xeb30e7559ed67b6bdb25b5a03495a807a8e2d77cb1a8851ecab512af3650b015,24,1,100,1,0,111,6,13,32.0,8.0,2,1,1
0x03115b91c97e3270310d77d4dd996903dabbea31d232094bb0390fdb924e8113,15,0xcb36b1ee0af68dce5578a487ff2da81282512233,0x2f755e8980f0c2e81681d82cccd1a4bd5b4d5d46,2021-05-08 14:10:33+00:00,1000000,190000000000,8494925,387249,1087000000000000000000,53,,146,13,25,0.52,1,32,62,0.5161290322580645,2,1,6457,24,0x03115b91c97e3270310d77d4dd996903dabbea31d232094bb0390fdb924e8113,25,1,100,1,0,113,6,13,32.0,8.0,2,1,1
0x207a922a01c1e815ebad27541e0c9b70a3e4cd425fa1d074e91a0f82597d65a4,15,0xcb36b1ee0af68dce5578a487ff2da81282512233,0x2f755e8980f0c2e81681d82cccd1a4bd5b4d5d46,2021-05-08 14:11:04+00:00,1000000,190000000000,5414800,387249,1288000000000000000000,55,,144,14,26,0.5384615384615384,1,33,63,0.5238095238095238,2,1,6460,25,0x207a922a01c1e815ebad27541e0c9b70a3e4cd425fa1d074e91a0f82597d65a4,26,1,100,1,0,116,6,13,32.0,8.0,2,1,1
0xd0d59859223b43e956a79836edc67a4d4b51621d5f363e249122330fd89d41d7,15,0xcb36b1ee0af68dce5578a487ff2da81282512233,0x2f755e8980f0c2e81681d82cccd1a4bd5b4d5d46,2021-05-08 14:12:39+00:00,1000000,190000000000,7073882,362536,1325000000000000000000,61,,134,15,31,0.4838709677419355,1,35,74,0.4729729729729729,2,1,6468,26,0xd0d59859223b43e956a79836edc67a4d4b51621d5f363e249122330fd89d41d7,31,1,97,1,0,124,6,11,32.0,8.0,2,1,1
0xbfecb89dd4884bb7482b235b8959ff499a3739857f8918dbad13bf3eed7c2cc1,15,0xcb36b1ee0af68dce5578a487ff2da81282512233,0x2f755e8980f0c2e81681d82cccd1a4bd5b4d5d46,2021-05-08 14:12:39+00:00,1000000,190000000000,8303114,362536,1325000000000000000000,63,,137,15,31,0.4838709677419355,1,35,74,0.4729729729729729,2,1,6468,27,0xbfecb89dd4884bb7482b235b8959ff499a3739857f8918dbad13bf3eed7c2cc1,31,1,97,1,0,124,6,11,32.0,8.0,2,1,1
0x7f63929027caa76be001b36ccda2cc6ba8f8602988fcd452fb8d47d79400cedf,15,0xcb36b1ee0af68dce5578a487ff2da81282512233,0x2f755e8980f0c2e81681d82cccd1a4bd5b4d5d46,2021-05-08 14:12:39+00:00,1000000,190000000000,5824018,362536,1325000000000000000000,59,,140,15,31,0.4838709677419355,1,35,74,0.4729729729729729,2,1,6468,28,0x7f63929027caa76be001b36ccda2cc6ba8f8602988fcd452fb8d47d79400cedf,31,1,97,1,0,124,6,11,32.0,8.0,2,1,1
0x239ae5c0b5256a98bf35f0beb9ad61a1f538890abe0eb9d47a6330f1128aa1aa,15,0xcb36b1ee0af68dce5578a487ff2da81282512233,0x2f755e8980f0c2e81681d82cccd1a4bd5b4d5d46,2021-05-08 14:12:39+00:00,1000000,190000000000,4560187,387249,1325000000000000000000,57,,141,15,31,0.4838709677419355,1,35,74,0.4729729729729729,2,1,6468,29,0x239ae5c0b5256a98bf35f0beb9ad61a1f538890abe0eb9d47a6330f1128aa1aa,31,1,100,1,0,124,6,13,32.0,8.0,2,1,1
0x0a8c12fd06e8a9d698959f4be23b6e3a74f1ba6aa0d53c25a44d53ed63dc8719,15,0xcb36b1ee0af68dce5578a487ff2da81282512233,0x2f755e8980f0c2e81681d82cccd1a4bd5b4d5d46,2021-05-08 14:12:39+00:00,1000000,190000000000,9529546,362536,1325000000000000000000,65,,138,15,31,0.4838709677419355,1,35,74,0.4729729729729729,2,1,6468,30,0x0a8c12fd06e8a9d698959f4be23b6e3a74f1ba6aa0d53c25a44d53ed63dc8719,31,1,97,1,0,124,6,11,32.0,8.0,2,1,1
0x323bfbe02b528cb556a281916b8567398aa186b0eaadb7e5eec2d1671433fb5e,15,0xcb36b1ee0af68dce5578a487ff2da81282512233,0x2f755e8980f0c2e81681d82cccd1a4bd5b4d5d46,2021-05-08 14:12:40+00:00,1000000,190000000000,12168448,387249,1325000000000000000000,67,,132,16,32,0.5,1,36,75,0.48,2,1,6469,31,0x323bfbe02b528cb556a281916b8567398aa186b0eaadb7e5eec2d1671433fb5e,32,1,100,1,0,125,6,13,32.0,8.0,2,1,1
0xe156b8a2773af5d81236b463594690ebc4d1129e3444fe27a14500d4f08b716e,15,0xcb36b1ee0af68dce5578a487ff2da81282512233,0x2f755e8980f0c2e81681d82cccd1a4bd5b4d5d46,2021-05-08 14:14:40+00:00,1000000,190000000000,7672079,362536,1520000000000000000000,71,,125,17,36,0.4722222222222222,1,38,83,0.4578313253012047,2,1,6475,32,0xe156b8a2773af5d81236b463594690ebc4d1129e3444fe27a14500d4f08b716e,36,1,97,1,0,131,6,11,32.0,8.0,2,1,1
0x9ad37ed87313e4b9ccd76ed2f341f929c92889fde316390673e24d9c24e96859,15,0xcb36b1ee0af68dce5578a487ff2da81282512233,0x2f755e8980f0c2e81681d82cccd1a4bd5b4d5d46,2021-05-08 14:14:40+00:00,1000000,190000000000,10133020,362536,1520000000000000000000,75,,128,17,36,0.4722222222222222,1,38,83,0.4578313253012047,2,1,6475,33,0x9ad37ed87313e4b9ccd76ed2f341f929c92889fde316390673e24d9c24e96859,36,1,97,1,0,131,6,11,32.0,8.0,2,1,1
0xb9ed1ac5766583b5727be4f3ed3d08ccf21f5da2251afcb71003bb5d54a6b51f,15,0xcb36b1ee0af68dce5578a487ff2da81282512233,0x2f755e8980f0c2e81681d82cccd1a4bd5b4d5d46,2021-05-08 14:14:40+00:00,1000000,190000000000,8886434,362536,1520000000000000000000,73,,124,17,36,0.4722222222222222,1,38,83,0.4578313253012047,2,1,6475,34,0xb9ed1ac5766583b5727be4f3ed3d08ccf21f5da2251afcb71003bb5d54a6b51f,36,1,97,1,0,131,6,11,32.0,8.0,2,1,1
0x849b90eb3f1632f4332dc18401d1baee65311a30ac9c8e4aeb0f183a5416579e,15,0xcb36b1ee0af68dce5578a487ff2da81282512233,0x2f755e8980f0c2e81681d82cccd1a4bd5b4d5d46,2021-05-08 14:14:40+00:00,1000000,190000000000,6408139,387249,1400000000000000000000,69,,127,17,36,0.4722222222222222,1,38,83,0.4578313253012047,2,1,6475,35,0x849b90eb3f1632f4332dc18401d1baee65311a30ac9c8e4aeb0f183a5416579e,36,1,100,1,0,131,6,13,32.0,8.0,2,1,1
0x2fcfcb59fce527ec5a990386eab58e174cc6eaafc47ba666b39354aaca3d4f58,15,0xcb36b1ee0af68dce5578a487ff2da81282512233,0x2f755e8980f0c2e81681d82cccd1a4bd5b4d5d46,2021-05-08 14:15:00+00:00,1000000,190000000000,13205928,387249,1738000000000000000000,77,,122,18,37,0.4864864864864865,1,40,85,0.4705882352941176,2,1,6477,36,0x2fcfcb59fce527ec5a990386eab58e174cc6eaafc47ba666b39354aaca3d4f58,37,1,100,1,0,133,6,13,32.0,8.0,2,1,1
0xfc4a59df302cc2ee891771faed21c94e50ab2e9476f14b0cdeaa8c4c6c6aa087,15,0xcb36b1ee0af68dce5578a487ff2da81282512233,0x2f755e8980f0c2e81681d82cccd1a4bd5b4d5d46,2021-05-08 14:15:30+00:00,1000000,190000000000,4773058,387249,1738000000000000000000,79,,120,19,38,0.5,1,42,87,0.4827586206896551,2,1,6479,37,0xfc4a59df302cc2ee891771faed21c94e50ab2e9476f14b0cdeaa8c4c6c6aa087,38,1,100,1,0,135,6,13,32.0,8.0,2,1,1
0xe291a6e09ce84a67fd3fb5d310fa3d3472508de0bc9e5034973f198738cfaea5,15,0xcb36b1ee0af68dce5578a487ff2da81282512233,0x2f755e8980f0c2e81681d82cccd1a4bd5b4d5d46,2021-05-08 14:16:06+00:00,1000000,190000000000,10790943,387249,1832000000000000000000,81,,118,20,39,0.5128205128205127,1,44,89,0.4943820224719101,2,1,6484,38,0xe291a6e09ce84a67fd3fb5d310fa3d3472508de0bc9e5034973f198738cfaea5,39,1,100,1,0,140,6,13,32.0,8.0,2,1,1
0xb7777c263c5be818076b02cb2231fc53e8bcf26ec9d10f76e7ae648b07cfe7f6,15,0xcb36b1ee0af68dce5578a487ff2da81282512233,0x2f755e8980f0c2e81681d82cccd1a4bd5b4d5d46,2021-05-08 14:16:23+00:00,1000000,190000000000,9611709,387249,1832000000000000000000,83,,116,21,41,0.5121951219512195,1,46,93,0.4946236559139785,2,1,6486,39,0xb7777c263c5be818076b02cb2231fc53e8bcf26ec9d10f76e7ae648b07cfe7f6,41,1,100,1,0,142,6,13,32.0,8.0,2,1,1
0x868ebd32a3de359265e299db4df8bbe528eb825d728f236bc58f3c0ac5da814a,15,0xcb36b1ee0af68dce5578a487ff2da81282512233,0x2f755e8980f0c2e81681d82cccd1a4bd5b4d5d46,2021-05-08 14:16:23+00:00,1000000,190000000000,10875867,362536,1832000000000000000000,85,,114,21,41,0.5121951219512195,1,46,93,0.4946236559139785,2,1,6486,40,0x868ebd32a3de359265e299db4df8bbe528eb825d728f236bc58f3c0ac5da814a,41,1,97,1,0,142,6,11,32.0,8.0,2,1,1
0x918cffdb81707ffdd1e7d558ce8c9c8258707a7782eefb4fa63eb708c7c9df37,15,0xcb36b1ee0af68dce5578a487ff2da81282512233,0x2f755e8980f0c2e81681d82cccd1a4bd5b4d5d46,2021-05-08 14:16:55+00:00,1000000,190000000000,14219605,387249,1980000000000000000000,87,,112,22,42,0.5238095238095238,1,48,95,0.5052631578947367,2,1,6492,41,0x918cffdb81707ffdd1e7d558ce8c9c8258707a7782eefb4fa63eb708c7c9df37,42,1,100,1,0,148,6,13,32.0,8.0,2,1,1
0xb8f3f4839c76ea991bef4064cb21c45b9ba240bf45ed1229527e217a623aa469,15,0xcb36b1ee0af68dce5578a487ff2da81282512233,0x2f755e8980f0c2e81681d82cccd1a4bd5b4d5d46,2021-05-08 14:17:29+00:00,1000000,190000000000,5479591,362536,1980000000000000000000,91,,107,23,45,0.511111111111111,1,50,101,0.495049504950495,2,1,6495,42,0xb8f3f4839c76ea991bef4064cb21c45b9ba240bf45ed1229527e217a623aa469,45,1,97,1,0,151,6,11,32.0,8.0,2,1,1
0x3d4687bee0614030f91c426f1dfb52e72f528d94bdd028516f9af586d8adbf2a,15,0xcb36b1ee0af68dce5578a487ff2da81282512233,0x2f755e8980f0c2e81681d82cccd1a4bd5b4d5d46,2021-05-08 14:17:29+00:00,1000000,190000000000,6706350,362536,1980000000000000000000,93,,109,23,45,0.511111111111111,1,50,101,0.495049504950495,2,1,6495,43,0x3d4687bee0614030f91c426f1dfb52e72f528d94bdd028516f9af586d8adbf2a,45,1,97,1,0,151,6,11,32.0,8.0,2,1,1
0xad47e9d16764adcd1d0db47978180af3beb415f19e837cde172d1a7f08e325ce,15,0xcb36b1ee0af68dce5578a487ff2da81282512233,0x2f755e8980f0c2e81681d82cccd1a4bd5b4d5d46,2021-05-08 14:17:29+00:00,1000000,190000000000,4215433,387249,1980000000000000000000,89,,105,23,45,0.511111111111111,1,50,101,0.495049504950495,2,1,6495,44,0xad47e9d16764adcd1d0db47978180af3beb415f19e837cde172d1a7f08e325ce,45,1,100,1,0,151,6,13,32.0,8.0,2,1,1
0xe1dd8d740e4adf985bbfa8dcadab83a7fcda45a431f4fc27741134c9544ddf8b,15,0xcb36b1ee0af68dce5578a487ff2da81282512233,0x2f755e8980f0c2e81681d82cccd1a4bd5b4d5d46,2021-05-08 14:18:15+00:00,1000000,190000000000,8358330,362536,2189000000000000000000,97,,100,24,47,0.5106382978723403,1,52,106,0.490566037735849,2,1,6499,45,0xe1dd8d740e4adf985bbfa8dcadab83a7fcda45a431f4fc27741134c9544ddf8b,47,1,97,1,0,155,6,11,32.0,8.0,2,1,1
0xdb7eed0b494e4ecafd32ba70069415145cd7f7163fd8ab83396cba28359de050,15,0xcb36b1ee0af68dce5578a487ff2da81282512233,0x2f755e8980f0c2e81681d82cccd1a4bd5b4d5d46,2021-05-08 14:18:15+00:00,1000000,190000000000,7094172,387249,2189000000000000000000,95,,101,24,47,0.5106382978723403,1,52,106,0.490566037735849,2,1,6499,46,0xdb7eed0b494e4ecafd32ba70069415145cd7f7163fd8ab83396cba28359de050,47,1,100,1,0,155,6,13,32.0,8.0,2,1,1
0xecacdb72492e287ee3410f06e64b554c0c3c6c46ca8f13febc9e51101c26bfd4,15,0xcb36b1ee0af68dce5578a487ff2da81282512233,0x2f755e8980f0c2e81681d82cccd1a4bd5b4d5d46,2021-05-08 14:18:36+00:00,1000000,190000000000,6342963,387249,2189000000000000000000,99,,95,25,50,0.5,1,53,112,0.4732142857142857,2,1,6500,47,0xecacdb72492e287ee3410f06e64b554c0c3c6c46ca8f13febc9e51101c26bfd4,50,1,100,1,0,156,6,13,32.0,8.0,2,1,1
0x28d502dfd37ffd1e03ad13de13aab14fd9d1214aae83ad9601211fd5e23b4a5a,15,0xcb36b1ee0af68dce5578a487ff2da81282512233,0x2f755e8980f0c2e81681d82cccd1a4bd5b4d5d46,2021-05-08 14:18:36+00:00,1000000,190000000000,9044627,362536,2299000000000000000000,103,,98,25,50,0.5,1,53,112,0.4732142857142857,2,1,6500,48,0x28d502dfd37ffd1e03ad13de13aab14fd9d1214aae83ad9601211fd5e23b4a5a,50,1,97,1,0,156,6,11,32.0,8.0,2,1,1
0x9b733f2f049de17f52a777fca3aa91f251edd9d2ecc02c5123540dccaa0ee9c2,15,0xcb36b1ee0af68dce5578a487ff2da81282512233,0x2f755e8980f0c2e81681d82cccd1a4bd5b4d5d46,2021-05-08 14:18:36+00:00,1000000,190000000000,7653746,362536,2189000000000000000000,101,,97,25,50,0.5,1,53,112,0.4732142857142857,2,1,6500,49,0x9b733f2f049de17f52a777fca3aa91f251edd9d2ecc02c5123540dccaa0ee9c2,50,1,97,1,0,156,6,11,32.0,8.0,2,1,1
0xcc15db2209abddb74b6b09965b5b5cf4cb85bacd5945ffae68938138b5f9730a,15,0xcb36b1ee0af68dce5578a487ff2da81282512233,0x2f755e8980f0c2e81681d82cccd1a4bd5b4d5d46,2021-05-08 14:18:52+00:00,1000000,190000000000,10737715,387249,2299000000000000000000,105,,93,26,51,0.5098039215686274,1,54,113,0.4778761061946902,2,1,6501,50,0xcc15db2209abddb74b6b09965b5b5cf4cb85bacd5945ffae68938138b5f9730a,51,1,100,1,0,157,6,13,32.0,8.0,2,1,1
0x1d5eb4b5660fd37ba83884ba47e65828ab3d05f9188a39bb2410dbfbb754fdad,15,0xcb36b1ee0af68dce5578a487ff2da81282512233,0x2f755e8980f0c2e81681d82cccd1a4bd5b4d5d46,2021-05-08 14:19:24+00:00,1000000,190000000000,3731555,387249,2299000000000000000000,107,,90,27,52,0.5192307692307692,1,56,116,0.4827586206896551,2,1,6504,51,0x1d5eb4b5660fd37ba83884ba47e65828ab3d05f9188a39bb2410dbfbb754fdad,52,1,100,1,0,160,6,13,32.0,8.0,2,1,1
0x7c9fbfd1ecb9ad9f92424d003c63f8678c9d17642f9251bc5907b78b25c1ce2a,15,0xcb36b1ee0af68dce5578a487ff2da81282512233,0x2f755e8980f0c2e81681d82cccd1a4bd5b4d5d46,2021-05-08 14:19:29+00:00,1000000,190000000000,3193577,387249,2471000000000000000000,109,,88,28,53,0.5283018867924528,1,57,118,0.4830508474576271,2,1,6505,52,0x7c9fbfd1ecb9ad9f92424d003c63f8678c9d17642f9251bc5907b78b25c1ce2a,53,1,100,1,0,161,6,13,32.0,8.0,2,1,1
0xd31d18d8fb934faf0534bc3790a7463ab59df47a7162295529d16186922ef0b4,15,0xcb36b1ee0af68dce5578a487ff2da81282512233,0x2f755e8980f0c2e81681d82cccd1a4bd5b4d5d46,2021-05-08 14:20:04+00:00,1000000,190000000000,4624991,387249,2356000000000000000000,111,,86,29,54,0.537037037037037,1,58,120,0.4833333333333333,2,1,6510,53,0xd31d18d8fb934faf0534bc3790a7463ab59df47a7162295529d16186922ef0b4,54,1,100,1,0,166,6,13,32.0,8.0,2,1,1
0xa85fff56ad1b8c148a1a5d54494a3069b076e3c9009faf7980603e7b353ffb28,15,0xcb36b1ee0af68dce5578a487ff2da81282512233,0x2f755e8980f0c2e81681d82cccd1a4bd5b4d5d46,2021-05-08 14:20:13+00:00,1000000,190000000000,7483637,362536,2356000000000000000000,115,,81,30,57,0.5263157894736841,1,59,125,0.472,2,1,6511,54,0xa85fff56ad1b8c148a1a5d54494a3069b076e3c9009faf7980603e7b353ffb28,57,1,97,1,0,167,6,11,32.0,8.0,2,1,1
0x5bf76554cf903869023317ee6f3f083862e4f5f1caaf76cb2fab31402496287d,15,0xcb36b1ee0af68dce5578a487ff2da81282512233,0x2f755e8980f0c2e81681d82cccd1a4bd5b4d5d46,2021-05-08 14:20:13+00:00,1000000,190000000000,6219479,387249,2356000000000000000000,113,,82,30,57,0.5263157894736841,1,59,125,0.472,2,1,6511,55,0x5bf76554cf903869023317ee6f3f083862e4f5f1caaf76cb2fab31402496287d,57,1,100,1,0,167,6,13,32.0,8.0,2,1,1
0x74eb9e9bf6c1a3ae8e21de9a4415deb0e2b2d9fb8ce98bda35d037c8a1bcef83,15,0xcb36b1ee0af68dce5578a487ff2da81282512233,0x2f755e8980f0c2e81681d82cccd1a4bd5b4d5d46,2021-05-08 14:20:13+00:00,1000000,190000000000,8730385,362536,2413000000000000000000,117,,83,30,57,0.5263157894736841,1,59,125,0.472,2,1,6511,56,0x74eb9e9bf6c1a3ae8e21de9a4415deb0e2b2d9fb8ce98bda35d037c8a1bcef83,57,1,97,1,0,167,6,11,32.0,8.0,2,1,1
0xcaa54e83a279d6eda4b0429602d87de2f087554aad1cda8afe355477888a9f09,15,0xcb36b1ee0af68dce5578a487ff2da81282512233,0x2f755e8980f0c2e81681d82cccd1a4bd5b4d5d46,2021-05-08 14:20:46+00:00,1000000,190000000000,5468744,387249,2590000000000000000000,119,,75,31,58,0.5344827586206896,1,61,128,0.4765625,2,1,6516,57,0xcaa54e83a279d6eda4b0429602d87de2f087554aad1cda8afe355477888a9f09,58,1,100,1,0,172,6,13,32.0,8.0,2,1,1
0xb7511e1ecf2b4de3d302fe1dda1b33de290a9fe0e3b5e131cc852e61ea6a40ea,15,0xcb36b1ee0af68dce5578a487ff2da81282512233,0x2f755e8980f0c2e81681d82cccd1a4bd5b4d5d46,2021-05-08 14:20:53+00:00,1000000,190000000000,4057339,387249,2590000000000000000000,121,,74,32,59,0.5423728813559322,1,62,129,0.4806201550387597,2,1,6517,58,0xb7511e1ecf2b4de3d302fe1dda1b33de290a9fe0e3b5e131cc852e61ea6a40ea,59,1,100,1,0,173,6,13,32.0,8.0,2,1,1
0xc60e19263e5cd63468750242f0810cfb6efdf25b12aa7a46cba639a340f1be2c,15,0xcb36b1ee0af68dce5578a487ff2da81282512233,0x2f755e8980f0c2e81681d82cccd1a4bd5b4d5d46,2021-05-08 14:21:57+00:00,1000000,190000000000,7807845,387249,2471000000000000000000,123,,72,33,60,0.55,1,64,132,0.4848484848484848,2,1,6521,59,0xc60e19263e5cd63468750242f0810cfb6efdf25b12aa7a46cba639a340f1be2c,60,1,100,1,0,177,6,13,32.0,8.0,2,1,1
0xacd8fdabed4b09e60e2e8da43a249ebc83061a764055d7dc8253a7f0d72bb693,15,0xcb36b1ee0af68dce5578a487ff2da81282512233,0x2f755e8980f0c2e81681d82cccd1a4bd5b4d5d46,2021-05-08 14:22:18+00:00,1000000,190000000000,12033522,387249,2471000000000000000000,125,,70,34,61,0.5573770491803278,1,65,133,0.4887218045112781,2,1,6522,60,0xacd8fdabed4b09e60e2e8da43a249ebc83061a764055d7dc8253a7f0d72bb693,61,1,100,1,0,178,6,13,32.0,8.0,2,1,1
0xe952b2e5f5585b0eeaae565f2193c52581e0faa62f6a9850f891cacf98b364e3,15,0xcb36b1ee0af68dce5578a487ff2da81282512233,0x2f755e8980f0c2e81681d82cccd1a4bd5b4d5d46,2021-05-08 14:23:00+00:00,1000000,190000000000,13992181,387249,2471000000000000000000,127,,68,35,62,0.5645161290322581,1,67,135,0.4962962962962962,2,1,6524,61,0xe952b2e5f5585b0eeaae565f2193c52581e0faa62f6a9850f891cacf98b364e3,62,1,100,1,0,180,6,13,32.0,8.0,2,1,1
0xeb6fd36e744a50bdbdbf085ce930b6e428f3f851cfd3dd9291b83555370dec6a,15,0xcb36b1ee0af68dce5578a487ff2da81282512233,0x2f755e8980f0c2e81681d82cccd1a4bd5b4d5d46,2021-05-08 14:23:17+00:00,1000000,190000000000,8549448,387249,2530000000000000000000,129,,66,36,65,0.5538461538461538,1,69,141,0.4893617021276595,2,1,6526,62,0xeb6fd36e744a50bdbdbf085ce930b6e428f3f851cfd3dd9291b83555370dec6a,65,1,100,1,0,182,6,13,32.0,8.0,2,1,1
0x230ee08b3fc74d3e05e72c5483b200deff6d46ce7067ec4b4da15f1fd2dcbabf,15,0xcb36b1ee0af68dce5578a487ff2da81282512233,0x2f755e8980f0c2e81681d82cccd1a4bd5b4d5d46,2021-05-08 14:23:17+00:00,1000000,190000000000,11196260,362536,2530000000000000000000,133,,62,36,65,0.5538461538461538,1,69,141,0.4893617021276595,2,1,6526,63,0x230ee08b3fc74d3e05e72c5483b200deff6d46ce7067ec4b4da15f1fd2dcbabf,65,1,97,1,0,182,6,11,32.0,8.0,2,1,1
0x2bfe229ee5571457960337716fb2ebec2f4e72462acb436ba46d59910d93bf79,15,0xcb36b1ee0af68dce5578a487ff2da81282512233,0x2f755e8980f0c2e81681d82cccd1a4bd5b4d5d46,2021-05-08 14:23:17+00:00,1000000,190000000000,9969501,362536,2530000000000000000000,131,,63,36,65,0.5538461538461538,1,69,141,0.4893617021276595,2,1,6526,64,0x2bfe229ee5571457960337716fb2ebec2f4e72462acb436ba46d59910d93bf79,65,1,97,1,0,182,6,11,32.0,8.0,2,1,1
0xe674251e9a852dfba77aa67a0b3c31eb5c38963c9e57a17b1aada45848bf3c1e,15,0xcb36b1ee0af68dce5578a487ff2da81282512233,0x2f755e8980f0c2e81681d82cccd1a4bd5b4d5d46,2021-05-08 14:25:39+00:00,1000000,190000000000,13069585,387249,2490000000000000000000,135,,60,37,66,0.5606060606060606,1,71,143,0.4965034965034965,2,1,6532,65,0xe674251e9a852dfba77aa67a0b3c31eb5c38963c9e57a17b1aada45848bf3c1e,66,1,100,1,0,188,6,13,32.0,8.0,2,1,1
0x4096de9caa91beedd344d306d66228aebe9c45209adb4c12303b2030778b3c22,15,0xcb36b1ee0af68dce5578a487ff2da81282512233,0x2f755e8980f0c2e81681d82cccd1a4bd5b4d5d46,2021-05-08 14:26:42+00:00,1000000,210000000000,5680128,387249,2550000000000000000000,137,,57,38,68,0.5588235294117647,1,73,147,0.4965986394557823,2,1,6539,66,0x4096de9caa91beedd344d306d66228aebe9c45209adb4c12303b2030778b3c22,68,1,100,1,0,195,6,13,32.0,8.0,2,1,1
0x77e4ad93235f8091ed8c9674a927cbbe93250aa228f8022bd6e3915d273a546f,15,0xcb36b1ee0af68dce5578a487ff2da81282512233,0x2f755e8980f0c2e81681d82cccd1a4bd5b4d5d46,2021-05-08 14:26:42+00:00,1000000,210000000000,6944286,362536,2550000000000000000000,139,,56,38,68,0.5588235294117647,1,73,147,0.4965986394557823,2,1,6539,67,0x77e4ad93235f8091ed8c9674a927cbbe93250aa228f8022bd6e3915d273a546f,68,1,97,1,0,195,6,11,32.0,8.0,2,1,1
0x805b4c2bf3fdf229d78c699c1c8735851065e959a4105dc82e9786fb51d7e9e2,15,0xcb36b1ee0af68dce5578a487ff2da81282512233,0x2f755e8980f0c2e81681d82cccd1a4bd5b4d5d46,2021-05-08 14:27:05+00:00,1000000,210000000000,7906373,387249,2673000000000000000000,141,,53,39,69,0.5652173913043477,1,75,150,0.5,2,1,6541,68,0x805b4c2bf3fdf229d78c699c1c8735851065e959a4105dc82e9786fb51d7e9e2,69,1,100,1,0,197,6,13,32.0,8.0,2,1,1
0x87c1ad4ad1d7f24ded56e528589d1e15724c381416abeafe49cbff88732b6289,15,0xcb36b1ee0af68dce5578a487ff2da81282512233,0x2f755e8980f0c2e81681d82cccd1a4bd5b4d5d46,2021-05-08 14:27:37+00:00,1000000,210000000000,2117392,387249,2673000000000000000000,143,,52,40,70,0.5714285714285714,1,76,152,0.5,2,1,6543,69,0x87c1ad4ad1d7f24ded56e528589d1e15724c381416abeafe49cbff88732b6289,70,1,100,1,0,199,6,13,32.0,8.0,2,1,1
0xacbc5f74d29777556c26f3255b27819f76fc1ddae99598a5bce9dd631cc92d72,15,0xcb36b1ee0af68dce5578a487ff2da81282512233,0x2f755e8980f0c2e81681d82cccd1a4bd5b4d5d46,2021-05-08 14:28:01+00:00,1000000,210000000000,1615135,387249,2798000000000000000000,145,,50,41,71,0.5774647887323943,1,77,154,0.5,2,1,6545,70,0xacbc5f74d29777556c26f3255b27819f76fc1ddae99598a5bce9dd631cc92d72,71,1,100,1,0,201,6,13,32.0,8.0,2,1,1
0x157548b0ebf242e8339aeb689689068ec17d41639eef2373f8a6c31335f0c7f6,15,0xcb36b1ee0af68dce5578a487ff2da81282512233,0x2f755e8980f0c2e81681d82cccd1a4bd5b4d5d46,2021-05-08 14:28:30+00:00,1000000,210000000000,8954267,387249,2862000000000000000000,147,,47,42,73,0.5753424657534246,1,78,157,0.4968152866242038,2,1,6547,71,0x157548b0ebf242e8339aeb689689068ec17d41639eef2373f8a6c31335f0c7f6,73,1,100,1,0,203,6,13,32.0,8.0,2,1,1
0x047175ab9d1719b054083b301cd15ce2df7e023b5247e8e2b12fed2f17d839ea,15,0xcb36b1ee0af68dce5578a487ff2da81282512233,0x2f755e8980f0c2e81681d82cccd1a4bd5b4d5d46,2021-05-08 14:28:30+00:00,1000000,210000000000,10239534,362536,2862000000000000000000,149,,48,42,73,0.5753424657534246,1,78,157,0.4968152866242038,2,1,6547,72,0x047175ab9d1719b054083b301cd15ce2df7e023b5247e8e2b12fed2f17d839ea,73,1,97,1,0,203,6,11,32.0,8.0,2,1,1
0x7bec18cc8f607dc4ceeb6305e8544d1972f05b0b1466eb7311504cc50ef19dfd,15,0xcb36b1ee0af68dce5578a487ff2da81282512233,0x2f755e8980f0c2e81681d82cccd1a4bd5b4d5d46,2021-05-08 14:30:23+00:00,1000000,210000000000,7715295,362536,2926000000000000000000,157,,43,43,77,0.5584415584415584,1,80,166,0.4819277108433734,2,1,6552,73,0x7bec18cc8f607dc4ceeb6305e8544d1972f05b0b1466eb7311504cc50ef19dfd,77,1,97,1,0,208,6,11,32.0,8.0,2,1,1
0x22479de5429b0ad2981246f2b1a611bb6cea791b979a0cd417692ca77432fd57,15,0xcb36b1ee0af68dce5578a487ff2da81282512233,0x2f755e8980f0c2e81681d82cccd1a4bd5b4d5d46,2021-05-08 14:30:23+00:00,1000000,210000000000,6488427,362536,2926000000000000000000,155,,39,43,77,0.5584415584415584,1,80,166,0.4819277108433734,2,1,6552,74,0x22479de5429b0ad2981246f2b1a611bb6cea791b979a0cd417692ca77432fd57,77,1,97,1,0,208,6,11,32.0,8.0,2,1,1
0x65c7984783beaf33105a3374a2684cdb1c6835408ec2c785d76224f8cbd10635,15,0xcb36b1ee0af68dce5578a487ff2da81282512233,0x2f755e8980f0c2e81681d82cccd1a4bd5b4d5d46,2021-05-08 14:30:23+00:00,1000000,210000000000,3997292,387249,2862000000000000000000,151,,40,43,77,0.5584415584415584,1,80,166,0.4819277108433734,2,1,6552,75,0x65c7984783beaf33105a3374a2684cdb1c6835408ec2c785d76224f8cbd10635,77,1,100,1,0,208,6,13,32.0,8.0,2,1,1
0x6bb0d6bdf847a7918a007eef5f9c09ca49e2b03d9679848ab50ffd442deea92f,15,0xcb36b1ee0af68dce5578a487ff2da81282512233,0x2f755e8980f0c2e81681d82cccd1a4bd5b4d5d46,2021-05-08 14:30:23+00:00,1000000,210000000000,5261559,362536,2926000000000000000000,153,,37,43,77,0.5584415584415584,1,80,166,0.4819277108433734,2,1,6552,76,0x6bb0d6bdf847a7918a007eef5f9c09ca49e2b03d9679848ab50ffd442deea92f,77,1,97,1,0,208,6,11,32.0,8.0,2,1,1
0xcbfc1c7539c570acd778ca0a820aed88789b98dca2c704298b435b9d91ac81bd,15,0xcb36b1ee0af68dce5578a487ff2da81282512233,0x2f755e8980f0c2e81681d82cccd1a4bd5b4d5d46,2021-05-08 14:30:43+00:00,1000000,210000000000,5676284,387249,3258000000000000000000,159,,36,44,78,0.5641025641025641,1,81,167,0.4850299401197604,2,1,6554,77,0xcbfc1c7539c570acd778ca0a820aed88789b98dca2c704298b435b9d91ac81bd,78,1,100,1,0,210,6,13,32.0,8.0,2,1,1
0x3ee8f1fdba06a3d59ef8df17344ffe9abd331a4b730fb3fb73504de604d00f7d,15,0xcb36b1ee0af68dce5578a487ff2da81282512233,0x2f755e8980f0c2e81681d82cccd1a4bd5b4d5d46,2021-05-08 14:31:56+00:00,1000000,210000000000,11458476,387249,3327000000000000000000,161,,34,45,79,0.569620253164557,1,83,169,0.4911242603550296,2,1,6560,78,0x3ee8f1fdba06a3d59ef8df17344ffe9abd331a4b730fb3fb73504de604d00f7d,79,1,100,1,0,216,6,13,32.0,8.0,2,1,1
0xe8c3dc80a2b96d80af6bfe3b316aa585f24549a81fb3e706caccb0548ebbb56c,15,0xcb36b1ee0af68dce5578a487ff2da81282512233,0x2f755e8980f0c2e81681d82cccd1a4bd5b4d5d46,2021-05-08 14:32:28+00:00,1000000,210000000000,5618540,387249,3327000000000000000000,163,,32,46,80,0.575,1,85,171,0.4970760233918128,2,1,6562,79,0xe8c3dc80a2b96d80af6bfe3b316aa585f24549a81fb3e706caccb0548ebbb56c,80,1,100,1,0,218,6,13,32.0,8.0,2,1,1
0xcbd1040bd3c01a99a867fdf6ed54f4b70f5b7664b9d2c31a9b36601508bdc71b,15,0xcb36b1ee0af68dce5578a487ff2da81282512233,0x2f755e8980f0c2e81681d82cccd1a4bd5b4d5d46,2021-05-08 14:33:21+00:00,1000000,210000000000,12096418,387249,3327000000000000000000,165,,30,47,81,0.5802469135802469,1,87,173,0.5028901734104047,2,1,6565,80,0xcbd1040bd3c01a99a867fdf6ed54f4b70f5b7664b9d2c31a9b36601508bdc71b,81,1,100,1,0,221,6,13,32.0,8.0,2,1,1
0x1afaacef3ba7cf528001fc9c3de2d90228c047c20ba4e68cf0bd83262331e3a0,15,0xcb36b1ee0af68dce5578a487ff2da81282512233,0x2f755e8980f0c2e81681d82cccd1a4bd5b4d5d46,2021-05-08 14:33:52+00:00,1000000,210000000000,7980140,387249,3327000000000000000000,167,,25,48,84,0.5714285714285714,1,89,179,0.4972067039106145,2,1,6567,81,0x1afaacef3ba7cf528001fc9c3de2d90228c047c20ba4e68cf0bd83262331e3a0,84,1,100,1,0,223,6,13,32.0,8.0,2,1,1
0xf228104983bc22d3660937cf6ade3870705370d5f33aa59208c7d6cd71494ae2,15,0xcb36b1ee0af68dce5578a487ff2da81282512233,0x2f755e8980f0c2e81681d82cccd1a4bd5b4d5d46,2021-05-08 14:33:52+00:00,1000000,210000000000,9244407,362536,3327000000000000000000,169,,24,48,84,0.5714285714285714,1,89,179,0.4972067039106145,2,1,6567,82,0xf228104983bc22d3660937cf6ade3870705370d5f33aa59208c7d6cd71494ae2,84,1,97,1,0,223,6,11,32.0,8.0,2,1,1
0xad18a25907fa30fc82f03b275685c298b7467cce193f439cb710a5dc740e983b,15,0xcb36b1ee0af68dce5578a487ff2da81282512233,0x2f755e8980f0c2e81681d82cccd1a4bd5b4d5d46,2021-05-08 14:33:52+00:00,1000000,210000000000,10471275,362536,3414000000000000000000,171,,27,48,84,0.5714285714285714,1,89,179,0.4972067039106145,2,1,6567,83,0xad18a25907fa30fc82f03b275685c298b7467cce193f439cb710a5dc740e983b,84,1,97,1,0,223,6,11,32.0,8.0,2,1,1
0xceb55ad0a0a1097dbca3d073a9f02de6465db95a8683cbe41cc847d0178a25e6,15,0xcb36b1ee0af68dce5578a487ff2da81282512233,0x2f755e8980f0c2e81681d82cccd1a4bd5b4d5d46,2021-05-08 14:34:12+00:00,1000000,210000000000,6900442,387249,3414000000000000000000,173,,22,49,86,0.5697674418604651,1,91,184,0.4945652173913043,2,1,6569,84,0xceb55ad0a0a1097dbca3d073a9f02de6465db95a8683cbe41cc847d0178a25e6,86,1,100,1,0,225,6,13,32.0,8.0,2,1,1
0x0575f297948385283986007d4377ebdd55c06f0d6761248633f6faf60225ab4b,15,0xcb36b1ee0af68dce5578a487ff2da81282512233,0x2f755e8980f0c2e81681d82cccd1a4bd5b4d5d46,2021-05-08 14:34:12+00:00,1000000,210000000000,8164709,362536,3414000000000000000000,175,,19,49,86,0.5697674418604651,1,91,184,0.4945652173913043,2,1,6569,85,0x0575f297948385283986007d4377ebdd55c06f0d6761248633f6faf60225ab4b,86,1,97,1,0,225,6,11,32.0,8.0,2,1,1
0x354b0b31618e7281a7ab5301f32aba7ddc30a885d46f3c148cf3dbbf2181e978,15,0xcb36b1ee0af68dce5578a487ff2da81282512233,0x2f755e8980f0c2e81681d82cccd1a4bd5b4d5d46,2021-05-08 14:35:50+00:00,1000000,235000000000,8589091,362536,3364000000000000000000,181,,18,50,91,0.5494505494505495,1,92,193,0.4766839378238341,2,1,6580,86,0x354b0b31618e7281a7ab5301f32aba7ddc30a885d46f3c148cf3dbbf2181e978,91,1,97,1,0,236,6,11,32.0,8.0,2,1,1
0xcdecac751545bbd38e0fe3a8e25ac2efcdf13a3c3415b26989eecbdd0ae8c708,15,0xcb36b1ee0af68dce5578a487ff2da81282512233,0x2f755e8980f0c2e81681d82cccd1a4bd5b4d5d46,2021-05-08 14:35:50+00:00,1000000,235000000000,6076956,387249,3364000000000000000000,177,,16,50,91,0.5494505494505495,1,92,193,0.4766839378238341,2,1,6580,87,0xcdecac751545bbd38e0fe3a8e25ac2efcdf13a3c3415b26989eecbdd0ae8c708,91,1,100,1,0,236,6,13,32.0,8.0,2,1,1
0xe9bab635eb91fe28533e3ab21b06f6c0b92908043940bd84a704943837dff928,15,0xcb36b1ee0af68dce5578a487ff2da81282512233,0x2f755e8980f0c2e81681d82cccd1a4bd5b4d5d46,2021-05-08 14:35:50+00:00,1000000,235000000000,11045627,362536,3364000000000000000000,185,,13,50,91,0.5494505494505495,1,92,193,0.4766839378238341,2,1,6580,88,0xe9bab635eb91fe28533e3ab21b06f6c0b92908043940bd84a704943837dff928,91,1,97,1,0,236,6,11,32.0,8.0,2,1,1
0xa76d53c4f8f99ad9cc00e8f0bb163596e933647159ddb73e148e046e6707be0e,15,0xcb36b1ee0af68dce5578a487ff2da81282512233,0x2f755e8980f0c2e81681d82cccd1a4bd5b4d5d46,2021-05-08 14:35:50+00:00,1000000,235000000000,7341223,362536,3364000000000000000000,179,,17,50,91,0.5494505494505495,1,92,193,0.4766839378238341,2,1,6580,89,0xa76d53c4f8f99ad9cc00e8f0bb163596e933647159ddb73e148e046e6707be0e,91,1,97,1,0,236,6,11,32.0,8.0,2,1,1
0xfdc65cfff14fa187dae9c329fa5ab98e50f8d5c7f6912fbe0d61d95e3d528561,15,0xcb36b1ee0af68dce5578a487ff2da81282512233,0x2f755e8980f0c2e81681d82cccd1a4bd5b4d5d46,2021-05-08 14:35:50+00:00,1000000,235000000000,9815959,362536,3364000000000000000000,183,,14,50,91,0.5494505494505495,1,92,193,0.4766839378238341,2,1,6580,90,0xfdc65cfff14fa187dae9c329fa5ab98e50f8d5c7f6912fbe0d61d95e3d528561,91,1,97,1,0,236,6,11,32.0,8.0,2,1,1
0x08ea96a8c312677bb47d5674dada18083a6688159323edcf60fc087c70688b43,15,0xcb36b1ee0af68dce5578a487ff2da81282512233,0x2f755e8980f0c2e81681d82cccd1a4bd5b4d5d46,2021-05-08 14:36:40+00:00,1000000,235000000000,1751681,387249,3504000000000000000000,187,,8,51,92,0.5543478260869565,1,94,195,0.482051282051282,2,1,6582,91,0x08ea96a8c312677bb47d5674dada18083a6688159323edcf60fc087c70688b43,92,1,100,1,0,238,6,13,32.0,8.0,2,1,1
0xf580bd47217ffbf9ac3b2b802b229a6f7d4cb36b2580921c5ab3fab9573f8f91,15,0xcb36b1ee0af68dce5578a487ff2da81282512233,0x2f755e8980f0c2e81681d82cccd1a4bd5b4d5d46,2021-05-08 14:37:46+00:00,1000000,235000000000,5796390,387249,3787000000000000000000,189,,6,52,93,0.5591397849462365,1,96,197,0.4873096446700507,2,1,6584,92,0xf580bd47217ffbf9ac3b2b802b229a6f7d4cb36b2580921c5ab3fab9573f8f91,93,1,100,1,0,240,6,13,32.0,8.0,2,1,1
0xb7faca63a73d5d0490dda1c390577db3f30414cd91ce462e45c1e7f37c258519,15,0xcb36b1ee0af68dce5578a487ff2da81282512233,0x2f755e8980f0c2e81681d82cccd1a4bd5b4d5d46,2021-05-08 14:38:27+00:00,1000000,235000000000,1958769,387249,3454000000000000000000,191,,4,53,94,0.5638297872340425,1,98,199,0.4924623115577889,2,1,6588,93,0xb7faca63a73d5d0490dda1c390577db3f30414cd91ce462e45c1e7f37c258519,94,1,100,1,0,244,6,13,32.0,8.0,2,1,1
0x6482b110a752e3827ad6411deaca2d61a2d43df1593538bd0267eaa2ed2ac7e6,140,0x6352f8c749954c9df198cf72976e48994a77cce2,0x620bd1e1d1d845c8904ac03f6cd6b87706b7596b,2021-05-07 15:59:29+00:00,3000000,108350000000,2091078,825105,0,1830,,249,647,784,0.8252551020408163,40,1746,1834,0.9520174482006541,36,73,472205,1,0x6482b110a752e3827ad6411deaca2d61a2d43df1593538bd0267eaa2ed2ac7e6,316,20,308,4,43,277296,19,20,38.0,6.0,1,6,0
0xc4de95c05cb92c456b5cdf9f106c7d8506c33966aafe76597632b143d9b07dad,139,0x6352f8c749954c9df198cf72976e48994a77cce2,0x620bd1e1d1d845c8904ac03f6cd6b87706b7596b,2021-05-08 10:59:39+00:00,3000000,59598851046,3864375,805427,0,1954,,206,678,828,0.8188405797101449,41,1861,1959,0.9499744767738642,37,74,477373,2,0xc4de95c05cb92c456b5cdf9f106c7d8506c33966aafe76597632b143d9b07dad,348,21,304,4,44,282464,19,20,36.0,6.0,1,6,0
0xf6c49fde5ceb71cfc7fad17a8e104d5986b610acf08128ac7a845489fc326d4c,1,0xb0ca67f625630b7cfe20b6797d59b47e25441d8f,0x67b66c99d3eb37fa76aa3ed1ff33e8e39f0b9c7a,2021-05-07 14:29:39+00:00,119802,72000000000,9893729,62795,0,926,,253,25707,26940,0.9542316258351892,213,854,946,0.9027484143763213,154,1211,7493044,1,0xf6c49fde5ceb71cfc7fad17a8e104d5986b610acf08128ac7a845489fc326d4c,7,6,5,4697,212,1380485,197,4,2.0,2.0,1,2,0
0x470156771cea106deebb0ab3df01026f4983eac5b49ae969ab56547278cc438f,2,0x7b19a655c9fba1b5afa95c70e7173de7f918d5e3,0x67b66c99d3eb37fa76aa3ed1ff33e8e39f0b9c7a,2021-05-07 15:04:26+00:00,1043097,82500000000,11771330,506736,0,8,,252,25708,26941,0.9542333246724324,213,13,14,0.9285714285714286,6,72,467406,2,0x470156771cea106deebb0ab3df01026f4983eac5b49ae969ab56547278cc438f,5,4,63,4697,212,1380646,3,14,10.0,6.0,2,2,0
0x848e4af077ac36b7d560177e36cf347443ca5bfc49b450423cc12c7547a72c94,1,0x1b004189e64d5b2f71d5be554470e6c49e10123b,0x67b66c99d3eb37fa76aa3ed1ff33e8e39f0b9c7a,2021-05-07 15:17:23+00:00,119820,97000000000,13896797,62807,0,212,,251,25709,26942,0.9542350233835648,213,216,227,0.9515418502202642,76,748,4782736,3,0x848e4af077ac36b7d560177e36cf347443ca5bfc49b450423cc12c7547a72c94,2,2,5,4697,212,1380700,69,4,2.0,2.0,1,2,0
0x034d3e236e5c155e7f1af7214142a4ce3c850f4cdede77d0d267b0df33a82159,2,0x6828766ad7633eea8936407b31af440c274ef5e3,0x67b66c99d3eb37fa76aa3ed1ff33e8e39f0b9c7a,2021-05-07 15:18:00+00:00,1106329,90000000000,14049792,614092,0,60,,250,25710,26943,0.9542367219686004,213,67,67,1.0,8,42,272114,4,0x034d3e236e5c155e7f1af7214142a4ce3c850f4cdede77d0d267b0df33a82159,5,4,73,4697,212,1380703,16,15,11.0,5.0,2,2,0
0xfb0b213b7ca71ccdeb00201cb8d63ddd742cd1992ee7ab9fe0df6ddeac04ab6b,2,0xaa8d88ebbadda9dc1a05b9e9bf17ff94120da924,0x67b66c99d3eb37fa76aa3ed1ff33e8e39f0b9c7a,2021-05-07 17:06:52+00:00,967980,107000000000,14139466,547275,10500000000000000000,538,,246,25711,26944,0.9542384204275534,213,499,550,0.9072727272727272,103,288,1874862,5,0xfb0b213b7ca71ccdeb00201cb8d63ddd742cd1992ee7ab9fe0df6ddeac04ab6b,1,1,77,4698,212,1381198,104,15,10.0,6.0,2,2,0
0xa144bf24ff7e3590e825447894face214d4430bba857275bb8f5be06baf36e4e,2,0x3554c76dcf4c1634e5249c0a8b324842ee646d86,0x67b66c99d3eb37fa76aa3ed1ff33e8e39f0b9c7a,2021-05-07 17:07:22+00:00,983604,107000000000,8391943,547275,10000000000000000000,372,,245,25712,26945,0.954240118760438,213,359,382,0.9397905759162304,82,240,1562146,6,0xa144bf24ff7e3590e825447894face214d4430bba857275bb8f5be06baf36e4e,1,1,77,4699,212,1381201,71,15,10.0,6.0,2,2,0
0x5c57ca9a639bdff77f999e225b5a9136f0b6518333415df135a9b7ea57e62ff3,1,0x193125a8e76f9f599a2dbac477b8f315bb4deff4,0x67b66c99d3eb37fa76aa3ed1ff33e8e39f0b9c7a,2021-05-07 17:08:57+00:00,131323,120000000000,4415466,87549,2200000000000000000,16,,244,25713,26946,0.9542418169672678,213,29,29,1.0,16,1272,7848510,7,0x5c57ca9a639bdff77f999e225b5a9136f0b6518333415df135a9b7ea57e62ff3,1,1,4,4700,212,1381210,15,4,1.0,2.0,1,1,0
0xef708316c2963187843291b6dd584b3377b683fccbeb3a29fbf1dbe26c39aefa,1,0x193125a8e76f9f599a2dbac477b8f315bb4deff4,0x67b66c99d3eb37fa76aa3ed1ff33e8e39f0b9c7a,2021-05-07 17:10:43+00:00,131323,113000000000,12119692,70449,2200000000000000000,17,,243,25714,26947,0.9542435150480572,213,30,30,1.0,16,1272,7848518,8,0xef708316c2963187843291b6dd584b3377b683fccbeb3a29fbf1dbe26c39aefa,2,1,4,4700,212,1381218,15,4,1.0,2.0,1,1,0
0xc4eefc8142e76a0ea2d28f29f2ff051cdd8e851852bd10de9a0f7f0e388293f8,1,0x193125a8e76f9f599a2dbac477b8f315bb4deff4,0x67b66c99d3eb37fa76aa3ed1ff33e8e39f0b9c7a,2021-05-07 17:11:55+00:00,105673,108900000000,8172317,70449,2200000000000000000,18,,242,25715,26948,0.9542452130028202,213,31,31,1.0,16,1272,7848523,9,0xc4eefc8142e76a0ea2d28f29f2ff051cdd8e851852bd10de9a0f7f0e388293f8,3,1,4,4700,212,1381223,15,4,1.0,2.0,1,1,0
0x0aa81974fd71175c2dcbc18af3e4e877fbdb8e49442d85074853a975e446e336,1,0x57b8f871c92770fa22d3fd42cf22d9c492d9c2cc,0x67b66c99d3eb37fa76aa3ed1ff33e8e39f0b9c7a,2021-05-07 19:05:41+00:00,51571,56100000000,12115073,51571,0,1,,240,25716,26949,0.9542469108315708,213,3,3,1.0,2,9,60087,10,0x0aa81974fd71175c2dcbc18af3e4e877fbdb8e49442d85074853a975e446e336,2,2,1,4700,212,1381769,1,2,,,1,0,0
0xefd496459d5264039e350fc85a9bd4e2fcf3f9a604d8be5de38bfba5514a7a26,1,0xe1f2fefc28864139900bda05965060ccd8f00cf3,0x67b66c99d3eb37fa76aa3ed1ff33e8e39f0b9c7a,2021-05-07 19:08:37+00:00,119766,51500000000,13114164,62771,0,499,,239,25717,26950,0.9542486085343228,213,510,516,0.9883720930232556,177,694,4437358,11,0xefd496459d5264039e350fc85a9bd4e2fcf3f9a604d8be5de38bfba5514a7a26,5,5,5,4700,212,1381790,173,4,2.0,2.0,1,2,0
0xd13f37127b81a42324df64af71e6a4c5041f53c37166fc2de051b4722d5b609e,2,0x4e6a82ac98e87c5acf7738fa57b5fd9ea14af932,0x67b66c99d3eb37fa76aa3ed1ff33e8e39f0b9c7a,2021-05-07 19:19:46+00:00,1096764,55000000000,9333792,621075,0,3621,,238,25718,26951,0.9542503061110904,213,3104,3657,0.8487831555920153,383,1325,8093984,12,0xd13f37127b81a42324df64af71e6a4c5041f53c37166fc2de051b4722d5b609e,10,5,73,4700,212,1381843,356,14,11.0,5.0,2,2,0
0x3617f188314dc48e328f1bb73146db1d1611f46de74b4f669c6ce7d3aae5547c,1,0xc78c7ee4d3cc33610121dca68bacd3b0d9b2f507,0x67b66c99d3eb37fa76aa3ed1ff33e8e39f0b9c7a,2021-05-07 20:50:15+00:00,119802,76000000000,12457620,62795,0,30,,235,25719,26952,0.9542520035618876,213,34,34,1.0,13,84,547293,13,0x3617f188314dc48e328f1bb73146db1d1611f46de74b4f669c6ce7d3aae5547c,2,2,5,4700,212,1382230,12,4,2.0,2.0,1,2,0
0xc687459a7f5213283075f31d65883f65ec5eb4ac658e6b33e399c915c267f009,1,0x4940b15e922f052f2cd2ed99fcedf353ec14c015,0x67b66c99d3eb37fa76aa3ed1ff33e8e39f0b9c7a,2021-05-07 20:52:56+00:00,119784,66000000000,8111008,62783,0,14,,234,25720,26953,0.9542537008867288,213,17,17,1.0,9,98,641121,14,0xc687459a7f5213283075f31d65883f65ec5eb4ac658e6b33e399c915c267f009,3,2,5,4700,212,1382246,8,4,2.0,2.0,1,2,0
0x7bc09167cbf9e2dedcb1525fcd3826368fe9fdd02d3395525d80bc23086a0930,1,0x01c56622fd14ad3cb9ebfc543f64f2755f1b6e67,0x67b66c99d3eb37fa76aa3ed1ff33e8e39f0b9c7a,2021-05-07 21:22:04+00:00,119820,58300000000,13441336,62807,0,20,,232,25721,26954,0.9542553980856272,213,26,26,1.0,8,68,446637,15,0x7bc09167cbf9e2dedcb1525fcd3826368fe9fdd02d3395525d80bc23086a0930,2,2,5,4700,212,1382378,15,4,2.0,2.0,1,2,0
0x6b1b324bb02a298bed95a6d1d097df094e67a639db354c545959fe285f122cae,2,0x66f6d639199342619caf8617bf80ea738e5960a3,0x67b66c99d3eb37fa76aa3ed1ff33e8e39f0b9c7a,2021-05-07 22:50:40+00:00,1120386,45000000000,7214353,643363,0,953,,231,25722,26955,0.9542570951585976,213,937,959,0.9770594369134517,82,110,716745,16,0x6b1b324bb02a298bed95a6d1d097df094e67a639db354c545959fe285f122cae,25,10,73,4700,212,1382777,151,15,11.0,5.0,2,2,0
0x43d76be1285eda6ea3168cbafd1da1363b7de1c60b395777e45039905667fa8a,2,0x5b84e08b8883f400120da8a0099ba142641d1abb,0x67b66c99d3eb37fa76aa3ed1ff33e8e39f0b9c7a,2021-05-08 00:12:52+00:00,959847,48000000000,11172359,459310,0,5,,227,25723,26956,0.9542587921056536,214,5,6,0.8333333333333333,4,6,33517,17,0x43d76be1285eda6ea3168cbafd1da1363b7de1c60b395777e45039905667fa8a,2,2,51,4700,213,1383140,5,13,8.0,5.0,2,3,0
0xf03415bc1a1c130a985600fd90e2e9070b2ad3177ebe2a6ea0d5c4f5ccabaadb,2,0x8d5a91854867440e1a8e2a3dd70746cce6f3c7d6,0x67b66c99d3eb37fa76aa3ed1ff33e8e39f0b9c7a,2021-05-08 00:23:42+00:00,946253,41010000000,5547852,527275,2000000000000000000,26,,226,25724,26957,0.9542604889268091,214,12,27,0.4444444444444444,4,6,34994,18,0xf03415bc1a1c130a985600fd90e2e9070b2ad3177ebe2a6ea0d5c4f5ccabaadb,2,2,66,4700,213,1383186,13,14,10.0,5.0,2,2,0
0xf7a240309c6a086fd5f030f7c53a42071ad6908bca5f76ef55e5fc971b5f3443,2,0xe84f67eca9ed5c69c0915b13533eb09b63f0edb1,0x67b66c99d3eb37fa76aa3ed1ff33e8e39f0b9c7a,2021-05-08 00:45:37+00:00,1496088,47000000000,3446130,876731,0,4004,,225,25725,26958,0.9542621856220788,214,4030,4170,0.9664268585131894,339,840,5299969,19,0xf7a240309c6a086fd5f030f7c53a42071ad6908bca5f76ef55e5fc971b5f3443,38,23,84,4700,213,1383280,348,16,11.0,6.0,2,2,0
0x7005e53d9a672c1a5924e5cba8d03d2812e46272b88614e3a417d5f03f8551d1,2,0x0826e7ad66f9a847fa279726f011d588027ae8a1,0x67b66c99d3eb37fa76aa3ed1ff33e8e39f0b9c7a,2021-05-08 00:50:09+00:00,1099641,36000000000,9268494,632333,10973146040594877023,9,,224,25726,26959,0.954263882191476,214,13,14,0.9285714285714286,4,12,75291,20,0x7005e53d9a672c1a5924e5cba8d03d2812e46272b88614e3a417d5f03f8551d1,1,1,81,4701,213,1383312,9,16,10.0,6.0,2,2,0
0x3911ff2c98c888c829163beca81d7deb6e11e80f989220119f04068fd99f395e,1,0x96479b087cb8f236a5e2dcbfc50ce63b2f421da6,0x67b66c99d3eb37fa76aa3ed1ff33e8e39f0b9c7a,2021-05-08 01:38:56+00:00,119802,40000000000,11818817,62795,0,256,,223,25727,26960,0.9542655786350148,214,262,265,0.9886792452830188,63,154,995141,21,0x3911ff2c98c888c829163beca81d7deb6e11e80f989220119f04068fd99f395e,9,7,5,4701,213,1383527,78,4,2.0,2.0,1,2,0
0x3a12a6ab6ec802c01d10e5a301d6d04abd8463e2f4a36e8cd470353019678aa4,2,0xe84f67eca9ed5c69c0915b13533eb09b63f0edb1,0x67b66c99d3eb37fa76aa3ed1ff33e8e39f0b9c7a,2021-05-08 01:55:11+00:00,1091032,45000000000,11906033,616034,0,4018,,222,25728,26961,0.9542672749527094,214,4044,4184,0.9665391969407264,339,840,5300288,22,0x3a12a6ab6ec802c01d10e5a301d6d04abd8463e2f4a36e8cd470353019678aa4,39,23,73,4701,213,1383599,351,15,11.0,5.0,2,2,0
0xd0d2f057d62d114ce8754212afa0102a72f5955c848e8380f752db4ec8dd8a5e,2,0xaa0381d3fbe06b9b7e13683e31daa4a303ee620f,0x67b66c99d3eb37fa76aa3ed1ff33e8e39f0b9c7a,2021-05-08 03:48:08+00:00,1155346,43000000000,11626921,641870,147084500644288959,874,,220,25729,26962,0.9542689711445738,214,919,959,0.9582898852971846,112,214,1389620,23,0xd0d2f057d62d114ce8754212afa0102a72f5955c848e8380f752db4ec8dd8a5e,11,7,67,4701,213,1384112,123,15,10.0,5.0,2,2,0
0x752ee56bfc60761431422a0e9023a9f7bee79d15049733f0fadfa35375d2fa2a,1,0xe29f5ad2a33c76ccaca2d2e3226ff80085ce4573,0x67b66c99d3eb37fa76aa3ed1ff33e8e39f0b9c7a,2021-05-08 04:04:59+00:00,119784,35000000000,14224628,77783,0,187,,219,25730,26963,0.954270667210622,214,192,198,0.9696969696969696,59,475,3080481,24,0x752ee56bfc60761431422a0e9023a9f7bee79d15049733f0fadfa35375d2fa2a,3,3,5,4701,213,1384195,75,4,2.0,2.0,1,2,0
0xb1c1190e9e3e05a7e0d27e5162955e3ec527ae74e19b0f446842e9138ccc0121,1,0x4dcffa124c07f07271cc575bedeabd655a1d4de8,0x67b66c99d3eb37fa76aa3ed1ff33e8e39f0b9c7a,2021-05-08 04:17:14+00:00,119784,39600000000,5567851,62783,0,57,,218,25731,26964,0.9542723631508678,214,56,62,0.9032258064516128,16,138,895978,25,0xb1c1190e9e3e05a7e0d27e5162955e3ec527ae74e19b0f446842e9138ccc0121,2,2,5,4701,213,1384258,17,4,2.0,2.0,1,2,0
0x819b427686fa8c3253a4dfaf37fbfedd064c9a354d9c9e84c590cb70bca6b7f4,1,0xd3b0c47ef1e750650d7182424a7e0b7c443fe36c,0x67b66c99d3eb37fa76aa3ed1ff33e8e39f0b9c7a,2021-05-08 04:27:33+00:00,119802,48000000000,7804293,62795,0,59,,217,25732,26965,0.9542740589653254,214,67,68,0.9852941176470588,21,92,597919,26,0x819b427686fa8c3253a4dfaf37fbfedd064c9a354d9c9e84c590cb70bca6b7f4,2,2,5,4701,213,1384295,27,4,2.0,2.0,1,2,0
0xa3f94c143b0fceaa42bbceefc1baf3f0732694ef2f92e76ba970ba0182d6bfd4,1,0xe46eafafb60af2eea3a59768106a9342aec59ec3,0x67b66c99d3eb37fa76aa3ed1ff33e8e39f0b9c7a,2021-05-08 04:29:43+00:00,119820,45000000000,4205658,62807,0,877,,216,25733,26966,0.9542757546540088,214,940,972,0.9670781893004116,176,748,4780796,27,0xa3f94c143b0fceaa42bbceefc1baf3f0732694ef2f92e76ba970ba0182d6bfd4,24,21,5,4701,213,1384308,199,4,2.0,2.0,1,2,0
0xf5c1e2ab2e5687e8311dbebd6222d0c0f367d557519371b7d202a7c17d5445cb,2,0xaa0381d3fbe06b9b7e13683e31daa4a303ee620f,0x67b66c99d3eb37fa76aa3ed1ff33e8e39f0b9c7a,2021-05-08 04:35:00+00:00,1258092,40000000000,13932255,698167,450000000000000000,877,,215,25734,26967,0.9542774502169316,214,923,963,0.9584631360332296,112,214,1389841,28,0xf5c1e2ab2e5687e8311dbebd6222d0c0f367d557519371b7d202a7c17d5445cb,12,7,68,4701,213,1384333,123,15,11.0,5.0,2,2,0
0xdcf9f68b3ce1b9d6b8d6a864804913dc97e5824c2a135045b967600dc21496f0,1,0x50ad452dd4434e547c88262a00f08517743b4c02,0x67b66c99d3eb37fa76aa3ed1ff33e8e39f0b9c7a,2021-05-08 04:43:39+00:00,119802,33000000000,14437514,62795,0,640,,214,25735,26968,0.9542791456541084,214,645,687,0.9388646288209606,173,1357,8209595,29,0xdcf9f68b3ce1b9d6b8d6a864804913dc97e5824c2a135045b967600dc21496f0,11,9,5,4701,213,1384383,204,4,2.0,2.0,1,2,0
0x5ba01786663ccc04e79c8e61675ade0eab949143aa8e50d3345ba4144e051f5a,2,0x426b034a3808371c87e78fd8c65b8ff2566978ba,0x67b66c99d3eb37fa76aa3ed1ff33e8e39f0b9c7a,2021-05-08 05:12:58+00:00,791935,57000000000,6740467,368098,0,257,,213,25736,26969,0.954280840965553,214,253,262,0.965648854961832,42,112,726751,30,0x5ba01786663ccc04e79c8e61675ade0eab949143aa8e50d3345ba4144e051f5a,2,2,37,4701,213,1384496,61,12,8.0,5.0,2,3,0
0x0aeb4e7d768c599984faabe404029481f3967d89e28958a15b0c4497c571d360,2,0x99e0575e54c2e0dce75c3236c594df8bba50ec05,0x67b66c99d3eb37fa76aa3ed1ff33e8e39f0b9c7a,2021-05-08 05:54:09+00:00,1001128,56000000000,3558738,541577,500000000000000000,15,,212,25737,26970,0.9542825361512792,214,20,21,0.9523809523809524,3,141,916161,31,0x0aeb4e7d768c599984faabe404029481f3967d89e28958a15b0c4497c571d360,1,1,48,4702,213,1384696,9,13,11.0,5.0,2,2,0
0x5633cbed6aa56042d5de5dd19acf2c54887246b179996a11742064d1c654435a,2,0x99e0575e54c2e0dce75c3236c594df8bba50ec05,0x67b66c99d3eb37fa76aa3ed1ff33e8e39f0b9c7a,2021-05-08 06:01:31+00:00,1040152,62700000000,5551629,572834,1500000000000000000,16,,211,25738,26971,0.954284231211301,214,22,23,0.9565217391304348,3,141,916197,32,0x5633cbed6aa56042d5de5dd19acf2c54887246b179996a11742064d1c654435a,2,1,76,4702,213,1384732,9,15,10.0,5.0,2,2,0
0x4bf3babe0e40ffe1861512f8a2952cbc214384fc9b2a51e2771a5a97a48b9f4b,2,0x99e0575e54c2e0dce75c3236c594df8bba50ec05,0x67b66c99d3eb37fa76aa3ed1ff33e8e39f0b9c7a,2021-05-08 07:30:34+00:00,956626,106472501593,5609539,454397,0,17,,210,25739,26972,0.9542859261456323,214,23,24,0.9583333333333331,3,141,916570,33,0x4bf3babe0e40ffe1861512f8a2952cbc214384fc9b2a51e2771a5a97a48b9f4b,3,1,51,4702,213,1385105,9,13,8.0,5.0,2,3,0
0xb7a276a674e2e0b8e841225fdd4e87c07ee4b5f4f9cd40f477c54ce14d8fe412,1,0x2d3efbe93cc1cd4748242a9ef7b9807bfc29daac,0x67b66c99d3eb37fa76aa3ed1ff33e8e39f0b9c7a,2021-05-08 07:59:47+00:00,119820,102000000000,5772547,62807,0,41,,209,25740,26973,0.9542876209542877,214,41,44,0.9318181818181815,12,71,457859,34,0xb7a276a674e2e0b8e841225fdd4e87c07ee4b5f4f9cd40f477c54ce14d8fe412,7,7,5,4702,213,1385226,15,4,2.0,2.0,1,2,0
0x86b5915c257eef5eba02055d7e0953cecc29276df72c98e1eac64d498c9976e9,1,0xe9cc26f9d0237c4fa976e9a2d10579fff3e0a649,0x67b66c99d3eb37fa76aa3ed1ff33e8e39f0b9c7a,2021-05-08 12:26:23+00:00,119820,81400000000,12374735,62807,0,371,,205,25741,26974,0.9542893156372804,214,384,395,0.9721518987341772,111,1404,8421346,35,0x86b5915c257eef5eba02055d7e0953cecc29276df72c98e1eac64d498c9976e9,10,10,5,4702,213,1386453,118,4,2.0,2.0,1,2,0
0x4764dc6ff19a64fc1b0e57e735661f64d97bc1c44e026317be8765358d0a7392,27,0xcb36b1ee0af68dce5578a487ff2da81282512233,0x67b66c99d3eb37fa76aa3ed1ff33e8e39f0b9c7a,2021-05-08 13:48:21+00:00,5000000,190000000000,2582417,1236775,1000000000,8,,201,25742,26975,0.9542910101946248,214,13,15,0.8666666666666667,2,1,6345,36,0x4764dc6ff19a64fc1b0e57e735661f64d97bc1c44e026317be8765358d0a7392,1,1,216,4703,213,1386809,6,25,25.0,14.0,4,3,0
0x171072422efb5cd461546bfe986017d9b5aa427ff1c07ebe8acc064b13a7b7be,15,0xcb36b1ee0af68dce5578a487ff2da81282512233,0x67b66c99d3eb37fa76aa3ed1ff33e8e39f0b9c7a,2021-05-08 13:48:29+00:00,5000000,190000000000,2955195,920742,1000000000,10,,198,25743,26976,0.9542927046263344,214,14,18,0.7777777777777777,2,1,6348,37,0x171072422efb5cd461546bfe986017d9b5aa427ff1c07ebe8acc064b13a7b7be,2,1,148,4703,213,1386812,6,25,25.0,14.0,4,3,0
0x63dc6dbc5af757d2fe00fd4c5a9a0561d7b4c6751f87034bacc1de2c025e1595,15,0xcb36b1ee0af68dce5578a487ff2da81282512233,0x67b66c99d3eb37fa76aa3ed1ff33e8e39f0b9c7a,2021-05-08 13:48:46+00:00,5000000,190000000000,3035107,918160,1000000000,12,,197,25744,26977,0.954294398932424,214,15,19,0.7894736842105263,2,1,6349,38,0x63dc6dbc5af757d2fe00fd4c5a9a0561d7b4c6751f87034bacc1de2c025e1595,3,1,148,4703,213,1386813,6,25,25.0,14.0,4,3,0
0x7d44d4c04202de8c22b404347dc2b4ce244da2fedf0f4032c064b8b1c24b408d,15,0xcb36b1ee0af68dce5578a487ff2da81282512233,0x67b66c99d3eb37fa76aa3ed1ff33e8e39f0b9c7a,2021-05-08 13:48:53+00:00,5000000,190000000000,8740227,900859,1000000000,14,,196,25745,26979,0.9542607213017532,214,16,21,0.7619047619047618,2,1,6351,39,0x7d44d4c04202de8c22b404347dc2b4ce244da2fedf0f4032c064b8b1c24b408d,4,1,145,4703,213,1386815,6,24,25.0,14.0,4,3,0
0xb259b4c7401330dd471a3a336fe5eb804bbf072ef7c0a3a79b333929d568f593,2,0x78bc49be7bae5e0eec08780c86f0e8278b8b035b,0x67b66c99d3eb37fa76aa3ed1ff33e8e39f0b9c7a,2021-05-08 13:48:53+00:00,956226,176000000000,12268582,459984,0,3434,,195,25745,26979,0.9542607213017532,214,3172,3453,0.9186214885606718,267,368,2387217,40,0xb259b4c7401330dd471a3a336fe5eb804bbf072ef7c0a3a79b333929d568f593,117,58,49,4703,213,1386815,268,12,10.0,5.0,2,2,0
0x579a54e19f40431d71792bf974b07051172711a90f16810cbaa4f725fcfe3ae3,2,0x75c0c0591cdf9af7cb826a65ac213cff31916668,0x67b66c99d3eb37fa76aa3ed1ff33e8e39f0b9c7a,2021-05-08 13:50:48+00:00,870571,169000000000,7867956,423322,0,3928,,193,25746,26980,0.9542624166048924,214,3572,3943,0.9059092061881816,258,368,2386631,41,0x579a54e19f40431d71792bf974b07051172711a90f16810cbaa4f725fcfe3ae3,145,67,42,4703,213,1386829,293,13,8.0,5.0,2,3,0
0xf3fb818d51bd15eb481147bd029d0502acab7dc6cd0ffe08a687b9ed19e5a7ca,2,0x4f425d56ee32b2079209b8696de6a6e47bd761c4,0x67b66c99d3eb37fa76aa3ed1ff33e8e39f0b9c7a,2021-05-08 13:53:45+00:00,1052424,237808658932,2380382,523916,0,41,,191,25747,26982,0.9542287450893188,214,44,44,1.0,7,10,66601,42,0xf3fb818d51bd15eb481147bd029d0502acab7dc6cd0ffe08a687b9ed19e5a7ca,23,5,75,4703,213,1386841,2,17,8.0,6.0,2,4,0
0xee3a08b87274f022fa09b981c8e4f1b6c554d2193c7a5dbb2c897f5f77c8c5ed,1,0xc4f88c35bd1485c846847c093b5a77a126cf1b05,0x67b66c99d3eb37fa76aa3ed1ff33e8e39f0b9c7a,2021-05-08 13:53:45+00:00,1052424,220000000000,4834650,30903,0,5687,,192,25747,26982,0.9542287450893188,214,5551,5726,0.969437652811736,351,773,4944972,43,0xee3a08b87274f022fa09b981c8e4f1b6c554d2193c7a5dbb2c897f5f77c8c5ed,43,19,1,4703,213,1386841,368,2,,,1,0,0
0xa97f22c1e740adce6b5ca9b0f8ad68dc18a3f04d1d8e4e0a88407e3b60f8baf0,15,0xcb36b1ee0af68dce5578a487ff2da81282512233,0x67b66c99d3eb37fa76aa3ed1ff33e8e39f0b9c7a,2021-05-08 14:00:06+00:00,5000000,190000000000,8997607,863460,1000000000,18,,186,25748,26985,0.954159718362053,214,17,28,0.6071428571428571,2,1,6401,44,0xa97f22c1e740adce6b5ca9b0f8ad68dc18a3f04d1d8e4e0a88407e3b60f8baf0,7,1,144,4703,213,1386865,6,23,25.0,14.0,4,3,0
0xe6c955615940491802ae17817a3674a286db04cd71e5026a87d8d4e782de02b8,15,0xcb36b1ee0af68dce5578a487ff2da81282512233,0x67b66c99d3eb37fa76aa3ed1ff33e8e39f0b9c7a,2021-05-08 14:00:06+00:00,5000000,190000000000,10223603,863460,1000000000,20,,185,25748,26985,0.954159718362053,214,17,28,0.6071428571428571,2,1,6401,45,0xe6c955615940491802ae17817a3674a286db04cd71e5026a87d8d4e782de02b8,7,1,144,4703,213,1386865,6,23,25.0,14.0,4,3,0
0x848b9909cfc62858f6b518979220ff2161170184ce11f06e630acf105555aca4,15,0xcb36b1ee0af68dce5578a487ff2da81282512233,0x67b66c99d3eb37fa76aa3ed1ff33e8e39f0b9c7a,2021-05-08 14:00:06+00:00,5000000,190000000000,7771611,900859,1000000000,16,,187,25748,26985,0.954159718362053,214,17,28,0.6071428571428571,2,1,6401,46,0x848b9909cfc62858f6b518979220ff2161170184ce11f06e630acf105555aca4,7,1,145,4703,213,1386865,6,24,25.0,14.0,4,3,0
0x38b70ee51a859e3ff45a20e81b9e9f4d32f59f8820601fa0f47d3005bc325452,15,0xcb36b1ee0af68dce5578a487ff2da81282512233,0x67b66c99d3eb37fa76aa3ed1ff33e8e39f0b9c7a,2021-05-08 14:00:27+00:00,5000000,190000000000,7006772,918269,1000000000,22,,182,25749,26987,0.9541260606958905,214,18,29,0.6206896551724138,2,1,6402,47,0x38b70ee51a859e3ff45a20e81b9e9f4d32f59f8820601fa0f47d3005bc325452,8,1,148,4703,213,1386866,6,25,25.0,14.0,4,3,0
0x7a8fd88ee8e8de0887be4c0c064ce203d3f4ca0769d0a6c5ac992e0caae9d2e7,2,0x78bc49be7bae5e0eec08780c86f0e8278b8b035b,0x67b66c99d3eb37fa76aa3ed1ff33e8e39f0b9c7a,2021-05-08 14:00:27+00:00,1080769,185000000000,9491173,567082,0,3437,,181,25749,26987,0.9541260606958905,214,3175,3456,0.9186921296296297,267,368,2387268,48,0x7a8fd88ee8e8de0887be4c0c064ce203d3f4ca0769d0a6c5ac992e0caae9d2e7,118,58,70,4703,213,1386866,268,14,11.0,5.0,2,2,0
0xa897322e05a43edee8b9bc5c8cf78e95c7cef775af3050ce22a69836271dc13e,15,0xcb36b1ee0af68dce5578a487ff2da81282512233,0x67b66c99d3eb37fa76aa3ed1ff33e8e39f0b9c7a,2021-05-08 14:01:22+00:00,5000000,190000000000,1699678,921287,1000000000,24,,179,25750,26988,0.954127760486142,214,20,31,0.6451612903225806,2,1,6405,49,0xa897322e05a43edee8b9bc5c8cf78e95c7cef775af3050ce22a69836271dc13e,9,1,148,4703,213,1386869,6,25,25.0,14.0,4,3,0
0x45a17a7e4f6d435997ec757b902017e831ec01833af6388f5f262e1a35b8a17f,15,0xcb36b1ee0af68dce5578a487ff2da81282512233,0x67b66c99d3eb37fa76aa3ed1ff33e8e39f0b9c7a,2021-05-08 14:01:25+00:00,5000000,190000000000,3444027,901186,1000000000,26,,178,25751,26989,0.9541294601504317,214,21,33,0.6363636363636364,2,1,6407,50,0x45a17a7e4f6d435997ec757b902017e831ec01833af6388f5f262e1a35b8a17f,10,1,145,4703,213,1386871,6,24,25.0,14.0,4,3,0
0xcf2f133a64036c02b890dd3acf6d1dd199012f1b53c7992a53328d1c375e83dc,15,0xcb36b1ee0af68dce5578a487ff2da81282512233,0x67b66c99d3eb37fa76aa3ed1ff33e8e39f0b9c7a,2021-05-08 14:02:28+00:00,5000000,190000000000,3143324,901186,1000000000,28,,173,25752,26994,0.9539897755056678,214,22,43,0.5116279069767442,2,1,6412,51,0xcf2f133a64036c02b890dd3acf6d1dd199012f1b53c7992a53328d1c375e83dc,15,1,145,4703,213,1386876,6,24,25.0,14.0,4,3,0
0x277d929f24b88b2861808df8ff9ca1609545b8cd458f9be3d5ec59cfb1550eeb,15,0xcb36b1ee0af68dce5578a487ff2da81282512233,0x67b66c99d3eb37fa76aa3ed1ff33e8e39f0b9c7a,2021-05-08 14:02:28+00:00,5000000,190000000000,8048616,863787,1000000000,36,,174,25752,26994,0.9539897755056678,214,22,43,0.5116279069767442,2,1,6412,52,0x277d929f24b88b2861808df8ff9ca1609545b8cd458f9be3d5ec59cfb1550eeb,15,1,144,4703,213,1386876,6,23,25.0,14.0,4,3,0
0x3bf7b392596304820e0fe80dda9a9c4bb28edd731c3d6d326c6d8eb4ed5bfa50,15,0xcb36b1ee0af68dce5578a487ff2da81282512233,0x67b66c99d3eb37fa76aa3ed1ff33e8e39f0b9c7a,2021-05-08 14:02:28+00:00,5000000,190000000000,5595970,863787,1000000000,32,,169,25752,26994,0.9539897755056678,214,22,43,0.5116279069767442,2,1,6412,53,0x3bf7b392596304820e0fe80dda9a9c4bb28edd731c3d6d326c6d8eb4ed5bfa50,15,1,144,4703,213,1386876,6,23,25.0,14.0,4,3,0
0x4f05ebcab5a0210e46ea447982df1bad8090faf91c555e83b811f2deb0824a36,15,0xcb36b1ee0af68dce5578a487ff2da81282512233,0x67b66c99d3eb37fa76aa3ed1ff33e8e39f0b9c7a,2021-05-08 14:02:28+00:00,5000000,190000000000,6822293,863787,1000000000,34,,170,25752,26994,0.9539897755056678,214,22,43,0.5116279069767442,2,1,6412,54,0x4f05ebcab5a0210e46ea447982df1bad8090faf91c555e83b811f2deb0824a36,15,1,144,4703,213,1386876,6,23,25.0,14.0,4,3,0
0x45609149ef023ea600f40f28c2f379be7ca606b6507233c161db429afed3f719,15,0xcb36b1ee0af68dce5578a487ff2da81282512233,0x67b66c99d3eb37fa76aa3ed1ff33e8e39f0b9c7a,2021-05-08 14:02:28+00:00,5000000,190000000000,4369647,863787,1000000000,30,,166,25752,26994,0.9539897755056678,214,22,43,0.5116279069767442,2,1,6412,55,0x45609149ef023ea600f40f28c2f379be7ca606b6507233c161db429afed3f719,15,1,144,4703,213,1386876,6,23,25.0,14.0,4,3,0
0x16204070f2f005f6d6ecae044246d411d6c61abacf1977725944cb4c98b123ab,15,0xcb36b1ee0af68dce5578a487ff2da81282512233,0x67b66c99d3eb37fa76aa3ed1ff33e8e39f0b9c7a,2021-05-08 14:03:33+00:00,5000000,190000000000,5867747,901186,1000000000,38,,163,25753,26995,0.9539914799036858,214,23,45,0.511111111111111,2,1,6422,56,0x16204070f2f005f6d6ecae044246d411d6c61abacf1977725944cb4c98b123ab,16,1,145,4703,213,1386886,6,24,25.0,14.0,4,3,0
0x24b08ebabca568de43148709f0845417b267e1eea8a41d6126358952c92c55e8,2,0x75c0c0591cdf9af7cb826a65ac213cff31916668,0x67b66c99d3eb37fa76aa3ed1ff33e8e39f0b9c7a,2021-05-08 14:05:55+00:00,1064929,167000000000,9303897,597052,0,3930,,160,25754,26996,0.9539931841754334,214,3574,3945,0.90595690747782,258,368,2386701,57,0x24b08ebabca568de43148709f0845417b267e1eea8a41d6126358952c92c55e8,146,67,73,4703,213,1386899,293,15,11.0,5.0,2,2,0
0xf9762ff31818e86070c3be5ed583c53c12ff8f4f35c08f20d0fa68b471a5d376,15,0xcb36b1ee0af68dce5578a487ff2da81282512233,0x67b66c99d3eb37fa76aa3ed1ff33e8e39f0b9c7a,2021-05-08 14:07:39+00:00,5000000,190000000000,7085991,921396,1000000000,40,,159,25755,26997,0.9539948883209244,214,26,48,0.5416666666666666,2,1,6443,58,0xf9762ff31818e86070c3be5ed583c53c12ff8f4f35c08f20d0fa68b471a5d376,17,1,148,4703,213,1386907,6,25,25.0,14.0,4,3,0
0x8bf8f92f2458b21edcfb01068330fe534ee76099cab1d368d50a7059b67058c5,15,0xcb36b1ee0af68dce5578a487ff2da81282512233,0x67b66c99d3eb37fa76aa3ed1ff33e8e39f0b9c7a,2021-05-08 14:07:59+00:00,5000000,190000000000,2482926,901295,1000000000,42,,158,25756,26998,0.9539965923401732,214,27,50,0.54,2,1,6444,59,0x8bf8f92f2458b21edcfb01068330fe534ee76099cab1d368d50a7059b67058c5,18,1,145,4703,213,1386908,6,24,25.0,14.0,4,3,0
0x66547925379ad504b56998d21573e057e71035e82e6d1016143bc3943ed517ae,15,0xcb36b1ee0af68dce5578a487ff2da81282512233,0x67b66c99d3eb37fa76aa3ed1ff33e8e39f0b9c7a,2021-05-08 14:09:49+00:00,5000000,190000000000,10002338,863896,1000000000,48,,153,25757,27001,0.9539276323099144,214,28,57,0.4912280701754385,2,1,6453,60,0x66547925379ad504b56998d21573e057e71035e82e6d1016143bc3943ed517ae,21,1,144,4703,213,1386917,6,23,25.0,14.0,4,3,0
0xad490a51beb03cfca18b218efc58b4e75cb5d16ef4c0807690822336140b23db,15,0xcb36b1ee0af68dce5578a487ff2da81282512233,0x67b66c99d3eb37fa76aa3ed1ff33e8e39f0b9c7a,2021-05-08 14:09:49+00:00,5000000,190000000000,8775906,863896,1000000000,46,,150,25757,27001,0.9539276323099144,214,28,57,0.4912280701754385,2,1,6453,61,0xad490a51beb03cfca18b218efc58b4e75cb5d16ef4c0807690822336140b23db,21,1,144,4703,213,1386917,6,23,25.0,14.0,4,3,0
0x29b3be162e4be4ce3114cab426de2e0d276372e017d4b9cc52d2b36ef0102dfc,15,0xcb36b1ee0af68dce5578a487ff2da81282512233,0x67b66c99d3eb37fa76aa3ed1ff33e8e39f0b9c7a,2021-05-08 14:09:49+00:00,5000000,190000000000,7549474,901295,1000000000,44,,154,25757,27001,0.9539276323099144,214,28,57,0.4912280701754385,2,1,6453,62,0x29b3be162e4be4ce3114cab426de2e0d276372e017d4b9cc52d2b36ef0102dfc,21,1,145,4703,213,1386917,6,24,25.0,14.0,4,3,0
0x7f23e648baae6bc4bc7d334385ba57debe8d043f2059613c8f1c265e488a392b,15,0xcb36b1ee0af68dce5578a487ff2da81282512233,0x67b66c99d3eb37fa76aa3ed1ff33e8e39f0b9c7a,2021-05-08 14:10:05+00:00,5000000,190000000000,7119233,918705,1000000000,50,,149,25758,27002,0.9539293385675136,214,29,58,0.5,2,1,6454,63,0x7f23e648baae6bc4bc7d334385ba57debe8d043f2059613c8f1c265e488a392b,22,1,148,4703,213,1386918,6,25,25.0,14.0,4,3,0
0x9241bba552c34ca06f9709529994d249a90e5c246da6ba82c927d7b54a305a7a,15,0xcb36b1ee0af68dce5578a487ff2da81282512233,0x67b66c99d3eb37fa76aa3ed1ff33e8e39f0b9c7a,2021-05-08 14:10:25+00:00,5000000,190000000000,3647337,921505,1000000000,52,,147,25759,27003,0.9539310446987372,214,31,60,0.5166666666666667,2,1,6456,64,0x9241bba552c34ca06f9709529994d249a90e5c246da6ba82c927d7b54a305a7a,23,1,148,4703,213,1386920,6,25,25.0,14.0,4,3,0
0xadfb204f2feb800850c3026a43f030054bad218497d9e8400510d1e76f0595a0,15,0xcb36b1ee0af68dce5578a487ff2da81282512233,0x67b66c99d3eb37fa76aa3ed1ff33e8e39f0b9c7a,2021-05-08 14:10:33+00:00,5000000,190000000000,9396220,901295,1000000000,54,,145,25760,27004,0.9539327507035996,214,32,62,0.5161290322580645,2,1,6457,65,0xadfb204f2feb800850c3026a43f030054bad218497d9e8400510d1e76f0595a0,24,1,145,4703,213,1386921,6,24,25.0,14.0,4,3,0
0xe3e1a53468031142c83e2f7a0a952d27e5aecb410f782c8ccfd3f670d0b4f847,15,0xcb36b1ee0af68dce5578a487ff2da81282512233,0x67b66c99d3eb37fa76aa3ed1ff33e8e39f0b9c7a,2021-05-08 14:11:14+00:00,5000000,190000000000,3393413,921505,1000000000,56,,143,25761,27005,0.9539344565821144,214,34,64,0.53125,2,1,6462,66,0xe3e1a53468031142c83e2f7a0a952d27e5aecb410f782c8ccfd3f670d0b4f847,25,1,148,4703,213,1386926,6,25,25.0,14.0,4,3,0
0x673179e64b9e018da1e74aae38ea89f8538d927861081340ca5c9c9d2f4e2fbb,15,0xcb36b1ee0af68dce5578a487ff2da81282512233,0x67b66c99d3eb37fa76aa3ed1ff33e8e39f0b9c7a,2021-05-08 14:12:39+00:00,5000000,190000000000,7940578,866696,1000000000,62,,136,25762,27010,0.953794890781192,214,35,74,0.4729729729729729,2,1,6468,67,0x673179e64b9e018da1e74aae38ea89f8538d927861081340ca5c9c9d2f4e2fbb,30,1,144,4703,213,1386932,6,23,25.0,14.0,4,3,0
0x8d2af66c189fb2169b48ad4cf12b0770ed3f83be88e2b4845089348271003c98,15,0xcb36b1ee0af68dce5578a487ff2da81282512233,0x67b66c99d3eb37fa76aa3ed1ff33e8e39f0b9c7a,2021-05-08 14:12:39+00:00,5000000,190000000000,9167010,863896,1000000000,64,,135,25762,27010,0.953794890781192,214,35,74,0.4729729729729729,2,1,6468,68,0x8d2af66c189fb2169b48ad4cf12b0770ed3f83be88e2b4845089348271003c98,30,1,144,4703,213,1386932,6,23,25.0,14.0,4,3,0
0x6fbacb229f74dea3e07c6844fb044c354b7bc2e017cb88af30bd275d2072de06,15,0xcb36b1ee0af68dce5578a487ff2da81282512233,0x67b66c99d3eb37fa76aa3ed1ff33e8e39f0b9c7a,2021-05-08 14:12:39+00:00,5000000,190000000000,10588239,863896,1000000000,66,,139,25762,27010,0.953794890781192,214,35,74,0.4729729729729729,2,1,6468,69,0x6fbacb229f74dea3e07c6844fb044c354b7bc2e017cb88af30bd275d2072de06,30,1,144,4703,213,1386932,6,23,25.0,14.0,4,3,0
0x98dac825f6323ee035e11d484f74a5cb9f736f3488f4c3394b80898bfb094d4d,15,0xcb36b1ee0af68dce5578a487ff2da81282512233,0x67b66c99d3eb37fa76aa3ed1ff33e8e39f0b9c7a,2021-05-08 14:12:39+00:00,5000000,190000000000,5461482,901295,1000000000,58,,142,25762,27010,0.953794890781192,214,35,74,0.4729729729729729,2,1,6468,70,0x98dac825f6323ee035e11d484f74a5cb9f736f3488f4c3394b80898bfb094d4d,30,1,145,4703,213,1386932,6,24,25.0,14.0,4,3,0
0xfedcd6848a12105a7424c596f07993a8bfc950583b8c91d8a0600a11114524b5,15,0xcb36b1ee0af68dce5578a487ff2da81282512233,0x67b66c99d3eb37fa76aa3ed1ff33e8e39f0b9c7a,2021-05-08 14:12:39+00:00,5000000,190000000000,6687914,863896,1000000000,60,,133,25762,27010,0.953794890781192,214,35,74,0.4729729729729729,2,1,6468,71,0xfedcd6848a12105a7424c596f07993a8bfc950583b8c91d8a0600a11114524b5,30,1,144,4703,213,1386932,6,23,25.0,14.0,4,3,0
0x50ffaeaea935142354f3e3c31f5c10bf21e7c1f5cd8bc87cd01d8b280b04b489,15,0xcb36b1ee0af68dce5578a487ff2da81282512233,0x67b66c99d3eb37fa76aa3ed1ff33e8e39f0b9c7a,2021-05-08 14:14:12+00:00,5000000,190000000000,5496236,921614,1000000000,68,,131,25763,27011,0.953796601384621,214,37,76,0.4868421052631579,2,1,6473,72,0x50ffaeaea935142354f3e3c31f5c10bf21e7c1f5cd8bc87cd01d8b280b04b489,31,1,148,4703,213,1386937,6,25,25.0,14.0,4,3,0
0x27fd4982d130e640f82164918025547c4dec62c940a78cc5367d520780b9896e,15,0xcb36b1ee0af68dce5578a487ff2da81282512233,0x67b66c99d3eb37fa76aa3ed1ff33e8e39f0b9c7a,2021-05-08 14:14:40+00:00,5000000,190000000000,7309543,901404,1000000000,70,,130,25764,27014,0.9537276967498332,214,38,83,0.4578313253012047,2,1,6475,73,0x27fd4982d130e640f82164918025547c4dec62c940a78cc5367d520780b9896e,34,1,145,4703,213,1386939,6,24,25.0,14.0,4,3,0
0x19a00ed98eec25456544139ec3155f45eb425d85a47137973751698287aadebb,15,0xcb36b1ee0af68dce5578a487ff2da81282512233,0x67b66c99d3eb37fa76aa3ed1ff33e8e39f0b9c7a,2021-05-08 14:14:40+00:00,5000000,190000000000,9770484,884050,1000000000,74,,129,25764,27014,0.9537276967498332,214,38,83,0.4578313253012047,2,1,6475,74,0x19a00ed98eec25456544139ec3155f45eb425d85a47137973751698287aadebb,34,1,144,4703,213,1386939,6,23,25.0,14.0,4,3,0
0x0ee718d686c3a14284123ef9b74abd6dae328aa15f845817374b1c0c887fcf4e,15,0xcb36b1ee0af68dce5578a487ff2da81282512233,0x67b66c99d3eb37fa76aa3ed1ff33e8e39f0b9c7a,2021-05-08 14:14:40+00:00,5000000,190000000000,8523898,851819,1000000000,72,,126,25764,27014,0.9537276967498332,214,38,83,0.4578313253012047,2,1,6475,75,0x0ee718d686c3a14284123ef9b74abd6dae328aa15f845817374b1c0c887fcf4e,34,1,144,4703,213,1386939,6,23,25.0,14.0,4,3,0
0x6966f277839a2fb89fb344bf115e6e30f13771c8ebcdcec6d873e2ee19d695bd,15,0xcb36b1ee0af68dce5578a487ff2da81282512233,0x67b66c99d3eb37fa76aa3ed1ff33e8e39f0b9c7a,2021-05-08 14:14:43+00:00,5000000,190000000000,9951960,919032,1000000000,76,,123,25765,27015,0.9537294095872664,214,39,84,0.4642857142857143,2,1,6476,76,0x6966f277839a2fb89fb344bf115e6e30f13771c8ebcdcec6d873e2ee19d695bd,35,1,148,4703,213,1386940,6,25,25.0,14.0,4,3,0
0x32bc0aaec3eefc317ba2c8b1cf9a7da0db6b291898540e5a2b0f3dae9ecfb405,15,0xcb36b1ee0af68dce5578a487ff2da81282512233,0x67b66c99d3eb37fa76aa3ed1ff33e8e39f0b9c7a,2021-05-08 14:15:18+00:00,5000000,190000000000,10239826,921832,1000000000,78,,121,25766,27016,0.9537311222978976,214,41,86,0.4767441860465116,2,1,6478,77,0x32bc0aaec3eefc317ba2c8b1cf9a7da0db6b291898540e5a2b0f3dae9ecfb405,36,1,148,4703,213,1386942,6,25,25.0,14.0,4,3,0
0x99c4284f4978162861055b8602451bb53b68aef7d49d2dd29f0536f0bd4b79dd,15,0xcb36b1ee0af68dce5578a487ff2da81282512233,0x67b66c99d3eb37fa76aa3ed1ff33e8e39f0b9c7a,2021-05-08 14:15:37+00:00,5000000,190000000000,9444684,921832,1000000000,80,,119,25767,27017,0.9537328348817412,214,43,88,0.4886363636363636,2,1,6481,78,0x99c4284f4978162861055b8602451bb53b68aef7d49d2dd29f0536f0bd4b79dd,37,1,148,4703,213,1386945,6,25,25.0,14.0,4,3,0
0xdc940077b1450e8728c8cc5b355571d4d5bf4eae118dc9f677d945e6d031b217,15,0xcb36b1ee0af68dce5578a487ff2da81282512233,0x67b66c99d3eb37fa76aa3ed1ff33e8e39f0b9c7a,2021-05-08 14:16:20+00:00,5000000,190000000000,3369798,921832,1000000000,82,,117,25768,27018,0.9537345473388112,214,45,90,0.5,2,1,6485,79,0xdc940077b1450e8728c8cc5b355571d4d5bf4eae118dc9f677d945e6d031b217,38,1,148,4703,213,1386949,6,25,25.0,14.0,4,3,0
0x0181498eaf72af491bf2f75d026101e89d8db287fb7905c91ca6a2b49554699d,15,0xcb36b1ee0af68dce5578a487ff2da81282512233,0x67b66c99d3eb37fa76aa3ed1ff33e8e39f0b9c7a,2021-05-08 14:16:23+00:00,5000000,190000000000,10513331,901622,1000000000,84,,115,25769,27019,0.9537362596691216,214,46,93,0.4946236559139785,2,1,6486,80,0x0181498eaf72af491bf2f75d026101e89d8db287fb7905c91ca6a2b49554699d,39,1,145,4703,213,1386950,6,24,25.0,14.0,4,3,0
0xa1c09e2899d1446ab55deada51de7ecfa58d5f07891d663bc29e084fac879ace,15,0xcb36b1ee0af68dce5578a487ff2da81282512233,0x67b66c99d3eb37fa76aa3ed1ff33e8e39f0b9c7a,2021-05-08 14:16:33+00:00,5000000,190000000000,6041072,919032,1000000000,86,,113,25770,27020,0.9537379718726868,214,47,94,0.5,2,1,6488,81,0xa1c09e2899d1446ab55deada51de7ecfa58d5f07891d663bc29e084fac879ace,40,1,148,4703,213,1386952,6,25,25.0,14.0,4,3,0
0xe19a96f2041961f968f011ef8d03b271e381a5bd3229b895ddde5fff63b6534b,15,0xcb36b1ee0af68dce5578a487ff2da81282512233,0x67b66c99d3eb37fa76aa3ed1ff33e8e39f0b9c7a,2021-05-08 14:17:26+00:00,5000000,190000000000,1247711,921832,1000000000,88,,110,25771,27021,0.9537396839495206,214,49,96,0.5104166666666666,2,1,6494,82,0xe19a96f2041961f968f011ef8d03b271e381a5bd3229b895ddde5fff63b6534b,41,1,148,4703,213,1386958,6,25,25.0,14.0,4,3,0
0xd4a861058b76ac2fb22e9ea396bb119fc3c83b398aed52eb6aba5f0a849c30da,15,0xcb36b1ee0af68dce5578a487ff2da81282512233,0x67b66c99d3eb37fa76aa3ed1ff33e8e39f0b9c7a,2021-05-08 14:17:29+00:00,5000000,190000000000,5117055,901622,1000000000,90,,106,25772,27023,0.9537061022092292,214,50,101,0.495049504950495,2,1,6495,83,0xd4a861058b76ac2fb22e9ea396bb119fc3c83b398aed52eb6aba5f0a849c30da,43,1,145,4703,213,1386959,6,24,25.0,14.0,4,3,0
0x50fe03ba8e441e133fe4b8e123055eeffde03031677533e9a212611f46924b05,15,0xcb36b1ee0af68dce5578a487ff2da81282512233,0x67b66c99d3eb37fa76aa3ed1ff33e8e39f0b9c7a,2021-05-08 14:17:29+00:00,5000000,190000000000,6343814,864223,1000000000,92,,108,25772,27023,0.9537061022092292,214,50,101,0.495049504950495,2,1,6495,84,0x50fe03ba8e441e133fe4b8e123055eeffde03031677533e9a212611f46924b05,43,1,144,4703,213,1386959,6,23,25.0,14.0,4,3,0
0x4ede168ed8ec3aef4efc683f306e88ad2c627014f21ca22002a20594c0dd4c36,15,0xcb36b1ee0af68dce5578a487ff2da81282512233,0x67b66c99d3eb37fa76aa3ed1ff33e8e39f0b9c7a,2021-05-08 14:17:55+00:00,5000000,190000000000,8814114,919032,1000000000,94,,104,25773,27024,0.9537078152753108,214,51,102,0.5,2,1,6497,85,0x4ede168ed8ec3aef4efc683f306e88ad2c627014f21ca22002a20594c0dd4c36,44,1,148,4703,213,1386961,6,25,25.0,14.0,4,3,0
0x77e16fc800361ae404759a6fb9e3e1323c28d6722ab1af7e4c908c50ba0e4924,15,0xcb36b1ee0af68dce5578a487ff2da81282512233,0x67b66c99d3eb37fa76aa3ed1ff33e8e39f0b9c7a,2021-05-08 14:18:15+00:00,5000000,190000000000,7995794,901622,1000000000,96,,103,25774,27026,0.9536742396211056,214,52,106,0.490566037735849,2,1,6499,86,0x77e16fc800361ae404759a6fb9e3e1323c28d6722ab1af7e4c908c50ba0e4924,46,1,145,4703,213,1386963,6,24,25.0,14.0,4,3,0
0x3e5cd29bdb4d96df3411ef9fe6e25c5f8747cf4e2c41c4002521eb7d47c95cce,15,0xcb36b1ee0af68dce5578a487ff2da81282512233,0x67b66c99d3eb37fa76aa3ed1ff33e8e39f0b9c7a,2021-05-08 14:18:15+00:00,5000000,190000000000,9222553,864223,1000000000,98,,102,25774,27026,0.9536742396211056,214,52,106,0.490566037735849,2,1,6499,87,0x3e5cd29bdb4d96df3411ef9fe6e25c5f8747cf4e2c41c4002521eb7d47c95cce,46,1,144,4703,213,1386963,6,23,25.0,14.0,4,3,0
0xc35be992676dc89266ffb9ed14e76af87273c775b487e4eaac363aa6e5a4ace1,15,0xcb36b1ee0af68dce5578a487ff2da81282512233,0x67b66c99d3eb37fa76aa3ed1ff33e8e39f0b9c7a,2021-05-08 14:18:36+00:00,5000000,190000000000,8518078,864332,1000000000,102,,94,25775,27029,0.9536053868067632,214,53,112,0.4732142857142857,2,1,6500,88,0xc35be992676dc89266ffb9ed14e76af87273c775b487e4eaac363aa6e5a4ace1,49,1,144,4703,213,1386964,6,23,25.0,14.0,4,3,0
0x1c6c42636e8af86935acadd9cdc935ec5f69fcda0d04bee6dbdb9dc0fbd67065,15,0xcb36b1ee0af68dce5578a487ff2da81282512233,0x67b66c99d3eb37fa76aa3ed1ff33e8e39f0b9c7a,2021-05-08 14:18:36+00:00,5000000,190000000000,7244585,901622,1000000000,100,,99,25775,27029,0.9536053868067632,214,53,112,0.4732142857142857,2,1,6500,89,0x1c6c42636e8af86935acadd9cdc935ec5f69fcda0d04bee6dbdb9dc0fbd67065,49,1,145,4703,213,1386964,6,24,25.0,14.0,4,3,0
0x2024e41957739f01e4911a8836151743b5e2f1381aae5bee47f42785bbba59ea,15,0xcb36b1ee0af68dce5578a487ff2da81282512233,0x67b66c99d3eb37fa76aa3ed1ff33e8e39f0b9c7a,2021-05-08 14:18:36+00:00,5000000,190000000000,9940576,864223,1000000000,104,,96,25775,27029,0.9536053868067632,214,53,112,0.4732142857142857,2,1,6500,90,0x2024e41957739f01e4911a8836151743b5e2f1381aae5bee47f42785bbba59ea,49,1,144,4703,213,1386964,6,23,25.0,14.0,4,3,0
0x84aa2dab8002b3a5c52d431d17ad9d538d71bbb112c6f3a93fea44ea465d43bd,15,0xcb36b1ee0af68dce5578a487ff2da81282512233,0x67b66c99d3eb37fa76aa3ed1ff33e8e39f0b9c7a,2021-05-08 14:19:10+00:00,5000000,190000000000,4537607,921832,1000000000,106,,92,25776,27030,0.953607103218646,214,55,114,0.4824561403508771,2,1,6502,91,0x84aa2dab8002b3a5c52d431d17ad9d538d71bbb112c6f3a93fea44ea465d43bd,50,1,148,4703,213,1386966,6,25,25.0,14.0,4,3,0
0x477b3f734684e38eea8e1b921cbb485207b9e3f46500aabf0ce5bbb1e52b8aa9,15,0xcb36b1ee0af68dce5578a487ff2da81282512233,0x67b66c99d3eb37fa76aa3ed1ff33e8e39f0b9c7a,2021-05-08 14:19:24+00:00,5000000,190000000000,4633177,901622,1000000000,108,,89,25777,27031,0.9536088195035328,214,56,116,0.4827586206896551,2,1,6504,92,0x477b3f734684e38eea8e1b921cbb485207b9e3f46500aabf0ce5bbb1e52b8aa9,51,1,145,4703,213,1386968,6,24,25.0,14.0,4,3,0
0x14589f160f951ac5b665169237c10219d7e0d8e092c8f497f3880b5a39b18a3f,15,0xcb36b1ee0af68dce5578a487ff2da81282512233,0x67b66c99d3eb37fa76aa3ed1ff33e8e39f0b9c7a,2021-05-08 14:19:29+00:00,5000000,190000000000,4095199,901622,1000000000,110,,87,25778,27032,0.9536105356614382,214,57,118,0.4830508474576271,2,1,6505,93,0x14589f160f951ac5b665169237c10219d7e0d8e092c8f497f3880b5a39b18a3f,52,1,145,4703,213,1386969,6,24,25.0,14.0,4,3,0
0x7ae3437acfdb52fa67f2d74a3831878b2ab7f89111557b552362bcfbb3f8cfcb,15,0xcb36b1ee0af68dce5578a487ff2da81282512233,0x67b66c99d3eb37fa76aa3ed1ff33e8e39f0b9c7a,2021-05-08 14:20:04+00:00,5000000,190000000000,5502574,877583,1000000000,112,,84,25779,27033,0.953612251692376,214,58,120,0.4833333333333333,2,1,6510,94,0x7ae3437acfdb52fa67f2d74a3831878b2ab7f89111557b552362bcfbb3f8cfcb,53,1,144,4703,213,1386974,6,23,25.0,14.0,4,3,0
0x41521ab98e11f8864b28ce19e8530ae644fc4e9a1df7c76db1193ba5c513d08e,15,0xcb36b1ee0af68dce5578a487ff2da81282512233,0x67b66c99d3eb37fa76aa3ed1ff33e8e39f0b9c7a,2021-05-08 14:20:13+00:00,5000000,190000000000,8347860,864223,1000000000,116,,79,25780,27035,0.9535786942851858,214,59,125,0.472,2,1,6511,95,0x41521ab98e11f8864b28ce19e8530ae644fc4e9a1df7c76db1193ba5c513d08e,55,1,144,4703,213,1386975,6,23,25.0,14.0,4,3,0
0x88a62bcc222d34c4f778c18204d15681857f67b683a3f0ccdf3e49506a335953,15,0xcb36b1ee0af68dce5578a487ff2da81282512233,0x67b66c99d3eb37fa76aa3ed1ff33e8e39f0b9c7a,2021-05-08 14:20:13+00:00,5000000,190000000000,7121101,901622,1000000000,114,,80,25780,27035,0.9535786942851858,214,59,125,0.472,2,1,6511,96,0x88a62bcc222d34c4f778c18204d15681857f67b683a3f0ccdf3e49506a335953,55,1,145,4703,213,1386975,6,24,25.0,14.0,4,3,0
0xe19a93acd03a798efcd740702634fb68a5aae229f7039f8be6a37fa6eaadab8d,15,0xcb36b1ee0af68dce5578a487ff2da81282512233,0x67b66c99d3eb37fa76aa3ed1ff33e8e39f0b9c7a,2021-05-08 14:20:26+00:00,5000000,190000000000,2679659,919032,1000000000,118,,78,25781,27036,0.9535804113034472,214,60,126,0.4761904761904761,2,1,6513,97,0xe19a93acd03a798efcd740702634fb68a5aae229f7039f8be6a37fa6eaadab8d,56,1,148,4703,213,1386977,6,25,25.0,14.0,4,3,0
0xae0500c5ee1e54f599dd6fb0d4a00a648ae8f5ec65f9d00d6ffb9af4f49c2213,15,0xcb36b1ee0af68dce5578a487ff2da81282512233,0x67b66c99d3eb37fa76aa3ed1ff33e8e39f0b9c7a,2021-05-08 14:20:46+00:00,5000000,190000000000,6390355,901622,1000000000,120,,76,25782,27037,0.953582128194696,214,61,128,0.4765625,2,1,6516,98,0xae0500c5ee1e54f599dd6fb0d4a00a648ae8f5ec65f9d00d6ffb9af4f49c2213,57,1,145,4703,213,1386980,6,24,25.0,14.0,4,3,0
0x553c671c2523e44b042022c37ee4b2985f066f7195fbc5828c90255ecb9f7edd,15,0xcb36b1ee0af68dce5578a487ff2da81282512233,0x67b66c99d3eb37fa76aa3ed1ff33e8e39f0b9c7a,2021-05-08 14:21:49+00:00,5000000,190000000000,3762668,921832,1000000000,122,,73,25783,27038,0.9535838449589465,214,63,130,0.4846153846153846,2,1,6520,99,0x553c671c2523e44b042022c37ee4b2985f066f7195fbc5828c90255ecb9f7edd,58,1,148,4703,213,1386984,6,25,25.0,14.0,4,3,0
0x6542c4c5bd0b6e35fffe17f918e34030bf4bf29657054dee551b295e1434668a,15,0xcb36b1ee0af68dce5578a487ff2da81282512233,0x67b66c99d3eb37fa76aa3ed1ff33e8e39f0b9c7a,2021-05-08 14:21:57+00:00,5000000,190000000000,8782576,901622,1000000000,124,,71,25784,27039,0.9535855615962128,214,64,132,0.4848484848484848,2,1,6521,100,0x6542c4c5bd0b6e35fffe17f918e34030bf4bf29657054dee551b295e1434668a,59,1,145,4703,213,1386985,6,24,25.0,14.0,4,3,0
0xa35de4267f53899b52becff1656e6afd86769ac4be63e8b63118640e956551ec,15,0xcb36b1ee0af68dce5578a487ff2da81282512233,0x67b66c99d3eb37fa76aa3ed1ff33e8e39f0b9c7a,2021-05-08 14:22:43+00:00,5000000,190000000000,3049555,921832,1000000000,126,,69,25785,27040,0.9535872781065088,214,66,134,0.4925373134328358,2,1,6523,101,0xa35de4267f53899b52becff1656e6afd86769ac4be63e8b63118640e956551ec,60,1,148,4703,213,1386987,6,25,25.0,14.0,4,3,0
0x03a5f63d2549b113d0aad98b2b33af5428b6f9121cce15f9bd1d0869982c934f,15,0xcb36b1ee0af68dce5578a487ff2da81282512233,0x67b66c99d3eb37fa76aa3ed1ff33e8e39f0b9c7a,2021-05-08 14:23:13+00:00,5000000,190000000000,8805181,921832,1000000000,128,,67,25786,27041,0.9535889944898488,214,68,136,0.5,2,1,6525,102,0x03a5f63d2549b113d0aad98b2b33af5428b6f9121cce15f9bd1d0869982c934f,61,1,148,4703,213,1386989,6,25,25.0,14.0,4,3,0
0x0c54b0dcfe1149ee8f8dd25e6ccb1e9ba34f03792cd2bc397d6904b32b970c95,15,0xcb36b1ee0af68dce5578a487ff2da81282512233,0x67b66c99d3eb37fa76aa3ed1ff33e8e39f0b9c7a,2021-05-08 14:23:17+00:00,5000000,190000000000,9575263,901622,1000000000,130,,64,25787,27043,0.9535554487298006,214,69,141,0.4893617021276595,2,1,6526,103,0x0c54b0dcfe1149ee8f8dd25e6ccb1e9ba34f03792cd2bc397d6904b32b970c95,63,1,145,4703,213,1386990,6,24,25.0,14.0,4,3,0
0x46c65b0735489f4e63b843db98d9b8349d72c4ae3e5b518dc8786794a3889313,15,0xcb36b1ee0af68dce5578a487ff2da81282512233,0x67b66c99d3eb37fa76aa3ed1ff33e8e39f0b9c7a,2021-05-08 14:23:17+00:00,5000000,190000000000,10833724,864223,1000000000,132,,65,25787,27043,0.9535554487298006,214,69,141,0.4893617021276595,2,1,6526,104,0x46c65b0735489f4e63b843db98d9b8349d72c4ae3e5b518dc8786794a3889313,63,1,144,4703,213,1386990,6,23,25.0,14.0,4,3,0
0xda5614bb087c891b85803c23beba94abc957ac1cfc9ad310de1fadf49d80f8fc,15,0xcb36b1ee0af68dce5578a487ff2da81282512233,0x67b66c99d3eb37fa76aa3ed1ff33e8e39f0b9c7a,2021-05-08 14:23:57+00:00,5000000,190000000000,4736948,919032,1000000000,134,,61,25788,27044,0.9535571660996894,214,70,142,0.4929577464788732,2,1,6528,105,0xda5614bb087c891b85803c23beba94abc957ac1cfc9ad310de1fadf49d80f8fc,64,1,148,4703,213,1386992,6,25,25.0,14.0,4,3,0
0xb8956a080a1e4f6565aec9cb4efba5a50bc38c12ca6623f83fc3fe68dab82262,15,0xcb36b1ee0af68dce5578a487ff2da81282512233,0x67b66c99d3eb37fa76aa3ed1ff33e8e39f0b9c7a,2021-05-08 14:25:44+00:00,5000000,190000000000,6241916,921832,1000000000,136,,59,25789,27045,0.9535588833425772,214,72,144,0.5,2,1,6533,106,0xb8956a080a1e4f6565aec9cb4efba5a50bc38c12ca6623f83fc3fe68dab82262,65,1,148,4703,213,1386997,6,25,25.0,14.0,4,3,0
0x76892febc45b173b6d558ac58341582063b59d912f60972ac3ffae07faba5740,15,0xcb36b1ee0af68dce5578a487ff2da81282512233,0x67b66c99d3eb37fa76aa3ed1ff33e8e39f0b9c7a,2021-05-08 14:26:42+00:00,5000000,210000000000,6581750,901622,1000000000,138,,58,25790,27046,0.953560600458478,214,73,147,0.4965986394557823,2,1,6539,107,0x76892febc45b173b6d558ac58341582063b59d912f60972ac3ffae07faba5740,66,1,145,4703,213,1387003,6,24,25.0,14.0,4,3,0
0xea8ac9dca93757a71459ff4e83c2469417a699791cb3472462b89c3333b8ad8a,15,0xcb36b1ee0af68dce5578a487ff2da81282512233,0x67b66c99d3eb37fa76aa3ed1ff33e8e39f0b9c7a,2021-05-08 14:26:58+00:00,5000000,210000000000,3561411,919141,1000000000,140,,55,25791,27047,0.9535623174474064,214,74,148,0.5,2,1,6540,108,0xea8ac9dca93757a71459ff4e83c2469417a699791cb3472462b89c3333b8ad8a,67,1,148,4703,213,1387004,6,25,25.0,14.0,4,3,0
0xfcb6597cb7cab80376bbbb88b817233fa4ed97fee18517c1a94fc1c41e98dfbb,15,0xcb36b1ee0af68dce5578a487ff2da81282512233,0x67b66c99d3eb37fa76aa3ed1ff33e8e39f0b9c7a,2021-05-08 14:27:05+00:00,5000000,210000000000,8808104,901731,1000000000,142,,54,25792,27048,0.953564034309376,214,75,150,0.5,2,1,6541,109,0xfcb6597cb7cab80376bbbb88b817233fa4ed97fee18517c1a94fc1c41e98dfbb,68,1,145,4703,213,1387005,6,24,25.0,14.0,4,3,0
0xb58030f3bd4ceb56a72d26a6c191e9f0e5b13b90a01ee9211bb4836d8e75020a,15,0xcb36b1ee0af68dce5578a487ff2da81282512233,0x67b66c99d3eb37fa76aa3ed1ff33e8e39f0b9c7a,2021-05-08 14:27:37+00:00,5000000,190000000000,5195580,901731,1000000000,144,,51,25793,27049,0.9535657510444008,214,76,152,0.5,2,1,6543,110,0xb58030f3bd4ceb56a72d26a6c191e9f0e5b13b90a01ee9211bb4836d8e75020a,69,1,145,4703,213,1387007,6,24,25.0,14.0,4,3,0
0x0aa779048ec5bd8e3cc15536c060834bf6f40a75c89615601439eebbbd6828b9,15,0xcb36b1ee0af68dce5578a487ff2da81282512233,0x67b66c99d3eb37fa76aa3ed1ff33e8e39f0b9c7a,2021-05-08 14:28:01+00:00,5000000,190000000000,6589176,901731,1000000000,146,,49,25794,27050,0.9535674676524952,214,77,154,0.5,2,1,6545,111,0x0aa779048ec5bd8e3cc15536c060834bf6f40a75c89615601439eebbbd6828b9,70,1,145,4703,213,1387009,6,24,25.0,14.0,4,3,0
0x461760bff7f66c66e6a5d6494a731b8017781e0d9ba7989cf6f41cbf78e6616b,15,0xcb36b1ee0af68dce5578a487ff2da81282512233,0x67b66c99d3eb37fa76aa3ed1ff33e8e39f0b9c7a,2021-05-08 14:28:30+00:00,5000000,210000000000,9855998,901731,1000000000,148,,46,25795,27051,0.9535691841336734,214,78,157,0.4968152866242038,2,1,6547,112,0x461760bff7f66c66e6a5d6494a731b8017781e0d9ba7989cf6f41cbf78e6616b,71,1,145,4703,213,1387011,6,24,25.0,14.0,4,3,0
0x09a51ba9d3347c911c4a5c2ee202f741e733cb1cc9780d412464de2aeb3b18fb,15,0xcb36b1ee0af68dce5578a487ff2da81282512233,0x67b66c99d3eb37fa76aa3ed1ff33e8e39f0b9c7a,2021-05-08 14:30:10+00:00,5000000,210000000000,2764936,919141,1000000000,150,,45,25796,27052,0.9535709004879492,214,79,158,0.5,2,1,6550,113,0x09a51ba9d3347c911c4a5c2ee202f741e733cb1cc9780d412464de2aeb3b18fb,72,1,148,4703,213,1387014,6,25,25.0,14.0,4,3,0
0xee2b3abec9437f7232a3074dfbbf3af1f85b3d8088f72109a025c4de127e7d59,15,0xcb36b1ee0af68dce5578a487ff2da81282512233,0x67b66c99d3eb37fa76aa3ed1ff33e8e39f0b9c7a,2021-05-08 14:30:23+00:00,5000000,210000000000,8567332,852037,1000000000,158,,38,25797,27056,0.953466883500887,214,80,166,0.4819277108433734,2,1,6552,114,0xee2b3abec9437f7232a3074dfbbf3af1f85b3d8088f72109a025c4de127e7d59,76,1,144,4703,213,1387016,6,23,25.0,14.0,4,3,0
0x27d79001b03460d860c999f77ffa2ff6af3d15eb3a799b15c673292d0726cda1,15,0xcb36b1ee0af68dce5578a487ff2da81282512233,0x67b66c99d3eb37fa76aa3ed1ff33e8e39f0b9c7a,2021-05-08 14:30:23+00:00,5000000,210000000000,6125891,864332,1000000000,154,,44,25797,27056,0.953466883500887,214,80,166,0.4819277108433734,2,1,6552,115,0x27d79001b03460d860c999f77ffa2ff6af3d15eb3a799b15c673292d0726cda1,76,1,144,4703,213,1387016,6,23,25.0,14.0,4,3,0
0x511e9d584cdd99f9000b6d966f0202892b9cdfeb88a2ac76cf4a434ec44e50e4,15,0xcb36b1ee0af68dce5578a487ff2da81282512233,0x67b66c99d3eb37fa76aa3ed1ff33e8e39f0b9c7a,2021-05-08 14:30:23+00:00,5000000,210000000000,7352759,864332,1000000000,156,,41,25797,27056,0.953466883500887,214,80,166,0.4819277108433734,2,1,6552,116,0x511e9d584cdd99f9000b6d966f0202892b9cdfeb88a2ac76cf4a434ec44e50e4,76,1,144,4703,213,1387016,6,23,25.0,14.0,4,3,0
0x8c97cd995f910136d0c94f44b92edf77ab045a18664ada5f8d2973f20f921b57,15,0xcb36b1ee0af68dce5578a487ff2da81282512233,0x67b66c99d3eb37fa76aa3ed1ff33e8e39f0b9c7a,2021-05-08 14:30:23+00:00,5000000,210000000000,4899023,901731,1000000000,152,,42,25797,27056,0.953466883500887,214,80,166,0.4819277108433734,2,1,6552,117,0x8c97cd995f910136d0c94f44b92edf77ab045a18664ada5f8d2973f20f921b57,76,1,145,4703,213,1387016,6,24,25.0,14.0,4,3,0
0x1753ebe39d06c85d3b1a7955662f2bed30942b2ea22856f8d7e7123d4eec9292,15,0xcb36b1ee0af68dce5578a487ff2da81282512233,0x67b66c99d3eb37fa76aa3ed1ff33e8e39f0b9c7a,2021-05-08 14:31:33+00:00,5000000,210000000000,6593188,941768,1000000000,160,,35,25798,27057,0.9534686033189193,214,82,168,0.488095238095238,2,1,6557,118,0x1753ebe39d06c85d3b1a7955662f2bed30942b2ea22856f8d7e7123d4eec9292,77,1,148,4703,213,1387021,6,25,25.0,14.0,4,3,0
0x1280544af91241f546ecc7fdb2c7350fc1ed88ca3114e3337b5e0dd57543f1f4,15,0xcb36b1ee0af68dce5578a487ff2da81282512233,0x67b66c99d3eb37fa76aa3ed1ff33e8e39f0b9c7a,2021-05-08 14:32:27+00:00,5000000,210000000000,2774151,921941,1000000000,162,,33,25799,27058,0.9534703230098308,214,84,170,0.4941176470588235,2,1,6561,119,0x1280544af91241f546ecc7fdb2c7350fc1ed88ca3114e3337b5e0dd57543f1f4,78,1,148,4703,213,1387025,6,25,25.0,14.0,4,3,0
0xd8408e72a40fd9a7bbbaef711f7b9ad76f1ffb53117afb98aeaec02a2c8507b4,15,0xcb36b1ee0af68dce5578a487ff2da81282512233,0x67b66c99d3eb37fa76aa3ed1ff33e8e39f0b9c7a,2021-05-08 14:33:10+00:00,5000000,210000000000,7727772,921941,1000000000,164,,31,25800,27059,0.9534720425736352,214,86,172,0.5,2,1,6564,120,0xd8408e72a40fd9a7bbbaef711f7b9ad76f1ffb53117afb98aeaec02a2c8507b4,79,1,148,4703,213,1387028,6,25,25.0,14.0,4,3,0
0x156c33007b18040dda20cba5ccff866b30334337db6dbe99087908376178d623,15,0xcb36b1ee0af68dce5578a487ff2da81282512233,0x67b66c99d3eb37fa76aa3ed1ff33e8e39f0b9c7a,2021-05-08 14:33:44+00:00,5000000,210000000000,3833052,921941,1000000000,166,,29,25801,27060,0.9534737620103472,214,88,174,0.5057471264367815,2,1,6566,121,0x156c33007b18040dda20cba5ccff866b30334337db6dbe99087908376178d623,80,1,148,4703,213,1387030,6,25,25.0,14.0,4,3,0
0xcae15e3e3e67c4e5a42b842be910bc29366a9175003d4dc87acb8286f0aef958,15,0xcb36b1ee0af68dce5578a487ff2da81282512233,0x67b66c99d3eb37fa76aa3ed1ff33e8e39f0b9c7a,2021-05-08 14:33:52+00:00,5000000,210000000000,10108739,864332,1000000000,170,,26,25802,27062,0.9534402483186756,214,89,179,0.4972067039106145,2,1,6567,122,0xcae15e3e3e67c4e5a42b842be910bc29366a9175003d4dc87acb8286f0aef958,82,1,144,4703,213,1387031,6,23,25.0,14.0,4,3,0
0x09f1bd50cd2e5853d194ec8fe3b7e537af96f0e7b8fd9ee27c21d971ff5cf84e,15,0xcb36b1ee0af68dce5578a487ff2da81282512233,0x67b66c99d3eb37fa76aa3ed1ff33e8e39f0b9c7a,2021-05-08 14:33:52+00:00,5000000,210000000000,8881871,901731,1000000000,168,,28,25802,27062,0.9534402483186756,214,89,179,0.4972067039106145,2,1,6567,123,0x09f1bd50cd2e5853d194ec8fe3b7e537af96f0e7b8fd9ee27c21d971ff5cf84e,82,1,145,4703,213,1387031,6,24,25.0,14.0,4,3,0
0xa6b571fc2c80f160f67e5b887edef77feddbb00a70dfd8316d876b22eb8f2c96,15,0xcb36b1ee0af68dce5578a487ff2da81282512233,0x67b66c99d3eb37fa76aa3ed1ff33e8e39f0b9c7a,2021-05-08 14:34:08+00:00,5000000,210000000000,5089384,919141,1000000000,172,,23,25803,27063,0.9534419687396076,214,90,180,0.5,2,1,6568,124,0xa6b571fc2c80f160f67e5b887edef77feddbb00a70dfd8316d876b22eb8f2c96,83,1,148,4703,213,1387032,6,25,25.0,14.0,4,3,0
0xb8ed7cb71e15e4189b907d93bb0f4c78d8adc6c6d08624f3f4e43dc1e45634da,15,0xcb36b1ee0af68dce5578a487ff2da81282512233,0x67b66c99d3eb37fa76aa3ed1ff33e8e39f0b9c7a,2021-05-08 14:34:12+00:00,5000000,210000000000,9029041,864332,1000000000,176,,21,25804,27065,0.9534084611121374,214,91,184,0.4945652173913043,2,1,6569,125,0xb8ed7cb71e15e4189b907d93bb0f4c78d8adc6c6d08624f3f4e43dc1e45634da,85,1,144,4703,213,1387033,6,23,25.0,14.0,4,3,0
0x0b1398c907a910dc98f626467e80578575b68592f87445499647f46a3a20ecda,15,0xcb36b1ee0af68dce5578a487ff2da81282512233,0x67b66c99d3eb37fa76aa3ed1ff33e8e39f0b9c7a,2021-05-08 14:34:12+00:00,5000000,210000000000,7802173,901731,1000000000,174,,20,25804,27065,0.9534084611121374,214,91,184,0.4945652173913043,2,1,6569,126,0x0b1398c907a910dc98f626467e80578575b68592f87445499647f46a3a20ecda,85,1,145,4703,213,1387033,6,24,25.0,14.0,4,3,0
0x694cac8e0c9a68cfb81fd0482c5d0fe69dc970457fed9ba55f020c5d040acd63,15,0xcb36b1ee0af68dce5578a487ff2da81282512233,0x67b66c99d3eb37fa76aa3ed1ff33e8e39f0b9c7a,2021-05-08 14:35:50+00:00,5000000,235000000000,6978687,901731,1000000000,178,,10,25805,27069,0.9533045180834164,214,92,193,0.4766839378238341,2,1,6580,127,0x694cac8e0c9a68cfb81fd0482c5d0fe69dc970457fed9ba55f020c5d040acd63,89,1,145,4703,213,1387044,6,24,25.0,14.0,4,3,0
0xe0d6bfdc73a3b7ea481156afa568250245097f58119136bd8254d9b172e1c6d8,15,0xcb36b1ee0af68dce5578a487ff2da81282512233,0x67b66c99d3eb37fa76aa3ed1ff33e8e39f0b9c7a,2021-05-08 14:35:50+00:00,5000000,235000000000,8205555,864332,1000000000,180,,12,25805,27069,0.9533045180834164,214,92,193,0.4766839378238341,2,1,6580,128,0xe0d6bfdc73a3b7ea481156afa568250245097f58119136bd8254d9b172e1c6d8,89,1,144,4703,213,1387044,6,23,25.0,14.0,4,3,0
0x486c71eb4f461b7556e6e35e432adb7f87ad2934ef90b8f4f6857c2c2e5e3663,15,0xcb36b1ee0af68dce5578a487ff2da81282512233,0x67b66c99d3eb37fa76aa3ed1ff33e8e39f0b9c7a,2021-05-08 14:35:50+00:00,5000000,235000000000,10683091,867132,1000000000,184,,11,25805,27069,0.9533045180834164,214,92,193,0.4766839378238341,2,1,6580,129,0x486c71eb4f461b7556e6e35e432adb7f87ad2934ef90b8f4f6857c2c2e5e3663,89,1,144,4703,213,1387044,6,23,25.0,14.0,4,3,0
0x870f03878f3af6ec04d6b3b26888f37b7fcdd81e73a8358eaee3f75a1657698d,15,0xcb36b1ee0af68dce5578a487ff2da81282512233,0x67b66c99d3eb37fa76aa3ed1ff33e8e39f0b9c7a,2021-05-08 14:35:50+00:00,5000000,235000000000,9453423,864332,1000000000,182,,15,25805,27069,0.9533045180834164,214,92,193,0.4766839378238341,2,1,6580,130,0x870f03878f3af6ec04d6b3b26888f37b7fcdd81e73a8358eaee3f75a1657698d,89,1,144,4703,213,1387044,6,23,25.0,14.0,4,3,0
0x6ede7fe2569ea12d9bbb8bc7cbe1b69ca3207cf2ecf49bb3b5714ca4d4945fc8,15,0xcb36b1ee0af68dce5578a487ff2da81282512233,0x67b66c99d3eb37fa76aa3ed1ff33e8e39f0b9c7a,2021-05-08 14:36:37+00:00,5000000,235000000000,1472019,919141,1000000000,186,,9,25806,27070,0.953306243073513,214,93,194,0.479381443298969,2,1,6581,131,0x6ede7fe2569ea12d9bbb8bc7cbe1b69ca3207cf2ecf49bb3b5714ca4d4945fc8,90,1,148,4703,213,1387045,6,25,25.0,14.0,4,3,0
0xfe728b23d8415e9c549c32d427b113bba1c8e4f676d96bf9bb58bd3ad08dedac,15,0xcb36b1ee0af68dce5578a487ff2da81282512233,0x67b66c99d3eb37fa76aa3ed1ff33e8e39f0b9c7a,2021-05-08 14:36:46+00:00,5000000,235000000000,10343642,921941,1000000000,188,,7,25807,27071,0.953307967936168,214,95,196,0.4846938775510203,2,1,6583,132,0xfe728b23d8415e9c549c32d427b113bba1c8e4f676d96bf9bb58bd3ad08dedac,91,1,148,4703,213,1387047,6,25,25.0,14.0,4,3,0
0x1655592eda3ebbba7c530ab3327daeae95fa95d05c3dec40338471245da10cfe,15,0xcb36b1ee0af68dce5578a487ff2da81282512233,0x67b66c99d3eb37fa76aa3ed1ff33e8e39f0b9c7a,2021-05-08 14:38:06+00:00,5000000,235000000000,3861138,921941,1000000000,190,,5,25808,27072,0.9533096926713948,214,97,198,0.4898989898989898,2,1,6585,133,0x1655592eda3ebbba7c530ab3327daeae95fa95d05c3dec40338471245da10cfe,92,1,148,4703,213,1387049,6,25,25.0,14.0,4,3,0
0x76ca78d22b00aaa087e93d6274be81fb0b9446ffdb161a9bd0194274e81ca1a4,114,0x0cbfb2942463d96b7b8b99fc5a78531402b43387,0xa9fe4601811213c340e850ea305481aff02f5b28,2021-05-07 19:57:11+00:00,1469832,52000000000,7562592,788583,0,390,,237,1117,1143,0.9772528433945756,71,406,421,0.9643705463182896,76,1477,8814476,1,0x76ca78d22b00aaa087e93d6274be81fb0b9446ffdb161a9bd0194274e81ca1a4,2,2,272,716,72,467343,54,20,26.0,6.0,1,4,0
0xe042107f62fa1ae730360ad77a4081a3ac1dc87c46feb7b0639034d3d464d1c3,114,0x0cbfb2942463d96b7b8b99fc5a78531402b43387,0xa9fe4601811213c340e850ea305481aff02f5b28,2021-05-07 20:04:42+00:00,1438863,54000000000,6703401,768683,0,391,,236,1118,1144,0.9772727272727272,71,407,422,0.9644549763033176,76,1477,8814509,2,0xe042107f62fa1ae730360ad77a4081a3ac1dc87c46feb7b0639034d3d464d1c3,3,2,272,716,72,467376,54,20,26.0,6.0,1,4,0
0x0f2e255cbc8284723ae5b8b47247b3349119a92c620ff95172669d401ade189b,5,0x31f02e88bd6110723e767af9e7186e61fc9e88f8,0xbebbff645d666445f39900f33201405e1cdaf130,2021-05-08 12:53:48+00:00,426202,110000000000,299981,181135,0,498,,204,12954,13779,0.9401262791204004,169,510,513,0.9941520467836256,128,269,1749010,1,0x0f2e255cbc8284723ae5b8b47247b3349119a92c620ff95172669d401ade189b,1,1,20,2192,174,1130699,156,7,6.0,3.0,1,3,0
0x429166a2f737c06cf06da4347c70466cf7c74e7b9a140bd88256b1879326bfd0,9,0x6a0532259e49d240a56dfe02aa40a9d596831ae6,0xd6e194af3d9674b62d1b30ec676030c23961275e,2021-05-07 16:35:08+00:00,394111,116566221628,9918754,256322,5000000000000000000,0,,248,2174,2197,0.9895311788802912,178,3,3,1.0,1,0,76,1,0x429166a2f737c06cf06da4347c70466cf7c74e7b9a140bd88256b1879326bfd0,1,1,50,742,199,1294805,1,10,25.0,7.0,1,4,0
0x810a95b9499bfef1edc3dd6d8931b619e61d88fc313186e0a2b99d337a8da36f,3,0x9a7067dcf6e8f4cb9e24244030c516a5e0c7dcd9,0xd6e194af3d9674b62d1b30ec676030c23961275e,2021-05-07 22:57:23+00:00,435903,45100000000,11811698,243951,0,88,,230,2175,2198,0.9895359417652412,178,112,113,0.991150442477876,35,74,485852,2,0x810a95b9499bfef1edc3dd6d8931b619e61d88fc313186e0a2b99d337a8da36f,3,3,45,742,199,1296563,28,10,25.0,7.0,2,5,0
0x20c6fae609b558e8e42f72bdfe76fbeebaa434eb70aed0e43553f88ba622feb9,9,0x48d0d49c06d18e11d74569a6fa15cb1791121a1b,0xd6e194af3d9674b62d1b30ec676030c23961275e,2021-05-07 23:33:43+00:00,394111,46000000000,5831104,256322,6000000000000000000,866,,229,2176,2199,0.9895407003183264,178,891,914,0.974835886214442,116,138,898536,3,0x20c6fae609b558e8e42f72bdfe76fbeebaa434eb70aed0e43553f88ba622feb9,1,1,50,743,199,1296731,225,10,25.0,7.0,1,4,0
0x7a15d9de875c0eb84007aa0bb4a2842041384e3373f83210cd8df4d445227cd3,9,0xa27efe2205031e1736d968a27cd3bb7887e86e51,0xd6e194af3d9674b62d1b30ec676030c23961275e,2021-05-07 23:39:46+00:00,394111,40000000000,8034027,256322,180500000000000000,0,,228,2177,2200,0.9895454545454544,178,2,2,1.0,2,44,288750,4,0x7a15d9de875c0eb84007aa0bb4a2842041384e3373f83210cd8df4d445227cd3,1,1,50,744,199,1296761,1,10,25.0,7.0,1,4,0
0xd9d4b6ff500e6128d79b902628f2f75b63e15e57654beb6475c1b996c27a54a5,9,0xb19be18a7d279432f607676acd34c62ff932daba,0xd6e194af3d9674b62d1b30ec676030c23961275e,2021-05-08 03:17:41+00:00,338574,52000000000,9220971,219876,30000000000000000000,4730,,221,2178,2201,0.9895502044525216,179,4363,4891,0.892046616233899,384,1288,7943762,5,0xd9d4b6ff500e6128d79b902628f2f75b63e15e57654beb6475c1b996c27a54a5,5,5,50,744,200,1297725,664,10,25.0,7.0,1,4,0
0x040343e53f4323dd7e9dbb690ffc5620abaf45061f81e4a1acea9c62813807d9,3,0xf64e4ea924228fd94d727d528a5a519c9d2b278f,0xd6e194af3d9674b62d1b30ec676030c23961275e,2021-05-08 08:02:49+00:00,435903,99000000000,10120854,243951,0,436,,208,2179,2202,0.9895549500454132,179,430,458,0.9388646288209606,91,250,1622511,6,0x040343e53f4323dd7e9dbb690ffc5620abaf45061f81e4a1acea9c62813807d9,2,2,45,744,200,1298997,129,10,25.0,7.0,2,5,0
0x8d5e13e352d2d8fcbd32cd09b2f9ca09c3025d5c460f60ff80e9fef87617f218,6,0x1d2c4cd9bee9dfe088430b95d274e765151c32db,0xd6e194af3d9674b62d1b30ec676030c23961275e,2021-05-08 14:01:31+00:00,506026,181000000000,11661252,314683,0,2385,,176,2180,2203,0.9895596913300044,179,2374,2416,0.9826158940397351,300,709,4530478,7,0x8d5e13e352d2d8fcbd32cd09b2f9ca09c3025d5c460f60ff80e9fef87617f218,2,2,60,744,200,1300628,297,12,32.0,7.0,2,5,0
0xb54371a9d7c9d992303015f0060a0bc6a16d34ef0c0e0dd2e106ed42ecda1481,6,0x1d2c4cd9bee9dfe088430b95d274e765151c32db,0xd6e194af3d9674b62d1b30ec676030c23961275e,2021-05-08 14:02:35+00:00,543720,181000000000,2108765,269612,0,2386,,165,2181,2204,0.9895644283121596,179,2375,2417,0.9826230864708316,300,709,4530483,8,0xb54371a9d7c9d992303015f0060a0bc6a16d34ef0c0e0dd2e106ed42ecda1481,3,2,44,744,200,1300633,297,10,27.0,6.0,1,3,0
0x86fe0c7ad70a5c2338fb6e59aa24c4d423a5a23264f8f1539064ee3bb8ecc99c,6,0x1d2c4cd9bee9dfe088430b95d274e765151c32db,0xd6e194af3d9674b62d1b30ec676030c23961275e,2021-05-08 14:03:25+00:00,543720,370000000000,499055,314707,0,2387,,164,2182,2205,0.9895691609977324,179,2376,2418,0.9826302729528535,300,709,4530491,9,0x86fe0c7ad70a5c2338fb6e59aa24c4d423a5a23264f8f1539064ee3bb8ecc99c,4,2,60,744,200,1300641,297,12,32.0,7.0,2,5,0
0xe5adb08ce0355ba580c7ea2da95dc51bda6fb7735a005d57ac65b508505f6328,6,0x9c0790eb0f96b16ea1806e20b0d0e21a31dc93bc,0xd6e194af3d9674b62d1b30ec676030c23961275e,2021-05-08 14:17:26+00:00,210000,174900000000,10025896,207207,0,38,,111,2183,2206,0.9895738893925656,179,51,51,1.0,23,315,2045674,10,0xe5adb08ce0355ba580c7ea2da95dc51bda6fb7735a005d57ac65b508505f6328,2,2,28,744,200,1300714,29,8,15.0,5.0,1,3,0
0x41515b310bf501a1d40d07f9da626d9489285ef25edd021757962210ba966e3a,6,0x9c0790eb0f96b16ea1806e20b0d0e21a31dc93bc,0xd6e194af3d9674b62d1b30ec676030c23961275e,2021-05-08 14:19:23+00:00,543666,171000000000,8300187,269576,0,39,,91,2184,2207,0.989578613502492,179,52,52,1.0,23,315,2045683,11,0x41515b310bf501a1d40d07f9da626d9489285ef25edd021757962210ba966e3a,3,2,44,744,200,1300723,29,10,27.0,6.0,1,3,0
0xa4c41ae338c6a7c2e33ae0743173715498abcb716cf1eea86286f79c23ff289a,6,0x9c0790eb0f96b16ea1806e20b0d0e21a31dc93bc,0xd6e194af3d9674b62d1b30ec676030c23961275e,2021-05-08 14:20:04+00:00,543666,157270000000,11426386,289958,0,40,,85,2185,2208,0.9895833333333331,179,53,53,1.0,23,315,2045690,12,0xa4c41ae338c6a7c2e33ae0743173715498abcb716cf1eea86286f79c23ff289a,4,2,57,744,200,1300730,29,10,32.0,7.0,2,5,0
0x8b7d07c98bda06f7f0c3b98fcdb8f60110705dac72ca61c30015cc9c30533e65,6,0x587d6fff6b8b13658ca5d70bba6bf8f1417040f3,0xd6e194af3d9674b62d1b30ec676030c23961275e,2021-05-08 14:20:42+00:00,506044,157000001459,8271943,269600,0,9,,77,2186,2209,0.9895880488909008,179,14,14,1.0,9,199,1295108,13,0x8b7d07c98bda06f7f0c3b98fcdb8f60110705dac72ca61c30015cc9c30533e65,2,2,44,744,200,1300735,5,10,27.0,6.0,1,3,0
