transaction_hash,trace_involved_amt,from_address,to_address,block_timestamp,gas,gas_price,receipt_cumulative_gas_used,receipt_gas_used,value,nonce,transaction_type,rn,contract_block_involved,contract_tx_count,contract_block_per_tx,contract_main_active_days,sender_block_involved,sender_tx_count,sender_block_per_tx,sender_main_active_days,sender_lifetime_days,sender_lifetime_block,contract_interact,add_feat_hash,sender_tx_count_call_contract,sender_days_call_contract,trace_amt,distinct_sender_in_contract,contract_lifetime_days,contract_lifetime_block,distinct_contract_sender_called,contract_involved_amt,max_breadth,depth,distinct_was_called_in_sample,distinct_sender_call_in_sample,is_sus
0x69272d8c84d67d1da2f6425b339192fa472898dce936f24818fda415c1c1ff3f,6,0x8efab89b497b887cdaa2fb08ff71e4b3827774b2,0x10c509aa9ab291c76c45414e7cdbd375e1d5ace8,2021-12-21 14:18:15+00:00,10000000,52770827300,14328034,190098,0,2,2.0,1,2,2,1.0,1,3,3,1.0,1,0,25,1,0x69272d8c84d67d1da2f6425b339192fa472898dce936f24818fda415c1c1ff3f,2,1,15,1,0,24,1,5,5.0,4.0,2,1,1
0x77862832fef27eb57c919fb67c515fe870a7790b22a6c80e067cf9a1068f521a,2,0x3e738bef54e64be0c99759e0c77d9c72c5a8666e,0x209156e6da73ba9b5e3304fbe3316f511a5acccd,2021-12-08 03:05:20+00:00,234957,98337549796,5814923,153224,0,1420,2.0,129,22,22,1.0,12,1232,1531,0.8047028086218156,126,171,1089589,1,0x77862832fef27eb57c919fb67c515fe870a7790b22a6c80e067cf9a1068f521a,22,12,5,1,164,1044816,136,5,2.0,2.0,1,3,0
0xd9c1dcd63eb69352d4ff0a04b140061d7fa6b7b76c02e4b1e8e3c669ba18cc02,1,0x3e738bef54e64be0c99759e0c77d9c72c5a8666e,0x3a84ad5d16adbe566baa6b3dafe39db3d5e261e5,2021-12-08 03:06:44+00:00,192384,95928952223,10241497,128256,0,1421,2.0,128,12,12,1.0,5,1233,1532,0.8048302872062663,126,171,1089595,1,0xd9c1dcd63eb69352d4ff0a04b140061d7fa6b7b76c02e4b1e8e3c669ba18cc02,1,1,1,2,97,613690,137,2,,,1,0,0
0xbe176ec175790132808f1db67158c1ac755a150582c037e5543f6433501655fc,3,0xea77012cc81d9fe7ab740fc64fccace238181c3d,0xc9f27a50f82571c1c8423a42970613b8dbda14ef,2021-11-23 15:03:34+00:00,284239,115099248499,1292001,178303,0,104,2.0,250,1444,1480,0.9756756756756756,70,116,117,0.9914529914529914,36,130,834099,1,0xbe176ec175790132808f1db67158c1ac755a150582c037e5543f6433501655fc,1,1,12,884,82,522849,46,7,5.0,3.0,1,3,0
0xebac64339f240cf49205980fc0a733c567858517852230077da51c4503d1ed31,2,0xea77012cc81d9fe7ab740fc64fccace238181c3d,0xc9f27a50f82571c1c8423a42970613b8dbda14ef,2021-11-23 15:06:57+00:00,140926,129241429256,11576679,88853,0,105,2.0,249,1445,1481,0.975692099932478,70,117,118,0.9915254237288136,36,130,834115,2,0xebac64339f240cf49205980fc0a733c567858517852230077da51c4503d1ed31,2,1,8,884,82,522865,46,7,4.0,3.0,1,3,0
0x569d10f44a01cfc72a8f2f3d6b19417781160994b226c8008ae1ef2193e3a3f2,2,0x0499709b8732b218be8e82f73d8c3b01cebcdeaa,0xc9f27a50f82571c1c8423a42970613b8dbda14ef,2021-11-23 17:30:24+00:00,140926,109847680213,13987815,88853,0,89,2.0,248,1446,1482,0.9757085020242914,70,106,111,0.954954954954955,36,224,1437414,3,0x569d10f44a01cfc72a8f2f3d6b19417781160994b226c8008ae1ef2193e3a3f2,2,2,8,884,82,523493,34,7,4.0,3.0,1,3,0
0x12d2a21e9cd887625df3adf48c8c7803f017b1db1f1678930a899c7f661c6cd0,3,0x57e648f095dc7d8b26e97dfd1d03be8d7fbfbf71,0xc9f27a50f82571c1c8423a42970613b8dbda14ef,2021-11-23 22:41:25+00:00,152878,107600806171,6700196,101351,0,1280,2.0,247,1447,1483,0.9757248819959542,70,1318,1381,0.9543808834178132,230,510,3299164,4,0x12d2a21e9cd887625df3adf48c8c7803f017b1db1f1678930a899c7f661c6cd0,3,3,6,884,82,524857,365,4,4.0,1.0,1,2,0
0xe04141660663a4d47a0728f202f0c0dc6ceaf314e30ee24311a9609263d8d4bf,3,0x93ab7580493da8e78a31c31250d3c5524b7ffd0e,0xc9f27a50f82571c1c8423a42970613b8dbda14ef,2021-11-24 10:10:38+00:00,126840,77628141259,1280889,84263,0,612,2.0,246,1448,1484,0.9757412398921832,71,578,631,0.9160063391442154,151,1015,6461621,5,0xe04141660663a4d47a0728f202f0c0dc6ceaf314e30ee24311a9609263d8d4bf,3,2,6,884,83,527918,196,4,4.0,1.0,1,2,0
0xcd67000de32ca2ce15d84befa6a96a5ca17c91646f4759822ed0d61dffff66e8,3,0xdb47eb5d158a0161108e5a91543ea473d500db2f,0xc9f27a50f82571c1c8423a42970613b8dbda14ef,2021-11-24 12:19:07+00:00,284239,89121433439,5347592,183103,0,594,2.0,245,1449,1485,0.9757575757575756,71,507,619,0.8190630048465266,74,447,2889579,6,0xcd67000de32ca2ce15d84befa6a96a5ca17c91646f4759822ed0d61dffff66e8,1,1,12,885,83,528501,100,7,5.0,3.0,1,3,0
0xe555bb055ba1dbb33695668ee993b00429d9c475859e8b3213069bc70d771c65,2,0xdb47eb5d158a0161108e5a91543ea473d500db2f,0xc9f27a50f82571c1c8423a42970613b8dbda14ef,2021-11-24 12:26:46+00:00,140908,82914007625,6645427,88841,0,595,2.0,244,1450,1486,0.9757738896366084,71,508,620,0.8193548387096774,74,447,2889611,7,0xe555bb055ba1dbb33695668ee993b00429d9c475859e8b3213069bc70d771c65,2,1,8,885,83,528533,100,7,4.0,3.0,1,3,0
0x018320dec87ef35919ae2f454b372f82e22721eb3c7a18b8dfc3d99dd4bf3069,2,0x0841f5c18af6e25171970388c9f82a9a76a5564a,0xc9f27a50f82571c1c8423a42970613b8dbda14ef,2021-11-24 13:47:34+00:00,140926,92576542644,9899155,88853,0,39,2.0,243,1451,1487,0.975790181573638,71,49,50,0.98,14,60,382038,8,0x018320dec87ef35919ae2f454b372f82e22721eb3c7a18b8dfc3d99dd4bf3069,2,2,8,885,83,528861,24,7,4.0,3.0,1,3,0
0xe34983f87cea46d920fbc52fc6dc3d0a2b2ef733094d20caf16210241ad7af38,2,0x4721a43133d1a13f3651a415b68f81e73edb5dc6,0xc9f27a50f82571c1c8423a42970613b8dbda14ef,2021-11-24 18:52:18+00:00,166558,101519500594,15168617,110741,0,544,2.0,242,1452,1488,0.9758064516129032,71,553,576,0.9600694444444444,115,328,2114566,9,0xe34983f87cea46d920fbc52fc6dc3d0a2b2ef733094d20caf16210241ad7af38,12,10,8,885,83,530216,72,7,4.0,3.0,1,3,0
0xa56805fa481bf77b78addf14232bc1af8cbdaa16fc4038243c5cb25b7f2b73cd,2,0xf8abd7383110aebda2976bdcb236643699e7ba9c,0xc9f27a50f82571c1c8423a42970613b8dbda14ef,2021-11-24 21:15:00+00:00,140926,152456402526,9752765,88853,0,275,2.0,241,1453,1489,0.9758226997985224,71,274,290,0.9448275862068964,64,337,2178658,10,0xa56805fa481bf77b78addf14232bc1af8cbdaa16fc4038243c5cb25b7f2b73cd,2,2,8,885,83,530822,57,7,4.0,3.0,1,3,0
0x139e5f958e5878d8d8fdc3203589dc181b755de6d4abcb25e7fe04153a93e2d3,2,0x2e7182c1648e31b661b3716caadae5401459334d,0xc9f27a50f82571c1c8423a42970613b8dbda14ef,2021-11-25 00:03:15+00:00,140908,130365533761,3995363,93641,0,139,2.0,240,1454,1490,0.9758389261744966,72,134,149,0.8993288590604027,34,92,587522,11,0x139e5f958e5878d8d8fdc3203589dc181b755de6d4abcb25e7fe04153a93e2d3,2,2,8,885,84,531549,46,7,4.0,3.0,1,3,0
0xebfef5bf2447149430659db8cdd732e3316e1affcb89c55af77738632addd623,2,0x318ca888e675ae7f0252803b68f23768866509ae,0xc9f27a50f82571c1c8423a42970613b8dbda14ef,2021-11-25 06:18:28+00:00,140926,137513506991,7512488,88853,0,35,2.0,239,1455,1491,0.9758551307847082,72,35,41,0.8536585365853658,14,246,1581577,12,0xebfef5bf2447149430659db8cdd732e3316e1affcb89c55af77738632addd623,2,2,8,885,84,533192,16,7,4.0,3.0,1,3,0
0x3f029cb695f3efc61d3aef2aa170a88ff51704fde1eea54921687ba3eb6977d6,2,0x643a6b677d7b82374de4e269b275c6bc5044e696,0xc9f27a50f82571c1c8423a42970613b8dbda14ef,2021-11-25 07:54:30+00:00,140890,147850487653,8788418,93629,0,516,2.0,238,1456,1492,0.9758713136729222,72,506,552,0.9166666666666666,159,1436,8916783,13,0x3f029cb695f3efc61d3aef2aa170a88ff51704fde1eea54921687ba3eb6977d6,2,2,8,885,84,533597,132,7,4.0,3.0,1,3,0
0x20057d33dbfbbd0f56180a4e31a5e608b9dc3f2ddba49b3b1bb305f62f9d9af7,2,0xe4f8288e2e7eaee5ac51dc8a8270715156544246,0xc9f27a50f82571c1c8423a42970613b8dbda14ef,2021-11-25 08:26:03+00:00,140944,110439212601,10381396,88865,0,793,2.0,237,1457,1493,0.9758874748827864,72,721,815,0.8846625766871165,93,1374,8560994,14,0x20057d33dbfbbd0f56180a4e31a5e608b9dc3f2ddba49b3b1bb305f62f9d9af7,5,3,8,885,84,533727,182,7,4.0,3.0,1,3,0
0x04406bba3eaa527ee5b1e1bca7ea446bb5381ed92da56be1e430e2cae3b51d2b,3,0x5b62f7cb26622935ed3b0e0e580f88476fa795d5,0xc9f27a50f82571c1c8423a42970613b8dbda14ef,2021-11-25 09:06:42+00:00,287665,90000000000,10239000,185387,0,43,,236,1458,1494,0.9759036144578312,72,43,49,0.8775510204081632,5,1267,7937547,15,0x04406bba3eaa527ee5b1e1bca7ea446bb5381ed92da56be1e430e2cae3b51d2b,1,1,13,886,84,533897,27,7,5.0,3.0,1,3,0
0x8e228c5dbbb5c9ba25d6a09a40bc8e9d9acfd42ec1a407e3c8087a9f7b401c96,2,0x67f3961d25922673a74f70f7f1a39485e84d9d8e,0xc9f27a50f82571c1c8423a42970613b8dbda14ef,2021-11-25 09:32:57+00:00,140944,98452326802,15569500,88865,0,653,2.0,235,1459,1495,0.9759197324414716,72,704,724,0.9723756906077348,168,1165,7334523,16,0x8e228c5dbbb5c9ba25d6a09a40bc8e9d9acfd42ec1a407e3c8087a9f7b401c96,3,3,8,886,84,534012,140,7,4.0,3.0,1,3,0
0x7ed1baf31150bc5f0595d067bb851f1dea4a0b5245130e946e26a8655213c84a,3,0x473bbc06d7fdb7713d1ed334f8d8096cad6ec3f3,0xc9f27a50f82571c1c8423a42970613b8dbda14ef,2021-11-25 10:04:16+00:00,126840,94015860164,901645,84263,0,3259,2.0,234,1460,1496,0.9759358288770053,72,3107,3310,0.9386706948640484,264,581,3752177,17,0x7ed1baf31150bc5f0595d067bb851f1dea4a0b5245130e946e26a8655213c84a,3,3,6,886,84,534141,451,4,4.0,1.0,1,2,0
0x3e58d2313fc9b660de0688c742a89dcec29ad267081d65f8d3ccdc42d47d2cdf,2,0x6baadd8b3770fc18f0428f25ed50cc00c71e6201,0xc9f27a50f82571c1c8423a42970613b8dbda14ef,2021-11-25 14:32:36+00:00,140926,128782762354,4704543,88853,0,626,2.0,233,1461,1497,0.9759519038076152,72,654,671,0.9746646795827124,150,552,3568708,18,0x3e58d2313fc9b660de0688c742a89dcec29ad267081d65f8d3ccdc42d47d2cdf,16,11,8,886,84,535342,129,7,4.0,3.0,1,3,0
0xa488efbd952c3bb104dcb950cf82ddfb02e2353f7f9dba44e904ffa71227b2cd,3,0x4d03aea34ffefd6af6cc154b3f03501ae083fb92,0xc9f27a50f82571c1c8423a42970613b8dbda14ef,2021-11-25 16:16:26+00:00,126840,138987791356,9405138,84263,0,654,,232,1462,1498,0.9759679572763684,72,653,684,0.9546783625730993,115,297,1912618,19,0xa488efbd952c3bb104dcb950cf82ddfb02e2353f7f9dba44e904ffa71227b2cd,3,3,6,886,84,535795,154,4,4.0,1.0,1,2,0
0x0411a30617de3b92df97705a50ed274164ff770b510cf3fda7f65a3925a51025,2,0xd6f339332204054c927ed4ee72110e560cc2beb8,0xc9f27a50f82571c1c8423a42970613b8dbda14ef,2021-11-25 17:13:49+00:00,166576,126164452981,13047306,105953,0,1733,2.0,231,1463,1499,0.9759839893262174,72,1724,1794,0.9609810479375696,218,356,2300035,20,0x0411a30617de3b92df97705a50ed274164ff770b510cf3fda7f65a3925a51025,5,5,8,886,84,536053,203,7,4.0,3.0,1,3,0
0xa42a5d702200ab69b62f53b9ed09719582ca2f9bc74aed310a4a92350682b140,3,0x5b23dab54350f1511fc7f11ea76d4f86c674f54c,0xc9f27a50f82571c1c8423a42970613b8dbda14ef,2021-11-25 17:15:55+00:00,250977,116188504100,6675079,165728,0,59,2.0,230,1464,1500,0.976,72,62,63,0.984126984126984,4,7,43031,21,0xa42a5d702200ab69b62f53b9ed09719582ca2f9bc74aed310a4a92350682b140,1,1,6,887,84,536068,27,4,4.0,1.0,1,2,0
0xb13408095b9a0c0a642b5280bfee927da302d36d989b28de22564053f49a7442,3,0xed36b17651229475a8eefbb64b706c18aafd4311,0xc9f27a50f82571c1c8423a42970613b8dbda14ef,2021-11-25 19:23:34+00:00,250977,80000000000,18294985,165728,0,755,2.0,229,1465,1501,0.9760159893404396,72,754,790,0.9544303797468354,170,415,2685991,22,0xb13408095b9a0c0a642b5280bfee927da302d36d989b28de22564053f49a7442,1,1,6,888,84,536615,103,4,4.0,1.0,1,2,0
0x83076b3bc2ab90d573b7dfb51f97cdd39753365b9956eb7123acad5ac2917c9b,2,0x5b62f7cb26622935ed3b0e0e580f88476fa795d5,0xc9f27a50f82571c1c8423a42970613b8dbda14ef,2021-11-25 19:56:32+00:00,140908,79000000000,16948169,88841,0,50,,228,1466,1502,0.9760319573901464,72,44,53,0.830188679245283,5,1267,7940418,23,0x83076b3bc2ab90d573b7dfb51f97cdd39753365b9956eb7123acad5ac2917c9b,2,1,8,888,84,536768,27,7,4.0,3.0,1,3,0
0xa7ca1116ad5fe90bda15173f77c6cfc31899d784dcb971f7aabb26f8642a2692,3,0xc50eaaee441566b4ef4f1e3270d19f24223cddf4,0xc9f27a50f82571c1c8423a42970613b8dbda14ef,2021-11-26 14:45:07+00:00,126714,70000000000,13836344,84179,0,6055,,227,1467,1503,0.9760479041916168,73,5619,6200,0.9062903225806452,578,1310,8178872,24,0xa7ca1116ad5fe90bda15173f77c6cfc31899d784dcb971f7aabb26f8642a2692,4,4,6,888,85,541676,457,4,4.0,1.0,1,2,0
0x05e29fa3cc35bb26e04d5de05104410e8f3a905bdf80eb02b563e0a795b69111,3,0xc50eaaee441566b4ef4f1e3270d19f24223cddf4,0xc9f27a50f82571c1c8423a42970613b8dbda14ef,2021-11-26 15:19:56+00:00,126876,70000000000,3899325,79487,0,6056,,226,1468,1504,0.976063829787234,73,5620,6201,0.9063054346073212,578,1310,8179049,25,0x05e29fa3cc35bb26e04d5de05104410e8f3a905bdf80eb02b563e0a795b69111,5,4,6,888,85,541853,457,4,4.0,1.0,1,2,0
0x4ac5dcdfbe5949f24a48edef96ea1ac1ee634c8c0ea7a05f5d341c05ce6f0c9c,2,0x76918841298c0eecf0fe9409cdad3000320666ed,0xc9f27a50f82571c1c8423a42970613b8dbda14ef,2021-11-26 16:11:11+00:00,166576,180152893387,5837208,105953,0,897,2.0,225,1469,1505,0.976079734219269,73,901,938,0.960554371002132,228,516,3337959,26,0x4ac5dcdfbe5949f24a48edef96ea1ac1ee634c8c0ea7a05f5d341c05ce6f0c9c,2,2,8,888,85,542070,290,7,4.0,3.0,1,3,0
0x6eb71a747266f77b9e34a33d6823b28134074373e542566fa0ae44a621398194,3,0xe175b3ef6ac9e0e000f294552d33196523c41067,0xc9f27a50f82571c1c8423a42970613b8dbda14ef,2021-11-26 17:24:56+00:00,287701,119614355985,14333624,185411,0,270,2.0,224,1470,1506,0.9760956175298804,73,347,347,1.0,89,238,1531107,27,0x6eb71a747266f77b9e34a33d6823b28134074373e542566fa0ae44a621398194,1,1,13,889,85,542402,97,7,5.0,3.0,1,3,0
0xa312a6663993746167abe880d6ee6a4af41cb2656a092006383be967114c2fa6,2,0xe175b3ef6ac9e0e000f294552d33196523c41067,0xc9f27a50f82571c1c8423a42970613b8dbda14ef,2021-11-26 17:27:52+00:00,166558,116434671263,10061869,105941,0,271,2.0,223,1471,1507,0.9761114797611148,73,348,348,1.0,89,238,1531119,28,0xa312a6663993746167abe880d6ee6a4af41cb2656a092006383be967114c2fa6,2,1,8,889,85,542414,97,7,4.0,3.0,1,3,0
0xc2f1574afecae51fba8b0f8ad0ce68df1511d712827d0a29bbbd26fa3be0b737,2,0x9a560c3cebb3a8c0f28efcc43f4d12e942f4eed7,0xc9f27a50f82571c1c8423a42970613b8dbda14ef,2021-11-26 18:38:12+00:00,140908,90244790106,20760472,93641,0,4931,2.0,222,1472,1508,0.9761273209549072,73,4545,4984,0.9119181380417334,433,676,4371856,29,0xc2f1574afecae51fba8b0f8ad0ce68df1511d712827d0a29bbbd26fa3be0b737,3,3,8,889,85,542717,575,7,4.0,3.0,1,3,0
0x17aa8c4f2fb56db99b69e7f8a3763c770f3ee50858d6764ae3a3a539a9aa7e36,2,0x311df2479cb6091b26e82390eb472c125df6d4da,0xc9f27a50f82571c1c8423a42970613b8dbda14ef,2021-11-26 19:31:24+00:00,140944,127711659111,2004945,88865,0,20,2.0,221,1473,1509,0.9761431411530817,73,26,26,1.0,5,15,96607,30,0x17aa8c4f2fb56db99b69e7f8a3763c770f3ee50858d6764ae3a3a539a9aa7e36,2,2,8,889,85,542956,15,7,4.0,3.0,1,3,0
0x5175b3a536e2f24052ebc929b8782e8147c462070e01c1e6f3080edc7c02655a,3,0x57e648f095dc7d8b26e97dfd1d03be8d7fbfbf71,0xc9f27a50f82571c1c8423a42970613b8dbda14ef,2021-11-27 00:14:47+00:00,126822,98444849874,7295778,84251,0,1289,2.0,220,1474,1510,0.976158940397351,74,1327,1390,0.9546762589928056,233,514,3318427,31,0x5175b3a536e2f24052ebc929b8782e8147c462070e01c1e6f3080edc7c02655a,4,4,6,889,86,544120,366,4,4.0,1.0,1,2,0
0x8a7b52e33a710a87d6a012240d6afd8cb2ded279fefea79314cd6abed3c0ff7f,3,0xb522bd8a501dfa970c40b57eb76c76256d55758d,0xc9f27a50f82571c1c8423a42970613b8dbda14ef,2021-11-27 03:49:53+00:00,250977,82126562867,18665740,165728,0,482,2.0,219,1475,1511,0.9761747187293184,74,500,514,0.9727626459143968,163,1479,9175305,32,0x8a7b52e33a710a87d6a012240d6afd8cb2ded279fefea79314cd6abed3c0ff7f,1,1,6,890,86,545110,126,4,4.0,1.0,1,2,0
0xa2b723aea39be89da18a5642e5e14d0998431e02ed88edc9ee95f4b2c9d90876,2,0x3b6d869f5f01fd22d9b9bd29fbb2ec3e284306bc,0xc9f27a50f82571c1c8423a42970613b8dbda14ef,2021-11-27 06:47:24+00:00,166558,98315708240,21448257,110741,0,39,2.0,218,1476,1512,0.976190476190476,74,50,50,1.0,20,254,1633435,33,0xa2b723aea39be89da18a5642e5e14d0998431e02ed88edc9ee95f4b2c9d90876,3,3,8,890,86,545915,19,7,4.0,3.0,1,3,0
0xfeda2b4bfe6f3e93d7ee60183aa33971a932ffe1ab0f67ed4fd39a4ea289ec00,2,0xe29bdd620872e4daea7cfd491a39798a1f564915,0xc9f27a50f82571c1c8423a42970613b8dbda14ef,2021-11-27 08:43:00+00:00,166540,105836538390,9799491,110729,0,281,2.0,217,1477,1513,0.9762062128222077,74,293,306,0.957516339869281,89,279,1794032,34,0xfeda2b4bfe6f3e93d7ee60183aa33971a932ffe1ab0f67ed4fd39a4ea289ec00,2,2,8,890,86,546413,58,7,4.0,3.0,1,3,0
0xace9934a20f0eda71936fcea7f9eb853ba12f97db88d9e096b87fd177e0f97f3,3,0x58214ca260a6344c0ca8f465cd33cd516fe5a3f7,0xc9f27a50f82571c1c8423a42970613b8dbda14ef,2021-11-27 09:34:50+00:00,126840,81652397923,1922056,84263,0,257,,216,1478,1514,0.976221928665786,74,252,273,0.9230769230769232,77,229,1470434,35,0xace9934a20f0eda71936fcea7f9eb853ba12f97db88d9e096b87fd177e0f97f3,6,4,6,890,86,546645,78,4,4.0,1.0,1,2,0
0x67d3f99f64d2fecb088a5cd2f452b00fdf60f2ff4fa16fb32fc78e30ac78b8e9,2,0x4e940b46ca0eba37c84e9d8094c5815539559a5c,0xc9f27a50f82571c1c8423a42970613b8dbda14ef,2021-11-27 09:42:43+00:00,140944,78133195751,10986220,88865,0,61,2.0,215,1479,1515,0.9762376237623762,74,88,88,1.0,43,1568,9548197,36,0x67d3f99f64d2fecb088a5cd2f452b00fdf60f2ff4fa16fb32fc78e30ac78b8e9,7,7,8,890,86,546682,28,7,4.0,3.0,1,3,0
0x5fe7e7e3d6ffcf253c4eb41d745df677102de0e5f7bfe6261cdd0fff1b25082e,2,0x35478ca8b342db92a3185998303141e386c08fca,0xc9f27a50f82571c1c8423a42970613b8dbda14ef,2021-11-27 10:55:48+00:00,166576,72301582392,6145133,105953,0,7,2.0,214,1480,1516,0.9762532981530344,74,8,9,0.8888888888888888,5,209,1339926,37,0x5fe7e7e3d6ffcf253c4eb41d745df677102de0e5f7bfe6261cdd0fff1b25082e,2,2,8,890,86,547010,5,7,4.0,3.0,1,3,0
0x866161f192798a61d64af4f20aa4790d329fb82922ee19b99c6a3cdec5d34557,3,0x991f3775c81d6f8331b9a812eda34ea48a7ea76d,0xc9f27a50f82571c1c8423a42970613b8dbda14ef,2021-11-27 12:14:22+00:00,284239,75144021304,5597879,183103,0,279,2.0,213,1481,1517,0.976268951878708,74,303,316,0.9588607594936708,105,460,2974876,38,0x866161f192798a61d64af4f20aa4790d329fb82922ee19b99c6a3cdec5d34557,1,1,12,891,86,547330,112,7,5.0,3.0,1,3,0
0xfbca97b30b214d7c2016f5176eb55c7c0637d437c31410accb2002f7c02e8993,3,0x5ac70fff1eb7872b87fe7d408e2d9aac25149450,0xc9f27a50f82571c1c8423a42970613b8dbda14ef,2021-11-27 13:55:07+00:00,287701,91518364636,10925187,185411,0,403,2.0,212,1482,1518,0.9762845849802372,74,435,445,0.9775280898876404,125,495,3197899,39,0xfbca97b30b214d7c2016f5176eb55c7c0637d437c31410accb2002f7c02e8993,1,1,13,892,86,547732,137,7,5.0,3.0,1,3,0
0x30f14d46d2e49c5fdb1943d69a60988a8349680bba0e74be72b7bad9470ebc52,2,0xf13cfb041a1131ebe76d5284f90f5c2b8844efd3,0xc9f27a50f82571c1c8423a42970613b8dbda14ef,2021-11-27 19:11:13+00:00,140944,70433603281,16758584,88865,0,1192,2.0,211,1483,1519,0.976300197498354,74,1163,1244,0.934887459807074,206,790,5052708,40,0x30f14d46d2e49c5fdb1943d69a60988a8349680bba0e74be72b7bad9470ebc52,3,2,8,892,86,549161,166,7,4.0,3.0,1,3,0
0x2cb63353d05d1a982e90706c6d56bf14338bcdb6cc15d92d5d6e1f5a3699738b,3,0x128b5aec9a39149935c0de26e7c97b0e3f19b0fc,0xc9f27a50f82571c1c8423a42970613b8dbda14ef,2021-11-27 20:11:38+00:00,126840,159164381516,6949175,84263,0,87,2.0,210,1484,1520,0.9763157894736842,74,96,97,0.9896907216494844,25,77,493347,41,0x2cb63353d05d1a982e90706c6d56bf14338bcdb6cc15d92d5d6e1f5a3699738b,4,4,6,892,86,549411,20,4,4.0,1.0,1,2,0
0xa98298617fd9cf8211269bfb8ef73ec1186eec36b0441f2878cabd22107fd593,2,0x643a6b677d7b82374de4e269b275c6bc5044e696,0xc9f27a50f82571c1c8423a42970613b8dbda14ef,2021-11-27 21:11:19+00:00,166558,106242707252,15588247,105941,0,519,2.0,209,1485,1521,0.9763313609467456,74,510,556,0.9172661870503596,160,1438,8932885,42,0xa98298617fd9cf8211269bfb8ef73ec1186eec36b0441f2878cabd22107fd593,3,3,8,892,86,549699,132,7,4.0,3.0,1,3,0
0xd125f63246e4786d423314f9cd949c73cde15e291450490948b0180241a5b650,2,0xd85c72c04d324dc0427cce249727a2946a5e7673,0xc9f27a50f82571c1c8423a42970613b8dbda14ef,2021-11-27 21:36:49+00:00,140944,102641842796,1012191,88865,0,111,2.0,208,1486,1522,0.97634691195795,74,128,128,1.0,48,418,2704208,43,0xd125f63246e4786d423314f9cd949c73cde15e291450490948b0180241a5b650,2,2,8,892,86,549804,43,7,4.0,3.0,1,3,0
0x16cb4c264b9f43a17ea0fbd301aaefa8360acdd7d8f5164115bf62843fd2057c,3,0x923a227366e0e3505af7faf523e35a90611034f1,0xc9f27a50f82571c1c8423a42970613b8dbda14ef,2021-11-27 23:25:35+00:00,126840,124657042418,2457931,84263,0,45,,207,1487,1523,0.9763624425476034,74,49,50,0.98,13,92,590632,44,0x16cb4c264b9f43a17ea0fbd301aaefa8360acdd7d8f5164115bf62843fd2057c,2,2,6,892,86,550276,18,4,4.0,1.0,1,2,0
0x881513280f7f3b3b19d8c0bd49cd5a734bd874647545724e415e4edd756411d4,3,0x923a227366e0e3505af7faf523e35a90611034f1,0xc9f27a50f82571c1c8423a42970613b8dbda14ef,2021-11-27 23:35:04+00:00,126840,84307140476,214522,84263,0,48,,206,1488,1524,0.9763779527559056,74,52,53,0.981132075471698,13,92,590676,45,0x881513280f7f3b3b19d8c0bd49cd5a734bd874647545724e415e4edd756411d4,3,2,6,892,86,550320,19,4,4.0,1.0,1,2,0
0x1664bc89d93abf203cee1e469294d2049358e3c311396b7ed1ae537d7aa4b4ac,2,0x3b6d869f5f01fd22d9b9bd29fbb2ec3e284306bc,0xc9f27a50f82571c1c8423a42970613b8dbda14ef,2021-11-28 00:07:16+00:00,166594,104069073257,7675308,105965,0,43,2.0,205,1489,1525,0.9763934426229508,75,54,54,1.0,21,255,1637990,46,0x1664bc89d93abf203cee1e469294d2049358e3c311396b7ed1ae537d7aa4b4ac,4,4,8,892,87,550470,19,7,4.0,3.0,1,3,0
0xc9461d88303a6829ae12691f6f6a5e0832e62ae50576b0cf44626e9da1fc8976,2,0x26704535531ca6bd8aa22759c88702d2c9a56494,0xc9f27a50f82571c1c8423a42970613b8dbda14ef,2021-11-28 00:12:09+00:00,140944,82749041793,6589688,88865,0,34,2.0,204,1490,1526,0.9764089121887288,75,33,36,0.9166666666666666,16,204,1302506,47,0xc9461d88303a6829ae12691f6f6a5e0832e62ae50576b0cf44626e9da1fc8976,2,2,8,892,87,550493,19,7,4.0,3.0,1,3,0
0x0e4b1c89f566eb3f837813b0eefee03c66c8b26a44b22c64a8cd68b91d2a740d,2,0xf2eb271bd3acae7aead18ff0ec90dae756a645e6,0xc9f27a50f82571c1c8423a42970613b8dbda14ef,2021-11-28 00:36:02+00:00,140908,101325532297,2884186,88841,0,359,2.0,203,1491,1527,0.9764243614931236,75,386,390,0.9897435897435896,132,1430,8879454,48,0x0e4b1c89f566eb3f837813b0eefee03c66c8b26a44b22c64a8cd68b91d2a740d,2,2,8,892,87,550580,84,7,4.0,3.0,1,3,0
0xa5a8469098a48c9f473beab5d74f55ce6c9ccc82fbe594afb20b6a691974d3bf,3,0xe296e6d1cbafb0d3031f2be21d83cbc2faf0bdbf,0xc9f27a50f82571c1c8423a42970613b8dbda14ef,2021-11-28 03:16:14+00:00,126840,87188720070,15248386,84263,0,48,,202,1492,1528,0.9764397905759162,75,51,53,0.9622641509433962,15,130,830659,49,0xa5a8469098a48c9f473beab5d74f55ce6c9ccc82fbe594afb20b6a691974d3bf,2,2,6,892,87,551247,22,4,4.0,1.0,1,2,0
0xe205f86228e813585dd9751558fe7d700288e42da3d6de839d44f1776762e5f2,2,0xc829446abff40215071cb1efe03c35c924265397,0xc9f27a50f82571c1c8423a42970613b8dbda14ef,2021-11-28 03:22:19+00:00,140926,79429683731,10820407,88853,0,118,,201,1493,1529,0.976455199476782,75,136,138,0.9855072463768116,38,1460,9057217,50,0xe205f86228e813585dd9751558fe7d700288e42da3d6de839d44f1776762e5f2,2,2,8,892,87,551275,31,7,4.0,3.0,1,3,0
0x9ed146be7ec79def9442b2a3720999f5909ba7c0d94fbb6fcd324bad5167155c,2,0xd9907cd11d99d21b431fc0a4ef513f3823142b0d,0xc9f27a50f82571c1c8423a42970613b8dbda14ef,2021-11-28 04:47:12+00:00,140908,65708145724,5459938,88841,0,638,2.0,200,1494,1530,0.976470588235294,75,666,669,0.9955156950672645,166,352,2269655,51,0x9ed146be7ec79def9442b2a3720999f5909ba7c0d94fbb6fcd324bad5167155c,2,2,8,892,87,551671,161,7,4.0,3.0,1,3,0
0x014f532886980c33867eb53329bbf247e7c67627edd5f01fc5a9e0ceae3eb6a1,2,0x888f33a3dab20a30f2229a1e96791082c66351fb,0xc9f27a50f82571c1c8423a42970613b8dbda14ef,2021-11-28 06:55:46+00:00,140926,72359167421,2347291,88853,0,81,2.0,199,1495,1531,0.976485956890921,75,115,116,0.9913793103448276,51,1437,8925754,52,0x014f532886980c33867eb53329bbf247e7c67627edd5f01fc5a9e0ceae3eb6a1,3,3,8,892,87,552245,30,7,4.0,3.0,1,3,0
0xb97e9c69128925e9655da940ebf41e3fafc1eaacb84db5365a6e0eab3cc08ed7,2,0x07072655d52d7a6d5380e6afd1927598cddda629,0xc9f27a50f82571c1c8423a42970613b8dbda14ef,2021-11-28 09:23:17+00:00,140944,70874870386,14604035,88865,0,152,2.0,198,1496,1532,0.9765013054830288,75,177,180,0.9833333333333332,85,1627,9825240,53,0xb97e9c69128925e9655da940ebf41e3fafc1eaacb84db5365a6e0eab3cc08ed7,3,2,8,892,87,552877,57,7,4.0,3.0,1,3,0
0xbf14abaffb102b8c0205d917f64bf08ba59974cc560732c88155c82987ff1554,3,0x7f4193f4bade69eaf86b5d5c478b8781eb4347c0,0xc9f27a50f82571c1c8423a42970613b8dbda14ef,2021-11-28 13:32:29+00:00,126840,78678370831,27442831,84263,0,103,,197,1497,1533,0.9765166340508806,75,119,120,0.9916666666666668,61,1394,8680611,54,0xbf14abaffb102b8c0205d917f64bf08ba59974cc560732c88155c82987ff1554,5,5,6,892,87,553970,26,4,4.0,1.0,1,2,0
0xa2ebd7b94f26c0ba4ac0dd98d1bdb678405e0e4ed4349dabc3f5373d28369a24,2,0x71c2cf4877c991f5b7047636c8ebc04408a8312d,0xc9f27a50f82571c1c8423a42970613b8dbda14ef,2021-11-28 16:06:12+00:00,140926,134291682832,21425664,88853,0,519,2.0,196,1498,1534,0.9765319426336376,75,540,549,0.9836065573770492,132,446,2880166,55,0xa2ebd7b94f26c0ba4ac0dd98d1bdb678405e0e4ed4349dabc3f5373d28369a24,2,2,8,892,87,554651,133,7,4.0,3.0,1,3,0
0xf5fbe7edd74b7b3d53975a4e1a3d3c9925e1eabc993415cdc7b6535b71479e62,3,0xa6b274cfd3910764bc3729ad8e1d03d285b18938,0xc9f27a50f82571c1c8423a42970613b8dbda14ef,2021-11-28 16:57:38+00:00,126840,95132328786,12246842,84263,0,22,2.0,195,1499,1535,0.9765472312703583,75,28,31,0.9032258064516128,9,81,517900,56,0xf5fbe7edd74b7b3d53975a4e1a3d3c9925e1eabc993415cdc7b6535b71479e62,4,3,6,892,87,554873,8,4,4.0,1.0,1,2,0
0x360891b8a8515daa0d303f14904b04ff6e068f5eb44331a7cdfe8d07619e954e,3,0xf04752fce08d4dd38d138ad3da8811d43f505ac8,0xc9f27a50f82571c1c8423a42970613b8dbda14ef,2021-11-28 17:24:15+00:00,152896,116613906990,4837475,101363,0,17,2.0,194,1500,1536,0.9765625,75,22,22,1.0,8,81,518066,57,0x360891b8a8515daa0d303f14904b04ff6e068f5eb44331a7cdfe8d07619e954e,3,3,6,892,87,554984,9,4,4.0,1.0,1,2,0
0x72be9e166d084598db23b6f23319eb6244e352548c27592eecedd8f539d1845b,2,0xaa0870435a65202c6889fdf60696e3aa14de6e3b,0xc9f27a50f82571c1c8423a42970613b8dbda14ef,2021-11-28 18:04:11+00:00,140926,144560118420,3756371,88853,0,62,2.0,193,1501,1537,0.9765777488614183,75,55,66,0.8333333333333333,17,264,1697355,58,0x72be9e166d084598db23b6f23319eb6244e352548c27592eecedd8f539d1845b,2,2,8,892,87,555163,23,7,4.0,3.0,1,3,0
0xcca196555966163da1c7d60c15c28ec1094c5ec177ca27004e4fb72f3fa9b813,3,0x1401528d8bc0031090d872ab9a92d95ec2ddac44,0xc9f27a50f82571c1c8423a42970613b8dbda14ef,2021-11-29 00:44:49+00:00,126858,113007955889,18799905,84275,0,471,2.0,192,1502,1538,0.976592977893368,76,473,506,0.9347826086956522,108,343,2209048,59,0xcca196555966163da1c7d60c15c28ec1094c5ec177ca27004e4fb72f3fa9b813,2,2,6,892,88,556888,84,4,4.0,1.0,1,2,0
0x65eafb4101c149d69db107be8ef2ed47672edded92c1a5ff63724a81db5e902a,3,0x701a85bc65b8adbf90a7860195750696c1c40b38,0xc9f27a50f82571c1c8423a42970613b8dbda14ef,2021-11-29 02:01:01+00:00,250977,95000000000,7472327,165728,0,3,,191,1503,1539,0.9766081871345028,76,5,5,1.0,1,0,216,60,0x65eafb4101c149d69db107be8ef2ed47672edded92c1a5ff63724a81db5e902a,1,1,6,893,88,557229,4,4,4.0,1.0,1,2,0
0x8f92a3b392cd4e419ebf02852646718e500eec4ea070f33f0773a022472fd9cc,3,0x49a216d58dc65db1db92405ebdc48fdf945db991,0xc9f27a50f82571c1c8423a42970613b8dbda14ef,2021-11-29 08:22:07+00:00,287701,85258777318,10602780,185411,0,861,2.0,190,1504,1540,0.9766233766233766,76,1023,1029,0.9941690962099125,380,2291,13580717,61,0x8f92a3b392cd4e419ebf02852646718e500eec4ea070f33f0773a022472fd9cc,1,1,13,894,88,558829,138,7,5.0,3.0,1,3,0
0x6c42beb92ee75a071fc0df11e6ca51b706911f32706586f5798dec79d1248964,3,0x0e775598456ded6f5c3d123fbfc094db0b08a4f6,0xc9f27a50f82571c1c8423a42970613b8dbda14ef,2021-11-29 13:02:25+00:00,126822,74777953470,12505513,84251,0,305,2.0,189,1505,1541,0.9766385463984426,76,319,326,0.9785276073619632,106,324,2087866,62,0x6c42beb92ee75a071fc0df11e6ca51b706911f32706586f5798dec79d1248964,2,2,6,894,88,560071,127,4,4.0,1.0,1,2,0
0xd22f5cd838798a66b646bdc8b96b3f34995e457c2e3c0ed25de87c32f5877315,2,0xfe99cb7011e55f1dd8c376f9134e24ef8a10b14d,0xc9f27a50f82571c1c8423a42970613b8dbda14ef,2021-11-29 13:45:41+00:00,166576,115000000000,2135110,105953,0,784,2.0,188,1506,1542,0.9766536964980544,76,803,803,1.0,261,534,3451470,63,0xd22f5cd838798a66b646bdc8b96b3f34995e457c2e3c0ed25de87c32f5877315,4,4,8,894,88,560253,172,7,4.0,3.0,1,3,0
0xecb716338b3ec4ebd72309becff056e29f6abf61962e31e0dee266556ac0955e,2,0xb890a476fb4a6f55eb66914ce0b4f1b98c601f68,0xc9f27a50f82571c1c8423a42970613b8dbda14ef,2021-11-29 15:12:05+00:00,166558,157949661728,17218651,110741,0,867,2.0,187,1507,1543,0.9766688269604666,76,886,931,0.9516648764769065,189,1398,8704300,64,0xecb716338b3ec4ebd72309becff056e29f6abf61962e31e0dee266556ac0955e,4,4,8,894,88,560629,159,7,4.0,3.0,1,3,0
0x8fcb590769d4d02a82b75f0216989b8dedc06d9a3c72b0ca8366cab7747dfdba,3,0xf393cfda7d842acdf1806d132b6f4e4363161817,0xc9f27a50f82571c1c8423a42970613b8dbda14ef,2021-11-29 17:25:39+00:00,250977,133593817957,1770242,165728,0,31,2.0,186,1508,1544,0.9766839378238342,76,31,33,0.9393939393939394,14,117,749194,65,0x8fcb590769d4d02a82b75f0216989b8dedc06d9a3c72b0ca8366cab7747dfdba,1,1,6,895,88,561180,22,4,4.0,1.0,1,2,0
0x2beab70faac9c99eac61618f21811eea102434bcb80e8a1cdb6d95830c7ba57f,2,0xc0618e67dcad60e14f810912eed85ec4cb02530e,0xc9f27a50f82571c1c8423a42970613b8dbda14ef,2021-11-30 09:34:58+00:00,166594,96224513832,14830854,105965,0,28,2.0,185,1509,1545,0.9766990291262136,77,37,37,1.0,11,89,568713,66,0x2beab70faac9c99eac61618f21811eea102434bcb80e8a1cdb6d95830c7ba57f,5,5,8,895,89,565333,8,7,4.0,3.0,1,3,0
0xdf8364adbb1b470ee31899751e32fbeaf7db103376f0b1198beb17df71a8c772,2,0x11d0cb5c690bc838efc52c621f6b48040dd000f7,0xc9f27a50f82571c1c8423a42970613b8dbda14ef,2021-11-30 11:29:27+00:00,166522,87570387061,7959882,110717,0,3127,2.0,184,1510,1546,0.9767141009055628,77,2913,3174,0.9177693761814744,338,651,4208443,67,0xdf8364adbb1b470ee31899751e32fbeaf7db103376f0b1198beb17df71a8c772,3,3,8,895,89,565813,478,7,4.0,3.0,1,3,0
0xe52f9585687e1f91476eb1d77c3d1ef83864b717cf2e6cca8d12d362c0abe089,3,0xcf17566bd328e4609b7e650a5354eca1328ddc16,0xc9f27a50f82571c1c8423a42970613b8dbda14ef,2021-11-30 12:13:01+00:00,287701,89362804291,11908519,185411,0,272,2.0,183,1511,1547,0.9767291531997414,77,272,290,0.9379310344827586,82,453,2929231,68,0xe52f9585687e1f91476eb1d77c3d1ef83864b717cf2e6cca8d12d362c0abe089,1,1,13,896,89,565999,93,7,5.0,3.0,1,3,0
0x987074b45c75364912e7045408b11bb490a6bcc85417ddd8c26064b4edb9c680,2,0xcf17566bd328e4609b7e650a5354eca1328ddc16,0xc9f27a50f82571c1c8423a42970613b8dbda14ef,2021-11-30 12:18:44+00:00,166576,84930163175,1199398,105953,0,273,2.0,182,1512,1548,0.9767441860465116,77,273,291,0.9381443298969072,82,453,2929258,69,0x987074b45c75364912e7045408b11bb490a6bcc85417ddd8c26064b4edb9c680,2,1,8,896,89,566026,93,7,4.0,3.0,1,3,0
0xeee4176ad6253d9eeceb7f661301de364b8e47522cf3a2ae5117c734bf556357,2,0x006d0f31a00e1f9c017ab039e9d0ba699433a28c,0xc9f27a50f82571c1c8423a42970613b8dbda14ef,2021-11-30 15:05:27+00:00,140890,107391467938,11036861,88829,0,693,2.0,181,1513,1549,0.9767591994835376,77,684,729,0.9382716049382716,165,1624,9813632,70,0xeee4176ad6253d9eeceb7f661301de364b8e47522cf3a2ae5117c734bf556357,2,2,8,896,89,566765,179,7,4.0,3.0,1,3,0
0x816559ee9712ed1f5e5bcd385a22d94ab10aa1d6ad72302e7e7b802d7f764329,2,0x0fda32b8144e206c78b6baa3d6826ae8574ec263,0xc9f27a50f82571c1c8423a42970613b8dbda14ef,2021-11-30 16:56:23+00:00,140944,128902899819,15480395,88865,0,389,2.0,180,1514,1550,0.9767741935483872,77,401,402,0.9975124378109452,126,349,2248840,71,0x816559ee9712ed1f5e5bcd385a22d94ab10aa1d6ad72302e7e7b802d7f764329,2,2,8,896,89,567252,111,7,4.0,3.0,1,3,0
0xd361e07b72c8d29331ccd4b8ed4ef2ef2ee695420f888bda13ff96d762aa4bc2,2,0x94bd1bd3c8abbc52b29668a65930d4575fa4caac,0xc9f27a50f82571c1c8423a42970613b8dbda14ef,2021-11-30 17:24:31+00:00,140926,75781757855,9782909,88853,0,476,2.0,179,1515,1551,0.97678916827853,77,502,523,0.959847036328872,128,463,2991551,72,0xd361e07b72c8d29331ccd4b8ed4ef2ef2ee695420f888bda13ff96d762aa4bc2,2,2,8,896,89,567393,131,7,4.0,3.0,1,3,0
0xdeb7417cc278c21783d01765f6fb2993710ae75223751349e095bb45d2a372d0,2,0xad492e78ea607f1ccf1cefaa7ee37871932b1d02,0xc9f27a50f82571c1c8423a42970613b8dbda14ef,2021-12-01 01:23:06+00:00,166576,116751927679,9901282,105953,0,1136,,178,1516,1552,0.97680412371134,78,1182,1214,0.973640856672158,208,1635,9870262,73,0xdeb7417cc278c21783d01765f6fb2993710ae75223751349e095bb45d2a372d0,3,3,8,896,90,569507,226,7,4.0,3.0,1,3,0
0x4879063c6025f59bbe88d48e8b18f83c36176bd597cf0b6e26611c02a3138f94,2,0xfc3a1fd0c90416912ac76b868a3155bd977cb505,0xc9f27a50f82571c1c8423a42970613b8dbda14ef,2021-12-01 01:57:27+00:00,140926,124145717880,25086609,88853,0,189,2.0,177,1517,1553,0.9768190598840952,78,218,220,0.990909090909091,62,426,2751138,74,0x4879063c6025f59bbe88d48e8b18f83c36176bd597cf0b6e26611c02a3138f94,2,2,8,896,90,569660,38,7,4.0,3.0,1,3,0
0x7a974fe84914001af80be9d886991af3f47ab426a0663faadb106db7bfdc9d0f,3,0xd8047842874e3be4a1155ad052dbd5395d3a154f,0xc9f27a50f82571c1c8423a42970613b8dbda14ef,2021-12-01 12:33:48+00:00,126840,100477676422,8835034,84263,0,11,2.0,176,1518,1554,0.9768339768339768,78,14,14,1.0,4,82,524455,75,0x7a974fe84914001af80be9d886991af3f47ab426a0663faadb106db7bfdc9d0f,2,2,6,896,90,572398,9,4,4.0,1.0,1,2,0
0x286311bcabed60330343045c89661aa2170b2886f10bdfe9f760871b3c451604,3,0x23c2aa52895d15d5ba51f3f3b588a8d4f13d6af3,0xc9f27a50f82571c1c8423a42970613b8dbda14ef,2021-12-01 22:02:29+00:00,250959,155270500136,1139939,165716,0,278,2.0,175,1519,1555,0.9768488745980708,78,284,294,0.965986394557823,86,272,1750296,76,0x286311bcabed60330343045c89661aa2170b2886f10bdfe9f760871b3c451604,1,1,6,897,90,574884,87,4,4.0,1.0,1,2,0
0x6cf4fda853a16020594fc1fa01ff56582da96ab691cbfbf5b0f0ae4d8d1d76e6,3,0x4a84a23c377774aa71983b7713846594545f9054,0xc9f27a50f82571c1c8423a42970613b8dbda14ef,2021-12-02 00:08:22+00:00,287683,190811001449,11741482,185399,0,62,2.0,174,1520,1556,0.9768637532133676,79,76,77,0.987012987012987,26,257,1647094,77,0x6cf4fda853a16020594fc1fa01ff56582da96ab691cbfbf5b0f0ae4d8d1d76e6,1,1,13,898,91,575433,24,7,5.0,3.0,1,3,0
0x66cf96897876855d9d6959992f51b7f2c99ea6c0abf0b6b3c2ffff95e1a830b6,2,0x4a84a23c377774aa71983b7713846594545f9054,0xc9f27a50f82571c1c8423a42970613b8dbda14ef,2021-12-02 00:09:50+00:00,140926,201299205571,3790437,88853,0,63,2.0,173,1521,1557,0.976878612716763,79,77,78,0.9871794871794872,26,257,1647098,78,0x66cf96897876855d9d6959992f51b7f2c99ea6c0abf0b6b3c2ffff95e1a830b6,2,1,8,898,91,575437,24,7,4.0,3.0,1,3,0
0x181514d434fd040fa156850abebd4ac5ee8d6a768e39b1795f0d12b9401c1c92,3,0x6dea2c277a16ca37816332800d5ecc2eec008ba3,0xc9f27a50f82571c1c8423a42970613b8dbda14ef,2021-12-02 05:54:36+00:00,284239,88702559474,4579741,183103,0,37,2.0,172,1522,1558,0.9768934531450578,79,44,44,1.0,18,174,1112904,79,0x181514d434fd040fa156850abebd4ac5ee8d6a768e39b1795f0d12b9401c1c92,1,1,12,899,91,576966,22,7,5.0,3.0,1,3,0
0x56a465e3820b98d9798099d84e1c2dd430945ba36794db4714e00ab58f29fe8f,3,0xc149d68d58b83cb2c612f882bbc0eb3b2b473a9a,0xc9f27a50f82571c1c8423a42970613b8dbda14ef,2021-12-02 13:15:01+00:00,287701,98000000000,5772280,185411,0,487,2.0,171,1523,1559,0.9769082745349584,79,573,596,0.9614093959731544,151,607,3919547,80,0x56a465e3820b98d9798099d84e1c2dd430945ba36794db4714e00ab58f29fe8f,1,1,13,900,91,578849,116,7,5.0,3.0,1,3,0
0xe98d088492ecb9abdbf194b697f5c21cfe99a9b99379d4e080226d2f8a135f9d,3,0x5bffcd8f4809e29bcace4c9c21e0c3b6963ecec1,0xc9f27a50f82571c1c8423a42970613b8dbda14ef,2021-12-02 14:51:55+00:00,250977,102552615958,7423645,165728,0,343,2.0,170,1524,1560,0.9769230769230768,79,335,361,0.92797783933518,113,278,1788039,81,0xe98d088492ecb9abdbf194b697f5c21cfe99a9b99379d4e080226d2f8a135f9d,1,1,6,901,91,579272,82,4,4.0,1.0,1,2,0
0xa30a91bc41cb39e1035821857fbb027ca483fe65524ef8a427705547c6333f3c,2,0x372e58859dcae9fb5260b63bda602558afc84dc7,0xc9f27a50f82571c1c8423a42970613b8dbda14ef,2021-12-02 17:15:44+00:00,166576,139246579893,4096945,105953,0,122,2.0,169,1525,1561,0.976937860345932,79,134,137,0.978102189781022,52,257,1653630,82,0xa30a91bc41cb39e1035821857fbb027ca483fe65524ef8a427705547c6333f3c,3,3,8,901,91,579897,42,7,4.0,3.0,1,3,0
0x2a0cd914addfe2b31c395a00d3267065ffeaf607b1e1e6082a7d5ea27708217d,3,0x676f3d2c9f5776e09d23986adc6684fb41e9000e,0xc9f27a50f82571c1c8423a42970613b8dbda14ef,2021-12-02 17:16:16+00:00,126822,101403969744,6697945,84251,0,971,2.0,168,1526,1562,0.9769526248399488,79,919,1029,0.8931000971817297,220,1403,8735363,83,0x2a0cd914addfe2b31c395a00d3267065ffeaf607b1e1e6082a7d5ea27708217d,4,4,6,901,91,579904,225,4,4.0,1.0,1,2,0
0x3d931ac95bc7f39cc6837a415c2ccd9cef38a0b6d3e05cc7c762827aa12f271f,3,0x701a85bc65b8adbf90a7860195750696c1c40b38,0xc9f27a50f82571c1c8423a42970613b8dbda14ef,2021-12-03 00:48:55+00:00,126876,76000000000,5652056,79487,0,5,,167,1527,1563,0.9769673704414588,80,8,8,1.0,3,4,24851,84,0x3d931ac95bc7f39cc6837a415c2ccd9cef38a0b6d3e05cc7c762827aa12f271f,2,2,6,901,92,581864,4,4,4.0,1.0,1,2,0
0xe48704d51122e2ba921c560c81b01c40c56060372f951e40239f43894bf77a1b,2,0x03464270367d233f970d1c6d60dea3defc37df2c,0xc9f27a50f82571c1c8423a42970613b8dbda14ef,2021-12-03 03:15:09+00:00,140908,70643845372,15482651,88841,0,284,2.0,166,1528,1564,0.9769820971867008,80,310,322,0.9627329192546584,95,368,2370337,85,0xe48704d51122e2ba921c560c81b01c40c56060372f951e40239f43894bf77a1b,2,2,8,901,92,582503,74,7,4.0,3.0,1,3,0
0xe5fbb6a4f59882d8b907ec132c01f879d028c5a5743d42297d05268588ea77d0,3,0x1128cdb6df17e282ce448e7770d0f02ce1299e1a,0xc9f27a50f82571c1c8423a42970613b8dbda14ef,2021-12-03 10:20:21+00:00,287701,61377427805,13782101,185411,0,253,2.0,165,1529,1565,0.976996805111821,80,286,292,0.9794520547945204,74,250,1605590,86,0xe5fbb6a4f59882d8b907ec132c01f879d028c5a5743d42297d05268588ea77d0,1,1,13,902,92,584351,58,7,5.0,3.0,1,3,0
0x83fbce3a71a079a1e9b0bb156596060e9169bc23f3973ff4dcf51238b1f2d0a5,2,0x6dea2c277a16ca37816332800d5ecc2eec008ba3,0xc9f27a50f82571c1c8423a42970613b8dbda14ef,2021-12-03 12:26:19+00:00,140908,69281713092,17405723,88841,0,40,2.0,164,1530,1566,0.9770114942528736,80,47,47,1.0,19,175,1120849,87,0x83fbce3a71a079a1e9b0bb156596060e9169bc23f3973ff4dcf51238b1f2d0a5,2,2,8,902,92,584911,22,7,4.0,3.0,1,3,0
0xc6e254a56db1c4b5e8642dd9423bb2657a21b50005f7e9e33dc2a4566bc7bc0d,3,0x8cb2f28f7862e95d73f2094b87bb67e2a2aa423c,0xc9f27a50f82571c1c8423a42970613b8dbda14ef,2021-12-03 12:52:17+00:00,284239,94064534298,2356282,183103,0,9,,163,1531,1567,0.97702616464582,80,11,11,1.0,4,213,1366130,88,0xc6e254a56db1c4b5e8642dd9423bb2657a21b50005f7e9e33dc2a4566bc7bc0d,1,1,12,903,92,585018,8,7,5.0,3.0,1,3,0
0x962e12ec37aea36d52dc5ae7e9df25411e892ed11a72e986ac9fab7fadacda2d,3,0xb0a6f90f11c5ae94e30476a7534191194492a91b,0xc9f27a50f82571c1c8423a42970613b8dbda14ef,2021-12-03 14:21:20+00:00,250977,115670513046,1511677,165728,0,282,2.0,162,1532,1568,0.9770408163265306,80,273,284,0.9612676056338028,47,334,2150078,89,0x962e12ec37aea36d52dc5ae7e9df25411e892ed11a72e986ac9fab7fadacda2d,1,1,6,904,92,585385,37,4,4.0,1.0,1,2,0
0x79e6bca118fe1fc3f5779027ba1611d75437c8997312e29a8520b41a91156dab,3,0x311df2479cb6091b26e82390eb472c125df6d4da,0xc9f27a50f82571c1c8423a42970613b8dbda14ef,2021-12-03 14:31:22+00:00,152878,89308504585,5711244,101351,0,24,2.0,161,1533,1569,0.977055449330784,80,31,31,1.0,6,22,139084,90,0x79e6bca118fe1fc3f5779027ba1611d75437c8997312e29a8520b41a91156dab,3,3,6,904,92,585433,16,4,4.0,1.0,1,2,0
0xc3fb406affcb717f6b88d9c9044cd75d3d02d0c022d4b2ed6e2ecb04f256d232,2,0x90abcf1598ed3077861bcfb3b11efcd1d7277223,0xc9f27a50f82571c1c8423a42970613b8dbda14ef,2021-12-03 18:48:33+00:00,140944,98596792925,3892111,88865,0,4244,2.0,160,1534,1570,0.9770700636942676,80,4216,4275,0.9861988304093569,404,486,3143300,91,0xc3fb406affcb717f6b88d9c9044cd75d3d02d0c022d4b2ed6e2ecb04f256d232,2,2,8,904,92,586529,1000,7,4.0,3.0,1,3,0
0xfc960862c1c7b1cb88fd1d1d21b99df7c57ec963572c9e88008340ee1eee2ff3,2,0xcca89d02b1fcb375ba7296c4173ccdd84102cdfa,0xc9f27a50f82571c1c8423a42970613b8dbda14ef,2021-12-04 03:25:29+00:00,140926,86444637960,27016586,88853,0,392,2.0,159,1535,1571,0.977084659452578,81,387,406,0.9532019704433496,96,460,2967418,92,0xfc960862c1c7b1cb88fd1d1d21b99df7c57ec963572c9e88008340ee1eee2ff3,4,4,8,904,93,588828,115,7,4.0,3.0,1,3,0
0x85107d8ecab6ae41b022b721d8b13e4b3ca5063fd4313b054139c193798148a2,2,0x7bc3591a7fb6cfc37ba21c3e0d9c8d6c057d7579,0xc9f27a50f82571c1c8423a42970613b8dbda14ef,2021-12-04 04:08:46+00:00,140944,99095753248,5609463,88865,0,814,2.0,158,1536,1572,0.9770992366412212,81,1117,1183,0.9442096365173288,206,305,1964073,93,0x85107d8ecab6ae41b022b721d8b13e4b3ca5063fd4313b054139c193798148a2,2,2,8,904,93,589025,204,7,4.0,3.0,1,3,0
0x3b6aa4e5fe5652d1b5423a62a40e8b1ad6d251e8fd4f3d0ea7f40fb7ddd3e0cf,2,0x8886dca35291f05ed5d8e21f083998ea8dceb50f,0xc9f27a50f82571c1c8423a42970613b8dbda14ef,2021-12-04 07:40:15+00:00,140890,204711673928,11822532,93629,0,455,2.0,157,1537,1573,0.9771137952956134,81,454,476,0.953781512605042,104,643,4151437,94,0x3b6aa4e5fe5652d1b5423a62a40e8b1ad6d251e8fd4f3d0ea7f40fb7ddd3e0cf,2,2,8,904,93,589871,123,7,4.0,3.0,1,3,0
0x81bea9725e53222a944da1f09c7b1ccf1c992bb47f12e59bc6b2e4f0719c1c4f,2,0x7da1c8e4db73d8516feb42384b2dfd1ad2063919,0xc9f27a50f82571c1c8423a42970613b8dbda14ef,2021-12-04 11:21:15+00:00,140944,99493187266,7207622,88865,0,37,2.0,156,1538,1574,0.97712833545108,81,40,42,0.9523809523809524,10,455,2938114,95,0x81bea9725e53222a944da1f09c7b1ccf1c992bb47f12e59bc6b2e4f0719c1c4f,2,2,8,904,93,590837,17,7,4.0,3.0,1,3,0
0xd45ef0c623c0ef9a3a66ff1057573437bd3619fde3178b0268c6f1b63c022165,3,0xf2e563f6fbf25cf23dbe57d25287e10339ad3b6f,0xc9f27a50f82571c1c8423a42970613b8dbda14ef,2021-12-04 14:16:39+00:00,284203,105675272734,18666154,183079,0,1328,,155,1539,1575,0.977142857142857,81,1290,1377,0.9368191721132898,166,272,1746698,96,0xd45ef0c623c0ef9a3a66ff1057573437bd3619fde3178b0268c6f1b63c022165,1,1,12,905,93,591573,233,7,5.0,3.0,1,3,0
0x857719af372ba319999532d14d80214f181debd8cc91aeb4355f78dd8f5ad32e,2,0xf2e563f6fbf25cf23dbe57d25287e10339ad3b6f,0xc9f27a50f82571c1c8423a42970613b8dbda14ef,2021-12-04 14:19:23+00:00,140908,115188735271,11660821,88841,0,1329,,154,1540,1576,0.9771573604060912,81,1291,1378,0.936865021770682,166,272,1746709,97,0x857719af372ba319999532d14d80214f181debd8cc91aeb4355f78dd8f5ad32e,2,1,8,905,93,591584,233,7,4.0,3.0,1,3,0
0xa9249fcba0cf4d859b3c098772ba5975c9a6fd0554936d02e1fa2951cfd9530f,3,0x3b6d869f5f01fd22d9b9bd29fbb2ec3e284306bc,0xc9f27a50f82571c1c8423a42970613b8dbda14ef,2021-12-04 21:03:12+00:00,152896,94158838930,13918057,101363,0,57,2.0,153,1541,1577,0.9771718452758402,81,69,69,1.0,24,261,1680862,98,0xa9249fcba0cf4d859b3c098772ba5975c9a6fd0554936d02e1fa2951cfd9530f,5,5,6,905,93,593342,23,4,4.0,1.0,1,2,0
0x06e64db0afb9db48d30f8093d7eab1e6d4e9a56c2e733b6f10ee780afbfc51db,3,0xf7200f7a475b53446a10421dea95299fa9319a85,0xc9f27a50f82571c1c8423a42970613b8dbda14ef,2021-12-05 00:50:48+00:00,287701,106051274534,6353791,185411,0,1923,2.0,152,1542,1578,0.9771863117870722,82,1853,2138,0.8666978484565014,359,1364,8498380,99,0x06e64db0afb9db48d30f8093d7eab1e6d4e9a56c2e733b6f10ee780afbfc51db,1,1,13,906,94,594324,310,7,5.0,3.0,1,3,0
0xd984e558949fb8b51d0f64cc5b2078d2e47f735386bde02674239e232934e415,3,0xd8047842874e3be4a1155ad052dbd5395d3a154f,0xc9f27a50f82571c1c8423a42970613b8dbda14ef,2021-12-05 02:27:37+00:00,126840,91278527699,8082232,84263,0,24,2.0,151,1543,1579,0.9772007599746674,82,27,28,0.9642857142857144,8,86,546783,100,0xd984e558949fb8b51d0f64cc5b2078d2e47f735386bde02674239e232934e415,3,3,6,906,94,594726,13,4,4.0,1.0,1,2,0
0x86eb56b53e80d2d8b9926d087b806b8ca572b7ca48bacca6f256253367f501e0,2,0x4b5c73e1bc32cea2f77a0ce104e3e9c81b0c850f,0xc9f27a50f82571c1c8423a42970613b8dbda14ef,2021-12-05 05:32:13+00:00,140926,77216090863,12217601,88853,0,236,2.0,150,1544,1580,0.9772151898734176,82,236,240,0.9833333333333332,98,1572,9580274,101,0x86eb56b53e80d2d8b9926d087b806b8ca572b7ca48bacca6f256253367f501e0,2,2,8,906,94,595538,74,7,4.0,3.0,1,3,0
0x75925ac1d19e0301f3536cd1014962b6a7d54b80c84a2edc98c39409ceb6f604,3,0xbee69512353f6978e317cacde4d055b4a6ecfe50,0xc9f27a50f82571c1c8423a42970613b8dbda14ef,2021-12-05 09:23:45+00:00,287701,80122806861,11155764,185411,0,299,2.0,149,1545,1581,0.9772296015180264,82,390,394,0.9898477157360404,168,1450,9002296,102,0x75925ac1d19e0301f3536cd1014962b6a7d54b80c84a2edc98c39409ceb6f604,1,1,13,907,94,596562,83,7,5.0,3.0,1,3,0
0x0423395a552708a8b4cc70dbfc57df9b5852821d830f48cc4f76475973194b31,3,0x676f3d2c9f5776e09d23986adc6684fb41e9000e,0xc9f27a50f82571c1c8423a42970613b8dbda14ef,2021-12-05 10:44:40+00:00,126822,60185134660,15110637,84251,0,977,2.0,148,1546,1582,0.97724399494311,82,925,1035,0.893719806763285,222,1406,8752388,103,0x0423395a552708a8b4cc70dbfc57df9b5852821d830f48cc4f76475973194b31,5,5,6,907,94,596929,226,4,4.0,1.0,1,2,0
0xe6309d2f5ecb6c28233c59949a1301ea32a0688bf4e7bd62a8f4f299f53f101e,2,0x201a33bc9058237f2e1abd7e0154419d2e6ddbd6,0xc9f27a50f82571c1c8423a42970613b8dbda14ef,2021-12-05 14:50:28+00:00,140908,81441917540,13316621,88841,0,317,2.0,147,1547,1583,0.9772583701831964,82,300,326,0.920245398773006,94,372,2398084,104,0xe6309d2f5ecb6c28233c59949a1301ea32a0688bf4e7bd62a8f4f299f53f101e,2,2,8,907,94,597990,97,7,4.0,3.0,1,3,0
0x0d0fdc9a0b2a876812fdd3cb62e0bccb2d043daeb5fd2c79abbd8f47294354af,2,0xcd95fb5a616a4e01b32cbdfb5fc68a5ab792e270,0xc9f27a50f82571c1c8423a42970613b8dbda14ef,2021-12-05 15:20:33+00:00,140926,126581382224,2476322,88853,0,109,2.0,146,1548,1584,0.9772727272727272,82,117,119,0.9831932773109244,32,180,1150732,105,0x0d0fdc9a0b2a876812fdd3cb62e0bccb2d043daeb5fd2c79abbd8f47294354af,2,2,8,907,94,598115,46,7,4.0,3.0,1,3,0
0x4216cac8830f923bbead8508c270e71db3aa3c40eed63384679ef980d9594b36,3,0x34aeb158028a2e8f2cd8db5fd7fa88a47acdca40,0xc9f27a50f82571c1c8423a42970613b8dbda14ef,2021-12-05 15:25:01+00:00,126840,113495096098,9082485,84263,0,2892,2.0,145,1549,1585,0.9772870662460568,82,2747,2917,0.9417209461775796,318,560,3616105,106,0x4216cac8830f923bbead8508c270e71db3aa3c40eed63384679ef980d9594b36,5,4,6,907,94,598134,223,4,4.0,1.0,1,2,0
0x4e8b83110c5dafe5380605b779c4602e7b757f5d65b23f28a4833534d9857ed1,3,0x47724a15a20dc3a1225bfb2a794e2bb5520340db,0xc9f27a50f82571c1c8423a42970613b8dbda14ef,2021-12-05 23:18:41+00:00,250959,101535049391,6434635,160916,0,85,2.0,144,1550,1586,0.9773013871374528,82,110,112,0.9821428571428572,25,217,1394678,107,0x4e8b83110c5dafe5380605b779c4602e7b757f5d65b23f28a4833534d9857ed1,1,1,6,908,94,600145,23,4,4.0,1.0,1,2,0
0x4823d32a8ae5de6a01c8b56783108a1dfc61fe7a0f2ce75c27365a8339e5b50e,3,0x5d8a327f38a26aa925bb891b6df6a43873513224,0xc9f27a50f82571c1c8423a42970613b8dbda14ef,2021-12-06 14:43:22+00:00,284239,129503276898,4113502,178303,0,12,2.0,143,1551,1587,0.9773156899810964,83,17,17,1.0,3,88,558341,108,0x4823d32a8ae5de6a01c8b56783108a1dfc61fe7a0f2ce75c27365a8339e5b50e,1,1,12,909,95,604198,11,7,5.0,3.0,1,3,0
0x56bebbcdf7630a7de32305ee648310ceeebed3d64688bbbeba785c0c85a6b944,2,0x19e86826048a3458becdd6b0459db22753861906,0xc9f27a50f82571c1c8423a42970613b8dbda14ef,2021-12-06 15:49:05+00:00,140926,94000000000,8145069,88853,0,186,2.0,142,1552,1588,0.977329974811083,83,194,200,0.97,73,303,1952011,109,0x56bebbcdf7630a7de32305ee648310ceeebed3d64688bbbeba785c0c85a6b944,3,3,8,909,95,604501,66,7,4.0,3.0,1,3,0
0x4459ab39792ea925f48cbef65eef32eb679fecba418b27c995de8d28c7efeff4,2,0xfe57dc4b1291384a56e5d90fdc1340b7036f3767,0xc9f27a50f82571c1c8423a42970613b8dbda14ef,2021-12-07 00:40:31+00:00,140926,84906918579,22203653,88853,0,224,2.0,141,1553,1589,0.9773442416614224,84,252,252,1.0,72,275,1765272,110,0x4459ab39792ea925f48cbef65eef32eb679fecba418b27c995de8d28c7efeff4,2,2,8,909,96,606808,63,7,4.0,3.0,1,3,0
0xeb2c116fbc6e0f8a27022fa270d686ba9b9b9ac51dd6ded38794e5ce1861f2e6,3,0x676f3d2c9f5776e09d23986adc6684fb41e9000e,0xc9f27a50f82571c1c8423a42970613b8dbda14ef,2021-12-07 01:39:42+00:00,126822,75798950310,5761201,84251,0,982,2.0,140,1554,1590,0.9773584905660376,84,930,1040,0.8942307692307692,223,1408,8762539,111,0xeb2c116fbc6e0f8a27022fa270d686ba9b9b9ac51dd6ded38794e5ce1861f2e6,6,6,6,909,96,607080,227,4,4.0,1.0,1,2,0
0x9f462991ae995ca6c35ad3e77577bbf58af6c92b834fb2208f4e2f67994bdf75,2,0x5f663a56bece3cd1c1e3a83e1d077559bc3cd622,0xc9f27a50f82571c1c8423a42970613b8dbda14ef,2021-12-07 06:39:21+00:00,140926,91325971704,8413997,88853,0,350,2.0,139,1555,1591,0.977372721558768,84,371,375,0.9893333333333332,116,1475,9151322,112,0x9f462991ae995ca6c35ad3e77577bbf58af6c92b834fb2208f4e2f67994bdf75,2,2,8,909,96,608383,143,7,4.0,3.0,1,3,0
0x65cfb009d8bd6c4fd819f44031b48a5c7944fcef938ec342c5833d82f9b21867,2,0x5101a1b882f380839af06b233f5ddaee40941848,0xc9f27a50f82571c1c8423a42970613b8dbda14ef,2021-12-07 07:54:57+00:00,140926,75649868265,10951661,88853,0,29,2.0,138,1556,1592,0.9773869346733668,84,32,33,0.9696969696969696,15,226,1449630,113,0x65cfb009d8bd6c4fd819f44031b48a5c7944fcef938ec342c5833d82f9b21867,2,2,8,909,96,608713,23,7,4.0,3.0,1,3,0
0xb4b8bd21f86c49496996597c07c19527d332c96527d4c439280dd227ae301b09,2,0x0b45b1339270458c04a574025b7eff4acb494d31,0xc9f27a50f82571c1c8423a42970613b8dbda14ef,2021-12-07 09:07:57+00:00,140926,84830786716,9835790,88853,0,16,2.0,137,1557,1593,0.9774011299435028,84,22,22,1.0,9,235,1507297,114,0xb4b8bd21f86c49496996597c07c19527d332c96527d4c439280dd227ae301b09,2,2,8,909,96,608989,8,7,4.0,3.0,1,3,0
0x9ea59b293bf4c480039b09fdcbf05b3a097c0cc01699fb92ca9a42f62ed8c18f,3,0x280a8675cf1d930c638f4f9eb9dbe75823801d5a,0xc9f27a50f82571c1c8423a42970613b8dbda14ef,2021-12-07 09:08:59+00:00,126840,78763210296,17524894,84263,0,3811,2.0,136,1558,1594,0.9774153074027604,84,3698,3892,0.9501541623843782,495,671,4333238,115,0x9ea59b293bf4c480039b09fdcbf05b3a097c0cc01699fb92ca9a42f62ed8c18f,2,2,6,909,96,608993,488,4,4.0,1.0,1,2,0
0x2a2e1a90c963be01a1f524df0a6476c11e831e3ed868e39d77c0b583271e11ee,2,0xab2c57668cb7ecd1cf27f360a89516b6a9987ef5,0xc9f27a50f82571c1c8423a42970613b8dbda14ef,2021-12-07 09:47:20+00:00,166558,75896331241,8550222,110741,0,373,2.0,135,1559,1595,0.9774294670846396,84,371,386,0.961139896373057,92,305,1961960,116,0x2a2e1a90c963be01a1f524df0a6476c11e831e3ed868e39d77c0b583271e11ee,4,4,8,909,96,609165,87,7,4.0,3.0,1,3,0
0xf18f4b2b4c501df5be810089a7c94c813a2ddc609359b912982e161b1713abc0,3,0xa000bce4ce3d1b3ac63c2e0488ce76fbdb9de764,0xc9f27a50f82571c1c8423a42970613b8dbda14ef,2021-12-07 16:37:16+00:00,284239,80728613831,25876189,178303,0,53,2.0,134,1560,1596,0.9774436090225564,84,61,64,0.953125,27,187,1197817,117,0xf18f4b2b4c501df5be810089a7c94c813a2ddc609359b912982e161b1713abc0,1,1,12,910,96,610916,16,7,5.0,3.0,1,3,0
0x0053d092f307acabdac1845a0bdc33d1347d874415d2beb06f453c2eefbfb0c0,2,0xc84c19bbf07d0cb7cc430fc3c51173c4acd5dd9d,0xc9f27a50f82571c1c8423a42970613b8dbda14ef,2021-12-08 00:05:09+00:00,140944,71344428769,1602968,88865,0,1972,2.0,133,1561,1597,0.9774577332498434,85,1919,2008,0.9556772908366534,294,1582,9624632,118,0x0053d092f307acabdac1845a0bdc33d1347d874415d2beb06f453c2eefbfb0c0,4,4,8,910,97,612909,378,7,4.0,3.0,1,3,0
0x3f59cd48a7121c32fabf35f9e46ca5119af0504f3866ae15eb841d2b84ee7813,2,0x55fcf6b665c5d5c53367b60f651a03739dfa7501,0xc9f27a50f82571c1c8423a42970613b8dbda14ef,2021-12-08 01:56:44+00:00,166576,77271012900,2695123,105953,0,312,2.0,132,1562,1598,0.9774718397997496,85,366,367,0.997275204359673,99,284,1824732,119,0x3f59cd48a7121c32fabf35f9e46ca5119af0504f3866ae15eb841d2b84ee7813,2,2,8,910,97,613382,79,7,4.0,3.0,1,3,0
0xeb0cbcded9b82a406550de22d8e18facb2f084a0bf1da2904bb391aa651be242,2,0xb18760f7d8fc72f40cc070595f6faab994e24991,0xc9f27a50f82571c1c8423a42970613b8dbda14ef,2021-12-08 02:37:10+00:00,140944,75317555847,350806,88865,0,379,2.0,131,1563,1599,0.9774859287054408,85,381,389,0.9794344473007712,83,292,1877334,120,0xeb0cbcded9b82a406550de22d8e18facb2f084a0bf1da2904bb391aa651be242,3,3,8,910,97,613541,118,7,4.0,3.0,1,3,0
0xa4f21f2adae071e3823a378a1b0858f7c2d2bb40e2f154143453aeedfc239bd8,2,0x056829e3842cfc9b433b9c90c1dcac2a1b72603c,0xc9f27a50f82571c1c8423a42970613b8dbda14ef,2021-12-08 03:03:35+00:00,140944,88518550441,11729133,88865,0,40,2.0,130,1564,1600,0.9775,85,50,50,1.0,23,296,1902947,121,0xa4f21f2adae071e3823a378a1b0858f7c2d2bb40e2f154143453aeedfc239bd8,5,5,8,910,97,613663,22,7,4.0,3.0,1,3,0
0xda4ab8b5a7e05d4f66a68ec954153f99cf7b6f31c220f954a38c61545940ca75,2,0xc0810e5f17915dfe97b57947a3d84094572689ac,0xc9f27a50f82571c1c8423a42970613b8dbda14ef,2021-12-08 03:10:32+00:00,166594,83650164022,7781305,105965,0,1099,2.0,127,1565,1601,0.9775140537164272,85,1093,1114,0.981149012567325,233,952,6090357,122,0xda4ab8b5a7e05d4f66a68ec954153f99cf7b6f31c220f954a38c61545940ca75,2,2,8,910,97,613690,128,7,4.0,3.0,1,3,0
0x6f9f0ff42fed977df6aae42066176745bc6f3af55a1499e7c4b4ab7f3f1da871,3,0xb3331bf4f89be0d192fbae786b1b5282f5982e69,0xc9f27a50f82571c1c8423a42970613b8dbda14ef,2021-12-08 03:11:09+00:00,250959,70470376516,2725074,165716,0,32,2.0,126,1566,1602,0.9775280898876404,85,50,51,0.980392156862745,18,312,2004780,123,0x6f9f0ff42fed977df6aae42066176745bc6f3af55a1499e7c4b4ab7f3f1da871,1,1,6,911,97,613693,13,4,4.0,1.0,1,2,0
0x20c8d906939c8f08f4300637e1ade267ac47ff01c4e8b34ba098018c27149e92,2,0x78fd06a971d8bd1ccf3ba2e16cd2d5ea451933e2,0xc9f27a50f82571c1c8423a42970613b8dbda14ef,2021-12-08 03:13:27+00:00,140926,85101348433,11136522,88853,0,301,2.0,125,1567,1603,0.9775421085464752,85,327,329,0.993920972644377,111,485,3132415,124,0x20c8d906939c8f08f4300637e1ade267ac47ff01c4e8b34ba098018c27149e92,2,2,8,911,97,613704,108,7,4.0,3.0,1,3,0
0xe6c04644634c56584adec5ec2068ccc2056d00f833a81461a08286e146800375,2,0xb734ec7a75d65406fde5bcf9156cab673ba1e1c5,0xc9f27a50f82571c1c8423a42970613b8dbda14ef,2021-12-08 03:14:30+00:00,140926,72578890546,16460610,88853,0,2183,2.0,124,1568,1604,0.9775561097256856,85,2338,2374,0.9848357203032856,397,1264,7923183,125,0xe6c04644634c56584adec5ec2068ccc2056d00f833a81461a08286e146800375,2,2,8,911,97,613706,121,7,4.0,3.0,1,3,0
0xcff9cac2b49ebb211137d7404d81ff9b2d2e8f1606e3ca67e5f8204e5c589a68,2,0xdb952e1b416f8e1cedc0571f46710e0ec18beb52,0xc9f27a50f82571c1c8423a42970613b8dbda14ef,2021-12-08 03:39:20+00:00,93963,80018124190,17561850,88865,0,44,2.0,123,1569,1605,0.9775700934579438,85,46,46,1.0,32,139,889201,126,0xcff9cac2b49ebb211137d7404d81ff9b2d2e8f1606e3ca67e5f8204e5c589a68,9,8,8,911,97,613830,10,7,4.0,3.0,1,3,0
0x8e0a144519e09dfa522eaf13fc18c88cfd494d9fdfc69cfa1698f622946af3fd,2,0x06e9925d3e8c642371232e7492c3916d6b855aaa,0xc9f27a50f82571c1c8423a42970613b8dbda14ef,2021-12-08 03:56:34+00:00,166594,76543970673,18054529,105965,0,362,2.0,122,1570,1606,0.9775840597758406,85,325,370,0.8783783783783784,73,290,1862396,127,0x8e0a144519e09dfa522eaf13fc18c88cfd494d9fdfc69cfa1698f622946af3fd,2,2,8,911,97,613901,90,7,4.0,3.0,1,3,0
0xd62818964620a2726f697313a9b526789a0f083aaa503c0bfca2fafb8c64875d,2,0xa862ad3b430bb441c061ae8965c2df56559b3d2e,0xc9f27a50f82571c1c8423a42970613b8dbda14ef,2021-12-08 03:57:05+00:00,140944,84501037814,16935028,88865,0,272,2.0,121,1571,1607,0.9775980087118856,85,286,299,0.9565217391304348,82,922,5893404,128,0xd62818964620a2726f697313a9b526789a0f083aaa503c0bfca2fafb8c64875d,4,4,8,911,97,613904,49,7,4.0,3.0,1,3,0
0x1ceaad0e485fbbf96a823d09f288b5f892c6e36008aaf3330a804579d9295e67,2,0x367191624fadb341c9206fa0c16f88b64b81b3ed,0xc9f27a50f82571c1c8423a42970613b8dbda14ef,2021-12-08 03:58:15+00:00,150341,82109441658,13577365,88865,0,155,2.0,120,1572,1608,0.9776119402985076,85,159,167,0.9520958083832334,45,150,953998,129,0x1ceaad0e485fbbf96a823d09f288b5f892c6e36008aaf3330a804579d9295e67,2,2,8,911,97,613907,30,7,4.0,3.0,1,3,0
0x1a59e611dc808ff785e30bec1375b3b97d5a8e34308c936109c88414a4476192,3,0xb2dcab83583e0451ed1a2bc98743997c38e10c47,0xc9f27a50f82571c1c8423a42970613b8dbda14ef,2021-12-08 04:13:50+00:00,250941,69389447061,6015283,165704,0,57,2.0,119,1573,1609,0.9776258545680548,85,60,61,0.9836065573770492,17,138,881588,130,0x1a59e611dc808ff785e30bec1375b3b97d5a8e34308c936109c88414a4476192,1,1,6,912,97,613981,18,4,4.0,1.0,1,2,0
0x1d1d7314f2c77dded2eb95e8efb9fb33fbb5a78a5daca2d88494e1c0ba41372d,2,0x32b09ebb575d28df0428f79047b613a452c9bce8,0xc9f27a50f82571c1c8423a42970613b8dbda14ef,2021-12-08 04:14:52+00:00,140944,72789610359,8506764,88865,0,15,2.0,118,1574,1610,0.977639751552795,85,19,19,1.0,4,59,374625,131,0x1d1d7314f2c77dded2eb95e8efb9fb33fbb5a78a5daca2d88494e1c0ba41372d,6,4,8,912,97,613985,5,7,4.0,3.0,1,3,0
0x8abfbac3c38949bf85d508fb2cb828f55a520743e1e610961ef4e7dc5f2ebc7e,2,0xb2dcab83583e0451ed1a2bc98743997c38e10c47,0xc9f27a50f82571c1c8423a42970613b8dbda14ef,2021-12-08 04:20:02+00:00,140872,102300000000,1229582,93617,0,58,2.0,117,1575,1611,0.9776536312849162,85,61,62,0.9838709677419356,17,138,881611,132,0x8abfbac3c38949bf85d508fb2cb828f55a520743e1e610961ef4e7dc5f2ebc7e,2,1,8,912,97,614004,18,7,4.0,3.0,1,3,0
0x79f3039b357ffe5a8375523175ea1046f20fc8fdcae58755d13741cd11d592b8,2,0xd3137fe7b703f4faccabc1660265ec53f89fa994,0xc9f27a50f82571c1c8423a42970613b8dbda14ef,2021-12-08 04:27:50+00:00,150341,64217967219,27450135,88865,0,102,2.0,116,1576,1612,0.977667493796526,85,112,115,0.9739130434782608,44,450,2899964,133,0x79f3039b357ffe5a8375523175ea1046f20fc8fdcae58755d13741cd11d592b8,2,2,8,912,97,614041,36,7,4.0,3.0,1,3,0
0x1c93d0bf565cae9ca0a5c62dd214b826065f0719651f6e09c8024bd52e471159,2,0x9ddea6c0bfa53bdf244ade7ba5ed7e227f6e58b4,0xc9f27a50f82571c1c8423a42970613b8dbda14ef,2021-12-08 04:28:47+00:00,200944,71853470317,7376112,88865,0,1057,2.0,115,1577,1613,0.9776813391196528,85,1056,1063,0.993414863593603,211,363,2337080,134,0x1c93d0bf565cae9ca0a5c62dd214b826065f0719651f6e09c8024bd52e471159,2,2,8,912,97,614042,133,7,4.0,3.0,1,3,0
0x80832cb2809c4cceffddb1cd91cb9336563c64814d39d58e9af8cee16a6691db,3,0x0975aa40a8c8a913a2b0d7ace0d5f7ee9b8337cc,0xc9f27a50f82571c1c8423a42970613b8dbda14ef,2021-12-08 04:36:17+00:00,250959,83322116594,6462434,165716,0,13,2.0,114,1578,1614,0.9776951672862452,85,17,17,1.0,7,93,592915,135,0x80832cb2809c4cceffddb1cd91cb9336563c64814d39d58e9af8cee16a6691db,1,1,6,913,97,614076,9,4,4.0,1.0,1,2,0
0x9e934f97d10764e23abc4d0bd79922d95aa699e99efede09f3d1a1cb35b60623,2,0x23ed05aad698cd4be7c9c5f2c6f8c04ed1827793,0xc9f27a50f82571c1c8423a42970613b8dbda14ef,2021-12-08 04:44:35+00:00,140908,64472108954,23511187,93641,0,1715,2.0,113,1579,1615,0.9777089783281732,85,1760,1774,0.992108229988726,352,454,2931328,136,0x9e934f97d10764e23abc4d0bd79922d95aa699e99efede09f3d1a1cb35b60623,4,4,8,913,97,614115,406,7,4.0,3.0,1,3,0
0x77ace02896c3cbdd9d93cbdbf958c46c69b5ed48785d28d123f393603fd731aa,2,0x99bcea6bb0403927fb3c038163478d5b42082fd9,0xc9f27a50f82571c1c8423a42970613b8dbda14ef,2021-12-08 06:01:33+00:00,140926,78607201767,5805988,88853,0,833,2.0,112,1580,1616,0.9777227722772276,85,1032,1036,0.996138996138996,387,1407,8760172,137,0x77ace02896c3cbdd9d93cbdbf958c46c69b5ed48785d28d123f393603fd731aa,2,2,8,913,97,614461,280,7,4.0,3.0,1,3,0
0x54f7cbae43e09f9d0e098c5ecac7def068c9ba51a9b7a5bda06e1a3ce6775093,2,0x043dccdadbb62817ff76816b409e908022c841a8,0xc9f27a50f82571c1c8423a42970613b8dbda14ef,2021-12-08 06:45:55+00:00,140944,67365777126,29262645,88865,0,86,2.0,111,1581,1617,0.9777365491651204,85,92,98,0.9387755102040816,27,319,2052554,138,0x54f7cbae43e09f9d0e098c5ecac7def068c9ba51a9b7a5bda06e1a3ce6775093,2,2,8,913,97,614657,52,7,4.0,3.0,1,3,0
0xefe92a9daeaa51005900006edff7143941c17bd5607804c3a0a929985fbfd574,2,0x8886dca35291f05ed5d8e21f083998ea8dceb50f,0xc9f27a50f82571c1c8423a42970613b8dbda14ef,2021-12-08 06:51:01+00:00,166576,99861006930,3557713,105953,0,462,2.0,110,1582,1618,0.9777503090234858,85,461,483,0.9544513457556936,105,647,4176234,139,0xefe92a9daeaa51005900006edff7143941c17bd5607804c3a0a929985fbfd574,3,3,8,913,97,614668,123,7,4.0,3.0,1,3,0
0xb3b3fb6d413e8b7318a01b57af6318e310d6233db3ba4e93c7ce76c3078ddad3,2,0x7f4193f4bade69eaf86b5d5c478b8781eb4347c0,0xc9f27a50f82571c1c8423a42970613b8dbda14ef,2021-12-08 07:40:07+00:00,140944,64492833701,15594867,88865,0,105,,109,1583,1619,0.9777640518838788,85,121,122,0.9918032786885244,63,1404,8741522,140,0xb3b3fb6d413e8b7318a01b57af6318e310d6233db3ba4e93c7ce76c3078ddad3,6,6,8,913,97,614881,26,7,4.0,3.0,1,3,0
0x48428bfd9ccc3e99ceaa8b880011dc6c501963560aeb463cf8ba48568b6fc09e,2,0x1ed09b8b375f1c7a59a78a16338597564ed3d87c,0xc9f27a50f82571c1c8423a42970613b8dbda14ef,2021-12-08 07:52:43+00:00,140944,70053418879,5537896,88865,0,29,2.0,108,1584,1620,0.9777777777777776,85,34,34,1.0,21,257,1647533,141,0x48428bfd9ccc3e99ceaa8b880011dc6c501963560aeb463cf8ba48568b6fc09e,2,2,8,913,97,614937,15,7,4.0,3.0,1,3,0
0xbd967b7a65f77f45f05b7e2b6c7d0b46e5b01ebc0097e1ccd3a1281f9df30454,2,0x71535aae1b6c0c51db317b54d5eee72d1ab843c1,0xc9f27a50f82571c1c8423a42970613b8dbda14ef,2021-12-08 08:23:47+00:00,93963,49976920265,1603961,88865,0,2641,2.0,107,1585,1621,0.9777914867365824,85,2579,2802,0.9204139900071376,618,1491,9248616,142,0xbd967b7a65f77f45f05b7e2b6c7d0b46e5b01ebc0097e1ccd3a1281f9df30454,2,2,8,913,97,615080,832,7,4.0,3.0,1,3,0
0x54cb6febadffc1b931bcfc5317235660382b3095c148b0fe0c538b4bc4aa41ac,3,0x0a0ae914771ec0a5851049864ccc27b1baa8cd43,0xc9f27a50f82571c1c8423a42970613b8dbda14ef,2021-12-08 08:55:36+00:00,250959,75000000000,6257972,165716,0,197,,106,1586,1622,0.9778051787916152,85,200,208,0.9615384615384616,55,179,1143826,143,0x54cb6febadffc1b931bcfc5317235660382b3095c148b0fe0c538b4bc4aa41ac,1,1,6,914,97,615217,70,4,4.0,1.0,1,2,0
0xa1bb80b91cbaed6a602cca9f23667378ae21320bb9996eda9f231ab8ac462d65,2,0xfc0ac081405ad9b335d6a2d5a0812a4959ad4372,0xc9f27a50f82571c1c8423a42970613b8dbda14ef,2021-12-08 09:21:13+00:00,140926,49219566519,13904092,88853,0,2447,2.0,105,1587,1623,0.977818853974122,85,2388,2486,0.9605792437650844,430,640,4134654,144,0xa1bb80b91cbaed6a602cca9f23667378ae21320bb9996eda9f231ab8ac462d65,2,2,8,914,97,615334,546,7,4.0,3.0,1,3,0
0x931307c61664f43b1781418a8fdc85ff91b9b5dadb59b80f2a850e9a070707d1,2,0xbd097c5c62ac56f585a3e58bf5000fcaff2a9deb,0xc9f27a50f82571c1c8423a42970613b8dbda14ef,2021-12-08 09:28:29+00:00,140872,60000000000,3552520,93617,0,20,,104,1588,1624,0.9778325123152708,85,25,25,1.0,13,162,1035116,145,0x931307c61664f43b1781418a8fdc85ff91b9b5dadb59b80f2a850e9a070707d1,2,2,8,914,97,615371,10,7,4.0,3.0,1,3,0
0x830e367ad0aba91e203b0a2dd82fb4fb27c941cd444fa8a1ea15ba43418a2b80,2,0x2742875fd862a91527dabe7020d963ef0c362346,0xc9f27a50f82571c1c8423a42970613b8dbda14ef,2021-12-08 09:49:08+00:00,166576,66061859690,11482322,105953,0,151,2.0,103,1589,1625,0.9778461538461538,85,146,157,0.929936305732484,41,194,1243511,146,0x830e367ad0aba91e203b0a2dd82fb4fb27c941cd444fa8a1ea15ba43418a2b80,4,4,8,914,97,615460,39,7,4.0,3.0,1,3,0
0x942fa6c00fd121fda7749fa9e59c88edfe6bb4861a51dab9b70008e7f726e5af,3,0xd5c58b0d819be34b7b8ff69e76e6a4b5fb912263,0xc9f27a50f82571c1c8423a42970613b8dbda14ef,2021-12-08 09:59:18+00:00,284239,63649618165,6803020,178303,0,1095,2.0,102,1590,1626,0.977859778597786,85,1144,1168,0.9794520547945204,253,1396,8690633,147,0x942fa6c00fd121fda7749fa9e59c88edfe6bb4861a51dab9b70008e7f726e5af,1,1,12,915,97,615504,296,7,5.0,3.0,1,3,0
0x0cc65119bc79fc538279be28e7656bcae64aa65aed53c2f866db5bdebaa489d6,2,0x676f3d2c9f5776e09d23986adc6684fb41e9000e,0xc9f27a50f82571c1c8423a42970613b8dbda14ef,2021-12-08 10:01:58+00:00,140890,69304402333,11246851,93629,0,983,2.0,101,1591,1627,0.9778733866011065,85,931,1041,0.8943323727185398,224,1409,8770977,148,0x0cc65119bc79fc538279be28e7656bcae64aa65aed53c2f866db5bdebaa489d6,7,7,8,915,97,615518,227,7,4.0,3.0,1,3,0
0x616a052f2b8c878e4b3178eafd199c0bf81b67b12611342ddcaf9a0b584a582a,3,0x5036d886044966eb325cb216283ee13eb85496b0,0xc9f27a50f82571c1c8423a42970613b8dbda14ef,2021-12-08 10:15:58+00:00,287701,65321690200,13675406,185411,0,1561,,100,1592,1628,0.9778869778869778,85,1477,1595,0.9260188087774294,214,1541,9474744,149,0x616a052f2b8c878e4b3178eafd199c0bf81b67b12611342ddcaf9a0b584a582a,1,1,13,916,97,615570,257,7,5.0,3.0,1,3,0
0x498ed1d2461e3b74b3918434dff36924cd51ef27d2f2f1257d6549a71a077919,2,0xfcb582cdb82a88a2ce12d7c35b6e9692cbb38425,0xc9f27a50f82571c1c8423a42970613b8dbda14ef,2021-12-08 10:21:49+00:00,140962,70396524677,6776209,88877,0,235,,99,1593,1629,0.9779005524861876,85,150,238,0.6302521008403361,37,189,1209082,150,0x498ed1d2461e3b74b3918434dff36924cd51ef27d2f2f1257d6549a71a077919,2,2,8,916,97,615591,29,7,4.0,3.0,1,3,0
0xc4a34448d312c82f81b08142a4dd707c9057d918a5fa5ad444fc03a22ed368c2,2,0xd5c58b0d819be34b7b8ff69e76e6a4b5fb912263,0xc9f27a50f82571c1c8423a42970613b8dbda14ef,2021-12-08 10:33:29+00:00,140926,59902581501,13247399,88853,0,1096,2.0,98,1594,1630,0.9779141104294478,85,1145,1169,0.979469632164243,253,1396,8690765,151,0xc4a34448d312c82f81b08142a4dd707c9057d918a5fa5ad444fc03a22ed368c2,2,1,8,916,97,615636,296,7,4.0,3.0,1,3,0
0xc87e0475d145ccc4999e0f2e9a158bfc418c6955c0529f4842989263ffedda8e,2,0x6fe7e0c399dfddb13b9615683280a09208d4fd5d,0xc9f27a50f82571c1c8423a42970613b8dbda14ef,2021-12-08 10:37:36+00:00,140926,75000000000,12099720,88853,0,234,,96,1595,1632,0.977328431372549,85,238,240,0.9916666666666668,52,91,578717,152,0xc87e0475d145ccc4999e0f2e9a158bfc418c6955c0529f4842989263ffedda8e,7,7,8,916,97,615648,65,7,4.0,3.0,1,3,0
0xd59f1c00e8356096dc649b21531abe5be48741c08bc195d6bae71429ffa2904d,2,0x14647973d093256920ce9c6c8a6646b3a4e43869,0xc9f27a50f82571c1c8423a42970613b8dbda14ef,2021-12-08 10:37:36+00:00,140944,77963779790,9531520,88865,0,271,2.0,97,1595,1632,0.977328431372549,85,262,282,0.9290780141843972,54,344,2216396,153,0xd59f1c00e8356096dc649b21531abe5be48741c08bc195d6bae71429ffa2904d,2,2,8,916,97,615648,81,7,4.0,3.0,1,3,0
0x8c3cace64cb5af94d88bd4d42cbdcf915329e0e9af088434c65b177cc30c4fe7,2,0x5036d886044966eb325cb216283ee13eb85496b0,0xc9f27a50f82571c1c8423a42970613b8dbda14ef,2021-12-08 10:43:24+00:00,140926,77541307122,13584041,88853,0,1562,2.0,95,1596,1633,0.977342314758114,85,1478,1596,0.926065162907268,214,1541,9474844,154,0x8c3cace64cb5af94d88bd4d42cbdcf915329e0e9af088434c65b177cc30c4fe7,2,1,8,916,97,615670,257,7,4.0,3.0,1,3,0
0x9091fddbb0d24b4410c94f56d2523584923ae81b63232a33d471620b96d0915f,2,0xe00954673ea4d16dcfb58b965b76023e338fe652,0xc9f27a50f82571c1c8423a42970613b8dbda14ef,2021-12-08 12:00:00+00:00,140944,70198931452,11449829,88865,0,631,2.0,94,1597,1634,0.9773561811505508,85,628,644,0.9751552795031057,132,334,2150463,155,0x9091fddbb0d24b4410c94f56d2523584923ae81b63232a33d471620b96d0915f,4,4,8,916,97,616004,129,7,4.0,3.0,1,3,0
0x1bf1c9bfed06a71ad10144164624eb97767561480f311dfa2176c46959cd06e0,2,0xf49d2bcc52f0b46a98204721f98ce9d4e6730bed,0xc9f27a50f82571c1c8423a42970613b8dbda14ef,2021-12-08 12:29:57+00:00,140944,53571579699,25074686,88865,0,1466,2.0,93,1598,1635,0.9773700305810396,85,1483,1507,0.9840743198407432,248,530,3421663,156,0x1bf1c9bfed06a71ad10144164624eb97767561480f311dfa2176c46959cd06e0,3,3,8,916,97,616123,299,7,4.0,3.0,1,3,0
0x560efda087c576fc89fa32198dcde54397c8439582adb55ceb58d3b5f1527255,2,0xe3f0254b09aec48ffa46f9eee5a3bc7a8e510e6d,0xc9f27a50f82571c1c8423a42970613b8dbda14ef,2021-12-08 13:02:17+00:00,140944,65165889604,4778175,88865,0,550,2.0,92,1599,1636,0.9773838630806844,85,538,554,0.9711191335740073,149,430,2775087,157,0x560efda087c576fc89fa32198dcde54397c8439582adb55ceb58d3b5f1527255,3,3,8,916,97,616267,141,7,4.0,3.0,1,3,0
0x741e8530abebe68049cd33919327bc2fa6cd849375a669dfb795cbe4b5e7ea16,2,0xe75021660e00a7fa0df1b97da13ebabe6d82e7ea,0xc9f27a50f82571c1c8423a42970613b8dbda14ef,2021-12-08 16:17:34+00:00,140926,71069023283,11734438,88853,0,1246,,91,1600,1637,0.977397678680513,85,1082,1279,0.8459734167318216,142,1268,7947164,158,0x741e8530abebe68049cd33919327bc2fa6cd849375a669dfb795cbe4b5e7ea16,5,4,8,916,97,617107,141,7,4.0,3.0,1,3,0
0x671b7d1f2b23da20d1b1dfee19d3ab640277d4f4bef960c4124ef74356d83d27,2,0xeaab593478d42b80dd76906d75d536f75a3d1c44,0xc9f27a50f82571c1c8423a42970613b8dbda14ef,2021-12-08 17:43:53+00:00,140926,99951353388,9028727,86140,0,5,2.0,89,1601,1639,0.9768151311775471,85,7,8,0.875,3,183,1170009,159,0x671b7d1f2b23da20d1b1dfee19d3ab640277d4f4bef960c4124ef74356d83d27,3,2,8,916,97,617478,4,7,4.0,3.0,1,3,0
0x35c15697db6623c5d7422cdfaa09b7fbb81aa54f8ec1144d002decda76cd1611,2,0xeaab593478d42b80dd76906d75d536f75a3d1c44,0xc9f27a50f82571c1c8423a42970613b8dbda14ef,2021-12-08 17:43:53+00:00,140926,83260090390,8942587,88853,0,4,2.0,90,1601,1639,0.9768151311775471,85,7,8,0.875,3,183,1170009,160,0x35c15697db6623c5d7422cdfaa09b7fbb81aa54f8ec1144d002decda76cd1611,3,2,8,916,97,617478,4,7,4.0,3.0,1,3,0
0x02c82dbac12ba01ba8d945e206cfa9b5775fa177e2b238282a3bfb954de5ddc3,2,0x9c2579454b9854ff3dfb64e9acf687615ee99856,0xc9f27a50f82571c1c8423a42970613b8dbda14ef,2021-12-08 18:01:07+00:00,140926,96594028123,1984912,88853,0,1759,2.0,88,1602,1640,0.9768292682926828,85,1639,1799,0.9110617009449694,365,1379,8594426,161,0x02c82dbac12ba01ba8d945e206cfa9b5775fa177e2b238282a3bfb954de5ddc3,7,5,8,916,97,617556,240,7,4.0,3.0,1,3,0
0x624e382a5d093ffb7b47b151237b675e912b138814d94adea73a5cfc7d5b7187,2,0xa000bce4ce3d1b3ac63c2e0488ce76fbdb9de764,0xc9f27a50f82571c1c8423a42970613b8dbda14ef,2021-12-08 19:03:09+00:00,166558,130900000000,3479923,105941,0,55,2.0,87,1603,1641,0.9768433881779403,85,63,66,0.9545454545454544,28,188,1204720,162,0x624e382a5d093ffb7b47b151237b675e912b138814d94adea73a5cfc7d5b7187,2,2,8,916,97,617819,16,7,4.0,3.0,1,3,0
0x3bd7fec12457207253a2a174f4ec1a1c682b4435490039b801bc7c66f3d7c587,2,0x34aeb158028a2e8f2cd8db5fd7fa88a47acdca40,0xc9f27a50f82571c1c8423a42970613b8dbda14ef,2021-12-08 20:10:14+00:00,140944,90100436511,10478842,88865,0,2896,2.0,86,1604,1642,0.976857490864799,85,2751,2921,0.9418007531667236,320,563,3636101,163,0x3bd7fec12457207253a2a174f4ec1a1c682b4435490039b801bc7c66f3d7c587,6,5,8,916,97,618130,223,7,4.0,3.0,1,3,0
0xcf540466aefd7407b3d0bb1eb74f4fbb8bc274be8e2eabdb185ec1c0d3deecaf,2,0x382c5f5cdcb927de8b4755b7c95581f792bf7ea8,0xc9f27a50f82571c1c8423a42970613b8dbda14ef,2021-12-09 00:22:59+00:00,140944,64266950604,3659700,88865,0,427,2.0,85,1605,1643,0.976871576384662,86,449,464,0.9676724137931034,130,329,2118013,164,0xcf540466aefd7407b3d0bb1eb74f4fbb8bc274be8e2eabdb185ec1c0d3deecaf,2,2,8,916,98,619208,133,7,4.0,3.0,1,3,0
0x0d1e9f89470505783bb17a15b47eb7d85e51f5c398d8d6c33c819bf9aa096112,2,0x74594c7665503e8f85dee744cad4b7acf8f77142,0xc9f27a50f82571c1c8423a42970613b8dbda14ef,2021-12-09 01:28:18+00:00,140944,95111788522,3602777,88865,0,7,2.0,84,1606,1644,0.9768856447688564,86,9,10,0.9,4,77,489012,165,0x0d1e9f89470505783bb17a15b47eb7d85e51f5c398d8d6c33c819bf9aa096112,3,3,8,916,98,619480,5,7,4.0,3.0,1,3,0
0xa1e73d2582edbcc39a946c3176a6291502f476810697434a7b8ea107e9ba7108,2,0xab96625f838514a5d8e83b5884963c44902f9b59,0xc9f27a50f82571c1c8423a42970613b8dbda14ef,2021-12-09 11:38:01+00:00,140944,69345503982,13391677,88865,0,31,,83,1607,1645,0.9768996960486322,86,33,34,0.9705882352941176,17,211,1353489,166,0xa1e73d2582edbcc39a946c3176a6291502f476810697434a7b8ea107e9ba7108,2,2,8,916,98,622129,18,7,4.0,3.0,1,3,0
0x83c6b4574ba50cc28fed06484f5dc3dde428326f7846f78d662170728f5fd78f,2,0x3ed663896eb97f005a2ae27d93fbf346bfc1ccd7,0xc9f27a50f82571c1c8423a42970613b8dbda14ef,2021-12-09 11:46:58+00:00,140926,50441764421,4907469,88853,0,24,,82,1608,1646,0.976913730255164,86,26,26,1.0,15,194,1239452,167,0x83c6b4574ba50cc28fed06484f5dc3dde428326f7846f78d662170728f5fd78f,2,2,8,916,98,622182,13,7,4.0,3.0,1,3,0
0x7097f92944252c053c86ba3aa260aa5bb86a6cefa1ea912a86d21502305554dd,2,0x4721a43133d1a13f3651a415b68f81e73edb5dc6,0xc9f27a50f82571c1c8423a42970613b8dbda14ef,2021-12-09 13:34:57+00:00,166558,74792361082,16981704,110741,0,552,2.0,81,1609,1647,0.9769277474195506,86,561,584,0.9606164383561644,120,343,2206986,168,0x7097f92944252c053c86ba3aa260aa5bb86a6cefa1ea912a86d21502305554dd,13,11,8,916,98,622636,73,7,4.0,3.0,1,3,0
0xa2b996fd7e6ffdd38ce66a96386a49c8cda6abd803317500040d5ef56a7c633d,2,0xdf350ff8e368c9fafe0c6b3113920923567f68c6,0xc9f27a50f82571c1c8423a42970613b8dbda14ef,2021-12-09 15:31:48+00:00,140926,99440568203,17792958,88853,0,477,2.0,80,1610,1648,0.9769417475728154,86,495,520,0.9519230769230768,164,1747,10520311,169,0xa2b996fd7e6ffdd38ce66a96386a49c8cda6abd803317500040d5ef56a7c633d,2,2,8,916,98,623139,124,7,4.0,3.0,1,3,0
0xf8a9ce081fbaa70dc1bea15d02fd2c813a144a3529a548c9f4855b220126c768,2,0xbb731df2b53eee023f8e46dc2f2d934b367ac8cc,0xc9f27a50f82571c1c8423a42970613b8dbda14ef,2021-12-09 19:37:42+00:00,140944,67510551020,12816013,88865,0,24,,79,1611,1649,0.9769557307459064,86,26,26,1.0,12,201,1290318,170,0xf8a9ce081fbaa70dc1bea15d02fd2c813a144a3529a548c9f4855b220126c768,2,2,8,916,98,624231,15,7,4.0,3.0,1,3,0
0xec56f1fe26296d444cd94f4e06aae7ca5f48a47204b5b59e8e4cc15e74d01bc1,2,0xc1228a91911d12f6520fabb3be52073992797784,0xc9f27a50f82571c1c8423a42970613b8dbda14ef,2021-12-09 19:52:01+00:00,140944,64631404827,9982885,88865,0,18,,78,1612,1650,0.9769696969696968,86,20,20,1.0,9,211,1355233,171,0xec56f1fe26296d444cd94f4e06aae7ca5f48a47204b5b59e8e4cc15e74d01bc1,2,2,8,916,98,624297,11,7,4.0,3.0,1,3,0
0xd25041185f3656a6f6af20d03e4f7c1b834f48259492dd427ba109d4b2c66c5a,2,0xca968044effff14bee263ca6af3b9823f1968f37,0xc9f27a50f82571c1c8423a42970613b8dbda14ef,2021-12-10 08:17:58+00:00,140944,66252035851,1438373,88865,0,1596,2.0,77,1613,1651,0.9769836462749848,87,1586,1615,0.9820433436532509,308,1464,9085774,172,0xd25041185f3656a6f6af20d03e4f7c1b834f48259492dd427ba109d4b2c66c5a,3,3,8,916,99,627540,382,7,4.0,3.0,1,3,0
0x8f3a3ec418ff0e197b5647836fdf5ecded372785b5ff652c6d263de57abc765f,2,0x47724a15a20dc3a1225bfb2a794e2bb5520340db,0xc9f27a50f82571c1c8423a42970613b8dbda14ef,2021-12-10 09:17:58+00:00,166576,49543151408,7145974,105953,0,91,2.0,76,1614,1652,0.976997578692494,87,118,120,0.9833333333333332,29,222,1422362,173,0x8f3a3ec418ff0e197b5647836fdf5ecded372785b5ff652c6d263de57abc765f,2,2,8,916,99,627829,23,7,4.0,3.0,1,3,0
0x450db1113d2e25b7178c235692c6a612722b26be15795faaf757418e5e71fa6b,3,0x8b187ea19c93091a4d6b426b71871648182b5fac,0xc9f27a50f82571c1c8423a42970613b8dbda14ef,2021-12-10 12:35:33+00:00,284257,51758062156,5658596,178315,0,182,2.0,75,1615,1653,0.9770114942528736,87,178,187,0.9518716577540108,52,118,753727,174,0x450db1113d2e25b7178c235692c6a612722b26be15795faaf757418e5e71fa6b,1,1,12,917,99,628769,46,7,5.0,3.0,1,3,0
0x6a140a6a24e1218d809bfcd9f76bf88fba971007faefa68036635a184b748575,2,0x8b187ea19c93091a4d6b426b71871648182b5fac,0xc9f27a50f82571c1c8423a42970613b8dbda14ef,2021-12-10 12:37:33+00:00,140944,51246425295,5377616,88865,0,183,2.0,74,1616,1654,0.9770253929866988,87,179,189,0.947089947089947,52,118,753736,175,0x6a140a6a24e1218d809bfcd9f76bf88fba971007faefa68036635a184b748575,2,1,8,917,99,628778,46,7,4.0,3.0,1,3,0
0xd9705ab9f34b33e231ab6671ef5eb20d6b279bad089ba5fd8205fb3b0aea10d0,2,0xb82adf9206ffa17b5be784d94a8ac76606691c56,0xc9f27a50f82571c1c8423a42970613b8dbda14ef,2021-12-10 14:38:14+00:00,140908,86113248032,14232178,88841,0,136,2.0,73,1617,1655,0.9770392749244712,87,138,153,0.9019607843137256,60,1017,6503820,176,0xd9705ab9f34b33e231ab6671ef5eb20d6b279bad089ba5fd8205fb3b0aea10d0,3,2,8,917,99,629291,60,7,4.0,3.0,1,3,0
0xba86966284cbf3ac7bb327a572d38bc626ac37d31697f1c255d779c402a6c8a4,2,0x10dc1d2f35992b28c5160c2f9fc9582735298d78,0xc9f27a50f82571c1c8423a42970613b8dbda14ef,2021-12-10 19:38:51+00:00,140944,62206974993,8124934,88865,0,927,2.0,72,1618,1656,0.9770531400966184,87,931,951,0.978969505783386,156,272,1747705,177,0xba86966284cbf3ac7bb327a572d38bc626ac37d31697f1c255d779c402a6c8a4,4,4,8,917,99,630701,134,7,4.0,3.0,1,3,0
0xe8a320bd784d46dfaebf892c7235b833e5a01e10b8fd8b5ad217f239591306fe,2,0x05e362bef8c3519a945a65e187e052e23613902c,0xc9f27a50f82571c1c8423a42970613b8dbda14ef,2021-12-10 19:50:05+00:00,166558,53182843096,20204463,110741,0,2686,2.0,71,1619,1657,0.9770669885334942,87,2683,2731,0.9824240205053094,325,1463,9085382,178,0xe8a320bd784d46dfaebf892c7235b833e5a01e10b8fd8b5ad217f239591306fe,6,5,8,917,99,630753,267,7,4.0,3.0,1,3,0
0x0640c2873b42bbb7c07b05c4a52bc7860ecce9ccc2c722a11d644f49f01e393c,2,0xc4dd8e820ff8794301c67a74f4cd024676356532,0xc9f27a50f82571c1c8423a42970613b8dbda14ef,2021-12-10 21:02:21+00:00,140944,78607682352,6344449,88865,0,918,2.0,70,1620,1658,0.97708082026538,87,921,947,0.972544878563886,238,1583,9638112,179,0x0640c2873b42bbb7c07b05c4a52bc7860ecce9ccc2c722a11d644f49f01e393c,2,2,8,917,99,631057,165,7,4.0,3.0,1,3,0
0x01986532b4aec7d7cd533157a6bc0158687127d19d4b7822ac226f2c629a61dd,2,0x5614c3f40dab746fe0ed13fe9f3d00b6578e2dac,0xc9f27a50f82571c1c8423a42970613b8dbda14ef,2021-12-10 22:40:40+00:00,140926,98577969206,2351226,88853,0,372,2.0,69,1621,1659,0.9770946353224834,87,391,403,0.9702233250620348,85,402,2597520,180,0x01986532b4aec7d7cd533157a6bc0158687127d19d4b7822ac226f2c629a61dd,6,5,8,917,99,631468,76,7,4.0,3.0,1,3,0
0x165d7261c857dbe7109d41f67936f146f9a5be1abc146facc91745e3b4227038,3,0x05e362bef8c3519a945a65e187e052e23613902c,0xc9f27a50f82571c1c8423a42970613b8dbda14ef,2021-12-10 23:04:39+00:00,126840,150000000000,856723,84263,0,2688,2.0,68,1622,1660,0.9771084337349396,87,2685,2733,0.982436882546652,325,1463,9086196,181,0x165d7261c857dbe7109d41f67936f146f9a5be1abc146facc91745e3b4227038,7,5,6,917,99,631567,267,4,4.0,1.0,1,2,0
0x59874f3c37e14784eb37e0942b17cf829283aede8c334790049dca2c3deb996b,3,0x6b7b5231b4897ea061c83c05b773b9ead6582cce,0xc9f27a50f82571c1c8423a42970613b8dbda14ef,2021-12-11 03:38:17+00:00,126822,73793806102,4360926,84251,0,196,2.0,67,1623,1661,0.9771222155328116,88,207,207,1.0,74,442,2848401,182,0x59874f3c37e14784eb37e0942b17cf829283aede8c334790049dca2c3deb996b,2,2,6,917,100,632800,52,4,4.0,1.0,1,2,0
0x9d7453ff07b37fc05148bca60fa7f0606018bd422362374c78827082e2f27f10,2,0x4c61f3259d705323c7f27377da09a3e222ecde66,0xc9f27a50f82571c1c8423a42970613b8dbda14ef,2021-12-11 04:39:34+00:00,140926,61453989669,10855081,88853,0,307,2.0,66,1624,1662,0.977135980746089,88,303,315,0.961904761904762,94,389,2509128,183,0x9d7453ff07b37fc05148bca60fa7f0606018bd422362374c78827082e2f27f10,2,2,8,917,100,633100,79,7,4.0,3.0,1,3,0
0xb094b0e933895089af85a4978bbfe61c5df80991230c58b42046e4d83a4ce325,2,0x16f037a3ddf53da1b047a926e1833219f0a8e1fc,0xc9f27a50f82571c1c8423a42970613b8dbda14ef,2021-12-11 08:45:43+00:00,140944,39702671293,4519343,88865,0,2715,2.0,65,1625,1663,0.9771497294046904,88,2643,2735,0.96636197440585,289,446,2878461,184,0xb094b0e933895089af85a4978bbfe61c5df80991230c58b42046e4d83a4ce325,2,2,8,917,100,634167,391,7,4.0,3.0,1,3,0
0xf1e5bcb4c34dbb02af0cae2c1723a1dd0cf373c2b01679584ab2b623aabea553,3,0x7515774dc4c9dbf2e64deba45f294189f2a2a66b,0xc9f27a50f82571c1c8423a42970613b8dbda14ef,2021-12-11 10:36:36+00:00,287701,41026202072,17244283,185411,0,155,2.0,64,1626,1664,0.9771634615384616,88,159,167,0.9520958083832334,43,532,3435588,185,0xf1e5bcb4c34dbb02af0cae2c1723a1dd0cf373c2b01679584ab2b623aabea553,1,1,13,918,100,634666,50,7,5.0,3.0,1,3,0
0x54bf91680721a89cf223c14b4757d58ce2c502cab489f87727922485b83349b6,3,0x3dc5f821f21992c7bed140eb8415ef5862186c30,0xc9f27a50f82571c1c8423a42970613b8dbda14ef,2021-12-11 11:04:34+00:00,250959,47919220573,2846456,165716,0,18,2.0,63,1627,1665,0.9771771771771772,88,22,29,0.7586206896551723,10,67,422641,186,0x54bf91680721a89cf223c14b4757d58ce2c502cab489f87727922485b83349b6,1,1,6,919,100,634794,10,4,4.0,1.0,1,2,0
0x8648032a06797e0ef4103645a97ae0436f9bd51c2060ec442542eaca7dd8cfab,2,0x9d41eccedd6911c60c523d528a326f0dc2b59f4e,0xc9f27a50f82571c1c8423a42970613b8dbda14ef,2021-12-11 11:43:37+00:00,140944,68535053682,6041531,88865,0,861,2.0,62,1628,1666,0.9771908763505402,88,865,907,0.9536934950385888,212,424,2734422,187,0x8648032a06797e0ef4103645a97ae0436f9bd51c2060ec442542eaca7dd8cfab,3,3,8,919,100,634963,172,7,4.0,3.0,1,3,0
0xfc71072ebb950d6cb5c40b2141c598053be718edda4abd3f9cf80ca6781bf882,3,0x0b025d49201314db012911a95ec7e4609027a693,0xc9f27a50f82571c1c8423a42970613b8dbda14ef,2021-12-11 14:38:07+00:00,250977,53005207848,2085275,165728,0,1085,2.0,61,1629,1667,0.9772045590881824,88,1024,1107,0.9250225835591688,167,326,2098182,188,0xfc71072ebb950d6cb5c40b2141c598053be718edda4abd3f9cf80ca6781bf882,1,1,6,920,100,635748,199,4,4.0,1.0,1,2,0
0x16c9adff84e1c9500ae7f5b59e82813121b7d7377c939a3a2bf0b4753faf835b,2,0xe37d4ea5c27017c227b6bf5a9ceda2e02c58637f,0xc9f27a50f82571c1c8423a42970613b8dbda14ef,2021-12-11 15:12:10+00:00,166576,48887251966,15207316,105953,0,136,2.0,60,1630,1668,0.9772182254196644,88,157,160,0.98125,71,539,3481308,189,0x16c9adff84e1c9500ae7f5b59e82813121b7d7377c939a3a2bf0b4753faf835b,2,2,8,920,100,635902,62,7,4.0,3.0,1,3,0
0x95e05620b1dd2b57fb5f192a8ae837d76ca53bd1c446a318ceaea3ac9ebccd3e,2,0x4d9fed7af38c4691e992d5d6396d8b2fc773fc99,0xc9f27a50f82571c1c8423a42970613b8dbda14ef,2021-12-12 03:56:52+00:00,140926,54316394667,16133825,88853,0,409,2.0,59,1631,1669,0.9772318753744756,89,411,429,0.958041958041958,97,288,1846645,190,0x95e05620b1dd2b57fb5f192a8ae837d76ca53bd1c446a318ceaea3ac9ebccd3e,2,2,8,920,101,639344,109,7,4.0,3.0,1,3,0
0x6131d1551975c7e4b30f1bc720f0c63661131c8b9fc4abed0d4b904c86a47010,3,0xdb952e1b416f8e1cedc0571f46710e0ec18beb52,0xc9f27a50f82571c1c8423a42970613b8dbda14ef,2021-12-12 06:46:33+00:00,101931,53944372542,17696353,101363,0,51,2.0,58,1632,1670,0.9772455089820358,89,53,53,1.0,34,143,915456,191,0x6131d1551975c7e4b30f1bc720f0c63661131c8b9fc4abed0d4b904c86a47010,10,9,6,920,101,640085,13,4,4.0,1.0,1,2,0
0x5d9729950b1b89c267faeb624166fde14ed7662e6e3076fe6998a3ed53f9292f,3,0x08608176e1d6ac5be11de8403805d4b339899a1b,0xc9f27a50f82571c1c8423a42970613b8dbda14ef,2021-12-12 10:26:15+00:00,284239,43668908567,10485449,183103,0,564,2.0,57,1633,1671,0.9772591262716936,89,631,655,0.9633587786259542,192,469,3025350,192,0x5d9729950b1b89c267faeb624166fde14ed7662e6e3076fe6998a3ed53f9292f,1,1,12,921,101,641042,159,7,5.0,3.0,1,3,0
0xd3474a7ecc3685b26cc5b32090309ee79708ca50d638bb7f5c8e157471269cac,2,0x280a8675cf1d930c638f4f9eb9dbe75823801d5a,0xc9f27a50f82571c1c8423a42970613b8dbda14ef,2021-12-12 14:25:11+00:00,140944,39470385893,2603568,88865,0,3823,2.0,56,1634,1672,0.9772727272727272,89,3710,3904,0.9503073770491804,497,676,4366399,193,0xd3474a7ecc3685b26cc5b32090309ee79708ca50d638bb7f5c8e157471269cac,3,3,8,921,101,642154,490,7,4.0,3.0,1,3,0
0x24e7c48bd5565a189707968171491db55e7e5cb7a046322b5a4e4e270180a05e,3,0xa58a950cc6083863d8179171d8a18a3537f46c5c,0xc9f27a50f82571c1c8423a42970613b8dbda14ef,2021-12-12 18:52:09+00:00,126822,58912173243,25933006,84251,0,318,2.0,55,1635,1673,0.9772863120143453,89,354,367,0.9645776566757492,124,356,2293271,194,0x24e7c48bd5565a189707968171491db55e7e5cb7a046322b5a4e4e270180a05e,2,2,6,921,101,643377,88,4,4.0,1.0,1,2,0
0x785789a726e2a6f666d7fb0cef233252a65614ea64bf7378d656ac745eba94b4,3,0xed36b17651229475a8eefbb64b706c18aafd4311,0xc9f27a50f82571c1c8423a42970613b8dbda14ef,2021-12-13 06:20:49+00:00,126822,39421089053,16181483,84251,0,770,2.0,54,1636,1674,0.977299880525687,90,768,804,0.9552238805970148,179,433,2795865,195,0x785789a726e2a6f666d7fb0cef233252a65614ea64bf7378d656ac745eba94b4,2,2,6,921,102,646489,106,4,4.0,1.0,1,2,0
0x2dd8b5070a6a3cdb7dfb810b67145610b52d6004d2338ff7c0def66e7d2b73e7,2,0x12d3015a7aafe770d585bc17c2200c0f1eb57fe3,0xc9f27a50f82571c1c8423a42970613b8dbda14ef,2021-12-13 09:11:27+00:00,140927,41000000000,19930710,88853,0,17,,53,1637,1675,0.977313432835821,90,17,19,0.894736842105263,11,257,1647986,196,0x2dd8b5070a6a3cdb7dfb810b67145610b52d6004d2338ff7c0def66e7d2b73e7,2,2,8,921,102,647235,14,7,4.0,3.0,1,3,0
0xc283c296975e68e06ad1e4b81976c68a3fd378d9732108cc016b098ad765d266,2,0xad82aecd14d42aa19f5b6175e23937f33d25babe,0xc9f27a50f82571c1c8423a42970613b8dbda14ef,2021-12-13 11:12:27+00:00,140926,39377182271,9975783,88853,0,320,2.0,52,1638,1677,0.9767441860465116,90,335,348,0.9626436781609196,86,359,2315274,197,0xc283c296975e68e06ad1e4b81976c68a3fd378d9732108cc016b098ad765d266,2,2,8,921,102,647776,99,7,4.0,3.0,1,3,0
0x2df16be3e21077bb6d1c99fd7513d98681266257ed5f9aaa057931a047ea9727,2,0x679b4172e1698579d562d1d8b4774968305b80b2,0xc9f27a50f82571c1c8423a42970613b8dbda14ef,2021-12-13 11:12:27+00:00,140908,38877182271,13383181,88841,0,540,2.0,51,1638,1677,0.9767441860465116,90,548,568,0.9647887323943662,111,430,2775882,198,0x2df16be3e21077bb6d1c99fd7513d98681266257ed5f9aaa057931a047ea9727,2,2,8,921,102,647776,198,7,4.0,3.0,1,3,0
0x5f3356a59da9e74ae0f71fb0face2c5c43c6321fd34954829a56538674ce8d0a,2,0x05e362bef8c3519a945a65e187e052e23613902c,0xc9f27a50f82571c1c8423a42970613b8dbda14ef,2021-12-13 12:47:15+00:00,140908,39592978670,12572222,93641,0,2696,2.0,50,1639,1678,0.9767580452920142,90,2693,2742,0.9821298322392414,328,1466,9102851,199,0x5f3356a59da9e74ae0f71fb0face2c5c43c6321fd34954829a56538674ce8d0a,8,6,8,921,102,648222,268,7,4.0,3.0,1,3,0
0x4b25719d1d5d5da4e4f9bb6166c4ee5f55f8fa37d4496a3eb8f78ac76bc9f612,2,0x4721a43133d1a13f3651a415b68f81e73edb5dc6,0xc9f27a50f82571c1c8423a42970613b8dbda14ef,2021-12-13 13:40:53+00:00,166558,50630968054,3949435,110741,0,556,2.0,49,1640,1679,0.9767718880285884,90,565,588,0.9608843537414966,122,347,2232837,200,0x4b25719d1d5d5da4e4f9bb6166c4ee5f55f8fa37d4496a3eb8f78ac76bc9f612,14,12,8,921,102,648487,73,7,4.0,3.0,1,3,0
0xb54f46644ab29633c61f227ce1a0a1ab2d17237a49585cb4f0bd8eb82a2618a6,3,0xbae1d68661b98ba3b7dca7468b014a05a8c5e64f,0xc9f27a50f82571c1c8423a42970613b8dbda14ef,2021-12-13 13:59:15+00:00,284239,42439597740,4440642,183103,0,38,2.0,48,1641,1680,0.9767857142857141,90,41,42,0.976190476190476,25,485,3130860,201,0xb54f46644ab29633c61f227ce1a0a1ab2d17237a49585cb4f0bd8eb82a2618a6,1,1,12,922,102,648575,22,7,5.0,3.0,1,3,0
0x82c81f9adc710e754a425594d0bc9c0ed03baf8353b8fd9f516578acd09975f1,2,0xbae1d68661b98ba3b7dca7468b014a05a8c5e64f,0xc9f27a50f82571c1c8423a42970613b8dbda14ef,2021-12-13 14:19:25+00:00,166576,63833814028,6409387,105953,0,39,2.0,47,1642,1681,0.976799524092802,90,42,43,0.9767441860465116,25,485,3130935,202,0x82c81f9adc710e754a425594d0bc9c0ed03baf8353b8fd9f516578acd09975f1,2,1,8,922,102,648650,22,7,4.0,3.0,1,3,0
0x8d8ee96453f1cb59c2ddf88eec21d2faf7f72947e8deb36fd5df51376c1a1a26,3,0x0b025d49201314db012911a95ec7e4609027a693,0xc9f27a50f82571c1c8423a42970613b8dbda14ef,2021-12-13 14:46:09+00:00,163582,45002384697,5097147,103958,0,1093,2.0,46,1643,1682,0.9768133174791914,90,1032,1115,0.9255605381165918,168,328,2111211,203,0x8d8ee96453f1cb59c2ddf88eec21d2faf7f72947e8deb36fd5df51376c1a1a26,2,2,13,922,102,648777,200,7,5.0,3.0,1,3,0
0x619b87dae8dd189ac0f3eb268d53e4d6f99ccef58efad4cb62667d1bc8125a34,2,0x10690227d831a2daef1e7728226bf2501eb8beca,0xc9f27a50f82571c1c8423a42970613b8dbda14ef,2021-12-13 21:31:51+00:00,140926,91370029140,12354015,88853,0,170,2.0,45,1644,1683,0.9768270944741532,90,181,184,0.983695652173913,59,1665,10047418,204,0x619b87dae8dd189ac0f3eb268d53e4d6f99ccef58efad4cb62667d1bc8125a34,2,2,8,922,102,650631,59,7,4.0,3.0,1,3,0
0xeab93827cecb1e6d8f0ea0e55d37161f0e705d0359bd549c9a9a8972a4fed509,2,0xccff041faeb4afda1cf84b0c082d907387291453,0xc9f27a50f82571c1c8423a42970613b8dbda14ef,2021-12-14 08:30:06+00:00,140890,52817541281,5214578,93629,0,153,2.0,44,1645,1684,0.9768408551068885,91,168,172,0.9767441860465116,49,1575,9613012,205,0xeab93827cecb1e6d8f0ea0e55d37161f0e705d0359bd549c9a9a8972a4fed509,2,2,8,922,103,653523,50,7,4.0,3.0,1,3,0
0x404c8dc7365d8d77cad320b682f0aac8494fa3563ef45d5e2383656af7a5b95f,3,0x32a59b87352e980dd6ab1baf462696d28e63525d,0xc9f27a50f82571c1c8423a42970613b8dbda14ef,2021-12-14 09:59:30+00:00,250959,38664348926,25144672,165716,0,7318,2.0,43,1646,1685,0.976854599406528,91,6286,7384,0.8513001083423619,534,1422,8847943,206,0x404c8dc7365d8d77cad320b682f0aac8494fa3563ef45d5e2383656af7a5b95f,1,1,6,923,103,653935,1273,4,4.0,1.0,1,2,0
0x57f9cc3caa0d804e4f40364ee42bdd547642e5f1716af137b1b8bdf14dcf8473,2,0xd8047842874e3be4a1155ad052dbd5395d3a154f,0xc9f27a50f82571c1c8423a42970613b8dbda14ef,2021-12-14 13:45:08+00:00,140944,103069156692,2613294,88865,0,25,2.0,42,1647,1686,0.9768683274021353,91,28,29,0.9655172413793104,9,95,606999,207,0x57f9cc3caa0d804e4f40364ee42bdd547642e5f1716af137b1b8bdf14dcf8473,4,4,8,923,103,654942,13,7,4.0,3.0,1,3,0
0xc03900f5a755543ade9666b0d8db91324ed86b3cb05bfbf7bd299f7417b87334,2,0x6721139dbafef557ed9a74642cad6af7666ad461,0xc9f27a50f82571c1c8423a42970613b8dbda14ef,2021-12-14 14:18:07+00:00,93951,54640196733,22611679,88853,0,157,2.0,41,1648,1687,0.976882039122703,91,168,169,0.9940828402366864,58,421,2715509,208,0xc03900f5a755543ade9666b0d8db91324ed86b3cb05bfbf7bd299f7417b87334,2,2,8,923,103,655086,48,7,4.0,3.0,1,3,0
0x0795e71d7bf6a4ad5b81f451ec70af66fe47539a8035a799da16715d4f3701bc,2,0xe9eea3829349eeb1c1a27437446ca85c11280463,0xc9f27a50f82571c1c8423a42970613b8dbda14ef,2021-12-14 15:11:44+00:00,140926,61570761972,5797922,88853,0,655,2.0,40,1649,1688,0.9768957345971564,91,652,670,0.9731343283582088,68,417,2691910,209,0x0795e71d7bf6a4ad5b81f451ec70af66fe47539a8035a799da16715d4f3701bc,2,2,8,923,103,655351,100,7,4.0,3.0,1,3,0
0xf3ff50bb8418c9d83134e21694283b2ba0e9853968337e021a971a8d172db9ae,2,0x01a9166c6492713e939f85e23cccfa88e5ef671f,0xc9f27a50f82571c1c8423a42970613b8dbda14ef,2021-12-14 18:11:31+00:00,140926,66302210859,4575888,88853,0,52,2.0,39,1650,1689,0.9769094138543516,91,70,70,1.0,17,130,836362,210,0xf3ff50bb8418c9d83134e21694283b2ba0e9853968337e021a971a8d172db9ae,3,3,8,923,103,656146,14,7,4.0,3.0,1,3,0
0x699dde4890a5dc86fc0543c0c8b293b5587f08a0eb3ff93cb8492c13febcf2e7,2,0x05e362bef8c3519a945a65e187e052e23613902c,0xc9f27a50f82571c1c8423a42970613b8dbda14ef,2021-12-14 18:20:41+00:00,166558,61940298662,15117631,110741,0,2717,2.0,38,1651,1690,0.9769230769230768,91,2713,2762,0.9822592324402608,329,1467,9110817,211,0x699dde4890a5dc86fc0543c0c8b293b5587f08a0eb3ff93cb8492c13febcf2e7,9,7,8,923,103,656188,270,7,4.0,3.0,1,3,0
0x7632c8e44a12406a38b7095c708be03cf5afc559bf6451fceb6a34cb70681a32,3,0xcbc6d27dd9ad183faf892637c67d274c617b4d78,0xc9f27a50f82571c1c8423a42970613b8dbda14ef,2021-12-14 18:44:10+00:00,287719,68669600638,8524596,185423,0,259,2.0,37,1652,1691,0.976936723832052,91,287,301,0.9534883720930232,92,1019,6518407,212,0x7632c8e44a12406a38b7095c708be03cf5afc559bf6451fceb6a34cb70681a32,1,1,13,924,103,656293,116,7,5.0,3.0,1,3,0
0x7bc150321aa4682d07dadc9c0f5697d2b381d452765896a647173266fe79d604,3,0xf5b0befc14cac8f0647237876f4258fd0d3d6337,0xc9f27a50f82571c1c8423a42970613b8dbda14ef,2021-12-14 18:54:28+00:00,250941,53697673212,23289771,165704,0,3,,36,1653,1692,0.976950354609929,91,5,5,1.0,2,8,54100,213,0x7bc150321aa4682d07dadc9c0f5697d2b381d452765896a647173266fe79d604,1,1,6,925,103,656346,4,4,4.0,1.0,1,2,0
0x586db3b91ae2946a6733777187654b37d435238ebdeb719f72e2c65fc5b81acb,2,0x24244ef4839fda2084df4b7c0e4db4d806819cf3,0xc9f27a50f82571c1c8423a42970613b8dbda14ef,2021-12-14 21:45:40+00:00,166594,127282957903,6607210,105965,0,333,2.0,35,1654,1693,0.9769639692852924,91,333,346,0.9624277456647398,104,438,2832420,214,0x586db3b91ae2946a6733777187654b37d435238ebdeb719f72e2c65fc5b81acb,2,2,8,925,103,657104,116,7,4.0,3.0,1,3,0
0x94ce7bd57a6f9e2f2d73b63182d39b66b78b7bd994407b9fe786b72cd31c8b28,2,0x80196c4dc520d87f3d9c619e547d8d5bc0d3502d,0xc9f27a50f82571c1c8423a42970613b8dbda14ef,2021-12-14 22:19:15+00:00,166576,69406249484,23421264,105953,0,314,2.0,34,1655,1694,0.9769775678866588,91,370,374,0.9893048128342244,123,362,2332313,215,0x94ce7bd57a6f9e2f2d73b63182d39b66b78b7bd994407b9fe786b72cd31c8b28,2,2,8,925,103,657260,90,7,4.0,3.0,1,3,0
0x7f54c5524d77d059a2b26ec296e74d58af31c79451347fbadb37f686f68bbbc6,2,0x72b223de2f773c814465c4a8f2ef9faae702cfb3,0xc9f27a50f82571c1c8423a42970613b8dbda14ef,2021-12-15 07:26:18+00:00,140944,49118280930,15098598,88865,0,2854,2.0,33,1656,1695,0.9769911504424778,92,2527,2865,0.882024432809773,270,458,2956167,216,0x7f54c5524d77d059a2b26ec296e74d58af31c79451347fbadb37f686f68bbbc6,4,4,8,925,104,659677,324,7,4.0,3.0,1,3,0
0xac23743211a40a137df4202febd43cf913c313b922a34797bd54290298cb2db0,3,0xd0af26b04197ab1ef5550b397943b7dafd6ce90e,0xc9f27a50f82571c1c8423a42970613b8dbda14ef,2021-12-15 09:04:13+00:00,250977,69665962286,9630455,165728,0,17,2.0,32,1657,1696,0.977004716981132,92,18,18,1.0,5,81,512534,217,0xac23743211a40a137df4202febd43cf913c313b922a34797bd54290298cb2db0,1,1,6,926,104,660105,11,4,4.0,1.0,1,2,0
0xc984d53e704f140d5e85b8dd4fc1a7ad2a2f23d8243c8bad6caa3c13fe0e2bbe,2,0xb6f951f9fc00e430f09e0bb6881e553fc0c87ac4,0xc9f27a50f82571c1c8423a42970613b8dbda14ef,2021-12-15 11:36:37+00:00,140908,50100000000,689699,88841,0,34,,31,1658,1697,0.9770182675309368,92,42,42,1.0,19,237,1520171,218,0xc984d53e704f140d5e85b8dd4fc1a7ad2a2f23d8243c8bad6caa3c13fe0e2bbe,2,2,8,926,104,660803,19,7,4.0,3.0,1,3,0
0x16273640fc6e6c4def95c51a16bb1550a435f13d41ad6101855a225c5e51138a,3,0x4da86804c5cc2b8d0a48618e6e1da4a3cae07793,0xc9f27a50f82571c1c8423a42970613b8dbda14ef,2021-12-16 03:37:35+00:00,250959,75857217673,11231570,165716,0,44,2.0,30,1659,1698,0.9770318021201412,93,51,52,0.9807692307692308,20,1403,8737111,219,0x16273640fc6e6c4def95c51a16bb1550a435f13d41ad6101855a225c5e51138a,1,1,6,927,105,665123,24,4,4.0,1.0,1,2,0
0x481c75c63b72f5161693b737dcb581ebe14a4ec8d129f1cf0b15df577351153a,2,0xe905fceb934d98c75022fda23b491ddfccd47f83,0xc9f27a50f82571c1c8423a42970613b8dbda14ef,2021-12-16 09:47:42+00:00,140908,51537240250,10236334,88841,0,133,2.0,29,1660,1699,0.9770453207769276,93,137,142,0.9647887323943662,37,265,1700409,220,0x481c75c63b72f5161693b737dcb581ebe14a4ec8d129f1cf0b15df577351153a,2,2,8,927,105,666826,54,7,4.0,3.0,1,3,0
0x4a40ae815999bbd4ca994ad7d6d8ddb2d3f8ccba3f3d90d84bc246f8638a47fb,2,0xccff041faeb4afda1cf84b0c082d907387291453,0xc9f27a50f82571c1c8423a42970613b8dbda14ef,2021-12-17 07:24:58+00:00,166558,47327558603,20162406,105941,0,159,2.0,28,1661,1700,0.9770588235294116,94,175,179,0.9776536312849162,50,1578,9632123,221,0x4a40ae815999bbd4ca994ad7d6d8ddb2d3f8ccba3f3d90d84bc246f8638a47fb,3,3,8,927,106,672634,51,7,4.0,3.0,1,3,0
0x4283f9d3882774c126f45efe7cacabbdda3137e5125015f7fbb8fe55195b7183,2,0xe29bdd620872e4daea7cfd491a39798a1f564915,0xc9f27a50f82571c1c8423a42970613b8dbda14ef,2021-12-17 09:36:26+00:00,166540,49427507694,3968874,110729,0,286,2.0,27,1662,1701,0.9770723104056436,94,298,311,0.9581993569131833,92,299,1920829,222,0x4283f9d3882774c126f45efe7cacabbdda3137e5125015f7fbb8fe55195b7183,3,3,8,927,106,673210,59,7,4.0,3.0,1,3,0
0xaa3665e6415be904b011c4168ff6bc210794416303598262c824074b2a44d086,2,0x4da86804c5cc2b8d0a48618e6e1da4a3cae07793,0xc9f27a50f82571c1c8423a42970613b8dbda14ef,2021-12-17 12:36:06+00:00,140926,98985582915,7014109,88853,0,45,2.0,26,1663,1702,0.9770857814336074,94,52,53,0.981132075471698,21,1404,8745963,223,0xaa3665e6415be904b011c4168ff6bc210794416303598262c824074b2a44d086,2,2,8,927,106,673975,24,7,4.0,3.0,1,3,0
0xbaab16b87806a10999effa9cd754f035475b50f8d5f1859e7db33d83d9ee93a4,2,0xc96aea91ec00b495b3d91dd139a206558a1c5497,0xc9f27a50f82571c1c8423a42970613b8dbda14ef,2021-12-17 13:32:33+00:00,140926,49934092065,26604597,88853,0,627,,25,1664,1703,0.9770992366412212,94,581,636,0.9135220125786164,140,496,3200741,224,0xbaab16b87806a10999effa9cd754f035475b50f8d5f1859e7db33d83d9ee93a4,2,2,8,927,106,674215,148,7,4.0,3.0,1,3,0
0xc97fca12aadd36b7258b24f07114fc5328963cac9d586215cb115b97a9acb277,3,0x13906045e62f0c0aa6b01fd14ca164817e3e474f,0xc9f27a50f82571c1c8423a42970613b8dbda14ef,2021-12-17 13:34:26+00:00,287719,54982322676,27621894,185423,0,123,2.0,24,1665,1704,0.977112676056338,94,337,342,0.9853801169590644,266,2102,12665257,225,0xc97fca12aadd36b7258b24f07114fc5328963cac9d586215cb115b97a9acb277,1,1,13,928,106,674222,39,7,5.0,3.0,1,3,0
0x523233604e889ade938e2e629e6b01878283709329714093c7553c54ff7c6252,3,0x9ef7b6db1547ae9827a036838f633808feb9e24d,0xc9f27a50f82571c1c8423a42970613b8dbda14ef,2021-12-17 15:55:09+00:00,287701,79619823196,12777100,185411,0,588,2.0,23,1666,1705,0.9771260997067448,94,564,599,0.9415692821368948,134,514,3319173,226,0x523233604e889ade938e2e629e6b01878283709329714093c7553c54ff7c6252,1,1,13,929,106,674843,173,7,5.0,3.0,1,3,0
0x6c91e55a54299c2879252380c694636ad117d7b41f6b919294f08eeaacd560c2,2,0x941d8b7b8f6088d04bfa271d6754f3164898c78e,0xc9f27a50f82571c1c8423a42970613b8dbda14ef,2021-12-18 09:50:44+00:00,140926,45693964995,18513548,88853,0,91,2.0,22,1667,1706,0.977139507620164,95,96,109,0.8807339449541284,40,363,2336776,227,0x6c91e55a54299c2879252380c694636ad117d7b41f6b919294f08eeaacd560c2,2,2,8,929,107,679744,26,7,4.0,3.0,1,3,0
0x93a1e1e9f565a5cea83853dfb28e5e65f4f595882b302d6a84df9c5812941285,2,0xe29bdd620872e4daea7cfd491a39798a1f564915,0xc9f27a50f82571c1c8423a42970613b8dbda14ef,2021-12-18 19:13:31+00:00,166576,42936233280,16610658,105953,0,288,2.0,21,1668,1707,0.9771528998242532,95,301,314,0.9585987261146496,93,300,1929866,228,0x93a1e1e9f565a5cea83853dfb28e5e65f4f595882b302d6a84df9c5812941285,4,4,8,929,107,682247,59,7,4.0,3.0,1,3,0
0xcd94d5058d1936701584d5f556ff6a7495b37d3ae5cb0784a9ff0074e58ab331,2,0xcf0de3dea22ff2b1ec918c13fdc31f3874fc72e9,0xc9f27a50f82571c1c8423a42970613b8dbda14ef,2021-12-18 23:27:56+00:00,166576,54602606198,11489932,105953,0,252,2.0,20,1669,1708,0.9771662763466042,95,267,275,0.9709090909090908,73,1495,9283692,229,0xcd94d5058d1936701584d5f556ff6a7495b37d3ae5cb0784a9ff0074e58ab331,2,2,8,929,107,683405,67,7,4.0,3.0,1,3,0
0x4b02f725f037fdc29f0cf181ce58219b0619933a205bda4757bf40d629af8737,2,0x267a6d716452082f5a45b6192436566e9b5b108f,0xc9f27a50f82571c1c8423a42970613b8dbda14ef,2021-12-19 01:26:46+00:00,166576,80000000000,2879615,105953,0,449,,19,1670,1709,0.9771796372147454,96,474,510,0.9294117647058824,97,468,3017098,230,0x4b02f725f037fdc29f0cf181ce58219b0619933a205bda4757bf40d629af8737,8,6,8,929,108,683927,49,7,4.0,3.0,1,3,0
0xcd4690e5d9f1a09b7c5eea96aab5cddee9a92c44c8f05ac1b6742aa86e5191ac,2,0x267a6d716452082f5a45b6192436566e9b5b108f,0xc9f27a50f82571c1c8423a42970613b8dbda14ef,2021-12-19 01:29:44+00:00,166576,60135550576,9650201,86140,0,450,,18,1671,1710,0.9771929824561404,96,475,513,0.925925925925926,97,468,3017111,231,0xcd4690e5d9f1a09b7c5eea96aab5cddee9a92c44c8f05ac1b6742aa86e5191ac,9,6,8,929,108,683940,49,7,4.0,3.0,1,3,0
0xf049243074034e3d02f7573d0a4c7beb2646739f81754a04241c94ee1ceafc68,2,0xa58a950cc6083863d8179171d8a18a3537f46c5c,0xc9f27a50f82571c1c8423a42970613b8dbda14ef,2021-12-19 07:46:16+00:00,140944,41912118303,4805573,88865,0,322,2.0,17,1672,1711,0.9772063120981882,96,359,372,0.9650537634408602,126,363,2335507,232,0xf049243074034e3d02f7573d0a4c7beb2646739f81754a04241c94ee1ceafc68,3,3,8,929,108,685613,88,7,4.0,3.0,1,3,0
0x092122b234d819d81f4b9691b2a2b14a4ce834a26079b3daf61c6e5627565ded,2,0x35dcf2c2223f335266e17dacbe8777d7c5bf8a15,0xc9f27a50f82571c1c8423a42970613b8dbda14ef,2021-12-19 08:20:47+00:00,140944,48517598283,882530,88865,0,1425,2.0,16,1673,1712,0.9772196261682244,96,1394,1469,0.9489448604492852,230,1008,6450491,233,0x092122b234d819d81f4b9691b2a2b14a4ce834a26079b3daf61c6e5627565ded,2,2,8,929,108,685757,352,7,4.0,3.0,1,3,0
0xe89ded7c6aeb064810b810627844c8088eee5cb1bb120756c9e383bd093e43e6,2,0x9a560c3cebb3a8c0f28efcc43f4d12e942f4eed7,0xc9f27a50f82571c1c8423a42970613b8dbda14ef,2021-12-19 09:33:04+00:00,166594,35678866329,24194920,105965,0,4971,2.0,15,1674,1713,0.97723292469352,96,4585,5025,0.9124378109452737,446,699,4515201,234,0xe89ded7c6aeb064810b810627844c8088eee5cb1bb120756c9e383bd093e43e6,4,4,8,929,108,686062,583,7,4.0,3.0,1,3,0
0x8ec841616aba57bc37568891ab47628b690409bc0915884af5796f95cf17ec63,2,0xef7d9be5a88af3c6bc4d87606b2747695485e50e,0xc9f27a50f82571c1c8423a42970613b8dbda14ef,2021-12-19 12:05:15+00:00,140944,41000000000,9705362,88865,0,1314,2.0,14,1675,1714,0.9772462077012836,96,1371,1382,0.992040520984081,313,1451,9016385,235,0x8ec841616aba57bc37568891ab47628b690409bc0915884af5796f95cf17ec63,2,2,8,929,108,686792,242,7,4.0,3.0,1,3,0
0xfb520a9d37827a41b5bdd21588d79bb407bdda05e80b834d688ac28d53dcc964,2,0x382bc51a164aba74afdd0024f2ad6f81ff261553,0xc9f27a50f82571c1c8423a42970613b8dbda14ef,2021-12-19 14:48:57+00:00,140926,56606304457,2975821,88853,0,206,2.0,13,1676,1715,0.9772594752186587,96,212,217,0.976958525345622,50,133,851040,236,0xfb520a9d37827a41b5bdd21588d79bb407bdda05e80b834d688ac28d53dcc964,2,2,8,929,108,687544,83,7,4.0,3.0,1,3,0
0x56d0adc3e4a81ec286466cc6ad08976bcfc9599669010275c4cf2c6b02e18860,2,0x3dce908e0bc371bd224433c22345500ebf1525e3,0xc9f27a50f82571c1c8423a42970613b8dbda14ef,2021-12-19 17:34:13+00:00,140926,72731521715,7975168,88853,0,59,2.0,12,1677,1716,0.9772727272727272,96,65,67,0.9701492537313432,20,579,3737710,237,0x56d0adc3e4a81ec286466cc6ad08976bcfc9599669010275c4cf2c6b02e18860,2,2,8,929,108,688276,33,7,4.0,3.0,1,3,0
0x49ce73ff1d197ebbb0387ad5a82780984567dd3b269c6475e81988009922c5ed,2,0xf0b14c66ea5036ac75ab58ca5dae0ade5f01712f,0xc9f27a50f82571c1c8423a42970613b8dbda14ef,2021-12-20 05:33:41+00:00,140926,42259303306,17392583,88853,0,163,2.0,11,1678,1717,0.9772859638905068,97,178,178,1.0,41,97,614230,238,0x49ce73ff1d197ebbb0387ad5a82780984567dd3b269c6475e81988009922c5ed,2,2,8,929,109,691527,42,7,4.0,3.0,1,3,0
0x20d821fe2752fefc90c9a659a4bf623f5bbc66ef144a0253be4911ed0b015678,2,0x9f82226aae1f6900047da20c30dc836587157e03,0xc9f27a50f82571c1c8423a42970613b8dbda14ef,2021-12-20 09:55:50+00:00,166576,55000000000,6969516,105953,0,714,,10,1679,1718,0.9772991850989524,97,719,730,0.984931506849315,134,228,1461883,239,0x20d821fe2752fefc90c9a659a4bf623f5bbc66ef144a0253be4911ed0b015678,4,4,8,929,109,692658,143,7,4.0,3.0,1,3,0
0xa62079f9fb5084b18c2be6403fdc05726d3ef68b9e6ab6976922b18c7adeee01,3,0x7d2ecc357cc50a0c2c59a2d1d1587ea27e096a05,0xc9f27a50f82571c1c8423a42970613b8dbda14ef,2021-12-20 11:19:37+00:00,250959,36362393394,16274939,165716,0,89,2.0,9,1680,1719,0.9773123909249564,97,113,122,0.9262295081967212,49,1559,9570971,240,0xa62079f9fb5084b18c2be6403fdc05726d3ef68b9e6ab6976922b18c7adeee01,1,1,6,930,109,693014,43,4,4.0,1.0,1,2,0
0x8091389ee234cbefc3bf0a4c8cce5fd820f77eb586f300560d135b9804b5d055,3,0xa3f76c31f57da65b0ce84c64c25e61bf38c86bed,0xc9f27a50f82571c1c8423a42970613b8dbda14ef,2021-12-20 11:22:08+00:00,287701,31000000000,17393995,185411,0,269,2.0,8,1681,1720,0.9773255813953488,97,271,273,0.9926739926739928,112,545,3519473,241,0x8091389ee234cbefc3bf0a4c8cce5fd820f77eb586f300560d135b9804b5d055,1,1,13,931,109,693027,83,7,5.0,3.0,1,3,0
0x3425acd106ef5f78d9416f0c47940ea70d9aa383aa33d8ee3d13c4eac3126b38,2,0x1401528d8bc0031090d872ab9a92d95ec2ddac44,0xc9f27a50f82571c1c8423a42970613b8dbda14ef,2021-12-20 11:50:58+00:00,140944,33188790498,16534134,88865,0,510,2.0,7,1682,1721,0.9773387565368972,97,511,546,0.935897435897436,116,364,2345315,242,0x3425acd106ef5f78d9416f0c47940ea70d9aa383aa33d8ee3d13c4eac3126b38,3,3,8,931,109,693155,93,7,4.0,3.0,1,3,0
0xe78597998a8ffea3e4995a199bb971ef1247746547eeea58f91819dd77ae1c4f,2,0xa8005630cae7b7d2afadd38fd3b3040d13cbe2bc,0xc9f27a50f82571c1c8423a42970613b8dbda14ef,2021-12-20 15:40:05+00:00,140908,80952684641,1796160,88841,0,325,2.0,6,1683,1722,0.9773519163763064,97,335,345,0.9710144927536232,105,670,4329954,243,0xe78597998a8ffea3e4995a199bb971ef1247746547eeea58f91819dd77ae1c4f,2,2,8,931,109,694210,112,7,4.0,3.0,1,3,0
0x73d98f4b07f63a65c229fc87f7f21c7576c4f9903890321471df838e2b74bf1b,2,0xeb9072f14a376bf6d4bf9d0ae6c13eb30dd11681,0xc9f27a50f82571c1c8423a42970613b8dbda14ef,2021-12-20 22:54:42+00:00,140944,60436991983,4638568,88865,0,392,2.0,5,1684,1723,0.9773650609402204,97,387,398,0.972361809045226,103,346,2229449,244,0x73d98f4b07f63a65c229fc87f7f21c7576c4f9903890321471df838e2b74bf1b,2,2,8,931,109,696249,96,7,4.0,3.0,1,3,0
0x0f27686101cbe22c79f6c313251e4680866a752d123215d9838374168e3344bd,3,0x078d423dced327d331fc8915d15ddeaaee6414ac,0xc9f27a50f82571c1c8423a42970613b8dbda14ef,2021-12-21 00:38:51+00:00,208455,91792340835,2048414,183115,0,744,,4,1685,1724,0.9773781902552204,98,722,754,0.9575596816976129,99,359,2309936,245,0x0f27686101cbe22c79f6c313251e4680866a752d123215d9838374168e3344bd,1,1,12,932,110,696744,136,7,5.0,3.0,1,3,0
0xcf762a8f4502cbeb4ab79626cc5a7c65c6dde5b487c8fa9b58f421e10e4807e8,2,0x26eccf0498462fea34ba8713d66e953395d93e85,0xc9f27a50f82571c1c8423a42970613b8dbda14ef,2021-12-21 04:49:34+00:00,166576,55075245103,5837166,105953,0,72,2.0,3,1686,1725,0.977391304347826,98,88,88,1.0,30,278,1785129,246,0xcf762a8f4502cbeb4ab79626cc5a7c65c6dde5b487c8fa9b58f421e10e4807e8,2,2,8,932,110,697819,33,7,4.0,3.0,1,3,0
0x24e276cfc0cbd280a71da775ae35da39a107b97f819a3b2cd7cb40e9cc3afb82,2,0x57e648f095dc7d8b26e97dfd1d03be8d7fbfbf71,0xc9f27a50f82571c1c8423a42970613b8dbda14ef,2021-12-21 12:08:21+00:00,140926,47199232811,25299643,88853,0,1412,2.0,2,1687,1726,0.977404403244496,98,1446,1514,0.9550858652575956,253,538,3474053,247,0x24e276cfc0cbd280a71da775ae35da39a107b97f819a3b2cd7cb40e9cc3afb82,5,5,8,932,110,699746,392,7,4.0,3.0,1,3,0
