transaction_hash,trace_involved_amt,from_address,to_address,block_timestamp,gas,gas_price,receipt_cumulative_gas_used,receipt_gas_used,value,nonce,transaction_type,rn,contract_block_involved,contract_tx_count,contract_block_per_tx,contract_main_active_days,sender_block_involved,sender_tx_count,sender_block_per_tx,sender_main_active_days,sender_lifetime_days,sender_lifetime_block,contract_interact,add_feat_hash,sender_tx_count_call_contract,sender_days_call_contract,trace_amt,distinct_sender_in_contract,contract_lifetime_days,contract_lifetime_block,distinct_contract_sender_called,contract_involved_amt,max_breadth,depth,distinct_was_called_in_sample,distinct_sender_call_in_sample,is_sus,z_trace_involved_amt,z_contract_block_involved,z_contract_tx_count,z_contract_main_active_days,z_sender_block_involved,z_sender_tx_count,z_sender_main_active_days,z_contract_interact,z_sender_tx_count_call_contract,z_sender_days_call_contract,z_trace_amt,z_distinct_sender_in_contract,z_contract_lifetime_days,z_contract_lifetime_block,z_distinct_contract_sender_called,z_sender_lifetime_days,z_sender_lifetime_block,z_contract_involved_amt,z_max_breadth,z_depth,z_distinct_was_called_in_sample,z_distinct_sender_call_in_sample,z_gas,z_gas_price,z_receipt_cumulative_gas_used,z_receipt_gas_used,z_value,z_nonce,involved_trace_ratio,contract_active_day_ratio,tx_count_per_distinct_caller,contract_block_ratio,sender_active_day_ratio,sender_tx_count_per_contract,sender_block_ratio,tx_sender_call_contract,sender_call_contract_tx_ratio,sender_tx_count_call_contract_per_days,sender_call_contract_day_ratio,index
0xe156b8a2773af5d81236b463594690ebc4d1129e3444fe27a14500d4f08b716e,15,0xcb36b1ee0af68dce5578a487ff2da81282512233,0x2f755e8980f0c2e81681d82cccd1a4bd5b4d5d46,2021-05-08 14:14:40+00:00,1000000,190000000000,7672079,362536,1.52e+21,71,,125,17,36,0.4722222222222222,1,38,83,0.4578313253012048,2,1,6475,1,0xe156b8a2773af5d81236b463594690ebc4d1129e3444fe27a14500d4f08b716e,36,1,97,1,0,131,6,11,33.0,8.0,2,1,1,0.1818181818181819,-0.972123252376863,-0.9723625820113112,-1.0226042343797426,-1.642693598950402,-1.3964069193484892,-0.1714985851425088,-1.6124887273048314,-1.265251376932525,-0.1818181818181819,-0.8336601089904035,-0.9789256454999612,-1.0240642973374765,-1.0241346552557962,-0.1544354106593639,-0.178969406613225,-0.1791567152668665,-1.1130553324297934,0.9752807229953978,-0.913912764764064,-0.9057529185791028,-1.008995683418233,-0.942876664802572,-0.6470549850878213,0.0983169070414003,-0.9830191772629612,0.0,-1.4690869271826503,0.1546391752577319,1.0,36.0,0.1287878787878787,1.0,13.833333333333334,0.0058678196417541,0.4337349397590361,1.0,36.0,1.0,
0x9ad37ed87313e4b9ccd76ed2f341f929c92889fde316390673e24d9c24e96859,15,0xcb36b1ee0af68dce5578a487ff2da81282512233,0x2f755e8980f0c2e81681d82cccd1a4bd5b4d5d46,2021-05-08 14:14:40+00:00,1000000,190000000000,10133020,362536,1.52e+21,75,,128,17,36,0.4722222222222222,1,38,83,0.4578313253012048,2,1,6475,2,0x9ad37ed87313e4b9ccd76ed2f341f929c92889fde316390673e24d9c24e96859,36,1,97,1,0,131,6,11,33.0,8.0,2,1,1,0.1818181818181819,-0.972123252376863,-0.9723625820113112,-1.0226042343797426,-1.642693598950402,-1.3964069193484892,-0.1714985851425088,-1.5565926954376368,-1.265251376932525,-0.1818181818181819,-0.8336601089904035,-0.9789256454999612,-1.0240642973374765,-1.0241346552557962,-0.1544354106593639,-0.178969406613225,-0.1791567152668665,-1.1130553324297934,0.9752807229953978,-0.913912764764064,-0.9057529185791028,-1.008995683418233,-0.942876664802572,-0.6470549850878213,0.9666356785787866,-0.9830191772629612,0.0,-1.3656301013247172,0.1546391752577319,1.0,36.0,0.1287878787878787,1.0,13.833333333333334,0.0058678196417541,0.4337349397590361,1.0,36.0,1.0,
0xb9ed1ac5766583b5727be4f3ed3d08ccf21f5da2251afcb71003bb5d54a6b51f,15,0xcb36b1ee0af68dce5578a487ff2da81282512233,0x2f755e8980f0c2e81681d82cccd1a4bd5b4d5d46,2021-05-08 14:14:40+00:00,1000000,190000000000,8886434,362536,1.52e+21,73,,124,17,36,0.4722222222222222,1,38,83,0.4578313253012048,2,1,6475,3,0xb9ed1ac5766583b5727be4f3ed3d08ccf21f5da2251afcb71003bb5d54a6b51f,36,1,97,1,0,131,6,11,33.0,8.0,2,1,1,0.1818181818181819,-0.972123252376863,-0.9723625820113112,-1.0226042343797426,-1.642693598950402,-1.3964069193484892,-0.1714985851425088,-1.500696663570442,-1.265251376932525,-0.1818181818181819,-0.8336601089904035,-0.9789256454999612,-1.0240642973374765,-1.0241346552557962,-0.1544354106593639,-0.178969406613225,-0.1791567152668665,-1.1130553324297934,0.9752807229953978,-0.913912764764064,-0.9057529185791028,-1.008995683418233,-0.942876664802572,-0.6470549850878213,0.5267900975040253,-0.9830191772629612,0.0,-1.4173585142536838,0.1546391752577319,1.0,36.0,0.1287878787878787,1.0,13.833333333333334,0.0058678196417541,0.4337349397590361,1.0,36.0,1.0,
0x2fcfcb59fce527ec5a990386eab58e174cc6eaafc47ba666b39354aaca3d4f58,15,0xcb36b1ee0af68dce5578a487ff2da81282512233,0x2f755e8980f0c2e81681d82cccd1a4bd5b4d5d46,2021-05-08 14:15:00+00:00,1000000,190000000000,13205928,387249,1.738e+21,77,,122,18,37,0.4864864864864865,1,40,85,0.4705882352941176,2,1,6477,4,0x2fcfcb59fce527ec5a990386eab58e174cc6eaafc47ba666b39354aaca3d4f58,37,1,100,1,0,133,6,13,33.0,8.0,2,1,1,0.1818181818181819,-0.9720451565383956,-0.9722880529648652,-1.0226042343797426,-1.5315806661209648,-1.344856161841531,-0.1714985851425088,-1.4448006317032474,-1.2162258276093492,-0.1818181818181819,-0.7231537318707848,-0.9789256454999612,-1.0240642973374765,-1.024131759519585,-0.1544354106593639,-0.178969406613225,-0.1791506731793853,-0.7872194622805565,0.9752807229953978,-0.913912764764064,-0.9057529185791028,-1.008995683418233,-0.942876664802572,-0.6470549850878213,2.050880973206901,-0.8902361826317177,0.0,-1.3139016883957506,0.15,1.0,37.0,0.1343283582089552,1.0,14.166666666666666,0.0061747452917567,0.4352941176470588,1.0,37.0,1.0,
0xfc4a59df302cc2ee891771faed21c94e50ab2e9476f14b0cdeaa8c4c6c6aa087,15,0xcb36b1ee0af68dce5578a487ff2da81282512233,0x2f755e8980f0c2e81681d82cccd1a4bd5b4d5d46,2021-05-08 14:15:30+00:00,1000000,190000000000,4773058,387249,1.738e+21,79,,120,19,38,0.5,1,42,87,0.4827586206896552,2,1,6479,5,0xfc4a59df302cc2ee891771faed21c94e50ab2e9476f14b0cdeaa8c4c6c6aa087,38,1,100,1,0,135,6,13,33.0,8.0,2,1,1,0.1818181818181819,-0.971967060699928,-0.972213523918419,-1.0226042343797426,-1.4204677332915272,-1.2933054043345722,-0.1714985851425088,-1.3889045998360527,-1.1672002782861732,-0.1818181818181819,-0.7231537318707848,-0.9789256454999612,-1.0240642973374765,-1.0241288637833732,-0.1544354106593639,-0.178969406613225,-0.179144631091904,-0.7872194622805565,0.9752807229953978,-0.913912764764064,-0.9057529185791028,-1.008995683418233,-0.942876664802572,-0.6470549850878213,-0.9245740738399312,-0.8902361826317177,0.0,-1.262173275466784,0.15,1.0,38.0,0.1397058823529411,1.0,14.5,0.0064814814814814,0.4367816091954023,1.0,38.0,1.0,
0xe291a6e09ce84a67fd3fb5d310fa3d3472508de0bc9e5034973f198738cfaea5,15,0xcb36b1ee0af68dce5578a487ff2da81282512233,0x2f755e8980f0c2e81681d82cccd1a4bd5b4d5d46,2021-05-08 14:16:06+00:00,1000000,190000000000,10790943,387249,1.832e+21,81,,118,20,39,0.5128205128205128,1,44,89,0.4943820224719101,2,1,6484,6,0xe291a6e09ce84a67fd3fb5d310fa3d3472508de0bc9e5034973f198738cfaea5,39,1,100,1,0,140,6,13,33.0,8.0,2,1,1,0.1818181818181819,-0.9718889648614604,-0.9721389948719728,-1.0226042343797426,-1.30935480046209,-1.241754646827614,-0.1714985851425088,-1.333008567968858,-1.1181747289629973,-0.1818181818181819,-0.7231537318707848,-0.9789256454999612,-1.0240642973374765,-1.0241216244428446,-0.1544354106593639,-0.178969406613225,-0.1791295258732009,-0.7872194622805565,0.9752807229953978,-0.913912764764064,-0.9057529185791028,-1.008995683418233,-0.942876664802572,-0.6470549850878213,1.1987773232286143,-0.8902361826317177,0.0,-1.2104448625378177,0.15,1.0,39.0,0.1418439716312056,1.0,14.833333333333334,0.0067848882035466,0.4382022471910112,1.0,39.0,1.0,
0xb7777c263c5be818076b02cb2231fc53e8bcf26ec9d10f76e7ae648b07cfe7f6,15,0xcb36b1ee0af68dce5578a487ff2da81282512233,0x2f755e8980f0c2e81681d82cccd1a4bd5b4d5d46,2021-05-08 14:16:23+00:00,1000000,190000000000,9611709,387249,1.832e+21,83,,116,21,41,0.5121951219512195,1,46,93,0.4946236559139785,2,1,6486,7,0xb7777c263c5be818076b02cb2231fc53e8bcf26ec9d10f76e7ae648b07cfe7f6,41,1,100,1,0,142,6,13,33.0,8.0,2,1,1,0.1818181818181819,-0.9718108690229929,-0.9719899367790804,-1.0226042343797426,-1.1982418676326525,-1.138653131813697,-0.1714985851425088,-1.2771125361016635,-1.0201236303166452,-0.1818181818181819,-0.7231537318707848,-0.9789256454999612,-1.0240642973374765,-1.0241187287066331,-0.1544354106593639,-0.178969406613225,-0.1791234837857196,-0.7872194622805565,0.9752807229953978,-0.913912764764064,-0.9057529185791028,-1.008995683418233,-0.942876664802572,-0.6470549850878213,0.7826962313880874,-0.8902361826317177,0.0,-1.158716449608851,0.15,1.0,41.0,0.1468531468531468,1.0,15.5,0.007091105287498,0.4408602150537634,1.0,41.0,1.0,
0x868ebd32a3de359265e299db4df8bbe528eb825d728f236bc58f3c0ac5da814a,15,0xcb36b1ee0af68dce5578a487ff2da81282512233,0x2f755e8980f0c2e81681d82cccd1a4bd5b4d5d46,2021-05-08 14:16:23+00:00,1000000,190000000000,10875867,362536,1.832e+21,85,,114,21,41,0.5121951219512195,1,46,93,0.4946236559139785,2,1,6486,8,0x868ebd32a3de359265e299db4df8bbe528eb825d728f236bc58f3c0ac5da814a,41,1,97,1,0,142,6,11,33.0,8.0,2,1,1,0.1818181818181819,-0.9718108690229929,-0.9719899367790804,-1.0226042343797426,-1.1982418676326525,-1.138653131813697,-0.1714985851425088,-1.2212165042344687,-1.0201236303166452,-0.1818181818181819,-0.8336601089904035,-0.9789256454999612,-1.0240642973374765,-1.0241187287066331,-0.1544354106593639,-0.178969406613225,-0.1791234837857196,-1.1130553324297934,0.9752807229953978,-0.913912764764064,-0.9057529185791028,-1.008995683418233,-0.942876664802572,-0.6470549850878213,1.2287419194355291,-0.9830191772629612,0.0,-1.1069880366798843,0.1546391752577319,1.0,41.0,0.1468531468531468,1.0,15.5,0.007091105287498,0.4408602150537634,1.0,41.0,1.0,
0x918cffdb81707ffdd1e7d558ce8c9c8258707a7782eefb4fa63eb708c7c9df37,15,0xcb36b1ee0af68dce5578a487ff2da81282512233,0x2f755e8980f0c2e81681d82cccd1a4bd5b4d5d46,2021-05-08 14:16:55+00:00,1000000,190000000000,14219605,387249,1.98e+21,87,,112,22,42,0.5238095238095238,1,48,95,0.5052631578947369,2,1,6492,9,0x918cffdb81707ffdd1e7d558ce8c9c8258707a7782eefb4fa63eb708c7c9df37,42,1,100,1,0,148,6,13,33.0,8.0,2,1,1,0.1818181818181819,-0.9717327731845252,-0.9719154077326344,-1.0226042343797426,-1.0871289348032152,-1.0871023743067387,-0.1714985851425088,-1.165320472367274,-0.9710980809934694,-0.1818181818181819,-0.7231537318707848,-0.9789256454999612,-1.0240642973374765,-1.024110041497999,-0.1544354106593639,-0.178969406613225,-0.1791053575232759,-0.7872194622805565,0.9752807229953978,-0.913912764764064,-0.9057529185791028,-1.008995683418233,-0.942876664802572,-0.6470549850878213,2.408546909682299,-0.8902361826317177,0.0,-1.0552596237509178,0.15,1.0,42.0,0.1476510067114094,1.0,15.833333333333334,0.0073925766209764,0.4421052631578947,1.0,42.0,1.0,
0xb8f3f4839c76ea991bef4064cb21c45b9ba240bf45ed1229527e217a623aa469,15,0xcb36b1ee0af68dce5578a487ff2da81282512233,0x2f755e8980f0c2e81681d82cccd1a4bd5b4d5d46,2021-05-08 14:17:29+00:00,1000000,190000000000,5479591,362536,1.98e+21,91,,107,23,45,0.5111111111111111,1,50,101,0.495049504950495,2,1,6495,10,0xb8f3f4839c76ea991bef4064cb21c45b9ba240bf45ed1229527e217a623aa469,45,1,97,1,0,151,6,11,33.0,8.0,2,1,1,0.1818181818181819,-0.9716546773460576,-0.971691820593296,-1.0226042343797426,-0.9760160019737778,-0.9324501017858634,-0.1714985851425088,-1.1094244405000795,-0.8240214330239415,-0.1818181818181819,-0.8336601089904035,-0.9789256454999612,-1.0240642973374765,-1.0241056978936816,-0.1544354106593639,-0.178969406613225,-0.179096294392054,-1.1130553324297934,0.9752807229953978,-0.913912764764064,-0.9057529185791028,-1.008995683418233,-0.942876664802572,-0.6470549850878213,-0.6752808698945201,-0.9830191772629612,0.0,-0.9518027978929848,0.1546391752577319,1.0,45.0,0.1513157894736842,1.0,16.833333333333332,0.0076970443349753,0.4455445544554455,1.0,45.0,1.0,
0x3d4687bee0614030f91c426f1dfb52e72f528d94bdd028516f9af586d8adbf2a,15,0xcb36b1ee0af68dce5578a487ff2da81282512233,0x2f755e8980f0c2e81681d82cccd1a4bd5b4d5d46,2021-05-08 14:17:29+00:00,1000000,190000000000,6706350,362536,1.98e+21,93,,109,23,45,0.5111111111111111,1,50,101,0.495049504950495,2,1,6495,11,0x3d4687bee0614030f91c426f1dfb52e72f528d94bdd028516f9af586d8adbf2a,45,1,97,1,0,151,6,11,33.0,8.0,2,1,1,0.1818181818181819,-0.9716546773460576,-0.971691820593296,-1.0226042343797426,-0.9760160019737778,-0.9324501017858634,-0.1714985851425088,-1.0535284086328849,-0.8240214330239415,-0.1818181818181819,-0.8336601089904035,-0.9789256454999612,-1.0240642973374765,-1.0241056978936816,-0.1544354106593639,-0.178969406613225,-0.179096294392054,-1.1130553324297934,0.9752807229953978,-0.913912764764064,-0.9057529185791028,-1.008995683418233,-0.942876664802572,-0.6470549850878213,-0.2424310503123226,-0.9830191772629612,0.0,-0.9000743849640181,0.1546391752577319,1.0,45.0,0.1513157894736842,1.0,16.833333333333332,0.0076970443349753,0.4455445544554455,1.0,45.0,1.0,
0xad47e9d16764adcd1d0db47978180af3beb415f19e837cde172d1a7f08e325ce,15,0xcb36b1ee0af68dce5578a487ff2da81282512233,0x2f755e8980f0c2e81681d82cccd1a4bd5b4d5d46,2021-05-08 14:17:29+00:00,1000000,190000000000,4215433,387249,1.98e+21,89,,105,23,45,0.5111111111111111,1,50,101,0.495049504950495,2,1,6495,12,0xad47e9d16764adcd1d0db47978180af3beb415f19e837cde172d1a7f08e325ce,45,1,100,1,0,151,6,13,33.0,8.0,2,1,1,0.1818181818181819,-0.9716546773460576,-0.971691820593296,-1.0226042343797426,-0.9760160019737778,-0.9324501017858634,-0.1714985851425088,-0.9976323767656902,-0.8240214330239415,-0.1818181818181819,-0.7231537318707848,-0.9789256454999612,-1.0240642973374765,-1.0241056978936816,-0.1544354106593639,-0.178969406613225,-0.179096294392054,-0.7872194622805565,0.9752807229953978,-0.913912764764064,-0.9057529185791028,-1.008995683418233,-0.942876664802572,-0.6470549850878213,-1.1213265579419618,-0.8902361826317177,0.0,-1.0035312108219512,0.15,1.0,45.0,0.1513157894736842,1.0,16.833333333333332,0.0076970443349753,0.4455445544554455,1.0,45.0,1.0,
0xe1dd8d740e4adf985bbfa8dcadab83a7fcda45a431f4fc27741134c9544ddf8b,15,0xcb36b1ee0af68dce5578a487ff2da81282512233,0x2f755e8980f0c2e81681d82cccd1a4bd5b4d5d46,2021-05-08 14:18:15+00:00,1000000,190000000000,8358330,362536,2.189e+21,97,,100,24,47,0.5106382978723404,1,52,106,0.490566037735849,2,1,6499,13,0xe1dd8d740e4adf985bbfa8dcadab83a7fcda45a431f4fc27741134c9544ddf8b,47,1,97,1,0,155,6,11,33.0,8.0,2,1,1,0.1818181818181819,-0.97157658150759,-0.9715427625004038,-1.0226042343797426,-0.8649030691443405,-0.8035732080184674,-0.1714985851425088,-0.9417363448984956,-0.7259703343775896,-0.1818181818181819,-0.8336601089904035,-0.9789256454999612,-1.0240642973374765,-1.0240999064212586,-0.1544354106593639,-0.178969406613225,-0.1790842102170915,-1.1130553324297934,0.9752807229953978,-0.913912764764064,-0.9057529185791028,-1.008995683418233,-0.942876664802572,-0.6470549850878213,0.3404538072297035,-0.9830191772629612,0.0,-0.796617559106085,0.1546391752577319,1.0,47.0,0.1538461538461538,1.0,17.666666666666668,0.008,0.4433962264150943,1.0,47.0,1.0,
0xdb7eed0b494e4ecafd32ba70069415145cd7f7163fd8ab83396cba28359de050,15,0xcb36b1ee0af68dce5578a487ff2da81282512233,0x2f755e8980f0c2e81681d82cccd1a4bd5b4d5d46,2021-05-08 14:18:15+00:00,1000000,190000000000,7094172,387249,2.189e+21,95,,101,24,47,0.5106382978723404,1,52,106,0.490566037735849,2,1,6499,14,0xdb7eed0b494e4ecafd32ba70069415145cd7f7163fd8ab83396cba28359de050,47,1,100,1,0,155,6,13,33.0,8.0,2,1,1,0.1818181818181819,-0.97157658150759,-0.9715427625004038,-1.0226042343797426,-0.8649030691443405,-0.8035732080184674,-0.1714985851425088,-0.8858403130313008,-0.7259703343775896,-0.1818181818181819,-0.7231537318707848,-0.9789256454999612,-1.0240642973374765,-1.0240999064212586,-0.1544354106593639,-0.178969406613225,-0.1790842102170915,-0.7872194622805565,0.9752807229953978,-0.913912764764064,-0.9057529185791028,-1.008995683418233,-0.942876664802572,-0.6470549850878213,-0.1055918808177382,-0.8902361826317177,0.0,-0.8483459720350516,0.15,1.0,47.0,0.1538461538461538,1.0,17.666666666666668,0.008,0.4433962264150943,1.0,47.0,1.0,
0xecacdb72492e287ee3410f06e64b554c0c3c6c46ca8f13febc9e51101c26bfd4,15,0xcb36b1ee0af68dce5578a487ff2da81282512233,0x2f755e8980f0c2e81681d82cccd1a4bd5b4d5d46,2021-05-08 14:18:36+00:00,1000000,190000000000,6342963,387249,2.189e+21,99,,95,25,50,0.5,1,53,112,0.4732142857142857,2,1,6500,15,0xecacdb72492e287ee3410f06e64b554c0c3c6c46ca8f13febc9e51101c26bfd4,50,1,100,1,0,156,6,13,33.0,8.0,2,1,1,0.1818181818181819,-0.9714984856691224,-0.9713191753610656,-1.0226042343797426,-0.8093466027296218,-0.6489209354975921,-0.1714985851425088,-0.8299442811641062,-0.5788936864080617,-0.1818181818181819,-0.7231537318707848,-0.9789256454999612,-1.0240642973374765,-1.0240984585531527,-0.1544354106593639,-0.178969406613225,-0.1790811891733509,-0.7872194622805565,0.9752807229953978,-0.913912764764064,-0.9057529185791028,-1.008995683418233,-0.942876664802572,-0.6470549850878213,-0.3706485709406742,-0.8902361826317177,0.0,-0.7448891461771184,0.15,1.0,50.0,0.1592356687898089,1.0,18.666666666666668,0.008152591908937,0.4464285714285714,1.0,50.0,1.0,
0x28d502dfd37ffd1e03ad13de13aab14fd9d1214aae83ad9601211fd5e23b4a5a,15,0xcb36b1ee0af68dce5578a487ff2da81282512233,0x2f755e8980f0c2e81681d82cccd1a4bd5b4d5d46,2021-05-08 14:18:36+00:00,1000000,190000000000,9044627,362536,2.299e+21,103,,98,25,50,0.5,1,53,112,0.4732142857142857,2,1,6500,16,0x28d502dfd37ffd1e03ad13de13aab14fd9d1214aae83ad9601211fd5e23b4a5a,50,1,97,1,0,156,6,11,33.0,8.0,2,1,1,0.1818181818181819,-0.9714984856691224,-0.9713191753610656,-1.0226042343797426,-0.8093466027296218,-0.6489209354975921,-0.1714985851425088,-0.7740482492969115,-0.5788936864080617,-0.1818181818181819,-0.8336601089904035,-0.9789256454999612,-1.0240642973374765,-1.0240984585531527,-0.1544354106593639,-0.178969406613225,-0.1790811891733509,-1.1130553324297934,0.9752807229953978,-0.913912764764064,-0.9057529185791028,-1.008995683418233,-0.942876664802572,-0.6470549850878213,0.5826069380645319,-0.9830191772629612,0.0,-0.6414323203191853,0.1546391752577319,1.0,50.0,0.1592356687898089,1.0,18.666666666666668,0.008152591908937,0.4464285714285714,1.0,50.0,1.0,
0x9b733f2f049de17f52a777fca3aa91f251edd9d2ecc02c5123540dccaa0ee9c2,15,0xcb36b1ee0af68dce5578a487ff2da81282512233,0x2f755e8980f0c2e81681d82cccd1a4bd5b4d5d46,2021-05-08 14:18:36+00:00,1000000,190000000000,7653746,362536,2.189e+21,101,,97,25,50,0.5,1,53,112,0.4732142857142857,2,1,6500,17,0x9b733f2f049de17f52a777fca3aa91f251edd9d2ecc02c5123540dccaa0ee9c2,50,1,97,1,0,156,6,11,33.0,8.0,2,1,1,0.1818181818181819,-0.9714984856691224,-0.9713191753610656,-1.0226042343797426,-0.8093466027296218,-0.6489209354975921,-0.1714985851425088,-0.7181522174297169,-0.5788936864080617,-0.1818181818181819,-0.8336601089904035,-0.9789256454999612,-1.0240642973374765,-1.0240984585531527,-0.1544354106593639,-0.178969406613225,-0.1790811891733509,-1.1130553324297934,0.9752807229953978,-0.913912764764064,-0.9057529185791028,-1.008995683418233,-0.942876664802572,-0.6470549850878213,0.0918482887207681,-0.9830191772629612,0.0,-0.6931607332481519,0.1546391752577319,1.0,50.0,0.1592356687898089,1.0,18.666666666666668,0.008152591908937,0.4464285714285714,1.0,50.0,1.0,
0xcc15db2209abddb74b6b09965b5b5cf4cb85bacd5945ffae68938138b5f9730a,15,0xcb36b1ee0af68dce5578a487ff2da81282512233,0x2f755e8980f0c2e81681d82cccd1a4bd5b4d5d46,2021-05-08 14:18:52+00:00,1000000,190000000000,10737715,387249,2.299e+21,105,,93,26,51,0.5098039215686274,1,54,113,0.4778761061946903,2,1,6501,18,0xcc15db2209abddb74b6b09965b5b5cf4cb85bacd5945ffae68938138b5f9730a,51,1,100,1,0,157,6,13,33.0,8.0,2,1,1,0.1818181818181819,-0.9714203898306548,-0.9712446463146194,-1.0226042343797426,-0.753790136314903,-0.623145556744113,-0.1714985851425088,-0.6622561855625222,-0.5298681370848858,-0.1818181818181819,-0.7231537318707848,-0.9789256454999612,-1.0240642973374765,-1.024097010685047,-0.1544354106593639,-0.178969406613225,-0.1790781681296102,-0.7872194622805565,0.9752807229953978,-0.913912764764064,-0.9057529185791028,-1.008995683418233,-0.942876664802572,-0.6470549850878213,1.1799963481579434,-0.8902361826317177,0.0,-0.5897039073902187,0.15,1.0,51.0,0.1645569620253164,1.0,18.83333333333333,0.0083051368809597,0.4513274336283185,1.0,51.0,1.0,
0x1d5eb4b5660fd37ba83884ba47e65828ab3d05f9188a39bb2410dbfbb754fdad,15,0xcb36b1ee0af68dce5578a487ff2da81282512233,0x2f755e8980f0c2e81681d82cccd1a4bd5b4d5d46,2021-05-08 14:19:24+00:00,1000000,190000000000,3731555,387249,2.299e+21,107,,90,27,52,0.5192307692307693,1,56,116,0.4827586206896552,2,1,6504,19,0x1d5eb4b5660fd37ba83884ba47e65828ab3d05f9188a39bb2410dbfbb754fdad,52,1,100,1,0,160,6,13,33.0,8.0,2,1,1,0.1818181818181819,-0.9713422939921872,-0.9711701172681731,-1.0226042343797426,-0.6426772034854656,-0.5458194204836754,-0.1714985851425088,-0.6063601536953276,-0.4808425877617098,-0.1818181818181819,-0.7231537318707848,-0.9789256454999612,-1.0240642973374765,-1.02409266708073,-0.1544354106593639,-0.178969406613225,-0.1790691049983883,-0.7872194622805565,0.9752807229953978,-0.913912764764064,-0.9057529185791028,-1.008995683418233,-0.942876664802572,-0.6470549850878213,-1.2920581401025937,-0.8902361826317177,0.0,-0.5379754944612521,0.15,1.0,52.0,0.1677018633540372,1.0,19.33333333333333,0.008608762490392,0.4482758620689655,1.0,52.0,1.0,
0x7c9fbfd1ecb9ad9f92424d003c63f8678c9d17642f9251bc5907b78b25c1ce2a,15,0xcb36b1ee0af68dce5578a487ff2da81282512233,0x2f755e8980f0c2e81681d82cccd1a4bd5b4d5d46,2021-05-08 14:19:29+00:00,1000000,190000000000,3193577,387249,2.471e+21,109,,88,28,53,0.5283018867924528,1,57,118,0.4830508474576271,2,1,6505,20,0x7c9fbfd1ecb9ad9f92424d003c63f8678c9d17642f9251bc5907b78b25c1ce2a,53,1,100,1,0,161,6,13,33.0,8.0,2,1,1,0.1818181818181819,-0.9712641981537196,-0.9710955882217271,-1.0226042343797426,-0.587120737070747,-0.4942686629767169,-0.1714985851425088,-0.5504641218281329,-0.4318170384385338,-0.1818181818181819,-0.7231537318707848,-0.9789256454999612,-1.0240642973374765,-1.024091219212624,-0.1544354106593639,-0.178969406613225,-0.1790660839546477,-0.7872194622805565,0.9752807229953978,-0.913912764764064,-0.9057529185791028,-1.008995683418233,-0.942876664802572,-0.6470549850878213,-1.481878373937594,-0.8902361826317177,0.0,-0.4862470815322856,0.15,1.0,53.0,0.1728395061728395,1.0,19.666666666666668,0.0087611435597909,0.4491525423728814,1.0,53.0,1.0,
0xd31d18d8fb934faf0534bc3790a7463ab59df47a7162295529d16186922ef0b4,15,0xcb36b1ee0af68dce5578a487ff2da81282512233,0x2f755e8980f0c2e81681d82cccd1a4bd5b4d5d46,2021-05-08 14:20:04+00:00,1000000,190000000000,4624991,387249,2.356e+21,111,,86,29,54,0.5370370370370371,1,58,120,0.4833333333333333,2,1,6510,21,0xd31d18d8fb934faf0534bc3790a7463ab59df47a7162295529d16186922ef0b4,54,1,100,1,0,166,6,13,33.0,8.0,2,1,1,0.1818181818181819,-0.9711861023152522,-0.971021059175281,-1.0226042343797426,-0.5315642706560283,-0.4427179054697585,-0.1714985851425088,-0.4945680899609382,-0.3827914891153579,-0.1818181818181819,-0.7231537318707848,-0.9789256454999612,-1.0240642973374765,-1.0240839798720955,-0.1544354106593639,-0.178969406613225,-0.1790509787359446,-0.7872194622805565,0.9752807229953978,-0.913912764764064,-0.9057529185791028,-1.008995683418233,-0.942876664802572,-0.6470549850878213,-0.9768180551240117,-0.8902361826317177,0.0,-0.434518668603319,0.15,1.0,54.0,0.1736526946107784,1.0,20.0,0.0089080018430348,0.45,1.0,54.0,1.0,
0xa85fff56ad1b8c148a1a5d54494a3069b076e3c9009faf7980603e7b353ffb28,15,0xcb36b1ee0af68dce5578a487ff2da81282512233,0x2f755e8980f0c2e81681d82cccd1a4bd5b4d5d46,2021-05-08 14:20:13+00:00,1000000,190000000000,7483637,362536,2.356e+21,115,,81,30,57,0.5263157894736842,1,59,125,0.472,2,1,6511,22,0xa85fff56ad1b8c148a1a5d54494a3069b076e3c9009faf7980603e7b353ffb28,57,1,97,1,0,167,6,11,33.0,8.0,2,1,1,0.1818181818181819,-0.9711080064767844,-0.9707974720359428,-1.0226042343797426,-0.4760078042413096,-0.3138410117023625,-0.1714985851425088,-0.4386720580937436,-0.23571484114583,-0.1818181818181819,-0.8336601089904035,-0.9789256454999612,-1.0240642973374765,-1.0240825320039897,-0.1544354106593639,-0.178969406613225,-0.179047957692204,-1.1130553324297934,0.9752807229953978,-0.913912764764064,-0.9057529185791028,-1.008995683418233,-0.942876664802572,-0.6470549850878213,0.0318270050299144,-0.9830191772629612,0.0,-0.3310618427453859,0.1546391752577319,1.0,57.0,0.1785714285714285,1.0,20.83333333333333,0.0090601965601965,0.456,1.0,57.0,1.0,
0x5bf76554cf903869023317ee6f3f083862e4f5f1caaf76cb2fab31402496287d,15,0xcb36b1ee0af68dce5578a487ff2da81282512233,0x2f755e8980f0c2e81681d82cccd1a4bd5b4d5d46,2021-05-08 14:20:13+00:00,1000000,190000000000,6219479,387249,2.356e+21,113,,82,30,57,0.5263157894736842,1,59,125,0.472,2,1,6511,23,0x5bf76554cf903869023317ee6f3f083862e4f5f1caaf76cb2fab31402496287d,57,1,100,1,0,167,6,13,33.0,8.0,2,1,1,0.1818181818181819,-0.9711080064767844,-0.9707974720359428,-1.0226042343797426,-0.4760078042413096,-0.3138410117023625,-0.1714985851425088,-0.3827760262265489,-0.23571484114583,-0.1818181818181819,-0.7231537318707848,-0.9789256454999612,-1.0240642973374765,-1.0240825320039897,-0.1544354106593639,-0.178969406613225,-0.179047957692204,-0.7872194622805565,0.9752807229953978,-0.913912764764064,-0.9057529185791028,-1.008995683418233,-0.942876664802572,-0.6470549850878213,-0.4142186830175272,-0.8902361826317177,0.0,-0.3827902556743525,0.15,1.0,57.0,0.1785714285714285,1.0,20.83333333333333,0.0090601965601965,0.456,1.0,57.0,1.0,
0x74eb9e9bf6c1a3ae8e21de9a4415deb0e2b2d9fb8ce98bda35d037c8a1bcef83,15,0xcb36b1ee0af68dce5578a487ff2da81282512233,0x2f755e8980f0c2e81681d82cccd1a4bd5b4d5d46,2021-05-08 14:20:13+00:00,1000000,190000000000,8730385,362536,2.413e+21,117,,83,30,57,0.5263157894736842,1,59,125,0.472,2,1,6511,24,0x74eb9e9bf6c1a3ae8e21de9a4415deb0e2b2d9fb8ce98bda35d037c8a1bcef83,57,1,97,1,0,167,6,11,33.0,8.0,2,1,1,0.1818181818181819,-0.9711080064767844,-0.9707974720359428,-1.0226042343797426,-0.4760078042413096,-0.3138410117023625,-0.1714985851425088,-0.3268799943593543,-0.23571484114583,-0.1818181818181819,-0.8336601089904035,-0.9789256454999612,-1.0240642973374765,-1.0240825320039897,-0.1544354106593639,-0.178969406613225,-0.179047957692204,-1.1130553324297934,0.9752807229953978,-0.913912764764064,-0.9057529185791028,-1.008995683418233,-0.942876664802572,-0.6470549850878213,0.4717297462076563,-0.9830191772629612,0.0,-0.2793334298164193,0.1546391752577319,1.0,57.0,0.1785714285714285,1.0,20.83333333333333,0.0090601965601965,0.456,1.0,57.0,1.0,
0xcaa54e83a279d6eda4b0429602d87de2f087554aad1cda8afe355477888a9f09,15,0xcb36b1ee0af68dce5578a487ff2da81282512233,0x2f755e8980f0c2e81681d82cccd1a4bd5b4d5d46,2021-05-08 14:20:46+00:00,1000000,190000000000,5468744,387249,2.59e+21,119,,75,31,58,0.5344827586206896,1,61,128,0.4765625,2,1,6516,25,0xcaa54e83a279d6eda4b0429602d87de2f087554aad1cda8afe355477888a9f09,58,1,100,1,0,172,6,13,33.0,8.0,2,1,1,0.1818181818181819,-0.971029910638317,-0.9707229429894966,-1.0226042343797426,-0.3648948714118722,-0.2365148754419248,-0.1714985851425088,-0.2709839624921596,-0.186689291822654,-0.1818181818181819,-0.7231537318707848,-0.9789256454999612,-1.0240642973374765,-1.024075292663461,-0.1544354106593639,-0.178969406613225,-0.1790328524735008,-0.7872194622805565,0.9752807229953978,-0.913912764764064,-0.9057529185791028,-1.008995683418233,-0.942876664802572,-0.6470549850878213,-0.6791081269132239,-0.8902361826317177,0.0,-0.2276050168874528,0.15,1.0,58.0,0.1791907514450867,1.0,21.33333333333333,0.0093601350314561,0.453125,1.0,58.0,1.0,
0xb7511e1ecf2b4de3d302fe1dda1b33de290a9fe0e3b5e131cc852e61ea6a40ea,15,0xcb36b1ee0af68dce5578a487ff2da81282512233,0x2f755e8980f0c2e81681d82cccd1a4bd5b4d5d46,2021-05-08 14:20:53+00:00,1000000,190000000000,4057339,387249,2.59e+21,121,,74,32,59,0.5423728813559322,1,62,129,0.4806201550387597,2,1,6517,26,0xb7511e1ecf2b4de3d302fe1dda1b33de290a9fe0e3b5e131cc852e61ea6a40ea,59,1,100,1,0,173,6,13,33.0,8.0,2,1,1,0.1818181818181819,-0.9709518147998494,-0.9706484139430503,-1.0226042343797426,-0.3093384049971535,-0.2107394966884456,-0.1714985851425088,-0.2150879306249649,-0.137663742499478,-0.1818181818181819,-0.7231537318707848,-0.9789256454999612,-1.0240642973374765,-1.0240738447953557,-0.1544354106593639,-0.178969406613225,-0.1790298314297602,-0.7872194622805565,0.9752807229953978,-0.913912764764064,-0.9057529185791028,-1.008995683418233,-0.942876664802572,-0.6470549850878213,-1.177108467328425,-0.8902361826317177,0.0,-0.1758766039584862,0.15,1.0,59.0,0.1839080459770115,1.0,21.5,0.0095121202822951,0.4573643410852713,1.0,59.0,1.0,
0xc60e19263e5cd63468750242f0810cfb6efdf25b12aa7a46cba639a340f1be2c,15,0xcb36b1ee0af68dce5578a487ff2da81282512233,0x2f755e8980f0c2e81681d82cccd1a4bd5b4d5d46,2021-05-08 14:21:57+00:00,1000000,190000000000,7807845,387249,2.471e+21,123,,72,33,60,0.55,1,64,132,0.4848484848484848,2,1,6521,27,0xc60e19263e5cd63468750242f0810cfb6efdf25b12aa7a46cba639a340f1be2c,60,1,100,1,0,177,6,13,33.0,8.0,2,1,1,0.1818181818181819,-0.9708737189613816,-0.9705738848966045,-1.0226042343797426,-0.1982254721677161,-0.133413360428008,-0.1714985851425088,-0.1591918987577703,-0.0886381931763021,-0.1818181818181819,-0.7231537318707848,-0.9789256454999612,-1.0240642973374765,-1.0240680533229325,-0.1544354106593639,-0.178969406613225,-0.1790177472547977,-0.7872194622805565,0.9752807229953978,-0.913912764764064,-0.9057529185791028,-1.008995683418233,-0.942876664802572,-0.6470549850878213,0.1462206017405194,-0.8902361826317177,0.0,-0.1241481910295196,0.15,1.0,60.0,0.1853932584269663,1.0,22.0,0.0098129408157007,0.4545454545454545,1.0,60.0,1.0,
0xacd8fdabed4b09e60e2e8da43a249ebc83061a764055d7dc8253a7f0d72bb693,15,0xcb36b1ee0af68dce5578a487ff2da81282512233,0x2f755e8980f0c2e81681d82cccd1a4bd5b4d5d46,2021-05-08 14:22:18+00:00,1000000,190000000000,12033522,387249,2.471e+21,125,,70,34,61,0.5573770491803278,1,65,133,0.4887218045112781,2,1,6522,28,0xacd8fdabed4b09e60e2e8da43a249ebc83061a764055d7dc8253a7f0d72bb693,61,1,100,1,0,178,6,13,33.0,8.0,2,1,1,0.1818181818181819,-0.9707956231229142,-0.9704993558501582,-1.0226042343797426,-0.1426690057529974,-0.1076379816745288,-0.1714985851425088,-0.1032958668905756,-0.0396126438531261,-0.1818181818181819,-0.7231537318707848,-0.9789256454999612,-1.0240642973374765,-1.0240666054548266,-0.1544354106593639,-0.178969406613225,-0.1790147262110571,-0.7872194622805565,0.9752807229953978,-0.913912764764064,-0.9057529185791028,-1.008995683418233,-0.942876664802572,-0.6470549850878213,1.6372090738549618,-0.8902361826317177,0.0,-0.0724197781005531,0.15,1.0,61.0,0.1899441340782122,1.0,22.166666666666668,0.0099647401502376,0.4586466165413533,1.0,61.0,1.0,
0xe952b2e5f5585b0eeaae565f2193c52581e0faa62f6a9850f891cacf98b364e3,15,0xcb36b1ee0af68dce5578a487ff2da81282512233,0x2f755e8980f0c2e81681d82cccd1a4bd5b4d5d46,2021-05-08 14:23:00+00:00,1000000,190000000000,13992181,387249,2.471e+21,127,,68,35,62,0.5645161290322581,1,67,135,0.4962962962962963,2,1,6524,29,0xe952b2e5f5585b0eeaae565f2193c52581e0faa62f6a9850f891cacf98b364e3,62,1,100,1,0,180,6,13,33.0,8.0,2,1,1,0.1818181818181819,-0.9707175272844466,-0.970424826803712,-1.0226042343797426,-0.03155607292356,-0.0560872241675704,-0.1714985851425088,-0.047399835023381,0.0094129054700497,-0.1818181818181819,-0.7231537318707848,-0.9789256454999612,-1.0240642973374765,-1.0240637097186152,-0.1544354106593639,-0.178969406613225,-0.1790086841235758,-0.7872194622805565,0.9752807229953978,-0.913912764764064,-0.9057529185791028,-1.008995683418233,-0.942876664802572,-0.6470549850878213,2.328302593261012,-0.8902361826317177,0.0,-0.0206913651715865,0.15,1.0,62.0,0.1933701657458563,1.0,22.5,0.0102681992337164,0.4592592592592592,1.0,62.0,1.0,
0xeb6fd36e744a50bdbdbf085ce930b6e428f3f851cfd3dd9291b83555370dec6a,15,0xcb36b1ee0af68dce5578a487ff2da81282512233,0x2f755e8980f0c2e81681d82cccd1a4bd5b4d5d46,2021-05-08 14:23:17+00:00,1000000,190000000000,8549448,387249,2.53e+21,129,,66,36,65,0.5538461538461539,1,69,141,0.4893617021276595,2,1,6526,30,0xeb6fd36e744a50bdbdbf085ce930b6e428f3f851cfd3dd9291b83555370dec6a,65,1,100,1,0,182,6,13,33.0,8.0,2,1,1,0.1818181818181819,-0.9706394314459792,-0.9702012396643738,-1.0226042343797426,0.0795568599058772,0.0985650483533048,-0.1714985851425088,0.0084961968438136,0.1564895534395776,-0.1818181818181819,-0.7231537318707848,-0.9789256454999612,-1.0240642973374765,-1.0240608139824037,-0.1544354106593639,-0.178969406613225,-0.1790026420360946,-0.7872194622805565,0.9752807229953978,-0.913912764764064,-0.9057529185791028,-1.008995683418233,-0.942876664802572,-0.6470549850878213,0.407887909460794,-0.8902361826317177,0.0,0.03103704775738,0.15,1.0,65.0,0.1967213114754098,1.0,23.5,0.0105714723456411,0.4609929078014184,1.0,65.0,1.0,
0x230ee08b3fc74d3e05e72c5483b200deff6d46ce7067ec4b4da15f1fd2dcbabf,15,0xcb36b1ee0af68dce5578a487ff2da81282512233,0x2f755e8980f0c2e81681d82cccd1a4bd5b4d5d46,2021-05-08 14:23:17+00:00,1000000,190000000000,11196260,362536,2.53e+21,133,,62,36,65,0.5538461538461539,1,69,141,0.4893617021276595,2,1,6526,31,0x230ee08b3fc74d3e05e72c5483b200deff6d46ce7067ec4b4da15f1fd2dcbabf,65,1,97,1,0,182,6,11,33.0,8.0,2,1,1,0.1818181818181819,-0.9706394314459792,-0.9702012396643738,-1.0226042343797426,0.0795568599058772,0.0985650483533048,-0.1714985851425088,0.0643922287110083,0.1564895534395776,-0.1818181818181819,-0.8336601089904035,-0.9789256454999612,-1.0240642973374765,-1.0240608139824037,-0.1544354106593639,-0.178969406613225,-0.1790026420360946,-1.1130553324297934,0.9752807229953978,-0.913912764764064,-0.9057529185791028,-1.008995683418233,-0.942876664802572,-0.6470549850878213,1.3417894310049563,-0.9830191772629612,0.0,0.1344938736153131,0.1546391752577319,1.0,65.0,0.1967213114754098,1.0,23.5,0.0105714723456411,0.4609929078014184,1.0,65.0,1.0,
0x2bfe229ee5571457960337716fb2ebec2f4e72462acb436ba46d59910d93bf79,15,0xcb36b1ee0af68dce5578a487ff2da81282512233,0x2f755e8980f0c2e81681d82cccd1a4bd5b4d5d46,2021-05-08 14:23:17+00:00,1000000,190000000000,9969501,362536,2.53e+21,131,,63,36,65,0.5538461538461539,1,69,141,0.4893617021276595,2,1,6526,32,0x2bfe229ee5571457960337716fb2ebec2f4e72462acb436ba46d59910d93bf79,65,1,97,1,0,182,6,11,33.0,8.0,2,1,1,0.1818181818181819,-0.9706394314459792,-0.9702012396643738,-1.0226042343797426,0.0795568599058772,0.0985650483533048,-0.1714985851425088,0.1202882605782029,0.1564895534395776,-0.1818181818181819,-0.8336601089904035,-0.9789256454999612,-1.0240642973374765,-1.0240608139824037,-0.1544354106593639,-0.178969406613225,-0.1790026420360946,-1.1130553324297934,0.9752807229953978,-0.913912764764064,-0.9057529185791028,-1.008995683418233,-0.942876664802572,-0.6470549850878213,0.9089396114227588,-0.9830191772629612,0.0,0.0827654606863465,0.1546391752577319,1.0,65.0,0.1967213114754098,1.0,23.5,0.0105714723456411,0.4609929078014184,1.0,65.0,1.0,
0xe674251e9a852dfba77aa67a0b3c31eb5c38963c9e57a17b1aada45848bf3c1e,15,0xcb36b1ee0af68dce5578a487ff2da81282512233,0x2f755e8980f0c2e81681d82cccd1a4bd5b4d5d46,2021-05-08 14:25:39+00:00,1000000,190000000000,13069585,387249,2.49e+21,135,,60,37,66,0.5606060606060606,1,71,143,0.4965034965034965,2,1,6532,33,0xe674251e9a852dfba77aa67a0b3c31eb5c38963c9e57a17b1aada45848bf3c1e,66,1,100,1,0,188,6,13,33.0,8.0,2,1,1,0.1818181818181819,-0.9705613356075116,-0.9701267106179275,-1.0226042343797426,0.1906697927353146,0.1501158058602632,-0.1714985851425088,0.1761842924453976,0.2055151027627536,-0.1818181818181819,-0.7231537318707848,-0.9789256454999612,-1.0240642973374765,-1.0240521267737694,-0.1544354106593639,-0.178969406613225,-0.1789845157736508,-0.7872194622805565,0.9752807229953978,-0.913912764764064,-0.9057529185791028,-1.008995683418233,-0.942876664802572,-0.6470549850878213,2.0027736897459314,-0.8902361826317177,0.0,0.1862222865442797,0.15,1.0,66.0,0.1957671957671957,1.0,23.83333333333333,0.010867901423542,0.4615384615384615,1.0,66.0,1.0,
0x4096de9caa91beedd344d306d66228aebe9c45209adb4c12303b2030778b3c22,15,0xcb36b1ee0af68dce5578a487ff2da81282512233,0x2f755e8980f0c2e81681d82cccd1a4bd5b4d5d46,2021-05-08 14:26:42+00:00,1000000,210000000000,5680128,387249,2.55e+21,137,,57,38,68,0.5588235294117647,1,73,147,0.4965986394557823,2,1,6539,34,0x4096de9caa91beedd344d306d66228aebe9c45209adb4c12303b2030778b3c22,68,1,100,1,0,195,6,13,33.0,8.0,2,1,1,0.1818181818181819,-0.970483239769044,-0.9699776525250354,-1.0226042343797426,0.301782725564752,0.25321732087418,-0.1714985851425088,0.2320803243125922,0.3035662014091055,-0.1818181818181819,-0.7231537318707848,-0.9789256454999612,-1.0240642973374765,-1.0240419916970291,-0.1544354106593639,-0.178969406613225,-0.1789633684674664,-0.7872194622805565,0.9752807229953978,-0.913912764764064,-0.9057529185791028,-1.008995683418233,-0.942876664802572,0.5645041878653523,-0.604523366367295,-0.8902361826317177,0.0,0.2379506994732462,0.15,1.0,68.0,0.1938775510204081,1.0,24.5,0.0111620795107033,0.4625850340136054,1.0,68.0,1.0,
0x77e4ad93235f8091ed8c9674a927cbbe93250aa228f8022bd6e3915d273a546f,15,0xcb36b1ee0af68dce5578a487ff2da81282512233,0x2f755e8980f0c2e81681d82cccd1a4bd5b4d5d46,2021-05-08 14:26:42+00:00,1000000,210000000000,6944286,362536,2.55e+21,139,,56,38,68,0.5588235294117647,1,73,147,0.4965986394557823,2,1,6539,35,0x77e4ad93235f8091ed8c9674a927cbbe93250aa228f8022bd6e3915d273a546f,68,1,97,1,0,195,6,11,33.0,8.0,2,1,1,0.1818181818181819,-0.970483239769044,-0.9699776525250354,-1.0226042343797426,0.301782725564752,0.25321732087418,-0.1714985851425088,0.2879763561797869,0.3035662014091055,-0.1818181818181819,-0.8336601089904035,-0.9789256454999612,-1.0240642973374765,-1.0240419916970291,-0.1544354106593639,-0.178969406613225,-0.1789633684674664,-1.1130553324297934,0.9752807229953978,-0.913912764764064,-0.9057529185791028,-1.008995683418233,-0.942876664802572,0.5645041878653523,-0.1584776783198533,-0.9830191772629612,0.0,0.2896791124022128,0.1546391752577319,1.0,68.0,0.1938775510204081,1.0,24.5,0.0111620795107033,0.4625850340136054,1.0,68.0,1.0,
0x805b4c2bf3fdf229d78c699c1c8735851065e959a4105dc82e9786fb51d7e9e2,15,0xcb36b1ee0af68dce5578a487ff2da81282512233,0x2f755e8980f0c2e81681d82cccd1a4bd5b4d5d46,2021-05-08 14:27:05+00:00,1000000,210000000000,7906373,387249,2.673e+21,141,,53,39,69,0.5652173913043478,1,75,150,0.5,2,1,6541,36,0x805b4c2bf3fdf229d78c699c1c8735851065e959a4105dc82e9786fb51d7e9e2,69,1,100,1,0,197,6,13,33.0,8.0,2,1,1,0.1818181818181819,-0.9704051439305764,-0.9699031234785892,-1.0226042343797426,0.4128956583941894,0.3305434571346176,-0.1714985851425088,0.3438723880469815,0.3525917507322815,-0.1818181818181819,-0.7231537318707848,-0.9789256454999612,-1.0240642973374765,-1.0240390959608177,-0.1544354106593639,-0.178969406613225,-0.1789573263799852,-0.7872194622805565,0.9752807229953978,-0.913912764764064,-0.9057529185791028,-1.008995683418233,-0.942876664802572,0.5645041878653523,0.1809852352372329,-0.8902361826317177,0.0,0.3414075253311794,0.15,1.0,69.0,0.1969696969696969,1.0,25.0,0.0114643839804341,0.46,1.0,69.0,1.0,
0x87c1ad4ad1d7f24ded56e528589d1e15724c381416abeafe49cbff88732b6289,15,0xcb36b1ee0af68dce5578a487ff2da81282512233,0x2f755e8980f0c2e81681d82cccd1a4bd5b4d5d46,2021-05-08 14:27:37+00:00,1000000,210000000000,2117392,387249,2.673e+21,143,,52,40,70,0.5714285714285714,1,76,152,0.5,2,1,6543,37,0x87c1ad4ad1d7f24ded56e528589d1e15724c381416abeafe49cbff88732b6289,70,1,100,1,0,199,6,13,33.0,8.0,2,1,1,0.1818181818181819,-0.9703270480921088,-0.9698285944321432,-1.0226042343797426,0.4684521248089081,0.382094214641576,-0.1714985851425088,0.3997684199141762,0.4016173000554574,-0.1818181818181819,-0.7231537318707848,-0.9789256454999612,-1.0240642973374765,-1.0240362002246062,-0.1544354106593639,-0.178969406613225,-0.1789512842925039,-0.7872194622805565,0.9752807229953978,-0.913912764764064,-0.9057529185791028,-1.008995683418233,-0.942876664802572,0.5645041878653523,-1.86159964200008,-0.8902361826317177,0.0,0.3931359382601459,0.15,1.0,70.0,0.2,1.0,25.33333333333333,0.0116136919315403,0.4605263157894737,1.0,70.0,1.0,
0xacbc5f74d29777556c26f3255b27819f76fc1ddae99598a5bce9dd631cc92d72,15,0xcb36b1ee0af68dce5578a487ff2da81282512233,0x2f755e8980f0c2e81681d82cccd1a4bd5b4d5d46,2021-05-08 14:28:01+00:00,1000000,210000000000,1615135,387249,2.798e+21,145,,50,41,71,0.5774647887323944,1,77,154,0.5,2,1,6545,38,0xacbc5f74d29777556c26f3255b27819f76fc1ddae99598a5bce9dd631cc92d72,71,1,100,1,0,201,6,13,33.0,8.0,2,1,1,0.1818181818181819,-0.9702489522536412,-0.9697540653856972,-1.0226042343797426,0.5240085912236268,0.4336449721485345,-0.1714985851425088,0.4556644517813709,0.4506428493786334,-0.1818181818181819,-0.7231537318707848,-0.9789256454999612,-1.0240642973374765,-1.024033304488395,-0.1544354106593639,-0.178969406613225,-0.1789452422050227,-0.7872194622805565,0.9752807229953978,-0.913912764764064,-0.9057529185791028,-1.008995683418233,-0.942876664802572,0.5645041878653523,-2.0388160731278693,-0.8902361826317177,0.0,0.4448643511891125,0.15,1.0,71.0,0.2029702970297029,1.0,25.666666666666668,0.0117629086465016,0.461038961038961,1.0,71.0,1.0,
0x157548b0ebf242e8339aeb689689068ec17d41639eef2373f8a6c31335f0c7f6,15,0xcb36b1ee0af68dce5578a487ff2da81282512233,0x2f755e8980f0c2e81681d82cccd1a4bd5b4d5d46,2021-05-08 14:28:30+00:00,1000000,210000000000,8954267,387249,2.862e+21,147,,47,42,73,0.5753424657534246,1,78,157,0.4968152866242038,2,1,6547,39,0x157548b0ebf242e8339aeb689689068ec17d41639eef2373f8a6c31335f0c7f6,73,1,100,1,0,203,6,13,33.0,8.0,2,1,1,0.1818181818181819,-0.9701708564151736,-0.9696050072928049,-1.0226042343797426,0.5795650576383454,0.5109711084089721,-0.1714985851425088,0.5115604836485655,0.5486939480249853,-0.1818181818181819,-0.7231537318707848,-0.9789256454999612,-1.0240642973374765,-1.0240304087521834,-0.1544354106593639,-0.178969406613225,-0.1789392001175414,-0.7872194622805565,0.9752807229953978,-0.913912764764064,-0.9057529185791028,-1.008995683418233,-0.942876664802572,0.5645041878653523,0.5507243028464921,-0.8902361826317177,0.0,0.496592764118079,0.15,1.0,73.0,0.2058823529411764,1.0,26.166666666666668,0.0119120342089187,0.464968152866242,1.0,73.0,1.0,
0x047175ab9d1719b054083b301cd15ce2df7e023b5247e8e2b12fed2f17d839ea,15,0xcb36b1ee0af68dce5578a487ff2da81282512233,0x2f755e8980f0c2e81681d82cccd1a4bd5b4d5d46,2021-05-08 14:28:30+00:00,1000000,210000000000,10239534,362536,2.862e+21,149,,48,42,73,0.5753424657534246,1,78,157,0.4968152866242038,2,1,6547,40,0x047175ab9d1719b054083b301cd15ce2df7e023b5247e8e2b12fed2f17d839ea,73,1,97,1,0,203,6,11,33.0,8.0,2,1,1,0.1818181818181819,-0.9701708564151736,-0.9696050072928049,-1.0226042343797426,0.5795650576383454,0.5109711084089721,-0.1714985851425088,0.5674565155157602,0.5486939480249853,-0.1818181818181819,-0.8336601089904035,-0.9789256454999612,-1.0240642973374765,-1.0240304087521834,-0.1544354106593639,-0.178969406613225,-0.1789392001175414,-1.1130553324297934,0.9752807229953978,-0.913912764764064,-0.9057529185791028,-1.008995683418233,-0.942876664802572,0.5645041878653523,1.004218093448356,-0.9830191772629612,0.0,0.5483211770470456,0.1546391752577319,1.0,73.0,0.2058823529411764,1.0,26.166666666666668,0.0119120342089187,0.464968152866242,1.0,73.0,1.0,
0x7bec18cc8f607dc4ceeb6305e8544d1972f05b0b1466eb7311504cc50ef19dfd,15,0xcb36b1ee0af68dce5578a487ff2da81282512233,0x2f755e8980f0c2e81681d82cccd1a4bd5b4d5d46,2021-05-08 14:30:23+00:00,1000000,210000000000,7715295,362536,2.926e+21,157,,43,43,77,0.5584415584415584,1,80,166,0.4819277108433735,2,1,6552,41,0x7bec18cc8f607dc4ceeb6305e8544d1972f05b0b1466eb7311504cc50ef19dfd,77,1,97,1,0,208,6,11,33.0,8.0,2,1,1,0.1818181818181819,-0.970092760576706,-0.9693068911070204,-1.0226042343797426,0.6906779904677829,0.7429495171902849,-0.1714985851425088,0.6233525473829549,0.7447961453176891,-0.1818181818181819,-0.8336601089904035,-0.9789256454999612,-1.0240642973374765,-1.0240231694116546,-0.1544354106593639,-0.178969406613225,-0.1789240948988383,-1.1130553324297934,0.9752807229953978,-0.913912764764064,-0.9057529185791028,-1.008995683418233,-0.942876664802572,0.5645041878653523,0.1135652466118165,-0.9830191772629612,0.0,0.7552348287629119,0.1546391752577319,1.0,77.0,0.2057416267942583,1.0,27.666666666666668,0.012208148939417,0.463855421686747,1.0,77.0,1.0,
0x22479de5429b0ad2981246f2b1a611bb6cea791b979a0cd417692ca77432fd57,15,0xcb36b1ee0af68dce5578a487ff2da81282512233,0x2f755e8980f0c2e81681d82cccd1a4bd5b4d5d46,2021-05-08 14:30:23+00:00,1000000,210000000000,6488427,362536,2.926e+21,155,,39,43,77,0.5584415584415584,1,80,166,0.4819277108433735,2,1,6552,42,0x22479de5429b0ad2981246f2b1a611bb6cea791b979a0cd417692ca77432fd57,77,1,97,1,0,208,6,11,33.0,8.0,2,1,1,0.1818181818181819,-0.970092760576706,-0.9693068911070204,-1.0226042343797426,0.6906779904677829,0.7429495171902849,-0.1714985851425088,0.6792485792501495,0.7447961453176891,-0.1818181818181819,-0.8336601089904035,-0.9789256454999612,-1.0240642973374765,-1.0240231694116546,-0.1544354106593639,-0.178969406613225,-0.1789240948988383,-1.1130553324297934,0.9752807229953978,-0.913912764764064,-0.9057529185791028,-1.008995683418233,-0.942876664802572,0.5645041878653523,-0.319323032545843,-0.9830191772629612,0.0,0.7035064158339454,0.1546391752577319,1.0,77.0,0.2057416267942583,1.0,27.666666666666668,0.012208148939417,0.463855421686747,1.0,77.0,1.0,
0x65c7984783beaf33105a3374a2684cdb1c6835408ec2c785d76224f8cbd10635,15,0xcb36b1ee0af68dce5578a487ff2da81282512233,0x2f755e8980f0c2e81681d82cccd1a4bd5b4d5d46,2021-05-08 14:30:23+00:00,1000000,210000000000,3997292,387249,2.862e+21,151,,40,43,77,0.5584415584415584,1,80,166,0.4819277108433735,2,1,6552,43,0x65c7984783beaf33105a3374a2684cdb1c6835408ec2c785d76224f8cbd10635,77,1,100,1,0,208,6,13,33.0,8.0,2,1,1,0.1818181818181819,-0.970092760576706,-0.9693068911070204,-1.0226042343797426,0.6906779904677829,0.7429495171902849,-0.1714985851425088,0.7351446111173442,0.7447961453176891,-0.1818181818181819,-0.7231537318707848,-0.9789256454999612,-1.0240642973374765,-1.0240231694116546,-0.1544354106593639,-0.178969406613225,-0.1789240948988383,-0.7872194622805565,0.9752807229953978,-0.913912764764064,-0.9057529185791028,-1.008995683418233,-0.942876664802572,0.5645041878653523,-1.1982954593264066,-0.8902361826317177,0.0,0.6000495899760122,0.15,1.0,77.0,0.2057416267942583,1.0,27.666666666666668,0.012208148939417,0.463855421686747,1.0,77.0,1.0,
0x6bb0d6bdf847a7918a007eef5f9c09ca49e2b03d9679848ab50ffd442deea92f,15,0xcb36b1ee0af68dce5578a487ff2da81282512233,0x2f755e8980f0c2e81681d82cccd1a4bd5b4d5d46,2021-05-08 14:30:23+00:00,1000000,210000000000,5261559,362536,2.926e+21,153,,37,43,77,0.5584415584415584,1,80,166,0.4819277108433735,2,1,6552,44,0x6bb0d6bdf847a7918a007eef5f9c09ca49e2b03d9679848ab50ffd442deea92f,77,1,97,1,0,208,6,11,33.0,8.0,2,1,1,0.1818181818181819,-0.970092760576706,-0.9693068911070204,-1.0226042343797426,0.6906779904677829,0.7429495171902849,-0.1714985851425088,0.7910406429845388,0.7447961453176891,-0.1818181818181819,-0.8336601089904035,-0.9789256454999612,-1.0240642973374765,-1.0240231694116546,-0.1544354106593639,-0.178969406613225,-0.1789240948988383,-1.1130553324297934,0.9752807229953978,-0.913912764764064,-0.9057529185791028,-1.008995683418233,-0.942876664802572,0.5645041878653523,-0.7522113117035026,-0.9830191772629612,0.0,0.6517780029049788,0.1546391752577319,1.0,77.0,0.2057416267942583,1.0,27.666666666666668,0.012208148939417,0.463855421686747,1.0,77.0,1.0,
0xcbfc1c7539c570acd778ca0a820aed88789b98dca2c704298b435b9d91ac81bd,15,0xcb36b1ee0af68dce5578a487ff2da81282512233,0x2f755e8980f0c2e81681d82cccd1a4bd5b4d5d46,2021-05-08 14:30:43+00:00,1000000,210000000000,5676284,387249,3.258e+21,159,,36,44,78,0.5641025641025641,1,81,167,0.4850299401197604,2,1,6554,45,0xcbfc1c7539c570acd778ca0a820aed88789b98dca2c704298b435b9d91ac81bd,78,1,100,1,0,210,6,13,33.0,8.0,2,1,1,0.1818181818181819,-0.9700146647382384,-0.9692323620605744,-1.0226042343797426,0.7462344568825016,0.7687248959437641,-0.1714985851425088,0.8469366748517335,0.7938216946408652,-0.1818181818181819,-0.7231537318707848,-0.9789256454999612,-1.0240642973374765,-1.0240202736754431,-0.1544354106593639,-0.178969406613225,-0.178918052811357,-0.7872194622805565,0.9752807229953978,-0.913912764764064,-0.9057529185791028,-1.008995683418233,-0.942876664802572,0.5645041878653523,-0.6058796838725865,-0.8902361826317177,0.0,0.8069632416918785,0.15,1.0,78.0,0.2085308056872037,1.0,27.83333333333333,0.0123569794050343,0.467065868263473,1.0,78.0,1.0,
0x3ee8f1fdba06a3d59ef8df17344ffe9abd331a4b730fb3fb73504de604d00f7d,15,0xcb36b1ee0af68dce5578a487ff2da81282512233,0x2f755e8980f0c2e81681d82cccd1a4bd5b4d5d46,2021-05-08 14:31:56+00:00,1000000,210000000000,11458476,387249,3.327e+21,161,,34,45,79,0.569620253164557,1,83,169,0.4911242603550296,2,1,6560,46,0x3ee8f1fdba06a3d59ef8df17344ffe9abd331a4b730fb3fb73504de604d00f7d,79,1,100,1,0,216,6,13,33.0,8.0,2,1,1,0.1818181818181819,-0.9699365688997708,-0.9691578330141282,-1.0226042343797426,0.8573473897119389,0.8202756534507225,-0.1714985851425088,0.902832706718928,0.8428472439640411,-0.1818181818181819,-0.7231537318707848,-0.9789256454999612,-1.0240642973374765,-1.024011586466809,-0.1544354106593639,-0.178969406613225,-0.1788999265489133,-0.7872194622805565,0.9752807229953978,-0.913912764764064,-0.9057529185791028,-1.008995683418233,-0.942876664802572,0.5645041878653523,1.4343097616416711,-0.8902361826317177,0.0,0.8586916546208451,0.15,1.0,79.0,0.2073732718894009,1.0,28.166666666666668,0.0126505105928974,0.4674556213017751,1.0,79.0,1.0,
0xe8c3dc80a2b96d80af6bfe3b316aa585f24549a81fb3e706caccb0548ebbb56c,15,0xcb36b1ee0af68dce5578a487ff2da81282512233,0x2f755e8980f0c2e81681d82cccd1a4bd5b4d5d46,2021-05-08 14:32:28+00:00,1000000,210000000000,5618540,387249,3.327e+21,163,,32,46,80,0.575,1,85,171,0.4970760233918128,2,1,6562,47,0xe8c3dc80a2b96d80af6bfe3b316aa585f24549a81fb3e706caccb0548ebbb56c,80,1,100,1,0,218,6,13,33.0,8.0,2,1,1,0.1818181818181819,-0.9698584730613032,-0.969083303967682,-1.0226042343797426,0.9684603225413764,0.871826410957681,-0.1714985851425088,0.9587287385861228,0.891872793287217,-0.1818181818181819,-0.7231537318707848,-0.9789256454999612,-1.0240642973374765,-1.0240086907305974,-0.1544354106593639,-0.178969406613225,-0.178893884461432,-0.7872194622805565,0.9752807229953978,-0.913912764764064,-0.9057529185791028,-1.008995683418233,-0.942876664802572,0.5645041878653523,-0.6262540850238758,-0.8902361826317177,0.0,0.9104200675498116,0.15,1.0,80.0,0.2100456621004566,1.0,28.5,0.012951394179491,0.4678362573099415,1.0,80.0,1.0,
0xcbd1040bd3c01a99a867fdf6ed54f4b70f5b7664b9d2c31a9b36601508bdc71b,15,0xcb36b1ee0af68dce5578a487ff2da81282512233,0x2f755e8980f0c2e81681d82cccd1a4bd5b4d5d46,2021-05-08 14:33:21+00:00,1000000,210000000000,12096418,387249,3.327e+21,165,,30,47,81,0.5802469135802469,1,87,173,0.5028901734104047,2,1,6565,48,0xcbd1040bd3c01a99a867fdf6ed54f4b70f5b7664b9d2c31a9b36601508bdc71b,81,1,100,1,0,221,6,13,33.0,8.0,2,1,1,0.1818181818181819,-0.9697803772228356,-0.969008774921236,-1.0226042343797426,1.0795732553708135,0.9233771684646394,-0.1714985851425088,1.0146247704533176,0.940898342610393,-0.1818181818181819,-0.7231537318707848,-0.9789256454999612,-1.0240642973374765,-1.02400434712628,-0.1544354106593639,-0.178969406613225,-0.1788848213302101,-0.7872194622805565,0.9752807229953978,-0.913912764764064,-0.9057529185791028,-1.008995683418233,-0.942876664802572,0.5645041878653523,1.6594013074170892,-0.8902361826317177,0.0,0.962148480478778,0.15,1.0,81.0,0.2117117117117117,1.0,28.83333333333333,0.0132500761498629,0.4682080924855491,1.0,81.0,1.0,
0x1afaacef3ba7cf528001fc9c3de2d90228c047c20ba4e68cf0bd83262331e3a0,15,0xcb36b1ee0af68dce5578a487ff2da81282512233,0x2f755e8980f0c2e81681d82cccd1a4bd5b4d5d46,2021-05-08 14:33:52+00:00,1000000,210000000000,7980140,387249,3.327e+21,167,,25,48,84,0.5714285714285714,1,89,179,0.4972067039106145,2,1,6567,49,0x1afaacef3ba7cf528001fc9c3de2d90228c047c20ba4e68cf0bd83262331e3a0,84,1,100,1,0,223,6,13,33.0,8.0,2,1,1,0.1818181818181819,-0.969702281384368,-0.9687851877818976,-1.0226042343797426,1.190686188200251,1.078029440985515,-0.1714985851425088,1.0705208023205122,1.0879749905799208,-0.1818181818181819,-0.7231537318707848,-0.9789256454999612,-1.0240642973374765,-1.0240014513900686,-0.1544354106593639,-0.178969406613225,-0.1788787792427289,-0.7872194622805565,0.9752807229953978,-0.913912764764064,-0.9057529185791028,-1.008995683418233,-0.942876664802572,0.5645041878653523,0.2070131939814687,-0.8902361826317177,0.0,1.013876893407745,0.15,1.0,84.0,0.2142857142857142,1.0,29.83333333333333,0.0135505481120584,0.4692737430167598,1.0,84.0,1.0,
0xf228104983bc22d3660937cf6ade3870705370d5f33aa59208c7d6cd71494ae2,15,0xcb36b1ee0af68dce5578a487ff2da81282512233,0x2f755e8980f0c2e81681d82cccd1a4bd5b4d5d46,2021-05-08 14:33:52+00:00,1000000,210000000000,9244407,362536,3.327e+21,169,,24,48,84,0.5714285714285714,1,89,179,0.4972067039106145,2,1,6567,50,0xf228104983bc22d3660937cf6ade3870705370d5f33aa59208c7d6cd71494ae2,84,1,97,1,0,223,6,11,33.0,8.0,2,1,1,0.1818181818181819,-0.969702281384368,-0.9687851877818976,-1.0226042343797426,1.190686188200251,1.078029440985515,-0.1714985851425088,1.1264168341877068,1.0879749905799208,-0.1818181818181819,-0.8336601089904035,-0.9789256454999612,-1.0240642973374765,-1.0240014513900686,-0.1544354106593639,-0.178969406613225,-0.1788787792427289,-1.1130553324297934,0.9752807229953978,-0.913912764764064,-0.9057529185791028,-1.008995683418233,-0.942876664802572,0.5645041878653523,0.6530973416043726,-0.9830191772629612,0.0,1.0656053063367112,0.1546391752577319,1.0,84.0,0.2142857142857142,1.0,29.83333333333333,0.0135505481120584,0.4692737430167598,1.0,84.0,1.0,
0xad18a25907fa30fc82f03b275685c298b7467cce193f439cb710a5dc740e983b,15,0xcb36b1ee0af68dce5578a487ff2da81282512233,0x2f755e8980f0c2e81681d82cccd1a4bd5b4d5d46,2021-05-08 14:33:52+00:00,1000000,210000000000,10471275,362536,3.414e+21,171,,27,48,84,0.5714285714285714,1,89,179,0.4972067039106145,2,1,6567,51,0xad18a25907fa30fc82f03b275685c298b7467cce193f439cb710a5dc740e983b,84,1,97,1,0,223,6,11,33.0,8.0,2,1,1,0.1818181818181819,-0.969702281384368,-0.9687851877818976,-1.0226042343797426,1.190686188200251,1.078029440985515,-0.1714985851425088,1.1823128660549014,1.0879749905799208,-0.1818181818181819,-0.8336601089904035,-0.9789256454999612,-1.0240642973374765,-1.0240014513900686,-0.1544354106593639,-0.178969406613225,-0.1788787792427289,-1.1130553324297934,0.9752807229953978,-0.913912764764064,-0.9057529185791028,-1.008995683418233,-0.942876664802572,0.5645041878653523,1.0859856207620322,-0.9830191772629612,0.0,1.1173337192656778,0.1546391752577319,1.0,84.0,0.2142857142857142,1.0,29.83333333333333,0.0135505481120584,0.4692737430167598,1.0,84.0,1.0,
0xceb55ad0a0a1097dbca3d073a9f02de6465db95a8683cbe41cc847d0178a25e6,15,0xcb36b1ee0af68dce5578a487ff2da81282512233,0x2f755e8980f0c2e81681d82cccd1a4bd5b4d5d46,2021-05-08 14:34:12+00:00,1000000,210000000000,6900442,387249,3.414e+21,173,,22,49,86,0.5697674418604651,1,91,184,0.4945652173913043,2,1,6569,52,0xceb55ad0a0a1097dbca3d073a9f02de6465db95a8683cbe41cc847d0178a25e6,86,1,100,1,0,225,6,13,33.0,8.0,2,1,1,0.1818181818181819,-0.9696241855459006,-0.9686361296890054,-1.0226042343797426,1.3017991210296884,1.2069063347529103,-0.1714985851425088,1.238208897922096,1.1860260892262728,-0.1818181818181819,-0.7231537318707848,-0.9789256454999612,-1.0240642973374765,-1.0239985556538571,-0.1544354106593639,-0.178969406613225,-0.1788727371552476,-0.7872194622805565,0.9752807229953978,-0.913912764764064,-0.9057529185791028,-1.008995683418233,-0.942876664802572,0.5645041878653523,-0.1739476014993546,-0.8902361826317177,0.0,1.1690621321946444,0.15,1.0,86.0,0.2168141592920354,1.0,30.666666666666668,0.0138508371385083,0.4673913043478261,1.0,86.0,1.0,
0x0575f297948385283986007d4377ebdd55c06f0d6761248633f6faf60225ab4b,15,0xcb36b1ee0af68dce5578a487ff2da81282512233,0x2f755e8980f0c2e81681d82cccd1a4bd5b4d5d46,2021-05-08 14:34:12+00:00,1000000,210000000000,8164709,362536,3.414e+21,175,,19,49,86,0.5697674418604651,1,91,184,0.4945652173913043,2,1,6569,53,0x0575f297948385283986007d4377ebdd55c06f0d6761248633f6faf60225ab4b,86,1,97,1,0,225,6,11,33.0,8.0,2,1,1,0.1818181818181819,-0.9696241855459006,-0.9686361296890054,-1.0226042343797426,1.3017991210296884,1.2069063347529103,-0.1714985851425088,1.2941049297892908,1.1860260892262728,-0.1818181818181819,-0.8336601089904035,-0.9789256454999612,-1.0240642973374765,-1.0239985556538571,-0.1544354106593639,-0.178969406613225,-0.1788727371552476,-1.1130553324297934,0.9752807229953978,-0.913912764764064,-0.9057529185791028,-1.008995683418233,-0.942876664802572,0.5645041878653523,0.2721365461235492,-0.9830191772629612,0.0,1.220790545123611,0.1546391752577319,1.0,86.0,0.2168141592920354,1.0,30.666666666666668,0.0138508371385083,0.4673913043478261,1.0,86.0,1.0,
0x354b0b31618e7281a7ab5301f32aba7ddc30a885d46f3c148cf3dbbf2181e978,15,0xcb36b1ee0af68dce5578a487ff2da81282512233,0x2f755e8980f0c2e81681d82cccd1a4bd5b4d5d46,2021-05-08 14:35:50+00:00,1000000,235000000000,8589091,362536,3.364e+21,181,,18,50,91,0.5494505494505495,1,92,193,0.4766839378238341,2,1,6580,54,0x354b0b31618e7281a7ab5301f32aba7ddc30a885d46f3c148cf3dbbf2181e978,91,1,97,1,0,236,6,11,33.0,8.0,2,1,1,0.1818181818181819,-0.969546089707433,-0.9682634844567748,-1.0226042343797426,1.3573555874444072,1.4388847435342236,-0.1714985851425088,1.3500009616564854,1.4311538358421525,-0.1818181818181819,-0.8336601089904035,-0.9789256454999612,-1.0240642973374765,-1.023982629104694,-0.1544354106593639,-0.178969406613225,-0.1788395056741007,-1.1130553324297934,0.9752807229953978,-0.913912764764064,-0.9057529185791028,-1.008995683418233,-0.942876664802572,2.078953154056819,0.4218755512043614,-0.9830191772629612,0.0,1.375975783910511,0.1546391752577319,1.0,91.0,0.2109704641350211,1.0,32.166666666666664,0.0139796383528339,0.4715025906735751,1.0,91.0,1.0,
0xcdecac751545bbd38e0fe3a8e25ac2efcdf13a3c3415b26989eecbdd0ae8c708,15,0xcb36b1ee0af68dce5578a487ff2da81282512233,0x2f755e8980f0c2e81681d82cccd1a4bd5b4d5d46,2021-05-08 14:35:50+00:00,1000000,235000000000,6076956,387249,3.364e+21,177,,16,50,91,0.5494505494505495,1,92,193,0.4766839378238341,2,1,6580,55,0xcdecac751545bbd38e0fe3a8e25ac2efcdf13a3c3415b26989eecbdd0ae8c708,91,1,100,1,0,236,6,13,33.0,8.0,2,1,1,0.1818181818181819,-0.969546089707433,-0.9682634844567748,-1.0226042343797426,1.3573555874444072,1.4388847435342236,-0.1714985851425088,1.40589699352368,1.4311538358421525,-0.1818181818181819,-0.7231537318707848,-0.9789256454999612,-1.0240642973374765,-1.023982629104694,-0.1544354106593639,-0.178969406613225,-0.1788395056741007,-0.7872194622805565,0.9752807229953978,-0.913912764764064,-0.9057529185791028,-1.008995683418233,-0.942876664802572,2.078953154056819,-0.4645065185551622,-0.8902361826317177,0.0,1.2725189580525775,0.15,1.0,91.0,0.2109704641350211,1.0,32.166666666666664,0.0139796383528339,0.4715025906735751,1.0,91.0,1.0,
0xe9bab635eb91fe28533e3ab21b06f6c0b92908043940bd84a704943837dff928,15,0xcb36b1ee0af68dce5578a487ff2da81282512233,0x2f755e8980f0c2e81681d82cccd1a4bd5b4d5d46,2021-05-08 14:35:50+00:00,1000000,235000000000,11045627,362536,3.364e+21,185,,13,50,91,0.5494505494505495,1,92,193,0.4766839378238341,2,1,6580,56,0xe9bab635eb91fe28533e3ab21b06f6c0b92908043940bd84a704943837dff928,91,1,97,1,0,236,6,11,33.0,8.0,2,1,1,0.1818181818181819,-0.969546089707433,-0.9682634844567748,-1.0226042343797426,1.3573555874444072,1.4388847435342236,-0.1714985851425088,1.4617930253908746,1.4311538358421525,-0.1818181818181819,-0.8336601089904035,-0.9789256454999612,-1.0240642973374765,-1.023982629104694,-0.1544354106593639,-0.178969406613225,-0.1788395056741007,-1.1130553324297934,0.9752807229953978,-0.913912764764064,-0.9057529185791028,-1.008995683418233,-0.942876664802572,2.078953154056819,1.2886400619168754,-0.9830191772629612,0.0,1.4794326097684438,0.1546391752577319,1.0,91.0,0.2109704641350211,1.0,32.166666666666664,0.0139796383528339,0.4715025906735751,1.0,91.0,1.0,
0xa76d53c4f8f99ad9cc00e8f0bb163596e933647159ddb73e148e046e6707be0e,15,0xcb36b1ee0af68dce5578a487ff2da81282512233,0x2f755e8980f0c2e81681d82cccd1a4bd5b4d5d46,2021-05-08 14:35:50+00:00,1000000,235000000000,7341223,362536,3.364e+21,179,,17,50,91,0.5494505494505495,1,92,193,0.4766839378238341,2,1,6580,57,0xa76d53c4f8f99ad9cc00e8f0bb163596e933647159ddb73e148e046e6707be0e,91,1,97,1,0,236,6,11,33.0,8.0,2,1,1,0.1818181818181819,-0.969546089707433,-0.9682634844567748,-1.0226042343797426,1.3573555874444072,1.4388847435342236,-0.1714985851425088,1.5176890572580697,1.4311538358421525,-0.1818181818181819,-0.8336601089904035,-0.9789256454999612,-1.0240642973374765,-1.023982629104694,-0.1544354106593639,-0.178969406613225,-0.1788395056741007,-1.1130553324297934,0.9752807229953978,-0.913912764764064,-0.9057529185791028,-1.008995683418233,-0.942876664802572,2.078953154056819,-0.0184223709322582,-0.9830191772629612,0.0,1.324247370981544,0.1546391752577319,1.0,91.0,0.2109704641350211,1.0,32.166666666666664,0.0139796383528339,0.4715025906735751,1.0,91.0,1.0,
0xfdc65cfff14fa187dae9c329fa5ab98e50f8d5c7f6912fbe0d61d95e3d528561,15,0xcb36b1ee0af68dce5578a487ff2da81282512233,0x2f755e8980f0c2e81681d82cccd1a4bd5b4d5d46,2021-05-08 14:35:50+00:00,1000000,235000000000,9815959,362536,3.364e+21,183,,14,50,91,0.5494505494505495,1,92,193,0.4766839378238341,2,1,6580,58,0xfdc65cfff14fa187dae9c329fa5ab98e50f8d5c7f6912fbe0d61d95e3d528561,91,1,97,1,0,236,6,11,33.0,8.0,2,1,1,0.1818181818181819,-0.969546089707433,-0.9682634844567748,-1.0226042343797426,1.3573555874444072,1.4388847435342236,-0.1714985851425088,1.573585089125264,1.4311538358421525,-0.1818181818181819,-0.8336601089904035,-0.9789256454999612,-1.0240642973374765,-1.023982629104694,-0.1544354106593639,-0.178969406613225,-0.1788395056741007,-1.1130553324297934,0.9752807229953978,-0.913912764764064,-0.9057529185791028,-1.008995683418233,-0.942876664802572,2.078953154056819,0.8547638303620211,-0.9830191772629612,0.0,1.4277041968394772,0.1546391752577319,1.0,91.0,0.2109704641350211,1.0,32.166666666666664,0.0139796383528339,0.4715025906735751,1.0,91.0,1.0,
0x08ea96a8c312677bb47d5674dada18083a6688159323edcf60fc087c70688b43,15,0xcb36b1ee0af68dce5578a487ff2da81282512233,0x2f755e8980f0c2e81681d82cccd1a4bd5b4d5d46,2021-05-08 14:36:40+00:00,1000000,235000000000,1751681,387249,3.504e+21,187,,8,51,92,0.5543478260869565,1,94,195,0.482051282051282,2,1,6582,59,0x08ea96a8c312677bb47d5674dada18083a6688159323edcf60fc087c70688b43,92,1,100,1,0,238,6,13,33.0,8.0,2,1,1,0.1818181818181819,-0.9694679938689652,-0.9681889554103288,-1.0226042343797426,1.4684685202738446,1.4904355010411818,-0.1714985851425088,1.629481120992459,1.4801793851653284,-0.1818181818181819,-0.7231537318707848,-0.9789256454999612,-1.0240642973374765,-1.0239797333684826,-0.1544354106593639,-0.178969406613225,-0.1788334635866195,-0.7872194622805565,0.9752807229953978,-0.913912764764064,-0.9057529185791028,-1.008995683418233,-0.942876664802572,2.078953154056819,-1.990637163118103,-0.8902361826317177,0.0,1.5311610226974104,0.15,1.0,92.0,0.2133891213389121,1.0,32.5,0.0142792040103296,0.4717948717948718,1.0,92.0,1.0,
0xf580bd47217ffbf9ac3b2b802b229a6f7d4cb36b2580921c5ab3fab9573f8f91,15,0xcb36b1ee0af68dce5578a487ff2da81282512233,0x2f755e8980f0c2e81681d82cccd1a4bd5b4d5d46,2021-05-08 14:37:46+00:00,1000000,235000000000,5796390,387249,3.787e+21,189,,6,52,93,0.5591397849462365,1,96,197,0.4873096446700508,2,1,6584,60,0xf580bd47217ffbf9ac3b2b802b229a6f7d4cb36b2580921c5ab3fab9573f8f91,93,1,100,1,0,240,6,13,33.0,8.0,2,1,1,0.1818181818181819,-0.9693898980304978,-0.9681144263638826,-1.0226042343797426,1.579581453103282,1.5419862585481403,-0.1714985851425088,1.6853771528596533,1.5292049344885046,-0.1818181818181819,-0.7231537318707848,-0.9789256454999612,-1.0240642973374765,-1.023976837632271,-0.1544354106593639,-0.178969406613225,-0.1788274214991382,-0.7872194622805565,0.9752807229953978,-0.913912764764064,-0.9057529185791028,-1.008995683418233,-0.942876664802572,2.078953154056819,-0.5635014657949206,-0.8902361826317177,0.0,1.582889435626377,0.15,1.0,93.0,0.2157676348547718,1.0,32.833333333333336,0.0145785876993166,0.4720812182741117,1.0,93.0,1.0,
0xb7faca63a73d5d0490dda1c390577db3f30414cd91ce462e45c1e7f37c258519,15,0xcb36b1ee0af68dce5578a487ff2da81282512233,0x2f755e8980f0c2e81681d82cccd1a4bd5b4d5d46,2021-05-08 14:38:27+00:00,1000000,235000000000,1958769,387249,3.454e+21,191,,4,53,94,0.5638297872340425,1,98,199,0.4924623115577889,2,1,6588,61,0xb7faca63a73d5d0490dda1c390577db3f30414cd91ce462e45c1e7f37c258519,94,1,100,1,0,244,6,13,33.0,8.0,2,1,1,0.1818181818181819,-0.9693118021920302,-0.9680398973174364,-1.0226042343797426,1.6906943859327193,1.5935370160550988,-0.1714985851425088,1.741273184726848,1.5782304838116803,-0.1818181818181819,-0.7231537318707848,-0.9789256454999612,-1.0240642973374765,-1.023971046159848,-0.1544354106593639,-0.178969406613225,-0.1788153373241757,-0.7872194622805565,0.9752807229953978,-0.913912764764064,-0.9057529185791028,-1.008995683418233,-0.942876664802572,2.078953154056819,-1.9175682038215844,-0.8902361826317177,0.0,1.6346178485553435,0.15,1.0,94.0,0.2163265306122449,1.0,33.166666666666664,0.0148732736378813,0.4723618090452261,1.0,94.0,1.0,
0x27fd4982d130e640f82164918025547c4dec62c940a78cc5367d520780b9896e,15,0xcb36b1ee0af68dce5578a487ff2da81282512233,0x67b66c99d3eb37fa76aa3ed1ff33e8e39f0b9c7a,2021-05-08 14:14:40+00:00,5000000,190000000000,7309543,901404,1000000000.0,70,,130,25764,27014,0.9537276967498334,214,38,83,0.4578313253012048,2,1,6475,1,0x27fd4982d130e640f82164918025547c4dec62c940a78cc5367d520780b9896e,34,1,145,4703,213,1386939,6,24,26.0,14.0,4,3,0,0.1818181818181819,1.038610300647914,1.0382820330119706,0.9953944122523836,-1.642693598950402,-1.3964069193484892,-0.1714985851425088,-1.6124887273048314,-1.363302475578877,-0.1818181818181819,0.9344419249234954,1.0392423428778337,0.9837200853289676,0.9837804167212428,-0.1544354106593639,-0.178969406613225,-0.1791567152668665,1.0048778235402465,-0.9338258376779196,1.0333445465230036,1.0296165655642795,0.9313806308475996,1.0395944856544592,-0.6470549850878213,-0.0296003466262324,1.040117906496555,-0.0,-1.4949511336471335,0.1034482758620689,1.0,5.743993195832448,0.0185761460481347,1.0,13.833333333333334,0.0058678196417541,0.4096385542168674,0.0012586066484045,34.0,0.0046728971962616,
0x19a00ed98eec25456544139ec3155f45eb425d85a47137973751698287aadebb,15,0xcb36b1ee0af68dce5578a487ff2da81282512233,0x67b66c99d3eb37fa76aa3ed1ff33e8e39f0b9c7a,2021-05-08 14:14:40+00:00,5000000,190000000000,9770484,884050,1000000000.0,74,,129,25764,27014,0.9537276967498334,214,38,83,0.4578313253012048,2,1,6475,2,0x19a00ed98eec25456544139ec3155f45eb425d85a47137973751698287aadebb,34,1,144,4703,213,1386939,6,23,26.0,14.0,4,3,0,0.1818181818181819,1.038610300647914,1.0382820330119706,0.9953944122523836,-1.642693598950402,-1.3964069193484892,-0.1714985851425088,-1.5565926954376368,-1.363302475578877,-0.1818181818181819,0.8976064658836225,1.0392423428778337,0.9837200853289676,0.9837804167212428,-0.1544354106593639,-0.178969406613225,-0.1791567152668665,0.8419598884656281,-0.9338258376779196,1.0333445465230036,1.0296165655642795,0.9313806308475996,1.0395944856544592,-0.6470549850878213,0.8387184249111539,0.9749636925674242,-0.0,-1.3914943077892004,0.1041666666666666,1.0,5.743993195832448,0.0185761460481347,1.0,13.833333333333334,0.0058678196417541,0.4096385542168674,0.0012586066484045,34.0,0.0046728971962616,
0x6966f277839a2fb89fb344bf115e6e30f13771c8ebcdcec6d873e2ee19d695bd,15,0xcb36b1ee0af68dce5578a487ff2da81282512233,0x67b66c99d3eb37fa76aa3ed1ff33e8e39f0b9c7a,2021-05-08 14:14:43+00:00,5000000,190000000000,9951960,919032,1000000000.0,76,,123,25765,27015,0.9537294095872664,214,39,84,0.4642857142857143,2,1,6476,3,0x6966f277839a2fb89fb344bf115e6e30f13771c8ebcdcec6d873e2ee19d695bd,35,1,148,4703,213,1386940,6,25,26.0,14.0,4,3,0,0.1818181818181819,1.0386883964863816,1.0383565620584168,0.9953944122523836,-1.5871371325356831,-1.37063154059501,-0.1714985851425088,-1.500696663570442,-1.314276926255701,-0.1818181818181819,1.044948302043114,1.0392423428778337,0.9837200853289676,0.9837818645893484,-0.1544354106593639,-0.178969406613225,-0.1791536942231259,1.1677957586148648,-0.9338258376779196,1.0333445465230036,1.0296165655642795,0.9313806308475996,1.0395944856544592,-0.6470549850878213,0.902750442494476,1.1063008316517184,-0.0,-1.339765894860234,0.1013513513513513,1.0,5.744205826068467,0.0185768536657291,1.0,14.0,0.0060213061602593,0.4166666666666667,0.0012955765315565,35.0,0.0046728971962616,
0x32bc0aaec3eefc317ba2c8b1cf9a7da0db6b291898540e5a2b0f3dae9ecfb405,15,0xcb36b1ee0af68dce5578a487ff2da81282512233,0x67b66c99d3eb37fa76aa3ed1ff33e8e39f0b9c7a,2021-05-08 14:15:18+00:00,5000000,190000000000,10239826,921832,1000000000.0,78,,121,25766,27016,0.9537311222978976,214,41,86,0.4767441860465116,2,1,6478,4,0x32bc0aaec3eefc317ba2c8b1cf9a7da0db6b291898540e5a2b0f3dae9ecfb405,36,1,148,4703,213,1386942,6,25,26.0,14.0,4,3,0,0.1818181818181819,1.0387664923248492,1.0384310911048629,0.9953944122523836,-1.476024199706246,-1.3190807830880515,-0.1714985851425088,-1.4448006317032474,-1.265251376932525,-0.1818181818181819,1.044948302043114,1.0392423428778337,0.9837200853289676,0.98378476032556,-0.1544354106593639,-0.178969406613225,-0.1791476521356446,1.1677957586148648,-0.9338258376779196,1.0333445465230036,1.0296165655642795,0.9313806308475996,1.0395944856544592,-0.6470549850878213,1.004321122769778,1.1168132091440293,-0.0,-1.2880374819312674,0.1013513513513513,1.0,5.744418456304486,0.0185775478876925,1.0,14.333333333333334,0.0063281370581879,0.4186046511627907,0.0013325436778205,36.0,0.0046728971962616,
0x99c4284f4978162861055b8602451bb53b68aef7d49d2dd29f0536f0bd4b79dd,15,0xcb36b1ee0af68dce5578a487ff2da81282512233,0x67b66c99d3eb37fa76aa3ed1ff33e8e39f0b9c7a,2021-05-08 14:15:37+00:00,5000000,190000000000,9444684,921832,1000000000.0,80,,119,25767,27017,0.9537328348817412,214,43,88,0.4886363636363636,2,1,6481,5,0x99c4284f4978162861055b8602451bb53b68aef7d49d2dd29f0536f0bd4b79dd,37,1,148,4703,213,1386945,6,25,26.0,14.0,4,3,0,0.1818181818181819,1.0388445881633168,1.038505620151309,0.9953944122523836,-1.3649112668768086,-1.267530025581093,-0.1714985851425088,-1.3889045998360527,-1.2162258276093492,-0.1818181818181819,1.044948302043114,1.0392423428778337,0.9837200853289676,0.9837891039298772,-0.1544354106593639,-0.178969406613225,-0.1791385890044227,1.1677957586148648,-0.9338258376779196,1.0333445465230036,1.0296165655642795,0.9313806308475996,1.0395944856544592,-0.6470549850878213,0.7237631066947153,1.1168132091440293,-0.0,-1.2363090690023009,0.1013513513513513,1.0,5.744631086540506,0.0185782287125814,1.0,14.666666666666666,0.0066337550138846,0.4204545454545454,0.0013695080875004,37.0,0.0046728971962616,
0xdc940077b1450e8728c8cc5b355571d4d5bf4eae118dc9f677d945e6d031b217,15,0xcb36b1ee0af68dce5578a487ff2da81282512233,0x67b66c99d3eb37fa76aa3ed1ff33e8e39f0b9c7a,2021-05-08 14:16:20+00:00,5000000,190000000000,3369798,921832,1000000000.0,82,,117,25768,27018,0.9537345473388112,214,45,90,0.5,2,1,6485,6,0xdc940077b1450e8728c8cc5b355571d4d5bf4eae118dc9f677d945e6d031b217,38,1,148,4703,213,1386949,6,25,26.0,14.0,4,3,0,0.1818181818181819,1.0389226840017842,1.038580149197755,0.9953944122523836,-1.2537983340473713,-1.2159792680741346,-0.1714985851425088,-1.333008567968858,-1.1672002782861732,-0.1818181818181819,1.044948302043114,1.0392423428778337,0.9837200853289676,0.9837948954023,-0.1544354106593639,-0.178969406613225,-0.1791265048294602,1.1677957586148648,-0.9338258376779196,1.0333445465230036,1.0296165655642795,0.9313806308475996,1.0395944856544592,-0.6470549850878213,-1.419700531299721,1.1168132091440293,-0.0,-1.1845806560733343,0.1013513513513513,1.0,5.744843716776526,0.01857889613901,1.0,15.0,0.0069380203515263,0.4222222222222222,0.0014064697609001,38.0,0.0046728971962616,
0x0181498eaf72af491bf2f75d026101e89d8db287fb7905c91ca6a2b49554699d,15,0xcb36b1ee0af68dce5578a487ff2da81282512233,0x67b66c99d3eb37fa76aa3ed1ff33e8e39f0b9c7a,2021-05-08 14:16:23+00:00,5000000,190000000000,10513331,901622,1000000000.0,84,,115,25769,27019,0.9537362596691216,214,46,93,0.4946236559139785,2,1,6486,7,0x0181498eaf72af491bf2f75d026101e89d8db287fb7905c91ca6a2b49554699d,39,1,145,4703,213,1386950,6,24,26.0,14.0,4,3,0,0.1818181818181819,1.039000779840252,1.0386546782442012,0.9953944122523836,-1.1982418676326525,-1.138653131813697,-0.1714985851425088,-1.2771125361016635,-1.1181747289629973,-0.1818181818181819,0.9344419249234954,1.0392423428778337,0.9837200853289676,0.983796343270406,-0.1544354106593639,-0.178969406613225,-0.1791234837857196,1.0048778235402465,-0.9338258376779196,1.0333445465230036,1.0296165655642795,0.9313806308475996,1.0395944856544592,-0.6470549850878213,1.1008246657678964,1.0409363701727417,-0.0,-1.1328522431443675,0.1034482758620689,1.0,5.745056347012545,0.0185796037495196,1.0,15.5,0.007091105287498,0.4193548387096774,0.0014434286983234,39.0,0.0046728971962616,
0xa1c09e2899d1446ab55deada51de7ecfa58d5f07891d663bc29e084fac879ace,15,0xcb36b1ee0af68dce5578a487ff2da81282512233,0x67b66c99d3eb37fa76aa3ed1ff33e8e39f0b9c7a,2021-05-08 14:16:33+00:00,5000000,190000000000,6041072,919032,1000000000.0,86,,113,25770,27020,0.9537379718726868,214,47,94,0.5,2,1,6488,8,0xa1c09e2899d1446ab55deada51de7ecfa58d5f07891d663bc29e084fac879ace,40,1,148,4703,213,1386952,6,25,26.0,14.0,4,3,0,0.1818181818181819,1.0390788756787197,1.038729207290647,0.9953944122523836,-1.142685401217934,-1.112877753060218,-0.1714985851425088,-1.2212165042344687,-1.0691491796398214,-0.1818181818181819,1.044948302043114,1.0392423428778337,0.9837200853289676,0.9837992390066174,-0.1544354106593639,-0.178969406613225,-0.1791174416982384,1.1677957586148648,-0.9338258376779196,1.0333445465230036,1.0296165655642795,0.9313806308475996,1.0395944856544592,-0.6470549850878213,-0.4771678342054957,1.1063008316517184,-0.0,-1.0811238302154011,0.1013513513513513,1.0,5.745268977248565,0.018580297962512,1.0,15.666666666666666,0.0072430266605023,0.425531914893617,0.001480384900074,40.0,0.0046728971962616,
0xe19a96f2041961f968f011ef8d03b271e381a5bd3229b895ddde5fff63b6534b,15,0xcb36b1ee0af68dce5578a487ff2da81282512233,0x67b66c99d3eb37fa76aa3ed1ff33e8e39f0b9c7a,2021-05-08 14:17:26+00:00,5000000,190000000000,1247711,921832,1000000000.0,88,,110,25771,27021,0.9537396839495208,214,49,96,0.5104166666666666,2,1,6494,9,0xe19a96f2041961f968f011ef8d03b271e381a5bd3229b895ddde5fff63b6534b,41,1,148,4703,213,1386958,6,25,26.0,14.0,4,3,0,0.1818181818181819,1.0391569715171871,1.0388037363370934,0.9953944122523836,-1.0315724683884964,-1.0613269955532594,-0.1714985851425088,-1.165320472367274,-1.0201236303166452,-0.1818181818181819,1.044948302043114,1.0392423428778337,0.9837200853289676,0.9838079262152516,-0.1544354106593639,-0.178969406613225,-0.1790993154357946,1.1677957586148648,-0.9338258376779196,1.0333445465230036,1.0296165655642795,0.9313806308475996,1.0395944856544592,-0.6470549850878213,-2.1684580094088903,1.1168132091440293,-0.0,-1.0293954172864346,0.1013513513513513,1.0,5.745481607484584,0.0185809385857837,1.0,16.0,0.0075442648190916,0.4270833333333333,0.0015173383664557,41.0,0.0046728971962616,
0xd4a861058b76ac2fb22e9ea396bb119fc3c83b398aed52eb6aba5f0a849c30da,15,0xcb36b1ee0af68dce5578a487ff2da81282512233,0x67b66c99d3eb37fa76aa3ed1ff33e8e39f0b9c7a,2021-05-08 14:17:29+00:00,5000000,190000000000,5117055,901622,1000000000.0,90,,106,25772,27023,0.9537061022092292,214,50,101,0.495049504950495,2,1,6495,10,0xd4a861058b76ac2fb22e9ea396bb119fc3c83b398aed52eb6aba5f0a849c30da,43,1,145,4703,213,1386959,6,24,26.0,14.0,4,3,0,0.1818181818181819,1.0392350673556547,1.0389527944299857,0.9953944122523836,-0.9760160019737778,-0.9324501017858634,-0.1714985851425088,-1.1094244405000795,-0.9220725316702932,-0.1818181818181819,0.9344419249234954,1.0392423428778337,0.9837200853289676,0.9838093740833574,-0.1544354106593639,-0.178969406613225,-0.179096294392054,1.0048778235402465,-0.9338258376779196,1.0333445465230036,1.0296165655642795,0.9313806308475996,1.0395944856544592,-0.6470549850878213,-0.8031981235621528,1.0409363701727417,-0.0,-0.977667004357468,0.1034482758620689,1.0,5.745906867956624,0.0185816461902289,1.0,16.833333333333332,0.0076970443349753,0.4257425742574257,0.001591237094327,43.0,0.0046728971962616,
0x50fe03ba8e441e133fe4b8e123055eeffde03031677533e9a212611f46924b05,15,0xcb36b1ee0af68dce5578a487ff2da81282512233,0x67b66c99d3eb37fa76aa3ed1ff33e8e39f0b9c7a,2021-05-08 14:17:29+00:00,5000000,190000000000,6343814,864223,1000000000.0,92,,108,25772,27023,0.9537061022092292,214,50,101,0.495049504950495,2,1,6495,11,0x50fe03ba8e441e133fe4b8e123055eeffde03031677533e9a212611f46924b05,43,1,144,4703,213,1386959,6,23,26.0,14.0,4,3,0,0.1818181818181819,1.0392350673556547,1.0389527944299857,0.9953944122523836,-0.9760160019737778,-0.9324501017858634,-0.1714985851425088,-1.0535284086328849,-0.9220725316702932,-0.1818181818181819,0.8976064658836225,1.0392423428778337,0.9837200853289676,0.9838093740833574,-0.1544354106593639,-0.178969406613225,-0.179096294392054,0.8419598884656281,-0.9338258376779196,1.0333445465230036,1.0296165655642795,0.9313806308475996,1.0395944856544592,-0.6470549850878213,-0.3703483039799554,0.9005247966602634,-0.0,-0.9259385914285014,0.1041666666666666,1.0,5.745906867956624,0.0185816461902289,1.0,16.833333333333332,0.0076970443349753,0.4257425742574257,0.001591237094327,43.0,0.0046728971962616,
0x4ede168ed8ec3aef4efc683f306e88ad2c627014f21ca22002a20594c0dd4c36,15,0xcb36b1ee0af68dce5578a487ff2da81282512233,0x67b66c99d3eb37fa76aa3ed1ff33e8e39f0b9c7a,2021-05-08 14:17:55+00:00,5000000,190000000000,8814114,919032,1000000000.0,94,,104,25773,27024,0.9537078152753108,214,51,102,0.5,2,1,6497,12,0x4ede168ed8ec3aef4efc683f306e88ad2c627014f21ca22002a20594c0dd4c36,44,1,148,4703,213,1386961,6,25,26.0,14.0,4,3,0,0.1818181818181819,1.039313163194122,1.0390273234764318,0.9953944122523836,-0.9204595355590592,-0.9066747230323842,-0.1714985851425088,-0.9976323767656902,-0.8730469823471174,-0.1818181818181819,1.044948302043114,1.0392423428778337,0.9837200853289676,0.9838122698195688,-0.1544354106593639,-0.178969406613225,-0.1790902523045727,1.1677957586148648,-0.9338258376779196,1.0333445465230036,1.0296165655642795,0.9313806308475996,1.0395944856544592,-0.6470549850878213,0.5012726984450541,1.1063008316517184,-0.0,-0.8742101784995349,0.1013513513513513,1.0,5.746119498192643,0.0185823403957714,1.0,17.0,0.007848568790397,0.4313725490196078,0.0016281823564239,44.0,0.0046728971962616,
0x77e16fc800361ae404759a6fb9e3e1323c28d6722ab1af7e4c908c50ba0e4924,15,0xcb36b1ee0af68dce5578a487ff2da81282512233,0x67b66c99d3eb37fa76aa3ed1ff33e8e39f0b9c7a,2021-05-08 14:18:15+00:00,5000000,190000000000,7995794,901622,1000000000.0,96,,103,25774,27026,0.9536742396211056,214,52,106,0.490566037735849,2,1,6499,13,0x77e16fc800361ae404759a6fb9e3e1323c28d6722ab1af7e4c908c50ba0e4924,46,1,145,4703,213,1386963,6,24,26.0,14.0,4,3,0,0.1818181818181819,1.0393912590325898,1.039176381569324,0.9953944122523836,-0.8649030691443405,-0.8035732080184674,-0.1714985851425088,-0.9417363448984956,-0.7749958837007656,-0.1818181818181819,0.9344419249234954,1.0392423428778337,0.9837200853289676,0.9838151655557804,-0.1544354106593639,-0.178969406613225,-0.1790842102170915,1.0048778235402465,-0.9338258376779196,1.0333445465230036,1.0296165655642795,0.9313806308475996,1.0395944856544592,-0.6470549850878213,0.2125365535620706,1.0409363701727417,-0.0,-0.8224817655705683,0.1034482758620689,1.0,5.746544758664682,0.0185830345993118,1.0,17.666666666666668,0.008,0.4339622641509434,0.0017020646784577,46.0,0.0046728971962616,
0x3e5cd29bdb4d96df3411ef9fe6e25c5f8747cf4e2c41c4002521eb7d47c95cce,15,0xcb36b1ee0af68dce5578a487ff2da81282512233,0x67b66c99d3eb37fa76aa3ed1ff33e8e39f0b9c7a,2021-05-08 14:18:15+00:00,5000000,190000000000,9222553,864223,1000000000.0,98,,102,25774,27026,0.9536742396211056,214,52,106,0.490566037735849,2,1,6499,14,0x3e5cd29bdb4d96df3411ef9fe6e25c5f8747cf4e2c41c4002521eb7d47c95cce,46,1,144,4703,213,1386963,6,23,26.0,14.0,4,3,0,0.1818181818181819,1.0393912590325898,1.039176381569324,0.9953944122523836,-0.8649030691443405,-0.8035732080184674,-0.1714985851425088,-0.8858403130313008,-0.7749958837007656,-0.1818181818181819,0.8976064658836225,1.0392423428778337,0.9837200853289676,0.9838151655557804,-0.1544354106593639,-0.178969406613225,-0.1790842102170915,0.8419598884656281,-0.9338258376779196,1.0333445465230036,1.0296165655642795,0.9313806308475996,1.0395944856544592,-0.6470549850878213,0.645386373144268,0.9005247966602634,-0.0,-0.7707533526416017,0.1041666666666666,1.0,5.746544758664682,0.0185830345993118,1.0,17.666666666666668,0.008,0.4339622641509434,0.0017020646784577,46.0,0.0046728971962616,
0xc35be992676dc89266ffb9ed14e76af87273c775b487e4eaac363aa6e5a4ace1,15,0xcb36b1ee0af68dce5578a487ff2da81282512233,0x67b66c99d3eb37fa76aa3ed1ff33e8e39f0b9c7a,2021-05-08 14:18:36+00:00,5000000,190000000000,8518078,864332,1000000000.0,102,,94,25775,27029,0.9536053868067632,214,53,112,0.4732142857142857,2,1,6500,15,0xc35be992676dc89266ffb9ed14e76af87273c775b487e4eaac363aa6e5a4ace1,49,1,144,4703,213,1386964,6,23,26.0,14.0,4,3,0,0.1818181818181819,1.0394693548710574,1.0393999687086624,0.9953944122523836,-0.8093466027296218,-0.6489209354975921,-0.1714985851425088,-0.8299442811641062,-0.6279192357312376,-0.1818181818181819,0.8976064658836225,1.0392423428778337,0.9837200853289676,0.9838166134238862,-0.1544354106593639,-0.178969406613225,-0.1790811891733509,0.8419598884656281,-0.9338258376779196,1.0333445465230036,1.0296165655642795,0.9313806308475996,1.0395944856544592,-0.6470549850878213,0.396819314210795,0.900934028498357,-0.0,-0.6672965267836686,0.1041666666666666,1.0,5.747182649372741,0.018583742199695,1.0,18.666666666666668,0.008152591908937,0.4375,0.0018128676606607,49.0,0.0046728971962616,
0x1c6c42636e8af86935acadd9cdc935ec5f69fcda0d04bee6dbdb9dc0fbd67065,15,0xcb36b1ee0af68dce5578a487ff2da81282512233,0x67b66c99d3eb37fa76aa3ed1ff33e8e39f0b9c7a,2021-05-08 14:18:36+00:00,5000000,190000000000,7244585,901622,1000000000.0,100,,99,25775,27029,0.9536053868067632,214,53,112,0.4732142857142857,2,1,6500,16,0x1c6c42636e8af86935acadd9cdc935ec5f69fcda0d04bee6dbdb9dc0fbd67065,49,1,145,4703,213,1386964,6,24,26.0,14.0,4,3,0,0.1818181818181819,1.0394693548710574,1.0393999687086624,0.9953944122523836,-0.8093466027296218,-0.6489209354975921,-0.1714985851425088,-0.7740482492969115,-0.6279192357312376,-0.1818181818181819,0.9344419249234954,1.0392423428778337,0.9837200853289676,0.9838166134238862,-0.1544354106593639,-0.178969406613225,-0.1790811891733509,1.0048778235402465,-0.9338258376779196,1.0333445465230036,1.0296165655642795,0.9313806308475996,1.0395944856544592,-0.6470549850878213,-0.0525201365608653,1.0409363701727417,-0.0,-0.7190249397126351,0.1034482758620689,1.0,5.747182649372741,0.018583742199695,1.0,18.666666666666668,0.008152591908937,0.4375,0.0018128676606607,49.0,0.0046728971962616,
0x2024e41957739f01e4911a8836151743b5e2f1381aae5bee47f42785bbba59ea,15,0xcb36b1ee0af68dce5578a487ff2da81282512233,0x67b66c99d3eb37fa76aa3ed1ff33e8e39f0b9c7a,2021-05-08 14:18:36+00:00,5000000,190000000000,9940576,864223,1000000000.0,104,,96,25775,27029,0.9536053868067632,214,53,112,0.4732142857142857,2,1,6500,17,0x2024e41957739f01e4911a8836151743b5e2f1381aae5bee47f42785bbba59ea,49,1,144,4703,213,1386964,6,23,26.0,14.0,4,3,0,0.1818181818181819,1.0394693548710574,1.0393999687086624,0.9953944122523836,-0.8093466027296218,-0.6489209354975921,-0.1714985851425088,-0.7181522174297169,-0.6279192357312376,-0.1818181818181819,0.8976064658836225,1.0392423428778337,0.9837200853289676,0.9838166134238862,-0.1544354106593639,-0.178969406613225,-0.1790811891733509,0.8419598884656281,-0.9338258376779196,1.0333445465230036,1.0296165655642795,0.9313806308475996,1.0395944856544592,-0.6470549850878213,0.898733710319596,0.9005247966602634,-0.0,-0.615568113854702,0.1041666666666666,1.0,5.747182649372741,0.018583742199695,1.0,18.666666666666668,0.008152591908937,0.4375,0.0018128676606607,49.0,0.0046728971962616,
0x84aa2dab8002b3a5c52d431d17ad9d538d71bbb112c6f3a93fea44ea465d43bd,15,0xcb36b1ee0af68dce5578a487ff2da81282512233,0x67b66c99d3eb37fa76aa3ed1ff33e8e39f0b9c7a,2021-05-08 14:19:10+00:00,5000000,190000000000,4537607,921832,1000000000.0,106,,92,25776,27030,0.953607103218646,214,55,114,0.4824561403508772,2,1,6502,18,0x84aa2dab8002b3a5c52d431d17ad9d538d71bbb112c6f3a93fea44ea465d43bd,50,1,148,4703,213,1386966,6,25,26.0,14.0,4,3,0,0.1818181818181819,1.039547450709525,1.0394744977551085,0.9953944122523836,-0.6982336699001843,-0.5973701779906337,-0.1714985851425088,-0.6622561855625222,-0.5788936864080617,-0.1818181818181819,1.044948302043114,1.0392423428778337,0.9837200853289676,0.9838195091600976,-0.1544354106593639,-0.178969406613225,-0.1790751470858696,1.1677957586148648,-0.9338258376779196,1.0333445465230036,1.0296165655642795,0.9313806308475996,1.0395944856544592,-0.6470549850878213,-1.0076506380798904,1.1168132091440293,-0.0,-0.5638397009257354,0.1013513513513513,1.0,5.74739527960876,0.0185844363997124,1.0,19.0,0.008457634937721,0.4385964912280701,0.0018497965223825,50.0,0.0046728971962616,
0x477b3f734684e38eea8e1b921cbb485207b9e3f46500aabf0ce5bbb1e52b8aa9,15,0xcb36b1ee0af68dce5578a487ff2da81282512233,0x67b66c99d3eb37fa76aa3ed1ff33e8e39f0b9c7a,2021-05-08 14:19:24+00:00,5000000,190000000000,4633177,901622,1000000000.0,108,,89,25777,27031,0.9536088195035328,214,56,116,0.4827586206896552,2,1,6504,19,0x477b3f734684e38eea8e1b921cbb485207b9e3f46500aabf0ce5bbb1e52b8aa9,51,1,145,4703,213,1386968,6,24,26.0,14.0,4,3,0,0.1818181818181819,1.0396255465479924,1.0395490268015546,0.9953944122523836,-0.6426772034854656,-0.5458194204836754,-0.1714985851425088,-0.6063601536953276,-0.5298681370848858,-0.1818181818181819,0.9344419249234954,1.0392423428778337,0.9837200853289676,0.983822404896309,-0.1544354106593639,-0.178969406613225,-0.1790691049983883,1.0048778235402465,-0.9338258376779196,1.0333445465230036,1.0296165655642795,0.9313806308475996,1.0395944856544592,-0.6470549850878213,-0.9739297057227848,1.0409363701727417,-0.0,-0.5121112879967689,0.1034482758620689,1.0,5.74760790984478,0.0185851305977278,1.0,19.33333333333333,0.008608762490392,0.4396551724137931,0.0018867226517701,51.0,0.0046728971962616,
0x14589f160f951ac5b665169237c10219d7e0d8e092c8f497f3880b5a39b18a3f,15,0xcb36b1ee0af68dce5578a487ff2da81282512233,0x67b66c99d3eb37fa76aa3ed1ff33e8e39f0b9c7a,2021-05-08 14:19:29+00:00,5000000,190000000000,4095199,901622,1000000000.0,110,,87,25778,27032,0.9536105356614384,214,57,118,0.4830508474576271,2,1,6505,20,0x14589f160f951ac5b665169237c10219d7e0d8e092c8f497f3880b5a39b18a3f,52,1,145,4703,213,1386969,6,24,26.0,14.0,4,3,0,0.1818181818181819,1.03970364238646,1.0396235558480007,0.9953944122523836,-0.587120737070747,-0.4942686629767169,-0.1714985851425088,-0.5504641218281329,-0.4808425877617098,-0.1818181818181819,0.9344419249234954,1.0392423428778337,0.9837200853289676,0.9838238527644148,-0.1544354106593639,-0.178969406613225,-0.1790660839546477,1.0048778235402465,-0.9338258376779196,1.0333445465230036,1.0296165655642795,0.9313806308475996,1.0395944856544592,-0.6470549850878213,-1.1637499395577853,1.0409363701727417,-0.0,-0.4603828750678023,0.1034482758620689,1.0,5.7478205400808,0.0185858381940489,1.0,19.666666666666668,0.0087611435597909,0.4406779661016949,0.0019236460491269,52.0,0.0046728971962616,
0x7ae3437acfdb52fa67f2d74a3831878b2ab7f89111557b552362bcfbb3f8cfcb,15,0xcb36b1ee0af68dce5578a487ff2da81282512233,0x67b66c99d3eb37fa76aa3ed1ff33e8e39f0b9c7a,2021-05-08 14:20:04+00:00,5000000,190000000000,5502574,877583,1000000000.0,112,,84,25779,27033,0.953612251692376,214,58,120,0.4833333333333333,2,1,6510,21,0x7ae3437acfdb52fa67f2d74a3831878b2ab7f89111557b552362bcfbb3f8cfcb,53,1,144,4703,213,1386974,6,23,26.0,14.0,4,3,0,0.1818181818181819,1.0397817382249277,1.0396980848944468,0.9953944122523836,-0.5315642706560283,-0.4427179054697585,-0.1714985851425088,-0.4945680899609382,-0.4318170384385338,-0.1818181818181819,0.8976064658836225,1.0392423428778337,0.9837200853289676,0.9838310921049436,-0.1544354106593639,-0.178969406613225,-0.1790509787359446,0.8419598884656281,-0.9338258376779196,1.0333445465230036,1.0296165655642795,0.9313806308475996,1.0395944856544592,-0.6470549850878213,-0.667171544914261,0.9506838549807188,-0.0,-0.4086544621388358,0.1041666666666666,1.0,5.748033170316819,0.0185864921862326,1.0,20.0,0.0089080018430348,0.4416666666666666,0.001960566714756,53.0,0.0046728971962616,
0x41521ab98e11f8864b28ce19e8530ae644fc4e9a1df7c76db1193ba5c513d08e,15,0xcb36b1ee0af68dce5578a487ff2da81282512233,0x67b66c99d3eb37fa76aa3ed1ff33e8e39f0b9c7a,2021-05-08 14:20:13+00:00,5000000,190000000000,8347860,864223,1000000000.0,116,,79,25780,27035,0.9535786942851858,214,59,125,0.472,2,1,6511,22,0x41521ab98e11f8864b28ce19e8530ae644fc4e9a1df7c76db1193ba5c513d08e,55,1,144,4703,213,1386975,6,23,26.0,14.0,4,3,0,0.1818181818181819,1.039859834063395,1.039847142987339,0.9953944122523836,-0.4760078042413096,-0.3138410117023625,-0.1714985851425088,-0.4386720580937436,-0.3337659397921819,-0.1818181818181819,0.8976064658836225,1.0392423428778337,0.9837200853289676,0.9838325399730492,-0.1544354106593639,-0.178969406613225,-0.179047957692204,0.8419598884656281,-0.9338258376779196,1.0333445465230036,1.0296165655642795,0.9313806308475996,1.0395944856544592,-0.6470549850878213,0.336759570944479,0.9005247966602634,-0.0,-0.3051976362809026,0.1041666666666666,1.0,5.748458430788858,0.0185871997785109,1.0,20.83333333333333,0.0090601965601965,0.44,0.0020343998520436,55.0,0.0046728971962616,
0x88a62bcc222d34c4f778c18204d15681857f67b683a3f0ccdf3e49506a335953,15,0xcb36b1ee0af68dce5578a487ff2da81282512233,0x67b66c99d3eb37fa76aa3ed1ff33e8e39f0b9c7a,2021-05-08 14:20:13+00:00,5000000,190000000000,7121101,901622,1000000000.0,114,,80,25780,27035,0.9535786942851858,214,59,125,0.472,2,1,6511,23,0x88a62bcc222d34c4f778c18204d15681857f67b683a3f0ccdf3e49506a335953,55,1,145,4703,213,1386975,6,24,26.0,14.0,4,3,0,0.1818181818181819,1.039859834063395,1.039847142987339,0.9953944122523836,-0.4760078042413096,-0.3138410117023625,-0.1714985851425088,-0.3827760262265489,-0.3337659397921819,-0.1818181818181819,0.9344419249234954,1.0392423428778337,0.9837200853289676,0.9838325399730492,-0.1544354106593639,-0.178969406613225,-0.179047957692204,1.0048778235402465,-0.9338258376779196,1.0333445465230036,1.0296165655642795,0.9313806308475996,1.0395944856544592,-0.6470549850878213,-0.0960902486377183,1.0409363701727417,-0.0,-0.3569260492098692,0.1034482758620689,1.0,5.748458430788858,0.0185871997785109,1.0,20.83333333333333,0.0090601965601965,0.44,0.0020343998520436,55.0,0.0046728971962616,
0xe19a93acd03a798efcd740702634fb68a5aae229f7039f8be6a37fa6eaadab8d,15,0xcb36b1ee0af68dce5578a487ff2da81282512233,0x67b66c99d3eb37fa76aa3ed1ff33e8e39f0b9c7a,2021-05-08 14:20:26+00:00,5000000,190000000000,2679659,919032,1000000000.0,118,,78,25781,27036,0.9535804113034472,214,60,126,0.4761904761904761,2,1,6513,24,0xe19a93acd03a798efcd740702634fb68a5aae229f7039f8be6a37fa6eaadab8d,56,1,148,4703,213,1386977,6,25,26.0,14.0,4,3,0,0.1818181818181819,1.039937929901863,1.0399216720337852,0.9953944122523836,-0.4204513378265909,-0.2880656329488832,-0.1714985851425088,-0.3268799943593543,-0.2847403904690059,-0.1818181818181819,1.044948302043114,1.0392423428778337,0.9837200853289676,0.9838354357092608,-0.1544354106593639,-0.178969406613225,-0.1790419156047227,1.1677957586148648,-0.9338258376779196,1.0333445465230036,1.0296165655642795,0.9313806308475996,1.0395944856544592,-0.6470549850878213,-1.6632092739595574,1.1063008316517184,-0.0,-0.253469223351936,0.1013513513513513,1.0,5.7486710610248775,0.0185878939680369,1.0,21.0,0.0092109303039607,0.4444444444444444,0.0020713123243083,56.0,0.0046728971962616,
0xae0500c5ee1e54f599dd6fb0d4a00a648ae8f5ec65f9d00d6ffb9af4f49c2213,15,0xcb36b1ee0af68dce5578a487ff2da81282512233,0x67b66c99d3eb37fa76aa3ed1ff33e8e39f0b9c7a,2021-05-08 14:20:46+00:00,5000000,190000000000,6390355,901622,1000000000.0,120,,76,25782,27037,0.953582128194696,214,61,128,0.4765625,2,1,6516,25,0xae0500c5ee1e54f599dd6fb0d4a00a648ae8f5ec65f9d00d6ffb9af4f49c2213,57,1,145,4703,213,1386980,6,24,26.0,14.0,4,3,0,0.1818181818181819,1.0400160257403304,1.0399962010802313,0.9953944122523836,-0.3648948714118722,-0.2365148754419248,-0.1714985851425088,-0.2709839624921596,-0.23571484114583,-0.1818181818181819,0.9344419249234954,1.0392423428778337,0.9837200853289676,0.983839779313578,-0.1544354106593639,-0.178969406613225,-0.1790328524735008,1.0048778235402465,-0.9338258376779196,1.0333445465230036,1.0296165655642795,0.9313806308475996,1.0395944856544592,-0.6470549850878213,-0.3539267709378705,1.0409363701727417,-0.0,-0.2017408104229695,0.1034482758620689,1.0,5.748883691260898,0.0185885747533672,1.0,21.33333333333333,0.0093601350314561,0.4453125,0.0021082220660576,57.0,0.0046728971962616,
0x553c671c2523e44b042022c37ee4b2985f066f7195fbc5828c90255ecb9f7edd,15,0xcb36b1ee0af68dce5578a487ff2da81282512233,0x67b66c99d3eb37fa76aa3ed1ff33e8e39f0b9c7a,2021-05-08 14:21:49+00:00,5000000,190000000000,3762668,921832,1000000000.0,122,,73,25783,27038,0.9535838449589468,214,63,130,0.4846153846153846,2,1,6520,26,0x553c671c2523e44b042022c37ee4b2985f066f7195fbc5828c90255ecb9f7edd,58,1,148,4703,213,1386984,6,25,26.0,14.0,4,3,0,0.1818181818181819,1.040094121578798,1.0400707301266774,0.9953944122523836,-0.2537819385824348,-0.1849641179349664,-0.1714985851425088,-0.2150879306249649,-0.186689291822654,-0.1818181818181819,1.044948302043114,1.0392423428778337,0.9837200853289676,0.9838455707860008,-0.1544354106593639,-0.178969406613225,-0.1790207682985383,1.1677957586148648,-0.9338258376779196,1.0333445465230036,1.0296165655642795,0.9313806308475996,1.0395944856544592,-0.6470549850878213,-1.2810802247690514,1.1168132091440293,-0.0,-0.1500123974940029,0.1013513513513513,1.0,5.749096321496917,0.018589242133116,1.0,21.666666666666668,0.0096610949240913,0.4461538461538462,0.0021451290775944,58.0,0.0046728971962616,
0x6542c4c5bd0b6e35fffe17f918e34030bf4bf29657054dee551b295e1434668a,15,0xcb36b1ee0af68dce5578a487ff2da81282512233,0x67b66c99d3eb37fa76aa3ed1ff33e8e39f0b9c7a,2021-05-08 14:21:57+00:00,5000000,190000000000,8782576,901622,1000000000.0,124,,71,25784,27039,0.9535855615962128,214,64,132,0.4848484848484848,2,1,6521,27,0x6542c4c5bd0b6e35fffe17f918e34030bf4bf29657054dee551b295e1434668a,59,1,145,4703,213,1386985,6,24,26.0,14.0,4,3,0,0.1818181818181819,1.0401722174172656,1.0401452591731235,0.9953944122523836,-0.1982254721677161,-0.133413360428008,-0.1714985851425088,-0.1591918987577703,-0.137663742499478,-0.1818181818181819,0.9344419249234954,1.0392423428778337,0.9837200853289676,0.9838470186541064,-0.1544354106593639,-0.178969406613225,-0.1790177472547977,1.0048778235402465,-0.9338258376779196,1.0333445465230036,1.0296165655642795,0.9313806308475996,1.0395944856544592,-0.6470549850878213,0.4901448260512233,1.0409363701727417,-0.0,-0.0982839845650364,0.1034482758620689,1.0,5.749308951732936,0.01858994971831,1.0,22.0,0.0098129408157007,0.4469696969696969,0.0021820333592218,59.0,0.0046728971962616,
0xa35de4267f53899b52becff1656e6afd86769ac4be63e8b63118640e956551ec,15,0xcb36b1ee0af68dce5578a487ff2da81282512233,0x67b66c99d3eb37fa76aa3ed1ff33e8e39f0b9c7a,2021-05-08 14:22:43+00:00,5000000,190000000000,3049555,921832,1000000000.0,126,,69,25785,27040,0.9535872781065088,214,66,134,0.4925373134328358,2,1,6523,28,0xa35de4267f53899b52becff1656e6afd86769ac4be63e8b63118640e956551ec,60,1,148,4703,213,1386987,6,25,26.0,14.0,4,3,0,0.1818181818181819,1.0402503132557332,1.0402197882195696,0.9953944122523836,-0.0871125393382787,-0.0818626029210496,-0.1714985851425088,-0.1032958668905756,-0.0886381931763021,-0.1818181818181819,1.044948302043114,1.0392423428778337,0.9837200853289676,0.983849914390318,-0.1544354106593639,-0.178969406613225,-0.1790117051673165,1.1677957586148648,-0.9338258376779196,1.0333445465230036,1.0296165655642795,0.9313806308475996,1.0395944856544592,-0.6470549850878213,-1.53269511684787,1.1168132091440293,-0.0,-0.0465555716360698,0.1013513513513513,1.0,5.749521581968956,0.0185906438988657,1.0,22.33333333333333,0.0101164929491109,0.4477611940298507,0.0022189349112426,60.0,0.0046728971962616,
0x03a5f63d2549b113d0aad98b2b33af5428b6f9121cce15f9bd1d0869982c934f,15,0xcb36b1ee0af68dce5578a487ff2da81282512233,0x67b66c99d3eb37fa76aa3ed1ff33e8e39f0b9c7a,2021-05-08 14:23:13+00:00,5000000,190000000000,8805181,921832,1000000000.0,128,,67,25786,27041,0.9535889944898488,214,68,136,0.5,2,1,6525,29,0x03a5f63d2549b113d0aad98b2b33af5428b6f9121cce15f9bd1d0869982c934f,61,1,148,4703,213,1386989,6,25,26.0,14.0,4,3,0,0.1818181818181819,1.0403284090942009,1.0402943172660155,0.9953944122523836,0.0240003934911585,-0.0303118454140912,-0.1714985851425088,-0.047399835023381,-0.0396126438531261,-0.1818181818181819,1.044948302043114,1.0392423428778337,0.9837200853289676,0.9838528101265296,-0.1544354106593639,-0.178969406613225,-0.1790056630798352,1.1677957586148648,-0.9338258376779196,1.0333445465230036,1.0296165655642795,0.9313806308475996,1.0395944856544592,-0.6470549850878213,0.4981207774578611,1.1168132091440293,-0.0,0.0051728412928967,0.1013513513513513,1.0,5.749734212204976,0.0185913380774194,1.0,22.666666666666668,0.0104198590254367,0.4485294117647059,0.0022558337339595,61.0,0.0046728971962616,
0x0c54b0dcfe1149ee8f8dd25e6ccb1e9ba34f03792cd2bc397d6904b32b970c95,15,0xcb36b1ee0af68dce5578a487ff2da81282512233,0x67b66c99d3eb37fa76aa3ed1ff33e8e39f0b9c7a,2021-05-08 14:23:17+00:00,5000000,190000000000,9575263,901622,1000000000.0,130,,64,25787,27043,0.9535554487298008,214,69,141,0.4893617021276595,2,1,6526,30,0x0c54b0dcfe1149ee8f8dd25e6ccb1e9ba34f03792cd2bc397d6904b32b970c95,63,1,145,4703,213,1386990,6,24,26.0,14.0,4,3,0,0.1818181818181819,1.0404065049326685,1.040443375358908,0.9953944122523836,0.0795568599058772,0.0985650483533048,-0.1714985851425088,0.0084961968438136,0.0584384547932257,-0.1818181818181819,0.9344419249234954,1.0392423428778337,0.9837200853289676,0.9838542579946352,-0.1544354106593639,-0.178969406613225,-0.1790026420360946,1.0048778235402465,-0.9338258376779196,1.0333445465230036,1.0296165655642795,0.9313806308475996,1.0395944856544592,-0.6470549850878213,0.7698366195780313,1.0409363701727417,-0.0,0.0569012542218632,0.1034482758620689,1.0,5.750159472677015,0.0185920456585514,1.0,23.5,0.0105714723456411,0.4468085106382978,0.0023296231926931,63.0,0.0046728971962616,
0x46c65b0735489f4e63b843db98d9b8349d72c4ae3e5b518dc8786794a3889313,15,0xcb36b1ee0af68dce5578a487ff2da81282512233,0x67b66c99d3eb37fa76aa3ed1ff33e8e39f0b9c7a,2021-05-08 14:23:17+00:00,5000000,190000000000,10833724,864223,1000000000.0,132,,65,25787,27043,0.9535554487298008,214,69,141,0.4893617021276595,2,1,6526,31,0x46c65b0735489f4e63b843db98d9b8349d72c4ae3e5b518dc8786794a3889313,63,1,144,4703,213,1386990,6,23,26.0,14.0,4,3,0,0.1818181818181819,1.0404065049326685,1.040443375358908,0.9953944122523836,0.0795568599058772,0.0985650483533048,-0.1714985851425088,0.0643922287110083,0.0584384547932257,-0.1818181818181819,0.8976064658836225,1.0392423428778337,0.9837200853289676,0.9838542579946352,-0.1544354106593639,-0.178969406613225,-0.1790026420360946,0.8419598884656281,-0.9338258376779196,1.0333445465230036,1.0296165655642795,0.9313806308475996,1.0395944856544592,-0.6470549850878213,1.2138721773373236,0.9005247966602634,-0.0,0.1086296671508298,0.1041666666666666,1.0,5.750159472677015,0.0185920456585514,1.0,23.5,0.0105714723456411,0.4468085106382978,0.0023296231926931,63.0,0.0046728971962616,
0xda5614bb087c891b85803c23beba94abc957ac1cfc9ad310de1fadf49d80f8fc,15,0xcb36b1ee0af68dce5578a487ff2da81282512233,0x67b66c99d3eb37fa76aa3ed1ff33e8e39f0b9c7a,2021-05-08 14:23:57+00:00,5000000,190000000000,4736948,919032,1000000000.0,134,,61,25788,27044,0.9535571660996894,214,70,142,0.4929577464788732,2,1,6528,32,0xda5614bb087c891b85803c23beba94abc957ac1cfc9ad310de1fadf49d80f8fc,64,1,148,4703,213,1386992,6,25,26.0,14.0,4,3,0,0.1818181818181819,1.040484600771136,1.040517904405354,0.9953944122523836,0.1351133263205959,0.124340427106784,-0.1714985851425088,0.1202882605782029,0.1074640041164017,-0.1818181818181819,1.044948302043114,1.0392423428778337,0.9837200853289676,0.9838571537308468,-0.1544354106593639,-0.178969406613225,-0.1789965999486133,1.1677957586148648,-0.9338258376779196,1.0333445465230036,1.0296165655642795,0.9313806308475996,1.0395944856544592,-0.6470549850878213,-0.937315131362324,1.1063008316517184,-0.0,0.1603580800797964,0.1013513513513513,1.0,5.750372102913034,0.0185927398335824,1.0,23.666666666666668,0.010721396844846,0.4507042253521127,0.0023665138293151,64.0,0.0046728971962616,
0xb8956a080a1e4f6565aec9cb4efba5a50bc38c12ca6623f83fc3fe68dab82262,15,0xcb36b1ee0af68dce5578a487ff2da81282512233,0x67b66c99d3eb37fa76aa3ed1ff33e8e39f0b9c7a,2021-05-08 14:25:44+00:00,5000000,190000000000,6241916,921832,1000000000.0,136,,59,25789,27045,0.9535588833425772,214,72,144,0.5,2,1,6533,33,0xb8956a080a1e4f6565aec9cb4efba5a50bc38c12ca6623f83fc3fe68dab82262,65,1,148,4703,213,1386997,6,25,26.0,14.0,4,3,0,0.1818181818181819,1.0405626966096035,1.0405924334518002,0.9953944122523836,0.2462262591500333,0.1758911846137424,-0.1714985851425088,0.1761842924453976,0.1564895534395776,-0.1818181818181819,1.044948302043114,1.0392423428778337,0.9837200853289676,0.9838643930713754,-0.1544354106593639,-0.178969406613225,-0.1789814947299102,1.1677957586148648,-0.9338258376779196,1.0333445465230036,1.0296165655642795,0.9313806308475996,1.0395944856544592,-0.6470549850878213,-0.4063020087547211,1.1168132091440293,-0.0,0.2120864930087629,0.1013513513513513,1.0,5.750584733149053,0.0185933937900415,1.0,24.0,0.0110192837465564,0.4513888888888889,0.0024034017378443,65.0,0.0046728971962616,
0x76892febc45b173b6d558ac58341582063b59d912f60972ac3ffae07faba5740,15,0xcb36b1ee0af68dce5578a487ff2da81282512233,0x67b66c99d3eb37fa76aa3ed1ff33e8e39f0b9c7a,2021-05-08 14:26:42+00:00,5000000,210000000000,6581750,901622,1000000000.0,138,,58,25790,27046,0.953560600458478,214,73,147,0.4965986394557823,2,1,6539,34,0x76892febc45b173b6d558ac58341582063b59d912f60972ac3ffae07faba5740,66,1,145,4703,213,1387003,6,24,26.0,14.0,4,3,0,0.1818181818181819,1.0406407924480712,1.0406669624982463,0.9953944122523836,0.301782725564752,0.25321732087418,-0.1714985851425088,0.2320803243125922,0.2055151027627536,-0.1818181818181819,0.9344419249234954,1.0392423428778337,0.9837200853289676,0.9838730802800096,-0.1544354106593639,-0.178969406613225,-0.1789633684674664,1.0048778235402465,-0.9338258376779196,1.0333445465230036,1.0296165655642795,0.9313806308475996,1.0395944856544592,0.5645041878653523,-0.2863949319874861,1.0409363701727417,-0.0,0.2638149059377295,0.1034482758620689,1.0,5.7507973633850735,0.0185940343358779,1.0,24.5,0.0111620795107033,0.4489795918367347,0.0024402869185831,66.0,0.0046728971962616,
0xea8ac9dca93757a71459ff4e83c2469417a699791cb3472462b89c3333b8ad8a,15,0xcb36b1ee0af68dce5578a487ff2da81282512233,0x67b66c99d3eb37fa76aa3ed1ff33e8e39f0b9c7a,2021-05-08 14:26:58+00:00,5000000,210000000000,3561411,919141,1000000000.0,140,,55,25791,27047,0.9535623174474064,214,74,148,0.5,2,1,6540,35,0xea8ac9dca93757a71459ff4e83c2469417a699791cb3472462b89c3333b8ad8a,67,1,148,4703,213,1387004,6,25,26.0,14.0,4,3,0,0.1818181818181819,1.0407188882865386,1.0407414915446924,0.9953944122523836,0.3573391919794707,0.2789926996276592,-0.1714985851425088,0.2879763561797869,0.2545406520859296,-0.1818181818181819,1.044948302043114,1.0392423428778337,0.9837200853289676,0.9838745281481156,-0.1544354106593639,-0.178969406613225,-0.1789603474237258,1.1677957586148648,-0.9338258376779196,1.0333445465230036,1.0296165655642795,0.9313806308475996,1.0395944856544592,0.5645041878653523,-1.352091773198412,1.106710063489812,-0.0,0.3155433188666961,0.1013513513513513,1.0,5.751009993621093,0.0185947419079239,1.0,24.666666666666668,0.0113132548539978,0.4527027027027027,0.0024771693718342,67.0,0.0046728971962616,
0xfcb6597cb7cab80376bbbb88b817233fa4ed97fee18517c1a94fc1c41e98dfbb,15,0xcb36b1ee0af68dce5578a487ff2da81282512233,0x67b66c99d3eb37fa76aa3ed1ff33e8e39f0b9c7a,2021-05-08 14:27:05+00:00,5000000,210000000000,8808104,901731,1000000000.0,142,,54,25792,27048,0.953564034309376,214,75,150,0.5,2,1,6541,36,0xfcb6597cb7cab80376bbbb88b817233fa4ed97fee18517c1a94fc1c41e98dfbb,68,1,145,4703,213,1387005,6,24,26.0,14.0,4,3,0,0.1818181818181819,1.0407969841250062,1.0408160205911383,0.9953944122523836,0.4128956583941894,0.3305434571346176,-0.1714985851425088,0.3438723880469815,0.3035662014091055,-0.1818181818181819,0.9344419249234954,1.0392423428778337,0.9837200853289676,0.9838759760162212,-0.1544354106593639,-0.178969406613225,-0.1789573263799852,1.0048778235402465,-0.9338258376779196,1.0333445465230036,1.0296165655642795,0.9313806308475996,1.0395944856544592,0.5645041878653523,0.499152129192504,1.0413456020108354,-0.0,0.3672717317956627,0.1034482758620689,1.0,5.751222623857113,0.0185954494789496,1.0,25.0,0.0114643839804341,0.4533333333333333,0.0025140490979,68.0,0.0046728971962616,
0xb58030f3bd4ceb56a72d26a6c191e9f0e5b13b90a01ee9211bb4836d8e75020a,15,0xcb36b1ee0af68dce5578a487ff2da81282512233,0x67b66c99d3eb37fa76aa3ed1ff33e8e39f0b9c7a,2021-05-08 14:27:37+00:00,5000000,190000000000,5195580,901731,1000000000.0,144,,51,25793,27049,0.9535657510444008,214,76,152,0.5,2,1,6543,37,0xb58030f3bd4ceb56a72d26a6c191e9f0e5b13b90a01ee9211bb4836d8e75020a,69,1,145,4703,213,1387007,6,24,26.0,14.0,4,3,0,0.1818181818181819,1.0408750799634738,1.0408905496375849,0.9953944122523836,0.4684521248089081,0.382094214641576,-0.1714985851425088,0.3997684199141762,0.3525917507322815,-0.1818181818181819,0.9344419249234954,1.0392423428778337,0.9837200853289676,0.9838788717524328,-0.1544354106593639,-0.178969406613225,-0.1789512842925039,1.0048778235402465,-0.9338258376779196,1.0333445465230036,1.0296165655642795,0.9313806308475996,1.0395944856544592,-0.6470549850878213,-0.7754913514229698,1.0413456020108354,-0.0,0.4190001447246292,0.1034482758620689,1.0,5.751435254093132,0.0185961436415651,1.0,25.33333333333333,0.0116136919315403,0.4539473684210526,0.002550926097083,69.0,0.0046728971962616,
0x0aa779048ec5bd8e3cc15536c060834bf6f40a75c89615601439eebbbd6828b9,15,0xcb36b1ee0af68dce5578a487ff2da81282512233,0x67b66c99d3eb37fa76aa3ed1ff33e8e39f0b9c7a,2021-05-08 14:28:01+00:00,5000000,190000000000,6589176,901731,1000000000.0,146,,49,25794,27050,0.9535674676524952,214,77,154,0.5,2,1,6545,38,0x0aa779048ec5bd8e3cc15536c060834bf6f40a75c89615601439eebbbd6828b9,70,1,145,4703,213,1387009,6,24,26.0,14.0,4,3,0,0.1818181818181819,1.0409531758019417,1.0409650786840308,0.9953944122523836,0.5240085912236268,0.4336449721485345,-0.1714985851425088,0.4556644517813709,0.4016173000554574,-0.1818181818181819,0.9344419249234954,1.0392423428778337,0.9837200853289676,0.9838817674886442,-0.1544354106593639,-0.178969406613225,-0.1789452422050227,1.0048778235402465,-0.9338258376779196,1.0333445465230036,1.0296165655642795,0.9313806308475996,1.0395944856544592,-0.6470549850878213,-0.2837747410940691,1.0413456020108354,-0.0,0.4707285576535958,0.1034482758620689,1.0,5.751647884329151,0.0185968378021787,1.0,25.666666666666668,0.0117629086465016,0.4545454545454545,0.0025878003696857,70.0,0.0046728971962616,
0x461760bff7f66c66e6a5d6494a731b8017781e0d9ba7989cf6f41cbf78e6616b,15,0xcb36b1ee0af68dce5578a487ff2da81282512233,0x67b66c99d3eb37fa76aa3ed1ff33e8e39f0b9c7a,2021-05-08 14:28:30+00:00,5000000,210000000000,9855998,901731,1000000000.0,148,,46,25795,27051,0.9535691841336734,214,78,157,0.4968152866242038,2,1,6547,39,0x461760bff7f66c66e6a5d6494a731b8017781e0d9ba7989cf6f41cbf78e6616b,71,1,145,4703,213,1387011,6,24,26.0,14.0,4,3,0,0.1818181818181819,1.0410312716404089,1.0410396077304769,0.9953944122523836,0.5795650576383454,0.5109711084089721,-0.1714985851425088,0.5115604836485655,0.4506428493786334,-0.1818181818181819,0.9344419249234954,1.0392423428778337,0.9837200853289676,0.9838846632248556,-0.1544354106593639,-0.178969406613225,-0.1789392001175414,1.0048778235402465,-0.9338258376779196,1.0333445465230036,1.0296165655642795,0.9313806308475996,1.0395944856544592,0.5645041878653523,0.8688911968017632,1.0413456020108354,-0.0,0.5224569705825624,0.1034482758620689,1.0,5.751860514565172,0.0185975319607905,1.0,26.166666666666668,0.0119120342089187,0.4522292993630573,0.0026246719160104,71.0,0.0046728971962616,
0x09a51ba9d3347c911c4a5c2ee202f741e733cb1cc9780d412464de2aeb3b18fb,15,0xcb36b1ee0af68dce5578a487ff2da81282512233,0x67b66c99d3eb37fa76aa3ed1ff33e8e39f0b9c7a,2021-05-08 14:30:10+00:00,5000000,210000000000,2764936,919141,1000000000.0,150,,45,25796,27052,0.9535709004879492,214,79,158,0.5,2,1,6550,40,0x09a51ba9d3347c911c4a5c2ee202f741e733cb1cc9780d412464de2aeb3b18fb,72,1,148,4703,213,1387014,6,25,26.0,14.0,4,3,0,0.1818181818181819,1.0411093674788765,1.041114136776923,0.9953944122523836,0.6351215240530642,0.5367464871624513,-0.1714985851425088,0.5674565155157602,0.4996683987018093,-0.1818181818181819,1.044948302043114,1.0392423428778337,0.9837200853289676,0.9838890068291728,-0.1544354106593639,-0.178969406613225,-0.1789301369863195,1.1677957586148648,-0.9338258376779196,1.0333445465230036,1.0296165655642795,0.9313806308475996,1.0395944856544592,0.5645041878653523,-1.6331201251825678,1.106710063489812,-0.0,0.5741853835115289,0.1013513513513513,1.0,5.752073144801191,0.0185982127085864,1.0,26.33333333333333,0.0120592275988398,0.4556962025316455,0.0026615407363596,72.0,0.0046728971962616,
0xee2b3abec9437f7232a3074dfbbf3af1f85b3d8088f72109a025c4de127e7d59,15,0xcb36b1ee0af68dce5578a487ff2da81282512233,0x67b66c99d3eb37fa76aa3ed1ff33e8e39f0b9c7a,2021-05-08 14:30:23+00:00,5000000,210000000000,8567332,852037,1000000000.0,158,,38,25797,27056,0.953466883500887,214,80,166,0.4819277108433735,2,1,6552,41,0xee2b3abec9437f7232a3074dfbbf3af1f85b3d8088f72109a025c4de127e7d59,76,1,144,4703,213,1387016,6,23,26.0,14.0,4,3,0,0.1818181818181819,1.041187463317344,1.0414122529627077,0.9953944122523836,0.6906779904677829,0.7429495171902849,-0.1714985851425088,0.6233525473829549,0.6957705959945132,-0.1818181818181819,0.8976064658836225,1.0392423428778337,0.9837200853289676,0.9838919025653844,-0.1544354106593639,-0.178969406613225,-0.1789240948988383,0.8419598884656281,-0.9338258376779196,1.0333445465230036,1.0296165655642795,0.9313806308475996,1.0395944856544592,0.5645041878653523,0.4141981025577332,0.8547734280455128,-0.0,0.7810990352273952,0.1041666666666666,1.0,5.752923665745269,0.0185989068627132,1.0,27.666666666666668,0.012208148939417,0.4578313253012048,0.0028089887640449,76.0,0.0046728971962616,
0x27d79001b03460d860c999f77ffa2ff6af3d15eb3a799b15c673292d0726cda1,15,0xcb36b1ee0af68dce5578a487ff2da81282512233,0x67b66c99d3eb37fa76aa3ed1ff33e8e39f0b9c7a,2021-05-08 14:30:23+00:00,5000000,210000000000,6125891,864332,1000000000.0,154,,44,25797,27056,0.953466883500887,214,80,166,0.4819277108433735,2,1,6552,42,0x27d79001b03460d860c999f77ffa2ff6af3d15eb3a799b15c673292d0726cda1,76,1,144,4703,213,1387016,6,23,26.0,14.0,4,3,0,0.1818181818181819,1.041187463317344,1.0414122529627077,0.9953944122523836,0.6906779904677829,0.7429495171902849,-0.1714985851425088,0.6792485792501495,0.6957705959945132,-0.1818181818181819,0.8976064658836225,1.0392423428778337,0.9837200853289676,0.9838919025653844,-0.1544354106593639,-0.178969406613225,-0.1789240948988383,0.8419598884656281,-0.9338258376779196,1.0333445465230036,1.0296165655642795,0.9313806308475996,1.0395944856544592,0.5645041878653523,-0.4472402862134758,0.900934028498357,-0.0,0.6776422093694621,0.1041666666666666,1.0,5.752923665745269,0.0185989068627132,1.0,27.666666666666668,0.012208148939417,0.4578313253012048,0.0028089887640449,76.0,0.0046728971962616,
0x511e9d584cdd99f9000b6d966f0202892b9cdfeb88a2ac76cf4a434ec44e50e4,15,0xcb36b1ee0af68dce5578a487ff2da81282512233,0x67b66c99d3eb37fa76aa3ed1ff33e8e39f0b9c7a,2021-05-08 14:30:23+00:00,5000000,210000000000,7352759,864332,1000000000.0,156,,41,25797,27056,0.953466883500887,214,80,166,0.4819277108433735,2,1,6552,43,0x511e9d584cdd99f9000b6d966f0202892b9cdfeb88a2ac76cf4a434ec44e50e4,76,1,144,4703,213,1387016,6,23,26.0,14.0,4,3,0,0.1818181818181819,1.041187463317344,1.0414122529627077,0.9953944122523836,0.6906779904677829,0.7429495171902849,-0.1714985851425088,0.7351446111173442,0.6957705959945132,-0.1818181818181819,0.8976064658836225,1.0392423428778337,0.9837200853289676,0.9838919025653844,-0.1544354106593639,-0.178969406613225,-0.1789240948988383,0.8419598884656281,-0.9338258376779196,1.0333445465230036,1.0296165655642795,0.9313806308475996,1.0395944856544592,0.5645041878653523,-0.0143520070558162,0.900934028498357,-0.0,0.7293706222984286,0.1041666666666666,1.0,5.752923665745269,0.0185989068627132,1.0,27.666666666666668,0.012208148939417,0.4578313253012048,0.0028089887640449,76.0,0.0046728971962616,
0x8c97cd995f910136d0c94f44b92edf77ab045a18664ada5f8d2973f20f921b57,15,0xcb36b1ee0af68dce5578a487ff2da81282512233,0x67b66c99d3eb37fa76aa3ed1ff33e8e39f0b9c7a,2021-05-08 14:30:23+00:00,5000000,210000000000,4899023,901731,1000000000.0,152,,42,25797,27056,0.953466883500887,214,80,166,0.4819277108433735,2,1,6552,44,0x8c97cd995f910136d0c94f44b92edf77ab045a18664ada5f8d2973f20f921b57,76,1,145,4703,213,1387016,6,24,26.0,14.0,4,3,0,0.1818181818181819,1.041187463317344,1.0414122529627077,0.9953944122523836,0.6906779904677829,0.7429495171902849,-0.1714985851425088,0.7910406429845388,0.6957705959945132,-0.1818181818181819,0.9344419249234954,1.0392423428778337,0.9837200853289676,0.9838919025653844,-0.1544354106593639,-0.178969406613225,-0.1789240948988383,1.0048778235402465,-0.9338258376779196,1.0333445465230036,1.0296165655642795,0.9313806308475996,1.0395944856544592,0.5645041878653523,-0.8801285653711355,1.0413456020108354,-0.0,0.6259137964404955,0.1034482758620689,1.0,5.752923665745269,0.0185989068627132,1.0,27.666666666666668,0.012208148939417,0.4578313253012048,0.0028089887640449,76.0,0.0046728971962616,
0x1753ebe39d06c85d3b1a7955662f2bed30942b2ea22856f8d7e7123d4eec9292,15,0xcb36b1ee0af68dce5578a487ff2da81282512233,0x67b66c99d3eb37fa76aa3ed1ff33e8e39f0b9c7a,2021-05-08 14:31:33+00:00,5000000,210000000000,6593188,941768,1000000000.0,160,,35,25798,27057,0.9534686033189194,214,82,168,0.4880952380952381,2,1,6557,45,0x1753ebe39d06c85d3b1a7955662f2bed30942b2ea22856f8d7e7123d4eec9292,77,1,148,4703,213,1387021,6,25,26.0,14.0,4,3,0,0.1818181818181819,1.0412655591558118,1.0414867820091536,0.9953944122523836,0.8017909232972202,0.7945002746972434,-0.1714985851425088,0.8469366748517335,0.7447961453176891,-0.1818181818181819,1.044948302043114,1.0392423428778337,0.9837200853289676,0.983899141905913,-0.1544354106593639,-0.178969406613225,-0.1789089896801352,1.1677957586148648,-0.9338258376779196,1.0333445465230036,1.0296165655642795,0.9313806308475996,1.0395944856544592,0.5645041878653523,-0.2823591464449458,1.1916613368892837,-0.0,0.8328274481563618,0.1013513513513513,1.0,5.753136295981289,0.0185995607856256,1.0,28.0,0.0125038121378469,0.4583333333333333,0.0028458439590494,77.0,0.0046728971962616,
0x1280544af91241f546ecc7fdb2c7350fc1ed88ca3114e3337b5e0dd57543f1f4,15,0xcb36b1ee0af68dce5578a487ff2da81282512233,0x67b66c99d3eb37fa76aa3ed1ff33e8e39f0b9c7a,2021-05-08 14:32:27+00:00,5000000,210000000000,2774151,921941,1000000000.0,162,,33,25799,27058,0.9534703230098308,214,84,170,0.4941176470588235,2,1,6561,46,0x1280544af91241f546ecc7fdb2c7350fc1ed88ca3114e3337b5e0dd57543f1f4,78,1,148,4703,213,1387025,6,25,26.0,14.0,4,3,0,0.1818181818181819,1.0413436549942794,1.0415613110555997,0.9953944122523836,0.9129038561266576,0.8460510322042017,-0.1714985851425088,0.902832706718928,0.7938216946408652,-0.1818181818181819,1.044948302043114,1.0392423428778337,0.9837200853289676,0.983904933378336,-0.1544354106593639,-0.178969406613225,-0.1788969055051726,1.1677957586148648,-0.9338258376779196,1.0333445465230036,1.0296165655642795,0.9313806308475996,1.0395944856544592,0.5645041878653523,-1.6298687032753716,1.117222440982123,-0.0,0.8845558610853282,0.1013513513513513,1.0,5.753348926217308,0.0186002281139647,1.0,28.33333333333333,0.0128009753124047,0.4588235294117647,0.0028826964298913,78.0,0.0046728971962616,
0xd8408e72a40fd9a7bbbaef711f7b9ad76f1ffb53117afb98aeaec02a2c8507b4,15,0xcb36b1ee0af68dce5578a487ff2da81282512233,0x67b66c99d3eb37fa76aa3ed1ff33e8e39f0b9c7a,2021-05-08 14:33:10+00:00,5000000,210000000000,7727772,921941,1000000000.0,164,,31,25800,27059,0.9534720425736354,214,86,172,0.5,2,1,6564,47,0xd8408e72a40fd9a7bbbaef711f7b9ad76f1ffb53117afb98aeaec02a2c8507b4,79,1,148,4703,213,1387028,6,25,26.0,14.0,4,3,0,0.1818181818181819,1.0414217508327468,1.0416358401020458,0.9953944122523836,1.024016788956095,0.8976017897111602,-0.1714985851425088,0.9587287385861228,0.8428472439640411,-0.1818181818181819,1.044948302043114,1.0392423428778337,0.9837200853289676,0.9839092769826532,-0.1544354106593639,-0.178969406613225,-0.1788878423739508,1.1677957586148648,-0.9338258376779196,1.0333445465230036,1.0296165655642795,0.9313806308475996,1.0395944856544592,0.5645041878653523,0.1179676330617444,1.117222440982123,-0.0,0.9362842740142948,0.1013513513513513,1.0,5.753561556453327,0.0186009088490579,1.0,28.666666666666668,0.0130997715156131,0.4593023255813953,0.0029195461768727,79.0,0.0046728971962616,
0x156c33007b18040dda20cba5ccff866b30334337db6dbe99087908376178d623,15,0xcb36b1ee0af68dce5578a487ff2da81282512233,0x67b66c99d3eb37fa76aa3ed1ff33e8e39f0b9c7a,2021-05-08 14:33:44+00:00,5000000,210000000000,3833052,921941,1000000000.0,166,,29,25801,27060,0.9534737620103474,214,88,174,0.5057471264367817,2,1,6566,48,0x156c33007b18040dda20cba5ccff866b30334337db6dbe99087908376178d623,80,1,148,4703,213,1387030,6,25,26.0,14.0,4,3,0,0.1818181818181819,1.0414998466712144,1.041710369148492,0.9953944122523836,1.1351297217855325,0.9491525472181186,-0.1714985851425088,1.0146247704533176,0.891872793287217,-0.1818181818181819,1.044948302043114,1.0392423428778337,0.9837200853289676,0.9839121727188646,-0.1544354106593639,-0.178969406613225,-0.1788818002864695,1.1677957586148648,-0.9338258376779196,1.0333445465230036,1.0296165655642795,0.9313806308475996,1.0395944856544592,0.5645041878653523,-1.256245924224712,1.117222440982123,-0.0,0.9880126869432614,0.1013513513513513,1.0,5.753774186689348,0.0186016029922907,1.0,29.0,0.0134003350083752,0.4597701149425287,0.0029563932002956,80.0,0.0046728971962616,
0xcae15e3e3e67c4e5a42b842be910bc29366a9175003d4dc87acb8286f0aef958,15,0xcb36b1ee0af68dce5578a487ff2da81282512233,0x67b66c99d3eb37fa76aa3ed1ff33e8e39f0b9c7a,2021-05-08 14:33:52+00:00,5000000,210000000000,10108739,864332,1000000000.0,170,,26,25802,27062,0.9534402483186756,214,89,179,0.4972067039106145,2,1,6567,49,0xcae15e3e3e67c4e5a42b842be910bc29366a9175003d4dc87acb8286f0aef958,82,1,144,4703,213,1387031,6,23,26.0,14.0,4,3,0,0.1818181818181819,1.041577942509682,1.041859427241384,0.9953944122523836,1.190686188200251,1.078029440985515,-0.1714985851425088,1.0705208023205122,0.989923891933569,-0.1818181818181819,0.8976064658836225,1.0392423428778337,0.9837200853289676,0.9839136205869704,-0.1544354106593639,-0.178969406613225,-0.1788787792427289,0.8419598884656281,-0.9338258376779196,1.0333445465230036,1.0296165655642795,0.9313806308475996,1.0395944856544592,0.5645041878653523,0.9580683670943996,0.900934028498357,-0.0,1.0914695128011946,0.1041666666666666,1.0,5.754199447161386,0.0186023105451063,1.0,29.83333333333333,0.0135505481120584,0.4581005586592179,0.0030300790776734,82.0,0.0046728971962616,
0x09f1bd50cd2e5853d194ec8fe3b7e537af96f0e7b8fd9ee27c21d971ff5cf84e,15,0xcb36b1ee0af68dce5578a487ff2da81282512233,0x67b66c99d3eb37fa76aa3ed1ff33e8e39f0b9c7a,2021-05-08 14:33:52+00:00,5000000,210000000000,8881871,901731,1000000000.0,168,,28,25802,27062,0.9534402483186756,214,89,179,0.4972067039106145,2,1,6567,50,0x09f1bd50cd2e5853d194ec8fe3b7e537af96f0e7b8fd9ee27c21d971ff5cf84e,82,1,145,4703,213,1387031,6,24,26.0,14.0,4,3,0,0.1818181818181819,1.041577942509682,1.041859427241384,0.9953944122523836,1.190686188200251,1.078029440985515,-0.1714985851425088,1.1264168341877068,0.989923891933569,-0.1818181818181819,0.9344419249234954,1.0392423428778337,0.9837200853289676,0.9839136205869704,-0.1544354106593639,-0.178969406613225,-0.1788787792427289,1.0048778235402465,-0.9338258376779196,1.0333445465230036,1.0296165655642795,0.9313806308475996,1.0395944856544592,0.5645041878653523,0.5251800879367399,1.0413456020108354,-0.0,1.039741099872228,0.1034482758620689,1.0,5.754199447161386,0.0186023105451063,1.0,29.83333333333333,0.0135505481120584,0.4581005586592179,0.0030300790776734,82.0,0.0046728971962616,
0xa6b571fc2c80f160f67e5b887edef77feddbb00a70dfd8316d876b22eb8f2c96,15,0xcb36b1ee0af68dce5578a487ff2da81282512233,0x67b66c99d3eb37fa76aa3ed1ff33e8e39f0b9c7a,2021-05-08 14:34:08+00:00,5000000,210000000000,5089384,919141,1000000000.0,172,,23,25803,27063,0.9534419687396076,214,90,180,0.5,2,1,6568,51,0xa6b571fc2c80f160f67e5b887edef77feddbb00a70dfd8316d876b22eb8f2c96,83,1,148,4703,213,1387032,6,25,26.0,14.0,4,3,0,0.1818181818181819,1.0416560383481497,1.0419339562878305,0.9953944122523836,1.2462426546149696,1.1038048197389938,-0.1714985851425088,1.1823128660549014,1.0389494412567448,-0.1818181818181819,1.044948302043114,1.0392423428778337,0.9837200853289676,0.983915068455076,-0.1544354106593639,-0.178969406613225,-0.1788757581989883,1.1677957586148648,-0.9338258376779196,1.0333445465230036,1.0296165655642795,0.9313806308475996,1.0395944856544592,0.5645041878653523,-0.8129615631274293,1.106710063489812,-0.0,1.1431979257301612,0.1013513513513513,1.0,5.754412077397406,0.0186030180969018,1.0,30.0,0.0137007154818084,0.4611111111111111,0.0030669179322321,83.0,0.0046728971962616,
0xb8ed7cb71e15e4189b907d93bb0f4c78d8adc6c6d08624f3f4e43dc1e45634da,15,0xcb36b1ee0af68dce5578a487ff2da81282512233,0x67b66c99d3eb37fa76aa3ed1ff33e8e39f0b9c7a,2021-05-08 14:34:12+00:00,5000000,210000000000,9029041,864332,1000000000.0,176,,21,25804,27065,0.9534084611121374,214,91,184,0.4945652173913043,2,1,6569,52,0xb8ed7cb71e15e4189b907d93bb0f4c78d8adc6c6d08624f3f4e43dc1e45634da,85,1,144,4703,213,1387033,6,23,26.0,14.0,4,3,0,0.1818181818181819,1.041734134186617,1.0420830143807225,0.9953944122523836,1.3017991210296884,1.2069063347529103,-0.1714985851425088,1.238208897922096,1.137000539903097,-0.1818181818181819,0.8976064658836225,1.0392423428778337,0.9837200853289676,0.9839165163231818,-0.1544354106593639,-0.178969406613225,-0.1788727371552476,0.8419598884656281,-0.9338258376779196,1.0333445465230036,1.0296165655642795,0.9313806308475996,1.0395944856544592,0.5645041878653523,0.5771075716135761,0.900934028498357,-0.0,1.246654751588094,0.1041666666666666,1.0,5.754837337869445,0.0186037256476769,1.0,30.666666666666668,0.0138508371385083,0.4619565217391304,0.0031405874745981,85.0,0.0046728971962616,
0x0b1398c907a910dc98f626467e80578575b68592f87445499647f46a3a20ecda,15,0xcb36b1ee0af68dce5578a487ff2da81282512233,0x67b66c99d3eb37fa76aa3ed1ff33e8e39f0b9c7a,2021-05-08 14:34:12+00:00,5000000,210000000000,7802173,901731,1000000000.0,174,,20,25804,27065,0.9534084611121374,214,91,184,0.4945652173913043,2,1,6569,53,0x0b1398c907a910dc98f626467e80578575b68592f87445499647f46a3a20ecda,85,1,145,4703,213,1387033,6,24,26.0,14.0,4,3,0,0.1818181818181819,1.041734134186617,1.0420830143807225,0.9953944122523836,1.3017991210296884,1.2069063347529103,-0.1714985851425088,1.2941049297892908,1.137000539903097,-0.1818181818181819,0.9344419249234954,1.0392423428778337,0.9837200853289676,0.9839165163231818,-0.1544354106593639,-0.178969406613225,-0.1788727371552476,1.0048778235402465,-0.9338258376779196,1.0333445465230036,1.0296165655642795,0.9313806308475996,1.0395944856544592,0.5645041878653523,0.1442192924559164,1.0413456020108354,-0.0,1.1949263386591276,0.1034482758620689,1.0,5.754837337869445,0.0186037256476769,1.0,30.666666666666668,0.0138508371385083,0.4619565217391304,0.0031405874745981,85.0,0.0046728971962616,
0x694cac8e0c9a68cfb81fd0482c5d0fe69dc970457fed9ba55f020c5d040acd63,15,0xcb36b1ee0af68dce5578a487ff2da81282512233,0x67b66c99d3eb37fa76aa3ed1ff33e8e39f0b9c7a,2021-05-08 14:35:50+00:00,5000000,235000000000,6978687,901731,1000000000.0,178,,10,25805,27069,0.9533045180834164,214,92,193,0.4766839378238341,2,1,6580,54,0x694cac8e0c9a68cfb81fd0482c5d0fe69dc970457fed9ba55f020c5d040acd63,89,1,145,4703,213,1387044,6,24,26.0,14.0,4,3,0,0.1818181818181819,1.0418122300250847,1.042381130566507,0.9953944122523836,1.3573555874444072,1.4388847435342236,-0.1714985851425088,1.3500009616564854,1.3331027371958006,-0.1818181818181819,0.9344419249234954,1.0392423428778337,0.9837200853289676,0.9839324428723448,-0.1544354106593639,-0.178969406613225,-0.1788395056741007,1.0048778235402465,-0.9338258376779196,1.0333445465230036,1.0296165655642795,0.9313806308475996,1.0395944856544592,2.078953154056819,-0.146339624599891,1.0413456020108354,-0.0,1.2983831645170607,0.1034482758620689,1.0,5.755687858813523,0.0186042990674419,1.0,32.166666666666664,0.0139796383528339,0.4611398963730569,0.0032878939007721,89.0,0.0046728971962616,
0xe0d6bfdc73a3b7ea481156afa568250245097f58119136bd8254d9b172e1c6d8,15,0xcb36b1ee0af68dce5578a487ff2da81282512233,0x67b66c99d3eb37fa76aa3ed1ff33e8e39f0b9c7a,2021-05-08 14:35:50+00:00,5000000,235000000000,8205555,864332,1000000000.0,180,,12,25805,27069,0.9533045180834164,214,92,193,0.4766839378238341,2,1,6580,55,0xe0d6bfdc73a3b7ea481156afa568250245097f58119136bd8254d9b172e1c6d8,89,1,144,4703,213,1387044,6,23,26.0,14.0,4,3,0,0.1818181818181819,1.0418122300250847,1.042381130566507,0.9953944122523836,1.3573555874444072,1.4388847435342236,-0.1714985851425088,1.40589699352368,1.3331027371958006,-0.1818181818181819,0.8976064658836225,1.0392423428778337,0.9837200853289676,0.9839324428723448,-0.1544354106593639,-0.178969406613225,-0.1788395056741007,0.8419598884656281,-0.9338258376779196,1.0333445465230036,1.0296165655642795,0.9313806308475996,1.0395944856544592,2.078953154056819,0.2865486545577685,0.900934028498357,-0.0,1.3501115774460273,0.1041666666666666,1.0,5.755687858813523,0.0186042990674419,1.0,32.166666666666664,0.0139796383528339,0.4611398963730569,0.0032878939007721,89.0,0.0046728971962616,
0x486c71eb4f461b7556e6e35e432adb7f87ad2934ef90b8f4f6857c2c2e5e3663,15,0xcb36b1ee0af68dce5578a487ff2da81282512233,0x67b66c99d3eb37fa76aa3ed1ff33e8e39f0b9c7a,2021-05-08 14:35:50+00:00,5000000,235000000000,10683091,867132,1000000000.0,184,,11,25805,27069,0.9533045180834164,214,92,193,0.4766839378238341,2,1,6580,56,0x486c71eb4f461b7556e6e35e432adb7f87ad2934ef90b8f4f6857c2c2e5e3663,89,1,144,4703,213,1387044,6,23,26.0,14.0,4,3,0,0.1818181818181819,1.0418122300250847,1.042381130566507,0.9953944122523836,1.3573555874444072,1.4388847435342236,-0.1714985851425088,1.4617930253908746,1.3331027371958006,-0.1818181818181819,0.8976064658836225,1.0392423428778337,0.9837200853289676,0.9839324428723448,-0.1544354106593639,-0.178969406613225,-0.1788395056741007,0.8419598884656281,-0.9338258376779196,1.0333445465230036,1.0296165655642795,0.9313806308475996,1.0395944856544592,2.078953154056819,1.160722808249243,0.911446405990668,-0.0,1.4535684033039604,0.1041666666666666,1.0,5.755687858813523,0.0186042990674419,1.0,32.166666666666664,0.0139796383528339,0.4611398963730569,0.0032878939007721,89.0,0.0046728971962616,
0x870f03878f3af6ec04d6b3b26888f37b7fcdd81e73a8358eaee3f75a1657698d,15,0xcb36b1ee0af68dce5578a487ff2da81282512233,0x67b66c99d3eb37fa76aa3ed1ff33e8e39f0b9c7a,2021-05-08 14:35:50+00:00,5000000,235000000000,9453423,864332,1000000000.0,182,,15,25805,27069,0.9533045180834164,214,92,193,0.4766839378238341,2,1,6580,57,0x870f03878f3af6ec04d6b3b26888f37b7fcdd81e73a8358eaee3f75a1657698d,89,1,144,4703,213,1387044,6,23,26.0,14.0,4,3,0,0.1818181818181819,1.0418122300250847,1.042381130566507,0.9953944122523836,1.3573555874444072,1.4388847435342236,-0.1714985851425088,1.5176890572580697,1.3331027371958006,-0.1818181818181819,0.8976064658836225,1.0392423428778337,0.9837200853289676,0.9839324428723448,-0.1544354106593639,-0.178969406613225,-0.1788395056741007,0.8419598884656281,-0.9338258376779196,1.0333445465230036,1.0296165655642795,0.9313806308475996,1.0395944856544592,2.078953154056819,0.7268465766943883,0.900934028498357,-0.0,1.4018399903749938,0.1041666666666666,1.0,5.755687858813523,0.0186042990674419,1.0,32.166666666666664,0.0139796383528339,0.4611398963730569,0.0032878939007721,89.0,0.0046728971962616,
0x6ede7fe2569ea12d9bbb8bc7cbe1b69ca3207cf2ecf49bb3b5714ca4d4945fc8,15,0xcb36b1ee0af68dce5578a487ff2da81282512233,0x67b66c99d3eb37fa76aa3ed1ff33e8e39f0b9c7a,2021-05-08 14:36:37+00:00,5000000,235000000000,1472019,919141,1000000000.0,186,,9,25806,27070,0.9533062430735132,214,93,194,0.4793814432989691,2,1,6581,58,0x6ede7fe2569ea12d9bbb8bc7cbe1b69ca3207cf2ecf49bb3b5714ca4d4945fc8,90,1,148,4703,213,1387045,6,25,26.0,14.0,4,3,0,0.1818181818181819,1.0418903258635523,1.042455659612953,0.9953944122523836,1.4129120538591258,1.4646601222877027,-0.1714985851425088,1.573585089125264,1.3821282865189766,-0.1818181818181819,1.044948302043114,1.0392423428778337,0.9837200853289676,0.9839338907404506,-0.1544354106593639,-0.178969406613225,-0.1788364846303601,1.1677957586148648,-0.9338258376779196,1.0333445465230036,1.0296165655642795,0.9313806308475996,1.0395944856544592,2.078953154056819,-2.0893131428696243,1.106710063489812,-0.0,1.505296816232927,0.1013513513513513,1.0,5.755900489049543,0.0186050066111722,1.0,32.333333333333336,0.0141294439380127,0.4639175257731959,0.0033247137052087,90.0,0.0046728971962616,
0xfe728b23d8415e9c549c32d427b113bba1c8e4f676d96bf9bb58bd3ad08dedac,15,0xcb36b1ee0af68dce5578a487ff2da81282512233,0x67b66c99d3eb37fa76aa3ed1ff33e8e39f0b9c7a,2021-05-08 14:36:46+00:00,5000000,235000000000,10343642,921941,1000000000.0,188,,7,25807,27071,0.953307967936168,214,95,196,0.4846938775510204,2,1,6583,59,0xfe728b23d8415e9c549c32d427b113bba1c8e4f676d96bf9bb58bd3ad08dedac,91,1,148,4703,213,1387047,6,25,26.0,14.0,4,3,0,0.1818181818181819,1.04196842170202,1.0425301886593992,0.9953944122523836,1.5240249866885631,1.5162108797946612,-0.1714985851425088,1.629481120992459,1.4311538358421525,-0.1818181818181819,1.044948302043114,1.0392423428778337,0.9837200853289676,0.983936786476662,-0.1544354106593639,-0.178969406613225,-0.1788304425428789,1.1677957586148648,-0.9338258376779196,1.0333445465230036,1.0296165655642795,0.9313806308475996,1.0395944856544592,2.078953154056819,1.0409515749366218,1.117222440982123,-0.0,1.5570252291618936,0.1013513513513513,1.0,5.756113119285563,0.0186057007399888,1.0,32.666666666666664,0.0144289185905224,0.4642857142857143,0.0033615307894056,91.0,0.0046728971962616,
0x1655592eda3ebbba7c530ab3327daeae95fa95d05c3dec40338471245da10cfe,15,0xcb36b1ee0af68dce5578a487ff2da81282512233,0x67b66c99d3eb37fa76aa3ed1ff33e8e39f0b9c7a,2021-05-08 14:38:06+00:00,5000000,235000000000,3861138,921941,1000000000.0,190,,5,25808,27072,0.9533096926713948,214,97,198,0.4898989898989899,2,1,6585,60,0x1655592eda3ebbba7c530ab3327daeae95fa95d05c3dec40338471245da10cfe,92,1,148,4703,213,1387049,6,25,26.0,14.0,4,3,0,0.1818181818181819,1.0420465175404876,1.0426047177058453,0.9953944122523836,1.6351379195180005,1.5677616373016194,-0.1714985851425088,1.6853771528596533,1.4801793851653284,-0.1818181818181819,1.044948302043114,1.0392423428778337,0.9837200853289676,0.9839396822128736,-0.1544354106593639,-0.178969406613225,-0.1788244004553976,1.1677957586148648,-0.9338258376779196,1.0333445465230036,1.0296165655642795,0.9313806308475996,1.0395944856544592,2.078953154056819,-1.2463360560005654,1.117222440982123,-0.0,1.60875364209086,0.1013513513513513,1.0,5.756325749521582,0.0186063948668036,1.0,33.0,0.0147282113574248,0.4646464646464646,0.0033983451536643,92.0,0.0046728971962616,
0xe5adb08ce0355ba580c7ea2da95dc51bda6fb7735a005d57ac65b508505f6328,6,0x9c0790eb0f96b16ea1806e20b0d0e21a31dc93bc,0xd6e194af3d9674b62d1b30ec676030c23961275e,2021-05-08 14:17:26+00:00,210000,174900000000,10025896,207207,0.0,38,,111,2183,2206,0.9895738893925656,179,51,51,1.0,23,315,2045674,1,0xe5adb08ce0355ba580c7ea2da95dc51bda6fb7735a005d57ac65b508505f6328,2,2,28,744,200,1300714,29,8,16.0,5.0,1,3,0,-5.5,-0.8029676662560853,-0.8106345512232424,0.6637983905053205,-0.9204595355590592,-2.221219039459824,6.259698357701573,-1.6124887273048314,-2.9321200539205075,5.499999999999999,-3.375306782741633,-0.6600190492930915,0.8611792544620015,0.8589379893043111,6.375002907659337,5.982915864938603,5.981352659574693,-1.6018091376536487,-3.661120924354088,-1.887541420407597,-1.873437660650794,0.9313806308475996,-1.3344147170178355,-1.5617821606674671,0.9288380312226856,-1.566189564228381,-0.0,-2.3226057405105984,0.2142857142857142,0.8905472636815921,2.96505376344086,0.0016783076999957,0.0727848101265822,1.7586206896551724,2.4930646363669693e-05,0.0392156862745098,0.0009066183136899,1.0,0.0111731843575419,
0x41515b310bf501a1d40d07f9da626d9489285ef25edd021757962210ba966e3a,6,0x9c0790eb0f96b16ea1806e20b0d0e21a31dc93bc,0xd6e194af3d9674b62d1b30ec676030c23961275e,2021-05-08 14:19:23+00:00,543666,171000000000,8300187,269576,0.0,39,,91,2184,2207,0.989578613502492,179,52,52,1.0,23,315,2045683,2,0x41515b310bf501a1d40d07f9da626d9489285ef25edd021757962210ba966e3a,3,2,44,744,200,1300723,29,10,28.0,6.0,1,3,0,-5.5,-0.8028895704176177,-0.8105600221767962,0.6637983905053205,-0.8649030691443405,-2.1954436607063443,6.259698357701573,-1.5565926954376368,-2.883094504597332,5.499999999999999,-2.785939438103667,-0.6600190492930915,0.8611792544620015,0.8589510201172627,6.375002907659337,5.982915864938603,5.981379848968358,-1.2759732675044118,-0.3883668203426861,-1.5629985351930864,-1.873437660650794,0.9313806308475996,-1.1690439122957366,-1.7980361993933365,0.319938622861814,-1.3320301100076863,-0.0,-2.2967415340461157,0.1363636363636363,0.8905472636815921,2.966397849462365,0.001679064890015,0.0727848101265822,1.793103448275862,2.5419370733700807e-05,0.0576923076923076,0.0013593112822836,1.5,0.0111731843575419,
0xa4c41ae338c6a7c2e33ae0743173715498abcb716cf1eea86286f79c23ff289a,6,0x9c0790eb0f96b16ea1806e20b0d0e21a31dc93bc,0xd6e194af3d9674b62d1b30ec676030c23961275e,2021-05-08 14:20:04+00:00,543666,157270000000,11426386,289958,0.0,40,,85,2185,2208,0.9895833333333334,179,53,53,1.0,23,315,2045690,3,0xa4c41ae338c6a7c2e33ae0743173715498abcb716cf1eea86286f79c23ff289a,4,2,57,744,200,1300730,29,10,33.0,7.0,2,5,0,-5.5,-0.80281147457915,-0.8104854931303501,0.6637983905053205,-0.8093466027296218,-2.169668281952865,6.259698357701573,-1.500696663570442,-2.834068955274156,5.499999999999999,-2.30707847058532,-0.6600190492930915,0.8611792544620015,0.8589611551940028,6.375002907659337,5.982915864938603,5.981400996274543,-1.2759732675044118,0.9752807229953978,-1.238455649978575,-0.9057529185791028,2.871756945113432,-1.1690439122957366,-2.6297715716256898,1.4229871214895362,-1.2555075107047282,-0.0,-2.270877327581632,0.1052631578947368,0.8905472636815921,2.967741935483871,0.0016798246524454,0.0727848101265822,1.827586206896552,2.5908116132886148e-05,0.0754716981132075,0.0018115942028985,2.0,0.0111731843575419,
0x8b7d07c98bda06f7f0c3b98fcdb8f60110705dac72ca61c30015cc9c30533e65,6,0x587d6fff6b8b13658ca5d70bba6bf8f1417040f3,0xd6e194af3d9674b62d1b30ec676030c23961275e,2021-05-08 14:20:42+00:00,506044,157000001459,8271943,269600,0.0,9,,77,2186,2209,0.9895880488909008,179,14,14,1.0,9,199,1295108,4,0x8b7d07c98bda06f7f0c3b98fcdb8f60110705dac72ca61c30015cc9c30533e65,2,2,44,744,200,1300735,5,10,28.0,6.0,1,3,0,-5.5,-0.8027333787406825,-0.810410964083904,0.6637983905053205,-2.9760487929036508,-3.1749080533385543,1.9722337291388512,-1.4448006317032474,-2.9321200539205075,5.499999999999999,-2.785939438103667,-0.6600190492930915,0.8611792544620015,0.8589683945345316,-0.4383240331949596,3.706550605384424,3.7138599433477184,-1.2759732675044118,-0.3883668203426861,-1.5629985351930864,-1.873437660650794,0.9313806308475996,-1.1876900447013603,-2.646127532077316,0.3099730058952545,-1.3319400039148952,-0.0,-3.0726677279806136,0.1363636363636363,0.8905472636815921,2.9690860215053765,0.0016805869907498,0.045,2.8,1.0809900942700577e-05,0.1428571428571428,0.0009053870529651,1.0,0.0111731843575419,
0xba2eb58a3d7358ae091fb0d124388e7c5c1f3509f3413dd3e1b70999fb08cb28,1,0xe08445ae56454e8ae67fb3a0072447079623f4dc,0x0eee3e3828a45f7601d5f54bf49bb01d1a9df5ea,2020-04-18 07:10:57+00:00,326183,6000000000,4463907,235910,0.0,10,,124,8984,9240,0.9722943722943724,203,17,17,1.0,11,432,2688344,1,0xba2eb58a3d7358ae091fb0d124388e7c5c1f3509f3413dd3e1b70999fb08cb28,2,2,12,1036,256,1599457,8,6,7.0,2.0,1,3,0,-0.7258145518503674,1.0229518553481578,1.018983458025899,1.0361837280641573,-0.3181920932252782,-0.334120541491735,-0.342714935198967,-1.595002288012015,-0.4245023408229637,-0.4475231052591549,-0.6239227979090946,1.0372737665249248,1.0378688193835557,1.0349592332760746,-0.4060886186927404,0.8544909110950428,0.916348198482446,-0.6346870833475533,0.3485107418359134,-0.8823086201973291,-0.8029550685469659,0.6002450479987806,-0.8758005209801712,-0.3310760089511169,-0.5765209169424236,-0.1168598137924968,0.0,-0.3363510150869978,0.0833333333333333,0.7898832684824902,8.91891891891892,0.0056169027257983,0.0254041570438799,2.125,6.323593140017371e-06,0.1176470588235294,0.0002164502164502,1.0,0.0098522167487684,
0x426dbf8d2e0a37e909df02b55c312f43bf804f86a27cd58b4dcc607270e913b3,2,0x3584ca77ba08bd8b3fe4762e60eb284e37696829,0x0eee3e3828a45f7601d5f54bf49bb01d1a9df5ea,2020-04-18 07:46:41+00:00,218770,8000000000,3075542,168284,0.0,6986,,123,8985,9241,0.9722973704144572,203,6695,7361,0.9095231626137752,303,983,5758956,2,0x426dbf8d2e0a37e909df02b55c312f43bf804f86a27cd58b4dcc607270e913b3,963,73,16,1036,256,1599630,289,6,6.0,3.0,2,2,0,-0.1622939370597093,1.023178348514373,1.0192044454148883,1.0361837280641573,3.791713206723676,3.794766842430252,3.5372773522583207,-1.5388402356172255,3.7035105865111673,3.2232417368619166,-0.3135134457155151,1.0372737665249248,1.0378688193835557,1.0351779811675026,3.6880166429555103,2.634464946350035,2.593144506092344,-0.6346870833475533,-0.1006010388804699,-0.2448023917310508,1.2453996981544782,-1.5434872662825805,-1.3413708456046685,0.1598870170358631,-1.1527964050669053,-0.5817804429556943,0.0,3.792921326574325,0.125,0.7898832684824902,8.91988416988417,0.0056169204022677,0.3079268292682927,25.47058823529412,0.0011625368968721,0.1308246162206222,0.1042095011362406,13.191780821917808,0.3596059113300492,
0xa70e94a729b92e0616154ca0f11c594ce04fd5d508dff1f6b29e2f8ab12cbf1a,2,0xbfef9cb0e0bfc34087af07cbad4312a0f64b817b,0x0eee3e3828a45f7601d5f54bf49bb01d1a9df5ea,2020-04-18 07:56:48+00:00,180307,3300000144,9838412,123697,0.0,35,,122,8986,9242,0.972300367885739,203,47,47,1.0,22,738,4475040,3,0xa70e94a729b92e0616154ca0f11c594ce04fd5d508dff1f6b29e2f8ab12cbf1a,18,13,11,1036,256,1599680,8,5,6.0,2.0,2,2,0,-0.1622939370597093,1.0234048416805883,1.019425432803878,1.0361837280641573,-0.2997289067924437,-0.3172541714593739,-0.1965508421783157,-1.4826781832224365,-0.3557737176831655,0.1211869407032646,-0.7015251359574894,1.0372737665249248,1.0378688193835557,1.0352412031014413,-0.4060886186927404,1.8430064370261277,1.8920251174879648,-1.3625392431497934,-0.1006010388804699,-0.8823086201973291,1.2453996981544782,-1.5434872662825805,-1.5080846641930334,-0.993876058684202,1.654301303656963,-0.8883107137465067,0.0,-0.3215528773946909,0.1818181818181818,0.7898832684824902,8.920849420849422,0.0056173699631364,0.0297699594046008,5.875,1.050269707026148e-05,0.3829787234042553,0.0019476303830339,1.3846153846153846,0.064039408866995,
0xf7e1216d9a7f959570fe289c055379783ae4e3220024d9de88c905cd7fbaccc5,1,0xbfef9cb0e0bfc34087af07cbad4312a0f64b817b,0x0eee3e3828a45f7601d5f54bf49bb01d1a9df5ea,2020-04-18 08:52:01+00:00,391506,4400000144,6420649,301158,0.0,36,,121,8987,9243,0.972303364708428,203,48,48,1.0,22,738,4475290,4,0xf7e1216d9a7f959570fe289c055379783ae4e3220024d9de88c905cd7fbaccc5,19,13,16,1036,256,1599930,8,6,9.0,2.0,1,3,0,-0.7258145518503674,1.0236313348468038,1.019646420192868,1.0361837280641573,-0.2991134672446826,-0.3166919591249619,-0.1965508421783157,-1.426516130827647,-0.3514781787369281,0.1211869407032646,-0.3135134457155151,1.0372737665249248,1.0378688193835557,1.0355573127711348,-0.4060886186927404,1.8430064370261277,1.892161637203547,-0.6346870833475533,1.2467343032686802,-0.8823086201973291,-0.8029550685469659,0.6002450479987806,-0.592664864072292,-0.723846394391363,0.2356736076845113,0.3317123509317262,0.0,-0.3209609518869986,0.0625,0.7898832684824902,8.921814671814673,0.0056171172381808,0.0297699594046008,6.0,1.072555952227464e-05,0.3958333333333333,0.0020556096505463,1.4615384615384617,0.064039408866995,
0xba559cbde25ee9c9095d1ae39503723bd71bd060f9701f45732491804b5f6968,1,0xace61440f7ff3648daa97e79193c12089882a088,0x0eee3e3828a45f7601d5f54bf49bb01d1a9df5ea,2020-04-18 09:12:01+00:00,340171,8000000000,6914568,246670,0.0,90,,120,8988,9244,0.9723063608827348,203,445,445,1.0,68,376,2368326,5,0xba559cbde25ee9c9095d1ae39503723bd71bd060f9701f45732491804b5f6968,17,15,12,1036,256,1600017,14,6,7.0,2.0,1,3,0,-0.7258145518503674,1.023857828013019,1.0198674075818577,1.0361837280641573,-0.0547839667835064,-0.0934936623633838,0.4146808195444076,-1.3703540784328578,-0.3600692566294028,0.2245887672418863,-0.6239227979090946,1.0372737665249248,1.0378688193835557,1.035667318936188,-0.3186700010063009,0.673586108963864,0.741593133118048,-0.6346870833475533,0.3485107418359134,-0.8823086201973291,-0.8029550685469659,0.6002450479987806,-0.8151710096468366,0.1598870170358631,0.4406869959642186,-0.0428861059020995,0.0,-0.2889969744716156,0.0833333333333333,0.7898832684824902,8.922779922779922,0.0056174368038359,0.1803713527851458,31.785714285714285,0.0001878963504617,0.0382022471910112,0.0018390307226308,1.1333333333333333,0.0738916256157635,
0xc18d8a1bffb7eb60456c92ce6bdf06083be0e5c47b9d3604ebf10fe430007a17,2,0xa29dbaa84a9949a0a38a2ba07e0b75e6603934db,0x0eee3e3828a45f7601d5f54bf49bb01d1a9df5ea,2020-04-18 09:44:27+00:00,205021,8000000000,7468662,142708,0.0,28,,119,8989,9245,0.9723093564088696,203,33,33,1.0,11,55,358639,6,0xc18d8a1bffb7eb60456c92ce6bdf06083be0e5c47b9d3604ebf10fe430007a17,12,7,11,1036,256,1600143,7,5,6.0,2.0,2,2,0,-0.1622939370597093,1.0240843211792343,1.020088394970847,1.0361837280641573,-0.3083450604610998,-0.3251251441411424,-0.342714935198967,-1.3141920260380686,-0.3815469513605898,-0.1890185389126005,-0.7015251359574894,1.0372737665249248,1.0378688193835557,1.0358266382097137,-0.4206583883071469,-0.3633860603952152,-0.3558544574767958,-1.3625392431497934,-0.1006010388804699,-0.8823086201973291,1.2453996981544782,-1.5434872662825805,-1.4009644366342666,0.1598870170358631,0.6706775174170401,-0.7576123716736125,0.0,-0.3256963559485368,0.1818181818181818,0.7898832684824902,8.923745173745173,0.0056176194142527,0.1964285714285714,4.714285714285714,9.201427615436092e-05,0.3636363636363636,0.0012979989183342,1.7142857142857142,0.0344827586206896,
0x8f4ce90960107cc3924a2111215da2c521e9d294c98b860d818e41c8fca4de3c,1,0x22c22e5b7d3e310fbbf817161c517779658c8a70,0x0eee3e3828a45f7601d5f54bf49bb01d1a9df5ea,2020-04-18 10:39:22+00:00,326393,10000000000,4340903,251071,0.0,30,,117,8990,9246,0.9723123512870432,203,32,32,1.0,19,144,891810,7,0x8f4ce90960107cc3924a2111215da2c521e9d294c98b860d818e41c8fca4de3c,6,5,13,1036,256,1600381,5,7,6.0,3.0,1,3,0,-0.7258145518503674,1.0243108143454498,1.0203093823598368,1.0361837280641573,-0.308960500008861,-0.3256873564755544,-0.2364137766384934,-1.2580299736432794,-0.4073201850380141,-0.2924203654512223,-0.5463204598606998,1.0372737665249248,1.0378688193835557,1.0361275746152618,-0.4497979275359601,-0.0758766427224487,-0.0647010443706537,0.0931650764546868,-0.1006010388804699,-0.2448023917310508,-0.8029550685469659,0.6002450479987806,-0.8748902981191475,0.6508500430228432,-0.6275767921202505,-0.0126297593941406,0.0,-0.3245125049331522,0.0769230769230769,0.7898832684824902,8.924710424710424,0.0056174088436385,0.1310344827586207,6.4,3.5882042271288425e-05,0.1875,0.0006489292667099,1.2,0.0246305418719211,
0x06e81691498ab0dc9e1a39e17d565329a28d88c177323b7c92492d1addeb42e9,2,0xc6a13d4c942db044a3804198cfeabca5dc6a6c80,0x0eee3e3828a45f7601d5f54bf49bb01d1a9df5ea,2020-04-18 11:53:45+00:00,197386,8000000118,2632417,136835,0.0,88,,116,8991,9247,0.9723153455174652,203,96,96,1.0,55,259,1620380,8,0x06e81691498ab0dc9e1a39e17d565329a28d88c177323b7c92492d1addeb42e9,2,2,11,1036,256,1600714,12,5,6.0,2.0,2,2,0,-0.1622939370597093,1.024537307511665,1.0205303697488264,1.0361837280641573,-0.2695723689521474,-0.2897057670731842,0.241941436883638,-1.2018679212484902,-0.4245023408229637,-0.4475231052591549,-0.7015251359574894,1.0372737665249248,1.0378688193835557,1.0365486326952935,-0.347809540235114,0.2956242902255079,0.3331556323554659,-1.3625392431497934,-0.1006010388804699,-0.8823086201973291,1.2453996981544782,-1.5434872662825805,-1.4340575392243444,0.1598870460026817,-1.3367264779765229,-0.797988541417135,0.0,-0.2901808254870002,0.1818181818181818,0.7898832684824902,8.925675675675675,0.0056168649634694,0.2115384615384615,8.0,5.924532563637811e-05,0.0208333333333333,0.0002162863631448,1.0,0.0098522167487684,
0xd8c28f01187633a9c681118052252ce097f13d2bf2d09cacd7a68bd55dad43c4,1,0xdd4d4d88dcbfb975e28a9398131cad26286fa955,0x0eee3e3828a45f7601d5f54bf49bb01d1a9df5ea,2020-04-18 11:56:02+00:00,506168,8000000000,7965547,389360,0.0,666,,115,8992,9248,0.972318339100346,203,688,699,0.984263233190272,124,966,5689542,9,0xd8c28f01187633a9c681118052252ce097f13d2bf2d09cacd7a68bd55dad43c4,48,11,25,1036,256,1600725,81,7,12.0,3.0,1,3,0,-0.7258145518503674,1.0247638006778803,1.020751357137816,1.0361837280641573,0.0947678433224528,0.0493082705772731,1.1587889294677232,-1.1457058688537007,-0.2269075492960438,0.0177851141646429,0.3849075967200385,1.0372737665249248,1.0378688193835557,1.03656254152076,0.6575045631589405,2.579547417131641,2.555238987942727,0.0931650764546868,2.5940696454178305,-0.2448023917310508,-0.8029550685469659,0.6002450479987806,-0.09567451316417,0.1598870170358631,0.8769220179026711,0.9380905092355196,0.0,0.0519521179591357,0.04,0.7898832684824902,8.926640926640927,0.0056174510815717,0.1282316442605998,8.62962962962963,0.0001209235961482,0.0686695278969957,0.0051903114186851,4.363636363636363,0.0541871921182266,
0xcb1cf2728aff200281460f77480c583aa9d5ed854e892de61c0e7e4813a03b6f,2,0x21a341e9384e2b488407ab54d28ae726138fa9d0,0x0eee3e3828a45f7601d5f54bf49bb01d1a9df5ea,2020-04-18 11:57:10+00:00,235948,8000000118,4896339,166498,0.0,62,,114,8993,9249,0.9723213320358958,203,65,65,1.0,40,258,1612399,10,0xcb1cf2728aff200281460f77480c583aa9d5ed854e892de61c0e7e4813a03b6f,1,1,11,1037,256,1600731,6,5,6.0,2.0,2,2,0,-0.1622939370597093,1.0249902938440958,1.0209723445268055,1.0361837280641573,-0.288650994932743,-0.3071343494399572,0.0426267645827499,-1.0895438164589115,-0.4287978797692011,-0.4992240185284657,-0.7015251359574894,1.039207795265779,1.0378688193835557,1.0365701281528328,-0.4352281579215535,0.2923938473303083,0.3287973769552283,-1.3625392431497934,-0.1006010388804699,-0.8823086201973291,1.2453996981544782,-1.5434872662825805,-1.2669146155729256,0.1598870460026817,-0.3970292401278641,-0.5940589784847138,0.0,-0.3055708886869994,0.1818181818181818,0.7898832684824902,8.918997107039537,0.0056180547399564,0.1544401544401544,10.833333333333334,4.031257752418755e-05,0.0153846153846153,0.0001081197967347,1.0,0.0049261083743842,
0x33697ccee29c7e2ca5576baa4776892f644676018e199f571ae6ee4ecb1b24ea,2,0xdd4d4d88dcbfb975e28a9398131cad26286fa955,0x0eee3e3828a45f7601d5f54bf49bb01d1a9df5ea,2020-04-18 12:03:17+00:00,232373,8000000000,5779352,139748,0.0,671,,113,8994,9250,0.9723243243243244,203,691,704,0.9815340909090908,124,966,5689579,11,0x33697ccee29c7e2ca5576baa4776892f644676018e199f571ae6ee4ecb1b24ea,49,11,18,1037,256,1600762,81,8,6.0,4.0,2,2,0,-0.1622939370597093,1.025216787010311,1.0211933319157953,1.0361837280641573,0.0966141619657362,0.0521193322493332,1.1587889294677232,-1.0333817640641223,-0.2226120103498064,0.0177851141646429,-0.1583087696187254,1.039207795265779,1.0378688193835557,1.0366093257518747,0.6575045631589405,2.579547417131641,2.5552591928606327,0.8210172362569269,-0.1006010388804699,0.3927038367352275,1.2453996981544782,-1.5434872662825805,-1.282410076183211,0.1598870170358631,-0.030512691817252,-0.7779620162233872,0.0,0.0549117454975971,0.1111111111111111,0.7898832684824902,8.919961427193828,0.005618570644124,0.1282316442605998,8.691358024691358,0.0001214500894617,0.0696022727272727,0.0052972972972972,4.454545454545454,0.0541871921182266,
0x84390aeb40e8e0e584702aa3b18ff927a3ae468637994abfd0b694248fd6b8f6,2,0x079e810fb5b21bb8271b12cd229b0cda888bd7bf,0x0eee3e3828a45f7601d5f54bf49bb01d1a9df5ea,2020-04-18 12:21:42+00:00,257332,2300000000,8525319,182947,0.0,121,,112,8995,9251,0.9723273159658417,203,113,127,0.889763779527559,32,107,693702,12,0x84390aeb40e8e0e584702aa3b18ff927a3ae468637994abfd0b694248fd6b8f6,1,1,16,1038,256,1600838,23,6,6.0,3.0,2,2,0,-0.1622939370597093,1.0254432801765263,1.0214143193047849,1.0361837280641573,-0.2591098966402079,-0.2722771847064111,-0.0636743939777237,-0.9772197116693332,-0.4287978797692011,-0.4992240185284657,-0.3135134457155151,1.0411418240066337,1.0378688193835557,1.0367054230914616,-0.1875420744766416,-0.1954030298448348,-0.1728836356286771,-0.6346870833475533,-0.1006010388804699,-0.2448023917310508,1.2453996981544782,-1.5434872662825805,-1.1742279219532497,-1.23935760702703,1.109269334738242,-0.4809740787552393,0.0,-0.2706472837331551,0.125,0.7898832684824902,8.91233140655106,0.0056189285743288,0.2962962962962963,5.521739130434782,0.0001628939185789,0.0078740157480314,0.0001080964220084,1.0,0.0049261083743842,
0x605b77e20f21c1c236203d53d6a15ba328ac328be57cd80124e27721ea3cca0b,1,0x94692b042a0e36671952ff0b71e43d6e0d06845a,0x0eee3e3828a45f7601d5f54bf49bb01d1a9df5ea,2020-04-18 12:28:49+00:00,335823,1010000000,8699186,258325,0.0,203,,111,8996,9252,0.9723303069606573,203,212,215,0.986046511627907,47,396,2494106,13,0x605b77e20f21c1c236203d53d6a15ba328ac328be57cd80124e27721ea3cca0b,10,9,15,1038,256,1600871,45,7,7.0,3.0,1,3,0,-0.7258145518503674,1.0256697733427416,1.021635306693775,1.0361837280641573,-0.1981813814118541,-0.2228024992781519,0.1356402783231643,-0.9210576592745436,-0.3901380292530646,-0.0856167123739788,-0.39111578376391,1.0411418240066337,1.0378688193835557,1.036747149567861,0.1329928570403033,0.7381949668678564,0.8102789324216308,0.0931650764546868,0.3485107418359134,-0.2448023917310508,-0.8029550685469659,0.6002450479987806,-0.8340169572646047,-1.556028758788632,1.1814371654554807,0.0372406195126383,0.0,-0.2221093921023884,0.0666666666666666,0.7898832684824902,8.913294797687861,0.0056194374066133,0.1183879093198992,4.777777777777778,8.500036285532256e-05,0.0465116279069767,0.0010808473843493,1.1111111111111112,0.0443349753694581,
0xd43672c04c535829853215aa56584999deadccdea359399cd4ae9dc57c9c6b0e,1,0x079e810fb5b21bb8271b12cd229b0cda888bd7bf,0x0eee3e3828a45f7601d5f54bf49bb01d1a9df5ea,2020-04-18 12:30:22+00:00,363553,3000000000,8059992,283856,0.0,123,,110,8997,9253,0.9723332973089808,203,115,129,0.8914728682170543,32,107,693742,14,0xd43672c04c535829853215aa56584999deadccdea359399cd4ae9dc57c9c6b0e,2,1,13,1038,256,1600878,23,7,6.0,3.0,1,3,0,-0.7258145518503674,1.025896266508957,1.0218562940827642,1.0361837280641573,-0.2578790175446856,-0.271152760037587,-0.0636743939777237,-0.8648956068797545,-0.4245023408229637,-0.4992240185284657,-0.5463204598606998,1.0411418240066337,1.0378688193835557,1.0367560006386125,-0.1875420744766416,-0.1954030298448348,-0.172861792474184,0.0931650764546868,-0.1006010388804699,-0.2448023917310508,-0.8029550685469659,0.6002450479987806,-0.7138241956637063,-1.067520547931587,0.9161237685056584,0.2127631786343606,0.0,-0.2694634327177705,0.0769230769230769,0.7898832684824902,8.914258188824663,0.0056200374919028,0.2962962962962963,5.608695652173913,0.0001657674383741,0.0155038759689922,0.0002161461147735,2.0,0.0049261083743842,
0x3a122bc6cd1bdabf1ab7aabe8ae34f0690f5376075407fbc0809a3e08967c34c,2,0xfaed3ba447b7b19b9663b4a856677be56f7046ca,0x0eee3e3828a45f7601d5f54bf49bb01d1a9df5ea,2020-04-18 13:15:46+00:00,216250,21000000000,2935932,166346,0.0,310,,109,8998,9254,0.9723362870110224,203,312,314,0.9936305732484076,30,36,236280,15,0x3a122bc6cd1bdabf1ab7aabe8ae34f0690f5376075407fbc0809a3e08967c34c,220,29,16,1038,256,1601058,16,6,6.0,3.0,2,2,0,-0.1622939370597093,1.0261227596751723,1.0220772814717538,1.0361837280641573,-0.1366374266357392,-0.1671434781713604,-0.0902496836178421,-0.8087335544849653,0.5119251494567871,0.9484015530122386,-0.3135134457155151,1.0411418240066337,1.0378688193835557,1.036983599600792,-0.2895304617774877,-0.4247644754040081,-0.4226721209923555,-0.6346870833475533,-0.1006010388804699,-0.2448023917310508,1.2453996981544782,-1.5434872662825805,-1.3522935199369537,3.3511466859512336,-1.210745014328201,-0.5951039602318643,0.0,-0.1587733627793147,0.125,0.7898832684824902,8.915221579961464,0.0056200302424832,0.8108108108108109,19.625,0.0013204616537089,0.7006369426751592,0.0237735033499027,7.586206896551724,0.1428571428571428,
0x95fd3af0b8066e3440c15f5b4998176ba527898dff96492db76ca0e9499431c3,1,0x3584ca77ba08bd8b3fe4762e60eb284e37696829,0x0eee3e3828a45f7601d5f54bf49bb01d1a9df5ea,2020-04-18 13:18:03+00:00,494580,12000000000,9752535,372046,0.0,6989,,108,8999,9256,0.9722342264477096,203,6697,7364,0.90942422596415,303,983,5760391,16,0x95fd3af0b8066e3440c15f5b4998176ba527898dff96492db76ca0e9499431c3,965,73,22,1038,256,1601065,289,6,12.0,2.0,1,3,0,-0.7258145518503674,1.0263492528413876,1.0225192562497332,1.0361837280641573,3.792944085819198,3.796453479433489,3.5372773522583207,-0.752571502090176,3.712101664403642,3.2232417368619166,0.1521005825748539,1.0411418240066337,1.0378688193835557,1.036992450671543,3.6880166429555103,2.634464946350035,2.5939281292597847,-0.6346870833475533,2.5940696454178305,-0.8823086201973291,-0.8029550685469659,0.6002450479987806,-0.145901477514376,1.1418130690098232,1.6186559149489026,0.8190588383791686,0.0,3.794697103097402,0.0454545454545454,0.7898832684824902,8.917148362235068,0.0056206302550925,0.3079268292682927,25.480968858131487,0.0011625944900972,0.1310429114611624,0.1042566983578219,13.219178082191782,0.3596059113300492,
0xc84109d67c1b89822aaf21b4091890c3e96414f9fa6e1cbc73375f0f45f701c8,1,0x3584ca77ba08bd8b3fe4762e60eb284e37696829,0x0eee3e3828a45f7601d5f54bf49bb01d1a9df5ea,2020-04-18 13:18:03+00:00,483259,12000000000,9380489,371737,0.0,6988,,107,8999,9256,0.9722342264477096,203,6697,7364,0.90942422596415,303,983,5760391,17,0xc84109d67c1b89822aaf21b4091890c3e96414f9fa6e1cbc73375f0f45f701c8,965,73,22,1038,256,1601065,289,6,12.0,2.0,1,3,0,-0.7258145518503674,1.0263492528413876,1.0225192562497332,1.0361837280641573,3.792944085819198,3.796453479433489,3.5372773522583207,-0.6964094496953868,3.712101664403642,3.2232417368619166,0.1521005825748539,1.0411418240066337,1.0378688193835557,1.036992450671543,3.6880166429555103,2.634464946350035,2.5939281292597847,-0.6346870833475533,2.5940696454178305,-0.8823086201973291,-0.8029550685469659,0.6002450479987806,-0.1949711585127089,1.1418130690098232,1.4642289521150935,0.81693450048529,0.0,3.7941051775897097,0.0454545454545454,0.7898832684824902,8.917148362235068,0.0056206302550925,0.3079268292682927,25.480968858131487,0.0011625944900972,0.1310429114611624,0.1042566983578219,13.219178082191782,0.3596059113300492,
0xec92a0a05aa06444959d4b4b240c40239e1b0b8fba7a2e0a54393f8fb41a5899,1,0xfaed3ba447b7b19b9663b4a856677be56f7046ca,0x0eee3e3828a45f7601d5f54bf49bb01d1a9df5ea,2020-04-18 13:18:25+00:00,216250,11000000000,4696092,45254,0.0,311,,104,9000,9259,0.9720272167620694,203,313,316,0.990506329113924,30,36,236289,18,0xec92a0a05aa06444959d4b4b240c40239e1b0b8fba7a2e0a54393f8fb41a5899,222,29,5,1038,256,1601067,16,4,2.0,2.0,1,1,0,-0.7258145518503674,1.0265757460076028,1.023182218416702,1.0361837280641573,-0.1360219870879781,-0.1660190535025364,-0.0902496836178421,-0.6402473973005974,0.5205162273492618,0.9484015530122386,-1.1671391642478586,1.0411418240066337,1.0378688193835557,1.0369949795489009,-0.2895304617774877,-0.4247644754040081,-0.4226672062825945,-2.0903914029520334,-1.8970481617460035,-0.8823086201973291,-0.8029550685469659,-3.687219580563941,-1.3522935199369537,0.8963315560163332,-0.4801467471742554,-1.4275969189552828,0.0,-0.1581814372716224,0.2,0.7898832684824902,8.920038535645473,0.005621247817082,0.8108108108108109,19.75,0.0013246434466122,0.7025316455696202,0.0239766713467977,7.655172413793103,0.1428571428571428,
0x68c8b6176f9914f885b56cc2e046712773cde83766d9f13c2def60a30bf6fb54,1,0xfa3bfc5fecea1e8a956e35a03998c66c23dfbc22,0x0eee3e3828a45f7601d5f54bf49bb01d1a9df5ea,2020-04-18 13:18:25+00:00,340171,11000000000,5651418,242470,0.0,4,,105,9000,9259,0.9720272167620694,203,6,7,0.8571428571428571,2,7,45209,19,0x68c8b6176f9914f885b56cc2e046712773cde83766d9f13c2def60a30bf6fb54,2,2,12,1038,256,1601067,2,6,7.0,2.0,1,3,0,-0.7258145518503674,1.0265757460076028,1.023182218416702,1.0361837280641573,-0.3249619282506508,-0.3397426648358553,-0.4623037385794999,-0.5840853449058082,-0.4245023408229637,-0.4475231052591549,-0.6239227979090946,1.0411418240066337,1.0378688193835557,1.0369949795489009,-0.4935072363791799,-0.5184473193647972,-0.5270119552961786,-0.6346870833475533,0.3485107418359134,-0.8823086201973291,-0.8029550685469659,0.6002450479987806,-0.8151710096468366,0.8963315560163332,-0.0836148863393823,-0.0717606015470501,0.0,-0.3399025681331514,0.0833333333333333,0.7898832684824902,8.920038535645473,0.005621247817082,0.25,3.5,0.0001327140013271,0.2857142857142857,0.0002160060481693,1.0,0.0098522167487684,
0xa9aa00eeee4122fbbb5450b9517dc1de96f2ef74ba85956170ca0f3762b494d0,1,0xfaed3ba447b7b19b9663b4a856677be56f7046ca,0x0eee3e3828a45f7601d5f54bf49bb01d1a9df5ea,2020-04-18 13:18:25+00:00,458616,23310000000,5048873,352781,0.0,312,,106,9000,9259,0.9720272167620694,203,313,316,0.990506329113924,30,36,236289,20,0xa9aa00eeee4122fbbb5450b9517dc1de96f2ef74ba85956170ca0f3762b494d0,222,29,20,1038,256,1601067,16,7,10.0,2.0,1,3,0,-0.7258145518503674,1.0265757460076028,1.023182218416702,1.0361837280641573,-0.1360219870879781,-0.1660190535025364,-0.0902496836178421,-0.527923292511019,0.5205162273492618,0.9484015530122386,-0.0031040935219357,1.0411418240066337,1.0378688193835557,1.0369949795489009,-0.2895304617774877,-0.4247644754040081,-0.4226672062825945,0.0931650764546868,1.6958460839850635,-0.8823086201973291,-0.8029550685469659,0.6002450479987806,-0.3017836440565582,3.9182089809661953,-0.3337162026301026,0.6866142768077463,0.0,-0.1575895117639302,0.05,0.7898832684824902,8.920038535645473,0.005621247817082,0.8108108108108109,19.75,0.0013246434466122,0.7025316455696202,0.0239766713467977,7.655172413793103,0.1428571428571428,
0xf2baa910c838f2999b145794161004b1145122064b2996c8d47882e694bf2fef,1,0xa7dcc417c63f24f9073b667a5d7149bd38463d0f,0x0eee3e3828a45f7601d5f54bf49bb01d1a9df5ea,2020-04-18 13:21:24+00:00,326183,12000000000,9711223,235910,0.0,39,,103,9001,9260,0.9720302375809936,203,65,65,1.0,37,718,4357789,21,0xf2baa910c838f2999b145794161004b1145122064b2996c8d47882e694bf2fef,2,2,12,1038,256,1601083,22,6,7.0,2.0,1,3,0,-0.7258145518503674,1.0268022391738183,1.0234032058056917,1.0361837280641573,-0.288650994932743,-0.3071343494399572,0.0027638301225722,-0.4717612401162297,-0.4245023408229637,-0.4475231052591549,-0.6239227979090946,1.0411418240066337,1.0378688193835557,1.0370152105677612,-0.2021118440910481,1.778397579122135,1.8279968248011755,-0.6346870833475533,0.3485107418359134,-0.8823086201973291,-0.8029550685469659,0.6002450479987806,-0.8758005209801712,1.1418130690098232,1.6015083399485257,-0.1168598137924968,0.0,-0.3191851753639217,0.0833333333333333,0.7898832684824902,8.921001926782274,0.0056218162195112,0.0514603616133518,2.9545454545454546,1.49158174212158e-05,0.0307692307692307,0.0002159827213822,1.0,0.0098522167487684,
0xada50669671d7c6476abfc4dcbef2b87346ce0f9407ea17962e22b2be4b58e7e,1,0xfc143f933badbefe4e769047745cc23e02de0e90,0x0eee3e3828a45f7601d5f54bf49bb01d1a9df5ea,2020-04-18 13:51:56+00:00,396000,15000000000,3414196,288892,0.0,229,,102,9002,9261,0.9720332577475436,203,234,256,0.9140625,82,803,4861616,22,0xada50669671d7c6476abfc4dcbef2b87346ce0f9407ea17962e22b2be4b58e7e,4,3,27,1038,256,1601215,70,8,7.0,4.0,1,3,0,-0.7258145518503674,1.0270287323400336,1.0236241931946812,1.0361837280641573,-0.1846417113611088,-0.1997517935672585,0.6007078470252365,-0.4155991877214404,-0.4159112629304889,-0.395822191989844,0.5401122728168283,1.0411418240066337,1.0378688193835557,1.0371821164733592,0.497237097400468,2.052985225214103,2.1031260997711727,0.8210172362569269,0.3485107418359134,0.3927038367352275,-0.8029550685469659,0.6002450479987806,-0.5731860948463837,1.8782576079902933,-1.0122296238852215,0.2473850738886395,0.0,-0.2067193289023892,0.037037037037037,0.7898832684824902,8.921965317919074,0.005621977297254,0.1019900497512437,3.657142857142857,4.813213381473695e-05,0.015625,0.0004319187992657,1.3333333333333333,0.0147783251231527,
0xb7080db2e683ebe436b80e323b2fd68f667f07397af9c5707e668dcbe80c4d96,2,0x0e9e0c0210142e8865c45f671afe9537043b64a9,0x0eee3e3828a45f7601d5f54bf49bb01d1a9df5ea,2020-04-18 14:02:08+00:00,200299,15000000000,8116860,139076,0.0,48,,101,9003,9262,0.9720362772619304,203,66,66,1.0,25,381,2402375,23,0xb7080db2e683ebe436b80e323b2fd68f667f07397af9c5707e668dcbe80c4d96,8,4,12,1038,256,1601258,14,5,7.0,2.0,2,2,0,-0.1622939370597093,1.0272552255062488,1.023845180583671,1.0361837280641573,-0.2880355553849819,-0.3065721371055452,-0.1566879077181381,-0.3594371353266511,-0.3987291071455394,-0.3441212787205331,-0.6239227979090946,1.0411418240066337,1.0378688193835557,1.0372364873365467,-0.3186700010063009,0.6897383234398621,0.7601865723014452,-1.3625392431497934,0.3485107418359134,-0.8823086201973291,1.2453996981544782,-1.5434872662825805,-1.421431447823572,1.8782576079902933,0.9397282489259104,-0.7825819355265793,0.0,-0.3138578457946913,0.1666666666666666,0.7898832684824902,8.922928709055876,0.0056224508339999,0.0654450261780104,4.714285714285714,2.7472801926093168e-05,0.1212121212121212,0.0008637443316778,2.0,0.0197044334975369,
0x97e0f7f8373f2e806fe625d28891ec41c60b35a3379482b667026e69c7604c62,1,0xc6742f46ca8458ddb8d8411b27b411e1cccd650c,0x0eee3e3828a45f7601d5f54bf49bb01d1a9df5ea,2020-04-18 14:03:01+00:00,340171,15000000000,6306359,246670,0.0,21,,100,9004,9263,0.9720392961243658,203,23,23,1.0,16,241,1504752,24,0x97e0f7f8373f2e806fe625d28891ec41c60b35a3379482b667026e69c7604c62,2,2,12,1038,256,1601262,2,6,7.0,2.0,1,3,0,-0.7258145518503674,1.0274817186724643,1.0240661679726606,1.0361837280641573,-0.3144994559387113,-0.3307472674852627,-0.276276711098671,-0.3032750829318619,-0.4245023408229637,-0.4475231052591549,-0.6239227979090946,1.0411418240066337,1.0378688193835557,1.0372415450912618,-0.4935072363791799,0.2374763181119147,0.2700136256622343,-0.6346870833475533,0.3485107418359134,-0.8823086201973291,-0.8029550685469659,0.6002450479987806,-0.8151710096468366,1.8782576079902933,0.1882346953395969,-0.0428861059020995,0.0,-0.3298398345023827,0.0833333333333333,0.7898832684824902,8.923892100192678,0.0056230612959894,0.0661157024793388,11.5,1.5284900578367347e-05,0.0869565217391304,0.0002159127712404,1.0,0.0098522167487684,
0x2bd01f03bf0691a71d4ce677671f6d077d224422b8028aecf5d81f53e59cff35,1,0x489460b8a298fba033adbe4c0ea9aed6a04edb08,0x0eee3e3828a45f7601d5f54bf49bb01d1a9df5ea,2020-04-18 14:28:49+00:00,349950,15100000000,6105689,254192,0.0,18,,99,9005,9264,0.9720423143350604,203,20,20,1.0,5,31,203326,25,0x2bd01f03bf0691a71d4ce677671f6d077d224422b8028aecf5d81f53e59cff35,7,5,14,1038,256,1601370,7,6,8.0,2.0,1,3,0,-0.7258145518503674,1.0277082118386796,1.0242871553616502,1.0361837280641573,-0.3163457745819947,-0.3324339044884988,-0.4224408041193223,-0.2471130305370726,-0.4030246460917768,-0.2924203654512223,-0.4687181218123049,1.0411418240066337,1.0378688193835557,1.0373781044685693,-0.4206583883071469,-0.4409166898800062,-0.4406676038215038,-0.6346870833475533,0.7976225225522968,-0.8823086201973291,-0.8029550685469659,0.6002450479987806,-0.7727849650851639,1.9028057592896424,0.1049416116030148,0.0088267408220238,0.0,-0.3316156110254596,0.0714285714285714,0.7898832684824902,8.92485549132948,0.0056233065292177,0.15625,2.857142857142857,9.836371952569016e-05,0.35,0.0007556131260794,1.4,0.0246305418719211,
0x8737e6ad70b017526f7a2e5dd9238115d8364e12fd66ef6bd484e4e3755b211c,2,0xa901368aec255b1e6df31edf8aa735ff16bb12a8,0x0eee3e3828a45f7601d5f54bf49bb01d1a9df5ea,2020-04-18 14:38:24+00:00,215422,20000000000,6033784,150709,0.0,644,,97,9006,9265,0.9720453318942256,203,649,674,0.9629080118694362,118,865,5219184,26,0x8737e6ad70b017526f7a2e5dd9238115d8364e12fd66ef6bd484e4e3755b211c,20,9,16,1038,256,1601412,130,6,6.0,3.0,2,2,0,-0.1622939370597093,1.0279347050048948,1.02450814275064,1.0361837280641573,0.0707657009597679,0.0352529622169722,1.079063060547368,-0.1909509781422834,-0.3471826397906907,-0.0856167123739788,-0.3135134457155151,1.0411418240066337,1.0378688193835557,1.037431210893078,1.371423274264863,2.2532726847164795,2.298386426415977,-0.6346870833475533,-0.1006010388804699,-0.2448023917310508,1.2453996981544782,-1.5434872662825805,-1.355882398646133,3.105665172957744,0.075095649645179,-0.7026064574699816,0.0,0.0389297567899056,0.125,0.7898832684824902,8.925818882466281,0.0056237834961999,0.1362586605080831,5.184615384615385,0.0001243489165453,0.029673590504451,0.0021586616297895,2.2222222222222223,0.0443349753694581,
0xd218f6d2526d434b14f34250d73f2d7d5c730079715db70290eff51046da51a3,2,0xafa5fa0781e825a174a6b9a4f8e511907bfcd2a1,0x0eee3e3828a45f7601d5f54bf49bb01d1a9df5ea,2020-04-18 14:38:48+00:00,185589,20100000000,1576357,175589,0.0,28,,96,9007,9266,0.972048348802072,203,30,30,1.0,8,25,162471,27,0xd218f6d2526d434b14f34250d73f2d7d5c730079715db70290eff51046da51a3,13,8,13,1038,256,1601415,13,6,6.0,2.0,2,2,0,-0.1622939370597093,1.02816119817111,1.0247291301396295,1.0361837280641573,-0.3101913791043832,-0.3268117811443785,-0.3825778696591447,-0.1347889257474941,-0.3772514124143524,-0.1373176256432897,-0.5463204598606998,1.0411418240066337,1.0378688193835557,1.037435004209114,-0.3332397706207074,-0.4602993472512039,-0.4629776557419034,-0.6346870833475533,-0.1006010388804699,-0.8823086201973291,1.2453996981544782,-1.5434872662825805,-1.485190392040998,3.1302133242570926,-1.7750704955718524,-0.5315594451732266,0.0,-0.3256963559485368,0.1538461538461538,0.7898832684824902,8.926782273603083,0.0056243974082936,0.3076923076923077,2.3076923076923075,0.0001846472007484,0.4333333333333333,0.0014029786315562,1.625,0.0394088669950738,
0x06722fa1b7e0b81c0bf3c08c3319c6f21cd9befdda3f034b1fe927e19aa0d285,1,0xafa5fa0781e825a174a6b9a4f8e511907bfcd2a1,0x0eee3e3828a45f7601d5f54bf49bb01d1a9df5ea,2020-04-18 14:52:54+00:00,389011,20000000000,4553261,299239,0.0,29,,95,9008,9267,0.9720513650588108,203,31,31,1.0,8,25,162539,28,0x06722fa1b7e0b81c0bf3c08c3319c6f21cd9befdda3f034b1fe927e19aa0d285,14,8,17,1038,256,1601483,13,7,8.0,3.0,1,3,0,-0.7258145518503674,1.0283876913373255,1.024950117528619,1.0361837280641573,-0.3095759395566221,-0.3262495688099665,-0.3825778696591447,-0.0786268733527048,-0.372955873468115,-0.1373176256432897,-0.2359111076671202,1.0411418240066337,1.0378688193835557,1.037520986039271,-0.3332397706207074,-0.4602993472512039,-0.4629405223792652,0.0931650764546868,0.7976225225522968,-0.2448023917310508,-0.8029550685469659,0.6002450479987806,-0.6034791785401694,3.105665172957744,-0.5394323127454905,0.3185194563739499,0.0,-0.3251044304408445,0.0588235294117647,0.7898832684824902,8.927745664739884,0.0056247830137547,0.3076923076923077,2.3846153846153846,0.0001907222837455,0.4516129032258064,0.001510737023848,1.75,0.0394088669950738,
0x536ff6a245cd89f40f69c12d7e6b8a4085152a2ea0cffc1f11924d1ad021a7be,2,0x0e38577832238911ebc07960229355249e41a498,0x0eee3e3828a45f7601d5f54bf49bb01d1a9df5ea,2020-04-18 15:05:52+00:00,197386,20000000118,3420324,151835,0.0,194,,94,9009,9268,0.9720543806646526,203,196,196,1.0,78,125,787567,29,0x536ff6a245cd89f40f69c12d7e6b8a4085152a2ea0cffc1f11924d1ad021a7be,72,48,11,1038,256,1601544,3,5,6.0,2.0,2,2,0,-0.1622939370597093,1.0286141845035408,1.0251711049176089,1.0361837280641573,-0.2080284141760325,-0.2334845336319806,0.5475572677449997,-0.0224648209579156,-0.1238146145863464,1.930718905129145,-0.7015251359574894,1.0411418240066337,1.0378688193835557,1.037598116798676,-0.4789374667647733,-0.1372550577312416,-0.121625943216284,-1.3625392431497934,-0.1006010388804699,-0.8823086201973291,1.2453996981544782,-1.5434872662825805,-1.4340575392243444,3.105665201924562,-1.0096860447895033,-0.6948653426851686,0.0,-0.2274367216716188,0.1818181818181818,0.7898832684824902,8.928709055876686,0.0056251931728424,0.6190476190476191,65.33333333333333,0.0002488673993864,0.3673469387755102,0.0077686663789382,1.5,0.2364532019704433,
0x4dfd8a202ae3bc1d373a981da0b7b1f0217c8266f8e4affabe9df4dbea95a833,1,0xeb2d60f216a6dd6b67f601ea4904081efd16cdfe,0x0eee3e3828a45f7601d5f54bf49bb01d1a9df5ea,2020-04-18 15:18:27+00:00,318887,20000000000,3173893,245297,0.0,57,,93,9010,9269,0.972057395619808,203,59,59,1.0,16,108,702381,30,0x4dfd8a202ae3bc1d373a981da0b7b1f0217c8266f8e4affabe9df4dbea95a833,21,10,10,1038,256,1601595,9,6,6.0,2.0,1,3,0,-0.7258145518503674,1.028840677669756,1.0253920923065984,1.0361837280641573,-0.29234363221931,-0.3105076234464294,-0.276276711098671,0.0336972314368736,-0.3428871008444533,-0.0339157991046679,-0.7791274740058843,1.0411418240066337,1.0378688193835557,1.0376626031712934,-0.3915188490783338,-0.1921725869496352,-0.1681442171825347,-0.6346870833475533,-0.1006010388804699,-0.8823086201973291,-0.8029550685469659,0.6002450479987806,-0.9074242638088822,3.105665172957744,-1.111973371835348,-0.0523253160260322,0.0,-0.3085305162254608,0.1,0.7898832684824902,8.929672447013488,0.0056256384256703,0.146788990825688,6.555555555555555,8.399987471205128e-05,0.3559322033898305,0.0022656165713669,2.1,0.0492610837438423,
0x542467a3614d4242d08a9ec439c9a5152f70bb78723929783db4eb62a4876f7e,1,0x9428e55418755b2f902d3b1f898a871ab5634182,0x0eee3e3828a45f7601d5f54bf49bb01d1a9df5ea,2020-04-18 15:56:54+00:00,408190,12000000000,6707562,298992,0.0,228,,92,9011,9270,0.9720604099244876,203,286,293,0.9761092150170648,118,1043,6048439,31,0x542467a3614d4242d08a9ec439c9a5152f70bb78723929783db4eb62a4876f7e,18,9,18,1038,256,1601777,83,7,9.0,2.0,1,3,0,-0.7258145518503674,1.029067170835971,1.025613079695588,1.0361837280641573,-0.1526388548775291,-0.1789499371940132,1.079063060547368,0.0898592838316628,-0.3557737176831655,-0.0856167123739788,-0.1583087696187254,1.0411418240066337,1.0378688193835557,1.0378927310108303,0.6866441023877536,2.8282915200620127,2.7512250533955647,0.0931650764546868,1.2467343032686802,-0.8823086201973291,-0.8029550685469659,0.6002450479987806,-0.5203498249612429,1.1418130690098232,0.3547639975490349,0.3168213610348302,0.0,-0.2073112544100814,0.0555555555555555,0.7898832684824902,8.93063583815029,0.0056256235258568,0.1130268199233716,3.5301204819277108,4.728491974790194e-05,0.0614334470989761,0.0019417475728155,2.0,0.0443349753694581,
0xd0377741d0febde174b37ebe8825d88d9af84d6b0597b660a2fa74d9e663b53d,2,0x079e810fb5b21bb8271b12cd229b0cda888bd7bf,0x0eee3e3828a45f7601d5f54bf49bb01d1a9df5ea,2020-04-18 16:41:44+00:00,224607,7000000000,2268902,157774,0.0,126,,91,9012,9271,0.972063423578902,203,118,132,0.8939393939393939,32,107,694837,32,0xd0377741d0febde174b37ebe8825d88d9af84d6b0597b660a2fa74d9e663b53d,3,1,18,1038,256,1601973,24,6,7.0,3.0,2,2,0,-0.1622939370597093,1.0292936640021868,1.0258340670845778,1.0361837280641573,-0.2560326989014022,-0.2694661230343509,-0.0636743939777237,0.1460213362264521,-0.4202068018767263,-0.4992240185284657,-0.1583087696187254,1.0411418240066337,1.0378688193835557,1.03814056099187,-0.172972304862235,-0.1954030298448348,-0.1722638361199351,-0.6346870833475533,0.3485107418359134,-0.2448023917310508,1.2453996981544782,-1.5434872662825805,-1.3160709844627845,-0.0855944959576268,-1.487612436687359,-0.6540354308672254,0.0,-0.2676876561946937,0.1111111111111111,0.7898832684824902,8.931599229287091,0.0056255594660088,0.2962962962962963,5.5,0.0001698237574801,0.0227272727272727,0.0003235896882752,3.0,0.0049261083743842,
0xb3df9e5dd38eb21de367762b9e6366b196273eeb79b2f169e5c7d89b3e963c5a,1,0x079e810fb5b21bb8271b12cd229b0cda888bd7bf,0x0eee3e3828a45f7601d5f54bf49bb01d1a9df5ea,2020-04-18 16:49:03+00:00,347345,6000000000,6228961,252188,0.0,127,,90,9013,9272,0.9720664365832614,203,119,133,0.8947368421052632,32,107,694877,33,0xb3df9e5dd38eb21de367762b9e6366b196273eeb79b2f169e5c7d89b3e963c5a,4,1,15,1038,256,1602013,24,7,7.0,3.0,1,3,0,-0.7258145518503674,1.029520157168402,1.0260550544735674,1.0361837280641573,-0.255417259353641,-0.2689039106999388,-0.0636743939777237,0.2021833886212414,-0.4159112629304889,-0.4992240185284657,-0.39111578376391,1.0411418240066337,1.0378688193835557,1.038191138539021,-0.172972304862235,-0.1954030298448348,-0.172241992965442,0.0931650764546868,0.3485107418359134,-0.2448023917310508,-0.8029550685469659,0.6002450479987806,-0.7840760629564347,-0.3310760089511169,0.1561087268587877,-0.0049505185285668,0.0,-0.2670957306870014,0.0666666666666666,0.7898832684824902,8.932562620423893,0.0056260432180992,0.2962962962962963,5.541666666666667,0.000171253083275,0.0300751879699248,0.0004314063848144,4.0,0.0049261083743842,
0x7887f87b83bc6f75008999040142359e25f09cca021c7a916700bc22d9422bb5,1,0x3584ca77ba08bd8b3fe4762e60eb284e37696829,0x0eee3e3828a45f7601d5f54bf49bb01d1a9df5ea,2020-04-18 16:58:50+00:00,501882,10000000000,7130520,371063,0.0,6993,,88,9014,9273,0.9720694489377764,203,6701,7368,0.9094733984799132,303,983,5761389,34,0x7887f87b83bc6f75008999040142359e25f09cca021c7a916700bc22d9422bb5,966,73,24,1038,256,1602063,289,6,13.0,2.0,1,3,0,-0.7258145518503674,1.029746650334617,1.026276041862557,1.0361837280641573,3.7954058440102414,3.798702328771137,3.5372773522583207,0.2583454410160307,3.7163972033498793,3.2232417368619166,0.3073052586716437,1.0411418240066337,1.0378688193835557,1.0382543604729595,3.6880166429555103,2.634464946350035,2.594473115964388,-0.6346870833475533,3.043181426134214,-0.8823086201973291,-0.8029550685469659,0.6002450479987806,-0.1142517283182072,0.6508500430228432,0.5303232545932233,0.8123008314222671,0.0,3.797064805128171,0.0416666666666666,0.7898832684824902,8.933526011560694,0.005626491825545,0.3079268292682927,25.49480968858132,0.0011630873799551,0.1311074918566775,0.1041734066645098,13.232876712328768,0.3596059113300492,
0x7c15906a85112f792f6e8cea985f162b0fd86146e529ca4eec20850af6c99657,1,0x3584ca77ba08bd8b3fe4762e60eb284e37696829,0x0eee3e3828a45f7601d5f54bf49bb01d1a9df5ea,2020-04-18 17:07:54+00:00,481123,10000000000,2640358,355094,0.0,6995,,87,9015,9274,0.9720724606426568,203,6703,7370,0.9094979647218452,303,983,5761418,35,0x7c15906a85112f792f6e8cea985f162b0fd86146e529ca4eec20850af6c99657,967,73,22,1038,256,1602092,289,6,12.0,2.0,1,3,0,-0.7258145518503674,1.0299731435008326,1.0264970292515467,1.0361837280641573,3.796636723105765,3.799826753439961,3.5372773522583207,0.3145074934108199,3.7206927422961167,3.2232417368619166,0.1521005825748539,1.0411418240066337,1.0378688193835557,1.038291029194644,3.6880166429555103,2.634464946350035,2.594488952251395,-0.6346870833475533,2.5940696454178305,-0.8823086201973291,-0.8029550685469659,0.6002450479987806,-0.2042294253276934,0.6508500430228432,-1.3334303680549986,0.7025158740522156,0.0,3.798248656143556,0.0454545454545454,0.7898832684824902,8.934489402697496,0.0056270141620992,0.3079268292682927,25.501730103806228,0.0011634286622792,0.1312075983717774,0.1042700021565667,13.246575342465754,0.3596059113300492,
0xaa50e8ef17fab461151d9535c64e936318ecebc85dd58a5734588d1f0b4bca5d,2,0x9baeca5a35d11e834b61954126f2e7c7a38db774,0x0eee3e3828a45f7601d5f54bf49bb01d1a9df5ea,2020-04-18 17:13:26+00:00,197402,8600000118,3704292,136847,0.0,40,,86,9016,9275,0.9720754716981131,203,43,43,1.0,9,8,52213,36,0xaa50e8ef17fab461151d9535c64e936318ecebc85dd58a5734588d1f0b4bca5d,19,9,11,1038,256,1602119,4,5,6.0,2.0,2,2,0,-0.1622939370597093,1.030199636667048,1.0267180166405363,1.0361837280641573,-0.3021906649834883,-0.319503020797022,-0.3692902248390854,0.3706695458056092,-0.3514781787369281,-0.0856167123739788,-0.7015251359574894,1.0411418240066337,1.0378688193835557,1.038325169038971,-0.4643676971503667,-0.5152168764695976,-0.5231872189444351,-1.3625392431497934,-0.1006010388804699,-0.8823086201973291,1.2453996981544782,-1.5434872662825805,-1.4339881889111237,0.3071759537987757,-0.8918180505576314,-0.7979060428581495,0.0,-0.3185932498562295,0.1818181818181818,0.7898832684824902,8.935452793834298,0.005627543504856,1.0,10.75,0.0008235339181062,0.4418604651162791,0.0020485175202156,2.111111111111111,0.0443349753694581,
0x64576fcc03e37ba4447e0608df1a0a95076879cab22b4ad0a4c1f529783c0749,1,0xbc6866e98cf33514ec88cea8334766d9e9c2fceb,0x0eee3e3828a45f7601d5f54bf49bb01d1a9df5ea,2020-04-18 18:40:26+00:00,374295,8000000000,2454123,272919,0.0,36,,85,9017,9276,0.9720784821043552,203,40,40,1.0,15,203,1260116,37,0x64576fcc03e37ba4447e0608df1a0a95076879cab22b4ad0a4c1f529783c0749,2,2,14,1038,256,1602495,8,7,7.0,2.0,1,3,0,-0.7258145518503674,1.030426129833263,1.026939004029526,1.0361837280641573,-0.3040369836267718,-0.3211896578002581,-0.2895643559187302,0.4268315982003984,-0.4245023408229637,-0.4475231052591549,-0.4687181218123049,1.0411418240066337,1.0378688193835557,1.03880059798219,-0.4060886186927404,0.114719488094329,0.1364230770978259,0.0931650764546868,0.3485107418359134,-0.8823086201973291,-0.8029550685469659,0.6002450479987806,-0.6672641291250531,0.1598870170358631,-1.4107318453544573,0.1375726169989262,0.0,-0.3209609518869986,0.0714285714285714,0.7898832684824902,8.936416184971097,0.0056268471184951,0.0735294117647058,5.0,3.174308417392988e-05,0.05,0.0002156101768003,1.0,0.0098522167487684,
0xde9de7fd3923a64c449a3ce95ecb1adfaea899967d241f581f4408e7c4a4d387,1,0x3584ca77ba08bd8b3fe4762e60eb284e37696829,0x0eee3e3828a45f7601d5f54bf49bb01d1a9df5ea,2020-04-18 19:05:12+00:00,445990,7000000000,8898741,323869,0.0,7006,,83,9018,9278,0.9719767191205,203,6714,7381,0.9096328410784448,303,983,5761927,38,0xde9de7fd3923a64c449a3ce95ecb1adfaea899967d241f581f4408e7c4a4d387,968,73,20,1038,256,1602601,289,6,11.0,2.0,1,3,0,-0.7258145518503674,1.0306526229994786,1.0273809788075052,1.0361837280641573,3.803406558131137,3.806011089118493,3.5372773522583207,0.4829936505951877,3.7249882812423545,3.2232417368619166,-0.0031040935219357,1.0411418240066337,1.0378688193835557,1.03893462848214,3.6880166429555103,2.634464946350035,2.59476690639232,-0.6346870833475533,2.144957864701447,-0.8823086201973291,-0.8029550685469659,0.6002450479987806,-0.3565097099769673,-0.0855944959576268,1.2642674406588177,0.4878477486918388,0.0,3.8047598367281705,0.05,0.7898832684824902,8.9383429672447,0.0056270989303644,0.3079268292682927,25.53979238754325,0.0011652349699614,0.1311475409836065,0.1043328303513688,13.26027397260274,0.3596059113300492,
0x7d9b1353ff2012474ff679f1eb64569e0a5ddfa59f62343009a6ce220ed7add1,1,0xeb2d60f216a6dd6b67f601ea4904081efd16cdfe,0x0eee3e3828a45f7601d5f54bf49bb01d1a9df5ea,2020-04-18 19:05:12+00:00,318887,7800000000,6947681,245297,0.0,58,,84,9018,9278,0.9719767191205,203,60,60,1.0,16,108,703387,39,0x7d9b1353ff2012474ff679f1eb64569e0a5ddfa59f62343009a6ce220ed7add1,22,10,10,1038,256,1602601,9,6,6.0,2.0,1,3,0,-0.7258145518503674,1.0306526229994786,1.0273809788075052,1.0361837280641573,-0.2917281926715488,-0.3099454111120174,-0.276276711098671,0.539155702989977,-0.3385915618982159,-0.0339157991046679,-0.7791274740058843,1.0411418240066337,1.0378688193835557,1.03893462848214,-0.3915188490783338,-0.1921725869496352,-0.167594861847033,-0.6346870833475533,-0.1006010388804699,-0.8823086201973291,-0.8029550685469659,0.6002450479987806,-0.9074242638088822,0.1107907144371651,0.454431371714303,-0.0523253160260322,0.0,-0.3079385907177685,0.1,0.7898832684824902,8.9383429672447,0.0056270989303644,0.146788990825688,6.666666666666667,8.530142680853242e-05,0.3666666666666666,0.0023712006898038,2.2,0.0492610837438423,
0xf73817d30efc7f9ac4d39ccef5575dfc4222d67d50ce74020f2048e930d760f4,2,0xec7aba9973f3db776f61e41cbcb017b9d6287e00,0x0eee3e3828a45f7601d5f54bf49bb01d1a9df5ea,2020-04-18 19:40:24+00:00,197096,6000000000,5803955,136612,0.0,432,,82,9019,9279,0.971979739196034,203,415,436,0.9518348623853212,27,33,216830,40,0xf73817d30efc7f9ac4d39ccef5575dfc4222d67d50ce74020f2048e930d760f4,12,7,11,1038,256,1602755,63,5,6.0,2.0,2,2,0,-0.1622939370597093,1.030879116165694,1.0276019661964948,1.0361837280641573,-0.0732471532163409,-0.0985535733730921,-0.1301126180780197,0.5953177553847663,-0.3815469513605898,-0.1890185389126005,-0.7015251359574894,1.0411418240066337,1.0378688193835557,1.0391293520386713,0.3952487100996218,-0.434455804089607,-0.43329335486463,-1.3625392431497934,-0.1006010388804699,-0.8823086201973291,1.2453996981544782,-1.5434872662825805,-1.4353145136514724,-0.3310760089511169,-0.0203006036168677,-0.7995216396382837,0.0,-0.086558450840857,0.1818181818181818,0.7898832684824902,8.939306358381502,0.0056271821786971,0.7941176470588235,6.920634920634921,0.001913932970839,0.0275229357798165,0.0012932428063368,1.7142857142857142,0.0344827586206896,
0xcee68128959db8295479e9f410511971b91c7ffb5a52419d4cab8f12db6686fb,1,0xec7aba9973f3db776f61e41cbcb017b9d6287e00,0x0eee3e3828a45f7601d5f54bf49bb01d1a9df5ea,2020-04-18 19:41:12+00:00,429741,7000000000,3020543,315629,0.0,436,,80,9020,9281,0.9718780303846568,203,417,439,0.9498861047835992,27,33,216834,41,0xcee68128959db8295479e9f410511971b91c7ffb5a52419d4cab8f12db6686fb,14,7,23,1038,256,1602759,63,8,10.0,4.0,1,3,0,-0.7258145518503674,1.031105609331909,1.0280439409744742,1.0361837280641573,-0.0720162741208186,-0.096866936369856,-0.1301126180780197,0.6514798077795555,-0.372955873468115,-0.1890185389126005,0.2297029206232488,1.0411418240066337,1.0378688193835557,1.0391344097933863,0.3952487100996218,-0.434455804089607,-0.4332911705491806,0.8210172362569269,1.6958460839850635,0.3927038367352275,-0.8029550685469659,0.6002450479987806,-0.4269392874473243,-0.0855944959576268,-1.1756251104659596,0.4311987381884119,0.0,-0.0841907488100879,0.0434782608695652,0.7898832684824902,8.941233140655106,0.0056277920586987,0.7941176470588235,6.968253968253968,0.001923121267323,0.0318906605922551,0.0015084581402866,2.0,0.0344827586206896,
0xb9ff37758ed263558ec1fa42e4878a94f8378e6f16e9ab2a6d0ada8650cd7669,2,0xec7aba9973f3db776f61e41cbcb017b9d6287e00,0x0eee3e3828a45f7601d5f54bf49bb01d1a9df5ea,2020-04-18 19:41:12+00:00,187239,6000000000,2704914,129030,0.0,435,,81,9020,9281,0.9718780303846568,203,417,439,0.9498861047835992,27,33,216834,42,0xb9ff37758ed263558ec1fa42e4878a94f8378e6f16e9ab2a6d0ada8650cd7669,14,7,12,1038,256,1602759,63,5,7.0,2.0,2,2,0,-0.1622939370597093,1.031105609331909,1.0280439409744742,1.0361837280641573,-0.0720162741208186,-0.096866936369856,-0.1301126180780197,0.7076418601743447,-0.372955873468115,-0.1890185389126005,-0.6239227979090946,1.0411418240066337,1.0378688193835557,1.0391344097933863,0.3952487100996218,-0.434455804089607,-0.4332911705491806,-1.3625392431497934,0.3485107418359134,-0.8823086201973291,1.2453996981544782,-1.5434872662825805,-1.478038640990097,-0.3310760089511169,-1.3066347916674033,-0.851646979157335,0.0,-0.0847826743177801,0.1666666666666666,0.7898832684824902,8.941233140655106,0.0056277920586987,0.7941176470588235,6.968253968253968,0.001923121267323,0.0318906605922551,0.0015084581402866,2.0,0.0344827586206896,
0x7833ac6e6cc92fdfa2dc5dea3175b0445866da63f89b7bf4af5a5d6efde664ce,1,0xec7aba9973f3db776f61e41cbcb017b9d6287e00,0x0eee3e3828a45f7601d5f54bf49bb01d1a9df5ea,2020-04-18 19:41:27+00:00,436915,6000000000,4806006,309313,0.0,437,,79,9021,9282,0.9718810601163542,203,418,440,0.95,27,33,216835,43,0x7833ac6e6cc92fdfa2dc5dea3175b0445866da63f89b7bf4af5a5d6efde664ce,15,7,24,1038,256,1602760,63,9,9.0,4.0,1,3,0,-0.7258145518503674,1.0313321024981246,1.0282649283634635,1.0361837280641573,-0.0714008345730574,-0.096304724035444,-0.1301126180780197,0.763803912569134,-0.3686603345218777,-0.1890185389126005,0.3073052586716437,1.0411418240066337,1.0378688193835557,1.0391356742320652,0.3952487100996218,-0.434455804089607,-0.4332906244703183,1.548869396059167,1.2467343032686802,0.3927038367352275,-0.8029550685469659,0.6002450479987806,-0.3958443407569224,-0.3310760089511169,-0.4345242026692338,0.3877769966423386,0.0,-0.0835988233023956,0.0416666666666666,0.7898832684824902,8.942196531791907,0.0056284124707301,0.7941176470588235,6.984126984126984,0.0019277241786419,0.034090909090909,0.0016160310277957,2.142857142857143,0.0344827586206896,
0x692c816192be50cf28eedf53b5210f0ea6c8f6c2714196dfce51fcafa76bbfc7,1,0xeb2d60f216a6dd6b67f601ea4904081efd16cdfe,0x0eee3e3828a45f7601d5f54bf49bb01d1a9df5ea,2020-04-18 19:52:45+00:00,318887,5400000000,8339135,245297,0.0,59,,78,9022,9283,0.9718840891953032,203,61,61,1.0,16,108,703605,44,0x692c816192be50cf28eedf53b5210f0ea6c8f6c2714196dfce51fcafa76bbfc7,23,10,10,1038,256,1602819,9,6,6.0,2.0,1,3,0,-0.7258145518503674,1.0315585956643398,1.0284859157524533,1.0361837280641573,-0.2911127531237876,-0.3093831987776054,-0.276276711098671,0.8199659649639233,-0.3342960229519786,-0.0339157991046679,-0.7791274740058843,1.0411418240066337,1.0378688193835557,1.0392102761141129,-0.3915188490783338,-0.1921725869496352,-0.1674758166550455,-0.6346870833475533,-0.1006010388804699,-0.8823086201973291,-0.8029550685469659,0.6002450479987806,-0.9074242638088822,-0.4783649167472109,1.0319890262595866,-0.0523253160260322,0.0,-0.3073466652100762,0.1,0.7898832684824902,8.943159922928709,0.0056288291885551,0.146788990825688,6.777777777777778,8.66962476158532e-05,0.3770491803278688,0.0024776473122912,2.3,0.0492610837438423,
0x26a9b504d3d8cb7a2bd8f5fdf19d34a396c4b4de0a2b1fef1ffdb7ef9d2247ac,1,0x17878a30e9fcb1149bc6dfaccdba4797a482d2c6,0x0eee3e3828a45f7601d5f54bf49bb01d1a9df5ea,2020-04-18 20:27:26+00:00,572809,6000000000,4285145,403064,0.0,89,,76,9023,9286,0.9716777945293992,203,92,95,0.968421052631579,6,9,59776,45,0x26a9b504d3d8cb7a2bd8f5fdf19d34a396c4b4de0a2b1fef1ffdb7ef9d2247ac,35,6,37,1038,256,1602966,18,8,12.0,4.0,1,3,0,-0.7258145518503674,1.0317850888305553,1.0291488779194222,1.0361837280641573,-0.272034127143192,-0.2902679794075962,-0.4091531592992631,0.8761280173587125,-0.2827495555971299,-0.2407194521819114,1.3161356533007769,1.0411418240066337,1.0378688193835557,1.0393961485998926,-0.2603909225486745,-0.511986433574398,-0.5190572245086504,0.8210172362569269,2.5940696454178305,0.3927038367352275,-0.8029550685469659,0.6002450479987806,0.1931738757952773,-0.3310760089511169,-0.6507205393818459,1.0323038635970443,0.0,-0.2895888999793079,0.027027027027027,0.7898832684824902,8.946050096339114,0.0056289368402468,0.6,5.277777777777778,0.0015390534821085,0.3684210526315789,0.0037691147964678,5.833333333333333,0.0295566502463054,
0xb029d37839a85d7bdd177975ff236a60932a753467cf76be5521d35d4b16d168,1,0x17878a30e9fcb1149bc6dfaccdba4797a482d2c6,0x0eee3e3828a45f7601d5f54bf49bb01d1a9df5ea,2020-04-18 20:27:26+00:00,537840,6000000000,4613511,328366,0.0,90,,77,9023,9286,0.9716777945293992,203,92,95,0.968421052631579,6,9,59776,46,0xb029d37839a85d7bdd177975ff236a60932a753467cf76be5521d35d4b16d168,35,6,20,1038,256,1602966,18,6,11.0,2.0,1,3,0,-0.7258145518503674,1.0317850888305553,1.0291488779194222,1.0361837280641573,-0.272034127143192,-0.2902679794075962,-0.4091531592992631,0.9322900697535018,-0.2827495555971299,-0.2407194521819114,-0.0031040935219357,1.0411418240066337,1.0378688193835557,1.0393961485998926,-0.2603909225486745,-0.511986433574398,-0.5190572245086504,-0.6346870833475533,2.144957864701447,-0.8823086201973291,-0.8029550685469659,0.6002450479987806,0.0416044318565172,-0.3310760089511169,-0.5144240489535482,0.5187640836716824,0.0,-0.2889969744716156,0.05,0.7898832684824902,8.946050096339114,0.0056289368402468,0.6,5.277777777777778,0.0015390534821085,0.3684210526315789,0.0037691147964678,5.833333333333333,0.0295566502463054,
0x49f550e724372c0f6eab035aa329d37ae38ee62f5a8f5b6d4a1cccca00f81768,2,0x17878a30e9fcb1149bc6dfaccdba4797a482d2c6,0x0eee3e3828a45f7601d5f54bf49bb01d1a9df5ea,2020-04-18 20:27:26+00:00,181633,6000000000,3882081,124717,0.0,88,,75,9023,9286,0.9716777945293992,203,92,95,0.968421052631579,6,9,59776,47,0x49f550e724372c0f6eab035aa329d37ae38ee62f5a8f5b6d4a1cccca00f81768,35,6,12,1038,256,1602966,18,5,7.0,2.0,2,2,0,-0.1622939370597093,1.0317850888305553,1.0291488779194222,1.0361837280641573,-0.272034127143192,-0.2902679794075962,-0.4091531592992631,0.988452122148291,-0.2827495555971299,-0.2407194521819114,-0.6239227979090946,1.0411418240066337,1.0378688193835557,1.0393961485998926,-0.2603909225486745,-0.511986433574398,-0.5190572245086504,-1.3625392431497934,0.3485107418359134,-0.8823086201973291,1.2453996981544782,-1.5434872662825805,-1.502337256984855,-0.3310760089511169,-0.8180222960131396,-0.881298336232733,0.0,-0.2901808254870002,0.1666666666666666,0.7898832684824902,8.946050096339114,0.0056289368402468,0.6,5.277777777777778,0.0015390534821085,0.3684210526315789,0.0037691147964678,5.833333333333333,0.0295566502463054,
0x7210fefd28033b20b5bcf289165354653e51579ac2bbbb89be6ea2728cc4551d,1,0x17878a30e9fcb1149bc6dfaccdba4797a482d2c6,0x0eee3e3828a45f7601d5f54bf49bb01d1a9df5ea,2020-04-18 20:27:45+00:00,533117,6000000000,988806,306407,0.0,91,,74,9024,9287,0.9716808441908044,203,93,96,0.96875,6,9,59779,48,0x7210fefd28033b20b5bcf289165354653e51579ac2bbbb89be6ea2728cc4551d,36,6,18,1038,256,1602969,18,6,10.0,2.0,1,3,0,-0.7258145518503674,1.0320115819967706,1.029369865308412,1.0361837280641573,-0.2714186875954309,-0.2897057670731842,-0.4091531592992631,1.0446141745430804,-0.2784540166508925,-0.2407194521819114,-0.1583087696187254,1.0411418240066337,1.0378688193835557,1.0393999419159288,-0.2603909225486745,-0.511986433574398,-0.5190555862720635,-0.6346870833475533,1.6958460839850635,-0.8823086201973291,-0.8029550685469659,0.6002450479987806,0.0211330862726353,-0.3310760089511169,-2.01894817854645,0.367798595607999,0.0,-0.2884050489639234,0.0555555555555555,0.7898832684824902,8.947013487475916,0.0056295501475386,0.6,5.333333333333333,0.0015557042489126,0.375,0.0038763863465058,6.0,0.0295566502463054,
0x84fd321fb022542255ee410eccb5cf0fb4f73b17a726da8563dc4db16b2c4657,1,0xb9789645fdd10bc75bde54825c2e4f8a2abb06a2,0x0eee3e3828a45f7601d5f54bf49bb01d1a9df5ea,2020-04-18 21:20:35+00:00,381739,8000000000,4646427,293645,0.0,104,,73,9025,9288,0.9716838931955212,203,109,110,0.990909090909091,19,43,283869,49,0x84fd321fb022542255ee410eccb5cf0fb4f73b17a726da8563dc4db16b2c4657,39,12,14,1038,256,1603211,17,6,8.0,2.0,1,3,0,-0.7258145518503674,1.0322380751629858,1.0295908526974016,1.0361837280641573,-0.2615716548312525,-0.2818347943914157,-0.2364137766384934,1.1007762269378696,-0.2655673998121803,0.0694860274339537,-0.4687181218123049,1.0411418240066337,1.0378688193835557,1.0397059360761922,-0.2749606921630811,-0.4021513751376107,-0.3966847740130408,-0.6346870833475533,0.7976225225522968,-0.8823086201973291,-0.8029550685469659,0.6002450479987806,-0.6349988958990491,0.1598870170358631,-0.5007614429622523,0.2800613781268419,0.0,-0.2807100173639238,0.0714285714285714,0.7898832684824902,8.947976878612717,0.0056293241318054,0.4318181818181818,6.470588235294118,0.0003839785817451,0.3545454545454545,0.0041989664082687,3.25,0.0591133004926108,
0x57a5f9d7327e05d29ac6fab8d48a247f25c6c25add9418e4b2d851ea1040b9ce,2,0xb9789645fdd10bc75bde54825c2e4f8a2abb06a2,0x0eee3e3828a45f7601d5f54bf49bb01d1a9df5ea,2020-04-18 22:04:49+00:00,181639,5100000000,3316102,124722,0.0,109,,72,9026,9289,0.9716869415437616,203,114,115,0.991304347826087,19,43,284073,50,0x57a5f9d7327e05d29ac6fab8d48a247f25c6c25add9418e4b2d851ea1040b9ce,40,12,12,1038,256,1603415,17,5,7.0,2.0,2,2,0,-0.1622939370597093,1.032464568329201,1.0298118400863912,1.0361837280641573,-0.2584944570924468,-0.2790237327193555,-0.2364137766384934,1.1569382793326588,-0.2612718608659429,0.0694860274339537,-0.6239227979090946,1.0411418240066337,1.0378688193835557,1.039963881566662,-0.2749606921630811,-0.4021513751376107,-0.3965733739251259,-1.3625392431497934,0.3485107418359134,-0.8823086201973291,1.2453996981544782,-1.5434872662825805,-1.502311250617397,-0.5520093706452579,-1.0529459828629275,-0.8812639618331557,0.0,-0.2777503898254624,0.1666666666666666,0.7898832684824902,8.948940269749519,0.0056292315905541,0.4318181818181818,6.764705882352941,0.0004013038856072,0.3478260869565217,0.0043061685865001,3.333333333333333,0.0591133004926108,
0x69eb8d4e6c3428d8da9a365c1910d01905740538982de4bc5d06c1504d63cc38,2,0xb9789645fdd10bc75bde54825c2e4f8a2abb06a2,0x0eee3e3828a45f7601d5f54bf49bb01d1a9df5ea,2020-04-18 22:05:20+00:00,199422,5100000000,3510212,138401,0.0,110,,71,9027,9290,0.9716899892357374,203,115,116,0.9913793103448276,19,43,284076,51,0x69eb8d4e6c3428d8da9a365c1910d01905740538982de4bc5d06c1504d63cc38,41,12,11,1038,256,1603418,17,5,6.0,2.0,2,2,0,-0.1622939370597093,1.0326910614954166,1.030032827475381,1.0361837280641573,-0.2578790175446856,-0.2784615203849435,-0.2364137766384934,1.213100331727448,-0.2569763219197055,0.0694860274339537,-0.7015251359574894,1.0411418240066337,1.0378688193835557,1.0399676748826985,-0.2749606921630811,-0.4021513751376107,-0.3965717356885389,-1.3625392431497934,-0.1006010388804699,-0.8823086201973291,1.2453996981544782,-1.5434872662825805,-1.4252327118669903,-0.5520093706452579,-0.972375790586514,-0.7872224794695178,0.0,-0.2771584643177701,0.1818181818181818,0.7898832684824902,8.94990366088632,0.005629844725552,0.4318181818181818,6.823529411764706,0.0004048198199783,0.3534482758620689,0.0044133476856835,3.4166666666666665,0.0591133004926108,
0x1e1e5094f586056b6474ff1dcd246d92cbcea8abf259cdc402f382be47a2abbb,1,0x354541f5a10c86c90c764e20679b40b68ba52fe8,0x0eee3e3828a45f7601d5f54bf49bb01d1a9df5ea,2020-04-18 22:39:22+00:00,340171,5000000000,4057245,246670,0.0,12,,70,9028,9291,0.9716930362716608,203,14,14,1.0,6,12,82583,52,0x1e1e5094f586056b6474ff1dcd246d92cbcea8abf259cdc402f382be47a2abbb,5,3,12,1038,256,1603565,3,6,7.0,2.0,1,3,0,-0.7258145518503674,1.0329175546616318,1.0302538148643705,1.0361837280641573,-0.3200384118685617,-0.335807178494971,-0.4091531592992631,1.2692623841222372,-0.4116157239842515,-0.395822191989844,-0.6239227979090946,1.0411418240066337,1.0378688193835557,1.0401535473684782,-0.4789374667647733,-0.502295104888799,-0.5066028038955418,-0.6346870833475533,0.3485107418359134,-0.8823086201973291,-0.8029550685469659,0.6002450479987806,-0.8151710096468366,-0.5765575219446069,-0.7453161131276328,-0.0428861059020995,0.0,-0.3351671640716132,0.0833333333333333,0.7898832684824902,8.95086705202312,0.0056299522439363,0.4615384615384615,4.666666666666667,0.0001695243630727,0.3571428571428571,0.0005381552039608,1.6666666666666667,0.0147783251231527,
0x5814bb3eba4dcaf11154de528eb680609ebb4e8a97fd6e32dc6e7c4a17f14898,1,0xb14c8d4512fe63076f640834ea4e8c01004efa11,0x0eee3e3828a45f7601d5f54bf49bb01d1a9df5ea,2020-04-18 23:08:53+00:00,416493,6000000000,7043764,320379,0.0,191,,69,9029,9292,0.9716960826517436,203,197,198,0.9949494949494948,38,239,1493596,53,0x5814bb3eba4dcaf11154de528eb680609ebb4e8a97fd6e32dc6e7c4a17f14898,77,23,18,1038,256,1603705,24,6,10.0,2.0,1,3,0,-0.7258145518503674,1.033144047827847,1.03047480225336,1.0361837280641573,-0.2074129746282713,-0.2323601089631565,0.0160514749426315,1.325424436517027,-0.1023369198551595,0.6381960733963733,-0.1583087696187254,1.0411418240066337,1.0378688193835557,1.0403305687835065,-0.172972304862235,0.2310154323215154,0.2639215698741061,-0.6346870833475533,1.6958460839850635,-0.8823086201973291,-0.8029550685469659,0.6002450479987806,-0.4843613467941942,-0.3310760089511169,0.4943130150324971,0.463854417786868,0.0,-0.2292124981946957,0.0555555555555555,0.7898832684824902,8.951830443159922,0.0056300843172002,0.1583333333333333,8.25,0.0001318963549069,0.3888888888888889,0.0082866982350408,3.347826086956522,0.1133004926108374,
0xf433b6d084cd7c23eab0e8e0c124a3798a92f872051c0844ccc781faa986bf91,1,0x3584ca77ba08bd8b3fe4762e60eb284e37696829,0x0eee3e3828a45f7601d5f54bf49bb01d1a9df5ea,2020-04-18 23:21:25+00:00,399262,7500000000,8636016,307124,0.0,7015,,68,9030,9293,0.9716991283761972,203,6722,7390,0.9096075778078484,303,983,5763079,54,0xf433b6d084cd7c23eab0e8e0c124a3798a92f872051c0844ccc781faa986bf91,969,73,16,1038,256,1603753,289,6,9.0,2.0,1,3,0,-0.7258145518503674,1.0333705409940626,1.03069578964235,1.0361837280641573,3.8083300745132265,3.811071000128201,3.5372773522583207,1.381586488911816,3.729283820188592,3.2232417368619166,-0.3135134457155151,1.0411418240066337,1.0378688193835557,1.0403912618400877,3.6880166429555103,2.634464946350035,2.5953959892417218,-0.6346870833475533,1.2467343032686802,-0.8823086201973291,-0.8029550685469659,0.6002450479987806,-0.5590472997384813,0.0371462605391181,1.1552168829038294,0.372727884507387,0.0,3.810087166297401,0.0625,0.7898832684824902,8.952793834296724,0.0056305393470569,0.3079268292682927,25.570934256055363,0.0011663901941323,0.1311231393775372,0.1042720327127945,13.273972602739724,0.3596059113300492,
0x7a99a42b2fac33ed0f0eff0c26ded45fbb2d7a9c2344ff815de315b2c7694220,1,0xfb1355abfcc9b9a562732918f50ce44bcfd4314a,0x0eee3e3828a45f7601d5f54bf49bb01d1a9df5ea,2020-04-18 23:31:34+00:00,369450,7200000000,4915494,269192,0.0,21,,67,9031,9294,0.9717021734452336,203,28,28,1.0,12,720,4375696,55,0x7a99a42b2fac33ed0f0eff0c26ded45fbb2d7a9c2344ff815de315b2c7694220,5,5,14,1038,256,1603801,9,6,8.0,2.0,1,3,0,-0.7258145518503674,1.0335970341602778,1.0309167770313394,1.0361837280641573,-0.3114222581999056,-0.3279362058132026,-0.3294272903789078,1.4377485413066051,-0.4116157239842515,-0.2924203654512223,-0.4687181218123049,1.0411418240066337,1.0378688193835557,1.0404519548966689,-0.3915188490783338,1.7848584649125343,1.8377754589888784,-0.6346870833475533,0.7976225225522968,-0.8823086201973291,-0.8029550685469659,0.6002450479987806,-0.688264270847244,-0.0364981933589288,-0.3890784800791561,0.1119499395539902,0.0,-0.3298398345023827,0.0714285714285714,0.7898832684824902,8.953757225433526,0.0056309943496765,0.0166435506241331,3.111111111111111,6.39898055098422e-06,0.1785714285714285,0.0005379814934366,1.0,0.0246305418719211,
0xc1bb323097f1c76702857dbff28ee06dea1093eb83fa94f4fc25f96e0185510d,2,0x18da39657d653632be917735818b69d431c4bcd5,0x0eee3e3828a45f7601d5f54bf49bb01d1a9df5ea,2020-04-18 23:42:09+00:00,235963,7500000118,5217568,166510,0.0,56,,66,9032,9295,0.971705217859064,203,62,62,1.0,31,142,883497,56,0xc1bb323097f1c76702857dbff28ee06dea1093eb83fa94f4fc25f96e0185510d,1,1,11,1039,256,1603845,9,5,6.0,2.0,2,2,0,-0.1622939370597093,1.033823527326493,1.031137764420329,1.0361837280641573,-0.2904973135760265,-0.3088209864431934,-0.0769620387977829,1.4939105937013943,-0.4287978797692011,-0.4992240185284657,-0.7015251359574894,1.0430758527474877,1.0378688193835557,1.0405075901985348,-0.3915188490783338,-0.082337528512848,-0.0692405979531842,-1.3625392431497934,-0.1006010388804699,-0.8823086201973291,1.2453996981544782,-1.5434872662825805,-1.266849599654281,0.0371462895059366,-0.2636951393872526,-0.5939764799257282,0.0,-0.309122441733153,0.1818181818181818,0.7898832684824902,8.946102021174205,0.0056314633699245,0.2167832167832167,6.888888888888889,7.017559745466317e-05,0.0161290322580645,0.0001075847229693,1.0,0.0049261083743842,
0x6183cd1c7c748f38d501b09b5a8470c971c12c0ae0e71e779908662d047efbde,2,0x1cea8f1d08dc11d500a45d5e813065c5903e0998,0x0eee3e3828a45f7601d5f54bf49bb01d1a9df5ea,2020-04-18 23:50:38+00:00,227428,7500000000,3796797,159944,0.0,27,,65,9033,9296,0.9717082616179,203,32,32,1.0,20,373,2354162,57,0x6183cd1c7c748f38d501b09b5a8470c971c12c0ae0e71e779908662d047efbde,1,1,11,1040,256,1603878,18,5,6.0,2.0,2,2,0,-0.1622939370597093,1.0340500204927083,1.0313587518093188,1.0361837280641573,-0.308960500008861,-0.3256873564755544,-0.2231261318184342,1.5500726460961836,-0.4287978797692011,-0.4992240185284657,-0.7015251359574894,1.045009881488342,1.0378688193835557,1.0405493166749344,-0.2603909225486745,0.6638947802782651,0.7338584721120379,-1.3625392431497934,-0.1006010388804699,-0.8823086201973291,1.2453996981544782,-1.5434872662825805,-1.303843657363032,0.0371462605391181,-0.8534215452949987,-0.6391169414506677,0.0,-0.3262882814562291,0.1818181818181818,0.7898832684824902,8.938461538461539,0.0056319709903303,0.053475935828877,1.7777777777777777,1.3592941525289456e-05,0.03125,0.0001075731497418,1.0,0.0049261083743842,
0x0a8e35509ea18fdfce9d0b2d553844376a243a402888ba259c53afff8f5a8710,1,0x0c2a456f3cf8ffca64102fb4547cf308e7dda358,0x0eee3e3828a45f7601d5f54bf49bb01d1a9df5ea,2020-04-19 00:02:07+00:00,299387,6600000000,9848612,230297,0.0,60,,64,9034,9297,0.9717113047219532,204,77,77,1.0,46,96,621604,58,0x0a8e35509ea18fdfce9d0b2d553844376a243a402888ba259c53afff8f5a8710,27,23,10,1040,257,1603921,2,6,6.0,2.0,1,3,0,-0.7258145518503674,1.0342765136589238,1.0315797391983084,1.0462273823761936,-0.2812657203596093,-0.3003878014270128,0.1223526335031051,1.606234698490973,-0.317113867167029,0.6381960733963733,-0.7791274740058843,1.045009881488342,1.0457765118389344,1.0406036875381215,-0.4935072363791799,-0.2309379016920306,-0.2122548294447823,-0.6346870833475533,-0.1006010388804699,-0.8823086201973291,-0.8029550685469659,0.6002450479987806,-0.9919449580468022,-0.1837871011550228,1.6585350678175903,-0.1554485147579986,0.0,-0.306754739702384,0.1,0.7906976744186046,8.939423076923077,0.0056324434729369,0.4742268041237113,38.5,0.0001238728774704,0.3506493506493506,0.0029041626331074,1.173913043478261,0.1127450980392156,
0x5f91366edc1ff920a61409d9258472b48d495be24e1a2465cb2078abe756a8f8,2,0x3584ca77ba08bd8b3fe4762e60eb284e37696829,0x0eee3e3828a45f7601d5f54bf49bb01d1a9df5ea,2020-04-19 00:26:14+00:00,193647,8000000000,8450703,133959,0.0,7018,,63,9035,9298,0.9717143471714348,204,6725,7393,0.9096442580819696,304,984,5763353,59,0x5f91366edc1ff920a61409d9258472b48d495be24e1a2465cb2078abe756a8f8,970,74,12,1040,257,1604027,289,5,7.0,2.0,2,2,0,-0.1622939370597093,1.034503006825139,1.031800726587298,1.0462273823761936,3.81017639315651,3.812757637131437,3.55056499707838,1.6623967508857622,3.733579359134829,3.2749426501312278,-0.6239227979090946,1.045009881488342,1.0457765118389344,1.0407377180380717,3.6880166429555103,2.637695389245235,2.59554561485,-1.3625392431497934,0.3485107418359134,-0.8823086201973291,1.2453996981544782,-1.5434872662825805,-1.4502638405451436,0.1598870170358631,1.078298104678498,-0.8177606960540108,0.0,3.8118629428204778,0.1666666666666666,0.7906976744186046,8.940384615384616,0.0056326946911151,0.3086294416243655,25.581314878892734,0.001166855272121,0.1312051941025294,0.104323510432351,13.108108108108109,0.3627450980392157,
0x8bd742aa3b5b59f28b1531680a700096dcbd344bba28b22c38b81ab14bd040e4,1,0xa24ad03a13390d8a352bd8ff74f2d5ab66ddf010,0x0eee3e3828a45f7601d5f54bf49bb01d1a9df5ea,2020-04-19 01:08:17+00:00,334389,3960000144,9264681,242222,0.0,21,,12,9036,9299,0.9717173889665556,204,23,25,0.92,6,9,58119,60,0x8bd742aa3b5b59f28b1531680a700096dcbd344bba28b22c38b81ab14bd040e4,4,2,12,1040,257,1604200,5,6,7.0,2.0,1,3,0,-0.7258145518503674,1.0347294999913543,1.0320217139762875,1.0462273823761936,-0.3144994559387113,-0.3296228428164386,-0.4091531592992631,1.7185588032805514,-0.4159112629304889,-0.4475231052591549,-0.6239227979090946,1.045009881488342,1.0457765118389344,1.0409564659294996,-0.4497979275359601,-0.511986433574398,-0.5199620771835275,-0.6346870833475533,0.3485107418359134,-0.8823086201973291,-0.8029550685469659,0.6002450479987806,-0.840232479087024,-0.8318582601084986,1.416159956045098,-0.0734655717660853,0.0,-0.3298398345023827,0.0833333333333333,0.7906976744186046,8.941346153846155,0.0056327106141936,0.6,5.0,0.0003957329662766,0.16,0.0004301537799763,2.0,0.0098039215686274,
0x416c85a9e6ac3ea34412b71da26b7e9fd4faa63e1472be8be033dc36f2ca4d28,2,0xa9bf70a420d364e923c74448d9d817d3f2a77822,0x538359785a8d5ab1a741a0ba94f26a800759d91d,2020-04-19 00:58:43+00:00,711007,5100000000,5106815,120042,0.0,45,,59,2,16,0.125,1,14,59,0.2372881355932203,1,0,70,1,0x416c85a9e6ac3ea34412b71da26b7e9fd4faa63e1472be8be033dc36f2ca4d28,16,1,14,1,0,55,15,7,5.0,3.0,1,3,0,-0.1622939370597093,-1.0114097635978254,-1.0194042180145353,-0.992634442967168,-0.3200384118685617,-0.3105076234464294,-0.4755913833995591,-1.595002288012015,-0.3643647955756403,-0.4992240185284657,-0.4687181218123049,-0.9644459802593138,-0.986500449193415,-0.9873865184323732,-0.3041002313918943,-0.5410604196311946,-0.5516614090627904,0.0931650764546868,-0.5497128195968534,-0.2448023917310508,-0.8029550685469659,0.6002450479987806,0.7921785374512805,-0.5520093706452579,-0.3096659317482317,-0.9134383998375292,0.0,-0.3156336223177681,0.1428571428571428,1.0,16.0,0.0357142857142857,1.0,3.933333333333333,0.1971830985915492,0.2711864406779661,1.0,16.0,1.0,
0x3c470ca9a5b501249bb5890b41c18310633193bbf7a35c918d51878397e7d2f1,2,0xa9bf70a420d364e923c74448d9d817d3f2a77822,0x538359785a8d5ab1a741a0ba94f26a800759d91d,2020-04-19 00:58:43+00:00,711007,5100000000,6307235,120042,0.0,55,,52,2,16,0.125,1,14,59,0.2372881355932203,1,0,70,2,0x3c470ca9a5b501249bb5890b41c18310633193bbf7a35c918d51878397e7d2f1,16,1,14,1,0,55,15,7,5.0,3.0,1,3,0,-0.1622939370597093,-1.0114097635978254,-1.0194042180145353,-0.992634442967168,-0.3200384118685617,-0.3105076234464294,-0.4755913833995591,-1.5388402356172255,-0.3643647955756403,-0.4992240185284657,-0.4687181218123049,-0.9644459802593138,-0.986500449193415,-0.9873865184323732,-0.3041002313918943,-0.5410604196311946,-0.5516614090627904,0.0931650764546868,-0.5497128195968534,-0.2448023917310508,-0.8029550685469659,0.6002450479987806,0.7921785374512805,-0.5520093706452579,0.1885983009675096,-0.9134383998375292,0.0,-0.3097143672408453,0.1428571428571428,1.0,16.0,0.0357142857142857,1.0,3.933333333333333,0.1971830985915492,0.2711864406779661,1.0,16.0,1.0,
0x2ed100b882f20e19e927358e15a5f1903f7cdf7ddd71eeb99c0a2c9eb88b46e4,2,0xa9bf70a420d364e923c74448d9d817d3f2a77822,0x538359785a8d5ab1a741a0ba94f26a800759d91d,2020-04-19 00:58:43+00:00,711007,5100000000,5346899,120042,0.0,47,,48,2,16,0.125,1,14,59,0.2372881355932203,1,0,70,3,0x2ed100b882f20e19e927358e15a5f1903f7cdf7ddd71eeb99c0a2c9eb88b46e4,16,1,14,1,0,55,15,7,5.0,3.0,1,3,0,-0.1622939370597093,-1.0114097635978254,-1.0194042180145353,-0.992634442967168,-0.3200384118685617,-0.3105076234464294,-0.4755913833995591,-1.4826781832224365,-0.3643647955756403,-0.4992240185284657,-0.4687181218123049,-0.9644459802593138,-0.986500449193415,-0.9873865184323732,-0.3041002313918943,-0.5410604196311946,-0.5516614090627904,0.0931650764546868,-0.5497128195968534,-0.2448023917310508,-0.8029550685469659,0.6002450479987806,0.7921785374512805,-0.5520093706452579,-0.2100130852050834,-0.9134383998375292,0.0,-0.3144497713023835,0.1428571428571428,1.0,16.0,0.0357142857142857,1.0,3.933333333333333,0.1971830985915492,0.2711864406779661,1.0,16.0,1.0,
0x0a89f4476cf5403fc4dc3f6500498c770a75795fe0756e5ab733c762bb50896b,2,0xa9bf70a420d364e923c74448d9d817d3f2a77822,0x538359785a8d5ab1a741a0ba94f26a800759d91d,2020-04-19 00:58:43+00:00,711007,5100000000,6427277,120042,0.0,56,,55,2,16,0.125,1,14,59,0.2372881355932203,1,0,70,4,0x0a89f4476cf5403fc4dc3f6500498c770a75795fe0756e5ab733c762bb50896b,16,1,14,1,0,55,15,7,5.0,3.0,1,3,0,-0.1622939370597093,-1.0114097635978254,-1.0194042180145353,-0.992634442967168,-0.3200384118685617,-0.3105076234464294,-0.4755913833995591,-1.426516130827647,-0.3643647955756403,-0.4992240185284657,-0.4687181218123049,-0.9644459802593138,-0.986500449193415,-0.9873865184323732,-0.3041002313918943,-0.5410604196311946,-0.5516614090627904,0.0931650764546868,-0.5497128195968534,-0.2448023917310508,-0.8029550685469659,0.6002450479987806,0.7921785374512805,-0.5520093706452579,0.2384247242390837,-0.9134383998375292,0.0,-0.309122441733153,0.1428571428571428,1.0,16.0,0.0357142857142857,1.0,3.933333333333333,0.1971830985915492,0.2711864406779661,1.0,16.0,1.0,
0xc41d35945fa32f27924f0a7d433275201eba05aad8617528571f0e0a1876bb57,2,0xa9bf70a420d364e923c74448d9d817d3f2a77822,0x538359785a8d5ab1a741a0ba94f26a800759d91d,2020-04-19 00:58:43+00:00,711007,5100000000,5827067,120042,0.0,51,,57,2,16,0.125,1,14,59,0.2372881355932203,1,0,70,5,0xc41d35945fa32f27924f0a7d433275201eba05aad8617528571f0e0a1876bb57,16,1,14,1,0,55,15,7,5.0,3.0,1,3,0,-0.1622939370597093,-1.0114097635978254,-1.0194042180145353,-0.992634442967168,-0.3200384118685617,-0.3105076234464294,-0.4755913833995591,-1.3703540784328578,-0.3643647955756403,-0.4992240185284657,-0.4687181218123049,-0.9644459802593138,-0.986500449193415,-0.9873865184323732,-0.3041002313918943,-0.5410604196311946,-0.5516614090627904,0.0931650764546868,-0.5497128195968534,-0.2448023917310508,-0.8029550685469659,0.6002450479987806,0.7921785374512805,-0.5520093706452579,-0.0107073921187868,-0.9134383998375292,0.0,-0.3120820692716144,0.1428571428571428,1.0,16.0,0.0357142857142857,1.0,3.933333333333333,0.1971830985915492,0.2711864406779661,1.0,16.0,1.0,
0xcb033ebf756a5256e9add490dc1a26ac0b07ce973a714d118fd51a5a01c0127a,2,0xa9bf70a420d364e923c74448d9d817d3f2a77822,0x538359785a8d5ab1a741a0ba94f26a800759d91d,2020-04-19 00:58:43+00:00,711007,5100000000,6067151,120042,0.0,53,,61,2,16,0.125,1,14,59,0.2372881355932203,1,0,70,6,0xcb033ebf756a5256e9add490dc1a26ac0b07ce973a714d118fd51a5a01c0127a,16,1,14,1,0,55,15,7,5.0,3.0,1,3,0,-0.1622939370597093,-1.0114097635978254,-1.0194042180145353,-0.992634442967168,-0.3200384118685617,-0.3105076234464294,-0.4755913833995591,-1.3141920260380686,-0.3643647955756403,-0.4992240185284657,-0.4687181218123049,-0.9644459802593138,-0.986500449193415,-0.9873865184323732,-0.3041002313918943,-0.5410604196311946,-0.5516614090627904,0.0931650764546868,-0.5497128195968534,-0.2448023917310508,-0.8029550685469659,0.6002450479987806,0.7921785374512805,-0.5520093706452579,0.0889454544243613,-0.9134383998375292,0.0,-0.3108982182562299,0.1428571428571428,1.0,16.0,0.0357142857142857,1.0,3.933333333333333,0.1971830985915492,0.2711864406779661,1.0,16.0,1.0,
0xfae5d4ca50a249ecf8bc0cb99bfadb0e86b4e32f541d13c4045ffc60225c6684,2,0xa9bf70a420d364e923c74448d9d817d3f2a77822,0x538359785a8d5ab1a741a0ba94f26a800759d91d,2020-04-19 00:58:43+00:00,711007,5100000000,5707025,120042,0.0,50,,58,2,16,0.125,1,14,59,0.2372881355932203,1,0,70,7,0xfae5d4ca50a249ecf8bc0cb99bfadb0e86b4e32f541d13c4045ffc60225c6684,16,1,14,1,0,55,15,7,5.0,3.0,1,3,0,-0.1622939370597093,-1.0114097635978254,-1.0194042180145353,-0.992634442967168,-0.3200384118685617,-0.3105076234464294,-0.4755913833995591,-1.2580299736432794,-0.3643647955756403,-0.4992240185284657,-0.4687181218123049,-0.9644459802593138,-0.986500449193415,-0.9873865184323732,-0.3041002313918943,-0.5410604196311946,-0.5516614090627904,0.0931650764546868,-0.5497128195968534,-0.2448023917310508,-0.8029550685469659,0.6002450479987806,0.7921785374512805,-0.5520093706452579,-0.060533815390361,-0.9134383998375292,0.0,-0.3126739947793067,0.1428571428571428,1.0,16.0,0.0357142857142857,1.0,3.933333333333333,0.1971830985915492,0.2711864406779661,1.0,16.0,1.0,
0x04615ba355742dd6b38572fac60831d527594c5c274810840aecedd02d78ebf1,2,0xa9bf70a420d364e923c74448d9d817d3f2a77822,0x538359785a8d5ab1a741a0ba94f26a800759d91d,2020-04-19 00:58:43+00:00,711007,5100000000,5466941,120042,0.0,48,,56,2,16,0.125,1,14,59,0.2372881355932203,1,0,70,8,0x04615ba355742dd6b38572fac60831d527594c5c274810840aecedd02d78ebf1,16,1,14,1,0,55,15,7,5.0,3.0,1,3,0,-0.1622939370597093,-1.0114097635978254,-1.0194042180145353,-0.992634442967168,-0.3200384118685617,-0.3105076234464294,-0.4755913833995591,-1.2018679212484902,-0.3643647955756403,-0.4992240185284657,-0.4687181218123049,-0.9644459802593138,-0.986500449193415,-0.9873865184323732,-0.3041002313918943,-0.5410604196311946,-0.5516614090627904,0.0931650764546868,-0.5497128195968534,-0.2448023917310508,-0.8029550685469659,0.6002450479987806,0.7921785374512805,-0.5520093706452579,-0.1601866619335092,-0.9134383998375292,0.0,-0.3138578457946913,0.1428571428571428,1.0,16.0,0.0357142857142857,1.0,3.933333333333333,0.1971830985915492,0.2711864406779661,1.0,16.0,1.0,
0x49d91692dfb152071d93d05dcff2d9b4dad0e163ce14f8e8b7ebeefb44d375c9,2,0xa9bf70a420d364e923c74448d9d817d3f2a77822,0x538359785a8d5ab1a741a0ba94f26a800759d91d,2020-04-19 00:58:43+00:00,711007,5100000000,5226857,120042,0.0,46,,50,2,16,0.125,1,14,59,0.2372881355932203,1,0,70,9,0x49d91692dfb152071d93d05dcff2d9b4dad0e163ce14f8e8b7ebeefb44d375c9,16,1,14,1,0,55,15,7,5.0,3.0,1,3,0,-0.1622939370597093,-1.0114097635978254,-1.0194042180145353,-0.992634442967168,-0.3200384118685617,-0.3105076234464294,-0.4755913833995591,-1.1457058688537007,-0.3643647955756403,-0.4992240185284657,-0.4687181218123049,-0.9644459802593138,-0.986500449193415,-0.9873865184323732,-0.3041002313918943,-0.5410604196311946,-0.5516614090627904,0.0931650764546868,-0.5497128195968534,-0.2448023917310508,-0.8029550685469659,0.6002450479987806,0.7921785374512805,-0.5520093706452579,-0.2598395084766575,-0.9134383998375292,0.0,-0.3150416968100758,0.1428571428571428,1.0,16.0,0.0357142857142857,1.0,3.933333333333333,0.1971830985915492,0.2711864406779661,1.0,16.0,1.0,
0x86fd87347e34d7dccb01620e52f157b19b48f9ff1ee31ff72fb553120df34c32,2,0xa9bf70a420d364e923c74448d9d817d3f2a77822,0x538359785a8d5ab1a741a0ba94f26a800759d91d,2020-04-19 00:58:43+00:00,711007,5100000000,6547319,120042,0.0,57,,60,2,16,0.125,1,14,59,0.2372881355932203,1,0,70,10,0x86fd87347e34d7dccb01620e52f157b19b48f9ff1ee31ff72fb553120df34c32,16,1,14,1,0,55,15,7,5.0,3.0,1,3,0,-0.1622939370597093,-1.0114097635978254,-1.0194042180145353,-0.992634442967168,-0.3200384118685617,-0.3105076234464294,-0.4755913833995591,-1.0895438164589115,-0.3643647955756403,-0.4992240185284657,-0.4687181218123049,-0.9644459802593138,-0.986500449193415,-0.9873865184323732,-0.3041002313918943,-0.5410604196311946,-0.5516614090627904,0.0931650764546868,-0.5497128195968534,-0.2448023917310508,-0.8029550685469659,0.6002450479987806,0.7921785374512805,-0.5520093706452579,0.2882511475106579,-0.9134383998375292,0.0,-0.3085305162254608,0.1428571428571428,1.0,16.0,0.0357142857142857,1.0,3.933333333333333,0.1971830985915492,0.2711864406779661,1.0,16.0,1.0,
0x778fa9e3c18e2436265726f875e83db7b0f08f366607bc692ded4df675154d6d,2,0xa9bf70a420d364e923c74448d9d817d3f2a77822,0x538359785a8d5ab1a741a0ba94f26a800759d91d,2020-04-19 00:58:43+00:00,711007,5100000000,5947109,120042,0.0,52,,49,2,16,0.125,1,14,59,0.2372881355932203,1,0,70,11,0x778fa9e3c18e2436265726f875e83db7b0f08f366607bc692ded4df675154d6d,16,1,14,1,0,55,15,7,5.0,3.0,1,3,0,-0.1622939370597093,-1.0114097635978254,-1.0194042180145353,-0.992634442967168,-0.3200384118685617,-0.3105076234464294,-0.4755913833995591,-1.0333817640641223,-0.3643647955756403,-0.4992240185284657,-0.4687181218123049,-0.9644459802593138,-0.986500449193415,-0.9873865184323732,-0.3041002313918943,-0.5410604196311946,-0.5516614090627904,0.0931650764546868,-0.5497128195968534,-0.2448023917310508,-0.8029550685469659,0.6002450479987806,0.7921785374512805,-0.5520093706452579,0.0391190311527872,-0.9134383998375292,0.0,-0.3114901437639222,0.1428571428571428,1.0,16.0,0.0357142857142857,1.0,3.933333333333333,0.1971830985915492,0.2711864406779661,1.0,16.0,1.0,
0xe49304cd3edccf32069dcbbb5df7ac3b8678daad34d0ad1927aa725a8966d52a,6,0xa9bf70a420d364e923c74448d9d817d3f2a77822,0x538359785a8d5ab1a741a0ba94f26a800759d91d,2020-04-19 00:58:43+00:00,711007,5100000000,4986773,601944,0.0,44,,51,2,16,0.125,1,14,59,0.2372881355932203,1,0,70,12,0xe49304cd3edccf32069dcbbb5df7ac3b8678daad34d0ad1927aa725a8966d52a,16,1,46,1,0,55,15,8,6.0,6.0,2,3,0,2.0917885221029224,-1.0114097635978254,-1.0194042180145353,-0.992634442967168,-0.3200384118685617,-0.3105076234464294,-0.4755913833995591,-0.9772197116693332,-0.3643647955756403,-0.4992240185284657,2.0145566957363306,-0.9644459802593138,-0.986500449193415,-0.9873865184323732,-0.3041002313918943,-0.5410604196311946,-0.5516614090627904,0.8210172362569269,-0.1006010388804699,1.6677162936677845,1.2453996981544782,0.6002450479987806,0.7921785374512805,-0.5520093706452579,-0.3594923550198058,2.3995799811846097,0.0,-0.3162255478254604,0.1304347826086956,1.0,16.0,0.0357142857142857,1.0,3.933333333333333,0.1971830985915492,0.2711864406779661,1.0,16.0,1.0,
0x8b4b793fee21c3598a364830ae83e91c0085a117154cc899c25ad6e585635882,2,0xa9bf70a420d364e923c74448d9d817d3f2a77822,0x538359785a8d5ab1a741a0ba94f26a800759d91d,2020-04-19 00:58:43+00:00,711007,5100000000,5586983,120042,0.0,49,,53,2,16,0.125,1,14,59,0.2372881355932203,1,0,70,13,0x8b4b793fee21c3598a364830ae83e91c0085a117154cc899c25ad6e585635882,16,1,14,1,0,55,15,7,5.0,3.0,1,3,0,-0.1622939370597093,-1.0114097635978254,-1.0194042180145353,-0.992634442967168,-0.3200384118685617,-0.3105076234464294,-0.4755913833995591,-0.9210576592745436,-0.3643647955756403,-0.4992240185284657,-0.4687181218123049,-0.9644459802593138,-0.986500449193415,-0.9873865184323732,-0.3041002313918943,-0.5410604196311946,-0.5516614090627904,0.0931650764546868,-0.5497128195968534,-0.2448023917310508,-0.8029550685469659,0.6002450479987806,0.7921785374512805,-0.5520093706452579,-0.1103602386619351,-0.9134383998375292,0.0,-0.313265920286999,0.1428571428571428,1.0,16.0,0.0357142857142857,1.0,3.933333333333333,0.1971830985915492,0.2711864406779661,1.0,16.0,1.0,
0x51faaf84128d11e116848a5fe84e7f0e976104e18d4ea89a3aa6220a78c171f7,2,0xa9bf70a420d364e923c74448d9d817d3f2a77822,0x538359785a8d5ab1a741a0ba94f26a800759d91d,2020-04-19 00:58:43+00:00,711007,5100000000,6187193,120042,0.0,54,,54,2,16,0.125,1,14,59,0.2372881355932203,1,0,70,14,0x51faaf84128d11e116848a5fe84e7f0e976104e18d4ea89a3aa6220a78c171f7,16,1,14,1,0,55,15,7,5.0,3.0,1,3,0,-0.1622939370597093,-1.0114097635978254,-1.0194042180145353,-0.992634442967168,-0.3200384118685617,-0.3105076234464294,-0.4755913833995591,-0.8648956068797545,-0.3643647955756403,-0.4992240185284657,-0.4687181218123049,-0.9644459802593138,-0.986500449193415,-0.9873865184323732,-0.3041002313918943,-0.5410604196311946,-0.5516614090627904,0.0931650764546868,-0.5497128195968534,-0.2448023917310508,-0.8029550685469659,0.6002450479987806,0.7921785374512805,-0.5520093706452579,0.1387718776959355,-0.9134383998375292,0.0,-0.3103062927485376,0.1428571428571428,1.0,16.0,0.0357142857142857,1.0,3.933333333333333,0.1971830985915492,0.2711864406779661,1.0,16.0,1.0,
0x91ed9995ab4a5f3aad065d9fae0df4f8f4238e242b58efb2280c4520347f424a,2,0xa9bf70a420d364e923c74448d9d817d3f2a77822,0x538359785a8d5ab1a741a0ba94f26a800759d91d,2020-04-19 00:58:55+00:00,711007,5100000000,9176417,120042,0.0,63,,44,3,23,0.1304347826086956,1,15,66,0.2272727272727272,1,0,72,15,0x91ed9995ab4a5f3aad065d9fae0df4f8f4238e242b58efb2280c4520347f424a,23,1,14,1,0,57,15,7,5.0,3.0,1,3,0,-0.1622939370597093,-1.0111832704316102,-1.017857306291608,-0.992634442967168,-0.3194229723208005,-0.3065721371055452,-0.4755913833995591,-0.8087335544849653,-0.3342960229519786,-0.4992240185284657,-0.4687181218123049,-0.9644459802593138,-0.986500449193415,-0.9873839895550156,-0.3041002313918943,-0.5410604196311946,-0.5516603169050657,0.0931650764546868,-0.5497128195968534,-0.2448023917310508,-0.8029550685469659,0.6002450479987806,0.7921785374512805,-0.5520093706452579,1.379523783508467,-0.9134383998375292,0.0,-0.3049789631793071,0.1428571428571428,1.0,23.0,0.0517241379310344,1.0,4.4,0.2054794520547945,0.3484848484848485,1.0,23.0,1.0,
0x17fd735814afaa6aa92b0fcd834ed694889034f13e2016fb39d81042b1dda59d,2,0xa9bf70a420d364e923c74448d9d817d3f2a77822,0x538359785a8d5ab1a741a0ba94f26a800759d91d,2020-04-19 00:58:55+00:00,711007,5100000000,9056375,120042,0.0,62,,45,3,23,0.1304347826086956,1,15,66,0.2272727272727272,1,0,72,16,0x17fd735814afaa6aa92b0fcd834ed694889034f13e2016fb39d81042b1dda59d,23,1,14,1,0,57,15,7,5.0,3.0,1,3,0,-0.1622939370597093,-1.0111832704316102,-1.017857306291608,-0.992634442967168,-0.3194229723208005,-0.3065721371055452,-0.4755913833995591,-0.752571502090176,-0.3342960229519786,-0.4992240185284657,-0.4687181218123049,-0.9644459802593138,-0.986500449193415,-0.9873839895550156,-0.3041002313918943,-0.5410604196311946,-0.5516603169050657,0.0931650764546868,-0.5497128195968534,-0.2448023917310508,-0.8029550685469659,0.6002450479987806,0.7921785374512805,-0.5520093706452579,1.3296973602368931,-0.9134383998375292,0.0,-0.3055708886869994,0.1428571428571428,1.0,23.0,0.0517241379310344,1.0,4.4,0.2054794520547945,0.3484848484848485,1.0,23.0,1.0,
0xae7d664bdfcc54220df4f18d339005c6faf6e62c9ca79c56387bc0389274363b,6,0xa9bf70a420d364e923c74448d9d817d3f2a77822,0x538359785a8d5ab1a741a0ba94f26a800759d91d,2020-04-19 00:58:55+00:00,711007,5100000000,8576207,515366,0.0,58,,41,3,23,0.1304347826086956,1,15,66,0.2272727272727272,1,0,72,17,0xae7d664bdfcc54220df4f18d339005c6faf6e62c9ca79c56387bc0389274363b,23,1,46,1,0,57,15,8,6.0,6.0,2,3,0,2.0917885221029224,-1.0111832704316102,-1.017857306291608,-0.992634442967168,-0.3194229723208005,-0.3065721371055452,-0.4755913833995591,-0.6964094496953868,-0.3342960229519786,-0.4992240185284657,2.0145566957363306,-0.9644459802593138,-0.986500449193415,-0.9873839895550156,-0.3041002313918943,-0.5410604196311946,-0.5516603169050657,0.8210172362569269,-0.1006010388804699,1.6677162936677845,1.2453996981544782,0.6002450479987806,0.7921785374512805,-0.5520093706452579,1.1303916671505965,1.8043666278635304,0.0,-0.3079385907177685,0.1304347826086956,1.0,23.0,0.0517241379310344,1.0,4.4,0.2054794520547945,0.3484848484848485,1.0,23.0,1.0,
0xba7307e509480e4e57062bad2aae0a539f815519fa4d6b82c1c587f1801d5971,2,0xa9bf70a420d364e923c74448d9d817d3f2a77822,0x538359785a8d5ab1a741a0ba94f26a800759d91d,2020-04-19 00:58:55+00:00,711007,5100000000,8816291,120042,0.0,60,,46,3,23,0.1304347826086956,1,15,66,0.2272727272727272,1,0,72,18,0xba7307e509480e4e57062bad2aae0a539f815519fa4d6b82c1c587f1801d5971,23,1,14,1,0,57,15,7,5.0,3.0,1,3,0,-0.1622939370597093,-1.0111832704316102,-1.017857306291608,-0.992634442967168,-0.3194229723208005,-0.3065721371055452,-0.4755913833995591,-0.6402473973005974,-0.3342960229519786,-0.4992240185284657,-0.4687181218123049,-0.9644459802593138,-0.986500449193415,-0.9873839895550156,-0.3041002313918943,-0.5410604196311946,-0.5516603169050657,0.0931650764546868,-0.5497128195968534,-0.2448023917310508,-0.8029550685469659,0.6002450479987806,0.7921785374512805,-0.5520093706452579,1.2300445136937448,-0.9134383998375292,0.0,-0.306754739702384,0.1428571428571428,1.0,23.0,0.0517241379310344,1.0,4.4,0.2054794520547945,0.3484848484848485,1.0,23.0,1.0,
0xa9c2f363e31efba9ba2056f2bdb9a867b05fd407ad2fe1a5cf70803db4f94732,2,0xa9bf70a420d364e923c74448d9d817d3f2a77822,0x538359785a8d5ab1a741a0ba94f26a800759d91d,2020-04-19 00:58:55+00:00,711007,5100000000,9296459,120042,0.0,64,,43,3,23,0.1304347826086956,1,15,66,0.2272727272727272,1,0,72,19,0xa9c2f363e31efba9ba2056f2bdb9a867b05fd407ad2fe1a5cf70803db4f94732,23,1,14,1,0,57,15,7,5.0,3.0,1,3,0,-0.1622939370597093,-1.0111832704316102,-1.017857306291608,-0.992634442967168,-0.3194229723208005,-0.3065721371055452,-0.4755913833995591,-0.5840853449058082,-0.3342960229519786,-0.4992240185284657,-0.4687181218123049,-0.9644459802593138,-0.986500449193415,-0.9873839895550156,-0.3041002313918943,-0.5410604196311946,-0.5516603169050657,0.0931650764546868,-0.5497128195968534,-0.2448023917310508,-0.8029550685469659,0.6002450479987806,0.7921785374512805,-0.5520093706452579,1.4293502067800412,-0.9134383998375292,0.0,-0.3043870376716148,0.1428571428571428,1.0,23.0,0.0517241379310344,1.0,4.4,0.2054794520547945,0.3484848484848485,1.0,23.0,1.0,
0xc705ab5016cc3ef4540fe8139ab640afb0499e5eec85a83107ccd2378c62d81e,2,0xa9bf70a420d364e923c74448d9d817d3f2a77822,0x538359785a8d5ab1a741a0ba94f26a800759d91d,2020-04-19 00:58:55+00:00,711007,5100000000,8936333,120042,0.0,61,,47,3,23,0.1304347826086956,1,15,66,0.2272727272727272,1,0,72,20,0xc705ab5016cc3ef4540fe8139ab640afb0499e5eec85a83107ccd2378c62d81e,23,1,14,1,0,57,15,7,5.0,3.0,1,3,0,-0.1622939370597093,-1.0111832704316102,-1.017857306291608,-0.992634442967168,-0.3194229723208005,-0.3065721371055452,-0.4755913833995591,-0.527923292511019,-0.3342960229519786,-0.4992240185284657,-0.4687181218123049,-0.9644459802593138,-0.986500449193415,-0.9873839895550156,-0.3041002313918943,-0.5410604196311946,-0.5516603169050657,0.0931650764546868,-0.5497128195968534,-0.2448023917310508,-0.8029550685469659,0.6002450479987806,0.7921785374512805,-0.5520093706452579,1.279870936965319,-0.9134383998375292,0.0,-0.3061628141946917,0.1428571428571428,1.0,23.0,0.0517241379310344,1.0,4.4,0.2054794520547945,0.3484848484848485,1.0,23.0,1.0,
0xc43b2844df46c5c71381908b42a9b7d4c3f16c01b19c83ff4724b914d34f3ce3,2,0xa9bf70a420d364e923c74448d9d817d3f2a77822,0x538359785a8d5ab1a741a0ba94f26a800759d91d,2020-04-19 00:58:55+00:00,711007,5100000000,8696249,120042,0.0,59,,42,3,23,0.1304347826086956,1,15,66,0.2272727272727272,1,0,72,21,0xc43b2844df46c5c71381908b42a9b7d4c3f16c01b19c83ff4724b914d34f3ce3,23,1,14,1,0,57,15,7,5.0,3.0,1,3,0,-0.1622939370597093,-1.0111832704316102,-1.017857306291608,-0.992634442967168,-0.3194229723208005,-0.3065721371055452,-0.4755913833995591,-0.4717612401162297,-0.3342960229519786,-0.4992240185284657,-0.4687181218123049,-0.9644459802593138,-0.986500449193415,-0.9873839895550156,-0.3041002313918943,-0.5410604196311946,-0.5516603169050657,0.0931650764546868,-0.5497128195968534,-0.2448023917310508,-0.8029550685469659,0.6002450479987806,0.7921785374512805,-0.5520093706452579,1.1802180904221706,-0.9134383998375292,0.0,-0.3073466652100762,0.1428571428571428,1.0,23.0,0.0517241379310344,1.0,4.4,0.2054794520547945,0.3484848484848485,1.0,23.0,1.0,
0xceaf9ab2c7df314babb3b1a7fcbb201483866568506b0c4e85fc53d0a2bda3a1,2,0xa9bf70a420d364e923c74448d9d817d3f2a77822,0x538359785a8d5ab1a741a0ba94f26a800759d91d,2020-04-19 00:59:19+00:00,711007,5100000000,9275347,120042,0.0,69,,39,4,29,0.1379310344827586,1,16,72,0.2222222222222222,1,0,73,22,0xceaf9ab2c7df314babb3b1a7fcbb201483866568506b0c4e85fc53d0a2bda3a1,29,1,14,1,0,58,15,7,5.0,3.0,1,3,0,-0.1622939370597093,-1.010956777265395,-1.01653138195767,-0.992634442967168,-0.3188075327730393,-0.303198863099073,-0.4755913833995591,-0.4155991877214404,-0.3085227892745542,-0.4992240185284657,-0.4687181218123049,-0.9644459802593138,-0.986500449193415,-0.9873827251163368,-0.3041002313918943,-0.5410604196311946,-0.5516597708262034,0.0931650764546868,-0.5497128195968534,-0.2448023917310508,-0.8029550685469659,0.6002450479987806,0.7921785374512805,-0.5520093706452579,1.4205871451173775,-0.9134383998375292,0.0,-0.3014274101331535,0.1428571428571428,1.0,29.0,0.0677966101694915,1.0,4.8,0.2162162162162162,0.4027777777777778,1.0,29.0,1.0,
0xa0e7c8e933be65854bee69df3816a07be37e108c43bbe7c7f2c3da01b79ad95e,6,0xa9bf70a420d364e923c74448d9d817d3f2a77822,0x538359785a8d5ab1a741a0ba94f26a800759d91d,2020-04-19 00:59:19+00:00,711007,5100000000,8795179,515366,0.0,65,,37,4,29,0.1379310344827586,1,16,72,0.2222222222222222,1,0,73,23,0xa0e7c8e933be65854bee69df3816a07be37e108c43bbe7c7f2c3da01b79ad95e,29,1,46,1,0,58,15,8,6.0,6.0,2,3,0,2.0917885221029224,-1.010956777265395,-1.01653138195767,-0.992634442967168,-0.3188075327730393,-0.303198863099073,-0.4755913833995591,-0.3594371353266511,-0.3085227892745542,-0.4992240185284657,2.0145566957363306,-0.9644459802593138,-0.986500449193415,-0.9873827251163368,-0.3041002313918943,-0.5410604196311946,-0.5516597708262034,0.8210172362569269,-0.1006010388804699,1.6677162936677845,1.2453996981544782,0.6002450479987806,0.7921785374512805,-0.5520093706452579,1.221281452031081,1.8043666278635304,0.0,-0.3037951121639226,0.1304347826086956,1.0,29.0,0.0677966101694915,1.0,4.8,0.2162162162162162,0.4027777777777778,1.0,29.0,1.0,
0x32a97e18268ccb73faf519ab29d78499c2010367c8730f02639f8b2a08879424,2,0xa9bf70a420d364e923c74448d9d817d3f2a77822,0x538359785a8d5ab1a741a0ba94f26a800759d91d,2020-04-19 00:59:19+00:00,711007,5100000000,8915221,120042,0.0,66,,40,4,29,0.1379310344827586,1,16,72,0.2222222222222222,1,0,73,24,0x32a97e18268ccb73faf519ab29d78499c2010367c8730f02639f8b2a08879424,29,1,14,1,0,58,15,7,5.0,3.0,1,3,0,-0.1622939370597093,-1.010956777265395,-1.01653138195767,-0.992634442967168,-0.3188075327730393,-0.303198863099073,-0.4755913833995591,-0.3032750829318619,-0.3085227892745542,-0.4992240185284657,-0.4687181218123049,-0.9644459802593138,-0.986500449193415,-0.9873827251163368,-0.3041002313918943,-0.5410604196311946,-0.5516597708262034,0.0931650764546868,-0.5497128195968534,-0.2448023917310508,-0.8029550685469659,0.6002450479987806,0.7921785374512805,-0.5520093706452579,1.2711078753026552,-0.9134383998375292,0.0,-0.3032031866562303,0.1428571428571428,1.0,29.0,0.0677966101694915,1.0,4.8,0.2162162162162162,0.4027777777777778,1.0,29.0,1.0,
0xe8cf50f2103ae27456faa2004b1052b22dc85ff6b40e68aba105125b69ffc659,2,0xa9bf70a420d364e923c74448d9d817d3f2a77822,0x538359785a8d5ab1a741a0ba94f26a800759d91d,2020-04-19 00:59:19+00:00,711007,5100000000,9035263,120042,0.0,67,,36,4,29,0.1379310344827586,1,16,72,0.2222222222222222,1,0,73,25,0xe8cf50f2103ae27456faa2004b1052b22dc85ff6b40e68aba105125b69ffc659,29,1,14,1,0,58,15,7,5.0,3.0,1,3,0,-0.1622939370597093,-1.010956777265395,-1.01653138195767,-0.992634442967168,-0.3188075327730393,-0.303198863099073,-0.4755913833995591,-0.2471130305370726,-0.3085227892745542,-0.4992240185284657,-0.4687181218123049,-0.9644459802593138,-0.986500449193415,-0.9873827251163368,-0.3041002313918943,-0.5410604196311946,-0.5516597708262034,0.0931650764546868,-0.5497128195968534,-0.2448023917310508,-0.8029550685469659,0.6002450479987806,0.7921785374512805,-0.5520093706452579,1.3209342985742294,-0.9134383998375292,0.0,-0.302611261148538,0.1428571428571428,1.0,29.0,0.0677966101694915,1.0,4.8,0.2162162162162162,0.4027777777777778,1.0,29.0,1.0,
0x08324e9b26f599989dd4555f639bc43be17722d1d882784fe3601455ca2be114,2,0xa9bf70a420d364e923c74448d9d817d3f2a77822,0x538359785a8d5ab1a741a0ba94f26a800759d91d,2020-04-19 00:59:19+00:00,711007,5100000000,9395389,120042,0.0,70,,38,4,29,0.1379310344827586,1,16,72,0.2222222222222222,1,0,73,26,0x08324e9b26f599989dd4555f639bc43be17722d1d882784fe3601455ca2be114,29,1,14,1,0,58,15,7,5.0,3.0,1,3,0,-0.1622939370597093,-1.010956777265395,-1.01653138195767,-0.992634442967168,-0.3188075327730393,-0.303198863099073,-0.4755913833995591,-0.1909509781422834,-0.3085227892745542,-0.4992240185284657,-0.4687181218123049,-0.9644459802593138,-0.986500449193415,-0.9873827251163368,-0.3041002313918943,-0.5410604196311946,-0.5516597708262034,0.0931650764546868,-0.5497128195968534,-0.2448023917310508,-0.8029550685469659,0.6002450479987806,0.7921785374512805,-0.5520093706452579,1.4704135683889517,-0.9134383998375292,0.0,-0.3008354846254612,0.1428571428571428,1.0,29.0,0.0677966101694915,1.0,4.8,0.2162162162162162,0.4027777777777778,1.0,29.0,1.0,
0x5eb00c61e63ddc16f354d178f28413641eafd6ccb7970d6cb21801a8af3fc0ff,2,0xa9bf70a420d364e923c74448d9d817d3f2a77822,0x538359785a8d5ab1a741a0ba94f26a800759d91d,2020-04-19 00:59:19+00:00,711007,5100000000,9155305,120042,0.0,68,,35,4,29,0.1379310344827586,1,16,72,0.2222222222222222,1,0,73,27,0x5eb00c61e63ddc16f354d178f28413641eafd6ccb7970d6cb21801a8af3fc0ff,29,1,14,1,0,58,15,7,5.0,3.0,1,3,0,-0.1622939370597093,-1.010956777265395,-1.01653138195767,-0.992634442967168,-0.3188075327730393,-0.303198863099073,-0.4755913833995591,-0.1347889257474941,-0.3085227892745542,-0.4992240185284657,-0.4687181218123049,-0.9644459802593138,-0.986500449193415,-0.9873827251163368,-0.3041002313918943,-0.5410604196311946,-0.5516597708262034,0.0931650764546868,-0.5497128195968534,-0.2448023917310508,-0.8029550685469659,0.6002450479987806,0.7921785374512805,-0.5520093706452579,1.3707607218458036,-0.9134383998375292,0.0,-0.3020193356408457,0.1428571428571428,1.0,29.0,0.0677966101694915,1.0,4.8,0.2162162162162162,0.4027777777777778,1.0,29.0,1.0,
0xc906fc184c6fd453b01d3bc04612cf90e8d339edfe1611e25baa47eb6e9ec080,1,0xa9bf70a420d364e923c74448d9d817d3f2a77822,0x538359785a8d5ab1a741a0ba94f26a800759d91d,2020-04-19 00:59:52+00:00,911007,5100000000,4610869,151738,0.0,74,,31,5,39,0.1282051282051282,1,17,82,0.2073170731707317,1,0,74,28,0xc906fc184c6fd453b01d3bc04612cf90e8d339edfe1611e25baa47eb6e9ec080,39,1,12,1,0,59,15,8,3.0,5.0,1,2,0,-0.7258145518503674,-1.0107302840991794,-1.0143215080677737,-0.992634442967168,-0.3181920932252782,-0.2975767397549527,-0.4755913833995591,-0.0786268733527048,-0.2655673998121803,-0.4992240185284657,-0.6239227979090946,-0.9644459802593138,-0.986500449193415,-0.987381460677658,-0.3041002313918943,-0.5410604196311946,-0.5516592247473411,0.8210172362569269,-1.4479363810296202,1.0302100652015058,-0.8029550685469659,-1.5434872662825805,1.659057452711998,-0.5520093706452579,-0.5155206768861343,-0.6955322060369687,0.0,-0.2984677825946921,0.0833333333333333,1.0,39.0,0.0833333333333333,1.0,5.466666666666667,0.2266666666666666,0.4756097560975609,1.0,39.0,1.0,
0xe956ad7069be89a1c2e09f77b091e84613908b7f1dc03209158a3ad1a4c39f3f,1,0xa9bf70a420d364e923c74448d9d817d3f2a77822,0x538359785a8d5ab1a741a0ba94f26a800759d91d,2020-04-19 00:59:52+00:00,911007,5100000000,5437866,137980,0.0,80,,32,5,39,0.1282051282051282,1,17,82,0.2073170731707317,1,0,74,29,0xe956ad7069be89a1c2e09f77b091e84613908b7f1dc03209158a3ad1a4c39f3f,39,1,8,1,0,59,15,7,2.0,3.0,1,2,0,-0.7258145518503674,-1.0107302840991794,-1.0143215080677737,-0.992634442967168,-0.3181920932252782,-0.2975767397549527,-0.4755913833995591,-0.0224648209579156,-0.2655673998121803,-0.4992240185284657,-0.934332150102674,-0.9644459802593138,-0.986500449193415,-0.987381460677658,-0.3041002313918943,-0.5410604196311946,-0.5516592247473411,0.0931650764546868,-1.8970481617460035,-0.2448023917310508,-0.8029550685469659,-1.5434872662825805,1.659057452711998,-0.5520093706452579,-0.1722549651658864,-0.7901168039139284,0.0,-0.2949162295485384,0.125,1.0,39.0,0.0833333333333333,1.0,5.466666666666667,0.2266666666666666,0.4756097560975609,1.0,39.0,1.0,
0xabf74df8f968fd5b0453970c6a20819e689f5a5afe9cf7fd6349d65749a7550d,2,0xa9bf70a420d364e923c74448d9d817d3f2a77822,0x538359785a8d5ab1a741a0ba94f26a800759d91d,2020-04-19 00:59:52+00:00,711007,5100000000,4459131,120042,0.0,73,,33,5,39,0.1282051282051282,1,17,82,0.2073170731707317,1,0,74,30,0xabf74df8f968fd5b0453970c6a20819e689f5a5afe9cf7fd6349d65749a7550d,39,1,14,1,0,59,15,7,5.0,3.0,1,3,0,-0.1622939370597093,-1.0107302840991794,-1.0143215080677737,-0.992634442967168,-0.3181920932252782,-0.2975767397549527,-0.4755913833995591,0.0336972314368736,-0.2655673998121803,-0.4992240185284657,-0.4687181218123049,-0.9644459802593138,-0.986500449193415,-0.987381460677658,-0.3041002313918943,-0.5410604196311946,-0.5516592247473411,0.0931650764546868,-0.5497128195968534,-0.2448023917310508,-0.8029550685469659,0.6002450479987806,0.7921785374512805,-0.5520093706452579,-0.5785033147493998,-0.9134383998375292,0.0,-0.2990597081023843,0.1428571428571428,1.0,39.0,0.0833333333333333,1.0,5.466666666666667,0.2266666666666666,0.4756097560975609,1.0,39.0,1.0,
0x0aaa75795e9a1573dcb77d512e9267aeb3066c75d695bd804f841b7c7b73472b,2,0xa9bf70a420d364e923c74448d9d817d3f2a77822,0x538359785a8d5ab1a741a0ba94f26a800759d91d,2020-04-19 00:59:52+00:00,711007,5100000000,4339089,120042,0.0,72,,28,5,39,0.1282051282051282,1,17,82,0.2073170731707317,1,0,74,31,0x0aaa75795e9a1573dcb77d512e9267aeb3066c75d695bd804f841b7c7b73472b,39,1,14,1,0,59,15,7,5.0,3.0,1,3,0,-0.1622939370597093,-1.0107302840991794,-1.0143215080677737,-0.992634442967168,-0.3181920932252782,-0.2975767397549527,-0.4755913833995591,0.0898592838316628,-0.2655673998121803,-0.4992240185284657,-0.4687181218123049,-0.9644459802593138,-0.986500449193415,-0.987381460677658,-0.3041002313918943,-0.5410604196311946,-0.5516592247473411,0.0931650764546868,-0.5497128195968534,-0.2448023917310508,-0.8029550685469659,0.6002450479987806,0.7921785374512805,-0.5520093706452579,-0.6283297380209739,-0.9134383998375292,0.0,-0.2996516336100766,0.1428571428571428,1.0,39.0,0.0833333333333333,1.0,5.466666666666667,0.2266666666666666,0.4756097560975609,1.0,39.0,1.0,
0xf95b93aa813b4ec4a8ae7d0002d99f581609da22f272b9ee1f89ab8c9b1d1660,1,0xa9bf70a420d364e923c74448d9d817d3f2a77822,0x538359785a8d5ab1a741a0ba94f26a800759d91d,2020-04-19 00:59:52+00:00,911007,5100000000,5299886,137280,0.0,79,,29,5,39,0.1282051282051282,1,17,82,0.2073170731707317,1,0,74,32,0xf95b93aa813b4ec4a8ae7d0002d99f581609da22f272b9ee1f89ab8c9b1d1660,39,1,8,1,0,59,15,7,2.0,3.0,1,2,0,-0.7258145518503674,-1.0107302840991794,-1.0143215080677737,-0.992634442967168,-0.3181920932252782,-0.2975767397549527,-0.4755913833995591,0.1460213362264521,-0.2655673998121803,-0.4992240185284657,-0.934332150102674,-0.9644459802593138,-0.986500449193415,-0.987381460677658,-0.3041002313918943,-0.5410604196311946,-0.5516592247473411,0.0931650764546868,-1.8970481617460035,-0.2448023917310508,-0.8029550685469659,-1.5434872662825805,1.659057452711998,-0.5520093706452579,-0.2295270023113171,-0.7949292198547534,0.0,-0.2955081550562307,0.125,1.0,39.0,0.0833333333333333,1.0,5.466666666666667,0.2266666666666666,0.4756097560975609,1.0,39.0,1.0,
0xf18d8ce80cf6e8e457fd09f57bd13fc9c7c174744684a1bedf60ac80bbb32b53,1,0xa9bf70a420d364e923c74448d9d817d3f2a77822,0x538359785a8d5ab1a741a0ba94f26a800759d91d,2020-04-19 00:59:52+00:00,911007,5100000000,5162606,138042,0.0,78,,27,5,39,0.1282051282051282,1,17,82,0.2073170731707317,1,0,74,33,0xf18d8ce80cf6e8e457fd09f57bd13fc9c7c174744684a1bedf60ac80bbb32b53,39,1,8,1,0,59,15,7,2.0,3.0,1,2,0,-0.7258145518503674,-1.0107302840991794,-1.0143215080677737,-0.992634442967168,-0.3181920932252782,-0.2975767397549527,-0.4755913833995591,0.2021833886212414,-0.2655673998121803,-0.4992240185284657,-0.934332150102674,-0.9644459802593138,-0.986500449193415,-0.987381460677658,-0.3041002313918943,-0.5410604196311946,-0.5516592247473411,0.0931650764546868,-1.8970481617460035,-0.2448023917310508,-0.8029550685469659,-1.5434872662825805,1.659057452711998,-0.5520093706452579,-0.2865084870143519,-0.7896905613591695,0.0,-0.296100080563923,0.125,1.0,39.0,0.0833333333333333,1.0,5.466666666666667,0.2266666666666666,0.4756097560975609,1.0,39.0,1.0,
0xd762114e97f5c685b0407f371f6bde0425cb1e545c140164027809e9423576ab,1,0xa9bf70a420d364e923c74448d9d817d3f2a77822,0x538359785a8d5ab1a741a0ba94f26a800759d91d,2020-04-19 00:59:52+00:00,911007,5100000000,4886544,134969,0.0,76,,34,5,39,0.1282051282051282,1,17,82,0.2073170731707317,1,0,74,34,0xd762114e97f5c685b0407f371f6bde0425cb1e545c140164027809e9423576ab,39,1,7,1,0,59,15,6,2.0,3.0,1,2,0,-0.7258145518503674,-1.0107302840991794,-1.0143215080677737,-0.992634442967168,-0.3181920932252782,-0.2975767397549527,-0.4755913833995591,0.2583454410160307,-0.2655673998121803,-0.4992240185284657,-1.0119344881510688,-0.9644459802593138,-0.986500449193415,-0.987381460677658,-0.3041002313918943,-0.5410604196311946,-0.5516592247473411,-0.6346870833475533,-1.8970481617460035,-0.2448023917310508,-0.8029550685469659,-1.5434872662825805,1.659057452711998,-0.5520093706452579,-0.4010948989468197,-0.8108170673393917,0.0,-0.2972839315793075,0.1428571428571428,1.0,39.0,0.0833333333333333,1.0,5.466666666666667,0.2266666666666666,0.4756097560975609,1.0,39.0,1.0,
0xaad4ad00ff0a93af4692214b5e4710f12cdfd550f93085a6a22a35f09ee76e2f,1,0xa9bf70a420d364e923c74448d9d817d3f2a77822,0x538359785a8d5ab1a741a0ba94f26a800759d91d,2020-04-19 00:59:52+00:00,911007,5100000000,4751575,140706,0.0,75,,30,5,39,0.1282051282051282,1,17,82,0.2073170731707317,1,0,74,35,0xaad4ad00ff0a93af4692214b5e4710f12cdfd550f93085a6a22a35f09ee76e2f,39,1,9,1,0,59,15,8,2.0,3.0,1,2,0,-0.7258145518503674,-1.0107302840991794,-1.0143215080677737,-0.992634442967168,-0.3181920932252782,-0.2975767397549527,-0.4755913833995591,0.3145074934108199,-0.2655673998121803,-0.4992240185284657,-0.8567298120542791,-0.9644459802593138,-0.986500449193415,-0.987381460677658,-0.3041002313918943,-0.5410604196311946,-0.5516592247473411,0.8210172362569269,-1.8970481617460035,-0.2448023917310508,-0.8029550685469659,-1.5434872662825805,1.659057452711998,-0.5520093706452579,-0.4571171455150299,-0.7713758812643723,0.0,-0.2978758570869998,0.1111111111111111,1.0,39.0,0.0833333333333333,1.0,5.466666666666667,0.2266666666666666,0.4756097560975609,1.0,39.0,1.0,
0xf8ed32d4a4aad0b5bb150f7a0d6e95b5d264d6da6c167029a20c098a90ff39b4,6,0xa9bf70a420d364e923c74448d9d817d3f2a77822,0x538359785a8d5ab1a741a0ba94f26a800759d91d,2020-04-19 00:59:52+00:00,711007,5100000000,4219047,515366,0.0,71,,25,5,39,0.1282051282051282,1,17,82,0.2073170731707317,1,0,74,36,0xf8ed32d4a4aad0b5bb150f7a0d6e95b5d264d6da6c167029a20c098a90ff39b4,39,1,46,1,0,59,15,8,6.0,6.0,2,3,0,2.0917885221029224,-1.0107302840991794,-1.0143215080677737,-0.992634442967168,-0.3181920932252782,-0.2975767397549527,-0.4755913833995591,0.3706695458056092,-0.2655673998121803,-0.4992240185284657,2.0145566957363306,-0.9644459802593138,-0.986500449193415,-0.987381460677658,-0.3041002313918943,-0.5410604196311946,-0.5516592247473411,0.8210172362569269,-0.1006010388804699,1.6677162936677845,1.2453996981544782,0.6002450479987806,0.7921785374512805,-0.5520093706452579,-0.6781561612925481,1.8043666278635304,0.0,-0.3002435591177689,0.1304347826086956,1.0,39.0,0.0833333333333333,1.0,5.466666666666667,0.2266666666666666,0.4756097560975609,1.0,39.0,1.0,
0xb2f4190412d0a049c46bc067031c917687b6040bc1f3841a2c0edac05b67de0f,1,0xa9bf70a420d364e923c74448d9d817d3f2a77822,0x538359785a8d5ab1a741a0ba94f26a800759d91d,2020-04-19 00:59:52+00:00,911007,5100000000,5024564,138020,0.0,77,,26,5,39,0.1282051282051282,1,17,82,0.2073170731707317,1,0,74,37,0xb2f4190412d0a049c46bc067031c917687b6040bc1f3841a2c0edac05b67de0f,39,1,8,1,0,59,15,7,2.0,3.0,1,2,0,-0.7258145518503674,-1.0107302840991794,-1.0143215080677737,-0.992634442967168,-0.3181920932252782,-0.2975767397549527,-0.4755913833995591,0.4268315982003984,-0.2655673998121803,-0.4992240185284657,-0.934332150102674,-0.9644459802593138,-0.986500449193415,-0.987381460677658,-0.3041002313918943,-0.5410604196311946,-0.5516592247473411,0.0931650764546868,-1.8970481617460035,-0.2448023917310508,-0.8029550685469659,-1.5434872662825805,1.659057452711998,-0.5520093706452579,-0.3438062588046806,-0.7898418087173098,0.0,-0.2966920060716153,0.125,1.0,39.0,0.0833333333333333,1.0,5.466666666666667,0.2266666666666666,0.4756097560975609,1.0,39.0,1.0,
0xa9a33e92bceb647de46c61d0308cb233b0f71406ba4968513889a2594ef8e033,1,0xa9bf70a420d364e923c74448d9d817d3f2a77822,0x538359785a8d5ab1a741a0ba94f26a800759d91d,2020-04-19 00:59:58+00:00,911007,5100000000,2237453,140336,0.0,81,,23,6,44,0.1363636363636363,1,18,87,0.2068965517241379,1,0,75,38,0xa9a33e92bceb647de46c61d0308cb233b0f71406ba4968513889a2594ef8e033,44,1,7,1,0,60,15,6,2.0,3.0,1,2,0,-0.7258145518503674,-1.0105037909329642,-1.0132165711228254,-0.992634442967168,-0.3175766536775171,-0.2947656780828925,-0.4755913833995591,0.4829936505951877,-0.2440897050809934,-0.4992240185284657,-1.0119344881510688,-0.9644459802593138,-0.986500449193415,-0.9873801962389792,-0.3041002313918943,-0.5410604196311946,-0.5516586786684787,-0.6346870833475533,-1.8970481617460035,-0.2448023917310508,-0.8029550685469659,-1.5434872662825805,1.659057452711998,-0.5520093706452579,-1.5006661277743767,-0.7739195868330941,0.0,-0.2943243040408461,0.1428571428571428,1.0,44.0,0.0983606557377049,1.0,5.8,0.2368421052631578,0.5057471264367817,1.0,44.0,1.0,
0x8626ed5e54b8b0ec03223d757d7070d9c2ac7fe52e5e7b8dad764fb5ef0b3feb,1,0xa9bf70a420d364e923c74448d9d817d3f2a77822,0x538359785a8d5ab1a741a0ba94f26a800759d91d,2020-04-19 00:59:58+00:00,911007,5100000000,2372442,134989,0.0,82,,24,6,44,0.1363636363636363,1,18,87,0.2068965517241379,1,0,75,39,0x8626ed5e54b8b0ec03223d757d7070d9c2ac7fe52e5e7b8dad764fb5ef0b3feb,44,1,7,1,0,60,15,6,2.0,3.0,1,2,0,-0.7258145518503674,-1.0105037909329642,-1.0132165711228254,-0.992634442967168,-0.3175766536775171,-0.2947656780828925,-0.4755913833995591,0.539155702989977,-0.2440897050809934,-0.4992240185284657,-1.0119344881510688,-0.9644459802593138,-0.986500449193415,-0.9873801962389792,-0.3041002313918943,-0.5410604196311946,-0.5516586786684787,-0.6346870833475533,-1.8970481617460035,-0.2448023917310508,-0.8029550685469659,-1.5434872662825805,1.659057452711998,-0.5520093706452579,-1.4446355797078123,-0.8106795697410825,0.0,-0.2937323785331538,0.1428571428571428,1.0,44.0,0.0983606557377049,1.0,5.8,0.2368421052631578,0.5057471264367817,1.0,44.0,1.0,
0x4e44d83d9a0f4de9c3f17248eacb78c4e2011e9a900d8da9ef54b1efd83ed661,1,0xa9bf70a420d364e923c74448d9d817d3f2a77822,0x538359785a8d5ab1a741a0ba94f26a800759d91d,2020-04-19 00:59:58+00:00,911007,5100000000,2642581,134939,0.0,84,,21,6,44,0.1363636363636363,1,18,87,0.2068965517241379,1,0,75,40,0x4e44d83d9a0f4de9c3f17248eacb78c4e2011e9a900d8da9ef54b1efd83ed661,44,1,7,1,0,60,15,6,2.0,3.0,1,2,0,-0.7258145518503674,-1.0105037909329642,-1.0132165711228254,-0.992634442967168,-0.3175766536775171,-0.2947656780828925,-0.4755913833995591,0.5953177553847663,-0.2440897050809934,-0.4992240185284657,-1.0119344881510688,-0.9644459802593138,-0.986500449193415,-0.9873801962389792,-0.3041002313918943,-0.5410604196311946,-0.5516586786684787,-0.6346870833475533,-1.8970481617460035,-0.2448023917310508,-0.8029550685469659,-1.5434872662825805,1.659057452711998,-0.5520093706452579,-1.3325076565129326,-0.8110233137368557,0.0,-0.2925485275177693,0.1428571428571428,1.0,44.0,0.0983606557377049,1.0,5.8,0.2368421052631578,0.5057471264367817,1.0,44.0,1.0,
0x7e011528c21223d84861526e7a5f028c0f4efa7021c5791974da047413a03c2b,1,0xa9bf70a420d364e923c74448d9d817d3f2a77822,0x538359785a8d5ab1a741a0ba94f26a800759d91d,2020-04-19 00:59:58+00:00,911007,5100000000,2507642,135200,0.0,83,,22,6,44,0.1363636363636363,1,18,87,0.2068965517241379,1,0,75,41,0x7e011528c21223d84861526e7a5f028c0f4efa7021c5791974da047413a03c2b,44,1,7,1,0,60,15,6,2.0,3.0,1,2,0,-0.7258145518503674,-1.0105037909329642,-1.0132165711228254,-0.992634442967168,-0.3175766536775171,-0.2947656780828925,-0.4755913833995591,0.6514798077795555,-0.2440897050809934,-0.4992240185284657,-1.0119344881510688,-0.9644459802593138,-0.986500449193415,-0.9873801962389792,-0.3041002313918943,-0.5410604196311946,-0.5516586786684787,-0.6346870833475533,-1.8970481617460035,-0.2448023917310508,-0.8029550685469659,-1.5434872662825805,1.659057452711998,-0.5520093706452579,-1.388517450833611,-0.8092289700789195,0.0,-0.2931404530254616,0.1428571428571428,1.0,44.0,0.0983606557377049,1.0,5.8,0.2368421052631578,0.5057471264367817,1.0,44.0,1.0,
0x2703e317c1e36fc1b557a545f837ab94370c7483f4ded038d606998d041c2841,6,0xa9bf70a420d364e923c74448d9d817d3f2a77822,0x538359785a8d5ab1a741a0ba94f26a800759d91d,2020-04-19 01:02:11+00:00,711007,5100000000,8774266,515366,0.0,86,,20,7,45,0.1555555555555555,1,19,88,0.2159090909090909,1,0,83,42,0x2703e317c1e36fc1b557a545f837ab94370c7483f4ded038d606998d041c2841,45,1,46,1,0,68,15,8,6.0,6.0,2,3,0,2.0917885221029224,-1.010277297766749,-1.0129955837338358,-0.992634442967168,-0.3169612141297559,-0.2942034657484804,-0.4755913833995591,0.7076418601743447,-0.239794166134756,-0.4992240185284657,2.0145566957363306,-0.9644459802593138,-0.986500449193415,-0.987370080729549,-0.3041002313918943,-0.5410604196311946,-0.5516543100375801,0.8210172362569269,-0.1006010388804699,1.6677162936677845,1.2453996981544782,0.6002450479987806,0.7921785374512805,-0.5520093706452579,1.2126009902770414,1.8043666278635304,0.0,-0.2913646765023848,0.1304347826086956,1.0,45.0,0.1014492753623188,1.0,5.866666666666666,0.2261904761904762,0.5113636363636364,1.0,45.0,1.0,
0xa82a40fed5a9a86f0bec707f67158372746236dd6e28ae5bff3bdb7ad4812ead,6,0xa9bf70a420d364e923c74448d9d817d3f2a77822,0x538359785a8d5ab1a741a0ba94f26a800759d91d,2020-04-19 01:03:36+00:00,711007,7100000000,2120188,515366,0.0,87,,19,8,46,0.1739130434782608,1,20,89,0.2247191011235955,1,0,86,43,0xa82a40fed5a9a86f0bec707f67158372746236dd6e28ae5bff3bdb7ad4812ead,46,1,46,1,0,71,15,8,6.0,6.0,2,3,0,2.0917885221029224,-1.0100508046005336,-1.012774596344846,-0.992634442967168,-0.3163457745819947,-0.2936412534140684,-0.4755913833995591,0.763803912569134,-0.2354986271885186,-0.4992240185284657,2.0145566957363306,-0.9644459802593138,-0.986500449193415,-0.9873662874135128,-0.3041002313918943,-0.5410604196311946,-0.5516526718009931,0.8210172362569269,-0.1006010388804699,1.6677162936677845,1.2453996981544782,0.6002450479987806,0.7921785374512805,-0.0610463446582778,-1.5493398879994742,1.8043666278635304,0.0,-0.2907727509946925,0.1304347826086956,1.0,46.0,0.1111111111111111,1.0,5.933333333333334,0.2298850574712643,0.5168539325842697,1.0,46.0,1.0,
0x0c33bdc97780e0895034b8582663ffadf01d205ce9318e72d18225fe87953386,6,0xa9bf70a420d364e923c74448d9d817d3f2a77822,0x538359785a8d5ab1a741a0ba94f26a800759d91d,2020-04-19 01:05:01+00:00,711007,7100000000,8797035,515366,0.0,88,,18,9,47,0.1914893617021276,1,21,90,0.2333333333333333,1,0,91,44,0x0c33bdc97780e0895034b8582663ffadf01d205ce9318e72d18225fe87953386,47,1,46,1,0,76,15,8,6.0,6.0,2,3,0,2.0917885221029224,-1.0098243114343182,-1.0125536089558564,-0.992634442967168,-0.3157303350342336,-0.2930790410796564,-0.4755913833995591,0.8199659649639233,-0.2312030882422812,-0.4992240185284657,2.0145566957363306,-0.9644459802593138,-0.986500449193415,-0.9873599652201188,-0.3041002313918943,-0.5410604196311946,-0.5516499414066814,0.8210172362569269,-0.1006010388804699,1.6677162936677845,1.2453996981544782,0.6002450479987806,0.7921785374512805,-0.0610463446582778,1.222051831078348,1.8043666278635304,0.0,-0.2901808254870002,0.1304347826086956,1.0,47.0,0.1168831168831168,1.0,6.0,0.2282608695652173,0.5222222222222223,1.0,47.0,1.0,
0x41d6132f50de432e340e4023db35f8e51757d47dd6249ba5ca997bacfc8e1982,6,0xa9bf70a420d364e923c74448d9d817d3f2a77822,0x538359785a8d5ab1a741a0ba94f26a800759d91d,2020-04-19 01:06:07+00:00,711007,7100000000,8204334,515366,0.0,89,,17,10,48,0.2083333333333333,1,22,91,0.2417582417582417,1,0,95,45,0x41d6132f50de432e340e4023db35f8e51757d47dd6249ba5ca997bacfc8e1982,48,1,46,1,0,80,15,8,6.0,6.0,2,3,0,2.0917885221029224,-1.009597818268103,-1.0123326215668669,-0.992634442967168,-0.3151148954864725,-0.2925168287452444,-0.4755913833995591,0.8761280173587125,-0.2269075492960438,-0.4992240185284657,2.0145566957363306,-0.9644459802593138,-0.986500449193415,-0.9873549074654038,-0.3041002313918943,-0.5410604196311946,-0.5516477570912321,0.8210172362569269,-0.1006010388804699,1.6677162936677845,1.2453996981544782,0.6002450479987806,0.7921785374512805,-0.0610463446582778,0.9760365122775512,1.8043666278635304,0.0,-0.2895888999793079,0.1304347826086956,1.0,48.0,0.1234567901234567,1.0,6.066666666666666,0.2291666666666666,0.5274725274725275,1.0,48.0,1.0,
0xdea21a0671215ed5ff32a2f8e0451747aa40ef9bcd1706797793cd80e4401849,6,0xa9bf70a420d364e923c74448d9d817d3f2a77822,0x538359785a8d5ab1a741a0ba94f26a800759d91d,2020-04-19 01:06:32+00:00,711007,7100000000,5541857,515366,0.0,90,,16,11,49,0.2244897959183673,1,23,92,0.25,1,0,97,46,0xdea21a0671215ed5ff32a2f8e0451747aa40ef9bcd1706797793cd80e4401849,49,1,46,1,0,82,15,8,6.0,6.0,2,3,0,2.0917885221029224,-1.0093713251018877,-1.012111634177877,-0.992634442967168,-0.3144994559387113,-0.2919546164108323,-0.4755913833995591,0.9322900697535018,-0.2226120103498064,-0.4992240185284657,2.0145566957363306,-0.9644459802593138,-0.986500449193415,-0.9873523785880464,-0.3041002313918943,-0.5410604196311946,-0.5516466649335076,0.8210172362569269,-0.1006010388804699,1.6677162936677845,1.2453996981544782,0.6002450479987806,0.7921785374512805,-0.0610463446582778,-0.1290909093984528,1.8043666278635304,0.0,-0.2889969744716156,0.1304347826086956,1.0,49.0,0.1325301204819277,1.0,6.133333333333334,0.2346938775510204,0.532608695652174,1.0,49.0,1.0,
0x05ba86eccc13d27923b48ce9ca894a0de9795dd9ea8e2d3d4612af305796291c,6,0xa9bf70a420d364e923c74448d9d817d3f2a77822,0x538359785a8d5ab1a741a0ba94f26a800759d91d,2020-04-19 01:07:29+00:00,711007,7100000000,3659333,515366,0.0,91,,15,12,50,0.24,1,24,93,0.2580645161290322,1,0,100,47,0x05ba86eccc13d27923b48ce9ca894a0de9795dd9ea8e2d3d4612af305796291c,50,1,46,1,0,85,15,8,6.0,6.0,2,3,0,2.0917885221029224,-1.0091448319356722,-1.0118906467888875,-0.992634442967168,-0.3138840163909502,-0.2913924040764202,-0.4755913833995591,0.988452122148291,-0.218316471403569,-0.4992240185284657,2.0145566957363306,-0.9644459802593138,-0.986500449193415,-0.98734858527201,-0.3041002313918943,-0.5410604196311946,-0.5516450266969205,0.8210172362569269,-0.1006010388804699,1.6677162936677845,1.2453996981544782,0.6002450479987806,0.7921785374512805,-0.0610463446582778,-0.9104794037828918,1.8043666278635304,0.0,-0.2884050489639234,0.1304347826086956,1.0,50.0,0.1395348837209302,1.0,6.2,0.2376237623762376,0.5376344086021505,1.0,50.0,1.0,
0xb7ad7379238c5ec79ba454e585b4a0fa61b6b317ab40b10c4fc3649fdff18296,2,0xa9bf70a420d364e923c74448d9d817d3f2a77822,0x538359785a8d5ab1a741a0ba94f26a800759d91d,2020-04-19 01:07:54+00:00,711007,7100000000,9119456,120042,0.0,93,,14,13,52,0.25,1,25,95,0.2631578947368421,1,0,103,48,0xb7ad7379238c5ec79ba454e585b4a0fa61b6b317ab40b10c4fc3649fdff18296,52,1,14,1,0,88,15,7,5.0,3.0,1,3,0,-0.1622939370597093,-1.008918338769457,-1.0114486720109082,-0.992634442967168,-0.313268576843189,-0.2902679794075962,-0.4755913833995591,1.0446141745430804,-0.2097253935110942,-0.4992240185284657,-0.4687181218123049,-0.9644459802593138,-0.986500449193415,-0.9873447919559736,-0.3041002313918943,-0.5410604196311946,-0.5516433884603336,0.0931650764546868,-0.5497128195968534,-0.2448023917310508,-0.8029550685469659,0.6002450479987806,0.7921785374512805,-0.0610463446582778,1.3558807011208684,-0.9134383998375292,0.0,-0.2872211979485388,0.1428571428571428,1.0,52.0,0.146067415730337,1.0,6.333333333333333,0.2403846153846154,0.5473684210526316,1.0,52.0,1.0,
0x2a301869d85f56b3fba0be9df944fed56f55174a54d67968643324c17104660c,6,0xa9bf70a420d364e923c74448d9d817d3f2a77822,0x538359785a8d5ab1a741a0ba94f26a800759d91d,2020-04-19 01:07:54+00:00,711007,7100000000,8999414,515366,0.0,92,,13,13,52,0.25,1,25,95,0.2631578947368421,1,0,103,49,0x2a301869d85f56b3fba0be9df944fed56f55174a54d67968643324c17104660c,52,1,46,1,0,88,15,8,6.0,6.0,2,3,0,2.0917885221029224,-1.008918338769457,-1.0114486720109082,-0.992634442967168,-0.313268576843189,-0.2902679794075962,-0.4755913833995591,1.1007762269378696,-0.2097253935110942,-0.4992240185284657,2.0145566957363306,-0.9644459802593138,-0.986500449193415,-0.9873447919559736,-0.3041002313918943,-0.5410604196311946,-0.5516433884603336,0.8210172362569269,-0.1006010388804699,1.6677162936677845,1.2453996981544782,0.6002450479987806,0.7921785374512805,-0.0610463446582778,1.3060542778492945,1.8043666278635304,0.0,-0.2878131234562311,0.1304347826086956,1.0,52.0,0.146067415730337,1.0,6.333333333333333,0.2403846153846154,0.5473684210526316,1.0,52.0,1.0,
0x642941bd365c42846255548d53f95e9730f9c79fd342fa0ceeaaee0e9d9562f9,6,0xa9bf70a420d364e923c74448d9d817d3f2a77822,0x538359785a8d5ab1a741a0ba94f26a800759d91d,2020-04-19 01:09:02+00:00,711007,7100000000,2257850,519556,0.0,94,,11,14,53,0.2641509433962264,1,26,96,0.2708333333333333,1,0,107,50,0x642941bd365c42846255548d53f95e9730f9c79fd342fa0ceeaaee0e9d9562f9,53,1,46,1,0,92,15,8,6.0,6.0,2,3,0,2.0917885221029224,-1.0086918456032417,-1.0112276846219186,-0.992634442967168,-0.3126531372954279,-0.2897057670731842,-0.4755913833995591,1.1569382793326588,-0.2054298545648568,-0.4992240185284657,2.0145566957363306,-0.9644459802593138,-0.986500449193415,-0.9873397342012584,-0.3041002313918943,-0.5410604196311946,-0.5516412041448843,0.8210172362569269,-0.1006010388804699,1.6677162936677845,1.2453996981544782,0.6002450479987806,0.7921785374512805,-0.0610463446582778,-1.4921998446778746,1.8331723747093265,0.0,-0.2866292724408465,0.1304347826086956,1.0,53.0,0.1505376344086021,1.0,6.4,0.2407407407407407,0.5520833333333334,1.0,53.0,1.0,
0x2edd834bbf800767bb8feeebb98647de0bd60dd2bc9c776b400f8ae91fa13a59,6,0xa9bf70a420d364e923c74448d9d817d3f2a77822,0x538359785a8d5ab1a741a0ba94f26a800759d91d,2020-04-19 01:09:04+00:00,711007,7100000000,8542290,515366,0.0,95,,10,15,54,0.2777777777777778,1,27,97,0.2783505154639175,1,0,108,51,0x2edd834bbf800767bb8feeebb98647de0bd60dd2bc9c776b400f8ae91fa13a59,54,1,46,1,0,93,15,8,6.0,6.0,2,3,0,2.0917885221029224,-1.0084653524370264,-1.011006697232929,-0.992634442967168,-0.3120376977476667,-0.2891435547387721,-0.4755913833995591,1.213100331727448,-0.2011343156186195,-0.4992240185284657,2.0145566957363306,-0.9644459802593138,-0.986500449193415,-0.9873384697625796,-0.3041002313918943,-0.5410604196311946,-0.5516406580660219,0.8210172362569269,-0.1006010388804699,1.6677162936677845,1.2453996981544782,0.6002450479987806,0.7921785374512805,-0.0610463446582778,1.1163135711666743,1.8043666278635304,0.0,-0.2860373469331543,0.1304347826086956,1.0,54.0,0.1595744680851064,1.0,6.466666666666667,0.2477064220183486,0.5567010309278351,1.0,54.0,1.0,
0x04f68573cc61d97da2ce9f92c9838e31f5319a268c5ec616407b2a641a5532c9,6,0xa9bf70a420d364e923c74448d9d817d3f2a77822,0x538359785a8d5ab1a741a0ba94f26a800759d91d,2020-04-19 01:09:33+00:00,711007,7100000000,3734158,515366,0.0,96,,9,16,55,0.2909090909090909,1,28,98,0.2857142857142857,1,0,109,52,0x04f68573cc61d97da2ce9f92c9838e31f5319a268c5ec616407b2a641a5532c9,55,1,46,1,0,94,15,8,6.0,6.0,2,3,0,2.0917885221029224,-1.008238859270811,-1.0107857098439392,-0.992634442967168,-0.3114222581999056,-0.2885813424043601,-0.4755913833995591,1.2692623841222372,-0.1968387766723821,-0.4992240185284657,2.0145566957363306,-0.9644459802593138,-0.986500449193415,-0.9873372053239008,-0.3041002313918943,-0.5410604196311946,-0.5516401119871596,0.8210172362569269,-0.1006010388804699,1.6677162936677845,1.2453996981544782,0.6002450479987806,0.7921785374512805,-0.0610463446582778,-0.8794214230653469,1.8043666278635304,0.0,-0.285445421425462,0.1304347826086956,1.0,55.0,0.1684210526315789,1.0,6.533333333333333,0.2545454545454545,0.5612244897959183,1.0,55.0,1.0,
0xa8f7a6fb5513c25809b042158e74719f860889a26915595756b40f0ddde0d4f3,6,0xa9bf70a420d364e923c74448d9d817d3f2a77822,0x538359785a8d5ab1a741a0ba94f26a800759d91d,2020-04-19 01:09:59+00:00,711007,7100000000,1128959,515366,0.0,97,,8,17,56,0.3035714285714285,1,29,99,0.2929292929292929,1,0,112,53,0xa8f7a6fb5513c25809b042158e74719f860889a26915595756b40f0ddde0d4f3,56,1,46,1,0,97,15,8,6.0,6.0,2,3,0,2.0917885221029224,-1.0080123661045957,-1.0105647224549497,-0.992634442967168,-0.3108068186521444,-0.288019130069948,-0.4755913833995591,1.325424436517027,-0.1925432377261447,-0.4992240185284657,2.0145566957363306,-0.9644459802593138,-0.986500449193415,-0.9873334120078646,-0.3041002313918943,-0.5410604196311946,-0.5516384737505726,0.8210172362569269,-0.1006010388804699,1.6677162936677845,1.2453996981544782,0.6002450479987806,0.7921785374512805,-0.0610463446582778,-1.9607741836048385,1.8043666278635304,0.0,-0.2848534959177697,0.1304347826086956,1.0,56.0,0.173469387755102,1.0,6.6,0.2566371681415929,0.5656565656565656,1.0,56.0,1.0,
0xadf2b50fc73aa31ba1f5771561b1d878a51e0a97d4cdd9d9de09d1757383cd48,6,0xa9bf70a420d364e923c74448d9d817d3f2a77822,0x538359785a8d5ab1a741a0ba94f26a800759d91d,2020-04-19 01:10:39+00:00,711007,5999000000,3415643,515366,0.0,98,,7,18,57,0.3157894736842105,1,30,100,0.3,1,0,116,54,0xadf2b50fc73aa31ba1f5771561b1d878a51e0a97d4cdd9d9de09d1757383cd48,57,1,46,1,0,101,15,8,6.0,6.0,2,3,0,2.0917885221029224,-1.0077858729383804,-1.01034373506596,-0.992634442967168,-0.3101913791043832,-0.287456917735536,-0.4755913833995591,1.381586488911816,-0.1882476987799073,-0.4992240185284657,2.0145566957363306,-0.9644459802593138,-0.986500449193415,-0.9873283542531496,-0.3041002313918943,-0.5410604196311946,-0.5516362894351233,0.8210172362569269,-0.1006010388804699,1.6677162936677845,1.2453996981544782,0.6002450479987806,0.7921785374512805,-0.3313214904641103,-1.011629010479297,1.8043666278635304,0.0,-0.2842615704100774,0.1304347826086956,1.0,57.0,0.1764705882352941,1.0,6.666666666666667,0.2564102564102564,0.57,1.0,57.0,1.0,
0xb33dfb687093e625eb21dcc6bef179e47c75c554b933552398ff65df4260a5b2,6,0xa9bf70a420d364e923c74448d9d817d3f2a77822,0x538359785a8d5ab1a741a0ba94f26a800759d91d,2020-04-19 01:11:29+00:00,711007,5999000000,8761887,515366,0.0,99,,6,19,58,0.3275862068965517,1,31,101,0.3069306930693069,1,0,119,55,0xb33dfb687093e625eb21dcc6bef179e47c75c554b933552398ff65df4260a5b2,58,1,46,1,0,104,15,8,6.0,6.0,2,3,0,2.0917885221029224,-1.0075593797721651,-1.0101227476769703,-0.992634442967168,-0.3095759395566221,-0.286894705401124,-0.4755913833995591,1.4377485413066051,-0.1839521598336699,-0.4992240185284657,2.0145566957363306,-0.9644459802593138,-0.986500449193415,-0.9873245609371132,-0.3041002313918943,-0.5410604196311946,-0.5516346511985363,0.8210172362569269,-0.1006010388804699,1.6677162936677845,1.2453996981544782,0.6002450479987806,0.7921785374512805,-0.3313214904641103,1.2074627778707268,1.8043666278635304,0.0,-0.2836696449023851,0.1304347826086956,1.0,58.0,0.1809523809523809,1.0,6.733333333333333,0.2583333333333333,0.5742574257425742,1.0,58.0,1.0,
0x63c723d75840348dc637c15622bdcdbf6252103bf400b9a31f1b270480d49e77,6,0xa9bf70a420d364e923c74448d9d817d3f2a77822,0x538359785a8d5ab1a741a0ba94f26a800759d91d,2020-04-19 01:11:46+00:00,711007,5999000000,7220200,515366,0.0,100,,5,20,59,0.3389830508474576,1,32,102,0.3137254901960784,1,0,120,56,0x63c723d75840348dc637c15622bdcdbf6252103bf400b9a31f1b270480d49e77,59,1,46,1,0,105,15,8,6.0,6.0,2,3,0,2.0917885221029224,-1.0073328866059497,-1.0099017602879807,-0.992634442967168,-0.308960500008861,-0.2863324930667119,-0.4755913833995591,1.4939105937013943,-0.1796566208874325,-0.4992240185284657,2.0145566957363306,-0.9644459802593138,-0.986500449193415,-0.9873232964984344,-0.3041002313918943,-0.5410604196311946,-0.5516341051196739,0.8210172362569269,-0.1006010388804699,1.6677162936677845,1.2453996981544782,0.6002450479987806,0.7921785374512805,-0.3313214904641103,0.5675471732133293,1.8043666278635304,0.0,-0.2830777193946929,0.1304347826086956,1.0,59.0,0.1886792452830188,1.0,6.8,0.2644628099173554,0.5784313725490197,1.0,59.0,1.0,
0xc2295bca60cf373b78ba3460140d98744c7eb33d8f7c073e1cf35866752f68a3,6,0xa9bf70a420d364e923c74448d9d817d3f2a77822,0x538359785a8d5ab1a741a0ba94f26a800759d91d,2020-04-19 01:12:21+00:00,711007,6222000000,1155156,515366,0.0,101,,4,21,60,0.35,1,33,103,0.3203883495145631,1,0,122,57,0xc2295bca60cf373b78ba3460140d98744c7eb33d8f7c073e1cf35866752f68a3,60,1,46,1,0,107,15,8,6.0,6.0,2,3,0,2.0917885221029224,-1.0071063934397344,-1.0096807728989912,-0.992634442967168,-0.3083450604610998,-0.2857702807322999,-0.4755913833995591,1.5500726460961836,-0.1753610819411951,-0.4992240185284657,2.0145566957363306,-0.9644459802593138,-0.986500449193415,-0.9873207676210768,-0.3041002313918943,-0.5410604196311946,-0.5516330129619493,0.8210172362569269,-0.1006010388804699,1.6677162936677845,1.2453996981544782,0.6002450479987806,0.7921785374512805,-0.2765791130665621,-1.9499004659856267,1.8043666278635304,0.0,-0.2824857938870006,0.1304347826086956,1.0,60.0,0.1944444444444444,1.0,6.866666666666666,0.2682926829268293,0.5825242718446602,1.0,60.0,1.0,
0xb777490daf5e40e56b3d31dc05798a709a52b89aabb7057c083ece7ca3d4dfc5,6,0xa9bf70a420d364e923c74448d9d817d3f2a77822,0x538359785a8d5ab1a741a0ba94f26a800759d91d,2020-04-19 01:12:32+00:00,711007,6222000000,7806932,515366,0.0,102,,3,22,61,0.360655737704918,1,34,104,0.3269230769230769,1,0,123,58,0xb777490daf5e40e56b3d31dc05798a709a52b89aabb7057c083ece7ca3d4dfc5,61,1,46,1,0,108,15,8,6.0,6.0,2,3,0,2.0917885221029224,-1.0068799002735191,-1.0094597855100016,-0.992634442967168,-0.3077296209133386,-0.2852080683978878,-0.4755913833995591,1.606234698490973,-0.1710655429949577,-0.4992240185284657,2.0145566957363306,-0.9644459802593138,-0.986500449193415,-0.987319503182398,-0.3041002313918943,-0.5410604196311946,-0.551632466883087,0.8210172362569269,-0.1006010388804699,1.6677162936677845,1.2453996981544782,0.6002450479987806,0.7921785374512805,-0.2765791130665621,0.8110849098303237,1.8043666278635304,0.0,-0.2818938683793083,0.1304347826086956,1.0,61.0,0.2018348623853211,1.0,6.933333333333334,0.2741935483870967,0.5865384615384616,1.0,61.0,1.0,
0x111aef012df47efb97202d0a60780ec082125639936dcbd56b27551ce05c4214,6,0xa9bf70a420d364e923c74448d9d817d3f2a77822,0x538359785a8d5ab1a741a0ba94f26a800759d91d,2020-04-19 01:12:53+00:00,711007,6222000000,2769355,515366,0.0,103,,2,23,62,0.3709677419354839,1,35,105,0.3333333333333333,1,0,124,59,0x111aef012df47efb97202d0a60780ec082125639936dcbd56b27551ce05c4214,62,1,46,1,0,109,15,8,6.0,6.0,2,3,0,2.0917885221029224,-1.0066534071073037,-1.0092387981210118,-0.992634442967168,-0.3071141813655775,-0.2846458560634758,-0.4755913833995591,1.6623967508857622,-0.1667700040487204,-0.4992240185284657,2.0145566957363306,-0.9644459802593138,-0.986500449193415,-0.9873182387437192,-0.3041002313918943,-0.5410604196311946,-0.5516319208042246,0.8210172362569269,-0.1006010388804699,1.6677162936677845,1.2453996981544782,0.6002450479987806,0.7921785374512805,-0.2765791130665621,-1.2798869488953442,1.8043666278635304,0.0,-0.2813019428716161,0.1304347826086956,1.0,62.0,0.209090909090909,1.0,7.0,0.28,0.5904761904761905,1.0,62.0,1.0,
0xced7ca813081fb594181469001a6aff629c5874bd672cca44075d3ec768db664,6,0xa9bf70a420d364e923c74448d9d817d3f2a77822,0x538359785a8d5ab1a741a0ba94f26a800759d91d,2020-04-19 01:13:06+00:00,711007,6222000000,8281467,515356,0.0,104,,1,24,63,0.3809523809523809,1,36,106,0.3396226415094339,1,0,125,60,0xced7ca813081fb594181469001a6aff629c5874bd672cca44075d3ec768db664,63,1,46,1,0,110,15,8,6.0,6.0,2,3,1,2.0917885221029224,-1.0064269139410884,-1.0090178107320222,-0.992634442967168,-0.3064987418178164,-0.2840836437290638,-0.4755913833995591,1.7185588032805514,-0.162474465102483,-0.4992240185284657,2.0145566957363306,-0.9644459802593138,-0.986500449193415,-0.9873169743050404,-0.3041002313918943,-0.5410604196311946,-0.5516313747253624,0.8210172362569269,-0.1006010388804699,1.6677162936677845,1.2453996981544782,0.6002450479987806,0.7921785374512805,-0.2765791130665621,1.0080524859051676,1.804297879064376,0.0,-0.2807100173639238,0.1304347826086956,1.0,63.0,0.2162162162162162,1.0,7.066666666666666,0.2857142857142857,0.5943396226415094,1.0,63.0,1.0,
0x1089d8214c9cb9c50b9f4da3868eb5febf6bbc95ed9a258c233ed3c23a4b299f,1,0x1188fe2f85796cfe8f6b8a35d14d53f4d57500d5,0x847f5abba6a36c727ecff76784ee3648ba868808,2020-04-18 07:09:33+00:00,348365,2200000000,9827163,276471,0.0,1342,,125,3452,4027,0.8572138068040726,47,1211,1345,0.900371747211896,84,92,598347,1,0x1089d8214c9cb9c50b9f4da3868eb5febf6bbc95ed9a258c233ed3c23a4b299f,97,39,17,26,46,297802,3,11,6.0,6.0,2,3,0,-0.7258145518503674,-0.2300083401549795,-0.1330238007770915,-0.5306263446134999,0.4166427268015337,0.4124974386074479,0.627283136665355,-1.595002288012015,-0.0164261409304117,1.4654106857053473,-0.2359111076671202,-0.9160952617379554,-0.6227465962459905,-0.6109036951434593,-0.4789374667647733,-0.2438596732728291,-0.2249549855459385,3.004573715663647,-0.1006010388804699,1.6677162936677845,1.2453996981544782,0.6002450479987806,-0.779654980488605,-1.2639057583263789,1.649632125907659,0.1619921904586558,0.0,0.4520937611591148,0.0588235294117647,1.0,154.8846153846154,0.0115915554913818,0.9032258064516128,448.3333333333333,0.0020239058206929,0.0721189591078066,0.0240874099826173,2.4871794871794872,0.8297872340425532,
0xf8b59f8485cd79e6d4060147d0d4c2b36fa08a29d8b490a936e56ea5c55ce56e,2,0x7ad9fcf31704eebf72b01564939b40d73ec3a5f7,0x847f5abba6a36c727ecff76784ee3648ba868808,2020-04-18 10:08:36+00:00,250086,5500000000,2792690,182642,0.0,853,,118,3463,4041,0.8569660975006187,47,719,856,0.8399532710280374,89,148,916562,2,0xf8b59f8485cd79e6d4060147d0d4c2b36fa08a29d8b490a936e56ea5c55ce56e,252,45,18,26,46,298599,3,10,6.0,6.0,2,3,0,-0.1622939370597093,-0.227516915326611,-0.1299299773312365,-0.5306263446134999,0.1138464693030484,0.1375756070799626,0.6937213607656509,-1.5388402356172255,0.6493823957363835,1.7756161653212124,-0.1583087696187254,-0.9160952617379554,-0.6227465962459905,-0.6098959375164765,-0.4789374667647733,-0.0629548711416502,-0.0511845003703175,2.276721555861407,-0.1006010388804699,1.6677162936677845,1.2453996981544782,0.6002450479987806,-1.2056349450531454,-0.4538167654478618,-1.2702011756906142,-0.483070917129456,0.0,0.1626421878975915,0.1111111111111111,1.0,155.42307692307693,0.0115974547890154,0.5973154362416108,285.3333333333333,0.0007844523507931,0.2943925233644859,0.0623608017817371,5.6,0.9574468085106383,
0x98621f90807ff96c100981d4a86380033a16199cc05f9de3459edefbe7b6541f,1,0x63dd381f97482dcd2412f5d9814cb96ef8058108,0x847f5abba6a36c727ecff76784ee3648ba868808,2020-04-18 14:31:49+00:00,371278,11000000000,5452999,298342,0.0,683,,98,3480,4062,0.8567208271787297,47,572,686,0.8338192419825073,90,95,619407,3,0x98621f90807ff96c100981d4a86380033a16199cc05f9de3459edefbe7b6541f,280,45,22,26,46,299738,2,12,7.0,7.0,2,3,0,-0.7258145518503674,-0.2236665315009506,-0.1252892421624541,-0.5306263446134999,0.0233768557821595,0.0419995102299166,0.7070090055857102,-1.4826781832224365,0.7696574862310304,1.7756161653212124,0.1521005825748539,-0.9160952617379554,-0.6227465962459905,-0.608455741861353,-0.4935072363791799,-0.2341683445872303,-0.2134545647053164,3.732425875465888,0.3485107418359134,2.3052225221340628,1.2453996981544782,0.6002450479987806,-0.680340997561761,0.8963315560163332,-0.1659736364362024,0.3123526890897783,0.0,0.0620148515899044,0.0454545454545454,1.0,156.23076923076923,0.0116101007876852,0.9375,343.0,0.0009234624028104,0.4081632653061224,0.068931560807484,6.222222222222222,0.9574468085106383,
0x1d04235e8fa6c18351416dd76b20e902fd1c1fbcf77f08bff93029dec02cad4d,2,0xd8e0e707e5bde9e2c8e3f39e40ec1e066f1341af,0x847f5abba6a36c727ecff76784ee3648ba868808,2020-04-18 16:50:34+00:00,267619,5500000000,4982252,214450,0.0,545,,89,3492,4074,0.8571428571428571,47,491,548,0.8959854014598541,86,92,600088,4,0x1d04235e8fa6c18351416dd76b20e902fd1c1fbcf77f08bff93029dec02cad4d,272,45,23,26,46,300371,2,11,6.0,7.0,2,3,0,-0.1622939370597093,-0.2209486135063668,-0.1226373934945784,-0.5306263446134999,-0.0264737475864935,-0.0355857919189442,0.6538584263054734,-1.426516130827647,0.7352931746611312,1.7756161653212124,0.2297029206232488,-0.9160952617379554,-0.6227465962459905,-0.6076553521776891,-0.4935072363791799,-0.2438596732728291,-0.2240042622466259,3.004573715663647,-0.1006010388804699,2.3052225221340628,1.2453996981544782,0.6002450479987806,-1.1296400049468145,-0.4538167654478618,-0.3613689087227663,-0.2643947367783634,0.0,-0.0196708684716297,0.0869565217391304,1.0,156.69230769230768,0.0116255842754983,0.9247311827956988,274.0,0.0008182119652251,0.4963503649635036,0.0667648502700049,6.044444444444444,0.9574468085106383,
0x27752d0243149be028d31372e5c0ca9f046c208afcce26048136cbe5da8d87d5,1,0xd8e0e707e5bde9e2c8e3f39e40ec1e066f1341af,0x847f5abba6a36c727ecff76784ee3648ba868808,2020-04-19 00:39:54+00:00,413452,2420000000,5360116,336810,0.0,547,,62,3501,4084,0.8572477962781586,48,493,550,0.8963636363636364,87,93,602153,5,0x27752d0243149be028d31372e5c0ca9f046c208afcce26048136cbe5da8d87d5,274,46,34,26,47,302436,2,13,7.0,8.0,2,3,0,-0.7258145518503674,-0.2189101750104289,-0.120427519604682,-0.5205826903014635,-0.0252428684909712,-0.0344613672501201,0.6671460711255326,-1.3703540784328578,0.743884252553606,1.8273170785905235,1.0833286391555923,-0.9160952617379554,-0.6148389037906118,-0.6050442863060208,-0.4935072363791799,-0.2406292303776295,-0.2228766093959192,4.460278035268128,0.3485107418359134,2.942728750600341,1.2453996981544782,0.6002450479987806,-0.4975422407007335,-1.209899825467811,-0.204527040017729,0.576815569677864,0.0,-0.0184870174562451,0.0294117647058823,1.0,157.07692307692307,0.0115759645810532,0.925531914893617,275.0,0.0008187274351743,0.4981818181818181,0.0670910871694417,5.956521739130435,0.9583333333333334,
0xd4fafa1261f6e4f9c8543228a67caf9d02811e4ad3058a2714323964a8db61f6,12,0x0348d20b74ddc0ac9bfc3626e06d30bb6fac213b,0xed42cb11b9d03c807ed1ba9c2ed1d3ba5bf37340,2022-12-29 05:02:23+00:00,622123,20000000000,587426,368666,0.0,1,0,1,1,1,1.0,1,2,2,1.0,1,0,14,1,0xd4fafa1261f6e4f9c8543228a67caf9d02811e4ad3058a2714323964a8db61f6,1,1,38,1,0,0,1,7,11.0,6.0,4,4,1,2.903534985211506,-10.055451146628553,-10.060660715108051,-10.899753784527771,-1.2405930596311774,-1.2464584603185365,-1.5678802402572505,-1.6913967034830142,-0.7381154126217778,-0.6568747996741708,1.6060020349905924,-10.315463795045767,-11.026806511480038,-11.022405431957557,-1.139169433420286,-1.5586953019198584,-1.6086631179604312,1.1324434937515404,0.3186198775891376,6.6111111111111125,5.643988032862856,0.9962810411535766,0.7263768598938442,0.8526129959796181,-1.7144765718641264,0.2020753705039812,-0.5986444,-1.2039973044527912,0.3157894736842105,1.0,1.0,1.0,1.0,2.0,0.1333333333333333,0.5,1.0,1.0,1.0,
0xaf72a8acc6f00bc018d85ee7b203a43b51e7d3cb552c7ccfe2bef2854c82e95c,1,0x6e09f230d90dad2bbf4bd5f96fdf93fee27aa8ca,0xf2919d1d80aff2940274014bef534f7791906ff2,2022-12-23 04:39:35+00:00,152086,11443778527,18606399,142486,1618123000000000.0,681,2,125,771,783,0.9846743295019156,106,686,699,0.9814020028612304,207,519,3370770,1,0xaf72a8acc6f00bc018d85ee7b203a43b51e7d3cb552c7ccfe2bef2854c82e95c,6,2,3,224,157,1075350,299,4,2.0,1.0,1,2,0,-0.2954719095527734,-0.6628949044481218,-0.6583988010412984,-0.1280296355987003,-0.1192908206520909,-0.1490021335884144,0.1940520363694492,-1.6913967034830142,-0.2962359749890085,0.057119547797754,-0.4857689989730401,-0.5860345033458019,-0.0581270149117499,-0.0966934502112914,0.667073336549733,-0.474294683023871,-0.4770751218247331,-0.22866647469983,-0.4472932896924432,-0.3333333333333333,-0.3348128494071184,-0.1841467327250685,-0.409736966682774,-0.5663604315359434,1.9523619872557203,-0.3884870557049996,-0.5294781,-0.0887233252621975,0.3333333333333333,0.6708860759493671,3.4955357142857144,0.0007169752015853,0.398076923076923,2.337792642140468,0.0002035142701773,0.0085836909871244,0.0076628352490421,3.0,0.0188679245283018,
0xdfec0b530584b05db5de4d517ce772eae4b4837a8c50dc924bc63fb46b6c0b67,1,0x6e09f230d90dad2bbf4bd5f96fdf93fee27aa8ca,0xf2919d1d80aff2940274014bef534f7791906ff2,2022-12-23 04:42:23+00:00,141792,11598507037,8650687,132192,1618123000000000.0,682,2,124,772,784,0.9846938775510204,106,687,700,0.9814285714285714,207,519,3370784,2,0xdfec0b530584b05db5de4d517ce772eae4b4837a8c50dc924bc63fb46b6c0b67,7,2,3,224,157,1075364,299,4,2.0,1.0,1,2,0,-0.2954719095527734,-0.6506967794582771,-0.646375448210011,-0.1280296355987003,-0.1176514898933495,-0.1474275907954013,0.1940520363694492,-1.6636725246296995,-0.2078600874624547,0.057119547797754,-0.4857689989730401,-0.5860345033458019,-0.0581270149117499,-0.0965512081805624,0.667073336549733,-0.474294683023871,-0.4770704219200394,-0.22866647469983,-0.4472932896924432,-0.3333333333333333,-0.3348128494071184,-0.1841467327250685,-0.4346183180035843,-0.5407000807769191,-0.0736130028334577,-0.4153649830875943,-0.5294781,-0.0870832164692702,0.3333333333333333,0.6708860759493671,3.5,0.0007178957842221,0.398076923076923,2.34113712374582,0.0002038100917145,0.01,0.0089285714285714,3.5,0.0188679245283018,
0xac81937d0c547d04110f02a09aaf057813b509a20ae4ef7c550d83f7515bf04a,3,0x6e09f230d90dad2bbf4bd5f96fdf93fee27aa8ca,0xf2919d1d80aff2940274014bef534f7791906ff2,2022-12-23 04:44:47+00:00,105967,11861394355,8301088,101167,3236246000000000.0,683,2,123,773,785,0.9847133757961783,106,688,701,0.9814550641940084,207,519,3370796,3,0xac81937d0c547d04110f02a09aaf057813b509a20ae4ef7c550d83f7515bf04a,8,2,6,224,157,1075376,299,4,3.0,2.0,2,2,0,0.2861657076770955,-0.6384986544684325,-0.6343520953787236,-0.1280296355987003,-0.1160121591346082,-0.1458530480023882,0.1940520363694492,-1.635948345776385,-0.1194841999359008,0.057119547797754,-0.3064743389190145,-0.5860345033458019,-0.0581270149117499,-0.0964292864399375,0.667073336549733,-0.474294683023871,-0.4770663934303019,-0.22866647469983,-0.3621918266611564,1.0555555555555558,1.6581207780162064,-0.1841467327250685,-0.5212099646975836,-0.4971025512073577,-0.1447559638351607,-0.4963721423109281,-0.46031183,-0.0854431076763429,0.5,0.6708860759493671,3.5044642857142856,0.0007188176797532,0.398076923076923,2.3444816053511706,0.0002041060318969,0.0114122681883024,0.0101910828025477,4.0,0.0188679245283018,
0x3947065f0963fdc4aa41d237a9ddc9762e4156e66c8bda6f0ac16b428f989f8e,1,0x6e09f230d90dad2bbf4bd5f96fdf93fee27aa8ca,0xf2919d1d80aff2940274014bef534f7791906ff2,2022-12-23 04:49:11+00:00,138971,11794943602,5424499,129371,1618123000000000.0,688,2,122,774,786,0.9847328244274808,106,693,706,0.9815864022662888,207,519,3370818,4,0x3947065f0963fdc4aa41d237a9ddc9762e4156e66c8bda6f0ac16b428f989f8e,9,2,3,224,157,1075398,300,4,2.0,1.0,1,2,0,-0.2954719095527734,-0.6263005294785877,-0.6223287425474362,-0.1280296355987003,-0.1078155053409014,-0.1379803340373228,0.1940520363694492,-1.6082241669230706,-0.0311083124093469,0.057119547797754,-0.4857689989730401,-0.5860345033458019,-0.0581270149117499,-0.0962057632487919,0.6731345538986256,-0.474294683023871,-0.4770590078657831,-0.22866647469983,-0.4472932896924432,-0.3333333333333333,-0.3348128494071184,-0.1841467327250685,-0.4414368814459785,-0.5081228190958115,-0.7301382419450175,-0.4227306944870793,-0.5294781,-0.0772425637117061,0.3333333333333333,0.6708860759493671,3.508928571428572,0.0007197328619424,0.398076923076923,2.353333333333333,0.0002055880188167,0.0127478753541076,0.0114503816793893,4.5,0.0188679245283018,
0x8741f99dbc0283adcae61156451a4406ba0a513e9ec01cf7619c0e9f059c0ae8,1,0x6e09f230d90dad2bbf4bd5f96fdf93fee27aa8ca,0xf2919d1d80aff2940274014bef534f7791906ff2,2022-12-23 04:49:59+00:00,56845,12129356210,7658048,56845,0.0,689,2,121,775,787,0.9847522236340532,106,694,707,0.9816124469589816,207,519,3370822,5,0x8741f99dbc0283adcae61156451a4406ba0a513e9ec01cf7619c0e9f059c0ae8,10,2,3,224,157,1075402,300,3,2.0,1.0,1,2,0,-0.2954719095527734,-0.614102404488743,-0.6103053897161488,-0.1280296355987003,-0.1061761745821601,-0.1364057912443097,0.1940520363694492,-1.580499988069756,0.0572675751172068,0.057119547797754,-0.4857689989730401,-0.5860345033458019,-0.0581270149117499,-0.0961651226685836,0.6731345538986256,-0.474294683023871,-0.4770576650358706,-0.6823697975169535,-0.4472932896924432,-0.3333333333333333,-0.3348128494071184,-0.1841467327250685,-0.6399414334736515,-0.4526634546934779,-0.2756138027950408,-0.6120981475034051,-0.5986444,-0.0756024549187788,0.3333333333333333,0.6708860759493671,3.513392857142857,0.00072066006883,0.398076923076923,2.3566666666666665,0.0002058844383107,0.0141442715700141,0.0127064803049555,5.0,0.0188679245283018,
0x17a617cd647bb8b8f08ac788f8a6a2224d3294692bd619cb4593e35176df1942,1,0x6e09f230d90dad2bbf4bd5f96fdf93fee27aa8ca,0xf2919d1d80aff2940274014bef534f7791906ff2,2022-12-23 05:38:59+00:00,90930,11890543610,7285560,86130,1618123000000000.0,694,2,120,776,788,0.9847715736040608,106,699,712,0.981741573033708,207,519,3371067,6,0x17a617cd647bb8b8f08ac788f8a6a2224d3294692bd619cb4593e35176df1942,11,2,3,224,157,1075647,302,4,2.0,1.0,1,2,0,-0.2954719095527734,-0.6019042794988982,-0.5982820368848615,-0.1280296355987003,-0.0979795207884533,-0.1285330772792443,0.1940520363694492,-1.5527758092164414,0.1456434626437607,0.057119547797754,-0.4857689989730401,-0.5860345033458019,-0.0581270149117499,-0.0936758871308258,0.685256988596411,-0.474294683023871,-0.4769754167037299,-0.22866647469983,-0.4472932896924432,-0.3333333333333333,-0.3348128494071184,-0.1841467327250685,-0.5575554941138479,-0.492268405853898,-0.3514146467837316,-0.5356341778706789,-0.5294781,-0.0674019109541421,0.3333333333333333,0.6708860759493671,3.517857142857143,0.0007214255964776,0.398076923076923,2.357615894039735,0.0002073526846684,0.0154494382022471,0.0139593908629441,5.5,0.0188679245283018,
0x384a01944d4703c305a12c3399e4df22a0b0d77cb1197d10351f219961f9c2c1,2,0x6e09f230d90dad2bbf4bd5f96fdf93fee27aa8ca,0xf2919d1d80aff2940274014bef534f7791906ff2,2022-12-23 05:41:35+00:00,104851,12407759036,1827561,104851,1618123000000000.0,696,2,119,777,789,0.9847908745247148,106,701,714,0.9817927170868348,207,519,3371080,7,0x384a01944d4703c305a12c3399e4df22a0b0d77cb1197d10351f219961f9c2c1,12,2,4,224,157,1075660,302,4,2.0,2.0,2,2,0,-0.0046531009378389,-0.5897061545090535,-0.5862586840535741,-0.1280296355987003,-0.0947008592709706,-0.1253839916932181,0.1940520363694492,-1.5250516303631267,0.2340193501703145,0.057119547797754,-0.4260041122883649,-0.5860345033458019,-0.0581270149117499,-0.0935438052451489,0.685256988596411,-0.474294683023871,-0.4769710525065143,-0.22866647469983,-0.4472932896924432,1.0555555555555558,1.6581207780162064,-0.1841467327250685,-0.5239074183671022,-0.406492815762982,-1.462110644210309,-0.4867531133156416,-0.5294781,-0.0641216933682874,0.5,0.6708860759493671,3.5223214285714284,0.0007223465385469,0.398076923076923,2.3642384105960264,0.0002079451665504,0.0168067226890756,0.0152091254752851,6.0,0.0188679245283018,
0x7dc2a2072dfc3a8bdc98efe9d270f3abb1653ee5a10cda24908f30e79205bdc2,2,0x6e09f230d90dad2bbf4bd5f96fdf93fee27aa8ca,0xf2919d1d80aff2940274014bef534f7791906ff2,2022-12-23 05:52:23+00:00,782175,12731792045,5951115,706575,2.750809e+16,709,2,118,778,790,0.9848101265822784,106,712,727,0.9793672627235214,207,519,3371134,8,0x7dc2a2072dfc3a8bdc98efe9d270f3abb1653ee5a10cda24908f30e79205bdc2,13,2,27,224,157,1075714,305,12,18.0,2.0,2,8,0,-0.0046531009378389,-0.5775080295192089,-0.5742353312222866,-0.1280296355987003,-0.0766682209248157,-0.1049149353840479,0.1940520363694492,-1.4973274515098125,0.3223952376968684,0.057119547797754,0.948588281459165,-0.5860345033458019,-0.0581270149117499,-0.092995157412337,0.7034406406430891,-0.474294683023871,-0.4769529243026955,3.4009601078371574,0.914330118808145,1.0555555555555558,1.6581207780162064,3.3571365889108677,1.113234256590787,-0.3527548157755066,-0.6229725419548207,1.0843654000284777,0.5771823,-0.0428002790602319,0.074074074074074,0.6708860759493671,3.5267857142857144,0.0007232398916069,0.398076923076923,2.3836065573770493,0.0002112048316071,0.0178817056396148,0.0164556962025316,6.5,0.0188679245283018,
0x34d51552edbd925db50eb8ec19dc1806c0a0f54c472f293c8e0f4a3281227615,2,0xa3d8bc4fb52d85618c9a4f5b05e9f424c30084bc,0xf2919d1d80aff2940274014bef534f7791906ff2,2022-12-23 06:11:23+00:00,130257,12724626031,1962648,125457,1618123000000000.0,60,2,117,779,791,0.9848293299620732,106,75,76,0.986842105263158,14,1221,7855747,9,0x34d51552edbd925db50eb8ec19dc1806c0a0f54c472f293c8e0f4a3281227615,1,1,5,225,157,1075809,19,5,2.0,2.0,2,2,0,-0.0046531009378389,-0.5653099045293641,-0.5622119783909992,-0.1280296355987003,-1.1209219142430586,-1.129942293635568,-1.45669033930508,-1.4696032726564978,-0.7381154126217778,-0.6568747996741708,-0.3662392256036897,-0.5424047755803312,-0.0581270149117499,-0.0920299436323901,-1.0300675211402175,0.9924668477371752,1.028565196295206,0.2250368481172934,-0.4472932896924432,1.0555555555555558,1.6581207780162064,-0.1841467327250685,-0.4624992571414847,-0.353943235626406,-1.4346206079892754,-0.4329502600374461,-0.5294781,-1.107230885670078,0.4,0.6708860759493671,3.515555555555556,0.0007241055576728,0.011456628477905,4.0,9.54714942485426e-06,0.0131578947368421,0.0012642225031605,1.0,0.0094339622641509,
0xe49387a789d4d0806dd516d0cea69cd0e98e5f17defd3acb8fbe30e52cee0f32,1,0xa3d8bc4fb52d85618c9a4f5b05e9f424c30084bc,0xf2919d1d80aff2940274014bef534f7791906ff2,2022-12-23 06:14:59+00:00,56845,14000000000,3123399,56845,0.0,61,2,116,780,792,0.9848484848484848,106,76,77,0.987012987012987,14,1221,7855765,10,0xe49387a789d4d0806dd516d0cea69cd0e98e5f17defd3acb8fbe30e52cee0f32,2,1,3,225,157,1075827,19,3,2.0,1.0,1,2,0,-0.2954719095527734,-0.5531117795395194,-0.5501886255597118,-0.1280296355987003,-1.1192825834843172,-1.128367750842555,-1.45669033930508,-1.4418790938031831,-0.649739525095224,-0.6568747996741708,-0.4857689989730401,-0.5424047755803312,-0.0581270149117499,-0.0918470610214528,-1.0300675211402175,0.9924668477371752,1.0285712390298123,-0.6823697975169535,-0.4472932896924432,-0.3333333333333333,-0.3348128494071184,-0.1841467327250685,-0.6399414334736515,-0.1424337769399039,-1.1984092254461682,-0.6120981475034051,-0.5986444,-1.105590776877151,0.3333333333333333,0.6708860759493671,3.52,0.0007250229590603,0.011456628477905,4.052631578947368,9.674422583361064e-06,0.0259740259740259,0.0025252525252525,2.0,0.0094339622641509,
0x988eea1cfac8b345c1974e7a7350f0a74a4e9ef7ea151b5e890a73d17e613a67,1,0x15044bfec82b86dd58b39d2bd2012a1a464cd3cc,0xf2919d1d80aff2940274014bef534f7791906ff2,2022-12-23 14:40:59+00:00,158370,14067518904,9258520,153570,3236246000000000.0,2965,2,115,781,793,0.9848675914249684,106,3001,3086,0.9724562540505508,468,597,3871823,11,0x988eea1cfac8b345c1974e7a7350f0a74a4e9ef7ea151b5e890a73d17e613a67,1,1,6,226,157,1078351,814,5,3.0,2.0,1,2,0,-0.2954719095527734,-0.5409136545496747,-0.5381652727284244,-0.1280296355987003,3.675759885834145,3.6094315133338255,2.42640312471687,-1.414154914949869,-0.7381154126217778,-0.6568747996741708,-0.3064743389190145,-0.4987750478148605,-0.0581270149117499,-0.0662028549100215,3.788600271229464,-0.311321179605977,-0.308867882787621,0.2250368481172934,-0.3621918266611564,1.0555555555555558,-0.3348128494071184,-0.1841467327250685,-0.3945480788160583,-0.13123636568386,0.0500802554840664,-0.3595464158071292,-0.46031183,3.657285157783855,0.1666666666666666,0.6708860759493671,3.508849557522124,0.0007242533050432,0.782608695652174,3.791154791154791,0.0007750868841145,0.0003240440699935,0.0012610340479192,1.0,0.0094339622641509,
0xf0d80fa2faabd89accf2cf10172d4bf5b4b867100dbcdeb29b058c9bde46d2f5,1,0x15044bfec82b86dd58b39d2bd2012a1a464cd3cc,0xf2919d1d80aff2940274014bef534f7791906ff2,2022-12-23 17:59:23+00:00,140274,20092502883,10263077,130674,1618123000000000.0,2967,2,114,782,794,0.9848866498740554,106,3003,3088,0.9724740932642488,468,597,3872813,12,0xf0d80fa2faabd89accf2cf10172d4bf5b4b867100dbcdeb29b058c9bde46d2f5,2,1,3,226,157,1079341,814,4,2.0,1.0,1,2,0,-0.2954719095527734,-0.5287155295598299,-0.526141919897137,-0.1280296355987003,3.679038547351628,3.612580598919852,2.42640312471687,-1.386430736096554,-0.649739525095224,-0.6568747996741708,-0.4857689989730401,-0.4987750478148605,-0.0581270149117499,-0.0561443113084697,3.788600271229464,-0.311321179605977,-0.308535532384277,-0.22866647469983,-0.4472932896924432,-0.3333333333333333,-0.3348128494071184,-0.1841467327250685,-0.4382874350916929,0.8679537785154352,0.2545063535993006,-0.4193285243511243,-0.5294781,3.66056537536971,0.3333333333333333,0.6708860759493671,3.5132743362831858,0.0007245154918459,0.782608695652174,3.7936117936117935,0.0007754051705039,0.0006476683937823,0.0025188916876574,2.0,0.0094339622641509,
0x61df3562422283caae35e68e92b787812b58c91ff8be938507d301bd9224d409,1,0x15044bfec82b86dd58b39d2bd2012a1a464cd3cc,0xf2919d1d80aff2940274014bef534f7791906ff2,2022-12-23 18:02:11+00:00,168860,38703156575,9294380,154460,1618123000000000.0,2969,2,113,783,795,0.9849056603773584,106,3005,3090,0.9724919093851132,468,597,3872827,13,0x61df3562422283caae35e68e92b787812b58c91ff8be938507d301bd9224d409,3,1,3,226,157,1079355,814,4,2.0,1.0,1,2,0,-0.2954719095527734,-0.5165174045699853,-0.5141185670658496,-0.1280296355987003,3.6823172088691103,3.615729684505878,2.42640312471687,-1.3587065572432395,-0.5613636375686701,-0.6568747996741708,-0.4857689989730401,-0.4987750478148605,-0.0581270149117499,-0.0560020692777406,3.788600271229464,-0.311321179605977,-0.3085308324795832,-0.22866647469983,-0.4472932896924432,-0.3333333333333333,-0.3348128494071184,-0.1841467327250685,-0.3691929811518558,3.954365594873333,0.0573777208129749,-0.3572226004418184,-0.5294781,3.663845592955565,0.3333333333333333,0.6708860759493671,3.517699115044248,0.0007254325727563,0.782608695652174,3.796068796068796,0.000775918785962,0.0009708737864077,0.0037735849056603,3.0,0.0094339622641509,
0x64f498381726f2cccbd2e913c412ce87d10c55366291883ba1ae0d9972718358,5,0x542a5651f84145efaaf8dc470e2adc2922877807,0xf2919d1d80aff2940274014bef534f7791906ff2,2022-12-23 18:28:35+00:00,231699,20843328404,3388598,212499,6472492000000000.0,1566,2,112,784,796,0.984924623115578,106,1575,1607,0.9800871188550092,314,646,4190677,14,0x64f498381726f2cccbd2e913c412ce87d10c55366291883ba1ae0d9972718358,30,12,14,226,157,1079487,517,5,5.0,2.0,2,2,0,0.8678033249069645,-0.5043192795801406,-0.5020952142345622,-0.1280296355987003,1.3380742238689731,1.2806827224674693,1.1092304518988516,-1.330982378389925,1.824785325648284,7.197063022517003,0.1716447545583872,-0.4987750478148605,-0.0581270149117499,-0.0546609301308671,1.9884187186083375,-0.2089403889973,-0.201826210557459,0.2250368481172934,-0.1919889005985829,1.0555555555555558,1.6581207780162064,-0.1841467327250685,-0.2173065195578789,0.99247153046488,-1.1444415593067037,-0.2056811173100514,-0.32197925,1.3627729564785014,0.3571428571428571,0.6708860759493671,3.52212389380531,0.0007262702318136,0.4853168469860896,3.1083172147001936,0.0003758341728951,0.0186683260734287,0.0376884422110552,2.5,0.1132075471698113,
0x7ebdab07519ce299ffc5eae1add5b1f44a369cb1dc5e8a2c1554a66cd4480195,1,0xd7f397173ad7ab808afebd138b5811bb1e9dc38b,0xf2919d1d80aff2940274014bef534f7791906ff2,2022-12-23 19:05:59+00:00,53029,20135954630,9654054,30553,0.0,866,2,111,785,797,0.9849435382685068,106,890,941,0.9458023379383634,201,1866,11707402,15,0x7ebdab07519ce299ffc5eae1add5b1f44a369cb1dc5e8a2c1554a66cd4480195,6,3,1,226,157,1079674,183,2,0.0,0.0,1,0,0,-0.2954719095527734,-0.4921211545902958,-0.4900718614032747,-0.1280296355987003,0.2151326541311454,0.2320372223207528,0.1427336205453706,-1.3032581995366104,-0.2962359749890085,0.7711138952696789,-0.6052987723423906,-0.4987750478148605,-0.0581270149117499,-0.0527609830061295,-0.036027875921818,2.3401323567697605,2.321594582953879,-1.136073120334077,-0.6174962157550168,-1.7222222222222223,-0.3348128494071184,-1.3645745066037136,-0.6491649847307152,0.8751598652871128,0.130570931764169,-0.6807473088345861,-0.5986444,0.2146968014293609,1.0,0.6708860759493671,3.5265486725663715,0.0007270706462592,0.1076593465452597,5.14207650273224,7.602027537618719e-05,0.0063761955366631,0.0075282308657465,2.0,0.0283018867924528,
0x211226a62f2b0d835d99b78722b2d485a42f772c1816abbbe79a7a13d798a253,1,0xd7f397173ad7ab808afebd138b5811bb1e9dc38b,0xf2919d1d80aff2940274014bef534f7791906ff2,2022-12-23 19:09:23+00:00,229145,22222182277,9793860,229108,1618123000000000.0,869,2,110,786,798,0.9849624060150376,106,893,944,0.9459745762711864,201,1866,11707419,16,0x211226a62f2b0d835d99b78722b2d485a42f772c1816abbbe79a7a13d798a253,7,3,3,226,157,1079691,184,4,2.0,1.0,1,2,0,-0.2954719095527734,-0.4799230296004511,-0.4780485085719873,-0.1280296355987003,0.2200506464073694,0.236760850699792,0.1427336205453706,-1.275534020683296,-0.2078600874624547,0.7711138952696789,-0.4857689989730401,-0.4987750478148605,-0.0581270149117499,-0.0525882605402442,-0.0299666585729253,2.3401323567697605,2.321600289981007,-0.22866647469983,-0.4472932896924432,-0.3333333333333333,-0.3348128494071184,-0.1841467327250685,-0.2234797244610604,1.221142213240919,0.159021278606706,-0.1623145449477517,-0.5294781,0.219617127808143,0.3333333333333333,0.6708860759493671,3.5309734513274336,0.0007279853884255,0.1076593465452597,5.130434782608695,7.627641273653802e-05,0.0074152542372881,0.0087719298245614,2.333333333333333,0.0283018867924528,
0xe83491a27824b26cd28bc58295c3fc98bf105cdcf5ceb937b7727f4e329c696d,1,0x98a61b14844fc6c51d62ecd49d2fff793a37f4e9,0xf2919d1d80aff2940274014bef534f7791906ff2,2022-12-23 19:15:35+00:00,232228,17289903388,12783463,232228,8090615000000000.0,6,2,109,787,799,0.9849812265331664,106,9,9,1.0,3,360,2356715,17,0xe83491a27824b26cd28bc58295c3fc98bf105cdcf5ceb937b7727f4e329c696d,1,1,7,227,157,1079722,4,4,6.0,1.0,1,2,0,-0.2954719095527734,-0.4677249046106064,-0.4660251557406999,-0.1280296355987003,-1.229117744319988,-1.235436660767445,-1.5507741016492242,-1.2478098418299814,-0.7381154126217778,-0.6568747996741708,-0.2467094522343393,-0.4551453200493898,-0.0581270149117499,-0.05227329604363,-1.120985781373608,-0.8065099015295781,-0.8175009685550765,-0.22866647469983,-0.1068874375672961,-0.3333333333333333,-0.3348128494071184,-0.1841467327250685,-0.2160278878453563,0.4031675146344964,0.7674017649341105,-0.1541681360266622,-0.25281298,-1.1957967604881543,0.1428571428571428,0.6708860759493671,3.5198237885462555,0.0007288906506576,0.0083102493074792,2.25,3.818873381434165e-06,0.1111111111111111,0.0012515644555694,1.0,0.0094339622641509,
0xd87fb7444e2f1e992fd6076dd86754466aafa30fdd10de0a666d41943a6d86ed,1,0x98a61b14844fc6c51d62ecd49d2fff793a37f4e9,0xf2919d1d80aff2940274014bef534f7791906ff2,2022-12-23 19:16:47+00:00,53011,16328321957,10196747,30541,0.0,7,2,108,788,800,0.985,106,10,10,1.0,3,360,2356721,18,0xd87fb7444e2f1e992fd6076dd86754466aafa30fdd10de0a666d41943a6d86ed,2,1,1,227,157,1079728,4,2,0.0,0.0,1,0,0,-0.2954719095527734,-0.4555267796207616,-0.4540018029094125,-0.1280296355987003,-1.2274784135612469,-1.2338621179744318,-1.5507741016492242,-1.2200856629766668,-0.649739525095224,-0.6568747996741708,-0.6052987723423906,-0.4551453200493898,-0.0581270149117499,-0.0522123351733176,-1.120985781373608,-0.8065099015295781,-0.8174989543102077,-1.136073120334077,-0.6174962157550168,-1.7222222222222223,-0.3348128494071184,-1.3645745066037136,-0.6492084920479654,0.2436977646651821,0.2410082812271171,-0.6807786411765903,-0.5986444,-1.1941566516952271,1.0,0.6708860759493671,3.524229074889868,0.0007298127585718,0.0083102493074792,2.5,4.243181843255165e-06,0.2,0.0025,2.0,0.0094339622641509,
0x8c1ef62f1f0cfc8fe962939c600e13394d05936f6eccdacae37dd65b3d6e789b,1,0xceabd27a1477c1fa152378a393976969dc5648bf,0xf2919d1d80aff2940274014bef534f7791906ff2,2022-12-23 19:19:35+00:00,232228,14945541618,11076249,232228,8090615000000000.0,5,2,107,789,801,0.9850187265917604,106,8,8,1.0,3,360,2356736,19,0x8c1ef62f1f0cfc8fe962939c600e13394d05936f6eccdacae37dd65b3d6e789b,1,1,7,228,157,1079742,4,4,6.0,1.0,1,2,0,-0.2954719095527734,-0.443328654630917,-0.4419784500781251,-0.1280296355987003,-1.2307570750787291,-1.237011203560458,-1.5507741016492242,-1.1923614841233523,-0.7381154126217778,-0.6568747996741708,-0.2467094522343393,-0.4115155922839191,-0.0581270149117499,-0.0520700931425885,-1.120985781373608,-0.8065099015295781,-0.8174939186980359,-0.22866647469983,-0.1068874375672961,-0.3333333333333333,-0.3348128494071184,-0.1841467327250685,-0.2160278878453563,0.01437591233543,0.4199858426243746,-0.1541681360266622,-0.25281298,-1.197436869281082,0.1428571428571428,0.6708860759493671,3.513157894736842,0.0007307294420987,0.0083102493074792,2.0,3.3945238692310595e-06,0.125,0.0012484394506866,1.0,0.0094339622641509,
0x687add48f62e63f4414b95a470407889a59ebdf4360f01861eeeb23732bdb0b8,1,0xceabd27a1477c1fa152378a393976969dc5648bf,0xf2919d1d80aff2940274014bef534f7791906ff2,2022-12-23 19:20:23+00:00,53011,14609175284,10996054,30541,0.0,6,2,106,790,802,0.9850374064837906,106,9,9,1.0,3,360,2356740,20,0x687add48f62e63f4414b95a470407889a59ebdf4360f01861eeeb23732bdb0b8,2,1,1,228,157,1079746,4,2,0.0,0.0,1,0,0,-0.2954719095527734,-0.4311305296410722,-0.4299550972468376,-0.1280296355987003,-1.229117744319988,-1.235436660767445,-1.5507741016492242,-1.1646373052700376,-0.649739525095224,-0.6568747996741708,-0.6052987723423906,-0.4115155922839191,-0.0581270149117499,-0.0520294525623803,-1.120985781373608,-0.8065099015295781,-0.8174925758681233,-1.136073120334077,-0.6174962157550168,-1.7222222222222223,-0.3348128494071184,-1.3645745066037136,-0.6492084920479654,-0.0414074601921483,0.4036662600239336,-0.6807786411765903,-0.5986444,-1.1957967604881543,1.0,0.6708860759493671,3.517543859649123,0.0007316528779427,0.0083102493074792,2.25,3.818832871325275e-06,0.2222222222222222,0.0024937655860349,2.0,0.0094339622641509,
0xf1ebb466251a78ab6c5c0621a5601952436327a40023e1f936fb8e8cb5bdf79a,1,0x08aa7d2008e41d3b9616154d1cea4b28372a240d,0xf2919d1d80aff2940274014bef534f7791906ff2,2022-12-23 19:24:59+00:00,232228,14676231213,4530569,232228,8090615000000000.0,5,2,105,791,803,0.9850560398505604,106,8,8,1.0,3,360,2356762,21,0xf1ebb466251a78ab6c5c0621a5601952436327a40023e1f936fb8e8cb5bdf79a,1,1,7,229,157,1079769,4,4,6.0,1.0,1,2,0,-0.2954719095527734,-0.4189324046512275,-0.4179317444155502,-0.1280296355987003,-1.2307570750787291,-1.237011203560458,-1.5507741016492242,-1.1369131264167232,-0.7381154126217778,-0.6568747996741708,-0.2467094522343393,-0.3678858645184484,-0.0581270149117499,-0.0517957692261826,-1.120985781373608,-0.8065099015295781,-0.8174851903036046,-0.22866647469983,-0.1068874375672961,-0.3333333333333333,-0.3348128494071184,-0.1841467327250685,-0.2160278878453563,-0.0302868292327199,-0.9120518833691988,-0.1541681360266622,-0.25281298,-1.197436869281082,0.1428571428571428,0.6708860759493671,3.506550218340611,0.000732563416283,0.0083102493074792,2.0,3.39448642056923e-06,0.125,0.0012453300124533,1.0,0.0094339622641509,
0xa1ada4adaaed879e074ac50557c2c3966331c4fcb76b77c35540b006a3eef140,1,0x08aa7d2008e41d3b9616154d1cea4b28372a240d,0xf2919d1d80aff2940274014bef534f7791906ff2,2022-12-23 19:25:23+00:00,53011,14702556240,5160299,30541,0.0,6,2,104,792,804,0.9850746268656716,106,9,9,1.0,3,360,2356764,22,0xa1ada4adaaed879e074ac50557c2c3966331c4fcb76b77c35540b006a3eef140,2,1,1,229,157,1079771,4,2,0.0,0.0,1,0,0,-0.2954719095527734,-0.4067342796613828,-0.4059083915842628,-0.1280296355987003,-1.229117744319988,-1.235436660767445,-1.5507741016492242,-1.1091889475634087,-0.649739525095224,-0.6568747996741708,-0.6052987723423906,-0.3678858645184484,-0.0581270149117499,-0.0517754489360784,-1.120985781373608,-0.8065099015295781,-0.8174845188886484,-1.136073120334077,-0.6174962157550168,-1.7222222222222223,-0.3348128494071184,-1.3645745066037136,-0.6492084920479654,-0.025921057038825,-0.7839026128289444,-0.6807786411765903,-0.5986444,-1.1957967604881543,1.0,0.6708860759493671,3.510917030567686,0.0007334881808381,0.0083102493074792,2.25,3.818793982429304e-06,0.2222222222222222,0.0024875621890547,2.0,0.0094339622641509,
0x1ba3d4d370d4f11a1c3c972581a1694496eede95fbee5482439e6fb92ca083fb,1,0x56056276cc12ebb9e4db83e6da258000b6804faf,0xf2919d1d80aff2940274014bef534f7791906ff2,2022-12-23 19:26:47+00:00,232228,12738798854,10582385,232228,8090615000000000.0,7,2,103,793,805,0.9850931677018634,106,10,10,1.0,4,360,2356771,23,0x1ba3d4d370d4f11a1c3c972581a1694496eede95fbee5482439e6fb92ca083fb,1,1,7,230,157,1079778,6,4,6.0,1.0,1,2,0,-0.2954719095527734,-0.3945361546715381,-0.3938850387529754,-0.1280296355987003,-1.2274784135612469,-1.2338621179744318,-1.5422210323452112,-1.081464768710094,-0.7381154126217778,-0.6568747996741708,-0.2467094522343393,-0.3242561367529777,-0.0581270149117499,-0.0517043279207139,-1.1088633466758226,-0.8065099015295781,-0.8174821689363014,-0.22866647469983,-0.1068874375672961,-0.3333333333333333,-0.3348128494071184,-0.1841467327250685,-0.2160278878453563,-0.351592798661521,0.3194851338347469,-0.1541681360266622,-0.25281298,-1.1941566516952271,0.1428571428571428,0.6708860759493671,3.5,0.0007344095412116,0.0110803324099723,1.6666666666666667,4.243091822204269e-06,0.1,0.0012422360248447,1.0,0.0094339622641509,
0x484b01630862d621db7c28d110264086c035710446b67ed177ce579da24eb567,1,0x56056276cc12ebb9e4db83e6da258000b6804faf,0xf2919d1d80aff2940274014bef534f7791906ff2,2022-12-23 19:27:23+00:00,53011,14446575236,5293414,30541,0.0,8,2,102,794,806,0.9851116625310172,106,11,11,1.0,4,360,2356774,24,0x484b01630862d621db7c28d110264086c035710446b67ed177ce579da24eb567,2,1,1,230,157,1079781,6,2,0.0,0.0,1,0,0,-0.2954719095527734,-0.3823380296816934,-0.381861685921688,-0.1280296355987003,-1.2258390828025052,-1.2322875751814188,-1.5422210323452112,-1.0537405898567795,-0.649739525095224,-0.6568747996741708,-0.6052987723423906,-0.3242561367529777,-0.0581270149117499,-0.0516738474855577,-1.1088633466758226,-0.8065099015295781,-0.8174811618138671,-1.136073120334077,-0.6174962157550168,-1.7222222222222223,-0.3348128494071184,-1.3645745066037136,-0.6492084920479654,-0.0683732356986415,-0.7568138761513746,-0.6807786411765903,-0.5986444,-1.1925165429023,1.0,0.6708860759493671,3.5043478260869567,0.0007353336136368,0.0110803324099723,1.8333333333333333,4.667395063168949e-06,0.1818181818181818,0.0024813895781637,2.0,0.0094339622641509,
0x703d7b3a8dbf3ad5351f2b2b12f9afc38efab41f53cdb7dee104ee6a92c9d3df,1,0x0d9b2d269bffd946541c0831e125dcccc48e2922,0xf2919d1d80aff2940274014bef534f7791906ff2,2022-12-23 19:28:47+00:00,232228,12539856087,7712018,232228,8090615000000000.0,7,2,101,795,807,0.9851301115241636,106,11,11,1.0,4,360,2356781,25,0x703d7b3a8dbf3ad5351f2b2b12f9afc38efab41f53cdb7dee104ee6a92c9d3df,1,1,7,231,157,1079788,6,4,6.0,1.0,1,2,0,-0.2954719095527734,-0.3701399046918486,-0.3698383330904006,-0.1280296355987003,-1.2258390828025052,-1.2322875751814188,-1.5422210323452112,-1.0260164110034649,-0.7381154126217778,-0.6568747996741708,-0.2467094522343393,-0.280626408987507,-0.0581270149117499,-0.0516027264701932,-1.1088633466758226,-0.8065099015295781,-0.8174788118615202,-0.22866647469983,-0.1068874375672961,-0.3333333333333333,-0.3348128494071184,-0.1841467327250685,-0.2160278878453563,-0.3845856917113595,-0.2646309750259055,-0.1541681360266622,-0.25281298,-1.1941566516952271,0.1428571428571428,0.6708860759493671,3.493506493506493,0.000736254953514,0.0110803324099723,1.8333333333333333,4.667381200297694e-06,0.0909090909090909,0.0012391573729863,1.0,0.0094339622641509,
0xfeba49fe4c1d5dfe33d562169e667803599f3feb99340b7608668707f1df6c31,1,0x0d9b2d269bffd946541c0831e125dcccc48e2922,0xf2919d1d80aff2940274014bef534f7791906ff2,2022-12-23 19:29:11+00:00,53011,13107454929,10755623,30541,0.0,8,2,100,796,808,0.9851485148514852,106,12,12,1.0,4,360,2356783,26,0xfeba49fe4c1d5dfe33d562169e667803599f3feb99340b7608668707f1df6c31,2,1,1,231,157,1079790,6,2,0.0,0.0,1,0,0,-0.2954719095527734,-0.3579417797020039,-0.3578149802591132,-0.1280296355987003,-1.224199752043764,-1.2307130323884057,-1.5422210323452112,-0.9982922321501504,-0.649739525095224,-0.6568747996741708,-0.6052987723423906,-0.280626408987507,-0.0581270149117499,-0.0515824061800891,-1.1088633466758226,-0.8065099015295781,-0.817478140446564,-1.136073120334077,-0.6174962157550168,-1.7222222222222223,-0.3348128494071184,-1.3645745066037136,-0.6492084920479654,-0.2904544590371998,0.3547388510307716,-0.6807786411765903,-0.5986444,-1.1925165429023,1.0,0.6708860759493671,3.497835497835498,0.0007371796949594,0.0110803324099723,2.0,5.091684261264502e-06,0.1666666666666666,0.0024752475247524,2.0,0.0094339622641509,
0x66a1b0ebf1fb9ecaa19f9a270661d4d31b0cd1fce88379e7ebba50a310d53467,1,0x046dee01749fbf09acedba50fcb39e5988cbaba1,0xf2919d1d80aff2940274014bef534f7791906ff2,2022-12-23 19:31:11+00:00,232228,13739020832,8836524,232228,8090615000000000.0,7,2,99,797,809,0.9851668726823238,106,11,11,1.0,4,360,2356793,27,0x66a1b0ebf1fb9ecaa19f9a270661d4d31b0cd1fce88379e7ebba50a310d53467,1,1,7,232,157,1079800,6,4,6.0,1.0,1,2,0,-0.2954719095527734,-0.3457436547121592,-0.3457916274278258,-0.1280296355987003,-1.2258390828025052,-1.2322875751814188,-1.5422210323452112,-0.9705680532968358,-0.7381154126217778,-0.6568747996741708,-0.2467094522343393,-0.2369966812220363,-0.0581270149117499,-0.0514808047295683,-1.1088633466758226,-0.8065099015295781,-0.8174747833717827,-0.22866647469983,-0.1068874375672961,-0.3333333333333333,-0.3348128494071184,-0.1841467327250685,-0.2160278878453563,-0.1857148567595075,-0.0357954048321091,-0.1541681360266622,-0.25281298,-1.1941566516952271,0.1428571428571428,0.6708860759493671,3.487068965517241,0.0007380989645314,0.0110803324099723,1.8333333333333333,4.66735743556713e-06,0.0909090909090909,0.0012360939431396,1.0,0.0094339622641509,
0xd6c8a15aa13e7fb505b9cf8fac8d603b7bb5c82d67a789a31c3d38bb8e333953,1,0x046dee01749fbf09acedba50fcb39e5988cbaba1,0xf2919d1d80aff2940274014bef534f7791906ff2,2022-12-23 19:31:35+00:00,53011,13314873477,19356101,30541,0.0,8,2,98,798,810,0.9851851851851852,106,12,12,1.0,4,360,2356795,28,0xd6c8a15aa13e7fb505b9cf8fac8d603b7bb5c82d67a789a31c3d38bb8e333953,2,1,1,232,157,1079802,6,2,0.0,0.0,1,0,0,-0.2954719095527734,-0.3335455297223145,-0.3337682745965384,-0.1280296355987003,-1.224199752043764,-1.2307130323884057,-1.5422210323452112,-0.9428438744435212,-0.649739525095224,-0.6568747996741708,-0.6052987723423906,-0.2369966812220363,-0.0581270149117499,-0.0514604844394642,-1.1088633466758226,-0.8065099015295781,-0.8174741119568265,-1.136073120334077,-0.6174962157550168,-1.7222222222222223,-0.3348128494071184,-1.3645745066037136,-0.6492084920479654,-0.256055932898691,2.104925410345886,-0.6807786411765903,-0.5986444,-1.1925165429023,1.0,0.6708860759493671,3.4913793103448274,0.0007390236922846,0.0110803324099723,2.0,5.091658336147889e-06,0.1666666666666666,0.0024691358024691,2.0,0.0094339622641509,
0xf54b57bdded602f9975a566c4e8044d2d4449a8a67abaea133a88b28c6172b44,1,0xcab57e3f0cbc5f9dac0058b3a2af139a80172050,0xf2919d1d80aff2940274014bef534f7791906ff2,2022-12-23 19:32:47+00:00,232228,15925065851,8487802,232228,8090615000000000.0,29,2,97,799,811,0.9852034525277436,106,36,36,1.0,14,607,3937928,29,0xf54b57bdded602f9975a566c4e8044d2d4449a8a67abaea133a88b28c6172b44,1,1,7,233,157,1079808,19,4,6.0,1.0,1,2,0,-0.2954719095527734,-0.3213474047324698,-0.321744921765251,-0.1280296355987003,-1.1848558138339715,-1.1929240053560917,-1.45669033930508,-0.9151196955902068,-0.7381154126217778,-0.6568747996741708,-0.2467094522343393,-0.1933669534565656,-0.0581270149117499,-0.0513995235691518,-1.0300675211402175,-0.290427140706247,-0.2866759399461486,-0.22866647469983,-0.1068874375672961,-0.3333333333333333,-0.3348128494071184,-0.1841467327250685,-0.2160278878453563,0.1768213168426166,-0.106759897426298,-0.1541681360266622,-0.25281298,-1.1580742582508257,0.1428571428571428,0.6708860759493671,3.48068669527897,0.0007399456755778,0.0230263157894736,1.894736842105263,9.141861115322292e-06,0.0277777777777777,0.001233045622688,1.0,0.0094339622641509,
0x7f341a17d4b6ed202c1eb746c901c7271b4fcd2e3ec09681793880dba697a14b,1,0xcab57e3f0cbc5f9dac0058b3a2af139a80172050,0xf2919d1d80aff2940274014bef534f7791906ff2,2022-12-23 19:33:11+00:00,53011,14063220671,15356041,30541,0.0,30,2,96,800,812,0.9852216748768472,106,37,37,1.0,14,607,3937930,30,0x7f341a17d4b6ed202c1eb746c901c7271b4fcd2e3ec09681793880dba697a14b,2,1,1,233,157,1079810,19,2,0.0,0.0,1,0,0,-0.2954719095527734,-0.309149279742625,-0.3097215689339636,-0.1280296355987003,-1.18321648307523,-1.1913494625630785,-1.45669033930508,-0.8873955167368922,-0.649739525095224,-0.6568747996741708,-0.6052987723423906,-0.1933669534565656,-0.0581270149117499,-0.0513792032790476,-1.0300675211402175,-0.290427140706247,-0.2866752685311923,-1.136073120334077,-0.6174962157550168,-1.7222222222222223,-0.3348128494071184,-1.3645745066037136,-0.6492084920479654,-0.1319491894965111,1.2909181832529246,-0.6807786411765903,-0.5986444,-1.1564341494578982,1.0,0.6708860759493671,3.484978540772532,0.0007408703930595,0.0230263157894736,1.947368421052632,9.395796929910655e-06,0.054054054054054,0.0024630541871921,2.0,0.0094339622641509,
0x2f12dac5cfe2a69c44fe81e2acd504eda358066fd04c1c85f71f2d230114c717,1,0xd7f397173ad7ab808afebd138b5811bb1e9dc38b,0xf2919d1d80aff2940274014bef534f7791906ff2,2022-12-23 19:35:11+00:00,53029,14444378130,17742434,30553,0.0,873,2,95,801,813,0.985239852398524,106,908,959,0.9468196037539104,201,1866,11707548,31,0x2f12dac5cfe2a69c44fe81e2acd504eda358066fd04c1c85f71f2d230114c717,8,3,1,233,157,1079820,186,2,0.0,0.0,1,0,0,-0.2954719095527734,-0.2969511547527804,-0.2976982161026761,-0.1280296355987003,0.2446406077884897,0.2603789925949883,0.1427336205453706,-0.8596713378835776,-0.1194841999359008,0.7711138952696789,-0.6052987723423906,-0.1933669534565656,-0.0581270149117499,-0.0512776018285269,-0.0178442238751399,2.3401323567697605,2.321643596245685,-1.136073120334077,-0.6174962157550168,-1.7222222222222223,-0.3348128494071184,-1.3645745066037136,-0.6491649847307152,-0.0687376062378185,1.7765461860038965,-0.6807473088345861,-0.5986444,0.2261775629798524,1.0,0.6708860759493671,3.4892703862660945,0.0007417896114263,0.1076593465452597,5.155913978494624,7.75567969008714e-05,0.008342022940563,0.009840098400984,2.6666666666666665,0.0283018867924528,
0x5e9514f4ac1c9f84275241529397b1a8974cfef78c6210ce2e0dab9c60e73a35,1,0xa50fb3604d027a6192b519ec5307fb36145f6afb,0xf2919d1d80aff2940274014bef534f7791906ff2,2022-12-23 22:03:23+00:00,208196,11767716735,5097849,193796,3236246000000000.0,254,2,94,802,814,0.9852579852579852,106,319,323,0.9876160990712074,131,568,3691252,32,0x5e9514f4ac1c9f84275241529397b1a8974cfef78c6210ce2e0dab9c60e73a35,1,1,4,234,157,1080560,56,4,3.0,1.0,1,2,0,-0.2954719095527734,-0.2847530297629356,-0.2856748632713887,-0.1280296355987003,-0.7209252091101681,-0.7410302237613354,-0.4559812307355467,-0.8319471590302631,-0.7381154126217778,-0.6568747996741708,-0.4260041122883649,-0.1497372256910949,-0.0581270149117499,-0.0437590944899932,-0.8058024792311885,-0.371913892415194,-0.3694869178201832,-0.22866647469983,-0.3621918266611564,-0.3333333333333333,-0.3348128494071184,-0.1841467327250685,-0.2741149905208675,-0.5126381534533213,-0.7966111100344752,-0.2545151833520824,-0.46031183,-0.7890497798421733,0.25,0.6708860759493671,3.4786324786324787,0.00074220705726,0.2302284710017574,5.767857142857143,8.642051899449861e-05,0.0030959752321981,0.0012285012285012,1.0,0.0094339622641509,
0x3910601d657ff0aab3095bff01ca5f99b0da5750cd1631dd52df45d044d3b463,1,0xa50fb3604d027a6192b519ec5307fb36145f6afb,0xf2919d1d80aff2940274014bef534f7791906ff2,2022-12-23 22:09:11+00:00,143135,12460684989,6428864,133535,1618123000000000.0,255,2,93,803,815,0.985276073619632,106,321,325,0.9876923076923076,131,568,3691281,33,0x3910601d657ff0aab3095bff01ca5f99b0da5750cd1631dd52df45d044d3b463,2,1,3,234,157,1080589,56,4,2.0,1.0,1,2,0,-0.2954719095527734,-0.2725549047730909,-0.2736515104401013,-0.1280296355987003,-0.7176465475926854,-0.7378811381753092,-0.4559812307355467,-0.8042229801769485,-0.649739525095224,-0.6568747996741708,-0.4857689989730401,-0.1497372256910949,-0.0581270149117499,-0.0434644502834831,-0.8058024792311885,-0.371913892415194,-0.3694771823033176,-0.22866647469983,-0.4472932896924432,-0.3333333333333333,-0.3348128494071184,-0.1841467327250685,-0.4313721887220759,-0.397715515973592,-0.5257512155906073,-0.4118583718116253,-0.5294781,-0.787409671049246,0.3333333333333333,0.6708860759493671,3.482905982905983,0.0007431125588798,0.2302284710017574,5.803571428571429,8.696165722369627e-05,0.0061538461538461,0.0024539877300613,2.0,0.0094339622641509,
0x21e8cc235634ec7f14d3f59c8e67892e32a2ee2e8d867cb02403224627ad13d7,1,0xa50fb3604d027a6192b519ec5307fb36145f6afb,0xf2919d1d80aff2940274014bef534f7791906ff2,2022-12-23 22:09:47+00:00,143135,11451473031,11740297,133535,1618123000000000.0,256,2,92,804,816,0.9852941176470588,106,322,326,0.9877300613496932,131,568,3691284,34,0x21e8cc235634ec7f14d3f59c8e67892e32a2ee2e8d867cb02403224627ad13d7,3,1,3,234,157,1080592,56,4,2.0,1.0,1,2,0,-0.2954719095527734,-0.2603567797832462,-0.2616281576088139,-0.1280296355987003,-0.716007216833944,-0.7363065953822961,-0.4559812307355467,-0.776498801323634,-0.5613636375686701,-0.6568747996741708,-0.4857689989730401,-0.1497372256910949,-0.0581270149117499,-0.0434339698483268,-0.8058024792311885,-0.371913892415194,-0.3694761751808832,-0.22866647469983,-0.4472932896924432,-0.3333333333333333,-0.3348128494071184,-0.1841467327250685,-0.4313721887220759,-0.565084366306874,0.5551187834144193,-0.4118583718116253,-0.5294781,-0.7857695622563187,0.3333333333333333,0.6708860759493671,3.4871794871794872,0.000744035913614,0.2302284710017574,5.821428571428571,8.723249491708172e-05,0.00920245398773,0.0036764705882352,3.0,0.0094339622641509,
0x3fb72eb8b5561cbf5809a7f79e409c1dc79d2ffc7544708bf34ab576ba2ed0a9,1,0xa50fb3604d027a6192b519ec5307fb36145f6afb,0xf2919d1d80aff2940274014bef534f7791906ff2,2022-12-23 22:10:23+00:00,140296,11751622093,3619620,130696,1618123000000000.0,257,2,91,805,817,0.98531211750306,106,323,327,0.9877675840978594,131,568,3691287,35,0x3fb72eb8b5561cbf5809a7f79e409c1dc79d2ffc7544708bf34ab576ba2ed0a9,4,1,3,234,157,1080595,56,4,2.0,1.0,1,2,0,-0.2954719095527734,-0.2481586547934015,-0.2496048047775265,-0.1280296355987003,-0.7143678860752026,-0.7347320525892831,-0.4559812307355467,-0.7487746224703195,-0.4729877500421163,-0.6568747996741708,-0.4857689989730401,-0.1497372256910949,-0.0581270149117499,-0.0434034894131706,-0.8058024792311885,-0.371913892415194,-0.3694751680584488,-0.22866647469983,-0.4472932896924432,-0.3333333333333333,-0.3348128494071184,-0.1841467327250685,-0.4382342594817203,-0.5153073070505537,-1.0974288700926744,-0.4192710817241167,-0.5294781,-0.7841294534633912,0.3333333333333333,0.6708860759493671,3.4914529914529915,0.0007449592632214,0.2302284710017574,5.839285714285714,8.750333217023434e-05,0.0122324159021406,0.0048959608323133,4.0,0.0094339622641509,
0x63ef34492574dea0c605fbc578e7e3a67c666b01d80aa488d1f40d0938c2269b,1,0x0f57dd84c5b55f29f012c7c6c34c444e78806ed9,0xf2919d1d80aff2940274014bef534f7791906ff2,2022-12-23 22:14:23+00:00,107642,11559225185,2852569,102842,1618123000000000.0,27,2,90,806,818,0.9853300733496332,106,29,32,0.90625,10,135,934827,36,0x63ef34492574dea0c605fbc578e7e3a67c666b01d80aa488d1f40d0938c2269b,1,1,3,235,157,1080615,11,4,2.0,1.0,1,2,0,-0.2954719095527734,-0.2359605298035568,-0.2375814519462391,-0.1280296355987003,-1.1963311291451608,-1.199222176528144,-1.4909026165211323,-0.7210504436170049,-0.7381154126217778,-0.6568747996741708,-0.4857689989730401,-0.1061074979256242,-0.0581270149117499,-0.0432002865121292,-1.078557259931359,-1.2766257767735032,-1.294839403211692,-0.22866647469983,-0.4472932896924432,-0.3333333333333333,-0.3348128494071184,-0.1841467327250685,-0.5171613671201252,-0.5472146274547361,-1.2535227930710504,-0.4919986695728431,-0.5294781,-1.1613544758366805,0.3333333333333333,0.6708860759493671,3.480851063829787,0.0007458708736498,0.0735294117647058,2.909090909090909,3.102174945551481e-05,0.03125,0.0012224938875305,1.0,0.0094339622641509,
0x6e22cb038361da93977ca03084da76ae5b945bd42d5ce4424115f8d77f0c64ee,2,0x18b32e7ecb32643ff8b9eba55feef62ef674abd8,0xf2919d1d80aff2940274014bef534f7791906ff2,2022-12-23 22:22:59+00:00,293057,12873667928,3141551,269057,4854369000000000.0,94,2,89,807,819,0.9853479853479854,106,114,117,0.9743589743589745,59,678,4405223,37,0x6e22cb038361da93977ca03084da76ae5b945bd42d5ce4424115f8d77f0c64ee,1,1,7,236,157,1080658,44,7,4.0,2.0,2,4,0,-0.0046531009378389,-0.223762404813712,-0.2255580991149517,-0.1280296355987003,-1.0569880146521458,-1.0653860391220316,-1.0718022206244904,-0.6933262647636903,-0.7381154126217778,-0.6568747996741708,-0.2467094522343393,-0.0624777701601535,-0.0581270149117499,-0.04276340027489,-0.8785370874179007,-0.142079464518164,-0.1298015139555901,1.1324434937515404,-0.2770903636298697,1.0555555555555558,1.6581207780162064,0.9962810411535766,-0.0689997433443295,-0.3292259591864637,-1.194715316058261,-0.0580065673873017,-0.39114556,-1.0514671867105485,0.2857142857142857,0.6708860759493671,3.4703389830508478,0.0007467665563327,0.0868924889543446,2.659090909090909,2.5878366230638896e-05,0.0085470085470085,0.0012210012210012,1.0,0.0094339622641509,
0xa4edb1b7cc81720bdae1c890f9a3729a5093f794dc91c91f0520b8dd228575fa,1,0xc25c0092307a5b8afd8a4bd01351a92579040951,0xf2919d1d80aff2940274014bef534f7791906ff2,2022-12-23 22:28:11+00:00,140262,10488177280,8626747,130662,1618123000000000.0,2488,2,88,808,820,0.9853658536585366,106,2418,2514,0.9618138424821002,517,1847,11589544,38,0xa4edb1b7cc81720bdae1c890f9a3729a5093f794dc91c91f0520b8dd228575fa,11,3,3,236,157,1080684,604,4,2.0,1.0,1,2,0,-0.2954719095527734,-0.2115642798238673,-0.2135347462836642,-0.1280296355987003,2.720030053487936,2.70879303573034,2.845503520613512,-0.6656020859103758,0.1456434626437607,0.7711138952696789,-0.4857689989730401,-0.0624777701601535,-0.0581270149117499,-0.0424992365035362,2.515744627962001,2.3004336828602736,2.2820287709969884,-0.22866647469983,-0.4472932896924432,-0.3333333333333333,-0.3348128494071184,-0.1841467327250685,-0.4383164399698598,-0.724838421040147,-0.0784847630112064,-0.4193598566931285,-0.5294781,2.8749532635575124,0.3333333333333333,0.6708860759493671,3.4745762711864407,0.0007476739290357,0.2797619047619047,4.162251655629139,0.0002086363183369,0.0043754972155926,0.0134146341463414,3.6666666666666665,0.0283018867924528,
0x876189bf55c162ba74440b9f36665e599ceba79305f3b45649affdc093e03d8f,15,0xc25c0092307a5b8afd8a4bd01351a92579040951,0xf2919d1d80aff2940274014bef534f7791906ff2,2022-12-23 22:39:47+00:00,606033,31769125032,7268334,538833,2.2653721e+16,2490,2,87,809,821,0.9853836784409256,106,2420,2516,0.9618441971383148,517,1847,11589602,39,0x876189bf55c162ba74440b9f36665e599ceba79305f3b45649affdc093e03d8f,12,3,44,236,157,1080742,604,5,15.0,2.0,2,2,0,3.775991411056309,-0.1993661548340226,-0.2015113934523769,-0.1280296355987003,2.723308715005418,2.711942121316366,2.845503520613512,-0.6378779070570613,0.2340193501703145,0.7711138952696789,1.964591355098644,-0.0624777701601535,-0.0581270149117499,-0.0419099480905159,2.515744627962001,2.3004336828602736,2.2820482420307195,0.2250368481172934,0.6590257297142846,1.0555555555555558,1.6581207780162064,-0.1841467327250685,0.6874861524184374,2.804417976509279,-0.3549201163251643,0.6463862573229028,0.3696834,2.878233481143367,0.3409090909090909,0.6708860759493671,3.4788135593220337,0.0007485590931424,0.2797619047619047,4.1655629139072845,0.0002088078426845,0.0047694753577106,0.0146163215590742,4.0,0.0283018867924528,
0xdb380b7d53c6524b0a546d90254d02b9d1bd3e2233908ceeb84ed78b957397db,1,0xa553da0483f7a84320250abd59f37fe3672fa994,0xf2919d1d80aff2940274014bef534f7791906ff2,2022-12-23 23:50:47+00:00,966446,12226246498,6048771,961646,7.119741e+16,1208,2,86,810,822,0.9854014598540146,106,1256,1294,0.9706336939721792,303,708,4598083,40,0xdb380b7d53c6524b0a546d90254d02b9d1bd3e2233908ceeb84ed78b957397db,1,1,89,237,157,1081095,318,7,45.0,2.0,1,4,0,-0.2954719095527734,-0.1871680298441779,-0.1894880406210894,-0.1280296355987003,0.8151277118304812,0.7878508282543727,1.0151466895547074,-0.6101537282037467,-0.7381154126217778,-0.6568747996741708,4.654011255909029,-0.0188480423946828,-0.0581270149117499,-0.0383234168871343,0.7822364661786939,-0.079397347818974,-0.0650569697243462,1.1324434937515404,3.212069620652888,1.0555555555555558,-0.3348128494071184,0.9962810411535766,1.558630748648008,-0.4365950599598707,-0.6030996676056883,1.750363050641047,2.4446716,0.7756140086105124,0.0112359550561797,0.6708860759493671,3.4683544303797467,0.0007492396604926,0.4273624823695345,4.069182389937107,0.0002731572541954,0.0007727975270479,0.0012165450121654,1.0,0.0094339622641509,
0x48fff8fcb45ab086fac99853e310802d47dd4789bd64e60977abbdb33112c663,1,0xa553da0483f7a84320250abd59f37fe3672fa994,0xf2919d1d80aff2940274014bef534f7791906ff2,2022-12-23 23:54:23+00:00,315476,11206793936,13510785,296276,1.1326861e+16,1210,2,85,811,823,0.9854191980558932,106,1259,1297,0.9707016191210486,303,708,4598101,41,0x48fff8fcb45ab086fac99853e310802d47dd4789bd64e60977abbdb33112c663,2,1,9,237,157,1081113,318,7,8.0,1.0,1,5,0,-0.2954719095527734,-0.1749699048543332,-0.177464687789802,-0.1280296355987003,0.8200457041067053,0.792574456633412,1.0151466895547074,-0.5824295493504321,-0.649739525095224,-0.6568747996741708,-0.1271796788649888,-0.0188480423946828,-0.0581270149117499,-0.038140534276197,0.7822364661786939,-0.079397347818974,-0.06505092698974,1.1324434937515404,0.0633154884952773,-0.3333333333333333,-0.3348128494071184,1.586494928092899,-0.0148113797090812,-0.6056622236203105,0.9154108859032226,0.013063017363703,-0.114480466,0.7788942261963672,0.1111111111111111,0.6708860759493671,3.4725738396624477,0.0007501521578667,0.4273624823695345,4.078616352201258,0.0002738086279947,0.0015420200462606,0.0024301336573511,2.0,0.0094339622641509,
0x8191c3326e3d7dc360682add267213d9865d6b906ccf8f371a8c6d667b6306d9,1,0xa553da0483f7a84320250abd59f37fe3672fa994,0xf2919d1d80aff2940274014bef534f7791906ff2,2022-12-23 23:55:59+00:00,189444,12148954702,11620198,172244,3236246000000000.0,1211,2,84,812,824,0.9854368932038836,106,1260,1298,0.970724191063174,303,708,4598109,42,0x8191c3326e3d7dc360682add267213d9865d6b906ccf8f371a8c6d667b6306d9,3,1,4,237,157,1081121,318,4,3.0,1.0,1,2,0,-0.2954719095527734,-0.1627717798644885,-0.1654413349585146,-0.1280296355987003,0.8216850348654466,0.7941489994264251,1.0151466895547074,-0.5547053704971175,-0.5613636375686701,-0.6568747996741708,-0.4260041122883649,-0.0188480423946828,-0.0581270149117499,-0.0380592531157804,0.7822364661786939,-0.079397347818974,-0.0650482413299149,-0.22866647469983,-0.3621918266611564,-0.3333333333333333,-0.3348128494071184,-0.1841467327250685,-0.3194399468029575,-0.4494132186570297,0.5306787865227134,-0.3107880695916083,-0.46031183,0.7805343349892945,0.25,0.6708860759493671,3.476793248945148,0.000751071571941,0.4273624823695345,4.081761006289308,0.0002740256322706,0.0023112480739599,0.0036407766990291,3.0,0.0094339622641509,
0xe44b99f9e3de7a4f3a3363b3b7006e24264a06b767993dcfb24df105d6986f5f,1,0xa553da0483f7a84320250abd59f37fe3672fa994,0xf2919d1d80aff2940274014bef534f7791906ff2,2022-12-23 23:57:59+00:00,196727,12067440515,3855316,187127,8090615000000000.0,1212,2,83,813,825,0.9854545454545456,106,1261,1299,0.970746728252502,303,708,4598119,43,0xe44b99f9e3de7a4f3a3363b3b7006e24264a06b767993dcfb24df105d6986f5f,4,1,7,237,157,1081131,318,5,6.0,1.0,1,3,0,-0.2954719095527734,-0.1505736548746437,-0.1534179821272272,-0.1280296355987003,0.823324365624188,0.7957235422194382,1.0151466895547074,-0.5269811916438031,-0.4729877500421163,-0.6568747996741708,-0.2467094522343393,-0.0188480423946828,-0.0581270149117499,-0.0379576516652597,0.7822364661786939,-0.079397347818974,-0.0650448842551337,0.2250368481172934,-0.1068874375672961,-0.3333333333333333,-0.3348128494071184,0.406067154214254,-0.3018364028288501,-0.4629316234439478,-1.0494650277010846,-0.2719281324209112,-0.25281298,0.7821744437822219,0.1428571428571428,0.6708860759493671,3.481012658227848,0.0007519895812907,0.4273624823695345,4.084905660377358,0.0002742425165067,0.0030792917628945,0.0048484848484848,4.0,0.0094339622641509,
0x4084113e90d2733fc7affe292f42b6681fe329a271fcf3a18f2348f64badc4cb,1,0xa553da0483f7a84320250abd59f37fe3672fa994,0xf2919d1d80aff2940274014bef534f7791906ff2,2022-12-23 23:59:47+00:00,339127,11632939267,4299024,324727,1.4563107e+16,1213,2,82,814,826,0.9854721549636803,106,1262,1300,0.9707692307692308,303,708,4598128,44,0x4084113e90d2733fc7affe292f42b6681fe329a271fcf3a18f2348f64badc4cb,5,1,13,237,157,1081140,318,8,10.0,2.0,1,5,0,-0.2954719095527734,-0.138375529884799,-0.1413946292959398,-0.1280296355987003,0.8249636963829293,0.7972980850124513,1.0151466895547074,-0.4992570127904885,-0.3846118625155624,-0.6568747996741708,0.111879867873712,-0.0188480423946828,-0.0581270149117499,-0.0378662103597911,0.7822364661786939,-0.079397347818974,-0.0650418628878306,1.586146816568664,0.2335184145578508,1.0555555555555558,-0.3348128494071184,1.586494928092899,0.042354818084632,-0.534989800885932,-0.9591710024317228,0.0873493892271379,0.023852078,0.7838145525751492,0.0769230769230769,0.6708860759493671,3.4852320675105486,0.0007529082700591,0.4273624823695345,4.088050314465409,0.0002744594594888,0.0038461538461538,0.0060532687651331,5.0,0.0094339622641509,
0x68e8fb19281a30c0ea49fa2bec6d19bc77c547caacdaa2bef76099e3c370f57e,1,0xa553da0483f7a84320250abd59f37fe3672fa994,0xf2919d1d80aff2940274014bef534f7791906ff2,2022-12-24 00:02:11+00:00,356225,16459781168,5293546,337025,9708738000000000.0,1215,2,81,815,827,0.985489721886336,107,1264,1302,0.9708141321044548,304,709,4598140,45,0x68e8fb19281a30c0ea49fa2bec6d19bc77c547caacdaa2bef76099e3c370f57e,6,2,8,237,158,1081152,319,7,7.0,1.0,1,5,0,-0.2954719095527734,-0.1261774048949543,-0.1293712764646524,-0.0254417865612805,0.828242357900412,0.8004471705984775,1.0236997588587204,-0.4715328339371739,-0.2962359749890085,0.057119547797754,-0.186944565549664,-0.0188480423946828,0.0117371857033346,-0.0377442886191662,0.7882976835275866,-0.077307943929001,-0.0650378343980931,1.1324434937515404,-0.0217859745360094,-0.3333333333333333,-0.3348128494071184,1.586494928092899,0.0836819353260556,0.2654991086111982,-0.7567870143158081,0.1194598177244323,-0.18364672,0.7870947701610039,0.125,0.6729559748427673,3.4894514767932487,0.0007538248518017,0.428169014084507,4.081504702194358,0.0002748937016068,0.0046082949308755,0.0072551390568319,3.0,0.0186915887850467,
0x44d26977d59f07a9466fbf482ba792d751d889b81c79e051db96529ca11ed33c,1,0xa553da0483f7a84320250abd59f37fe3672fa994,0xf2919d1d80aff2940274014bef534f7791906ff2,2022-12-24 00:04:35+00:00,56845,21695704577,8898777,56845,0.0,1216,2,80,816,828,0.9855072463768116,107,1265,1303,0.9708365310821182,304,709,4598152,46,0x44d26977d59f07a9466fbf482ba792d751d889b81c79e051db96529ca11ed33c,7,2,3,237,158,1081164,319,3,2.0,1.0,1,2,0,-0.2954719095527734,-0.1139792799051096,-0.117347923633365,-0.0254417865612805,0.8298816886591533,0.8020217133914905,1.0236997588587204,-0.4438086550838594,-0.2078600874624547,0.057119547797754,-0.4857689989730401,-0.0188480423946828,0.0117371857033346,-0.0376223668785413,0.7882976835275866,-0.077307943929001,-0.0650338059083556,-0.6823697975169535,-0.4472932896924432,-0.3333333333333333,-0.3348128494071184,-0.1841467327250685,-0.6399414334736515,1.1338305571744036,-0.0231269968811738,-0.6120981475034051,-0.5986444,0.7887348789539312,0.3333333333333333,0.6729559748427673,3.4936708860759493,0.0007547414131978,0.428169014084507,4.084639498432602,0.0002751104628314,0.0053722179585571,0.0084541062801932,3.5,0.0186915887850467,
0x25c383cb0ed7f9c539ea5b6058cd52738c597e0ee6b85300d7cce77f24396dee,1,0xa7a9593478dc4c4f191cc97a88da0c1299af0355,0xf2919d1d80aff2940274014bef534f7791906ff2,2022-12-24 00:31:23+00:00,157423,10749782348,6793022,147823,1618123000000000.0,207,2,79,817,829,0.985524728588661,107,237,237,1.0,118,1833,11499907,47,0x25c383cb0ed7f9c539ea5b6058cd52738c597e0ee6b85300d7cce77f24396dee,1,1,3,238,158,1081297,79,4,2.0,1.0,1,2,0,-0.2954719095527734,-0.1017811549152649,-0.1053245708020776,-0.0254417865612805,-0.8553503313269591,-0.8764409039604609,-0.5671711316877172,-0.4160844762305448,-0.7381154126217778,-0.6568747996741708,-0.4857689989730401,0.0247816853707878,0.0117371857033346,-0.0362710675866157,-0.6663944802066568,2.271182028400652,2.2519369597802714,-0.22866647469983,-0.4472932896924432,-0.3333333333333333,-0.3348128494071184,-0.1841467327250685,-0.3968370471180601,-0.6814535412580149,-0.4516455162251682,-0.374551996598636,-0.5294781,-0.8661348931097584,0.3333333333333333,0.6729559748427673,3.4831932773109244,0.0007555733941984,0.064340239912759,3.0,2.0608860523058097e-05,0.0042194092827004,0.0012062726176115,1.0,0.0093457943925233,
0x98fca428e4f5a313949cacc633565c1fb09492af65969e33d26305cac1bdb2da,1,0xa7a9593478dc4c4f191cc97a88da0c1299af0355,0xf2919d1d80aff2940274014bef534f7791906ff2,2022-12-24 00:33:35+00:00,138843,11368796507,2816314,129243,1618123000000000.0,209,2,78,818,830,0.9855421686746988,107,239,239,1.0,118,1833,11499918,48,0x98fca428e4f5a313949cacc633565c1fb09492af65969e33d26305cac1bdb2da,2,1,3,238,158,1081308,79,4,2.0,1.0,1,2,0,-0.2954719095527734,-0.0895830299254202,-0.0933012179707901,-0.0254417865612805,-0.8520716698094765,-0.8732918183744348,-0.5671711316877172,-0.3883602973772302,-0.649739525095224,-0.6568747996741708,-0.4857689989730401,0.0247816853707878,0.0117371857033346,-0.0361593059910429,-0.6663944802066568,2.271182028400652,2.251940652562531,-0.22866647469983,-0.4472932896924432,-0.3333333333333333,-0.3348128494071184,-0.1841467327250685,-0.4417462668130917,-0.5787955343739413,-1.2609006404079042,-0.423064906135124,-0.5294781,-0.8628546755239037,0.3333333333333333,0.6729559748427673,3.4873949579831933,0.0007564905128876,0.064340239912759,3.0253164556962027,2.078275507853577e-05,0.00836820083682,0.0024096385542168,2.0,0.0093457943925233,
0x1cfbb756e5f06c30e87bf96681d46555dea3e1137d83b5160ff3f5c9950bd978,1,0xc0f0adbd3e06b2ba2258b4cec3b60b5510789ec4,0xf2919d1d80aff2940274014bef534f7791906ff2,2022-12-24 05:47:35+00:00,49803,11029240843,4939685,49803,3e+16,233,2,77,819,831,0.9855595667870036,107,248,248,1.0,89,420,2731474,49,0x1cfbb756e5f06c30e87bf96681d46555dea3e1137d83b5160ff3f5c9950bd978,5,4,2,238,158,1082868,105,3,1.0,1.0,1,1,0,-0.2954719095527734,-0.0773849049355755,-0.0812778651395027,-0.0254417865612805,-0.8373176929808043,-0.859120933237317,-0.8152101415040972,-0.3606361185239157,-0.3846118625155624,1.4851082427416038,-0.5455338856577153,0.0247816853707878,0.0117371857033346,-0.0203094797098096,-0.5088028291354472,-0.6811456681311981,-0.6916915697603201,-0.6823697975169535,-0.5323947527237299,-0.3333333333333333,-0.3348128494071184,-0.7743606196643911,-0.656962462811241,-0.6351078289888988,-0.8287972870083032,-0.6304850102028641,0.68369836,-0.8234920644936475,0.5,0.6729559748427673,3.491596638655462,0.0007563241721759,0.2114014251781472,2.361904761904762,9.079343578103406e-05,0.0201612903225806,0.0060168471720818,1.25,0.0373831775700934,
0x9464c5dcf2dd8fd29ed56d76a03b328c92f7435b9c77f37fee1b57a604ef8b3e,1,0xc0f0adbd3e06b2ba2258b4cec3b60b5510789ec4,0xf2919d1d80aff2940274014bef534f7791906ff2,2022-12-24 05:56:47+00:00,259510,11996611809,3439306,163407,8130090000000000.0,234,2,76,820,832,0.9855769230769232,107,249,249,1.0,89,420,2731520,50,0x9464c5dcf2dd8fd29ed56d76a03b328c92f7435b9c77f37fee1b57a604ef8b3e,6,4,3,238,158,1082914,105,4,2.0,1.0,1,2,0,-0.2954719095527734,-0.0651867799457307,-0.0692545123082153,-0.0254417865612805,-0.8356783622220629,-0.8575463904443039,-0.8152101415040972,-0.3329119396706012,-0.2962359749890085,1.4851082427416038,-0.4857689989730401,0.0247816853707878,0.0117371857033346,-0.0198421130374143,-0.5088028291354472,-0.6811456681311981,-0.6916761272163263,-0.22866647469983,-0.4472932896924432,-0.3333333333333333,-0.3348128494071184,-0.1841467327250685,-0.1500852973329853,-0.4746779359998421,-1.1341225444740688,-0.3338617284491941,-0.25112563,-0.8218519557007201,0.3333333333333333,0.6729559748427673,3.495798319327731,0.0007572154785925,0.2114014251781472,2.3714285714285714,9.115800317844892e-05,0.0240963855421686,0.0072115384615384,1.5,0.0373831775700934,
0x2f277cc5a815391d2361185ee587fe186d85c94d87bf571cf76497b853d096e9,1,0x6e6e7ecd39193fdfca1384fb063270c714591be7,0xf2919d1d80aff2940274014bef534f7791906ff2,2022-12-24 18:16:59+00:00,2228630,16304147230,6449061,2041430,6.148867e+16,582,2,75,821,833,0.985594237695078,107,602,620,0.970967741935484,226,503,3274333,51,0x2f277cc5a815391d2361185ee587fe186d85c94d87bf571cf76497b853d096e9,1,1,59,239,158,1086601,160,6,39.0,2.0,1,3,0,-0.2954719095527734,-0.052988654955886,-0.0572311594769279,-0.0254417865612805,-0.2569946043863647,-0.2733910142364483,0.3565603531456982,-0.3051877608172866,-0.7381154126217778,-0.6568747996741708,2.861064655368772,0.0684114131362585,0.0117371857033346,0.0176183417695773,-0.1754358749463496,-0.5077251452634391,-0.5094497438927019,0.6787401709344169,2.701460842465167,1.0555555555555558,-0.3348128494071184,0.406067154214254,4.609421843995357,0.2396886006505887,-0.5216411512501734,4.569709848862102,2.029674,-0.2510940957620046,0.0169491525423728,0.6729559748427673,3.485355648535565,0.0007555664355486,0.4484126984126984,3.875,0.000183854182255,0.0016129032258064,0.0012004801920768,1.0,0.0093457943925233,
0x4a530d0d40421c79dbb1d56552d58f391076ec71b50856aea6f3d561bd95185e,1,0x6e6e7ecd39193fdfca1384fb063270c714591be7,0xf2919d1d80aff2940274014bef534f7791906ff2,2022-12-24 18:20:59+00:00,1290017,13420986568,9969992,1179617,3.236246e+16,589,2,74,822,834,0.9856115107913668,107,609,627,0.971291866028708,226,503,3274353,52,0x4a530d0d40421c79dbb1d56552d58f391076ec71b50856aea6f3d561bd95185e,2,1,22,239,158,1086621,161,9,21.0,1.0,1,7,0,-0.2954719095527734,-0.0407905299660413,-0.0452078066456405,-0.0254417865612805,-0.2455192890751752,-0.2623692146853567,0.3565603531456982,-0.2774635819639721,-0.649739525095224,-0.6568747996741708,0.6497638480357889,0.0684114131362585,0.0117371857033346,0.0178215446706188,-0.169374657597457,-0.5077251452634391,-0.5094430297431395,2.0398501393857877,1.1696345079020052,-0.3333333333333333,-0.3348128494071184,2.766922701971545,2.340725534758937,-0.2384580181046801,0.1948639211976515,2.3194915438906616,0.7846811,-0.2396133342115132,0.0454545454545454,0.6729559748427673,3.489539748953975,0.0007564728120726,0.4484126984126984,3.894409937888199,0.0001859908855303,0.0031897926634768,0.0023980815347721,2.0,0.0093457943925233,
0xe44b2fd1f25996d318b144fcb98a8a495baf7ae5ad9d37fec2178ace8a960935,1,0x6e6e7ecd39193fdfca1384fb063270c714591be7,0xf2919d1d80aff2940274014bef534f7791906ff2,2022-12-24 18:21:35+00:00,56857,12950451668,8811384,56857,0.0,590,2,73,823,835,0.98562874251497,107,610,628,0.9713375796178344,226,503,3274356,53,0xe44b2fd1f25996d318b144fcb98a8a495baf7ae5ad9d37fec2178ace8a960935,3,1,3,239,158,1086624,161,3,2.0,1.0,1,2,0,-0.2954719095527734,-0.0285924049761966,-0.0331844538143531,-0.0254417865612805,-0.2438799583164339,-0.2607946718923437,0.3565603531456982,-0.2497394031106575,-0.5613636375686701,-0.6568747996741708,-0.4857689989730401,0.0684114131362585,0.0117371857033346,0.017852025105775,-0.169374657597457,-0.5077251452634391,-0.5094420226207051,-0.6823697975169535,-0.4472932896924432,-0.3333333333333333,-0.3348128494071184,-0.1841467327250685,-0.6399124285954847,-0.3164920570698484,-0.0409113635150081,-0.6120668151614009,-0.5986444,-0.2379732254185858,0.3333333333333333,0.6729559748427673,3.493723849372385,0.0007573910042562,0.4484126984126984,3.900621118012422,0.0001862961185967,0.0047770700636942,0.0035928143712574,3.0,0.0093457943925233,
0xfb556bc55406bee6419eba26d61a5f9ec952f26c843ec2b237f6524155ec1c11,12,0xd0d801c1053555726bdcf188f4a55e690c440e74,0xf2919d1d80aff2940274014bef534f7791906ff2,2022-12-25 16:28:59+00:00,508265,12303222017,18111602,455465,1.7799353e+16,964,2,72,824,836,0.985645933014354,108,953,1064,0.8956766917293233,228,691,4483432,54,0xfb556bc55406bee6419eba26d61a5f9ec952f26c843ec2b237f6524155ec1c11,23,2,35,239,159,1093227,144,5,12.0,2.0,2,2,0,2.903534985211506,-0.0163942799863519,-0.0211611009830657,0.0771460624761391,0.3184104919318507,0.4257059858613626,0.3736664917537244,-0.222015224257343,1.206154112962407,0.057119547797754,1.4267073749365666,0.0684114131362585,0.0816013863184193,0.0849394628846103,-0.2724153525286326,-0.114917213948515,-0.1035461677988891,0.2250368481172934,0.4037213406204243,1.0555555555555558,1.6581207780162064,-0.1841467327250685,0.4511737417002538,-0.4238293529974115,1.851671414128338,0.428710033305791,0.16218463,0.3754274631362406,0.3428571428571428,0.675,3.497907949790795,0.0007537311521475,0.3294797687861271,7.388888888888889,0.0002125603304432,0.0216165413533834,0.027511961722488,11.5,0.0185185185185185,
0x049f19b73c3a39c25e32440676db8dad89fc79caf2afb1917cb5873b157b1f4e,1,0xd0d801c1053555726bdcf188f4a55e690c440e74,0xf2919d1d80aff2940274014bef534f7791906ff2,2022-12-25 16:37:59+00:00,216068,12371131057,12142510,216068,1.2944984e+16,965,2,71,825,837,0.985663082437276,108,954,1065,0.895774647887324,228,691,4483477,55,0x049f19b73c3a39c25e32440676db8dad89fc79caf2afb1917cb5873b157b1f4e,24,2,10,239,159,1093272,144,4,9.0,1.0,1,2,0,-0.2954719095527734,-0.0041961549965072,-0.0091377481517783,0.0771460624761391,0.3200498226905921,0.4272805286543756,0.3736664917537244,-0.1942910454040284,1.2945300004889608,0.057119547797754,-0.0674147921803136,0.0684114131362585,0.0816013863184193,0.0853966694119536,-0.2724153525286326,-0.114917213948515,-0.1035310609623735,-0.22866647469983,0.1484169515265641,-0.3333333333333333,-0.3348128494071184,-0.1841467327250685,-0.2550877904434031,-0.4125672411467344,0.6369686278744378,-0.1963623565923052,-0.04531417,0.377067571929168,0.1,0.675,3.502092050209205,0.0007546148125856,0.3294797687861271,7.395833333333333,0.0002127812381369,0.0225352112676056,0.028673835125448,12.0,0.0185185185185185,
0x33a0d7755cf7bd216bbacc97593cbf0119029053a04b18dce46c75149fc30201,3,0xd0d801c1053555726bdcf188f4a55e690c440e74,0xf2919d1d80aff2940274014bef534f7791906ff2,2022-12-25 16:38:59+00:00,152675,12403581371,3720049,143075,3236246000000000.0,966,2,70,826,838,0.9856801909307876,108,955,1066,0.8958724202626641,228,691,4483482,56,0x33a0d7755cf7bd216bbacc97593cbf0119029053a04b18dce46c75149fc30201,25,2,8,239,159,1093277,144,5,3.0,2.0,2,2,0,0.2861657076770955,0.0080019699933375,0.002885604679509,0.0771460624761391,0.3216891534493334,0.4288550714473887,0.3736664917537244,-0.1665668665507139,1.3829058880155147,0.057119547797754,-0.186944565549664,0.0684114131362585,0.0816013863184193,0.085447470137214,-0.2724153525286326,-0.114917213948515,-0.1035293824249828,0.2250368481172934,-0.3621918266611564,1.0555555555555558,1.6581207780162064,-0.1841467327250685,-0.408313310579417,-0.4071856444424135,-1.0769916936978905,-0.386949159918294,-0.46031183,0.3787076807220953,0.375,0.675,3.506276150627615,0.0007555260418667,0.3294797687861271,7.402777777777778,0.0002130040417238,0.023452157598499,0.0298329355608591,12.5,0.0185185185185185,
0x68d6d897bddfed90e8c9d04eb42143ff51c30925489b21505f6b51ad41c31659,8,0xbcd17bc16d53d690ba29d567e79d41d4a7049451,0xf2919d1d80aff2940274014bef534f7791906ff2,2022-12-25 16:44:11+00:00,367365,11013793116,12640300,333765,1.1326861e+16,447,2,69,827,839,0.9856972586412396,108,510,549,0.9289617486338798,175,518,3365358,57,0x68d6d897bddfed90e8c9d04eb42143ff51c30925489b21505f6b51ad41c31659,1,1,23,240,159,1093302,85,5,8.0,2.0,2,2,0,1.740259750751768,0.0202000949831822,0.0149089575107964,0.0771460624761391,-0.4078130341905693,-0.3851835525403775,-0.0796461813589701,-0.1388426876973993,-0.7381154126217778,-0.6568747996741708,0.7095287347204642,0.1120411409017292,0.0816013863184193,0.0857014737635158,-0.6300271761133007,-0.4763840869138441,-0.4788919706963472,0.2250368481172934,0.0633154884952773,1.0555555555555558,1.6581207780162064,-0.1841467327250685,0.1106081305576299,-0.6376696974722809,0.7382682727734156,0.110947864813294,-0.114480466,-0.472508782807196,0.3478260869565217,0.675,3.495833333333333,0.0007564234251621,0.3371868978805395,6.458823529411765,0.0001515440106092,0.0018214936247723,0.00119189511323,1.0,0.0092592592592592,
0xc981f4743e0abab409d7e1b4fa595a8802ac72a2505dff2d8a6b90b257c6a829,1,0xd0d801c1053555726bdcf188f4a55e690c440e74,0xf2919d1d80aff2940274014bef534f7791906ff2,2022-12-25 16:54:11+00:00,238576,11233514016,8203193,214576,4.0650405e+16,972,2,68,828,840,0.9857142857142858,108,961,1072,0.8964552238805971,228,691,4483557,58,0xc981f4743e0abab409d7e1b4fa595a8802ac72a2505dff2d8a6b90b257c6a829,26,2,7,240,159,1093352,144,4,6.0,1.0,1,2,0,-0.2954719095527734,0.0323982199730269,0.0269323103420839,0.0771460624761391,0.3315251380017815,0.4383023282054673,0.3736664917537244,-0.1111185088440847,1.4712817755420686,0.057119547797754,-0.2467094522343393,0.1120411409017292,0.0816013863184193,0.0862094810161194,-0.2724153525286326,-0.114917213948515,-0.1035042043641234,-0.22866647469983,-0.1068874375672961,-0.3333333333333333,-0.3348128494071184,-0.1841467327250685,-0.2006843072950839,-0.601230935390952,-0.1646774743865688,-0.2002580111148262,1.1389474,0.3885483334796594,0.1428571428571428,0.675,3.5,0.000757303450944,0.3294797687861271,7.444444444444445,0.0002143387015401,0.0242537313432835,0.0309523809523809,13.0,0.0185185185185185,
0x5f77c957922ace20982e7288ad6bb3f9080c38a5e1e610d2834dc8186f224c86,1,0xd0d801c1053555726bdcf188f4a55e690c440e74,0xf2919d1d80aff2940274014bef534f7791906ff2,2022-12-25 17:13:35+00:00,148038,13238077589,15251794,93892,8130081000000000.0,973,2,67,829,841,0.985731272294887,108,963,1074,0.8966480446927374,228,691,4483654,59,0x5f77c957922ace20982e7288ad6bb3f9080c38a5e1e610d2834dc8186f224c86,27,2,3,240,159,1093449,144,4,2.0,1.0,1,2,0,-0.2954719095527734,0.0445963449628716,0.0389556631733713,0.0771460624761391,0.3348037995192643,0.4414514137914934,0.3736664917537244,-0.0833943299907702,1.5596576630686223,0.057119547797754,-0.4857689989730401,0.1120411409017292,0.0816013863184193,0.0871950150861704,-0.2724153525286326,-0.114917213948515,-0.1034716407387453,-0.22866647469983,-0.4472932896924432,-0.3333333333333333,-0.3348128494071184,-0.1841467327250685,-0.4195212789177303,-0.2687918496533392,1.2697040486142543,-0.5153673746509685,-0.25112602,0.3901884422725867,0.3333333333333333,0.675,3.504166666666667,0.0007581508070785,0.3294797687861271,7.458333333333333,0.000214780129158,0.0251396648044692,0.0321046373365041,13.5,0.0185185185185185,
0xc505352fdf123ef0186b96d1f97b117aa8ecb6a3a934e97f376d8672954d8e28,1,0xd0d801c1053555726bdcf188f4a55e690c440e74,0xf2919d1d80aff2940274014bef534f7791906ff2,2022-12-25 17:13:47+00:00,148038,13380910232,7215535,93892,8130081000000000.0,974,2,66,830,842,0.985748218527316,108,964,1075,0.8967441860465116,228,691,4483655,60,0xc505352fdf123ef0186b96d1f97b117aa8ecb6a3a934e97f376d8672954d8e28,28,2,3,240,159,1093450,144,4,2.0,1.0,1,2,0,-0.2954719095527734,0.0567944699527163,0.0509790160046587,0.0771460624761391,0.3364431302780056,0.4430259565845065,0.3736664917537244,-0.0556701511374556,1.6480335505951764,0.057119547797754,-0.4857689989730401,0.1120411409017292,0.0816013863184193,0.0872051752312225,-0.2724153525286326,-0.114917213948515,-0.1034713050312672,-0.22866647469983,-0.4472932896924432,-0.3333333333333333,-0.3348128494071184,-0.1841467327250685,-0.4195212789177303,-0.2451043229058865,-0.3656646470530237,-0.5153673746509685,-0.25112602,0.391828551065514,0.3333333333333333,0.675,3.5083333333333333,0.0007590646494447,0.3294797687861271,7.465277777777778,0.0002150031135305,0.0260465116279069,0.0332541567695962,14.0,0.0185185185185185,
0x0a325e260407992d4b471812d768ba38b37d1a9c366fd041146e98f0b18f1bef,1,0xd0d801c1053555726bdcf188f4a55e690c440e74,0xf2919d1d80aff2940274014bef534f7791906ff2,2022-12-25 17:14:35+00:00,148038,11366480046,22195842,93892,8130081000000000.0,975,2,65,831,844,0.9845971563981044,108,965,1077,0.8960074280408542,228,691,4483658,61,0x0a325e260407992d4b471812d768ba38b37d1a9c366fd041146e98f0b18f1bef,30,2,3,240,159,1093453,144,4,2.0,1.0,1,2,0,-0.2954719095527734,0.068992594942561,0.0750257216672335,0.0771460624761391,0.338082461036747,0.4461750421705327,0.3736664917537244,-0.0279459722841411,1.824785325648284,0.057119547797754,-0.4857689989730401,0.1120411409017292,0.0816013863184193,0.0872356556663787,-0.2724153525286326,-0.114917213948515,-0.1034702979088328,-0.22866647469983,-0.4472932896924432,-0.3333333333333333,-0.3348128494071184,-0.1841467327250685,-0.4195212789177303,-0.5791796988810486,2.6828091663575937,-0.5153673746509685,-0.25112602,0.3934686598584414,0.3333333333333333,0.675,3.5166666666666666,0.0007599771000883,0.3294797687861271,7.479166666666667,0.0002152260017989,0.0278551532033426,0.0355450236966824,15.0,0.0185185185185185,
0x4e10df460a9a7d45b34b1dd7f46aee8e3c35b2725966b964309109eddde0b8e8,1,0xd0d801c1053555726bdcf188f4a55e690c440e74,0xf2919d1d80aff2940274014bef534f7791906ff2,2022-12-25 17:14:35+00:00,148038,11366480046,23044570,81330,8130081000000000.0,976,2,64,831,844,0.9845971563981044,108,965,1077,0.8960074280408542,228,691,4483658,62,0x4e10df460a9a7d45b34b1dd7f46aee8e3c35b2725966b964309109eddde0b8e8,30,2,3,240,159,1093453,144,4,2.0,1.0,1,2,0,-0.2954719095527734,0.068992594942561,0.0750257216672335,0.0771460624761391,0.338082461036747,0.4461750421705327,0.3736664917537244,-0.0002217934308265,1.824785325648284,0.057119547797754,-0.4857689989730401,0.1120411409017292,0.0816013863184193,0.0872356556663787,-0.2724153525286326,-0.114917213948515,-0.1034702979088328,-0.22866647469983,-0.4472932896924432,-0.3333333333333333,-0.3348128494071184,-0.1841467327250685,-0.4195212789177303,-0.5791796988810486,2.8555242570902712,-0.548167114672355,-0.25112602,0.3951087686513688,0.3333333333333333,0.675,3.5166666666666666,0.0007599771000883,0.3294797687861271,7.479166666666667,0.0002152260017989,0.0278551532033426,0.0355450236966824,15.0,0.0185185185185185,
0xe780a1b2360445c7b7a584c2f990fe779d3f085ca7524d7c1b322d6969ad43e4,1,0xd0d801c1053555726bdcf188f4a55e690c440e74,0xf2919d1d80aff2940274014bef534f7791906ff2,2022-12-25 17:17:11+00:00,49803,10855496406,4539069,49803,4.2e+16,977,2,63,832,845,0.9846153846153848,108,966,1078,0.8961038961038961,228,691,4483671,63,0xe780a1b2360445c7b7a584c2f990fe779d3f085ca7524d7c1b322d6969ad43e4,31,2,2,240,159,1093466,144,3,1.0,1.0,1,1,0,-0.2954719095527734,0.0811907199324058,0.0870490744985209,0.0771460624761391,0.3397217917954883,0.4477495849635458,0.3736664917537244,0.0275023854224879,1.913161213174838,0.057119547797754,-0.5455338856577153,0.1120411409017292,0.0816013863184193,0.0873677375520557,-0.2724153525286326,-0.114917213948515,-0.1034659337116171,-0.6823697975169535,-0.5323947527237299,-0.3333333333333333,-0.3348128494071184,-0.7743606196643911,-0.656962462811241,-0.6639218025471604,-0.9103221439577176,-0.6304850102028641,1.1966355,0.3967488774442961,0.5,0.675,3.520833333333333,0.0007608825872202,0.3294797687861271,7.486111111111111,0.0002154484092502,0.0287569573283859,0.0366863905325443,15.5,0.0185185185185185,
0x3552e9850211d97d72cd9b9699c23a6865bd90431d4bab4bf129898487898b4c,1,0xd0d801c1053555726bdcf188f4a55e690c440e74,0xf2919d1d80aff2940274014bef534f7791906ff2,2022-12-25 17:17:47+00:00,148038,12188301292,11071917,93892,8130081000000000.0,978,2,62,833,846,0.9846335697399528,108,967,1079,0.8962001853568119,228,691,4483674,64,0x3552e9850211d97d72cd9b9699c23a6865bd90431d4bab4bf129898487898b4c,32,2,3,240,159,1093469,144,4,2.0,1.0,1,2,0,-0.2954719095527734,0.0933888449222505,0.0990724273298083,0.0771460624761391,0.3413611225542297,0.4493241277565589,0.3736664917537244,0.0552265642758025,2.001537100701392,0.057119547797754,-0.4857689989730401,0.1120411409017292,0.0816013863184193,0.0873982179872119,-0.2724153525286326,-0.114917213948515,-0.1034649265891828,-0.22866647469983,-0.4472932896924432,-0.3333333333333333,-0.3348128494071184,-0.1841467327250685,-0.4195212789177303,-0.4428879357562151,0.419104286020782,-0.5153673746509685,-0.25112602,0.3983889862372234,0.3333333333333333,0.675,3.525,0.0007617950195249,0.3294797687861271,7.493055555555555,0.0002156712964253,0.0296570898980537,0.0378250591016548,16.0,0.0185185185185185,
0x975564a4e260f701f8d30dedf1b5e047f852164f65f1e8a7969618fbe4bec5dd,1,0xd0d801c1053555726bdcf188f4a55e690c440e74,0xf2919d1d80aff2940274014bef534f7791906ff2,2022-12-25 17:18:11+00:00,148038,11779800556,7272701,93892,8130081000000000.0,979,2,61,834,847,0.9846517119244392,108,968,1080,0.8962962962962963,228,691,4483676,65,0x975564a4e260f701f8d30dedf1b5e047f852164f65f1e8a7969618fbe4bec5dd,33,2,3,240,159,1093471,144,4,2.0,1.0,1,2,0,-0.2954719095527734,0.1055869699120952,0.1110957801610957,0.0771460624761391,0.3430004533129711,0.450898670549572,0.3736664917537244,0.082950743129117,2.0899129882279457,0.057119547797754,-0.4857689989730401,0.1120411409017292,0.0816013863184193,0.087418538277316,-0.2724153525286326,-0.114917213948515,-0.1034642551742265,-0.22866647469983,-0.4472932896924432,-0.3333333333333333,-0.3348128494071184,-0.1841467327250685,-0.4195212789177303,-0.5106341589382234,-0.3540314372651715,-0.5153673746509685,-0.25112602,0.4000290950301508,0.3333333333333333,0.675,3.529166666666667,0.0007627081443329,0.3294797687861271,7.5,0.0002158942314533,0.0305555555555555,0.0389610389610389,16.5,0.0185185185185185,
0x20fa949ac0dfcb7efba428bb8f0759d28e1947e7d4ca05cae46d29307ab202b9,1,0xd0d801c1053555726bdcf188f4a55e690c440e74,0xf2919d1d80aff2940274014bef534f7791906ff2,2022-12-25 17:18:23+00:00,148038,11399728864,9059241,93892,8130081000000000.0,980,2,60,835,848,0.9846698113207548,108,969,1081,0.8963922294172063,228,691,4483677,66,0x20fa949ac0dfcb7efba428bb8f0759d28e1947e7d4ca05cae46d29307ab202b9,34,2,3,240,159,1093472,144,4,2.0,1.0,1,2,0,-0.2954719095527734,0.1177850949019399,0.1231191329923832,0.0771460624761391,0.3446397840717124,0.452473213342585,0.3736664917537244,0.1106749219824316,2.1782888757545,0.057119547797754,-0.4857689989730401,0.1120411409017292,0.0816013863184193,0.0874286984223681,-0.2724153525286326,-0.114917213948515,-0.1034639194667484,-0.22866647469983,-0.4472932896924432,-0.3333333333333333,-0.3348128494071184,-0.1841467327250685,-0.4195212789177303,-0.5736656773720005,0.0095272272275257,-0.5153673746509685,-0.25112602,0.4016692038230781,0.3333333333333333,0.675,3.533333333333333,0.0007636219641454,0.3294797687861271,7.506944444444445,0.0002161172144832,0.0314523589269195,0.0400943396226415,17.0,0.0185185185185185,
0xad54168d49be24c39bb302881ec00d2a02d5ca2f76c459cccd088312aa2e5f91,1,0xbcd17bc16d53d690ba29d567e79d41d4a7049451,0xf2919d1d80aff2940274014bef534f7791906ff2,2022-12-25 17:21:35+00:00,253952,11710983122,14263784,229952,3236246000000000.0,450,2,59,836,849,0.9846878680800942,108,513,552,0.9293478260869564,175,518,3365543,67,0xad54168d49be24c39bb302881ec00d2a02d5ca2f76c459cccd088312aa2e5f91,2,1,6,240,159,1093487,86,5,3.0,2.0,1,2,0,-0.2954719095527734,0.1299832198917846,0.1351424858236706,0.0771460624761391,-0.4028950419143453,-0.3804599241613383,-0.0796461813589701,0.1383991008357461,-0.649739525095224,-0.6568747996741708,-0.3064743389190145,0.1120411409017292,0.0816013863184193,0.0875811005981492,-0.6239659587644081,-0.4763840869138441,-0.4788298648128941,0.2250368481172934,-0.3621918266611564,1.0555555555555558,-0.3348128494071184,-0.1841467327250685,-0.1635193900706056,-0.5220469198752737,1.0686452443862886,-0.1601108368934569,-0.46031183,-0.4675884564284139,0.1666666666666666,0.675,3.5375,0.0007645259938837,0.3371868978805395,6.418604651162791,0.0001524270667684,0.0036231884057971,0.0023557126030624,2.0,0.0092592592592592,
0x457c180a79b08fc53aa137fb96e3e228a826a20c55b98638afe48a62fe8d3137,1,0xd0d801c1053555726bdcf188f4a55e690c440e74,0xf2919d1d80aff2940274014bef534f7791906ff2,2022-12-25 17:24:47+00:00,262291,11681057880,7203777,165261,8130081000000000.0,981,2,58,837,850,0.9847058823529412,108,971,1083,0.8965835641735919,228,691,4483708,68,0x457c180a79b08fc53aa137fb96e3e228a826a20c55b98638afe48a62fe8d3137,35,2,4,240,159,1093503,144,5,2.0,2.0,1,2,0,-0.2954719095527734,0.1421813448816293,0.147165838654958,0.0771460624761391,0.3479184455891951,0.4556222989286112,0.3736664917537244,0.1661232796890607,2.266664763281053,0.057119547797754,-0.4260041122883649,0.1120411409017292,0.0816013863184193,0.0877436629189824,-0.2724153525286326,-0.114917213948515,-0.1034535125349265,0.2250368481172934,-0.4472932896924432,1.0555555555555558,-0.3348128494071184,-0.1841467327250685,-0.143363416817814,-0.5270097557887631,-0.3680573854059882,-0.3290208816095467,-0.25112602,0.4033093126160055,0.25,0.675,3.5416666666666665,0.0007654292988411,0.3294797687861271,7.520833333333333,0.0002165617795445,0.0323176361957525,0.0411764705882352,17.5,0.0185185185185185,
0x1da601d72f7d5581b805422591bfb7eb1faf0073c0bad520b1863b594a320453,1,0xd0d801c1053555726bdcf188f4a55e690c440e74,0xf2919d1d80aff2940274014bef534f7791906ff2,2022-12-25 17:24:59+00:00,278023,11511369605,8964996,140402,8130081000000000.0,982,2,57,838,851,0.9847238542890716,108,972,1084,0.8966789667896679,228,691,4483709,69,0x1da601d72f7d5581b805422591bfb7eb1faf0073c0bad520b1863b594a320453,36,2,4,240,159,1093504,144,5,2.0,2.0,1,2,0,-0.2954719095527734,0.1543794698714741,0.1591891914862454,0.0771460624761391,0.3495577763479365,0.4571968417216243,0.3736664917537244,0.1938474585423752,2.355040650807607,0.057119547797754,-0.4260041122883649,0.1120411409017292,0.0816013863184193,0.0877538230640344,-0.2724153525286326,-0.114917213948515,-0.1034531768274484,0.2250368481172934,-0.4472932896924432,1.0555555555555558,-0.3348128494071184,-0.1841467327250685,-0.105338021541052,-0.5551510508622681,-0.0096515128707168,-0.3939284390997274,-0.25112602,0.4049494214089328,0.25,0.675,3.5458333333333334,0.0007663430894234,0.3294797687861271,7.527777777777778,0.0002167847608342,0.033210332103321,0.0423031727379553,18.0,0.0185185185185185,
0x0676a478d3b47ffaf4292d2560d3fae3a8667e3f1974fbe6457bce2987158999,1,0xd0d801c1053555726bdcf188f4a55e690c440e74,0xf2919d1d80aff2940274014bef534f7791906ff2,2022-12-25 17:26:11+00:00,49803,11980944863,9942654,49803,4000000000000000.0,983,2,56,839,852,0.9847417840375586,108,973,1085,0.896774193548387,228,691,4483715,70,0x0676a478d3b47ffaf4292d2560d3fae3a8667e3f1974fbe6457bce2987158999,37,2,2,240,159,1093510,144,3,1.0,1.0,1,1,0,-0.2954719095527734,0.1665775948613188,0.1712125443175328,0.0771460624761391,0.3511971071066778,0.4587713845146374,0.3736664917537244,0.2215716373956898,2.443416538334161,0.057119547797754,-0.5455338856577153,0.1120411409017292,0.0816013863184193,0.0878147839343469,-0.2724153525286326,-0.114917213948515,-0.1034511625825796,-0.6823697975169535,-0.5323947527237299,-0.3333333333333333,-0.3348128494071184,-0.7743606196643911,-0.656962462811241,-0.4772761600096428,0.1893006722528188,-0.6304850102028641,-0.42766535,0.4065895302018601,0.5,0.675,3.55,0.0007672533701078,0.3294797687861271,7.534722222222222,0.0002170075000289,0.0341013824884792,0.0434272300469483,18.5,0.0185185185185185,
0x766d9cb72f1bf56ee56e00f1ed1d6cf374cdd4857152c5da20f1c0a8f1aa32f7,1,0xd0d801c1053555726bdcf188f4a55e690c440e74,0xf2919d1d80aff2940274014bef534f7791906ff2,2022-12-25 17:27:47+00:00,49803,11980281260,10429364,49803,4000000000000000.0,984,2,55,840,853,0.984759671746776,108,974,1086,0.8968692449355433,228,691,4483723,71,0x766d9cb72f1bf56ee56e00f1ed1d6cf374cdd4857152c5da20f1c0a8f1aa32f7,38,2,2,240,159,1093518,144,3,1.0,1.0,1,1,0,-0.2954719095527734,0.1787757198511635,0.1832358971488202,0.0771460624761391,0.3528364378654192,0.4603459273076505,0.3736664917537244,0.2492958162490043,2.531792425860715,0.057119547797754,-0.5455338856577153,0.1120411409017292,0.0816013863184193,0.0878960650947635,-0.2724153525286326,-0.114917213948515,-0.1034484769227546,-0.6823697975169535,-0.5323947527237299,-0.3333333333333333,-0.3348128494071184,-0.7743606196643911,-0.656962462811241,-0.4773862126802511,0.2883455509542421,-0.6304850102028641,-0.42766535,0.4082296389947875,0.5,0.675,3.5541666666666667,0.0007681622358642,0.3294797687861271,7.541666666666667,0.0002172301417304,0.0349907918968692,0.044548651817116,19.0,0.0185185185185185,
0xd87a05f6a17d6dcfaf237b176bf15ec04d848a9161a20bd797f76f6130f7092e,1,0xd0d801c1053555726bdcf188f4a55e690c440e74,0xf2919d1d80aff2940274014bef534f7791906ff2,2022-12-25 17:28:11+00:00,236641,10569895240,19707098,143361,8130081000000000.0,985,2,54,841,854,0.9847775175644028,108,975,1087,0.8969641214351426,228,691,4483725,72,0xd87a05f6a17d6dcfaf237b176bf15ec04d848a9161a20bd797f76f6130f7092e,39,2,4,240,159,1093520,144,5,2.0,2.0,1,2,0,-0.2954719095527734,0.1909738448410082,0.1952592499801076,0.0771460624761391,0.3544757686241605,0.4619204701006636,0.3736664917537244,0.2770199951023189,2.6201683133872686,0.057119547797754,-0.4260041122883649,0.1120411409017292,0.0816013863184193,0.0879163853848676,-0.2724153525286326,-0.114917213948515,-0.1034478055077984,0.2250368481172934,-0.4472932896924432,1.0555555555555558,-0.3348128494071184,-0.1841467327250685,-0.2053613438994911,-0.7112862223088858,2.176352862606089,-0.3862024057671941,-0.25112602,0.4098697477877148,0.25,0.675,3.558333333333333,0.0007690753081102,0.3294797687861271,7.548611111111111,0.0002174530736267,0.0358785648574057,0.0456674473067915,19.5,0.0185185185185185,
0xf9486ca06d39ee1f3e2bdadf0b0a5c2c33784aa567073debee227609bedbe0ae,1,0x2c8b8377fe8457c8f45b96240cc446f05f09e918,0xf2919d1d80aff2940274014bef534f7791906ff2,2022-12-25 20:03:35+00:00,414776,12247819212,9096534,414776,2.5889968e+16,989,2,53,842,855,0.9847953216374268,108,1091,1097,0.9945305378304466,149,1802,11332618,73,0xf9486ca06d39ee1f3e2bdadf0b0a5c2c33784aa567073debee227609bedbe0ae,27,4,18,240,159,1094295,163,4,17.0,1.0,1,2,0,-0.2954719095527734,0.2031719698308529,0.207282602811395,0.0771460624761391,0.5446381366381576,0.4776658980307944,-0.3020259832633108,0.3047441739556334,1.5596576630686223,1.4851082427416038,0.410704301297088,0.1120411409017292,0.0816013863184193,0.0957904978002239,-0.1572522228996716,2.2064105078114884,2.195776791472169,-0.22866647469983,0.8292286557768581,-0.3333333333333333,-0.3348128494071184,-0.1841467327250685,0.2252039871217388,-0.4330174167184014,0.0171163062713345,0.3224698946550826,0.508016,0.4164301829594242,0.0555555555555555,0.675,3.5625,0.0007694444647517,0.0826400443704936,6.730061349693251,9.627077377259396e-05,0.0246125797629899,0.031578947368421,6.75,0.037037037037037,
0x84c7622ee17a46fc20e4a3750ceeea1be5b8fd6a814448be2779068eef70a46e,1,0x2c8b8377fe8457c8f45b96240cc446f05f09e918,0xf2919d1d80aff2940274014bef534f7791906ff2,2022-12-25 20:06:23+00:00,702048,11708839083,9840223,702048,4.6925567e+16,991,2,52,843,856,0.9848130841121496,108,1093,1099,0.994540491355778,149,1802,11332632,74,0x84c7622ee17a46fc20e4a3750ceeea1be5b8fd6a814448be2779068eef70a46e,28,4,31,240,159,1094309,164,4,30.0,1.0,1,2,0,-0.2954719095527734,0.2153700948206976,0.2193059556426824,0.0771460624761391,0.5479167981556404,0.4808149836168206,-0.3020259832633108,0.332468352808948,1.6480335505951764,1.4851082427416038,1.187647828197866,0.1120411409017292,0.0816013863184193,0.0959327398309529,-0.1511910055507789,2.2064105078114884,2.195781491376863,-0.22866647469983,1.935547675183586,-0.3333333333333333,-0.3348128494071184,-0.1841467327250685,0.9195614338510778,-0.5224024897232677,0.1684560913519426,1.0725452740073966,1.4071776,0.4197104005452789,0.032258064516129,0.675,3.566666666666667,0.0007703484387422,0.0826400443704936,6.701219512195122,9.644713633627772e-05,0.0254777070063694,0.0327102803738317,7.0,0.037037037037037,
0x06fcce24785fa73d4599e01847c79acb61f22252d8248fe65d31cc83317b566a,1,0x2c8b8377fe8457c8f45b96240cc446f05f09e918,0xf2919d1d80aff2940274014bef534f7791906ff2,2022-12-25 20:22:35+00:00,209316,12660023875,4191767,190116,1.6260163e+16,992,2,51,844,857,0.9848308051341892,108,1094,1100,0.9945454545454544,149,1802,11332712,75,0x06fcce24785fa73d4599e01847c79acb61f22252d8248fe65d31cc83317b566a,29,4,4,240,159,1094389,164,4,3.0,1.0,1,2,0,-0.2954719095527734,0.2275682198105424,0.2313293084739698,0.0771460624761391,0.5495561289143818,0.4823895264098337,-0.3020259832633108,0.3601925316622625,1.73640943812173,1.4851082427416038,-0.4260041122883649,0.1120411409017292,0.0816013863184193,0.0967455514351187,-0.1511910055507789,2.2064105078114884,2.195808347975113,-0.22866647469983,-0.3621918266611564,-0.3333333333333333,-0.3348128494071184,-0.1841467327250685,-0.2714078685586267,-0.3646569301016465,-0.980997668320812,-0.2641237682333675,0.09639234,0.4213505093382063,0.25,0.675,3.5708333333333333,0.0007712058772466,0.0826400443704936,6.7073170731707314,9.653469561966318e-05,0.0263636363636363,0.0338389731621937,7.25,0.037037037037037,
0xffa5cf706b38b6c48123a76f3d648dfc58a2c7e26ed66a94f84a3966a5c05446,1,0x2c8b8377fe8457c8f45b96240cc446f05f09e918,0xf2919d1d80aff2940274014bef534f7791906ff2,2022-12-25 20:47:59+00:00,166710,15115874629,7828157,152310,8130081600000000.0,993,2,50,845,858,0.9848484848484848,108,1095,1101,0.994550408719346,149,1802,11332839,76,0xffa5cf706b38b6c48123a76f3d648dfc58a2c7e26ed66a94f84a3966a5c05446,30,4,3,240,159,1094516,164,4,2.0,1.0,1,2,0,-0.2954719095527734,0.2397663448003871,0.2433526613052573,0.0771460624761391,0.5511954596731231,0.4839640692028468,-0.3020259832633108,0.3879167105155771,1.824785325648284,1.4851082427416038,-0.4857689989730401,0.1120411409017292,0.0816013863184193,0.0980358898567319,-0.1511910055507789,2.2064105078114884,2.195850982824835,-0.22866647469983,-0.4472932896924432,-0.3333333333333333,-0.3348128494071184,-0.1841467327250685,-0.3743896884900861,0.0426241311549659,-0.2409968332011955,-0.3628363117175692,-0.25112602,0.4229906181311336,0.3333333333333333,0.675,3.575,0.0007720300369934,0.0826400443704936,6.713414634146342,9.662185295124611e-05,0.0272479564032697,0.0349650349650349,7.5,0.037037037037037,
0x169e1914eba9a5136893d166c46fc070e48683f5bac5a8de5037a3cc6ec66912,1,0x2c8b8377fe8457c8f45b96240cc446f05f09e918,0xf2919d1d80aff2940274014bef534f7791906ff2,2022-12-25 21:15:11+00:00,327114,11964624317,8359325,294714,3.2520326e+16,994,2,49,846,859,0.9848661233993016,108,1096,1102,0.9945553539019965,149,1802,11332975,77,0x169e1914eba9a5136893d166c46fc070e48683f5bac5a8de5037a3cc6ec66912,31,4,6,240,159,1094652,164,4,5.0,1.0,1,2,0,-0.2954719095527734,0.2519644697902318,0.2553760141365447,0.0771460624761391,0.5528347904318645,0.4855386119958599,-0.3020259832633108,0.4156408893688916,1.913161213174838,1.4851082427416038,-0.3064743389190145,0.1120411409017292,0.0816013863184193,0.0994176695838138,-0.1511910055507789,2.2064105078114884,2.19589663904186,-0.22866647469983,-0.1919889005985829,-0.3333333333333333,-0.3348128494071184,-0.1841467327250685,0.0133185179664181,-0.4799827777812402,-0.1329048068814618,0.0089845908461575,0.791429,0.4246307269240609,0.1666666666666666,0.675,3.5791666666666666,0.0007728476512648,0.0826400443704936,6.719512195121951,9.670893152866468e-05,0.028130671506352,0.0360884749708963,7.75,0.037037037037037,
0x81e5bef52c266ec4f4f13b3b96ac7186048df1d71a57ebf997491de9ed68386f,1,0x2c8b8377fe8457c8f45b96240cc446f05f09e918,0xf2919d1d80aff2940274014bef534f7791906ff2,2022-12-25 21:27:11+00:00,49803,11018675901,5440337,49803,1.5e+17,996,2,48,847,860,0.9848837209302326,108,1098,1104,0.9945652173913044,149,1802,11333035,78,0x81e5bef52c266ec4f4f13b3b96ac7186048df1d71a57ebf997491de9ed68386f,32,4,2,240,159,1094712,164,3,1.0,1.0,1,1,0,-0.2954719095527734,0.2641625947800765,0.2673993669678321,0.0771460624761391,0.5561134519493471,0.488687697581886,-0.3020259832633108,0.4433650682222062,2.001537100701392,1.4851082427416038,-0.5455338856577153,0.1120411409017292,0.0816013863184193,0.1000272782869381,-0.1511910055507789,2.2064105078114884,2.195916781490548,-0.6823697975169535,-0.5323947527237299,-0.3333333333333333,-0.3348128494071184,-0.7743606196643911,-0.656962462811241,-0.6368599308960958,-0.7269152286745421,-0.6304850102028641,5.813069,0.4279109445099156,0.5,0.675,3.583333333333333,0.000773718773779,0.0826400443704936,6.7317073170731705,9.688489474488566e-05,0.0289855072463768,0.0372093023255813,8.0,0.037037037037037,
0xc7e1a4c4e00cec26efea8dfa3125bf6dfaec76f49a2f765951781216b9bf326e,1,0x2c8b8377fe8457c8f45b96240cc446f05f09e918,0xf2919d1d80aff2940274014bef534f7791906ff2,2022-12-25 21:27:59+00:00,440775,11789401680,16594468,402375,5.6910567e+16,997,2,47,848,861,0.9849012775842044,108,1099,1105,0.9945701357466064,149,1802,11333039,79,0xc7e1a4c4e00cec26efea8dfa3125bf6dfaec76f49a2f765951781216b9bf326e,33,4,9,240,159,1094716,164,4,8.0,1.0,1,2,0,-0.2954719095527734,0.2763607197699212,0.2794227197991195,0.0771460624761391,0.5577527827080885,0.4902622403748992,-0.3020259832633108,0.4710892470755207,2.0899129882279457,1.4851082427416038,-0.1271796788649888,0.1120411409017292,0.0816013863184193,0.1000679188671464,-0.1511910055507789,2.2064105078114884,2.19591812432046,-0.22866647469983,0.0633154884952773,-0.3333333333333333,-0.3348128494071184,-0.1841467327250685,0.2880454727434356,-0.5090418976961234,1.5429365350344115,0.2900905302222523,1.833984,0.429551053302843,0.1111111111111111,0.675,3.5875,0.0007746294247737,0.0826400443704936,6.737804878048781,9.697309812724564e-05,0.0298642533936651,0.0383275261324041,8.25,0.037037037037037,
0x1b45585118bb7f51a0662bc5ca68ac3eb504b293c0d1b44ba833c77a2baabf3e,1,0x984b6d329d3aa1d6d5a14b134fb1fb8bcc66d60c,0xf2919d1d80aff2940274014bef534f7791906ff2,2022-12-25 23:53:47+00:00,170646,10538567485,4823616,161046,1618123000000000.0,1070,2,46,849,862,0.9849187935034804,108,1210,1224,0.988562091503268,311,628,4078694,80,0x1b45585118bb7f51a0662bc5ca68ac3eb504b293c0d1b44ba833c77a2baabf3e,1,1,3,241,159,1095444,316,4,2.0,1.0,1,2,0,-0.2954719095527734,0.2885588447597659,0.2914460726304069,0.0771460624761391,0.7397184969283789,0.6776328327434566,1.083571243986812,0.4988134259288353,-0.7381154126217778,-0.6568747996741708,-0.4857689989730401,0.1556708686671999,0.0816013863184193,0.1074645044650553,0.7701140314809085,-0.246549659016814,-0.2394197410803637,-0.22866647469983,-0.4472932896924432,-0.3333333333333333,-0.3348128494071184,-0.1841467327250685,-0.3648760884513539,-0.7164816525614798,-0.8524171839202128,-0.3400263667385186,-0.5294781,0.5492789951865391,0.3333333333333333,0.675,3.5767634854771786,0.0007750275002396,0.4944356120826709,3.873417721518988,0.0002966635161491,0.0008169934640522,0.0011600928074245,1.0,0.0092592592592592,
0xe773c5244953c7e80ca07e8bbcb2aa9d4366317c2b10f5abe53d1fd48ca2fbd1,1,0xc0f0adbd3e06b2ba2258b4cec3b60b5510789ec4,0xf2919d1d80aff2940274014bef534f7791906ff2,2022-12-26 00:59:11+00:00,244422,10455786481,7811780,220422,1.6260163e+16,239,2,45,850,863,0.984936268829664,109,254,254,1.0,91,422,2744375,81,0xe773c5244953c7e80ca07e8bbcb2aa9d4366317c2b10f5abe53d1fd48ca2fbd1,7,5,4,241,160,1095769,108,4,3.0,1.0,1,2,0,-0.2954719095527734,0.3007569697496107,0.3034694254616943,0.1797339115135588,-0.8274817084283561,-0.8496736764792384,-0.798104002896071,0.5265376047821498,-0.2078600874624547,2.1991025902135286,-0.4260041122883649,0.1556708686671999,0.1514655869335039,0.1107665516069789,-0.4906191770887691,-0.6769668603512521,-0.6873606075850257,-0.22866647469983,-0.3621918266611564,-0.3333333333333333,-0.3348128494071184,-0.1841467327250685,-0.1865540974814588,-0.7302101477096861,-0.2443295323002344,-0.1849939385017848,0.09639234,-0.8136514117360835,0.25,0.6770186335403726,3.58091286307054,0.0007757102311616,0.2151300236406619,2.351851851851852,9.255291548971423e-05,0.0275590551181102,0.0081112398609501,1.4,0.0458715596330275,
0x5b65c3b7fa206349380a4701c91fd624a5bd225e4c766b90c67b9249e17f9fd2,1,0x08d656d0d726febef66388ae5d827a45c0afde4f,0xf2919d1d80aff2940274014bef534f7791906ff2,2022-12-26 06:55:11+00:00,328066,10797346313,14240849,294466,6472492000000000.0,834,2,44,851,864,0.9849537037037036,109,904,963,0.9387331256490136,271,648,4207035,82,0x5b65c3b7fa206349380a4701c91fd624a5bd225e4c766b90c67b9249e17f9fd2,2,2,6,241,160,1097539,212,5,5.0,1.0,1,3,0,-0.2954719095527734,0.3129550947394554,0.3154927782929818,0.1797339115135588,0.2380832847535243,0.2666771637670407,0.7414484718262879,0.5542617836354644,-0.649739525095224,0.057119547797754,-0.3064743389190145,0.1556708686671999,0.1514655869335039,0.1287500083491474,0.1397474271960697,-0.204761581217354,-0.1963347076302855,0.2250368481172934,-0.1919889005985829,-0.3333333333333333,-0.3348128494071184,0.406067154214254,0.0156195716343228,-0.6735654796112638,1.0639780004566033,0.0083370557780709,-0.32197925,0.1622133200556859,0.1666666666666666,0.6770186335403726,3.585062240663901,0.0007753703737449,0.4175654853620955,4.54245283018868,0.0002148781232202,0.0020768431983385,0.0023148148148148,1.0,0.018348623853211,
0xaf2d0556798a618c9653cbb47876e884d5b6f8b1bd4f3162afdde9fb2919bbe5,1,0x71b0e047a904b6b0263d76a10fd2c7698d5eafe7,0xf2919d1d80aff2940274014bef534f7791906ff2,2022-12-26 10:12:11+00:00,872958,10524284961,23966670,772158,1.618123e+16,1799,2,43,852,865,0.984971098265896,109,1787,1882,0.9495217853347504,393,674,4372364,83,0xaf2d0556798a618c9653cbb47876e884d5b6f8b1bd4f3162afdde9fb2919bbe5,1,1,12,242,160,1098523,588,4,11.0,1.0,1,2,0,-0.2954719095527734,0.3251532197293001,0.3275161311242691,0.1797339115135588,1.6856123447221405,1.713681990546068,1.7849229269158868,0.581985962488779,-0.7381154126217778,-0.6568747996741708,0.0521149811890367,0.1993005964326706,0.1514655869335039,0.1387475910803868,2.418765150379718,-0.150437080078056,-0.1408325259793091,-0.22866647469983,0.3186198775891376,-0.3333333333333333,-0.3348128494071184,-0.1841467327250685,1.3326634111426736,-0.7188502824640374,3.043170458422856,1.2556044821668786,0.093018375,1.7449183052305726,0.0833333333333333,0.6770186335403726,3.574380165289256,0.0007755861501432,0.5822222222222222,3.200680272108844,0.0004087032990155,0.0005313496280552,0.0011560693641618,1.0,0.0091743119266055,
0x55f39054674fe235cd96e74927e88801783f0a0e731abf6b24d1c94590f3f0f9,1,0x800b8f19273e29e37fcb147e1916e6860195dab4,0xf2919d1d80aff2940274014bef534f7791906ff2,2022-12-26 16:27:47+00:00,479051,13775505888,6813564,449451,1.4563107e+16,943,2,42,853,866,0.9849884526558892,109,958,1008,0.9503968253968254,236,606,3933870,84,0x55f39054674fe235cd96e74927e88801783f0a0e731abf6b24d1c94590f3f0f9,1,1,14,243,160,1100386,272,7,10.0,2.0,1,4,0,-0.2954719095527734,0.3373513447191448,0.3395394839555565,0.1797339115135588,0.3266071457255575,0.3375315894526297,0.4420910461858293,0.6097101413420936,-0.7381154126217778,-0.6568747996741708,0.1716447545583872,0.2429303241981413,0.1514655869335039,0.1576759413123981,0.5034204681296306,-0.29251654459622,-0.288038240892381,1.1324434937515404,0.2335184145578508,1.0555555555555558,-0.3348128494071184,0.9962810411535766,0.3805613658030174,-0.1796641338874095,-0.4474652448145035,0.413007307904691,0.023852078,0.3409851784847664,0.0714285714285714,0.6770186335403726,3.5637860082304527,0.0007751818223952,0.3887973640856672,3.7058823529411766,0.0002435260332634,0.0009920634920634,0.0011547344110854,1.0,0.0091743119266055,
0x0ce8f1b3d1c07bff7acb4d38b6d5e1a3f9e4a4141d292b629818e42cd57a127b,1,0x0ca9fbaf91d0f6b5f190681d6bb435ebdaf7449f,0xf2919d1d80aff2940274014bef534f7791906ff2,2022-12-26 21:22:35+00:00,135303,14086788366,16217207,130503,1618123000000000.0,350,2,41,854,867,0.9850057670126874,109,359,380,0.9447368421052632,62,130,904481,85,0x0ce8f1b3d1c07bff7acb4d38b6d5e1a3f9e4a4141d292b629818e42cd57a127b,1,1,5,244,160,1101855,81,6,2.0,3.0,1,2,0,-0.2954719095527734,0.3495494697089895,0.3515628367868439,0.1797339115135588,-0.6553519787605139,-0.6512812845595894,-1.0461430127124511,0.637434320195408,-0.7381154126217778,-0.6568747996741708,-0.3662392256036897,0.286560051963612,0.1514655869335039,0.1726011943938927,-0.6542720455088715,-1.2870727962233683,-1.3050267823428825,0.6787401709344169,-0.4472932896924432,2.444444444444445,-0.3348128494071184,-0.1841467327250685,-0.4503027058723174,-0.1280406963540275,1.4661643914914853,-0.419775010224684,-0.5294781,-0.6315993357211483,0.2,0.6770186335403726,3.55327868852459,0.0007750559056718,0.4732824427480916,4.691358024691358,0.0003969122658051,0.0026315789473684,0.0011534025374855,1.0,0.0091743119266055,
0x2b00f3e9dd4ec88fc1b8cd884d87d7b43be1f3d40453bbd90817a4e769eea029,1,0xebf5c03b03f175f82c794a2941f3043e5e5eb8ba,0xf2919d1d80aff2940274014bef534f7791906ff2,2022-12-26 22:35:59+00:00,233320,12580710560,7926638,233320,1.2944984e+16,555,2,40,855,868,0.9850230414746544,109,611,618,0.988673139158576,203,459,2987057,86,0x2b00f3e9dd4ec88fc1b8cd884d87d7b43be1f3d40453bbd90817a4e769eea029,9,2,18,244,160,1102219,301,5,9.0,2.0,1,2,0,-0.2954719095527734,0.3617475946988343,0.3635861896181314,0.1797339115135588,-0.2422406275576925,-0.2765400998224745,0.1598397591533968,0.6651584990487226,-0.0311083124093469,0.057119547797754,0.410704301297088,0.286560051963612,0.1514655869335039,0.1762994871928471,0.6791957712475184,-0.5996589164222511,-0.6058904453786235,0.2250368481172934,0.1484169515265641,1.0555555555555558,-0.3348128494071184,-0.1841467327250685,-0.2133884439321714,-0.3778103397916965,-0.2209560723797723,-0.1513168929042808,-0.04531417,-0.2953770331710428,0.0555555555555555,0.6770186335403726,3.557377049180328,0.0007757072090871,0.4413043478260869,2.053156146179402,0.0002045490914471,0.0145631067961165,0.01036866359447,4.5,0.018348623853211,
0x8c23dba9b620ccf9147fcddaf118d42b442c90845d56a15dd090116f3e12c103,1,0xebf5c03b03f175f82c794a2941f3043e5e5eb8ba,0xf2919d1d80aff2940274014bef534f7791906ff2,2022-12-26 22:37:23+00:00,56833,12727827453,6281093,56833,0.0,556,2,39,856,869,0.9850402761795168,109,612,619,0.988691437802908,203,459,2987064,87,0x8c23dba9b620ccf9147fcddaf118d42b442c90845d56a15dd090116f3e12c103,10,2,3,244,160,1102226,301,3,2.0,1.0,1,2,0,-0.2954719095527734,0.3739457196886789,0.3756095424494188,0.1797339115135588,-0.2406012967989511,-0.2749655570294614,0.1598397591533968,0.6928826779020372,0.0572675751172068,0.057119547797754,-0.4857689989730401,0.286560051963612,0.1514655869335039,0.1763706082082116,0.6791957712475184,-0.5996589164222511,-0.6058880954262765,-0.6823697975169535,-0.4472932896924432,-0.3333333333333333,-0.3348128494071184,-0.1841467327250685,-0.6399704383518184,-0.353412308188097,-0.5558224300110796,-0.6121294798454092,-0.5986444,-0.2937369243781155,0.3333333333333333,0.6770186335403726,3.5614754098360657,0.0007766095368739,0.4413043478260869,2.0564784053156147,0.0002048833888783,0.0161550888529886,0.0115074798619102,5.0,0.018348623853211,
0xc71ed816e9632813ddc040e0eee8d20f945a8406c55fa3bf7a3eeef840b50be8,1,0xeeec0e4927704ab3bbe5df7f4effa818b43665a3,0xf2919d1d80aff2940274014bef534f7791906ff2,2022-12-27 00:25:59+00:00,642017,14554968151,3100026,579617,1.4563107e+16,1267,2,38,857,870,0.9850574712643678,110,1274,1298,0.9815100154083204,374,1404,9020517,88,0xc71ed816e9632813ddc040e0eee8d20f945a8406c55fa3bf7a3eeef840b50be8,1,1,14,245,161,1102764,265,10,10.0,2.0,1,7,0,-0.2954719095527734,0.3861438446785237,0.3876328952807062,0.2823217605509786,0.8446356654878255,0.7941489994264251,1.6224146101396375,0.7206068567553517,-0.7381154126217778,-0.6568747996741708,0.1716447545583872,0.3301897797290827,0.2213297875485886,0.1818367662462267,0.4609919466873818,1.3748277596022342,1.419587195591203,2.4935534622029105,0.2335184145578508,1.0555555555555558,-0.3348128494071184,2.766922701971545,0.7744621137481477,-0.0503972323189598,-1.2031656018302337,0.7528744436811443,0.023852078,0.8723804273932257,0.0714285714285714,0.6790123456790124,3.5510204081632653,0.0007771374680915,0.2661921708185053,4.89811320754717,0.0001412335743911,0.0007704160246533,0.0011494252873563,1.0,0.009090909090909,
0x42b18fc60013dc6c1997b8fba739f7ebaddc387f1d5f873038bc931a675e5e89,17,0xfe0fb970566e5ee272692ce8b831f46317de639c,0xf2919d1d80aff2940274014bef534f7791906ff2,2022-12-27 03:38:23+00:00,1563521,12312946475,10065417,1438721,6.3106796e+16,942,2,37,858,871,0.9850746268656716,110,948,994,0.9537223340040242,288,1783,11218919,89,0x42b18fc60013dc6c1997b8fba739f7ebaddc387f1d5f873038bc931a675e5e89,1,1,68,246,161,1103719,245,20,40.0,3.0,4,13,0,4.357629028286178,0.3983419696683684,0.3996562481119936,0.2823217605509786,0.3102138381381439,0.3154879903504464,0.8868506499945108,0.7483310356086662,-0.7381154126217778,-0.6568747996741708,3.3989486355308487,0.3738195074945534,0.2213297875485886,0.191539704770956,0.3397675997095282,2.166711833902001,2.1576071869168016,7.030586690374145,2.786562305496453,2.444444444444445,5.643988032862856,6.30820602360748,3.0018047179381577,-0.4222166379055296,0.2142827898259585,2.9960194724451394,2.0988402,0.3393450696918391,0.25,0.6790123456790124,3.540650406504065,0.0007773710723734,0.1614349775784753,4.057142857142857,8.450011231027586e-05,0.0010060362173038,0.0011481056257175,1.0,0.009090909090909,
0xb7c0ded104f5e4022524fb75d03a78115142c7764d4d4aae65a52f3b74f4d6c5,1,0xc0f0adbd3e06b2ba2258b4cec3b60b5510789ec4,0xf2919d1d80aff2940274014bef534f7791906ff2,2022-12-27 04:36:23+00:00,49803,21688608932,9442223,49803,5e+16,241,2,36,859,872,0.985091743119266,110,256,256,1.0,92,423,2752613,90,0xb7c0ded104f5e4022524fb75d03a78115142c7764d4d4aae65a52f3b74f4d6c5,8,6,2,246,161,1104007,109,3,1.0,1.0,1,1,0,-0.2954719095527734,0.4105400946582131,0.411679600943281,0.2823217605509786,-0.8242030469108734,-0.8465245908932123,-0.7895509335920579,0.7760552144619808,-0.1194841999359008,2.9130969376854536,-0.5455338856577153,0.3738195074945534,0.2213297875485886,0.1944658265459529,-0.4845579597398764,-0.6748774564612792,-0.6845950493802295,-0.6823697975169535,-0.5323947527237299,-0.3333333333333333,-0.3348128494071184,-0.7743606196643911,-0.656962462811241,1.1326538073978982,0.0874635871437561,-0.6304850102028641,1.5385934,-0.8103711941502287,0.5,0.6790123456790124,3.544715447154472,0.000778074071927,0.2169811320754717,2.3486238532110093,9.300250598158697e-05,0.03125,0.0091743119266055,1.3333333333333333,0.0545454545454545,
0x3ac2eb7138749c97b87d222c4b2147f04b2d76ba1b575d88c7bc7358a6d2c4d0,1,0xc0f0adbd3e06b2ba2258b4cec3b60b5510789ec4,0xf2919d1d80aff2940274014bef534f7791906ff2,2022-12-27 04:37:23+00:00,147229,23179289070,1996724,142429,2.4390243e+16,242,2,35,860,873,0.9851088201603666,110,257,257,1.0,92,423,2752618,91,0x3ac2eb7138749c97b87d222c4b2147f04b2d76ba1b575d88c7bc7358a6d2c4d0,9,6,8,246,161,1104012,109,5,4.0,2.0,1,2,0,-0.2954719095527734,0.4227382196480578,0.4237029537745684,0.2823217605509786,-0.8225637161521321,-0.8449500481001992,-0.7895509335920579,0.8037793933152954,-0.0311083124093469,2.9130969376854536,-0.186944565549664,0.3738195074945534,0.2213297875485886,0.1945166272712133,-0.4845579597398764,-0.6748774564612792,-0.6845933708428389,0.2250368481172934,-0.2770903636298697,1.0555555555555558,-0.3348128494071184,-0.1841467327250685,-0.4214766911208132,1.3798698841932528,-1.4276861844380238,-0.3886358843295195,0.44391063,-0.8087310853573014,0.125,0.6790123456790124,3.548780487804878,0.0007789763345178,0.2169811320754717,2.3577981651376145,9.336562742609856e-05,0.0350194552529182,0.0103092783505154,1.5,0.0545454545454545,
0x0438dab29b576f1c8abc60bc677cae4abd5b738d8ae2978539f85ebf6acb5d72,1,0xc2fd5fb90252f8f69d2646d03a9e3e9085d50714,0xf2919d1d80aff2940274014bef534f7791906ff2,2022-12-27 07:18:23+00:00,1663596,14000000000,13169547,1663596,1.2944984e+17,269,2,34,861,874,0.9851258581235698,110,318,324,0.9814814814814816,92,439,2860701,92,0x0438dab29b576f1c8abc60bc677cae4abd5b738d8ae2978539f85ebf6acb5d72,1,1,82,247,161,1104812,58,4,81.0,1.0,1,2,0,-0.2954719095527734,0.4349363446379025,0.4357263066058559,0.2823217605509786,-0.7225645398689095,-0.7394556809683224,-0.7895509335920579,0.8315035721686099,-0.7381154126217778,-0.6568747996741708,4.235657049116302,0.4174492352600241,0.2213297875485886,0.2026447433128713,-0.7936800445334031,-0.6414469942217111,-0.6483090994846229,-0.22866647469983,6.27572228977921,-0.3333333333333333,-0.3348128494071184,-0.1841467327250685,3.2436933164839217,-0.1424337769399039,0.8459693779861545,3.5831745064611646,4.9346576,-0.7644481479482631,0.0121951219512195,0.6790123456790124,3.5384615384615383,0.0007793174048458,0.209090909090909,5.586206896551724,0.0001111615260869,0.0030864197530864,0.0011441647597254,1.0,0.009090909090909,
0x4aeff3b7a97419415b0e8c22d88c03c66029a1ced5d27d63c72f0f164795fcb9,1,0xc2fd5fb90252f8f69d2646d03a9e3e9085d50714,0xf2919d1d80aff2940274014bef534f7791906ff2,2022-12-27 07:24:47+00:00,1047978,12202413919,7940681,1043178,8.090615e+16,270,2,33,862,875,0.9851428571428572,110,320,326,0.98159509202454,92,439,2860733,93,0x4aeff3b7a97419415b0e8c22d88c03c66029a1ced5d27d63c72f0f164795fcb9,2,1,52,247,161,1104844,58,4,51.0,1.0,1,2,0,-0.2954719095527734,0.4471344696277473,0.4477496594371433,0.2823217605509786,-0.7192858783514268,-0.7363065953822961,-0.7895509335920579,0.8592277510219245,-0.649739525095224,-0.6568747996741708,2.4427104485760456,0.4174492352600241,0.2213297875485886,0.2029698679545377,-0.7936800445334031,-0.6414469942217111,-0.6482983568453229,-0.22866647469983,3.722678398840608,-0.3333333333333333,-0.3348128494071184,-0.1841467327250685,1.755699559206421,-0.4405474817639206,-0.2180983393732508,1.9632454263315176,2.8596692,-0.7628080391553358,0.0192307692307692,0.6790123456790124,3.54251012145749,0.0007801999375478,0.209090909090909,5.620689655172414,0.0001118594039152,0.0061349693251533,0.0022857142857142,2.0,0.009090909090909,
0x0e670979711d20ab4151c942438cc86cff5a7504b7b3b59e56a5b891fa5e504e,1,0xd7c3246dd5a9d26f5eade831ee0786f846618c49,0xf2919d1d80aff2940274014bef534f7791906ff2,2022-12-27 11:32:23+00:00,111439,11837470241,27001843,106639,1618123000000000.0,13,2,32,863,876,0.9851598173515982,110,15,15,1.0,3,35,250660,94,0x0e670979711d20ab4151c942438cc86cff5a7504b7b3b59e56a5b891fa5e504e,7,2,3,247,161,1106076,8,4,2.0,1.0,1,2,0,-0.2954719095527734,0.4593325946175919,0.4597730122684307,0.2823217605509786,-1.2192817597675398,-1.2259894040093664,-1.5507741016492242,0.886951929875239,-0.2078600874624547,0.057119547797754,-0.4857689989730401,0.4174492352600241,0.2213297875485886,0.2154871666586911,-1.0967409119780371,-1.4855661657708032,-1.524519381398239,-0.22866647469983,-0.4472932896924432,-0.3333333333333333,-0.3348128494071184,-0.1841467327250685,-0.5079837402534926,-0.5010701532791342,3.660824382983343,-0.4820845943570173,-0.5294781,-1.184315998937663,0.3333333333333333,0.6790123456790124,3.546558704453441,0.0007802350107632,0.0833333333333333,1.875,5.984177833807413e-05,0.4666666666666667,0.0079908675799086,3.5,0.0181818181818181,
0x84308298550f04d35ffe732e66b9f8e1e8a0fab40aeebf0763783d2bb938a7fa,1,0x95cf04860f086838b8d69104d072adfdd2b62421,0xf2919d1d80aff2940274014bef534f7791906ff2,2022-12-27 14:55:11+00:00,90821,12449055331,7977049,86021,1618123000000000.0,375,2,31,864,877,0.9851767388825542,110,454,470,0.9659574468085106,178,625,4056757,95,0x84308298550f04d35ffe732e66b9f8e1e8a0fab40aeebf0763783d2bb938a7fa,8,2,3,247,161,1107082,126,4,2.0,1.0,1,2,0,-0.2954719095527734,0.4715307196074367,0.471796365099718,0.2823217605509786,-0.4996155566800852,-0.5095724331884115,-0.0539869734469308,0.9146761087285536,-0.1194841999359008,0.057119547797754,-0.4857689989730401,0.4174492352600241,0.2213297875485886,0.2257082725810761,-0.3815172648087008,-0.252817870686733,-0.2467841560279982,-0.22866647469983,-0.4472932896924432,-0.3333333333333333,-0.3348128494071184,-0.1841467327250685,-0.5578189550905303,-0.3996441915841016,-0.2106974966771621,-0.5359187799772169,-0.5294781,-0.5905966158979647,0.3333333333333333,0.6790123456790124,3.5506072874493926,0.0007804292903061,0.2843450479233226,3.73015873015873,0.0001119120243307,0.0170212765957446,0.0091220068415051,4.0,0.0181818181818181,
0x39d1aee42182054344a5dc8634a706e3501dab9f68c7a97f8166e18d953245e7,1,0x95cf04860f086838b8d69104d072adfdd2b62421,0xf2919d1d80aff2940274014bef534f7791906ff2,2022-12-27 14:57:35+00:00,119575,12688050402,6881685,114775,1618123000000000.0,377,2,30,865,878,0.9851936218678816,110,456,472,0.9661016949152542,178,625,4056769,96,0x39d1aee42182054344a5dc8634a706e3501dab9f68c7a97f8166e18d953245e7,9,2,4,247,161,1107094,127,5,2.0,2.0,1,2,0,-0.2954719095527734,0.4837288445972814,0.4838197179310055,0.2823217605509786,-0.4963368951626025,-0.5064233476023854,-0.0539869734469308,0.942400287581868,-0.0311083124093469,0.057119547797754,-0.4260041122883649,0.4174492352600241,0.2213297875485886,0.225830194321701,-0.3754560474598081,-0.252817870686733,-0.2467801275382607,0.2250368481172934,-0.4472932896924432,1.0555555555555558,-0.3348128494071184,-0.1841467327250685,-0.488318432856357,-0.3600089792270646,-0.4336027061733832,-0.4608412664781762,-0.5294781,-0.58731639831211,0.25,0.6790123456790124,3.554655870445344,0.0007813240959447,0.2843450479233226,3.716535433070866,0.000112404696347,0.0190677966101694,0.010250569476082,4.5,0.0181818181818181,
0x3c611f9a197942d94105c20fafa2c95a28c3a85a65da6057b2280875e810f5c9,1,0x95cf04860f086838b8d69104d072adfdd2b62421,0xf2919d1d80aff2940274014bef534f7791906ff2,2022-12-27 15:35:23+00:00,264839,22135887062,13181628,238039,4854369000000000.0,379,2,29,866,879,0.9852104664391352,110,458,474,0.9662447257383966,178,625,4056958,97,0x3c611f9a197942d94105c20fafa2c95a28c3a85a65da6057b2280875e810f5c9,10,2,5,247,161,1107283,127,4,4.0,1.0,1,2,0,-0.2954719095527734,0.4959269695871261,0.4958430707622929,0.2823217605509786,-0.4930582336451198,-0.5032742620163592,-0.0539869734469308,0.9701244664351828,0.0572675751172068,0.057119547797754,-0.3662392256036897,0.4174492352600241,0.2213297875485886,0.2277504617365428,-0.3754560474598081,-0.252817870686733,-0.246716678824895,-0.22866647469983,-0.2770903636298697,-0.3333333333333333,-0.3348128494071184,-0.1841467327250685,-0.137204714353716,1.2068309173735614,0.8484278464367552,-0.138995449411133,-0.39114556,-0.5840361807262553,0.2,0.6790123456790124,3.558704453441296,0.0007820938440363,0.2843450479233226,3.732283464566929,0.0001128924398792,0.0210970464135021,0.0113765642775881,5.0,0.0181818181818181,
0xd8e727209144d7f1d4121ed56c6a26c2a99c9e285d21d9adca9a310f53111f12,1,0x95cf04860f086838b8d69104d072adfdd2b62421,0xf2919d1d80aff2940274014bef534f7791906ff2,2022-12-27 15:39:11+00:00,179668,20518011126,7555516,170068,4854369000000000.0,382,2,28,867,880,0.9852272727272728,110,461,477,0.9664570230607966,178,625,4056975,98,0xd8e727209144d7f1d4121ed56c6a26c2a99c9e285d21d9adca9a310f53111f12,11,2,5,247,161,1107300,128,5,4.0,1.0,1,3,0,-0.2954719095527734,0.5081250945769709,0.5078664235935804,0.2823217605509786,-0.4881402413688957,-0.4985506336373199,-0.0539869734469308,0.9978486452884971,0.1456434626437607,0.057119547797754,-0.3662392256036897,0.4174492352600241,0.2213297875485886,0.227923184202428,-0.3693948301109155,-0.252817870686733,-0.2467109717977669,0.2250368481172934,-0.2770903636298697,-0.3333333333333333,-0.3348128494071184,0.406067154214254,-0.3430692542162314,0.9385205458567362,-0.2964789370701005,-0.3164696676083681,-0.39114556,-0.5791158543474734,0.2,0.6790123456790124,3.562753036437247,0.0007829849336359,0.2843450479233226,3.7265625,0.0001136314338561,0.0230607966457023,0.0125,5.5,0.0181818181818181,
0xa589e388b8a3cc67a1d4ecb8c4838cfbf8812a482076e3c4d8efbaa8bb4cf0fd,16,0x12d024ea9d20232380d7b6a7e64b114469ecbbec,0xf2919d1d80aff2940274014bef534f7791906ff2,2022-12-27 19:34:59+00:00,1539855,19973724744,6186578,1355055,4.6925567e+16,1075,2,27,868,881,0.985244040862656,110,1131,1182,0.9568527918781726,296,791,5142494,99,0xa589e388b8a3cc67a1d4ecb8c4838cfbf8812a482076e3c4d8efbaa8bb4cf0fd,2,2,58,247,161,1108475,195,11,30.0,2.0,3,8,0,4.066810219671244,0.5203232195668156,0.5198897764248678,0.2823217605509786,0.6102113669878119,0.611502035436907,0.9552752044266156,1.0255728241418118,-0.649739525095224,0.057119547797754,2.8012997686840966,0.4174492352600241,0.2213297875485886,0.2398613546386133,0.0367067322648941,0.094023175048785,0.1177058741493222,2.947256785020034,1.935547675183586,1.0555555555555558,3.651054405439531,3.3571365889108677,2.944602264046736,0.8482554778645458,-0.5750561147729809,2.777565161934924,1.4071776,0.5574795391511758,0.2758620689655172,0.6790123456790124,3.5668016194331984,0.0007830570982141,0.3737373737373737,6.061538461538461,0.0002199321535558,0.0016920473773265,0.0022701475595913,1.0,0.0181818181818181,
0x65161ce3069ad43b5e12fa71a68d39be4eae1e73e1cfaa71e37fad2251c10cd0,20,0x5480259e435fa36e098601525aa1d60defd43a2f,0xf2919d1d80aff2940274014bef534f7791906ff2,2022-12-27 19:45:59+00:00,841809,16084647147,16556007,750609,3.0744336e+16,401,2,26,869,882,0.9852607709750568,110,413,414,0.997584541062802,202,550,3572387,100,0x65161ce3069ad43b5e12fa71a68d39be4eae1e73e1cfaa71e37fad2251c10cd0,1,1,59,248,161,1108530,108,5,20.0,2.0,2,2,0,5.230085454130983,0.5325213445566602,0.5319131292561552,0.2823217605509786,-0.5668281177884807,-0.5977468295971444,0.1512866898493837,1.0532970029951263,-0.7381154126217778,-0.6568747996741708,2.861064655368772,0.4610789630254948,0.2213297875485886,0.2404201626164773,-0.4906191770887691,-0.4095231624347081,-0.409390787207546,0.2250368481172934,1.0845330448707184,1.0555555555555558,1.6581207780162064,-0.1841467327250685,1.25737399864103,0.2032864591098025,1.5351097694455895,1.1993394290128538,0.7155148,-0.5479537872818538,0.3389830508474576,0.6790123456790124,3.556451612903226,0.0007839203414248,0.3666061705989111,3.8333333333333335,0.0001156089428136,0.002415458937198,0.0011337868480725,1.0,0.009090909090909,
0x0c5d7b6d46431006f95f1a389b38282a89127763c91022d9b9fc62f1ce12ceba,1,0x98492afbc7a2f06fd92570701b469ca90288078c,0xf2919d1d80aff2940274014bef534f7791906ff2,2022-12-27 21:58:11+00:00,266111,63933392007,16390686,246911,4854369000000000.0,297,2,25,870,883,0.985277463193658,110,312,316,0.9873417721518988,123,468,3050724,101,0x0c5d7b6d46431006f95f1a389b38282a89127763c91022d9b9fc62f1ce12ceba,1,1,5,249,161,1109187,156,5,4.0,1.0,1,3,0,-0.2954719095527734,0.544719469546505,0.5439364820874425,0.2823217605509786,-0.7324005244213576,-0.752052023312427,-0.5244057851676516,1.0810211818484408,-0.7381154126217778,-0.6568747996741708,-0.3662392256036897,0.5047086907909656,0.2213297875485886,0.247095377915689,-0.1996807443419204,-0.5808542814124941,-0.5845169573688205,0.2250368481172934,-0.2770903636298697,-0.3333333333333333,-0.3348128494071184,0.406067154214254,-0.1341301972680282,8.138576319308564,1.5014671518872944,-0.1158304045560349,-0.39114556,-0.7185251017462976,0.2,0.6790123456790124,3.5461847389558234,0.0007843575660753,0.2622601279317697,2.025641025641025,0.0001022707717018,0.0031645569620253,0.001132502831257,1.0,0.009090909090909,
0xd2a68fdba1c7237fdc77abb8fbc6962e15688f67e6057c70d0d762b770a729c1,1,0xa67bc4ed2982b2d3f38f26974e06c10e864c7a9f,0xf2919d1d80aff2940274014bef534f7791906ff2,2022-12-27 22:16:35+00:00,56833,19603495543,10964966,56833,0.0,70,2,24,871,884,0.9852941176470588,110,100,101,0.99009900990099,41,211,1407794,102,0xd2a68fdba1c7237fdc77abb8fbc6962e15688f67e6057c70d0d762b770a729c1,3,2,3,249,161,1109279,32,3,2.0,1.0,1,2,0,-0.2954719095527734,0.5569175945363497,0.5559598349187299,0.2823217605509786,-1.0799386452745248,-1.090578723810241,-1.2257574680967265,1.1087453607017554,-0.5613636375686701,0.057119547797754,-0.4857689989730401,0.5047086907909656,0.2213297875485886,0.2480301112604797,-0.9512716956046128,-1.1178310811355552,-1.136060844405207,-0.6823697975169535,-0.4472932896924432,-0.3333333333333333,-0.3348128494071184,-0.1841467327250685,-0.6399704383518184,0.7868562492486086,0.3973398907505062,-0.6121294798454092,-0.5986444,-1.0908297977408046,0.3333333333333333,0.6790123456790124,3.550200803212852,0.0007851939997115,0.1933962264150943,3.15625,7.103306944548034e-05,0.0297029702970297,0.003393665158371,1.5,0.0181818181818181,
0x8c2ce00e4add95e81c9935d2b67b58c50fc39811e2779555f8014da59f2a3100,1,0xfe0fb970566e5ee272692ce8b831f46317de639c,0xf2919d1d80aff2940274014bef534f7791906ff2,2022-12-28 00:39:23+00:00,56845,14499777976,7211594,56845,0.0,943,2,23,872,885,0.9853107344632768,111,949,995,0.9537688442211056,289,1784,11225190,103,0x8c2ce00e4add95e81c9935d2b67b58c50fc39811e2779555f8014da59f2a3100,2,2,3,249,162,1109990,245,3,2.0,1.0,1,2,0,-0.2954719095527734,0.5691157195261944,0.5679831877500173,0.3849096095883983,0.3118531688968853,0.3170625331434595,0.8954037192985239,1.13646953955507,-0.649739525095224,0.057119547797754,-0.4857689989730401,0.5047086907909656,0.2911939881636732,0.2552539743925033,0.3397675997095282,2.1688012377919743,2.1597124085121253,-0.6823697975169535,-0.4472932896924432,-0.3333333333333333,-0.3348128494071184,-0.1841467327250685,-0.6399414334736515,-0.0595500332407288,-0.3664666356436882,-0.6120981475034051,-0.5986444,0.3409851784847664,0.3333333333333333,0.6809815950920245,3.5542168674698797,0.00078559195525,0.1619047619047619,4.061224489795919,8.45419913122191e-05,0.0020100502512562,0.0022598870056497,1.0,0.018018018018018,
0xa42f4e17230c19ba352b195ce1fd0a55b85c70a92897aeb2af6230e82b7121ae,1,0xe6919ecd517c2318620d66b8901c814d5ddf58ff,0xf2919d1d80aff2940274014bef534f7791906ff2,2022-12-28 09:31:47+00:00,136684,13593621224,9216817,131884,3236246000000000.0,46,2,22,873,886,0.9853273137697516,111,61,61,1.0,26,375,2454266,104,0xa42f4e17230c19ba352b195ce1fd0a55b85c70a92897aeb2af6230e82b7121ae,1,1,4,250,162,1112640,18,4,3.0,1.0,1,2,0,-0.2954719095527734,0.5813138445160392,0.5800065405813047,0.3849096095883983,-1.1438725448654377,-1.1535604355307645,-1.354053507656923,1.1641937184083846,-0.7381154126217778,-0.6568747996741708,-0.4260041122883649,0.5483384185564363,0.2911939881636732,0.2821783587804957,-1.0361287384891105,-0.7751688431799831,-0.7847523683564761,-0.22866647469983,-0.3621918266611564,-0.3333333333333333,-0.3348128494071184,-0.1841467327250685,-0.4469647278099471,-0.2098280918802014,0.0415937469338302,-0.4161691798657018,-0.46031183,-1.1301924087710609,0.25,0.6809815950920245,3.544,0.000784619657194,0.0691489361702127,3.388888888888889,2.4854671476249325e-05,0.0163934426229508,0.0011286681715575,1.0,0.009009009009009,
0x24b6950053fef68648c4b3630b925f3b0c38b38204469f90aa8348decfe767b9,1,0xc2fd5fb90252f8f69d2646d03a9e3e9085d50714,0xf2919d1d80aff2940274014bef534f7791906ff2,2022-12-28 10:39:47+00:00,56857,13238710017,6869417,56857,0.0,271,2,21,874,887,0.9853438556933484,111,321,327,0.981651376146789,93,440,2868869,105,0x24b6950053fef68648c4b3630b925f3b0c38b38204469f90aa8348decfe767b9,3,2,3,250,162,1112980,58,3,2.0,1.0,1,2,0,-0.2954719095527734,0.5935119695058838,0.5920298934125922,0.3849096095883983,-0.7176465475926854,-0.7347320525892831,-0.7809978642880447,1.191917897261699,-0.5613636375686701,0.057119547797754,-0.4857689989730401,0.5483384185564363,0.2911939881636732,0.2856328080982003,-0.7936800445334031,-0.6393575903317381,-0.6455670408032955,-0.6823697975169535,-0.4472932896924432,-0.3333333333333333,-0.3348128494071184,-0.1841467327250685,-0.6399124285954847,-0.2686869670799218,-0.4360992288910366,-0.6120668151614009,-0.5986444,-0.7611679303624085,0.3333333333333333,0.6809815950920245,3.548,0.0007852784548882,0.2108843537414966,5.637931034482759,0.0001118907444394,0.0091743119266055,0.0033821871476888,1.5,0.018018018018018,
0x04cdf8c4a6beec46c6cfdf6819789b601f7b5355d0965879a7affad32210ae7d,1,0x42ef0ea65212f30fc9a1716faf771f9207a2665d,0xf2919d1d80aff2940274014bef534f7791906ff2,2022-12-28 15:54:23+00:00,102780,22425550314,15208312,97980,1618123000000000.0,276,2,20,875,888,0.9853603603603605,111,309,309,1.0,116,462,3006496,106,0x04cdf8c4a6beec46c6cfdf6819789b601f7b5355d0965879a7affad32210ae7d,2,2,4,250,162,1114548,82,5,2.0,2.0,1,2,0,-0.2954719095527734,0.6057100944957285,0.6040532462438796,0.3849096095883983,-0.7373185166975816,-0.7630738228635187,-0.5842772702957434,1.2196420761150135,-0.649739525095224,0.057119547797754,-0.4260041122883649,0.5483384185564363,0.2911939881636732,0.3015639155398502,-0.6482108281599788,-0.5933907047523321,-0.5993646277113459,0.2250368481172934,-0.4472932896924432,1.0555555555555558,-0.3348128494071184,-0.1841467327250685,-0.5289131769240673,1.2548689980628904,1.2608555157801329,-0.504693490141541,-0.5294781,-0.7529673863977717,0.25,0.6809815950920245,3.552,0.0007850709120908,0.2505399568034557,3.768292682926829,0.0001027774183709,0.0064724919093851,0.0022522522522522,1.0,0.018018018018018,
0xc3c29495759c716b4b850f203c33a8f32ad310ee9064addde4bc3ebed141d74e,14,0xfe0fb970566e5ee272692ce8b831f46317de639c,0xf2919d1d80aff2940274014bef534f7791906ff2,2022-12-28 17:59:11+00:00,773665,19698231862,7177440,687265,2.4271844e+16,950,2,19,876,889,0.9853768278965128,111,956,1002,0.9540918163672656,289,1784,11230370,107,0xc3c29495759c716b4b850f203c33a8f32ad310ee9064addde4bc3ebed141d74e,3,2,43,250,162,1115170,246,6,16.0,2.0,2,3,0,3.485172602441375,0.6179082194855733,0.616076599075167,0.3849096095883983,0.3233284842080748,0.3280843326945511,0.8954037192985239,1.2473662549683282,-0.5613636375686701,0.057119547797754,1.9048264684139684,0.5483384185564363,0.2911939881636732,0.3078835257622393,0.3458288170584209,2.1688012377919743,2.1614513732488145,0.6787401709344169,0.7441271927455714,1.0555555555555558,1.6581207780162064,0.406067154214254,1.0926649638241177,0.8025674273318126,-0.3734169320977746,1.0339464396867344,0.4388497,0.3524659400352578,0.3255813953488372,0.6809815950920245,3.556,0.0007855297528361,0.1619047619047619,4.073170731707317,8.51263061567601e-05,0.0029940119760479,0.0033745781777277,1.5,0.018018018018018,
0x9c19e5af20c79b30f71f2088db8aa46929049dcae8d493978454f15257474ebc,1,0xfe0fb970566e5ee272692ce8b831f46317de639c,0xf2919d1d80aff2940274014bef534f7791906ff2,2022-12-28 18:06:11+00:00,56833,18888873956,10059365,56833,0.0,951,2,18,877,890,0.9853932584269663,111,957,1003,0.9541375872382852,289,1784,11230405,108,0x9c19e5af20c79b30f71f2088db8aa46929049dcae8d493978454f15257474ebc,4,2,3,250,162,1115205,246,3,2.0,1.0,1,2,0,-0.2954719095527734,0.630106344475418,0.6280999519064544,0.3849096095883983,0.3249678149668161,0.3296588754875642,0.8954037192985239,1.2750904338216429,-0.4729877500421163,0.057119547797754,-0.4857689989730401,0.5483384185564363,0.2911939881636732,0.3082391308390619,0.3458288170584209,2.1688012377919743,2.1614631230105488,-0.6823697975169535,-0.4472932896924432,-0.3333333333333333,-0.3348128494071184,-0.1841467327250685,-0.6399704383518184,0.6683425985814457,0.2130512153649838,-0.6121294798454092,-0.5986444,0.3541060488281852,0.3333333333333333,0.6809815950920245,3.56,0.0007864017948253,0.1619047619047619,4.077235772357724,8.521508483308618e-05,0.003988035892323,0.0044943820224719,2.0,0.018018018018018,
0x5ac078d6438c97ffac10ebac0c34cac4c6aaafd64ccbe95469fff0a3380ecf4a,10,0xde61396aa17b1269e3d85f6c7c4d22694eb9c6ee,0xf2919d1d80aff2940274014bef534f7791906ff2,2022-12-28 19:11:11+00:00,446389,19417528404,8149118,403189,1.4563107e+16,977,2,17,878,891,0.9854096520763188,111,976,1055,0.9251184834123224,283,652,4238118,109,0x5ac078d6438c97ffac10ebac0c34cac4c6aaafd64ccbe95469fff0a3380ecf4a,1,1,29,251,162,1115528,235,5,10.0,2.0,2,2,0,2.321897367981637,0.6423044694652628,0.6401233047377418,0.3849096095883983,0.3561150993829019,0.4115351007242447,0.8440853034744452,1.3028146126749574,-0.7381154126217778,-0.6568747996741708,1.0681180548285154,0.591968146321907,0.2911939881636732,0.3115208576908813,0.2791554262206014,-0.196403965657462,-0.1858999120877171,0.2250368481172934,0.2335184145578508,1.0555555555555558,1.6581207780162064,-0.1841467327250685,0.301614921579168,0.7560152489934375,-0.1756816695249047,0.2922159074215365,0.023852078,0.3967488774442961,0.3448275862068966,0.6809815950920245,3.549800796812749,0.0007870705288701,0.4333843797856049,4.48936170212766,0.0002302908436502,0.0009478672985781,0.0011223344556677,1.0,0.009009009009009,
0x79022288839cec61ad69e1c444a485b7a82e1e5b487658baf9fa8365fc58832f,1,0xde61396aa17b1269e3d85f6c7c4d22694eb9c6ee,0xf2919d1d80aff2940274014bef534f7791906ff2,2022-12-28 19:15:35+00:00,56833,16708809415,8422936,56833,0.0,978,2,16,879,892,0.98542600896861,111,977,1056,0.925189393939394,283,652,4238140,110,0x79022288839cec61ad69e1c444a485b7a82e1e5b487658baf9fa8365fc58832f,2,1,3,251,162,1115550,235,3,2.0,1.0,1,2,0,-0.2954719095527734,0.6545025944551074,0.6521466575690292,0.3849096095883983,0.3577544301416432,0.4131096435172579,0.8440853034744452,1.3305387915282718,-0.649739525095224,-0.6568747996741708,-0.4857689989730401,0.591968146321907,0.2911939881636732,0.3117443808820269,0.2791554262206014,-0.196403965657462,-0.1858925265231983,-0.6823697975169535,-0.4472932896924432,-0.3333333333333333,-0.3348128494071184,-0.1841467327250685,-0.6399704383518184,0.3067982342017242,-0.1199600476221981,-0.6121294798454092,-0.5986444,0.3983889862372234,0.3333333333333333,0.6809815950920245,3.553784860557769,0.0007879514249012,0.4333843797856049,4.493617021276596,0.0002305256007291,0.0018939393939393,0.0022421524663677,2.0,0.009009009009009,
0xf03a6a67cd37753540675ecfded69c424c7eded213107090d775c40064a851d1,1,0x549efe37d5460450a989babc748b6a0b26b64f40,0xf2919d1d80aff2940274014bef534f7791906ff2,2022-12-28 22:01:23+00:00,692932,21036861553,1136789,627732,1.9417476e+16,253,2,15,880,893,0.9854423292273236,111,256,268,0.9552238805970148,80,630,4091123,111,0xf03a6a67cd37753540675ecfded69c424c7eded213107090d775c40064a851d1,3,2,14,251,162,1116373,73,4,13.0,1.0,1,2,0,-0.2954719095527734,0.6667007194449521,0.6641700104003166,0.3849096095883983,-0.8242030469108734,-0.8276300773770552,-0.8921877652402151,1.3582629703815865,-0.5613636375686701,0.057119547797754,0.1716447545583872,0.591968146321907,0.2911939881636732,0.3201061802598827,-0.7027617843000129,-0.242370851236868,-0.2352472328347444,-0.22866647469983,0.4888228036517111,-0.3333333333333333,-0.3348128494071184,-0.1841467327250685,0.8975273947369815,1.0245672863591138,-1.602681885710051,0.8785040799754458,0.23135093,-0.7906898886351006,0.0714285714285714,0.6809815950920245,3.557768924302789,0.0007882662978535,0.126782884310618,3.671232876712329,6.257449053120854e-05,0.0111940298507462,0.0033594624860022,1.5,0.018018018018018,
0x7f6db47ca169cf371392e5e2664d6be05c25f8ff9d66e95d0320168663ac2df9,1,0x879765ffd7f2fe105ed3aa42b15b5f5ad241f0bd,0xf2919d1d80aff2940274014bef534f7791906ff2,2022-12-28 22:05:47+00:00,1783487,16351411172,12313741,1620287,5.3398057e+16,1499,2,14,881,894,0.9854586129753916,111,1327,1526,0.8695937090432503,200,830,5394417,112,0x7f6db47ca169cf371392e5e2664d6be05c25f8ff9d66e95d0320168663ac2df9,1,1,35,252,162,1116395,301,4,34.0,1.0,1,2,0,-0.2954719095527734,0.6788988444347969,0.6761933632316041,0.3849096095883983,0.9315201957011172,1.1531447562334092,0.1341805512413575,1.385987149234901,-0.7381154126217778,-0.6568747996741708,1.4267073749365666,0.6355978740873777,0.2911939881636732,0.3203297034510283,0.6791957712475184,0.175509926757732,0.2022783091610803,-0.22866647469983,2.275953527308733,-0.3333333333333333,-0.3348128494071184,-0.1841467327250685,3.533478637175904,0.2475269061443479,0.6718139230705985,3.470093473139541,1.6838427,1.2528856673523694,0.0285714285714285,0.6809815950920245,3.5476190476190474,0.0007891465035704,0.2406738868832731,5.069767441860465,0.0002459950267109,0.0006553079947575,0.0011185682326621,1.0,0.009009009009009,
0x960170326c0321b50e04633692063a26b1349f92524cd11dc3c92d005d3d5037,1,0x549efe37d5460450a989babc748b6a0b26b64f40,0xf2919d1d80aff2940274014bef534f7791906ff2,2022-12-28 22:15:47+00:00,2148034,15999715230,9080899,1943634,6.634304e+16,255,2,13,882,895,0.9854748603351956,111,258,270,0.9555555555555556,80,630,4091195,113,0x960170326c0321b50e04633692063a26b1349f92524cd11dc3c92d005d3d5037,4,2,43,252,162,1116445,74,4,42.0,1.0,1,2,0,-0.2954719095527734,0.6910969694246416,0.6882167160628915,0.3849096095883983,-0.8209243853933907,-0.8244809917910291,-0.8921877652402151,1.4137113280882154,-0.4729877500421163,0.057119547797754,1.9048264684139684,0.6355978740873777,0.2911939881636732,0.3208377107036319,-0.6967005669511203,-0.242370851236868,-0.2352230618963194,-0.22866647469983,2.956765231559028,-0.3333333333333333,-0.3348128494071184,-0.1841467327250685,4.41461541393396,0.1892012541216827,0.0139346032479802,4.314361705641953,2.2371728,-0.787409671049246,0.0232558139534883,0.6809815950920245,3.5515873015873014,0.0007900068610573,0.126782884310618,3.6486486486486487,6.306224390129438e-05,0.0148148148148148,0.0044692737430167,2.0,0.018018018018018,
0xa97729bd440f324b615ec3c0e1e4718c621a434c06fc0c1aa50316a6af2e5b85,1,0x549efe37d5460450a989babc748b6a0b26b64f40,0xf2919d1d80aff2940274014bef534f7791906ff2,2022-12-28 22:29:11+00:00,326388,15385839059,11630034,297588,6472492000000000.0,257,2,12,883,896,0.9854910714285714,111,260,272,0.9558823529411764,80,630,4091262,114,0xa97729bd440f324b615ec3c0e1e4718c621a434c06fc0c1aa50316a6af2e5b85,5,2,10,252,162,1116512,75,5,5.0,2.0,1,2,0,-0.2954719095527734,0.7032950944144863,0.7002400688941789,0.3849096095883983,-0.8176457238759081,-0.8213319062050028,-0.8921877652402151,1.44143550694153,-0.3846118625155624,0.057119547797754,-0.0674147921803136,0.6355978740873777,0.2911939881636732,0.3215184404221207,-0.6906393496022276,-0.242370851236868,-0.235200569495285,0.2250368481172934,-0.1919889005985829,1.0555555555555558,-0.3348128494071184,-0.1841467327250685,0.0115637228373226,0.0873953369673923,0.5326804002699288,0.0164886867561611,-0.32197925,-0.7841294534633912,0.1,0.6809815950920245,3.555555555555556,0.0007908550997614,0.126782884310618,3.6266666666666665,6.355005776944675e-05,0.0183823529411764,0.0055803571428571,2.5,0.018018018018018,
0xe3848b40e26d77bb6c016b801cbd47620c6e6b8bf9158cf9171a56355db2fece,1,0x6e09f230d90dad2bbf4bd5f96fdf93fee27aa8ca,0xf2919d1d80aff2940274014bef534f7791906ff2,2022-12-28 23:26:11+00:00,946221,15518050639,9719720,860221,3.721683e+16,729,2,11,884,897,0.9855072463768116,111,732,747,0.9799196787148594,208,524,3412217,115,0xe3848b40e26d77bb6c016b801cbd47620c6e6b8bf9158cf9171a56355db2fece,14,3,35,252,162,1116797,308,11,24.0,2.0,1,8,0,-0.2954719095527734,0.715493219404331,0.7122634217254663,0.3849096095883983,-0.0438816057499886,-0.0734240795237862,0.2026051056734623,1.4691596857948446,0.4107711252234223,0.7711138952696789,1.4267073749365666,0.6355978740873777,0.2911939881636732,0.3244140817619614,0.7216242926897671,-0.4638476635740061,-0.4631610539788742,2.947256785020034,1.4249388969958654,1.0555555555555558,-0.3348128494071184,3.3571365889108677,1.5097454435709352,0.1093214546376575,0.1439338809635026,1.48553948499313,0.99217993,-0.009998103201685,0.0285714285714285,0.6809815950920245,3.5595238095238093,0.0007915486954668,0.3961904761904762,2.425324675324675,0.0002145232221387,0.0187416331994645,0.0156075808249721,4.666666666666667,0.027027027027027,
0x8097f316c41aee6fc21afbf1972e29df0f701679a488d4eb5623f1ba162fa18c,1,0x6e09f230d90dad2bbf4bd5f96fdf93fee27aa8ca,0xf2919d1d80aff2940274014bef534f7791906ff2,2022-12-28 23:27:47+00:00,56845,14807853212,3316022,56845,0.0,730,2,10,885,898,0.9855233853006682,111,733,748,0.9799465240641712,208,524,3412225,116,0x8097f316c41aee6fc21afbf1972e29df0f701679a488d4eb5623f1ba162fa18c,15,3,3,252,162,1116805,308,3,2.0,1.0,1,2,0,-0.2954719095527734,0.7276913443941757,0.7242867745567537,0.3849096095883983,-0.0422422749912472,-0.0718495367307731,0.2026051056734623,1.496883864648159,0.4991470127499761,0.7711138952696789,-0.4857689989730401,0.6355978740873777,0.2911939881636732,0.324495362922378,0.7216242926897671,-0.4638476635740061,-0.4631583683190491,-0.6823697975169535,-0.4472932896924432,-0.3333333333333333,-0.3348128494071184,-0.1841467327250685,-0.6399414334736515,-0.0084584883410254,-1.1592106848981945,-0.6120981475034051,-0.5986444,-0.0083579944087577,0.3333333333333333,0.6809815950920245,3.563492063492064,0.0007924384360399,0.3961904761904762,2.4285714285714284,0.0002148157830108,0.0200534759358288,0.0167037861915367,5.0,0.027027027027027,
0xd3775266daf2ce0dba3f8cb7e7fa7a74314682377b03e0f0b0747bca0a55237c,1,0x279ab61ebeec7c354a05caa1878f269105d759ac,0xf2919d1d80aff2940274014bef534f7791906ff2,2022-12-28 23:56:11+00:00,111729,14452934491,5747913,106929,1618123000000000.0,349,2,9,886,899,0.985539488320356,111,378,384,0.984375,150,516,3357308,117,0xd3775266daf2ce0dba3f8cb7e7fa7a74314682377b03e0f0b0747bca0a55237c,6,4,3,252,162,1116947,107,4,2.0,1.0,1,2,0,-0.2954719095527734,0.7398894693840204,0.7363101273880411,0.3849096095883983,-0.6242046943444282,-0.6449831133875371,-0.2934729139592977,1.5246080435014735,-0.2962359749890085,1.4851082427416038,-0.4857689989730401,0.6355978740873777,0.2911939881636732,0.3259381035197723,-0.4966803944376617,-0.4805628946937901,-0.4815944158952558,-0.22866647469983,-0.4472932896924432,-0.3333333333333333,-0.3348128494071184,-0.1841467327250685,-0.5072827890311266,-0.0673186096709878,-0.6643238958244486,-0.481327396091916,-0.5294781,-0.6332394445140757,0.3333333333333333,0.6809815950920245,3.5674603174603177,0.0007932329884649,0.2901353965183752,3.588785046728972,0.000112590172665,0.015625,0.0066740823136818,1.5,0.036036036036036,
0x3aa126ded66cea7a78d10e63e2feec93d27ef9c570ee87b4bca5f24e9d133b67,1,0x4831fae5df05008cce984d71ee4e6fa78b09d53e,0xf2919d1d80aff2940274014bef534f7791906ff2,2022-12-29 00:21:23+00:00,263967,15832741980,4218235,239967,4854369000000000.0,961,2,8,887,900,0.9855555555555556,112,955,970,0.9845360824742267,229,831,5395094,118,0x3aa126ded66cea7a78d10e63e2feec93d27ef9c570ee87b4bca5f24e9d133b67,2,2,5,252,163,1117072,237,4,4.0,1.0,1,2,0,-0.2954719095527734,0.7520875943738652,0.7483334802193286,0.487497458625818,0.3216891534493334,0.2776989633181323,0.3822195610577376,1.5523322223547882,-0.649739525095224,0.057119547797754,-0.3662392256036897,0.6355978740873777,0.3610581887787578,0.3272081216512814,0.2912778609183867,0.177599330647705,0.2025055831237711,-0.22866647469983,-0.2770903636298697,-0.3333333333333333,-0.3348128494071184,-0.1841467327250685,-0.139312402167175,0.1615102218589519,-0.9756114632922132,-0.1339613864624597,-0.39114556,0.3705071367574586,0.2,0.6829268292682927,3.571428571428572,0.0007940394226697,0.2752403846153846,4.0928270042194095,0.0001770126383316,0.002061855670103,0.0022222222222222,1.0,0.0178571428571428,
0xa91624b9f1c2a3a55539df1d6ec3220b405e3831d1474500f6c8266eafb328b5,1,0xa8d6b42a88bd1aeb61e6b7dce475c964bd72eb18,0xf2919d1d80aff2940274014bef534f7791906ff2,2022-12-29 03:21:35+00:00,172532,15399675827,4311707,167732,6472492000000000.0,1319,2,7,888,901,0.9855715871254164,112,1369,1438,0.9520166898470096,338,913,5924252,119,0xa91624b9f1c2a3a55539df1d6ec3220b405e3831d1474500f6c8266eafb328b5,1,1,6,253,163,1117967,341,4,5.0,1.0,1,2,0,-0.2954719095527734,0.7642857193637098,0.760356833050616,0.487497458625818,1.0003720875682542,1.0145849904482571,1.314504115195166,1.5800564012081026,-0.7381154126217778,-0.6568747996741708,-0.3064743389190145,0.6792276018528484,0.3610581887787578,0.3363014514728863,0.9216444652032256,0.3489304496254911,0.3801478808335946,-0.22866647469983,-0.1919889005985829,-0.3333333333333333,-0.3348128494071184,-0.1841467327250685,-0.3603174884327947,0.0896900421917316,-0.9565900277310384,-0.3225690301851839,-0.32197925,0.9576660846254476,0.1666666666666666,0.6829268292682927,3.561264822134387,0.0007942982267828,0.3698030634573304,4.217008797653959,0.0002310839864536,0.0006954102920723,0.0011098779134295,1.0,0.0089285714285714,
0xbf294c76fb501f9daf6df162b703f2b88fc955cee01209236ca48c39451f3977,1,0xa8d6b42a88bd1aeb61e6b7dce475c964bd72eb18,0xf2919d1d80aff2940274014bef534f7791906ff2,2022-12-29 03:22:23+00:00,153787,15995304355,4763718,139387,1618123000000000.0,1320,2,6,889,902,0.9855875831485588,112,1370,1439,0.9520500347463516,338,913,5924256,120,0xbf294c76fb501f9daf6df162b703f2b88fc955cee01209236ca48c39451f3977,2,1,3,253,163,1117971,341,4,2.0,1.0,1,2,0,-0.2954719095527734,0.7764838443535546,0.7723801858819034,0.487497458625818,1.0020114183269957,1.0161595332412705,1.314504115195166,1.607780580061417,-0.649739525095224,-0.6568747996741708,-0.4857689989730401,0.6792276018528484,0.3610581887787578,0.3363420920530947,0.9216444652032256,0.3489304496254911,0.380149223663507,-0.22866647469983,-0.4472932896924432,-0.3333333333333333,-0.3348128494071184,-0.1841467327250685,-0.4056255252026207,0.1884697496325992,-0.8646063523047907,-0.3965786330275818,-0.5294781,0.959306193418375,0.3333333333333333,0.6829268292682927,3.565217391304348,0.0007951898616423,0.3698030634573304,4.219941348973607,0.0002312526279666,0.0013898540653231,0.0022172949002217,2.0,0.0089285714285714,
0xa68eabc49bf6743b030dfd1334a519c0531883a6901fc7abd2efc91fc9e62941,1,0x07646c79de3c4451bf73b322b199b9977cc0cd8d,0xf2919d1d80aff2940274014bef534f7791906ff2,2022-12-29 04:16:23+00:00,556507,14185881751,13152493,508507,1.4563107e+16,1329,2,5,890,903,0.9856035437430788,112,1413,1432,0.986731843575419,274,393,2565124,121,0xa68eabc49bf6743b030dfd1334a519c0531883a6901fc7abd2efc91fc9e62941,1,1,11,254,163,1118241,418,4,10.0,1.0,1,2,0,-0.2954719095527734,0.7886819693433993,0.7844035387131908,0.487497458625818,1.072502640952874,1.0051377336901788,0.7671076797383273,1.6355047589147318,-0.7381154126217778,-0.6568747996741708,-0.0076499054956384,0.7228573296183191,0.3610581887787578,0.3390853312171543,1.388358201067962,-0.7375595731604692,-0.7475365087464624,-0.22866647469983,0.2335184145578508,-0.3333333333333333,-0.3348128494071184,-0.1841467327250685,0.5677781860774183,-0.1116069375270405,0.84249891023046,0.567204207021313,0.023852078,0.9740671725547212,0.0909090909090909,0.6829268292682927,3.5551181102362204,0.0007958921235296,0.6954314720812182,3.425837320574163,0.0005508503484235,0.0006983240223463,0.0011074197120708,1.0,0.0089285714285714,
0x18f04d457b9876ff5868b12724b93abd8b4dc4160f1ac7f416ee5de1cade8abd,1,0x07646c79de3c4451bf73b322b199b9977cc0cd8d,0xf2919d1d80aff2940274014bef534f7791906ff2,2022-12-29 04:16:59+00:00,56833,14082014201,5998833,56833,0.0,1330,2,4,891,904,0.9856194690265486,112,1414,1433,0.9867411025819958,274,393,2565127,122,0x18f04d457b9876ff5868b12724b93abd8b4dc4160f1ac7f416ee5de1cade8abd,2,1,3,254,163,1118244,418,3,2.0,1.0,1,2,0,-0.2954719095527734,0.800880094333244,0.7964268915444782,0.487497458625818,1.0741419717116152,1.006712276483192,0.7671076797383273,1.6632289377680465,-0.649739525095224,-0.6568747996741708,-0.4857689989730401,0.7228573296183191,0.3610581887787578,0.3391158116523105,1.388358201067962,-0.7375595731604692,-0.747535501624028,-0.6823697975169535,-0.4472932896924432,-0.3333333333333333,-0.3348128494071184,-0.1841467327250685,-0.6399704383518184,-0.1288324492668,-0.6132619883975186,-0.6121294798454092,-0.5986444,0.9757072813476484,0.3333333333333333,0.6829268292682927,3.559055118110236,0.0007967842467437,0.6954314720812182,3.4282296650717705,0.0005512395482798,0.0013956734124214,0.0022123893805309,2.0,0.0089285714285714,
0x3528ab1f940eb99d694dd4d8a06828ce70e94599e2eed5432b52698edf8f3c24,1,0x07646c79de3c4451bf73b322b199b9977cc0cd8d,0xf2919d1d80aff2940274014bef534f7791906ff2,2022-12-29 04:21:11+00:00,274668,16400682551,5982103,247868,4854369000000000.0,1333,2,3,892,905,0.985635359116022,112,1417,1436,0.9867688022284122,274,393,2565148,123,0x3528ab1f940eb99d694dd4d8a06828ce70e94599e2eed5432b52698edf8f3c24,3,1,5,254,163,1118265,418,5,4.0,1.0,1,3,0,-0.2954719095527734,0.8130782193230888,0.8084502443757656,0.487497458625818,1.079059963987839,1.0114359048622312,0.7671076797383273,1.690953116621361,-0.5613636375686701,-0.6568747996741708,-0.3662392256036897,0.7228573296183191,0.3610581887787578,0.339329174698404,1.388358201067962,-0.7375595731604692,-0.7475284517669875,0.2250368481172934,-0.2770903636298697,-0.3333333333333333,-0.3348128494071184,0.406067154214254,-0.1134473020618718,0.2556981272562221,-0.6166665225568225,-0.1133316502812007,-0.39114556,0.9806276077264304,0.2,0.6829268292682927,3.562992125984252,0.0007976635254939,0.6954314720812182,3.435406698564593,0.0005524045581757,0.0020891364902506,0.0033149171270718,3.0,0.0089285714285714,
0xb949a8a7b9c9a8e21ebf33daf0d32b5a1f810f410de8a672288a7a7660505536,1,0x07646c79de3c4451bf73b322b199b9977cc0cd8d,0xf2919d1d80aff2940274014bef534f7791906ff2,2022-12-29 04:21:47+00:00,56845,15050054861,4625324,56845,0.0,1334,2,2,893,906,0.9856512141280354,112,1418,1437,0.9867780097425192,274,393,2565151,124,0xb949a8a7b9c9a8e21ebf33daf0d32b5a1f810f410de8a672288a7a7660505536,4,1,3,254,163,1118268,418,3,2.0,1.0,1,2,0,-0.2954719095527734,0.8252763443129334,0.8204735972070529,0.487497458625818,1.0806992947465806,1.0130104476552444,0.7671076797383273,1.7186772954746754,-0.4729877500421163,-0.6568747996741708,-0.4857689989730401,0.7228573296183191,0.3610581887787578,0.3393596551335602,1.388358201067962,-0.7375595731604692,-0.747527444644553,-0.6823697975169535,-0.4472932896924432,-0.3333333333333333,-0.3348128494071184,-0.1841467327250685,-0.6399414334736515,0.0317085065311806,-0.8927693589062674,-0.6120981475034051,-0.5986444,0.9822677165193576,0.3333333333333333,0.6829268292682927,3.566929133858268,0.0007985556248094,0.6954314720812182,3.437799043062201,0.0005527937525729,0.0027835768963117,0.0044150110375275,4.0,0.0089285714285714,
0x4c1d2c914eba684e11d5e278ac1c24c2595b168bd33cf79f24d011db0181dca8,1,0x42dd879f8eb7e9b43036a5b4c97b02c6176d6b99,0x4afb544eb87265cf7fc8fdb843c81d34f7e2a369,2016-06-10 18:49:56+00:00,90000,20000000000,1065168,31140,1e+16,37,,3,1,1,1.0,1,41,42,0.9761904761904762,14,307,1629023,1,0x4c1d2c914eba684e11d5e278ac1c24c2595b168bd33cf79f24d011db0181dca8,1,1,3,1,0,0,13,3,1.0,2.0,2,1,0,-0.0898026510133875,-3.701308187308456,-3.3771349192774527,-5.336534402333018,-0.6228652784750481,-0.6439623295234727,-0.1672164542877993,-1.5736213290150394,-0.9319826595799208,-1.1567034896476125,-0.1421225958636073,-6.236343823728779,-5.301128504415085,-5.301125516289154,-0.1646230412439977,3.3407077285004,3.243240128346027,-0.2226042445468997,-0.2605949024211186,0.6546536707079772,7.842193570679058,-0.0982510574577606,-1.4981834964895768,-0.0380157139182309,3.3624562604865558,-0.5737527685795237,-0.0,-0.4953185114036665,0.3333333333333333,1.0,1.0,1.0,0.0454545454545454,3.230769230769231,2.516844441825289e-05,0.0238095238095238,1.0,1.0,1.0,
0x3ae5612dd4053e2412fe0fe7910e72f1afae075117a6157260f120e32159c959,1,0x42dd879f8eb7e9b43036a5b4c97b02c6176d6b99,0x4afb544eb87265cf7fc8fdb843c81d34f7e2a369,2016-06-10 18:52:05+00:00,90000,20000000000,153000,90000,1e+16,38,,2,2,2,1.0,1,42,43,0.9767441860465116,14,307,1629032,2,0x3ae5612dd4053e2412fe0fe7910e72f1afae075117a6157260f120e32159c959,2,1,2,1,0,9,13,3,1.0,1.0,1,1,0,-0.0898026510133875,-3.691085838138912,-3.3686499967635903,-5.336534402333018,-0.6040225486083054,-0.6263369099503537,-0.1672164542877993,-1.5210832237461078,-0.8586213041343981,-1.1567034896476125,-0.3641891519004939,-6.236343823728779,-5.301128504415085,-5.30091790994745,-0.1646230412439977,3.3407077285004,3.243265185996896,-0.2226042445468997,-0.2605949024211186,-0.027277236279499,-0.1275153426126677,-0.0982510574577606,-1.4981834964895768,-0.0380157139182309,-0.2750678843784687,0.5748633707154318,-0.0,-0.4661409365094826,0.5,1.0,2.0,0.2,0.0454545454545454,3.3076923076923075,2.5782166475448933e-05,0.0465116279069767,1.0,2.0,1.0,
0x8d8404d056607815c04dd286858da123c6e6aea29a1197e21a803fa67ebedd7c,5,0x42dd879f8eb7e9b43036a5b4c97b02c6176d6b99,0x4afb544eb87265cf7fc8fdb843c81d34f7e2a369,2016-06-10 18:52:47+00:00,314159,20000000000,437921,143853,1e+16,39,,1,3,3,1.0,1,43,44,0.9772727272727272,14,307,1629036,3,0x8d8404d056607815c04dd286858da123c6e6aea29a1197e21a803fa67ebedd7c,3,1,11,1,0,13,13,4,3.0,8.0,2,2,1,11.13552872566005,-3.680863488969368,-3.360165074249728,-5.336534402333018,-0.5851798187415627,-0.6087114903772348,-0.1672164542877993,-1.4685451184771765,-0.7852599486888753,-1.1567034896476125,1.6344098524314843,-6.236343823728779,-5.301128504415085,-5.300825640462248,-0.1646230412439977,3.3407077285004,3.243276322730615,0.2411545982591414,0.7265070006891791,4.746239112632835,7.842193570679058,0.7789905269865298,1.671433713534924,-0.0380157139182309,0.8611340179893928,1.6257710321060408,-0.0,-0.4369633616152986,0.4545454545454545,1.0,3.0,0.2142857142857142,0.0454545454545454,3.3846153846153846,2.6395962768187585e-05,0.0681818181818181,1.0,3.0,1.0,
0xbc76d47884dca8799e26c70b8b2a82955fce1763b175f33da5d857f3629e820f,1,0x9f73bc871764c879fd9e0f524278373fa7875068,0xd654bdd32fc99471455e86c2e7f7d7b6437e9179,2016-05-29 00:22:44+00:00,150000,20000000000,261110,28210,2.5e+19,91,,125,274,289,0.9480968858131488,31,109,110,0.990909090909091,12,124,697158,1,0xbc76d47884dca8799e26c70b8b2a82955fce1763b175f33da5d857f3629e820f,18,4,1,46,33,197404,10,2,0.0,0.0,1,0,0,-0.0898026510133875,-0.9106068640229706,-0.9334772352850847,-0.7945452945824918,0.6584403524634586,0.5545662014486135,-0.3003505739436904,-1.5736213290150394,0.3151603829939656,0.1190724180519599,-0.5862557079373804,-0.1067904411541882,-0.6946075268055998,-0.7475341520909894,-0.3812323060387317,0.6333213014669327,0.6487570364735449,-0.6863630873529409,-0.7541458539762674,-0.7092081432669753,-0.1275153426126677,-0.9754926419020512,-0.6497811008620532,-0.0380157139182309,0.1560508736807459,-0.6309298886633534,-0.0,1.0802705328822662,1.0,0.9117647058823528,6.282608695652174,0.0013880094222537,0.096,11.0,0.0001563488386436,0.1636363636363636,0.0622837370242214,4.5,0.1290322580645161,
0xfc3fcd0051e30bbdb1c646382c6e33c420689ea990b743794abcde2b34b541f8,1,0x9f73bc871764c879fd9e0f524278373fa7875068,0xd654bdd32fc99471455e86c2e7f7d7b6437e9179,2016-05-29 00:23:20+00:00,150000,20000000000,237845,45523,0.0,92,,124,275,290,0.9482758620689656,31,110,111,0.990990990990991,12,124,697160,2,0xfc3fcd0051e30bbdb1c646382c6e33c420689ea990b743794abcde2b34b541f8,19,4,1,46,33,197406,10,2,0.0,0.0,1,0,0,-0.0898026510133875,-0.9003845148534267,-0.9249923127712224,-0.7945452945824918,0.6772830823302013,0.5721916210217324,-0.3003505739436904,-1.5210832237461078,0.3885217384394883,0.1190724180519599,-0.5862557079373804,-0.1067904411541882,-0.6946075268055998,-0.7474880173483885,-0.3812323060387317,0.6333213014669327,0.6487626048404047,-0.6863630873529409,-0.7541458539762674,-0.7092081432669753,-0.1275153426126677,-0.9754926419020512,-0.6497811008620532,-0.0380157139182309,0.0632752016222164,-0.2930775064069218,-0.0,1.1094481077764502,1.0,0.9117647058823528,6.304347826086956,0.001393061036336,0.096,11.1,0.0001577827790137,0.1711711711711711,0.0655172413793103,4.75,0.1290322580645161,
0x525eac14925b08cb79b3f90ebc70b7c5a7dcc421df93d6eb82dad5376c9051d2,1,0x9f73bc871764c879fd9e0f524278373fa7875068,0xd654bdd32fc99471455e86c2e7f7d7b6437e9179,2016-05-29 00:48:32+00:00,150000,20000000000,547052,30523,0.0,96,,120,276,291,0.9484536082474226,31,114,115,0.991304347826087,12,124,697277,3,0x525eac14925b08cb79b3f90ebc70b7c5a7dcc421df93d6eb82dad5376c9051d2,20,4,1,46,33,197523,10,2,0.0,0.0,1,0,0,-0.0898026510133875,-0.8901621656838828,-0.91650739025736,-0.7945452945824918,0.7526540017971722,0.642693299314208,-0.3003505739436904,-1.4685451184771765,0.461883093885011,0.1190724180519599,-0.5862557079373804,-0.1067904411541882,-0.6946075268055998,-0.7447891349062334,-0.3812323060387317,0.6333213014669327,0.649088354301699,-0.6863630873529409,-0.7541458539762674,-0.7092081432669753,-0.1275153426126677,-0.9754926419020512,-0.6497811008620532,-0.0380157139182309,1.296324298127772,-0.5857931382354018,-0.0,1.226158407353186,1.0,0.9117647058823528,6.326086956521739,0.0013972985561248,0.096,11.5,0.0001634928966638,0.1739130434782608,0.0687285223367697,5.0,0.1290322580645161,
0x2b03898bb4734901416c6a549629f9e2d59fad166ba9acb8faece67927f13681,1,0x9f73bc871764c879fd9e0f524278373fa7875068,0xd654bdd32fc99471455e86c2e7f7d7b6437e9179,2016-05-29 00:54:23+00:00,150000,20000000000,15075,15075,0.0,100,,116,277,292,0.9486301369863014,31,118,119,0.9915966386554622,12,124,697299,4,0x2b03898bb4734901416c6a549629f9e2d59fad166ba9acb8faece67927f13681,21,4,1,46,33,197545,10,2,0.0,0.0,1,0,0,-0.0898026510133875,-0.879939816514339,-0.9080224677434976,-0.7945452945824918,0.8280249212641433,0.7131949776066837,-0.3003505739436904,-1.4160070132082443,0.5352444493305337,0.1190724180519599,-0.5862557079373804,-0.1067904411541882,-0.6946075268055998,-0.744281652737623,-0.3812323060387317,0.6333213014669327,0.6491496063371561,-0.6863630873529409,-0.7541458539762674,-0.7092081432669753,-0.1275153426126677,-0.9754926419020512,-0.6497811008620532,-0.0380157139182309,-0.8250822651509893,-0.8872512102678257,-0.0,1.3428687069299217,1.0,0.9117647058823528,6.3478260869565215,0.0014022050560375,0.096,11.9,0.0001692241502939,0.1764705882352941,0.071917808219178,5.25,0.1290322580645161,
0x8312d8cc934381d32ed7fd0097814985eff65aa6dc134b12716e3b0b831184d1,1,0x9f73bc871764c879fd9e0f524278373fa7875068,0xd654bdd32fc99471455e86c2e7f7d7b6437e9179,2016-05-29 00:54:54+00:00,150000,20000000000,98461,35747,0.0,101,,115,278,293,0.9488054607508531,31,119,120,0.9916666666666668,12,124,697300,5,0x8312d8cc934381d32ed7fd0097814985eff65aa6dc134b12716e3b0b831184d1,22,4,2,46,33,197546,10,2,1.0,1.0,1,1,0,-0.0898026510133875,-0.869717467344795,-0.8995375452296352,-0.7945452945824918,0.846867651130886,0.7308203971798026,-0.3003505739436904,-1.363468907939313,0.6086058047760565,0.1190724180519599,-0.3641891519004939,-0.1067904411541882,-0.6946075268055998,-0.7442585853663226,-0.3812323060387317,0.6333213014669327,0.6491523905205859,-0.6863630873529409,-0.2605949024211186,-0.027277236279499,-0.1275153426126677,-0.0982510574577606,-0.6497811008620532,-0.0380157139182309,-0.4925573483114214,-0.4838500408572698,-0.0,1.3720462818241057,0.5,0.9117647058823528,6.369565217391305,0.0014072600444451,0.096,12.0,0.0001706580085214,0.1833333333333333,0.0750853242320819,5.5,0.1290322580645161,
0xc0a166a5f4782ce82f1309286d35507abce519badecf0d6316eecc536eca2f7f,1,0xd8da6bf26964af9d7eed9e03e53415d37aa96045,0xd654bdd32fc99471455e86c2e7f7d7b6437e9179,2016-05-29 08:37:24+00:00,150000,20000000000,43210,43210,3.99e+20,154,,114,279,294,0.9489795918367347,31,116,179,0.6480446927374302,23,244,1303070,6,0xc0a166a5f4782ce82f1309286d35507abce519badecf0d6316eecc536eca2f7f,6,3,1,46,33,199470,42,2,0.0,0.0,1,0,0,-0.0898026510133875,-0.8594951181752511,-0.8910526227157728,-0.7945452945824918,0.7903394615306577,1.7707201519938185,0.4318870841637108,-1.3109308026703814,-0.5651758823523071,-0.3061862178478974,-0.5862557079373804,-0.1067904411541882,-0.6946075268055998,-0.6998769629842164,1.9292665184384303,2.4086566634560915,2.3357271868307743,-0.6863630873529409,-0.7541458539762674,-0.7092081432669753,-0.1275153426126677,-0.9754926419020512,-0.6497811008620532,-0.0380157139182309,-0.7128861106972291,-0.3382142568348734,0.0,2.9184577512158545,1.0,0.9117647058823528,6.391304347826087,0.001398699560337,0.0938775510204081,4.261904761904762,8.902047547677755e-05,0.0335195530726257,0.0204081632653061,2.0,0.0967741935483871,
0x13052019b92e532f19322f6d13d95f981ddda396f4c4939423ebd14a5b112f2b,1,0xd8da6bf26964af9d7eed9e03e53415d37aa96045,0xd654bdd32fc99471455e86c2e7f7d7b6437e9179,2016-05-29 08:38:31+00:00,150000,20000000000,45523,45523,0.0,155,,113,280,295,0.9491525423728814,31,117,180,0.65,23,244,1303078,7,0x13052019b92e532f19322f6d13d95f981ddda396f4c4939423ebd14a5b112f2b,7,3,1,46,33,199478,42,2,0.0,0.0,1,0,0,-0.0898026510133875,-0.8492727690057073,-0.8825677002019104,-0.7945452945824918,0.8091821913974004,1.7883455715669374,0.4318870841637108,-1.25839269740145,-0.4918145269067844,-0.3061862178478974,-0.5862557079373804,-0.1067904411541882,-0.6946075268055998,-0.6996924240138127,1.9292665184384303,2.4086566634560915,2.335749460298213,-0.6863630873529409,-0.7541458539762674,-0.7092081432669753,-0.1275153426126677,-0.9754926419020512,-0.6497811008620532,-0.0380157139182309,-0.703662378504176,-0.2930775064069218,-0.0,2.947635326110038,1.0,0.9117647058823528,6.413043478260869,0.0014036565252482,0.0938775510204081,4.285714285714286,8.978734213351608e-05,0.0388888888888888,0.023728813559322,2.333333333333333,0.0967741935483871,
0xa8037d0c535b6319ae416dce55f1cb36b593d19e1b705623a45aeec054af1781,1,0x26bf32bb4efc2c6c73c3819ad7adf18c494d9afe,0xd654bdd32fc99471455e86c2e7f7d7b6437e9179,2016-05-29 11:16:36+00:00,150000,20000000000,70210,28210,1.6e+19,9,,110,281,296,0.9493243243243245,31,11,11,1.0,2,26,153499,8,0xa8037d0c535b6319ae416dce55f1cb36b593d19e1b705623a45aeec054af1781,4,2,1,46,33,200149,3,2,0.0,0.0,1,0,0,-0.0898026510133875,-0.8390504198361634,-0.874082777688048,-0.7945452945824918,-1.1881471744773304,-1.190350336290159,-0.966021172223146,-1.205854592132518,-0.7118985932433526,-0.7314448537477548,-0.5862557079373804,-0.1067904411541882,-0.6946075268055998,-0.6842142178711967,-0.886653923893111,-0.8165359108242137,-0.8648893428242092,-0.6863630873529409,-0.7541458539762674,-0.7092081432669753,-0.1275153426126677,-0.9754926419020512,-0.6497811008620532,-0.0380157139182309,-0.6052160850973882,-0.6309298886633534,-0.0,-1.3122906084408168,1.0,0.9117647058823528,6.434782608695652,0.0014039470397202,0.074074074074074,3.6666666666666665,7.166123778501629e-05,0.3636363636363636,0.0135135135135135,2.0,0.064516129032258,
0x1e135585a8c4294803ecd2af6cff91a5a145907b63333ded06aeadd8fdb0c66b,1,0xefbadcad52f6baec237731123e638fd4e34f63c4,0xd654bdd32fc99471455e86c2e7f7d7b6437e9179,2016-05-30 04:50:30+00:00,150000,20000000000,28210,28210,9.5e+18,130,,107,282,297,0.9494949494949496,32,125,144,0.8680555555555556,17,86,507580,9,0x1e135585a8c4294803ecd2af6cff91a5a145907b63333ded06aeadd8fdb0c66b,24,9,1,46,34,204514,10,2,0.0,0.0,1,0,0,-0.0898026510133875,-0.8288280706666195,-0.8655978551741856,-0.6431456576574742,0.9599240303313424,1.1538304669346566,0.0324847251960374,-1.1533164868635866,0.7553285156671019,2.2453655975512468,-0.5862557079373804,-0.1067904411541882,-0.5550159820295548,-0.583525142144641,-0.3812323060387317,0.0711317701703657,0.1209371102063266,-0.6863630873529409,-0.7541458539762674,-0.7092081432669753,-0.1275153426126677,-0.9754926419020512,-0.6497811008620532,-0.0380157139182309,-0.7727027915860296,-0.6309298886633534,-0.0,2.21819595375544,1.0,0.9142857142857144,6.456521739130435,0.0013788719653815,0.1954022988505747,14.4,0.0002462661131917,0.1666666666666666,0.0808080808080808,2.6666666666666665,0.28125,
0x96248dd984d584d13daead0f1faa1a0f5142368e7d2f69e8e1de6723c27ef2d8,1,0xefbadcad52f6baec237731123e638fd4e34f63c4,0xd654bdd32fc99471455e86c2e7f7d7b6437e9179,2016-05-30 04:51:28+00:00,150000,20000000000,99301,30459,0.0,131,,106,283,298,0.9496644295302014,32,126,145,0.8689655172413793,17,86,507582,10,0x96248dd984d584d13daead0f1faa1a0f5142368e7d2f69e8e1de6723c27ef2d8,25,9,1,46,34,204516,10,2,0.0,0.0,1,0,0,-0.0898026510133875,-0.8186057214970756,-0.8571129326603233,-0.6431456576574742,0.9787667601980852,1.1714558865077755,0.0324847251960374,-1.100778381594655,0.8286898711126247,2.2453655975512468,-0.5862557079373804,-0.1067904411541882,-0.5550159820295548,-0.5834790074020402,-0.3812323060387317,0.0711317701703657,0.1209426785731863,-0.6863630873529409,-0.7541458539762674,-0.7092081432669753,-0.1275153426126677,-0.9754926419020512,-0.6497811008620532,-0.0380157139182309,-0.4892076141816485,-0.5870420582645367,-0.0,2.247373528649624,1.0,0.9142857142857144,6.478260869565218,0.0013837480502843,0.1954022988505747,14.5,0.0002482352639863,0.1724137931034483,0.0838926174496644,2.7777777777777777,0.28125,
0x6a7e7ec7189e009d78e240cccb23af1a33154d4d3b53da786cde775e50af16da,1,0x59b03f715990e90bf7f1317d3dcf50de67fad351,0xd654bdd32fc99471455e86c2e7f7d7b6437e9179,2016-05-30 20:16:44+00:00,150000,20000000000,156459,30459,0.0,36,,104,284,299,0.9498327759197324,32,47,48,0.9791666666666666,8,30,182808,11,0x6a7e7ec7189e009d78e240cccb23af1a33154d4d3b53da786cde775e50af16da,9,4,1,46,34,208393,5,2,0.0,0.0,1,0,0,-0.0898026510133875,-0.8083833723275317,-0.8486280101464608,-0.6431456576574742,-0.5098088992745916,-0.5382098120847592,-0.5666188132554727,-1.0482402763257237,-0.3450918160157389,0.1190724180519599,-0.5862557079373804,-0.1067904411541882,-0.5550159820295548,-0.4940468088701143,-0.7422477473632884,-0.7573580654245751,-0.7832877106782539,-0.6863630873529409,-0.7541458539762674,-0.7092081432669753,-0.1275153426126677,-0.9754926419020512,-0.6497811008620532,-0.0380157139182309,-0.2612741577655113,-0.5870420582645367,-0.0,-0.5244960862978505,1.0,0.9142857142857144,6.5,0.0013628031517222,0.2580645161290322,9.6,0.0002570989393301,0.1875,0.0301003344481605,2.25,0.125,
0xa636e0c9060d3625bedd1bf9247be760ae3bfc632687a001f160141faad54f9d,1,0x59b03f715990e90bf7f1317d3dcf50de67fad351,0xd654bdd32fc99471455e86c2e7f7d7b6437e9179,2016-05-30 20:17:43+00:00,150000,20000000000,163836,30459,0.0,40,,101,285,303,0.9405940594059404,32,48,52,0.9230769230769232,8,30,182812,12,0xa636e0c9060d3625bedd1bf9247be760ae3bfc632687a001f160141faad54f9d,13,4,1,46,34,208397,5,2,0.0,0.0,1,0,0,-0.0898026510133875,-0.7981610231579878,-0.8146883200910113,-0.6431456576574742,-0.4909661694078489,-0.4677081337922835,-0.5666188132554727,-0.9957021710567918,-0.051646394233648,0.1190724180519599,-0.5862557079373804,-0.1067904411541882,-0.5550159820295548,-0.4939545393849124,-0.7422477473632884,-0.7573580654245751,-0.7832765739445344,-0.6863630873529409,-0.7541458539762674,-0.7092081432669753,-0.1275153426126677,-0.9754926419020512,-0.6497811008620532,-0.0380157139182309,-0.2318563141043992,-0.5870420582645367,-0.0,-0.4077857867211147,1.0,0.9142857142857144,6.586956521739131,0.0013675755045633,0.2580645161290322,10.4,0.000262563384442,0.25,0.0429042904290429,3.25,0.125,
0xc3b65153bb4f4d726530464fd698059195f899c79b36019abed6834804307e02,1,0x59b03f715990e90bf7f1317d3dcf50de67fad351,0xd654bdd32fc99471455e86c2e7f7d7b6437e9179,2016-05-30 20:17:43+00:00,150000,20000000000,102918,30459,0.0,38,,103,285,303,0.9405940594059404,32,48,52,0.9230769230769232,8,30,182812,13,0xc3b65153bb4f4d726530464fd698059195f899c79b36019abed6834804307e02,13,4,1,46,34,208397,5,2,0.0,0.0,1,0,0,-0.0898026510133875,-0.7981610231579878,-0.8146883200910113,-0.6431456576574742,-0.4909661694078489,-0.4677081337922835,-0.5666188132554727,-0.9431640657878602,-0.051646394233648,0.1190724180519599,-0.5862557079373804,-0.1067904411541882,-0.5550159820295548,-0.4939545393849124,-0.7422477473632884,-0.7573580654245751,-0.7832765739445344,-0.6863630873529409,-0.7541458539762674,-0.7092081432669753,-0.1275153426126677,-0.9754926419020512,-0.6497811008620532,-0.0380157139182309,-0.4747838185299958,-0.5870420582645367,-0.0,-0.4661409365094826,1.0,0.9142857142857144,6.586956521739131,0.0013675755045633,0.2580645161290322,10.4,0.000262563384442,0.25,0.0429042904290429,3.25,0.125,
0x302d1fa1d816cfdde744a07a6a083328ff3a40ee54d9de2ca9c5aec150e2e88f,1,0x59b03f715990e90bf7f1317d3dcf50de67fad351,0xd654bdd32fc99471455e86c2e7f7d7b6437e9179,2016-05-30 20:17:43+00:00,150000,20000000000,72459,30459,0.0,37,,102,285,303,0.9405940594059404,32,48,52,0.9230769230769232,8,30,182812,14,0x302d1fa1d816cfdde744a07a6a083328ff3a40ee54d9de2ca9c5aec150e2e88f,13,4,1,46,34,208397,5,2,0.0,0.0,1,0,0,-0.0898026510133875,-0.7981610231579878,-0.8146883200910113,-0.6431456576574742,-0.4909661694078489,-0.4677081337922835,-0.5666188132554727,-0.8906259605189286,-0.051646394233648,0.1190724180519599,-0.5862557079373804,-0.1067904411541882,-0.5550159820295548,-0.4939545393849124,-0.7422477473632884,-0.7573580654245751,-0.7832765739445344,-0.6863630873529409,-0.7541458539762674,-0.7092081432669753,-0.1275153426126677,-0.9754926419020512,-0.6497811008620532,-0.0380157139182309,-0.5962475707427941,-0.5870420582645367,-0.0,-0.4953185114036665,1.0,0.9142857142857144,6.586956521739131,0.0013675755045633,0.2580645161290322,10.4,0.000262563384442,0.25,0.0429042904290429,3.25,0.125,
0xe485ce8a1b4609f128526c43713a1e4e04431c71a30d73577dd7a0472f695d8c,1,0x59b03f715990e90bf7f1317d3dcf50de67fad351,0xd654bdd32fc99471455e86c2e7f7d7b6437e9179,2016-05-30 20:17:43+00:00,150000,20000000000,133377,30459,0.0,39,,100,285,303,0.9405940594059404,32,48,52,0.9230769230769232,8,30,182812,15,0xe485ce8a1b4609f128526c43713a1e4e04431c71a30d73577dd7a0472f695d8c,13,4,1,46,34,208397,5,2,0.0,0.0,1,0,0,-0.0898026510133875,-0.7981610231579878,-0.8146883200910113,-0.6431456576574742,-0.4909661694078489,-0.4677081337922835,-0.5666188132554727,-0.838087855249997,-0.051646394233648,0.1190724180519599,-0.5862557079373804,-0.1067904411541882,-0.5550159820295548,-0.4939545393849124,-0.7422477473632884,-0.7573580654245751,-0.7832765739445344,-0.6863630873529409,-0.7541458539762674,-0.7092081432669753,-0.1275153426126677,-0.9754926419020512,-0.6497811008620532,-0.0380157139182309,-0.3533200663171975,-0.5870420582645367,-0.0,-0.4369633616152986,1.0,0.9142857142857144,6.586956521739131,0.0013675755045633,0.2580645161290322,10.4,0.000262563384442,0.25,0.0429042904290429,3.25,0.125,
0xaf54bb6eb65386b161b055c516aed9353177c5ac70d494b1434df350a2393231,1,0x59b03f715990e90bf7f1317d3dcf50de67fad351,0xd654bdd32fc99471455e86c2e7f7d7b6437e9179,2016-05-31 08:40:27+00:00,150000,20000000000,20683,20683,0.0,43,,97,286,304,0.9407894736842104,33,51,55,0.9272727272727272,9,31,185898,16,0xaf54bb6eb65386b161b055c516aed9353177c5ac70d494b1434df350a2393231,14,5,2,46,35,211483,5,2,1.0,1.0,1,1,0,-0.0898026510133875,-0.7879386739884439,-0.8062033975771489,-0.4917460207324566,-0.4344379798076206,-0.4148318750729268,-0.5000517534275272,-0.7855497499810654,0.0217149612118746,0.5443310539518174,-0.3641891519004939,-0.1067904411541882,-0.4154244372535098,-0.4227686315516591,-0.7422477473632884,-0.7425636040746654,-0.7746845838799666,-0.6863630873529409,-0.2605949024211186,-0.027277236279499,-0.1275153426126677,-0.0982510574577606,-0.6497811008620532,-0.0380157139182309,-0.8027188020560296,-0.7778145927148847,-0.0,-0.3202530620385629,0.5,0.9166666666666666,6.608695652173913,0.0013523481681829,0.28125,11.0,0.000274342519325,0.2545454545454545,0.0460526315789473,2.8,0.1515151515151515,
0xc4d9b80d7e80831233cfa38e6d2e18c3041840d888089bee5f7e1980e36bcb52,1,0x6a6af0730497634e8c6be9ee2b88eb0e696f1a55,0xd654bdd32fc99471455e86c2e7f7d7b6437e9179,2016-05-31 18:08:23+00:00,150000,20000000000,146683,20683,0.0,13,,95,287,305,0.940983606557377,33,14,16,0.875,2,26,156847,17,0xc4d9b80d7e80831233cfa38e6d2e18c3041840d888089bee5f7e1980e36bcb52,4,2,2,46,35,213906,4,2,1.0,1.0,1,1,0,-0.0898026510133875,-0.7777163248189,-0.7977184750632865,-0.4917460207324566,-1.1316189848771023,-1.1022232384245645,-0.966021172223146,-0.7330116447121338,-0.7118985932433526,-0.7314448537477548,-0.3641891519004939,-0.1067904411541882,-0.4154244372535098,-0.366876390890618,-0.8144508356281996,-0.8165359108242137,-0.8555678967010163,-0.6863630873529409,-0.2605949024211186,-0.027277236279499,-0.1275153426126677,-0.0982510574577606,-0.6497811008620532,-0.0380157139182309,-0.3002586825901056,-0.7778145927148847,-0.0,-1.195580308864081,0.5,0.9166666666666666,6.630434782608695,0.0013417045725478,0.074074074074074,4.0,8.925839028868714e-05,0.25,0.0131147540983606,2.0,0.0606060606060606,
0x2ae34b795eaf6697d3f81e891ccead1c1a07271437e7631413a41c7c9ea0ce89,1,0x0009be88c3bf9e0fd0c43ad84ae994d8424fee03,0xd654bdd32fc99471455e86c2e7f7d7b6437e9179,2016-05-31 21:06:23+00:00,150000,20000000000,300156,45523,0.0,53,,94,288,307,0.9381107491856676,33,232,237,0.978902953586498,68,69,417904,18,0x2ae34b795eaf6697d3f81e891ccead1c1a07271437e7631413a41c7c9ea0ce89,27,5,1,46,35,214570,13,2,0.0,0.0,1,0,0,-0.0898026510133875,-0.767493975649356,-0.7807486300355617,-0.4917460207324566,2.9760961260728163,2.7929944872347154,3.427404776421261,-0.6804735394432022,0.97541258200367,0.5443310539518174,-0.5862557079373804,-0.1067904411541882,-0.4154244372535098,-0.3515596563471053,-0.1646230412439977,-0.1803740727780984,-0.1287373230503754,-0.6863630873529409,-0.7541458539762674,-0.7092081432669753,-0.1275153426126677,-0.9754926419020512,-0.6497811008620532,-0.0380157139182309,0.3117576818130195,-0.2930775064069218,-0.0,-0.0284773130967234,1.0,0.9166666666666666,6.673913043478261,0.0013422130670034,0.9714285714285714,18.23076923076923,0.0005551500939208,0.1139240506329113,0.0879478827361563,5.4,0.1515151515151515,
0x2dde1c2d12fb8c739d027a5a28b1832361dd37b1bc78beb6799553d8839a6cb5,1,0x0009be88c3bf9e0fd0c43ad84ae994d8424fee03,0xd654bdd32fc99471455e86c2e7f7d7b6437e9179,2016-05-31 21:06:23+00:00,150000,20000000000,232210,43210,5e+20,52,,93,288,307,0.9381107491856676,33,232,237,0.978902953586498,68,69,417904,19,0x2dde1c2d12fb8c739d027a5a28b1832361dd37b1bc78beb6799553d8839a6cb5,27,5,1,46,35,214570,13,2,0.0,0.0,1,0,0,-0.0898026510133875,-0.767493975649356,-0.7807486300355617,-0.4917460207324566,2.9760961260728163,2.7929944872347154,3.427404776421261,-0.6279354341742706,0.97541258200367,0.5443310539518174,-0.5862557079373804,-0.1067904411541882,-0.4154244372535098,-0.3515596563471053,-0.1646230412439977,-0.1803740727780984,-0.1287373230503754,-0.6863630873529409,-0.7541458539762674,-0.7092081432669753,-0.1275153426126677,-0.9754926419020512,-0.6497811008620532,-0.0380157139182309,0.040804068501657,-0.3382142568348734,0.0,-0.0576548879909074,1.0,0.9166666666666666,6.673913043478261,0.0013422130670034,0.9714285714285714,18.23076923076923,0.0005551500939208,0.1139240506329113,0.0879478827361563,5.4,0.1515151515151515,
0xdfead65b2c1cbf66035039e4eb989e372650e37b3d6f4d8fc986959219fb3b69,1,0x0009be88c3bf9e0fd0c43ad84ae994d8424fee03,0xd654bdd32fc99471455e86c2e7f7d7b6437e9179,2016-05-31 21:19:13+00:00,150000,20000000000,129523,45523,0.0,56,,90,289,308,0.9383116883116884,33,235,240,0.9791666666666666,68,69,417949,20,0xdfead65b2c1cbf66035039e4eb989e372650e37b3d6f4d8fc986959219fb3b69,28,5,1,46,35,214615,13,2,0.0,0.0,1,0,0,-0.0898026510133875,-0.757271626479812,-0.7722637075216994,-0.4917460207324566,3.032624315673045,2.8458707459540724,3.427404776421261,-0.575397328905339,1.048773937449193,0.5443310539518174,-0.5862557079373804,-0.1067904411541882,-0.4154244372535098,-0.3505216246385841,-0.1646230412439977,-0.1803740727780984,-0.1286120347960314,-0.6863630873529409,-0.7541458539762674,-0.7092081432669753,-0.1275153426126677,-0.9754926419020512,-0.6497811008620532,-0.0380157139182309,-0.3686889655268933,-0.2930775064069218,-0.0,0.0590554115858283,1.0,0.9166666666666666,6.695652173913044,0.0013465911208856,0.9714285714285714,18.46153846153846,0.0005622682139011,0.1166666666666666,0.0909090909090909,5.6,0.1515151515151515,
0x58bfcb96fd7f52e24d0c385de3e2b7da6ba0490a226e6828d34966cc7b15d5ee,1,0x9f73bc871764c879fd9e0f524278373fa7875068,0xd654bdd32fc99471455e86c2e7f7d7b6437e9179,2016-06-01 02:42:15+00:00,150000,20000000000,476747,35747,0.0,104,,87,290,309,0.9385113268608414,34,122,123,0.991869918699187,13,127,715663,21,0x58bfcb96fd7f52e24d0c385de3e2b7da6ba0490a226e6828d34966cc7b15d5ee,23,5,2,46,36,215909,10,2,1.0,1.0,1,1,0,-0.0898026510133875,-0.7470492773102682,-0.763778785007837,-0.3403463838074391,0.9033958407311142,0.7836966558991594,-0.2337835141157448,-0.5228592236364074,0.6819671602215792,0.5443310539518174,-0.3641891519004939,-0.1067904411541882,-0.2758328924774648,-0.3206724461757747,-0.3812323060387317,0.6777046855166616,0.7002783508432232,-0.6863630873529409,-0.2605949024211186,-0.027277236279499,-0.1275153426126677,-0.0982510574577606,-0.6497811008620532,-0.0380157139182309,1.015963514801964,-0.4838500408572698,-0.0,1.4595790065066574,0.5,0.918918918918919,6.717391304347826,0.0013431522393589,0.1015625,12.3,0.0001704710590444,0.1869918699186991,0.0744336569579288,4.6,0.1470588235294117,
0xc86ac3d60223f2ba5efcd9073e1d080884339d53c9113b9170a2144bb892ed86,1,0x5586b392b5127598e9b3a4635131bc7bbda20c2b,0xd654bdd32fc99471455e86c2e7f7d7b6437e9179,2016-06-01 17:46:18+00:00,150000,20000000000,66459,45459,0.0,47,,86,291,310,0.9387096774193548,34,46,49,0.9387755102040816,10,18,112425,22,0xc86ac3d60223f2ba5efcd9073e1d080884339d53c9113b9170a2144bb892ed86,13,6,1,46,36,219736,5,2,0.0,0.0,1,0,0,-0.0898026510133875,-0.7368269281407243,-0.7552938624939746,-0.3403463838074391,-0.5286516291413345,-0.5205843925116402,-0.4334846935995816,-0.4703211183674757,-0.051646394233648,0.9695896898516748,-0.5862557079373804,-0.1067904411541882,-0.2758328924774648,-0.2323936162088724,-0.7422477473632884,-0.9348916016234908,-0.979246893022543,-0.6863630873529409,-0.7541458539762674,-0.7092081432669753,-0.1275153426126677,-0.9754926419020512,-0.6497811008620532,-0.0380157139182309,-0.6201742430983143,-0.2943264264360566,-0.0,-0.2035427624618271,1.0,0.918918918918919,6.739130434782608,0.0013243104256452,0.5263157894736842,9.8,0.0004091580239446,0.2653061224489796,0.0419354838709677,2.1666666666666665,0.1764705882352941,
0x6d003a6a7fa392bb57cd53773f135f332534b01e4f511eba6b90abffff717bc6,1,0x5586b392b5127598e9b3a4635131bc7bbda20c2b,0xd654bdd32fc99471455e86c2e7f7d7b6437e9179,2016-06-01 17:48:38+00:00,150000,20000000000,51459,30459,0.0,48,,85,292,311,0.9389067524115756,34,47,50,0.94,10,18,112433,23,0x6d003a6a7fa392bb57cd53773f135f332534b01e4f511eba6b90abffff717bc6,14,6,1,46,36,219744,5,2,0.0,0.0,1,0,0,-0.0898026510133875,-0.7266045789711804,-0.7468089399801122,-0.3403463838074391,-0.5098088992745916,-0.5029589729385213,-0.4334846935995816,-0.4177830130985441,0.0217149612118746,0.9695896898516748,-0.5862557079373804,-0.1067904411541882,-0.2758328924774648,-0.2322090772384686,-0.7422477473632884,-0.9348916016234908,-0.979224619555104,-0.6863630873529409,-0.7541458539762674,-0.7092081432669753,-0.1275153426126677,-0.9754926419020512,-0.6497811008620532,-0.0380157139182309,-0.6799909239871148,-0.5870420582645367,-0.0,-0.1743651875676432,1.0,0.918918918918919,6.760869565217392,0.0013288129422739,0.5263157894736842,10.0,0.0004180230179483,0.28,0.045016077170418,2.333333333333333,0.1764705882352941,
0xb61c0e563c4986eec5945c861fd45446f0582d7ace34c2f9645adb347297a588,1,0x5586b392b5127598e9b3a4635131bc7bbda20c2b,0xd654bdd32fc99471455e86c2e7f7d7b6437e9179,2016-06-01 17:57:11+00:00,150000,20000000000,72137,51137,0.0,52,,83,293,312,0.939102564102564,34,51,54,0.9444444444444444,10,18,112471,24,0xb61c0e563c4986eec5945c861fd45446f0582d7ace34c2f9645adb347297a588,15,6,1,46,36,219782,5,2,0.0,0.0,1,0,0,-0.0898026510133875,-0.7163822298016365,-0.7383240174662498,-0.3403463838074391,-0.4344379798076206,-0.4324572946460457,-0.4334846935995816,-0.3652449078296125,0.0950763166573974,0.9695896898516748,-0.5862557079373804,-0.1067904411541882,-0.2758328924774648,-0.2313325171290507,-0.7422477473632884,-0.9348916016234908,-0.9791188205847692,-0.6863630873529409,-0.7541458539762674,-0.7092081432669753,-0.1275153426126677,-0.9754926419020512,-0.6497811008620532,-0.0380157139182309,-0.5975316354925403,-0.1835238026012494,-0.0,-0.0576548879909074,1.0,0.918918918918919,6.782608695652174,0.0013331331358658,0.5263157894736842,10.8,0.0004534461910519,0.2777777777777778,0.048076923076923,2.5,0.1764705882352941,
0x63740e6c5c476a3ede627b2da2de3415fbad7b34127830e2548f978b9554eec5,1,0xd25658414d41ab0da3f7e28f592863c5b4218101,0xd654bdd32fc99471455e86c2e7f7d7b6437e9179,2016-06-03 10:29:29+00:00,150000,20000000000,91210,28210,3.6e+18,82,,82,294,313,0.939297124600639,35,89,89,1.0,23,61,365714,25,0x63740e6c5c476a3ede627b2da2de3415fbad7b34127830e2548f978b9554eec5,17,7,1,46,38,229989,20,2,0.0,0.0,1,0,0,-0.0898026510133875,-0.7061598806320926,-0.7298390949523874,-0.1889467468824215,0.2815857551286036,0.1844323904131163,0.4318870841637108,-0.3127068025606809,0.2417990275484428,1.394848325751532,-0.5862557079373804,-0.1067904411541882,0.0033501970746252,0.004116141734856,0.3407985766103815,-0.2987297635773757,-0.2740438562551044,-0.6863630873529409,-0.7541458539762674,-0.7092081432669753,-0.1275153426126677,-0.9754926419020512,-0.6497811008620532,-0.0380157139182309,-0.5214727318530675,-0.6309298886633534,-0.0,0.8176723588346108,1.0,0.8974358974358975,6.804347826086956,0.0012783164485412,0.3709677419354839,4.45,0.0002433588996896,0.1910112359550561,0.0543130990415335,2.4285714285714284,0.2,
0x00abe0660085966126fba667d7a06c2f5dc9f7a3dc7316fae5721a4b9072614f,1,0xd25658414d41ab0da3f7e28f592863c5b4218101,0xd654bdd32fc99471455e86c2e7f7d7b6437e9179,2016-06-03 10:30:10+00:00,150000,20000000000,1527727,45459,0.0,83,,81,295,314,0.9394904458598726,35,90,90,1.0,23,61,365716,26,0x00abe0660085966126fba667d7a06c2f5dc9f7a3dc7316fae5721a4b9072614f,18,7,1,46,38,229991,20,2,0.0,0.0,1,0,0,-0.0898026510133875,-0.6959375314625487,-0.7213541724385251,-0.1889467468824215,0.3004284849953463,0.2020578099862352,0.4318870841637108,-0.2601686972917493,0.3151603829939656,1.394848325751532,-0.5862557079373804,-0.1067904411541882,0.0033501970746252,0.004162276477457,0.3407985766103815,-0.2987297635773757,-0.2740382878882447,-0.6863630873529409,-0.7541458539762674,-0.7092081432669753,-0.1275153426126677,-0.9754926419020512,-0.6497811008620532,-0.0380157139182309,5.2070392001694,-0.2943264264360566,-0.0,0.8468499337287947,1.0,0.8974358974358975,6.826086956521739,0.0012826533096803,0.3709677419354839,4.5,0.0002460919235365,0.2,0.0573248407643312,2.571428571428572,0.2,
0x63a672f0924e8425128c6c067dfbdf6edf96ca8cc620088abbd1a22d6a022ce1,1,0xf764bd7cd53cf07ec70b9c6df16e6c9239b03be9,0xd654bdd32fc99471455e86c2e7f7d7b6437e9179,2016-06-03 21:27:39+00:00,150000,20000000000,64210,43210,2.5e+20,5,,79,296,315,0.9396825396825396,35,9,9,1.0,3,33,201021,27,0x63a672f0924e8425128c6c067dfbdf6edf96ca8cc620088abbd1a22d6a022ce1,1,1,1,47,38,232706,4,2,0.0,0.0,1,0,0,-0.0898026510133875,-0.6857151822930048,-0.7128692499246626,-0.1889467468824215,-1.225832634210816,-1.225601175436397,-0.8994541123952006,-0.2076305920228177,-0.9319826595799208,-1.1567034896476125,-0.5862557079373804,0.0294218562363581,0.0033501970746252,0.0667901895582356,-0.8144508356281996,-0.7129746813748461,-0.7325793778700966,-0.6863630873529409,-0.7541458539762674,-0.7092081432669753,-0.1275153426126677,-0.9754926419020512,-0.6497811008620532,-0.0380157139182309,-0.6291427574529084,-0.3382142568348734,0.0,-1.4290009080175523,1.0,0.8974358974358975,6.702127659574468,0.0012719858018882,0.088235294117647,2.25,4.477121907054949e-05,0.1111111111111111,0.0031746031746031,1.0,0.0285714285714285,
0x6187f00b0d300cd82a8549a81ac51c4143de049d38d133d589734c75bc69ff80,1,0xf764bd7cd53cf07ec70b9c6df16e6c9239b03be9,0xd654bdd32fc99471455e86c2e7f7d7b6437e9179,2016-06-03 21:29:05+00:00,150000,20000000000,143884,45523,0.0,6,,78,297,316,0.939873417721519,35,10,10,1.0,3,33,201026,28,0x6187f00b0d300cd82a8549a81ac51c4143de049d38d133d589734c75bc69ff80,2,1,1,47,38,232711,4,2,0.0,0.0,1,0,0,-0.0898026510133875,-0.6754928331234609,-0.7043843274108003,-0.1889467468824215,-1.2069899043440733,-1.207975755863278,-0.8994541123952006,-0.1550924867538861,-0.8586213041343981,-1.1567034896476125,-0.5862557079373804,0.0294218562363581,0.0033501970746252,0.0669055264147379,-0.8144508356281996,-0.7129746813748461,-0.7325654569529473,-0.6863630873529409,-0.7541458539762674,-0.7092081432669753,-0.1275153426126677,-0.9754926419020512,-0.6497811008620532,-0.0380157139182309,-0.3114204752439558,-0.2930775064069218,-0.0,-1.3998233331233687,1.0,0.8974358974358975,6.723404255319149,0.0012762556292756,0.088235294117647,2.5,4.974456167579479e-05,0.2,0.0063291139240506,2.0,0.0285714285714285,
0xa93ca228fdc6d93c58adfa302eeac7d3b58da2d90ab577beaed35f594a36c296,1,0xd25658414d41ab0da3f7e28f592863c5b4218101,0xd654bdd32fc99471455e86c2e7f7d7b6437e9179,2016-06-04 10:19:11+00:00,150000,20000000000,56683,35683,0.0,89,,75,298,317,0.94006309148265,36,96,96,1.0,24,62,371679,29,0xa93ca228fdc6d93c58adfa302eeac7d3b58da2d90ab577beaed35f594a36c296,19,8,2,47,39,235954,22,2,1.0,1.0,1,1,0,-0.0898026510133875,-0.665270483953917,-0.6958994048969379,-0.0375471099574039,0.4134848641958028,0.3078103274249487,0.4984541439916564,-0.1025543814849545,0.3885217384394883,1.8201069616513892,-0.3641891519004939,0.0294218562363581,0.1429417418506702,0.1417130115421652,0.4852047531402041,-0.283935302227466,-0.2574362020959512,-0.6863630873529409,-0.2605949024211186,-0.027277236279499,-0.1275153426126677,-0.0982510574577606,-0.6497811008620532,-0.0380157139182309,-0.6591587679229085,-0.4850989608864047,-0.0,1.0219153830938985,0.5,0.9,6.74468085106383,0.0012629526816554,0.3809523809523809,4.363636363636363,0.000258286698235,0.1979166666666666,0.0599369085173501,2.375,0.2222222222222222,
0x04d7539b7ac4b7d6d2cfc23141656ec0390e767b36f2343e7aefbdcbfaa10b36,1,0xf764bd7cd53cf07ec70b9c6df16e6c9239b03be9,0xd654bdd32fc99471455e86c2e7f7d7b6437e9179,2016-06-04 12:16:03+00:00,150000,20000000000,66523,45523,0.0,9,,73,299,318,0.940251572327044,36,13,13,1.0,4,34,204779,30,0x04d7539b7ac4b7d6d2cfc23141656ec0390e767b36f2343e7aefbdcbfaa10b36,3,2,1,47,39,236464,5,2,0.0,0.0,1,0,0,-0.0898026510133875,-0.6550481347843731,-0.6874144823830755,-0.0375471099574039,-1.150461714743845,-1.1550994971439212,-0.8328870525672549,-0.0500162762160229,-0.7852599486888753,-0.7314448537477548,-0.5862557079373804,0.0294218562363581,0.1429417418506702,0.1534773709054054,-0.7422477473632884,-0.6981802200249364,-0.7221164165406585,-0.6863630873529409,-0.7541458539762674,-0.7092081432669753,-0.1275153426126677,-0.9754926419020512,-0.6497811008620532,-0.0380157139182309,-0.6199190252598554,-0.2930775064069218,-0.0,-1.3122906084408168,1.0,0.9,6.76595744680851,0.0012644577421605,0.1142857142857142,2.6,6.348276198847544e-05,0.2307692307692307,0.0094339622641509,1.5,0.0555555555555555,
0xf406e2b472fde8aea8782d628950960e275989fe5d689a78457ee8d9c2d77a85,1,0xf764bd7cd53cf07ec70b9c6df16e6c9239b03be9,0xd654bdd32fc99471455e86c2e7f7d7b6437e9179,2016-06-04 12:16:55+00:00,150000,20000000000,148115,28210,1.25e+19,10,,72,300,319,0.9404388714733544,36,14,14,1.0,4,34,204782,31,0xf406e2b472fde8aea8782d628950960e275989fe5d689a78457ee8d9c2d77a85,4,2,1,47,39,236467,5,2,0.0,0.0,1,0,0,-0.0898026510133875,-0.6448257856148292,-0.6789295598692131,-0.0375471099574039,-1.1316189848771023,-1.1374740775708023,-0.8328870525672549,0.0025218290529086,-0.7118985932433526,-0.7314448537477548,-0.5862557079373804,0.0294218562363581,0.1429417418506702,0.1535465730193068,-0.7422477473632884,-0.6981802200249364,-0.722108063990369,-0.6863630873529409,-0.7541458539762674,-0.7092081432669753,-0.1275153426126677,-0.9754926419020512,-0.6497811008620532,-0.0380157139182309,-0.2945481834545881,-0.6309298886633534,-0.0,-1.283113033546633,1.0,0.9,6.787234042553192,0.0012686706023648,0.1142857142857142,2.8,6.836504983323811e-05,0.2857142857142857,0.012539184952978,2.0,0.0555555555555555,
0x896df4a4ef8222b40fd0e73320d5a046ff8dd0f94ae568f725b1cc56d7f9f8e4,1,0xf764bd7cd53cf07ec70b9c6df16e6c9239b03be9,0xd654bdd32fc99471455e86c2e7f7d7b6437e9179,2016-06-04 12:17:24+00:00,150000,20000000000,72523,30523,0.0,11,,71,301,320,0.940625,36,15,15,1.0,4,34,204785,32,0x896df4a4ef8222b40fd0e73320d5a046ff8dd0f94ae568f725b1cc56d7f9f8e4,5,2,1,47,39,236470,5,2,0.0,0.0,1,0,0,-0.0898026510133875,-0.6346034364452853,-0.6704446373553506,-0.0375471099574039,-1.1127762550103597,-1.1198486579976834,-0.8328870525672549,0.0550599343218402,-0.6385372377978299,-0.7314448537477548,-0.5862557079373804,0.0294218562363581,0.1429417418506702,0.1536157751332082,-0.7422477473632884,-0.6981802200249364,-0.7220997114400793,-0.6863630873529409,-0.7541458539762674,-0.7092081432669753,-0.1275153426126677,-0.9754926419020512,-0.6497811008620532,-0.0380157139182309,-0.5959923529043352,-0.5857931382354018,-0.0,-1.253935458652449,1.0,0.9,6.808510638297872,0.0012728833556757,0.1142857142857142,3.0,7.324719463244558e-05,0.3333333333333333,0.015625,2.5,0.0555555555555555,
0xe9a74123f52d4d954a61312f1e6efa30c411b0d680d9d579b0742cbba5fb00f4,1,0xf764bd7cd53cf07ec70b9c6df16e6c9239b03be9,0xd654bdd32fc99471455e86c2e7f7d7b6437e9179,2016-06-04 18:20:22+00:00,150000,20000000000,104747,20747,0.0,14,,67,302,321,0.940809968847352,36,19,19,1.0,4,34,206323,33,0xe9a74123f52d4d954a61312f1e6efa30c411b0d680d9d579b0742cbba5fb00f4,6,2,2,47,39,238008,5,2,1.0,1.0,1,1,0,-0.0898026510133875,-0.6243810872757414,-0.6619597148414883,-0.0375471099574039,-1.0374053355433883,-1.0493469797052075,-0.8328870525672549,0.1075980395907718,-0.5651758823523071,-0.7314448537477548,-0.3641891519004939,0.0294218562363581,0.1429417418506702,0.1890933921933325,-0.7422477473632884,-0.6981802200249364,-0.7178176373249447,-0.6863630873529409,-0.2605949024211186,-0.027277236279499,-0.1275153426126677,-0.0982510574577606,-0.6497811008620532,-0.0380157139182309,-0.4674901712402881,-0.7765656726857498,-0.0,-1.166402733969897,0.5,0.9,6.829787234042553,0.0012688595809402,0.1142857142857142,3.8,9.208817200131832e-05,0.3157894736842105,0.0186915887850467,3.0,0.0555555555555555,
0x635ff2c8df803670e91ba48737bc1eb84197860d3e37648b5700c77ae6cb4d78,1,0xf5c7bcb44ebafc72d46dbc70b717272e19024da4,0xd654bdd32fc99471455e86c2e7f7d7b6437e9179,2016-06-04 19:50:12+00:00,150000,20000000000,20747,20747,0.0,43,,65,303,322,0.9409937888198758,36,58,58,1.0,25,150,837898,34,0x635ff2c8df803670e91ba48737bc1eb84197860d3e37648b5700c77ae6cb4d78,5,3,2,47,39,238359,26,2,1.0,1.0,1,1,0,-0.0898026510133875,-0.6141587381061975,-0.653474792327626,-0.0375471099574039,-0.3025388707404214,-0.36195561635357,0.565021203819602,0.1601361448597034,-0.6385372377978299,-0.3061862178478974,-0.3641891519004939,0.0294218562363581,0.1429417418506702,0.1971900395197978,0.7740171061998494,1.017977296564584,1.0406030123929464,-0.6863630873529409,-0.2605949024211186,-0.027277236279499,-0.1275153426126677,-0.0982510574577606,-0.6497811008620532,-0.0380157139182309,-0.8024635842175708,-0.7765656726857498,-0.0,-0.3202530620385629,0.5,0.9,6.851063829787234,0.0012711864406779,0.1655629139072847,2.230769230769231,6.922075333661933e-05,0.0862068965517241,0.015527950310559,1.6666666666666667,0.0833333333333333,
0xe9262fd0b30e7c4f949f1fbf3f5e95f7b972956a25255eff5ab817bce510ca20,1,0x0009be88c3bf9e0fd0c43ad84ae994d8424fee03,0xd654bdd32fc99471455e86c2e7f7d7b6437e9179,2016-06-05 00:30:09+00:00,150000,20000000000,77044,20683,0.0,58,,64,304,323,0.9411764705882352,37,246,251,0.9800796812749004,73,74,442872,35,0xe9262fd0b30e7c4f949f1fbf3f5e95f7b972956a25255eff5ab817bce510ca20,29,6,2,47,40,239538,13,2,1.0,1.0,1,1,0,-0.0898026510133875,-0.6039363889366536,-0.6449898698137635,0.1138525269676135,3.239894344207215,3.0397503612583803,3.760240075560989,0.212674250128635,1.1221352928947157,0.9695896898516748,-0.3641891519004939,0.0294218562363581,0.2825332866267152,0.224386470283053,-0.1646230412439977,-0.1064017660285501,-0.0592218311734703,-0.6863630873529409,-0.2605949024211186,-0.027277236279499,-0.1275153426126677,-0.0982510574577606,-0.6497811008620532,-0.0380157139182309,-0.5779636052844507,-0.7778145927148847,-0.0,0.1174105613741962,0.5,0.902439024390244,6.872340425531915,0.0012691044047107,0.9733333333333334,19.307692307692307,0.0005554639817735,0.1155378486055776,0.0897832817337461,4.833333333333333,0.1621621621621621,
0x5a0d9e245413c2d5982d4428ad35031589384f63365a6bcbc8629fd5fb247694,1,0xf9dff387dcb5cc4cca5b91adb07a95f54e9f1bb6,0xd654bdd32fc99471455e86c2e7f7d7b6437e9179,2016-06-05 03:12:30+00:00,150000,20000000000,70210,28210,2e+21,46,,63,305,324,0.941358024691358,37,42,51,0.8235294117647058,7,38,225548,36,0x5a0d9e245413c2d5982d4428ad35031589384f63365a6bcbc8629fd5fb247694,7,5,1,47,40,240234,5,2,0.0,0.0,1,0,0,-0.0898026510133875,-0.5937140397671097,-0.6365049472999011,0.1138525269676135,-0.6040225486083054,-0.4853335533654024,-0.6331858730834182,0.2652123553975666,-0.4918145269067844,0.5443310539518174,-0.5862557079373804,0.0294218562363581,0.2825332866267152,0.2404413607081808,-0.7422477473632884,-0.6390023746252979,-0.6642917108857627,-0.6863630873529409,-0.7541458539762674,-0.7092081432669753,-0.1275153426126677,-0.9754926419020512,-0.6497811008620532,-0.0380157139182309,-0.6052160850973882,-0.6309298886633534,0.0,-0.232720337356011,1.0,0.902439024390244,6.893617021276596,0.001269590192936,0.1794871794871795,10.2,0.0001862123086336,0.1372549019607843,0.0216049382716049,1.4,0.1351351351351351,
0xb6ab55b77b25561d09341e617f32d991111770952d8fd982f06744ec74ea9f11,1,0xf9dff387dcb5cc4cca5b91adb07a95f54e9f1bb6,0xd654bdd32fc99471455e86c2e7f7d7b6437e9179,2016-06-05 03:14:45+00:00,150000,20000000000,51523,30523,0.0,47,,62,306,325,0.9415384615384615,37,43,52,0.8269230769230769,7,38,225557,37,0xb6ab55b77b25561d09341e617f32d991111770952d8fd982f06744ec74ea9f11,8,5,1,47,40,240243,5,2,0.0,0.0,1,0,0,-0.0898026510133875,-0.5834916905975658,-0.6280200247860388,0.1138525269676135,-0.5851798187415627,-0.4677081337922835,-0.6331858730834182,0.3177504606664982,-0.4184531714612617,0.5443310539518174,-0.5862557079373804,0.0294218562363581,0.2825332866267152,0.2406489670498851,-0.7422477473632884,-0.6390023746252979,-0.6642666532348939,-0.6863630873529409,-0.7541458539762674,-0.7092081432669753,-0.1275153426126677,-0.9754926419020512,-0.6497811008620532,-0.0380157139182309,-0.6797357061486559,-0.5857931382354018,-0.0,-0.2035427624618271,1.0,0.902439024390244,6.914893617021277,0.0012737050665157,0.1794871794871795,10.4,0.0001906383280575,0.1538461538461538,0.0246153846153846,1.6,0.1351351351351351,
0xfcd618aa50444a7633bdbc1add864534d844e334997addf733ad3cc3f2fb19bc,1,0xd25658414d41ab0da3f7e28f592863c5b4218101,0xd654bdd32fc99471455e86c2e7f7d7b6437e9179,2016-06-05 11:45:50+00:00,150000,20000000000,117988,28210,3.75e+18,91,,60,307,326,0.941717791411043,37,98,98,1.0,25,63,378100,38,0xfcd618aa50444a7633bdbc1add864534d844e334997addf733ad3cc3f2fb19bc,20,9,1,47,40,242375,22,2,0.0,0.0,1,0,0,-0.0898026510133875,-0.5732693414280219,-0.6195351022721763,0.1138525269676135,0.4511703239292883,0.3430611665711865,0.565021203819602,0.3702885659354298,0.461883093885011,2.2453655975512468,-0.5862557079373804,0.0294218562363581,0.2825332866267152,0.2898286026624891,0.4852047531402041,-0.2691408408775564,-0.2395589602927788,-0.6863630873529409,-0.7541458539762674,-0.7092081432669753,-0.1275153426126677,-0.9754926419020512,-0.6497811008620532,-0.0380157139182309,-0.4146879931303809,-0.6309298886633534,-0.0,1.0802705328822662,1.0,0.902439024390244,6.9361702127659575,0.0012666270587846,0.390625,4.454545454545454,0.000259190004787,0.2040816326530612,0.0613496932515337,2.2222222222222223,0.2432432432432432,
0x2d302c4954a0f305a168b49754a98fca531850be3fbd903b4e846675ef24204f,1,0xd25658414d41ab0da3f7e28f592863c5b4218101,0xd654bdd32fc99471455e86c2e7f7d7b6437e9179,2016-06-05 11:46:47+00:00,150000,20000000000,300349,45459,0.0,92,,59,308,327,0.9418960244648318,37,99,99,1.0,25,63,378102,39,0x2d302c4954a0f305a168b49754a98fca531850be3fbd903b4e846675ef24204f,21,9,1,47,40,242377,22,2,0.0,0.0,1,0,0,-0.0898026510133875,-0.563046992258478,-0.611050179758314,0.1138525269676135,0.4700130537960311,0.3606865861443054,0.565021203819602,0.4228266712043614,0.5352444493305337,2.2453655975512468,-0.5862557079373804,0.0294218562363581,0.2825332866267152,0.28987473740509,0.4852047531402041,-0.2691408408775564,-0.2395533919259191,-0.6863630873529409,-0.7541458539762674,-0.7092081432669753,-0.1275153426126677,-0.9754926419020512,-0.6497811008620532,-0.0380157139182309,0.3125273231071221,-0.2943264264360566,-0.0,1.1094481077764502,1.0,0.902439024390244,6.957446808510638,0.0012707423941116,0.390625,4.5,0.0002618334157623,0.2121212121212121,0.0642201834862385,2.333333333333333,0.2432432432432432,
0x0382f6d7cedce071014de3c5817943dd0d88a8b57789156c68c783c62571ece0,1,0x26bdce6e4ea9afd060049993ed11f153eb1e322f,0xd654bdd32fc99471455e86c2e7f7d7b6437e9179,2016-06-05 12:56:43+00:00,150000,20000000000,45459,45459,0.0,37,,57,309,328,0.9420731707317072,37,44,44,1.0,10,36,216808,40,0x0382f6d7cedce071014de3c5817943dd0d88a8b57789156c68c783c62571ece0,15,5,1,47,40,242664,6,2,0.0,0.0,1,0,0,-0.0898026510133875,-0.5528246430889341,-0.6025652572444515,0.1138525269676135,-0.5663370888748199,-0.6087114903772348,-0.4334846935995816,0.475364776473293,0.0950763166573974,0.5443310539518174,-0.5862557079373804,0.0294218562363581,0.2825332866267152,0.2964950729683252,-0.6700446590983771,-0.6685912973251171,-0.6886254740627953,-0.6863630873529409,-0.7541458539762674,-0.7092081432669753,-0.1275153426126677,-0.9754926419020512,-0.6497811008620532,-0.0380157139182309,-0.703917596342635,-0.2943264264360566,-0.0,-0.4953185114036665,1.0,0.902439024390244,6.97872340425532,0.0012733603939587,0.2702702702702703,7.333333333333333,0.0002029436047396,0.3409090909090909,0.0457317073170731,3.0,0.1351351351351351,
0x476261f40b122c541977609c189eff2674a6b236f0ab14b6c02f84822e3a46ef,1,0x26bdce6e4ea9afd060049993ed11f153eb1e322f,0xd654bdd32fc99471455e86c2e7f7d7b6437e9179,2016-06-05 12:57:25+00:00,150000,20000000000,70210,28210,9e+19,38,,56,310,329,0.9422492401215804,37,45,45,1.0,10,36,216812,41,0x476261f40b122c541977609c189eff2674a6b236f0ab14b6c02f84822e3a46ef,16,5,1,47,40,242668,6,2,0.0,0.0,1,0,0,-0.0898026510133875,-0.5426022939193902,-0.5940803347305892,0.1138525269676135,-0.5474943590080772,-0.5910860708041159,-0.4334846935995816,0.5279028817422247,0.1684376721029201,0.5443310539518174,-0.5862557079373804,0.0294218562363581,0.2825332866267152,0.2965873424535271,-0.6700446590983771,-0.6685912973251171,-0.6886143373290758,-0.6863630873529409,-0.7541458539762674,-0.7092081432669753,-0.1275153426126677,-0.9754926419020512,-0.6497811008620532,-0.0380157139182309,-0.6052160850973882,-0.6309298886633534,0.0,-0.4661409365094826,1.0,0.902439024390244,7.0,0.0012774602442009,0.2702702702702703,7.5,0.0002075521301766,0.3555555555555555,0.0486322188449848,3.2,0.1351351351351351,
0x71586d34d300dbbb76f643c08d249dc9f7e161f268ec58b9f9507bca10b150d4,1,0x417ab2c56f9509c2cc07a1ada72fbb382f662280,0xd654bdd32fc99471455e86c2e7f7d7b6437e9179,2016-06-06 01:56:38+00:00,150000,20000000000,106210,43210,2.5e+19,43,,54,311,330,0.9424242424242424,38,81,82,0.9878048780487804,24,99,580217,42,0x71586d34d300dbbb76f643c08d249dc9f7e161f268ec58b9f9507bca10b150d4,1,1,1,48,41,245824,38,2,0.0,0.0,1,0,0,-0.0898026510133875,-0.5323799447498463,-0.5855954122167268,0.2652521638926311,0.1308439161946616,0.0610544534012839,0.4984541439916564,0.5804409870111562,-0.9319826595799208,-1.1567034896476125,-0.5862557079373804,0.1656341536269046,0.4221248314027602,0.3693879662778134,1.6404541653787852,0.2634597677191913,0.3231718420015346,-0.6863630873529409,-0.7541458539762674,-0.7092081432669753,-0.1275153426126677,-0.9754926419020512,-0.6497811008620532,-0.0380157139182309,-0.461656050964267,-0.3382142568348734,-0.0,-0.3202530620385629,1.0,0.9047619047619048,6.875,0.0012651276314451,0.24,2.1578947368421053,0.0001396027010537,0.0121951219512195,0.003030303030303,1.0,0.0263157894736842,
0x7364c4335ecef138722816781d33709ed3df2dbe0d65cd7e4d0dd6ebcf68f38e,1,0x417ab2c56f9509c2cc07a1ada72fbb382f662280,0xd654bdd32fc99471455e86c2e7f7d7b6437e9179,2016-06-06 01:57:27+00:00,150000,20000000000,108523,45523,0.0,44,,53,312,332,0.9397590361445785,38,82,84,0.9761904761904762,24,99,580223,43,0x7364c4335ecef138722816781d33709ed3df2dbe0d65cd7e4d0dd6ebcf68f38e,3,1,1,48,41,245830,38,2,0.0,0.0,1,0,0,-0.0898026510133875,-0.5221575955803024,-0.568625567189002,0.2652521638926311,0.1496866460614044,0.0963052925475217,0.4984541439916564,0.6329790922800879,-0.7852599486888753,-1.1567034896476125,-0.5862557079373804,0.1656341536269046,0.4221248314027602,0.3695263705056162,1.6404541653787852,0.2634597677191913,0.3231885471021138,-0.6863630873529409,-0.7541458539762674,-0.7092081432669753,-0.1275153426126677,-0.9754926419020512,-0.6497811008620532,-0.0380157139182309,-0.452432318771214,-0.2930775064069218,-0.0,-0.291075487144379,1.0,0.9047619047619048,6.916666666666667,0.0012691645886808,0.24,2.210526315789474,0.0001413247297595,0.0357142857142857,0.0090361445783132,3.0,0.0263157894736842,
0x7fef068561f7559ad4f1c0140ec64bbbc61b6c2550eb2971bd5ca87c22b409ba,1,0x417ab2c56f9509c2cc07a1ada72fbb382f662280,0xd654bdd32fc99471455e86c2e7f7d7b6437e9179,2016-06-06 01:57:27+00:00,150000,20000000000,160046,30523,0.0,45,,52,312,332,0.9397590361445785,38,82,84,0.9761904761904762,24,99,580223,44,0x7fef068561f7559ad4f1c0140ec64bbbc61b6c2550eb2971bd5ca87c22b409ba,3,1,1,48,41,245830,38,2,0.0,0.0,1,0,0,-0.0898026510133875,-0.5221575955803024,-0.568625567189002,0.2652521638926311,0.1496866460614044,0.0963052925475217,0.4984541439916564,0.6855171975490194,-0.7852599486888753,-1.1567034896476125,-0.5862557079373804,0.1656341536269046,0.4221248314027602,0.3695263705056162,1.6404541653787852,0.2634597677191913,0.3231885471021138,-0.6863630873529409,-0.7541458539762674,-0.7092081432669753,-0.1275153426126677,-0.9754926419020512,-0.6497811008620532,-0.0380157139182309,-0.2469699954756362,-0.5857931382354018,-0.0,-0.261897912250195,1.0,0.9047619047619048,6.916666666666667,0.0012691645886808,0.24,2.210526315789474,0.0001413247297595,0.0357142857142857,0.0090361445783132,3.0,0.0263157894736842,
0x026c069bb9008a36cfb32a818d9818ac5ac33a559e32fbd41189b6e35a025bfa,1,0x417ab2c56f9509c2cc07a1ada72fbb382f662280,0xd654bdd32fc99471455e86c2e7f7d7b6437e9179,2016-06-06 02:05:16+00:00,150000,21297917513,666075,15075,0.0,50,,47,313,333,0.93993993993994,38,87,89,0.9775280898876404,24,99,580254,45,0x026c069bb9008a36cfb32a818d9818ac5ac33a559e32fbd41189b6e35a025bfa,4,1,1,48,41,245861,39,2,0.0,0.0,1,0,0,-0.0898026510133875,-0.5119352464107585,-0.5601406446751397,0.2652521638926311,0.2439002953951181,0.1844323904131163,0.4984541439916564,0.7380553028179511,-0.7118985932433526,-1.1567034896476125,-0.5862557079373804,0.1656341536269046,0.4221248314027602,0.3702414590159308,1.7126572536436966,0.2634597677191913,0.3232748567884396,-0.6863630873529409,-0.7541458539762674,-0.7092081432669753,-0.1275153426126677,-0.9754926419020512,-0.6497811008620532,2.2169763160683957,1.770961685422952,-0.8872512102678257,-0.0,-0.1160100377792753,1.0,0.9047619047619048,6.9375,0.0012730718858546,0.24,2.282051282051282,0.0001499340807058,0.0449438202247191,0.012012012012012,4.0,0.0263157894736842,
0xff6de903057e97ef52ee66da4ea198180229e0a182db3e4ed6c177915e7d6731,1,0x417ab2c56f9509c2cc07a1ada72fbb382f662280,0xd654bdd32fc99471455e86c2e7f7d7b6437e9179,2016-06-06 02:06:13+00:00,150000,20294433332,68359,45459,0.0,51,,46,314,334,0.940119760479042,38,88,90,0.9777777777777776,24,99,580259,46,0xff6de903057e97ef52ee66da4ea198180229e0a182db3e4ed6c177915e7d6731,5,1,1,48,41,245866,39,2,0.0,0.0,1,0,0,-0.0898026510133875,-0.5017128972412146,-0.5516557221612772,0.2652521638926311,0.2627430252618609,0.2020578099862352,0.4984541439916564,0.7905934080868826,-0.6385372377978299,-1.1567034896476125,-0.5862557079373804,0.1656341536269046,0.4221248314027602,0.3703567958724332,1.7126572536436966,0.2634597677191913,0.323288777705589,-0.6863630873529409,-0.7541458539762674,-0.7092081432669753,-0.1275153426126677,-0.9754926419020512,-0.6497811008620532,0.4735305210098791,-0.6125974635190662,-0.2943264264360566,-0.0,-0.0868324628850913,1.0,0.9047619047619048,6.958333333333333,0.0012771132360178,0.24,2.3076923076923075,0.0001516561541378,0.0555555555555555,0.0149700598802395,5.0,0.0263157894736842,
0x921664be65dfca2bd565a96342a10301c3a55a80d4a9a39a6eaea9a5f4e61728,1,0x417ab2c56f9509c2cc07a1ada72fbb382f662280,0xd654bdd32fc99471455e86c2e7f7d7b6437e9179,2016-06-06 02:10:05+00:00,150000,20000000000,135459,30459,0.0,53,,44,315,335,0.9402985074626866,38,90,92,0.9782608695652174,24,99,580270,47,0x921664be65dfca2bd565a96342a10301c3a55a80d4a9a39a6eaea9a5f4e61728,6,1,1,48,41,245877,39,2,0.0,0.0,1,0,0,-0.0898026510133875,-0.4914905480716706,-0.5431707996474149,0.2652521638926311,0.3004284849953463,0.237308649132473,0.4984541439916564,0.8431315133558143,-0.5651758823523071,-1.1567034896476125,-0.5862557079373804,0.1656341536269046,0.4221248314027602,0.3706105369567383,1.7126572536436966,0.2634597677191913,0.3233194037233175,-0.6863630873529409,-0.7541458539762674,-0.7092081432669753,-0.1275153426126677,-0.9754926419020512,-0.6497811008620532,-0.0380157139182309,-0.345017511009832,-0.5870420582645367,-0.0,-0.0284773130967234,1.0,0.9047619047619048,6.979166666666667,0.0012811231586396,0.24,2.358974358974359,0.000155099944681,0.0652173913043478,0.017910447761194,6.0,0.0263157894736842,
0x8da5faab12a9e4c0f9e952509cb0e1ebb774ada8cbb16f6c7521e97fc79c9457,1,0x417ab2c56f9509c2cc07a1ada72fbb382f662280,0xd654bdd32fc99471455e86c2e7f7d7b6437e9179,2016-06-07 02:07:16+00:00,150000,20000000000,135523,30523,0.0,60,,37,316,336,0.9404761904761904,39,95,99,0.9595959595959596,25,100,586399,48,0x8da5faab12a9e4c0f9e952509cb0e1ebb774ada8cbb16f6c7521e97fc79c9457,7,2,1,48,42,252006,39,2,0.0,0.0,1,0,0,-0.0898026510133875,-0.4812681989021267,-0.5346858771335524,0.4166518008176487,0.3946421343290601,0.3606865861443054,0.565021203819602,0.8956696186247458,-0.4918145269067844,-0.7314448537477548,-0.5862557079373804,0.1656341536269046,0.5617163761788052,0.5119904556573247,1.7126572536436966,0.2782542290691009,0.3403836639649689,-0.6863630873529409,-0.7541458539762674,-0.7092081432669753,-0.1275153426126677,-0.9754926419020512,-0.6497811008620532,-0.0380157139182309,-0.3447622931713731,-0.5857931382354018,-0.0,0.175765711162564,1.0,0.9069767441860463,7.0,0.0012539334224842,0.2475247524752475,2.5384615384615383,0.0001620054570259,0.0707070707070707,0.0208333333333333,3.5,0.0512820512820512,
0xd92152431fad2f3beabf485ca5cb595e7fd892cc653eef3679a94e8e61164e93,1,0x417ab2c56f9509c2cc07a1ada72fbb382f662280,0xd654bdd32fc99471455e86c2e7f7d7b6437e9179,2016-06-07 02:13:03+00:00,150000,20000000000,78075,15075,0.0,66,,31,317,337,0.940652818991098,39,101,105,0.961904761904762,25,100,586430,49,0xd92152431fad2f3beabf485ca5cb595e7fd892cc653eef3679a94e8e61164e93,8,2,1,48,42,252037,39,2,0.0,0.0,1,0,0,-0.0898026510133875,-0.4710458497325828,-0.5262009546196901,0.4166518008176487,0.5076985135295166,0.4664391035830189,0.565021203819602,0.9482077238936776,-0.4184531714612617,-0.7314448537477548,-0.5862557079373804,0.1656341536269046,0.5617163761788052,0.5127055441676394,1.7126572536436966,0.2782542290691009,0.3404699736512947,-0.6863630873529409,-0.7541458539762674,-0.7092081432669753,-0.1275153426126677,-0.9754926419020512,-0.6497811008620532,-0.0380157139182309,-0.5738522054180272,-0.8872512102678257,-0.0,0.3508311605276677,1.0,0.9069767441860463,7.020833333333333,0.0012577468476975,0.2475247524752475,2.6923076923076925,0.0001722282757903,0.0761904761904762,0.0237388724035608,4.0,0.0512820512820512,
0x901d34022463d43b1c61f0e2965bb1a0f00209d8fc545dbe9ad6e75a8eb0d694,1,0x46b515cd71a19221ee768c88f492a741108ef3f0,0xd654bdd32fc99471455e86c2e7f7d7b6437e9179,2016-06-08 01:05:53+00:00,150000,20000000000,801459,45459,0.0,9,,30,318,338,0.940828402366864,40,10,11,0.9090909090909092,2,1,2707,50,0x901d34022463d43b1c61f0e2965bb1a0f00209d8fc545dbe9ad6e75a8eb0d694,1,1,1,49,43,257754,3,2,0.0,0.0,1,0,0,-0.0898026510133875,-0.4608235005630389,-0.5177160321058277,0.5680514377426662,-1.2069899043440733,-1.190350336290159,-0.966021172223146,1.000745829162609,-0.9319826595799208,-1.1567034896476125,-0.5862557079373804,0.3018464510174511,0.7013079209548503,0.6445817058924317,-0.886653923893111,-1.1863974445719552,-1.284721930580628,-0.6863630873529409,-0.7541458539762674,-0.7092081432669753,-0.1275153426126677,-0.9754926419020512,-0.6497811008620532,-0.0380157139182309,2.3108431204529096,-0.2943264264360566,-0.0,-1.3122906084408168,1.0,0.9090909090909092,6.8979591836734695,0.0012337297045644,1.0,3.6666666666666665,0.0036927621861152,0.0909090909090909,0.0029585798816568,1.0,0.025,
0x6e6f2d2b6e34961c8cbe6082e5e2999f8236d85897e29ce33e889ee4aaa715a8,1,0xc44f4ab5bc60397c737eb0683391b633f83c48fa,0xd654bdd32fc99471455e86c2e7f7d7b6437e9179,2016-06-08 14:13:18+00:00,150000,18062397337,64210,43210,8e+17,2,,29,319,339,0.9410029498525072,40,3,3,1.0,3,133,753789,51,0x6e6f2d2b6e34961c8cbe6082e5e2999f8236d85897e29ce33e889ee4aaa715a8,1,1,1,50,43,261034,2,2,0.0,0.0,1,0,0,-0.0898026510133875,-0.450601151393495,-0.5092311095919653,0.5680514377426662,-1.3388890134112723,-1.3313536928751104,-0.8994541123952006,1.0532839344315406,-0.9319826595799208,-1.1567034896476125,-0.5862557079373804,0.4380587484079976,0.7013079209548503,0.7202426837579764,-0.9588570121580224,0.7664714536161197,0.8064281282903107,-0.6863630873529409,-0.7541458539762674,-0.7092081432669753,-0.1275153426126677,-0.9754926419020512,-0.6497811008620532,-3.40439186539394,-0.6291427574529084,-0.3382142568348734,-0.0,-1.5165336327001044,1.0,0.9090909090909092,6.78,0.0012220583446664,0.0223880597014925,1.5,3.979888297801775e-06,0.3333333333333333,0.0029498525073746,1.0,0.025,
0xc49ee87036599f4ba634b91522c0c1589663513b33992cbfea384f2de279959f,1,0x46b515cd71a19221ee768c88f492a741108ef3f0,0xd654bdd32fc99471455e86c2e7f7d7b6437e9179,2016-06-08 15:07:27+00:00,150000,20000000000,674633,43210,5e+17,16,,28,320,340,0.9411764705882352,40,17,18,0.9444444444444444,2,1,6231,52,0xc49ee87036599f4ba634b91522c0c1589663513b33992cbfea384f2de279959f,2,1,1,50,43,261278,3,2,0.0,0.0,1,0,0,-0.0898026510133875,-0.4403788022239511,-0.5007461870781029,0.5680514377426662,-1.075090795276874,-1.0669723992783269,-0.966021172223146,1.1058220397004723,-0.8586213041343981,-1.1567034896476125,-0.5862557079373804,0.4380587484079976,0.7013079209548503,0.7258711223552913,-0.886653923893111,-1.1863974445719552,-1.2749104681737786,-0.6863630873529409,-0.7541458539762674,-0.7092081432669753,-0.1275153426126677,-0.9754926419020512,-0.6497811008620532,-0.0380157139182309,1.805089095759376,-0.3382142568348734,-0.0,-1.1080475841815292,1.0,0.9090909090909092,6.8,0.0012247444302833,1.0,6.0,0.0027278562259306,0.1111111111111111,0.0058823529411764,2.0,0.025,
0x43fcca5a5323f595edc5483cefd9b652b53bd9fafb74a9d67d4dbf9d824cc2e2,1,0x46b515cd71a19221ee768c88f492a741108ef3f0,0xd654bdd32fc99471455e86c2e7f7d7b6437e9179,2016-06-08 15:08:07+00:00,150000,20000000000,141073,36073,0.0,18,,27,321,341,0.9413489736070382,40,19,20,0.95,2,1,6235,53,0x43fcca5a5323f595edc5483cefd9b652b53bd9fafb74a9d67d4dbf9d824cc2e2,3,1,1,50,43,261282,3,2,0.0,0.0,1,0,0,-0.0898026510133875,-0.4301564530544072,-0.4922612645642405,0.5680514377426662,-1.0374053355433883,-1.0317215601320888,-0.966021172223146,1.158360144969404,-0.7852599486888753,-1.1567034896476125,-0.5862557079373804,0.4380587484079976,0.7013079209548503,0.7259633918404932,-0.886653923893111,-1.1863974445719552,-1.2748993314400592,-0.6863630873529409,-0.7541458539762674,-0.7092081432669753,-0.1275153426126677,-0.9754926419020512,-0.6497811008620532,-0.0380157139182309,-0.3226301212425169,-0.4774883544588642,-0.0,-1.0496924343931613,1.0,0.9090909090909092,6.82,0.0012285529483357,1.0,6.666666666666667,0.0030468248877485,0.15,0.0087976539589442,3.0,0.025,
0x17ff5c67c83f332d01c01a43f6c585d52836df0e9f5c57a186249ff277726ad3,1,0xc44f4ab5bc60397c737eb0683391b633f83c48fa,0xd654bdd32fc99471455e86c2e7f7d7b6437e9179,2016-06-08 17:09:03+00:00,150000,17840922316,234459,45459,0.0,3,,25,322,343,0.9387755102040816,40,4,5,0.8,3,133,754558,54,0x17ff5c67c83f332d01c01a43f6c585d52836df0e9f5c57a186249ff277726ad3,3,1,1,50,43,261803,2,2,0.0,0.0,1,0,0,-0.0898026510133875,-0.4199341038848633,-0.4752914195365157,0.5680514377426662,-1.3200462835445297,-1.2961028537288726,-0.8994541123952006,1.2108982502383354,-0.7852599486888753,-1.1567034896476125,-0.5862557079373804,0.4380587484079976,0.7013079209548503,0.7379814922880386,-0.9588570121580224,0.7664714536161197,0.808569165347878,-0.6863630873529409,-0.7541458539762674,-0.7092081432669753,-0.1275153426126677,-0.9754926419020512,-0.6497811008620532,-3.7891808848761976,0.0497725828562511,-0.2943264264360566,-0.0,-1.4873560578059204,1.0,0.9090909090909092,6.86,0.0012299277321966,0.0223880597014925,2.5,5.301109654778486e-06,0.6,0.0087463556851311,3.0,0.025,
0x9ce3479ff9650541e806985edd59f5a874915346a13e854fb8d696f7b5670c39,1,0xc44f4ab5bc60397c737eb0683391b633f83c48fa,0xd654bdd32fc99471455e86c2e7f7d7b6437e9179,2016-06-08 17:09:03+00:00,150000,17840922316,264918,30459,0.0,4,,26,322,343,0.9387755102040816,40,4,5,0.8,3,133,754558,55,0x9ce3479ff9650541e806985edd59f5a874915346a13e854fb8d696f7b5670c39,3,1,1,50,43,261803,2,2,0.0,0.0,1,0,0,-0.0898026510133875,-0.4199341038848633,-0.4752914195365157,0.5680514377426662,-1.3200462835445297,-1.2961028537288726,-0.8994541123952006,1.263436355507267,-0.7852599486888753,-1.1567034896476125,-0.5862557079373804,0.4380587484079976,0.7013079209548503,0.7379814922880386,-0.9588570121580224,0.7664714536161197,0.808569165347878,-0.6863630873529409,-0.7541458539762674,-0.7092081432669753,-0.1275153426126677,-0.9754926419020512,-0.6497811008620532,-3.7891808848761976,0.1712363350690494,-0.5870420582645367,-0.0,-1.4581784829117366,1.0,0.9090909090909092,6.86,0.0012299277321966,0.0223880597014925,2.5,5.301109654778486e-06,0.6,0.0087463556851311,3.0,0.025,
0x9a55ec033f1c5ee2241934689bc8c8dce6eed9a513b3a7cc80b334af839de6f3,1,0x26bdce6e4ea9afd060049993ed11f153eb1e322f,0xd654bdd32fc99471455e86c2e7f7d7b6437e9179,2016-06-09 14:13:45+00:00,150000,20000000000,475079,45523,0.0,40,,21,323,344,0.938953488372093,41,48,48,1.0,11,40,241370,56,0x9a55ec033f1c5ee2241934689bc8c8dce6eed9a513b3a7cc80b334af839de6f3,17,6,1,50,44,267226,6,2,0.0,0.0,1,0,0,-0.0898026510133875,-0.4097117547153194,-0.4668064970226533,0.7194510746676838,-0.4909661694078489,-0.5382098120847592,-0.366917633771636,1.3159744607761987,0.2417990275484428,0.9695896898516748,-0.5862557079373804,0.4380587484079976,0.8408994657308952,0.8630758468504924,-0.6700446590983771,-0.6094134519254785,-0.6202403606584159,-0.6863630873529409,-0.7541458539762674,-0.7092081432669753,-0.1275153426126677,-0.9754926419020512,-0.6497811008620532,-0.0380157139182309,1.009311899887129,-0.2930775064069218,-0.0,-0.4077857867211147,1.0,0.9111111111111112,6.88,0.001208710197697,0.2682926829268293,8.0,0.0001988639894602,0.3541666666666667,0.0494186046511627,2.833333333333333,0.1463414634146341,
0x728d17c14d07a6e4e69812502f1893930f4d6b44474b02078fa6476fd2e1e1c5,1,0x26bdce6e4ea9afd060049993ed11f153eb1e322f,0xd654bdd32fc99471455e86c2e7f7d7b6437e9179,2016-06-09 14:14:13+00:00,150000,20000000000,28210,28210,4.375e+19,41,,20,324,345,0.9391304347826088,41,49,49,1.0,11,40,241372,57,0x728d17c14d07a6e4e69812502f1893930f4d6b44474b02078fa6476fd2e1e1c5,18,6,1,50,44,267228,6,2,0.0,0.0,1,0,0,-0.0898026510133875,-0.3994894055457755,-0.4583215745087909,0.7194510746676838,-0.4721234395411062,-0.5205843925116402,-0.366917633771636,1.3685125660451305,0.3151603829939656,0.9695896898516748,-0.5862557079373804,0.4380587484079976,0.8408994657308952,0.8631219815930934,-0.6700446590983771,-0.6094134519254785,-0.6202347922915562,-0.6863630873529409,-0.7541458539762674,-0.7092081432669753,-0.1275153426126677,-0.9754926419020512,-0.6497811008620532,-0.0380157139182309,-0.7727027915860296,-0.6309298886633534,0.0,-0.3786082118269308,1.0,0.9111111111111112,6.9,0.0012124432602748,0.2682926829268293,8.166666666666666,0.0002030053071387,0.3673469387755102,0.0521739130434782,3.0,0.1463414634146341,
0x35fe20937f0775bee65b6909405162a82c2f0b00af95fb41d2002fa057b55634,1,0x26bdce6e4ea9afd060049993ed11f153eb1e322f,0xd654bdd32fc99471455e86c2e7f7d7b6437e9179,2016-06-09 14:21:32+00:00,150000,20000000000,497865,45587,0.0,43,,18,325,346,0.9393063583815028,41,52,52,1.0,11,40,241394,58,0x35fe20937f0775bee65b6909405162a82c2f0b00af95fb41d2002fa057b55634,19,6,1,50,44,267250,6,2,0.0,0.0,1,0,0,-0.0898026510133875,-0.3892670563762316,-0.4498366519949285,0.7194510746676838,-0.4155952499408779,-0.4677081337922835,-0.366917633771636,1.4210506713140618,0.3885217384394883,0.9695896898516748,-0.5862557079373804,0.4380587484079976,0.8408994657308952,0.8636294637617037,-0.6700446590983771,-0.6094134519254785,-0.6201735402560992,-0.6863630873529409,-0.7541458539762674,-0.7092081432669753,-0.1275153426126677,-0.9754926419020512,-0.6497811008620532,-0.0380157139182309,1.1001774259359434,-0.2918285863777869,-0.0,-0.3202530620385629,1.0,0.9111111111111112,6.92,0.0012160852531889,0.2682926829268293,8.666666666666666,0.0002154145694815,0.3653846153846153,0.0549132947976878,3.1666666666666665,0.1463414634146341,
0x7aa1b9fd2eab3f454176bf0fa218ab407a2600c0e583cf470213fffb226082f6,1,0x26bdce6e4ea9afd060049993ed11f153eb1e322f,0xd654bdd32fc99471455e86c2e7f7d7b6437e9179,2016-06-09 14:22:03+00:00,150000,20000000000,189571,28210,4.53125e+19,44,,17,326,347,0.9394812680115274,41,53,53,1.0,11,40,241397,59,0x7aa1b9fd2eab3f454176bf0fa218ab407a2600c0e583cf470213fffb226082f6,20,6,1,50,44,267253,6,2,0.0,0.0,1,0,0,-0.0898026510133875,-0.3790447072066877,-0.4413517294810662,0.7194510746676838,-0.3967525200741352,-0.4500827142191646,-0.366917633771636,1.4735887765829934,0.461883093885011,0.9695896898516748,-0.5862557079373804,0.4380587484079976,0.8408994657308952,0.8636986658756052,-0.6700446590983771,-0.6094134519254785,-0.6201651877058095,-0.6863630873529409,-0.7541458539762674,-0.7092081432669753,-0.1275153426126677,-0.9754926419020512,-0.6497811008620532,-0.0380157139182309,-0.1292308285928472,-0.6309298886633534,0.0,-0.291075487144379,1.0,0.9111111111111112,6.94,0.0012198133610722,0.2682926829268293,8.833333333333334,0.0002195544287856,0.3773584905660377,0.0576368876080691,3.333333333333333,0.1463414634146341,
0xff08867561f4e7d90cf1a7f6c756eebc07bc2e71ba3db1dcffb4fa1e08ac73f4,1,0x26bdce6e4ea9afd060049993ed11f153eb1e322f,0xd654bdd32fc99471455e86c2e7f7d7b6437e9179,2016-06-09 14:29:00+00:00,150000,20000000000,87523,45523,0.0,46,,15,327,348,0.9396551724137931,41,56,56,1.0,11,40,241419,60,0xff08867561f4e7d90cf1a7f6c756eebc07bc2e71ba3db1dcffb4fa1e08ac73f4,21,6,1,50,44,267275,6,2,0.0,0.0,1,0,0,-0.0898026510133875,-0.3688223580371438,-0.4328668069672038,0.7194510746676838,-0.3402243304739069,-0.3972064554998079,-0.366917633771636,1.5261268818519251,0.5352444493305337,0.9695896898516748,-0.5862557079373804,0.4380587484079976,0.8408994657308952,0.8642061480442155,-0.6700446590983771,-0.6094134519254785,-0.6201039356703525,-0.6863630873529409,-0.7541458539762674,-0.7092081432669753,-0.1275153426126677,-0.9754926419020512,-0.6497811008620532,-0.0380157139182309,-0.5361756720155347,-0.2930775064069218,-0.0,-0.232720337356011,1.0,0.9111111111111112,6.96,0.0012234544066807,0.2682926829268293,9.333333333333334,0.00023196089802,0.375,0.0603448275862069,3.5,0.1463414634146341,
0xef09122c94462b7b0380b897aa0e6bb44869b54b793b070c458582a2c28c9134,1,0x26bdce6e4ea9afd060049993ed11f153eb1e322f,0xd654bdd32fc99471455e86c2e7f7d7b6437e9179,2016-06-09 14:29:27+00:00,150000,20000000000,28210,28210,4.811e+19,47,,14,328,349,0.9398280802292264,41,57,57,1.0,11,40,241422,61,0xef09122c94462b7b0380b897aa0e6bb44869b54b793b070c458582a2c28c9134,22,6,1,50,44,267278,6,2,0.0,0.0,1,0,0,-0.0898026510133875,-0.3586000088675999,-0.4243818844533414,0.7194510746676838,-0.3213816006071642,-0.3795810359266889,-0.366917633771636,1.578664987120857,0.6086058047760565,0.9695896898516748,-0.5862557079373804,0.4380587484079976,0.8408994657308952,0.8642753501581169,-0.6700446590983771,-0.6094134519254785,-0.620095583120063,-0.6863630873529409,-0.7541458539762674,-0.7092081432669753,-0.1275153426126677,-0.9754926419020512,-0.6497811008620532,-0.0380157139182309,-0.7727027915860296,-0.6309298886633534,0.0,-0.2035427624618271,1.0,0.9111111111111112,6.98,0.0012271820831415,0.2682926829268293,9.5,0.0002361001230205,0.3859649122807017,0.0630372492836676,3.6666666666666665,0.1463414634146341,
0x12ac6aec0abea86c588c80ee8f06cf122d011e4376be09965aebd46850a476ce,1,0x90f011a326b6ecb37284eb5e2113d71228d0187f,0xd654bdd32fc99471455e86c2e7f7d7b6437e9179,2016-06-10 15:30:19+00:00,150000,20000000000,1016587,35811,0.0,56,,12,329,350,0.94,42,49,62,0.7903225806451613,11,34,204113,62,0x12ac6aec0abea86c588c80ee8f06cf122d011e4376be09965aebd46850a476ce,2,2,2,50,45,273482,8,2,1.0,1.0,1,1,0,-0.0898026510133875,-0.348377659698056,-0.415896961939479,0.8708507115927013,-0.4721234395411062,-0.2914539380610944,-0.366917633771636,1.6312030923897882,-0.8586213041343981,-0.7314448537477548,-0.3641891519004939,0.4380587484079976,0.9804910105069404,1.0073853217062383,-0.5256384825685544,-0.6981802200249364,-0.7239706827049496,-0.6863630873529409,-0.2605949024211186,-0.027277236279499,-0.1275153426126677,-0.0982510574577606,-0.6497811008620532,-0.0380157139182309,3.1687259822026346,-0.482601120828135,-0.0,0.0590554115858283,0.5,0.9130434782608696,7.0,0.0012029998208298,0.3142857142857143,7.75,0.0002400619261785,0.032258064516129,0.0057142857142857,1.0,0.0476190476190476,
0xbd57c912ff8c0d58ebcb69a959c0e1ea1af6db4d5f5607569ff9e2cb45f34a1b,1,0x859d231d76c0d796bcf46a7304b086e6328682d5,0xd654bdd32fc99471455e86c2e7f7d7b6437e9179,2016-06-10 15:42:17+00:00,150000,20000000000,273254,35747,0.0,7,,11,330,351,0.9401709401709402,42,10,10,1.0,2,37,226033,63,0xbd57c912ff8c0d58ebcb69a959c0e1ea1af6db4d5f5607569ff9e2cb45f34a1b,3,2,2,50,45,273530,3,2,1.0,1.0,1,1,0,-0.0898026510133875,-0.3381553105285121,-0.4074120394256166,0.8708507115927013,-1.2069899043440733,-1.207975755863278,-0.966021172223146,1.68374119765872,-0.7852599486888753,-0.7314448537477548,-0.3641891519004939,0.4380587484079976,0.9804910105069404,1.0084925555286612,-0.886653923893111,-0.6537968359752074,-0.6629413819222775,-0.6863630873529409,-0.2605949024211186,-0.027277236279499,-0.1275153426126677,-0.0982510574577606,-0.6497811008620532,-0.0380157139182309,0.2044784585283188,-0.4838500408572698,-0.0,-1.3706457582291849,0.5,0.9130434782608696,7.02,0.0012064446077409,0.0526315789473684,3.333333333333333,4.424113186511764e-05,0.3,0.0085470085470085,1.5,0.0476190476190476,
0xd248b77173c71b330e3a5f2c62021249863999064601c60e0118597fd766241b,1,0x9a63d185a79129fdab19b58bb631ea36a420544e,0xd654bdd32fc99471455e86c2e7f7d7b6437e9179,2016-06-10 15:53:40+00:00,150000,20000000000,41747,20747,0.0,15,,10,331,352,0.9403409090909092,42,18,18,1.0,9,294,1557579,64,0xd248b77173c71b330e3a5f2c62021249863999064601c60e0118597fd766241b,3,2,2,50,45,273586,6,2,1.0,1.0,1,1,0,-0.0898026510133875,-0.3279329613589682,-0.3989271169117542,0.8708507115927013,-1.0562480654101312,-1.0669723992783269,-0.5000517534275272,1.7362793029276515,-0.7852599486888753,-0.7314448537477548,-0.3641891519004939,0.4380587484079976,0.9804910105069404,1.0097843283214876,-0.6700446590983771,3.148379730951574,3.0443269273826497,-0.6863630873529409,-0.2605949024211186,-0.027277236279499,-0.1275153426126677,-0.0982510574577606,-0.6497811008620532,-0.0380157139182309,-0.7187202309732501,-0.7765656726857498,-0.0,-1.1372251590757132,0.5,0.9130434782608696,7.04,0.0012098528073336,0.0305084745762711,3.0,1.1556388756917783e-05,0.1666666666666666,0.0085227272727272,1.5,0.0476190476190476,
0x011225f3d4a3e3977972264627b51ddbf1f9faa302ca92004e7eca6dca0bab1e,1,0x46b515cd71a19221ee768c88f492a741108ef3f0,0xd654bdd32fc99471455e86c2e7f7d7b6437e9179,2016-06-10 15:56:40+00:00,150000,20000000000,315582,15075,0.0,41,,9,332,353,0.9405099150141644,42,42,43,0.9767441860465116,3,3,18553,65,0x011225f3d4a3e3977972264627b51ddbf1f9faa302ca92004e7eca6dca0bab1e,4,2,1,50,45,273600,3,2,0.0,0.0,1,0,0,-0.0898026510133875,-0.3177106121894243,-0.3904421943978918,0.8708507115927013,-0.6040225486083054,-0.6263369099503537,-0.8994541123952006,1.7888174081965833,-0.7118985932433526,-0.7314448537477548,-0.5862557079373804,0.4380587484079976,0.9804910105069404,1.010107271519694,-0.886653923893111,-1.1568085218721358,-1.2406037599509645,-0.6863630873529409,-0.7541458539762674,-0.7092081432669753,-0.1275153426126677,-0.9754926419020512,-0.6497811008620532,-0.0380157139182309,0.3732731564390619,-0.8872512102678257,-0.0,-0.3786082118269308,1.0,0.9130434782608696,7.06,0.0012134458572885,0.75,14.333333333333334,0.0022636628220329,0.0930232558139534,0.0113314447592068,2.0,0.0476190476190476,
0x27b8fcc22e15b4316fb322c8070c8ffbbfaed789cb5f3460bfb7c2f20a322c53,1,0x46b515cd71a19221ee768c88f492a741108ef3f0,0xd654bdd32fc99471455e86c2e7f7d7b6437e9179,2016-06-10 16:05:42+00:00,150000,20000000000,108459,45459,0.0,46,,8,333,354,0.940677966101695,42,47,48,0.9791666666666666,3,3,18593,66,0x27b8fcc22e15b4316fb322c8070c8ffbbfaed789cb5f3460bfb7c2f20a322c53,5,2,1,50,45,273640,3,2,0.0,0.0,1,0,0,-0.0898026510133875,-0.3074882630198804,-0.3819572718840294,0.8708507115927013,-0.5098088992745916,-0.5382098120847592,-0.8994541123952006,1.8413555134655148,-0.6385372377978299,-0.7314448537477548,-0.5862557079373804,0.4380587484079976,0.9804910105069404,1.011029966371713,-0.886653923893111,-1.1568085218721358,-1.24049239261377,-0.6863630873529409,-0.7541458539762674,-0.7092081432669753,-0.1275153426126677,-0.9754926419020512,-0.6497811008620532,-0.0380157139182309,-0.4526875366096729,-0.2943264264360566,-0.0,-0.232720337356011,1.0,0.9130434782608696,7.08,0.0012169229026352,0.75,16.0,0.0025276971065935,0.1041666666666666,0.0141242937853107,2.5,0.0476190476190476,
0x2a886bb4daf44879b9b10d68f6ddc9f2e4688ba1b59fc528cbecc94b37ac383e,1,0x46b515cd71a19221ee768c88f492a741108ef3f0,0xd654bdd32fc99471455e86c2e7f7d7b6437e9179,2016-06-10 16:07:32+00:00,150000,20000000000,419683,20683,0.0,47,,7,334,355,0.9408450704225352,42,48,49,0.979591836734694,3,3,18599,67,0x2a886bb4daf44879b9b10d68f6ddc9f2e4688ba1b59fc528cbecc94b37ac383e,6,2,2,50,45,273646,3,2,1.0,1.0,1,1,0,-0.0898026510133875,-0.2972659138503365,-0.3734723493701671,0.8708507115927013,-0.4909661694078489,-0.5205843925116402,-0.8994541123952006,1.8938936187344464,-0.5651758823523071,-0.7314448537477548,-0.3641891519004939,0.4380587484079976,0.9804910105069404,1.0111683705995158,-0.886653923893111,-1.1568085218721358,-1.2404756875131906,-0.6863630873529409,-0.2605949024211186,-0.027277236279499,-0.1275153426126677,-0.0982510574577606,-0.6497811008620532,-0.0380157139182309,0.7884049095860632,-0.7778145927148847,-0.0,-0.2035427624618271,0.5,0.9130434782608696,7.1,0.0012205505633169,0.75,16.333333333333332,0.0025806451612903,0.1224489795918367,0.0169014084507042,3.0,0.0476190476190476,
0x3e525eca6dcc3950732a26bd896175548755ec8ec67e201cc9fbb55a466ece18,1,0x46b515cd71a19221ee768c88f492a741108ef3f0,0xd654bdd32fc99471455e86c2e7f7d7b6437e9179,2016-06-10 16:08:11+00:00,150000,20000000000,36075,15075,0.0,48,,6,335,356,0.9410112359550562,42,49,50,0.98,3,3,18603,68,0x3e525eca6dcc3950732a26bd896175548755ec8ec67e201cc9fbb55a466ece18,7,2,1,50,45,273650,3,2,0.0,0.0,1,0,0,-0.0898026510133875,-0.2870435646807926,-0.3649874268563047,0.8708507115927013,-0.4721234395411062,-0.5029589729385213,-0.8994541123952006,1.946431724003378,-0.4918145269067844,-0.7314448537477548,-0.5862557079373804,0.4380587484079976,0.9804910105069404,1.0112606400847175,-0.886653923893111,-1.1568085218721358,-1.2404645507794712,-0.6863630873529409,-0.7541458539762674,-0.7092081432669753,-0.1275153426126677,-0.9754926419020512,-0.6497811008620532,-0.0380157139182309,-0.7413389119066686,-0.8872512102678257,-0.0,-0.1743651875676432,1.0,0.9130434782608696,7.12,0.0012241870119239,0.75,16.666666666666668,0.0026338421844764,0.14,0.0196629213483146,3.5,0.0476190476190476,
0xa761aca08ccd001fad5bbae41b7536de7e48f7b56b7510637b743444c192fde8,1,0x5586b392b5127598e9b3a4635131bc7bbda20c2b,0xd654bdd32fc99471455e86c2e7f7d7b6437e9179,2016-06-10 16:10:23+00:00,150000,20000000000,57075,15075,0.0,56,,5,336,357,0.9411764705882352,42,55,58,0.9482758620689656,13,27,166347,69,0xa761aca08ccd001fad5bbae41b7536de7e48f7b56b7510637b743444c192fde8,16,7,1,50,45,273658,6,2,0.0,0.0,1,0,0,-0.0898026510133875,-0.2768212155112487,-0.3565025043424423,0.8708507115927013,-0.3590670603406497,-0.36195561635357,-0.2337835141157448,1.9989698292723097,0.1684376721029201,1.394848325751532,-0.5862557079373804,0.4380587484079976,0.9804910105069404,1.0114451790551215,-0.6700446590983771,-0.801741449474304,-0.8291181541172853,-0.6863630873529409,-0.7541458539762674,-0.7092081432669753,-0.1275153426126677,-0.9754926419020512,-0.6497811008620532,-0.0380157139182309,-0.6575955586623479,-0.8872512102678257,-0.0,0.0590554115858283,1.0,0.9130434782608696,7.14,0.0012278054074596,0.4642857142857143,9.666666666666666,0.0003306321687065,0.2758620689655172,0.0448179271708683,2.2857142857142856,0.1666666666666666,
0xd6643bb932a4395b1a02e187dd6607bd0f509d93f09cc87fdd5e6f552294aee0,1,0x35d68fb24df0e54d44e6cc32f75f1cc891f57811,0xd654bdd32fc99471455e86c2e7f7d7b6437e9179,2016-06-10 16:19:56+00:00,150000,20000000000,218308,35747,0.0,15,,4,337,358,0.9413407821229052,42,17,17,1.0,9,306,1619677,70,0xd6643bb932a4395b1a02e187dd6607bd0f509d93f09cc87fdd5e6f552294aee0,1,1,2,51,45,273704,6,2,1.0,1.0,1,1,0,-0.0898026510133875,-0.2665988663417048,-0.3480175818285799,0.8708507115927013,-1.075090795276874,-1.0845978188514456,-0.5000517534275272,2.0515079345412413,-0.9319826595799208,-1.1567034896476125,-0.3641891519004939,0.574271045798544,0.9804910105069404,1.0125062781349432,-0.6700446590983771,3.32591326715049,3.217219150010495,-0.6863630873529409,-0.2605949024211186,-0.027277236279499,-0.1275153426126677,-0.0982510574577606,-0.6497811008620532,-0.0380157139182309,-0.0146340313460832,-0.4838500408572698,-0.0,-1.1372251590757132,0.5,0.9130434782608696,7.019607843137255,0.0012312526260024,0.0293159609120521,2.833333333333333,1.0495913385253118e-05,0.0588235294117647,0.0027932960893854,1.0,0.0238095238095238,
0x4fcd80550a64b57976898de243c48d2a921395feb291b452962aefc36daddd83,1,0x9f73bc871764c879fd9e0f524278373fa7875068,0xf51bc4633f5924465c8c6317169faf3e4312e82f,2016-05-29 00:23:35+00:00,300000,20000000000,144761,50735,0.0,93,,123,430,490,0.8775510204081632,33,111,112,0.9910714285714286,12,124,697162,1,0x4fcd80550a64b57976898de243c48d2a921395feb291b452962aefc36daddd83,54,6,13,47,33,197309,10,8,5.0,4.0,1,3,0,-0.0898026510133875,0.6840796064258781,0.7719921900012554,-0.4917460207324566,0.696125812196944,0.5898170405948513,-0.3003505739436904,-1.5736213290150394,2.956169179032784,0.9695896898516748,2.0785429645052576,0.0294218562363581,-0.6946075268055998,-0.7497255523645342,-0.3812323060387317,0.6333213014669327,0.6487681732072644,2.096189969483306,1.7136089037994766,2.0185154846829296,-0.1275153426126677,1.6562321114308205,1.4712248882067556,-0.0380157139182309,-0.3079231933013239,-0.1913685815342526,-0.0,1.138625682670634,0.0769230769230769,0.9705882352941176,10.425531914893616,0.0021793117429425,0.096,11.2,0.0001592167111565,0.4821428571428571,0.110204081632653,9.0,0.1818181818181818,
0xa3ae04b66d2ad076d52e075a4f8c3cd9c355c1c08fc5e5300a4e2ce0b0ac34e0,1,0x9f73bc871764c879fd9e0f524278373fa7875068,0xf51bc4633f5924465c8c6317169faf3e4312e82f,2016-05-29 00:24:28+00:00,300000,20000000000,176513,50735,0.0,94,,122,431,491,0.8778004073319755,33,112,113,0.991150442477876,12,124,697165,2,0xa3ae04b66d2ad076d52e075a4f8c3cd9c355c1c08fc5e5300a4e2ce0b0ac34e0,55,6,13,47,33,197312,10,8,5.0,4.0,1,3,0,-0.0898026510133875,0.694301955595422,0.7804771125151179,-0.4917460207324566,0.7149685420636868,0.6074424601679702,-0.3003505739436904,-1.5210832237461078,3.0295305344783063,0.9695896898516748,2.0785429645052576,0.0294218562363581,-0.6946075268055998,-0.7496563502506327,-0.3812323060387317,0.6333213014669327,0.648776525757554,2.096189969483306,1.7136089037994766,2.0185154846829296,-0.1275153426126677,1.6562321114308205,1.4712248882067556,-0.0380157139182309,-0.181303243195911,-0.1913685815342526,-0.0,1.167803257564818,0.0769230769230769,0.9705882352941176,10.4468085106383,0.0021843466978861,0.096,11.3,0.0001606504046382,0.4867256637168141,0.1120162932790224,9.166666666666666,0.1818181818181818,
0xa147f79979ef4bc36117d7a9e9d483fde11f1baa6759c05f8f7effea93249622,1,0x9f73bc871764c879fd9e0f524278373fa7875068,0xf51bc4633f5924465c8c6317169faf3e4312e82f,2016-05-29 00:47:30+00:00,150000,20000000000,33882,33882,0.0,95,,121,432,492,0.8780487804878049,33,113,114,0.9912280701754386,12,124,697269,3,0xa147f79979ef4bc36117d7a9e9d483fde11f1baa6759c05f8f7effea93249622,56,6,3,47,33,197416,10,4,2.0,1.0,1,2,0,-0.0898026510133875,0.7045243047649659,0.7889620350289802,-0.4917460207324566,0.7338112719304295,0.6250678797410891,-0.3003505739436904,-1.4685451184771765,3.1028918899238294,0.9695896898516748,-0.1421225958636073,0.0294218562363581,-0.6946075268055998,-0.7472573436353838,-0.3812323060387317,0.6333213014669327,0.6490660808342601,0.2411545982591414,0.2329560491340302,-0.027277236279499,-0.1275153426126677,0.7789905269865298,-0.6497811008620532,-0.0380157139182309,-0.7500841106526112,-0.5202443510812775,-0.0,1.196980832459002,0.3333333333333333,0.9705882352941176,10.46808510638298,0.0021882613959284,0.096,11.4,0.0001620606077989,0.4912280701754385,0.1138211382113821,9.333333333333334,0.1818181818181818,
0x7ce0c9bafbd0d6bcdf279b2698f236d211685f7817cf5651feca6b38e5a7bf17,1,0x9f73bc871764c879fd9e0f524278373fa7875068,0xf51bc4633f5924465c8c6317169faf3e4312e82f,2016-05-29 00:49:13+00:00,300000,20000000000,1187544,50767,0.0,97,,119,433,493,0.8782961460446247,33,115,116,0.9913793103448276,12,124,697279,4,0x7ce0c9bafbd0d6bcdf279b2698f236d211685f7817cf5651feca6b38e5a7bf17,57,6,13,47,33,197426,10,8,5.0,4.0,1,3,0,-0.0898026510133875,0.7147466539345098,0.7974469575428426,-0.4917460207324566,0.771496731663915,0.660318718887327,-0.3003505739436904,-1.4160070132082443,3.176253245369352,0.9695896898516748,2.0785429645052576,0.0294218562363581,-0.6946075268055998,-0.7470266699223791,-0.3812323060387317,0.6333213014669327,0.6490939226685588,2.096189969483306,1.7136089037994766,2.0185154846829296,-0.1275153426126677,1.6562321114308205,1.4712248882067556,-0.0380157139182309,3.8504646698497456,-0.1907441215196852,-0.0,1.2553359822473698,0.0769230769230769,0.9705882352941176,10.48936170212766,0.0021932157202408,0.096,11.6,0.0001649265718219,0.4913793103448275,0.1156186612576064,9.5,0.1818181818181818,
0x3f4fe09dfaadb256cc363cbd14cc2cc373a1162180605ef272d7e2306c80af38,1,0x9f73bc871764c879fd9e0f524278373fa7875068,0xf51bc4633f5924465c8c6317169faf3e4312e82f,2016-05-29 00:50:10+00:00,300000,20000000000,220206,155523,0.0,98,,118,434,494,0.8785425101214575,33,116,117,0.9914529914529916,12,124,697283,5,0x3f4fe09dfaadb256cc363cbd14cc2cc373a1162180605ef272d7e2306c80af38,58,6,3,47,33,197430,10,4,2.0,1.0,1,2,0,-0.0898026510133875,0.7249690031040537,0.805931880056705,-0.4917460207324566,0.7903394615306577,0.6779441384604459,-0.3003505739436904,-1.363468907939313,3.2496146008148745,0.9695896898516748,-0.1421225958636073,0.0294218562363581,-0.6946075268055998,-0.7469344004371772,-0.3812323060387317,0.6333213014669327,0.6491050594022783,0.2411545982591414,0.2329560491340302,-0.027277236279499,-0.1275153426126677,0.7789905269865298,1.4712248882067556,-0.0380157139182309,-0.007065227324287,1.8535037936685983,-0.0,1.2845135571415538,0.3333333333333333,0.9705882352941176,10.51063829787234,0.0021982363458626,0.096,11.7,0.0001663597615892,0.4957264957264957,0.117408906882591,9.666666666666666,0.1818181818181818,
0x0181c7a20dda87080b2f9570a78c5fa559e242cfcb19b42c3e939488203a8bcd,1,0x9f73bc871764c879fd9e0f524278373fa7875068,0xf51bc4633f5924465c8c6317169faf3e4312e82f,2016-05-29 00:53:18+00:00,300000,20000000000,363000,300000,0.0,99,,117,435,495,0.8787878787878788,33,117,118,0.9915254237288136,12,124,697295,6,0x0181c7a20dda87080b2f9570a78c5fa559e242cfcb19b42c3e939488203a8bcd,59,6,3,47,33,197442,10,4,2.0,1.0,1,2,0,-0.0898026510133875,0.7351913522735976,0.8144168025705674,-0.4917460207324566,0.8091821913974004,0.6955695580335648,-0.3003505739436904,-1.3109308026703814,3.322975956260397,0.9695896898516748,-0.1421225958636073,0.0294218562363581,-0.6946075268055998,-0.7466575919815716,-0.3812323060387317,0.6333213014669327,0.6491384696034366,0.2411545982591414,0.2329560491340302,-0.027277236279499,-0.1275153426126677,0.7789905269865298,1.4712248882067556,-0.0380157139182309,0.5623656480647381,4.672882216314152,-0.0,1.3136911320357376,0.3333333333333333,0.9705882352941176,10.53191489361702,0.002203167496442,0.096,11.8,0.0001677910098437,0.5,0.1191919191919192,9.833333333333334,0.1818181818181818,
0x0f7fd5b1486148aa881894a189136e29c3dada9eb9d0b98b1b82f0c0403d4f39,1,0xd8da6bf26964af9d7eed9e03e53415d37aa96045,0xf51bc4633f5924465c8c6317169faf3e4312e82f,2016-05-29 08:40:06+00:00,300000,20000000000,276938,155523,0.0,156,,112,437,497,0.8792756539235412,33,118,181,0.6519337016574586,23,244,1303083,7,0x0f7fd5b1486148aa881894a189136e29c3dada9eb9d0b98b1b82f0c0403d4f39,5,3,3,47,33,199384,42,4,2.0,1.0,1,2,0,-0.0898026510133875,0.7556360506126854,0.8313866475982922,-0.4917460207324566,0.8280249212641433,1.8059709911400563,0.4318870841637108,-1.25839269740145,-0.6385372377978299,-0.3061862178478974,-0.1421225958636073,0.0294218562363581,-0.6946075268055998,-0.701860756916057,1.9292665184384303,2.4086566634560915,2.3357633812153624,0.2411545982591414,0.2329560491340302,-0.027277236279499,-0.1275153426126677,0.7789905269865298,1.4712248882067556,-0.0380157139182309,0.2191694353546082,1.8535037936685983,-0.0,2.976812901004222,0.3333333333333333,0.9705882352941176,10.574468085106384,0.0021917395992677,0.0938775510204081,4.309523809523809,9.055440785091367e-05,0.0276243093922651,0.0100603621730382,1.6666666666666667,0.0909090909090909,
0xd19b5377d00c34c87e13ff13e22e4b4f43d81e911f419ff5970f9fe2ca5bc45d,1,0xd8da6bf26964af9d7eed9e03e53415d37aa96045,0xf51bc4633f5924465c8c6317169faf3e4312e82f,2016-05-29 08:41:18+00:00,300000,20000000000,314143,155523,0.0,157,,111,438,498,0.8795180722891566,33,119,182,0.6538461538461539,23,244,1303087,8,0xd19b5377d00c34c87e13ff13e22e4b4f43d81e911f419ff5970f9fe2ca5bc45d,6,3,3,47,33,199388,42,4,2.0,1.0,1,2,0,-0.0898026510133875,0.7658583997822294,0.8398715701121545,-0.4917460207324566,0.846867651130886,1.8235964107131752,0.4318870841637108,-1.205854592132518,-0.5651758823523071,-0.3061862178478974,-0.1421225958636073,0.0294218562363581,-0.6946075268055998,-0.7017684874308551,1.9292665184384303,2.4086566634560915,2.3357745179490816,0.2411545982591414,0.2329560491340302,-0.027277236279499,-0.1275153426126677,0.7789905269865298,1.4712248882067556,-0.0380157139182309,0.367534742852463,1.8535037936685983,-0.0,3.005990475898406,0.3333333333333333,0.9705882352941176,10.595744680851064,0.0021967109519582,0.0938775510204081,4.333333333333333,9.132153776260698e-05,0.0329670329670329,0.0120481927710843,2.0,0.0909090909090909,
0xb40b7eaf0a2a2369180ec76c9e7eb85132210bf2f11160bc15fdb7d7246ad4f2,1,0x26bf32bb4efc2c6c73c3819ad7adf18c494d9afe,0xf51bc4633f5924465c8c6317169faf3e4312e82f,2016-05-29 11:18:51+00:00,300000,20000000000,203109,155395,0.0,10,,109,439,499,0.8797595190380761,33,12,12,1.0,2,26,153504,9,0xb40b7eaf0a2a2369180ec76c9e7eb85132210bf2f11160bc15fdb7d7246ad4f2,6,2,3,47,33,200055,3,4,2.0,1.0,1,2,0,-0.0898026510133875,0.7760807489517733,0.848356492626017,-0.4917460207324566,-1.1693044446105878,-1.1727249167170402,-0.966021172223146,-1.1533164868635866,-0.5651758823523071,-0.7314448537477548,-0.1421225958636073,0.0294218562363581,-0.6946075268055998,-0.686382550773441,-0.886653923893111,-0.8165359108242137,-0.8648754219070598,0.2411545982591414,0.2329560491340302,-0.027277236279499,-0.1275153426126677,0.7789905269865298,1.4712248882067556,-0.0380157139182309,-0.0752442802013418,1.8510059536103285,-0.0,-1.283113033546633,0.3333333333333333,0.9705882352941176,10.617021276595745,0.0021943855720398,0.074074074074074,4.0,7.81733494022996e-05,0.5,0.0120240480961923,3.0,0.0606060606060606,
0xcaaae4084f55e4210f098eac42acfa93155ef034fa31e7896f041b70cbbb3432,1,0x59b03f715990e90bf7f1317d3dcf50de67fad351,0xf51bc4633f5924465c8c6317169faf3e4312e82f,2016-05-29 13:51:50+00:00,150000,20000000000,163940,33882,0.0,33,,108,440,500,0.88,33,43,44,0.9772727272727272,7,29,175200,10,0xcaaae4084f55e4210f098eac42acfa93155ef034fa31e7896f041b70cbbb3432,7,4,3,47,33,200686,5,4,2.0,1.0,1,2,0,-0.0898026510133875,0.7863030981213172,0.8568414151398793,-0.4917460207324566,-0.5851798187415627,-0.6087114903772348,-0.6331858730834182,-1.100778381594655,-0.4918145269067844,0.1190724180519599,-0.1421225958636073,0.0294218562363581,-0.6946075268055998,-0.6718270394828438,-0.7422477473632884,-0.7721525267744848,-0.8044697782126777,0.2411545982591414,0.2329560491340302,-0.027277236279499,-0.1275153426126677,0.7789905269865298,-0.6497811008620532,-0.0380157139182309,-0.2314415851169035,-0.5202443510812775,-0.0,-0.6120288109804023,0.3333333333333333,0.9705882352941176,10.638297872340424,0.0021924688694334,0.2333333333333333,8.8,0.0002454323890845,0.1590909090909091,0.014,1.75,0.1212121212121212,
0x3cc445f401bc46c6306be7f329b4066d6e4b4894d0653bdaa159cd74b46df380,1,0xefbadcad52f6baec237731123e638fd4e34f63c4,0xf51bc4633f5924465c8c6317169faf3e4312e82f,2016-05-30 04:52:58+00:00,300000,20000000000,96495,96495,0.0,132,,105,441,501,0.8802395209580839,34,127,146,0.8698630136986302,17,86,507590,11,0x3cc445f401bc46c6306be7f329b4066d6e4b4894d0653bdaa159cd74b46df380,60,9,13,47,34,204425,10,8,5.0,4.0,1,3,0,-0.0898026510133875,0.796525447290861,0.8653263376537417,-0.3403463838074391,0.997609490064828,1.1890813060808945,0.0324847251960374,-1.0482402763257237,3.39633731170592,2.2453655975512468,2.0785429645052576,0.0294218562363581,-0.5550159820295548,-0.585578138190383,-0.3812323060387317,0.0711317701703657,0.1209649520406253,2.096189969483306,1.7136089037994766,2.0185154846829296,-0.1275153426126677,1.6562321114308205,1.4712248882067556,-0.0380157139182309,-0.5003973212865802,0.7016092392971636,-0.0,2.276551103543808,0.0769230769230769,0.9714285714285714,10.659574468085106,0.0021572598397464,0.1954022988505747,14.6,0.0002502014417119,0.410958904109589,0.1197604790419161,6.666666666666667,0.2647058823529412,
0xb221cae36c442554988919a1c68d27739271efd4fd26f0c5edf099753197c584,1,0x59b03f715990e90bf7f1317d3dcf50de67fad351,0xf51bc4633f5924465c8c6317169faf3e4312e82f,2016-05-30 20:23:34+00:00,300000,20000000000,146523,125523,0.0,41,,99,442,502,0.8804780876494024,34,49,53,0.9245283018867924,8,30,182832,12,0xb221cae36c442554988919a1c68d27739271efd4fd26f0c5edf099753197c584,8,5,3,47,34,208318,5,4,2.0,1.0,1,2,0,-0.0898026510133875,0.806747796460405,0.8738112601676041,-0.3403463838074391,-0.4721234395411062,-0.4500827142191646,-0.5666188132554727,-0.9957021710567918,-0.4184531714612617,0.5443310539518174,-0.1421225958636073,0.0294218562363581,-0.5550159820295548,-0.4957768617176496,-0.7422477473632884,-0.7573580654245751,-0.7832208902759371,0.2411545982591414,0.2329560491340302,-0.027277236279499,-0.1275153426126677,0.7789905269865298,1.4712248882067556,-0.0380157139182309,-0.3008967271862527,1.268072530011638,-0.0,-0.3786082118269308,0.3333333333333333,0.9714285714285714,10.680851063829786,0.0021217459761231,0.2580645161290322,10.6,0.0002680041349209,0.1509433962264151,0.0159362549800796,1.6,0.1470588235294117,
0xffa3563605041cf2d50f28d1bfd27a4a9d9680f8e1cb96159adaead12d7a0421,1,0x59b03f715990e90bf7f1317d3dcf50de67fad351,0xf51bc4633f5924465c8c6317169faf3e4312e82f,2016-05-30 21:26:59+00:00,150000,20000000000,299001,41382,0.0,42,,98,443,503,0.8807157057654076,34,50,54,0.925925925925926,8,30,183082,13,0xffa3563605041cf2d50f28d1bfd27a4a9d9680f8e1cb96159adaead12d7a0421,9,5,3,47,34,208568,5,4,2.0,1.0,1,2,0,-0.0898026510133875,0.8169701456299489,0.8822961826814665,-0.3403463838074391,-0.4532807096743634,-0.4324572946460457,-0.5666188132554727,-0.9431640657878602,-0.3450918160157389,0.5443310539518174,-0.1421225958636073,0.0294218562363581,-0.5550159820295548,-0.4900100188925319,-0.7422477473632884,-0.7573580654245751,-0.7825248444184705,0.2411545982591414,0.2329560491340302,-0.027277236279499,-0.1275153426126677,0.7789905269865298,-0.6497811008620532,-0.0380157139182309,0.3071517973845819,-0.3738865351670375,-0.0,-0.3494306369327468,0.3333333333333333,0.9714285714285714,10.702127659574469,0.0021239973342155,0.2580645161290322,10.8,0.0002731001786075,0.1666666666666666,0.0178926441351888,1.8,0.1470588235294117,
0x05245177659fa017e72a67069e40ff5fbf1776ab1ecafe1ac4a9aff62997ace2,1,0x6a6af0730497634e8c6be9ee2b88eb0e696f1a55,0xf51bc4633f5924465c8c6317169faf3e4312e82f,2016-05-31 18:07:53+00:00,150000,20000000000,190694,41382,0.0,12,,96,445,505,0.8811881188118812,35,13,15,0.8666666666666667,2,26,156844,14,0x05245177659fa017e72a67069e40ff5fbf1776ab1ecafe1ac4a9aff62997ace2,8,2,3,47,35,213804,4,4,2.0,1.0,1,2,0,-0.0898026510133875,0.8374148439690366,0.8992660277091913,-0.1889467468824215,-1.150461714743845,-1.1198486579976834,-0.966021172223146,-0.8906259605189286,-0.4184531714612617,-0.7314448537477548,-0.1421225958636073,0.0294218562363581,-0.4154244372535098,-0.369229262763266,-0.8144508356281996,-0.8165359108242137,-0.8555762492513059,0.2411545982591414,0.2329560491340302,-0.027277236279499,-0.1275153426126677,0.7789905269865298,-0.6497811008620532,-0.0380157139182309,-0.124752553083639,-0.3738865351670375,-0.0,-1.2247578837582649,0.3333333333333333,0.9722222222222222,10.74468085106383,0.0020813357966371,0.074074074074074,3.75,8.288437629506838e-05,0.5333333333333333,0.0158415841584158,4.0,0.0571428571428571,
0xca9f1e2898201bd082cddfc6710869d51bd34969966b2af7981d946298214876,1,0x0009be88c3bf9e0fd0c43ad84ae994d8424fee03,0xf51bc4633f5924465c8c6317169faf3e4312e82f,2016-05-31 21:07:38+00:00,300000,20000000000,188651,125651,0.0,54,,92,446,506,0.8814229249011858,35,233,238,0.9789915966386554,68,69,417909,15,0xca9f1e2898201bd082cddfc6710869d51bd34969966b2af7981d946298214876,11,5,3,47,35,214476,13,4,2.0,1.0,1,2,0,-0.0898026510133875,0.8476371931385805,0.9077509502230536,-0.1889467468824215,2.994938855939559,2.8106199068078346,3.427404776421261,-0.838087855249997,-0.1983691051246935,0.5443310539518174,-0.1421225958636073,0.0294218562363581,-0.4154244372535098,-0.3537279892493495,-0.1646230412439977,-0.1803740727780984,-0.128723402133226,0.2411545982591414,0.2329560491340302,-0.027277236279499,-0.1275153426126677,0.7789905269865298,1.4712248882067556,-0.0380157139182309,-0.1328995850206936,1.2705703700699078,-0.0,0.0007002617974604,0.3333333333333333,0.9722222222222222,10.76595744680851,0.0020794770534835,0.9714285714285714,18.307692307692307,0.000557536311646,0.0462184873949579,0.0217391304347826,2.2,0.1428571428571428,
0xfa2b3eb0ee15bbc8e1cf5450f97868b4c8d0d91c593f3c19c66e746438cb9c53,1,0x0009be88c3bf9e0fd0c43ad84ae994d8424fee03,0xf51bc4633f5924465c8c6317169faf3e4312e82f,2016-05-31 21:10:17+00:00,150000,20000000000,181743,41382,0.0,55,,91,447,507,0.8816568047337278,35,234,239,0.9790794979079498,68,69,417915,16,0xfa2b3eb0ee15bbc8e1cf5450f97868b4c8d0d91c593f3c19c66e746438cb9c53,12,5,3,47,35,214482,13,4,2.0,1.0,1,2,0,-0.0898026510133875,0.8578595423081244,0.916235872736916,-0.1889467468824215,3.013781585806302,2.8282453263809533,3.427404776421261,-0.7855497499810654,-0.1250077496791707,0.5443310539518174,-0.1421225958636073,0.0294218562363581,-0.4154244372535098,-0.3535895850215467,-0.1646230412439977,-0.1803740727780984,-0.1287066970326469,0.2411545982591414,0.2329560491340302,-0.027277236279499,-0.1275153426126677,0.7789905269865298,-0.6497811008620532,-0.0380157139182309,-0.1604471604593492,-0.3738865351670375,-0.0,0.0298778366916443,0.3333333333333333,0.9722222222222222,10.787234042553193,0.0020840812558571,0.9714285714285714,18.384615384615383,0.0005599211324763,0.0502092050209205,0.0236686390532544,2.4,0.1428571428571428,
0x92cde4c000b9dda2be5ca9d05f8d13ccb1d95eab9f6c81557fc1c4e8295c1ec5,1,0x0009be88c3bf9e0fd0c43ad84ae994d8424fee03,0xf51bc4633f5924465c8c6317169faf3e4312e82f,2016-05-31 21:20:14+00:00,300000,20000000000,445419,155523,0.0,57,,89,448,508,0.8818897637795275,35,236,241,0.979253112033195,68,69,417952,17,0x92cde4c000b9dda2be5ca9d05f8d13ccb1d95eab9f6c81557fc1c4e8295c1ec5,13,5,3,47,35,214519,13,4,2.0,1.0,1,2,0,-0.0898026510133875,0.8680818914776683,0.9247207952507784,-0.1889467468824215,3.051467045539787,2.863496165527191,3.427404776421261,-0.7330116447121338,-0.051646394233648,0.5443310539518174,-0.1421225958636073,0.0294218562363581,-0.4154244372535098,-0.3527360922834293,-0.1646230412439977,-0.1803740727780984,-0.1286036822457418,0.2411545982591414,0.2329560491340302,-0.027277236279499,-0.1275153426126677,0.7789905269865298,1.4712248882067556,-0.0380157139182309,0.8910343828763412,1.8535037936685983,-0.0,0.0882329864800122,0.3333333333333333,0.9722222222222222,10.808510638297872,0.0020883833675181,0.9714285714285714,18.53846153846154,0.0005646567915531,0.0539419087136929,0.0255905511811023,2.6,0.1428571428571428,
0x44f78b45f24b0278b5889c4e4cd842883841f33a18f1fe8e2613d2f5909938d7,1,0x9f73bc871764c879fd9e0f524278373fa7875068,0xf51bc4633f5924465c8c6317169faf3e4312e82f,2016-06-01 02:31:45+00:00,150000,20000000000,75882,33882,0.0,102,,88,449,509,0.8821218074656189,36,120,121,0.9917355371900828,13,127,715634,18,0x44f78b45f24b0278b5889c4e4cd842883841f33a18f1fe8e2613d2f5909938d7,60,7,3,47,36,215781,10,4,2.0,1.0,1,2,0,-0.0898026510133875,0.8783042406472122,0.9332057177646408,-0.0375471099574039,0.8657103809976288,0.7484458167529215,-0.2337835141157448,-0.6804735394432022,3.39633731170592,1.394848325751532,-0.1421225958636073,0.0294218562363581,-0.2758328924774648,-0.323625069702235,-0.3812323060387317,0.6777046855166616,0.7001976095237571,0.2411545982591414,0.2329560491340302,-0.027277236279499,-0.1275153426126677,0.7789905269865298,-0.6497811008620532,-0.0380157139182309,-0.5825974041639698,-0.5202443510812775,-0.0,1.4012238567182895,0.3333333333333333,0.972972972972973,10.829787234042554,0.0020808037741794,0.1015625,12.1,0.0001676832463476,0.4958677685950413,0.1178781925343811,8.571428571428571,0.1944444444444444,
0xd2c1ead24f34d0282ebcd7817e239a9c2e15334f8dda3b39ef984c0a41fddf43,1,0x5586b392b5127598e9b3a4635131bc7bbda20c2b,0xf51bc4633f5924465c8c6317169faf3e4312e82f,2016-06-01 17:53:53+00:00,300000,20000000000,220423,53137,0.0,50,,84,450,510,0.8823529411764706,36,49,52,0.9423076923076924,10,18,112458,19,0xd2c1ead24f34d0282ebcd7817e239a9c2e15334f8dda3b39ef984c0a41fddf43,24,8,17,47,36,219670,5,9,8.0,4.0,1,3,0,-0.0898026510133875,0.8885265898167561,0.9416906402785032,-0.0375471099574039,-0.4721234395411062,-0.4677081337922835,-0.4334846935995816,-0.6279354341742706,0.7553285156671019,1.8201069616513892,2.966809188652803,0.0294218562363581,-0.2758328924774648,-0.2339160627147035,-0.7422477473632884,-0.9348916016234908,-0.9791550149693572,2.559948812289347,3.194261758464923,2.0185154846829296,-0.1275153426126677,1.6562321114308205,1.4712248882067556,-0.0380157139182309,-0.0061998793407623,-0.1444950516907854,-0.0,-0.1160100377792753,0.0588235294117647,0.972972972972973,10.851063829787234,0.0020485180110255,0.5263157894736842,10.4,0.0004357143492294,0.4615384615384615,0.0470588235294117,3.0,0.2222222222222222,
0x80060e8e83c1d759fd511f48f881987f681deced67b283cd88ac76cefef90300,1,0xd25658414d41ab0da3f7e28f592863c5b4218101,0xf51bc4633f5924465c8c6317169faf3e4312e82f,2016-06-03 10:30:58+00:00,300000,20000000000,245395,140395,0.0,84,,80,452,512,0.8828125,37,91,91,1.0,23,61,365720,20,0x80060e8e83c1d759fd511f48f881987f681deced67b283cd88ac76cefef90300,16,7,3,47,38,229896,20,4,2.0,1.0,1,2,0,-0.0898026510133875,0.908971288155844,0.958660485306228,0.1138525269676135,0.3192712148620891,0.2196832295593541,0.4318870841637108,-0.575397328905339,0.1684376721029201,1.394848325751532,-0.1421225958636073,0.0294218562363581,0.0033501970746252,0.0019708762039122,0.3407985766103815,-0.2987297635773757,-0.2740271511545252,0.2411545982591414,0.2329560491340302,-0.027277236279499,-0.1275153426126677,0.7789905269865298,1.4712248882067556,-0.0380157139182309,0.0933829310029126,1.5582903217818485,-0.0,0.8760275086229786,0.3333333333333333,0.9487179487179488,10.893617021276595,0.0019660978612161,0.3709677419354839,4.55,0.000248823556755,0.1758241758241758,0.03125,2.2857142857142856,0.1891891891891892,
0x661876f7618895b1c084016511126c7b6c2b78239ec67514464fe9babe729726,1,0xf764bd7cd53cf07ec70b9c6df16e6c9239b03be9,0xf51bc4633f5924465c8c6317169faf3e4312e82f,2016-06-03 21:31:38+00:00,300000,20000000000,146651,125651,0.0,7,,77,453,513,0.8830409356725146,37,11,11,1.0,3,33,201032,21,0x661876f7618895b1c084016511126c7b6c2b78239ec67514464fe9babe729726,1,1,3,48,38,232618,5,4,2.0,1.0,1,2,0,-0.0898026510133875,0.9191936373253878,0.9671454078200904,0.1138525269676135,-1.1881471744773304,-1.190350336290159,-0.8994541123952006,-0.5228592236364074,-0.9319826595799208,-1.1567034896476125,-0.1421225958636073,0.1656341536269046,0.0033501970746252,0.0647602608837941,-0.7422477473632884,-0.7129746813748461,-0.7325487518523681,0.2411545982591414,0.2329560491340302,-0.027277236279499,-0.1275153426126677,0.7789905269865298,1.4712248882067556,-0.0380157139182309,-0.300386291509335,1.2705703700699078,-0.0,-1.3706457582291849,0.3333333333333333,0.9487179487179488,10.6875,0.0019473903679407,0.088235294117647,2.2,5.471738470798327e-05,0.0909090909090909,0.0019493177387914,1.0,0.027027027027027,
0xceff1693f55bed589b1fcd6442d38846c4cbea9735753c575b9f48f02af2d378,1,0xd25658414d41ab0da3f7e28f592863c5b4218101,0xf51bc4633f5924465c8c6317169faf3e4312e82f,2016-06-04 10:18:45+00:00,150000,20000000000,307042,33882,0.0,88,,76,454,514,0.8832684824902723,38,95,95,1.0,24,62,371676,22,0xceff1693f55bed589b1fcd6442d38846c4cbea9735753c575b9f48f02af2d378,17,8,3,48,39,235852,22,4,2.0,1.0,1,2,0,-0.0898026510133875,0.9294159864949316,0.9756303303339529,0.2652521638926311,0.3946421343290601,0.2901849078518297,0.4984541439916564,-0.4703211183674757,0.2417990275484428,1.8201069616513892,-0.1421225958636073,0.1656341536269046,0.1429417418506702,0.1393601396695171,0.4852047531402041,-0.283935302227466,-0.2574445546462408,0.2411545982591414,0.2329560491340302,-0.027277236279499,-0.1275153426126677,0.7789905269865298,-0.6497811008620532,-0.0380157139182309,0.3392175261197049,-0.5202443510812775,-0.0,0.9927378081997144,0.3333333333333333,0.95,10.708333333333334,0.0019249278152069,0.3809523809523809,4.318181818181818,0.0002555982748461,0.1789473684210526,0.0330739299610894,2.125,0.2105263157894736,
0x92e61b403f200b285af8b83b760b1da9866fef932c2d283e70c1cd2ea0d17fd9,1,0xf764bd7cd53cf07ec70b9c6df16e6c9239b03be9,0xf51bc4633f5924465c8c6317169faf3e4312e82f,2016-06-04 12:05:46+00:00,150000,20000000000,62382,41382,0.0,8,,74,455,515,0.883495145631068,38,12,12,1.0,4,34,204729,23,0x92e61b403f200b285af8b83b760b1da9866fef932c2d283e70c1cd2ea0d17fd9,2,2,3,48,39,236315,5,4,2.0,1.0,1,2,0,-0.0898026510133875,0.9396383356644756,0.9841152528478152,0.2652521638926311,-1.1693044446105878,-1.1727249167170402,-0.8328870525672549,-0.4177830130985441,-0.8586213041343981,-0.7314448537477548,-0.1421225958636073,0.1656341536269046,0.1429417418506702,0.1500403325816352,-0.7422477473632884,-0.6981802200249364,-0.7222556257121518,0.2411545982591414,0.2329560491340302,-0.027277236279499,-0.1275153426126677,0.7789905269865298,-0.6497811008620532,-0.0380157139182309,-0.6364324169638902,-0.3738865351670375,-0.0,-1.3414681833350008,0.3333333333333333,0.95,10.729166666666666,0.0019253880397433,0.1142857142857142,2.4,5.861378400820593e-05,0.1666666666666666,0.003883495145631,1.0,0.0526315789473684,
0x95e11f03460fa36652763dfdef5ed55d9ccced53809c6fc93648f3c24a442dd8,1,0xf764bd7cd53cf07ec70b9c6df16e6c9239b03be9,0xf51bc4633f5924465c8c6317169faf3e4312e82f,2016-06-04 12:17:46+00:00,300000,20000000000,209523,125523,0.0,12,,70,456,516,0.8837209302325582,38,16,16,1.0,4,34,204788,24,0x95e11f03460fa36652763dfdef5ed55d9ccced53809c6fc93648f3c24a442dd8,3,2,3,48,39,236374,5,4,2.0,1.0,1,2,0,-0.0898026510133875,0.9498606848340196,0.9926001753616776,0.2652521638926311,-1.0939335251436169,-1.1022232384245645,-0.8328870525672549,-0.3652449078296125,-0.7852599486888753,-0.7314448537477548,-0.1421225958636073,0.1656341536269046,0.1429417418506702,0.151401307488363,-0.7422477473632884,-0.6981802200249364,-0.7220913588897897,0.2411545982591414,0.2329560491340302,-0.027277236279499,-0.1275153426126677,0.7789905269865298,1.4712248882067556,-0.0380157139182309,-0.0496666674532907,1.268072530011638,-0.0,-1.2247578837582649,0.3333333333333333,0.95,10.75,0.0019291380222104,0.1142857142857142,3.2,7.812919639238435e-05,0.1875,0.005813953488372,1.5,0.0526315789473684,
0xca189eb534c6bb7bdb15c3fff110560b1a713019139cbfba1a2efc69d04547ab,1,0xf764bd7cd53cf07ec70b9c6df16e6c9239b03be9,0xf51bc4633f5924465c8c6317169faf3e4312e82f,2016-06-04 18:15:45+00:00,150000,20000000000,41382,41382,0.0,13,,69,457,517,0.8839458413926499,38,18,18,1.0,4,34,206301,25,0xca189eb534c6bb7bdb15c3fff110560b1a713019139cbfba1a2efc69d04547ab,4,2,3,48,39,237887,5,4,2.0,1.0,1,2,0,-0.0898026510133875,0.9600830340035634,1.00108509787554,0.2652521638926311,-1.0562480654101312,-1.0669723992783269,-0.8328870525672549,-0.3127068025606809,-0.7118985932433526,-0.7314448537477548,-0.1421225958636073,0.1656341536269046,0.1429417418506702,0.1863022402659755,-0.7422477473632884,-0.6981802200249364,-0.7178788893604019,0.2411545982591414,0.2329560491340302,-0.027277236279499,-0.1275153426126677,0.7789905269865298,-0.6497811008620532,-0.0380157139182309,-0.7201757702082109,-0.3738865351670375,-0.0,-1.195580308864081,0.3333333333333333,0.95,10.770833333333334,0.0019210721011568,0.1142857142857142,3.6,8.725072951304399e-05,0.2222222222222222,0.0077369439071566,2.0,0.0526315789473684,
0xcf236f83f04df8d3f717c5b1758b5c7a5bfae227270f8512e39269af8c9c8ab4,1,0x90f011a326b6ecb37284eb5e2113d71228d0187f,0xf51bc4633f5924465c8c6317169faf3e4312e82f,2016-06-04 18:18:34+00:00,300000,20000000000,53169,53169,0.0,47,,68,458,518,0.8841698841698842,38,43,53,0.8113207547169812,9,28,168631,26,0xcf236f83f04df8d3f717c5b1758b5c7a5bfae227270f8512e39269af8c9c8ab4,16,3,17,48,39,237901,8,9,8.0,4.0,1,3,0,-0.0898026510133875,0.9703053831731072,1.0095700203894022,0.2652521638926311,-0.5851798187415627,-0.4500827142191646,-0.5000517534275272,-0.2601686972917493,0.1684376721029201,-0.3061862178478974,2.966809188652803,0.1656341536269046,0.1429417418506702,0.1866251834641821,-0.5256384825685544,-0.7869469881243943,-0.8227590791634704,2.559948812289347,3.194261758464923,2.0185154846829296,-0.1275153426126677,1.6562321114308205,1.4712248882067556,-0.0380157139182309,-0.6731718223657915,-0.1438705916762179,-0.0,-0.2035427624618271,0.0588235294117647,0.95,10.791666666666666,0.001925162461854,0.3103448275862069,6.625,0.0002549931211158,0.3018867924528302,0.0308880308880308,5.333333333333333,0.0789473684210526,
0x306f7b268893f248f256b8b067322d1fae653a17de1e4768a7a08afa8264dddc,1,0xf5c7bcb44ebafc72d46dbc70b717272e19024da4,0xf51bc4633f5924465c8c6317169faf3e4312e82f,2016-06-04 19:49:49+00:00,300000,20000000000,370275,60669,0.0,42,,66,461,521,0.8848368522072937,38,57,57,1.0,25,150,837892,27,0x306f7b268893f248f256b8b067322d1fae653a17de1e4768a7a08afa8264dddc,6,3,17,48,39,238254,26,9,8.0,4.0,1,3,0,-0.0898026510133875,1.0009724306817391,1.0350247879309895,0.2652521638926311,-0.3213816006071642,-0.3795810359266889,0.565021203819602,-0.2076305920228177,-0.5651758823523071,-0.3061862178478974,2.966809188652803,0.1656341536269046,0.1429417418506702,0.1947679655332484,0.7740171061998494,1.017977296564584,1.0405863072923671,2.559948812289347,3.194261758464923,2.0185154846829296,-0.1275153426126677,1.6562321114308205,1.4712248882067556,-0.0380157139182309,0.5913767382958063,0.002487224238022,-0.0,-0.3494306369327468,0.0588235294117647,0.95,10.854166666666666,0.001934901680972,0.1655629139072847,2.1923076923076925,6.802777920331116e-05,0.1052631578947368,0.0115163147792706,2.0,0.0789473684210526,
0xdf0200f1575f3b092eef044f418978948604c12eb08ab9b5598a892a8186a3f9,1,0xf9dff387dcb5cc4cca5b91adb07a95f54e9f1bb6,0xf51bc4633f5924465c8c6317169faf3e4312e82f,2016-06-05 03:15:56+00:00,300000,20000000000,161651,140651,0.0,48,,61,462,522,0.8850574712643678,39,44,53,0.8301886792452831,7,38,225563,28,0xdf0200f1575f3b092eef044f418978948604c12eb08ab9b5598a892a8186a3f9,30,5,3,48,40,240150,5,4,2.0,1.0,1,2,0,-0.0898026510133875,1.011194779851283,1.043509710444852,0.4166518008176487,-0.5663370888748199,-0.4500827142191646,-0.6331858730834182,-0.1550924867538861,1.1954966483402385,0.5443310539518174,-0.1421225958636073,0.1656341536269046,0.2825332866267152,0.2385037015189413,-0.7422477473632884,-0.6390023746252979,-0.6642499481343147,0.2411545982591414,0.2329560491340302,-0.027277236279499,-0.1275153426126677,0.7789905269865298,1.4712248882067556,-0.0380157139182309,-0.2405696106205345,1.5632860018983878,-0.0,-0.1743651875676432,0.3333333333333333,0.951219512195122,10.875,0.0019237896157001,0.1794871794871795,10.6,0.00019506658864,0.5660377358490566,0.057471264367816,6.0,0.1282051282051282,
0xd223791e27b968476f976fd522413f205d729d69136986d3a9379ec1d9d7dc51,1,0xd25658414d41ab0da3f7e28f592863c5b4218101,0xf51bc4633f5924465c8c6317169faf3e4312e82f,2016-06-05 11:47:25+00:00,300000,20000000000,81495,81495,0.0,93,,58,463,523,0.8852772466539197,39,100,100,1.0,25,63,378104,29,0xd223791e27b968476f976fd522413f205d729d69136986d3a9379ec1d9d7dc51,18,9,13,48,40,242280,22,8,5.0,4.0,1,3,0,-0.0898026510133875,1.021417129020827,1.0519946329587142,0.4166518008176487,0.4888557836627738,0.3783120057174243,0.565021203819602,-0.1025543814849545,0.3151603829939656,2.2453655975512468,2.0785429645052576,0.1656341536269046,0.2825332866267152,0.2876372023889444,0.4852047531402041,-0.2691408408775564,-0.2395478235590593,2.096189969483306,1.7136089037994766,2.0185154846829296,-0.1275153426126677,1.6562321114308205,1.4712248882067556,-0.0380157139182309,-0.5602140021753806,0.4088936074686836,-0.0,1.138625682670634,0.0769230769230769,0.951219512195122,10.895833333333334,0.0019110041645857,0.390625,4.545454545454546,0.0002644767987728,0.18,0.034416826003824,2.0,0.2307692307692307,
0x94d37a775f80868440ef3cba1274e96745fe5384b9e483bab02b835597d3e724,1,0x26bdce6e4ea9afd060049993ed11f153eb1e322f,0xf51bc4633f5924465c8c6317169faf3e4312e82f,2016-06-05 12:57:50+00:00,300000,20000000000,134767,50767,0.0,39,,55,464,524,0.8854961832061069,39,46,46,1.0,10,36,216818,30,0x94d37a775f80868440ef3cba1274e96745fe5384b9e483bab02b835597d3e724,9,5,13,48,40,242575,6,8,5.0,4.0,1,3,0,-0.0898026510133875,1.0316394781903708,1.0604795554725766,0.4166518008176487,-0.5286516291413345,-0.573460651230997,-0.4334846935995816,-0.0500162762160229,-0.3450918160157389,0.5443310539518174,2.0785429645052576,0.1656341536269046,0.2825332866267152,0.2944420769225833,-0.6700446590983771,-0.6685912973251171,-0.6885976322284966,2.096189969483306,1.7136089037994766,2.0185154846829296,-0.1275153426126677,1.6562321114308205,1.4712248882067556,-0.0380157139182309,-0.3477770538881687,-0.1907441215196852,-0.0,-0.4369633616152986,0.0769230769230769,0.951219512195122,10.916666666666666,0.0019128025855814,0.2702702702702703,7.666666666666667,0.0002121585285422,0.1956521739130435,0.0171755725190839,1.8,0.1282051282051282,
0x9754dcf42d11f523444e99a01f5056eb13a4f335ce88875ef02371df433d248e,1,0x417ab2c56f9509c2cc07a1ada72fbb382f662280,0xf51bc4633f5924465c8c6317169faf3e4312e82f,2016-06-06 01:59:07+00:00,300000,20000000000,176523,155523,0.0,46,,51,466,526,0.8859315589353612,40,83,85,0.976470588235294,24,99,580229,31,0x9754dcf42d11f523444e99a01f5056eb13a4f335ce88875ef02371df433d248e,1,1,3,49,41,245737,39,4,2.0,1.0,1,2,0,-0.0898026510133875,1.0520841765294586,1.0774494005003017,0.5680514377426662,0.1685293759281471,0.1139307121206406,0.4984541439916564,0.0025218290529086,-0.9319826595799208,-1.1567034896476125,-0.1421225958636073,0.3018464510174511,0.4221248314027602,0.3673811049746724,1.7126572536436966,0.2634597677191913,0.323205252202693,0.2411545982591414,0.2329560491340302,-0.027277236279499,-0.1275153426126677,0.7789905269865298,1.4712248882067556,-0.0380157139182309,-0.1812633654086518,1.8535037936685983,-0.0,-0.232720337356011,0.3333333333333333,0.9523809523809524,10.73469387755102,0.0018963286101457,0.24,2.1794871794871797,0.0001430467228512,0.0117647058823529,0.0019011406844106,1.0,0.025,
0x6037d60f3eb6d47fae44c4a4efa1e7554b8f2c8e446f89c8bfe1c8681ef8e483,1,0x417ab2c56f9509c2cc07a1ada72fbb382f662280,0xf51bc4633f5924465c8c6317169faf3e4312e82f,2016-06-06 02:00:06+00:00,300000,20000000000,222003,155395,0.0,47,,50,467,527,0.8861480075901328,40,84,86,0.9767441860465116,24,99,580236,32,0x6037d60f3eb6d47fae44c4a4efa1e7554b8f2c8e446f89c8bfe1c8681ef8e483,2,1,3,49,41,245744,39,4,2.0,1.0,1,2,0,-0.0898026510133875,1.0623065256990023,1.0859343230141638,0.5680514377426662,0.1873721057948899,0.1315561316937595,0.4984541439916564,0.0550599343218402,-0.8586213041343981,-1.1567034896476125,-0.1421225958636073,0.3018464510174511,0.4221248314027602,0.3675425765737757,1.7126572536436966,0.2634597677191913,0.323224741486702,0.2411545982591414,0.2329560491340302,-0.027277236279499,-0.1275153426126677,0.7789905269865298,1.4712248882067556,-0.0380157139182309,0.0001008110461912,1.8510059536103285,-0.0,-0.2035427624618271,0.3333333333333333,0.9523809523809524,10.755102040816327,0.0019003438523672,0.24,2.2051282051282053,0.0001447684308308,0.0232558139534883,0.0037950664136622,2.0,0.025,
0x8cd53d90018f1f11936b6eb2d70a50ad6a1d8d0966002d3f062cc90394b3cb98,1,0x417ab2c56f9509c2cc07a1ada72fbb382f662280,0xf51bc4633f5924465c8c6317169faf3e4312e82f,2016-06-06 02:02:14+00:00,300000,23543062534,155395,155395,0.0,48,,49,468,528,0.8863636363636364,40,85,87,0.9770114942528736,24,99,580244,33,0x8cd53d90018f1f11936b6eb2d70a50ad6a1d8d0966002d3f062cc90394b3cb98,3,1,3,49,41,245752,39,4,2.0,1.0,1,2,0,-0.0898026510133875,1.0725288748685464,1.0944192455280262,0.5680514377426662,0.2062148356616326,0.1491815512668784,0.4984541439916564,0.1075980395907718,-0.7852599486888753,-1.1567034896476125,-0.1421225958636073,0.3018464510174511,0.4221248314027602,0.3677271155441795,1.7126572536436966,0.2634597677191913,0.323247014954141,0.2411545982591414,0.2329560491340302,-0.027277236279499,-0.1275153426126677,0.7789905269865298,1.4712248882067556,6.117674224687459,-0.2655171543298902,1.8510059536103285,-0.0,-0.1743651875676432,0.3333333333333333,0.9523809523809524,10.775510204081632,0.0019043511167717,0.24,2.230769230769231,0.0001464898448069,0.0344827586206896,0.0056818181818181,3.0,0.025,
0x646c730067edbd9fba24a5cac484ec0b327ab46b9d900a78ce56409361c6c363,1,0x417ab2c56f9509c2cc07a1ada72fbb382f662280,0xf51bc4633f5924465c8c6317169faf3e4312e82f,2016-06-06 02:03:08+00:00,300000,22843343299,155395,155395,0.0,49,,48,469,529,0.8865784499054821,40,86,88,0.9772727272727272,24,99,580247,34,0x646c730067edbd9fba24a5cac484ec0b327ab46b9d900a78ce56409361c6c363,4,1,3,49,41,245755,39,4,2.0,1.0,1,2,0,-0.0898026510133875,1.0827512240380903,1.1029041680418885,0.5680514377426662,0.2250575655283754,0.1668069708399973,0.4984541439916564,0.1601361448597034,-0.7118985932433526,-1.1567034896476125,-0.1421225958636073,0.3018464510174511,0.4221248314027602,0.3677963176580809,1.7126572536436966,0.2634597677191913,0.3232553675044306,0.2411545982591414,0.2329560491340302,-0.027277236279499,-0.1275153426126677,0.7789905269865298,1.4712248882067556,4.901987339851243,-0.2655171543298902,1.8510059536103285,-0.0,-0.1451876126734592,0.3333333333333333,0.9523809523809524,10.79591836734694,0.0019083969465648,0.24,2.2564102564102564,0.0001482124884532,0.0454545454545454,0.0075614366729678,4.0,0.025,
0x6adee21c7b2d34725f0b45f8384bcf2ce1a7fd796e03f86350e7634a16f3c0e2,1,0x417ab2c56f9509c2cc07a1ada72fbb382f662280,0xf51bc4633f5924465c8c6317169faf3e4312e82f,2016-06-06 02:09:32+00:00,150000,20000000000,228853,33882,0.0,52,,45,470,530,0.8867924528301887,40,89,91,0.978021978021978,24,99,580268,35,0x6adee21c7b2d34725f0b45f8384bcf2ce1a7fd796e03f86350e7634a16f3c0e2,5,1,3,49,41,245776,39,4,2.0,1.0,1,2,0,-0.0898026510133875,1.0929735732076342,1.111389090555751,0.5680514377426662,0.2815857551286036,0.2196832295593541,0.4984541439916564,0.212674250128635,-0.6385372377978299,-1.1567034896476125,-0.1421225958636073,0.3018464510174511,0.4221248314027602,0.3682807324553908,1.7126572536436966,0.2634597677191913,0.3233138353564578,0.2411545982591414,0.2329560491340302,-0.027277236279499,-0.1275153426126677,0.7789905269865298,-0.6497811008620532,-0.0380157139182309,0.0274170953187434,-0.5202443510812775,-0.0,-0.0576548879909074,0.3333333333333333,0.9523809523809524,10.816326530612244,0.0019123026157858,0.24,2.333333333333333,0.000153377140602,0.0549450549450549,0.0094339622641509,5.0,0.025,
0x662c8197cbe754649715d78114bec2a05cb24aaf95dd28f85f4b2eb09e7c2b7c,1,0x417ab2c56f9509c2cc07a1ada72fbb382f662280,0xf51bc4633f5924465c8c6317169faf3e4312e82f,2016-06-06 02:11:02+00:00,300000,20000000000,260395,155395,0.0,54,,43,471,531,0.8870056497175142,40,91,93,0.978494623655914,24,99,580272,36,0x662c8197cbe754649715d78114bec2a05cb24aaf95dd28f85f4b2eb09e7c2b7c,6,1,3,49,41,245780,39,4,2.0,1.0,1,2,0,-0.0898026510133875,1.103195922377178,1.1198740130696134,0.5680514377426662,0.3192712148620891,0.2549340687055919,0.4984541439916564,0.2652123553975666,-0.5651758823523071,-1.1567034896476125,-0.1421225958636073,0.3018464510174511,0.4221248314027602,0.3683730019405927,1.7126572536436966,0.2634597677191913,0.3233249720901772,0.2411545982591414,0.2329560491340302,-0.027277236279499,-0.1275153426126677,0.7789905269865298,1.4712248882067556,-0.0380157139182309,0.1531996118917131,1.8510059536103285,-0.0,0.0007002617974604,0.3333333333333333,0.9523809523809524,10.83673469387755,0.0019163401564807,0.24,2.3846153846153846,0.0001568227368841,0.064516129032258,0.0112994350282485,6.0,0.025,
0xe112a6ba950a3bafbe405943f593f57e5e6aa84bb8cbf5241deb67b989b849a6,1,0x417ab2c56f9509c2cc07a1ada72fbb382f662280,0xf51bc4633f5924465c8c6317169faf3e4312e82f,2016-06-06 02:12:26+00:00,300000,20000000000,327495,96495,0.0,55,,42,472,532,0.8872180451127819,40,92,94,0.9787234042553192,24,99,580276,37,0xe112a6ba950a3bafbe405943f593f57e5e6aa84bb8cbf5241deb67b989b849a6,7,1,13,49,41,245784,39,8,5.0,4.0,1,3,0,-0.0898026510133875,1.113418271546722,1.1283589355834758,0.5680514377426662,0.3381139447288319,0.2725594882787108,0.4984541439916564,0.3177504606664982,-0.4918145269067844,-1.1567034896476125,2.0785429645052576,0.3018464510174511,0.4221248314027602,0.3684652714257945,1.7126572536436966,0.2634597677191913,0.3233361088238967,2.096189969483306,1.7136089037994766,2.0185154846829296,-0.1275153426126677,1.6562321114308205,1.4712248882067556,-0.0380157139182309,0.4207795644009473,0.7016092392971636,-0.0,0.0298778366916443,0.0769230769230769,0.9523809523809524,10.857142857142858,0.0019203775657586,0.24,2.41025641025641,0.0001585449707639,0.0744680851063829,0.0131578947368421,7.0,0.025,
0xc34adaa5bff4d4c48ca1a5e7ddcc989753a58813e7df60f5bd1f300750db4efd,1,0x417ab2c56f9509c2cc07a1ada72fbb382f662280,0xf51bc4633f5924465c8c6317169faf3e4312e82f,2016-06-07 02:05:27+00:00,150000,20774779317,67764,33882,0.0,57,,40,474,535,0.8859813084112149,41,93,96,0.96875,25,100,586395,38,0xc34adaa5bff4d4c48ca1a5e7ddcc989753a58813e7df60f5bd1f300750db4efd,9,2,3,49,42,251903,39,4,2.0,1.0,1,2,0,-0.0898026510133875,1.1338629698858098,1.153813703125063,0.7194510746676838,0.3569566745955746,0.3078103274249487,0.565021203819602,0.3702885659354298,-0.3450918160157389,-0.7314448537477548,-0.1421225958636073,0.3018464510174511,0.5617163761788052,0.5096145164133762,1.7126572536436966,0.2782542290691009,0.3403725272312494,0.2411545982591414,0.2329560491340302,-0.027277236279499,-0.1275153426126677,0.7789905269865298,-0.6497811008620532,1.3080799873372322,-0.6149701918609887,-0.5202443510812775,-0.0,0.0882329864800122,0.3333333333333333,0.9534883720930232,10.918367346938776,0.001881669207317,0.2475247524752475,2.4615384615384617,0.0001585958976527,0.09375,0.016822429906542,4.5,0.048780487804878,
0xe65f2459ae60d5cd3dd865153b1cea6ad4f59d7d4a3e77de4c252d9af87f2a7c,1,0x417ab2c56f9509c2cc07a1ada72fbb382f662280,0xf51bc4633f5924465c8c6317169faf3e4312e82f,2016-06-07 02:05:27+00:00,150000,21002233507,33882,33882,0.0,56,,41,474,535,0.8859813084112149,41,93,96,0.96875,25,100,586395,39,0xe65f2459ae60d5cd3dd865153b1cea6ad4f59d7d4a3e77de4c252d9af87f2a7c,9,2,3,49,42,251903,39,4,2.0,1.0,1,2,0,-0.0898026510133875,1.1338629698858098,1.153813703125063,0.7194510746676838,0.3569566745955746,0.3078103274249487,0.565021203819602,0.4228266712043614,-0.3450918160157389,-0.7314448537477548,-0.1421225958636073,0.3018464510174511,0.5617163761788052,0.5096145164133762,1.7126572536436966,0.2782542290691009,0.3403725272312494,0.2411545982591414,0.2329560491340302,-0.027277236279499,-0.1275153426126677,0.7789905269865298,-0.6497811008620532,1.7032571696309915,-0.7500841106526112,-0.5202443510812775,-0.0,0.0590554115858283,0.3333333333333333,0.9534883720930232,10.918367346938776,0.001881669207317,0.2475247524752475,2.4615384615384617,0.0001585958976527,0.09375,0.016822429906542,4.5,0.048780487804878,
0x8f1e20dfe61ad16e061961a564790fb29601cd575a9385f4dd0bbc8849efaa95,1,0x417ab2c56f9509c2cc07a1ada72fbb382f662280,0xf51bc4633f5924465c8c6317169faf3e4312e82f,2016-06-07 02:06:01+00:00,150000,20580119634,75882,33882,0.0,58,,39,475,537,0.8845437616387337,41,94,98,0.9591836734693876,25,100,586396,40,0x8f1e20dfe61ad16e061961a564790fb29601cd575a9385f4dd0bbc8849efaa95,11,2,3,49,42,251904,39,4,2.0,1.0,1,2,0,-0.0898026510133875,1.1440853190553535,1.1707835481527875,0.7194510746676838,0.3757994044623173,0.3430611665711865,0.565021203819602,0.475364776473293,-0.1983691051246935,-0.7314448537477548,-0.1421225958636073,0.3018464510174511,0.5617163761788052,0.5096375837846767,1.7126572536436966,0.2782542290691009,0.3403753114146793,0.2411545982591414,0.2329560491340302,-0.027277236279499,-0.1275153426126677,0.7789905269865298,-0.6497811008620532,0.9698797324457468,-0.5825974041639698,-0.5202443510812775,-0.0,0.1174105613741962,0.3333333333333333,0.9534883720930232,10.959183673469388,0.0018856314880609,0.2475247524752475,2.5128205128205128,0.0001603009565192,0.1122448979591836,0.0204841713221601,5.5,0.048780487804878,
0xabd80122c21d7515fa68ba3e1a51293516d9b09fc4d5fc9ac907e9eee00fcf67,1,0x417ab2c56f9509c2cc07a1ada72fbb382f662280,0xf51bc4633f5924465c8c6317169faf3e4312e82f,2016-06-07 02:06:01+00:00,150000,20580119634,109764,33882,0.0,59,,38,475,537,0.8845437616387337,41,94,98,0.9591836734693876,25,100,586396,41,0xabd80122c21d7515fa68ba3e1a51293516d9b09fc4d5fc9ac907e9eee00fcf67,11,2,3,49,42,251904,39,4,2.0,1.0,1,2,0,-0.0898026510133875,1.1440853190553535,1.1707835481527875,0.7194510746676838,0.3757994044623173,0.3430611665711865,0.565021203819602,0.5279028817422247,-0.1983691051246935,-0.7314448537477548,-0.1421225958636073,0.3018464510174511,0.5617163761788052,0.5096375837846767,1.7126572536436966,0.2782542290691009,0.3403753114146793,0.2411545982591414,0.2329560491340302,-0.027277236279499,-0.1275153426126677,0.7789905269865298,-0.6497811008620532,0.9698797324457468,-0.4474834853723473,-0.5202443510812775,-0.0,0.1465881362683801,0.3333333333333333,0.9534883720930232,10.959183673469388,0.0018856314880609,0.2475247524752475,2.5128205128205128,0.0001603009565192,0.1122448979591836,0.0204841713221601,5.5,0.048780487804878,
0xe0ac3d8c51af27595009eea9f6271836819793a4757b6a5d1c0227389fe3153f,1,0x417ab2c56f9509c2cc07a1ada72fbb382f662280,0xf51bc4633f5924465c8c6317169faf3e4312e82f,2016-06-07 02:08:11+00:00,300000,20000000000,321000,300000,0.0,61,,36,476,538,0.8847583643122676,41,96,100,0.96,25,100,586403,42,0xe0ac3d8c51af27595009eea9f6271836819793a4757b6a5d1c0227389fe3153f,12,2,3,49,42,251911,39,4,2.0,1.0,1,2,0,-0.0898026510133875,1.1543076682248976,1.17926847066665,0.7194510746676838,0.4134848641958028,0.3783120057174243,0.565021203819602,0.5804409870111562,-0.1250077496791707,-0.7314448537477548,-0.1421225958636073,0.3018464510174511,0.5617163761788052,0.50979905538378,1.7126572536436966,0.2782542290691009,0.3403948006986883,0.2411545982591414,0.2329560491340302,-0.027277236279499,-0.1275153426126677,0.7789905269865298,1.4712248882067556,-0.0380157139182309,0.3948789415760967,4.672882216314152,-0.0,0.204943286056748,0.3333333333333333,0.9534883720930232,10.979591836734691,0.0018895487313029,0.2475247524752475,2.5641025641025643,0.0001637096609163,0.12,0.0223048327137546,6.0,0.048780487804878,
0x71a0702c6433dc2a59923b8ba3250fd534ce8ab76c1a1da0906425d860c02094,1,0x417ab2c56f9509c2cc07a1ada72fbb382f662280,0xf51bc4633f5924465c8c6317169faf3e4312e82f,2016-06-07 02:09:44+00:00,300000,20000000000,102623,81623,0.0,62,,35,477,539,0.8849721706864564,41,97,101,0.9603960396039604,25,100,586411,43,0x71a0702c6433dc2a59923b8ba3250fd534ce8ab76c1a1da0906425d860c02094,13,2,13,49,42,251919,39,8,5.0,4.0,1,3,0,-0.0898026510133875,1.1645300173944415,1.1877533931805124,0.7194510746676838,0.4323275940625456,0.3959374252905432,0.565021203819602,0.6329790922800879,-0.051646394233648,-0.7314448537477548,2.0785429645052576,0.3018464510174511,0.5617163761788052,0.5099835943541837,1.7126572536436966,0.2782542290691009,0.3404170741661272,2.096189969483306,1.7136089037994766,2.0185154846829296,-0.1275153426126677,1.6562321114308205,1.4712248882067556,-0.0380157139182309,-0.4759602132541422,0.4113914475269533,-0.0,0.2341208609509319,0.0769230769230769,0.9534883720930232,11.0,0.0018934582407113,0.2475247524752475,2.58974358974359,0.0001654127132459,0.1287128712871287,0.0241187384044526,6.5,0.048780487804878,
0x3c64071201fd89a3286172bc184df61121b5476d0baa216f0d68b6e7e0c7c402,1,0x417ab2c56f9509c2cc07a1ada72fbb382f662280,0xf51bc4633f5924465c8c6317169faf3e4312e82f,2016-06-07 02:10:16+00:00,300000,20000000000,1257623,81623,0.0,63,,34,478,540,0.8851851851851852,41,98,102,0.9607843137254902,25,100,586415,44,0x3c64071201fd89a3286172bc184df61121b5476d0baa216f0d68b6e7e0c7c402,14,2,13,49,42,251923,39,8,5.0,4.0,1,3,0,-0.0898026510133875,1.1747523665639854,1.1962383156943748,0.7194510746676838,0.4511703239292883,0.4135628448636622,0.565021203819602,0.6855171975490194,0.0217149612118746,-0.7314448537477548,2.0785429645052576,0.3018464510174511,0.5617163761788052,0.5100758638393856,1.7126572536436966,0.2782542290691009,0.3404282108998467,2.096189969483306,1.7136089037994766,2.0185154846829296,-0.1275153426126677,1.6562321114308205,1.4712248882067556,-0.0380157139182309,4.129924215183495,0.4113914475269533,-0.0,0.2632984358451159,0.0769230769230769,0.9534883720930232,11.020408163265309,0.001897397627856,0.2475247524752475,2.6153846153846154,0.0001671168590215,0.1372549019607843,0.0259259259259259,7.0,0.048780487804878,
0x2c7c0e8ea16c2ac815b802771da4c459ac40d990d4d0171ce0857ccabcd502fa,1,0x417ab2c56f9509c2cc07a1ada72fbb382f662280,0xf51bc4633f5924465c8c6317169faf3e4312e82f,2016-06-07 02:11:33+00:00,300000,20000000000,377523,81623,0.0,64,,33,479,541,0.8853974121996303,41,99,103,0.9611650485436892,25,100,586422,45,0x2c7c0e8ea16c2ac815b802771da4c459ac40d990d4d0171ce0857ccabcd502fa,15,2,13,49,42,251930,39,8,5.0,4.0,1,3,0,-0.0898026510133875,1.1849747157335293,1.2047232382082371,0.7194510746676838,0.4700130537960311,0.4311882644367811,0.565021203819602,0.7380553028179511,0.0950763166573974,-0.7314448537477548,2.0785429645052576,0.3018464510174511,0.5617163761788052,0.5102373354384889,1.7126572536436966,0.2782542290691009,0.3404477001838558,2.096189969483306,1.7136089037994766,2.0185154846829296,-0.1275153426126677,1.6562321114308205,1.4712248882067556,-0.0380157139182309,0.6202801585012747,0.4113914475269533,-0.0,0.2924760107392998,0.0769230769230769,0.9534883720930232,11.040816326530612,0.0019013142487427,0.2475247524752475,2.641025641025641,0.0001688201179012,0.145631067961165,0.0277264325323475,7.5,0.048780487804878,
0x486e8d940494d477759210fd9c4e6d88f16df9182f657bae950c0997d4af35f3,1,0x417ab2c56f9509c2cc07a1ada72fbb382f662280,0xf51bc4633f5924465c8c6317169faf3e4312e82f,2016-06-07 02:12:36+00:00,300000,20000000000,144623,81623,0.0,65,,32,480,542,0.8856088560885609,41,100,104,0.9615384615384616,25,100,586427,46,0x486e8d940494d477759210fd9c4e6d88f16df9182f657bae950c0997d4af35f3,16,2,13,49,42,251935,39,8,5.0,4.0,1,3,0,-0.0898026510133875,1.1951970649030732,1.2132081607220997,0.7194510746676838,0.4888557836627738,0.4488136840099,0.565021203819602,0.7905934080868826,0.1684376721029201,-0.7314448537477548,2.0785429645052576,0.3018464510174511,0.5617163761788052,0.5103526722949913,1.7126572536436966,0.2782542290691009,0.3404616211010051,2.096189969483306,1.7136089037994766,2.0185154846829296,-0.1275153426126677,1.6562321114308205,1.4712248882067556,-0.0380157139182309,-0.3084735067655008,0.4113914475269533,-0.0,0.3216535856334838,0.0769230769230769,0.9534883720930232,11.06122448979592,0.0019052457767051,0.2475247524752475,2.6666666666666665,0.0001705239176846,0.1538461538461538,0.029520295202952,8.0,0.048780487804878,
0x777d166c9b0c12ce3bc33ae38ac5d505c482fdcaff9e760056ea20966286c5ac,1,0xc44f4ab5bc60397c737eb0683391b633f83c48fa,0xf51bc4633f5924465c8c6317169faf3e4312e82f,2016-06-09 12:29:16+00:00,300000,18074862080,140523,140523,0.0,5,,24,511,574,0.8902439024390244,43,5,6,0.8333333333333334,4,134,759508,47,0x777d166c9b0c12ce3bc33ae38ac5d505c482fdcaff9e760056ea20966286c5ac,1,1,3,51,44,266654,3,4,2.0,1.0,1,2,0,-0.0898026510133875,1.512089889158934,1.484725681165696,1.0222503485177188,-1.3012035536777868,-1.2784774341557537,-0.8328870525672549,0.8431315133558143,-0.9319826595799208,-1.1567034896476125,-0.1421225958636073,0.574271045798544,0.8408994657308952,0.8498813104666231,-0.886653923893111,0.7812659149660293,0.8223508733257169,0.2411545982591414,0.2329560491340302,-0.027277236279499,-0.1275153426126677,0.7789905269865298,1.4712248882067556,-3.3827357155698548,-0.324823399541773,1.5607881618401185,-0.0,-1.4290009080175523,0.3333333333333333,0.9555555555555556,11.254901960784316,0.0019163338396054,0.0296296296296296,2.0,6.583200462404e-06,0.1666666666666666,0.0017421602787456,1.0,0.0232558139534883,
0x6381a82896f36ac19e757b7c467f4e80cda2b8c12796d2a7f973034d3dfd2ec7,1,0x90f011a326b6ecb37284eb5e2113d71228d0187f,0xf51bc4633f5924465c8c6317169faf3e4312e82f,2016-06-09 12:48:38+00:00,300000,20000000000,487299,60637,0.0,52,,23,512,577,0.8873483535528596,43,46,58,0.7931034482758621,10,33,197461,48,0x6381a82896f36ac19e757b7c467f4e80cda2b8c12796d2a7f973034d3dfd2ec7,21,4,17,51,44,266731,8,9,8.0,4.0,1,3,0,-0.0898026510133875,1.5223122383284782,1.5101804487072832,1.0222503485177188,-0.5286516291413345,-0.36195561635357,-0.4334846935995816,0.8956696186247458,0.5352444493305337,0.1190724180519599,2.966809188652803,0.574271045798544,0.8408994657308952,0.8516574980567593,-0.5256384825685544,-0.7129746813748461,-0.7424910708804211,2.559948812289347,3.194261758464923,2.0185154846829296,-0.1275153426126677,1.6562321114308205,1.4712248882067556,-0.0380157139182309,1.0580425559178723,0.0018627642234545,-0.0,-0.0576548879909074,0.0588235294117647,0.9555555555555556,11.31372549019608,0.0019195297152197,0.2941176470588235,7.25,0.0002329562143602,0.3620689655172414,0.0363951473136915,5.25,0.0930232558139534,
0xab1c8457aabd7a7c3a164e8ec877ffc906a9e32117c52ec37f04236566104b46,1,0x90f011a326b6ecb37284eb5e2113d71228d0187f,0xf51bc4633f5924465c8c6317169faf3e4312e82f,2016-06-09 12:49:01+00:00,300000,20000000000,107426,86426,0.0,53,,22,513,578,0.8875432525951558,43,47,59,0.7966101694915254,10,33,197462,49,0xab1c8457aabd7a7c3a164e8ec877ffc906a9e32117c52ec37f04236566104b46,22,4,17,51,44,266732,8,9,8.0,4.0,1,3,0,-0.0898026510133875,1.532534587498022,1.5186653712211458,1.0222503485177188,-0.5098088992745916,-0.3443301967804511,-0.4334846935995816,0.9482077238936776,0.6086058047760565,0.1190724180519599,2.966809188652803,0.574271045798544,0.8408994657308952,0.8516805654280598,-0.5256384825685544,-0.7129746813748461,-0.7424882866969912,2.559948812289347,3.194261758464923,2.0185154846829296,-0.1275153426126677,1.6562321114308205,1.4712248882067556,-0.0380157139182309,-0.4568069120335483,0.5051189928384326,-0.0,-0.0284773130967234,0.0588235294117647,0.9555555555555556,11.333333333333334,0.0019232715861929,0.2941176470588235,7.375,0.0002380192744969,0.3728813559322034,0.0380622837370242,5.5,0.0930232558139534,
0xc0b9fac79714f65630e622174e2c654ec665d21441608a51d2a1946f8e83ed2b,1,0x26bdce6e4ea9afd060049993ed11f153eb1e322f,0xf51bc4633f5924465c8c6317169faf3e4312e82f,2016-06-09 14:14:37+00:00,300000,20000000000,218735,50735,0.0,42,,19,515,581,0.8864027538726333,43,50,50,1.0,11,40,241374,50,0xc0b9fac79714f65630e622174e2c654ec665d21441608a51d2a1946f8e83ed2b,10,6,13,51,44,267131,6,8,5.0,4.0,1,3,0,-0.0898026510133875,1.55297928583711,1.5441201387627328,1.0222503485177188,-0.4532807096743634,-0.5029589729385213,-0.366917633771636,1.000745829162609,-0.2717304605702162,0.9695896898516748,2.0785429645052576,0.574271045798544,0.8408994657308952,0.8608844465769476,-0.6700446590983771,-0.6094134519254785,-0.6202292239246965,2.096189969483306,1.7136089037994766,2.0185154846829296,-0.1275153426126677,1.6562321114308205,1.4712248882067556,-0.0380157139182309,-0.0129312498301154,-0.1913685815342526,-0.0,-0.3494306369327468,0.0769230769230769,0.9555555555555556,11.392156862745098,0.0019278858392105,0.2682926829268293,8.333333333333334,0.0002071465561885,0.2,0.0172117039586919,1.6666666666666667,0.1395348837209302,
0x5a950c328734a9baafb8f62cdca409e0c308fdad84a874eeb26d155985310e41,1,0x26bdce6e4ea9afd060049993ed11f153eb1e322f,0xf51bc4633f5924465c8c6317169faf3e4312e82f,2016-06-09 14:22:46+00:00,300000,20000000000,71735,50735,0.0,45,,16,516,582,0.8865979381443299,43,54,54,1.0,11,40,241401,51,0x5a950c328734a9baafb8f62cdca409e0c308fdad84a874eeb26d155985310e41,11,6,13,51,44,267158,6,8,5.0,4.0,1,3,0,-0.0898026510133875,1.5632016350066538,1.5526050612765951,1.0222503485177188,-0.3779097902073924,-0.4324572946460457,-0.366917633771636,1.0532839344315406,-0.1983691051246935,0.9695896898516748,2.0785429645052576,0.574271045798544,0.8408994657308952,0.8615072656020604,-0.6700446590983771,-0.6094134519254785,-0.6201540509720901,2.096189969483306,1.7136089037994766,2.0185154846829296,-0.1275153426126677,1.6562321114308205,1.4712248882067556,-0.0380157139182309,-0.5991347225403602,-0.1913685815342526,-0.0,-0.261897912250195,0.0769230769230769,0.9555555555555556,11.411764705882351,0.0019314340898116,0.2682926829268293,9.0,0.0002236932585479,0.2037037037037037,0.0189003436426116,1.8333333333333333,0.1395348837209302,
0x5c55f220adc40c027d1bb4535f8f0322cd32c7b2843df98f923064e974789d96,1,0x26bdce6e4ea9afd060049993ed11f153eb1e322f,0xf51bc4633f5924465c8c6317169faf3e4312e82f,2016-06-09 14:30:12+00:00,300000,20000000000,273561,140459,0.0,48,,13,517,583,0.8867924528301887,43,58,58,1.0,11,40,241426,52,0x5c55f220adc40c027d1bb4535f8f0322cd32c7b2843df98f923064e974789d96,12,6,3,51,44,267183,6,4,2.0,1.0,1,2,0,-0.0898026510133875,1.5734239841761977,1.5610899837904575,1.0222503485177188,-0.3025388707404214,-0.36195561635357,-0.366917633771636,1.1058220397004723,-0.1250077496791707,0.9695896898516748,-0.1421225958636073,0.574271045798544,0.8408994657308952,0.8620839498845722,-0.6700446590983771,-0.6094134519254785,-0.6200844463863434,0.2411545982591414,0.2329560491340302,-0.027277236279499,-0.1275153426126677,0.7789905269865298,1.4712248882067556,-0.0380157139182309,0.2057027065971763,1.5595392418109837,-0.0,-0.1743651875676432,0.3333333333333333,0.9555555555555556,11.431372549019608,0.0019349961075513,0.2682926829268293,9.666666666666666,0.0002402382500714,0.2068965517241379,0.0205831903945111,2.0,0.1395348837209302,
0x38670229871f38082ea75a362bef46a61d29f9dce4da2b1e9061f03e3c75bf33,3,0x969b4fec762dcc0775d46ede89f8d89b4c9de9f1,0x11111112542d85b3ef69ae05771c2dccff4faa26,2022-06-03 23:57:30+00:00,275158,61945408650,19420000,158743,0.0,53,2,86,1049591,1821116,0.5763449445285199,447,61,61,1.0,36,393,2522308,1,0x38670229871f38082ea75a362bef46a61d29f9dce4da2b1e9061f03e3c75bf33,5,4,14,332461,446,2861205,9,7,4.0,4.0,1,3,0,0.6759263694193747,-1.170849862843605,-1.3882214256098686,-0.9416083789940093,-0.4534676312260831,-0.36084754671024893,-0.5350883333023421,-1.0364233758406307,-0.4141420005649254,-0.5297608067318982,0.34431975785907626,-1.3915246157919274,-0.9667502358975502,-0.9589585052592037,-0.25874730589234335,-0.10703710443956027,-0.0987354086183631,0.4688041729582384,0.23046506840616945,0.8703474439784071,-0.45485882614734197,0.49112263235224374,-0.0168168685924864,0.3367612620405055,1.3234795382435023,0.19750651881036468,-0.10733639448881149,-0.3620452502638071,0.21428571428571427,1.0,5.47768309666397,0.366835173699482,0.09137055837563451,6.777777777777778,2.418418996245107e-05,0.08196721311475409,2.745569200424355e-06,1.25,0.008948545861297539,111.0
0x8eb702af1aba30b07f435075b1bed4bb8478bb454cec1a69357ff1bb2e7dad91,4,0x5d9c5e4c0b68c968422d2915ca837ba6f0f4b941,0x11111112542d85b3ef69ae05771c2dccff4faa26,2022-06-03 23:58:35+00:00,289952,56200000000,1777590,220307,0.0,50,0,60,1049592,1821117,0.5763451771632465,447,52,55,0.9454545454545454,19,201,1288531,2,0x8eb702af1aba30b07f435075b1bed4bb8478bb454cec1a69357ff1bb2e7dad91,15,13,28,332461,446,2861212,18,10,4.0,5.0,1,3,0,1.2794320564009591,-1.17084936266063,-1.3882213264177141,-0.9416083789940093,-0.4534908846072574,-0.3608521573597105,-0.5727706102954647,-1.0018144029162999,-0.41410414939400103,-0.5051487519074759,1.3907329148837653,-1.3915246157919274,-0.9667502358975502,-0.9589564786048322,-0.2587137960286775,-0.515662317570437,-0.5189890268196369,1.2618939392409725,0.23046506840616945,1.3946531331220258,-0.45485882614734197,0.49112263235224374,0.0030714136279533628,-0.16157916604508077,-0.9980928138043232,0.5890047799558243,-0.10733639448881149,-0.3620477183003302,0.14285714285714285,1.0,5.47768610453557,0.36683462573391074,0.09405940594059406,3.0555555555555554,4.035600202400872e-05,0.2727272727272727,8.236703078385408e-06,1.1538461538461537,0.029082774049217,209.0
0x877f40ef3b0650bd6a953f38047645c142310de21a644e00c562785ae001fb9b,2,0xc888c19a101979e0c29274895a86f0c3bab6cf7b,0x11111112542d85b3ef69ae05771c2dccff4faa26,2022-06-04 00:00:00+00:00,200955,46675272097,25194937,121432,0.0,915,2,19,1049594,1821120,0.5763453259532595,448,1042,1080,0.9648148148148148,152,258,1643289,3,0x877f40ef3b0650bd6a953f38047645c142310de21a644e00c562785ae001fb9b,1,1,12,332462,447,2861219,155,6,5.0,3.0,2,4,0,0.07242068243779021,-1.1708483622946797,-1.3882210288412502,-0.9397332129489082,-0.45093301267808045,-0.360064504743369,-0.2779622079375049,-0.9672054299919689,-0.41415714103329515,-0.5379648250067056,0.19483216399840642,-1.3915242496001232,-0.9649332638967403,-0.9589544519504608,-0.2582037014373193,-0.39435170742220804,-0.39815006395532065,0.20444091753066038,0.4722116436573962,0.3460417548347884,0.6822882392210132,1.0408867730450537,-0.1165715127457439,-0.987727012043772,2.083405992396762,-0.03976187865565842,-0.10733639448881149,-0.3613361011028239,0.16666666666666666,1.0,5.477678651996318,0.36683442727228244,0.5868725868725869,6.967741935483871,0.0006340937996336618,0.000925925925925926,5.491126339834827e-07,1.0,0.002232142857142857,310.0
0xfe71be2fb7eff5893d42c5816b72a5d23c80af2c05b8bc5a4712c02fa6d7c189,5,0xca86f994b2c49a8bb20a881a05f4a00531fc7762,0x1111111254fb6c44bac0bed2854e76f90643097d,2022-06-03 23:56:56+00:00,515548,59056183528,4983336,361167,0.0,197,2,103,606055,1115443,0.5433312145936637,209,226,228,0.9912280701754386,75,321,2058606,1,0xfe71be2fb7eff5893d42c5816b72a5d23c80af2c05b8bc5a4712c02fa6d7c189,25,19,37,115575,208,1330846,59,12,5.0,7.0,1,3,0,1.8829377433825436,-1.3926990189212576,-1.4582186509071806,-1.3878978977280596,-0.4530413192378869,-0.36071921696690357,-0.44864075667106057,-1.0364233758406307,-0.4140662982230767,-0.48874071535786107,2.0634270872567795,-1.470946491456656,-1.3991895720902896,-1.4020311848546418,-0.25856113998308855,-0.26027155936363905,-0.2566832738056434,1.7906204500961285,0.4722116436573962,2.443264511409263,-0.45485882614734197,0.49112263235224374,0.30635091314142693,0.08615808098860411,-0.5762473130315882,1.4847627726942665,-0.10733639448881149,-0.3619267845106962,0.13513513513513514,1.0,9.65124810728964,0.4553904393217252,0.2329192546583851,3.864406779661017,0.00010978297460370046,0.10964912280701754,2.2412619918722877e-05,1.3157894736842106,0.09090909090909091,144.0
0xb675df9c5259269204ce0a5167583134cbc5fd3679c9c02e161a0f27b3a701d4,2,0xa0c84ecdf7104d558fe5161140a094ed1f842c36,0x1111111254fb6c44bac0bed2854e76f90643097d,2022-06-03 23:58:35+00:00,148104,48107725573,3063190,112572,0.0,306,2,51,606057,1115446,0.5433315463052447,209,337,341,0.9882697947214076,85,1429,8992232,2,0xb675df9c5259269204ce0a5167583134cbc5fd3679c9c02e161a0f27b3a701d4,46,5,9,115575,208,1330854,63,6,3.0,3.0,1,2,0,0.07242068243779021,-1.392698018555307,-1.458218353330717,-1.3878978977280596,-0.45275452753673673,-0.36063238306871176,-0.4264747113809884,-1.0018144029162999,-0.4139868107641356,-0.5270261339736291,-0.029399226792598352,-1.470946491456656,-1.3991895720902896,-1.4020288686782174,-0.25854624671034815,2.0978364414124626,2.105073683695125,0.20444091753066038,-0.011281506845057293,0.3460417548347884,-0.45485882614734197,-0.05864150834056629,-0.18762164142172483,-0.8634800660162643,-0.8289201545251951,-0.09610445863338522,-0.10733639448881149,-0.361837112517022,0.2222222222222222,1.0,9.651274064460306,0.4553892046842068,0.05944055944055944,5.412698412698413,3.747678691154911e-05,0.1348973607038123,4.123910973727101e-05,9.2,0.023923444976076555,33.0
0x1863bbccff324e9eed55849317f330d9602a357288d4e00236c3c87100fe6b1b,3,0x7f59d9cb6333a36074007e1fc8a75b672cefac88,0x1111111254fb6c44bac0bed2854e76f90643097d,2022-06-03 23:59:48+00:00,479466,61057753964,333593,333593,0.0,28,2,29,606058,1115447,0.5433319557092359,209,32,32,1.0,11,44,280840,3,0x1863bbccff324e9eed55849317f330d9602a357288d4e00236c3c87100fe6b1b,18,9,34,115575,208,1330858,8,10,6.0,5.0,1,3,0,0.6759263694193747,-1.392697518372332,-1.4582182541385624,-1.3878978977280596,-0.4535425587876448,-0.36086983151597957,-0.5905034465275224,-0.9672054299919689,-0.41409279404272376,-0.5160874429405524,1.839195696465775,-1.470946491456656,-1.3991895720902896,-1.4020277105900052,-0.25875102921052845,-0.8497985595576645,-0.8622324077376309,1.2618939392409725,0.713958218908623,1.3946531331220258,-0.45485882614734197,0.49112263235224374,0.25784415370666236,0.2597686157100453,-1.1881090027286259,1.309413980334691,-0.10733639448881149,-0.3620658172348333,0.08823529411764706,1.0,9.65128271685053,0.45538858737101373,0.24444444444444444,4.0,0.00011394347691398335,0.5625,1.6137028473786742e-05,2.0,0.0430622009569378,185.0
0x869dfc2a9ae535838395a8326e86b36463049b7b6b5c9c6b86a6aa27b3d549fa,1,0xdd4b5e28fe55196b8bf44a040f2c11f85401fdc0,0x153cddd727e407cb951f728f24beb9a5faaa8512,2022-06-03 23:55:44+00:00,9044410,54112863000,3190154,1203784,0.0,3182,2,124,15579,16110,0.9670391061452513,436,3073,3195,0.9618153364632238,150,150,961043,1,0x869dfc2a9ae535838395a8326e86b36463049b7b6b5c9c6b86a6aa27b3d549fa,3183,148,40,11,435,2794364,1,21,8.0,7.0,1,4,0,-0.5310850045437943,-1.688045061371268,-1.5672638597755517,-0.9622352054901209,-0.44568549965973864,-0.3584392508081863,-0.28239541699551934,-1.0364233758406307,-0.4021128984451701,-0.13596792954114173,2.2876584780477844,-1.5132650811273525,-0.9867369279064583,-0.9783104488076382,-0.2587770924378241,-0.6242033898083262,-0.6305391828993002,4.169889748944331,1.1974513694110764,2.443264511409263,-0.45485882614734197,1.0408867730450537,11.772108279315843,-0.3426115015001517,-0.81221290692663,6.84313926401393,-0.10733639448881149,-0.3594710881701685,0.025,1.0,1464.5454545454545,0.005575148557901348,0.9933774834437086,3195.0,0.003197564315473589,0.996244131455399,0.19757914338919927,21.506756756756758,0.3394495412844037,416.0
0xb346abe4b01af7e93b6283d8335c8203cba12353c853d269c0e61f0eed5856d7,6,0xd809cd2e2e2655599c2b1dbcdca50401579854a0,0x2801a71605b5e25816235c7f3cb779f4c9dd60ee,2022-06-03 23:58:35+00:00,422294,44607725573,17840199,337912,0.0,13,2,55,2755,2824,0.9755665722379604,249,21,21,1.0,17,384,2462323,1,0xb346abe4b01af7e93b6283d8335c8203cba12353c853d269c0e61f0eed5856d7,1,1,49,1704,326,2086611,10,18,10.0,6.0,1,3,0,2.486443430364128,-1.6944594078449249,-1.568581726741271,-1.3128912559240176,-0.4535709795868579,-0.3608782843733257,-0.5772038193534791,-1.0364233758406307,-0.41415714103329515,-0.5379648250067056,2.960352650420799,-1.5126451184026934,-1.1847868759947298,-1.1832205504254352,-0.25874358257415825,-0.1261914113050701,-0.11916771793179932,3.3767999826615966,1.68094451991353,1.9189588222656444,-0.45485882614734197,0.49112263235224374,0.1809850979335799,-1.1670601252518336,1.1155928423024428,1.3368793982719147,-0.10733639448881149,-0.36207815741744903,0.12244897959183673,0.7614678899082569,1.6572769953051643,0.0013203221298449352,0.04415584415584416,2.1,8.528528333395605e-06,0.047619047619047616,0.0003541076487252125,1.0,0.004016064257028112,222.0
0x8b380f0783b31cab2ca74e32399c391b89ab20e77270197b8bb7f657c2b8701c,2,0x808b4da0be6c9512e948521452227efc619bea52,0x2a549b4af9ec39b03142da6dc32221fc390b5533,2022-06-04 00:00:00+00:00,500000,47175272097,16499265,67809,0.0,1249315,2,11,315734,675101,0.46768409467620403,882,448848,1249615,0.35918903022130816,917,998,6377659,1,0x8b380f0783b31cab2ca74e32399c391b89ab20e77270197b8bb7f657c2b8701c,442555,882,7,6,912,5845116,21,6,2.0,4.0,1,1,0,0.07242068243779021,-1.5379126404573225,-1.501897122638236,-0.1259111493750519,0.706067388450214,0.5993616994946085,1.4177402567530157,-1.0364233758406307,1.260961568691742,1.8712818750284084,-0.1788868206532682,-1.513266912086374,-0.1200412835201695,-0.09505046639753534,-0.2587026260741222,1.1805579681863798,1.2144882997064794,0.20444091753066038,-0.253028082096284,0.8703474439784071,-0.45485882614734197,-0.6084056490333764,0.28544899263558693,-0.9443584321529763,0.9391387580633338,-0.38076167167435415,-0.10733639448881149,0.6656961640612743,0.2857142857142857,0.9660460021905805,112516.83333333333,0.05401671172707065,0.9179179179179179,59505.47619047619,0.07037816377793736,0.3541530791483777,0.6555389489868924,501.76303854875283,1.0,396.0
0x4a39dab2cbbf341206558bf48cfc82a38e2174db62b740d88cbb84cb80183e87,2,0xa6a688f107851131f0e1dce493ebbebfaf99203e,0x3666f603cc164936c1b87e207f36beba4ac5f18a,2022-06-03 23:56:56+00:00,212796,58056183528,7763663,159996,0.0,22391,2,93,31410,32661,0.9616974373105539,341,21472,22413,0.9580154374693258,330,338,2162686,1,0x4a39dab2cbbf341206558bf48cfc82a38e2174db62b740d88cbb84cb80183e87,17308,329,5,10544,351,2249968,19,4,2.0,2.0,1,1,0,0.07242068243779021,-1.6801266646912572,-1.565622130425136,-1.1403759797747208,-0.398147837412338,-0.34367134058296595,0.11659339822577963,-1.0364233758406307,-0.3486481195145399,0.359007839705573,-0.32837441451393806,-1.5094079828527909,-1.1393625759744839,-1.1359250964040768,-0.2587100727104924,-0.22409120195100934,-0.22123116488937358,-0.3242855933244957,-0.253028082096284,-0.17826393430883028,-0.45485882614734197,-0.6084056490333764,-0.10065308975181209,-0.0005790787929870945,-0.2103828822167463,0.20547460602391904,-0.10733639448881149,-0.3436682503124809,0.4,0.96875,3.097591047040971,0.013960192340427802,0.9734513274336283,1179.6315789473683,0.00992839000743057,0.77223040199884,0.5299286610942715,52.60790273556231,0.9648093841642229,63.0
0x9313c608a82a74c7f8e43564bdb9a42c81a21532d5e501a1380ee7cdd597690c,2,0xa6a688f107851131f0e1dce493ebbebfaf99203e,0x3666f603cc164936c1b87e207f36beba4ac5f18a,2022-06-03 23:59:11+00:00,212796,58551246859,2438225,159996,0.0,22392,2,38,31411,32662,0.961698610005511,341,21473,22414,0.9580173106094405,330,338,2162696,2,0x9313c608a82a74c7f8e43564bdb9a42c81a21532d5e501a1380ee7cdd597690c,17309,329,5,10544,351,2249978,19,4,2.0,2.0,1,1,0,0.07242068243779021,-1.680126164508282,-1.5656220312329816,-1.1403759797747208,-0.39814525370331866,-0.343670572141389,0.11659339822577963,-1.0018144029162999,-0.34864433439744746,0.359007839705573,-0.32837441451393806,-1.5094079828527909,-1.1393625759744839,-1.1359222011835461,-0.2587100727104924,-0.22409120195100934,-0.2212277586529289,-0.3242855933244957,-0.253028082096284,-0.17826393430883028,-0.45485882614734197,-0.6084056490333764,-0.10065308975181209,0.04236130844996668,-0.9111595688114275,0.20547460602391904,-0.10733639448881149,-0.34366742763363983,0.4,0.96875,3.0976858877086495,0.013960574743142048,0.9734513274336283,1179.6842105263158,0.009928806485605705,0.772240563933256,0.5299430530892169,52.610942249240125,0.9648093841642229,243.0
0xfba3e211670a5c44713eb7000360b2619d3d73c09d592523fe8d21f820c82ff2,4,0xb703870b5c50870d3b3f3202c1676d7fef9d860f,0x3b104b3131638f6295e2d1f8046b6b723f7797ba,2022-06-04 00:00:00+00:00,199401,47175272097,19281385,195748,0.0,26,2,12,87,87,1.0,41,29,29,1.0,12,241,1535635,1,0xfba3e211670a5c44713eb7000360b2619d3d73c09d592523fe8d21f820c82ff2,26,12,11,3,241,1535552,2,6,4.0,4.0,1,3,0,1.2794320564009591,-1.6957938960226944,-1.5688532156683501,-1.7029257933050361,-0.4535503099147029,-0.36087213684071034,-0.5882868419985152,-1.0364233758406307,-0.4140625131059843,-0.5078834246657451,0.1200883670680715,-1.5132680106617868,-1.3392294960635651,-1.3427642834613978,-0.258773369119639,-0.43053206483483775,-0.4348195617769205,0.20444091753066038,0.23046506840616945,0.8703474439784071,-0.45485882614734197,0.49112263235224374,-0.11866062931804101,-0.9443584321529763,1.305239130522612,0.4328289987286243,-0.10733639448881149,-0.3620674625925154,0.36363636363636365,0.16942148760330578,29.0,5.6657113105181e-05,0.049586776859504134,14.5,1.8884683609917975e-05,0.896551724137931,0.2988505747126437,2.1666666666666665,0.2926829268292683,56.0
0xc9808cbd9d473057172ea4daa5f55922764e30c72c1d31d488e09a7050bf1ca4,3,0x93f635372008b7c5d770aaa6ff313454c8dc498c,0x4cb18386e5d1f34dc6eea834bf3534a970a3f8e7,2022-06-03 23:56:27+00:00,276196,48428896334,711117,135910,22534.0,56684,2,117,168161,308164,0.5456867122700899,97,56669,56803,0.997640969667095,735,936,5990738,1,0xc9808cbd9d473057172ea4daa5f55922764e30c72c1d31d488e09a7050bf1ca4,13978,96,12,201,96,612517,3,8,4.0,5.0,2,4,0,0.6759263694193747,-1.611726142652967,-1.538294394262515,-1.5979164947793774,-0.30720903105754915,-0.3172446347527377,1.0143182324737023,-1.0364233758406307,-0.3612525594323451,-0.2781709129711371,0.19483216399840642,-1.5131955046845378,-1.6026904361809904,-1.6100032717055779,-0.2587696458014539,1.0486060764462006,1.0826938585651265,0.7331674283858164,0.23046506840616945,1.3946531331220258,0.6822882392210132,1.0408867730450537,-0.01542143551523775,-0.835622626402232,-1.1384304565076444,0.052306730025778216,-0.10733639448881149,-0.315456124816428,0.25,1.0,1533.1542288557214,0.27454050329949486,0.7844183564567769,18934.333333333332,0.009459433969665513,0.24607855218914493,0.04535896470710401,145.60416666666666,0.9896907216494846,909.0
0x17db9cf1a68ed1ff1e91bacc10a533dd2a6dae8289d18c294565ffe8e5a3b704,1,0x4603180bbb8221157880afaa84638e0fc467738d,0x4cb18386e5d1f34dc6eea834bf3534a970a3f8e7,2022-06-03 23:56:56+00:00,261586,54056183528,712926,128705,28170.0,32288,2,99,168162,308165,0.5456881865234533,97,32189,32334,0.9955155563802808,375,936,5991224,2,0x17db9cf1a68ed1ff1e91bacc10a533dd2a6dae8289d18c294565ffe8e5a3b704,14565,94,10,201,96,612521,3,8,4.0,4.0,2,4,0,-0.5310850045437943,-1.611725642469992,-1.5382942950703604,-1.5979164947793774,-0.3704582278517427,-0.3360476316983572,0.2163406020311044,-1.0018144029162999,-0.35903069569908636,-0.2836402584876754,0.04534457013773657,-1.5131955046845378,-1.6026904361809904,-1.6100021136173657,-0.2587696458014539,1.0486060764462006,1.082859401656338,0.7331674283858164,0.23046506840616945,0.8703474439784071,0.6822882392210132,1.0408867730450537,-0.03506235772969124,-0.34752771791935194,-1.1381924094162972,0.006488638745922508,-0.10733639448881149,-0.3355261978226306,0.1,1.0,1533.1592039800994,0.27454034304073976,0.400213447171825,10778.0,0.0053726908937654656,0.4504546298014474,0.047263641231158636,154.9468085106383,0.9690721649484536,910.0
0x546ed7ed8fb6db88b88f5b33368887a119dd730248eb98c765610c4d14bbeace,1,0x60b86af869f23aeb552fb7f3cabd11b829f6ab2f,0x4cb18386e5d1f34dc6eea834bf3534a970a3f8e7,2022-06-03 23:57:52+00:00,308160,60174236005,506046,157972,21252.0,67321,2,76,168163,308166,0.5456896607672488,97,67202,67444,0.9964118379692782,700,938,6002607,3,0x546ed7ed8fb6db88b88f5b33368887a119dd730248eb98c765610c4d14bbeace,15943,96,10,201,96,612524,3,8,4.0,4.0,2,4,0,-0.5310850045437943,-1.6117251422870167,-1.5382941958782057,-1.5979164947793774,-0.2799948239565181,-0.3090676479327476,0.9367370739584497,-0.9672054299919689,-0.3538148043457123,-0.2781709129711371,0.04534457013773657,-1.5131955046845378,-1.6026904361809904,-1.6100012450512065,-0.2587696458014539,1.0528625890829806,1.0867367206013216,0.7331674283858164,0.23046506840616945,0.8703474439784071,0.6822882392210132,1.0408867730450537,0.027549299437725376,0.18313477733035693,-1.1654158379723536,0.1926035696949214,-0.10733639448881149,-0.3067052899842023,0.1,1.0,1533.1641791044776,0.27454063099465326,0.7454739084132055,22481.333333333332,0.011195467036994587,0.2363887076685843,0.05173510380768807,166.07291666666666,0.9896907216494846,922.0
0x85c91663ed4f75dc8ad2733b0eea4ebbc637f0b9cf2e3134fa358de69ffe2a5c,1,0x065e3dbafcb2c26a978720f9eb4bce6ad9d644a1,0x4cb18386e5d1f34dc6eea834bf3534a970a3f8e7,2022-06-03 23:58:15+00:00,900000,50862657409,11847986,153171,40967.0,50579,2,63,168164,308167,0.5456911350014765,97,50457,50656,0.996071541377132,705,936,5991232,4,0x85c91663ed4f75dc8ad2733b0eea4ebbc637f0b9cf2e3134fa358de69ffe2a5c,16652,96,10,201,96,612527,3,7,4.0,4.0,2,3,0,-0.5310850045437943,-1.6117246421040414,-1.5382940966860512,-1.5979164947793774,-0.32325903148587964,-0.32196824512605593,0.9478200966034859,-0.9325964570676379,-0.35113115632717656,-0.2781709129711371,0.04534457013773657,-1.5131955046845378,-1.6026904361809904,-1.6100003764850475,-0.2587696458014539,1.0486060764462006,1.0828621266454939,0.4688041729582384,0.23046506840616945,0.8703474439784071,0.6822882392210132,0.49112263235224374,0.8231881360840054,-0.6245251031697397,0.32707494546286386,0.1620730136595866,-0.10733639448881149,-0.32047857914102496,0.1,1.0,1533.1691542288556,0.27454091894574617,0.7524012806830309,16885.333333333332,0.00842180566170603,0.3287271004421984,0.05403563652175606,173.45833333333334,0.9896907216494846,919.0
0x8d85bf2785fb2f6b53ee7926776983f84d46e435a536b434a18e3cdac0c0cd81,2,0xc4048a511d38d2c6ac1db56917e168bdfdf813f7,0x52de8d3febd3a06d3c627f59d56e6892b80dcf12,2022-06-03 23:58:42+00:00,100000,56682585865,1998343,89794,1.0,88,2,45,199728,210774,0.9475931566511998,977,108,109,0.9908256880733946,44,241,1542863,1,0x8d85bf2785fb2f6b53ee7926776983f84d46e435a536b434a18e3cdac0c0cd81,2,2,5,53682,1012,6472334,30,4,2.0,2.0,1,1,0,0.07242068243779021,-1.5959368666755869,-1.5479547181968376,0.05222962490954799,-0.45334619690217265,-0.3608106615145569,-0.5173554970702843,-1.0364233758406307,-0.4141533559162027,-0.5352301522484365,-0.32837441451393806,-1.4936112007994307,0.061655916560813456,0.08654297667725405,-0.25866911621045635,-0.43053206483483775,-0.43235753407470295,-0.3242855933244957,-0.253028082096284,-0.17826393430883028,-0.45485882614734197,-0.6084056490333764,-0.2522901508128316,-0.11972103876423837,-0.9690438311862107,-0.24095449099598804,-0.10733639448881149,-0.3620164565043704,0.4,0.9644619940769991,3.9263440259304794,0.030858724092618816,0.18181818181818182,3.6333333333333333,6.99996888902716e-05,0.01834862385321101,9.488836383994231e-06,1.0,0.0020470829068577278,32.0
0x4f70929180bc216be36c01f0cd1d6d98463e56ece0cd7a1cede782899560d65b,1,0xd24400ae8bfebb18ca49be86258a3c749cf46853,0x5f65f7b609678448494de4c87521cdf6cef1e932,2022-06-03 23:56:56+00:00,351400,55567194837,16999765,72614,0.0,3201872,0,92,723905,1486556,0.48696786397552466,771,1531732,3222467,0.47532899483532337,2208,2220,13440770,1,0x4f70929180bc216be36c01f0cd1d6d98463e56ece0cd7a1cede782899560d65b,1486550,771,3,6,770,4968056,547874,4,1.0,2.0,1,1,0,-0.5310850045437943,-1.3337524552967686,-1.4214071528453853,-0.3340545803812686,3.5039245461823842,2.1153832014014853,4.279376703701332,-1.0364233758406307,5.212604887607377,1.5677331988605336,-0.4778620083746079,-1.513266912086374,-0.3780513076351653,-0.3489786782523845,1.7811284115853558,3.7812871892589395,3.6203509098112363,-0.3242855933244957,-0.4947746573475108,-0.17826393430883028,-0.45485882614734197,-0.6084056490333764,0.08567890084449942,-0.21646688857882765,1.0049997692403747,-0.35020567880832965,-0.10733639448881149,2.272023493901082,0.3333333333333333,1.0,247759.33333333334,0.14571189501247672,0.9941467807294012,5.881766610571043,0.11396161723163054,0.4613080599428947,0.9999959638251098,1928.0804150453955,1.0,390.0
0xd9a5bedecbb86cb4afd092aa0c4434bbd16610ef19eba7494e82d4ae2a159440,2,0xed69fcf9d867db827c26410846013cf330d7a503,0x68b3465833fb72a70ecdf485e0e4c7bd8665fc45,2022-06-03 23:54:16+00:00,295225,53365933709,26800867,245451,0.0,80,2,160,948197,6631934,0.14297443249586017,171,83,84,0.9880952380952381,34,367,2350859,1,0xd9a5bedecbb86cb4afd092aa0c4434bbd16610ef19eba7494e82d4ae2a159440,42,18,19,997064,170,1087816,21,8,9.0,4.0,2,5,0,0.07242068243779021,-1.2215654154285982,-0.9110260229086682,-1.4591542074418995,-0.4534107896276569,-0.3608298725539798,-0.5395215423603564,-1.0364233758406307,-0.4140019512325053,-0.4914753881161302,0.7180387425107508,-1.148152444086951,-1.468234508121063,-1.4723937294092722,-0.2587026260741222,-0.16237176871769984,-0.15713499183882368,0.7331674283858164,1.439197944662303,0.8703474439784071,0.6822882392210132,1.5906509137378637,0.01016015988646214,-0.40739802675916936,2.294731014733516,0.7489006976713958,-0.10733639448881149,-0.3620230379350988,0.10526315789473684,1.0,6.6514626944709665,0.8716512060392511,0.09239130434782608,4.0,3.530622835898352e-05,0.5,6.332994266830762e-06,2.3333333333333335,0.10526315789473684,262.0
0xfa9582310ca97b691cd9fb96331f9c30f94fd9281b7ee89133d3833133357059,4,0x37b6f605ce3d652eb33b46a9d41c7463a8b5d24d,0x68b3465833fb72a70ecdf485e0e4c7bd8665fc45,2022-06-03 23:55:10+00:00,607299,64082450808,8932827,498481,0.0,735,2,133,948199,6631948,0.1429744322482625,171,809,846,0.9562647754137116,207,393,2520586,2,0xfa9582310ca97b691cd9fb96331f9c30f94fd9281b7ee89133d3833133357059,10,6,40,997065,170,1087818,124,12,12.0,5.0,2,8,0,1.2794320564009591,-1.221564415062648,-0.9110246342185041,-1.4591542074418995,-0.4515350168795938,-0.3602443200723679,-0.15604895884210798,-1.0018144029162999,-0.4141230749794632,-0.5242914612153599,2.2876584780477844,-1.1481520778951466,-1.468234508121063,-1.472393150365166,-0.2583191243010573,-0.10703710443956027,-0.09932196253413766,1.7906204500961285,2.1644376704159836,1.3946531331220258,0.6822882392210132,3.2399433358162937,0.42969617351776657,0.522122229158948,-0.05653208646890666,2.357971015026273,-0.10733639448881149,-0.3614841832942125,0.1,1.0,6.651470064639717,0.8716514420137909,0.5253807106598984,6.82258064516129,0.00032095698343282737,0.01182033096926714,1.507852594742902e-06,1.6666666666666667,0.03508771929824561,149.0
0xd8ebefd4bca345a59c336f339593cb3804781974d28b452aa25af44b52c424a5,4,0xd63b0fcb6438b3be1035a1aec47b6459899356b3,0x68b3465833fb72a70ecdf485e0e4c7bd8665fc45,2022-06-03 23:55:10+00:00,408862,64082450808,10159143,288827,0.0,416,2,129,948199,6631948,0.1429744322482625,171,442,471,0.9384288747346072,85,499,3209088,3,0xd8ebefd4bca345a59c336f339593cb3804781974d28b452aa25af44b52c424a5,8,3,20,997065,170,1087818,108,8,4.0,5.0,4,5,0,1.2794320564009591,-1.221564415062648,-0.9110246342185041,-1.4591542074418995,-0.4524832380897028,-0.3605324856637124,-0.4264747113809884,-0.9672054299919689,-0.4141306452136481,-0.5324954794901673,0.7927825394410858,-1.1481520778951466,-1.468234508121063,-1.472393150365166,-0.25837869739201885,0.11855806530977797,0.1351980979296361,0.7331674283858164,0.23046506840616945,1.3946531331220258,2.9565823699577236,1.5906509137378637,0.162927817496582,0.522122229158948,0.10483936564414827,1.0247376896707048,-0.10733639448881149,-0.36174661784450673,0.2,1.0,6.651470064639717,0.8716514420137909,0.17,4.361111111111111,0.00013773379298610914,0.016985138004246284,1.2062820757943218e-06,2.6666666666666665,0.017543859649122806,229.0
0x3e455ff29409e7dba78e7501ad586dd42547723a3d91554ae490e58ab9f0966c,4,0x62646ff35f803ada7510d4a0011ac2ffe1ef7dc6,0x68b3465833fb72a70ecdf485e0e4c7bd8665fc45,2022-06-03 23:55:10+00:00,270984,64082450808,10589466,196413,5.2999999511855104e+17,28,2,135,948199,6631948,0.1429744322482625,171,44,44,1.0,12,37,233005,4,0x3e455ff29409e7dba78e7501ad586dd42547723a3d91554ae490e58ab9f0966c,2,1,22,997065,170,1087818,10,8,10.0,4.0,2,6,0,1.2794320564009591,-1.221564415062648,-0.9110246342185041,-1.4591542074418995,-0.45351155427941237,-0.36086061021705657,-0.5882868419985152,-0.9325964570676379,-0.4141533559162027,-0.5379648250067056,0.9422701333017557,-1.1481520778951466,-1.468234508121063,-1.472393150365166,-0.25874358257415825,-0.8646963537863943,-0.8785261397707762,0.7331674283858164,1.68094451991353,0.8703474439784071,0.6822882392210132,2.1404150544306737,-0.022428176554370644,0.522122229158948,0.1614657550801877,0.43705787183079003,0.44355228543281555,-0.3620658172348333,0.18181818181818182,1.0,6.651470064639717,0.8716514420137909,0.3157894736842105,4.4,0.0001888363389783954,0.045454545454545456,3.0157051894858044e-07,2.0,0.005847953216374269,212.0
0xfde10dbdce8b9ddb2229fced814236b7c4a0d8deacb4b975a299e27abba716aa,1,0xbcb1388df7d7e0e1af9ee37ee87f6ca2ef9aff6e,0x68b3465833fb72a70ecdf485e0e4c7bd8665fc45,2022-06-03 23:56:27+00:00,181780,50428896334,19502811,146841,0.0,208,2,113,948202,6631965,0.14297451811039413,171,265,276,0.9601449275362319,96,921,5899450,5,0xfde10dbdce8b9ddb2229fced814236b7c4a0d8deacb4b975a299e27abba716aa,6,3,9,997067,170,1087822,42,6,4.0,4.0,3,3,0,-0.5310850045437943,-1.2215629145137223,-0.9110229479518763,-1.4591542074418995,-0.4529405545861314,-0.36068233177121145,-0.402092061561909,-0.897987484143307,-0.41413821544783297,-0.5324954794901673,-0.029399226792598352,-1.1481513455115382,-1.468234508121063,-1.4723919922769537,-0.25862443639223515,1.016682231670351,1.0515990073088963,0.20444091753066038,0.23046506840616945,0.8703474439784071,1.8194353045893683,0.49112263235224374,-0.14234938293480245,-0.6621483068390496,1.3343766735014082,0.12181922909310684,-0.10733639448881149,-0.36191773504344465,0.1111111111111111,1.0,6.651473772574962,0.8716509946930705,0.10412147505422993,6.571428571428571,4.491943402869182e-05,0.021739130434782608,9.047092377598495e-07,2.0,0.017543859649122806,230.0
0x298ec4e827651a8e456457b24872c41a18179a7f634a10ad5c68ce274ed3cffd,4,0xb874dd4d665dc22e7744ed38da743aee16dfd0d9,0x68b3465833fb72a70ecdf485e0e4c7bd8665fc45,2022-06-03 23:56:32+00:00,151790,55975325709,6081782,122324,0.0,345,2,108,948203,6631976,0.14297443175307029,171,367,369,0.994579945799458,90,430,2756874,6,0x298ec4e827651a8e456457b24872c41a18179a7f634a10ad5c68ce274ed3cffd,3,2,15,997069,170,1087823,82,6,6.0,4.0,2,4,0,1.2794320564009591,-1.221562414330747,-0.9110218568381759,-1.4591542074418995,-0.45267701626615564,-0.36061086670455805,-0.41539168873595234,-0.863378511218976,-0.41414957079911024,-0.5352301522484365,0.4190635547894112,-1.1481506131279295,-1.468234508121063,-1.4723917027549007,-0.25847550366483135,-0.028291620659130882,-0.0188366828299913,0.20444091753066038,0.713958218908623,0.8703474439784071,0.6822882392210132,1.0408867730450537,-0.18266637521484766,-0.1810667759223635,-0.4317023294484198,-0.034089465411851164,-0.10733639448881149,-0.36180502804222114,0.26666666666666666,1.0,6.651471462857636,0.8716511126799924,0.2088167053364269,4.5,0.00013312174110179098,0.008130081300813009,4.52353868590598e-07,1.5,0.011695906432748537,138.0
0xf013440c6cd4141d4b91c127f0ba5f9276ceb5b52916e097e36de72f00d148a3,1,0x023dae0fc6722a75972b277d5ec54885177ad68b,0x68b3465833fb72a70ecdf485e0e4c7bd8665fc45,2022-06-03 23:56:32+00:00,184056,55975325709,5192374,143878,0.0,164,2,106,948203,6631976,0.14297443175307029,171,172,180,0.9555555555555556,61,525,3375295,7,0xf013440c6cd4141d4b91c127f0ba5f9276ceb5b52916e097e36de72f00d148a3,6,5,9,997069,170,1087823,41,6,4.0,4.0,3,3,0,-0.5310850045437943,-1.221562414330747,-0.9110218568381759,-1.4591542074418995,-0.45318083952493293,-0.3607561021625956,-0.4796732200771616,-0.8287695382946451,-0.41413821544783297,-0.5270261339736291,-0.029399226792598352,-1.1481506131279295,-1.468234508121063,-1.4723917027549007,-0.25862815971042025,0.17389272958791754,0.19181213200579342,0.20444091753066038,0.23046506840616945,0.8703474439784071,1.8194353045893683,0.49112263235224374,-0.13928964720858097,-0.1810667759223635,-0.5487399123234439,0.10297689675969776,-0.10733639448881149,-0.36195393291245076,0.1111111111111111,1.0,6.651471462857636,0.8716511126799924,0.11596958174904944,4.390243902439025,5.095849371432905e-05,0.03333333333333333,9.04707737181196e-07,1.2,0.029239766081871343,52.0
0xa4c5577aeebcd796d33236d4305588e01ae703337308ceff882e608b3306df75,4,0xfaced155776814a2662acb05b93ed096ecb0259c,0x68b3465833fb72a70ecdf485e0e4c7bd8665fc45,2022-06-03 23:56:56+00:00,366711,55556183528,24301753,283003,0.0,3,2,91,948206,6631996,0.14297445293995956,171,5,5,1.0,1,0,57,8,0xa4c5577aeebcd796d33236d4305588e01ae703337308ceff882e608b3306df75,1,1,25,997072,170,1087826,3,9,4.0,5.0,5,6,0,1.2794320564009591,-1.2215609137818215,-0.9110198729950844,-1.4591542074418995,-0.4536123189311678,-0.3608905794385564,-0.6126694918175946,-0.7941605653703141,-0.41415714103329515,-0.5379648250067056,1.1665015240927605,-1.1481495145525167,-1.468234508121063,-1.4723908341887415,-0.2587696458014539,-0.9434418375668238,-0.9578737365023982,0.9975306838133944,0.23046506840616945,1.3946531331220258,4.093729435326079,2.1404150544306737,0.10626221090784627,-0.21742197824696513,1.9658715240508,0.9877016641864744,-0.10733639448881149,-0.3620863842058595,0.16,1.0,6.651471508577114,0.8716514666394565,1.0,1.6666666666666667,0.08620689655172414,0.2,1.5078416814485413e-07,1.0,0.005847953216374269,984.0
0x9222f75d2c92f7a6786b745d6043c81c3dcedd7bbdca41592dd5c45c39a6f670,4,0x701b88a303f94f1ddf2f7289b6cb47b8508fe9c3,0x68b3465833fb72a70ecdf485e0e4c7bd8665fc45,2022-06-03 23:56:56+00:00,250024,55606183528,16862074,179586,5.100000160482591e+17,189,2,101,948206,6631996,0.14297445293995956,171,256,257,0.9961089494163424,50,224,1429927,9,0x9222f75d2c92f7a6786b745d6043c81c3dcedd7bbdca41592dd5c45c39a6f670,64,21,22,997072,170,1087826,44,8,10.0,4.0,2,6,0,1.2794320564009591,-1.2215609137818215,-0.9110198729950844,-1.4591542074418995,-0.4529638079673058,-0.36069693216117293,-0.504055869896241,-0.7595515924459831,-0.4139186786564718,-0.48327136984132274,0.9422701333017557,-1.1481495145525167,-1.468234508121063,-1.4723908341887415,-0.258616989755865,-0.46671242224746745,-0.4708262059863848,0.7331674283858164,1.68094451991353,0.8703474439784071,0.6822882392210132,2.1404150544306737,-0.05060570767106778,-0.21308512025788556,0.9868809510785806,0.3300514843268161,0.4227640628814697,-0.3619333659414246,0.18181818181818182,1.0,6.651471508577114,0.8716514666394565,0.2222222222222222,5.840909090909091,0.00017902999311853463,0.2490272373540856,9.650186761270664e-06,3.0476190476190474,0.12280701754385964,981.0
0xeae2b2e27d37804e9d55dcee5c8965c9fc5c3adafd472df724d0b9b08b2b823a,2,0x0f1cd4c4119dd285516f330305213cbac3894d4e,0x68b3465833fb72a70ecdf485e0e4c7bd8665fc45,2022-06-03 23:56:56+00:00,179008,55556183528,18816223,131643,0.0,22,2,100,948206,6631996,0.14297445293995956,171,29,29,1.0,12,121,771980,10,0xeae2b2e27d37804e9d55dcee5c8965c9fc5c3adafd472df724d0b9b08b2b823a,13,9,12,997072,170,1087826,11,6,5.0,4.0,2,3,0,0.07242068243779021,-1.2215609137818215,-0.9110198729950844,-1.4591542074418995,-0.4535503099147029,-0.36087213684071034,-0.5882868419985152,-0.7249426195216523,-0.41411171962818594,-0.5160874429405524,0.19483216399840642,-1.1481495145525167,-1.468234508121063,-1.4723908341887415,-0.25873985925597315,-0.6859228230416358,-0.694938510993427,0.20444091753066038,0.4722116436573962,0.8703474439784071,0.6822882392210132,0.49112263235224374,-0.1460759151989,-0.21742197824696513,1.2440282620288365,0.025171990887520854,-0.10733639448881149,-0.3620707533078796,0.16666666666666666,1.0,6.651471508577114,0.8716514666394565,0.09836065573770492,2.6363636363636362,3.756569138359623e-05,0.4482758620689655,1.9601941858831037e-06,1.4444444444444444,0.05263157894736842,980.0
0x64d60016be9fa6394d00dc39922ebb3f58ba841ce11e857072f7016f9270509b,1,0x5413197010b10fb08020ab21db7780d3137cff6d,0x68b3465833fb72a70ecdf485e0e4c7bd8665fc45,2022-06-03 23:57:30+00:00,304546,62311408650,5464444,231933,0.0,145,2,85,948207,6632007,0.14297436658314747,171,150,157,0.9554140127388535,53,284,1815957,11,0x64d60016be9fa6394d00dc39922ebb3f58ba841ce11e857072f7016f9270509b,33,12,15,997072,170,1087827,29,8,4.0,4.0,4,5,0,-0.5310850045437943,-1.2215604135988465,-0.9110187818813841,-1.4591542074418995,-0.45323768112335905,-0.36077377631886476,-0.49740605630921936,-0.6903336465973213,-0.41403601728633727,-0.5078834246657451,0.4190635547894112,-1.1481495145525167,-1.468234508121063,-1.4723905446666885,-0.2586728395286414,-0.33901704314406844,-0.3393352605122531,0.7331674283858164,0.23046506840616945,0.8703474439784071,2.9565823699577236,1.5906509137378637,0.022690826276668914,0.36850706252056786,-0.5129381035103819,0.6629369283554916,-0.10733639448881149,-0.3619695638104307,0.06666666666666667,1.0,6.651482540879695,0.8716515846255106,0.18596491228070175,5.413793103448276,8.260102931896002e-05,0.21019108280254778,4.975869295674748e-06,2.75,0.07017543859649122,982.0
0x80b5540a78683da379453d716e5a3519059b315f0a3e43335748aaa34f6b389a,2,0xbcb1388df7d7e0e1af9ee37ee87f6ca2ef9aff6e,0x68b3465833fb72a70ecdf485e0e4c7bd8665fc45,2022-06-03 23:57:38+00:00,395514,65661524430,3522050,309564,0.0,209,2,81,948208,6632016,0.1429743233430076,171,266,277,0.9602888086642599,96,921,5899456,12,0x80b5540a78683da379453d716e5a3519059b315f0a3e43335748aaa34f6b389a,7,3,23,997072,170,1087828,42,9,4.0,4.0,5,6,0,0.07242068243779021,-1.2215599134158712,-0.9110178891519928,-1.4591542074418995,-0.4529379708771121,-0.3606815633296346,-0.402092061561909,-0.6557246736729904,-0.41413443033074054,-0.5324954794901673,1.0170139302320906,-1.1481495145525167,-1.468234508121063,-1.4723902551446355,-0.25862443639223515,1.016682231670351,1.051601051050763,0.9975306838133944,0.23046506840616945,0.8703474439784071,4.093729435326079,2.1404150544306737,0.14498346227970826,0.6590865902172579,-0.7685385689333929,1.1566085791738787,-0.10733639448881149,-0.3619169123646036,0.08695652173913043,1.0,6.651491567309081,0.871651702611348,0.10412147505422993,6.595238095238095,4.50888954695322e-05,0.02527075812274368,1.055485994002427e-06,2.3333333333333335,0.017543859649122806,985.0
0x68cc378db1f81dd01862f4d11525d43beb9233ad8bd21c09667cc0ec84199745,4,0x530e5c45083983da93784691ab6c6e7c541eb370,0x68b3465833fb72a70ecdf485e0e4c7bd8665fc45,2022-06-03 23:57:38+00:00,241062,65161524430,4423300,168628,0.0,1907,2,83,948208,6632016,0.1429743233430076,171,1965,1985,0.9899244332493703,311,445,2858950,13,0x68cc378db1f81dd01862f4d11525d43beb9233ad8bd21c09667cc0ec84199745,494,124,19,997072,170,1087828,334,6,4.0,5.0,4,5,0,1.2794320564009591,-1.2215599134158712,-0.9110178891519928,-1.4591542074418995,-0.44854824925320136,-0.3593690651162577,0.07447791217464253,-0.6211157007486594,-0.4122910783067252,-0.20160007573960115,0.7180387425107508,-1.1481495145525167,-1.468234508121063,-1.4723902551446355,-0.2575372274821871,0.003632224116718868,0.01593281630276383,0.20444091753066038,0.23046506840616945,1.3946531331220258,2.9565823699577236,1.5906509137378637,-0.0626537531800296,0.6157180103264623,-0.6499426921635467,0.2603672866523319,-0.10733639448881149,-0.3605200036925044,0.21052631578947367,1.0,6.651491567309081,0.871651702611348,0.6973094170403588,5.9431137724550895,0.0006873150326815675,0.24886649874055417,7.448715443388557e-05,3.9838709677419355,0.7251461988304093,976.0
0x11f182d08dc57e62767013ce42d2c3212475b962665e6275471ce78629dd9cd0,4,0x0079dfb5d8262183367820d0ac36d00e4caed378,0x68b3465833fb72a70ecdf485e0e4c7bd8665fc45,2022-06-03 23:57:52+00:00,383508,62174236005,3731023,272280,0.0,1813,2,79,948209,6632026,0.14297425854482476,171,1896,1977,0.9590288315629742,59,60,382294,14,0x11f182d08dc57e62767013ce42d2c3212475b962665e6275471ce78629dd9cd0,868,56,20,997072,170,1087829,272,8,4.0,5.0,4,5,0,1.2794320564009591,-1.2215594132328962,-0.9110168972304471,-1.4591542074418995,-0.4487265251755379,-0.35937521264887307,-0.48410642913517604,-0.5865067278243284,-0.41087544451415486,-0.3875578233019028,0.7927825394410858,-1.1481495145525167,-1.468234508121063,-1.4723899656225823,-0.25776807320966305,-0.8157464584634248,-0.827674776511735,0.7331674283858164,0.23046506840616945,1.3946531331220258,2.9565823699577236,1.5906509137378637,0.12884322188910396,0.35660909689353937,-0.7410397216033235,0.9195118803150112,-0.10733639448881149,-0.36059733550356293,0.2,1.0,6.651501596675065,0.8716518205969683,0.9672131147540983,7.268382352941177,0.0049595207889195515,0.43904906423874557,0.00013088006591047743,15.5,0.32748538011695905,983.0
0xcdef310914bb848eba9fe9d11d2fc4a7e11e8e0a6b2b36c897bb098adc1898e8,4,0x1d102cc151c2cd40c9ceda6394b7649cddd260b4,0x68b3465833fb72a70ecdf485e0e4c7bd8665fc45,2022-06-03 23:57:52+00:00,250024,61674236005,4890028,179586,6.699999860495483e+17,120,2,77,948209,6632026,0.14297425854482476,171,169,173,0.976878612716763,52,138,883149,15,0xcdef310914bb848eba9fe9d11d2fc4a7e11e8e0a6b2b36c897bb098adc1898e8,56,31,22,997072,170,1087829,20,8,10.0,4.0,2,6,0,1.2794320564009591,-1.2215594132328962,-0.9110168972304471,-1.4591542074418995,-0.453188590651991,-0.36076148125363405,-0.49962266083822654,-0.5518977548999975,-0.41394895959321126,-0.45592464225863133,0.9422701333017557,-1.1481495145525167,-1.468234508121063,-1.4723899656225823,-0.2587063493923073,-0.6497424656290061,-0.6570717210615208,0.7331674283858164,1.68094451991353,0.8703474439784071,0.6822882392210132,2.1404150544306737,-0.05060570767106778,0.31324051700274375,-0.5885257530533811,0.3300514843268161,0.5890700221061707,-0.36199013078145686,0.18181818181818182,1.0,6.651501596675065,0.8716518205969683,0.37410071942446044,8.65,0.00019136047104115948,0.3236994219653179,8.443875220030802e-06,1.8064516129032258,0.18128654970760233,977.0
0xd92e460b20d59f5aa8602934baa6af415380b10455de9bc0b512a3fd9124dfa0,4,0x30ed177f8f83cb2d9f9db44567d98fe9ac06c155,0x68b3465833fb72a70ecdf485e0e4c7bd8665fc45,2022-06-03 23:58:02+00:00,243654,59279187583,5882541,193809,0.0,449,2,73,948210,6632029,0.14297434465380052,171,450,463,0.9719222462203023,128,723,4659268,16,0xd92e460b20d59f5aa8602934baa6af415380b10455de9bc0b512a3fd9124dfa0,41,27,19,997072,170,1087830,45,6,4.0,5.0,4,5,0,1.2794320564009591,-1.221558913049921,-0.9110165996539833,-1.4591542074418995,-0.4524625684175479,-0.36053863319632773,-0.3311607166336781,-0.5172887819756665,-0.41400573634959775,-0.4668633332917079,0.7180387425107508,-1.1481495145525167,-1.468234508121063,-1.4723896761005293,-0.2586132664376799,0.5952874806291343,0.6291636946648024,0.20444091753066038,0.23046506840616945,1.3946531331220258,2.9565823699577236,1.5906509137378637,-0.05916920353048384,0.10550081933908187,-0.4579205386950228,0.42049849505178316,-0.10733639448881149,-0.36171946944275213,0.21052631578947367,1.0,6.65150460548486,0.8716519385823717,0.17679558011049723,10.28888888888889,9.658167407805817e-05,0.08855291576673865,6.182120132466248e-06,1.5185185185185186,0.15789473684210525,978.0
0x12e5497341c83c3a3566393b31faa337fa3dc6a9018aa04393fdd12e2a43bda2,1,0xbcb1388df7d7e0e1af9ee37ee87f6ca2ef9aff6e,0x68b3465833fb72a70ecdf485e0e4c7bd8665fc45,2022-06-03 23:58:35+00:00,197664,45107725573,12154472,154868,0.0,210,2,61,948213,6632048,0.14297438739888493,171,267,278,0.960431654676259,96,921,5899462,17,0x12e5497341c83c3a3566393b31faa337fa3dc6a9018aa04393fdd12e2a43bda2,8,3,9,997072,170,1087834,42,6,4.0,4.0,3,3,0,-0.5310850045437943,-1.2215574125009954,-0.9110147150030463,-1.4591542074418995,-0.45293538716809273,-0.36068079488805765,-0.402092061561909,-0.4826798090513356,-0.4141306452136481,-0.5324954794901673,-0.029399226792598352,-1.1481495145525167,-1.468234508121063,-1.472388518012317,-0.25862443639223515,1.016682231670351,1.0516030947926298,0.20444091753066038,0.23046506840616945,0.8703474439784071,1.8194353045893683,0.49112263235224374,-0.12099576154846577,-1.1236915453610379,0.3674055705809588,0.17286458907969973,-0.10733639448881149,-0.3619160896857626,0.1111111111111111,1.0,6.651523661280229,0.8716514912647598,0.10412147505422993,6.619047619047619,4.525835656567386e-05,0.02877697841726619,1.2062638871130003e-06,2.6666666666666665,0.017543859649122806,979.0
0xc85f6328066ac3b262caaa50ec184800380babdde88a02e0147070b5abc2530c,4,0x8e630b8c241cb4b9f7bcd4bc187b810caf03c583,0x68b3465833fb72a70ecdf485e0e4c7bd8665fc45,2022-06-03 23:58:42+00:00,338985,50494444688,9830174,196674,6999999976046592.0,10,2,44,948214,6632068,0.14297410702061558,171,14,15,0.9333333333333333,9,113,724056,18,0xc85f6328066ac3b262caaa50ec184800380babdde88a02e0147070b5abc2530c,3,3,22,997073,170,1087835,7,8,10.0,4.0,2,6,0,1.2794320564009591,-1.2215569123180203,-0.9110127311599547,-1.4591542074418995,-0.45358906554999345,-0.3608828950227872,-0.5949366555855369,-0.44807083612700466,-0.41414957079911024,-0.5324954794901673,0.9422701333017557,-1.1481491483607125,-1.468234508121063,-1.472388228490264,-0.25875475252871355,-0.7029488735887556,-0.71126255853093,0.7331674283858164,1.68094451991353,0.8703474439784071,0.6822882392210132,2.1404150544306737,0.06898882217971913,-0.6564628287847313,0.06155019284514738,0.43871762503329415,-0.10006050765514374,-0.3620806254539721,0.18181818181818182,1.0,6.651537048942254,0.8716516092499237,0.07894736842105263,2.142857142857143,1.9335494305006375e-05,0.2,4.5234759354095886e-07,1.0,0.017543859649122806,106.0
0x9ea5257031c32a3d63fe05fb43b4cc05b44a6f49ee1f1fff0705f8188cd76ccb,4,0xaa9b91e18a9f7fe0878f3c476fed4f13bf7c2c6d,0x68b3465833fb72a70ecdf485e0e4c7bd8665fc45,2022-06-03 23:58:42+00:00,250024,49994444688,17305475,158754,2.1999999311151104e+17,53,2,47,948214,6632068,0.14297410702061558,171,75,77,0.974025974025974,22,190,1217369,19,0x9ea5257031c32a3d63fe05fb43b4cc05b44a6f49ee1f1fff0705f8188cd76ccb,5,5,22,997073,170,1087835,13,8,10.0,4.0,2,6,0,1.2794320564009591,-1.2215569123180203,-0.9110127311599547,-1.4591542074418995,-0.4534314592998119,-0.3608352516450183,-0.5661207967084431,-0.4134618632026737,-0.4141420005649254,-0.5270261339736291,0.9422701333017557,-1.1481491483607125,-1.468234508121063,-1.472388228490264,-0.25873241261960295,-0.5390731370727269,-0.5432284866072963,0.7331674283858164,1.68094451991353,0.8703474439784071,0.6822882392210132,2.1404150544306737,-0.05060570767106778,-0.6998314086755268,1.045228280183298,0.1975764700947614,0.12133438140153885,-0.3620452502638071,0.18181818181818182,1.0,6.651537048942254,0.8716516092499237,0.11518324607329843,5.923076923076923,6.160822100101038e-05,0.06493506493506493,7.539126559015981e-07,1.0,0.029239766081871343,146.0
0x3a7bca4e5535ea46be0891068699f8235ea2189a0f400554edb29b614c118849,4,0x530e5c45083983da93784691ab6c6e7c541eb370,0x68b3465833fb72a70ecdf485e0e4c7bd8665fc45,2022-06-03 23:59:11+00:00,258111,56551246859,4240157,209161,1.1652958482704892e+19,1908,2,34,948215,6632077,0.1429740637812257,171,1966,1986,0.9899295065458208,311,445,2858958,20,0x3a7bca4e5535ea46be0891068699f8235ea2189a0f400554edb29b614c118849,495,124,24,997074,170,1087836,334,8,10.0,4.0,2,6,0,1.2794320564009591,-1.221556412135045,-0.9110118384305635,-1.4591542074418995,-0.44854566554418196,-0.3593682966746808,0.07447791217464253,-0.37885289027834274,-0.41228729318963275,-0.20160007573960115,1.0917577271624255,-1.148148782168908,-1.468234508121063,-1.472387938968211,-0.2575372274821871,0.003632224116718868,0.01593554129191958,0.7331674283858164,1.68094451991353,0.8703474439784071,0.6822882392210132,2.1404150544306737,-0.039733966538399376,-0.13111301111321574,-0.6740425586370667,0.5181250512389234,12.00489616394043,-0.36051918101366337,0.16666666666666666,1.0,6.651539404296973,0.8716517272348706,0.6973094170403588,5.946107784431137,0.0006876628870858239,0.24924471299093656,7.46372516483147e-05,3.9919354838709675,0.7251461988304093,1008.0
0xc200f5907f92c624a685d323356ee932e6686531342506985e73f2fd493fde4c,4,0x3f83c1d492ad28a6fd7c9d5e4d5839bd961b1943,0x68b3465833fb72a70ecdf485e0e4c7bd8665fc45,2022-06-03 23:59:48+00:00,241048,51557753964,12199091,159945,0.0,390,2,31,948217,6632085,0.14297419288202728,171,418,420,0.9952380952380953,129,1651,10281568,21,0xc200f5907f92c624a685d323356ee932e6686531342506985e73f2fd493fde4c,14,9,19,997074,170,1087838,121,6,4.0,5.0,4,5,0,1.2794320564009591,-1.2215554117690948,-0.911011044893327,-1.4591542074418995,-0.4525452471061677,-0.3605716761841352,-0.3289441121046709,-0.3442439173540118,-0.4141079345110935,-0.5160874429405524,0.7180387425107508,-1.148148782168908,-1.468234508121063,-1.4723873599241049,-0.2583302942556126,2.570309344095039,2.544252010959418,0.20444091753066038,0.23046506840616945,1.3946531331220258,2.9565823699577236,1.5906509137378637,-0.06267257405005029,-0.5642344022150712,0.37327700406289366,0.20515028643262512,-0.10733639448881149,-0.361768007494374,0.21052631578947367,1.0,6.651547427773666,0.8716519632041139,0.07808716707021791,3.4710743801652892,4.0655273528777566e-05,0.03333333333333333,2.110950025519878e-06,1.5555555555555556,0.05263157894736842,1007.0
0x37c00096614af3282092ac59c745d76764ba9cfe1b4bf46e1487c2ef23ad5198,1,0x6c2287e4ada266d24bee17ee807a94453d289193,0x68b3465833fb72a70ecdf485e0e4c7bd8665fc45,2022-06-03 23:59:48+00:00,287482,52057753964,7197579,209253,0.0,556,2,26,948217,6632085,0.14297419288202728,171,614,650,0.9446153846153846,69,122,777775,22,0x37c00096614af3282092ac59c745d76764ba9cfe1b4bf46e1487c2ef23ad5198,154,37,15,997074,170,1087838,162,8,4.0,4.0,4,5,0,-0.5310850045437943,-1.2215554117690948,-0.911011044893327,-1.4591542074418995,-0.4520388401383711,-0.36039493462144395,-0.4619403838451039,-0.30963494442968087,-0.41357801811815276,-0.4395166057090165,0.4190635547894112,-1.148148782168908,-1.468234508121063,-1.4723873599241049,-0.25817763821002365,-0.6837945667232458,-0.6929645969737327,0.7331674283858164,0.23046506840616945,0.8703474439784071,2.9565823699577236,1.5906509137378637,-0.00024912558284062195,-0.5208658223242756,-0.28487412028097003,0.5187100983447869,-0.10733639448881149,-0.36163144280676,0.06666666666666667,1.0,6.651547427773666,0.8716519632041139,0.5609756097560976,4.012345679012346,0.000789430375840859,0.23692307692307693,2.3220450280718657e-05,4.162162162162162,0.21637426900584794,1005.0
0x24750e01aad1d335ce36d27ddd4ade5f0e41092a25ac661ce1c9e1d2de18b081,4,0x661f8f426fb1fedd25b0c67da0a0d40d9be3b25b,0x68b3465833fb72a70ecdf485e0e4c7bd8665fc45,2022-06-04 00:00:00+00:00,256704,47675272097,12035371,190110,0.0,424,2,4,948220,6632097,0.14297438653264571,172,494,497,0.993963782696177,131,227,1443456,23,0x24750e01aad1d335ce36d27ddd4ade5f0e41092a25ac661ce1c9e1d2de18b081,210,77,21,997074,171,1087841,53,8,9.0,4.0,2,6,0,1.2794320564009591,-1.2215539112201692,-0.9110098545874721,-1.4572790413967984,-0.45234888522069555,-0.36051250618271247,-0.3245109030466564,-0.2750259715053499,-0.41336605156097644,-0.3301296953782508,0.8675263363714207,-1.148148782168908,-1.4664175361202532,-1.4723864913579456,-0.2585834798921991,-0.4603276532922975,-0.46621790870037194,0.7331674283858164,1.439197944662303,0.8703474439784071,0.6822882392210132,2.1404150544306737,-0.041625463975479185,-0.9009898522621808,0.3517330185485977,0.39697578587146587,-0.10733639448881149,-0.36174003641377833,0.19047619047619047,1.0,6.651559462988705,0.8716523171563517,0.5745614035087719,9.377358490566039,0.0003422339563977313,0.4225352112676056,3.166419309005885e-05,2.727272727272727,0.4476744186046512,1006.0
0xa71c647faba02371eb20681b11f4ec2000c635a6642032e8e8f018ba979eb857,4,0x0aced5cba668f3cd786bc2e1a49d732d4e02487f,0x68b3465833fb72a70ecdf485e0e4c7bd8665fc45,2022-06-04 00:00:00+00:00,304124,62700000000,3552551,241071,0.0,252,0,10,948220,6632097,0.14297438653264571,172,294,301,0.9767441860465116,120,648,4168900,24,0xa71c647faba02371eb20681b11f4ec2000c635a6642032e8e8f018ba979eb857,17,11,27,997074,171,1087841,69,10,12.0,4.0,2,8,0,1.2794320564009591,-1.2215539112201692,-0.9110098545874721,-1.4572790413967984,-0.4528656270245697,-0.3606631207317885,-0.3488935528657358,-0.24041699858101895,-0.4140965791598162,-0.5106180974240142,1.3159891179534304,-1.148148782168908,-1.4664175361202532,-1.4723864913579456,-0.2585239068012376,0.43566825674988546,0.4621327593741281,1.2618939392409725,2.1644376704159836,0.8703474439784071,0.6822882392210132,3.2399433358162937,0.022123511480330833,0.4022123725352621,-0.7645249291693351,0.7210473680661539,-0.10733639448881149,-0.36188153717443855,0.14814814814814814,1.0,6.651559462988705,0.8716523171563517,0.18489984591679506,4.36231884057971,7.052218318448914e-05,0.05647840531561462,2.5632918215761924e-06,1.5454545454545454,0.06395348837209303,1009.0
0xeb8cc7be91b603544c42559f5490befe947b27d0e79ba7bdadc26ab7fe15600e,7,0x59869455395c45fe067dc46ecd342879e9dd40f0,0x6a1e73f12018d8e5f966ce794aa2921941feb17e,2022-06-03 23:58:35+00:00,189627,47071501105,5130691,149206,0.0,27,0,50,249,251,0.9920318725099602,84,38,38,1.0,15,101,643191,1,0xeb8cc7be91b603544c42559f5490befe947b27d0e79ba7bdadc26ab7fe15600e,3,3,18,53,147,940181,11,7,6.0,4.0,1,3,0,3.0899491173457125,-1.6957128663807157,-1.5688369481549995,-1.6222936533656909,-0.4535270565335286,-0.36086522086651807,-0.5816370284114936,-1.0364233758406307,-0.41414957079911024,-0.5324954794901673,0.643294945580416,-1.5132497010715724,-1.5100248641396892,-1.5151373177124563,-0.25873985925597315,-0.7284879494094354,-0.7388070895408662,0.4688041729582384,0.713958218908623,0.8703474439784071,-0.45485882614734197,0.49112263235224374,-0.13180028528820312,-0.9533592332667746,-0.5568568049356984,0.136858755238403,-0.10733639448881149,-0.3620666399136743,0.3888888888888889,0.5675675675675675,4.735849056603773,0.00026484233903648443,0.14705882352941177,3.4545454545454546,5.90803368201097e-05,0.07894736842105263,0.01195219123505976,1.0,0.03571428571428571,290.0
0x970d4ec3dc6df6006ebaf699ec758823fd9e42a70ee88b06fcbfc1d469f97942,2,0xdacf99fbac7d7d0554a8d94d4793348e2c61ebd0,0x7a250d5630b4cf539739df2c5dacb4c659f2488d,2022-06-03 23:55:28+00:00,239330,56472884176,6884788,190894,0.0,705,2,127,4107315,54333268,0.07559484550055041,729,770,779,0.9884467265725289,101,584,3760877,1,0x970d4ec3dc6df6006ebaf699ec758823fd9e42a70ee88b06fcbfc1d469f97942,81,52,14,3121282,728,4691606,22,8,5.0,3.0,1,3,0,0.07242068243779021,0.35857162474338566,3.820572072782016,-0.41281155427551275,-0.45163578153134926,-0.36029580565802144,-0.39100903891687294,-1.0364233758406307,-0.4138543316659004,-0.39849651433497935,0.34431975785907626,-0.37028122196667496,-0.45436413166917816,-0.42901704982020544,-0.2586989027559371,0.29945985237292655,0.3231504780872032,0.7331674283858164,0.4722116436573962,0.3460417548347884,-0.45485882614734197,0.49112263235224374,-0.06498216367116125,-0.13790996766950092,-0.3260344230723342,0.4019614046866507,-0.10733639448881149,-0.3615088636594439,0.14285714285714285,1.0,17.407356336274646,0.8754601568289927,0.17264957264957265,35.40909090909091,0.00020473942520868798,0.10397946084724005,1.4907993386298797e-06,1.5576923076923077,0.07133058984910837,679.0
0x7659af4f957ca35a865dbee69d78c4c197e93b0edea7f02c5898dad59939f118,3,0x23143b19d11b66a8906a74656b72786a2d78a675,0x7a250d5630b4cf539739df2c5dacb4c659f2488d,2022-06-03 23:58:35+00:00,233303,45000000000,13573912,188363,0.0,4,0,54,4107319,54333274,0.07559491077235655,729,7,7,1.0,3,45,285574,2,0x7659af4f957ca35a865dbee69d78c4c197e93b0edea7f02c5898dad59939f118,4,2,15,3121282,728,4691620,2,8,5.0,3.0,1,3,0,0.6759263694193747,0.3585736254752864,3.820572667934943,-0.41281155427551275,-0.4536071515131291,-0.36088904255540255,-0.6082362827595802,-1.0018144029162999,-0.4141457856820178,-0.5352301522484365,0.4190635547894112,-0.37028122196667496,-0.45436413166917816,-0.42901299651146263,-0.258773369119639,-0.8476703032392745,-0.8606198954047175,0.7331674283858164,0.4722116436573962,0.3460417548347884,-0.45485882614734197,0.49112263235224374,-0.0730845482150703,-1.1330353555989023,0.5541902932685489,0.38586625006773123,-0.10733639448881149,-0.36208556152701843,0.2,1.0,17.407358258561707,0.8754583970018038,0.06521739130434782,3.5,2.4511949575418015e-05,0.5714285714285714,7.361971229637293e-08,2.0,0.0027434842249657062,677.0
0x09be7b12c40f7c7d4825a481ba6ddea43068eb0f6e8e055fb646307bab4b1a06,5,0xc6ebb76a355147ebf066b20a9f37800662861e73,0x881d40237659c251811cec9c364ef91dc08d300c,2022-06-03 23:55:10+00:00,323471,63898120994,496240,199773,0.0,254,2,130,2073290,4873847,0.42539086680398464,600,263,273,0.9633699633699634,87,254,1627664,1,0x09be7b12c40f7c7d4825a481ba6ddea43068eb0f6e8e055fb646307bab4b1a06,5,5,24,1269611,599,3858315,50,11,5.0,6.0,1,2,0,1.8829377433825436,-0.6588130513389321,-1.08541446037372,-0.6547079740935484,-0.45294572200417016,-0.36068463709594223,-0.422041502322974,-1.0364233758406307,-0.4141420005649254,-0.5270261339736291,1.0917577271624255,-1.0483479664037683,-0.6887535197736462,-0.670273170934769,-0.2585946498467544,-0.40286473269576795,-0.4034723084001392,1.5262571946685506,0.4722116436573962,1.9189588222656444,-0.45485882614734197,-0.05864150834056629,0.04813260950107222,0.506133984629519,-1.1667062137477824,0.4584248096101537,-0.10733639448881149,-0.3618798918167565,0.20833333333333334,1.0,3.838850640077945,0.5373561937384081,0.3411764705882353,5.46,0.00016158116074253609,0.018315018315018316,1.0258836602790362e-06,1.0,0.008333333333333333,629.0
0x90a663b82b851791557364a39a94963874970ae98afcc5ef615ad6c8dc1d1a37,5,0xcbbd50ad883394c1e244cbb0d7ca97e20ad208bc,0x881d40237659c251811cec9c364ef91dc08d300c,2022-06-03 23:56:27+00:00,261111,50428896334,23330707,199761,0.0,222,2,120,2073291,4873852,0.42539063557941437,600,243,248,0.9798387096774194,96,277,1775465,2,0x90a663b82b851791557364a39a94963874970ae98afcc5ef615ad6c8dc1d1a37,5,5,24,1269611,599,3858319,84,11,5.0,6.0,1,2,0,1.8829377433825436,-0.6588125511559569,-1.085413964412947,-0.6547079740935484,-0.4529973961845576,-0.3607038481353652,-0.402092061561909,-1.0018144029162999,-0.4141420005649254,-0.5270261339736291,1.0917577271624255,-1.0483479664037683,-0.6887535197736462,-0.6702720128465568,-0.25846805702846115,-0.35391483737279833,-0.35312779312406706,1.5262571946685506,0.4722116436573962,1.9189588222656444,-0.45485882614734197,-0.05864150834056629,-0.035700922962536234,-0.6621483068390496,1.8380911614945148,0.4583484991180845,-0.10733639448881149,-0.36190621753967,0.20833333333333334,1.0,3.838854578292091,0.5373558958303095,0.34532374100719426,2.9523809523809526,0.0001368654764439308,0.020161290322580645,1.0258826078428316e-06,1.0,0.008333333333333333,632.0
0x596a3771a9b5bd7772d993505a948de6785caae3c6e60fa2e6542f0b06a801e9,4,0xb2f434198715ebea7b99de6f837e166380a7f297,0x881d40237659c251811cec9c364ef91dc08d300c,2022-06-03 23:56:27+00:00,355790,50428896334,21131331,262654,1.8999999358230856e+18,14,2,119,2073291,4873852,0.42539063557941437,600,23,24,0.9583333333333334,15,262,1678929,3,0x596a3771a9b5bd7772d993505a948de6785caae3c6e60fa2e6542f0b06a801e9,13,12,28,1269611,599,3858319,3,14,4.0,9.0,1,1,0,1.2794320564009591,-0.6588125511559569,-1.085413964412947,-0.6547079740935484,-0.45356581216881914,-0.3608759790485949,-0.5816370284114936,-0.9672054299919689,-0.41411171962818594,-0.5078834246657451,1.3907329148837653,-1.0483479664037683,-0.6887535197736462,-0.6702720128465568,-0.2587696458014539,-0.3858386821486481,-0.3860102372664673,2.3193469609512847,0.23046506840616945,3.4918758896965003,-0.45485882614734197,-0.6084056490333764,0.09158058794384581,-0.6621483068390496,1.5486743236952834,0.8582981472602033,1.8675475120544434,-0.362077334738608,0.14285714285714285,1.0,3.838854578292091,0.5373558958303095,0.057034220532319393,8.0,1.3699201277003806e-05,0.5416666666666666,2.667294780391362e-06,1.0833333333333333,0.02,630.0
0x7c5acb96a8d6fee98768f6987499513f86b20c48535ed57d45b5841d74ecc3f0,5,0x9c16092a3a5d1f962a1d000c07fa2fe0a88750a8,0x881d40237659c251811cec9c364ef91dc08d300c,2022-06-03 23:56:56+00:00,272918,56056183528,15682523,187720,0.0,7,2,102,2073292,4873856,0.42539049163537046,600,10,11,0.9090909090909091,4,5,33774,4,0x7c5acb96a8d6fee98768f6987499513f86b20c48535ed57d45b5841d74ecc3f0,2,2,24,1269611,599,3858323,6,11,5.0,6.0,1,2,0,1.8829377433825436,-0.6588120509729818,-1.0854135676443288,-0.6547079740935484,-0.45359940038607094,-0.3608859687890949,-0.6060196782305729,-0.9325964570676379,-0.4141533559162027,-0.5352301522484365,1.0917577271624255,-1.0483479664037683,-0.6887535197736462,-0.6702708547583446,-0.25875847584689865,-0.9328005559748738,-0.9463889290818575,1.5262571946685506,0.4722116436573962,1.9189588222656444,-0.45485882614734197,-0.05864150834056629,-0.019828207795797543,-0.1740533983561695,0.8316633255143655,0.38177727953435897,-0.10733639448881149,-0.3620830934904953,0.20833333333333334,1.0,3.838857728863408,0.5373555979228287,0.6666666666666666,1.8333333333333333,0.00029607698001480384,0.18181818181818182,4.10352706358169e-07,1.0,0.0033333333333333335,631.0
0x99b3a87876dcb2f7357e069503585cc4d177de20b73b38c30b4ebb53f3b7a9be,5,0x854e5258494456858147dff41d315e1a1ad4701a,0x881d40237659c251811cec9c364ef91dc08d300c,2022-06-03 23:56:56+00:00,301231,56702453326,9725743,208178,0.0,436,2,95,2073292,4873856,0.42539049163537046,600,461,479,0.9624217118997912,120,350,2242832,5,0x99b3a87876dcb2f7357e069503585cc4d177de20b73b38c30b4ebb53f3b7a9be,45,21,25,1269611,599,3858323,133,12,5.0,7.0,1,2,0,1.8829377433825436,-0.6588120509729818,-1.0854135676443288,-0.6547079740935484,-0.4524341476183348,-0.360526338131097,-0.3488935528657358,-0.897987484143307,-0.41399059588122805,-0.48327136984132274,1.1665015240927605,-1.0483479664037683,-0.6887535197736462,-0.6702708547583446,-0.2582856144373914,-0.19855212613032955,-0.1939315422798102,1.7906204500961285,0.4722116436573962,2.443264511409263,-0.45485882614734197,-0.05864150834056629,0.018234313125340143,-0.11799779162502684,0.047808072449084346,0.5118739500969249,-0.10733639448881149,-0.3617301642676858,0.2,1.0,3.838857728863408,0.5373555979228287,0.3418803418803419,3.601503759398496,0.00020554361381342257,0.09394572025052192,9.232935893058802e-06,2.142857142857143,0.035,633.0
0x5e30c1c27ce603ab74e4b229cf688e483759784252fc294c3ba338e66839f12c,4,0xfac315a6ece59725275bd64cc11ba51f1baf4c23,0x881d40237659c251811cec9c364ef91dc08d300c,2022-06-03 23:59:48+00:00,338946,51750391615,913787,212946,0.0,196,2,30,2073298,4873867,0.4253907626121107,600,236,239,0.9874476987447699,38,228,1461508,6,0x5e30c1c27ce603ab74e4b229cf688e483759784252fc294c3ba338e66839f12c,6,3,22,1269613,599,3858335,40,10,8.0,5.0,1,2,0,1.2794320564009591,-0.6588090498751307,-1.0854124765306283,-0.6547079740935484,-0.4530154821476932,-0.36071076410955744,-0.5306551242443276,-0.863378511218976,-0.41413821544783297,-0.5324954794901673,0.9422701333017557,-1.0483472340201598,-0.6887535197736462,-0.6702673804937078,-0.25863188302860535,-0.4581993969739075,-0.4600689706704286,1.2618939392409725,1.1974513694110764,1.3946531331220258,-0.45485882614734197,-0.05864150834056629,0.06893639261323291,-0.5475255595003338,-1.1117610236699804,0.5421946522790696,-0.10733639448881149,-0.36192760718953726,0.18181818181818182,1.0,3.838860345632882,0.5373554817413517,0.16593886462882096,5.975,0.00016147693924567006,0.02510460251046025,1.231055340656608e-06,2.0,0.005,78.0
0x65cd680e170c1ce7aedaa4fe97c9bea4866fff09ea32387edd198c73eda1d0dd,3,0x1427318193513724534045c65f7f01dacd7469a0,0x881d4032abe4188e2237efcd27ab435e81fc6bb1,2022-06-04 00:00:00+00:00,250000,47675272097,9083065,162302,0.0,0,2,7,210570,419306,0.5021869470029048,282,2,2,1.0,2,1,38,1,0x65cd680e170c1ce7aedaa4fe97c9bea4866fff09ea32387edd198c73eda1d0dd,1,1,15,419303,284,1810597,1,7,5.0,5.0,1,2,0,0.6759263694193747,-1.590513882858729,-1.5272699798184397,-1.2510107764356828,-0.4536200700582259,-0.3608928847632871,-0.6104528872885874,-1.0364233758406307,-0.41415714103329515,-0.5379648250067056,0.4190635547894112,-1.3597237871239805,-1.2610997000287425,-1.263132690378123,-0.2587770924378241,-0.9413135812484338,-0.957880208351643,0.4688041729582384,0.4722116436573962,1.3946531331220258,-0.45485882614734197,-0.05864150834056629,-0.05063797201967468,-0.9009898522621808,-0.036762203157785264,0.22013893891654185,-0.10733639448881149,-0.36208885224238263,0.2,0.9894736842105263,1.0000071547305887,0.1162985930615189,1.0,2.0,0.05128205128205128,0.5,2.384893132938713e-06,1.0,0.0035460992907801418,124.0
0xfb45b626f7af1f85709f3b0a9dcc143f531efb38cfc9980184f5c25fb0d95622,1,0x806346b423ddb4727c1f5dc718886430aa7ce9cf,0x8888882f8f843896699869179fb6e4f7e3b58888,2022-06-03 23:56:27+00:00,1275000,50000000000,25754641,919325,0.0,518,2,115,86,87,0.9885057471264368,7,575,596,0.964765100671141,198,597,3843663,1,0xfb45b626f7af1f85709f3b0a9dcc143f531efb38cfc9980184f5c25fb0d95622,2,1,79,21,6,37740,177,28,18.0,9.0,2,8,0,-0.5310850045437943,-1.6957943962056694,-1.5688532156683501,-1.766681438838472,-0.45213960479012655,-0.36043643046659757,-0.17599839960317293,-1.0364233758406307,-0.4141533559162027,-0.5379648250067056,5.202666558330846,-1.5132614192093097,-1.7662179162538751,-1.7764138887959646,-0.2581217884372472,0.32712718451199635,0.3513493471181632,6.020432536937377,3.614917121923344,3.4918758896965003,0.6822882392210132,3.2399433358162937,1.3273185830668979,-0.6993495566909462,2.1570576835053226,5.034205408722261,-0.10733639448881149,-0.3616627046027199,0.012658227848101266,1.0,4.142857142857143,0.002278688958957102,0.3311036789297659,3.367231638418079,0.00014959684301229243,0.003355704697986577,0.022988505747126436,2.0,0.14285714285714285,53.0
0x26ec74708d0d260bdb5336e79d36a4064ab88d0ec6cc1aa25acfd835bb67eb86,1,0x921e504036c376194bfd809e4368d106aca9bbb1,0xa0b86991c6218b36c1d19d4a2e9eb0ce3606eb48,2022-06-03 23:54:16+00:00,250000,53865933709,20894384,43713,0.0,0,2,153,4921744,22257230,0.22113012266126558,1357,2,2,1.0,1,0,34,1,0x26ec74708d0d260bdb5336e79d36a4064ab88d0ec6cc1aa25acfd835bb67eb86,1,1,2,6275873,1400,8817592,1,3,1.0,1.0,1,1,0,-0.5310850045437943,0.7659351450329819,0.6388807532457106,0.7647927220479476,-0.4536200700582259,-0.3608928847632871,-0.6126694918175946,-1.0364233758406307,-0.41415714103329515,-0.5379648250067056,-0.5526058053049429,0.7849041481128666,0.7666410528750274,0.7655468877874173,-0.2587770924378241,-0.9434418375668238,-0.9578815708462209,-0.5886488487520737,-0.4947746573475108,-0.702569623452449,-0.45485882614734197,-0.6084056490333764,-0.05063797201967468,-0.36402944686837374,1.5174943656226234,-0.5339931397492192,-0.10733639448881149,-0.36208885224238263,0.5,0.9685938615274804,3.5464755261937264,0.558173188533424,1.0,2.0,0.05714285714285714,0.5,4.49292207520882e-08,1.0,0.0007369196757553427,502.0
0xa3dcc8bc8fa25d87af0b21a71db553c2baa7021082024d4fcc11bf91fccd8e9d,1,0x503828976d22510aad0201ac7ec88293211d23da,0xa0b86991c6218b36c1d19d4a2e9eb0ce3606eb48,2022-06-03 23:54:16+00:00,250000,53865933709,16437906,48525,0.0,1609735,2,146,4921744,22257230,0.22113012266126558,1357,900369,1611302,0.5587835179252555,403,402,2575790,2,0xa3dcc8bc8fa25d87af0b21a71db553c2baa7021082024d4fcc11bf91fccd8e9d,930399,401,2,6275873,1400,8817592,756,3,1.0,1.0,1,1,0,-0.5310850045437943,0.7659351450329819,0.6388807532457106,0.7647927220479476,1.8726662685854705,0.8772970281255411,0.27840552884330644,-1.0018144029162999,3.1075082315331146,0.5559042783009512,-0.5526058053049429,0.7849041481128666,0.7666410528750274,0.7655468877874173,-0.2559659872080765,-0.08788279757405042,-0.0805181748649048,-0.5886488487520737,-0.4947746573475108,-0.702569623452449,-0.45485882614734197,-0.6084056490333764,-0.05063797201967468,-0.36402944686837374,0.9310645007510221,-0.5033926324294877,-0.10733639448881149,0.9622060719517295,0.5,0.9685938615274804,3.5464755261937264,0.558173188533424,1.0,2131.3518518518517,0.34955048759779034,0.5774206200948053,0.041802102058522105,2320.1970074812966,0.2955047899778924,508.0
0xaa0084c5dce0f9d5db099070b43ff194e81ae7bf52d3441aa9bf686a5fb5280a,1,0xf1c70bd27e349e4f6ac233ea113ea20936edd46c,0xa0b86991c6218b36c1d19d4a2e9eb0ce3606eb48,2022-06-03 23:54:16+00:00,250000,53865933709,21453289,43713,0.0,0,2,145,4921744,22257230,0.22113012266126558,1357,2,2,1.0,1,0,34,3,0xaa0084c5dce0f9d5db099070b43ff194e81ae7bf52d3441aa9bf686a5fb5280a,1,1,2,6275873,1400,8817592,1,3,1.0,1.0,1,1,0,-0.5310850045437943,0.7659351450329819,0.6388807532457106,0.7647927220479476,-0.4536200700582259,-0.3608928847632871,-0.6126694918175946,-0.9672054299919689,-0.41415714103329515,-0.5379648250067056,-0.5526058053049429,0.7849041481128666,0.7666410528750274,0.7655468877874173,-0.2587770924378241,-0.9434418375668238,-0.9578815708462209,-0.5886488487520737,-0.4947746573475108,-0.702569623452449,-0.45485882614734197,-0.6084056490333764,-0.05063797201967468,-0.36402944686837374,1.591040915976078,-0.5339931397492192,-0.10733639448881149,-0.36208885224238263,0.5,0.9685938615274804,3.5464755261937264,0.558173188533424,1.0,2.0,0.05714285714285714,0.5,4.49292207520882e-08,1.0,0.0007369196757553427,507.0
0xd00ac236f23aff947539cde2679ba738c1747854346d3dfbc76b84638f4a8d10,1,0x8a320ce2110690c44b72fb9a405609d16b5e149f,0xa0b86991c6218b36c1d19d4a2e9eb0ce3606eb48,2022-06-03 23:54:16+00:00,250000,53865933709,21206757,43725,0.0,0,2,165,4921744,22257230,0.22113012266126558,1357,2,2,1.0,1,0,34,4,0xd00ac236f23aff947539cde2679ba738c1747854346d3dfbc76b84638f4a8d10,1,1,2,6275873,1400,8817592,1,3,1.0,1.0,1,1,0,-0.5310850045437943,0.7659351450329819,0.6388807532457106,0.7647927220479476,-0.4536200700582259,-0.3608928847632871,-0.6126694918175946,-0.9325964570676379,-0.41415714103329515,-0.5379648250067056,-0.5526058053049429,0.7849041481128666,0.7666410528750274,0.7655468877874173,-0.2587770924378241,-0.9434418375668238,-0.9578815708462209,-0.5886488487520737,-0.4947746573475108,-0.702569623452449,-0.45485882614734197,-0.6084056490333764,-0.05063797201967468,-0.36402944686837374,1.5585996636134443,-0.5339168292571501,-0.10733639448881149,-0.36208885224238263,0.5,0.9685938615274804,3.5464755261937264,0.558173188533424,1.0,2.0,0.05714285714285714,0.5,4.49292207520882e-08,1.0,0.0007369196757553427,506.0
0x646102337e355d661ddd26feeee3a076a4afb628610fbf281171725cadab3884,1,0xe364bfbb28f22f95d6aac152cbf2de4b5d668362,0xa0b86991c6218b36c1d19d4a2e9eb0ce3606eb48,2022-06-03 23:54:16+00:00,79352,63000000000,4216272,60825,0.0,20,0,163,4921744,22257230,0.22113012266126558,1357,37,37,1.0,19,391,2503685,5,0x646102337e355d661ddd26feeee3a076a4afb628610fbf281171725cadab3884,3,3,2,6275873,1400,8817592,7,3,1.0,1.0,1,1,0,-0.5310850045437943,0.7659351450329819,0.6388807532457106,0.7647927220479476,-0.45352964024254794,-0.360865989308095,-0.5727706102954647,-0.897987484143307,-0.41414957079911024,-0.5324954794901673,-0.5526058053049429,0.7849041481128666,0.7666410528750274,0.7655468877874173,-0.25875475252871355,-0.11129361707634024,-0.10507884274929788,-0.5886488487520737,-0.4947746573475108,-0.702569623452449,-0.45485882614734197,-0.6084056490333764,-0.280048245397639,0.42823352046973945,-0.6771855961035276,-0.4251743780586029,-0.10733639448881149,-0.3620723986655617,0.5,0.9685938615274804,3.5464755261937264,0.558173188533424,0.04846938775510204,5.285714285714286,1.4778211005693205e-05,0.08108108108108109,1.347876622562646e-07,1.0,0.002210759027266028,500.0
0x1ca37dfafaf14a555989ac2f00f734c0a9738bf60fd2029ec8a829ed811f8c7a,1,0x28c6c06298d514db089934071355e5743bf21d60,0xa0b86991c6218b36c1d19d4a2e9eb0ce3606eb48,2022-06-03 23:54:16+00:00,207128,53865933709,18840578,65625,0.0,4058552,2,157,4921744,22257230,0.22113012266126558,1357,1234313,6771425,0.18228260668913854,400,407,2611632,6,0x1ca37dfafaf14a555989ac2f00f734c0a9738bf60fd2029ec8a829ed811f8c7a,248955,376,2,6275873,1400,8817592,1147924,3,1.0,1.0,1,1,0,-0.5310850045437943,0.7659351450329819,0.6388807532457106,0.7647927220479476,2.735480393350184,4.84255008333912,0.2717557152562848,-0.863378511218976,0.5281628995965192,0.48753745934422266,-0.5526058053049429,0.7849041481128666,0.7666410528750274,0.7655468877874173,4.015305488552297,-0.0772415159821005,-0.06830954219986884,-0.5886488487520737,-0.4947746573475108,-0.702569623452449,-0.45485882614734197,-0.6084056490333764,-0.10827285341447618,-0.36402944686837374,1.247233146998301,-0.39465018123094053,-0.10733639448881149,2.9767960034499286,0.5,0.9685938615274804,3.5464755261937264,0.558173188533424,0.9803921568627451,5.898844348580568,0.4726211531252668,0.036765525720213986,0.011185354152336117,662.1143617021277,0.27708179808400885,498.0
0x0302762b2264a4a2f01083021aa6d66f06ee1508556d6747c71db58b69a3316f,1,0xffec0067f5a79cff07527f63d83dd5462ccf8ba4,0xa0b86991c6218b36c1d19d4a2e9eb0ce3606eb48,2022-06-03 23:54:16+00:00,200000,87670000000,2011913,65625,0.0,1102300,0,152,4921744,22257230,0.22113012266126558,1357,809275,1102367,0.7341248422712219,1490,1495,9366922,7,0x0302762b2264a4a2f01083021aa6d66f06ee1508556d6747c71db58b69a3316f,365376,1164,2,6275873,1400,8817592,29,3,1.0,1.0,1,1,0,-0.5310850045437943,0.7659351450329819,0.6388807532457106,0.7647927220479476,1.6373058791749202,0.4862102141765087,2.6878546518741504,-0.8287695382946451,0.9688300166147781,2.6424595928603063,-0.5526058053049429,0.7849041481128666,0.7666410528750274,0.7655468877874173,-0.2586728395286414,2.2383013584262015,2.232701957040985,-0.5886488487520737,-0.4947746573475108,-0.702569623452449,-0.45485882614734197,-0.6084056490333764,-0.117855364950727,2.5680392522815945,-0.967258149025027,-0.39465018123094053,-0.10733639448881149,0.5447500342446291,0.5,0.9685938615274804,3.5464755261937264,0.558173188533424,0.9959893048128342,38012.65517241379,0.08639710180173361,0.33144678677790607,0.016416058961514976,313.89690721649487,0.8577745025792188,499.0
0x310fb0fe767614d4e91cfe22c83d9f74c76157be0270f9434e91bd2f6b22b5a7,1,0xa2c3e1c5d84b04966400727eb8befbd51fcb3d7d,0xa0b86991c6218b36c1d19d4a2e9eb0ce3606eb48,2022-06-03 23:54:16+00:00,250000,53865933709,21501802,48513,0.0,0,2,144,4921744,22257230,0.22113012266126558,1357,2,2,1.0,1,0,34,8,0x310fb0fe767614d4e91cfe22c83d9f74c76157be0270f9434e91bd2f6b22b5a7,1,1,2,6275873,1400,8817592,1,3,1.0,1.0,1,1,0,-0.5310850045437943,0.7659351450329819,0.6388807532457106,0.7647927220479476,-0.4536200700582259,-0.3608928847632871,-0.6126694918175946,-0.7941605653703141,-0.41415714103329515,-0.5379648250067056,-0.5526058053049429,0.7849041481128666,0.7666410528750274,0.7655468877874173,-0.2587770924378241,-0.9434418375668238,-0.9578815708462209,-0.5886488487520737,-0.4947746573475108,-0.702569623452449,-0.45485882614734197,-0.6084056490333764,-0.05063797201967468,-0.36402944686837374,1.5974247625999178,-0.5034689429215569,-0.10733639448881149,-0.36208885224238263,0.5,0.9685938615274804,3.5464755261937264,0.558173188533424,1.0,2.0,0.05714285714285714,0.5,4.49292207520882e-08,1.0,0.0007369196757553427,510.0
0x17a8cc95edf151d460c6bdee0f42d7be343267c2d5fbf06f83e0bb71eb945a05,1,0x739239233c40a6f371f89b7ac4d3ab38a8ac208c,0xa0b86991c6218b36c1d19d4a2e9eb0ce3606eb48,2022-06-03 23:55:07+00:00,73188,59847624413,5159926,48525,0.0,10,2,141,4921745,22257236,0.22113010797926572,1357,11,12,0.9166666666666666,1,0,193,9,0x17a8cc95edf151d460c6bdee0f42d7be343267c2d5fbf06f83e0bb71eb945a05,10,1,2,6275874,1400,8817593,2,3,1.0,1.0,1,1,0,-0.5310850045437943,0.765935645215957,0.638881348398638,0.7647927220479476,-0.4535968166770516,-0.360885200347518,-0.6126694918175946,-0.7595515924459831,-0.4141230749794632,-0.5379648250067056,-0.5526058053049429,0.7849045143046709,0.7666410528750274,0.7655471773094704,-0.258773369119639,-0.9434418375668238,-0.9578274116867505,-0.5886488487520737,-0.4947746573475108,-0.702569623452449,-0.45485882614734197,-0.6084056490333764,-0.28833480559817914,0.15480541548853308,-0.553009758658454,-0.5033926324294877,-0.10733639448881149,-0.3620806254539721,0.5,0.9685938615274804,3.5464759171391904,0.5581732386408356,1.0,6.0,0.05670103092783505,0.8333333333333334,4.49292086402822e-07,10.0,0.0007369196757553427,525.0
0x5eba370a978475bc02071dad76a8fc881c56942e5205d7765f4c511b73747f3f,1,0x2db1d8cdf1abe8c70b531a790cdf2ff38aecf652,0xa0b86991c6218b36c1d19d4a2e9eb0ce3606eb48,2022-06-03 23:55:07+00:00,84000,59481624413,22579628,65613,0.0,39768,2,137,4921745,22257236,0.22113010797926572,1357,36468,39856,0.9149939783219591,329,352,2253025,10,0x5eba370a978475bc02071dad76a8fc881c56942e5205d7765f4c511b73747f3f,2010,36,2,6275874,1400,8817593,5351,3,1.0,1.0,1,1,0,-0.5310850045437943,0.765935645215957,0.638881348398638,0.7647927220479476,-0.35940253695785573,-0.330267414156776,0.11437679369677242,-0.7249426195216523,-0.40655284079459525,-0.4422512784672856,-0.5526058053049429,0.7849045143046709,0.7666410528750274,0.7655471773094704,-0.23885734014755974,-0.19429561349354957,-0.19045956547174392,-0.5886488487520737,-0.4947746573475108,-0.702569623452449,-0.45485882614734197,-0.6084056490333764,-0.2737997165507684,0.12305961500847068,1.739256351476851,-0.39472649172300966,-0.10733639448881149,-0.32937256009159294,0.5,0.9685938615274804,3.5464759171391904,0.5581732386408356,0.9320113314447592,7.448327415436367,0.016186231317348313,0.050431553592934567,9.030770936696721e-05,55.833333333333336,0.026529108327192335,524.0
0x66a836f0b33b89743169d1b77801501ccc1fdf134e36adac1c5d49d9e5e0005c,1,0xd8b889bdf2a346e15c7be450319ecdfd11b8bbe9,0xa0b86991c6218b36c1d19d4a2e9eb0ce3606eb48,2022-06-03 23:55:07+00:00,99226,59847624413,14439961,65613,0.0,71,2,138,4921745,22257236,0.22113010797926572,1357,84,86,0.9767441860465116,49,226,1444035,11,0x66a836f0b33b89743169d1b77801501ccc1fdf134e36adac1c5d49d9e5e0005c,5,4,2,6275874,1400,8817593,33,3,1.0,1.0,1,1,0,-0.5310850045437943,0.765935645215957,0.638881348398638,0.7647927220479476,-0.4534082059186375,-0.360828335670826,-0.5062724744252483,-0.6903336465973213,-0.4141420005649254,-0.5297608067318982,-0.5526058053049429,0.7849045143046709,0.7666410528750274,0.7655471773094704,-0.25865794625590105,-0.4624559096106875,-0.46602068761022475,-0.5886488487520737,-0.4947746573475108,-0.702569623452449,-0.45485882614734197,-0.6084056490333764,-0.2533306760554043,0.15480541548853308,0.6681540552443032,-0.39472649172300966,-0.10733639448881149,-0.3620304420446682,0.5,0.9685938615274804,3.5464759171391904,0.5581732386408356,0.21585903083700442,2.606060606060606,5.817029492339526e-05,0.05813953488372093,2.24646043201411e-07,1.25,0.0029476787030213707,523.0
0xbc974103a93159b14546f13f502ec44343f39274243e11245ab3948019dd58cb,1,0x74dc2a94edf7232b57371402d2720fd2e3879776,0xa0b86991c6218b36c1d19d4a2e9eb0ce3606eb48,2022-06-03 23:55:07+00:00,72779,59787624413,20827068,60825,0.0,214,2,140,4921745,22257236,0.22113010797926572,1357,248,259,0.9575289575289575,92,583,3753657,12,0xbc974103a93159b14546f13f502ec44343f39274243e11245ab3948019dd58cb,1,1,2,6275874,1400,8817593,70,3,1.0,1.0,1,1,0,-0.5310850045437943,0.765935645215957,0.638881348398638,0.7647927220479476,-0.45298447763946076,-0.3606953952780191,-0.4109584796779379,-0.6557246736729904,-0.41415714103329515,-0.5379648250067056,-0.5526058053049429,0.7849045143046709,0.7666410528750274,0.7655471773094704,-0.2585201834830525,0.2973315960545366,0.3206911753741415,-0.5886488487520737,-0.4947746573475108,-0.702569623452449,-0.45485882614734197,-0.6084056490333764,-0.28888464387235513,0.1496011859016376,1.5086362241073514,-0.4251743780586029,-0.10733639448881149,-0.3619127989703984,0.5,0.9685938615274804,3.5464759171391904,0.5581732386408356,0.15753424657534246,3.7,6.60688853379823e-05,0.003861003861003861,4.4929208640282195e-08,1.0,0.0007369196757553427,522.0
0x1dae114cc833b0f7e3173ae1e10b027d5c458f47ab25b0c55e44e94a864d268d,1,0x4529d1ea3f1d79e17c6dc78311e1febddb085441,0xa0b86991c6218b36c1d19d4a2e9eb0ce3606eb48,2022-06-03 23:55:07+00:00,84000,59347624413,22718720,48525,0.0,73752,2,139,4921745,22257236,0.22113010797926572,1357,66469,73839,0.9001882474031339,416,456,2927935,13,0x1dae114cc833b0f7e3173ae1e10b027d5c458f47ab25b0c55e44e94a864d268d,73741,415,2,6275874,1400,8817593,2,3,1.0,1.0,1,1,0,-0.5310850045437943,0.765935645215957,0.638881348398638,0.7647927220479476,-0.2818886826677168,-0.3041534640483536,0.30722138772040025,-0.6211157007486594,-0.13504260663721188,0.5941896969167192,-0.5526058053049429,0.7849045143046709,0.7666410528750274,0.7655471773094704,-0.258773369119639,0.027043043619008684,0.03943073841641555,-0.5886488487520737,-0.4947746573475108,-0.702569623452449,-0.45485882614734197,-0.6084056490333764,-0.2737997165507684,0.11143683559773747,1.7575595278337681,-0.5033926324294877,-0.10733639448881149,-0.3014146423574238,0.5,0.9685938615274804,3.5464759171391904,0.5581732386408356,0.9102844638949672,36919.5,0.02270165741327679,0.9986727880930132,0.0033131247743430495,177.68915662650602,0.3058216654384672,521.0
0xdc9049cd8ecda2fdeac168942605ea22d2bdbac54153ebc4a56dc994932365a1,1,0x6474bf7e1e9e9a76b3e77a186ee114b0e3ba72c8,0xa0b86991c6218b36c1d19d4a2e9eb0ce3606eb48,2022-06-03 23:55:07+00:00,84000,59724624413,22068137,65613,0.0,108289,2,136,4921745,22257236,0.22113010797926572,1357,96544,108418,0.8904794406832813,566,585,3764924,14,0xdc9049cd8ecda2fdeac168942605ea22d2bdbac54153ebc4a56dc994932365a1,108270,566,2,6275874,1400,8817593,2,3,1.0,1.0,1,1,0,-0.5310850045437943,0.765935645215957,0.638881348398638,0.7647927220479476,-0.20418363391014438,-0.27758152276008774,0.6397120670714828,-0.5865067278243284,-0.004346298552558247,1.0071252834153595,-0.5526058053049429,0.7849045143046709,0.7666410528750274,0.7655471773094704,-0.258773369119639,0.3015881086913165,0.3245289819763668,-0.5886488487520737,-0.4947746573475108,-0.702569623452449,-0.45485882614734197,-0.6084056490333764,-0.2737997165507684,0.14413674483539735,1.671949029862554,-0.39472649172300966,-0.10733639448881149,-0.27300178322415525,0.5,0.9685938615274804,3.5464759171391904,0.5581732386408356,0.9658703071672355,54209.0,0.025643007496829285,0.998634913021823,0.004864485419483353,191.28975265017667,0.4170965364775239,520.0
0xcbb4704c5ef7b6832c0a253eb5cecca4d46097e25e59a02d76d682a77ab3b043,1,0xc6ebb76a355147ebf066b20a9f37800662861e73,0xa0b86991c6218b36c1d19d4a2e9eb0ce3606eb48,2022-06-03 23:55:10+00:00,93277,63898120994,296467,60311,0.0,253,2,132,4921746,22257239,0.22113012310287003,1357,263,273,0.9633699633699634,87,254,1627664,15,0xcbb4704c5ef7b6832c0a253eb5cecca4d46097e25e59a02d76d682a77ab3b043,2,2,2,6275875,1400,8817594,50,3,1.0,1.0,1,1,0,-0.5310850045437943,0.7659361453989322,0.6388816459751018,0.7647927220479476,-0.45294572200417016,-0.36068463709594223,-0.422041502322974,-0.5518977548999975,-0.4141533559162027,-0.5352301522484365,-0.5526058053049429,0.7849048804964752,0.7666410528750274,0.7655474668315234,-0.2585946498467544,-0.40286473269576795,-0.4034723084001392,-0.5886488487520737,-0.4947746573475108,-0.702569623452449,-0.45485882614734197,-0.6084056490333764,-0.26132820146634095,0.506133984629519,-1.1929944291041679,-0.42844301080223174,-0.10733639448881149,-0.36188071449559756,0.5,0.9685938615274804,3.546475830063537,0.5581732887482358,0.3411764705882353,5.46,0.00016158116074253609,0.007326007326007326,8.985840516876329e-08,1.0,0.0014738393515106854,186.0
0x3cf307a948a933ba06c388c4ec12f07c7bcfe4449d40c27ed45d63ffb1da5c85,1,0x71660c4005ba85c37ccec55d0c4493e66fe775d3,0xa0b86991c6218b36c1d19d4a2e9eb0ce3606eb48,2022-06-03 23:55:10+00:00,250000,64582450808,4338932,48525,0.0,1125561,2,134,4921746,22257239,0.22113012310287003,1357,710584,1126683,0.6306867148967367,403,402,2575792,16,0x3cf307a948a933ba06c388c4ec12f07c7bcfe4449d40c27ed45d63ffb1da5c85,934981,401,2,6275875,1400,8817594,598,3,1.0,1.0,1,1,0,-0.5310850045437943,0.7659361453989322,0.6388816459751018,0.7647927220479476,1.382317052344211,0.5048956395608597,0.27840552884330644,-0.5172887819756665,3.1248516380506475,0.5559042783009512,-0.5526058053049429,0.7849048804964752,0.7666410528750274,0.7655474668315234,-0.2565542714813217,-0.08788279757405042,-0.08051749361761586,-0.5886488487520737,-0.4947746573475108,-0.702569623452449,-0.45485882614734197,-0.6084056490333764,-0.05063797201967468,0.5654908090497436,-0.6610447137239555,-0.5033926324294877,-0.10733639448881149,0.5638863667662424,0.5,0.9685938615274804,3.546475830063537,0.5581732887482358,1.0,1884.0852842809365,0.2758699942114914,0.8298527624895379,0.04200795076154774,2331.623441396509,0.2955047899778924,250.0
0x66c79953a96d33f3f3765fec2ed654d3811ddc193fcbf9ab01cb99e5dad6059d,1,0x0f861556b2b0bd8713e9b92e40029d30536cf3c6,0xa0b86991c6218b36c1d19d4a2e9eb0ce3606eb48,2022-06-03 23:55:10+00:00,63429,71817149295,1232612,43725,0.0,0,0,131,4921746,22257239,0.22113012310287003,1357,2,2,1.0,1,0,2,17,0x66c79953a96d33f3f3765fec2ed654d3811ddc193fcbf9ab01cb99e5dad6059d,1,1,2,6275875,1400,8817594,1,3,1.0,1.0,1,1,0,-0.5310850045437943,0.7659361453989322,0.6388816459751018,0.7647927220479476,-0.4536200700582259,-0.3608928847632871,-0.6126694918175946,-0.4826798090513356,-0.41415714103329515,-0.5379648250067056,-0.5526058053049429,0.7849048804964752,0.7666410528750274,0.7655474668315234,-0.2587770924378241,-0.9434418375668238,-0.9578924708028439,-0.5886488487520737,-0.4947746573475108,-0.702569623452449,-0.45485882614734197,-0.6084056490333764,-0.30145429635046195,1.1930080076882987,-1.069806704212398,-0.5339168292571501,-0.10733639448881149,-0.36208885224238263,0.5,0.9685938615274804,3.546475830063537,0.5581732887482358,1.0,2.0,0.6666666666666666,0.5,4.4929202584381645e-08,1.0,0.0007369196757553427,81.0
0xe5a0f396c36f4ad670800e6c2e2adb7919e2b1b13ae6e6fa87d86ba4b819f749,1,0x21a31ee1afc51d94c2efccaa2092ad1028285549,0xa0b86991c6218b36c1d19d4a2e9eb0ce3606eb48,2022-06-03 23:55:28+00:00,207128,56972884176,3373351,65637,0.0,3792912,2,125,4921747,22257241,0.22113014816167018,1357,1042906,3793786,0.27489847872283785,400,407,2611635,18,0xe5a0f396c36f4ad670800e6c2e2adb7919e2b1b13ae6e6fa87d86ba4b819f749,228703,373,2,6275876,1400,8817596,1301635,3,1.0,1.0,1,1,0,-0.5310850045437943,0.7659366455819074,0.6388818443594109,0.7647927220479476,2.2409404010795053,2.5544084746850033,0.2717557152562848,-0.44807083612700466,0.45150670824054584,0.4793334410694152,-0.5526058053049429,0.7849052466882794,0.7666410528750274,0.7655480458756295,4.5876204501016105,-0.0772415159821005,-0.06830852032893545,-0.5886488487520737,-0.4947746573475108,-0.702569623452449,-0.45485882614734197,-0.6084056490333764,-0.10827285341447618,-0.09454138777870531,-0.7881059345697862,-0.3945738707388714,-0.10733639448881149,2.7582595961139855,0.5,0.9685938615274804,3.5464755836476054,0.5581732755534189,0.9803921568627451,2.9146312138195425,0.399330534576794,0.06028357951660953,0.01027544249532096,613.1447721179625,0.2748710390567428,141.0
0x0e0810ac4d1438ae8b16e054e9ede046896bf0c81090f7dc108b3960c45829e5,1,0xf36f61ffaa06e2b60c0907cc980306f7bb8639cd,0xa0b86991c6218b36c1d19d4a2e9eb0ce3606eb48,2022-06-03 23:55:28+00:00,250000,65044008609,925214,43725,0.0,0,0,128,4921747,22257241,0.22113014816167018,1357,2,2,1.0,1,0,252,19,0x0e0810ac4d1438ae8b16e054e9ede046896bf0c81090f7dc108b3960c45829e5,1,1,2,6275876,1400,8817596,1,3,1.0,1.0,1,1,0,-0.5310850045437943,0.7659366455819074,0.6388818443594109,0.7647927220479476,-0.4536200700582259,-0.3608928847632871,-0.6126694918175946,-0.4134618632026737,-0.41415714103329515,-0.5379648250067056,-0.5526058053049429,0.7849052466882794,0.7666410528750274,0.7655480458756295,-0.2587770924378241,-0.9434418375668238,-0.9578073148917268,-0.5886488487520737,-0.4947746573475108,-0.702569623452449,-0.45485882614734197,-0.6084056490333764,-0.05063797201967468,0.6055250217835204,-1.1102573398044058,-0.5339168292571501,-0.10733639448881149,-0.36208885224238263,0.5,0.9685938615274804,3.5464755836476054,0.5581732755534189,1.0,2.0,0.007905138339920948,0.5,4.492919854711552e-08,1.0,0.0007369196757553427,320.0
0x86cc8f6fa288c5722f41390b6cfd907ea2351972a8c5c83925c570b7f7e86fd7,1,0x55fe002aeff02f77364de339a1292923a15844b8,0xa0b86991c6218b36c1d19d4a2e9eb0ce3606eb48,2022-06-03 23:56:27+00:00,150000,50678896334,17545554,49170,0.0,543355,2,122,4921748,22257250,0.22113010367408373,1357,309445,543444,0.5694146959024297,1348,1374,8665086,20,0x86cc8f6fa288c5722f41390b6cfd907ea2351972a8c5c83925c570b7f7e86fd7,466184,1343,2,6275879,1400,8817598,16218,3,1.0,1.0,1,1,0,-0.5310850045437943,0.7659371457648826,0.6388827370888022,0.7647927220479476,0.3458906000228869,0.05671054268047293,2.373096808755126,-0.37885289027834274,1.3504001004688648,3.131966016590483,-0.5526058053049429,0.7849063452636923,0.7666410528750274,0.7655486249197357,-0.19839604143011993,1.9807823439010135,1.9936400209018699,-0.5886488487520737,-0.4947746573475108,-0.702569623452449,-0.45485882614734197,-0.6084056490333764,-0.18507275788177932,-0.6404640168936517,1.076820379488738,-0.49929094348077063,-0.10733639448881149,0.08491780943515549,0.5,0.9685938615274804,3.546475322420971,0.5581732623586081,0.9803636363636363,33.5086940436552,0.035711701452045434,0.857832637769485,0.020945265026002764,347.12137006701414,0.9896831245394252,532.0
0x63ce6a37c01d38e6c413462f247adfe3f8c77e6d836f81801466b11333b3ca4a,1,0xcbbd50ad883394c1e244cbb0d7ca97e20ad208bc,0xa0b86991c6218b36c1d19d4a2e9eb0ce3606eb48,2022-06-03 23:56:27+00:00,60760,50428896334,23130946,60311,0.0,221,2,118,4921748,22257250,0.22113010367408373,1357,243,248,0.9798387096774194,96,277,1775465,21,0x63ce6a37c01d38e6c413462f247adfe3f8c77e6d836f81801466b11333b3ca4a,4,4,2,6275879,1400,8817598,84,3,1.0,1.0,1,1,0,-0.5310850045437943,0.7659371457648826,0.6388827370888022,0.7647927220479476,-0.4529973961845576,-0.3607038481353652,-0.402092061561909,-0.3442439173540118,-0.4141457856820178,-0.5297608067318982,-0.5526058053049429,0.7849063452636923,0.7666410528750274,0.7655486249197357,-0.25846805702846115,-0.35391483737279833,-0.35312779312406706,-0.5886488487520737,-0.4947746573475108,-0.702569623452449,-0.45485882614734197,-0.6084056490333764,-0.3050423607851215,-0.6621483068390496,1.8118045252233124,-0.42844301080223174,-0.10733639448881149,-0.36190704021851106,0.5,0.9685938615274804,3.546475322420971,0.5581732623586081,0.34532374100719426,2.9523809523809526,0.0001368654764439308,0.016129032258064516,1.7971672151770772e-07,1.0,0.0029476787030213707,528.0
0x67a44ca076ab7e9d2d3862b8e3b2793cdf20c663db8aef5719fec1e22811f41f,1,0x503828976d22510aad0201ac7ec88293211d23da,0xa0b86991c6218b36c1d19d4a2e9eb0ce3606eb48,2022-06-03 23:56:27+00:00,250000,50428896334,20595536,65625,0.0,1609736,2,110,4921748,22257250,0.22113010367408373,1357,900370,1611303,0.558783791751148,403,402,2575796,22,0x67a44ca076ab7e9d2d3862b8e3b2793cdf20c663db8aef5719fec1e22811f41f,930400,401,2,6275879,1400,8817598,756,3,1.0,1.0,1,1,0,-0.5310850045437943,0.7659371457648826,0.6388827370888022,0.7647927220479476,1.8726688522944896,0.877297796567118,0.27840552884330644,-0.30963494442968087,3.1075120166502073,0.5559042783009512,-0.5526058053049429,0.7849063452636923,0.7666410528750274,0.7655486249197357,-0.2559659872080765,-0.08788279757405042,-0.08051613112303799,-0.5886488487520737,-0.4947746573475108,-0.702569623452449,-0.45485882614734197,-0.6084056490333764,-0.05063797201967468,-0.6621483068390496,1.47816882822355,-0.39465018123094053,-0.10733639448881149,0.9622068946305705,0.5,0.9685938615274804,3.546475322420971,0.5581732623586081,1.0,2131.3531746031745,0.34955006159258667,0.577420882354219,0.041802109425018816,2320.199501246883,0.2955047899778924,529.0
0x7886db9b7c8b3aca3eced0474adf050b0b71682d2a2ff444a7bd1c31e32aabe8,1,0x14a7337c67cdebaf32497ff307e3c3226569f93b,0xa0b86991c6218b36c1d19d4a2e9eb0ce3606eb48,2022-06-03 23:56:27+00:00,100000,53000000000,10935757,43713,0.0,0,0,121,4921748,22257250,0.22113010367408373,1357,2,2,1.0,1,0,2748,23,0x7886db9b7c8b3aca3eced0474adf050b0b71682d2a2ff444a7bd1c31e32aabe8,1,1,2,6275879,1400,8817598,1,3,1.0,1.0,1,1,0,-0.5310850045437943,0.7659371457648826,0.6388827370888022,0.7647927220479476,-0.4536200700582259,-0.3608928847632871,-0.6126694918175946,-0.2750259715053499,-0.41415714103329515,-0.5379648250067056,-0.5526058053049429,0.7849063452636923,0.7666410528750274,0.7655486249197357,-0.2587770924378241,-0.9434418375668238,-0.9569571182751336,-0.5886488487520737,-0.4947746573475108,-0.702569623452449,-0.45485882614734197,-0.6084056490333764,-0.2522901508128316,-0.43913807734617266,0.20703433734094423,-0.5339931397492192,-0.10733639448881149,-0.36208885224238263,0.5,0.9685938615274804,3.546475322420971,0.5581732623586081,1.0,2.0,0.0007275372862859222,0.5,4.492918037942693e-08,1.0,0.0007369196757553427,539.0
0x0dfe172fbe42bc3bda73fb0463fb861f4dc6f3fa9c8a7cf1622d51a90003ff41,1,0x2faf487a4414fe77e2327f0bf4ae2a264a776ad2,0xa0b86991c6218b36c1d19d4a2e9eb0ce3606eb48,2022-06-03 23:56:27+00:00,97410,55093783805,9233734,65637,0.0,4002207,2,109,4921748,22257250,0.22113010367408373,1357,1814319,4356779,0.41643585777474595,1134,1173,7507379,24,0x0dfe172fbe42bc3bda73fb0463fb861f4dc6f3fa9c8a7cf1622d51a90003ff41,848981,1126,2,6275879,1400,8817598,286551,3,1.0,1.0,1,1,0,-0.5310850045437943,0.7659371457648826,0.6388827370888022,0.7647927220479476,4.234047126839279,2.9870357033990977,1.8987434395475817,-0.24041699858101895,2.7993315681013233,2.538542028046079,-0.5526058053049429,0.7849063452636923,0.7666410528750274,0.7655486249197357,0.808139733501476,1.553002823904627,1.599297643335306,-0.5886488487520737,-0.4947746573475108,-0.702569623452449,-0.45485882614734197,-0.6084056490333764,-0.25577201176666015,-0.2575292169037796,-0.016935604370505414,-0.3945738707388714,-0.10733639448881149,2.930442164151089,0.5,0.9685938615274804,3.546475322420971,0.5581732623586081,0.9659284497444633,15.204200997379175,0.24167139534697857,0.1948643711328943,0.03814402048770625,753.9795737122557,0.8297715549005158,540.0
0x6ecf672b009c891037e1963f0079e7bc3d63dcd4c60b509e7493ca3dfa1537ba,1,0xfb33ff861299ebc4729387b48081b8fa6851a981,0xa0b86991c6218b36c1d19d4a2e9eb0ce3606eb48,2022-06-03 23:56:27+00:00,500000,49928896334,29185457,59963,0.0,13,2,111,4921748,22257250,0.22113010367408373,1357,18,18,1.0,9,103,654563,25,0x6ecf672b009c891037e1963f0079e7bc3d63dcd4c60b509e7493ca3dfa1537ba,8,4,2,6275879,1400,8817598,3,3,1.0,1.0,1,1,0,-0.5310850045437943,0.7659371457648826,0.6388827370888022,0.7647927220479476,-0.45357873071391597,-0.3608805896980565,-0.5949366555855369,-0.20580802565668802,-0.4141306452136481,-0.5297608067318982,-0.5526058053049429,0.7849063452636923,0.7666410528750274,0.7655486249197357,-0.2587696458014539,-0.7242314367726554,-0.7349335174559717,-0.5886488487520737,-0.4947746573475108,-0.702569623452449,-0.45485882614734197,-0.6084056490333764,0.28544899263558693,-0.7055168867298451,2.608520242790778,-0.4306560150722373,-0.10733639448881149,-0.36207815741744903,0.5,0.9685938615274804,3.546475322420971,0.5581732623586081,0.08653846153846154,6.0,2.7499220855409097e-05,0.4444444444444444,3.5943344303541543e-07,2.0,0.0029476787030213707,537.0
0xcd1fba1445c186cf39bcb1f448c5a14a96b638102dae6a0f267db0bfa48562e5,1,0xda9449a9539ba599d8bebc26546822282d972810,0xa0b86991c6218b36c1d19d4a2e9eb0ce3606eb48,2022-06-03 23:56:27+00:00,79352,53000000000,10871044,65637,0.0,23,0,114,4921748,22257250,0.22113010367408373,1357,29,32,0.90625,14,650,4193085,26,0xcd1fba1445c186cf39bcb1f448c5a14a96b638102dae6a0f267db0bfa48562e5,1,1,2,6275879,1400,8817598,11,3,1.0,1.0,1,1,0,-0.5310850045437943,0.7659371457648826,0.6388827370888022,0.7647927220479476,-0.4535503099147029,-0.36086983151597957,-0.5838536329405007,-0.17119905273235705,-0.41415714103329515,-0.5379648250067056,-0.5526058053049429,0.7849063452636923,0.7666410528750274,0.7655486249197357,-0.25873985925597315,0.43992476938666547,0.4703707422155961,-0.5886488487520737,-0.4947746573475108,-0.702569623452449,-0.45485882614734197,-0.6084056490333764,-0.280048245397639,-0.43913807734617266,0.1985187257199655,-0.3945738707388714,-0.10733639448881149,-0.36206993062903853,0.5,0.9685938615274804,3.546475322420971,0.5581732623586081,0.021505376344086023,2.909090909090909,6.9161472004151595e-06,0.03125,4.492918037942693e-08,1.0,0.0007369196757553427,534.0
0x7a7fda79be6a790f04967b956a67178f8d28b11c315a136a1cc3db3748d3826c,1,0x813a007d5e5daf2a97b14ee701cd1dcf59b1dcd7,0xa0b86991c6218b36c1d19d4a2e9eb0ce3606eb48,2022-06-03 23:56:27+00:00,79381,75800000000,3274872,65613,0.0,10,0,123,4921748,22257250,0.22113010367408373,1357,16,16,1.0,11,87,554272,27,0x7a7fda79be6a790f04967b956a67178f8d28b11c315a136a1cc3db3748d3826c,1,1,2,6275879,1400,8817598,6,3,1.0,1.0,1,1,0,-0.5310850045437943,0.7659371457648826,0.6388827370888022,0.7647927220479476,-0.4535838981319547,-0.36088212658121027,-0.5905034465275224,-0.1365900798080261,-0.41415714103329515,-0.5379648250067056,-0.5526058053049429,0.7849063452636923,0.7666410528750274,0.7655486249197357,-0.25875847584689865,-0.7582835378668952,-0.7690950033833507,-0.5886488487520737,-0.4947746573475108,-0.702569623452449,-0.45485882614734197,-0.6084056490333764,-0.28000925930973897,1.538469165674107,-0.8010648287150485,-0.39472649172300966,-0.10733639448881149,-0.3620806254539721,0.5,0.9685938615274804,3.546475322420971,0.5581732623586081,0.125,2.6666666666666665,2.8866641528633003e-05,0.0625,4.492918037942693e-08,1.0,0.0007369196757553427,533.0
0xee98a217f2bae5d54356abed45dd41cbd219c9e39f6abac186b1549fa3d85d5b,1,0x89e5488daf575917d5410a4fc4bb8744e99a333b,0xa0b86991c6218b36c1d19d4a2e9eb0ce3606eb48,2022-06-03 23:56:27+00:00,99244,74101960010,3537122,60825,0.0,7,2,112,4921748,22257250,0.22113010367408373,1357,12,12,1.0,7,212,1356796,28,0xee98a217f2bae5d54356abed45dd41cbd219c9e39f6abac186b1549fa3d85d5b,3,3,2,6275879,1400,8817598,4,3,1.0,1.0,1,1,0,-0.5310850045437943,0.7659371457648826,0.6388827370888022,0.7647927220479476,-0.4535942329680322,-0.360885200347518,-0.5993698646435512,-0.10198110688369516,-0.41414957079911024,-0.5324954794901673,-0.5526058053049429,0.7849063452636923,0.7666410528750274,0.7655486249197357,-0.25876592248326885,-0.4922514980681473,-0.4957363537300024,-0.5886488487520737,-0.4947746573475108,-0.702569623452449,-0.45485882614734197,-0.6084056490333764,-0.25330647779394916,1.3911859997459455,-0.7665552379434621,-0.4251743780586029,-0.10733639448881149,-0.3620830934904953,0.5,0.9685938615274804,3.546475322420971,0.5581732623586081,0.03286384976525822,3.0,8.844359178270588e-06,0.25,1.3478754113828078e-07,1.0,0.002210759027266028,531.0
0x03d2ba1ae835497321e38fecdbe05cccd44d86f706c978d9aa5718705cba16e3,1,0xd86c6ae32199d1c14e573f3bd9987dcc1b4fec49,0xa0b86991c6218b36c1d19d4a2e9eb0ce3606eb48,2022-06-03 23:56:32+00:00,84000,55502325709,19433878,65625,0.0,77168,2,107,4921749,22257251,0.22113013866806822,1357,69430,77258,0.8986771596468974,433,456,2927898,29,0x03d2ba1ae835497321e38fecdbe05cccd44d86f706c978d9aa5718705cba16e3,77169,432,2,6275879,1400,8817599,1,3,1.0,1.0,1,1,0,-0.5310850045437943,0.7659376459478577,0.6388828362809567,0.7647927220479476,-0.27423832026136025,-0.3015261622968691,0.34490366471352296,-0.0673721339593642,-0.12206722524434813,0.6406791338072946,-0.5526058053049429,0.7849063452636923,0.7666410528750274,0.7655489144417887,-0.2587770924378241,0.027043043619008684,0.03941813534157022,-0.5886488487520737,-0.4947746573475108,-0.702569623452449,-0.45485882614734197,-0.6084056490333764,-0.2737997165507684,-0.22209345249905613,1.3253057502577181,-0.39465018123094053,-0.10733639448881149,-0.29860437143640445,0.5,0.9685938615274804,3.5464754817612003,0.5581733124659771,0.9474835886214442,77258.0,0.02371324967152214,0.9988480157394704,0.0034671397649242487,178.63194444444446,0.318349299926308,526.0
0x74e3b3b5b95583959cc9d4636ae043c5c441339a90d7bfc13abfec6fb8d34e39,1,0xf16e9b0d03470827a95cdfd0cb8a8a3b46969b91,0xa0b86991c6218b36c1d19d4a2e9eb0ce3606eb48,2022-06-03 23:56:33+00:00,100000,59227430975,12519957,65625,0.0,701875,2,104,4921750,22257252,0.22113017366204957,1357,220927,702436,0.31451548610834296,184,183,1173538,30,0x74e3b3b5b95583959cc9d4636ae043c5c441339a90d7bfc13abfec6fb8d34e39,84714,164,2,6275879,1400,8817600,20058,3,1.0,1.0,1,1,0,-0.5310850045437943,0.7659381461308329,0.6388829354731113,0.7647927220479476,0.1171858450462355,0.17888660587790395,-0.20703086300927398,-0.03276316103503325,-0.09350851678193359,-0.09221316540883547,-0.5526058053049429,0.7849063452636923,0.7666410528750274,0.7655492039638419,-0.18409849959935076,-0.5539709313014568,-0.5581583615679901,-0.5886488487520737,-0.4947746573475108,-0.702569623452449,-0.45485882614734197,-0.6084056490333764,-0.2522901508128316,0.10101159816123269,0.41549989959202926,-0.39465018123094053,-0.10733639448881149,0.2153288593180559,0.5,0.9685938615274804,3.5464756411014298,0.5581733625733348,1.0,35.02024130022934,0.18825705835085157,0.12060031091800534,0.0038061302446501482,516.5487804878048,0.1208548268238762,530.0
0x438acc02a3883b8fc18bdbf0a9968234c6e3b63a649e650477864b91c4cf1c72,1,0x5dae6681f11834f69f82d3d161ccf7b6c6c489b0,0xa0b86991c6218b36c1d19d4a2e9eb0ce3606eb48,2022-06-03 23:56:56+00:00,91140,56556183528,10260495,60311,0.0,504,2,98,4921751,22257256,0.2211301788504387,1357,514,533,0.9643527204502814,135,660,4253602,31,0x438acc02a3883b8fc18bdbf0a9968234c6e3b63a649e650477864b91c4cf1c72,3,3,2,6275879,1400,8817602,138,3,1.0,1.0,1,1,0,-0.5310850045437943,0.7659386463138081,0.6388833322417296,0.7647927220479476,-0.4522972110403082,-0.3604848422859434,-0.3156444849306276,0.0018458118892976931,-0.41414957079911024,-0.5324954794901673,-0.5526058053049429,0.7849063452636923,0.7666410528750274,0.765549783007948,-0.25826699784646595,0.4612073325705653,0.49098426330788947,-0.5886488487520737,-0.4947746573475108,-0.702569623452449,-0.45485882614734197,-0.6084056490333764,-0.2642010728402141,-0.13068481846537391,0.11817631910032297,-0.42844301080223174,-0.10733639448881149,-0.3616742221064945,0.5,0.9685938615274804,3.5464762784623476,0.5581733493785103,0.2042360060514372,3.86231884057971,0.00012083873365709024,0.005628517823639775,1.3478750480292808e-07,1.0,0.002210759027266028,527.0
0xcbf5087db9ac5b492d32daae62dd6e3c79ee674a62799225126628c7061bc5e0,1,0x55fe002aeff02f77364de339a1292923a15844b8,0xa0b86991c6218b36c1d19d4a2e9eb0ce3606eb48,2022-06-03 23:56:56+00:00,150000,56306183528,10739290,49170,0.0,543356,2,94,4921751,22257256,0.2211301788504387,1357,309446,543445,0.5694154882278796,1348,1374,8665090,32,0xcbf5087db9ac5b492d32daae62dd6e3c79ee674a62799225126628c7061bc5e0,466185,1343,2,6275879,1400,8817602,16218,3,1.0,1.0,1,1,0,-0.5310850045437943,0.7659386463138081,0.6388833322417296,0.7647927220479476,0.3458931837319063,0.05671131112204985,2.373096808755126,0.03645478481362864,1.3504038855859573,3.131966016590483,-0.5526058053049429,0.7849063452636923,0.7666410528750274,0.765549783007948,-0.19839604143011993,1.9807823439010135,1.9936413833964477,-0.5886488487520737,-0.4947746573475108,-0.702569623452449,-0.45485882614734197,-0.6084056490333764,-0.18507275788177932,-0.15236910841077173,0.18118115995249331,-0.49929094348077063,-0.10733639448881149,0.08491863211399654,0.5,0.9685938615274804,3.5464762784623476,0.5581733493785103,0.9803636363636363,33.50875570353928,0.03571180037232154,0.8578328993734416,0.02094530430885101,347.1221146686523,0.9896831245394252,538.0
0x53facf1b0c4b37f3d480d99e5d435d6b11e238e5236b518edac0b0843f454a95,1,0xdfd5293d8e347dfe59e90efd55b2956a1343963d,0xa0b86991c6218b36c1d19d4a2e9eb0ce3606eb48,2022-06-03 23:56:56+00:00,207128,56056183528,15452803,65613,0.0,3585453,2,97,4921751,22257256,0.2211301788504387,1357,1003871,3586266,0.2799209539950467,376,375,2403690,33,0x53facf1b0c4b37f3d480d99e5d435d6b11e238e5236b518edac0b0843f454a95,240310,375,2,6275879,1400,8817602,1192969,3,1.0,1.0,1,1,0,-0.5310850045437943,0.7659386463138081,0.6388833322417296,0.7647927220479476,2.1400853195083718,2.39494147864287,0.2185572065601116,0.07106375773795959,0.4954405623324273,0.4848027865859535,-0.5526058053049429,0.7849063452636923,0.7666410528750274,0.765549783007948,4.183022356199953,-0.14534571817057995,-0.13913950407791428,-0.5886488487520737,-0.4947746573475108,-0.702569623452449,-0.45485882614734197,-0.6084056490333764,-0.10827285341447618,-0.1740533983561695,0.801434371493207,-0.39472649172300966,-0.10733639448881149,2.587587466429046,0.5,0.9685938615274804,3.5464762784623476,0.5581733493785103,1.0,3.0061686431080776,0.41763729198137367,0.06700841488054707,0.010796928426397217,640.8266666666667,0.2763448784082535,536.0
0xd93ec0cbd8a0b729059f85ba094e008461b03152e3775788047556a401308de9,1,0x9c16092a3a5d1f962a1d000c07fa2fe0a88750a8,0xa0b86991c6218b36c1d19d4a2e9eb0ce3606eb48,2022-06-03 23:56:56+00:00,60760,56056183528,15387190,60311,0.0,6,2,96,4921751,22257256,0.2211301788504387,1357,10,11,0.9090909090909091,4,5,33774,34,0xd93ec0cbd8a0b729059f85ba094e008461b03152e3775788047556a401308de9,2,2,2,6275879,1400,8817602,6,3,1.0,1.0,1,1,0,-0.5310850045437943,0.7659386463138081,0.6388833322417296,0.7647927220479476,-0.45359940038607094,-0.3608859687890949,-0.6060196782305729,0.10567273066229053,-0.4141533559162027,-0.5352301522484365,-0.5526058053049429,0.7849063452636923,0.7666410528750274,0.765549783007948,-0.25875847584689865,-0.9328005559748738,-0.9463889290818575,-0.5886488487520737,-0.4947746573475108,-0.702569623452449,-0.45485882614734197,-0.6084056490333764,-0.3050423607851215,-0.1740533983561695,0.7928003284834984,-0.42844301080223174,-0.10733639448881149,-0.36208391616933633,0.5,0.9685938615274804,3.5464762784623476,0.5581733493785103,0.6666666666666666,1.8333333333333333,0.00029607698001480384,0.18181818181818182,8.98583365352854e-08,1.0,0.0014738393515106854,535.0
0x704d78769a34bdbaba9dd1fcad46df78cc0a3fe03f1d92439a8da1c3517c47b0,1,0xa21c4807fcceb5c356823739397f0f2a08a298e5,0xa0b86991c6218b36c1d19d4a2e9eb0ce3606eb48,2022-06-03 23:57:30+00:00,75000,64567947797,168858,43713,0.0,1,0,87,4921752,22257261,0.22113017410363298,1357,11,11,1.0,10,159,1017951,35,0x704d78769a34bdbaba9dd1fcad46df78cc0a3fe03f1d92439a8da1c3517c47b0,2,2,2,6275880,1400,8817603,1,3,1.0,1.0,1,1,0,-0.5310850045437943,0.7659391464967833,0.6388838282025024,0.7647927220479476,-0.4535968166770516,-0.3608859687890949,-0.5927200510565297,0.14028170358662148,-0.4141533559162027,-0.5352301522484365,-0.5526058053049429,0.7849067114554966,0.7666410528750274,0.765550072530001,-0.2587770924378241,-0.6050490829428163,-0.6111549725398933,-0.5886488487520737,-0.4947746573475108,-0.702569623452449,-0.45485882614734197,-0.6084056490333764,-0.2858988472783578,0.5642328590673223,-1.2097865525313227,-0.5339931397492192,-0.10733639448881149,-0.3620880295635416,0.5,0.9685938615274804,3.546476510067114,0.5581733994858468,0.0625,11.0,1.0806010499512748e-05,0.18181818181818182,8.985831634898831e-08,1.0,0.0014738393515106854,543.0
0x29a7649c0fdd4f775b441dbc80aeb109aa3a9435fab5e46cfea80c109e963239,1,0x5e56bb3ee8d6f7fe707285d0826f77aab3737c75,0xa0b86991c6218b36c1d19d4a2e9eb0ce3606eb48,2022-06-03 23:57:30+00:00,84000,60911408650,20644312,43737,0.0,10,2,89,4921752,22257261,0.22113017410363298,1357,13,13,1.0,5,23,142386,36,0x29a7649c0fdd4f775b441dbc80aeb109aa3a9435fab5e46cfea80c109e963239,8,3,2,6275880,1400,8817603,3,3,1.0,1.0,1,1,0,-0.5310850045437943,0.7659391464967833,0.6388838282025024,0.7647927220479476,-0.45359164925901285,-0.36088443190594105,-0.6038030737015657,0.17489067651095244,-0.4141306452136481,-0.5324954794901673,-0.5526058053049429,0.7849067114554966,0.7666410528750274,0.765550072530001,-0.2587696458014539,-0.8944919422438541,-0.909393113808857,-0.5886488487520737,-0.4947746573475108,-0.702569623452449,-0.45485882614734197,-0.6084056490333764,-0.2737997165507684,0.24707503882634016,1.4845872831309852,-0.533840518765081,-0.10733639448881149,-0.3620806254539721,0.5,0.9685938615274804,3.546476510067114,0.5581733994858468,0.20833333333333334,4.333333333333333,9.130046984626405e-05,0.6153846153846154,3.5943326539595325e-07,2.6666666666666665,0.002210759027266028,544.0
0xae98ab60dd0e0d29310fd27bcbe5e0ced3d354f597d6c6c2df43d5542b0f9851,1,0x446a2b633f99f7bb1a1fb1d924c4ba16bac40340,0xa0b86991c6218b36c1d19d4a2e9eb0ce3606eb48,2022-06-03 23:57:30+00:00,99226,62311408650,6826738,60813,0.0,22,2,90,4921752,22257261,0.22113017410363298,1357,28,28,1.0,11,200,1278977,37,0xae98ab60dd0e0d29310fd27bcbe5e0ced3d354f597d6c6c2df43d5542b0f9851,1,1,2,6275880,1400,8817603,10,3,1.0,1.0,1,1,0,-0.5310850045437943,0.7659391464967833,0.6388838282025024,0.7647927220479476,-0.4535528936237223,-0.36087290528228727,-0.5905034465275224,0.2094996494352834,-0.41415714103329515,-0.5379648250067056,-0.5526058053049429,0.7849067114554966,0.7666410528750274,0.765550072530001,-0.25874358257415825,-0.5177905738888271,-0.5222433451188879,-0.5886488487520737,-0.4947746573475108,-0.702569623452449,-0.45485882614734197,-0.6084056490333764,-0.2533306760554043,0.36850706252056786,-0.33367324764541556,-0.42525068855067205,-0.10733639448881149,-0.3620707533078796,0.5,0.9685938615274804,3.546476510067114,0.5581733994858468,0.05472636815920398,2.8,2.1892479776821807e-05,0.03571428571428571,4.4929158174494156e-08,1.0,0.0007369196757553427,542.0
0x4d09be3e300cf46fdf3a59290d5563e94df2840027241ce5ccc76f4c142cdf1a,1,0x71660c4005ba85c37ccec55d0c4493e66fe775d3,0xa0b86991c6218b36c1d19d4a2e9eb0ce3606eb48,2022-06-03 23:57:30+00:00,250000,62811408650,3071110,48537,0.0,1125562,2,84,4921752,22257261,0.22113017410363298,1357,710585,1126684,0.6306870426845504,403,402,2575801,38,0x4d09be3e300cf46fdf3a59290d5563e94df2840027241ce5ccc76f4c142cdf1a,934982,401,2,6275880,1400,8817603,598,3,1.0,1.0,1,1,0,-0.5310850045437943,0.7659391464967833,0.6388838282025024,0.7647927220479476,1.3823196360532304,0.5048964080024366,0.27840552884330644,0.24410862235961434,3.1248554231677397,0.5559042783009512,-0.5526058053049429,0.7849067114554966,0.7666410528750274,0.765550072530001,-0.2565542714813217,-0.08788279757405042,-0.08051442800481565,-0.5886488487520737,-0.4947746573475108,-0.702569623452449,-0.45485882614734197,-0.6084056490333764,-0.05063797201967468,0.4118756424113635,-0.8278779583043715,-0.5033163219374186,-0.10733639448881149,0.5638871894450834,0.5,0.9685938615274804,3.546476510067114,0.5581733994858468,1.0,1884.0869565217392,0.27586941853449914,0.8298529135054727,0.0420079541683049,2331.6259351620947,0.2955047899778924,546.0
0xd1b285208bd69df448072fb4f89add3ac3a6b21d0f5a8ece895b669efc1fff42,1,0x739239233c40a6f371f89b7ac4d3ab38a8ac208c,0xa0b86991c6218b36c1d19d4a2e9eb0ce3606eb48,2022-06-03 23:57:30+00:00,73206,62311408650,7607844,48537,0.0,11,2,88,4921752,22257261,0.22113017410363298,1357,12,13,0.9230769230769231,1,0,203,39,0xd1b285208bd69df448072fb4f89add3ac3a6b21d0f5a8ece895b669efc1fff42,11,1,2,6275880,1400,8817603,2,3,1.0,1.0,1,1,0,-0.5310850045437943,0.7659391464967833,0.6388838282025024,0.7647927220479476,-0.4535942329680322,-0.36088443190594105,-0.6126694918175946,0.2787175952839453,-0.4141192898623708,-0.5379648250067056,-0.5526058053049429,0.7849067114554966,0.7666410528750274,0.765550072530001,-0.258773369119639,-0.9434418375668238,-0.9578240054503058,-0.5886488487520737,-0.4947746573475108,-0.702569623452449,-0.45485882614734197,-0.6084056490333764,-0.288310607336724,0.36850706252056786,-0.2308871717284253,-0.5033163219374186,-0.10733639448881149,-0.3620798027751311,0.5,0.9685938615274804,3.546476510067114,0.5581733994858468,1.0,6.5,0.058823529411764705,0.8461538461538461,4.942207399194358e-07,11.0,0.0007369196757553427,541.0
0x3ddaea147d513800440cfab0d2e54350fc9ecb013143703468af1898c9a92713,1,0x503828976d22510aad0201ac7ec88293211d23da,0xa0b86991c6218b36c1d19d4a2e9eb0ce3606eb48,2022-06-03 23:57:38+00:00,250000,65661524430,3053695,65625,0.0,1609738,2,82,4921753,22257262,0.221130209097597,1357,900372,1611305,0.5587843394019134,403,402,2575802,40,0x3ddaea147d513800440cfab0d2e54350fc9ecb013143703468af1898c9a92713,930401,401,2,6275880,1400,8817604,756,3,1.0,1.0,1,1,0,-0.5310850045437943,0.7659396466797584,0.638883927394657,0.7647927220479476,1.8726740197125284,0.8772993334502718,0.27840552884330644,0.31332656820827626,3.1075158017672995,0.5559042783009512,-0.5526058053049429,0.7849067114554966,0.7666410528750274,0.7655503620520541,-0.2559659872080765,-0.08788279757405042,-0.08051408738117118,-0.5886488487520737,-0.4947746573475108,-0.702569623452449,-0.45485882614734197,-0.6084056490333764,-0.05063797201967468,0.6590865902172579,-0.8301696056762959,-0.39465018123094053,-0.10733639448881149,0.9622085399882526,0.5,0.9685938615274804,3.546476669407318,0.5581734495931718,1.0,2131.35582010582,0.34955002381781525,0.5774207862571021,0.04180213181657295,2320.2019950124686,0.2955047899778924,545.0
0x9523e10226c1a534124f0abc0903aee1c31d85e2934d978a45cce48413fe581d,1,0x2d11b2de43dfe9168a9654b7dcb01c6063cb71e9,0xa0b86991c6218b36c1d19d4a2e9eb0ce3606eb48,2022-06-03 23:57:52+00:00,48792,61674236005,6250309,48525,0.0,18,2,75,4921754,22257265,0.22113022422117004,1357,23,24,0.9583333333333334,8,210,1342822,41,0x9523e10226c1a534124f0abc0903aee1c31d85e2934d978a45cce48413fe581d,6,5,2,6275881,1400,8817605,6,3,1.0,1.0,1,1,0,-0.5310850045437943,0.7659401468627336,0.6388842249711207,0.7647927220479476,-0.45356581216881914,-0.3608759790485949,-0.5971532601145441,0.34793554113260716,-0.41413821544783297,-0.5270261339736291,-0.5526058053049429,0.7849070776473009,0.7666410528750274,0.7655506515741071,-0.25875847584689865,-0.4965080107049272,-0.5004962285378037,-0.5886488487520737,-0.4947746573475108,-0.702569623452449,-0.45485882614734197,-0.6084056490333764,-0.32113151595709816,0.31324051700274375,-0.40952578872787404,-0.5033926324294877,-0.10733639448881149,-0.3620740440232438,0.5,0.9685938615274804,3.546476582331628,0.5581734997004856,0.037914691943127965,4.0,1.712809506539581e-05,0.25,2.695749005998715e-07,1.2,0.0036845983787767134,550.0
0x5c0351af3972357fa463fe277dc4bd2236016b045fd79298d8720ba3f25f9c8e,1,0x876eabf441b2ee5b5b0554fd502a8e0600950cfa,0xa0b86991c6218b36c1d19d4a2e9eb0ce3606eb48,2022-06-03 23:57:52+00:00,90000,87293057980,1511206,65625,0.0,1249916,0,74,4921754,22257265,0.22113022422117004,1357,1407213,2212191,0.6361173153674343,1642,1641,10218113,42,0x5c0351af3972357fa463fe277dc4bd2236016b045fd79298d8720ba3f25f9c8e,9617,1166,2,6275881,1400,8817605,357167,3,1.0,1.0,1,1,0,-0.5310850045437943,0.7659401468627336,0.6388842249711207,0.7647927220479476,3.18220368279937,1.33904511883854,3.0247785402832474,0.3825445140569381,-0.3777594550724498,2.6479289383768445,-0.5526058053049429,0.7849070776473009,0.7666410528750274,0.7655506515741071,1.0710655704602254,2.549026780911139,2.5226377375996765,-0.5886488487520737,-0.4947746573475108,-0.702569623452449,-0.45485882614734197,-0.6084056490333764,-0.2657336293990421,2.535344372064459,-1.0331463994214758,-0.39465018123094053,-0.10733639448881149,0.666190594044744,0.5,0.9685938615274804,3.546476582331628,0.5581734997004856,1.0,6.193716104791316,0.13771748876553933,0.004347273811348116,0.0004320836365114941,8.247855917667238,0.8592483419307295,553.0
0x8c1db3f3b23d11554ce0662e48fef8b522aac606bb854c82bbd9a99507b1a2f7,1,0xd809cd2e2e2655599c2b1dbcdca50401579854a0,0xa0b86991c6218b36c1d19d4a2e9eb0ce3606eb48,2022-06-03 23:57:52+00:00,60424,61674236005,6979956,59975,0.0,12,2,78,4921754,22257265,0.22113022422117004,1357,20,20,1.0,17,384,2462318,43,0x8c1db3f3b23d11554ce0662e48fef8b522aac606bb854c82bbd9a99507b1a2f7,1,1,2,6275881,1400,8817605,9,3,1.0,1.0,1,1,0,-0.5310850045437943,0.7659401468627336,0.6388842249711207,0.7647927220479476,-0.4535735632958773,-0.3608790528149026,-0.5772038193534791,0.4171534869812691,-0.41415714103329515,-0.5379648250067056,-0.5526058053049429,0.7849070776473009,0.7666410528750274,0.7655506515741071,-0.25874730589234335,-0.1261914113050701,-0.11916942105002166,-0.5886488487520737,-0.4947746573475108,-0.702569623452449,-0.45485882614734197,-0.6084056490333764,-0.30549406166561816,0.31324051700274375,-0.31351122484716615,-0.43057970458016814,-0.10733639448881149,-0.36207898009629,0.5,0.9685938615274804,3.546476582331628,0.5581734997004856,0.04415584415584416,2.2222222222222223,8.122424429978406e-06,0.05,4.4929150099978594e-08,1.0,0.0007369196757553427,554.0
0xe4b28b07d28bed30b54de3f78602ad64fa58058f7269749b50de296eb9eade38,1,0x71660c4005ba85c37ccec55d0c4493e66fe775d3,0xa0b86991c6218b36c1d19d4a2e9eb0ce3606eb48,2022-06-03 23:58:02+00:00,250000,59779187583,2828553,65625,0.0,1125563,2,72,4921755,22257267,0.2211302492799318,1357,710586,1126685,0.6306873704717822,403,402,2575804,44,0xe4b28b07d28bed30b54de3f78602ad64fa58058f7269749b50de296eb9eade38,934983,401,2,6275881,1400,8817606,598,3,1.0,1.0,1,1,0,-0.5310850045437943,0.7659406470457089,0.6388844233554299,0.7647927220479476,1.3823222197622498,0.5048971764440136,0.27840552884330644,0.45176245990560004,3.1248592082848323,0.5559042783009512,-0.5526058053049429,0.7849070776473009,0.7666410528750274,0.7655509410961602,-0.2565542714813217,-0.08788279757405042,-0.08051340613388223,-0.5886488487520737,-0.4947746573475108,-0.702569623452449,-0.45485882614734197,-0.6084056490333764,-0.05063797201967468,0.14886939922987746,-0.8597961387001147,-0.39465018123094053,-0.10733639448881149,0.5638880121239245,0.5,0.9685938615274804,3.546476901011985,0.558173549807788,1.0,1884.0886287625417,0.2758694854618265,0.8298530645211395,0.042007987773161906,2331.628428927681,0.2955047899778924,551.0
0xcdefb94d877e6626c6057b9f7b379f7b31ed0947cc807bb11d53c8627a7d41d8,1,0x4a413e19eea99d708332ba26e1820d01975d0ab1,0xa0b86991c6218b36c1d19d4a2e9eb0ce3606eb48,2022-06-03 23:58:02+00:00,48780,59279187583,6189372,48513,0.0,189,2,71,4921755,22257267,0.2211302492799318,1357,202,210,0.9619047619047619,68,236,1506968,45,0xcdefb94d877e6626c6057b9f7b379f7b31ed0947cc807bb11d53c8627a7d41d8,14,8,2,6275881,1400,8817606,66,3,1.0,1.0,1,1,0,-0.5310850045437943,0.7659406470457089,0.6388844233554299,0.7647927220479476,-0.4531033282543518,-0.36073304891528807,-0.46415698837411107,0.486371432829931,-0.4141079345110935,-0.5188221156988216,-0.5526058053049429,0.7849070776473009,0.7666410528750274,0.7655509410961602,-0.25853507675579285,-0.4411733464267876,-0.44458421979289575,-0.5886488487520737,-0.4947746573475108,-0.702569623452449,-0.45485882614734197,-0.6084056490333764,-0.3211476481314016,0.10550081933908187,-0.41754451487791466,-0.5034689429215569,-0.10733639448881149,-0.3619333659414246,0.5,0.9685938615274804,3.546476901011985,0.558173549807788,0.2869198312236287,3.1818181818181817,0.00013404389871324494,0.06666666666666667,6.290080448781066e-07,1.75,0.0058953574060427415,557.0
0x4c8eb2fa7e410fc69a7f807365605c5db7c3aa2dd9c28790445238885a870f5d,1,0x46340b20830761efd32832a74d7169b29feb9758,0xa0b86991c6218b36c1d19d4a2e9eb0ce3606eb48,2022-06-03 23:58:11+00:00,350000,97607286645,458372,65613,0.0,6218672,0,68,4921756,22257271,0.22113025446830387,1357,1352216,6221296,0.21735278308571077,1276,1275,8063253,46,0x4c8eb2fa7e410fc69a7f807365605c5db7c3aa2dd9c28790445238885a870f5d,428661,1081,2,6275881,1400,8817607,1273845,3,1.0,1.0,1,1,0,-0.5310850045437943,0.765941147228684,0.6388848201240482,0.7647927220479476,3.040107437861042,4.419808087070505,2.2135012826666065,0.520980405754262,1.2083711518094638,2.4154817539239675,-0.5526058053049429,0.7849070776473009,0.7666410528750274,0.7655512306182132,4.484149437737789,1.7700849683804052,1.7886414710805267,-0.5886488487520737,-0.4947746573475108,-0.702569623452449,-0.45485882614734197,-0.6084056490333764,0.08379681384242996,3.429971271804432,-1.1716892802238106,-0.39472649172300966,-0.10733639448881149,4.753881021574145,0.5,0.9685938615274804,3.5464775383727,0.558173599915079,1.0,4.8838720566473945,0.16770102988198066,0.0689022030136486,0.01925936921916438,396.5411655874191,0.7966101694915254,548.0
0x63d652545f3bfe39b51723e26f2bf5c77fe38b24dedcc4c4de2a8ec50cde9a7f,1,0x46340b20830761efd32832a74d7169b29feb9758,0xa0b86991c6218b36c1d19d4a2e9eb0ce3606eb48,2022-06-03 23:58:11+00:00,350000,97607286645,90525,48525,0.0,6218663,0,69,4921756,22257271,0.22113025446830387,1357,1352216,6221296,0.21735278308571077,1276,1275,8063253,47,0x63d652545f3bfe39b51723e26f2bf5c77fe38b24dedcc4c4de2a8ec50cde9a7f,428661,1081,2,6275881,1400,8817607,1273845,3,1.0,1.0,1,1,0,-0.5310850045437943,0.765941147228684,0.6388848201240482,0.7647927220479476,3.040107437861042,4.419808087070505,2.2135012826666065,0.5555893786785929,1.2083711518094638,2.4154817539239675,-0.5526058053049429,0.7849070776473009,0.7666410528750274,0.7655512306182132,4.484149437737789,1.7700849683804052,1.7886414710805267,-0.5886488487520737,-0.4947746573475108,-0.702569623452449,-0.45485882614734197,-0.6084056490333764,0.08379681384242996,3.429971271804432,-1.2200944258350812,-0.5033926324294877,-0.10733639448881149,4.753873617464576,0.5,0.9685938615274804,3.5464775383727,0.558173599915079,1.0,4.8838720566473945,0.16770102988198066,0.0689022030136486,0.01925936921916438,396.5411655874191,0.7966101694915254,549.0
0x5dfa948c6f552b3a42b2fb8b4e53365b5775cb7aac6790c09589ba7e9107115d,1,0x6cc8dcbca746a6e4fdefb98e1d0df903b107fd21,0xa0b86991c6218b36c1d19d4a2e9eb0ce3606eb48,2022-06-03 23:58:11+00:00,108163,55621134177,4536982,65625,0.0,311204,2,70,4921756,22257271,0.22113025446830387,1357,257946,469085,0.5498918106526536,668,667,4302147,48,0x5dfa948c6f552b3a42b2fb8b4e53365b5775cb7aac6790c09589ba7e9107115d,19416,668,2,6275881,1400,8817607,47469,3,1.0,1.0,1,1,0,-0.5310850045437943,0.765941147228684,0.6388848201240482,0.7647927220479476,0.2128321692343177,-0.00043000453761208386,0.8658057290302188,0.5901983516029238,-0.340669092683689,1.286061904758812,-0.5526058053049429,0.7849070776473009,0.7666410528750274,0.7655512306182132,-0.08203862482768033,0.4761051267992952,0.5075198381286073,-0.5886488487520737,-0.4947746573475108,-0.702569623452449,-0.45485882614734197,-0.6084056490333764,-0.24131623924290804,-0.21178834342673408,-0.6349832286817718,-0.39465018123094053,-0.10733639448881149,-0.10606790619293692,0.5,0.9685938615274804,3.5464775383727,0.558173599915079,1.0,9.88192293918136,0.05995749100216915,0.04139121907543409,0.0008723441431790986,29.065868263473053,0.4922623434045689,552.0
0xb2710e9f814332246e2482b6dabfff4404c6dfba5368fea4def1c129e9b8f6c0,1,0x55fe002aeff02f77364de339a1292923a15844b8,0xa0b86991c6218b36c1d19d4a2e9eb0ce3606eb48,2022-06-03 23:58:11+00:00,150000,56871134177,1962977,49170,0.0,543357,2,67,4921756,22257271,0.22113025446830387,1357,309447,543446,0.5694162805504135,1348,1374,8665095,49,0xb2710e9f814332246e2482b6dabfff4404c6dfba5368fea4def1c129e9b8f6c0,466186,1343,2,6275881,1400,8817607,16218,3,1.0,1.0,1,1,0,-0.5310850045437943,0.765941147228684,0.6388848201240482,0.7647927220479476,0.34589576744092565,0.05671207956362677,2.373096808755126,0.6248073245272547,1.3504076707030497,3.131966016590483,-0.5526058053049429,0.7849070776473009,0.7666410528750274,0.7655512306182132,-0.19839604143011993,1.9807823439010135,1.99364308651467,-0.5886488487520737,-0.4947746573475108,-0.702569623452449,-0.45485882614734197,-0.6084056490333764,-0.18507275788177932,-0.10336689369974505,-0.9736976584015699,-0.49929094348077063,-0.10733639448881149,0.08491945479283759,0.5,0.9685938615274804,3.5464775383727,0.558173599915079,0.9803636363636363,33.508817363423354,0.03571189517115563,0.8578331609764356,0.020945335122171987,347.1228592702904,0.9896831245394252,559.0
0x366eeaea7acbf9cf426e473b5907304be142a83ea2ccbbc76e54ef0db503c09d,1,0x40abeca7723aaee427554ada0a902bcf246831c9,0xa0b86991c6218b36c1d19d4a2e9eb0ce3606eb48,2022-06-03 23:58:15+00:00,90000,54439268314,3458562,65625,0.0,74,2,65,4921757,22257275,0.22113025965667404,1357,87,89,0.9775280898876404,30,442,2838630,50,0x366eeaea7acbf9cf426e473b5907304be142a83ea2ccbbc76e54ef0db503c09d,14,11,2,6275881,1400,8817608,18,3,1.0,1.0,1,1,0,-0.5310850045437943,0.7659416474116592,0.6388852168926665,0.7647927220479476,-0.4534004547915794,-0.36082603034609523,-0.5483879604763853,0.6594162974515857,-0.4141079345110935,-0.5106180974240142,-0.5526058053049429,0.7849070776473009,0.7666410528750274,0.7655515201402663,-0.2587137960286775,-0.002752544838451082,0.009011343847166196,-0.5886488487520737,-0.4947746573475108,-0.702569623452449,-0.45485882614734197,-0.6084056490333764,-0.2657336293990421,-0.31430003162617326,-0.776892982275267,-0.39465018123094053,-0.10733639448881149,-0.36202797400814507,0.5,0.9685938615274804,3.546478175733415,0.5581736500223586,0.06772009029345373,4.944444444444445,3.064857672589357e-05,0.15730337078651685,6.290078187918332e-07,1.2727272727272727,0.008106116433308769,558.0
0xe52cae1e18a614915ef597f2fffeaf6c85a853e023d42431caa932384f6a5202,1,0x5c985e89dde482efe97ea9f1950ad149eb73829b,0xa0b86991c6218b36c1d19d4a2e9eb0ce3606eb48,2022-06-03 23:58:15+00:00,95000,82000000000,544011,48537,0.0,387186,0,62,4921757,22257275,0.22113025965667404,1357,340880,387976,0.8786110481060684,1681,1837,11147912,51,0xe52cae1e18a614915ef597f2fffeaf6c85a853e023d42431caa932384f6a5202,167248,1046,2,6275881,1400,8817608,191,3,1.0,1.0,1,1,0,-0.5310850045437943,0.7659416474116592,0.6388852168926665,0.7647927220479476,0.4271094930468034,-0.06275753239989718,3.111226116914529,0.6940252703759167,0.21889233732501429,2.3197682073845476,-0.5526058053049429,0.7849070776473009,0.7666410528750274,0.7655515201402663,-0.25806966198265585,2.966165019315576,2.8393492616027385,-0.5886488487520737,-0.4947746573475108,-0.702569623452449,-0.45485882614734197,-0.6084056490333764,-0.2590118901059369,2.0762395563199725,-1.1604200072244288,-0.5033163219374186,-0.10733639448881149,-0.043559122492441475,0.5,0.9685938615274804,3.546478175733415,0.5581736500223586,0.9145810663764962,2031.2879581151833,0.03057792072830134,0.43107821102336225,0.007514307119806895,159.8929254302103,0.7708179808400885,555.0
0xc6254c41d1d1aded88c26039db45a83b4d88120e2128d8b25a91e8bc8e6fa641,1,0xf60c2ea62edbfe808163751dd0d8693dcb30019c,0xa0b86991c6218b36c1d19d4a2e9eb0ce3606eb48,2022-06-03 23:58:15+00:00,207128,51862657408,5954744,48537,0.0,1168245,2,64,4921757,22257275,0.22113025965667404,1357,785017,1284961,0.6109267129508211,480,484,3111581,52,0xc6254c41d1d1aded88c26039db45a83b4d88120e2128d8b25a91e8bc8e6fa641,51595,447,2,6275881,1400,8817608,323436,3,1.0,1.0,1,1,0,-0.5310850045437943,0.7659416474116592,0.6388852168926665,0.7647927220479476,1.574630265783027,0.6265230354723709,0.44908407757686214,0.7286342433002476,-0.21886780976625528,0.6816992251813317,-0.5526058053049429,0.7849070776473009,0.7666410528750274,0.7655515201402663,0.9454743247587474,0.08663422053392822,0.10198490822845706,-0.5886488487520737,-0.4947746573475108,-0.702569623452449,-0.45485882614734197,-0.6084056490333764,-0.10827285341447618,-0.5377879434748858,-0.44841931473894714,-0.5033163219374186,-0.10733639448881149,0.5990015904175275,0.5,0.9685938615274804,3.546478175733415,0.5581736500223586,0.9896907216494846,3.9728447049802744,0.2522887071592521,0.04015296962320257,0.002318118457897474,115.42505592841164,0.32940309506263815,547.0
0xf7eefc98aabb5c498fa598fd28874df1bd78f2d6b6f7cb142832967567069ce8,1,0xc4048a511d38d2c6ac1db56917e168bdfdf813f7,0xa0b86991c6218b36c1d19d4a2e9eb0ce3606eb48,2022-06-03 23:58:15+00:00,100000,56682585865,2761518,59987,0.0,87,2,66,4921757,22257275,0.22113025965667404,1357,107,108,0.9907407407407407,44,241,1542860,53,0xf7eefc98aabb5c498fa598fd28874df1bd78f2d6b6f7cb142832967567069ce8,9,9,2,6275881,1400,8817608,30,3,1.0,1.0,1,1,0,-0.5310850045437943,0.7659416474116592,0.6388852168926665,0.7647927220479476,-0.453348780611192,-0.3608114299561338,-0.5173554970702843,0.7632432162245786,-0.41412686009655564,-0.5160874429405524,-0.5526058053049429,0.7849070776473009,0.7666410528750274,0.7655515201402663,-0.25866911621045635,-0.43053206483483775,-0.4323585559456364,-0.5886488487520737,-0.4947746573475108,-0.702569623452449,-0.45485882614734197,-0.6084056490333764,-0.2522901508128316,-0.11972103876423837,-0.8686173033040168,-0.43050339408809896,-0.10733639448881149,-0.36201727918321147,0.5,0.9685938615274804,3.546478175733415,0.5581736500223586,0.18181818181818182,3.6,6.935167847265567e-05,0.08333333333333333,4.043621692233214e-07,1.0,0.006632277081798084,556.0
0xfad291bbb08e1bf84e26713a1ca7120ca8afb64b8b43e4dd16161a261cfc4e29,1,0xc3a1e35f2ec266504647eb00765b433d33cb73cb,0xa0b86991c6218b36c1d19d4a2e9eb0ce3606eb48,2022-06-03 23:58:35+00:00,250000,62599106554,1319294,43713,0.0,11,0,57,4921758,22257282,0.22113023503948057,1357,20,20,1.0,7,273,1746672,54,0xfad291bbb08e1bf84e26713a1ca7120ca8afb64b8b43e4dd16161a261cfc4e29,3,3,2,6275883,1400,8817610,4,3,1.0,1.0,1,1,0,-0.5310850045437943,0.7659421475946343,0.6388859112377486,0.7647927220479476,-0.4535735632958773,-0.3608790528149026,-0.5993698646435512,0.7978521891489095,-0.41414957079911024,-0.5324954794901673,-0.5526058053049429,0.7849078100309095,0.7666410528750274,0.7655520991843724,-0.25876592248326885,-0.3624278626463583,-0.36293536971924534,-0.5886488487520737,-0.4947746573475108,-0.702569623452449,-0.45485882614734197,-0.6084056490333764,-0.05063797201967468,0.39346116158864475,-1.0584001823925213,-0.5339931397492192,-0.10733639448881149,-0.3620798027751311,0.5,0.9685938615274804,3.546478160921738,0.5581736368274808,0.025547445255474453,5.0,1.1450340160980332e-05,0.15,1.3478734734995943e-07,1.0,0.002210759027266028,566.0
0xdc93b470eca30d7539a60b69520e98b924159e428e282431bd1c96b130acc98c,1,0x503828976d22510aad0201ac7ec88293211d23da,0xa0b86991c6218b36c1d19d4a2e9eb0ce3606eb48,2022-06-03 23:58:35+00:00,250000,45107725573,13208495,65613,0.0,1609739,2,59,4921758,22257282,0.22113023503948057,1357,900373,1611306,0.5587846132267862,403,402,2575808,55,0xdc93b470eca30d7539a60b69520e98b924159e428e282431bd1c96b130acc98c,930402,401,2,6275883,1400,8817610,756,3,1.0,1.0,1,1,0,-0.5310850045437943,0.7659421475946343,0.6388859112377486,0.7647927220479476,1.8726766034215478,0.8773001018918487,0.27840552884330644,0.8324611620732405,3.107519586884392,0.5559042783009512,-0.5526058053049429,0.7849078100309095,0.7666410528750274,0.7655520991843724,-0.2559659872080765,-0.08788279757405042,-0.08051204363930436,-0.5886488487520737,-0.4947746573475108,-0.702569623452449,-0.45485882614734197,-0.6084056490333764,-0.05063797201967468,-1.1236915453610379,0.5061049124068491,-0.39472649172300966,-0.10733639448881149,0.9622093626670937,0.5,0.9685938615274804,3.546478160921738,0.5581736368274808,1.0,2131.3571428571427,0.34954959781567657,0.5774210485159244,0.04180213918303232,2320.204488778055,0.2955047899778924,564.0
0x67ee7397b50e24674210c0db2c2c6634a0ac08100f6752ee0506830f068d4bcb,1,0x673628e9634fe11d3e1463ad9984bc5919e9c0b2,0xa0b86991c6218b36c1d19d4a2e9eb0ce3606eb48,2022-06-03 23:58:35+00:00,79298,60000000000,1443119,60825,0.0,29,0,58,4921758,22257282,0.22113023503948057,1357,48,48,1.0,22,455,2919179,56,0x67ee7397b50e24674210c0db2c2c6634a0ac08100f6752ee0506830f068d4bcb,3,3,2,6275883,1400,8817610,11,3,1.0,1.0,1,1,0,-0.5310850045437943,0.7659421475946343,0.6388859112377486,0.7647927220479476,-0.4535012194433349,-0.3608575364507489,-0.5661207967084431,0.8670701349975715,-0.41414957079911024,-0.5324954794901673,-0.5526058053049429,0.7849078100309095,0.7666410528750274,0.7655520991843724,-0.25873985925597315,0.0249147873006187,0.036448237785450345,-0.5886488487520737,-0.4947746573475108,-0.702569623452449,-0.45485882614734197,-0.6084056490333764,-0.28012084018200456,0.16802204112496583,-1.04210599715976,-0.4251743780586029,-0.10733639448881149,-0.3620649945559922,0.5,0.9685938615274804,3.546478160921738,0.5581736368274808,0.04824561403508772,4.363636363636363,1.644297371179578e-05,0.0625,1.3478734734995943e-07,1.0,0.002210759027266028,563.0
0x2e4d55088bae0fb0539f833342410b8df034ab776dc328fceb1d50292cbe5498,1,0xae2d4617c862309a3d75a0ffb358c7a5009c673f,0xa0b86991c6218b36c1d19d4a2e9eb0ce3606eb48,2022-06-03 23:58:35+00:00,500000,45107725573,11999604,65637,0.0,468629,2,56,4921758,22257282,0.22113023503948057,1357,261564,468650,0.5581222660834312,880,883,5699734,57,0x2e4d55088bae0fb0539f833342410b8df034ab776dc328fceb1d50292cbe5498,226545,879,2,6275883,1400,8817610,2,3,1.0,1.0,1,1,0,-0.5310850045437943,0.7659421475946343,0.6388859112377486,0.7647927220479476,0.22218002846640073,-0.0007642766235716447,1.3357258891797488,0.9016791079219024,0.44333842555507325,1.863077856753601,-0.5526058053049429,0.7849078100309095,0.7666410528750274,0.7655520991843724,-0.258773369119639,0.9358084915715316,0.9835710155302477,-0.5886488487520737,-0.4947746573475108,-0.702569623452449,-0.45485882614734197,-0.6084056490333764,0.28544899263558693,-1.1236915453610379,0.3470264235700378,-0.3945738707388714,-0.10733639448881149,0.023442310359016113,0.5,0.9685938615274804,3.546478160921738,0.5581736368274808,0.995475113122172,234325.0,0.045890554560869934,0.48339912514669797,0.010178466535132187,257.73037542662115,0.6477523949889462,562.0
0x509577beac6322380a6fc79581689ce0961a6cbd5855493419259743506c3cb8,1,0x59f00e7e88041f1acff1d498f573372382703f13,0xa0b86991c6218b36c1d19d4a2e9eb0ce3606eb48,2022-06-03 23:58:35+00:00,91140,44107725574,27729385,60311,0.0,2,2,53,4921758,22257282,0.22113023503948057,1357,5,6,0.8333333333333334,1,0,77,58,0x509577beac6322380a6fc79581689ce0961a6cbd5855493419259743506c3cb8,1,1,2,6275883,1400,8817610,3,3,1.0,1.0,1,1,0,-0.5310850045437943,0.7659421475946343,0.6388859112377486,0.7647927220479476,-0.4536123189311678,-0.3608898109969795,-0.6126694918175946,0.9362880808462333,-0.41415714103329515,-0.5379648250067056,-0.5526058053049429,0.7849078100309095,0.7666410528750274,0.7655520991843724,-0.2587696458014539,-0.9434418375668238,-0.9578669240295088,-0.5886488487520737,-0.4947746573475108,-0.702569623452449,-0.45485882614734197,-0.6084056490333764,-0.2642010728402141,-1.210428705055892,2.4169150994010153,-0.42844301080223174,-0.10733639448881149,-0.36208720688470053,0.5,0.9685938615274804,3.546478160921738,0.5581736368274808,1.0,2.0,0.0641025641025641,0.16666666666666666,4.4929115783319816e-08,1.0,0.0007369196757553427,561.0
0xe8306e9905a51232c3ae4b7aacfb522d89f5e25c6cc6b10497ab26f8fe8fb565,1,0x80588ed4f5650ca2c12198dc935671edc797e62c,0xa0b86991c6218b36c1d19d4a2e9eb0ce3606eb48,2022-06-03 23:58:35+00:00,58565,75800000000,1074256,48537,0.0,3,0,48,4921758,22257282,0.22113023503948057,1357,6,6,1.0,3,5,33349,59,0xe8306e9905a51232c3ae4b7aacfb522d89f5e25c6cc6b10497ab26f8fe8fb565,4,2,2,6275883,1400,8817610,1,3,1.0,1.0,1,1,0,-0.5310850045437943,0.7659421475946343,0.6388859112377486,0.7647927220479476,-0.4536097352221484,-0.3608898109969795,-0.6082362827595802,0.9708970537705642,-0.4141457856820178,-0.5352301522484365,-0.5526058053049429,0.7849078100309095,0.7666410528750274,0.7655520991843724,-0.2587770924378241,-0.9328005559748738,-0.9465336941307566,-0.5886488487520737,-0.4947746573475108,-0.702569623452449,-0.45485882614734197,-0.6084056490333764,-0.3079932043347947,1.538469165674107,-1.0906448386498633,-0.5033163219374186,-0.10733639448881149,-0.3620863842058595,0.5,0.9685938615274804,3.546478160921738,0.5581736368274808,0.5,6.0,0.00017991004497751125,0.6666666666666666,1.7971646313327926e-07,2.0,0.0014738393515106854,560.0
0x8664f131100135ada9c4e17d61468a428a21b55d6fe06546be9ee5c0c4b8f8b6,1,0x8133111cce53e9b9d8ecce966e5268657e5f7b89,0xa0b86991c6218b36c1d19d4a2e9eb0ce3606eb48,2022-06-03 23:58:35+00:00,79352,46000000000,6749271,60825,0.0,6,0,49,4921758,22257282,0.22113023503948057,1357,13,13,1.0,7,343,2196181,60,0x8664f131100135ada9c4e17d61468a428a21b55d6fe06546be9ee5c0c4b8f8b6,1,1,2,6275883,1400,8817610,5,3,1.0,1.0,1,1,0,-0.5310850045437943,0.7659421475946343,0.6388859112377486,0.7647927220479476,-0.45359164925901285,-0.36088443190594105,-0.5993698646435512,1.0055060266948952,-0.41415714103329515,-0.5379648250067056,-0.5526058053049429,0.7849078100309095,0.7666410528750274,0.7655520991843724,-0.25876219916508375,-0.21344992035905944,-0.20982197591790494,-0.5886488487520737,-0.4947746573475108,-0.702569623452449,-0.45485882614734197,-0.6084056490333764,-0.280048245397639,-1.0462981958173112,-0.34386716363512954,-0.4251743780586029,-0.10733639448881149,-0.36208391616933633,0.5,0.9685938615274804,3.546478160921738,0.5581736368274808,0.020348837209302327,2.6,5.91936369572285e-06,0.07692307692307693,4.4929115783319816e-08,1.0,0.0007369196757553427,565.0
0x73724ffb2f79673dcbb28416a67178afebc0fcb492a157b46930023925f53679,1,0xeaad58e77d20b23a3df57661278a6679fbd279b2,0xa0b86991c6218b36c1d19d4a2e9eb0ce3606eb48,2022-06-03 23:58:42+00:00,65886,61200000000,1482028,48537,0.0,582,0,43,4921759,22257285,0.2211302501630365,1357,614,655,0.9374045801526718,321,1086,6948403,61,0x73724ffb2f79673dcbb28416a67178afebc0fcb492a157b46930023925f53679,220,144,2,6275884,1400,8817611,74,3,1.0,1.0,1,1,0,-0.5310850045437943,0.7659426477776096,0.6388862088142123,0.7647927220479476,-0.4520388401383711,-0.3603910924135593,0.09664395746471469,1.0401149996192263,-0.4133282003900521,-0.1469066205742183,-0.5526058053049429,0.7849081762227138,0.7666410528750274,0.7655523887064254,-0.2585052902103121,1.3678445242046984,1.4088972010449448,-0.5886488487520737,-0.4947746573475108,-0.702569623452449,-0.45485882614734197,-0.6084056490333764,-0.29815123366183,0.2721066328628753,-1.0369859450441006,-0.5033163219374186,-0.10733639448881149,-0.3616100531568928,0.5,0.9685938615274804,3.5464780738458517,0.5581736869347392,0.2953081876724931,8.85135135135135,8.836561604650507e-05,0.33587786259541985,9.884404140037745e-06,1.5277777777777777,0.10611643330876934,569.0
0xf0f6fe2550124a9ca97481c82822a60b7b00b4f8bc003f76c8062fd6b922131f,1,0xfd8a714a0606676e48ac093a558478d7c21efb6b,0xa0b86991c6218b36c1d19d4a2e9eb0ce3606eb48,2022-06-03 23:58:42+00:00,66163,58000000000,1866549,65625,0.0,7,0,46,4921759,22257285,0.2211302501630365,1357,9,9,1.0,3,4,26090,62,0xf0f6fe2550124a9ca97481c82822a60b7b00b4f8bc003f76c8062fd6b922131f,7,2,2,6275884,1400,8817611,2,3,1.0,1.0,1,1,0,-0.5310850045437943,0.7659426477776096,0.6388862088142123,0.7647927220479476,-0.45360198409509034,-0.3608875056722487,-0.6082362827595802,1.0747239725435571,-0.41413443033074054,-0.5352301522484365,-0.5526058053049429,0.7849081762227138,0.7666410528750274,0.7655523887064254,-0.258773369119639,-0.9349288122932637,-0.9490062811659525,-0.5886488487520737,-0.4947746573475108,-0.702569623452449,-0.45485882614734197,-0.6084056490333764,-0.297778849304992,-0.005452278438216598,-0.9863866605709599,-0.39465018123094053,-0.10733639448881149,-0.3620830934904953,0.5,0.9685938615274804,3.5464780738458517,0.5581736869347392,0.6,4.5,0.00034494653328734045,0.7777777777777778,3.1450376809211004e-07,3.5,0.0014738393515106854,568.0
0xaa4e49c9ac84c87aafb7003a4bb8625548458764c79fe9d0e8364a0165bfe07c,1,0x9217e2ec4f8e20ac4f8e32834e8c501d2ba57374,0xa0b86991c6218b36c1d19d4a2e9eb0ce3606eb48,2022-06-03 23:58:42+00:00,99226,49994444688,14440820,60813,0.0,5,2,42,4921759,22257285,0.2211302501630365,1357,12,12,1.0,7,57,364234,63,0xaa4e49c9ac84c87aafb7003a4bb8625548458764c79fe9d0e8364a0165bfe07c,1,1,2,6275884,1400,8817611,5,3,1.0,1.0,1,1,0,-0.5310850045437943,0.7659426477776096,0.6388862088142123,0.7647927220479476,-0.4535942329680322,-0.360885200347518,-0.5993698646435512,1.109332945467888,-0.41415714103329515,-0.5379648250067056,-0.5526058053049429,0.7849081762227138,0.7666410528750274,0.7655523887064254,-0.25876219916508375,-0.8221312274185947,-0.8338264395308341,-0.5886488487520737,-0.4947746573475108,-0.702569623452449,-0.45485882614734197,-0.6084056490333764,-0.2533306760554043,-0.6998314086755268,0.6682670914253243,-0.42525068855067205,-0.10733639448881149,-0.3620847388481774,0.5,0.9685938615274804,3.5464780738458517,0.5581736869347392,0.1206896551724138,2.4,3.294576303759935e-05,0.08333333333333333,4.492910972744429e-08,1.0,0.0007369196757553427,574.0
0x6c8db0ff98693e977218108894f49fb47e191164d071e3e0ec4e387608fa8e9a,1,0xffec0067f5a79cff07527f63d83dd5462ccf8ba4,0xa0b86991c6218b36c1d19d4a2e9eb0ce3606eb48,2022-06-03 23:59:11+00:00,200000,70510000000,433209,65625,0.0,1102305,0,36,4921760,22257291,0.22113023548103855,1357,809279,1102372,0.7341251410594609,1490,1495,9366942,64,0x6c8db0ff98693e977218108894f49fb47e191164d071e3e0ec4e387608fa8e9a,365377,1164,2,6275884,1400,8817612,29,3,1.0,1.0,1,1,0,-0.5310850045437943,0.7659431479605847,0.6388868039671398,0.7647927220479476,1.6373162140109976,0.4862140563843933,2.6878546518741504,1.143941918392219,0.9688338017318705,2.6424595928603063,-0.5526058053049429,0.7849081762227138,0.7666410528750274,0.7655526782284785,-0.2586728395286414,2.2383013584262015,2.2327087695138745,-0.5886488487520737,-0.4947746573475108,-0.702569623452449,-0.45485882614734197,-0.6084056490333764,-0.117855364950727,1.0796295904294895,-1.175000490262268,-0.39465018123094053,-0.10733639448881149,0.5447541476388343,0.5,0.9685938615274804,3.546479029886467,0.5581737370419863,0.9959893048128342,38012.8275862069,0.08639734436304353,0.3314461905781351,0.016416058899530944,313.89776632302403,0.8577745025792188,571.0
0x2cc9295ca95905b7502efa6c419fdee22b7345d509d9c63ab2c81e7f24deead7,1,0x0a03862201201ac4080a1b5b3415e51da7d22cd8,0xa0b86991c6218b36c1d19d4a2e9eb0ce3606eb48,2022-06-03 23:59:11+00:00,66163,56051246859,8186042,60825,0.0,72,2,39,4921760,22257291,0.22113023548103855,1357,75,83,0.9036144578313253,29,617,3973011,65,0x2cc9295ca95905b7502efa6c419fdee22b7345d509d9c63ab2c81e7f24deead7,12,10,2,6275884,1400,8817612,27,3,1.0,1.0,1,1,0,-0.5310850045437943,0.7659431479605847,0.6388868039671398,0.7647927220479476,-0.4534314592998119,-0.36083064099555673,-0.5506045650053926,1.1785508913165499,-0.41411550474527836,-0.5133527701822833,-0.5526058053049429,0.7849081762227138,0.7666410528750274,0.7655526782284785,-0.2586802861650116,0.369692310879796,0.39540833428286015,-0.5886488487520737,-0.4947746573475108,-0.702569623452449,-0.45485882614734197,-0.6084056490333764,-0.297778849304992,-0.17448159100401134,-0.15480184717189652,-0.4251743780586029,-0.10733639448881149,-0.36202961936582717,0.5,0.9685938615274804,3.546479029886467,0.5581737370419863,0.04692556634304207,3.074074074074074,1.8877365585606085e-05,0.14457831325301204,5.391491713883779e-07,1.2,0.007369196757553427,570.0
0x04796adc1514353fa22a431106a722a271daacb546e582a8f3027787cc681895,1,0xcfd3f0c44e0f2e006134767d39c6e806d93ab43a,0xa0b86991c6218b36c1d19d4a2e9eb0ce3606eb48,2022-06-03 23:59:11+00:00,60000,94663909812,214229,43725,0.0,3,0,37,4921760,22257291,0.22113023548103855,1357,8,8,1.0,4,147,940726,66,0x04796adc1514353fa22a431106a722a271daacb546e582a8f3027787cc681895,2,2,2,6275884,1400,8817612,2,3,1.0,1.0,1,1,0,-0.5310850045437943,0.7659431479605847,0.6388868039671398,0.7647927220479476,-0.4536045678041097,-0.3608882741138256,-0.6060196782305729,1.213159864240881,-0.4141533559162027,-0.5352301522484365,-0.5526058053049429,0.7849081762227138,0.7666410528750274,0.7655526782284785,-0.258773369119639,-0.6305881587634962,-0.6374596334839644,-0.5886488487520737,-0.4947746573475108,-0.702569623452449,-0.45485882614734197,-0.6084056490333764,-0.3060640651576735,3.1746711251430773,-1.2038161630445825,-0.5339168292571501,-0.10733639448881149,-0.3620863842058595,0.5,0.9685938615274804,3.546479029886467,0.5581737370419863,0.02702702702702703,4.0,8.504061220736729e-06,0.25,8.985819523139631e-08,1.0,0.0014738393515106854,572.0
0x674c1ecbc3469c97ed82592d60850a21bda0a00dea70c1cd6d8c7786e9def926,1,0x46340b20830761efd32832a74d7169b29feb9758,0xa0b86991c6218b36c1d19d4a2e9eb0ce3606eb48,2022-06-03 23:59:11+00:00,350000,66522581510,1351072,65625,0.0,6218696,0,40,4921760,22257291,0.22113023548103855,1357,1352219,6221322,0.21735235694278482,1276,1275,8063258,67,0x674c1ecbc3469c97ed82592d60850a21bda0a00dea70c1cd6d8c7786e9def926,428663,1081,2,6275884,1400,8817612,1273847,3,1.0,1.0,1,1,0,-0.5310850045437943,0.7659431479605847,0.6388868039671398,0.7647927220479476,3.0401151889881,4.4198280665515055,2.2135012826666065,1.2477688371652118,1.2083787220436486,2.4154817539239675,-0.5526058053049429,0.7849081762227138,0.7666410528750274,0.7655526782284785,4.484156884374159,1.7700849683804052,1.788643174198749,-0.5886488487520737,-0.4947746573475108,-0.702569623452449,-0.45485882614734197,-0.6084056490333764,0.08379681384242996,0.7337722357462882,-1.0542185016468988,-0.39465018123094053,-0.10733639448881149,4.75390076586633,0.5,0.9685938615274804,3.546479029886467,0.5581737370419863,1.0,4.883884799351884,0.1677012979491295,0.06890223653429287,0.019259441771238017,396.5430157261795,0.7966101694915254,567.0
0x3dde4f3ead6dafb65121d07275e871e03af607cb81c97ac95a9aaf430f3f08b2,1,0x503828976d22510aad0201ac7ec88293211d23da,0xa0b86991c6218b36c1d19d4a2e9eb0ce3606eb48,2022-06-03 23:59:11+00:00,250000,56551246859,4762513,65613,0.0,1609741,2,41,4921760,22257291,0.22113023548103855,1357,900375,1611308,0.5587851608755123,403,402,2575810,68,0x3dde4f3ead6dafb65121d07275e871e03af607cb81c97ac95a9aaf430f3f08b2,930403,401,2,6275884,1400,8817612,756,3,1.0,1.0,1,1,0,-0.5310850045437943,0.7659431479605847,0.6388868039671398,0.7647927220479476,1.8726817708395866,0.8773016387750026,0.27840552884330644,1.2823778100895429,3.1075233720014843,0.5559042783009512,-0.5526058053049429,0.7849081762227138,0.7666410528750274,0.7655526782284785,-0.2559659872080765,-0.08788279757405042,-0.08051136239201542,-0.5886488487520737,-0.4947746573475108,-0.702569623452449,-0.45485882614734197,-0.6084056490333764,-0.05063797201967468,-0.13111301111321574,-0.6053055069799352,-0.39472649172300966,-0.10733639448881149,0.9622110080247758,0.5,0.9685938615274804,3.546479029886467,0.5581737370419863,1.0,2131.3597883597886,0.34955010286080773,0.5774209524187802,0.04180216720893841,2320.206982543641,0.2955047899778924,573.0
0x4e38398f918f9032cf865a907b3ec119241dc0355aa8b40cf634b691b7022011,1,0x46340b20830761efd32832a74d7169b29feb9758,0xa0b86991c6218b36c1d19d4a2e9eb0ce3606eb48,2022-06-03 23:59:11+00:00,350000,66522581510,1243447,65625,0.0,6218693,0,35,4921760,22257291,0.22113023548103855,1357,1352219,6221322,0.21735235694278482,1276,1275,8063258,69,0x4e38398f918f9032cf865a907b3ec119241dc0355aa8b40cf634b691b7022011,428663,1081,2,6275884,1400,8817612,1273847,3,1.0,1.0,1,1,0,-0.5310850045437943,0.7659431479605847,0.6388868039671398,0.7647927220479476,3.0401151889881,4.4198280665515055,2.2135012826666065,1.3169867830138737,1.2083787220436486,2.4154817539239675,-0.5526058053049429,0.7849081762227138,0.7666410528750274,0.7655526782284785,4.484156884374159,1.7700849683804052,1.788643174198749,-0.5886488487520737,-0.4947746573475108,-0.702569623452449,-0.45485882614734197,-0.6084056490333764,0.08379681384242996,0.7337722357462882,-1.0683809218825213,-0.39465018123094053,-0.10733639448881149,4.753898297829807,0.5,0.9685938615274804,3.546479029886467,0.5581737370419863,1.0,4.883884799351884,0.1677012979491295,0.06890223653429287,0.019259441771238017,396.5430157261795,0.7966101694915254,575.0
0xa869c4e15bc02b516051db726136a400b52993d12d547c347a4f45bd01a7784b,1,0x120caa413620af1e903c9c446620999bf5e1b792,0xa0b86991c6218b36c1d19d4a2e9eb0ce3606eb48,2022-06-03 23:59:48+00:00,99226,51057753964,16979094,65613,0.0,19,2,32,4921761,22257295,0.22113024066940748,1357,25,25,1.0,18,203,1297481,70,0xa869c4e15bc02b516051db726136a400b52993d12d547c347a4f45bd01a7784b,11,9,2,6275885,1400,8817614,6,3,1.0,1.0,1,1,0,-0.5310850045437943,0.7659436481435599,0.6388872007357581,0.7647927220479476,-0.4535606447507804,-0.36087521060701805,-0.5749872148244719,1.3515957559382048,-0.4141192898623708,-0.5160874429405524,-0.5526058053049429,0.784908542414518,0.7666410528750274,0.7655532572725846,-0.25875847584689865,-0.5114058049336571,-0.5159404452016448,-0.5886488487520737,-0.4947746573475108,-0.702569623452449,-0.45485882614734197,-0.6084056490333764,-0.2533306760554043,-0.6076029821058668,1.0022796634221116,-0.39472649172300966,-0.10733639448881149,-0.36207322134440273,0.5,0.9685938615274804,3.5464791021505335,0.5581737238470947,0.08823529411764706,4.166666666666667,1.9268090039014028e-05,0.44,4.94219984953248e-07,1.2222222222222223,0.006632277081798084,578.0
0x0a56992173d32ea012f677878c58fc3c98f6917fa2f61523b22badcb5240c2d7,1,0x7486885aa4a32450dcf89d6072b3a5bd5d921840,0xa0b86991c6218b36c1d19d4a2e9eb0ce3606eb48,2022-06-03 23:59:48+00:00,70000,52057753964,4638438,43725,0.0,0,2,28,4921761,22257295,0.22113024066940748,1357,2,2,1.0,2,16,104325,71,0x0a56992173d32ea012f677878c58fc3c98f6917fa2f61523b22badcb5240c2d7,1,1,2,6275885,1400,8817614,1,3,1.0,1.0,1,1,0,-0.5310850045437943,0.7659436481435599,0.6388872007357581,0.7647927220479476,-0.4536200700582259,-0.3608928847632871,-0.6104528872885874,1.3862047288625357,-0.41415714103329515,-0.5379648250067056,-0.5526058053049429,0.784908542414518,0.7666410528750274,0.7655532572725846,-0.2587770924378241,-0.909389736472584,-0.9223575903409683,-0.5886488487520737,-0.4947746573475108,-0.702569623452449,-0.45485882614734197,-0.6084056490333764,-0.292620586571463,-0.5208658223242756,-0.6216325898206772,-0.5339168292571501,-0.10733639448881149,-0.36208885224238263,0.5,0.9685938615274804,3.5464791021505335,0.5581737238470947,0.11764705882352941,2.0,1.9170676533174857e-05,0.5,4.492908954120435e-08,1.0,0.0007369196757553427,579.0
0x9b905001f158c61f072579a1ef197f6fddb4c95c4867a564de84fff96c5837fb,1,0xfac87e892800f73fea9bd4a81b4e0269f4363fe3,0xa0b86991c6218b36c1d19d4a2e9eb0ce3606eb48,2022-06-03 23:59:48+00:00,99245,76918858418,1317909,65625,0.0,53885,0,33,4921761,22257295,0.22113024066940748,1357,53921,53926,0.9999072803471424,412,411,2638791,72,0x9b905001f158c61f072579a1ef197f6fddb4c95c4867a564de84fff96c5837fb,50979,412,2,6275885,1400,8817614,4,3,1.0,1.0,1,1,0,-0.5310850045437943,0.7659436481435599,0.6388872007357581,0.7647927220479476,-0.3143090634427797,-0.3194554411695323,0.2983549696043714,1.4208137017868667,-0.2211994418951946,0.5859856786419118,-0.5526058053049429,0.784908542414518,0.7666410528750274,0.7655532572725846,-0.25876592248326885,-0.06872849070854056,-0.05905854463975191,-0.5886488487520737,-0.4947746573475108,-0.702569623452449,-0.45485882614734197,-0.6084056490333764,-0.2533051334460905,1.6355157670491514,-1.0585824351407334,-0.39465018123094053,-0.10733639448881149,-0.31775880289252084,0.5,0.9685938615274804,3.5464791021505335,0.5581737238470947,1.0,13481.5,0.020433971302020015,0.945351036605719,0.002290440055721057,123.73543689320388,0.3036109064112012,580.0
0xfcc44abb0965ff223b5597d544446bd9e12ffc617ce8de099bdfb5ac5560fc01,1,0x331d50ec230796ad1d055ff78e6d1b0623f2ff41,0xa0b86991c6218b36c1d19d4a2e9eb0ce3606eb48,2022-06-03 23:59:48+00:00,99226,51557753964,13267955,65613,0.0,95,2,27,4921761,22257295,0.22113024066940748,1357,99,100,0.99,32,52,332540,73,0xfcc44abb0965ff223b5597d544446bd9e12ffc617ce8de099bdfb5ac5560fc01,26,14,2,6275885,1400,8817614,51,3,1.0,1.0,1,1,0,-0.5310850045437943,0.7659436481435599,0.6388872007357581,0.7647927220479476,-0.45336945028334696,-0.36081757748874915,-0.5439547514183709,1.4554226747111976,-0.4140625131059843,-0.5024140791492068,-0.5526058053049429,0.784908542414518,0.7666410528750274,0.7655532572725846,-0.2585909265285693,-0.8327725090105446,-0.8446221653186152,-0.5886488487520737,-0.4947746573475108,-0.702569623452449,-0.45485882614734197,-0.6084056490333764,-0.2533306760554043,-0.5642344022150712,0.5139292794889407,-0.39472649172300966,-0.10733639448881149,-0.36201069775248307,0.5,0.9685938615274804,3.5464791021505335,0.5581737238470947,0.6037735849056604,1.9607843137254901,0.00029770765108663293,0.26,1.1681563280713133e-06,1.8571428571428572,0.010316875460574797,576.0
0xe4d6e8da5650e1dd569e05da55839505d7cb1044bf3b05296bd075aef8a80171,1,0x5c985e89dde482efe97ea9f1950ad149eb73829b,0xa0b86991c6218b36c1d19d4a2e9eb0ce3606eb48,2022-06-03 23:59:53+00:00,95000,82000000000,202257,48537,0.0,387187,0,25,4921762,22257297,0.22113026572813402,1357,340881,387977,0.8786113609827386,1681,1837,11147920,74,0xe4d6e8da5650e1dd569e05da55839505d7cb1044bf3b05296bd075aef8a80171,167249,1046,2,6275885,1400,8817616,191,3,1.0,1.0,1,1,0,-0.5310850045437943,0.765944148326535,0.6388873991200673,0.7647927220479476,0.42711207675582274,-0.06275676395832026,3.111226116914529,1.4900316476355284,0.2188961224421067,2.3197682073845476,-0.5526058053049429,0.784908542414518,0.7666410528750274,0.7655538363166907,-0.25806966198265585,2.966165019315576,2.839351986591894,-0.5886488487520737,-0.4947746573475108,-0.702569623452449,-0.45485882614734197,-0.6084056490333764,-0.2590118901059369,2.0762395563199725,-1.2053915636955546,-0.5033163219374186,-0.10733639448881149,-0.043558299813600425,0.5,0.9685938615274804,3.546479420830688,0.5581737106522091,0.9145810663764962,2031.2931937172775,0.03057798848771892,0.4310796774035574,0.007514344621451563,159.89388145315488,0.7708179808400885,581.0
0xc7b8379a0c47b10b08a6b43961c9ae3284ba00c1b082f48d72eb8fad371459f1,1,0x260ee8f2b0c167e0cd6119b2df923fd061dc1093,0xa0b86991c6218b36c1d19d4a2e9eb0ce3606eb48,2022-06-03 23:59:53+00:00,250000,62009851122,353201,65625,0.0,102951,0,24,4921762,22257297,0.22113026572813402,1357,103103,174785,0.5898847155076237,1213,1316,8311857,75,0xc7b8379a0c47b10b08a6b43961c9ae3284ba00c1b082f48d72eb8fad371459f1,7729,884,2,6275885,1400,8817616,24423,3,1.0,1.0,1,1,0,-0.5310850045437943,0.765944148326535,0.6388873991200673,0.7647927220479476,-0.18723708645209228,-0.22658236062473563,2.0738551973391517,1.5246406205598595,-0.3849057561429652,1.8767512205449466,-0.5526058053049429,0.784908542414518,0.7666410528750274,0.7655538363166907,-0.16784621572140607,1.8573434774343944,1.8733218715899458,-0.5886488487520737,-0.4947746573475108,-0.702569623452449,-0.45485882614734197,-0.6084056490333764,-0.05063797201967468,0.3423508190310902,-1.185528777539496,-0.39465018123094053,-0.10733639448881149,-0.27739324287766853,0.5,0.9685938615274804,3.546479420830688,0.5581737106522091,0.9210326499620349,7.156573721492037,0.012404326445422912,0.04422004176559773,0.0003472569018600956,8.743212669683258,0.6514369933677229,577.0
0x0207e901bea73f80867c06340553dde2d045da025178e9e3ade48ce2bf5a03d9,1,0x7a268d048a7786ec1a378a3f71921d14093076ea,0xa0b86991c6218b36c1d19d4a2e9eb0ce3606eb48,2022-06-04 00:00:00+00:00,250000,47675272097,9371653,43725,0.0,0,2,5,4921763,22257314,0.22113014175924373,1358,2,2,1.0,2,1,38,76,0x0207e901bea73f80867c06340553dde2d045da025178e9e3ade48ce2bf5a03d9,1,1,2,6275894,1401,8817617,1,3,1.0,1.0,1,1,0,-0.5310850045437943,0.7659446485095102,0.6388890853866951,0.7666678880930485,-0.4536200700582259,-0.3608928847632871,-0.6104528872885874,1.5592495934841903,-0.41415714103329515,-0.5379648250067056,-0.5526058053049429,0.7849118381407566,0.7684580248758371,0.7655541258387438,-0.2587770924378241,-0.9413135812484338,-0.957880208351643,-0.5886488487520737,-0.4947746573475108,-0.702569623452449,-0.45485882614734197,-0.6084056490333764,-0.05063797201967468,-0.9009898522621808,0.0012132164097668969,-0.5339168292571501,-0.10733639448881149,-0.36208885224238263,0.5,0.9686162624821684,3.5464770437486677,0.558173760759425,1.0,2.0,0.05128205128205128,0.5,4.492905118739844e-08,1.0,0.0007363770250368188,596.0
0xd678bbb39a9afd18be51e2ad8e18f044cf991bd36839393a673f0ed183635d5d,1,0x0f4f2c0270027260042c37660358410ad34a14e0,0xa0b86991c6218b36c1d19d4a2e9eb0ce3606eb48,2022-06-04 00:00:00+00:00,250000,47675272097,6961798,43725,0.0,0,2,18,4921763,22257314,0.22113014175924373,1358,2,2,1.0,2,1,25,77,0xd678bbb39a9afd18be51e2ad8e18f044cf991bd36839393a673f0ed183635d5d,1,1,2,6275894,1401,8817617,1,3,1.0,1.0,1,1,0,-0.5310850045437943,0.7659446485095102,0.6388890853866951,0.7666678880930485,-0.4536200700582259,-0.3608928847632871,-0.6104528872885874,1.5938585664085214,-0.41415714103329515,-0.5379648250067056,-0.5526058053049429,0.7849118381407566,0.7684580248758371,0.7655541258387438,-0.2587770924378241,-0.9413135812484338,-0.9578846364590211,-0.5886488487520737,-0.4947746573475108,-0.702569623452449,-0.45485882614734197,-0.6084056490333764,-0.05063797201967468,-0.9009898522621808,-0.3159006439100087,-0.5339168292571501,-0.10733639448881149,-0.36208885224238263,0.5,0.9686162624821684,3.5464770437486677,0.558173760759425,1.0,2.0,0.07692307692307693,0.5,4.492905118739844e-08,1.0,0.0007363770250368188,594.0
0xd7d829c283bd91029668232793362af4175787366cbebe293d71bee77e1ba30a,1,0x3e212f37d7f9240531cdab458e7fe8c258f34bed,0xa0b86991c6218b36c1d19d4a2e9eb0ce3606eb48,2022-06-04 00:00:00+00:00,48804,72000000000,1920113,43737,0.0,0,0,3,4921763,22257314,0.22113014175924373,1358,2,2,1.0,2,1,155,78,0xd7d829c283bd91029668232793362af4175787366cbebe293d71bee77e1ba30a,1,1,2,6275894,1401,8817617,1,3,1.0,1.0,1,1,0,-0.5310850045437943,0.7659446485095102,0.6388890853866951,0.7666678880930485,-0.4536200700582259,-0.3608928847632871,-0.6104528872885874,1.6284675393328523,-0.41415714103329515,-0.5379648250067056,-0.5526058053049429,0.7849118381407566,0.7684580248758371,0.7655541258387438,-0.2587770924378241,-0.9413135812484338,-0.9578403553852403,-0.5886488487520737,-0.4947746573475108,-0.702569623452449,-0.45485882614734197,-0.6084056490333764,-0.32111538378279475,1.2088679585040603,-0.9793381506754814,-0.533840518765081,-0.10733639448881149,-0.36208885224238263,0.5,0.9686162624821684,3.5464770437486677,0.558173760759425,1.0,2.0,0.01282051282051282,0.5,4.492905118739844e-08,1.0,0.0007363770250368188,587.0
0x5acf73471758114b8bdd3161c5dd010801666a6b8f1fb77ffca1e1b999db9ec4,1,0xcac26a5c52d046c4a7bc1b7028f0ccf819af7e58,0xa0b86991c6218b36c1d19d4a2e9eb0ce3606eb48,2022-06-04 00:00:00+00:00,250000,47675272097,9285928,43725,0.0,0,2,17,4921763,22257314,0.22113014175924373,1358,2,2,1.0,2,1,38,79,0x5acf73471758114b8bdd3161c5dd010801666a6b8f1fb77ffca1e1b999db9ec4,1,1,2,6275894,1401,8817617,1,3,1.0,1.0,1,1,0,-0.5310850045437943,0.7659446485095102,0.6388890853866951,0.7666678880930485,-0.4536200700582259,-0.3608928847632871,-0.6104528872885874,1.6630765122571833,-0.41415714103329515,-0.5379648250067056,-0.5526058053049429,0.7849118381407566,0.7684580248758371,0.7655541258387438,-0.2587770924378241,-0.9413135812484338,-0.957880208351643,-0.5886488487520737,-0.4947746573475108,-0.702569623452449,-0.45485882614734197,-0.6084056490333764,-0.05063797201967468,-0.9009898522621808,-0.010067373366760224,-0.5339168292571501,-0.10733639448881149,-0.36208885224238263,0.5,0.9686162624821684,3.5464770437486677,0.558173760759425,1.0,2.0,0.05128205128205128,0.5,4.492905118739844e-08,1.0,0.0007363770250368188,582.0
0xa6198d129f622937c2df9a4a1eef809f0b1335e9651b47dce8016feb8b43eafb,1,0xcbae5b787840eec7d26252184bf87b945a14e7fb,0xa0b86991c6218b36c1d19d4a2e9eb0ce3606eb48,2022-06-04 00:00:00+00:00,60760,48000000000,6640084,60311,0.0,0,0,15,4921763,22257314,0.22113014175924373,1358,2,2,1.0,2,1,25,80,0xa6198d129f622937c2df9a4a1eef809f0b1335e9651b47dce8016feb8b43eafb,1,1,2,6275894,1401,8817617,1,3,1.0,1.0,1,1,0,-0.5310850045437943,0.7659446485095102,0.6388890853866951,0.7666678880930485,-0.4536200700582259,-0.3608928847632871,-0.6104528872885874,1.6976854851815142,-0.41415714103329515,-0.5379648250067056,-0.5526058053049429,0.7849118381407566,0.7684580248758371,0.7655541258387438,-0.2587770924378241,-0.9413135812484338,-0.9578846364590211,-0.5886488487520737,-0.4947746573475108,-0.702569623452449,-0.45485882614734197,-0.6084056490333764,-0.3050423607851215,-0.8728238762541287,-0.35823512812541436,-0.42844301080223174,-0.10733639448881149,-0.36208885224238263,0.5,0.9686162624821684,3.5464770437486677,0.558173760759425,1.0,2.0,0.07692307692307693,0.5,4.492905118739844e-08,1.0,0.0007363770250368188,583.0
0xebc76dfc300f4608f0d042b04cdb738cf79246e953316dee4d4d996c81971073,1,0xa6abae17f114d69fd0dba15cab0820053c076ab7,0xa0b86991c6218b36c1d19d4a2e9eb0ce3606eb48,2022-06-04 00:00:00+00:00,250000,47675272097,7343041,43713,0.0,23,2,22,4921763,22257314,0.22113014175924373,1358,36,36,1.0,14,137,871565,81,0xebc76dfc300f4608f0d042b04cdb738cf79246e953316dee4d4d996c81971073,12,12,2,6275894,1401,8817617,2,3,1.0,1.0,1,1,0,-0.5310850045437943,0.7659446485095102,0.6388890853866951,0.7666678880930485,-0.45353222395156734,-0.3608667577496719,-0.5838536329405007,1.7322944581058453,-0.41411550474527836,-0.5078834246657451,-0.5526058053049429,0.7849118381407566,0.7684580248758371,0.7655541258387438,-0.258773369119639,-0.651870721947396,-0.6610175053590426,-0.5886488487520737,-0.4947746573475108,-0.702569623452449,-0.45485882614734197,-0.6084056490333764,-0.05063797201967468,-0.9009898522621808,-0.2657327128727089,-0.5339931397492192,-0.10733639448881149,-0.36206993062903853,0.5,0.9686162624821684,3.5464770437486677,0.558173760759425,0.10144927536231885,18.0,4.130496141428188e-05,0.3333333333333333,5.391486142487813e-07,1.0,0.008836524300441826,598.0
0xf0dc40b455f93fdb4a11ff6577faebea3fb1ec7cc549a3b7c641e2ee683669f3,1,0x418ca8812af55e6afca9721227e119adaeaed4d0,0xa0b86991c6218b36c1d19d4a2e9eb0ce3606eb48,2022-06-04 00:00:00+00:00,250000,47675272097,9189099,43713,0.0,0,2,16,4921763,22257314,0.22113014175924373,1358,2,2,1.0,2,1,38,82,0xf0dc40b455f93fdb4a11ff6577faebea3fb1ec7cc549a3b7c641e2ee683669f3,1,1,2,6275894,1401,8817617,1,3,1.0,1.0,1,1,0,-0.5310850045437943,0.7659446485095102,0.6388890853866951,0.7666678880930485,-0.4536200700582259,-0.3608928847632871,-0.6104528872885874,1.766903431030176,-0.41415714103329515,-0.5379648250067056,-0.5526058053049429,0.7849118381407566,0.7684580248758371,0.7655541258387438,-0.2587770924378241,-0.9413135812484338,-0.957880208351643,-0.5886488487520737,-0.4947746573475108,-0.702569623452449,-0.45485882614734197,-0.6084056490333764,-0.05063797201967468,-0.9009898522621808,-0.022809143299351003,-0.5339931397492192,-0.10733639448881149,-0.36208885224238263,0.5,0.9686162624821684,3.5464770437486677,0.558173760759425,1.0,2.0,0.05128205128205128,0.5,4.492905118739844e-08,1.0,0.0007363770250368188,597.0
0xb8bd66ca73312a9542b04198cd51b8728158adfcc93b948d69dbeeafd02ebe94,1,0x4902e6e8d5ac153881b273a11eb7e4b9873cac1e,0xa0b86991c6218b36c1d19d4a2e9eb0ce3606eb48,2022-06-04 00:00:00+00:00,97584,47675272097,12682825,43725,0.0,6,2,2,4921763,22257314,0.22113014175924373,1358,13,13,1.0,9,105,661445,83,0xb8bd66ca73312a9542b04198cd51b8728158adfcc93b948d69dbeeafd02ebe94,4,4,2,6275894,1401,8817617,2,3,1.0,1.0,1,1,0,-0.5310850045437943,0.7659446485095102,0.6388890853866951,0.7666678880930485,-0.45359164925901285,-0.36088443190594105,-0.5949366555855369,1.801512403954507,-0.4141457856820178,-0.5297608067318982,-0.5526058053049429,0.7849118381407566,0.7684580248758371,0.7655541258387438,-0.258773369119639,-0.7199749241358755,-0.7325893455347402,-0.5886488487520737,-0.4947746573475108,-0.702569623452449,-0.45485882614734197,-0.6084056490333764,-0.2555380952392601,-0.9009898522621808,0.4369317700583275,-0.5339168292571501,-0.10733639448881149,-0.36208391616933633,0.5,0.9686162624821684,3.5464770437486677,0.558173760759425,0.08490566037735849,6.5,1.9653909767388417e-05,0.3076923076923077,1.7971620474959376e-07,1.0,0.0029455081001472753,584.0
0x9c7a02b7717989c6fdabea4c142a2b4e7d75d4800ac7a77a34aac4f656eacc82,1,0x854ef708110960e60f7ad2110178923aa5cd4b08,0xa0b86991c6218b36c1d19d4a2e9eb0ce3606eb48,2022-06-04 00:00:00+00:00,97584,47675272097,11845261,43725,0.0,3,2,8,4921763,22257314,0.22113014175924373,1358,5,5,1.0,3,6,36164,84,0x9c7a02b7717989c6fdabea4c142a2b4e7d75d4800ac7a77a34aac4f656eacc82,4,2,2,6275894,1401,8817617,1,3,1.0,1.0,1,1,0,-0.5310850045437943,0.7659446485095102,0.6388890853866951,0.7666678880930485,-0.4536123189311678,-0.3608905794385564,-0.6082362827595802,1.836121376878838,-0.4141457856820178,-0.5352301522484365,-0.5526058053049429,0.7849118381407566,0.7684580248758371,0.7655541258387438,-0.2587770924378241,-0.9306722996564838,-0.9455748385715781,-0.5886488487520737,-0.4947746573475108,-0.702569623452449,-0.45485882614734197,-0.6084056490333764,-0.2555380952392601,-0.9009898522621808,0.32671636153587597,-0.5339168292571501,-0.10733639448881149,-0.3620863842058595,0.5,0.9686162624821684,3.5464770437486677,0.558173760759425,0.42857142857142855,5.0,0.00013825521913452232,0.8,1.7971620474959376e-07,2.0,0.0014727540500736377,595.0
0x85862b4dc2cd6b54320412e7f984828aa6a0f253c7030a47ad9625f73c4256d6,1,0xbcb1388df7d7e0e1af9ee37ee87f6ca2ef9aff6e,0xa0b86991c6218b36c1d19d4a2e9eb0ce3606eb48,2022-06-04 00:00:00+00:00,73206,47675272097,10825586,43737,0.0,211,2,1,4921763,22257314,0.22113014175924373,1358,268,279,0.9605734767025089,97,922,5899469,85,0x85862b4dc2cd6b54320412e7f984828aa6a0f253c7030a47ad9625f73c4256d6,1,1,2,6275894,1401,8817617,43,3,1.0,1.0,1,1,0,-0.5310850045437943,0.7659446485095102,0.6388890853866951,0.7666678880930485,-0.45293280345907333,-0.36068002644648073,-0.3998754570329018,1.8707303498031689,-0.41415714103329515,-0.5379648250067056,-0.5526058053049429,0.7849118381407566,0.7684580248758371,0.7655541258387438,-0.2586207130740501,1.018810487988741,1.051605479158141,-0.5886488487520737,-0.4947746573475108,-0.702569623452449,-0.45485882614734197,-0.6084056490333764,-0.288310607336724,-0.9009898522621808,0.192536887865648,-0.533840518765081,-0.10733639448881149,-0.36191526700692156,0.5,0.9686162624821684,3.5464770437486677,0.558173760759425,0.10509209100758396,6.488372093023256,4.542780961679609e-05,0.0035842293906810036,4.492905118739844e-08,1.0,0.0007363770250368188,585.0
0x19ad69b32aff16f2cf8f7666b710ed05ad9bf6507498d17b7b32679d305fb8b9,1,0xea0001389245980d2ac4fc2a5f8bbe79991a2008,0xa0b86991c6218b36c1d19d4a2e9eb0ce3606eb48,2022-06-04 00:00:00+00:00,97584,47675272097,11578910,43725,0.0,2,2,20,4921763,22257314,0.22113014175924373,1358,4,4,1.0,3,30,181392,86,0x19ad69b32aff16f2cf8f7666b710ed05ad9bf6507498d17b7b32679d305fb8b9,3,3,2,6275894,1401,8817617,1,3,1.0,1.0,1,1,0,-0.5310850045437943,0.7659446485095102,0.6388890853866951,0.7666678880930485,-0.45361490264018717,-0.36089134788013333,-0.6082362827595802,1.9053393227275,-0.41414957079911024,-0.5324954794901673,-0.5526058053049429,0.7849118381407566,0.7684580248758371,0.7655541258387438,-0.2587770924378241,-0.8795941480151243,-0.896106747932723,-0.5886488487520737,-0.4947746573475108,-0.702569623452449,-0.45485882614734197,-0.6084056490333764,-0.2555380952392601,-0.9009898522621808,0.2916671184029769,-0.5339168292571501,-0.10733639448881149,-0.36208720688470053,0.5,0.9686162624821684,3.5464770437486677,0.558173760759425,0.0967741935483871,4.0,2.2051567590811112e-05,0.75,1.3478715356219533e-07,1.0,0.0022091310751104565,593.0
0x078ae87fe69c4c3195c1072279030fde2fe0782329226a46107066eb33cbe31d,1,0xac1b93856c8b652ba0965204f911a9088d97ddc9,0xa0b86991c6218b36c1d19d4a2e9eb0ce3606eb48,2022-06-04 00:00:00+00:00,250000,47675272097,9648394,43725,0.0,50,2,23,4921763,22257314,0.22113014175924373,1358,75,75,1.0,19,56,351902,87,0x078ae87fe69c4c3195c1072279030fde2fe0782329226a46107066eb33cbe31d,25,19,2,6275894,1401,8817617,5,3,1.0,1.0,1,1,0,-0.5310850045437943,0.7659446485095102,0.6388890853866951,0.7666678880930485,-0.4534314592998119,-0.3608367885281721,-0.5727706102954647,1.9399482956518308,-0.4140662982230767,-0.48874071535786107,-0.5526058053049429,0.7849118381407566,0.7684580248758371,0.7655541258387438,-0.25876219916508375,-0.8242594837369847,-0.8380270103144183,-0.5886488487520737,-0.4947746573475108,-0.702569623452449,-0.45485882614734197,-0.6084056490333764,-0.05063797201967468,-0.9009898522621808,0.03762968413033723,-0.5339168292571501,-0.10733639448881149,-0.3620477183003302,0.5,0.9686162624821684,3.5464770437486677,0.558173760759425,0.3333333333333333,15.0,0.0002131269128140425,0.3333333333333333,1.123226279684961e-06,1.3157894736842106,0.013991163475699559,586.0
0x3ccab4e222f359281d0db10a454b7f64dcf29102f2f7cc058fcbbe33fdee75dc,1,0x0de71bede0ce881ed28426e2d2d08c0156f25c80,0xa0b86991c6218b36c1d19d4a2e9eb0ce3606eb48,2022-06-04 00:00:00+00:00,97584,47675272097,11766332,43725,0.0,1,2,13,4921763,22257314,0.22113014175924373,1358,5,5,1.0,5,229,1458637,88,0x3ccab4e222f359281d0db10a454b7f64dcf29102f2f7cc058fcbbe33fdee75dc,1,1,2,6275894,1401,8817617,2,3,1.0,1.0,1,1,0,-0.5310850045437943,0.7659446485095102,0.6388890853866951,0.7666678880930485,-0.4536123189311678,-0.3608905794385564,-0.6038030737015657,1.9745572685761619,-0.41415714103329515,-0.5379648250067056,-0.5526058053049429,0.7849118381407566,0.7684580248758371,0.7655541258387438,-0.258773369119639,-0.4560711406555175,-0.4610469011536974,-0.5886488487520737,-0.4947746573475108,-0.702569623452449,-0.45485882614734197,-0.6084056490333764,-0.2555380952392601,-0.9009898522621808,0.31633006033469185,-0.5339168292571501,-0.10733639448881149,-0.3620880295635416,0.5,0.9686162624821684,3.5464770437486677,0.558173760759425,0.021739130434782608,2.5,3.4278553006297655e-06,0.2,4.492905118739844e-08,1.0,0.0007363770250368188,592.0
0xb33d40c72a24bf2cb768f8ed41bf3d311be1e683f9530a30a418e25d05aa9211,1,0x4496b59ca81b2617c951e95f702034a1aed0275f,0xa0b86991c6218b36c1d19d4a2e9eb0ce3606eb48,2022-06-04 00:00:00+00:00,250000,47675272097,9894225,43725,0.0,44,2,21,4921763,22257314,0.22113014175924373,1358,67,67,1.0,27,329,2098269,89,0xb33d40c72a24bf2cb768f8ed41bf3d311be1e683f9530a30a418e25d05aa9211,22,22,2,6275894,1401,8817617,3,3,1.0,1.0,1,1,0,-0.5310850045437943,0.7659446485095102,0.6388890853866951,0.7666678880930485,-0.45345212897196685,-0.36084293606078743,-0.5550377740634069,2.009166241500493,-0.414077653574354,-0.48053669708305363,-0.5526058053049429,0.7849118381407566,0.7684580248758371,0.7655541258387438,-0.2587696458014539,-0.24324550881651918,-0.24317311819509368,-0.5886488487520737,-0.4947746573475108,-0.702569623452449,-0.45485882614734197,-0.6084056490333764,-0.05063797201967468,-0.9009898522621808,0.06997869160019361,-0.5339168292571501,-0.10733639448881149,-0.3620526543733765,0.5,0.9686162624821684,3.5464770437486677,0.558173760759425,0.08181818181818182,22.333333333333332,3.193106702187993e-05,0.3283582089552239,9.884391261227658e-07,1.0,0.016200294550810016,591.0
0x0582f4af9c93fdfbc9b6719532100230c0919e17f9c31858bfa312c54d20b6b4,1,0x521fbd3a816b424fb4384f9304284eae9bece0f8,0xa0b86991c6218b36c1d19d4a2e9eb0ce3606eb48,2022-06-04 00:00:00+00:00,90000,70000000000,2220630,48513,0.0,0,0,14,4921763,22257314,0.22113014175924373,1358,2,2,1.0,2,1,23,90,0x0582f4af9c93fdfbc9b6719532100230c0919e17f9c31858bfa312c54d20b6b4,1,1,2,6275894,1401,8817617,1,3,1.0,1.0,1,1,0,-0.5310850045437943,0.7659446485095102,0.6388890853866951,0.7666678880930485,-0.4536200700582259,-0.3608928847632871,-0.6104528872885874,2.043775214424824,-0.41415714103329515,-0.5379648250067056,-0.5526058053049429,0.7849118381407566,0.7684580248758371,0.7655541258387438,-0.2587770924378241,-0.9413135812484338,-0.95788531770631,-0.5886488487520737,-0.4947746573475108,-0.702569623452449,-0.45485882614734197,-0.6084056490333764,-0.2657336293990421,1.035393638940878,-0.9397929888455298,-0.5034689429215569,-0.10733639448881149,-0.36208885224238263,0.5,0.9686162624821684,3.5464770437486677,0.558173760759425,1.0,2.0,0.08333333333333333,0.5,4.492905118739844e-08,1.0,0.0007363770250368188,590.0
0x5cb5b8ecb36f415b71959c7748ece25331bc4696805d9b2fc026d482d2b6dd02,1,0x7588dd57e481085d9fc353de9a114a94256a2f5f,0xa0b86991c6218b36c1d19d4a2e9eb0ce3606eb48,2022-06-04 00:00:00+00:00,250000,47675272097,6918073,43737,0.0,4,2,9,4921763,22257314,0.22113014175924373,1358,8,8,1.0,3,4,21647,91,0x5cb5b8ecb36f415b71959c7748ece25331bc4696805d9b2fc026d482d2b6dd02,3,2,2,6275894,1401,8817617,2,3,1.0,1.0,1,1,0,-0.5310850045437943,0.7659446485095102,0.6388890853866951,0.7666678880930485,-0.4536045678041097,-0.3608882741138256,-0.6082362827595802,2.0783841873491546,-0.41414957079911024,-0.5352301522484365,-0.5526058053049429,0.7849118381407566,0.7684580248758371,0.7655541258387438,-0.258773369119639,-0.9349288122932637,-0.9505196720183257,-0.5886488487520737,-0.4947746573475108,-0.702569623452449,-0.45485882614734197,-0.6084056490333764,-0.05063797201967468,-0.9009898522621808,-0.32165443554580514,-0.533840518765081,-0.10733639448881149,-0.36208556152701843,0.5,0.9686162624821684,3.5464770437486677,0.558173760759425,0.6,4.0,0.0003695491500369549,0.375,1.3478715356219533e-07,1.5,0.0014727540500736377,589.0
0xacb0ef195283b16335af3567c49f012b267b7c49293a543d826f4e59c9c1511a,1,0x55fe002aeff02f77364de339a1292923a15844b8,0xa0b86991c6218b36c1d19d4a2e9eb0ce3606eb48,2022-06-04 00:00:00+00:00,150000,47175272097,20461499,49170,0.0,543358,2,6,4921763,22257314,0.22113014175924373,1358,309448,543447,0.5694170728700315,1349,1375,8665105,92,0xacb0ef195283b16335af3567c49f012b267b7c49293a543d826f4e59c9c1511a,466187,1344,2,6275894,1401,8817617,16218,3,1.0,1.0,1,1,0,-0.5310850045437943,0.7659446485095102,0.6388890853866951,0.7666678880930485,0.34589835114994505,0.05671284800520369,2.375313413284133,2.1129931602734855,1.350411455820142,3.134700689348752,-0.5526058053049429,0.7849118381407566,0.7684580248758371,0.7655541258387438,-0.19839604143011993,1.9829106002194035,1.9936464927511146,-0.5886488487520737,-0.4947746573475108,-0.702569623452449,-0.45485882614734197,-0.6084056490333764,-0.18507275788177932,-0.9443584321529763,1.4605308414999996,-0.49929094348077063,-0.10733639448881149,0.08492027747167864,0.5,0.9686162624821684,3.5464770437486677,0.558173760759425,0.9803779069767442,33.508879023307436,0.03571196936309839,0.8578334225784667,0.020945339585899718,346.8653273809524,0.9896907216494846,588.0
0xbfed4b10eea3b7ec521811fca6a42ad28299aad280fffbca1765b4bdbd3dae28,6,0x027d24217f18822e6ce11821524c212f507d0787,0xc5cbeca4e8d3ea066fa497b8a9670cf565d976fa,2022-06-03 23:57:52+00:00,572352,125799983527,348074,348074,0.0,1080,2,80,59,59,1.0,13,1080,1084,0.996309963099631,44,44,278165,1,0xbfed4b10eea3b7ec521811fca6a42ad28299aad280fffbca1765b4bdbd3dae28,59,13,31,1,12,73837,99,9,6.0,6.0,4,7,0,2.486443430364128,-1.6958079011459992,-1.5688559930486783,-1.7554304425678655,-0.4508348317353444,-0.3600614309770613,-0.5173554970702843,-1.0364233758406307,-0.413937604241934,-0.5051487519074759,1.61496430567477,-1.5132687430453953,-1.755316084249016,-1.7659630112467384,-0.2584122072556847,-0.8497985595576645,-0.8631435759865838,0.9975306838133944,0.713958218908623,1.9189588222656444,2.9565823699577236,2.6901791951234837,0.3827152489025369,5.875325725932434,-1.186203441683961,1.4015016666391449,-0.10733639448881149,-0.36120035909405096,0.1935483870967742,1.0,59.0,0.0007990465613911536,0.9777777777777777,10.94949494949495,0.00388257371497595,0.0544280442804428,1.0,4.538461538461538,1.0,336.0
0xf3d21d2acef75bdbf032cbb4071d7e8081beee6269f3954050c7888806a10da7,3,0x71deff8dd6258fdade87db2c012d4a22bb0a527f,0xd9e1ce17f2641f24ae83637ab66a2cca9c378b9f,2022-06-03 23:55:28+00:00,261282,56472884176,6193664,185623,0.0,373,2,126,2010298,3769969,0.5332399284980858,636,414,423,0.9787234042553191,118,311,1994203,1,0xf3d21d2acef75bdbf032cbb4071d7e8081beee6269f3954050c7888806a10da7,3,3,18,465979,637,4105717,91,8,7.0,3.0,2,5,0,0.6759263694193747,-0.6903205773112173,-1.1949104975846465,-0.5872019964699106,-0.4525555819422452,-0.36056937085940444,-0.3533267619237503,-1.0364233758406307,-0.41414957079911024,-0.5324954794901673,0.643294945580416,-1.3426314184670507,-0.6197085837428726,-0.5986448359641702,-0.25844199380116545,-0.2815541225475389,-0.27862045838034094,0.7331674283858164,0.9557047941598497,0.3460417548347884,0.6822882392210132,1.5906509137378637,-0.03547103947871204,-0.13790996766950092,-0.41697972874410477,0.36844202104527396,-0.10733639448881149,-0.3617819930346718,0.16666666666666666,0.9968652037617555,8.090426821809567,0.4896337254531363,0.3782051282051282,4.648351648351649,0.0002076016295223558,0.0070921985815602835,7.957625115750289e-07,1.0,0.0047169811320754715,241.0
0x5158562b9b50b9b3d3a0f23062ea84350ff3fc8766ffe047b04e0e12124db29d,13,0xa17359d9550773dd062cb87e418e8751658386ec,0xdf1a1b60f2d438842916c0adc43748768353ec25,2022-06-03 23:58:35+00:00,1653445,47071501105,4232890,1037177,0.0,10,2,52,54398,66628,0.8164435372516059,138,17,17,1.0,4,8,51309,1,0x5158562b9b50b9b3d3a0f23062ea84350ff3fc8766ffe047b04e0e12124db29d,5,2,93,19539,140,895116,5,17,38.0,4.0,1,2,0,6.71098323923522,-1.6686284584579119,-1.5622528705105951,-1.5210346869302342,-0.45358131442293537,-0.36088135813963335,-0.6060196782305729,-1.0364233758406307,-0.4141420005649254,-0.5352301522484365,6.249079715355536,-1.5061140875732235,-1.5227436681453579,-1.5281846290335048,-0.25876219916508375,-0.9264157870197038,-0.9404160934761043,3.1124367272340185,8.44984862694788,0.8703474439784071,-0.45485882614734197,-0.05864150834056629,1.8360803084227395,-0.9533592332667746,-0.6749988263058451,5.783650751333441,-0.10733639448881149,-0.3620806254539721,0.13978494623655913,0.9787234042553191,3.4100005117969188,0.06077194377941655,0.4444444444444444,3.4,0.00033131943091015397,0.29411764705882354,7.50435252446419e-05,2.5,0.014492753623188406,75.0
0xfc64736c92ab77a56a9b2c16a0a4f1e46067a42f4998f0b52f2b0d54e028d1d7,3,0xa3b83d0e2f3d2c675439188ef1aa13d1c6abca16,0xe592427a0aece92de3edee1f18e0157c05861564,2022-06-03 23:56:27+00:00,450000,54376644954,1261308,133433,0.0,46946,2,116,1558225,5478020,0.28445040361298424,396,46289,47106,0.9826561372224345,432,505,3244570,1,0xfc64736c92ab77a56a9b2c16a0a4f1e46067a42f4998f0b52f2b0d54e028d1d7,895,11,10,1185002,395,2530192,81,6,4.0,4.0,2,2,0,0.6759263694193747,-0.916439795447947,-1.025485238766045,-1.037241847294163,-0.3340279306786165,-0.3246962127241167,0.3426870601845157,-1.0364233758406307,-0.41077324635265916,-0.5106180974240142,0.04534457013773657,-1.079331088772741,-1.0594158079388514,-1.0547940686080157,-0.2584792269830164,0.13132760322011786,0.14728410608266346,0.20444091753066038,0.23046506840616945,0.8703474439784071,0.6822882392210132,-0.05864150834056629,0.2182315997045346,-0.3197318040085534,-1.0660305851779597,0.03655497262116995,-0.10733639448881149,-0.3234673713705517,0.3,1.0,4.62279388557994,0.615852229454433,0.8537549407114624,581.5555555555555,0.014266601039089605,0.01899970279794506,0.00016338019941511715,81.36363636363636,0.027777777777777776,16.0
0xcc9d2d6adcafb8ead69dc99d5e0cd8080e356ac58b442b93d096b98663872f38,1,0x28a900f5cd84d0852acc1413d1a6a1bd9701f908,0xe592427a0aece92de3edee1f18e0157c05861564,2022-06-03 23:56:32+00:00,297883,55975325709,18050510,220698,0.0,695,2,105,1558226,5478021,0.2844505342348998,396,710,740,0.9594594594594594,227,516,3315883,2,0xcc9d2d6adcafb8ead69dc99d5e0cd8080e356ac58b442b93d096b98663872f38,53,37,14,1185002,395,2530193,187,8,4.0,3.0,3,4,0,-0.5310850045437943,-0.9164392952649718,-1.0254851395738902,-1.037241847294163,-0.4517908040725115,-0.3603257748795213,-0.11171686826196366,-1.0018144029162999,-0.41396031494448854,-0.4395166057090165,0.34431975785907626,-1.079331088772741,-1.0594158079388514,-1.0547937790859627,-0.25808455525539625,0.15473842272240768,0.17157500004063758,0.7331674283858164,0.23046506840616945,0.3460417548347884,1.8194353045893683,1.0408867730450537,0.013733436494676881,-0.1810667759223635,1.1432677576304242,0.5914912301557443,-0.10733639448881149,-0.3615170904478544,0.07142857142857142,1.0,4.622794729460372,0.6158523812798544,0.43907156673114117,3.9572192513368982,0.00021412087998253255,0.07162162162162163,9.675026802562458e-06,1.4324324324324325,0.09343434343434344,74.0
