transaction_hash,trace_involved_amt,from_address,to_address,block_timestamp,gas,gas_price,receipt_cumulative_gas_used,receipt_gas_used,value,nonce,transaction_type,rn,contract_block_involved,contract_tx_count,contract_block_per_tx,contract_main_active_days,sender_block_involved,sender_tx_count,sender_block_per_tx,sender_main_active_days,sender_lifetime_days,sender_lifetime_block,contract_interact,add_feat_hash,sender_tx_count_call_contract,sender_days_call_contract,trace_amt,distinct_sender_in_contract,contract_lifetime_days,contract_lifetime_block,distinct_contract_sender_called,contract_involved_amt,max_breadth,depth,distinct_was_called_in_sample,distinct_sender_call_in_sample,is_sus,z_trace_involved_amt,z_contract_block_involved,z_contract_tx_count,z_contract_main_active_days,z_sender_block_involved,z_sender_tx_count,z_sender_main_active_days,z_contract_interact,z_sender_tx_count_call_contract,z_sender_days_call_contract,z_trace_amt,z_distinct_sender_in_contract,z_contract_lifetime_days,z_contract_lifetime_block,z_distinct_contract_sender_called,z_sender_lifetime_days,z_sender_lifetime_block,z_contract_involved_amt,z_max_breadth,z_depth,z_distinct_was_called_in_sample,z_distinct_sender_call_in_sample,z_gas,z_gas_price,z_receipt_cumulative_gas_used,z_receipt_gas_used,z_value,z_nonce,involved_trace_ratio,contract_active_day_ratio,tx_count_per_distinct_caller,contract_block_ratio,sender_active_day_ratio,sender_tx_count_per_contract,sender_block_ratio,tx_sender_call_contract,sender_call_contract_tx_ratio,sender_tx_count_call_contract_per_days,sender_call_contract_day_ratio
0x1c010debd0bb3774529cd0c41594fb2505d9bac40202e750f823ca9434b2db88,1,0x568b025b0153ca3f3f59558fdd8aa36129089bef,0xa4631a191044096834ce65d1ee86b16b171d8080,2021-10-21 16:06:56+00:00,185705,309852620344,10308074,185705,8.8e+16,1,2.0,150,37,2079,0.017797017797017797,1,4,4,1.0,3,15,94294,1,0x1c010debd0bb3774529cd0c41594fb2505d9bac40202e750f823ca9434b2db88,1,1,3,1994,0,507,2,4,2.0,1.0,1,2,0,-0.08980265101338743,-0.36678728549364986,-0.21595882081090761,0.0,-0.5677757881875265,-0.5792753365547284,-0.7904426604760657,-1.6913967034830142,-0.3593749999999999,0.0,-0.07134269772804054,-0.18217803722683543,0.0,0.05584966081499902,-0.7339468685919054,-0.5419544299317939,-0.5536652866216335,0.29943907710357004,0.32274861218395134,-0.06662505182230852,0.0,0.3406925719346233,-0.09874487717742914,-0.07528610566161391,0.09889050878574764,-0.04864494136428136,-0.048047457,-0.5578780654037427,0.3333333333333333,1.0,1.0426278836509528,0.07283464566929133,0.1875,2.0,4.242006469059865e-05,0.25,0.000481000481000481,1.0,1.0
0xd2588a8f656eb40816ac4f62589a02d3a9d1d0fe24cfad019ac67fb3aefbc43b,1,0x816295defae397f92245191537a75dd5932b8a24,0xa4631a191044096834ce65d1ee86b16b171d8080,2021-10-21 16:06:56+00:00,46703,309805575344,11392485,46703,0.0,83,2.0,160,37,2079,0.017797017797017797,1,105,106,0.9905660377358491,20,31,201846,2,0xd2588a8f656eb40816ac4f62589a02d3a9d1d0fe24cfad019ac67fb3aefbc43b,2,1,1,1994,0,507,27,2,0.0,0.0,1,0,0,-0.08980265101338743,-0.36678728549364986,-0.21595882081090761,0.0,-0.30973304633693716,-0.32963832779812774,-0.4354034185585769,-1.6636725246296995,1.59375,0.0,-0.2462022509830419,-0.18217803722683543,0.0,0.05584966081499902,-0.38097919171445016,-0.47362936312244014,-0.4803584775663168,-2.819717976058615,-2.9047375096555625,-0.28578640650095494,0.0,-2.935197542821371,-0.3021918236863777,-0.07628704043997876,0.27697432520117027,-0.43036504670076525,-0.5100418,-0.3501682880558182,1.0,1.0,1.0426278836509528,0.07283464566929133,0.625,3.925925925925926,0.0005201959900320539,0.018867924528301886,0.000962000962000962,2.0,1.0
0x0b6b5dd6abb782278086b5919ad83db939731055722c1378d511e68d4f812ceb,1,0x89055b35364addcfc3bdcd08041438f100e05d62,0xa4631a191044096834ce65d1ee86b16b171d8080,2021-10-21 16:06:56+00:00,200000,309852620344,9915664,185693,8.8e+16,13,2.0,145,37,2079,0.017797017797017797,1,20,20,1.0,5,15,97905,3,0x0b6b5dd6abb782278086b5919ad83db939731055722c1378d511e68d4f812ceb,1,1,3,1994,0,507,6,4,2.0,1.0,1,2,0,-0.08980265101338743,-0.36678728549364986,-0.21595882081090761,0.0,-0.5268977300725817,-0.5401165900831048,-0.7486733378975376,-1.635948345776385,-0.3593749999999999,0.0,-0.07134269772804054,-0.18217803722683543,0.0,0.05584966081499902,-0.6774720402915125,-0.5419544299317939,-0.5512040503126969,0.29943907710357004,0.32274861218395134,-0.06662505182230852,0.0,0.3406925719346233,-0.07782234296680325,-0.07528610566161391,0.034448272032730556,-0.04867789514382437,-0.048047457,-0.5274815126211196,0.3333333333333333,1.0,1.0426278836509528,0.07283464566929133,0.3125,3.3333333333333335,0.00020427757236533001,0.05,0.000481000481000481,1.0,1.0
0x5f2edd9166d7f42585170ebe8dfb94ae4f05cab742451af6f09b13e56662e1aa,1,0x516b2d7dea7ddc2d2d88150b57d616527802afd5,0xa4631a191044096834ce65d1ee86b16b171d8080,2021-10-21 16:06:56+00:00,185705,309852620344,10679484,185705,8.8e+16,1,2.0,124,37,2079,0.017797017797017797,1,4,4,1.0,2,7,44954,4,0x5f2edd9166d7f42585170ebe8dfb94ae4f05cab742451af6f09b13e56662e1aa,1,1,3,1994,0,507,2,4,2.0,1.0,1,2,0,-0.08980265101338743,-0.36678728549364986,-0.21595882081090761,0.0,-0.5677757881875265,-0.5792753365547284,-0.8113273217653297,-1.6082241669230706,-0.3593749999999999,0.0,-0.07134269772804054,-0.18217803722683543,0.0,0.05584966081499902,-0.7339468685919054,-0.5761169633364708,-0.587295139704694,0.29943907710357004,0.32274861218395134,-0.06662505182230852,0.0,0.3406925719346233,-0.09874487717742914,-0.07528610566161391,0.15988408986787622,-0.04864494136428136,-0.048047457,-0.5578780654037427,0.3333333333333333,1.0,1.0426278836509528,0.07283464566929133,0.25,2.0,8.897786675564454e-05,0.25,0.000481000481000481,1.0,1.0
0xa362bdbc49bef1301c63e56de0b3b2d82cab266510e393aeef06bfc81d1dc721,1,0xb7d6f1be7b6dea2fd7b8c8daff3f16c9b0a71bf0,0xa4631a191044096834ce65d1ee86b16b171d8080,2021-10-21 16:06:56+00:00,46691,309946710344,9172856,46691,0.0,302,2.0,153,37,2079,0.017797017797017797,1,323,334,0.9670658682634731,64,1408,8737371,5,0xa362bdbc49bef1301c63e56de0b3b2d82cab266510e393aeef06bfc81d1dc721,2,1,1,1994,0,507,98,2,0.0,0.0,1,0,0,-0.08980265101338743,-0.36678728549364986,-0.21595882081090761,0.0,0.24723049547918646,0.22837380942250907,0.4835216781690413,-1.580499988069756,1.59375,0.0,-0.2462022509830419,-0.18217803722683543,0.0,0.05584966081499902,0.6214490106175228,5.406596699157566,5.337405035542524,-2.819717976058615,-2.9047375096555625,-0.28578640650095494,0.0,-2.935197542821371,-0.3022093871988315,-0.0732842361048842,-0.08753691947114323,-0.4303980004803083,-0.5100418,0.20456880022705345,1.0,1.0,1.0426278836509528,0.07283464566929133,0.0454222853087296,3.4081632653061225,3.6967637408593796e-05,0.005988023952095809,0.000962000962000962,2.0,1.0
0xeca0853d0dc8522662b8f9451665eda6bb060b93aa7e4758b105585255d24cde,1,0x71c3d1bde3054827f464211a40765bd81b8fd735,0xa4631a191044096834ce65d1ee86b16b171d8080,2021-10-21 16:06:56+00:00,185705,309946710344,9016462,185705,8.8e+16,129,2.0,135,37,2079,0.017797017797017797,1,157,160,0.98125,45,50,322389,6,0xeca0853d0dc8522662b8f9451665eda6bb060b93aa7e4758b105585255d24cde,1,1,3,1994,0,507,57,4,2.0,1.0,1,2,0,-0.08980265101338743,-0.36678728549364986,-0.21595882081090761,0.0,-0.17687935746336636,-0.19747755845639794,0.08671311367302435,-1.5527758092164414,-0.3593749999999999,0.0,-0.07134269772804054,-0.18217803722683543,0.0,0.05584966081499902,0.042582020538496176,-0.3924933462863326,-0.3981970795081213,0.29943907710357004,0.32274861218395134,-0.06662505182230852,0.0,0.3406925719346233,-0.09874487717742914,-0.0732842361048842,-0.11322020780414023,-0.04864494136428136,-0.048047457,-0.23364816905576294,0.3333333333333333,1.0,1.0426278836509528,0.07283464566929133,0.8823529411764706,2.807017543859649,0.0004869878097955892,0.00625,0.000481000481000481,1.0,1.0
0x0ddcef1764e75eba3324d73edfdb33e196e81cf9ca93d682fb19d9937b6b8fcd,1,0x5ed2028d2905b143fe67844babd12db6edeba2e3,0xa4631a191044096834ce65d1ee86b16b171d8080,2021-10-21 16:06:56+00:00,185705,307742210344,13004339,185705,8.8e+16,137,2.0,143,37,2079,0.017797017797017797,1,165,166,0.9939759036144579,25,24,155807,7,0x0ddcef1764e75eba3324d73edfdb33e196e81cf9ca93d682fb19d9937b6b8fcd,1,1,3,1994,0,507,56,4,2.0,1.0,1,2,0,-0.08980265101338743,-0.36678728549364986,-0.21595882081090761,0.0,-0.15644032840589395,-0.1827930285295391,-0.33098011211225664,-1.5250516303631267,-0.3593749999999999,0.0,-0.07134269772804054,-0.18217803722683543,0.0,0.05584966081499902,0.02846331346339797,-0.5035215798515323,-0.5117383885126285,0.29943907710357004,0.32274861218395134,-0.06662505182230852,0.0,0.3406925719346233,-0.09874487717742914,-0.12018742919459237,0.541675726998519,-0.04864494136428136,-0.048047457,-0.2133838005340142,0.3333333333333333,1.0,1.0426278836509528,0.07283464566929133,1.0,2.9642857142857144,0.0010589956869993839,0.006024096385542169,0.000481000481000481,1.0,1.0
0x08ccc1fa2c0e6bd83475b1955544e582322f5542740c29d2247d7ed07d401a81,1,0x2e9bec39d3da08f17ed9f0bfaaeff5acd4938383,0xa4631a191044096834ce65d1ee86b16b171d8080,2021-10-21 16:06:56+00:00,185705,309805575344,11050894,185705,8.8e+16,270,2.0,137,37,2079,0.017797017797017797,1,249,303,0.8217821782178217,48,145,930687,8,0x08ccc1fa2c0e6bd83475b1955544e582322f5542740c29d2247d7ed07d401a81,1,1,3,1994,0,507,36,4,2.0,1.0,1,2,0,-0.08980265101338743,-0.36678728549364986,-0.21595882081090761,0.0,0.05816947669756652,0.15250373813373827,0.1493670975408165,-1.4973274515098123,-0.3593749999999999,0.0,-0.07134269772804054,-0.18217803722683543,0.0,0.05584966081499902,-0.25391082803856624,0.013186737894205245,0.016415250664548988,0.29943907710357004,0.32274861218395134,-0.06662505182230852,0.0,0.3406925719346233,-0.09874487717742914,-0.07628704043997876,0.2208776709500048,-0.04864494136428136,-0.048047457,0.12351132614005851,0.3333333333333333,1.0,1.0426278836509528,0.07283464566929133,0.3287671232876712,8.416666666666666,0.00026754401045248245,0.0033003300330033004,0.000481000481000481,1.0,1.0
0x0d508629d56d87ae965dc0e3e1037d32b27f9d9c12046356f3f768dfcc134a8e,1,0xebb1bf432de7629712a3706389ecfe110a3aa6f8,0xa4631a191044096834ce65d1ee86b16b171d8080,2021-10-21 16:06:56+00:00,185705,309946710344,8661438,185705,8.8e+16,120,2.0,146,37,2079,0.017797017797017797,1,141,142,0.9929577464788732,47,247,1596346,9,0x0d508629d56d87ae965dc0e3e1037d32b27f9d9c12046356f3f768dfcc134a8e,1,1,3,1994,0,507,48,4,2.0,1.0,1,2,0,-0.08980265101338743,-0.36678728549364986,-0.21595882081090761,0.0,-0.21775741557831121,-0.24153114823697455,0.12848243625155245,-1.4696032726564978,-0.3593749999999999,0.0,-0.07134269772804054,-0.18217803722683543,0.0,0.05584966081499902,-0.08448634313738772,0.44875903880383533,0.4701245002271146,0.29943907710357004,0.32274861218395134,-0.06662505182230852,0.0,0.3406925719346233,-0.09874487717742914,-0.0732842361048842,-0.1715228521327841,-0.04864494136428136,-0.048047457,-0.2564455836427303,0.3333333333333333,1.0,1.0426278836509528,0.07283464566929133,0.18951612903225806,2.9583333333333335,8.832666080745602e-05,0.007042253521126761,0.000481000481000481,1.0,1.0
0x791269c07a6b8a5f74fdf9b315272fe4e9ab96f045a183a98a6b140b5b81b2c5,1,0x4ab62d17e2c8f9ca79ad3429da12d495a1055eae,0xa4631a191044096834ce65d1ee86b16b171d8080,2021-10-21 16:06:56+00:00,185705,350000000000,2678935,185705,8.8e+16,313,2.0,156,37,2079,0.017797017797017797,1,319,345,0.9246376811594202,68,122,783996,10,0x791269c07a6b8a5f74fdf9b315272fe4e9ab96f045a183a98a6b140b5b81b2c5,1,1,3,1994,0,507,67,4,2.0,1.0,1,2,0,-0.08980265101338743,-0.36678728549364986,-0.21595882081090761,0.0,0.23701098095045026,0.2552954476217503,0.5670603233260975,-1.4418790938031831,-0.3593749999999999,0.0,-0.07134269772804054,-0.18217803722683543,0.0,0.05584966081499902,0.1837690912894783,-0.08503054564424076,-0.08356847002064013,0.29943907710357004,0.32274861218395134,-0.06662505182230852,0.0,0.3406925719346233,-0.09874487717742914,0.7788941166342307,-1.15397965675457,-0.04864494136428136,-0.048047457,0.23243230694445796,0.3333333333333333,1.0,1.0426278836509528,0.07283464566929133,0.5528455284552846,5.149253731343284,0.0004068893120764493,0.002898550724637681,0.000481000481000481,1.0,1.0
0xd665e66ff077ad2dd8ab48ce71c9801c6aa884ce07f1642acf3d3b15674b9a57,1,0xe95fc4504cff547890848bb8904261496593c772,0xa4631a191044096834ce65d1ee86b16b171d8080,2021-10-21 16:06:56+00:00,278557,309852620344,10865189,185705,8.8e+16,3,2.0,129,37,2079,0.017797017797017797,1,6,6,1.0,2,11,73894,11,0xd665e66ff077ad2dd8ab48ce71c9801c6aa884ce07f1642acf3d3b15674b9a57,1,1,3,1994,0,507,4,4,2.0,1.0,1,2,0,-0.08980265101338743,-0.36678728549364986,-0.21595882081090761,0.0,-0.5626660309231584,-0.5743804932457754,-0.8113273217653297,-1.4141549149498687,-0.3593749999999999,0.0,-0.07134269772804054,-0.18217803722683543,0.0,0.05584966081499902,-0.705709454441709,-0.5590356966341323,-0.567569806339802,0.29943907710357004,0.32274861218395134,-0.06662505182230852,0.0,0.3406925719346233,0.03715572768616197,-0.07528610566161391,0.1903808804089405,-0.04864494136428136,-0.048047457,-0.5528119732733056,0.3333333333333333,1.0,1.0426278836509528,0.07283464566929133,0.16666666666666666,1.5,8.119629203599703e-05,0.16666666666666666,0.000481000481000481,1.0,1.0
0xf7e72fc89b3e4933fdff192a4ab22af1e4ef0a8eed671e9571d876fb595da491,1,0xd6d90b2b2b1013daa9ef8706dfa81898b532bb3a,0xa4631a191044096834ce65d1ee86b16b171d8080,2021-10-21 16:06:56+00:00,185705,310092210344,8042002,185705,8.8e+16,5,2.0,147,37,2079,0.017797017797017797,1,10,10,1.0,9,45,288488,12,0xf7e72fc89b3e4933fdff192a4ab22af1e4ef0a8eed671e9571d876fb595da491,1,1,3,1994,0,507,5,4,2.0,1.0,1,2,0,-0.08980265101338743,-0.36678728549364986,-0.21595882081090761,0.0,-0.5524465163944222,-0.5645908066278695,-0.6651346927404814,-1.386430736096554,-0.3593749999999999,0.0,-0.07134269772804054,-0.18217803722683543,0.0,0.05584966081499902,-0.6915907473666107,-0.4138449296642556,-0.4213038012221228,0.29943907710357004,0.32274861218395134,-0.06662505182230852,0.0,0.3406925719346233,-0.09874487717742914,-0.07018856153262176,-0.2732476842352837,-0.04864494136428136,-0.048047457,-0.5477458811428684,0.3333333333333333,1.0,1.0426278836509528,0.07283464566929133,0.1956521739130435,2.0,3.466336671415548e-05,0.1,0.000481000481000481,1.0,1.0
0x9728932c0f8e1ead6f220404d2e676b56e836e8ba92f46d217bf3317d8266ee4,1,0xc28051d55b555408f21bf753148790a91f1053ef,0xa4631a191044096834ce65d1ee86b16b171d8080,2021-10-21 16:06:56+00:00,278557,505242210344,371410,185705,8.8e+16,2,2.0,128,37,2079,0.017797017797017797,1,5,5,1.0,3,14,88411,13,0x9728932c0f8e1ead6f220404d2e676b56e836e8ba92f46d217bf3317d8266ee4,1,1,3,1994,0,507,3,4,2.0,1.0,1,2,0,-0.08980265101338743,-0.36678728549364986,-0.21595882081090761,0.0,-0.5652209095553424,-0.5768279149002519,-0.7904426604760657,-1.3587065572432395,-0.3593749999999999,0.0,-0.07134269772804054,-0.18217803722683543,0.0,0.05584966081499902,-0.7198281615168072,-0.5462247466073785,-0.5576751047344759,0.29943907710357004,0.32274861218395134,-0.06662505182230852,0.0,0.3406925719346233,0.03715572768616197,4.08184506580081,-1.5329253318482365,-0.04864494136428136,-0.048047457,-0.5553450193385241,0.3333333333333333,1.0,1.0426278836509528,0.07283464566929133,0.2,1.6666666666666667,5.65534090394969e-05,0.2,0.000481000481000481,1.0,1.0
0x60a78f83ea1ceb3b4d0d9ff22ac228f5dd0e65bbab9ec2f8fd22b6c6e73a30ba,1,0x9edff88cc791a08b4847dc1ec4a67d8c3ebebf9c,0xa4631a191044096834ce65d1ee86b16b171d8080,2021-10-21 16:06:56+00:00,278557,350000000000,2493230,185705,8.8e+16,3,,140,37,2079,0.017797017797017797,1,7,7,1.0,4,39,249649,14,0x60a78f83ea1ceb3b4d0d9ff22ac228f5dd0e65bbab9ec2f8fd22b6c6e73a30ba,1,1,3,1994,0,507,3,4,2.0,1.0,1,2,0,-0.08980265101338743,-0.36678728549364986,-0.21595882081090761,0.0,-0.5601111522909743,-0.5719330715912989,-0.7695579991868017,-1.330982378389925,-0.3593749999999999,0.0,-0.07134269772804054,-0.18217803722683543,0.0,0.05584966081499902,-0.7198281615168072,-0.43946682971776324,-0.4477762346208457,0.29943907710357004,0.32274861218395134,-0.06662505182230852,0.0,0.3406925719346233,0.03715572768616197,0.7788941166342307,-1.1844764472956342,-0.04864494136428136,-0.048047457,-0.5528119732733056,0.3333333333333333,1.0,1.0426278836509528,0.07283464566929133,0.1,2.3333333333333335,2.8039254956939716e-05,0.14285714285714285,0.000481000481000481,1.0,1.0
0xc50286ef2efe1fd13dacff72555b8d269e7311a598bc4d75ec7e91b84945308d,1,0x71355378826307eb08d9e42fae914f62494246c2,0xa4631a191044096834ce65d1ee86b16b171d8080,2021-10-21 16:06:56+00:00,185705,307992210344,12656128,185705,8.8e+16,347,2.0,154,37,2079,0.017797017797017797,1,339,353,0.9603399433427762,47,53,339806,15,0xc50286ef2efe1fd13dacff72555b8d269e7311a598bc4d75ec7e91b84945308d,1,1,3,1994,0,507,126,4,2.0,1.0,1,2,0,-0.08980265101338743,-0.36678728549364986,-0.21595882081090761,0.0,0.2881085535941313,0.27487482085756215,0.12848243625155245,-1.3032581995366104,-0.3593749999999999,0.0,-0.07134269772804054,-0.18217803722683543,0.0,0.05584966081499902,1.0167728087202725,-0.3796823962595787,-0.386325755001683,0.29943907710357004,0.32274861218395134,-0.06662505182230852,0.0,0.3406925719346233,-0.09874487717742914,-0.11486840071991464,0.48449192510253053,-0.04864494136428136,-0.048047457,0.3185558731618901,0.3333333333333333,1.0,1.0426278836509528,0.07283464566929133,0.8703703703703703,2.8015873015873014,0.0009976251224960051,0.0028328611898017,0.000481000481000481,1.0,1.0
0x301cf71ea5c12da7a09680ff69c003ebe18dfbab206a5752cc40073cd0fcea70,1,0x5e207c60ff93bae1dd37622712db282a4a056f17,0xa4631a191044096834ce65d1ee86b16b171d8080,2021-10-21 16:06:56+00:00,185705,309852620344,9544266,185705,8.8e+16,123,2.0,155,37,2079,0.017797017797017797,1,125,135,0.9259259259259259,54,162,1045734,16,0x301cf71ea5c12da7a09680ff69c003ebe18dfbab206a5752cc40073cd0fcea70,1,1,3,1994,0,507,42,4,2.0,1.0,1,2,0,-0.08980265101338743,-0.36678728549364986,-0.21595882081090761,0.0,-0.25863547369325607,-0.25866309981830987,0.2746750652764008,-1.275534020683296,-0.3593749999999999,0.0,-0.07134269772804054,-0.18217803722683543,0.0,0.05584966081499902,-0.16919858558797699,0.0857821213791436,0.09483060752808495,0.29943907710357004,0.32274861218395134,-0.06662505182230852,0.0,0.3406925719346233,-0.09874487717742914,-0.07528610566161391,-0.026543338389014653,-0.04864494136428136,-0.048047457,-0.2488464454470745,0.3333333333333333,1.0,1.0426278836509528,0.07283464566929133,0.3312883435582822,3.2142857142857144,0.00011953315132418826,0.007407407407407408,0.000481000481000481,1.0,1.0
0x48648e76a7620d6ea0942f45a62b4184fc188b14f392ea962bfdc869f3262927,1,0x68abb61e97ffd7c59d6112c01c622e76187c26ff,0xa4631a191044096834ce65d1ee86b16b171d8080,2021-10-21 16:06:56+00:00,185705,309852620344,10101369,185705,8.8e+16,82,2.0,130,37,2079,0.017797017797017797,1,96,98,0.9795918367346939,32,280,1810740,17,0x48648e76a7620d6ea0942f45a62b4184fc188b14f392ea962bfdc869f3262927,1,1,3,1994,0,507,32,4,2.0,1.0,1,2,0,-0.08980265101338743,-0.36678728549364986,-0.21595882081090761,0.0,-0.33272695402659364,-0.34921770103393956,-0.18478748308740828,-1.2478098418299814,-0.3593749999999999,0.0,-0.07134269772804054,-0.18217803722683543,0.0,0.05584966081499902,-0.3103856563389591,0.5896794890981274,0.6162541865240274,0.29943907710357004,0.32274861218395134,-0.06662505182230852,0.0,0.3406925719346233,-0.09874487717742914,-0.07528610566161391,0.06494506257379484,-0.04864494136428136,-0.048047457,-0.35270133412103677,0.3333333333333333,1.0,1.0426278836509528,0.07283464566929133,0.11387900355871886,3.0625,5.30169692959954e-05,0.01020408163265306,0.000481000481000481,1.0,1.0
0xe5774554231dbb00be0f4cfefe4f0a4e6a5d63060e755c778ed684f9c4d4fc13,1,0x8e7ac4bc5cb26479b2d88f178b2a17f51e96e0a8,0xa4631a191044096834ce65d1ee86b16b171d8080,2021-10-21 16:06:56+00:00,185705,315055214881,5304708,185705,8.8e+16,110,,144,37,2079,0.017797017797017797,1,112,112,1.0,25,34,216383,18,0xe5774554231dbb00be0f4cfefe4f0a4e6a5d63060e755c778ed684f9c4d4fc13,1,1,3,1994,0,507,32,4,2.0,1.0,1,2,0,-0.08980265101338743,-0.36678728549364986,-0.21595882081090761,0.0,-0.29184889591164875,-0.31495379787126887,-0.33098011211225664,-1.2200856629766668,-0.3593749999999999,0.0,-0.07134269772804054,-0.18217803722683543,0.0,0.05584966081499902,-0.3103856563389591,-0.4608184130956863,-0.47045014407891406,0.29943907710357004,0.32274861218395134,-0.06662505182230852,0.0,0.3406925719346233,-0.09874487717742914,0.03540488827640917,-0.7227707545204781,-0.04864494136428136,-0.048047457,-0.2817760442949162,0.3333333333333333,1.0,1.0426278836509528,0.07283464566929133,0.7142857142857143,3.5,0.0005175983436853002,0.008928571428571428,0.000481000481000481,1.0,1.0
0xe705e5c1d5f746a14eddc4ba913acdcc5a0cb3b08eca7fbdde46ad1ed3a6cc92,1,0xaa7a9015b5e6816334a44c0332d7816ffba9e2f7,0xa4631a191044096834ce65d1ee86b16b171d8080,2021-10-21 16:06:56+00:00,278557,690000000000,185705,185705,8.8e+16,0,,139,37,2079,0.017797017797017797,1,2,2,1.0,1,0,146,19,0xe705e5c1d5f746a14eddc4ba913acdcc5a0cb3b08eca7fbdde46ad1ed3a6cc92,1,1,3,1994,0,507,1,4,2.0,1.0,1,2,0,-0.08980265101338743,-0.36678728549364986,-0.21595882081090761,0.0,-0.5728855454518946,-0.5841701798636814,-0.8322119830545938,-1.1923614841233523,-0.3593749999999999,0.0,-0.07134269772804054,-0.18217803722683543,0.0,0.05584966081499902,-0.7480655756670036,-0.606009180065563,-0.6178360083091888,0.29943907710357004,0.32274861218395134,-0.06662505182230852,0.0,0.3406925719346233,0.03715572768616197,8.012772842195934,-1.5634221223893008,-0.04864494136428136,-0.048047457,-0.5604111114689613,0.3333333333333333,1.0,1.0426278836509528,0.07283464566929133,1.0,2.0,0.013605442176870748,0.5,0.000481000481000481,1.0,1.0
0x4747455e4ae8658a0835fe017d6fa793bec5abc5c91fd9b1de383635b92f43e5,1,0xc708859e87c65017ff134d60418e866cf71b53dc,0xa4631a191044096834ce65d1ee86b16b171d8080,2021-10-21 16:06:56+00:00,46703,309946710344,9126165,46703,0.0,81,2.0,141,37,2079,0.017797017797017797,1,95,97,0.979381443298969,26,48,310812,20,0x4747455e4ae8658a0835fe017d6fa793bec5abc5c91fd9b1de383635b92f43e5,2,1,1,1994,0,507,30,2,0.0,0.0,1,0,0,-0.08980265101338743,-0.36678728549364986,-0.21595882081090761,0.0,-0.33528183265877765,-0.35166512268841604,-0.31009545082299256,-1.1646373052700376,1.59375,0.0,-0.2462022509830419,-0.18217803722683543,0.0,0.05584966081499902,-0.3386230704891555,-0.40103397963750176,-0.40608789444818194,-2.819717976058615,-2.9047375096555625,-0.28578640650095494,0.0,-2.935197542821371,-0.3021918236863777,-0.0732842361048842,-0.09520459480111729,-0.43036504670076525,-0.5100418,-0.35523438018625536,1.0,1.0,1.0426278836509528,0.07283464566929133,0.5306122448979592,3.2333333333333334,0.0003056500210737646,0.020618556701030927,0.000962000962000962,2.0,1.0
0x66a661dc6c626a5d8056dbae974e9f2e7f7a376b6c466e56c4d416d0fc266114,1,0xb976bddc77478ef603d62169de09c0db9553f419,0xa4631a191044096834ce65d1ee86b16b171d8080,2021-10-21 16:06:56+00:00,185705,313242210344,5697637,185705,8.8e+16,0,2.0,125,37,2079,0.017797017797017797,1,2,2,1.0,1,0,9,21,0x66a661dc6c626a5d8056dbae974e9f2e7f7a376b6c466e56c4d416d0fc266114,1,1,3,1994,0,507,1,4,2.0,1.0,1,2,0,-0.08980265101338743,-0.36678728549364986,-0.21595882081090761,0.0,-0.5728855454518946,-0.5841701798636814,-0.8322119830545938,-1.1369131264167232,-0.3593749999999999,0.0,-0.07134269772804054,-0.18217803722683543,0.0,0.05584966081499902,-0.7480655756670036,-0.606009180065563,-0.6179293867014138,0.29943907710357004,0.32274861218395134,-0.06662505182230852,0.0,0.3406925719346233,-0.09874487717742914,-0.0031688027516824434,-0.6582432867058805,-0.04864494136428136,-0.048047457,-0.5604111114689613,0.3333333333333333,1.0,1.0426278836509528,0.07283464566929133,1.0,2.0,0.2,0.5,0.000481000481000481,1.0,1.0
0xcba30a24df537ce8643c2b1aa82154de7767a0d36473140593357bd4c84d476a,1,0xe62f16865ad77071fa4581c1342272bc5715bf96,0xa4631a191044096834ce65d1ee86b16b171d8080,2021-10-21 16:06:56+00:00,185705,307742210344,13506263,185705,8.8e+16,1,2.0,127,37,2079,0.017797017797017797,1,5,5,1.0,3,24,151783,22,0xcba30a24df537ce8643c2b1aa82154de7767a0d36473140593357bd4c84d476a,1,1,3,1994,0,507,2,4,2.0,1.0,1,2,0,-0.08980265101338743,-0.36678728549364986,-0.21595882081090761,0.0,-0.5652209095553424,-0.5768279149002519,-0.7904426604760657,-1.1091889475634087,-0.3593749999999999,0.0,-0.07134269772804054,-0.18217803722683543,0.0,0.05584966081499902,-0.7339468685919054,-0.5035215798515323,-0.5144811231864477,0.29943907710357004,0.32274861218395134,-0.06662505182230852,0.0,0.3406925719346233,-0.09874487717742914,-0.12018742919459237,0.624102538853521,-0.04864494136428136,-0.048047457,-0.5578780654037427,0.3333333333333333,1.0,1.0426278836509528,0.07283464566929133,0.12,2.5,3.2941548516312654e-05,0.2,0.000481000481000481,1.0,1.0
0xfa2ec85dabd389a1a75c387d2d800151ef9d485ddb205ccf8ac61b0dfc30f259,1,0x74c6a18f13f188fc86da77c27844b39b9c53a9e0,0xa4631a191044096834ce65d1ee86b16b171d8080,2021-10-21 16:06:56+00:00,278557,340242210344,3083752,185705,8.8e+16,89,2.0,157,37,2079,0.017797017797017797,1,94,94,1.0,34,52,336528,23,0xfa2ec85dabd389a1a75c387d2d800151ef9d485ddb205ccf8ac61b0dfc30f259,1,1,3,1994,0,507,47,4,2.0,1.0,1,2,0,-0.08980265101338743,-0.36678728549364986,-0.21595882081090761,0.0,-0.3378367112909617,-0.3590073876518454,-0.1430181605088802,-1.081464768710094,-0.3593749999999999,0.0,-0.07134269772804054,-0.18217803722683543,0.0,0.05584966081499902,-0.09860505021248593,-0.38395271293516336,-0.3885600204740436,0.29943907710357004,0.32274861218395134,-0.06662505182230852,0.0,0.3406925719346233,0.03715572768616197,0.5712862725135117,-1.0874999213868521,-0.04864494136428136,-0.048047457,-0.33497001166450663,0.3333333333333333,1.0,1.0426278836509528,0.07283464566929133,0.6415094339622641,2.0,0.00027932213865669824,0.010638297872340425,0.000481000481000481,1.0,1.0
0x6922e219de4dbf3d3de25e6f63b8e6f8cc60722c96b9bdb2c6ce8900b403f65a,1,0x2353fa29c1e67ec4cc7918ef1dc03c30c190c5c6,0xa4631a191044096834ce65d1ee86b16b171d8080,2021-10-21 16:06:56+00:00,185705,309852620344,9729971,185705,8.8e+16,44,2.0,133,37,2079,0.017797017797017797,1,57,57,1.0,16,49,315831,24,0x6922e219de4dbf3d3de25e6f63b8e6f8cc60722c96b9bdb2c6ce8900b403f65a,1,1,3,1994,0,507,33,4,2.0,1.0,1,2,0,-0.08980265101338743,-0.36678728549364986,-0.21595882081090761,0.0,-0.4323672206817717,-0.4495619888674751,-0.5189420637156331,-1.0537405898567795,-0.3593749999999999,0.0,-0.07134269772804054,-0.18217803722683543,0.0,0.05584966081499902,-0.2962669492638609,-0.3967636629619172,-0.4026669736410502,0.29943907710357004,0.32274861218395134,-0.06662505182230852,0.0,0.3406925719346233,-0.09874487717742914,-0.07528610566161391,0.003953452152049635,-0.04864494136428136,-0.048047457,-0.44895708459934325,0.3333333333333333,1.0,1.0426278836509528,0.07283464566929133,0.32,1.7272727272727273,0.00018047569593961346,0.017543859649122806,0.000481000481000481,1.0,1.0
0x9d6e95582097d0fac7e7862897e2a981ecfd52076fa023eb7ed6746eca96213a,1,0x85ec5daf4385387443363d5039b8cffc56ef2ce3,0xa4631a191044096834ce65d1ee86b16b171d8080,2021-10-21 16:06:56+00:00,185705,309852620344,9358561,185705,8.8e+16,22,2.0,142,37,2079,0.017797017797017797,1,24,24,1.0,9,25,160399,25,0x9d6e95582097d0fac7e7862897e2a981ecfd52076fa023eb7ed6746eca96213a,1,1,3,1994,0,507,15,4,2.0,1.0,1,2,0,-0.08980265101338743,-0.36678728549364986,-0.21595882081090761,0.0,-0.5166782155438454,-0.5303269034651988,-0.6651346927404814,-1.0260164110034649,-0.3593749999999999,0.0,-0.07134269772804054,-0.18217803722683543,0.0,0.05584966081499902,-0.5504036766156287,-0.49925126317594776,-0.508608508387833,0.29943907710357004,0.32274861218395134,-0.06662505182230852,0.0,0.3406925719346233,-0.09874487717742914,-0.07528610566161391,-0.05704012893007894,-0.04864494136428136,-0.048047457,-0.5046840980341523,0.3333333333333333,1.0,1.0426278836509528,0.07283464566929133,0.34615384615384615,1.6,0.00014962593516209475,0.041666666666666664,0.000481000481000481,1.0,1.0
0x61970c72a16aa3e280be8a9a84ab39d964f92abb68961bc1fb685ed88a9e1e8f,1,0xf66e16c63036b57982095936e090ff8600a68c72,0xa4631a191044096834ce65d1ee86b16b171d8080,2021-10-21 16:06:56+00:00,185693,308267210344,12284718,185693,8.8e+16,107,2.0,161,37,2079,0.017797017797017797,1,136,145,0.9379310344827586,38,146,936167,26,0x61970c72a16aa3e280be8a9a84ab39d964f92abb68961bc1fb685ed88a9e1e8f,1,1,3,1994,0,507,35,4,2.0,1.0,1,2,0,-0.08980265101338743,-0.36678728549364986,-0.21595882081090761,0.0,-0.2305318087392315,-0.23418888327354512,-0.05947951535182399,-0.9982922321501504,-0.3593749999999999,0.0,-0.07134269772804054,-0.18217803722683543,0.0,0.05584966081499902,-0.26802953511366445,0.017457054569789854,0.020150386353547198,0.29943907710357004,0.32274861218395134,-0.06662505182230852,0.0,0.3406925719346233,-0.09876244068988296,-0.10901746939776914,0.42349834402040193,-0.04867789514382437,-0.048047457,-0.289375182490572,0.3333333333333333,1.0,1.0426278836509528,0.07283464566929133,0.2585034013605442,4.142857142857143,0.0001452730706454397,0.006896551724137931,0.000481000481000481,1.0,1.0
0x118d41b0e40ba5b826213afb2d3f544df657a9ef733ac5aa789f3f19d3d61c1c,1,0xf913e07e20aa8dff8ed8b97d8a1b54747e6f421a,0xa4631a191044096834ce65d1ee86b16b171d8080,2021-10-21 16:06:56+00:00,185705,307992210344,12470423,185705,8.8e+16,178,2.0,148,37,2079,0.017797017797017797,1,210,215,0.9767441860465116,52,157,1007606,27,0x118d41b0e40ba5b826213afb2d3f544df657a9ef733ac5aa789f3f19d3d61c1c,1,1,3,1994,0,507,37,4,2.0,1.0,1,2,0,-0.08980265101338743,-0.36678728549364986,-0.21595882081090761,0.0,-0.041470789957611554,-0.06286936746019171,0.2329057426978727,-0.9705680532968358,-0.3593749999999999,0.0,-0.07134269772804054,-0.18217803722683543,0.0,0.05584966081499902,-0.23979212096346805,0.06443053800122055,0.06884278753718645,0.29943907710357004,0.32274861218395134,-0.06662505182230852,0.0,0.3406925719346233,-0.09874487717742914,-0.11486840071991464,0.45399513456146623,-0.04864494136428136,-0.048047457,-0.10952891186005194,0.3333333333333333,1.0,1.0426278836509528,0.07283464566929133,0.3291139240506329,5.8108108108108105,0.00020841459021225537,0.004651162790697674,0.000481000481000481,1.0,1.0
0x9b9dfc4700c6648286b22a19110be5aec5eea935adadf8afb83381c457afd662,1,0x5a4a8f46972ad7ebb1a366680c94ad24e9650c05,0xa4631a191044096834ce65d1ee86b16b171d8080,2021-10-21 16:07:15+00:00,185705,305849962932,9358597,185705,8.8e+16,619,2.0,121,38,2122,0.017907634307257305,1,582,622,0.9356913183279743,85,153,981636,28,0x9b9dfc4700c6648286b22a19110be5aec5eea935adadf8afb83381c457afd662,1,1,3,2030,0,508,133,4,2.0,1.0,1,2,0,-0.08980265101338743,-0.06907033298257026,0.004260997413077421,0.0,0.9089440612148563,0.9332312459117345,0.9220995652435863,-0.9428438744435212,-0.3593749999999999,0.0,-0.07134269772804054,0.011353872008471787,0.0,0.07822532620562381,1.1156037582459601,0.04734927129888211,0.05114178866067486,0.29943907710357004,0.32274861218395134,-0.06662505182230852,0.0,0.3406925719346233,-0.09874487717742914,-0.16044710065684528,-0.057034216948928844,-0.04864494136428136,-0.048047457,1.0075444029013472,0.3333333333333333,1.0,1.0453201970443349,0.07465618860510806,0.551948051948052,4.676691729323308,0.000592887187422642,0.001607717041800643,0.000471253534401508,1.0,1.0
0x33c855061e4cabc6e7e570f33cca09a51f3848dfbea876814f61678074eab8ce,1,0x3a9469b49c96bf2e6af2ae74143ad94b93bc3dd6,0xa4631a191044096834ce65d1ee86b16b171d8080,2021-10-21 16:07:15+00:00,185705,305599962932,10679520,185705,8.8e+16,105,2.0,85,38,2122,0.017907634307257305,1,111,121,0.9173553719008265,34,163,1046882,29,0x33c855061e4cabc6e7e570f33cca09a51f3848dfbea876814f61678074eab8ce,2,1,3,2030,0,508,42,4,2.0,1.0,1,2,0,-0.08980265101338743,-0.06907033298257026,0.004260997413077421,0.0,-0.2944037745438328,-0.29292700298098057,-0.1430181605088802,-0.9151196955902068,1.59375,0.0,-0.07134269772804054,0.011353872008471787,0.0,0.07822532620562381,-0.16919858558797699,0.09005243805472819,0.09561307755928385,0.29943907710357004,0.32274861218395134,-0.06662505182230852,0.0,0.3406925719346233,-0.09874487717742914,-0.165766129131523,0.1598900018490263,-0.04864494136428136,-0.048047457,-0.29444127462100916,0.3333333333333333,1.0,1.0453201970443349,0.07465618860510806,0.2073170731707317,2.880952380952381,0.00010602904049449652,0.01652892561983471,0.000942507068803016,2.0,1.0
0xf076a632803d2350f6b425aa0b4875f1a0a3b07d3392b36626616b7d435aeab0,1,0xa3c5c975610149ea976e65abfffa5584cd00c177,0xa4631a191044096834ce65d1ee86b16b171d8080,2021-10-21 16:07:15+00:00,185693,305599962932,9565290,185693,8.8e+16,454,2.0,99,38,2122,0.017907634307257305,1,447,482,0.9273858921161826,111,171,1099740,30,0xf076a632803d2350f6b425aa0b4875f1a0a3b07d3392b36626616b7d435aeab0,1,1,3,2030,0,508,96,4,2.0,1.0,1,2,0,-0.08980265101338743,-0.06907033298257026,0.004260997413077421,0.0,0.5640354458700091,0.5905922142850277,1.4651007587644516,-0.8873955167368922,-0.3593749999999999,0.0,-0.07134269772804054,0.011353872008471787,0.0,0.07822532620562381,0.5932115964673265,0.12421497145940506,0.1316407786996246,0.29943907710357004,0.32274861218395134,-0.06662505182230852,0.0,0.3406925719346233,-0.09876244068988296,-0.165766129131523,-0.023090741397359418,-0.04867789514382437,-0.048047457,0.5895918021402794,0.3333333333333333,1.0,1.0453201970443349,0.07465618860510806,0.6453488372093024,5.020833333333333,0.0004064593390625611,0.002074688796680498,0.000471253534401508,1.0,1.0
0x8e24f8dc798065fcb5bae84e9b107d20f3a32ff9f9122b58933d4355405ba0e5,1,0x66b0daa97ef0b4ab85d2eda0fa518a4c2f992a6b,0xa4631a191044096834ce65d1ee86b16b171d8080,2021-10-21 16:07:15+00:00,185705,307663327932,8860193,185705,8.8e+16,691,2.0,114,38,2122,0.017907634307257305,1,707,735,0.9619047619047619,86,191,1233015,31,0x8e24f8dc798065fcb5bae84e9b107d20f3a32ff9f9122b58933d4355405ba0e5,1,1,3,2030,0,508,182,4,2.0,1.0,1,2,0,-0.08980265101338743,-0.06907033298257026,0.004260997413077421,0.0,1.228303890237863,1.2097898928675763,0.9429842265328504,-0.8596713378835776,-0.3593749999999999,0.0,-0.07134269772804054,0.011353872008471787,0.0,0.07822532620562381,1.8074204049257725,0.20962130497109724,0.22248023288780644,0.29943907710357004,0.32274861218395134,-0.06662505182230852,0.0,0.3406925719346233,-0.09874487717742914,-0.1218657403769094,-0.13888296842481052,-0.04864494136428136,-0.048047457,1.1899237195970858,0.3333333333333333,1.0,1.0453201970443349,0.07465618860510806,0.4479166666666667,4.038461538461538,0.0005733907751399819,0.0013605442176870747,0.000471253534401508,1.0,1.0
0x23ebb497487082d8c2a805c1a40ac889816df88a307611baf5615c871a755627,1,0x5b90b546fbd723320409ac585217fae4972f2c82,0xa4631a191044096834ce65d1ee86b16b171d8080,2021-10-21 16:07:15+00:00,185705,345000000000,2023739,185705,8.8e+16,14,,80,38,2122,0.017907634307257305,1,24,25,0.96,12,39,249425,32,0x23ebb497487082d8c2a805c1a40ac889816df88a307611baf5615c871a755627,1,1,3,2030,0,508,9,4,2.0,1.0,1,2,0,-0.08980265101338743,-0.06907033298257026,0.004260997413077421,0.0,-0.5166782155438454,-0.5278794818107224,-0.6024807088726892,-0.8319471590302631,-0.3593749999999999,0.0,-0.07134269772804054,0.011353872008471787,0.0,0.07822532620562381,-0.635115919066218,-0.43946682971776324,-0.447928911700104,0.29943907710357004,0.32274861218395134,-0.06662505182230852,0.0,0.3406925719346233,-0.09874487717742914,0.6725135471406762,-1.2615770567994968,-0.04864494136428136,-0.048047457,-0.524948466555901,0.3333333333333333,1.0,1.0453201970443349,0.07465618860510806,0.3,2.7777777777777777,9.622092323975848e-05,0.04,0.000471253534401508,1.0,1.0
0x49b408ff4a8445d2785f618039c65a469ee0a5cf416634fd6e8a076232b6590b,1,0x174d123ce1ef00eebf1026fbf061a7a58a928def,0xa4631a191044096834ce65d1ee86b16b171d8080,2021-10-21 16:07:15+00:00,185693,307710372932,6613368,31512,8.8e+16,414,2.0,115,38,2122,0.017907634307257305,1,408,430,0.9488372093023256,92,1417,8790507,33,0x49b408ff4a8445d2785f618039c65a469ee0a5cf416634fd6e8a076232b6590b,2,1,1,2030,0,508,118,2,0.0,0.0,1,0,0,-0.08980265101338743,-0.06907033298257026,0.004260997413077421,0.0,0.464395179214831,0.46332628825225086,1.0682921942684347,-0.8042229801769485,1.59375,0.0,-0.2462022509830419,0.011353872008471787,0.0,0.07822532620562381,0.9038231521194869,5.445029549237828,5.37362221984373,-2.819717976058615,-2.9047375096555625,-0.28578640650095494,0.0,-2.935197542821371,-0.09876244068988296,-0.12086480559854455,-0.5078603864126232,-0.4720817854539237,-0.048047457,0.48826995953153574,1.0,1.0,1.0453201970443349,0.07465618860510806,0.06488011283497884,3.6440677966101696,4.6413699868084985e-05,0.004651162790697674,0.000942507068803016,2.0,1.0
0x109795077fc67ffa189c0580485862933479cba28fe3b39b0dfce21e4873cb40,1,0xcc02f3d224e9e83c8287a94060a298bb7a22ac04,0xa4631a191044096834ce65d1ee86b16b171d8080,2021-10-21 16:07:15+00:00,185705,310099962932,4554297,185705,8.8e+16,74,2.0,90,38,2122,0.017907634307257305,1,96,99,0.9696969696969697,30,53,341294,34,0x109795077fc67ffa189c0580485862933479cba28fe3b39b0dfce21e4873cb40,1,1,3,2030,0,508,23,4,2.0,1.0,1,2,0,-0.08980265101338743,-0.06907033298257026,0.004260997413077421,0.0,-0.33272695402659364,-0.3467702793794631,-0.2265568056659364,-0.776498801323634,-0.3593749999999999,0.0,-0.07134269772804054,0.011353872008471787,0.0,0.07822532620562381,-0.437454020014843,-0.3796823962595787,-0.3853115429751813,0.29943907710357004,0.32274861218395134,-0.06662505182230852,0.0,0.3406925719346233,-0.09874487717742914,-0.07002361658732398,-0.8460045235989122,-0.04864494136428136,-0.048047457,-0.3729657026427855,0.3333333333333333,1.0,1.0453201970443349,0.07465618860510806,0.5555555555555556,4.304347826086956,0.00028128158924097923,0.010101010101010102,0.000471253534401508,1.0,1.0
0x0ba3e43f143be770085f38ddc023abfb11947a85d2d4dcee8dbbe56ad07c3daa,1,0x3eb8714fd250fa9f22a95734343c3177e3785391,0xa4631a191044096834ce65d1ee86b16b171d8080,2021-10-21 16:07:15+00:00,185705,307710372932,7791821,185705,8.8e+16,73,2.0,113,38,2122,0.017907634307257305,1,88,90,0.9777777777777777,23,54,346844,35,0x0ba3e43f143be770085f38ddc023abfb11947a85d2d4dcee8dbbe56ad07c3daa,1,1,3,2030,0,508,24,4,2.0,1.0,1,2,0,-0.08980265101338743,-0.06907033298257026,0.004260997413077421,0.0,-0.35316598308406605,-0.36879707426975133,-0.37274943469078475,-0.7487746224703195,-0.3593749999999999,0.0,-0.07134269772804054,0.011353872008471787,0.0,0.07822532620562381,-0.4233353129397448,-0.37541207958399414,-0.38152869569891484,0.29943907710357004,0.32274861218395134,-0.06662505182230852,0.0,0.3406925719346233,-0.09874487717742914,-0.12086480559854455,-0.31433283301616743,-0.04864494136428136,-0.048047457,-0.3754987487080041,0.3333333333333333,1.0,1.0453201970443349,0.07465618860510806,0.41818181818181815,3.75,0.0002537156366676758,0.011111111111111112,0.000471253534401508,1.0,1.0
0x8bcf72d4bc1af97ea74c9fbe98061ca82b369568cfb42a921f20a363a5d489fc,1,0xa43d8310f91c17149c3384f1918abdef1ecb3a28,0xa4631a191044096834ce65d1ee86b16b171d8080,2021-10-21 16:07:15+00:00,832050,344820465348,2209444,185705,8.8e+16,12,,116,38,2122,0.017907634307257305,1,17,17,1.0,6,72,466792,36,0x8bcf72d4bc1af97ea74c9fbe98061ca82b369568cfb42a921f20a363a5d489fc,2,1,3,2030,0,508,6,4,2.0,1.0,1,2,0,-0.08980265101338743,-0.06907033298257026,0.004260997413077421,0.0,-0.5345623659691339,-0.5474588550465341,-0.7277886766082735,-0.7210504436170049,1.59375,0.0,-0.07134269772804054,0.011353872008471787,0.0,0.07822532620562381,-0.6774720402915125,-0.2985463794234712,-0.2997728461324993,0.29943907710357004,0.32274861218395134,-0.06662505182230852,0.0,0.3406925719346233,0.8472624942368407,0.6686937474359588,-1.2310802662584326,-0.04864494136428136,-0.048047457,-0.5300145586863382,0.3333333333333333,1.0,1.0453201970443349,0.07465618860510806,0.0821917808219178,2.8333333333333335,3.641871236286748e-05,0.11764705882352941,0.000942507068803016,2.0,1.0
0x2a47d4971bf2d64e236cb2464a0153ca00d118d302d610bbfcdd3b38bb67cad4,1,0xb6e7a7606a03588e9aab4006194e09712a3822ca,0xa4631a191044096834ce65d1ee86b16b171d8080,2021-10-21 16:07:15+00:00,46703,313000000000,3960527,46703,0.0,495,,100,38,2122,0.017907634307257305,1,489,515,0.9495145631067962,52,66,425134,37,0x2a47d4971bf2d64e236cb2464a0153ca00d118d302d610bbfcdd3b38bb67cad4,2,1,1,2030,0,508,152,2,0.0,0.0,1,0,0,-0.08980265101338743,-0.06907033298257026,0.004260997413077421,0.0,0.6713403484217394,0.6713571288827515,0.2329057426978727,-0.6933262647636903,1.59375,0.0,-0.2462022509830419,0.011353872008471787,0.0,0.07822532620562381,1.383859192672826,-0.32416827947697885,-0.32816669330992404,-2.819717976058615,-2.9047375096555625,-0.28578640650095494,0.0,-2.935197542821371,-0.3021918236863777,-0.00832209761807239,-0.9435144415847916,-0.43036504670076525,-0.5100418,0.6934466908142417,1.0,1.0,1.0453201970443349,0.07465618860510806,0.7761194029850746,3.388157894736842,0.001150222870382349,0.003883495145631068,0.000942507068803016,2.0,1.0
0xb82cc95305aea880ee34ed69469a392929996cfa33e9fd8d87ae8274ac9124bc,1,0xf03372d290442637dea47f2252d6aaa13c7758ed,0xa4631a191044096834ce65d1ee86b16b171d8080,2021-10-21 16:07:15+00:00,185705,307710372932,8467783,185705,8.8e+16,1178,2.0,98,38,2122,0.017907634307257305,1,1201,1371,0.8760029175784099,125,199,1281859,38,0xb82cc95305aea880ee34ed69469a392929996cfa33e9fd8d87ae8274ac9124bc,1,1,3,2030,0,508,205,4,2.0,1.0,1,2,0,-0.08980265101338743,-0.06907033298257026,0.004260997413077421,0.0,2.490413934536785,2.7663500651146156,1.7574860168141482,-0.6656020859103758,-0.3593749999999999,0.0,-0.07134269772804054,0.011353872008471787,0.0,0.07822532620562381,2.1321506676530313,0.2437838383757741,0.2557720152953664,0.29943907710357004,0.32274861218395134,-0.06662505182230852,0.0,0.3406925719346233,-0.09874487717742914,-0.12086480559854455,-0.2033252051778276,-0.04864494136428136,-0.048047457,2.42351715335854,0.3333333333333333,1.0,1.0453201970443349,0.07465618860510806,0.625,6.68780487804878,0.0009369197884324341,0.0007293946024799417,0.000471253534401508,1.0,1.0
0xbb5cb8de717b9d9cc92e796b9bd4af7dbc51fd6f933a415285f54305ee46b6df,1,0x14e85a8a87a90b824543ac84e62957cff1365d7c,0xa4631a191044096834ce65d1ee86b16b171d8080,2021-10-21 16:07:15+00:00,185705,333000000000,2554936,185705,8.8e+16,54,,106,38,2122,0.017907634307257305,1,64,64,1.0,13,24,153331,39,0xbb5cb8de717b9d9cc92e796b9bd4af7dbc51fd6f933a415285f54305ee46b6df,1,1,3,2030,0,508,16,4,2.0,1.0,1,2,0,-0.08980265101338743,-0.06907033298257026,0.004260997413077421,0.0,-0.41448307025648334,-0.43243003728613977,-0.5815960475834252,-0.6378779070570613,-0.3593749999999999,0.0,-0.07134269772804054,0.011353872008471787,0.0,0.07822532620562381,-0.5362849695405305,-0.5035215798515323,-0.513426015513716,0.29943907710357004,0.32274861218395134,-0.06662505182230852,0.0,0.3406925719346233,-0.09874487717742914,0.41720018035614553,-1.1743429831609749,-0.04864494136428136,-0.048047457,-0.42362662394715733,0.3333333333333333,1.0,1.0453201970443349,0.07465618860510806,0.52,4.0,0.0004173949338689902,0.015625,0.000471253534401508,1.0,1.0
0x79abdbe305fb4025fffa232813e94d5e866c2eab3b7fcfaccbc863859b61c810,1,0x6a94a315cd59ed2e42fedd1bb078616d77a69c1f,0xa4631a191044096834ce65d1ee86b16b171d8080,2021-10-21 16:07:15+00:00,185705,450000000000,383096,185705,8.8e+16,4,2.0,83,38,2122,0.017907634307257305,1,7,7,1.0,2,1,7018,40,0x79abdbe305fb4025fffa232813e94d5e866c2eab3b7fcfaccbc863859b61c810,1,1,3,2030,0,508,4,4,2.0,1.0,1,2,0,-0.08980265101338743,-0.06907033298257026,0.004260997413077421,0.0,-0.5601111522909743,-0.5719330715912989,-0.8113273217653297,-0.6101537282037467,-0.3593749999999999,0.0,-0.07134269772804054,0.011353872008471787,0.0,0.07822532620562381,-0.705709454441709,-0.6017388633899784,-0.6131520936276568,0.29943907710357004,0.32274861218395134,-0.06662505182230852,0.0,0.3406925719346233,-0.09874487717742914,2.90650550650532,-1.5310062370782362,-0.04864494136428136,-0.048047457,-0.5502789272080869,0.3333333333333333,1.0,1.0453201970443349,0.07465618860510806,1.0,1.75,0.0009972930616896994,0.14285714285714285,0.000471253534401508,1.0,1.0
0x9a20333a3cffb4eabea1f7068821bfc4cc68bc0f0973de4049414239c70cf5ae,1,0xfbda0d5ed97aae23cdea839518cdd271b42c2ee1,0xa4631a191044096834ce65d1ee86b16b171d8080,2021-10-21 16:07:15+00:00,185705,305599962932,10493815,185705,8.8e+16,158,2.0,109,38,2122,0.017907634307257305,1,175,191,0.9162303664921466,51,244,1576408,41,0x9a20333a3cffb4eabea1f7068821bfc4cc68bc0f0973de4049414239c70cf5ae,1,1,3,2030,0,508,52,4,2.0,1.0,1,2,0,-0.08980265101338743,-0.06907033298257026,0.004260997413077421,0.0,-0.1308915420840534,-0.12160748716762716,0.21202108140860865,-0.5824295493504321,-0.3593749999999999,0.0,-0.07134269772804054,0.011353872008471787,0.0,0.07822532620562381,-0.028011514836994874,0.43594808877708147,0.45653487698491635,0.29943907710357004,0.32274861218395134,-0.06662505182230852,0.0,0.3406925719346233,-0.09874487717742914,-0.165766129131523,0.12939321130796202,-0.04864494136428136,-0.048047457,-0.16018983316442378,0.3333333333333333,1.0,1.0453201970443349,0.07465618860510806,0.20816326530612245,3.673076923076923,0.00011101179960276807,0.005235602094240838,0.000471253534401508,1.0,1.0
0x92d06c5fa7570c9acb2005f8d0b0a6ea6a3d14a012d30fd30b044c2480d2a226,1,0x8471d92cd0d98bee82258c106adf147bde76ed9f,0xa4631a191044096834ce65d1ee86b16b171d8080,2021-10-21 16:07:15+00:00,185705,307852962932,5420588,185705,8.8e+16,21,2.0,119,38,2122,0.017907634307257305,1,25,25,1.0,17,51,329991,42,0x92d06c5fa7570c9acb2005f8d0b0a6ea6a3d14a012d30fd30b044c2480d2a226,1,1,3,2030,0,508,13,4,2.0,1.0,1,2,0,-0.08980265101338743,-0.06907033298257026,0.004260997413077421,0.0,-0.5141233369116613,-0.5278794818107224,-0.49805740242636903,-0.5547053704971175,-0.3593749999999999,0.0,-0.07134269772804054,0.011353872008471787,0.0,0.07822532620562381,-0.5786410907658252,-0.38822302961074795,-0.39301560113079204,0.29943907710357004,0.32274861218395134,-0.06662505182230852,0.0,0.3406925719346233,-0.09874487717742914,-0.11783104451772736,-0.7037407440851181,-0.04864494136428136,-0.048047457,-0.5072171440993709,0.3333333333333333,1.0,1.0453201970443349,0.07465618860510806,0.3269230769230769,1.9230769230769231,7.575941234939029e-05,0.04,0.000471253534401508,1.0,1.0
0x7a68d2fbf50bd6de317cb4d7e0e5f511abbc3dd2e94d1659f0d777a52e39ee16,1,0xd2f873e275ac5265a1a038df67fb63bcf9b96718,0xa4631a191044096834ce65d1ee86b16b171d8080,2021-10-21 16:07:15+00:00,278557,307663327932,8674488,185705,8.8e+16,13,2.0,111,38,2122,0.017907634307257305,1,16,16,1.0,6,23,150052,43,0x7a68d2fbf50bd6de317cb4d7e0e5f511abbc3dd2e94d1659f0d777a52e39ee16,1,1,3,2030,0,508,9,4,2.0,1.0,1,2,0,-0.08980265101338743,-0.06907033298257026,0.004260997413077421,0.0,-0.5371172446013178,-0.5499062767010107,-0.7277886766082735,-0.5269811916438031,-0.3593749999999999,0.0,-0.07134269772804054,0.011353872008471787,0.0,0.07822532620562381,-0.635115919066218,-0.507791896527117,-0.5156609625801805,0.29943907710357004,0.32274861218395134,-0.06662505182230852,0.0,0.3406925719346233,0.03715572768616197,-0.1218657403769094,-0.1693797589658748,-0.04864494136428136,-0.048047457,-0.5274815126211196,0.3333333333333333,1.0,1.0453201970443349,0.07465618860510806,0.25,1.7777777777777777,0.00010662899108981494,0.0625,0.000471253534401508,1.0,1.0
0xa8cf8791b3130f3f5a487dd9150117fa0fea17fda79fb56a2a0231d41120809a,1,0xbaaf3c2a40a6f5392fe4887656ba0ec2c9eaf5e1,0xa4631a191044096834ce65d1ee86b16b171d8080,2021-10-21 16:07:15+00:00,185705,307710372932,7031100,185705,8.8e+16,0,2.0,112,38,2122,0.017907634307257305,1,2,2,1.0,1,0,1145,44,0xa8cf8791b3130f3f5a487dd9150117fa0fea17fda79fb56a2a0231d41120809a,1,1,3,2030,0,508,1,4,2.0,1.0,1,2,0,-0.08980265101338743,-0.06907033298257026,0.004260997413077421,0.0,-0.5728855454518946,-0.5841701798636814,-0.8322119830545938,-0.4992570127904885,-0.3593749999999999,0.0,-0.07134269772804054,0.011353872008471787,0.0,0.07822532620562381,-0.7480655756670036,-0.606009180065563,-0.6171550957994609,0.29943907710357004,0.32274861218395134,-0.06662505182230852,0.0,0.3406925719346233,-0.09874487717742914,-0.12086480559854455,-0.4392597278073091,-0.04864494136428136,-0.048047457,-0.5604111114689613,0.3333333333333333,1.0,1.0453201970443349,0.07465618860510806,1.0,2.0,0.0017452006980802793,0.5,0.000471253534401508,1.0,1.0
0x79a2c2b65dd307b9013c66cd4cd2d88a6f222fb8442ed7bbdeeac650d77c6ec7,1,0xda918c71780b2ae1b8d4c0546b1aab0cadc21e4b,0xa4631a191044096834ce65d1ee86b16b171d8080,2021-10-21 16:07:15+00:00,185705,305599962932,10122405,185705,8.8e+16,625,2.0,91,38,2122,0.017907634307257305,1,704,713,0.9873772791023843,124,190,1222758,45,0x79a2c2b65dd307b9013c66cd4cd2d88a6f222fb8442ed7bbdeeac650d77c6ec7,1,1,3,2030,0,508,172,4,2.0,1.0,1,2,0,-0.08980265101338743,-0.06907033298257026,0.004260997413077421,0.0,1.2206392543413107,1.155946616469094,1.7366013555248843,-0.47153283393717393,-0.3593749999999999,0.0,-0.07134269772804054,0.011353872008471787,0.0,0.07822532620562381,1.6662333341747904,0.20535098829551263,0.21548912216480376,0.29943907710357004,0.32274861218395134,-0.06662505182230852,0.0,0.3406925719346233,-0.09874487717742914,-0.165766129131523,0.06839963022583344,-0.04864494136428136,-0.048047457,1.0227426792926586,0.3333333333333333,1.0,1.0453201970443349,0.07465618860510806,0.6492146596858639,4.145348837209302,0.0005757471423232215,0.001402524544179523,0.000471253534401508,1.0,1.0
0xb577c7019147c3624fd5e86b33b7769fc42e7cc4dd3b4b5d2a0f72087eaab3e5,1,0xbd74f234ea2d77067706418a4ce750e40ed8fbc3,0xa4631a191044096834ce65d1ee86b16b171d8080,2021-10-21 16:07:15+00:00,185705,305599962932,9750995,185705,8.8e+16,0,2.0,92,38,2122,0.017907634307257305,1,2,2,1.0,1,0,1617,46,0xb577c7019147c3624fd5e86b33b7769fc42e7cc4dd3b4b5d2a0f72087eaab3e5,1,1,3,2030,0,508,1,4,2.0,1.0,1,2,0,-0.08980265101338743,-0.06907033298257026,0.004260997413077421,0.0,-0.5728855454518946,-0.5841701798636814,-0.8322119830545938,-0.4438086550838594,-0.3593749999999999,0.0,-0.07134269772804054,0.011353872008471787,0.0,0.07822532620562381,-0.7480655756670036,-0.606009180065563,-0.6168333833824523,0.29943907710357004,0.32274861218395134,-0.06662505182230852,0.0,0.3406925719346233,-0.09874487717742914,-0.165766129131523,0.0074060491437048705,-0.04864494136428136,-0.048047457,-0.5604111114689613,0.3333333333333333,1.0,1.0453201970443349,0.07465618860510806,1.0,2.0,0.0012360939431396785,0.5,0.000471253534401508,1.0,1.0
0xc2377d50e32e74bf628ce2a5681741fd9a266cf317482c49e690c40b9d9bb227,1,0x5cc9523edee958b8a3b794260dcd3d22d2907b15,0xa4631a191044096834ce65d1ee86b16b171d8080,2021-10-21 16:07:15+00:00,278557,305524962932,11240924,185705,8.8e+16,0,2.0,89,38,2122,0.017907634307257305,1,2,2,1.0,1,0,240,47,0xc2377d50e32e74bf628ce2a5681741fd9a266cf317482c49e690c40b9d9bb227,1,1,3,2030,0,508,1,4,2.0,1.0,1,2,0,-0.08980265101338743,-0.06907033298257026,0.004260997413077421,0.0,-0.5728855454518946,-0.5841701798636814,-0.8322119830545938,-0.41608447623054484,-0.3593749999999999,0.0,-0.07134269772804054,0.011353872008471787,0.0,0.07822532620562381,-0.7480655756670036,-0.606009180065563,-0.6177719384634287,0.29943907710357004,0.32274861218395134,-0.06662505182230852,0.0,0.3406925719346233,0.03715572768616197,-0.16736183767392632,0.2520847203375735,-0.04864494136428136,-0.048047457,-0.5604111114689613,0.3333333333333333,1.0,1.0453201970443349,0.07465618860510806,1.0,2.0,0.008298755186721992,0.5,0.000471253534401508,1.0,1.0
0x7131a6bd15923d22a30beb9ae31f8c935fe0e0f4ce32267917e66c70dc5ba65a,1,0xb4fc9f7b312acd4b2a03c5d00460178a099d587c,0xa4631a191044096834ce65d1ee86b16b171d8080,2021-10-21 16:07:15+00:00,174705,430000000000,557801,174705,8.8e+16,13,,105,38,2122,0.017907634307257305,1,17,17,1.0,11,118,761504,48,0x7131a6bd15923d22a30beb9ae31f8c935fe0e0f4ce32267917e66c70dc5ba65a,1,1,3,2030,0,508,9,4,2.0,1.0,1,2,0,-0.08980265101338743,-0.06907033298257026,0.004260997413077421,0.0,-0.5345623659691339,-0.5474588550465341,-0.6233653701619534,-0.38836029737723027,-0.3593749999999999,0.0,-0.07134269772804054,0.011353872008471787,0.0,0.07822532620562381,-0.635115919066218,-0.10211181234657918,-0.09889888460402477,0.29943907710357004,0.32274861218395134,-0.06662505182230852,0.0,0.3406925719346233,-0.11484476359344066,2.480983228531102,-1.5023158852219232,-0.0788525726120427,-0.048047457,-0.5274815126211196,0.3333333333333333,1.0,1.0453201970443349,0.07465618860510806,0.09243697478991597,1.8888888888888888,2.232421323563207e-05,0.058823529411764705,0.000471253534401508,1.0,1.0
0x21abca04ea011f19c85526a6d2cb538f07fcf0c4fc0170ef12a9d61571ac8919,1,0xc34816b7ff2f24d263ef5a6bf0f4115379644e28,0xa4631a191044096834ce65d1ee86b16b171d8080,2021-10-21 16:07:15+00:00,185705,314099962932,3728119,185705,8.8e+16,170,2.0,120,38,2122,0.017907634307257305,1,166,210,0.7904761904761904,42,71,456383,49,0x21abca04ea011f19c85526a6d2cb538f07fcf0c4fc0170ef12a9d61571ac8919,1,1,3,2030,0,508,32,4,2.0,1.0,1,2,0,-0.08980265101338743,-0.06907033298257026,0.004260997413077421,0.0,-0.15388544977370988,-0.0751064757325741,0.024059129805232206,-0.36063611852391575,-0.3593749999999999,0.0,-0.07134269772804054,0.011353872008471787,0.0,0.07822532620562381,-0.3103856563389591,-0.30281669609905576,-0.30686755915928443,0.29943907710357004,0.32274861218395134,-0.06662505182230852,0.0,0.3406925719346233,-0.09874487717742914,0.015080839007519596,-0.9816808781162133,-0.04864494136428136,-0.048047457,-0.12979328038180066,0.3333333333333333,1.0,1.0453201970443349,0.07465618860510806,0.5833333333333334,6.5625,0.00036372878979105315,0.004761904761904762,0.000471253534401508,1.0,1.0
0xdfe900f162cb81568053c77abbb1e4e32f928ee894c11fe181f2eb69e20097a8,1,0xfcea3bf0e9bc0856811e051e2b370ee12b2745d8,0xa4631a191044096834ce65d1ee86b16b171d8080,2021-10-21 16:07:15+00:00,278557,330000000000,3098902,185705,8.8e+16,22,,86,38,2122,0.017907634307257305,1,26,27,0.9629629629629629,5,30,196124,50,0xdfe900f162cb81568053c77abbb1e4e32f928ee894c11fe181f2eb69e20097a8,1,1,3,2030,0,508,9,4,2.0,1.0,1,2,0,-0.08980265101338743,-0.06907033298257026,0.004260997413077421,0.0,-0.5115684582794774,-0.5229846385017695,-0.7486733378975376,-0.3329119396706012,-0.3593749999999999,0.0,-0.07134269772804054,0.011353872008471787,0.0,0.07822532620562381,-0.635115919066218,-0.4778996797980247,-0.4842585590284423,0.29943907710357004,0.32274861218395134,-0.06662505182230852,0.0,0.3406925719346233,0.03715572768616197,0.3533718386600128,-1.085011962652854,-0.04864494136428136,-0.048047457,-0.5046840980341523,0.3333333333333333,1.0,1.0453201970443349,0.07465618860510806,0.16129032258064516,3.0,0.0001325685149776928,0.037037037037037035,0.000471253534401508,1.0,1.0
0x5b663767ee5ebf2ba2c60a3d598de4699057e3f8d5fcc05f00b328dd37d7c84a,1,0xdc2ee6c3d07a0bce704a572020f35dd9ff2ae246,0xa4631a191044096834ce65d1ee86b16b171d8080,2021-10-21 16:07:15+00:00,185705,308274912932,4740002,185705,8.8e+16,191,2.0,82,38,2122,0.017907634307257305,1,206,219,0.9406392694063926,57,172,1110445,51,0x5b663767ee5ebf2ba2c60a3d598de4699057e3f8d5fcc05f00b328dd37d7c84a,1,1,3,2030,0,508,56,4,2.0,1.0,1,2,0,-0.08980265101338743,-0.06907033298257026,0.004260997413077421,0.0,-0.05169030448634776,-0.05307968084228581,0.3373290491441929,-0.30518776081728666,-0.3593749999999999,0.0,-0.07134269772804054,0.011353872008471787,0.0,0.07822532620562381,0.02846331346339797,0.12848528813498966,0.13893724358114393,0.29943907710357004,0.32274861218395134,-0.06662505182230852,0.0,0.3406925719346233,-0.09874487717742914,-0.1088535882581663,-0.8155077330578479,-0.04864494136428136,-0.048047457,-0.07659931301221024,0.3333333333333333,1.0,1.0453201970443349,0.07465618860510806,0.32947976878612717,3.9107142857142856,0.00018551104691268193,0.0045662100456621,0.000471253534401508,1.0,1.0
0x3b0eb6e3645cb54a6b2118e2c26c469d3da7c1a5a0f8de26ee6e6504a7cd5205,1,0x52d8ed540e858934a1137dc341f985ae9aa9681e,0xa4631a191044096834ce65d1ee86b16b171d8080,2021-10-21 16:07:15+00:00,185705,331230000000,2803641,185705,8.8e+16,62,,81,38,2122,0.017907634307257305,1,86,88,0.9772727272727273,32,69,446953,52,0x3b0eb6e3645cb54a6b2118e2c26c469d3da7c1a5a0f8de26ee6e6504a7cd5205,1,1,3,2030,0,508,22,4,2.0,1.0,1,2,0,-0.08980265101338743,-0.06907033298257026,0.004260997413077421,0.0,-0.3582757403484341,-0.3736919175787043,-0.18478748308740828,-0.2774635819639721,-0.3593749999999999,0.0,-0.07134269772804054,0.011353872008471787,0.0,0.07822532620562381,-0.45157272708994123,-0.311357329450225,-0.31329499155841817,0.29943907710357004,0.32274861218395134,-0.06662505182230852,0.0,0.3406925719346233,-0.09874487717742914,0.3795414587554272,-1.133500225607245,-0.04864494136428136,-0.048047457,-0.4033622554254086,0.3333333333333333,1.0,1.0453201970443349,0.07465618860510806,0.45714285714285713,4.0,0.0001924135369635354,0.011363636363636364,0.000471253534401508,1.0,1.0
0x38d16afaa9ed296f38f9d6c095ecf62791c09a24d77d38baec82d6c21f696b0c,1,0x9192880f92fbf217f1be7c933000f8b1899b4a28,0xa4631a191044096834ce65d1ee86b16b171d8080,2021-10-21 16:07:15+00:00,185693,328655169930,3284595,185693,8.8e+16,21,,87,38,2122,0.017907634307257305,1,25,25,1.0,3,22,138495,53,0x38d16afaa9ed296f38f9d6c095ecf62791c09a24d77d38baec82d6c21f696b0c,1,1,3,2030,0,508,4,4,2.0,1.0,1,2,0,-0.08980265101338743,-0.06907033298257026,0.004260997413077421,0.0,-0.5141233369116613,-0.5278794818107224,-0.7904426604760657,-0.24973940311065754,-0.3593749999999999,0.0,-0.07134269772804054,0.011353872008471787,0.0,0.07822532620562381,-0.705709454441709,-0.5120622132027016,-0.5235381456381645,0.29943907710357004,0.32274861218395134,-0.06662505182230852,0.0,0.3406925719346233,-0.09876244068988296,0.3247590809162815,-1.0545171427721731,-0.04867789514382437,-0.048047457,-0.5072171440993709,0.3333333333333333,1.0,1.0453201970443349,0.07465618860510806,0.13043478260869565,6.25,0.00018051062846580407,0.04,0.000471253534401508,1.0,1.0
0xfaac3c1e80650d6229e9ad1a20c1889feca727e7ab8cc5f246f6be72e29bef30,1,0x64916cd4b15045fd156bc2a6460cd3207638e289,0xa4631a191044096834ce65d1ee86b16b171d8080,2021-10-21 16:07:15+00:00,185705,306064462932,9151892,185705,8.8e+16,2935,2.0,96,38,2122,0.017907634307257305,1,2896,2956,0.979702300405954,362,703,4504209,54,0xfaac3c1e80650d6229e9ad1a20c1889feca727e7ab8cc5f246f6be72e29bef30,1,1,3,2030,0,508,395,4,2.0,1.0,1,2,0,-0.08980265101338743,-0.06907033298257026,0.004260997413077421,0.0,6.820933216088756,6.6455133874598316,6.707150742369728,-0.222015224257343,-0.3593749999999999,0.0,-0.07134269772804054,0.011353872008471787,0.0,0.07822532620562381,4.814705011921692,2.396023442870417,2.4521067757777355,0.29943907710357004,0.32274861218395134,-0.06662505182230852,0.0,0.3406925719346233,-0.09874487717742914,-0.1558833742255718,-0.09097966316088164,-0.04864494136428136,-0.048047457,6.874079089947607,0.3333333333333333,1.0,1.0453201970443349,0.07465618860510806,0.5142045454545454,7.483544303797468,0.0006429540363348955,0.00033829499323410016,0.000471253534401508,1.0,1.0
0x8722fc630d9b6acfc9bb48f5055377086f0a08ee9e7920302ddc27d316350615,1,0x329e6e67cbb21f929ba0f0615fce4f118e202bc3,0xa4631a191044096834ce65d1ee86b16b171d8080,2021-10-21 16:07:15+00:00,278557,313099962932,3913824,185705,8.8e+16,21,2.0,94,38,2122,0.017907634307257305,1,31,32,0.96875,10,39,249174,55,0x8722fc630d9b6acfc9bb48f5055377086f0a08ee9e7920302ddc27d316350615,1,1,3,2030,0,508,13,4,2.0,1.0,1,2,0,-0.08980265101338743,-0.06907033298257026,0.004260997413077421,0.0,-0.49879406511855706,-0.510747530229387,-0.6442500314512174,-0.19429104540402845,-0.3593749999999999,0.0,-0.07134269772804054,0.011353872008471787,0.0,0.07822532620562381,-0.5786410907658252,-0.43946682971776324,-0.4480999918201658,0.29943907710357004,0.32274861218395134,-0.06662505182230852,0.0,0.3406925719346233,0.03715572768616197,-0.0061952748911912985,-0.951184087575149,-0.04864494136428136,-0.048047457,-0.5072171440993709,0.3333333333333333,1.0,1.0453201970443349,0.07465618860510806,0.25,2.4615384615384617,0.0001244105548309421,0.03125,0.000471253534401508,1.0,1.0
0xc41080e00b9ede2578dacbef05f8377ae7d50a7b334d7ae11b9bc3037e4a9cbd,1,0x8965e037cb591a63d1c15f456ff3a155382cbb29,0xa4631a191044096834ce65d1ee86b16b171d8080,2021-10-21 16:07:15+00:00,185705,305599962932,9936700,185705,8.8e+16,1537,2.0,102,38,2122,0.017907634307257305,1,1538,1598,0.9624530663329162,157,190,1226092,56,0xc41080e00b9ede2578dacbef05f8377ae7d50a7b334d7ae11b9bc3037e4a9cbd,1,1,3,2030,0,508,196,4,2.0,1.0,1,2,0,-0.08980265101338743,-0.06907033298257026,0.004260997413077421,0.0,3.3514080335828114,3.321914780680776,2.4257951780705977,-0.1665668665507139,-0.3593749999999999,0.0,-0.07134269772804054,0.011353872008471787,0.0,0.07822532620562381,2.0050823039771473,0.20535098829551263,0.21776155690697896,0.29943907710357004,0.32274861218395134,-0.06662505182230852,0.0,0.3406925719346233,-0.09874487717742914,-0.165766129131523,0.03790283968476916,-0.04864494136428136,-0.048047457,3.3328806907720145,0.3333333333333333,1.0,1.0453201970443349,0.07465618860510806,0.8219895287958116,8.153061224489797,0.001254390980129566,0.0006257822277847309,0.000471253534401508,1.0,1.0
0x9f911ba6fcb250c03e459e145b9febf3a284ffe996d48ca8051fa3878dcab099,1,0x1e2f1b37c8ec00b3ec46827db60835976963d287,0xa4631a191044096834ce65d1ee86b16b171d8080,2021-10-21 16:07:15+00:00,185693,307804462932,6280556,185693,8.8e+16,142,2.0,101,38,2122,0.017907634307257305,1,117,153,0.7647058823529411,27,36,230114,57,0x9f911ba6fcb250c03e459e145b9febf3a284ffe996d48ca8051fa3878dcab099,1,1,3,2030,0,508,21,4,2.0,1.0,1,2,0,-0.08980265101338743,-0.06907033298257026,0.004260997413077421,0.0,-0.2790745027507285,-0.2146095100377333,-0.28921078953372853,-0.13884268769739935,-0.3593749999999999,0.0,-0.07134269772804054,0.011353872008471787,0.0,0.07822532620562381,-0.46569143416503944,-0.4522777797445171,-0.46109117543919975,0.29943907710357004,0.32274861218395134,-0.06662505182230852,0.0,0.3406925719346233,-0.09876244068988296,-0.11886293604181485,-0.5625153383716588,-0.04867789514382437,-0.048047457,-0.20071857020792125,0.3333333333333333,1.0,1.0453201970443349,0.07465618860510806,0.7297297297297297,7.285714285714286,0.000508441431458184,0.006535947712418301,0.000471253534401508,1.0,1.0
0xaf9df2514ebc6efe63bdd3d88dff48134baa9d8a3a5b08048f75e6133d5a49e2,1,0x4f44352fb97f9a1b102f322c8288839ad2585367,0xa4631a191044096834ce65d1ee86b16b171d8080,2021-10-21 16:07:15+00:00,185705,305599962932,10907225,185705,8.8e+16,31,2.0,93,38,2122,0.017907634307257305,1,33,37,0.8918918918918919,6,6,36307,58,0xaf9df2514ebc6efe63bdd3d88dff48134baa9d8a3a5b08048f75e6133d5a49e2,1,1,3,2030,0,508,20,4,2.0,1.0,1,2,0,-0.08980265101338743,-0.06907033298257026,0.004260997413077421,0.0,-0.493684307854189,-0.4985104219570046,-0.7277886766082735,-0.11111850884408479,-0.3593749999999999,0.0,-0.07134269772804054,0.011353872008471787,0.0,0.07822532620562381,-0.47981014124013766,-0.5803872800120553,-0.5931888839205275,0.29943907710357004,0.32274861218395134,-0.06662505182230852,0.0,0.3406925719346233,-0.09874487717742914,-0.165766129131523,0.1972841037318676,-0.04864494136428136,-0.048047457,-0.48188668344718494,0.3333333333333333,1.0,1.0453201970443349,0.07465618860510806,0.8571428571428571,1.85,0.0009088906026220116,0.02702702702702703,0.000471253534401508,1.0,1.0
0xa1b7865a6c7b67db3654c68dc2de745fd58c08d45a68167c1b714e6801042073,1,0xcc0d449cbbb365a150b3448c3c15fb9b7ea0a1fd,0xa4631a191044096834ce65d1ee86b16b171d8080,2021-10-21 16:07:15+00:00,185705,312099962932,4322495,185705,8.8e+16,1,2.0,117,38,2122,0.017907634307257305,1,4,4,1.0,3,15,94148,59,0xa1b7865a6c7b67db3654c68dc2de745fd58c08d45a68167c1b714e6801042073,1,1,3,2030,0,508,2,4,2.0,1.0,1,2,0,-0.08980265101338743,-0.06907033298257026,0.004260997413077421,0.0,-0.5677757881875265,-0.5792753365547284,-0.7904426604760657,-0.08339432999077025,-0.3593749999999999,0.0,-0.07134269772804054,0.011353872008471787,0.0,0.07822532620562381,-0.7339468685919054,-0.5419544299317939,-0.5537647993607929,0.29943907710357004,0.32274861218395134,-0.06662505182230852,0.0,0.3406925719346233,-0.09874487717742914,-0.02747138878990219,-0.884071441780974,-0.04864494136428136,-0.048047457,-0.5578780654037427,0.3333333333333333,1.0,1.0453201970443349,0.07465618860510806,0.1875,2.0,4.2485846902250684e-05,0.25,0.000471253534401508,1.0,1.0
0x69a84f17acf2ff75c65c4355bc269ede974fe0d3bb8c310093e8c1ea87702820,1,0xdc868ed611f6152fbd571139d029924b2b96d940,0xa4631a191044096834ce65d1ee86b16b171d8080,2021-10-21 16:07:15+00:00,185705,307852962932,5909158,185705,8.8e+16,33,2.0,110,38,2122,0.017907634307257305,1,36,38,0.9473684210526315,13,29,188523,60,0x69a84f17acf2ff75c65c4355bc269ede974fe0d3bb8c310093e8c1ea87702820,1,1,3,2030,0,508,21,4,2.0,1.0,1,2,0,-0.08980265101338743,-0.06907033298257026,0.004260997413077421,0.0,-0.4860196719576368,-0.49606300030252815,-0.5815960475834252,-0.055670151137455694,-0.3593749999999999,0.0,-0.07134269772804054,0.011353872008471787,0.0,0.07822532620562381,-0.46569143416503944,-0.48216999647360936,-0.4894393558116677,0.29943907710357004,0.32274861218395134,-0.06662505182230852,0.0,0.3406925719346233,-0.09874487717742914,-0.11783104451772736,-0.623506948793404,-0.04864494136428136,-0.048047457,-0.47682059131674775,0.3333333333333333,1.0,1.0453201970443349,0.07465618860510806,0.43333333333333335,1.8095238095238095,0.00019095711951793936,0.02631578947368421,0.000471253534401508,1.0,1.0
0xa710867e303ca221a9ce7405d01992524170bc42b404b6b06cc079f35ff0e142,1,0xeaaa433c3ab4f150c713d12732b75c8962169205,0xa4631a191044096834ce65d1ee86b16b171d8080,2021-10-21 16:07:15+00:00,185705,307804462932,6094863,185705,8.8e+16,159,2.0,95,38,2122,0.017907634307257305,1,159,171,0.9298245614035088,50,67,431008,61,0xa710867e303ca221a9ce7405d01992524170bc42b404b6b06cc079f35ff0e142,1,1,3,2030,0,508,47,4,2.0,1.0,1,2,0,-0.08980265101338743,-0.06907033298257026,0.004260997413077421,0.0,-0.17176960019899826,-0.1705559202571567,0.1911364201193446,-0.02794597228414114,-0.3593749999999999,0.0,-0.07134269772804054,0.011353872008471787,0.0,0.07822532620562381,-0.09860505021248593,-0.3198979628013942,-0.32416300954401606,0.29943907710357004,0.32274861218395134,-0.06662505182230852,0.0,0.3406925719346233,-0.09874487717742914,-0.11886293604181485,-0.5930101582523397,-0.04864494136428136,-0.048047457,-0.1576567870992052,0.3333333333333333,1.0,1.0453201970443349,0.07465618860510806,0.7352941176470589,3.6382978723404253,0.0003689018094749762,0.005847953216374269,0.000471253534401508,1.0,1.0
0x0adec75e32c15c8989a354f4bc306bcce68b471f2a09ca4490d792afc6c198ce,1,0x041cd43c8dff91e3e3f86bd1990afaf6801a83ce,0xa4631a191044096834ce65d1ee86b16b171d8080,2021-10-21 16:07:15+00:00,185705,307710372932,7216805,185705,8.8e+16,1012,2.0,88,38,2122,0.017907634307257305,1,982,1040,0.9442307692307692,136,219,1409181,62,0x0adec75e32c15c8989a354f4bc306bcce68b471f2a09ca4490d792afc6c198ce,1,1,3,2030,0,508,209,4,2.0,1.0,1,2,0,-0.08980265101338743,-0.06907033298257026,0.004260997413077421,0.0,1.9308955140884776,1.956253497482902,1.9872172909960528,-0.00022179343082659046,-0.3593749999999999,0.0,-0.07134269772804054,0.011353872008471787,0.0,0.07822532620562381,2.188625495953424,0.3291901718874663,0.34255393978343757,0.29943907710357004,0.32274861218395134,-0.06662505182230852,0.0,0.3406925719346233,-0.09874487717742914,-0.12086480559854455,-0.4087629372662448,-0.04864494136428136,-0.048047457,2.0030315065322535,0.3333333333333333,1.0,1.0453201970443349,0.07465618860510806,0.6181818181818182,4.976076555023924,0.0006968581772971837,0.0009615384615384616,0.000471253534401508,1.0,1.0
0xace0f19d56b8fcc92192b58b6fe3770c5a2bcf9b47e910da44a3cd0b147eaabd,1,0xbac48f43ae6760d9a3660ab8aa0b7218fafee3a2,0xa4631a191044096834ce65d1ee86b16b171d8080,2021-10-21 16:07:15+00:00,185705,353599962932,1775034,185705,8.8e+16,10,2.0,97,38,2122,0.017907634307257305,1,16,16,1.0,6,15,98461,63,0xace0f19d56b8fcc92192b58b6fe3770c5a2bcf9b47e910da44a3cd0b147eaabd,1,1,3,2030,0,508,8,4,2.0,1.0,1,2,0,-0.08980265101338743,-0.06907033298257026,0.004260997413077421,0.0,-0.5371172446013178,-0.5499062767010107,-0.7277886766082735,0.02750238542248796,-0.3593749999999999,0.0,-0.07134269772804054,0.011353872008471787,0.0,0.07822532620562381,-0.6492346261413161,-0.5419544299317939,-0.5508250839909664,0.29943907710357004,0.32274861218395134,-0.06662505182230852,0.0,0.3406925719346233,-0.09874487717742914,0.8554873380065999,-1.3024198143532266,-0.04864494136428136,-0.048047457,-0.5350806508167754,0.3333333333333333,1.0,1.0453201970443349,0.07465618860510806,0.375,2.0,0.00016249923828482054,0.0625,0.000471253534401508,1.0,1.0
0x98672d59f7290427de61775ee8b98e5ec7940a9213aa85275513e7185d7afd9d,1,0x253b50fa695f72861d026a4424d9a0345bfb922a,0xa4631a191044096834ce65d1ee86b16b171d8080,2021-10-21 16:07:15+00:00,185705,307710372932,7490304,185705,8.8e+16,28,2.0,108,38,2122,0.017907634307257305,1,37,37,1.0,22,84,538916,64,0x98672d59f7290427de61775ee8b98e5ec7940a9213aa85275513e7185d7afd9d,1,1,3,2030,0,508,12,4,2.0,1.0,1,2,0,-0.08980265101338743,-0.06907033298257026,0.004260997413077421,0.0,-0.4834647933254528,-0.4985104219570046,-0.3936340959800488,0.05522656427580251,-0.3593749999999999,0.0,-0.07134269772804054,0.011353872008471787,0.0,0.07822532620562381,-0.5927597978409234,-0.24730257931645588,-0.25061355298773524,0.29943907710357004,0.32274861218395134,-0.06662505182230852,0.0,0.3406925719346233,-0.09874487717742914,-0.12086480559854455,-0.363848466917086,-0.04864494136428136,-0.048047457,-0.4894858216428407,0.3333333333333333,1.0,1.0453201970443349,0.07465618860510806,0.25882352941176473,3.0833333333333335,6.865621236665386e-05,0.02702702702702703,0.000471253534401508,1.0,1.0
0x6153af79434f49bc058fc8d893e120b8caf8e6f16f7997c5d7c3c04a5beb4542,1,0x81359965fcbcec95d61b01bef8f84469dbae123f,0xa4631a191044096834ce65d1ee86b16b171d8080,2021-10-21 16:07:15+00:00,185705,305599962932,10308110,185705,8.8e+16,362,2.0,122,38,2122,0.017907634307257305,1,367,371,0.9892183288409704,93,419,2712054,65,0x6153af79434f49bc058fc8d893e120b8caf8e6f16f7997c5d7c3c04a5beb4542,2,1,3,2030,0,508,89,4,2.0,1.0,1,2,0,-0.08980265101338743,-0.06907033298257026,0.004260997413077421,0.0,0.3596451552952848,0.3189284106381387,1.0891768555576986,0.08295074312911706,1.59375,0.0,-0.07134269772804054,0.011353872008471787,0.0,0.07822532620562381,0.4943806469416389,1.183253507004388,1.2305844946250735,0.29943907710357004,0.32274861218395134,-0.06662505182230852,0.0,0.3406925719346233,-0.09874487717742914,-0.165766129131523,0.09889642076689774,-0.04864494136428136,-0.048047457,0.356551564140169,0.3333333333333333,1.0,1.0453201970443349,0.07465618860510806,0.22142857142857142,4.168539325842697,0.00013532173941900147,0.005390835579514825,0.000942507068803016,2.0,1.0
0xb8d227969e26d8bd867b099d286e63b63c2fd0842cdb5286f4d70720eebb57d6,1,0x733d23bca528ebc5758884fe0bd27219060ee8e7,0xa4631a191044096834ce65d1ee86b16b171d8080,2021-10-21 16:07:15+00:00,185705,307710372932,8012287,185705,8.8e+16,9,2.0,107,38,2122,0.017907634307257305,1,17,17,1.0,5,15,98052,66,0xb8d227969e26d8bd867b099d286e63b63c2fd0842cdb5286f4d70720eebb57d6,1,1,3,2030,0,508,8,4,2.0,1.0,1,2,0,-0.08980265101338743,-0.06907033298257026,0.004260997413077421,0.0,-0.5345623659691339,-0.5474588550465341,-0.7486733378975376,0.1106749219824316,-0.3593749999999999,0.0,-0.07134269772804054,0.011353872008471787,0.0,0.07822532620562381,-0.6492346261413161,-0.5419544299317939,-0.5511038559794336,0.29943907710357004,0.32274861218395134,-0.06662505182230852,0.0,0.3406925719346233,-0.09874487717742914,-0.12086480559854455,-0.27812753200959095,-0.04864494136428136,-0.048047457,-0.537613696881994,0.3333333333333333,1.0,1.0453201970443349,0.07465618860510806,0.3125,2.125,0.00017337562338735175,0.058823529411764705,0.000471253534401508,1.0,1.0
0x6e6227fcbdbf125a6cc77939f157edf0cfce2f951eee16ce6629d31daf54b517,1,0xe79699fd835b3eeef3aa84a032f6dff72cc28114,0xa4631a191044096834ce65d1ee86b16b171d8080,2021-10-21 16:07:15+00:00,94528,420000000000,642729,84928,0.0,73,,104,38,2122,0.017907634307257305,1,73,79,0.9240506329113924,26,62,401756,67,0x6e6227fcbdbf125a6cc77939f157edf0cfce2f951eee16ce6629d31daf54b517,2,1,1,2030,0,508,33,2,0.0,0.0,1,0,0,-0.08980265101338743,-0.06907033298257026,0.004260997413077421,0.0,-0.39148916256682686,-0.3957187124689926,-0.31009545082299256,0.13839910083574616,1.59375,0.0,-0.2462022509830419,0.011353872008471787,0.0,0.07822532620562381,-0.2962669492638609,-0.34124954617931724,-0.3441010002693036,-2.819717976058615,-2.9047375096555625,-0.28578640650095494,0.0,-2.935197542821371,-0.23219390842767304,2.2682220895439933,-1.4883688648020557,-0.3253935281147946,-0.5100418,-0.3754987487080041,1.0,1.0,1.0453201970443349,0.07465618860510806,0.4126984126984127,2.393939393939394,0.00018170187451618764,0.02531645569620253,0.000942507068803016,2.0,1.0
0x18ca8e4f178b066f3239bb6f07f428d8c036083a1316f887c71079f5fdad6ea6,1,0x809a84b52ecafcb2e8bca85aec951f478ab5234b,0xa4631a191044096834ce65d1ee86b16b171d8080,2021-10-21 16:07:15+00:00,185705,307710372932,6799073,185705,8.8e+16,170,2.0,84,38,2122,0.017907634307257305,1,192,194,0.9896907216494846,75,221,1425493,68,0x18ca8e4f178b066f3239bb6f07f428d8c036083a1316f887c71079f5fdad6ea6,1,1,3,2030,0,508,73,4,2.0,1.0,1,2,0,-0.08980265101338743,-0.06907033298257026,0.004260997413077421,0.0,-0.08745860533692451,-0.11426522220419774,0.7132529523509459,0.1661232796890607,-0.3593749999999999,0.0,-0.07134269772804054,0.011353872008471787,0.0,0.07822532620562381,0.26848133374006755,0.33773080523863547,0.3536721028051417,0.29943907710357004,0.32274861218395134,-0.06662505182230852,0.0,0.3406925719346233,-0.09874487717742914,-0.12086480559854455,-0.47736359587155897,-0.04864494136428136,-0.048047457,-0.12979328038180066,0.3333333333333333,1.0,1.0453201970443349,0.07465618860510806,0.33783783783783783,2.6575342465753424,0.0001346901495200962,0.005154639175257732,0.000471253534401508,1.0,1.0
0x66fa371dc8eb51a25f84fb40aa94a04262d9c2d913f1da8d4fe6bbd4832bf985,1,0xcc3e42c55a9874cec685fb88c107dc77a50eed9b,0xa4631a191044096834ce65d1ee86b16b171d8080,2021-10-21 16:07:15+00:00,185788,308099962932,5069116,185705,8.8e+16,335,2.0,103,38,2122,0.017907634307257305,1,349,361,0.9667590027700831,109,194,1249472,69,0x66fa371dc8eb51a25f84fb40aa94a04262d9c2d913f1da8d4fe6bbd4832bf985,1,1,3,2030,0,508,118,4,2.0,1.0,1,2,0,-0.08980265101338743,-0.06907033298257026,0.004260997413077421,0.0,0.31365733991597183,0.2944541940933739,1.4233314361859235,0.19384745854237526,-0.3593749999999999,0.0,-0.07134269772804054,0.011353872008471787,0.0,0.07822532620562381,0.9038231521194869,0.22243225499785108,0.23369722705456622,0.29943907710357004,0.32274861218395134,-0.06662505182230852,0.0,0.3406925719346233,-0.09862339621629014,-0.11257584438474577,-0.761460072940286,-0.04864494136428136,-0.048047457,0.288159320379267,0.3333333333333333,1.0,1.0453201970443349,0.07465618860510806,0.558974358974359,3.059322033898305,0.00027931776036777103,0.002770083102493075,0.000471253534401508,1.0,1.0
0xe8107d082d1512693dc73e953bbf8098b95ac1c6ea5e7f442cce2edb7ee653d2,1,0x61e22b2f0a51564717a2a400c1f6acf02cb41a88,0xa4631a191044096834ce65d1ee86b16b171d8080,2021-10-21 16:07:15+00:00,46703,304349890447,11513865,46703,0.0,95,2.0,118,38,2122,0.017907634307257305,1,104,112,0.9285714285714286,23,55,356900,70,0xe8107d082d1512693dc73e953bbf8098b95ac1c6ea5e7f442cce2edb7ee653d2,2,1,1,2030,0,508,14,2,0.0,0.0,1,0,0,-0.08980265101338743,-0.06907033298257026,0.004260997413077421,0.0,-0.31228792496912117,-0.31495379787126887,-0.37274943469078475,0.2215716373956898,1.59375,0.0,-0.2462022509830419,0.011353872008471787,0.0,0.07822532620562381,-0.5645223836907269,-0.3711417629084095,-0.3746745853907824,-2.819717976058615,-2.9047375096555625,-0.28578640650095494,0.0,-2.935197542821371,-0.3021918236863777,-0.19236281370402758,0.29690755497890586,-0.43036504670076525,-0.5100418,-0.3197717352731951,1.0,1.0,1.0453201970443349,0.07465618860510806,0.4107142857142857,8.0,0.0002913973342747709,0.017857142857142856,0.000942507068803016,2.0,1.0
0x25c131c8382dd57fb048fe3e94601dac146556db2f3c7e4eae35ef664273fcf8,1,0x19d74f3ab452b027c0ff27612f611477f0a3b1ad,0xa4631a191044096834ce65d1ee86b16b171d8080,2021-10-21 16:07:23+00:00,185705,360836025328,455410,185705,8.8e+16,7,2.0,75,39,2139,0.0182328190743338,1,15,17,0.8823529411764706,7,76,490511,71,0x25c131c8382dd57fb048fe3e94601dac146556db2f3c7e4eae35ef664273fcf8,1,1,3,2043,0,509,8,4,2.0,1.0,1,2,0,-0.08980265101338743,0.22864661952850932,0.09132464647837384,0.0,-0.5396721232335019,-0.5474588550465341,-0.7069040153190095,0.24929581624900435,-0.3593749999999999,0.0,-0.07134269772804054,0.08124039478788829,0.0,0.10060099159624858,-0.6492346261413161,-0.2814651127211327,-0.28360611558371307,0.29943907710357004,0.32274861218395134,-0.06662505182230852,0.0,0.3406925719346233,-0.09874487717742914,1.0094426257220748,-1.5191307091646824,-0.04864494136428136,-0.048047457,-0.5426797890124312,0.3333333333333333,1.0,1.0469897209985315,0.07647058823529412,0.09090909090909091,2.125,3.0580291613660826e-05,0.058823529411764705,0.0004675081813931744,1.0,1.0
0xb1ecd74ab8096148796f3635e42f3ca50d0ebf597a7c9a14e8b94c368a48e2cf,1,0x783cd2a49c9d39e67304a4440aad05552b9fc5ba,0xa4631a191044096834ce65d1ee86b16b171d8080,2021-10-21 16:07:23+00:00,185705,297586025328,8840795,185705,8.8e+16,134,2.0,71,39,2139,0.0182328190743338,1,145,153,0.9477124183006536,56,398,2577658,72,0xb1ecd74ab8096148796f3635e42f3ca50d0ebf597a7c9a14e8b94c368a48e2cf,1,1,3,2043,0,509,49,4,2.0,1.0,1,2,0,-0.08980265101338743,0.22864661952850932,0.09132464647837384,0.0,-0.207537901049575,-0.2146095100377333,0.3164443878549289,0.2770199951023189,-0.3593749999999999,0.0,-0.07134269772804054,0.08124039478788829,0.0,0.10060099159624858,-0.0703676360622895,1.0935768568171111,1.1389809734464962,0.29943907710357004,0.32274861218395134,-0.06662505182230852,0.0,0.3406925719346233,-0.09874487717742914,-0.3362715783713893,-0.14206854093451982,-0.04864494136428136,-0.048047457,-0.22098293872966998,0.3333333333333333,1.0,1.0469897209985315,0.07647058823529412,0.14035087719298245,3.122448979591837,5.625259198365649e-05,0.006535947712418301,0.0004675081813931744,1.0,1.0
0x183e6c9c6c77a54fbfadcf85eceb68c45b4a36001b7992c24fa607949c548412,1,0xc84db6cd735a8edfc6adca338e8f370cf8809fd9,0xa4631a191044096834ce65d1ee86b16b171d8080,2021-10-21 16:07:23+00:00,185705,300000000000,8033699,185705,8.8e+16,167,,64,39,2139,0.0182328190743338,1,203,205,0.9902439024390244,28,42,273359,73,0x183e6c9c6c77a54fbfadcf85eceb68c45b4a36001b7992c24fa607949c548412,1,1,3,2043,0,509,28,4,2.0,1.0,1,2,0,-0.08980265101338743,0.22864661952850932,0.09132464647837384,0.0,-0.05935494038289992,-0.08734358400495648,-0.2683261282444645,0.30474417395563347,-0.3593749999999999,0.0,-0.07134269772804054,0.08124039478788829,0.0,0.10060099159624858,-0.36686048463935195,-0.42665587969100943,-0.431615638418994,0.29943907710357004,0.32274861218395134,-0.06662505182230852,0.0,0.3406925719346233,-0.09874487717742914,-0.28491157830131403,-0.2746112169988736,-0.04864494136428136,-0.048047457,-0.13739241857745643,0.3333333333333333,1.0,1.0469897209985315,0.07647058823529412,0.6511627906976745,7.321428571428571,0.0007426104770266315,0.004878048780487805,0.0004675081813931744,1.0,1.0
0x87a19ecb782d2ca56ebf297fe00d7a9af3b5c5976b3c388d37db0c162fa55392,1,0xb313c408e326dd8600ab35434e6bb281519cf505,0xa4631a191044096834ce65d1ee86b16b171d8080,2021-10-21 16:07:23+00:00,46703,299540525328,8194977,46703,0.0,56,2.0,73,39,2139,0.0182328190743338,1,67,69,0.9710144927536232,21,54,347478,74,0x87a19ecb782d2ca56ebf297fe00d7a9af3b5c5976b3c388d37db0c162fa55392,2,1,1,2043,0,509,22,2,0.0,0.0,1,0,0,-0.08980265101338743,0.22864661952850932,0.09132464647837384,0.0,-0.40681843435993115,-0.4201929290137574,-0.4145187572693128,0.332468352808948,1.59375,0.0,-0.2462022509830419,0.08124039478788829,0.0,0.10060099159624858,-0.45157272708994123,-0.37541207958399414,-0.3810965650370855,-2.819717976058615,-2.9047375096555625,-0.28578640650095494,0.0,-2.935197542821371,-0.3021918236863777,-0.2946874137563589,-0.2481258698898471,-0.43036504670076525,-0.5100418,-0.41856053181672015,1.0,1.0,1.0469897209985315,0.07647058823529412,0.38181818181818183,3.1363636363636362,0.00019281740767067938,0.028985507246376812,0.0009350163627863488,2.0,1.0
0x7ab35ce6a6d98180949cf0984c36922fb4c3bab364d688f649d35a567a1d7683,1,0xf8709ee6a525be2e3419aa652ca25521c33f4c35,0xa4631a191044096834ce65d1ee86b16b171d8080,2021-10-21 16:07:23+00:00,185705,299446435328,8401682,185705,8.8e+16,28,2.0,74,39,2139,0.0182328190743338,1,32,33,0.9696969696969697,19,62,402798,75,0x7ab35ce6a6d98180949cf0984c36922fb4c3bab364d688f649d35a567a1d7683,1,1,3,2043,0,509,15,4,2.0,1.0,1,2,0,-0.08980265101338743,0.22864661952850932,0.09132464647837384,0.0,-0.49623918648637305,-0.5083001085749106,-0.4562880798478409,0.36019253166226256,-0.3593749999999999,0.0,-0.07134269772804054,0.08124039478788829,0.0,0.10060099159624858,-0.5504036766156287,-0.34124954617931724,-0.3433907792131109,0.29943907710357004,0.32274861218395134,-0.06662505182230852,0.0,0.3406925719346233,-0.09874487717742914,-0.2966892833130886,-0.2141804236778943,-0.04864494136428136,-0.048047457,-0.4894858216428407,0.3333333333333333,1.0,1.0469897209985315,0.07647058823529412,0.30158730158730157,2.2,7.944408998036242e-05,0.030303030303030304,0.0004675081813931744,1.0,1.0
0x35d25997516492e287f2dba02cbe7828e8fbf8f0daa2c0efff57409da26d5282,1,0x22f95c8bd456b565bdb1917aba5b0611c105ad5a,0xa4631a191044096834ce65d1ee86b16b171d8080,2021-10-21 16:07:23+00:00,46703,297261025328,9550583,46703,0.0,373,2.0,68,39,2139,0.0182328190743338,1,358,404,0.8861386138613861,38,48,307821,76,0x35d25997516492e287f2dba02cbe7828e8fbf8f0daa2c0efff57409da26d5282,2,1,1,2043,0,509,90,2,0.0,0.0,1,0,0,-0.08980265101338743,0.22864661952850932,0.09132464647837384,0.0,0.3366512476056283,0.3996933252358625,-0.05947951535182399,0.38791671051557713,1.59375,0.0,-0.2462022509830419,0.08124039478788829,0.0,0.10060099159624858,0.5084993540167372,-0.40103397963750176,-0.4081265424127428,-2.819717976058615,-2.9047375096555625,-0.28578640650095494,0.0,-2.935197542821371,-0.3021918236863777,-0.34318631538847033,-0.025505949918871666,-0.43036504670076525,-0.5100418,0.3844150708575735,1.0,1.0,1.0469897209985315,0.07647058823529412,0.7755102040816326,4.488888888888889,0.0011630097913729364,0.0049504950495049506,0.0009350163627863488,2.0,1.0
0xaa2cf58c752ec19f1cf087670c1d764c5d4291bb7b8efa7e456059a27102c3ec,1,0x811e4327de2dbbcb69a5e35652e0af1a5d3d9e23,0xa4631a191044096834ce65d1ee86b16b171d8080,2021-10-21 16:07:23+00:00,185705,297336025328,9397910,185705,8.8e+16,195,2.0,69,39,2139,0.0182328190743338,1,186,209,0.8899521531100478,76,241,1556941,77,0xaa2cf58c752ec19f1cf087670c1d764c5d4291bb7b8efa7e456059a27102c3ec,1,1,3,2043,0,509,45,4,2.0,1.0,1,2,0,-0.08980265101338743,0.22864661952850932,0.09132464647837384,0.0,-0.10278787713002882,-0.07755389738705058,0.7341376136402099,0.41564088936889165,-0.3593749999999999,0.0,-0.07134269772804054,0.08124039478788829,0.0,0.10060099159624858,-0.12684246436268234,0.42313713875032766,0.4432662845656229,0.29943907710357004,0.32274861218395134,-0.06662505182230852,0.0,0.3406925719346233,-0.09874487717742914,-0.341590606846067,-0.05057816931132695,-0.04864494136428136,-0.048047457,-0.06646712875133587,0.3333333333333333,1.0,1.0469897209985315,0.07647058823529412,0.3140495867768595,4.644444444444445,0.00011946495116709549,0.004784688995215311,0.0004675081813931744,1.0,1.0
0x55d3144e9a28a1a3fed3c2cada2c5bb1466d28b31f8644b4517787958ec4f9ea,1,0xbbd52ca87ef1d4e82536c731884a0d0675fa714c,0xa4631a191044096834ce65d1ee86b16b171d8080,2021-10-21 16:07:23+00:00,185705,299399390328,8655090,185705,8.8e+16,19,2.0,66,39,2139,0.0182328190743338,1,25,25,1.0,7,20,126805,78,0x55d3144e9a28a1a3fed3c2cada2c5bb1466d28b31f8644b4517787958ec4f9ea,1,1,3,2043,0,509,9,4,2.0,1.0,1,2,0,-0.08980265101338743,0.22864661952850932,0.09132464647837384,0.0,-0.5141233369116613,-0.5278794818107224,-0.7069040153190095,0.4433650682222062,-0.3593749999999999,0.0,-0.07134269772804054,0.08124039478788829,0.0,0.10060099159624858,-0.635115919066218,-0.5206028465538708,-0.5315059807119581,0.29943907710357004,0.32274861218395134,-0.06662505182230852,0.0,0.3406925719346233,-0.09874487717742914,-0.2976902180914534,-0.1725653314755841,-0.04864494136428136,-0.048047457,-0.5122832362298081,0.3333333333333333,1.0,1.0469897209985315,0.07647058823529412,0.3333333333333333,2.7777777777777777,0.00019715155434285443,0.04,0.0004675081813931744,1.0,1.0
0x1591f91a8dfd8d749d3b2a169fe0b11cb7010859003d66f4a4cd0ef23dba80a0,1,0x623a3199f6d47e223bb19ddea130f91ff691cc68,0xa4631a191044096834ce65d1ee86b16b171d8080,2021-10-21 16:07:23+00:00,185705,297336025328,9212205,185705,8.8e+16,6,2.0,72,39,2139,0.0182328190743338,1,10,10,1.0,6,62,398378,79,0x1591f91a8dfd8d749d3b2a169fe0b11cb7010859003d66f4a4cd0ef23dba80a0,1,1,3,2043,0,509,6,4,2.0,1.0,1,2,0,-0.08980265101338743,0.22864661952850932,0.09132464647837384,0.0,-0.5524465163944222,-0.5645908066278695,-0.7277886766082735,0.47108924707552075,-0.3593749999999999,0.0,-0.07134269772804054,0.08124039478788829,0.0,0.10060099159624858,-0.6774720402915125,-0.34124954617931724,-0.3464034251520474,0.29943907710357004,0.32274861218395134,-0.06662505182230852,0.0,0.3406925719346233,-0.09874487717742914,-0.341590606846067,-0.08107495985239123,-0.04864494136428136,-0.048047457,-0.5452128350776497,0.3333333333333333,1.0,1.0469897209985315,0.07647058823529412,0.09523809523809523,1.6666666666666667,2.510172473950685e-05,0.1,0.0004675081813931744,1.0,1.0
0x3f628aa1d6df2681dcaeb0285b891287a5027097766ed64936bb4c44ccf3814a,1,0x24c543cf605ed0205188d59f078be88495d4fa46,0xa4631a191044096834ce65d1ee86b16b171d8080,2021-10-21 16:07:23+00:00,46703,297000000000,9639286,46703,0.0,652,,65,39,2139,0.0182328190743338,1,647,694,0.9322766570605188,62,70,452350,80,0x3f628aa1d6df2681dcaeb0285b891287a5027097766ed64936bb4c44ccf3814a,2,1,1,2043,0,509,162,2,0.0,0.0,1,0,0,-0.08980265101338743,0.22864661952850932,0.09132464647837384,0.0,1.0750111723068199,1.1094456050340409,0.4417523555905132,0.4988134259288353,1.59375,0.0,-0.2462022509830419,0.08124039478788829,0.0,0.10060099159624858,1.5250462634238082,-0.3070870127746404,-0.30961642818003804,-2.819717976058615,-2.9047375096555625,-0.28578640650095494,0.0,-2.935197542821371,-0.3021918236863777,-0.3487399199974467,-0.010938992586737232,-0.43036504670076525,-0.5100418,1.0911349230535605,1.0,1.0,1.0469897209985315,0.07647058823529412,0.8732394366197183,4.283950617283951,0.0014303052275776995,0.002881844380403458,0.0009350163627863488,2.0,1.0
0x5d287e159bd690a9312c4b2adabf770e8921c6c3c52c0cc1029c93707d58eae0,1,0x94ef50afac9c04572813f36fb8d676eb400de278,0xa4631a191044096834ce65d1ee86b16b171d8080,2021-10-21 16:07:23+00:00,185705,297336025328,9026500,185705,8.8e+16,1606,2.0,76,39,2139,0.0182328190743338,1,1531,1649,0.9284414796846574,144,162,1045475,81,0x5d287e159bd690a9312c4b2adabf770e8921c6c3c52c0cc1029c93707d58eae0,1,1,3,2043,0,509,332,4,2.0,1.0,1,2,0,-0.08980265101338743,0.22864661952850932,0.09132464647837384,0.0,3.3335238831575227,3.4467332850590764,2.154294581310165,0.5265376047821498,-0.3593749999999999,0.0,-0.07134269772804054,0.08124039478788829,0.0,0.10060099159624858,3.9252264661905043,0.0857821213791436,0.09465407465519252,0.29943907710357004,0.32274861218395134,-0.06662505182230852,0.0,0.3406925719346233,-0.09874487717742914,-0.341590606846067,-0.11157175039345552,-0.04864494136428136,-0.048047457,3.5076608692720974,0.3333333333333333,1.0,1.0469897209985315,0.07647058823529412,0.8834355828220859,4.966867469879518,0.0014644047304768354,0.0006064281382656155,0.0004675081813931744,1.0,1.0
0xb51658ce53c9518cb93fca1a0abbc4aab1b82c19a5a6469b51d8e947d216d231,1,0x742607a6ea0e4d102e839c99a8295b4ec6829902,0xa4631a191044096834ce65d1ee86b16b171d8080,2021-10-21 16:07:23+00:00,185705,301000000000,1702884,185705,8.8e+16,1,,63,39,2139,0.0182328190743338,1,3,3,1.0,2,15,93809,82,0xb51658ce53c9518cb93fca1a0abbc4aab1b82c19a5a6469b51d8e947d216d231,1,1,3,2043,0,509,2,4,2.0,1.0,1,2,0,-0.08980265101338743,0.22864661952850932,0.09132464647837384,0.0,-0.5703306668197106,-0.5817227582092048,-0.8113273217653297,0.5542617836354644,-0.3593749999999999,0.0,-0.07134269772804054,0.08124039478788829,0.0,0.10060099159624858,-0.7339468685919054,-0.5419544299317939,-0.5539958597619918,0.29943907710357004,0.32274861218395134,-0.06662505182230852,0.0,0.3406925719346233,-0.09874487717742914,-0.2636354644026031,-1.3142684099082078,-0.04864494136428136,-0.048047457,-0.5578780654037427,0.3333333333333333,1.0,1.0469897209985315,0.07647058823529412,0.125,1.5,3.197953309881676e-05,0.3333333333333333,0.0004675081813931744,1.0,1.0
0x6b5ddf95ddb5ade44e877503c6412f3624a0e76275f7bee3d7ab353cabc6685a,1,0xdda5459eb8945908471ef76a59c38b4921c53411,0xa4631a191044096834ce65d1ee86b16b171d8080,2021-10-21 16:07:23+00:00,250000,370000000000,269705,185705,8.8e+16,222,,78,39,2139,0.0182328190743338,1,229,250,0.916,44,55,354081,83,0x6b5ddf95ddb5ade44e877503c6412f3624a0e76275f7bee3d7ab353cabc6685a,1,1,3,2043,0,509,71,4,2.0,1.0,1,2,0,-0.08980265101338743,0.22864661952850932,0.09132464647837384,0.0,0.007071904053885461,0.022790390446484985,0.06582845238376031,0.581985962488779,-0.3593749999999999,0.0,-0.07134269772804054,0.08124039478788829,0.0,0.10060099159624858,0.24024391958987112,-0.3711417629084095,-0.3765959991694842,0.29943907710357004,0.32274861218395134,-0.06662505182230852,0.0,0.3406925719346233,-0.004641041075841771,1.2044163946084485,-1.5496274997057469,-0.04864494136428136,-0.048047457,0.0019251150095661068,0.3333333333333333,1.0,1.0469897209985315,0.07647058823529412,0.7857142857142857,3.5211267605633805,0.0006467428448777402,0.004,0.0004675081813931744,1.0,1.0
0x025793e1d044b31ab14ebf474b794e4489b6bc63143707b7052d43a5012c08ea,1,0x5d1ee30dff0070630d52cb74acfafa8f80c1709b,0xa4631a191044096834ce65d1ee86b16b171d8080,2021-10-21 16:07:23+00:00,185693,309836025328,1310474,185693,8.8e+16,55,2.0,79,39,2139,0.0182328190743338,1,63,67,0.9402985074626866,28,128,821852,84,0x025793e1d044b31ab14ebf474b794e4489b6bc63143707b7052d43a5012c08ea,1,1,3,2043,0,509,27,4,2.0,1.0,1,2,0,-0.08980265101338743,0.22864661952850932,0.09132464647837384,0.0,-0.41703794888866735,-0.42508777232271033,-0.2683261282444645,0.6097101413420936,-0.3593749999999999,0.0,-0.07134269772804054,0.08124039478788829,0.0,0.10060099159624858,-0.38097919171445016,-0.0594086455907331,-0.05776604362598389,0.29943907710357004,0.32274861218395134,-0.06662505182230852,0.0,0.3406925719346233,-0.09876244068988296,-0.07563918311218083,-1.378710646661225,-0.04867789514382437,-0.048047457,-0.42109357788193874,0.3333333333333333,1.0,1.0469897209985315,0.07647058823529412,0.21705426356589147,2.4814814814814814,7.665604432909535e-05,0.014925373134328358,0.0004675081813931744,1.0,1.0
0x680129ef0f19d2785a3c403bff2ba22e75bc288d9e3e599df2440f9831a7b846,1,0x86a58e431a05d7cbd2798dd5f10c54123f9c17db,0xa4631a191044096834ce65d1ee86b16b171d8080,2021-10-21 16:07:23+00:00,46703,299446435328,8448385,46703,0.0,323,2.0,67,39,2139,0.0182328190743338,1,328,338,0.9704142011834319,76,913,5842129,85,0x680129ef0f19d2785a3c403bff2ba22e75bc288d9e3e599df2440f9831a7b846,2,1,1,2043,0,509,83,2,0.0,0.0,1,0,0,-0.08980265101338743,0.22864661952850932,0.09132464647837384,0.0,0.26000488864010673,0.23816349604041498,0.7341376136402099,0.637434320195408,1.59375,0.0,-0.2462022509830419,0.08124039478788829,0.0,0.10060099159624858,0.4096684044910497,3.2927899447431845,3.3640251591763644,-2.819717976058615,-2.9047375096555625,-0.28578640650095494,0.0,-2.935197542821371,-0.3021918236863777,-0.2966892833130886,-0.2065107776875369,-0.43036504670076525,-0.5100418,0.2577627675966439,1.0,1.0,1.0469897209985315,0.07647058823529412,0.08315098468271334,4.072289156626506,5.614390641769355e-05,0.005917159763313609,0.0009350163627863488,2.0,1.0
0x64d069706cd1ff17f6bf88fde24cb5dc1bba8709a95800b0de5291f9b7187207,1,0x4e626e64b44a9f299da9cb006320297f870a8397,0xa4631a191044096834ce65d1ee86b16b171d8080,2021-10-21 16:07:23+00:00,278539,300939831384,1888577,185693,8.8e+16,320,2.0,70,39,2139,0.0182328190743338,1,341,369,0.924119241192412,46,191,1228577,86,0x64d069706cd1ff17f6bf88fde24cb5dc1bba8709a95800b0de5291f9b7187207,1,1,3,2043,0,509,80,4,2.0,1.0,1,2,0,-0.08980265101338743,0.22864661952850932,0.09132464647837384,0.0,0.2932183108584994,0.31403356732918575,0.10759777496228841,0.6651584990487226,-0.3593749999999999,0.0,-0.07134269772804054,0.08124039478788829,0.0,0.10060099159624858,0.36731228326575505,0.20962130497109724,0.21945531825500095,0.29943907710357004,0.32274861218395134,-0.06662505182230852,0.0,0.3406925719346233,0.037129382417481226,-0.26491561872974695,-1.283773590027527,-0.04867789514382437,-0.048047457,0.25016362940098813,0.3333333333333333,1.0,1.0469897209985315,0.07647058823529412,0.23958333333333334,4.6125,0.00027755665492952016,0.0027100271002710027,0.0004675081813931744,1.0,1.0
0x2e46627d74b876bf906b30ea897be1fd9a90333ce5c2ccd65ed9b37866365c3e,1,0x9e31268c5aeb44b637e060cd284d14e91c7460b8,0xa4631a191044096834ce65d1ee86b16b171d8080,2021-10-21 16:07:23+00:00,185705,301000000000,1517179,185705,8.8e+16,1,,77,39,2139,0.0182328190743338,1,3,3,1.0,2,15,93820,87,0x2e46627d74b876bf906b30ea897be1fd9a90333ce5c2ccd65ed9b37866365c3e,1,1,3,2043,0,509,2,4,2.0,1.0,1,2,0,-0.08980265101338743,0.22864661952850932,0.09132464647837384,0.0,-0.5703306668197106,-0.5817227582092048,-0.8113273217653297,0.6928826779020372,-0.3593749999999999,0.0,-0.07134269772804054,0.08124039478788829,0.0,0.10060099159624858,-0.7339468685919054,-0.5419544299317939,-0.5539883622268498,0.29943907710357004,0.32274861218395134,-0.06662505182230852,0.0,0.3406925719346233,-0.09874487717742914,-0.2636354644026031,-1.344765200449272,-0.04864494136428136,-0.048047457,-0.5578780654037427,0.3333333333333333,1.0,1.0469897209985315,0.07647058823529412,0.125,1.5,3.197578367316486e-05,0.3333333333333333,0.0004675081813931744,1.0,1.0
0x6295835533a9c5d7c06cf0a18fd9b2ce2c6d21d91814e8c8eedb0b4418f38182,1,0x1a9aee029a1b8c69c4404890c85715cc726746c7,0xa4631a191044096834ce65d1ee86b16b171d8080,2021-10-21 16:07:27+00:00,185705,284193393173,20876831,185705,8.8e+16,39,2.0,35,40,2200,0.01818181818181818,1,44,45,0.9777777777777777,25,386,2500280,88,0x6295835533a9c5d7c06cf0a18fd9b2ce2c6d21d91814e8c8eedb0b4418f38182,1,1,3,2098,0,510,16,4,2.0,1.0,1,2,0,-0.08980265101338743,0.526363572039589,0.4037295048891433,0.0,-0.4655806429001644,-0.47893104872119285,-0.33098011211225664,0.7206068567553517,-0.3593749999999999,0.0,-0.07134269772804054,0.3769141450084965,0.0,0.12297665698687336,-0.5362849695405305,1.042333056710096,1.0862405848802,0.29943907710357004,0.32274861218395134,-0.06662505182230852,0.0,0.3406925719346233,-0.09874487717742914,-0.6212147455047072,1.8345097355615856,-0.04864494136428136,-0.048047457,-0.4616223149254362,0.3333333333333333,1.0,1.0486177311725453,0.07827788649706457,0.06459948320413436,2.8125,1.7598021982329185e-05,0.022222222222222223,0.00045454545454545455,1.0,1.0
0x1d8b26e41e4fbf26da049a388e0053deeb7d52404d39b4226947a6d4d9cc2c04,1,0x00d29fbc981d05edba69bc0909e391a132271357,0xa4631a191044096834ce65d1ee86b16b171d8080,2021-10-21 16:07:27+00:00,185693,291904993229,9875316,185693,8.8e+16,1634,,41,40,2200,0.01818181818181818,1,1726,1745,0.9891117478510029,201,236,1525924,89,0x1d8b26e41e4fbf26da049a388e0053deeb7d52404d39b4226947a6d4d9cc2c04,2,1,3,2098,0,510,291,4,2.0,1.0,1,2,0,-0.08980265101338743,0.526363572039589,0.4037295048891433,0.0,3.831725216433413,3.681685763888818,3.344720274798216,0.7483310356086662,1.59375,0.0,-0.07134269772804054,0.3769141450084965,0.0,0.12297665698687336,3.3463594761114774,0.4017855553724046,0.42212528024707224,0.29943907710357004,0.32274861218395134,-0.06662505182230852,0.0,0.3406925719346233,-0.09876244068988296,-0.4571418643719459,0.027822254937063442,-0.04867789514382437,-0.048047457,3.5785861590982178,0.3333333333333333,1.0,1.0486177311725453,0.07827788649706457,0.8481012658227848,5.9965635738831615,0.001131117191211888,0.001146131805157593,0.0009090909090909091,2.0,1.0
0x44fee425a66902f0e2da11869ebc8ab0f6cd2c846a4e48a4c7e6eec4aa476c3b,1,0x54f511ee85dde3c44048f7908543a95844d90f68,0xa4631a191044096834ce65d1ee86b16b171d8080,2021-10-21 16:07:27+00:00,185705,284193393173,18179666,185705,8.8e+16,10,2.0,7,40,2200,0.01818181818181818,1,14,14,1.0,7,59,379281,90,0x44fee425a66902f0e2da11869ebc8ab0f6cd2c846a4e48a4c7e6eec4aa476c3b,1,1,3,2098,0,510,6,4,2.0,1.0,1,2,0,-0.08980265101338743,0.526363572039589,0.4037295048891433,0.0,-0.542227001865686,-0.5548011200099636,-0.7069040153190095,0.7760552144619808,-0.3593749999999999,0.0,-0.07134269772804054,0.3769141450084965,0.0,0.12297665698687336,-0.6774720402915125,-0.3540604962060711,-0.3594198277529231,0.29943907710357004,0.32274861218395134,-0.06662505182230852,0.0,0.3406925719346233,-0.09874487717742914,-0.6212147455047072,1.3915767178200618,-0.04864494136428136,-0.048047457,-0.5350806508167754,0.3333333333333333,1.0,1.0486177311725453,0.07827788649706457,0.11666666666666667,2.3333333333333335,3.691184923091526e-05,0.07142857142857142,0.00045454545454545455,1.0,1.0
0x153976a97018356a1c038d2128ded9aef032406a5fbede2830c3ceda4d2c3fd2,1,0x43cb53411d4161ca17da36f5a3a07c4384075629,0xa4631a191044096834ce65d1ee86b16b171d8080,2021-10-21 16:07:27+00:00,278557,282693393173,23323247,185705,8.8e+16,13,2.0,19,40,2200,0.01818181818181818,1,22,22,1.0,11,48,306959,91,0x153976a97018356a1c038d2128ded9aef032406a5fbede2830c3ceda4d2c3fd2,1,1,3,2098,0,510,8,4,2.0,1.0,1,2,0,-0.08980265101338743,0.526363572039589,0.4037295048891433,0.0,-0.5217879728082135,-0.5352217467741518,-0.6233653701619534,0.8037793933152954,-0.3593749999999999,0.0,-0.07134269772804054,0.3769141450084965,0.0,0.12297665698687336,-0.6492346261413161,-0.40103397963750176,-0.40871407653024583,0.29943907710357004,0.32274861218395134,-0.06662505182230852,0.0,0.3406925719346233,0.03715572768616197,-0.6531289163527736,2.236264326597413,-0.04864494136428136,-0.048047457,-0.5274815126211196,0.3333333333333333,1.0,1.0486177311725453,0.07827788649706457,0.22448979591836735,2.75,7.167057597081053e-05,0.045454545454545456,0.00045454545454545455,1.0,1.0
0xb962f1d4b94417b860462ae39d607ffc9ea3059df696b755ab8922bff36ab6e8,1,0x914cd0594efadba0ddabf56ee2e89317bb6d9b93,0xa4631a191044096834ce65d1ee86b16b171d8080,2021-10-21 16:07:27+00:00,185705,284193393173,16437775,185705,8.8e+16,305,2.0,34,40,2200,0.01818181818181818,1,316,343,0.9212827988338192,52,74,479218,92,0xb962f1d4b94417b860462ae39d607ffc9ea3059df696b755ab8922bff36ab6e8,1,1,3,2098,0,510,52,4,2.0,1.0,1,2,0,-0.08980265101338743,0.526363572039589,0.4037295048891433,0.0,0.2293463450538981,0.25040060431279737,0.2329057426978727,0.8315035721686099,-0.3593749999999999,0.0,-0.07134269772804054,0.3769141450084965,0.0,0.12297665698687336,-0.028011514836994874,-0.29000574607230195,-0.2913033577982855,0.29943907710357004,0.32274861218395134,-0.06662505182230852,0.0,0.3406925719346233,-0.09874487717742914,-0.6212147455047072,1.1055204190000785,-0.04864494136428136,-0.048047457,0.21216793842270923,0.3333333333333333,1.0,1.0486177311725453,0.07827788649706457,0.6933333333333334,6.596153846153846,0.0006594062422399779,0.0029154518950437317,0.00045454545454545455,1.0,1.0
0x255c065b65bf2c8d1ed1a4e4a220ccd644fe7ddcc5e116fb519389b642064540,1,0x80d2a59204a36eef6d3266c86dee53590ea06d32,0xa4631a191044096834ce65d1ee86b16b171d8080,2021-10-21 16:07:27+00:00,278557,293158897277,8972635,185705,8.8e+16,96,,42,40,2200,0.01818181818181818,1,109,114,0.956140350877193,35,79,512025,93,0x255c065b65bf2c8d1ed1a4e4a220ccd644fe7ddcc5e116fb519389b642064540,1,1,3,2098,0,510,38,4,2.0,1.0,1,2,0,-0.08980265101338743,0.526363572039589,0.4037295048891433,0.0,-0.29951353180820095,-0.3100589545623159,-0.12213349921961614,0.8592277510219245,-0.3593749999999999,0.0,-0.07134269772804054,0.3769141450084965,0.0,0.12297665698687336,-0.22567341388836984,-0.2686541626943789,-0.2689423000338759,0.29943907710357004,0.32274861218395134,-0.06662505182230852,0.0,0.3406925719346233,0.03715572768616197,-0.43046365902864325,-0.12041755218928454,-0.04864494136428136,-0.048047457,-0.3172386892079765,0.3333333333333333,1.0,1.0486177311725453,0.07827788649706457,0.4375,3.0,0.00021287981469690992,0.008771929824561403,0.00045454545454545455,1.0,1.0
0xecdf0b23174ef143003cd4282c5ccc497cd164fe89c7089a1d5c5cf073197238,1,0xb313c408e326dd8600ab35434e6bb281519cf505,0xa4631a191044096834ce65d1ee86b16b171d8080,2021-10-21 16:07:27+00:00,46703,284118393173,22141300,26803,0.0,57,2.0,12,40,2200,0.01818181818181818,1,68,70,0.9714285714285714,21,54,347479,94,0xecdf0b23174ef143003cd4282c5ccc497cd164fe89c7089a1d5c5cf073197238,3,1,1,2098,0,510,22,2,0.0,0.0,1,0,0,-0.08980265101338743,0.526363572039589,0.4037295048891433,0.0,-0.4042635557277471,-0.4177455073592809,-0.4145187572693128,0.886951929875239,3.546875,0.0,-0.2462022509830419,0.3769141450084965,0.0,0.12297665698687336,-0.45157272708994123,-0.37541207958399414,-0.3810958834429817,-2.819717976058615,-2.9047375096555625,-0.28578640650095494,0.0,-2.935197542821371,-0.3021918236863777,-0.6228104540471106,2.042162982586001,-0.4850133977762608,-0.5100418,-0.41602748575150156,1.0,1.0,1.0486177311725453,0.07827788649706457,0.38181818181818183,3.1818181818181817,0.00019569471624266145,0.04285714285714286,0.0013636363636363637,3.0,1.0
0x2e4ca974940122af15f851823b1daa1461caea72fc6ed52bce0349ffca45567d,1,0xb334fbf9e27dc7ee68279be78b1477c7f42451dc,0xa4631a191044096834ce65d1ee86b16b171d8080,2021-10-21 16:07:27+00:00,185705,284193393173,20319716,185705,8.8e+16,327,2.0,47,40,2200,0.01818181818181818,1,339,359,0.9442896935933147,110,198,1272798,95,0x2e4ca974940122af15f851823b1daa1461caea72fc6ed52bce0349ffca45567d,1,1,3,2098,0,510,63,4,2.0,1.0,1,2,0,-0.08980265101338743,0.526363572039589,0.4037295048891433,0.0,0.2881085535941313,0.28955935078442097,1.4442160974751876,0.9146761087285535,-0.3593749999999999,0.0,-0.07134269772804054,0.3769141450084965,0.0,0.12297665698687336,0.12729426298908544,0.2395135217001895,0.24959609112054654,0.29943907710357004,0.32274861218395134,-0.06662505182230852,0.0,0.3406925719346233,-0.09874487717742914,-0.6212147455047072,1.7430193639383926,-0.04864494136428136,-0.048047457,0.26789495185751827,0.3333333333333333,1.0,1.0486177311725453,0.07827788649706457,0.5527638190954773,5.698412698412699,0.00026634213257552844,0.002785515320334262,0.00045454545454545455,1.0,1.0
0x329cc9f0c7bc911a67fdd572ad82e7a18d9493bc63479d1a74397d569ea4ccfa,1,0x04dc78695a66c452c8a89430aabd199183bbc3d8,0xa4631a191044096834ce65d1ee86b16b171d8080,2021-10-21 16:07:27+00:00,385705,286303803173,14215949,185705,8.8e+16,0,2.0,30,40,2200,0.01818181818181818,1,2,2,1.0,1,0,128,96,0x329cc9f0c7bc911a67fdd572ad82e7a18d9493bc63479d1a74397d569ea4ccfa,1,1,3,2098,0,510,1,4,2.0,1.0,1,2,0,-0.08980265101338743,0.526363572039589,0.4037295048891433,0.0,-0.5728855454518946,-0.5841701798636814,-0.8322119830545938,0.9424002875818681,-0.3593749999999999,0.0,-0.07134269772804054,0.3769141450084965,0.0,0.12297665698687336,-0.7480655756670036,-0.606009180065563,-0.6178482770030578,0.29943907710357004,0.32274861218395134,-0.06662505182230852,0.0,0.3406925719346233,0.1939803303864168,-0.5763134219717287,0.7406483792559105,-0.04864494136428136,-0.048047457,-0.5604111114689613,0.3333333333333333,1.0,1.0486177311725453,0.07827788649706457,1.0,2.0,0.015503875968992248,0.5,0.00045454545454545455,1.0,1.0
0xbde1a5fe32f93dcd9638a477fc98d4ddcc5634984b074a5d37a82c76b7f4bb3b,1,0x1405347886d6334b4e82f0db4f7b233a5cdf9a88,0xa4631a191044096834ce65d1ee86b16b171d8080,2021-10-21 16:07:27+00:00,185705,284193393173,19205498,185705,8.8e+16,180,2.0,46,40,2200,0.01818181818181818,1,173,190,0.9105263157894737,50,118,757749,97,0xbde1a5fe32f93dcd9638a477fc98d4ddcc5634984b074a5d37a82c76b7f4bb3b,1,1,3,2098,0,510,40,4,2.0,1.0,1,2,0,-0.08980265101338743,0.526363572039589,0.4037295048891433,0.0,-0.1360012993484215,-0.12405490882210364,0.1911364201193446,0.9701244664351827,-0.3593749999999999,0.0,-0.07134269772804054,0.3769141450084965,0.0,0.12297665698687336,-0.1974359997381734,-0.10211181234657918,-0.10145827046391313,0.29943907710357004,0.32274861218395134,-0.06662505182230852,0.0,0.3406925719346233,-0.09874487717742914,-0.6212147455047072,1.5600405913523903,-0.04864494136428136,-0.048047457,-0.10446281972961476,0.3333333333333333,1.0,1.0486177311725453,0.07827788649706457,0.42016806722689076,4.75,0.0002283074892774662,0.005263157894736842,0.00045454545454545455,1.0,1.0
0xfec197b395b3100a7b4668748ae23f3168529fdf4c5306bc6c10f049a8b610ff,1,0xba14b3ac2aa1385a1ba8701b493351907193b47b,0xa4631a191044096834ce65d1ee86b16b171d8080,2021-10-21 16:07:27+00:00,185705,284193393173,20505421,185705,8.8e+16,106,2.0,56,40,2200,0.01818181818181818,1,116,121,0.9586776859504132,42,232,1499050,98,0xfec197b395b3100a7b4668748ae23f3168529fdf4c5306bc6c10f049a8b610ff,1,1,3,2098,0,510,35,4,2.0,1.0,1,2,0,-0.08980265101338743,0.526363572039589,0.4037295048891433,0.0,-0.28162938138291255,-0.29292700298098057,0.024059129805232206,0.9978486452884973,-0.3593749999999999,0.0,-0.07134269772804054,0.3769141450084965,0.0,0.12297665698687336,-0.26802953511366445,0.3847042886700662,0.40380812030069674,0.29943907710357004,0.32274861218395134,-0.06662505182230852,0.0,0.3406925719346233,-0.09874487717742914,-0.6212147455047072,1.7735161544794569,-0.04864494136428136,-0.048047457,-0.29190822855579057,0.3333333333333333,1.0,1.0486177311725453,0.07827788649706457,0.18025751072961374,3.4571428571428573,7.738229052914143e-05,0.008264462809917356,0.00045454545454545455,1.0,1.0
0x963d48b35881cdddf856572ab087879e110c0f39c484ec40ed188a3698a7d9d1,1,0xc77dc2606c44428d28a980a001a6e0129637e043,0xa4631a191044096834ce65d1ee86b16b171d8080,2021-10-21 16:07:27+00:00,185705,284193393173,17993961,185705,8.8e+16,63,2.0,33,40,2200,0.01818181818181818,1,61,69,0.8840579710144928,24,186,1196762,99,0x963d48b35881cdddf856572ab087879e110c0f39c484ec40ed188a3698a7d9d1,1,1,3,2098,0,510,28,4,2.0,1.0,1,2,0,-0.08980265101338743,0.526363572039589,0.4037295048891433,0.0,-0.4221477061530355,-0.4201929290137574,-0.35186477340152067,1.0255728241418118,-0.3593749999999999,0.0,-0.07134269772804054,0.3769141450084965,0.0,0.12297665698687336,-0.36686048463935195,0.1882697215931742,0.19777040184159256,0.29943907710357004,0.32274861218395134,-0.06662505182230852,0.0,0.3406925719346233,-0.09874487717742914,-0.6212147455047072,1.3610799272789975,-0.04864494136428136,-0.048047457,-0.40082920936019,0.3333333333333333,1.0,1.0486177311725453,0.07827788649706457,0.12834224598930483,2.4642857142857144,5.097082713954225e-05,0.014492753623188406,0.00045454545454545455,1.0,1.0
0x03e9a95da438abf8a8cb6442286f8ce7bbf53dbd6d51ec7a59f6376a93c10f76,1,0x58847353d941840f261366561dab73bcce277b6c,0xa4631a191044096834ce65d1ee86b16b171d8080,2021-10-21 16:07:27+00:00,185705,284939105647,14878100,185705,8.8e+16,178,2.0,5,40,2200,0.01818181818181818,1,200,209,0.9569377990430622,44,49,313653,100,0x03e9a95da438abf8a8cb6442286f8ce7bbf53dbd6d51ec7a59f6376a93c10f76,1,1,3,2098,0,510,36,4,2.0,1.0,1,2,0,-0.08980265101338743,0.526363572039589,0.4037295048891433,0.0,-0.06701957627945208,-0.07755389738705058,0.06582845238376031,1.0532970029951263,-0.3593749999999999,0.0,-0.07134269772804054,0.3769141450084965,0.0,0.12297665698687336,-0.25391082803856624,-0.3967636629619172,-0.40415148559919584,0.29943907710357004,0.32274861218395134,-0.06662505182230852,0.0,0.3406925719346233,-0.09874487717742914,-0.6053488819721937,0.8493879412146961,-0.04864494136428136,-0.048047457,-0.10952891186005194,0.3333333333333333,1.0,1.0486177311725453,0.07827788649706457,0.88,5.805555555555555,0.0006376453034235176,0.004784688995215311,0.00045454545454545455,1.0,1.0
0xecc5bcf088a4c2b04026ae894561c9e5821d0243dc328485a2248ccfb0ec17cd,1,0xbdca0a84c5c9f67cdcc615e60221c088971620e4,0xa4631a191044096834ce65d1ee86b16b171d8080,2021-10-21 16:07:27+00:00,185705,284193393173,21533241,185705,8.8e+16,34,2.0,32,40,2200,0.01818181818181818,1,38,38,1.0,21,109,699989,101,0xecc5bcf088a4c2b04026ae894561c9e5821d0243dc328485a2248ccfb0ec17cd,1,1,3,2098,0,510,21,4,2.0,1.0,1,2,0,-0.08980265101338743,0.526363572039589,0.4037295048891433,0.0,-0.4809099146932687,-0.49606300030252815,-0.4145187572693128,1.0810211818484408,-0.3593749999999999,0.0,-0.07134269772804054,0.3769141450084965,0.0,0.12297665698687336,-0.46569143416503944,-0.14054466242684066,-0.14082714590123732,0.29943907710357004,0.32274861218395134,-0.06662505182230852,0.0,0.3406925719346233,-0.09874487717742914,-0.6212147455047072,1.9423065007486295,-0.04864494136428136,-0.048047457,-0.47428754525152916,0.3333333333333333,1.0,1.0486177311725453,0.07827788649706457,0.19090909090909092,1.8095238095238095,5.428648980699724e-05,0.02631578947368421,0.00045454545454545455,1.0,1.0
0x07609c02273eb6b1eb51eb2260a84284cfd34a30ab3e749deb54e4420b770f1f,1,0xc1ff684441568635d65c5239aa29f4f4c9dcede3,0xa4631a191044096834ce65d1ee86b16b171d8080,2021-10-21 16:07:27+00:00,278557,295143589467,8560777,185705,8.8e+16,4,,1,40,2200,0.01818181818181818,1,7,7,1.0,3,15,99124,102,0x07609c02273eb6b1eb51eb2260a84284cfd34a30ab3e749deb54e4420b770f1f,1,1,3,2098,0,510,4,4,2.0,1.0,1,2,0,-0.08980265101338743,0.526363572039589,0.4037295048891433,0.0,-0.5601111522909743,-0.5719330715912989,-0.7904426604760657,1.1087453607017554,-0.3593749999999999,0.0,-0.07134269772804054,0.3769141450084965,0.0,0.12297665698687336,-0.705709454441709,-0.5419544299317939,-0.550373187100126,0.29943907710357004,0.32274861218395134,-0.06662505182230852,0.0,0.3406925719346233,0.03715572768616197,-0.3882371219403213,-0.1880535725369416,-0.04864494136428136,-0.048047457,-0.5502789272080869,0.3333333333333333,1.0,1.0486177311725453,0.07827788649706457,0.1875,1.75,7.061790668348046e-05,0.14285714285714285,0.00045454545454545455,1.0,1.0
0x33ef4d223b5cd7cfe5f66e483b180fec75f299cf6ddd0f260aa661ff4fea31c0,1,0xc6b37e3715261f096c81ac60507f30e1f70757c7,0xa4631a191044096834ce65d1ee86b16b171d8080,2021-10-21 16:07:27+00:00,185705,284193393173,17224640,185705,8.8e+16,55,2.0,36,40,2200,0.01818181818181818,1,69,71,0.971830985915493,30,51,330590,103,0x33ef4d223b5cd7cfe5f66e483b180fec75f299cf6ddd0f260aa661ff4fea31c0,1,1,3,2098,0,510,25,4,2.0,1.0,1,2,0,-0.08980265101338743,0.526363572039589,0.4037295048891433,0.0,-0.40170867709556307,-0.4152980857048044,-0.2265568056659364,1.13646953955507,-0.3593749999999999,0.0,-0.07134269772804054,0.3769141450084965,0.0,0.12297665698687336,-0.4092166058646466,-0.38822302961074795,-0.39260732626259676,0.29943907710357004,0.32274861218395134,-0.06662505182230852,0.0,0.3406925719346233,-0.09874487717742914,-0.6212147455047072,1.2347407258797778,-0.04864494136428136,-0.048047457,-0.42109357788193874,0.3333333333333333,1.0,1.0486177311725453,0.07827788649706457,0.5769230769230769,2.84,0.00020871711571095403,0.014084507042253521,0.00045454545454545455,1.0,1.0
0x9457ea6488e5d0a26ec8eac485b48c97a4c403dd753649acda523d1dd0ac9a25,1,0x7dcb39fe010a205f16ee3249f04b24d74c4f44f1,0xa4631a191044096834ce65d1ee86b16b171d8080,2021-10-21 16:07:27+00:00,185705,284193393173,17693409,185705,8.8e+16,600,2.0,38,40,2200,0.01818181818181818,1,611,644,0.9487577639751553,139,223,1436789,104,0x9457ea6488e5d0a26ec8eac485b48c97a4c403dd753649acda523d1dd0ac9a25,1,1,3,2098,0,510,150,4,2.0,1.0,1,2,0,-0.08980265101338743,0.526363572039589,0.4037295048891433,0.0,0.9830355415481938,0.987074522310217,2.049871274863845,1.1641937184083846,-0.3593749999999999,0.0,-0.07134269772804054,0.3769141450084965,0.0,0.12297665698687336,1.3556217785226297,0.3462714385898047,0.36137138980202566,0.29943907710357004,0.32274861218395134,-0.06662505182230852,0.0,0.3406925719346233,-0.09874487717742914,-0.6212147455047072,1.3117227673172411,-0.04864494136428136,-0.048047457,0.9594165276621939,0.3333333333333333,1.0,1.0486177311725453,0.07827788649706457,0.6205357142857143,4.293333333333333,0.00042525351651946354,0.0015527950310559005,0.00045454545454545455,1.0,1.0
0xacb99de0e492fb250059ccfe4dbaadee98b1c6361c599923e768d1e2badd7d12,1,0xedf095a1b8fbbd2d1f1b5406ea466d00f553a191,0xa4631a191044096834ce65d1ee86b16b171d8080,2021-10-21 16:07:27+00:00,185693,284443393173,15806613,185693,8.8e+16,0,2.0,4,40,2200,0.01818181818181818,1,2,2,1.0,1,0,516,105,0xacb99de0e492fb250059ccfe4dbaadee98b1c6361c599923e768d1e2badd7d12,1,1,3,2098,0,510,1,4,2.0,1.0,1,2,0,-0.08980265101338743,0.526363572039589,0.4037295048891433,0.0,-0.5728855454518946,-0.5841701798636814,-0.8322119830545938,1.191917897261699,-0.3593749999999999,0.0,-0.07134269772804054,0.3769141450084965,0.0,0.12297665698687336,-0.7480655756670036,-0.606009180065563,-0.617583818490771,0.29943907710357004,0.32274861218395134,-0.06662505182230852,0.0,0.3406925719346233,-0.09876244068988296,-0.6158957170300295,1.0018699232596342,-0.04867789514382437,-0.048047457,-0.5604111114689613,0.3333333333333333,1.0,1.0486177311725453,0.07827788649706457,1.0,2.0,0.0038684719535783366,0.5,0.00045454545454545455,1.0,1.0
0xc16a740ec253f899cc8efc35cf4ae7597301056f1753a69d9d445cc1e5eb8b0e,1,0x696f11e949d291743d544eb4447fc3eb4cec4393,0xa4631a191044096834ce65d1ee86b16b171d8080,2021-10-21 16:07:27+00:00,185705,295143589467,8375072,185705,8.8e+16,367,,25,40,2200,0.01818181818181818,1,412,440,0.9363636363636364,55,1336,8322729,106,0xc16a740ec253f899cc8efc35cf4ae7597301056f1753a69d9d445cc1e5eb8b0e,1,1,3,2098,0,510,104,4,2.0,1.0,1,2,0,-0.08980265101338743,0.526363572039589,0.4037295048891433,0.0,0.4746146937435672,0.48780050479701564,0.29555972656566487,1.2196420761150135,-0.3593749999999999,0.0,-0.07134269772804054,0.3769141450084965,0.0,0.12297665698687336,0.7061612530681121,5.099133898515474,5.054787493141503,0.29943907710357004,0.32274861218395134,-0.06662505182230852,0.0,0.3406925719346233,-0.09874487717742914,-0.3882371219403213,-0.2185503630780059,-0.04864494136428136,-0.048047457,0.36921679446626193,0.3333333333333333,1.0,1.0486177311725453,0.07827788649706457,0.04113687359760658,4.230769230769231,4.950298760142405e-05,0.0022727272727272726,0.00045454545454545455,1.0,1.0
0xa8d59c7484bdf86ca09d48753141acf5a7eef1552e31d62be43e86daadcba572,1,0x375d48cd18d06c4b580741fcba729129425ba8ee,0xa4631a191044096834ce65d1ee86b16b171d8080,2021-10-21 16:07:27+00:00,185705,350000000000,1688267,185705,8.8e+16,816,,26,40,2200,0.01818181818181818,1,831,867,0.9584775086505191,84,87,560927,107,0xa8d59c7484bdf86ca09d48753141acf5a7eef1552e31d62be43e86daadcba572,1,1,3,2098,0,510,258,4,2.0,1.0,1,2,0,-0.08980265101338743,0.526363572039589,0.4037295048891433,0.0,1.5451088406286855,1.5328495512584714,0.9012149039543222,1.2473662549683282,-0.3593749999999999,0.0,-0.07134269772804054,0.3769141450084965,0.0,0.12297665698687336,2.8804421426332363,-0.23449162928970205,-0.23561098516829374,0.29943907710357004,0.32274861218395134,-0.06662505182230852,0.0,0.3406925719346233,-0.09874487717742914,0.7788941166342307,-1.3166688384768448,-0.04864494136428136,-0.048047457,1.5065544777494098,0.3333333333333333,1.0,1.0486177311725453,0.07827788649706457,0.9545454545454546,3.36046511627907,0.001481473558103714,0.0011534025374855825,0.00045454545454545455,1.0,1.0
0x1fd64303e8c929b3fe5342f6cde3221229d17aa2b77709645f130462817819f4,1,0x6278e4fe0e4670eac88014d6326f079b4d02d73c,0xa4631a191044096834ce65d1ee86b16b171d8080,2021-10-21 16:07:27+00:00,185705,286543393173,12432730,185705,8.8e+16,113,2.0,28,40,2200,0.01818181818181818,1,147,155,0.9483870967741935,51,170,1093424,108,0x1fd64303e8c929b3fe5342f6cde3221229d17aa2b77709645f130462817819f4,1,1,3,2098,0,510,47,4,2.0,1.0,1,2,0,-0.08980265101338743,0.526363572039589,0.4037295048891433,0.0,-0.2024281437852069,-0.20971466672878034,0.21202108140860865,1.2750904338216427,-0.3593749999999999,0.0,-0.07134269772804054,0.3769141450084965,0.0,0.12297665698687336,-0.09860505021248593,0.11994465478382046,0.12733583033982301,0.29943907710357004,0.32274861218395134,-0.06662505182230852,0.0,0.3406925719346233,-0.09874487717742914,-0.5712158778427366,0.44780512607561856,-0.04864494136428136,-0.048047457,-0.27417690609926043,0.3333333333333333,1.0,1.0486177311725453,0.07827788649706457,0.2982456140350877,3.297872340425532,0.0001344399478702243,0.0064516129032258064,0.00045454545454545455,1.0,1.0
0x706a37fbf9b39c88d9f26213332a64bcdbb60e17e3c530a86c98f48376bfc576,1,0x3adfc64f63df5dad624c9312cba466ae95dff3d2,0xa4631a191044096834ce65d1ee86b16b171d8080,2021-10-21 16:07:27+00:00,185705,400000000000,1442312,185705,8.8e+16,3,,24,40,2200,0.01818181818181818,1,6,6,1.0,2,23,149867,109,0x706a37fbf9b39c88d9f26213332a64bcdbb60e17e3c530a86c98f48376bfc576,1,1,3,2098,0,510,3,4,2.0,1.0,1,2,0,-0.08980265101338743,0.526363572039589,0.4037295048891433,0.0,-0.5626660309231584,-0.5743804932457754,-0.8113273217653297,1.3028146126749574,-0.3593749999999999,0.0,-0.07134269772804054,0.3769141450084965,0.0,0.12297665698687336,-0.7198281615168072,-0.507791896527117,-0.5157870574893894,0.29943907710357004,0.32274861218395134,-0.06662505182230852,0.0,0.3406925719346233,-0.09874487717742914,1.8426998115697755,-1.3570599863593868,-0.04864494136428136,-0.048047457,-0.5528119732733056,0.3333333333333333,1.0,1.0486177311725453,0.07827788649706457,0.08333333333333333,2.0,4.003523100328289e-05,0.16666666666666666,0.00045454545454545455,1.0,1.0
0x48b281e07e0e92e28d343f39365e83ed9577639fdaabd440e77691bae1a8ddbd,1,0xa8865fb82d6b8457add5e6c8822087e2eb2f130a,0xa4631a191044096834ce65d1ee86b16b171d8080,2021-10-21 16:07:27+00:00,185705,284193393173,21718946,185705,8.8e+16,164,2.0,40,40,2200,0.01818181818181818,1,170,171,0.9941520467836257,53,70,452406,110,0x48b281e07e0e92e28d343f39365e83ed9577639fdaabd440e77691bae1a8ddbd,1,1,3,2098,0,510,47,4,2.0,1.0,1,2,0,-0.08980265101338743,0.526363572039589,0.4037295048891433,0.0,-0.14366593524497367,-0.1705559202571567,0.25379040398713676,1.3305387915282718,-0.3593749999999999,0.0,-0.07134269772804054,0.3769141450084965,0.0,0.12297665698687336,-0.09860505021248593,-0.3070870127746404,-0.30957825891022345,0.29943907710357004,0.32274861218395134,-0.06662505182230852,0.0,0.3406925719346233,-0.09874487717742914,-0.6212147455047072,1.9728032912896938,-0.04864494136428136,-0.048047457,-0.14499155677311223,0.3333333333333333,1.0,1.0486177311725453,0.07827788649706457,0.7464788732394366,3.6382978723404253,0.00037576783736767997,0.005847953216374269,0.00045454545454545455,1.0,1.0
0x440e55a8e21b8552eb03065be33197bd9daef6d7b1e5fa837305603166f334c6,1,0x2f8d8846c376bc842cd9b904c9b505e39a6c54dc,0xa4631a191044096834ce65d1ee86b16b171d8080,2021-10-21 16:07:27+00:00,185705,284443393173,15249510,185705,8.8e+16,248,2.0,51,40,2200,0.01818181818181818,1,245,256,0.95703125,76,96,616880,111,0x440e55a8e21b8552eb03065be33197bd9daef6d7b1e5fa837305603166f334c6,1,1,3,2098,0,510,85,4,2.0,1.0,1,2,0,-0.08980265101338743,0.526363572039589,0.4037295048891433,0.0,0.04794996216883031,0.037474920373343844,0.7341376136402099,1.3582629703815863,-0.3593749999999999,0.0,-0.07134269772804054,0.3769141450084965,0.0,0.12297665698687336,0.4379058186412461,-0.19605877920944056,-0.19747375027659358,0.29943907710357004,0.32274861218395134,-0.06662505182230852,0.0,0.3406925719346233,-0.09874487717742914,-0.6158957170300295,0.9103815222968246,-0.04864494136428136,-0.048047457,0.0677843127052495,0.3333333333333333,1.0,1.0486177311725453,0.07827788649706457,0.7835051546391752,3.011764705882353,0.0003971592576201893,0.00390625,0.00045454545454545455,1.0,1.0
0x1c425a0884b48f584496e12abd6334accbda21b615c65722167f8a133d374b20,1,0x89f616e0e43e5090ce344b46a82c8c49c2be3772,0xa4631a191044096834ce65d1ee86b16b171d8080,2021-10-21 16:07:27+00:00,185705,284193393173,19019793,185705,8.8e+16,1,2.0,21,40,2200,0.01818181818181818,1,4,4,1.0,2,89,572306,112,0x1c425a0884b48f584496e12abd6334accbda21b615c65722167f8a133d374b20,1,1,3,2098,0,510,2,4,2.0,1.0,1,2,0,-0.08980265101338743,0.526363572039589,0.4037295048891433,0.0,-0.5677757881875265,-0.5792753365547284,-0.8113273217653297,1.385987149234901,-0.3593749999999999,0.0,-0.07134269772804054,0.3769141450084965,0.0,0.12297665698687336,-0.7339468685919054,-0.22595099593853282,-0.2278551258607918,0.29943907710357004,0.32274861218395134,-0.06662505182230852,0.0,0.3406925719346233,-0.09874487717742914,-0.6212147455047072,1.529543800811326,-0.04864494136428136,-0.048047457,-0.5578780654037427,0.3333333333333333,1.0,1.0486177311725453,0.07827788649706457,0.022222222222222223,2.0,6.989255766572836e-06,0.25,0.00045454545454545455,1.0,1.0
0x49ecdacbd34f0b7dc7a4bca31676392dbb51bd945d7df7267449f71b7b4ced72,1,0x0f26a9f8cc9d65349c7c89ea0f4ae5cadee80b1a,0xa4631a191044096834ce65d1ee86b16b171d8080,2021-10-21 16:07:27+00:00,185705,311693393173,581823,185705,8.8e+16,112,2.0,11,40,2200,0.01818181818181818,1,151,163,0.9263803680981595,16,19,120381,113,0x49ecdacbd34f0b7dc7a4bca31676392dbb51bd945d7df7267449f71b7b4ced72,1,1,3,2098,0,510,41,4,2.0,1.0,1,2,0,-0.08980265101338743,0.526363572039589,0.4037295048891433,0.0,-0.1922086292564707,-0.19013529349296854,-0.5189420637156331,1.4137113280882154,-0.3593749999999999,0.0,-0.07134269772804054,0.3769141450084965,0.0,0.12297665698687336,-0.1833172926630752,-0.5248731632294554,-0.5358845412349735,0.29943907710357004,0.32274861218395134,-0.06662505182230852,0.0,0.3406925719346233,-0.09874487717742914,-0.03612161329015763,-1.498370951577824,-0.04864494136428136,-0.048047457,-0.276709952164479,0.3333333333333333,1.0,1.0486177311725453,0.07827788649706457,0.8,3.975609756097561,0.0012543403498861956,0.006134969325153374,0.00045454545454545455,1.0,1.0
0x4bc40af4c77025a704c63ff6863311b117fdbb3491f0b44d5dbb632d77fbeff6,1,0xa7269c74294e399d700a58be9f035b652dd67e48,0xa4631a191044096834ce65d1ee86b16b171d8080,2021-10-21 16:07:27+00:00,278557,282793393173,22517304,185705,8.8e+16,970,2.0,50,40,2200,0.01818181818181818,1,927,1016,0.9124015748031497,55,290,1872479,114,0x4bc40af4c77025a704c63ff6863311b117fdbb3491f0b44d5dbb632d77fbeff6,1,1,3,2098,0,510,263,4,2.0,1.0,1,2,0,-0.08980265101338743,0.526363572039589,0.4037295048891433,0.0,1.7903771893183547,1.8975153777754665,0.29555972656566487,1.44143550694153,-0.3593749999999999,0.0,-0.07134269772804054,0.3769141450084965,0.0,0.12297665698687336,2.9510356780087275,0.6323826558539735,0.6583351249004983,0.29943907710357004,0.32274861218395134,-0.06662505182230852,0.0,0.3406925719346233,0.03715572768616197,-0.6510013049629025,2.103910998151561,-0.04864494136428136,-0.048047457,1.8966435717930727,0.3333333333333333,1.0,1.0486177311725453,0.07827788649706457,0.18900343642611683,3.8631178707224336,0.0004950653678543963,0.000984251968503937,0.00045454545454545455,1.0,1.0
0x48ae8dd657840d16130578e503bcd36ba72aec7fe296b8850ad07e9eaf343b48,1,0x5e1be00af942c9f4824741a1b02d9e489038da14,0xa4631a191044096834ce65d1ee86b16b171d8080,2021-10-21 16:07:27+00:00,185705,284193393173,16623480,185705,8.8e+16,27,2.0,9,40,2200,0.01818181818181818,1,33,33,1.0,15,201,1293861,115,0x48ae8dd657840d16130578e503bcd36ba72aec7fe296b8850ad07e9eaf343b48,1,1,3,2098,0,510,11,4,2.0,1.0,1,2,0,-0.08980265101338743,0.526363572039589,0.4037295048891433,0.0,-0.493684307854189,-0.5083001085749106,-0.5398267250048971,1.4691596857948446,-0.3593749999999999,0.0,-0.07134269772804054,0.3769141450084965,0.0,0.12297665698687336,-0.6068785049160216,0.25232447172694333,0.26395250772955553,0.29943907710357004,0.32274861218395134,-0.06662505182230852,0.0,0.3406925719346233,-0.09874487717742914,-0.6212147455047072,1.1360172095411427,-0.04864494136428136,-0.048047457,-0.4920188677080593,0.3333333333333333,1.0,1.0486177311725453,0.07827788649706457,0.07425742574257425,3.0,2.5505038404404796e-05,0.030303030303030304,0.00045454545454545455,1.0,1.0
0x7e1ffbf13f8baf2abe29daa0ce3490aa84c8490093570aaf09ec206396871cf6,1,0xbb9a59009b299c1a0f341579744cbeb223a29703,0xa4631a191044096834ce65d1ee86b16b171d8080,2021-10-21 16:07:27+00:00,185693,284193393173,19391191,185693,8.8e+16,284,2.0,8,40,2200,0.01818181818181818,1,291,309,0.941747572815534,79,221,1425060,116,0x7e1ffbf13f8baf2abe29daa0ce3490aa84c8490093570aaf09ec206396871cf6,1,1,3,2098,0,510,82,4,2.0,1.0,1,2,0,-0.08980265101338743,0.526363572039589,0.4037295048891433,0.0,0.16547437924929675,0.16718826806059714,0.796791597508002,1.496883864648159,-0.3593749999999999,0.0,-0.07134269772804054,0.3769141450084965,0.0,0.12297665698687336,0.3955496974159515,0.33773080523863547,0.35337697255818257,0.29943907710357004,0.32274861218395134,-0.06662505182230852,0.0,0.3406925719346233,-0.09876244068988296,-0.6212147455047072,1.5905354112330712,-0.04867789514382437,-0.048047457,0.1589739710531188,0.3333333333333333,1.0,1.0486177311725453,0.07827788649706457,0.35585585585585583,3.768292682926829,0.0002042017850463945,0.003236245954692557,0.00045454545454545455,1.0,1.0
0xf7198556a5dfd7453fdb0e8b59744a6d83233994a40cd82a7a68fd9658c86448,1,0x6269cd92e1e2e3b47dca97c72818ef86cbc06c4e,0xa4631a191044096834ce65d1ee86b16b171d8080,2021-10-21 16:07:27+00:00,185705,284193393173,21904651,185705,8.8e+16,250,2.0,6,40,2200,0.01818181818181818,1,238,267,0.8913857677902621,51,229,1473998,117,0xf7198556a5dfd7453fdb0e8b59744a6d83233994a40cd82a7a68fd9658c86448,1,1,3,2098,0,510,87,4,2.0,1.0,1,2,0,-0.08980265101338743,0.526363572039589,0.4037295048891433,0.0,0.03006581174354194,0.0643965585725851,0.21202108140860865,1.5246080435014737,-0.3593749999999999,0.0,-0.07134269772804054,0.3769141450084965,0.0,0.12297665698687336,0.4661432327914425,0.37189333864331237,0.38673282481150273,0.29943907710357004,0.32274861218395134,-0.06662505182230852,0.0,0.3406925719346233,-0.09874487717742914,-0.6212147455047072,2.003300081830758,-0.04864494136428136,-0.048047457,0.07285040483568668,0.3333333333333333,1.0,1.0486177311725453,0.07827788649706457,0.2217391304347826,3.0689655172413794,0.00016146550981377872,0.003745318352059925,0.00045454545454545455,1.0,1.0
0x7f79fe6ea502bf21f2fef886254a73a0ee946c372e7adea8ccfa5c30480b57cc,1,0x8e340f9d39c74231e3c943a4085a7378642e4c3a,0xa4631a191044096834ce65d1ee86b16b171d8080,2021-10-21 16:07:27+00:00,185705,284193393173,19948306,185705,8.8e+16,21,2.0,54,40,2200,0.01818181818181818,1,25,26,0.9615384615384616,11,23,149626,118,0x7f79fe6ea502bf21f2fef886254a73a0ee946c372e7adea8ccfa5c30480b57cc,1,1,3,2098,0,510,12,4,2.0,1.0,1,2,0,-0.08980265101338743,0.526363572039589,0.4037295048891433,0.0,-0.5141233369116613,-0.5254320601562459,-0.6233653701619534,1.5523322223547882,-0.3593749999999999,0.0,-0.07134269772804054,0.3769141450084965,0.0,0.12297665698687336,-0.5927597978409234,-0.507791896527117,-0.5159513216684128,0.29943907710357004,0.32274861218395134,-0.06662505182230852,0.0,0.3406925719346233,-0.09874487717742914,-0.6212147455047072,1.6820257828562641,-0.04864494136428136,-0.048047457,-0.5072171440993709,0.3333333333333333,1.0,1.0486177311725453,0.07827788649706457,0.4583333333333333,2.1666666666666665,0.00016708214426540665,0.038461538461538464,0.00045454545454545455,1.0,1.0
0x6fe23525998aafbdcbb246652313f3e20f429c3256e4d5224a4ef9d263a0065a,1,0x768f9b057b70d50ed439220a6ba5f3065b041609,0xa4631a191044096834ce65d1ee86b16b171d8080,2021-10-21 16:07:27+00:00,185705,284443393173,15435215,185705,8.8e+16,63,2.0,13,40,2200,0.01818181818181818,1,64,78,0.8205128205128205,23,54,349514,119,0x6fe23525998aafbdcbb246652313f3e20f429c3256e4d5224a4ef9d263a0065a,1,1,3,2098,0,510,20,4,2.0,1.0,1,2,0,-0.08980265101338743,0.526363572039589,0.4037295048891433,0.0,-0.41448307025648334,-0.3981661341234691,-0.37274943469078475,1.5800564012081026,-0.3593749999999999,0.0,-0.07134269772804054,0.3769141450084965,0.0,0.12297665698687336,-0.47981014124013766,-0.37541207958399414,-0.379708839441684,0.29943907710357004,0.32274861218395134,-0.06662505182230852,0.0,0.3406925719346233,-0.09874487717742914,-0.6158957170300295,0.9408783128378889,-0.04864494136428136,-0.048047457,-0.40082920936019,0.3333333333333333,1.0,1.0486177311725453,0.07827788649706457,0.41818181818181815,3.9,0.00018311088222250834,0.01282051282051282,0.00045454545454545455,1.0,1.0
0x43f16d66239d5a439dff7369c5b1fbba8b759be6db7c4bd2a382b1062430e258,1,0x44387d8ce4e99c7197890e890e42ca23dc457196,0xa4631a191044096834ce65d1ee86b16b171d8080,2021-10-21 16:07:27+00:00,185705,284193393173,19762601,185705,8.8e+16,201,2.0,49,40,2200,0.01818181818181818,1,215,216,0.9953703703703703,55,169,1090526,120,0x43f16d66239d5a439dff7369c5b1fbba8b759be6db7c4bd2a382b1062430e258,1,1,3,2098,0,510,63,4,2.0,1.0,1,2,0,-0.08980265101338743,0.526363572039589,0.4037295048891433,0.0,-0.028696396796691285,-0.060421945805715235,0.29555972656566487,1.6077805800614173,-0.3593749999999999,0.0,-0.07134269772804054,0.3769141450084965,0.0,0.12297665698687336,0.12729426298908544,0.11567433810823585,0.1253605706269185,0.29943907710357004,0.32274861218395134,-0.06662505182230852,0.0,0.3406925719346233,-0.09874487717742914,-0.6212147455047072,1.6515289923152,-0.04864494136428136,-0.048047457,-0.05126885236002432,0.3333333333333333,1.0,1.0486177311725453,0.07827788649706457,0.3235294117647059,3.4285714285714284,0.0001971523859565146,0.004629629629629629,0.00045454545454545455,1.0,1.0
0x53a8ad198f556ca524dd8439be16a4ccbf082eaa3f2765a064ed8d8786993051,1,0xcdf641863b76e5ef6a2d766b86bedacbd16ceade,0xa4631a191044096834ce65d1ee86b16b171d8080,2021-10-21 16:07:27+00:00,185705,284443393173,15620920,185705,8.8e+16,191,2.0,43,40,2200,0.01818181818181818,1,207,214,0.9672897196261683,77,227,1461801,121,0x53a8ad198f556ca524dd8439be16a4ccbf082eaa3f2765a064ed8d8786993051,1,1,3,2098,0,510,58,4,2.0,1.0,1,2,0,-0.08980265101338743,0.526363572039589,0.4037295048891433,0.0,-0.04913542585416371,-0.06531678911466819,0.7550222749294739,1.6355047589147318,-0.3593749999999999,0.0,-0.07134269772804054,0.3769141450084965,0.0,0.12297665698687336,0.05670072761359439,0.36335270529214314,0.37841942152706637,0.29943907710357004,0.32274861218395134,-0.06662505182230852,0.0,0.3406925719346233,-0.09874487717742914,-0.6158957170300295,0.9713751033789532,-0.04864494136428136,-0.048047457,-0.07659931301221024,0.3333333333333333,1.0,1.0486177311725453,0.07827788649706457,0.33771929824561403,3.689655172413793,0.0001416060451415445,0.004672897196261682,0.00045454545454545455,1.0,1.0
0x47a11525664abac3674f2de2f6f31ef351350f716e3d5b60d807f187e5ee306a,1,0xf8392609ea2df887fb4ed62463bae547ca58ad00,0xa4631a191044096834ce65d1ee86b16b171d8080,2021-10-21 16:07:27+00:00,262039,282693393173,23137542,185693,8.8e+16,6,2.0,15,40,2200,0.01818181818181818,1,10,10,1.0,6,17,107546,122,0x47a11525664abac3674f2de2f6f31ef351350f716e3d5b60d807f187e5ee306a,1,1,3,2098,0,510,6,4,2.0,1.0,1,2,0,-0.08980265101338743,0.526363572039589,0.4037295048891433,0.0,-0.5524465163944222,-0.5645908066278695,-0.7277886766082735,1.6632289377680465,-0.3593749999999999,0.0,-0.07134269772804054,0.3769141450084965,0.0,0.12297665698687336,-0.6774720402915125,-0.5334137965806246,-0.5446328015576546,0.29943907710357004,0.32274861218395134,-0.06662505182230852,0.0,0.3406925719346233,0.012979552793463935,-0.6531289163527736,2.2057675360563485,-0.04867789514382437,-0.048047457,-0.5452128350776497,0.3333333333333333,1.0,1.0486177311725453,0.07827788649706457,0.3333333333333333,1.6666666666666667,9.298260295498713e-05,0.1,0.00045454545454545455,1.0,1.0
0xbe8952d61487d7fa53c337e42fbe3676b4346f20574cc9f3781df13c87d03a50,1,0x30cf55bf0a7b5011083e8b02bee6b14b6f5193f2,0xa4631a191044096834ce65d1ee86b16b171d8080,2021-10-21 16:07:27+00:00,185705,289693393173,14485702,31524,8.8e+16,576,2.0,17,40,2200,0.01818181818181818,1,539,600,0.8983333333333333,49,171,1103451,123,0xbe8952d61487d7fa53c337e42fbe3676b4346f20574cc9f3781df13c87d03a50,4,1,1,2098,0,510,114,2,0.0,0.0,1,0,0,-0.08980265101338743,0.526363572039589,0.4037295048891433,0.0,0.799084280030942,0.8793879695132519,0.17025175883008056,1.690953116621361,5.5,0.0,-0.2462022509830419,0.3769141450084965,0.0,0.12297665698687336,0.8473483238190942,0.12421497145940506,0.13417017441894438,-2.819717976058615,-2.9047375096555625,-0.28578640650095494,0.0,-2.935197542821371,-0.09874487717742914,-0.5041961190617973,0.7849476751220623,-0.47204883167438066,-0.048047457,0.8986234220969477,1.0,1.0,1.0486177311725453,0.07827788649706457,0.28488372093023256,5.2631578947368425,0.0004884671014235327,0.006666666666666667,0.0018181818181818182,4.0,1.0
0xc347f1bfaff7dce9e86b00d1162ecf42f383df6ebc714803d1507dc1227c1d64,1,0x9c2c4b1ca63cf8da331980cfeb61beed66249ad5,0xa4631a191044096834ce65d1ee86b16b171d8080,2021-10-21 16:07:27+00:00,185705,284193393173,19576896,185705,8.8e+16,33,2.0,22,40,2200,0.01818181818181818,1,41,41,1.0,19,385,2490593,124,0xc347f1bfaff7dce9e86b00d1162ecf42f383df6ebc714803d1507dc1227c1d64,1,1,3,2098,0,510,12,4,2.0,1.0,1,2,0,-0.08980265101338743,0.526363572039589,0.4037295048891433,0.0,-0.4732452787967166,-0.4887207353390987,-0.4562880798478409,1.7186772954746754,-0.3593749999999999,0.0,-0.07134269772804054,0.3769141450084965,0.0,0.12297665698687336,-0.5927597978409234,1.0380627400345113,1.0796379827963813,0.29943907710357004,0.32274861218395134,-0.06662505182230852,0.0,0.3406925719346233,-0.09874487717742914,-0.6212147455047072,1.6210322017741354,-0.04864494136428136,-0.048047457,-0.47682059131674775,0.3333333333333333,1.0,1.0486177311725453,0.07827788649706457,0.04922279792746114,3.4166666666666665,1.6461936389471747e-05,0.024390243902439025,0.00045454545454545455,1.0,1.0
0x125581f9551c0ae1098e132823cd5cffc0c942be4e6fed6cd447bde017e87130,50,0x82416784046af6e6cfc7fda2b362dc6223dd7b48,0xdff832f6988e4a9e3fcfbff4cc24d052143aba0e,2021-10-21 16:07:27+00:00,7810000,306693393173,8019294,4230155,2.2e+18,341,2.0,53,3,4,0.75,1,164,369,0.4444444444444444,20,28,182459,1,0x125581f9551c0ae1098e132823cd5cffc0c942be4e6fed6cd447bde017e87130,4,1,131,1,0,7,48,6,3.0,52.0,1,2,1,11.135528725660043,-10.489163670870356,-10.842845397898557,0.0,-0.158995207038078,0.31403356732918575,-0.4354034185585769,-1.6913967034830142,5.5,0.0,11.119668710592046,-10.896319567948149,0.0,-11.131983034497392,-0.08448634313738772,-0.48644031314919395,-0.4935725424573037,3.418596130265755,1.9364916731037083,11.110604036788658,0.0,0.3406925719346233,11.060371804837533,-0.1425021827837121,-0.2769768305674045,11.058014531363755,11.039817,0.30335759677057855,0.3816793893129771,1.0,4.0,0.375,0.6896551724137931,7.6875,0.0008988271401951112,0.01084010840108401,1.0,4.0,1.0
