transaction_hash,trace_involved_amt,from_address,to_address,block_timestamp,gas,gas_price,receipt_cumulative_gas_used,receipt_gas_used,value,nonce,transaction_type,rn,contract_block_involved,contract_tx_count,contract_block_per_tx,contract_main_active_days,sender_block_involved,sender_tx_count,sender_block_per_tx,sender_main_active_days,sender_lifetime_days,sender_lifetime_block,contract_interact,add_feat_hash,sender_tx_count_call_contract,sender_days_call_contract,trace_amt,distinct_sender_in_contract,contract_lifetime_days,contract_lifetime_block,distinct_contract_sender_called,contract_involved_amt,max_breadth,depth,distinct_was_called_in_sample,distinct_sender_call_in_sample,is_sus,z_trace_involved_amt,z_contract_block_involved,z_contract_tx_count,z_contract_main_active_days,z_sender_block_involved,z_sender_tx_count,z_sender_main_active_days,z_contract_interact,z_sender_tx_count_call_contract,z_sender_days_call_contract,z_trace_amt,z_distinct_sender_in_contract,z_contract_lifetime_days,z_contract_lifetime_block,z_distinct_contract_sender_called,z_sender_lifetime_days,z_sender_lifetime_block,z_contract_involved_amt,z_max_breadth,z_depth,z_distinct_was_called_in_sample,z_distinct_sender_call_in_sample,z_gas,z_gas_price,z_receipt_cumulative_gas_used,z_receipt_gas_used,z_value,z_nonce,involved_trace_ratio,contract_active_day_ratio,tx_count_per_distinct_caller,contract_block_ratio,sender_active_day_ratio,sender_tx_count_per_contract,sender_block_ratio,tx_sender_call_contract,sender_call_contract_tx_ratio,sender_tx_count_call_contract_per_days,sender_call_contract_day_ratio
0x71a15f9bfce0f2785ce10d171426ca4189ba2c673459c580366c0b7941b238f3,3,0x922af2498ae44a719da89212658d14c67d35f3f8,0x00000000002d383933aa1609f11d0afa4d5ea90a,2022-06-20 15:57:22+00:00,1972000,30508180360,2485350,116301,2044731100000000.0,773,2.0,120,1101,1869,0.5890850722311396,62,778,778,1.0,61,62,381429,1,0x71a15f9bfce0f2785ce10d171426ca4189ba2c673459c580366c0b7941b238f3,774,61,19,3,62,381451,1,10,3,6,2,5,0,-0.327853582862063,-0.7185523855298577,-0.7118811138652831,-0.8295348427897948,-0.36004895453381813,-0.28225588975292326,-0.8215923590509048,-0.8175332568898434,-0.15143758335953164,0.04564580814215257,-0.32556574914984104,-0.6767418066856861,-0.9405722858745884,-0.9344645404266102,-0.7266608202799162,-0.7743108194959942,-0.7908181625365776,-0.38487551822766,-0.5785951826064182,-0.0018193128501351652,0.4634605873056737,0.29631674076662123,0.31566062549979246,-0.20077717792265487,-0.720969969989026,-0.23577176854778956,-0.0,-0.2766664847268682,0.15789473684210525,0.9841269841269841,623.0,0.0028863395656596375,0.9682539682539683,778.0,0.002039692735233201,0.9948586118251928,0.41412520064205455,12.688524590163935,0.9838709677419355
0xb1281d5dcb986fe8e229710afeebd859ee4a70e04e4e653f8a93de4ef8b39314,2,0x7f2944c87183a924d443985649c997f3320d4e5f,0x00000000002d383933aa1609f11d0afa4d5ea90a,2022-06-20 15:57:22+00:00,1972000,30508180360,765672,124566,3.0536814e+16,1094,2.0,121,1101,1869,0.5890850722311396,62,1098,1098,1.0,62,62,381468,2,0xb1281d5dcb986fe8e229710afeebd859ee4a70e04e4e653f8a93de4ef8b39314,1094,62,15,3,62,381451,2,10,3,6,2,5,0,-0.4571333868297535,-0.7185523855298577,-0.7118811138652831,-0.8295348427897948,-0.3141701340282872,-0.25856627060414356,-0.8157548643154211,-0.7208524081564182,-0.1264912099635681,0.058410295877653846,-0.35270527475419594,-0.6767418066856861,-0.9405722858745884,-0.9344645404266102,-0.7231175161045704,-0.7743108194959942,-0.790807370743079,-0.38487551822766,-0.5785951826064182,-0.0018193128501351652,0.4634605873056737,0.29631674076662123,0.31566062549979246,-0.20077717792265487,-0.9339142197236805,-0.23108347470540527,-0.0,-0.252870169742515,0.13333333333333333,0.9841269841269841,623.0,0.0028863395656596375,0.9841269841269841,549.0,0.0028783466022140724,0.9963570127504554,0.5853397538790798,17.64516129032258,1.0
0xe853fe622cc33f9ac08c9de2b48ea570eb26469bf04ade3aec9dfd70689a149b,2,0x7f2944c87183a924d443985649c997f3320d4e5f,0x00000000002d383933aa1609f11d0afa4d5ea90a,2022-06-22 02:42:07+00:00,1972000,21253253499,124566,124566,2.891622e+16,1124,2.0,100,1131,1922,0.5884495317377731,64,1128,1128,1.0,64,64,389494,3,0xe853fe622cc33f9ac08c9de2b48ea570eb26469bf04ade3aec9dfd70689a149b,1124,64,15,3,64,389477,2,10,3,6,2,5,0,-0.4571333868297535,-0.7185050531886461,-0.7118363636326928,-0.8186491301921649,-0.3098689946058937,-0.25634536880894543,-0.8040798748444539,-0.624171559422993,-0.12415248745769651,0.0839392713486564,-0.35270527475419594,-0.6767418066856861,-0.9292586277015396,-0.9274219936648493,-0.7231175161045704,-0.7709352099526259,-0.7885864749836132,-0.38487551822766,-0.5785951826064182,-0.0018193128501351652,0.4634605873056737,0.29631674076662123,0.31566062549979246,-0.26114716411643496,-1.0133010794557846,-0.23108347470540527,-0.0,-0.25064621507108015,0.13333333333333333,0.9846153846153847,640.6666666666666,0.0029038867407144946,0.9846153846153847,564.0,0.002896057715760151,0.9964539007092199,0.5848074921956296,17.5625,1.0
0x929563ecd17ef5b8923dea4d9178bde6625a3a8c05cf6feef2840229f0df853c,3,0x7f2944c87183a924d443985649c997f3320d4e5f,0x00000000002d383933aa1609f11d0afa4d5ea90a,2022-06-22 02:42:18+00:00,2000000,53582655940,118264,118264,0.0,1125,2.0,99,1132,1923,0.5886635465418617,64,1129,1129,1.0,64,64,389496,4,0x929563ecd17ef5b8923dea4d9178bde6625a3a8c05cf6feef2840229f0df853c,1125,64,18,3,64,389479,2,9,4,5,1,3,0,-0.327853582862063,-0.7185034754439391,-0.7118355192886817,-0.8186491301921649,-0.3097256232918139,-0.2562713387491055,-0.8040798748444539,-0.5274907106895678,-0.12407453004083413,0.0839392713486564,-0.3323506305509298,-0.6767418066856861,-0.9292586277015396,-0.9274202387316917,-0.7231175161045704,-0.7709352099526259,-0.7885859215583056,-0.47920775308738056,-0.49929211481496827,-0.2292334191170306,-0.5529003497681722,-0.4159831168454492,0.3263997776881648,-0.05026212868294634,-1.0140814433738135,-0.23465826330730555,-0.0,-0.250572083248699,0.16666666666666666,0.9846153846153847,641.0,0.0029064393550374858,0.9846153846153847,564.5,0.0028986102588723405,0.9964570416297609,0.5850234009360374,17.578125,1.0
0xa74160257a359772fc9790f42ff6b6a50a3c17cdd2d0226b15182b3194cda15b,2,0x7f2944c87183a924d443985649c997f3320d4e5f,0x00000000002d383933aa1609f11d0afa4d5ea90a,2022-06-28 03:48:48+00:00,1972000,23059179087,534319,124566,2.92393e+16,1214,2.0,51,1225,2086,0.587248322147651,70,1218,1218,1.0,70,70,421829,5,0xa74160257a359772fc9790f42ff6b6a50a3c17cdd2d0226b15182b3194cda15b,1214,70,15,3,70,421812,2,10,3,6,2,5,0,-0.4571333868297535,-0.7183567451861833,-0.7116978912148665,-0.785991992399275,-0.2969655763387131,-0.24968266342335113,-0.7690549064315523,-0.4308098619561426,-0.11713631994008177,0.16052619776166407,-0.35270527475419594,-0.6767418066856861,-0.8953176531823931,-0.8990491118380942,-0.7231175161045704,-0.760808381322521,-0.7796389713227203,-0.38487551822766,-0.5785951826064182,-0.0018193128501351652,0.4634605873056737,0.29631674076662123,0.31566062549979246,-0.24936709232851226,-0.9625621939426108,-0.23108347470540527,-0.0,-0.24397435105677553,0.13333333333333333,0.9859154929577465,695.3333333333334,0.002904130503327304,0.9859154929577465,609.0,0.0028874191024820424,0.9967159277504105,0.5819750719079578,17.34285714285714,1.0
0x3f136ea276572075237c7ea27fd23255d6232a001ac1820cc92e8b4662240b49,3,0x922af2498ae44a719da89212658d14c67d35f3f8,0x00000000002d383933aa1609f11d0afa4d5ea90a,2022-06-28 03:48:48+00:00,1972000,23059179087,1376197,116289,3978919000000000.0,869,2.0,50,1225,2086,0.587248322147651,70,874,874,1.0,69,70,421790,6,0x3f136ea276572075237c7ea27fd23255d6232a001ac1820cc92e8b4662240b49,870,69,19,3,70,421812,1,10,3,6,2,5,0,-0.327853582862063,-0.7183567451861833,-0.7116978912148665,-0.785991992399275,-0.3462853083821588,-0.27514900400828934,-0.7748924011670358,-0.33412901322271743,-0.14395367134074258,0.14776171002616278,-0.32556574914984104,-0.6767418066856861,-0.8953176531823931,-0.8990491118380942,-0.7266608202799162,-0.760808381322521,-0.7796497631162188,-0.38487551822766,-0.5785951826064182,-0.0018193128501351652,0.4634605873056737,0.29631674076662123,0.31566062549979246,-0.24936709232851226,-0.8583141433900587,-0.2357785755079963,-0.0,-0.26954982977827663,0.15789473684210525,0.9859154929577465,695.3333333333334,0.002904130503327304,0.971830985915493,874.0,0.0020721162850795773,0.9954233409610984,0.4170661553211889,12.608695652173912,0.9857142857142858
0xa35df36f7c8b4bd295fc37df9707c66074c2199edcaab9f396a76a01cb77c7bb,2,0x26ce7c1976c5eec83ea6ac22d83cb341b08850af,0x00000000003b3cc22af3ae1eac0440bcee416b40,2022-06-20 20:43:43+00:00,171252,1262392614877,2390431,97854,0.0,102266,2.0,111,121323,259715,0.4671389792657336,396,51520,102336,0.5034396497811132,428,438,2800438,1,0xa35df36f7c8b4bd295fc37df9707c66074c2199edcaab9f396a76a01cb77c7bb,95976,384,12,12,395,2520958,28,8,3,4,1,2,0,-0.4571333868297535,-0.5288727613587718,-0.4941703879698391,0.9883791610144116,6.914898264502585,7.2360889274713625,1.3207682088715789,-0.8175332568898434,7.270264416773349,4.168575346709066,-0.3730599189574621,-0.6766791052783886,0.9431517999380437,0.942881347265218,-0.6309916075455797,-0.13969622534275378,-0.12144776256029484,-0.5735399879471011,-0.5785951826064182,-0.45664752538392606,-0.5529003497681722,-0.7721330456514843,-0.37500033253260745,7.834818070000061,-0.7327235978429403,-0.24623576812558304,-0.0,7.247194564204464,0.16666666666666666,1.0,21642.916666666668,0.04812573310394973,0.9749430523917996,3654.8571428571427,0.018397115595090628,0.9378517823639775,0.3695435381090811,249.9375,0.9696969696969697
0x60d2db783a66218b703c57a567d3b2daa464d79edb093bc57493f83d8ce3e3e6,2,0x26ce7c1976c5eec83ea6ac22d83cb341b08850af,0x00000000003b3cc22af3ae1eac0440bcee416b40,2022-06-20 20:43:43+00:00,2000000,18740930898,361806,106001,0.0,102265,2.0,112,121323,259715,0.4671389792657336,396,51520,102336,0.5034396497811132,428,438,2800438,2,0x60d2db783a66218b703c57a567d3b2daa464d79edb093bc57493f83d8ce3e3e6,95976,384,12,12,395,2520958,28,8,3,4,1,2,0,-0.4571333868297535,-0.5288727613587718,-0.4941703879698391,0.9883791610144116,6.914898264502585,7.2360889274713625,1.3207682088715789,-0.7208524081564182,7.270264416773349,4.168575346709066,-0.3730599189574621,-0.6766791052783886,0.9431517999380437,0.942881347265218,-0.6309916075455797,-0.13969622534275378,-0.12144776256029484,-0.5735399879471011,-0.5785951826064182,-0.45664752538392606,-0.5529003497681722,-0.7721330456514843,0.3263997776881648,-0.27753507112149406,-0.9839241299297401,-0.24161440939189824,-0.0,7.247120432382083,0.16666666666666666,1.0,21642.916666666668,0.04812573310394973,0.9749430523917996,3654.8571428571427,0.018397115595090628,0.9378517823639775,0.3695435381090811,249.9375,0.9696969696969697
0x1f56cc833d3cbd77e9b3a9975c06194d2a700b13390e5b4254e22e9f462c6ba0,2,0xb58555fcba6479fced7de1485eb054943a09af7b,0x00000000003b3cc22af3ae1eac0440bcee416b40,2022-06-30 13:36:28+00:00,2000000,60479372113,596910,106011,0.0,37610,2.0,31,122622,262405,0.46730054686457956,406,19015,37694,0.5044569427495093,367,366,2323232,3,0x1f56cc833d3cbd77e9b3a9975c06194d2a700b13390e5b4254e22e9f462c6ba0,37070,367,12,12,405,2572963,13,8,3,4,1,2,0,-0.4571333868297535,-0.5268232709843126,-0.4918991025798825,1.0428077240025615,2.2546137003392044,2.450637799298178,0.9646810300070788,-0.624171559422993,2.678104819077634,3.9515790552055434,-0.3730599189574621,-0.6766791052783886,0.9997200908032879,0.9885139966977338,-0.6841411701757666,-0.26121816890401256,-0.25349670123356227,-0.5735399879471011,-0.5785951826064182,-0.45664752538392606,-0.5529003497681722,-0.7721330456514843,0.3263997776881648,-0.005274775849188503,-0.9548116769649314,-0.2416087369250593,-0.0,2.454127456328017,0.16666666666666666,1.0,21867.083333333332,0.04765787628587108,1.0,2899.5384615384614,0.00818471500706128,0.9834456412161087,0.14127017396772165,101.00817438692098,0.9039408866995073
0x0d11c1671531e1b9d1264f66d50e0acc34427698176c3b75db65aa1a64768848,2,0xb58555fcba6479fced7de1485eb054943a09af7b,0x00000000003b3cc22af3ae1eac0440bcee416b40,2022-06-30 13:36:28+00:00,171269,1152317955377,1180606,97864,0.0,37611,2.0,32,122622,262405,0.46730054686457956,406,19015,37694,0.5044569427495093,367,366,2323232,4,0x0d11c1671531e1b9d1264f66d50e0acc34427698176c3b75db65aa1a64768848,37070,367,12,12,405,2572963,13,8,3,4,1,2,0,-0.4571333868297535,-0.5268232709843126,-0.4918991025798825,1.0428077240025615,2.2546137003392044,2.450637799298178,0.9646810300070788,-0.5274907106895678,2.678104819077634,3.9515790552055434,-0.3730599189574621,-0.6766791052783886,0.9997200908032879,0.9885139966977338,-0.6841411701757666,-0.26121816890401256,-0.25349670123356227,-0.5735399879471011,-0.5785951826064182,-0.45664752538392606,-0.5529003497681722,-0.7721330456514843,-0.3749938123330645,7.116799897181996,-0.8825337814559355,-0.2462300956587441,-0.0,2.454201588150398,0.16666666666666666,1.0,21867.083333333332,0.04765787628587108,1.0,2899.5384615384614,0.00818471500706128,0.9834456412161087,0.14127017396772165,101.00817438692098,0.9039408866995073
0x43c933987a700254fae344bf15351f289b7e3edc4162ed2fd4eeaadac81147ed,2,0x16986dc82b24987f66939635137e25836df2ea61,0x0000000000d9455cc7eb92d06e00582a982f68fe,2022-06-22 17:10:34+00:00,1972000,62139810696,141662,141662,3.1990742e+16,7582,2.0,81,7575,12705,0.5962219598583235,96,7583,7584,0.9998681434599156,96,96,600205,1,0x43c933987a700254fae344bf15351f289b7e3edc4162ed2fd4eeaadac81147ed,7548,96,15,3,96,600205,17,10,3,6,2,5,0,-0.4571333868297535,-0.7083380662964095,-0.7027318021606104,-0.6444777286300852,0.6155928377791126,0.22159269751768554,-0.6172800433089785,-0.8175332568898434,0.37664595846627175,0.49240287888469725,-0.35270527475419594,-0.6767418066856861,-0.7482400969327582,-0.7425152164392905,-0.6699679534743834,-0.7169254572587331,-0.7302800749870021,-0.38487551822766,-0.5785951826064182,-0.0018193128501351652,0.4634605873056737,0.29631674076662123,0.31566062549979246,0.005556282660170557,-1.0111841163420718,-0.22138582539755264,-0.0,0.22809709386646768,0.13333333333333333,0.9896907216494846,4235.0,0.012620666904362835,0.9896907216494846,446.11764705882354,0.012633995661489554,0.995253164556962,0.5940968122786304,78.625,1.0
0xecb017a84aa52c86992b28b793da549ff31b817ecfedc2c5708550a04605cda8,3,0x4ecde565958dd14ac37dcc9d3d08125f17c7aaaf,0x0000000000d9455cc7eb92d06e00582a982f68fe,2022-06-22 17:10:34+00:00,1972000,62139810696,747422,116285,5863829700000000.0,5154,2.0,82,7575,12705,0.5962219598583235,96,5165,5165,1.0,96,96,600205,2,0xecb017a84aa52c86992b28b793da549ff31b817ecfedc2c5708550a04605cda8,5155,96,19,3,96,600205,1,10,3,6,2,5,0,-0.327853582862063,-0.7083380662964095,-0.7027318021606104,-0.6444777286300852,0.2689210003341947,0.0425139827648788,-0.6172800433089785,-0.7208524081564182,0.19009385991458183,0.49240287888469725,-0.32556574914984104,-0.6767418066856861,-0.7482400969327582,-0.7425152164392905,-0.7266608202799162,-0.7169254572587331,-0.7302800749870021,-0.38487551822766,-0.5785951826064182,-0.0018193128501351652,0.4634605873056737,0.29631674076662123,0.31566062549979246,0.005556282660170557,-0.9361740803241286,-0.23578084449473186,-0.0,0.04810502912500498,0.15789473684210525,0.9896907216494846,4235.0,0.012620666904362835,0.9896907216494846,5165.0,0.008605378819938487,0.9980638915779284,0.405745769382133,53.697916666666664,1.0
0xcc4006afaade4dfa9ae6c346f96055f6a3d76f52b0a97922d22dbbd4e6cf2ff9,2,0x16986dc82b24987f66939635137e25836df2ea61,0x0000000000d9455cc7eb92d06e00582a982f68fe,2022-06-24 11:54:16+00:00,1972000,30940021716,879667,124550,3.839236e+16,7762,2.0,72,7752,13020,0.5953917050691244,98,7763,7764,0.9998712004121587,98,98,609691,3,0xcc4006afaade4dfa9ae6c346f96055f6a3d76f52b0a97922d22dbbd4e6cf2ff9,7724,98,15,3,98,609691,19,10,3,6,2,5,0,-0.4571333868297535,-0.7080588054832614,-0.7024658337971025,-0.6335920160324552,0.6413996743134738,0.23491810828887413,-0.6056050538380113,-0.624171559422993,0.3903664638340517,0.5179318543556998,-0.35270527475419594,-0.6767418066856861,-0.7369264387597093,-0.734191568472425,-0.6628813451236919,-0.7135498477153648,-0.727655178752976,-0.38487551822766,-0.5785951826064182,-0.0018193128501351652,0.4634605873056737,0.29631674076662123,0.31566062549979246,-0.19796027217167778,-0.9197984493594019,-0.23109255065234757,-0.0,0.24144082189507696,0.13333333333333333,0.98989898989899,4340.0,0.01271461656049284,0.98989898989899,408.63157894736844,0.012732658457057006,0.9948480164863472,0.5932411674347158,78.81632653061224,1.0
0x285995795ce78aab632a47b71ebfde1ee7def8bbf7fa4667c6a145a89be3edc1,3,0x16986dc82b24987f66939635137e25836df2ea61,0x0000000000d9455cc7eb92d06e00582a982f68fe,2022-06-24 11:54:24+00:00,2000000,61435648141,3391476,118244,0.0,7763,2.0,70,7753,13021,0.5954227785884341,98,7764,7765,0.9998712169993561,98,98,609693,4,0x285995795ce78aab632a47b71ebfde1ee7def8bbf7fa4667c6a145a89be3edc1,7725,98,18,3,98,609693,19,9,4,5,1,3,0,-0.327853582862063,-0.7080572277385544,-0.7024649894530913,-0.6335920160324552,0.6415430456275535,0.23499213834871407,-0.6056050538380113,-0.5274907106895678,0.3904444212509141,0.5179318543556998,-0.3323506305509298,-0.6767418066856861,-0.7369264387597093,-0.7341898135392673,-0.6628813451236919,-0.7135498477153648,-0.7276546253276684,-0.47920775308738056,-0.49929211481496827,-0.2292334191170306,-0.5529003497681722,-0.4159831168454492,0.3263997776881648,0.0009630228362961996,-0.6087662194990716,-0.23466960824098343,-0.0,0.24151495371745813,0.16666666666666666,0.98989898989899,4340.333333333333,0.01271621501933757,0.98989898989899,408.6842105263158,0.012734256856718288,0.9948486799742434,0.5932724061132018,78.8265306122449,1.0
0xfbc15f7870cb161ce175de466f7f22714eebd66f2d2629f71bbc8b3dfcc025f6,2,0x16986dc82b24987f66939635137e25836df2ea61,0x0000000000d9455cc7eb92d06e00582a982f68fe,2022-07-10 10:20:26+00:00,1972000,8065874216,248484,124550,3.372635e+17,9380,2.0,4,9370,15269,0.613661667430742,114,9383,9384,0.9998934356351236,114,114,705908,5,0xfbc15f7870cb161ce175de466f7f22714eebd66f2d2629f71bbc8b3dfcc025f6,9341,114,15,3,114,705908,19,10,3,6,2,5,0,-0.4571333868297535,-0.7055060145472529,-0.7005669041160569,-0.5465063152514154,0.873661203122724,0.3548468052295715,-0.5122051380702736,-0.4308098619561426,0.51642360690053,0.7221636581237202,-0.35270527475419594,-0.6767418066856861,-0.6464171733753186,-0.6497643666562848,-0.6628813451236919,-0.6865449713684184,-0.701030717341498,-0.38487551822766,-0.5785951826064182,-0.0018193128501351652,0.4634605873056737,0.29631674076662123,0.31566062549979246,-0.3471685792182319,-0.9979565640647529,-0.23109255065234757,-0.0,0.36138611050779795,0.13333333333333333,0.991304347826087,5089.666666666667,0.013273665585790803,0.991304347826087,493.89473684210526,0.013292081557254547,0.9954177323103154,0.6117623943938699,81.93859649122807,1.0
0x8f772157cb2aca6788068d034d289eb5a5be351924162733601ca99583db6a05,14,0x4bc6fe8c58926f64388ee522757774c97787bce0,0x0a267cf51ef038fc00e71801f5a524aec06e4f07,2022-06-20 20:43:43+00:00,2726415,20240930898,2292577,1930771,1.0799237e+20,41,2.0,113,81351,91661,0.8875203194379289,274,46,47,0.9787234042553191,20,114,717945,1,0x8f772157cb2aca6788068d034d289eb5a5be351924162733601ca99583db6a05,1,1,159,31470,302,1923708,18,50,12,10,2,9,0,1.0942242607825323,-0.5919383727890146,-0.6360657764173346,0.3243506925589829,-0.46499675644022004,-0.33637186349591697,-1.0609296432057327,-0.8175332568898434,-0.2116986665941561,-0.720223455987924,0.6243176470025795,-0.4575167863045508,0.41706669489127257,0.418814433053699,-0.6664246492990377,-0.6865449713684184,-0.6976999271276069,3.3884138761611635,0.1351324275166306,0.9078371122174466,0.4634605873056737,1.7209164559907622,0.6050098218637551,-0.26775055519276575,-0.7448406608125979,0.7934803219774419,0.0,-0.3309309787098792,0.0880503144654088,0.9042904290429042,2.9126469653638387,0.04228862057618902,0.17391304347826086,2.611111111111111,6.407167112846928e-05,0.02127659574468085,1.0909765330947732e-05,1.0,0.0036496350364963502
0xf8d1db998f520128144e0b669a9024be7ee93331de54121409c36f9a1cdabc64,19,0x900cb4a0bfa00d567cfbd2b425584341dbefc30d,0x0fc584529a2aefa997697fafacba5831fac0c22d,2022-06-21 12:15:26+00:00,714676,25068512149,9588400,532597,0.0,574,2.0,107,12650,13051,0.9692743851045897,153,565,604,0.9354304635761589,145,401,2556401,1,0xf8d1db998f520128144e0b669a9024be7ee93331de54121409c36f9a1cdabc64,8,8,121,4811,152,959061,126,20,12,9,1,4,0,1.740623280620985,-0.7003310119081256,-0.7024396591327572,-0.3342349195976308,-0.3905870444328121,-0.29513712016507226,-0.3312428012702818,-0.8175332568898434,-0.21115296467611938,-0.6308720418394151,0.36649215376120825,-0.6432453215427586,-0.43145766808739056,-0.4276310698234867,-0.2837477983616915,-0.20214500189506732,-0.18897588845772315,0.5584468303695458,0.1351324275166306,0.6804230059505512,-0.5529003497681722,-0.05983318803941397,-0.16657486686067619,-0.2362601914276726,0.158586349902104,0.0003707569705666245,-0.0,-0.29141871738071956,0.15702479338842976,1.0,2.712741633755976,0.013189971034197997,0.36069651741293535,4.7936507936507935,0.00022101375292305357,0.013245033112582781,0.0006129798482874875,1.0,0.05228758169934641
0x950e3e41f7ff97c2235cac6450481354a166c06f749b05971367c816525c95a3,19,0x0be622970ba446a35b411a6c4efdfdc3f9b68a0b,0x0fc584529a2aefa997697fafacba5831fac0c22d,2022-06-24 03:23:50+00:00,976233,41045501387,14372247,518917,0.0,344,2.0,76,12790,13194,0.9693800212217675,156,371,378,0.9814814814814815,113,405,2577432,2,0x950e3e41f7ff97c2235cac6450481354a166c06f749b05971367c816525c95a3,4,4,121,4852,155,973080,66,20,12,9,1,4,0,1.740623280620985,-0.7001101276491385,-0.7023189179391647,-0.31790635070118584,-0.4184010793642902,-0.31186791368889794,-0.5180426328057571,-0.7208524081564182,-0.21146479434356893,-0.6819299927814202,0.36649215376120825,-0.6429596817984033,-0.4144871808278173,-0.4153298658547445,-0.4963460488824394,-0.19539378280833072,-0.18315634463547972,0.5584468303695458,0.1351324275166306,0.6804230059505512,-0.5529003497681722,-0.05983318803941397,-0.06625699439874347,-0.13204212096611792,0.7509604514841317,-0.007389177665103938,-0.0,-0.308469036528387,0.15702479338842976,1.0,2.719291014014839,0.013143818448823891,0.27832512315270935,5.7272727272727275,0.00014394166599092975,0.010582010582010581,0.00030316810671517357,1.0,0.02564102564102564
0x36d5024238d82aa7c5ea9829113fd4ab94282f60d29b792b8a5c5d5541f72d90,19,0xca027c05547efc041a5e8c02de3c9db83dec7498,0x0fc584529a2aefa997697fafacba5831fac0c22d,2022-06-24 14:09:04+00:00,714676,130339566272,15916942,532597,0.0,735,2.0,69,12810,13214,0.9694263659754806,156,790,812,0.9729064039408867,192,331,2102439,3,0x36d5024238d82aa7c5ea9829113fd4ab94282f60d29b792b8a5c5d5541f72d90,11,10,121,4859,155,975453,105,20,12,9,1,4,0,1.740623280620985,-0.7000785727549974,-0.702302031058942,-0.31790635070118584,-0.3583284987648607,-0.2797388677183654,-0.05688054870255226,-0.624171559422993,-0.21091909242553222,-0.6053430663684125,0.36649215376120825,-0.6429109140371719,-0.4144871808278173,-0.41324763766315986,-0.35815718604395325,-0.32029133591295783,-0.31459291820586927,0.5584468303695458,0.1351324275166306,0.6804230059505512,-0.5529003497681722,-0.05983318803941397,-0.16657486686067619,0.45042401250600417,0.9422369101257334,0.0003707569705666245,-0.0,-0.2794834939773524,0.15702479338842976,1.0,2.719489606915003,0.013132346579131359,0.5783132530120482,7.733333333333333,0.0003757538859610738,0.013546798029556651,0.0008324504313606781,1.1,0.0641025641025641
0xef6fadaf1b71e9898e248b99960be9355952f541ee793af032efcc85d5cc8f3a,19,0x581eeec38be03a9b14493bb486dfabfe2e49c59a,0x0fc584529a2aefa997697fafacba5831fac0c22d,2022-06-27 07:20:13+00:00,714676,27755970141,8806482,532597,0.0,1093,2.0,60,12947,13353,0.9695948475997903,159,1120,1130,0.9911504424778761,181,197,1245031,4,0xef6fadaf1b71e9898e248b99960be9355952f541ee793af032efcc85d5cc8f3a,32,22,121,4895,158,989995,132,20,12,9,1,4,0,1.740623280620985,-0.6998624217301315,-0.7021846672413941,-0.3015777818047409,-0.31101596511853197,-0.25619730868926555,-0.12109299079287193,-0.5274907106895678,-0.20928198667142212,-0.4521692135423972,0.36649215376120825,-0.642660108407982,-0.39751669356824404,-0.40048751867368493,-0.2624879733096167,-0.5464571753186339,-0.551848561282379,0.5584468303695458,0.1351324275166306,0.6804230059505512,-0.5529003497681722,-0.05983318803941397,-0.16657486686067619,-0.2187298744073311,0.06176302491683253,0.0003707569705666245,-0.0,-0.25294430156489617,0.15702479338842976,1.0,2.727885597548519,0.013077830617497444,0.9141414141414141,8.56060606060606,0.0008995752719608813,0.02831858407079646,0.002396465213809631,1.4545454545454546,0.13836477987421383
0x9ff40817a061c9ed7ea1ad95243bba1e6736dae760180e2e3fd71e6fc47eefbb,14,0x6031b736d50f0d4845eb756169e74f7e3756e157,0x0fc584529a2aefa997697fafacba5831fac0c22d,2022-06-28 17:13:59+00:00,663422,59766035036,7187953,494280,1.3926985e+19,4832,2.0,47,13020,13427,0.9696879422060029,160,4374,4986,0.8772563176895307,335,351,2227201,5,0x9ff40817a061c9ed7ea1ad95243bba1e6736dae760180e2e3fd71e6fc47eefbb,1,1,102,4917,159,997536,1301,20,12,9,2,5,0,1.0942242607825323,-0.6997472463665168,-0.70212218578457,-0.29613492550592585,0.15551429089708546,0.029262602053530137,0.7778811984716035,-0.4308098619561426,-0.2116986665941561,-0.720223455987924,0.2375794071405226,-0.6425068383012548,-0.3918598644817196,-0.39387054320266096,3.879634607669621,-0.2865352404792748,-0.28006969409143195,0.5584468303695458,0.1351324275166306,0.6804230059505512,0.4634605873056737,0.29631674076662123,-0.18623288494149184,-0.009927881177494506,-0.13865614866030274,-0.021364434216201576,0.0,0.024234582318270637,0.13725490196078433,1.0,2.7307301199918648,0.013052147439142608,0.9517045454545454,3.832436587240584,0.0019638990985101487,0.00020056157240272763,7.447680047665153e-05,1.0,0.00625
0x0fccd1f962824e339169029f1a8045f17a1df6aec9abd8f712611784c8c56eeb,19,0xaabf4818a8bd23b210df38e93bb940636cacfbfa,0x0fc584529a2aefa997697fafacba5831fac0c22d,2022-06-29 19:38:37+00:00,667922,79380107153,7408447,532597,0.0,384,2.0,37,13078,13486,0.9697464036778882,161,451,453,0.9955849889624724,122,236,1492555,6,0x0fccd1f962824e339169029f1a8045f17a1df6aec9abd8f712611784c8c56eeb,3,3,121,4940,160,1003384,52,20,12,9,1,4,0,1.740623280620985,-0.6996557371735078,-0.702072369487913,-0.2906920692071109,-0.4069313742379075,-0.3063156592009027,-0.46550518018640474,-0.33412901322271743,-0.21154275176043133,-0.6946944805169215,0.36649215376120825,-0.6423466013714946,-0.3862030353951952,-0.3887391186496112,-0.5459523073372805,-0.4806327892229521,-0.483355538361121,0.5584468303695458,0.1351324275166306,0.6804230059505512,-0.5529003497681722,-0.05983318803941397,-0.18450694976836057,0.11801491952651391,-0.11135282245563363,0.0003707569705666245,-0.0,-0.30550376363314047,0.15702479338842976,1.0,2.7299595141700403,0.013033880315133273,0.5147679324894515,8.711538461538462,0.0003021662168789647,0.006622516556291391,0.00022245291413317515,1.0,0.018633540372670808
0xc450ee46add18e6a8885c80a9edcb49aaf45fec70f81a168111acb8ec4a5c3f1,19,0xca027c05547efc041a5e8c02de3c9db83dec7498,0x0fc584529a2aefa997697fafacba5831fac0c22d,2022-06-30 10:31:45+00:00,714676,45835454462,3121074,532597,0.0,744,2.0,36,13113,13523,0.9696812837388153,162,799,821,0.9732034104750305,197,337,2133698,7,0xc450ee46add18e6a8885c80a9edcb49aaf45fec70f81a168111acb8ec4a5c3f1,12,11,121,4944,161,1006712,105,20,12,9,1,4,0,1.740623280620985,-0.699600516108761,-0.7020411287595009,-0.2852492129082959,-0.35703815693814267,-0.279072597179806,-0.02769307502513423,-0.2374481644892922,-0.21084113500866986,-0.5925785786329113,0.36649215376120825,-0.6423187340793624,-0.3805462063086708,-0.3858189098752354,-0.35815718604395325,-0.31016450728285294,-0.30594315736047406,0.5584468303695458,0.1351324275166306,0.6804230059505512,-0.5529003497681722,-0.05983318803941397,-0.16657486686067619,-0.1007972061926521,-0.6422495524350922,0.0003707569705666245,-0.0,-0.2788163075759219,0.15702479338842976,1.0,2.7352346278317152,0.013025559419616117,0.5828402366863905,7.819047619047619,0.0003744670640048104,0.014616321559074299,0.0008873770613029653,1.0909090909090908,0.06790123456790123
0x36bd11625e7030abd7281c33653d019047fcd26496fbf85f0b3cd64679a97e02,14,0x4af84f12fc41bf5ab4f0c61f584602c42b4bc330,0x0fc584529a2aefa997697fafacba5831fac0c22d,2022-06-30 13:36:28+00:00,663422,62979372113,1082742,485832,1.3013156e+19,233,2.0,30,13127,13537,0.9697126394326661,162,241,251,0.9601593625498008,84,454,2888491,8,0x36bd11625e7030abd7281c33653d019047fcd26496fbf85f0b3cd64679a97e02,3,3,102,4946,161,1007400,63,20,12,9,2,5,0,1.0942242607825323,-0.6995784276828623,-0.702029307943345,-0.2852492129082959,-0.43703935019466217,-0.3212697312885699,-0.6873299801347817,-0.14076731575586704,-0.21154275176043133,-0.6946944805169215,0.2375794071405226,-0.6423048004332962,-0.3805462063086708,-0.38521521286899424,-0.5069759614084768,-0.11269134899580738,-0.0970823832545082,0.5584468303695458,0.1351324275166306,0.6804230059505512,0.4634605873056737,0.29631674076662123,-0.18623288494149184,0.01103275069869204,-0.8946520827053742,-0.026156534201738482,0.0,-0.316697668812696,0.13725490196078433,1.0,2.736959158916296,0.0130305608193758,0.18461538461538463,3.984126984126984,8.343453954520214e-05,0.01195219123505976,0.00022161483341951688,1.0,0.018518518518518517
0xe1a89bb06851f05a50ca44cff20352751d8426a62f18860c61a1bd62ccc934a5,19,0x4af84f12fc41bf5ab4f0c61f584602c42b4bc330,0x0fc584529a2aefa997697fafacba5831fac0c22d,2022-07-03 17:42:57+00:00,714676,19059736731,5916614,532597,0.0,237,2.0,25,13396,13813,0.9698110475638891,165,245,255,0.9607843137254902,86,457,2908876,9,0xe1a89bb06851f05a50ca44cff20352751d8426a62f18860c61a1bd62ccc934a5,4,4,121,5024,164,1027785,63,20,12,9,1,4,0,1.740623280620985,-0.6991540143566656,-0.7017962689962713,-0.26892064401185095,-0.43646586493834305,-0.32097361104921013,-0.6756549906638145,-0.04408646702244184,-0.21146479434356893,-0.6819299927814202,0.36649215376120825,-0.6417613882367179,-0.3635757190490975,-0.36732805665936374,-0.5069759614084768,-0.10762793468075493,-0.09144159580662499,0.5584468303695458,0.1351324275166306,0.6804230059505512,-0.5529003497681722,-0.05983318803941397,-0.16657486686067619,-0.27545549728738744,-0.2960834865185565,0.0003707569705666245,-0.0,-0.31640114152317134,0.15702479338842976,1.0,2.749402866242038,0.013033841675212545,0.18777292576419213,4.0476190476190474,8.422494316535213e-05,0.01568627450980392,0.00028958227756461304,1.0,0.024242424242424242
0x9642030cb6276b08c231659759fafb44b0acc380c8f0287a64d6c8320d3b7aa3,18,0xa7d21048c02c83ebe67c0d39c0fc6a82eadaa88d,0x0fc584529a2aefa997697fafacba5831fac0c22d,2022-07-06 06:31:18+00:00,731535,19777193812,6279787,545207,7.617065e+17,1008,2.0,17,13657,14082,0.9698196278937651,168,1115,1132,0.984982332155477,118,133,827024,10,0x9642030cb6276b08c231659759fafb44b0acc380c8f0287a64d6c8320d3b7aa3,1,1,124,5096,167,1044150,95,20,12,9,2,6,0,1.6113434766532944,-0.6987422229881253,-0.7015691404572757,-0.25259207511540593,-0.31173282168893085,-0.2560492485695857,-0.48885515912833916,0.05259438171098335,-0.2116986665941561,-0.720223455987924,0.3868467979644744,-0.641259776978338,-0.34660523178952424,-0.35296831609666557,-0.3935902277974112,-0.6544766807064195,-0.6675163875628459,0.5584468303695458,0.1351324275166306,0.6804230059505512,0.4634605873056737,0.6524666695726564,-0.16010874661982724,-0.2707755171292385,-0.2511125082255948,0.007523737654470557,-0.0,-0.259245506467295,0.14516129032258066,1.0,2.763343799058085,0.013079525854019199,0.8805970149253731,11.91578947368421,0.0013482059188053566,0.0008833922261484099,7.10126402499645e-05,1.0,0.005952380952380952
0x5d5369170f33b50561e3337d5d672f5d41fc1cf793c834e985c85833270d6a12,18,0xd0340ecd70b8b977a23a01636776160d48aa9adb,0x0fc584529a2aefa997697fafacba5831fac0c22d,2022-07-08 05:29:52+00:00,731535,14919196526,28320676,545207,7.5915375e+17,127,2.0,12,13886,14325,0.9693542757417103,170,138,138,1.0,51,214,1345453,11,0x5d5369170f33b50561e3337d5d672f5d41fc1cf793c834e985c85833270d6a12,1,1,124,5184,169,1056854,29,20,12,9,2,6,0,1.6113434766532944,-0.6983809194502105,-0.7013639648625696,-0.24170636251777597,-0.45180659554487995,-0.32963512805048273,-0.8799673064057408,0.14927523044440855,-0.2116986665941561,-0.720223455987924,0.3868467979644744,-0.6406466965514291,-0.33529157361647544,-0.34182098067909644,-0.6274483033702338,-0.5177644942000034,-0.5240605231616369,0.5584468303695458,0.1351324275166306,0.6804230059505512,0.4634605873056737,0.6524666695726564,-0.16010874661982724,-0.3024642850136291,2.478166212319648,0.007523737654470557,-0.0,-0.32455564198509923,0.14516129032258066,1.0,2.763310185185185,0.013138983114996854,0.2372093023255814,4.758620689655173,0.00010256760914903073,0.007246376811594203,6.980802792321117e-05,1.0,0.0058823529411764705
0x2183167d9e43b7f50c83914644680ab24d08fd59e26dda702109cacb7be3cb36,2,0xf41fa837908c0318a9a2b739c8fb990bfd4ac8a7,0x1111111254fb6c44bac0bed2854e76f90643097d,2022-06-18 23:19:03+00:00,185336,32778462324,7558257,130562,0.0,4370,2.0,128,649503,1201115,0.5407500530756838,224,4164,4379,0.9509020324274948,425,488,3124182,1,0x2183167d9e43b7f50c83914644680ab24d08fd59e26dda702109cacb7be3cb36,819,125,16,124088,223,1418395,321,8,5,4,2,4,0,-0.4571333868297535,0.30446043801142747,0.3006950641138502,0.05220787761823345,0.1254063149403308,-0.015673644269311407,1.3032557246651282,-0.8175332568898434,-0.14792949960072427,0.8625730232142342,-0.3459203933531072,0.1877364293709185,-0.029822802944156696,-0.024580836299110218,0.407196515830739,-0.055305986758546276,-0.0318637011657644,-0.5735399879471011,-0.4199890470235184,-0.45664752538392606,0.4634605873056737,-0.05983318803941397,-0.36959853898185613,-0.1859681045630131,-0.09280215305546186,-0.22768226358877655,-0.0,-0.01001431962182647,0.125,1.0,9.679541937979499,0.4579137279010939,0.869120654396728,13.641744548286605,0.0013328284546711892,0.18702900205526377,0.000681866432439858,6.552,0.5580357142857143
0x991ed1e480ee2bd93458a0f7ec3a41c2d14e11385712d3663918ddba218bb141,2,0x74be0af0bf7254328ddffc09425ff71d64a1a836,0x1111111254fb6c44bac0bed2854e76f90643097d,2022-06-19 07:28:02+00:00,171283,18345852922,11259997,115547,6e+18,2612,2.0,127,650432,1202776,0.54077567227813,225,2370,2638,0.8984078847611827,312,1867,11311139,2,0x991ed1e480ee2bd93458a0f7ec3a41c2d14e11385712d3663918ddba218bb141,502,67,14,124278,224,1420349,164,8,4,4,1,2,0,-0.4571333868297535,0.30592616284427787,0.3020975195163476,0.05765073391704844,-0.13180182251880185,-0.1445599784506411,0.6436188195554805,-0.7208524081564182,-0.17264200074610067,0.12223273455516023,-0.3594901561552846,0.1890601257471989,-0.024165973857632278,-0.022866266604059052,-0.14910223969855121,2.2721767933938968,2.233570896919083,-0.5735399879471011,-0.49929211481496827,-0.45664752538392606,-0.5529003497681722,-0.7721330456514843,-0.3749884427569703,-0.28011216895433527,0.3655768266214081,-0.23619947254744567,0.0,-0.14033806336791027,0.14285714285714285,1.0,9.678108756175671,0.4579378322244517,0.1670235546038544,16.085365853658537,0.0002095279520897098,0.19029567854435178,0.0004173678224374281,7.492537313432836,0.29777777777777775
0x8ba015199adbd51724c944666cd7bbff01578785961eefe5086a200d182a3824,2,0xf41fa837908c0318a9a2b739c8fb990bfd4ac8a7,0x1111111254fb6c44bac0bed2854e76f90643097d,2022-06-19 22:14:03+00:00,185348,35677215247,1024004,125774,0.0,4385,2.0,125,652340,1206738,0.5405813026522741,225,4179,4394,0.9510696404187529,426,489,3129676,3,0x8ba015199adbd51724c944666cd7bbff01578785961eefe5086a200d182a3824,826,126,16,124709,224,1423889,322,8,5,4,2,4,0,-0.4571333868297535,0.30893649974533116,0.3054428104884695,0.05765073391704844,0.12755688465152756,-0.014563193371712356,1.3090932194006117,-0.624171559422993,-0.14738379768268756,0.8753375109497354,-0.3459203933531072,0.19206282647444553,-0.024165973857632278,-0.01976003491496943,0.41073982000608483,-0.05361818198686213,-0.030343441845741326,-0.5735399879471011,-0.4199890470235184,-0.45664752538392606,0.4634605873056737,-0.05983318803941397,-0.3695939364880611,-0.1670595084639856,-0.9019254904834083,-0.23039824071126125,-0.0,-0.008902342286109031,0.125,1.0,9.676430730741165,0.4581393225600292,0.8693877551020408,13.645962732919255,0.0013352815641997562,0.18798361401911698,0.0006844899224189509,6.555555555555555,0.56
0x912afacdbb7394ddd96f876fa6ac7a1ed40477196cd989fdd8cffc5eb8a0ca62,2,0x74be0af0bf7254328ddffc09425ff71d64a1a836,0x1111111254fb6c44bac0bed2854e76f90643097d,2022-06-20 00:57:31+00:00,152676,19713653503,8937403,117118,0.0,2615,2.0,123,652648,1207322,0.5405749253306077,226,2373,2644,0.8975037821482602,313,1868,11315323,4,0x912afacdbb7394ddd96f876fa6ac7a1ed40477196cd989fdd8cffc5eb8a0ca62,507,68,13,124770,225,1424533,164,8,3,4,1,2,0,-0.4571333868297535,0.30942244511510286,0.3059359073909731,0.06309359021586343,-0.1313717085765625,-0.1441157980916015,0.6494563142909642,-0.5274907106895678,-0.17225221366178872,0.1349972222906615,-0.36627503755637336,0.19248780267946186,-0.018509144771107856,-0.01919494643819719,-0.14910223969855121,2.2738645981655807,2.234728662662617,-0.5735399879471011,-0.5785951826064182,-0.45664752538392606,-0.5529003497681722,-0.7721330456514843,-0.38212499292729335,-0.2711899912395897,0.07797470763854597,-0.23530832800704812,-0.0,-0.14011566790076677,0.15384615384615385,1.0,9.676380540193957,0.4581484190619529,0.16746923488496523,16.121951219512194,0.0002097156033711452,0.1917549167927383,0.0004199376802543149,7.455882352941177,0.3008849557522124
0xc599b57d59d88d047cb53ebf491e6ac60b85f4cf6a10a0434aa682c361efc1d5,2,0x74be0af0bf7254328ddffc09425ff71d64a1a836,0x1111111254fb6c44bac0bed2854e76f90643097d,2022-06-20 16:00:39+00:00,185324,37419152776,15161437,130550,0.0,2629,2.0,118,654444,1210593,0.5405978722824268,226,2384,2655,0.8979284369114877,313,1868,11318996,5,0xc599b57d59d88d047cb53ebf491e6ac60b85f4cf6a10a0434aa682c361efc1d5,513,68,16,125133,225,1428206,164,8,5,4,2,4,0,-0.4571333868297535,0.3122560746089665,0.30869775665139987,0.06309359021586343,-0.12979462412168485,-0.1433014674333622,0.6494563142909642,-0.4308098619561426,-0.1717844691606144,0.1349972222906615,-0.3459203933531072,0.19501675944046076,-0.018509144771107856,-0.015972011694122,-0.14910223969855121,2.2738645981655807,2.235745028240055,-0.5735399879471011,-0.4199890470235184,-0.45664752538392606,0.4634605873056737,-0.05983318803941397,-0.36960314147565115,-0.15569683146441882,0.8486842535261955,-0.2276890705489833,-0.0,-0.1390778223874305,0.125,1.0,9.674450384790584,0.45822769388470996,0.16746923488496523,16.1890243902439,0.00021061936848291415,0.19322033898305085,0.0004237592650874406,7.544117647058823,0.3008849557522124
0x769d632bfbae9a8de413ef0c82f16ae2ddc4433738c15ad838c5b716375a76cc,2,0x6887444a5b74b746f56ae08952f4e1b404ff7ca5,0x1111111254fb6c44bac0bed2854e76f90643097d,2022-06-20 16:28:41+00:00,185336,56335421824,1282700,125762,0.0,3840,2.0,115,654503,1210712,0.5405934689670211,226,3421,4060,0.8426108374384237,515,1523,9528583,6,0x769d632bfbae9a8de413ef0c82f16ae2ddc4433738c15ad838c5b716375a76cc,25,14,16,125144,225,1428319,612,8,5,4,2,4,0,-0.4571333868297535,0.31234916154668246,0.30879823358872505,0.06309359021586343,0.018881428579051233,-0.03928923335825119,1.8286302508586525,-0.33412901322271743,-0.20982768858945883,-0.5542851154264075,-0.3459203933531072,0.19509339449382437,-0.018509144771107856,-0.015872857970713205,1.438298030856366,1.691571951934549,1.7403150955970856,-0.5735399879471011,-0.4199890470235184,-0.45664752538392606,0.4634605873056737,-0.05983318803941397,-0.36959853898185613,-0.0323058075895744,-0.8698916878591053,-0.230405047671468,-0.0,-0.049304185483842626,0.125,1.0,9.67455091734322,0.4582327489638176,0.3379265091863517,6.633986928104576,0.000359025013580192,0.006157635467980296,2.0649006534997588e-05,1.7857142857142858,0.061946902654867256
0x01b33cc81d0ea95b96f48d8d21f971b6fd2c143a26340787b3d2b4144c366383,2,0xf41fa837908c0318a9a2b739c8fb990bfd4ac8a7,0x1111111254fb6c44bac0bed2854e76f90643097d,2022-06-20 16:30:38+00:00,188654,41019400536,26386969,132647,1e+18,4392,2.0,114,654509,1210722,0.5405939596373073,226,4186,4401,0.9511474664848898,427,490,3134115,7,0x01b33cc81d0ea95b96f48d8d21f971b6fd2c143a26340787b3d2b4144c366383,833,127,14,125146,225,1428328,322,8,4,4,1,2,0,-0.4571333868297535,0.3123586280149248,0.30880667702883646,0.06309359021586343,0.12856048385008606,-0.0140449829528328,1.3149307141360953,-0.2374481644892922,-0.14683809576465087,0.8881019986852368,-0.3594901561552846,0.19510732813989048,-0.018509144771107856,-0.015864960771503657,0.41073982000608483,-0.05193037721517798,-0.029115114375486063,-0.5735399879471011,-0.49929211481496827,-0.45664752538392606,-0.5529003497681722,-0.7721330456514843,-0.368325949447534,-0.13221237709435982,2.2387191842587844,-0.22649955425285748,-0.0,-0.008383419529440893,0.14285714285714285,1.0,9.674476211784636,0.4582340623203758,0.869653767820774,13.667701863354038,0.0013356238250275356,0.18927516473528744,0.0006880192149808131,6.559055118110236,0.5619469026548672
0x51116f9403bc3e9ae05bb526aa98cc0a0c1f6ef738ee38c16e106550f221b686,2,0x74be0af0bf7254328ddffc09425ff71d64a1a836,0x1111111254fb6c44bac0bed2854e76f90643097d,2022-06-20 20:50:16+00:00,171283,25106608347,425788,115547,9e+18,2631,2.0,109,655030,1211639,0.5406148200908026,226,2386,2657,0.8980052691004893,313,1868,11320176,8,0x51116f9403bc3e9ae05bb526aa98cc0a0c1f6ef738ee38c16e106550f221b686,515,68,14,125247,225,1429386,164,8,4,4,1,2,0,-0.4571333868297535,0.31318063300729837,0.30958094048704843,0.06309359021586343,-0.1295078814935253,-0.1431534073136823,0.6494563142909642,-0.14076731575586704,-0.17162855432688964,0.1349972222906615,-0.3594901561552846,0.195810977266229,-0.018509144771107856,-0.014936601131092124,-0.14910223969855121,2.2738645981655807,2.2360715491715486,-0.5735399879471011,-0.49929211481496827,-0.45664752538392606,-0.5529003497681722,-0.7721330456514843,-0.3749884427569703,-0.2360116895235693,-0.9760013682345141,-0.23619947254744567,0.0,-0.13892955874266816,0.14285714285714285,1.0,9.673996183541322,0.45825937972011777,0.16746923488496523,16.201219512195124,0.00021077408948640998,0.19382762514113663,0.0004250440931663639,7.573529411764706,0.3008849557522124
0x2b37920f37e1a20f629a8aa54cbe1b13073d2dae29019e63e67a1388fc99c59f,2,0xf41fa837908c0318a9a2b739c8fb990bfd4ac8a7,0x1111111254fb6c44bac0bed2854e76f90643097d,2022-06-20 20:56:29+00:00,185348,32602032738,29279791,125774,0.0,4397,2.0,108,655041,1211657,0.5406158673618029,226,4191,4406,0.951202905129369,427,490,3135194,9,0x2b37920f37e1a20f629a8aa54cbe1b13073d2dae29019e63e67a1388fc99c59f,837,127,16,125251,225,1429407,322,8,5,4,2,4,0,-0.4571333868297535,0.3131979881990759,0.30959613867924884,0.06309359021586343,0.12927734042048497,-0.013674832653633116,1.3149307141360953,-0.04408646702244184,-0.14652626609720132,0.8881019986852368,-0.3459203933531072,0.19583884455836123,-0.018509144771107856,-0.014918174332936508,0.41073982000608483,-0.05193037721517798,-0.028816541422026852,-0.5735399879471011,-0.4199890470235184,-0.45664752538392606,0.4634605873056737,-0.05983318803941397,-0.3695939364880611,-0.18711895662602374,2.5969314835415007,-0.23039824071126125,-0.0,-0.00801276041753508,0.125,1.0,9.673830947457505,0.45826034274328953,0.869653767820774,13.683229813664596,0.0013367589575768014,0.1899682251475261,0.0006907895551298759,6.590551181102362,0.5619469026548672
0x1aaf660a025965932c2b014b17d5b46d1559fbfce322c8f5c53a111c91c7e950,2,0xf41fa837908c0318a9a2b739c8fb990bfd4ac8a7,0x1111111254fb6c44bac0bed2854e76f90643097d,2022-06-21 12:16:09+00:00,165062,31982594185,3919853,128955,0.0,4414,2.0,106,656749,1214707,0.5406645388558723,227,4208,4423,0.9513904589645037,428,491,3138818,10,0x1aaf660a025965932c2b014b17d5b46d1559fbfce322c8f5c53a111c91c7e950,854,128,13,125607,226,1433031,322,8,3,4,1,2,0,-0.4571333868297535,0.315892776158719,0.31217138791321447,0.06853644651467841,0.13171465275984132,-0.012416321636354193,1.3207682088715789,0.05259438171098335,-0.14520099001054076,0.900866486420738,-0.36627503755637336,0.19831903355812874,-0.012852315684583435,-0.01173823545122442,0.41073982000608483,-0.050242572443493824,-0.02781373476462539,-0.5735399879471011,-0.5785951826064182,-0.45664752538392606,-0.5529003497681722,-0.7721330456514843,-0.37737445224853694,-0.19115956088515504,-0.5433383639109629,-0.2285938290097943,-0.0,-0.006752519437055317,0.15384615384615385,1.0,9.670695104572198,0.4582933249222627,0.8699186991869918,13.736024844720497,0.0013406316197270374,0.1930816188107619,0.0007030502005833506,6.671875,0.5638766519823789
0x0c0a519e80b258bffa7d918a264ea6b827075d6b4101055c9cb2e9b21b58b693,2,0x33d5cc43debe407d20dd360f4853385135f97e9d,0x1111111254fb6c44bac0bed2854e76f90643097d,2022-06-21 12:17:08+00:00,230443,26694769818,1715941,191750,0.0,433,2.0,105,656751,1214710,0.5406648500465132,227,441,492,0.8963414634146342,54,135,848735,11,0x0c0a519e80b258bffa7d918a264ea6b827075d6b4101055c9cb2e9b21b58b693,174,17,24,125607,226,1433036,74,10,5,4,1,3,0,-0.4571333868297535,0.3158959316481331,0.3121739209452479,0.06853644651467841,-0.40836508737870536,-0.30342848686714513,-0.8624548221992899,0.14927523044440855,-0.1982120334769633,-0.5159916522199036,-0.29164134214439746,0.19831903355812874,-0.012852315684583435,-0.011733848118330226,-0.467999615479673,-0.6511010711630513,-0.6615086791360129,-0.38487551822766,-0.4199890470235184,-0.45664752538392606,-0.5529003497681722,-0.4159831168454492,-0.3522981483475378,-0.22565209538330788,-0.8162443307961601,-0.19297357349466762,-0.0,-0.3018713043364635,0.08333333333333333,1.0,9.6707189885914,0.458293121531405,0.39705882352941174,6.648648648648648,0.0005195961995249406,0.35365853658536583,0.00014324406648500465,10.235294117647058,0.07488986784140969
0xcd27081841cdadb2d252e8881d66d024c6cf851503af2077ea9ad234fb621cea,2,0x33d5cc43debe407d20dd360f4853385135f97e9d,0x1111111254fb6c44bac0bed2854e76f90643097d,2022-06-21 13:47:58+00:00,185336,58597945989,6334161,125762,0.0,434,2.0,104,656930,1215047,0.5406622130666551,227,442,493,0.896551724137931,54,135,849057,12,0xcd27081841cdadb2d252e8881d66d024c6cf851503af2077ea9ad234fb621cea,175,17,16,125637,226,1433358,74,8,5,4,2,4,0,-0.4571333868297535,0.31617834795069527,0.31245846487700085,0.06853644651467841,-0.40822171606462554,-0.3033544568073052,-0.8624548221992899,0.24595607917783374,-0.19813407606010092,-0.5159916522199036,-0.3459203933531072,0.19852803824912038,-0.012852315684583435,-0.011451303879944107,-0.467999615479673,-0.6511010711630513,-0.6614195776614865,-0.5735399879471011,-0.4199890470235184,-0.45664752538392606,0.4634605873056737,-0.05983318803941397,-0.36959853898185613,-0.0175473384351909,-0.24437948574401855,-0.230405047671468,-0.0,-0.30179717251408233,0.125,1.0,9.671092114584079,0.45831504877703355,0.39705882352941174,6.662162162162162,0.0005205769217179509,0.35496957403651114,0.0001440273503823309,10.294117647058824,0.07488986784140969
0x5888c3d96b90120d657acf345984a9c6ea334a191ad277ad39335fcf40be6e20,2,0xf41fa837908c0318a9a2b739c8fb990bfd4ac8a7,0x1111111254fb6c44bac0bed2854e76f90643097d,2022-06-21 15:28:39+00:00,152700,60674505052,3097765,112342,0.0,4425,2.0,103,657160,1215566,0.5406205833331962,227,4219,4434,0.951511050969779,428,491,3139501,13,0x5888c3d96b90120d657acf345984a9c6ea334a191ad277ad39335fcf40be6e20,861,128,13,125680,226,1433714,322,8,3,4,1,2,0,-0.4571333868297535,0.316541229233317,0.3128966794187806,0.06853644651467841,0.13329173721471893,-0.01160199097811489,1.3207682088715789,0.34263692791125894,-0.14465528809250405,0.900866486420738,-0.36627503755637336,0.19882761163954174,-0.012852315684583435,-0.011138925777877466,0.41073982000608483,-0.050242572443493824,-0.02762474002207429,-0.5735399879471011,-0.5785951826064182,-0.45664752538392606,-0.5529003497681722,-0.7721330456514843,-0.3821157879397033,-0.004001921615945122,-0.6451358587767824,-0.2380174981693261,-0.0,-0.005937069390862528,0.15384615384615385,1.0,9.671912794398473,0.4583616688114444,0.8699186991869918,13.770186335403727,0.0013438437051481414,0.19418132611637348,0.0007083120126755766,6.7265625,0.5638766519823789
0x3dc71f4124b5efa62188af20f96035d74c8bafce53f9f40e9b3ed5f0341c3e3c,2,0x33d5cc43debe407d20dd360f4853385135f97e9d,0x1111111254fb6c44bac0bed2854e76f90643097d,2022-06-22 02:40:09+00:00,188642,31146480913,1257439,132635,5e+17,442,2.0,102,658362,1217778,0.540625631272695,228,450,501,0.8982035928143712,55,136,851905,14,0x3dc71f4124b5efa62188af20f96035d74c8bafce53f9f40e9b3ed5f0341c3e3c,183,18,14,125917,227,1436206,74,8,4,4,1,2,0,-0.4571333868297535,0.3184376783711923,0.31476436837141397,0.07397930281349341,-0.4070747455519873,-0.30276221632858574,-0.8566173274638064,0.43931777664468413,-0.19751041672520184,-0.5032271644844023,-0.3594901561552846,0.20047874869837573,-0.007195486598059015,-0.008952279063410987,-0.467999615479673,-0.6494132663913671,-0.6606315000234404,-0.5735399879471011,-0.49929211481496827,-0.45664752538392606,-0.5529003497681722,-0.7721330456514843,-0.368330551941329,-0.19661353663722514,-0.8730197064140598,-0.2265063612130642,-0.0,-0.30120411793503304,0.14285714285714285,1.0,9.671275522764995,0.45840328030708666,0.40145985401459855,6.77027027027027,0.000528227292682526,0.3652694610778443,0.00015027369520553008,10.166666666666666,0.07894736842105263
0x6ab6fb8c79157be9e3100607c30aa0a593b49d60ab59399a20c494b6cbf4de59,2,0x33d5cc43debe407d20dd360f4853385135f97e9d,0x1111111254fb6c44bac0bed2854e76f90643097d,2022-06-22 02:43:15+00:00,185336,22687290790,1931476,125762,0.0,443,2.0,98,658368,1217787,0.5406265627732929,228,451,502,0.898406374501992,55,136,851922,15,0x6ab6fb8c79157be9e3100607c30aa0a593b49d60ab59399a20c494b6cbf4de59,184,18,16,125918,227,1436223,74,8,5,4,2,4,0,-0.4571333868297535,0.3184471448394346,0.31477196746751424,0.07397930281349341,-0.4069313742379075,-0.3026881862687458,-0.8566173274638064,0.5359986253781093,-0.19743245930833944,-0.5032271644844023,-0.3459203933531072,0.20048571552140879,-0.007195486598059015,-0.008937362131570726,-0.467999615479673,-0.6494132663913671,-0.6606267959083256,-0.5735399879471011,-0.4199890470235184,-0.45664752538392606,0.4634605873056737,-0.05983318803941397,-0.36959853898185613,-0.2517929236389817,-0.7895550675349223,-0.230405047671468,-0.0,-0.30112998611265185,0.125,1.0,9.671270191712066,0.4584020319950091,0.40145985401459855,6.783783783783784,0.0005293905669878615,0.3665338645418327,0.00015109374627911122,10.222222222222221,0.07894736842105263
0xc48d40d787f737a40b4772cc7c375dc68638fb7dc119f1bbdc55a55029cdacb1,2,0x74be0af0bf7254328ddffc09425ff71d64a1a836,0x1111111254fb6c44bac0bed2854e76f90643097d,2022-06-22 14:16:20+00:00,213059,53947564155,23571790,174637,0.0,2654,2.0,84,659565,1219938,0.540654525066028,228,2407,2680,0.8981343283582089,315,1870,11329578,16,0xc48d40d787f737a40b4772cc7c375dc68638fb7dc119f1bbdc55a55029cdacb1,528,70,24,126156,227,1438788,165,10,5,4,1,3,0,-0.4571333868297535,0.3203357052537747,0.31658815143546837,0.07397930281349341,-0.12649708389784983,-0.14145071593736377,0.6611313037619313,0.6326794741115345,-0.17061510790767861,0.16052619776166407,-0.29164134214439746,0.20214381940327583,-0.007195486598059015,-0.006686660356849008,-0.1455589355232054,2.277240207708949,2.238673201542655,-0.38487551822766,-0.4199890470235184,-0.45664752538392606,-0.5529003497681722,-0.4159831168454492,-0.3589656276919187,-0.04788182852148547,1.89012126068021,-0.20268086599614643,-0.0,-0.13722452682790143,0.08333333333333333,1.0,9.6700751450585,0.4584167657662103,0.16835916622127206,16.242424242424242,0.0002124527310326359,0.19701492537313434,0.0004328088804513016,7.542857142857143,0.30701754385964913
0x0871f2614d47f663a26624888da4fc797a6b1354e778bdcef4af43833a7c7132,2,0x74be0af0bf7254328ddffc09425ff71d64a1a836,0x1111111254fb6c44bac0bed2854e76f90643097d,2022-06-22 17:14:04+00:00,185348,55106725620,9940490,125774,0.0,2657,2.0,80,659920,1220647,0.5406313209306213,228,2410,2683,0.8982482295937384,315,1870,11330234,17,0x0871f2614d47f663a26624888da4fc797a6b1354e778bdcef4af43833a7c7132,531,70,16,126206,227,1439444,165,8,5,4,2,4,0,-0.4571333868297535,0.3208958046247778,0.31718679133936395,0.07397930281349341,-0.12606696995561048,-0.14122862575784395,0.6611313037619313,0.7293603228449597,-0.17038123565709146,0.16052619776166407,-0.3459203933531072,0.20249216055492855,-0.007195486598059015,-0.006111042281130705,-0.1455589355232054,2.277240207708949,2.238854725043553,-0.5735399879471011,-0.4199890470235184,-0.45664752538392606,0.4634605873056737,-0.05983318803941397,-0.3695939364880611,-0.040320605975978425,0.2021849427137086,-0.23039824071126125,-0.0,-0.13700213136075795,0.125,1.0,9.671861876614424,0.45845447377287774,0.16835916622127206,16.26060606060606,0.00021270520867395953,0.19791278419679464,0.0004350152009549034,7.585714285714285,0.30701754385964913
0x5c242d01984dcbc413e554498a1b7fc3e9c0a32a46d0c58b81d614d2df7ff0f0,2,0x74be0af0bf7254328ddffc09425ff71d64a1a836,0x1111111254fb6c44bac0bed2854e76f90643097d,2022-06-25 16:19:48+00:00,152676,55605790156,4258003,117118,0.0,2677,2.0,66,667701,1234851,0.5407138189141848,231,2428,2703,0.8982611912689604,318,1873,11346074,18,0x5c242d01984dcbc413e554498a1b7fc3e9c0a32a46d0c58b81d614d2df7ff0f0,546,73,13,127549,230,1455284,165,8,3,4,1,2,0,-0.4571333868297535,0.33317223619034164,0.32917985367354363,0.09030787170993837,-0.12348628630217437,-0.13974802456104524,0.6786437879683822,0.8260411715783849,-0.16921187440415567,0.1988196609681679,-0.36627503755637336,0.21184860388832116,0.009775000661514249,0.007788028327677099,-0.1455589355232054,2.2823036220240014,2.2432378534798776,-0.5735399879471011,-0.5785951826064182,-0.45664752538392606,-0.5529003497681722,-0.7721330456514843,-0.38212499292729335,-0.03706520270800815,-0.5014659331141663,-0.23530832800704812,-0.0,-0.1355194949131347,0.15384615384615385,1.0,9.681385193141459,0.45881116070048134,0.16969050160085378,16.381818181818183,0.00021399470742084818,0.20199778024417314,0.00044215860860945976,7.47945205479452,0.31601731601731603
0x5fcc5cacdbc4c6a9b289b2294c1076b163454a59eb263b4db791190eaf2345a3,2,0x74be0af0bf7254328ddffc09425ff71d64a1a836,0x1111111254fb6c44bac0bed2854e76f90643097d,2022-06-26 17:06:46+00:00,185324,113454281859,9329714,130550,0.0,2678,2.0,63,670090,1239049,0.5408099276138393,232,2429,2704,0.8982988165680473,319,1874,11351554,19,0x5fcc5cacdbc4c6a9b289b2294c1076b163454a59eb263b4db791190eaf2345a3,547,74,16,127913,231,1460764,165,8,5,4,2,4,0,-0.4571333868297535,0.3369414682954865,0.3327244098322937,0.09575072800875337,-0.12334291498809458,-0.1396739945012053,0.6844812827038658,0.92272202031181,-0.1691339169872933,0.21158414870366918,-0.3459203933531072,0.2143845274723531,0.015431829748038669,0.012596545179714142,-0.1455589355232054,2.283991426795686,2.2447542388227473,-0.5735399879471011,-0.4199890470235184,-0.45664752538392606,0.4634605873056737,-0.05983318803941397,-0.36960314147565115,0.34028112297259977,0.12655378555758204,-0.2276890705489833,-0.0,-0.13544536309075353,0.125,1.0,9.686654210283551,0.45872539388608025,0.17013333333333333,16.387878787878787,0.0002139794944393081,0.20229289940828402,0.0004414676094327182,7.391891891891892,0.31896551724137934
0x19877d341b05dd65d8a6433b1e9609ec7cd4501a57d9e3876d67305adbd92b2f,2,0x74be0af0bf7254328ddffc09425ff71d64a1a836,0x1111111254fb6c44bac0bed2854e76f90643097d,2022-06-26 19:50:16+00:00,185324,41874392251,15040165,130550,0.0,2680,2.0,62,670381,1239562,0.5408208705978402,232,2431,2706,0.8983739837398373,319,1874,11352152,20,0x19877d341b05dd65d8a6433b1e9609ec7cd4501a57d9e3876d67305adbd92b2f,549,74,16,127950,231,1461362,165,8,5,4,2,4,0,-0.4571333868297535,0.3374005920052383,0.3331575583100066,0.09575072800875337,-0.12305617235993502,-0.1395259343815254,0.6844812827038658,1.0194028690452352,-0.1689780021535685,0.21158414870366918,-0.3459203933531072,0.21464229992457612,0.015431829748038669,0.01312127019385979,-0.1455589355232054,2.283991426795686,2.2449197129897245,-0.5735399879471011,-0.4199890470235184,-0.45664752538392606,0.4634605873056737,-0.05983318803941397,-0.36960314147565115,-0.12663525705812767,0.833667386965234,-0.2276890705489833,-0.0,-0.1352970994459912,0.125,1.0,9.687862446268074,0.45873680940327627,0.17013333333333333,16.4,0.00021414440062603104,0.20288248337028825,0.0004428983786208354,7.418918918918919,0.31896551724137934
0xe1fa0a6c3d09a5a8599a99998175ec5c93edbd147e03808e7128fceccb6eae0e,2,0x74be0af0bf7254328ddffc09425ff71d64a1a836,0x1111111254fb6c44bac0bed2854e76f90643097d,2022-06-26 21:30:10+00:00,185348,29077824819,5183549,125774,0.0,2683,2.0,61,670571,1239896,0.5408284243194591,232,2434,2709,0.8984865263935031,319,1874,11352543,21,0xe1fa0a6c3d09a5a8599a99998175ec5c93edbd147e03808e7128fceccb6eae0e,552,74,16,127985,231,1461753,165,8,5,4,2,4,0,-0.4571333868297535,0.337700363499578,0.3334395692097261,0.09575072800875337,-0.12262605841769567,-0.13930384420200562,0.6844812827038658,1.1160837177786604,-0.16874412990298135,0.21158414870366918,-0.3459203933531072,0.21488613873073306,0.015431829748038669,0.013464359626185791,-0.1455589355232054,2.283991426795686,2.245027907637364,-0.5735399879471011,-0.4199890470235184,-0.45664752538392606,0.4634605873056737,-0.05983318803941397,-0.3695939364880611,-0.21010740230576108,-0.38685744328937904,-0.23039824071126125,-0.0,-0.13507470397884772,0.125,1.0,9.687822791733407,0.4587440841619041,0.17013333333333333,16.418181818181818,0.0002144012830956656,0.20376522702104097,0.0004451986295624794,7.45945945945946,0.31896551724137934
0xb48ef570e03da1703b2c16e726b36c26394beeaa97096193539a26c103ca9449,2,0x33d5cc43debe407d20dd360f4853385135f97e9d,0x1111111254fb6c44bac0bed2854e76f90643097d,2022-06-27 07:20:30+00:00,188654,33290265567,2426551,132647,1e+18,483,2.0,59,671511,1241500,0.5408868304470399,233,492,543,0.9060773480662984,60,141,879665,22,0xb48ef570e03da1703b2c16e726b36c26394beeaa97096193539a26c103ca9449,216,23,14,128118,232,1463966,75,8,4,4,1,2,0,-0.4571333868297535,0.339183443524206,0.3347938970035887,0.10119358430756835,-0.4010531503606364,-0.2996529538153084,-0.8274298537863883,1.2127645665120856,-0.1949378219687431,-0.43940472580689593,-0.3594901561552846,0.21581272619412933,0.02108865883456309,0.015406193165156224,-0.4644563113043272,-0.6409742425329463,-0.6529499567537206,-0.5735399879471011,-0.49929211481496827,-0.45664752538392606,-0.5529003497681722,-0.7721330456514843,-0.368325949447534,-0.18262960657400756,-0.7282509312737245,-0.22649955425285748,-0.0,-0.29816471321740534,0.14285714285714285,1.0,9.690285518038058,0.4586927164341819,0.4225352112676056,7.24,0.0005593031900744146,0.39779005524861877,0.0001739830849778494,9.391304347826088,0.09871244635193133
0x6fd08b7e9a53f5afd83026e319fcda9be21622db6cb4d17b54ba228d302151e3,2,0x33d5cc43debe407d20dd360f4853385135f97e9d,0x1111111254fb6c44bac0bed2854e76f90643097d,2022-06-27 07:23:05+00:00,171271,27141462523,1452988,115535,8e+17,484,2.0,58,671517,1241509,0.5408877422555938,233,493,544,0.90625,60,141,879678,23,0x6fd08b7e9a53f5afd83026e319fcda9be21622db6cb4d17b54ba228d302151e3,217,23,14,128119,232,1463979,75,8,4,4,1,2,0,-0.4571333868297535,0.3391929099924483,0.33480149609968896,0.10119358430756835,-0.40090977904655656,-0.29957892375546846,-0.8274298537863883,1.3094454152455108,-0.1948598645518807,-0.43940472580689593,-0.3594901561552846,0.2158196930171624,0.02108865883456309,0.015417600230681129,-0.4644563113043272,-0.6409742425329463,-0.6529463594892211,-0.5735399879471011,-0.49929211481496827,-0.45664752538392606,-0.5529003497681722,-0.7721330456514843,-0.3749930452507653,-0.22273831412509504,-0.8488052691232636,-0.2362062795076524,-0.0,-0.2980905813950242,0.14285714285714285,1.0,9.690280130191463,0.45869274170412166,0.4225352112676056,7.253333333333333,0.0005604317029279999,0.39889705882352944,0.00017478729513841623,9.434782608695652,0.09871244635193133
0x53cebbe9fd2babc5df4614b15f4bfec3002cf32a4963217c3601da68f6bc8631,2,0x33d5cc43debe407d20dd360f4853385135f97e9d,0x1111111254fb6c44bac0bed2854e76f90643097d,2022-06-27 08:49:43+00:00,230406,32069069507,4314371,191713,0.0,485,2.0,57,671676,1241771,0.5409016638333477,233,494,545,0.9064220183486239,60,141,880011,24,0x53cebbe9fd2babc5df4614b15f4bfec3002cf32a4963217c3601da68f6bc8631,218,23,24,128141,232,1464312,75,10,5,4,1,3,0,-0.4571333868297535,0.3394437714008694,0.33502271423060664,0.10119358430756835,-0.4007664077324768,-0.2995048936956285,-0.8274298537863883,1.406126263978936,-0.1947819071350183,-0.43940472580689593,-0.29164134214439746,0.21597296312388958,0.02108865883456309,0.015709796601434477,-0.4644563113043272,-0.6409742425329463,-0.6528542141755028,-0.38487551822766,-0.4199890470235184,-0.45664752538392606,-0.5529003497681722,-0.4159831168454492,-0.35231233937007245,-0.1905954814414544,-0.4944859976442452,-0.1929945616219717,-0.0,-0.29801644957264306,0.08333333333333333,1.0,9.690661068666547,0.4586970135483329,0.4225352112676056,7.266666666666667,0.000561355981509343,0.4,0.00017555571840540646,9.478260869565217,0.09871244635193133
0x38d9d39c81959e63df6ba59ff0aa7f4ae9e635157d98bd3c1834cffebbd37d4c,2,0x33d5cc43debe407d20dd360f4853385135f97e9d,0x1111111254fb6c44bac0bed2854e76f90643097d,2022-06-27 09:04:00+00:00,230454,44688367913,5308595,186754,0.0,486,2.0,56,671700,1241830,0.540895291626068,233,495,546,0.9065934065934066,60,141,880053,25,0x38d9d39c81959e63df6ba59ff0aa7f4ae9e635157d98bd3c1834cffebbd37d4c,219,23,24,128153,232,1464354,75,10,5,4,1,3,0,-0.4571333868297535,0.3394816372738386,0.33507253052726366,0.10119358430756835,-0.400623036418397,-0.2994308636357886,-0.8274298537863883,1.5028071127123612,-0.19470394971815594,-0.43940472580689593,-0.29164134214439746,0.21605656500028625,0.02108865883456309,0.01574665019774571,-0.4644563113043272,-0.6409742425329463,-0.652842592244043,-0.38487551822766,-0.4199890470235184,-0.45664752538392606,-0.5529003497681722,-0.4159831168454492,-0.3522939293948924,-0.10827966393286577,-0.37137324993904275,-0.19580753792740227,-0.0,-0.29794231775026186,0.08333333333333333,1.0,9.690214041029082,0.4587002468663678,0.4225352112676056,7.28,0.000562465485072507,0.4010989010989011,0.0001763526408606653,9.521739130434783,0.09871244635193133
0x5847677578935a26b121e32b0544f51c6c5f25be8104e282c7510d73c372bbde,2,0x74be0af0bf7254328ddffc09425ff71d64a1a836,0x1111111254fb6c44bac0bed2854e76f90643097d,2022-06-27 18:21:21+00:00,188654,61553247094,4888748,132647,6e+18,2685,2.0,55,672748,1243866,0.5408524712469028,233,2436,2712,0.8982300884955752,320,1875,11357220,26,0x5847677578935a26b121e32b0544f51c6c5f25be8104e282c7510d73c372bbde,555,75,14,128323,232,1466430,165,8,4,4,1,2,0,-0.4571333868297535,0.34113511372682803,0.3367916149339371,0.10119358430756835,-0.1223393157895361,-0.1390817540224858,0.6903187774393493,1.5994879614457864,-0.1685102576523942,0.22434863643917044,-0.3594901561552846,0.21724092491590558,0.02108865883456309,0.017568270815415215,-0.1455589355232054,2.2856792315673697,2.2463220927192253,-0.5735399879471011,-0.49929211481496827,-0.45664752538392606,-0.5529003497681722,-0.7721330456514843,-0.368325949447534,0.0017301220555163822,-0.42336205506322616,-0.22649955425285748,0.0,-0.13492644033408538,0.14285714285714285,1.0,9.693242832539763,0.458765533461854,0.17057569296375266,16.436363636363637,0.00021448909024487592,0.20464601769911506,0.0004461895413171515,7.4,0.3218884120171674
0x32953465d1a4dc625c1b39e1d407a8905e4ccd9fa058e5d39ae71a99ecbdb6dd,2,0x33d5cc43debe407d20dd360f4853385135f97e9d,0x1111111254fb6c44bac0bed2854e76f90643097d,2022-06-27 22:20:34+00:00,185348,45839725999,1685736,125774,0.0,491,2.0,54,673180,1244589,0.5408853846530863,233,500,551,0.9074410163339383,60,141,883039,27,0x32953465d1a4dc625c1b39e1d407a8905e4ccd9fa058e5d39ae71a99ecbdb6dd,221,23,16,128368,232,1467340,76,8,5,4,2,4,0,-0.4571333868297535,0.3418166994402741,0.33740207565398866,0.10119358430756835,-0.3999061798479981,-0.2990607133365889,-0.8274298537863883,1.6961688101792116,-0.19454803488443115,-0.43940472580689593,-0.3459203933531072,0.21755443195239305,0.02108865883456309,0.018366765402158595,-0.46091300712898137,-0.6409742425329463,-0.6520163282597712,-0.5735399879471011,-0.4199890470235184,-0.45664752538392606,0.4634605873056737,-0.05983318803941397,-0.3695939364880611,-0.10076934291144099,-0.8199845548748744,-0.23039824071126125,-0.0,-0.29757165863835605,0.125,1.0,9.695477065935435,0.45877543120515274,0.4225352112676056,7.25,0.000566225765537235,0.4010889292196007,0.00017756865921199688,9.608695652173912,0.09871244635193133
0x646742c52df9e350bd20107bbdfaee7d8bbb0de1f86ea2978c59e52c4d589cf9,2,0x74be0af0bf7254328ddffc09425ff71d64a1a836,0x1111111254fb6c44bac0bed2854e76f90643097d,2022-06-28 04:04:18+00:00,185348,35199549600,613479,125774,0.0,2689,2.0,49,673739,1245520,0.5409298927355642,234,2439,2715,0.8983425414364641,321,1876,11359397,28,0x646742c52df9e350bd20107bbdfaee7d8bbb0de1f86ea2978c59e52c4d589cf9,558,76,16,128406,233,1468607,165,8,5,4,2,4,0,-0.4571333868297535,0.3426986587315156,0.33818815992835655,0.10663644060638335,-0.12190920184729674,-0.138859663842966,0.696156272174833,1.7928496589126368,-0.16827638540180703,0.23711312417467173,-0.3459203933531072,0.21781917122764913,0.02674548792108751,0.01947851555754745,-0.1455589355232054,2.287367036339054,2.246924496166566,-0.5735399879471011,-0.4199890470235184,-0.45664752538392606,0.4634605873056737,-0.05983318803941397,-0.3695939364880611,-0.17017532655177078,-0.9527599711956807,-0.23039824071126125,-0.0,-0.13462991304456073,0.125,1.0,9.699858262074981,0.45876026822678345,0.17101758124667021,16.454545454545453,0.00021471208245366525,0.20552486187845304,0.00044800565225769156,7.342105263157895,0.3247863247863248
0xd63e8c6ecfca77eed8e3c4578ec763420754822e99fd345dd993c838239666a2,2,0xf41fa837908c0318a9a2b739c8fb990bfd4ac8a7,0x1111111254fb6c44bac0bed2854e76f90643097d,2022-06-30 10:32:55+00:00,188654,43185986511,1335692,132647,1e+18,4543,2.0,35,679933,1257331,0.5407748635800755,236,4337,4552,0.952768014059754,437,500,3186473,29,0xd63e8c6ecfca77eed8e3c4578ec763420754822e99fd345dd993c838239666a2,967,137,14,129086,235,1480686,324,8,4,4,1,2,0,-0.4571333868297535,0.3524712094469895,0.3481607070438871,0.11752215320401332,0.15020955227613345,-0.0028664439170023657,1.3733056614909314,1.889530507646062,-0.13639180190509112,1.0157468760402495,-0.3594901561552846,0.22255661089012638,0.038059146094136354,0.03007743436334224,0.4178264283567764,-0.035052329498336476,-0.014626993247388476,-0.5735399879471011,-0.49929211481496827,-0.45664752538392606,-0.5529003497681722,-0.7721330456514843,-0.368325949447534,-0.11807971377212856,-0.8633297956432725,-0.22649955425285748,-0.0,0.0028104856501146545,0.14285714285714285,1.0,9.740258432362921,0.4592010330339903,0.872255489021956,14.049382716049383,0.001361065553963409,0.2124340949033392,0.0007690894442274946,7.0583941605839415,0.5805084745762712
0x8918ecdb8b04f7e641c69d62231191bf9131a3bb51f309172c1adc68259a767a,2,0xf41fa837908c0318a9a2b739c8fb990bfd4ac8a7,0x1111111254fb6c44bac0bed2854e76f90643097d,2022-06-30 10:33:51+00:00,171283,36355802255,6705855,115547,1e+18,4544,2.0,34,679935,1257335,0.5407747338616995,236,4338,4553,0.9527783878761257,437,500,3186477,30,0x8918ecdb8b04f7e641c69d62231191bf9131a3bb51f309172c1adc68259a767a,968,137,14,129086,235,1480690,324,8,4,4,1,2,0,-0.4571333868297535,0.3524743649364036,0.34816408441993163,0.11752215320401332,0.15035292359021324,-0.0027924138571624292,1.3733056614909314,1.9862113563794872,-0.13631384448822875,1.0157468760402495,-0.3594901561552846,0.22255661089012638,0.038059146094136354,0.030080944229657593,0.4178264283567764,-0.035052329498336476,-0.014625886396773242,-0.5735399879471011,-0.49929211481496827,-0.45664752538392606,-0.5529003497681722,-0.7721330456514843,-0.3749884427569703,-0.16263307820478284,-0.19835336924960928,-0.23619947254744567,-0.0,0.002884617472495817,0.14285714285714285,1.0,9.740289419456797,0.4592011432500096,0.872255489021956,14.052469135802468,0.0013613776715232305,0.21260707226004832,0.0007698823304847157,7.065693430656935,0.5805084745762712
0xd05f43d1ec5971c41da9ea62503da1f8d53e631ecfcda4420bcbb86854819ce5,2,0xf41fa837908c0318a9a2b739c8fb990bfd4ac8a7,0x1111111254fb6c44bac0bed2854e76f90643097d,2022-06-30 10:35:57+00:00,171271,37453069145,4242281,115535,5e+17,4545,2.0,33,679941,1257346,0.5407747748034352,236,4339,4554,0.9527887571365832,437,500,3186484,31,0xd05f43d1ec5971c41da9ea62503da1f8d53e631ecfcda4420bcbb86854819ce5,969,137,14,129086,235,1480697,324,8,4,4,1,2,0,-0.4571333868297535,0.35248383140464595,0.34817337220405414,0.11752215320401332,0.15049629490429303,-0.0027183837973224923,1.3733056614909314,2.082892205112912,-0.13623588707136636,1.0157468760402495,-0.3594901561552846,0.22255661089012638,0.038059146094136354,0.030087086495709466,0.4178264283567764,-0.035052329498336476,-0.014623949408196585,-0.5735399879471011,-0.49929211481496827,-0.45664752538392606,-0.5529003497681722,-0.7721330456514843,-0.3749930452507653,-0.15547559462926872,-0.5034127565859606,-0.2362062795076524,-0.0,0.0029587492948769797,0.14285714285714285,1.0,9.740374633964954,0.45920302451951717,0.872255489021956,14.055555555555555,0.0013616885063008298,0.21277997364953888,0.0007706709211306992,7.072992700729927,0.5805084745762712
0xf35a10b412edf199a8d5c80a9ac58588450090d0e463cf3ad0fffa05e61df7ca,2,0xf41fa837908c0318a9a2b739c8fb990bfd4ac8a7,0x1111111254fb6c44bac0bed2854e76f90643097d,2022-06-30 13:38:26+00:00,185348,59449745973,10568756,125774,0.0,4549,2.0,29,680327,1258165,0.5407295545496815,236,4343,4558,0.9528301886792453,437,500,3187162,32,0xf35a10b412edf199a8d5c80a9ac58588450090d0e463cf3ad0fffa05e61df7ca,971,137,16,129160,235,1481375,324,8,5,4,2,4,0,-0.4571333868297535,0.3530928408615676,0.34886488994917475,0.11752215320401332,0.15106978016061215,-0.002422263557962746,1.3733056614909314,2.1795730538463376,-0.1360799722376416,1.0157468760402495,-0.3459203933531072,0.22307215579457243,0.038059146094136354,0.030682008836162226,0.4178264283567764,-0.035052329498336476,-0.014436338228914523,-0.5735399879471011,-0.4199890470235184,-0.45664752538392606,0.4634605873056737,-0.05983318803941397,-0.3695939364880611,-0.011991038094165211,0.27998185120692215,-0.23039824071126125,-0.0,0.00325527658440163,0.125,1.0,9.741135026323938,0.45925342384377765,0.872255489021956,14.067901234567902,0.0013626538711700657,0.21303203159280387,0.0007717588710542735,7.087591240875913,0.5805084745762712
0x531c055bee7e26cd391ee025aa860c7b0b7737d6808f70778d42e106437dbd3a,2,0xf41fa837908c0318a9a2b739c8fb990bfd4ac8a7,0x1111111254fb6c44bac0bed2854e76f90643097d,2022-07-03 20:33:59+00:00,188654,28401526610,10913790,132647,1e+18,4560,2.0,24,689904,1274794,0.5411886155723984,239,4354,4569,0.9529437513679142,440,503,3208318,33,0x531c055bee7e26cd391ee025aa860c7b0b7737d6808f70778d42e106437dbd3a,979,140,14,130573,238,1502531,326,8,4,4,1,2,0,-0.4571333868297535,0.3682029019209951,0.36290548651035986,0.13385072210045829,0.1526468646154898,-0.0016079328997234427,1.3908181456973823,2.2762539025797626,-0.1354563129027425,1.0540403392467534,-0.3594901561552846,0.23291627674027887,0.05502963335370961,0.04924569177807749,0.424913036707468,-0.029988915183284028,-0.008582205324945072,-0.5735399879471011,-0.49929211481496827,-0.45664752538392606,-0.5529003497681722,-0.7721330456514843,-0.368325949447534,-0.21451890270478172,0.32270671380500554,-0.22649955425285748,-0.0,0.004070726630594418,0.14285714285714285,1.0,9.763075061459872,0.459160936339459,0.873015873015873,14.015337423312884,0.001357096971965693,0.2142700809805209,0.0007679672166640257,6.992857142857143,0.5857740585774058
0x8dcbd6124dd9ce9ee25aa50b4cbe0de26afd623fba0ed1b00f2240276108399f,2,0x74be0af0bf7254328ddffc09425ff71d64a1a836,0x1111111254fb6c44bac0bed2854e76f90643097d,2022-07-04 21:46:08+00:00,165062,14257026459,8608732,128955,0.0,2727,2.0,22,692916,1279944,0.5413643096885489,240,2476,2753,0.8993824918270977,326,1882,11400131,34,0x8dcbd6124dd9ce9ee25aa50b4cbe0de26afd623fba0ed1b00f2240276108399f,587,81,13,131142,239,1509341,165,8,3,4,1,2,0,-0.4571333868297535,0.3729550689786327,0.36725385816771167,0.13929357839927328,-0.11660446322634473,-0.1360465215690484,0.725343745852251,2.372934751313188,-0.16601562031279785,0.3009355628521781,-0.36627503755637336,0.23688039904608704,0.06068646244023403,0.055221239179970245,-0.1455589355232054,2.2974938649691588,2.2581961094067955,-0.5735399879471011,-0.5785951826064182,-0.45664752538392606,-0.5529003497681722,-0.7721330456514843,-0.37737445224853694,-0.3067836273923549,0.037276042246223294,-0.2285938290097943,-0.0,-0.13181290379407656,0.15384615384615385,1.0,9.759985359381433,0.4590848197426428,0.1731279872543813,16.684848484848484,0.00021719046761914685,0.21322193970214312,0.000458613814354378,7.246913580246914,0.3375
0xefc14f632becb60136066abfdc6d70e4fe053c787271edcc7dc39ce939daac3d,2,0x33d5cc43debe407d20dd360f4853385135f97e9d,0x1111111254fb6c44bac0bed2854e76f90643097d,2022-07-05 03:26:25+00:00,188654,15653897550,1471633,132647,9e+17,542,2.0,21,693670,1281244,0.541403510962783,241,551,602,0.915282392026578,68,149,926575,35,0xefc14f632becb60136066abfdc6d70e4fe053c787271edcc7dc39ce939daac3d,263,31,14,131249,240,1510876,78,8,4,4,1,2,0,-0.4571333868297535,0.3741446884877492,0.3683515053821888,0.14473643469808828,-0.3925942428299291,-0.2952851802847521,-0.7807298959025195,2.469615600046613,-0.19127382337621093,-0.3372888239228857,-0.3594901561552846,0.2376258491106239,0.06634329152675845,0.05656815037848792,-0.4538263987782898,-0.6274718043594731,-0.6399693661635709,-0.5735399879471011,-0.49929211481496827,-0.45664752538392606,-0.5529003497681722,-0.7721330456514843,-0.368325949447534,-0.2976718224321751,-0.8464964964714633,-0.22649955425285748,-0.0,-0.2937909356969168,0.14285714285714285,1.0,9.76193342425466,0.4591174529759868,0.4533333333333333,7.717948717948718,0.0005946624993524546,0.4368770764119601,0.00020526925394382336,8.483870967741936,0.12863070539419086
0x36939b2baedc72d58b3e24709743c1c48ef264d3acf7c5e40bcbae81bb032c1a,2,0x33d5cc43debe407d20dd360f4853385135f97e9d,0x1111111254fb6c44bac0bed2854e76f90643097d,2022-07-05 03:32:59+00:00,147691,19991472001,2690332,111855,0.0,543,2.0,20,693686,1281264,0.5414075475467975,241,552,603,0.9154228855721394,68,149,926602,36,0x36939b2baedc72d58b3e24709743c1c48ef264d3acf7c5e40bcbae81bb032c1a,264,31,13,131252,240,1510903,78,8,3,4,1,2,0,-0.4571333868297535,0.37416993240306196,0.3683683922624115,0.14473643469808828,-0.39245087151584934,-0.2952111502249122,-0.7807298959025195,2.5662964487800384,-0.19119586595934857,-0.3372888239228857,-0.36627503755637336,0.23764674957972307,0.06634329152675845,0.056591841976116566,-0.4538263987782898,-0.6274718043594731,-0.639961894921918,-0.5735399879471011,-0.5785951826064182,-0.45664752538392606,-0.5529003497681722,-0.7721330456514843,-0.38403694555797324,-0.26937777822693876,-0.6955874633807487,-0.2382937473043825,-0.0,-0.2937168038745356,0.15384615384615385,1.0,9.761862676378264,0.4591198381895872,0.4533333333333333,7.730769230769231,0.0005957243825025388,0.43781094527363185,0.0002060465290525606,8.516129032258064,0.12863070539419086
0xf9594691c28d642c636e6699b83ee9dc7e64cd96a2ed6d96dea9a9d278622f4d,2,0xf41fa837908c0318a9a2b739c8fb990bfd4ac8a7,0x1111111254fb6c44bac0bed2854e76f90643097d,2022-07-05 04:56:53+00:00,171283,11476353200,24986394,115547,1e+18,4567,2.0,19,693843,1281542,0.5414126107454925,241,4361,4576,0.9530157342657343,442,505,3217046,37,0xf9594691c28d642c636e6699b83ee9dc7e64cd96a2ed6d96dea9a9d278622f4d,985,142,14,131274,240,1511259,326,8,4,4,1,2,0,-0.4571333868297535,0.374417638322069,0.36860311989750744,0.14473643469808828,0.1536504638140483,-0.0010897224808438862,1.4024931351683494,2.6629772975134633,-0.13498856840156817,1.0795693147177559,-0.3594901561552846,0.2378000196864503,0.06634329152675845,0.05690422007818321,0.424913036707468,-0.02661330563991573,-0.006167057282505793,-0.5735399879471011,-0.49929211481496827,-0.45664752538392606,-0.5529003497681722,-0.7721330456514843,-0.3749884427569703,-0.32492198858920446,2.065288813821927,-0.23619947254744567,-0.0,0.0045896493872625566,0.14285714285714285,1.0,9.762344409403234,0.45911557243624523,0.8735177865612648,14.036809815950921,0.0013555910125030812,0.2152534965034965,0.0007686053207776257,6.936619718309859,0.5892116182572614
0x36c305a323953f345c13a060e57ff9cb1747382eabd57a62c4c2ba02aa2b4209,2,0xf41fa837908c0318a9a2b739c8fb990bfd4ac8a7,0x1111111254fb6c44bac0bed2854e76f90643097d,2022-07-05 11:56:35+00:00,171283,21771240877,3197618,115547,1e+18,4568,2.0,18,694726,1283138,0.5414273445256862,241,4362,4577,0.9530259995630326,442,505,3218909,38,0x36c305a323953f345c13a060e57ff9cb1747382eabd57a62c4c2ba02aa2b4209,986,142,14,131436,240,1513122,326,8,4,4,1,2,0,-0.4571333868297535,0.37581078689839503,0.3699506929392809,0.14473643469808828,0.15379383512812805,-0.0010156924210039497,1.4024931351683494,2.7596581462468888,-0.1349106109847058,1.0795693147177559,-0.3594901561552846,0.23892864501780514,0.06634329152675845,0.058538940314560035,0.424913036707468,-0.02661330563991573,-0.005651541608460838,-0.5735399879471011,-0.49929211481496827,-0.45664752538392606,-0.5529003497681722,-0.7721330456514843,-0.3749884427569703,-0.25776832694915414,-0.6327712636788894,-0.23619947254744567,-0.0,0.004663781209643719,0.14285714285714285,1.0,9.762454730819563,0.4591338575912203,0.8735177865612648,14.039877300613497,0.001355117104858477,0.21542495084116234,0.0007684286491398432,6.943661971830986,0.5892116182572614
0x9c512feaa2be6935df35ba909506f3ca86eb0bf8f5843dc5aeede7702270aaa2,2,0x33d5cc43debe407d20dd360f4853385135f97e9d,0x1111111254fb6c44bac0bed2854e76f90643097d,2022-07-06 06:36:11+00:00,152700,15836922858,2422651,112342,0.0,551,2.0,16,697152,1287415,0.5415130319283215,242,560,611,0.9165302782324058,69,150,933850,39,0x9c512feaa2be6935df35ba909506f3ca86eb0bf8f5843dc5aeede7702270aaa2,269,32,13,131774,241,1518151,80,8,3,4,1,2,0,-0.4571333868297535,0.37963839555770074,0.3735619522749108,0.15017929099690325,-0.39130390100321105,-0.2946189097461927,-0.7748924011670358,2.8563389949803137,-0.19080607887503662,-0.32452433618738447,-0.36627503755637336,0.24128343120297768,0.07200012061328288,0.06295171973954075,-0.4467397904275982,-0.625783999587789,-0.6379562816071151,-0.5735399879471011,-0.5785951826064182,-0.45664752538392606,-0.5529003497681722,-0.7721330456514843,-0.3821157879397033,-0.2964779464045175,-0.7287338603883409,-0.2380174981693261,-0.0,-0.2931237492954863,0.15384615384615385,1.0,9.76987114301759,0.45921093540040786,0.45695364238410596,7.6375,0.000599667398760616,0.4402618657937807,0.00020894583331715103,8.40625,0.1322314049586777
0x9f1f89f83aa9635fb7f15995d9cf415e623bb634b954e99dbb2c0e08a3b3e4c5,2,0x5483b932e3d83b5eb6c46bda5fb0a4d9f4079f96,0x1111111254fb6c44bac0bed2854e76f90643097d,2022-07-07 01:49:00+00:00,188188,34822519914,4591621,132635,8.5e+17,1574,2.0,15,699691,1292165,0.5414873487519009,243,1582,1608,0.9838308457711443,253,299,1890045,40,0x9f1f89f83aa9635fb7f15995d9cf415e623bb634b954e99dbb2c0e08a3b3e4c5,208,96,14,132207,242,1523344,138,8,4,4,1,2,0,-0.4571333868297535,0.38364428936890327,0.3775725863278081,0.15562214729571824,-0.2447784180136717,-0.22081094008577584,0.29920663016194776,2.953019843713739,-0.19556148130364218,0.49240287888469725,-0.3594901561552846,0.24430006557629041,0.0776569496998073,0.06750840368345103,-0.24122814825754194,-0.37430108860685063,-0.37336502559883994,-0.5735399879471011,-0.49929211481496827,-0.45664752538392606,-0.5529003497681722,-0.7721330456514843,-0.3685046796232405,-0.17263469519728442,-0.4601546907141496,-0.2265063612130642,-0.0,-0.217286894999557,0.14285714285714285,1.0,9.77380168977437,0.45931223721481346,0.8433333333333334,11.652173913043478,0.0008370166652028575,0.12935323383084577,0.0001609701547403002,2.1666666666666665,0.3950617283950617
0x33e22f394653b5a65ec09617dad08fcb606e25d4f2f7a672bedc49711e7b5566,1,0x6887444a5b74b746f56ae08952f4e1b404ff7ca5,0x2f131c4dad4be81683abb966b4de05a549144443,2022-06-20 16:27:55+00:00,74155,50632217872,5661282,64133,0.0,3839,2.0,116,97,97,1.0,72,3420,4059,0.8425720620842572,515,1523,9528582,1,0x33e22f394653b5a65ec09617dad08fcb606e25d4f2f7a672bedc49711e7b5566,3,3,4,61,245,1557888,612,5,2,2,1,2,0,-0.586413190797444,-0.7201364412157368,-0.7133772914530165,-0.7751062798016449,0.01873805726497145,-0.039363263418091134,1.8286302508586525,-0.8175332568898434,-0.21154275176043133,-0.6946944805169215,-0.42733897016617184,-0.6763377309497689,0.09462743695938056,0.09781960918286119,1.438298030856366,1.691571951934549,1.740314818884432,-0.8565366925262629,-0.657898250397868,-0.911475737917717,-0.5529003497681722,-0.7721330456514843,-0.4122410275338358,-0.0695078675316613,-0.32770073182450843,-0.2653638935531742,-0.0,-0.049378317306223794,0.25,0.2926829268292683,1.5901639344262295,6.226374279553935e-05,0.3379265091863517,6.632352941176471,0.0003589201038601437,0.0007390983000739098,0.030927835051546393,1.0,0.041666666666666664
0x42639e6c411018cf952620e8adaef598a5de77167b93ad709493e4c9b74dd720,1,0x3a8713065e4daa9603b91ef35d6a8336ef7b26c6,0x2f131c4dad4be81683abb966b4de05a549144443,2022-06-22 02:56:45+00:00,77379,29186598291,12444111,64133,0.0,7554,2.0,96,98,98,1.0,73,7094,8205,0.8645947592931139,175,489,3121993,2,0x42639e6c411018cf952620e8adaef598a5de77167b93ad709493e4c9b74dd720,1,1,4,62,247,1565840,981,5,2,2,1,2,0,-0.586413190797444,-0.7201348634710298,-0.7133764471090054,-0.7696634235028299,0.5454842651940982,0.2675653646782862,-0.15611795920577357,-0.7208524081564182,-0.2116986665941561,-0.720223455987924,-0.42733897016617184,-0.6763307641267359,0.1059410951324294,0.10479722341778792,2.7457772715589654,-0.05361818198686213,-0.03246942516495088,-0.8565366925262629,-0.657898250397868,-0.911475737917717,-0.5529003497681722,-0.7721330456514843,-0.4110044908675746,-0.20939787179282301,0.5122032690893008,-0.2653638935531742,-0.0,0.22602140283979513,0.25,0.29435483870967744,1.5806451612903225,6.258617573559512e-05,0.35714285714285715,8.363914373088685,0.002272265737858561,0.0001218769043266301,0.01020408163265306,1.0,0.0136986301369863
0x1578febe6a98e5676efe552ee27112e550dcabce92390c6a2a34331797c5f66d,1,0x2a06913d5b8748b222e1236768c24ca19198b374,0x2f131c4dad4be81683abb966b4de05a549144443,2022-07-01 14:01:59+00:00,64483,21443102838,10826254,64133,0.0,230,2.0,27,99,99,1.0,74,274,281,0.9750889679715302,76,277,1746912,3,0x1578febe6a98e5676efe552ee27112e550dcabce92390c6a2a34331797c5f66d,1,1,4,63,256,1617351,96,5,2,2,1,2,0,-0.586413190797444,-0.7201332857263227,-0.7133756027649942,-0.764220567204015,-0.4323080968300293,-0.31904882949337177,-0.7340299380186506,-0.624171559422993,-0.2116986665941561,-0.720223455987924,-0.42733897016617184,-0.6763237973037027,0.1568525569111492,0.1499964043603573,-0.39004692362206544,-0.41143279358390195,-0.4129717378763905,-0.8565366925262629,-0.657898250397868,-0.911475737917717,-0.5529003497681722,-0.7721330456514843,-0.4159506375326193,-0.25990877486209896,0.3118673079134533,-0.2653638935531742,-0.0,-0.3169200642798395,0.25,0.28793774319066145,1.5714285714285714,6.121116491648076e-05,0.2733812949640288,2.9270833333333335,0.0001568481086350608,0.0035587188612099642,0.010101010101010102,1.0,0.013513513513513514
0xf18039f5ec230733259cb7c1dec811aedc4901a174980a29f50d604a52abd9e8,1,0x996290c17c874d989d6e3db7dc0b2ef0a9fb876d,0x2f131c4dad4be81683abb966b4de05a549144443,2022-07-08 00:30:59+00:00,64483,24786838334,23637477,64133,0.0,814,2.0,14,100,100,1.0,75,970,972,0.9979423868312757,264,705,4521367,4,0xf18039f5ec230733259cb7c1dec811aedc4901a174980a29f50d604a52abd9e8,1,1,4,64,263,1659020,273,5,2,2,1,2,0,-0.586413190797444,-0.7201317079816157,-0.7133747584209831,-0.7587777109052,-0.33252166223049956,-0.26789405814397554,0.36341907225226744,-0.5274907106895678,-0.2116986665941561,-0.720223455987924,-0.42733897016617184,-0.6763168304806697,0.19645036051682013,0.18655955923399445,0.23711791541414073,0.31094764869691427,0.354755068045455,-0.8565366925262629,-0.657898250397868,-0.911475737917717,-0.5529003497681722,-0.7721330456514843,-0.4159506375326193,-0.23809755271405472,1.8982551490781079,-0.2653638935531742,-0.0,-0.2736270800092406,0.25,0.2840909090909091,1.5625,6.027651247332011e-05,0.37393767705382436,3.5604395604395602,0.00021453683929288658,0.00102880658436214,0.01,1.0,0.013333333333333334
0x264e16f4862d182a6a0b74977df28a85747b6f237b5e229c9a5bbacdf499ccb4,48,0x00000000c251faf2de8217ab64accd0070b97e47,0x3c10e78343c475b99d20fa544dd30b43c0cba26f,2022-07-10 10:20:09+00:00,20979934,306755722051,17838963,14032464,0.0,16,0.0,7,1,2,0.5,1,10,17,0.5882352941176471,4,7,44847,1,0x264e16f4862d182a6a0b74977df28a85747b6f237b5e229c9a5bbacdf499ccb4,2,1,1129,1,0,0,8,48,58,30,8,11,1,5.489737595684009,-0.7202879047076137,-0.7134575041340745,-1.1615490770175092,-0.4701581237470923,-0.33859276529111504,-1.1543295589734703,-0.8175332568898434,-0.2116207091772937,-0.720223455987924,7.205652606058637,-0.6767557403317522,-1.2912956892391025,-1.2691750443912784,-0.7018576910524956,-0.8671400819386225,-0.8839546609806996,3.1997494064417222,3.7830735459233242,5.456119237555355,6.5616262097487486,2.4332163136028324,7.605985483090431,1.601188470042433,1.1802368844344415,7.6581255457312425,-0.0,-0.33278427426940826,0.042515500442869794,1.0,2.0,1.0,0.5,2.125,0.00022297538351765965,0.11764705882352941,1.0,2.0,1.0
0x4ce9ee35f114b6cf57b0d4084d6da7ed536fe6def702caaaa068f1ebe5e55ecc,1,0x00000000c251faf2de8217ab64accd0070b97e47,0x3c10e78343c475b99d20fa544dd30b43c0cba26f,2022-07-10 10:20:09+00:00,426104,306755722051,3806499,355087,0.0,15,0.0,6,1,2,0.5,1,10,17,0.5882352941176471,4,7,44847,2,0x4ce9ee35f114b6cf57b0d4084d6da7ed536fe6def702caaaa068f1ebe5e55ecc,2,1,9,1,0,0,8,8,5,3,1,3,1,-0.586413190797444,-0.7202879047076137,-0.7134575041340745,-1.1615490770175092,-0.4701581237470923,-0.33859276529111504,-1.1543295589734703,-0.7208524081564182,-0.2116207091772937,-0.720223455987924,-0.3934145631607282,-0.6767557403317522,-1.2912956892391025,-1.2691750443912784,-0.7018576910524956,-0.8671400819386225,-0.8839546609806996,-0.5735399879471011,-0.4199890470235184,-0.6840616316508215,-0.5529003497681722,-0.4159831168454492,-0.2772541034786403,1.601188470042433,-0.5573747605412751,-0.10032120188746566,-0.0,-0.33285840609178946,0.1111111111111111,1.0,2.0,1.0,0.5,2.125,0.00022297538351765965,0.11764705882352941,1.0,2.0,1.0
0x8838da8a454f99cc37a36e9ab209f390e975f2355190ae2c9cffd9bc566eddaa,2,0x6887444a5b74b746f56ae08952f4e1b404ff7ca5,0x3e135c3e981fae3383a5ae0d323860a34cfab893,2022-06-22 08:25:08+00:00,141820,20721867020,15968687,140091,0.0,3862,2.0,86,3076,3177,0.9682090022033365,154,3443,4083,0.843252510409013,517,1525,9537776,1,0x8838da8a454f99cc37a36e9ab209f390e975f2355190ae2c9cffd9bc566eddaa,38,19,19,1049,153,963725,617,10,5,6,2,5,0,-0.4571333868297535,-0.7154363397334319,-0.7107767118987168,-0.32879206329881583,0.022035597488806482,-0.037586541981932654,1.8403052403296196,-0.8175332568898434,-0.2088142421702478,-0.49046267674890104,-0.32556574914984104,-0.6694545097931107,-0.4258008390008661,-0.4235385656997822,1.456014551733095,1.6949475614779173,1.7428589150235458,-0.38487551822766,-0.4199890470235184,-0.0018193128501351652,0.4634605873056737,0.29631674076662123,-0.38628871564718514,-0.26461340376182585,0.9486443888528671,-0.22227696993795018,-0.0,-0.04767328539145705,0.10526315789473684,1.0,3.0285986653956147,0.0031917785760683017,0.33879423328964614,6.6175040518638575,0.0003609855839573519,0.009306882194464855,0.011960969468051622,2.0,0.12337662337662338
0x4c517b0a56358d59f9e22c8e0c754ce4418c8ebd0dd04d2f2b4fdefb12558a29,2,0x69bab6810fa99475854bca0a3dd72ae6a0728ece,0x3e135c3e981fae3383a5ae0d323860a34cfab893,2022-06-22 21:10:22+00:00,159215,42662482600,22315911,152415,0.0,8373,2.0,78,3080,3181,0.9682489783087079,154,7826,8476,0.9233128834355828,509,602,3867545,2,0x4c517b0a56358d59f9e22c8e0c754ce4418c8ebd0dd04d2f2b4fdefb12558a29,118,46,19,1050,153,966553,709,10,5,6,2,5,0,-0.4571333868297535,-0.7154300287546037,-0.7107733345226722,-0.32879206329881583,0.6504320671005002,0.287627510894909,1.793605282445751,-0.7208524081564182,-0.20257764882125692,-0.14582150789036658,-0.32556574914984104,-0.6694475429700777,-0.4258008390008661,-0.42105709021482585,1.7819985358649084,0.13710375721344684,0.17383424730717204,-0.38487551822766,-0.4199890470235184,-0.0018193128501351652,0.4634605873056737,0.29631674076662123,-0.37961701735015885,-0.12149453534274929,1.7346083033634867,-0.21528622180563994,-0.0,0.2867353653699673,0.10526315789473684,1.0,3.0295238095238095,0.003186578297746427,0.8441127694859039,11.954866008462623,0.002023505344215686,0.013921661160924964,0.03709525306507388,2.5652173913043477,0.2987012987012987
0x12fe50039853af2bd1d7fb06c4308297d1755ae1ee8307425267465dd92d2796,2,0x74be0af0bf7254328ddffc09425ff71d64a1a836,0x3e135c3e981fae3383a5ae0d323860a34cfab893,2022-06-25 16:14:52+00:00,128346,62622907239,3859533,121573,0.0,2676,2.0,67,3108,3209,0.9685260205671549,157,2427,2702,0.8982235381199112,318,1873,11346055,3,0x12fe50039853af2bd1d7fb06c4308297d1755ae1ee8307425267465dd92d2796,153,71,16,1060,156,981478,165,9,2,6,2,3,0,-0.4571333868297535,-0.7153858519028062,-0.7107496928903604,-0.31246349440237087,-0.12362965761625415,-0.13982205462088515,0.6786437879683822,-0.624171559422993,-0.19984913923107342,0.17329068549716534,-0.3459203933531072,-0.6693778747397472,-0.4088303517412929,-0.4079609015256556,-0.1455589355232054,2.2823036220240014,2.243232595939455,-0.47920775308738056,-0.657898250397868,-0.0018193128501351652,0.4634605873056737,-0.4159831168454492,-0.3914565490966898,0.008707526540235282,-0.5508076675503619,-0.23278124403030015,-0.0,-0.13559362673551587,0.125,1.0,3.0273584905660376,0.0031666495156799077,0.16969050160085378,16.375757575757575,0.00021390692942111338,0.05662472242783124,0.04767840448737925,2.1549295774647885,0.45222929936305734
0x94cc6b84974beccc5462f9b0c4488295d31f96a166d5ce124803039484db7a31,2,0x98c3e29b131e07e5663f576560f2f8e7606f33a5,0x3e135c3e981fae3383a5ae0d323860a34cfab893,2022-06-25 20:57:16+00:00,141832,45279898014,16119473,135303,0.0,7,2.0,64,3109,3210,0.9685358255451714,157,10,10,1.0,3,7,39463,4,0x94cc6b84974beccc5462f9b0c4488295d31f96a166d5ce124803039484db7a31,3,3,19,1060,156,982515,4,10,5,6,2,5,0,-0.4571333868297535,-0.7153842741580992,-0.7107488485463492,-0.31246349440237087,-0.4701581237470923,-0.3391109757099946,-1.160167053708954,-0.5274907106895678,-0.21154275176043133,-0.6946944805169215,-0.32556574914984104,-0.6693778747397472,-0.4088303517412929,-0.4070509686833997,-0.7160309077538788,-0.8671400819386225,-0.8854444819088038,-0.38487551822766,-0.4199890470235184,-0.0018193128501351652,0.4634605873056737,0.29631674076662123,-0.3862841131533902,-0.10442110680249458,0.967315914359671,-0.22499294706043488,-0.0,-0.33345146067083875,0.10526315789473684,1.0,3.0283018867924527,0.003164325059337456,0.375,2.5,0.0002533954996959254,0.3,0.0009345794392523365,1.0,0.01910828025477707
0x469a6b1fc2f6afc213851ab7e74b5258bf524818495936813bce885726cae38d,2,0x996290c17c874d989d6e3db7dc0b2ef0a9fb876d,0x3e135c3e981fae3383a5ae0d323860a34cfab893,2022-07-08 00:32:11+00:00,176575,30791375494,20148334,169503,0.0,815,2.0,13,3276,3379,0.9695176087599882,170,971,973,0.9979445015416238,264,705,4521370,5,0x469a6b1fc2f6afc213851ab7e74b5258bf524818495936813bce885726cae38d,5,4,19,1114,169,1055666,273,10,5,6,2,5,0,-0.4571333868297535,-0.7151207907920217,-0.7106061544084673,-0.24170636251777597,-0.3323782909164198,-0.26782002808413563,0.36341907225226744,-0.4308098619561426,-0.21138683692670654,-0.6819299927814202,-0.32556574914984104,-0.6690016662959622,-0.33529157361647544,-0.34286341097475703,0.23711791541414073,0.31094764869691427,0.3547558981834164,-0.38487551822766,-0.4199890470235184,-0.0018193128501351652,0.4634605873056737,0.29631674076662123,-0.37295874299336795,-0.19892989305628064,1.4662016260627981,-0.20559311047125847,-0.0,-0.2735529481868594,0.10526315789473684,1.0,3.033213644524237,0.003103251309361759,0.37393767705382436,3.5641025641025643,0.00021475786879687598,0.0051387461459403904,0.001479727730097662,1.25,0.023529411764705882
0xc5fff52612c2f56a3d2f6ae2da4d9183d4793be5d738a2053100cdc1263a72f3,2,0x98c3e29b131e07e5663f576560f2f8e7606f33a5,0x3e135c3e981fae3383a5ae0d323860a34cfab893,2022-07-09 18:30:36+00:00,141832,13894918512,1846885,135303,0.0,12,2.0,9,3307,3412,0.9692262602579133,171,16,16,1.0,4,21,123946,6,0xc5fff52612c2f56a3d2f6ae2da4d9183d4793be5d738a2053100cdc1263a72f3,5,4,19,1127,170,1066998,4,10,5,6,2,5,0,-0.4571333868297535,-0.7150718807061032,-0.7105782910560997,-0.236263506218961,-0.4692978958626136,-0.338666795350955,-1.1543295589734703,-0.33412901322271743,-0.21138683692670654,-0.6819299927814202,-0.32556574914984104,-0.6689110975965324,-0.329634744529951,-0.3329199597033549,-0.7160309077538788,-0.8435108151350443,-0.8620669667771129,-0.38487551822766,-0.4199890470235184,-0.0018193128501351652,0.4634605873056737,0.29631674076662123,-0.3862841131533902,-0.30914566137591526,-0.8000298000309501,-0.22499294706043488,-0.0,-0.33308080155893294,0.10526315789473684,1.0,3.0275066548358476,0.003099346859744011,0.18181818181818182,4.0,0.0001290874325316466,0.3125,0.0014654161781946073,1.25,0.023391812865497075
0x6adef5b62946f4cdbf2f83b8d7503d9d35d76b999916ef0cae08ed22719a5431,3,0x08d9445e85927d20fe15a2428859d38832880e53,0x55517efff907102919a45b2b2cef7918b3d64250,2022-06-28 23:09:24+00:00,200000,42236597228,26854980,200000,0.0,407,2.0,46,10,10,1.0,7,431,451,0.9556541019955654,124,691,4434950,1,0x6adef5b62946f4cdbf2f83b8d7503d9d35d76b999916ef0cae08ed22719a5431,3,3,48,4,62,374055,125,11,16,3,1,6,0,-0.327853582862063,-0.7202737050052503,-0.7134507493819854,-1.1288919392246193,-0.4097988005195032,-0.30646371932058253,-0.4538301907154375,-0.8175332568898434,-0.21154275176043133,-0.6946944805169215,-0.1288041885182682,-0.676734839862653,-0.9405722858745884,-0.9409542832437024,-0.2872911025370373,0.2873183818933362,0.33084239064129883,-0.2905432833679394,0.45234469868243005,-0.6840616316508215,-0.5529003497681722,0.6524666695726564,-0.3639742915643457,-0.12427259014684687,2.296672040120501,-0.18829378835254174,-0.0,-0.30379873171837374,0.0625,0.1111111111111111,2.5,2.6733964967812307e-05,0.1791907514450867,3.608,9.718258442990689e-05,0.0066518847006651885,0.3,1.0,0.42857142857142855
0xad86db60d2babcf33821b2b435a61a9cbe35229200f0a58891eb7a4c4b0b6a97,3,0x08d9445e85927d20fe15a2428859d38832880e53,0x55517efff907102919a45b2b2cef7918b3d64250,2022-06-28 23:13:24+00:00,600000,39797051442,12660797,229193,0.0,409,2.0,45,12,12,1.0,7,433,453,0.9558498896247241,124,691,4434962,2,0xad86db60d2babcf33821b2b435a61a9cbe35229200f0a58891eb7a4c4b0b6a97,5,3,54,4,62,374067,125,11,17,3,1,6,0,-0.327853582862063,-0.7202705495158362,-0.7134490606939631,-1.1288919392246193,-0.4095120578913436,-0.3063156592009027,-0.4538301907154375,-0.7208524081564182,-0.21138683692670654,-0.6946944805169215,-0.08809490011173589,-0.676734839862653,-0.9405722858745884,-0.9409437536447565,-0.2872911025370373,0.2873183818933362,0.33084571119314454,-0.2905432833679394,0.5316477664738799,-0.6840616316508215,-0.5529003497681722,0.6524666695726564,-0.21055783173045445,-0.14018577321483291,0.5390350583533394,-0.17173415590962282,-0.0,-0.3036504680736114,0.05555555555555555,0.1111111111111111,3.0,3.2079728819359046e-05,0.1791907514450867,3.624,9.763328352457507e-05,0.011037527593818985,0.4166666666666667,1.6666666666666667,0.42857142857142855
0xb1982ca4132d5acf03b1521995f71c40ad76b7c80f67104471573f5e4560ef38,2,0x09dde95babe8afd1281eca8186c8e09d1a9d4afa,0x55517efff907102919a45b2b2cef7918b3d64250,2022-06-29 00:02:03+00:00,2000000,50000000000,10273817,257419,0.0,14,2.0,44,14,14,1.0,8,16,16,1.0,5,7,32712,3,0xb1982ca4132d5acf03b1521995f71c40ad76b7c80f67104471573f5e4560ef38,5,4,78,4,63,374241,7,16,38,3,1,8,0,-0.4571333868297535,-0.7202673940264221,-0.7134473720059408,-1.1234490829258044,-0.4692978958626136,-0.338666795350955,-1.1484920642379868,-0.624171559422993,-0.21138683692670654,-0.6819299927814202,0.07474225351439336,-0.676734839862653,-0.934915456788064,-0.9407910744600384,-0.7054009952278414,-0.8671400819386225,-0.8873125690346639,0.1811178909306635,2.197012190094327,-0.6840616316508215,-0.5529003497681722,1.364766527184727,0.3263997776881648,-0.07363183142433512,0.24346015117209627,-0.15572305101002945,-0.0,-0.3329325379141706,0.02564102564102564,0.125,3.5,3.7408949289497173e-05,0.625,2.2857142857142856,0.000489102191789197,0.3125,0.35714285714285715,1.25,0.5
0xdc1816bd07aae0564d3594fe1c3ce6bb1445e5e2365a954da49c8b9e2175cdcf,2,0x09dde95babe8afd1281eca8186c8e09d1a9d4afa,0x55517efff907102919a45b2b2cef7918b3d64250,2022-06-29 00:12:38+00:00,3000000,29827857984,6358943,257419,0.0,15,2.0,43,15,15,1.0,8,17,17,1.0,5,7,32751,4,0xdc1816bd07aae0564d3594fe1c3ce6bb1445e5e2365a954da49c8b9e2175cdcf,6,4,78,4,63,374280,7,16,38,3,1,8,0,-0.4571333868297535,-0.720265816281715,-0.7134465276619297,-1.1234490829258044,-0.4691545245485338,-0.33859276529111504,-1.1484920642379868,-0.5274907106895678,-0.21130887950984417,-0.6819299927814202,0.07474225351439336,-0.676734839862653,-0.934915456788064,-0.9407568532634637,-0.7054009952278414,-0.8671400819386225,-0.8873017772411654,0.1811178909306635,2.197012190094327,-0.6840616316508215,-0.5529003497681722,1.364766527184727,0.7099409272728929,-0.20521492800574972,-0.24131078079057713,-0.15572305101002945,-0.0,-0.33285840609178946,0.02564102564102564,0.125,3.75,4.007684066249689e-05,0.625,2.4285714285714284,0.0005190522716170005,0.35294117647058826,0.4,1.5,0.5
0x372477d533ff442f623829d8e25afa454616677acfd4c44ca29a5f763cccf90d,2,0x09dde95babe8afd1281eca8186c8e09d1a9d4afa,0x55517efff907102919a45b2b2cef7918b3d64250,2022-06-29 00:18:45+00:00,3000000,29712057942,15566942,257419,0.0,16,2.0,42,16,16,1.0,8,18,18,1.0,5,7,32773,5,0x372477d533ff442f623829d8e25afa454616677acfd4c44ca29a5f763cccf90d,7,4,78,4,63,374302,7,16,38,3,1,8,0,-0.4571333868297535,-0.7202642385370079,-0.7134456833179186,-1.1234490829258044,-0.469011153234454,-0.3385187352312751,-1.1484920642379868,-0.4308098619561426,-0.21123092209298178,-0.6819299927814202,0.07474225351439336,-0.676734839862653,-0.934915456788064,-0.9407375489987293,-0.7054009952278414,-0.8671400819386225,-0.8872956895627817,0.1811178909306635,2.197012190094327,-0.6840616316508215,-0.5529003497681722,1.364766527184727,0.7099409272728929,-0.20597029290941402,0.898897117788372,-0.15572305101002945,-0.0,-0.33278427426940826,0.02564102564102564,0.125,4.0,4.274611745030096e-05,0.625,2.5714285714285716,0.0005492158418258376,0.3888888888888889,0.4375,1.75,0.5
0x2c327fe8db066a781ada91f8a2b9485a12441d2a6d1560c170a1e079161b8714,2,0x09dde95babe8afd1281eca8186c8e09d1a9d4afa,0x55517efff907102919a45b2b2cef7918b3d64250,2022-06-29 00:26:21+00:00,3000000,27937686406,8416866,257419,0.0,17,2.0,41,17,17,1.0,8,19,19,1.0,5,7,32801,6,0x2c327fe8db066a781ada91f8a2b9485a12441d2a6d1560c170a1e079161b8714,8,4,78,4,63,374330,7,16,38,3,1,8,0,-0.4571333868297535,-0.720262660792301,-0.7134448389739074,-1.1234490829258044,-0.46886778192037426,-0.33844470517143516,-1.1484920642379868,-0.33412901322271743,-0.21115296467611938,-0.6819299927814202,0.07474225351439336,-0.676734839862653,-0.934915456788064,-0.9407129799345217,-0.7054009952278414,-0.8671400819386225,-0.887287941608475,0.1811178909306635,2.197012190094327,-0.6840616316508215,-0.5529003497681722,1.364766527184727,0.7099409272728929,-0.21754453728106343,0.013517663398794158,-0.15572305101002945,-0.0,-0.3327101424470271,0.02564102564102564,0.125,4.25,4.541435253826159e-05,0.625,2.7142857142857144,0.0005792329735991707,0.42105263157894735,0.47058823529411764,2.0,0.5
0x065cccce962eef1d4e10eccd781f9c1b2e57ffe7a50035ad2669a81386e545c6,2,0x09dde95babe8afd1281eca8186c8e09d1a9d4afa,0x55517efff907102919a45b2b2cef7918b3d64250,2022-06-29 00:43:01+00:00,3000000,32173133628,24593784,257419,0.0,18,2.0,40,18,18,1.0,8,20,20,1.0,5,7,32858,7,0x065cccce962eef1d4e10eccd781f9c1b2e57ffe7a50035ad2669a81386e545c6,9,4,78,4,63,374387,7,16,38,3,1,8,0,-0.4571333868297535,-0.7202610830475938,-0.7134439946298963,-1.1234490829258044,-0.46872441060629444,-0.33837067511159524,-1.1484920642379868,-0.2374481644892922,-0.211075007259257,-0.6819299927814202,0.07474225351439336,-0.676734839862653,-0.934915456788064,-0.940662964339528,-0.7054009952278414,-0.8671400819386225,-0.887272168987208,0.1811178909306635,2.197012190094327,-0.6840616316508215,-0.5529003497681722,1.364766527184727,0.7099409272728929,-0.1899166700750987,2.0166727113374368,-0.15572305101002945,-0.0,-0.33263601062464593,0.02564102564102564,0.125,4.5,4.807846405333504e-05,0.625,2.857142857142857,0.0006086612495815454,0.45,0.5,2.25,0.5
0x36f2dd7456907e583a22f5e5a4c8d797aa3a39f31bf9f5e38f833d45b8a93e4f,2,0x09dde95babe8afd1281eca8186c8e09d1a9d4afa,0x55517efff907102919a45b2b2cef7918b3d64250,2022-06-29 00:49:47+00:00,3000000,37785573140,4441427,257407,0.0,19,2.0,39,19,19,1.0,8,21,21,1.0,5,7,32873,8,0x36f2dd7456907e583a22f5e5a4c8d797aa3a39f31bf9f5e38f833d45b8a93e4f,10,4,78,4,63,374402,7,16,38,3,1,8,0,-0.4571333868297535,-0.7202595053028868,-0.7134431502858851,-1.1234490829258044,-0.4685810392922147,-0.33829664505175533,-1.1484920642379868,-0.14076731575586704,-0.21099704984239462,-0.6819299927814202,0.07474225351439336,-0.676734839862653,-0.934915456788064,-0.9406498023408454,-0.7054009952278414,-0.8671400819386225,-0.8872680182974009,0.1811178909306635,2.197012190094327,-0.6840616316508215,-0.5529003497681722,1.364766527184727,0.7099409272728929,-0.15330666753897318,-0.47875291005791437,-0.15572985797023617,-0.0,-0.3325618788022648,0.02564102564102564,0.125,4.75,5.074745661760189e-05,0.625,3.0,0.0006388027012228509,0.47619047619047616,0.5263157894736842,2.5,0.5
0x4f7c379351564d0f43373af7a910ca2f2bc2de1558e588ddb971023038c85269,7,0x09dde95babe8afd1281eca8186c8e09d1a9d4afa,0x55517efff907102919a45b2b2cef7918b3d64250,2022-06-29 04:49:05+00:00,3000000,28244568261,11517188,863772,0.0,22,2.0,38,21,21,1.0,8,24,24,1.0,5,7,33761,9,0x4f7c379351564d0f43373af7a910ca2f2bc2de1558e588ddb971023038c85269,12,4,223,4,63,375290,7,23,40,6,1,8,0,0.18926563300869895,-0.7202563498134728,-0.7134414615978628,-1.1234490829258044,-0.4681509253499753,-0.3380745548722355,-1.1484920642379868,-0.04408646702244184,-0.21084113500866986,-0.6819299927814202,1.0585500566722577,-0.676734839862653,-0.934915456788064,-0.9398706120188365,-0.7054009952278414,-0.8671400819386225,-0.887022297460819,0.8414435349487075,2.3556183256772267,-0.0018193128501351652,-0.5529003497681722,1.364766527184727,0.7099409272728929,-0.2155427436820733,0.3974242681386605,0.18822867750917763,-0.0,-0.3323394833351213,0.03139013452914798,0.125,5.25,5.595657769570813e-05,0.625,3.4285714285714284,0.0007108583614714769,0.5,0.5714285714285714,3.0,0.5
0x77ec3acdb0ce1dccac03868191951654d113795ca1785493149122d2af4dfd78,7,0x09dde95babe8afd1281eca8186c8e09d1a9d4afa,0x55517efff907102919a45b2b2cef7918b3d64250,2022-06-30 22:59:17+00:00,3000000,55072686808,7624041,1103085,0.0,28,2.0,28,22,22,1.0,9,30,30,1.0,6,8,43423,10,0x77ec3acdb0ce1dccac03868191951654d113795ca1785493149122d2af4dfd78,13,5,259,4,64,384952,8,32,40,10,1,8,0,0.18926563300869895,-0.7202547720687656,-0.7134406172538518,-1.1180062266269892,-0.4672906974654966,-0.3376303745131959,-1.142654569502503,0.05259438171098335,-0.21076317759180746,-0.6691655050459189,1.3028057871114516,-0.676734839862653,-0.9292586277015396,-0.9313925299340953,-0.7018576910524956,-0.8654522771669383,-0.8843486997997227,1.6904336486861928,2.3556183256772267,0.9078371122174466,-0.5529003497681722,1.364766527184727,0.7099409272728929,-0.04054264150811775,-0.0846562533436876,0.3239781831719137,-0.0,-0.3318946924008343,0.02702702702702703,0.13846153846153847,5.5,5.7149833875823804e-05,0.6666666666666666,3.75,0.0006908621960206337,0.43333333333333335,0.5909090909090909,2.6,0.5555555555555556
0x2ede0167334d572d1bf9ddc594b918cb8fbfa9dfdcbb5c1c9f341d68f519a94b,1,0x627a22ff70cb84e74c9c70e2d5b0b75af5a1dcb9,0x5992f10a5b284be845947a1ae1694f8560a89fa8,2022-07-10 10:18:34+00:00,355223,7650880766,23962361,355087,0.0,3,2.0,8,1,1,1.0,1,4,4,1.0,1,0,29,1,0x2ede0167334d572d1bf9ddc594b918cb8fbfa9dfdcbb5c1c9f341d68f519a94b,1,1,9,1,0,0,2,8,5,3,1,3,0,-0.586413190797444,-0.7202879047076137,-0.7134583484780856,-1.1615490770175092,-0.471018351631571,-0.33955515606903425,-1.171842043179921,-0.8175332568898434,-0.2116986665941561,-0.720223455987924,-0.3934145631607282,-0.6767557403317522,-1.2912956892391025,-1.2691750443912784,-0.7231175161045704,-0.8789547153404115,-0.8963563686990823,-0.5735399879471011,-0.4199890470235184,-0.6840616316508215,-0.5529003497681722,-0.4159831168454492,-0.3044398837023554,-0.34987558589946055,1.9384848779173405,-0.10032120188746566,-0.0,-0.33374798796036337,0.1111111111111111,1.0,1.0,1.0,1.0,2.0,0.13333333333333333,0.25,1.0,1.0,1.0
0x05d65e0adddc5d9ccfe6cd65be4a7899ebcb6e5ec7a39787971bcc3d6ba73996,48,0x627a22ff70cb84e74c9c70e2d5b0b75af5a1dcb9,0x5992f10a5b284be845947a1ae1694f8560a89fa8,2022-07-10 10:20:26+00:00,19213883,10065874216,14303620,14055136,0.0,4,2.0,5,2,2,1.0,1,5,5,1.0,1,0,37,2,0x05d65e0adddc5d9ccfe6cd65be4a7899ebcb6e5ec7a39787971bcc3d6ba73996,2,1,1129,1,0,8,2,48,58,30,8,11,1,5.489737595684009,-0.7202863269629067,-0.7134575041340745,-1.1615490770175092,-0.4708749803174912,-0.3394811260091943,-1.171842043179921,-0.7208524081564182,-0.2116207091772937,-0.720223455987924,7.205652606058637,-0.6767557403317522,-1.2912956892391025,-1.2691680246586476,-0.7231175161045704,-0.8789547153404115,-0.8963541549978518,3.1997494064417222,3.7830735459233242,5.456119237555355,6.5616262097487486,2.4332163136028324,6.928632252325173,-0.33412255797992746,0.7424625088306,7.6709861625484885,-0.0,-0.3336738561379822,0.042515500442869794,1.0,2.0,0.2222222222222222,1.0,2.5,0.13157894736842105,0.4,1.0,2.0,1.0
0x5d8f1de54a8ab4b71cf799ade9305a44738e5f09737b63d12130c2a6c49abb78,5,0x4bb4c1b0745ef7b4642feeccd0740dec417ca0a0,0x5ad6211cd3fde39a9cecb5df6f380b8263d1e277,2022-06-23 01:04:46+00:00,2812642,23281622935,26991646,1737591,0.0,4927,2.0,77,783,802,0.9763092269326683,66,4821,4973,0.9694349487231048,511,637,4084193,1,0x5d8f1de54a8ab4b71cf799ade9305a44738e5f09737b63d12130c2a6c49abb78,680,49,216,7,294,1863613,593,33,60,4,1,23,0,-0.06929397492668204,-0.7190541083466999,-0.7127820289251654,-0.8077634175945348,0.21960126829074897,0.028300211275610963,1.805280271916718,-0.8175332568898434,-0.15876558054459594,-0.10752804468386275,1.0110558868646367,-0.6767139393935538,0.3718120621990772,0.3660830789983767,1.370975251524796,0.19617692422239208,0.23378349032944343,1.7847658835459135,3.941679681506224,-0.45664752538392606,-0.5529003497681722,6.707015459275255,0.6380814245689974,-0.24791608874584317,2.313595114576438,0.6838996075827899,-0.0,0.031277105444481076,0.023148148148148147,0.22372881355932203,114.57142857142857,0.000420151383280014,0.8009404388714734,8.386172006745362,0.0011804042609141485,0.13673838729137341,0.8478802992518704,13.877551020408163,0.7424242424242424
0x4ea7f7b12701fbcd38c9906e85df2386b4c1e7a7da2787ce48869a4c631489e8,1,0x6887444a5b74b746f56ae08952f4e1b404ff7ca5,0x688c3e4658b5367da06fd629e41879beab538e37,2022-06-20 16:17:51+00:00,115313,58582754556,18500607,111792,0.0,3838,2.0,117,6641,6926,0.9588507074790644,357,3419,4058,0.842533267619517,515,1523,9528539,1,0x4ea7f7b12701fbcd38c9906e85df2386b4c1e7a7da2787ce48869a4c631489e8,174,60,8,1356,364,2321681,612,9,2,6,1,2,0,-0.586413190797444,-0.7098116798527951,-0.7076112662009669,0.7761077653606271,0.018594685950891664,-0.03943729347793107,1.8286302508586525,-0.8175332568898434,-0.1982120334769633,0.032881320406651295,-0.40019944456181694,-0.667315695121963,0.7677900982557866,0.7680224398339431,1.438298030856366,1.691571951934549,1.7403029202403182,-0.47920775308738056,-0.657898250397868,-0.0018193128501351652,-0.5529003497681722,-0.7721330456514843,-0.39645524089922757,-0.01764643231397004,1.262166923180902,-0.23832948384546782,-0.0,-0.049452449128604956,0.125,0.9780821917808219,5.107669616519174,0.0028604261910115166,0.3379265091863517,6.630718954248366,0.00035881677570750607,0.04287826515524889,0.02512272596015016,2.9,0.16806722689075632
0x318b134a5fa8b4bcd9c5f9a20bff3ef810eb7ff8b88bab92b626ba54912a1324,1,0x6887444a5b74b746f56ae08952f4e1b404ff7ca5,0x688c3e4658b5367da06fd629e41879beab538e37,2022-06-22 08:18:11+00:00,168518,21374752834,6573343,161567,0.0,3860,2.0,88,6660,6945,0.958963282937365,359,3441,4081,0.843175692232296,517,1525,9537753,2,0x318b134a5fa8b4bcd9c5f9a20bff3ef810eb7ff8b88bab92b626ba54912a1324,177,62,13,1358,366,2330895,617,10,4,6,1,3,0,-0.586413190797444,-0.7097817027033612,-0.7075952236647552,0.786993477958257,0.021748854860646913,-0.03773460210161252,1.8403052403296196,-0.7208524081564182,-0.19797816122637615,0.058410295877653846,-0.36627503755637336,-0.6673017614758968,0.7791037564288354,0.7761074168913645,1.456014551733095,1.6949475614779173,1.7428525506325083,-0.38487551822766,-0.49929211481496827,-0.0018193128501351652,-0.5529003497681722,-0.4159831168454492,-0.3760489340355721,-0.26035462266401005,-0.21476206228449055,-0.21009478015464164,-0.0,-0.04782154903621938,0.07692307692307693,0.9782016348773842,5.1141384388807065,0.0028572703372437037,0.33879423328964614,6.6142625607779575,0.0003607767614891305,0.043371722617005636,0.025485961123110152,2.8548387096774195,0.17270194986072424
0xe095bdcb00170a9240108ff62ca0ce62ab79b9553553ef29f73a499804d50940,14,0x32debd59217e4adf5e8a942166d4765c46d82b82,0x83c8f28c26bf6aaca652df1dbbe0e1b56f8baba2,2022-06-19 22:12:51+00:00,716243,44919430003,9696897,511603,1.1327305e+19,1117,2.0,126,131100,194905,0.6726353864703317,122,1213,1246,0.9735152487961477,242,292,1862560,1,0xe095bdcb00170a9240108ff62ca0ce62ab79b9553553ef29f73a499804d50940,20,10,100,52080,121,760291,303,23,12,10,2,6,0,1.0942242607825323,-0.5134471513579342,-0.548892323331581,-0.5029634648608955,-0.29768243290911206,-0.24760982174783291,0.23499418807162806,-0.8175332568898434,-0.21021747567377075,-0.6053430663684125,0.22400964433834517,-0.31393056359329136,-0.6068193697696476,-0.6020451016992902,0.3434170406745147,-0.3861157220086397,-0.38097047288876246,0.8414435349487075,0.1351324275166306,0.9078371122174466,0.4634605873056737,0.6524666695726564,-0.1659738578792769,-0.10677244346611227,0.17202131404275176,-0.011538019911104999,0.0,-0.2511651378277483,0.14,1.0,3.742415514592934,0.17243374913848888,0.825938566552901,4.112211221122112,0.0006512538381293284,0.016051364365971106,0.0001026140940458172,2.0,0.08196721311475409
0x82b45eb7224b913b0eda51601d66e672370fb5fe0c5906ad76ca32312f5b1c53,14,0x230648f035da16d6d9ee3dbdbf3cfca6bd261ebb,0x83c8f28c26bf6aaca652df1dbbe0e1b56f8baba2,2022-06-20 00:26:52+00:00,716243,22622779732,21236989,511603,1.2188561e+19,199,2.0,124,131276,195167,0.6726342055777872,123,233,235,0.9914893617021276,89,220,1394198,2,0x82b45eb7224b913b0eda51601d66e672370fb5fe0c5906ad76ca32312f5b1c53,7,5,100,52124,122,760810,69,23,12,10,2,6,0,1.0942242607825323,-0.5131694682894932,-0.5486711052006633,-0.49752060856208047,-0.43818632070730046,-0.32245421224600884,-0.6581425064573637,-0.7208524081564182,-0.21123092209298178,-0.6691655050459189,0.22400964433834517,-0.31362402337983697,-0.6011625406831232,-0.6015896965448728,-0.485716136356402,-0.5076376655698985,-0.5105721648517488,0.8414435349487075,0.1351324275166306,0.9078371122174466,0.4634605873056737,0.6524666695726564,-0.1659738578792769,-0.25221372995536845,1.601007573568599,-0.011538019911104999,0.0,-0.3192181507736555,0.14,1.0,3.744282863939836,0.17254745265249846,0.40271493212669685,3.4057971014492754,0.00016712104943411953,0.029787234042553193,3.586671927118826e-05,1.4,0.04065040650406504
0x90b87c0f291bcad1796ed5a3431d1f7ffda120e26fca9320460d13f842023c5d,14,0x978ebe7d8d7647cc7efc004448346346a034c9a6,0x83c8f28c26bf6aaca652df1dbbe0e1b56f8baba2,2022-06-20 15:57:22+00:00,2098697,32008180360,2369049,1603377,7.650808e+19,115,2.0,119,132182,196375,0.6731101209420751,123,123,124,0.9919354838709677,41,455,2910865,3,0x90b87c0f291bcad1796ed5a3431d1f7ffda120e26fca9320460d13f842023c5d,1,1,164,52390,122,764600,44,55,15,10,3,14,0,1.0942242607825323,-0.511740031584905,-0.5476511376352107,-0.49752060856208047,-0.4539571652560767,-0.33067154888824185,-0.9383422537605769,-0.624171559422993,-0.2116986665941561,-0.720223455987924,0.6582420540080232,-0.31177084845304437,-0.6011625406831232,-0.5982640982110735,-0.5742987407400469,-0.11100354422412323,-0.09089121433820019,3.8600750504597663,0.3730416308909802,0.9078371122174466,1.4798215243795196,3.5016661000209384,0.36425413852872873,-0.19099266199392653,-0.7353712876708187,0.6077671611506342,0.0,-0.3254452238536732,0.08536585365853659,1.0,3.7483298339377744,0.17287709537392706,0.08991228070175439,2.8181818181818183,4.225546624269204e-05,0.008064516129032258,5.092297899427117e-06,1.0,0.008130081300813009
0x8f076be31bc300f5cf2c9d4b8b7aef1ae4f12ee97daa13ec082feb4b45d41d26,14,0x46a6b9bb2942cd1f0e1956273e04fd4f23a28898,0x83c8f28c26bf6aaca652df1dbbe0e1b56f8baba2,2022-06-22 02:42:07+00:00,716243,23253253499,627721,503155,1.3397313e+19,195,2.0,101,134168,199497,0.672531416512529,125,397,411,0.9659367396593674,123,202,1280979,4,0x8f076be31bc300f5cf2c9d4b8b7aef1ae4f12ee97daa13ec082feb4b45d41d26,1,1,100,52982,124,772626,26,23,12,10,2,6,0,1.0942242607825323,-0.5086066305967017,-0.5450150956324433,-0.48663489596445053,-0.4146734251982159,-0.30942492171418,-0.4596676854509211,-0.5274907106895678,-0.2116986665941561,-0.720223455987924,0.22400964433834517,-0.30764648921747595,-0.5898488825100744,-0.5912215514493127,-0.6380782158962712,-0.5380181514602131,-0.5419012948032764,0.8414435349487075,0.1351324275166306,0.9078371122174466,0.4634605873056737,0.6524666695726564,-0.1659738578792769,-0.24810114287813054,-0.9509964131314844,-0.016330119896641907,0.0,-0.3195146780631802,0.14,1.0,3.7653731455966177,0.17365171033370566,0.6059113300492611,15.807692307692308,0.000309918968289903,0.0024330900243309003,5.012606705865251e-06,1.0,0.008
0x5d8cf3754fdb607aa1247ab5960cdc8c41abfb795ed3de97cb2012854344a2ed,14,0x62cb7601d91d7a35faade7604c001030c6e023b8,0x83c8f28c26bf6aaca652df1dbbe0e1b56f8baba2,2022-06-22 03:12:16+00:00,716230,24891839387,650262,503145,1.517082e+19,208,2.0,93,134197,199538,0.6725385640830318,125,233,254,0.9173228346456693,80,247,1566572,5,0x5d8cf3754fdb607aa1247ab5960cdc8c41abfb795ed3de97cb2012854344a2ed,2,2,100,52990,124,772736,56,23,12,10,2,6,0,1.0942242607825323,-0.5085608760001972,-0.5449804775279867,-0.48663489596445053,-0.43818632070730046,-0.3210476411090501,-0.7106799590767162,-0.4308098619561426,-0.2116207091772937,-0.7074589682524227,0.22400964433834517,-0.3075907546332115,-0.5898488825100744,-0.5911250301256403,-0.5317790906358973,-0.46206693673442645,-0.4628740978641883,0.8414435349487075,0.1351324275166306,0.9078371122174466,0.4634605873056737,0.6524666695726564,-0.16597884391422152,-0.23741262973031357,-0.9482052066769802,-0.016335792363480848,0.0,-0.3185509643722251,0.14,1.0,3.765578411020947,0.17366451975251607,0.3225806451612903,4.535714285714286,0.00014873229654794256,0.007874015748031496,1.002315348454931e-05,1.0,0.016
0x125b9f6fab4a0dd765d669cbfefc2373f4c9ca490f18de71fbbcc73e98e19188,14,0xdc4a23d309b5030b57713d6c4a5ceb7cdc6b927d,0x83c8f28c26bf6aaca652df1dbbe0e1b56f8baba2,2022-06-22 17:10:34+00:00,697091,63639810696,631137,489475,1.5246698e+19,92,2.0,83,134920,200496,0.6729311307956268,125,101,103,0.9805825242718447,45,297,1886273,6,0x125b9f6fab4a0dd765d669cbfefc2373f4c9ca490f18de71fbbcc73e98e19188,1,1,100,53193,124,775840,36,23,12,10,2,6,0,1.0942242607825323,-0.5074201665769993,-0.5441715959653182,-0.48663489596445053,-0.45711133416583194,-0.3322261801448805,-0.9149922748186424,-0.33412901322271743,-0.2116986665941561,-0.720223455987924,0.22400964433834517,-0.3061764895575014,-0.5898488825100744,-0.5884013738649245,-0.6026451741428133,-0.3776766981502189,-0.37440878572900504,0.8414435349487075,0.1351324275166306,0.9078371122174466,0.4634605873056737,0.6524666695726564,-0.17331943797612362,0.015340798588898884,-0.9505734167582718,-0.02409005453231247,0.0,-0.3271502557684399,0.14,1.0,3.7692177542157803,0.1739016112837553,0.15100671140939598,2.861111111111111,5.35447130162426e-05,0.009708737864077669,4.987630675923709e-06,1.0,0.008
0xf97fc4d7604736c4cb61e8286e233d682f182903cf3c6e59ceb7fc237c767123,14,0x7a470d8014a122245b0410774618b7ed0e990daa,0x83c8f28c26bf6aaca652df1dbbe0e1b56f8baba2,2022-06-28 03:48:48+00:00,978487,24559179087,1259908,725589,2.6345446e+19,1044,2.0,52,145772,219884,0.6629495552200251,131,1053,1175,0.8961702127659574,186,685,4392387,7,0xf97fc4d7604736c4cb61e8286e233d682f182903cf3c6e59ceb7fc237c767123,33,13,110,56074,130,804961,219,31,12,10,2,8,0,1.0942242607825323,-0.49029848101608187,-0.527801454277408,-0.45397775817156055,-0.3206218431618775,-0.25286595599646844,-0.0919055171154539,-0.2374481644892922,-0.20920402925455975,-0.5670496031619087,0.29185845834923235,-0.2861050723992705,-0.5559079079909278,-0.5628486696225575,0.04577948994546766,0.2771915532632313,0.319064669957254,1.5961014138264724,0.1351324275166306,0.9078371122174466,0.4634605873056737,1.364766527184727,-0.06539249264757949,-0.23958257639978392,-0.8727139751361143,0.10984482898864655,0.0,-0.25657676086157316,0.12727272727272726,1.0,3.9213182580161927,0.1810917782454327,0.27113702623906705,5.365296803652968,0.00023973291976938285,0.028085106382978724,0.00015007913263357042,2.5384615384615383,0.09923664122137404
0x677e16b9283333ba28ff5ab77162413dfa120828b47c79183aadcb5b083d2bf3,5,0x353623206d926d9ed06bd1cdbc127c6216f9d35a,0x97369300dbbf1098c05d80d4a3e9e7235d9119ba,2022-06-24 03:56:59+00:00,2700000,29089517467,7533298,869404,0.0,626,2.0,75,800,891,0.8978675645342312,171,650,650,1.0,247,316,2003602,1,0x677e16b9283333ba28ff5ab77162413dfa120828b47c79183aadcb5b083d2bf3,79,53,171,14,219,1381231,8,28,38,8,1,1,0,-0.06929397492668204,-0.71902728668668,-0.7127068823081744,-0.236263506218961,-0.3784004827360305,-0.29173173741243513,0.2641816617490461,-0.8175332568898434,-0.20561798807888998,-0.056470093741857644,0.7057362238156442,-0.6766651716323224,-0.05245011929025438,-0.057191004235078224,-0.7018576910524956,-0.3456084074882201,-0.3419423667703252,1.3131047092473105,2.197012190094327,0.4530088996836557,-0.5529003497681722,-1.1282829744575196,0.5948785823974745,-0.21003113103869106,-0.09589277556102815,0.1914234108328689,-0.0,-0.2875638626168991,0.029239766081871343,0.7772727272727272,63.642857142857146,0.0005791930682173596,0.7791798107255521,81.25,0.00032441556535900575,0.12153846153846154,0.08866442199775533,1.490566037735849,0.30994152046783624
0xc7eb02ae88e82aef2c3933fd1a4e8d0e99588f630aa13de067d94fba41b9a781,5,0xc4c40d58862b26c1e0d8d71f3b504d20d2d22aae,0x97369300dbbf1098c05d80d4a3e9e7235d9119ba,2022-06-28 02:25:55+00:00,2700000,45869427304,12564698,871914,0.0,719,2.0,53,806,897,0.8985507246376812,173,748,748,1.0,282,377,2390576,2,0xc7eb02ae88e82aef2c3933fd1a4e8d0e99588f630aa13de067d94fba41b9a781,66,50,171,14,223,1402315,11,28,38,8,1,1,0,-0.06929397492668204,-0.7190178202184377,-0.7127018162441074,-0.225377793621331,-0.36435009395621165,-0.2844767915481214,0.4684939774909723,-0.7208524081564182,-0.206631434498101,-0.09476355694836147,0.7057362238156442,-0.6766651716323224,-0.029822802944156696,-0.03869049888683935,-0.6912277785264582,-0.24265231641548693,-0.23486176427549277,1.3131047092473105,2.197012190094327,0.4530088996836557,-0.5529003497681722,-1.1282829744575196,0.5948785823974745,-0.10057560098352332,0.5271353134852591,0.19284720000944297,-0.0,-0.280669603135451,0.029239766081871343,0.7723214285714286,64.07142857142857,0.0005747634627288001,0.746031746031746,68.0,0.0003128951713331133,0.08823529411764706,0.07357859531772576,1.32,0.28901734104046245
0x4086aa9e1a9a8ef2833461f78cef251623ade2ecd65c6303ba9611bfb524d815,5,0x51ce0ad670e98b544d81b6593b25efaca301f572,0x97369300dbbf1098c05d80d4a3e9e7235d9119ba,2022-07-02 00:28:40+00:00,2700000,26000000000,17824811,861498,0.0,665,2.0,26,809,900,0.8988888888888888,175,693,694,0.9985590778097982,263,324,2047000,3,0x4086aa9e1a9a8ef2833461f78cef251623ade2ecd65c6303ba9611bfb524d815,70,53,171,14,227,1424629,5,28,38,8,1,1,0,-0.06929397492668204,-0.7190130869843165,-0.7126992832120741,-0.21449208102370104,-0.37223551623059975,-0.28847441477947794,0.3575815775167838,-0.624171559422993,-0.20631960483065145,-0.056470093741857644,0.7057362238156442,-0.6766651716323224,-0.007195486598059015,-0.01911070964662866,-0.712487603578533,-0.3321059693147469,-0.3299335910203504,1.3131047092473105,2.197012190094327,0.4530088996836557,-0.5529003497681722,-1.1282829744575196,0.5948785823974745,-0.23018408628398834,1.1784844708882747,0.18693875855000258,-0.0,-0.2846727215440338,0.029239766081871343,0.7675438596491229,64.28571428571429,0.0005678667443476552,0.8092307692307692,138.8,0.0003385440456550827,0.10086455331412104,0.07777777777777778,1.320754716981132,0.3028571428571429
0x73f8f42980cb90580b821c657bd6da9003a4edfe50febcdba27d54bf1c4344ec,5,0x19b8a15f4ee8c31f4cf4e2026e3603ad4fa22d7c,0x97369300dbbf1098c05d80d4a3e9e7235d9119ba,2022-07-04 09:50:19+00:00,2700000,12947602705,19173971,874557,0.0,634,2.0,23,811,902,0.8991130820399114,176,661,661,1.0,252,326,2062503,4,0x73f8f42980cb90580b821c657bd6da9003a4edfe50febcdba27d54bf1c4344ec,71,58,177,14,229,1440132,7,27,34,8,1,2,0,-0.06929397492668204,-0.7190099314949024,-0.7126975945240518,-0.20904922472488605,-0.37682339828115285,-0.29091740675419586,0.29336913542646414,-0.5274907106895678,-0.20624164741378906,0.007352344935648742,0.7464455122221765,-0.6766651716323224,0.004118171574989827,-0.005507345274889558,-0.7054009952278414,-0.3287303597713786,-0.32564371474835957,1.2187724743875898,1.8797999189285275,0.4530088996836557,-0.5529003497681722,-0.7721330456514843,0.5948785823974745,-0.315325012444667,1.3455482258307736,0.19434643299497492,-0.0,-0.2869708080378498,0.02824858757062147,0.7652173913043478,64.42857142857143,0.0005631424319837126,0.7706422018348624,94.42857142857143,0.0003204842269396811,0.10741301059001512,0.0787139689578714,1.2241379310344827,0.32954545454545453
0xcf9688739116ffca2ce2d2bb25918195ca2f5ceef358a71136d7d27cb622ae3d,14,0xf26d94d535107a5e0c5a24f6ce3edcc8352f01e2,0xa2f78200746f73662ea8b5b721fda86cb0880f15,2022-06-24 07:49:47+00:00,3000000,21796537604,25504401,1208398,1.2e+19,52,2.0,74,46,46,1.0,12,52,55,0.9454545454545454,8,11,63721,1,0xcf9688739116ffca2ce2d2bb25918195ca2f5ceef358a71136d7d27cb622ae3d,8,4,144,6,30,178316,7,40,12,20,2,4,0,1.0942242607825323,-0.7202169061957965,-0.7134203529975844,-1.1016776577305443,-0.46413652855574133,-0.33577962301719744,-1.1309795800315359,-0.8175332568898434,-0.21115296467611938,-0.6819299927814202,0.5225444259862488,-0.6767209062165869,-1.12159081664337,-1.1127087139190452,-0.7054009952278414,-0.8603888628518859,-0.8787319863527209,2.4450915275639575,0.1351324275166306,3.1819781748864013,0.4634605873056737,-0.05983318803941397,0.7099409272728929,-0.25760331613030335,2.1294325732770685,0.3837166331928475,0.0,-0.33011552866368643,0.09722222222222222,0.3870967741935484,7.666666666666667,0.00025796755216832946,0.6666666666666666,7.857142857142857,0.0008160446941401714,0.14545454545454545,0.17391304347826086,2.0,0.3333333333333333
0x2c6b3696ed0f70d3774b2014c83269f1c5f92e28c3a7148529efd9371c75bacd,14,0xf26d94d535107a5e0c5a24f6ce3edcc8352f01e2,0xa2f78200746f73662ea8b5b721fda86cb0880f15,2022-06-24 08:32:37+00:00,3000000,25787147674,13209231,1179237,1.2e+19,53,2.0,73,47,47,1.0,12,53,56,0.9464285714285714,8,11,63887,2,0x2c6b3696ed0f70d3774b2014c83269f1c5f92e28c3a7148529efd9371c75bacd,9,4,145,6,30,178482,7,37,12,19,2,4,0,1.0942242607825323,-0.7202153284510894,-0.7134195086535733,-1.1016776577305443,-0.46399315724166157,-0.3357055929573575,-1.1309795800315359,-0.7208524081564182,-0.211075007259257,-0.6819299927814202,0.5293293073873375,-0.6767209062165869,-1.12159081664337,-1.112563054466958,-0.7054009952278414,-0.8603888628518859,-0.8786860520521886,2.1620948229847956,0.1351324275166306,2.9545640686195056,0.4634605873056737,-0.05983318803941397,0.7099409272728929,-0.23157252426679759,0.6069465316983351,0.3671751526438132,0.0,-0.33004139684130523,0.09655172413793103,0.3870967741935484,7.833333333333333,0.00026333040121468153,0.6666666666666666,8.0,0.0008295767593288255,0.16071428571428573,0.19148936170212766,2.25,0.3333333333333333
0xb9998cb48ed5726dff2ed8f50fff018bef0412585a8f2a66d4c6f61846301d0c,14,0xf26d94d535107a5e0c5a24f6ce3edcc8352f01e2,0xa2f78200746f73662ea8b5b721fda86cb0880f15,2022-06-24 11:54:16+00:00,2650472,32450021716,3027557,2147890,1.2e+19,54,2.0,71,49,49,1.0,12,54,57,0.9473684210526315,8,11,64615,3,0xb9998cb48ed5726dff2ed8f50fff018bef0412585a8f2a66d4c6f61846301d0c,10,4,228,6,30,179210,7,57,14,21,3,6,0,1.0942242607825323,-0.7202121729616753,-0.7134178199655511,-1.1016776577305443,-0.4638497859275818,-0.3356315628975176,-1.1309795800315359,-0.624171559422993,-0.21099704984239462,-0.6819299927814202,1.0924744636777013,-0.6767209062165869,-1.12159081664337,-1.1119242587975633,-0.7054009952278414,-0.8603888628518859,-0.8784846052402162,4.048739520179208,0.29373856309953034,3.4093922811532966,1.4798215243795196,0.6524666695726564,0.5758825563408421,-0.1881105261367579,-0.6538295734637009,0.9166403547378335,0.0,-0.3299672650189241,0.06140350877192982,0.3870967741935484,8.166666666666666,0.00027342071636227687,0.6666666666666666,8.142857142857142,0.0008357063266064133,0.17543859649122806,0.20408163265306123,2.5,0.3333333333333333
0x9491d29b508aaf36d1d78c0fcb02908cd5b3f3feb36bb155038250c531435e73,19,0xf07f0854d6c441a91fb1bc23bb7fa4d49a9a249c,0xc26a75ce8c75aa59cccf6bc3e75df42041257fc1,2022-06-20 20:45:07+00:00,1033314,23080793900,4818722,783324,1.25e+19,279,2.0,110,57,57,1.0,5,287,287,1.0,32,31,188367,1,0x9491d29b508aaf36d1d78c0fcb02908cd5b3f3feb36bb155038250c531435e73,57,5,143,1,4,25949,11,30,12,10,3,6,0,1.740623280620985,-0.7201995510040189,-0.713411065213462,-1.1397776518222493,-0.4304442697469921,-0.3186046491343322,-0.9908797063799293,-0.8175332568898434,-0.20733305124986248,-0.6691655050459189,0.51575954458516,-0.6767557403317522,-1.2686683728930048,-1.2464056641369885,-0.6912277785264582,-0.8266327674182028,-0.8442408609061253,1.5017691789667516,0.1351324275166306,0.9078371122174466,1.4798215243795196,0.6524666695726564,-0.044364082039297606,-0.24922609867378226,-0.43203323305812924,0.14259481628326934,0.0,-0.31328760498316255,0.13286713286713286,1.0,57.0,0.0021965317919075147,1.0,26.09090909090909,0.0015236133525864265,0.1986062717770035,1.0,11.4,1.0
0x3393b79b5b9d1028e242b4f36bc64dd101002a72a0e5569fbe05dc0ec7828a79,2,0x72fae93d08a060a7f0a8919708c0db74ca46cbb6,0xd9e1ce17f2641f24ae83637ab66a2cca9c378b9f,2022-06-20 09:27:59+00:00,263174,17600892942,10215902,193150,5.0003236e+17,10637,2.0,122,2030483,3795398,0.5349855272095311,653,10382,11379,0.9123824589155461,425,555,3555901,1,0x3393b79b5b9d1028e242b4f36bc64dd101002a72a0e5569fbe05dc0ec7828a79,1561,239,16,468420,654,4201435,871,9,6,4,1,4,0,-0.4571333868297535,2.483294323554723,2.491162378356499,2.387193229809864,1.0168891458884282,0.5025367746102452,1.3032557246651282,-0.8175332568898434,-0.0900850962888338,2.3177246250613797,-0.3459203933531072,2.586636537988743,2.4082705333478684,2.4174437512726366,2.3560138122709278,0.05777693294429177,0.08759840902372262,-0.47920775308738056,-0.34068597923206856,-0.45664752538392606,-0.5529003497681722,-0.05983318803941397,-0.33974446298048006,-0.28497155081471864,0.23628865382004402,-0.19217942813721595,-0.0,0.45456981124091933,0.125,0.9969465648854962,8.102553264164639,0.48328309654127777,0.7643884892086331,13.064293915040183,0.0029196530163092234,0.1371825292204939,0.00041128756457162066,6.531380753138075,0.3660030627871363
0x53723e245b87e00296e85a9990c1f96465e104ad18a97853ff29a1cf9c70ed9f,2,0x3a8713065e4daa9603b91ef35d6a8336ef7b26c6,0xd9e1ce17f2641f24ae83637ab66a2cca9c378b9f,2022-06-22 02:53:29+00:00,198171,36930095902,1040625,139345,1.7e+18,7553,2.0,97,2032860,3798540,0.5351687753715901,655,7093,8204,0.8645782545099951,175,489,3121981,2,0x53723e245b87e00296e85a9990c1f96465e104ad18a97853ff29a1cf9c70ed9f,29,11,14,468709,656,4211135,980,8,4,4,1,2,0,-0.4571333868297535,2.4870446227233836,2.493815307239489,2.3980789424074938,0.5453408938800184,0.26749133461844626,-0.15611795920577357,-0.7208524081564182,-0.20951585892200927,-0.5925785786329113,-0.3594901561552846,2.588649949845296,2.4195841915209173,2.4259551770873733,2.7422339673836196,-0.05361818198686213,-0.03247274571679658,-0.5735399879471011,-0.49929211481496827,-0.45664752538392606,-0.5529003497681722,-0.7721330456514843,-0.36467578832693615,-0.1588869546468902,-0.899867345659296,-0.22270013596413515,-0.0,0.22594727101741396,0.14285714285714285,0.9969558599695586,8.10426085268258,0.48273435006611043,0.35714285714285715,8.371428571428572,0.0022719541624519296,0.0035348610433934666,7.63451220732176e-06,2.6363636363636362,0.016793893129770993
0x044e3e1a06ef406b130bbbeb53775591b0fe6fc47f21675ef6cce19fe701f2c2,2,0x3a8713065e4daa9603b91ef35d6a8336ef7b26c6,0xd9e1ce17f2641f24ae83637ab66a2cca9c378b9f,2022-06-22 03:09:52+00:00,177326,50713294052,1688566,122245,2.3e+18,7558,2.0,95,2032870,3798552,0.5351697173028038,655,7098,8209,0.8646607382141552,175,489,3122035,3,0x044e3e1a06ef406b130bbbeb53775591b0fe6fc47f21675ef6cce19fe701f2c2,30,11,14,468711,656,4211189,982,8,4,4,1,2,0,-0.4571333868297535,2.4870604001704537,2.493825439367623,2.3980789424074938,0.5460577504504174,0.26786148491764594,-0.15611795920577357,-0.624171559422993,-0.2094379015051469,-0.5925785786329113,-0.3594901561552846,2.588663883491362,2.4195841915209173,2.426002560282631,2.749320575734311,-0.05361818198686213,-0.03245780323349093,-0.5735399879471011,-0.49929211481496827,-0.45664752538392606,-0.5529003497681722,-0.7721330456514843,-0.3726707035900298,-0.068979006748561,-0.8196341216968323,-0.23240005425872334,-0.0,0.22631793012931978,0.14285714285714285,0.9969558599695586,8.104251873755896,0.48273053459948373,0.35714285714285715,8.359470468431772,0.0022735163848206746,0.003654525520769887,7.897746299116083e-06,2.727272727272727,0.016793893129770993
0x8d5024eb59d074206e8a5ff564224d5c01a312261c0e3bff62a011c7d3f90e82,2,0x3a8713065e4daa9603b91ef35d6a8336ef7b26c6,0xd9e1ce17f2641f24ae83637ab66a2cca9c378b9f,2022-06-22 03:21:41+00:00,195484,28303129273,2295977,133522,0.0,7559,2.0,91,2032883,3798567,0.5351710263370371,655,7099,8210,0.8646772228989038,175,489,3122088,4,0x8d5024eb59d074206e8a5ff564224d5c01a312261c0e3bff62a011c7d3f90e82,31,11,16,468712,656,4211242,982,8,5,4,2,4,0,-0.4571333868297535,2.4870809108516454,2.4938381045277898,2.3980789424074938,0.5462011217644971,0.2679355149774859,-0.15611795920577357,-0.5274907106895678,-0.2093599440882845,-0.5925785786329113,-0.3459203933531072,2.588670850314395,2.4195841915209173,2.426049066011309,2.749320575734311,-0.05361818198686213,-0.03244313746283908,-0.5735399879471011,-0.4199890470235184,-0.45664752538392606,0.4634605873056737,-0.05983318803941397,-0.3657063633958703,-0.215160749578929,-0.7444196456870349,-0.22600321340445018,-0.0,0.22639206195170095,0.125,0.9969558599695586,8.104266585877895,0.48272754623753605,0.35714285714285715,8.360488798370673,0.002273798088395302,0.0037758830694275274,8.1609722824423e-06,2.8181818181818183,0.016793893129770993
0xd111de6d772fd9716527b528376915a5411d2b1da07a1f4de27f9867507403cc,2,0x3a8713065e4daa9603b91ef35d6a8336ef7b26c6,0xd9e1ce17f2641f24ae83637ab66a2cca9c378b9f,2022-06-22 03:30:35+00:00,198171,36106146484,1075780,139345,4.5e+18,7561,2.0,90,2032890,3798576,0.5351716011473774,655,7101,8212,0.8647101802240623,175,489,3122120,5,0xd111de6d772fd9716527b528376915a5411d2b1da07a1f4de27f9867507403cc,32,11,14,468715,656,4211274,983,8,4,4,1,2,0,-0.4571333868297535,2.487091955064595,2.49384570362389,2.3980789424074938,0.5464878643926567,0.26808357509716574,-0.15611795920577357,-0.4308098619561426,-0.20928198667142212,-0.5925785786329113,-0.3594901561552846,2.5886917507834943,2.4195841915209173,2.426077144941832,2.7528638799096568,-0.05361818198686213,-0.03243428265791722,-0.5735399879471011,-0.49929211481496827,-0.45664752538392606,-0.5529003497681722,-0.7721330456514843,-0.36467578832693615,-0.1642615854501485,-0.8955141730889534,-0.22270013596413515,0.0,0.22654032559646328,0.14285714285714285,0.9969558599695586,8.104233916132404,0.4827255403648539,0.35714285714285715,8.354018311291963,0.0022744153733952016,0.003896736483195324,8.424209493241677e-06,2.909090909090909,0.016793893129770993
0x3c88f57d07d5cdab88f6e5835e38f4faef3f8031df791ae88e41314076231ac3,2,0x3a8713065e4daa9603b91ef35d6a8336ef7b26c6,0xd9e1ce17f2641f24ae83637ab66a2cca9c378b9f,2022-06-22 04:05:49+00:00,195484,41995620642,1194107,133522,0.0,7562,2.0,89,2032916,3798608,0.5351739374002266,655,7102,8213,0.8647266528674054,175,489,3122239,6,0x3c88f57d07d5cdab88f6e5835e38f4faef3f8031df791ae88e41314076231ac3,33,11,16,468719,656,4211393,983,8,5,4,2,4,0,-0.4571333868297535,2.4871329764269783,2.4938727226322466,2.3980789424074938,0.5466312357067364,0.2681576051570057,-0.15611795920577357,-0.33412901322271743,-0.20920402925455975,-0.5925785786329113,-0.3459203933531072,2.5887196180756264,2.4195841915209173,2.426181563464714,2.7528638799096568,-0.05361818198686213,-0.032401353852114026,-0.5735399879471011,-0.4199890470235184,-0.45664752538392606,0.4634605873056737,-0.05983318803941397,-0.3657063633958703,-0.12584448297629192,-0.8808619799235163,-0.22600321340445018,-0.0,0.22661445741884445,0.125,0.9969558599695586,8.104233026610826,0.48271807387292665,0.35714285714285715,8.35503560528993,0.002274648969970278,0.004018020211859248,8.687392855488115e-06,3.0,0.016793893129770993
0xa1d15c65f9aa2b227102624467bbf44e87abe5ff5049b4e2bfed766dae8f17d9,4,0x6887444a5b74b746f56ae08952f4e1b404ff7ca5,0xd9e1ce17f2641f24ae83637ab66a2cca9c378b9f,2022-06-22 08:19:39+00:00,352410,20340682873,28251942,233290,0.0,3861,2.0,87,2033142,3798886,0.5351942648450099,655,3442,4082,0.8432141107300343,517,1525,9537758,7,0xa1d15c65f9aa2b227102624467bbf44e87abe5ff5049b4e2bfed766dae8f17d9,211,100,27,468755,656,4212371,617,9,7,4,2,4,0,-0.19857377889437255,2.487489546730772,2.4941074502673426,2.3980789424074938,0.0218922261747267,-0.03766057204177259,1.8403052403296196,-0.2374481644892922,-0.19532760905305502,0.5434608298267024,-0.2712866979411313,2.5889704237048163,2.4195841915209173,2.4270397257788185,1.456014551733095,1.6949475614779173,1.7428539341957774,-0.47920775308738056,-0.2613829114406187,-0.45664752538392606,0.4634605873056737,-0.05983318803941397,-0.30551878495613727,-0.26709987200055935,2.4696550200724587,-0.1694101462457089,-0.0,-0.04774741721383821,0.14814814814814814,0.9969558599695586,8.104203688493989,0.48265965114192194,0.33879423328964614,6.6158833063209075,0.0003608814187903049,0.05169034786869182,5.55425985407301e-05,2.11,0.15267175572519084
0x31d4526e370f8151e9694a4826269e32cd231ab0cc12cfe951e7802601a682b5,2,0x6887444a5b74b746f56ae08952f4e1b404ff7ca5,0xd9e1ce17f2641f24ae83637ab66a2cca9c378b9f,2022-06-22 08:25:20+00:00,195484,22574830653,26124573,133522,0.0,3863,2.0,85,2033147,3798892,0.5351947357282071,655,3444,4084,0.8432908912830558,517,1525,9537777,8,0x31d4526e370f8151e9694a4826269e32cd231ab0cc12cfe951e7802601a682b5,212,100,16,468755,656,4212390,617,8,5,4,2,4,0,-0.4571333868297535,2.487497435454307,2.494112516331409,2.3980789424074938,0.022178968802886268,-0.03751251192209271,1.8403052403296196,-0.14076731575586704,-0.19524965163619262,0.5434608298267024,-0.3459203933531072,2.5889704237048163,2.4195841915209173,2.4270563976438164,1.456014551733095,1.6949475614779173,1.7428591917361997,-0.5735399879471011,-0.4199890470235184,-0.45664752538392606,0.4634605873056737,-0.05983318803941397,-0.3657063633958703,-0.252526502306864,2.2062272181154863,-0.22600321340445018,-0.0,-0.04759915356907589,0.125,0.9969558599695586,8.104216488357457,0.48265866107870803,0.33879423328964614,6.6191247974068075,0.0003610903923324699,0.05190989226248776,5.580574546473024e-05,2.12,0.15267175572519084
0xc0a2a923cef44774c31aae401d386fdf15a9a32606637fa5818416f0ab407ec8,2,0x69bab6810fa99475854bca0a3dd72ae6a0728ece,0xd9e1ce17f2641f24ae83637ab66a2cca9c378b9f,2022-06-22 21:09:52+00:00,177326,44347424792,4747361,122245,2e+18,8372,2.0,79,2033792,3799674,0.535254340240768,655,7825,8475,0.9233038348082596,509,602,3867543,9,0xc0a2a923cef44774c31aae401d386fdf15a9a32606637fa5818416f0ab407ec8,819,239,14,468818,656,4215215,709,8,4,4,1,2,0,-0.4571333868297535,2.488515080790355,2.4947727933481176,2.3980789424074938,0.6502886957864203,0.2875534808350691,1.793605282445751,-0.04408646702244184,-0.14792949960072427,2.3177246250613797,-0.3594901561552846,2.5894093335558988,2.4195841915209173,2.4295352407290363,1.7819985358649084,0.13710375721344684,0.17383369388186443,-0.5735399879471011,-0.49929211481496827,-0.45664752538392606,-0.5529003497681722,-0.7721330456514843,-0.3726707035900298,-0.11050363953167566,-0.4408697214038048,-0.23240005425872334,-0.0,0.2866612335475861,0.14285714285714285,0.9969558599695586,8.104795464337974,0.48248820463767456,0.8441127694859039,11.95345557122708,0.0020232478285961324,0.09663716814159291,0.00021554480726504433,3.426778242677824,0.3648854961832061
0xd30c2f8327c6935172a22619685643e5533384b5dd932049ccadc3f0717d3236,2,0x72fae93d08a060a7f0a8919708c0db74ca46cbb6,0xd9e1ce17f2641f24ae83637ab66a2cca9c378b9f,2022-06-24 18:23:34+00:00,195470,71397826591,10983631,133510,0.0,10639,2.0,68,2036227,3802872,0.5354445271889245,657,10384,11381,0.912397856075916,427,559,3579738,10,0xd30c2f8327c6935172a22619685643e5533384b5dd932049ccadc3f0717d3236,1562,240,16,469063,658,4225272,871,8,5,4,2,4,0,-0.4571333868297535,2.492356889152024,2.4974730054957317,2.4089646550051236,1.0171758885165878,0.502684834729925,1.3149307141360953,0.05259438171098335,-0.0900071388719714,2.330489112796881,-0.3459203933531072,2.5911162051989973,2.430897849693966,2.4383599221124186,2.3560138122709278,0.06452815203102838,0.09419440855255226,-0.5735399879471011,-0.4199890470235184,-0.45664752538392606,0.4634605873056737,-0.05983318803941397,-0.3657117329719645,0.06594641865553558,0.3313549836239589,-0.22601002036465692,-0.0,0.45471807488568167,0.125,0.9969650986342944,8.107380032106562,0.48191607974206635,0.7625,13.066590126291619,0.002900770139945957,0.13724628767243652,0.00041074219695009454,6.508333333333334,0.365296803652968
0xeb9db0fc8699ef0e07a6198f17bf3c6e82eb2927aeda56df6727b975f975b0cb,2,0x98c3e29b131e07e5663f576560f2f8e7606f33a5,0xd9e1ce17f2641f24ae83637ab66a2cca9c378b9f,2022-06-25 20:51:56+00:00,198157,47829222922,5601265,139333,8e+16,6,2.0,65,2037997,3805432,0.5355494461601206,658,9,9,1.0,3,7,39444,11,0xeb9db0fc8699ef0e07a6198f17bf3c6e82eb2927aeda56df6727b975f975b0cb,3,2,14,469233,659,4231160,4,8,4,4,1,2,0,-0.4571333868297535,2.495149497283504,2.4996345261642405,2.4144075113039385,-0.4703014950611721,-0.33918500576983457,-1.160167053708954,0.14927523044440855,-0.21154275176043133,-0.7074589682524227,-0.3594901561552846,2.5923005651146167,2.4365546787804906,2.443526445328622,-0.7160309077538788,-0.8671400819386225,-0.8854497394492261,-0.5735399879471011,-0.49929211481496827,-0.45664752538392606,-0.5529003497681722,-0.7721330456514843,-0.36468115790303035,-0.08779183335594133,-0.33513251558654106,-0.22270694292434187,-0.0,-0.3335255924932199,0.14285714285714285,0.996969696969697,8.109898493925193,0.4816637797521768,0.375,2.25,0.00022816580048168336,0.3333333333333333,7.883467632584158e-07,1.5,0.00303951367781155
0x6992ce6d277ef43f9e9e7997c5f1447ba46822cdfff22377f99ba31d567f845c,2,0x3ff680ba6d2b6d0b677284da28ac2dbe83feeccb,0xd9e1ce17f2641f24ae83637ab66a2cca9c378b9f,2022-06-28 11:23:52+00:00,198171,27507381319,4782355,139345,2e+18,34,2.0,48,2041238,3809503,0.5358279019599145,661,39,41,0.9512195121951219,14,347,2201510,12,0x6992ce6d277ef43f9e9e7997c5f1447ba46822cdfff22377f99ba31d567f845c,1,1,14,469588,662,4245056,14,8,4,4,1,2,0,-0.4571333868297535,2.5002629678790567,2.5030718506335763,2.4307360802003837,-0.46600035563877856,-0.33681604385495656,-1.0959546116186343,0.24595607917783374,-0.2116986665941561,-0.720223455987924,-0.3594901561552846,2.594773787291351,2.453525166040064,2.455719720908167,-0.6805978660004208,-0.29328645956601146,-0.28717871888042223,-0.5735399879471011,-0.49929211481496827,-0.45664752538392606,-0.5529003497681722,-0.7721330456514843,-0.36467578832693615,-0.22035142193303967,-0.4365364851379373,-0.22270013596413515,-0.0,-0.33144990146654735,0.14285714285714285,0.9969834087481146,8.112436859544962,0.480850551594478,0.040229885057471264,2.9285714285714284,1.7715105670605325e-05,0.024390243902439025,2.6250143391408274e-07,1.0,0.0015128593040847202
0x37fb99500f55f3bb3dd01062410f1bb05bfb2a8c34980387b314215285621ad7,2,0x54a28f6f2c8209876c9abd2cb950e7fc4f96a283,0xd9e1ce17f2641f24ae83637ab66a2cca9c378b9f,2022-07-08 07:05:16+00:00,195441,16883706156,3318125,133486,0.0,415,2.0,11,2054256,3825805,0.5369473875432752,671,476,484,0.9834710743801653,129,370,2348873,13,0x37fb99500f55f3bb3dd01062410f1bb05bfb2a8c34980387b314215285621ad7,19,13,16,470966,672,4306111,116,8,5,4,2,4,0,-0.4571333868297535,2.5208020484754465,2.5168363467031196,2.4851646431885337,-0.4033470913859129,-0.30402072734586466,-0.4246427170380195,0.34263692791125894,-0.21029543309063314,-0.5670496031619087,-0.3459203933531072,2.6043740694309006,2.510093456905308,2.5092934428791747,-0.31918084011514947,-0.25446694981727597,-0.24640151207726238,-0.5735399879471011,-0.4199890470235184,-0.45664752538392606,0.4634605873056737,-0.05983318803941397,-0.36572285566530244,-0.28964976783571234,-0.6178491255211797,-0.22602363428507036,-0.0,-0.3032056771393244,0.125,0.9970282317979198,8.123314634177413,0.4770558684957567,0.3477088948787062,4.172413793103448,0.00020265029116078598,0.03925619834710744,4.966275071520896e-06,1.4615384615384615,0.019374068554396422
0x143d69412e4a94f4ff8ca325fb6b2deb6e076793e665c15cb69d3bca908f5f7b,2,0x98c3e29b131e07e5663f576560f2f8e7606f33a5,0xd9e1ce17f2641f24ae83637ab66a2cca9c378b9f,2022-07-09 18:28:53+00:00,198157,13575587292,8033676,139333,6.12e+16,10,2.0,10,2056064,3827999,0.5371119480438735,672,14,14,1.0,4,21,123938,14,0x143d69412e4a94f4ff8ca325fb6b2deb6e076793e665c15cb69d3bca908f5f7b,5,3,14,471183,673,4315654,4,8,4,4,1,2,0,-0.4571333868297535,2.523654610905795,2.5186888374635528,2.4906074994873486,-0.46958463849077314,-0.3388148554706349,-1.1543295589734703,0.43931777664468413,-0.21138683692670654,-0.6946944805169215,-0.3594901561552846,2.6058858700290735,2.5157502859918326,2.517667106441034,-0.7160309077538788,-0.8435108151350443,-0.8620691804783435,-0.5735399879471011,-0.49929211481496827,-0.45664752538392606,-0.5529003497681722,-0.7721330456514843,-0.36468115790303035,-0.31122866231500207,-0.03393197953193026,-0.22270694292434187,-0.0,-0.3332290652036953,0.14285714285714285,0.9970326409495549,8.124229863980661,0.47641991771816794,0.18181818181818182,3.5,0.00011295879424555628,0.35714285714285715,1.30616544048209e-06,1.6666666666666667,0.004464285714285714
0x86866053b2668dbc02616ed16194ab0837527febc9ccc1d2546aa7976d34a08c,2,0x6abb6ec9ca97d9bc87cd2775358e62f50803856d,0xfa2e59d340e9825b91cc3910adab6d4190b632df,2022-06-22 03:12:16+00:00,200000,23805282393,147117,147117,0.0,796,2.0,92,764,1538,0.4967490247074122,16,399,798,0.5,16,15,84377,1,0x86866053b2668dbc02616ed16194ab0837527febc9ccc1d2546aa7976d34a08c,798,16,13,3,15,85304,1,8,3,4,1,2,0,-0.4571333868297535,-0.7190840854961338,-0.7121605917329691,-1.0799062325352844,-0.4143866825700563,-0.28077528855612455,-1.084279622147667,-0.8175332568898434,-0.14956660535483438,-0.5287561399554048,-0.36627503755637336,-0.6767418066856861,-1.2064432529412363,-1.1943236353500069,-0.7266608202799162,-0.8536376437651493,-0.8730162097756555,-0.5735399879471011,-0.5785951826064182,-0.45664752538392606,-0.5529003497681722,-0.7721330456514843,-0.3639742915643457,-0.24450025254048968,-1.0105086347214995,-0.21829149473691062,-0.0,-0.2749614528121015,0.15384615384615385,1.0,512.6666666666666,0.008956098704648028,1.0,798.0,0.004728720756595321,1.0,0.5188556566970091,49.875,1.0
0xbabeaf1608f75ea8ddf6e2f33003430491b7e23b4d7767aebd67f1628a6d53de,2,0x6abb6ec9ca97d9bc87cd2775358e62f50803856d,0xfa2e59d340e9825b91cc3910adab6d4190b632df,2022-06-22 03:12:16+00:00,200000,313822822812,759930,109668,0.0,797,0.0,94,764,1538,0.4967490247074122,16,399,798,0.5,16,15,84377,2,0xbabeaf1608f75ea8ddf6e2f33003430491b7e23b4d7767aebd67f1628a6d53de,798,16,13,3,15,85304,1,8,3,4,1,2,0,-0.4571333868297535,-0.7190840854961338,-0.7121605917329691,-1.0799062325352844,-0.4143866825700563,-0.28077528855612455,-1.084279622147667,-0.7208524081564182,-0.14956660535483438,-0.5287561399554048,-0.36627503755637336,-0.6767418066856861,-1.2064432529412363,-1.1943236353500069,-0.7266608202799162,-0.8536376437651493,-0.8730162097756555,-0.5735399879471011,-0.5785951826064182,-0.45664752538392606,-0.5529003497681722,-0.7721330456514843,-0.3639742915643457,1.6472872433530548,-0.9346252399739695,-0.23953431580205878,-0.0,-0.2748873209897203,0.15384615384615385,1.0,512.6666666666666,0.008956098704648028,1.0,798.0,0.004728720756595321,1.0,0.5188556566970091,49.875,1.0
