transaction_hash,trace_involved_amt,from_address,to_address,block_timestamp,gas,gas_price,receipt_cumulative_gas_used,receipt_gas_used,value,nonce,transaction_type,rn,contract_block_involved,contract_tx_count,contract_block_per_tx,contract_main_active_days,sender_block_involved,sender_tx_count,sender_block_per_tx,sender_main_active_days,sender_lifetime_days,sender_lifetime_block,contract_interact,add_feat_hash,sender_tx_count_call_contract,sender_days_call_contract,trace_amt,distinct_sender_in_contract,contract_lifetime_days,contract_lifetime_block,distinct_contract_sender_called,contract_involved_amt,max_breadth,depth,distinct_was_called_in_sample,distinct_sender_call_in_sample,is_sus,z_trace_involved_amt,z_contract_block_involved,z_contract_tx_count,z_contract_main_active_days,z_sender_block_involved,z_sender_tx_count,z_sender_main_active_days,z_contract_interact,z_sender_tx_count_call_contract,z_sender_days_call_contract,z_trace_amt,z_distinct_sender_in_contract,z_contract_lifetime_days,z_contract_lifetime_block,z_distinct_contract_sender_called,z_sender_lifetime_days,z_sender_lifetime_block,z_contract_involved_amt,z_max_breadth,z_depth,z_distinct_was_called_in_sample,z_distinct_sender_call_in_sample,z_gas,z_gas_price,z_receipt_cumulative_gas_used,z_receipt_gas_used,z_value,z_nonce,involved_trace_ratio,contract_active_day_ratio,tx_count_per_distinct_caller,contract_block_ratio,sender_active_day_ratio,sender_tx_count_per_contract,sender_block_ratio,tx_sender_call_contract,sender_call_contract_tx_ratio,sender_tx_count_call_contract_per_days,sender_call_contract_day_ratio
0x69272d8c84d67d1da2f6425b339192fa472898dce936f24818fda415c1c1ff3f,6,0x8efab89b497b887cdaa2fb08ff71e4b3827774b2,0x10c509aa9ab291c76c45414e7cdbd375e1d5ace8,2021-12-21 14:18:15+00:00,10000000,52770827300,14328034,190098,0.0,2,2.0,1,2,2,1.0,1,3,3,1.0,1,0,25,1,0x69272d8c84d67d1da2f6425b339192fa472898dce936f24818fda415c1c1ff3f,2,1,15,1,0,24,1,5,6.0,4.0,2,1,1,6.910238013518982,-8.020808685828872,-8.043133985604722,-4.211595489739864,-0.6397017598090363,-0.6273139414458112,-0.9549459690230936,-1.7081323500732943,-0.32093142561292215,-0.7976450062811727,3.142715536686726,-11.170229356766999,-5.010072830847471,-5.038790912936382,-0.8017772620004414,-1.1039129785317978,-1.1349235727851805,-0.9446925246819134,1.9176058355870982,1.7206541523726457,22.338307903688676,-3.824776708612632,22.142567925479444,-1.2591382479769517,0.49079975581338514,1.9714457891516524,0.0,-0.6084626355341343,0.4,1.0,2.0,0.08,1.0,3.0,0.11538461538461539,0.6666666666666666,1.0,2.0,1.0
0x77862832fef27eb57c919fb67c515fe870a7790b22a6c80e067cf9a1068f521a,2,0x3e738bef54e64be0c99759e0c77d9c72c5a8666e,0x209156e6da73ba9b5e3304fbe3316f511a5acccd,2021-12-08 03:05:20+00:00,234957,98337549796,5814923,153224,0.0,1420,2.0,129,22,22,1.0,12,1232,1531,0.8047028086218158,126,171,1089589,1,0x77862832fef27eb57c919fb67c515fe870a7790b22a6c80e067cf9a1068f521a,22,12,5,1,164,1044816,136,5,3.0,2.0,1,3,0,-0.7891915280063464,-7.908840482069675,-7.933496697475903,-3.532325814552354,0.7211537806003413,0.9381943888865175,0.16436919289775231,-1.7081323500732943,7.929233757238547,5.195589330530917,-1.5035226902303738,-11.170229356766999,5.057217213494144,5.101819872713424,0.16515141865614502,-0.7538621325071614,-0.7709203132546093,-0.9446925246819134,-4.802975363900397,-0.5704965165656313,-0.04476614810358456,0.5664709476590466,0.0847082324347042,-0.16019715640627671,-0.6986812707914523,1.00899665505453,0.0,0.8714078623997457,0.4,0.07272727272727272,22.0,2.1056318953462664e-05,0.7325581395348837,11.257352941176471,0.0011307005387347535,0.014369693011103853,1.0,1.8333333333333333,1.0
0xd9c1dcd63eb69352d4ff0a04b140061d7fa6b7b76c02e4b1e8e3c669ba18cc02,1,0x3e738bef54e64be0c99759e0c77d9c72c5a8666e,0x3a84ad5d16adbe566baa6b3dafe39db3d5e261e5,2021-12-08 03:06:44+00:00,192384,95928952223,10241497,128256,0.0,1421,2.0,128,12,12,1.0,5,1233,1532,0.8048302872062664,126,171,1089595,1,0xd9c1dcd63eb69352d4ff0a04b140061d7fa6b7b76c02e4b1e8e3c669ba18cc02,1,1,1,2,97,613690,137,2,0.0,0.0,1,0,0,-2.7140489133876784,-7.964824583949273,-7.9883153415403125,-3.9645883351262237,0.7222610674517729,0.9392189362231225,0.16436919289775231,-1.7081323500732943,-0.7334396847554956,-0.7976450062811727,-3.362017980997214,-11.157372811507862,0.944360914891167,0.9173688378911256,0.1723138533276753,-0.7538621325071614,-0.7709183087651464,-3.2339312759304915,-11.523556563387892,-2.8616471855039083,-0.04476614810358456,-6.020400536748471,-0.011458191073312479,-0.21828575047313004,-0.08018519035008581,0.3573063046684326,0.0,0.8724514946267794,1.0,0.05102040816326531,6.0,1.9553814541845978e-05,0.7325581395348837,11.182481751824817,0.0011316120837448007,0.0006527415143603133,0.08333333333333333,1.0,0.2
0x5666a6a3d486a01e99d8d43039d541fc196dfce68e9f0a55758c553d720a18d7,3,0x0056bcfe33f5c6dfa62b6d3d3cf5a957429828bb,0xc9f27a50f82571c1c8423a42970613b8dbda14ef,2021-10-26 10:56:55+00:00,287719,80049410538,23093331,185423,0.0,377,2.0,500,1201,1230,0.9764227642276423,42,392,399,0.9824561403508771,86,201,1295657,1,0x5666a6a3d486a01e99d8d43039d541fc196dfce68e9f0a55758c553d720a18d7,1,1,13,804,54,343899,123,7,6.0,3.0,1,3,0,1.1356658573749856,-1.3083148704650762,-1.311404494495242,-1.6797721549500566,-0.20896717460216255,-0.22159319615026007,-0.19381165891691834,-1.7081323500732943,-0.7334396847554956,-0.7976450062811727,2.213467891303306,-0.8464235136805016,-1.6952334260032806,-1.7011863620637426,0.07203976792625151,-0.6924497033800322,-0.7020767908135727,0.5814666428171384,1.9176058355870982,0.5750788179035072,-0.04476614810358456,0.5664709476590466,0.203890174913035,-0.601255600334239,1.715517074083557,1.8494235051058736,0.0,-0.2171005503964721,0.23076923076923078,0.7636363636363637,1.5298507462686568,0.0034922942715905785,0.42574257425742573,3.2439024390243905,0.0003025489751153468,0.002506265664160401,0.0008130081300813008,1.0,0.023809523809523808
0x52cb5adf60ab180987b6d508546642e4b505d8cd74fa5c3a44716abc465633da,2,0xc4a0f4cd18c00b7c9df4b3217f98cc587c179132,0xc9f27a50f82571c1c8423a42970613b8dbda14ef,2021-10-26 15:28:46+00:00,140908,121968774673,9537246,93641,0.0,240,2.0,499,1202,1231,0.9764419171405362,42,245,252,0.9722222222222222,81,363,2346868,2,0x52cb5adf60ab180987b6d508546642e4b505d8cd74fa5c3a44716abc465633da,2,2,8,804,54,345111,69,7,5.0,3.0,1,3,0,-0.7891915280063464,-1.3027164602771164,-1.3059226300888012,-1.6797721549500566,-0.37173834176260073,-0.3722016546311844,-0.2385842653937522,-1.701203144395383,-0.32093142561292215,-0.2528055211164373,-0.10965122215524387,-0.8464235136805016,-1.6952334260032806,-1.6894228528942548,-0.3147317043363831,-0.3608225860935347,-0.35088656201160123,0.5814666428171384,-0.3225878975754,0.5750788179035072,-0.04476614810358456,0.5664709476590466,-0.12773524029461863,0.4097214736589457,-0.178585552152896,-0.5461806177368365,0.0,-0.360078165500098,0.25,0.7636363636363637,1.5310945273631842,0.0034829272815781543,0.22252747252747251,3.652173913043478,0.00010439440803896595,0.007936507936507936,0.0016246953696181965,1.0,0.047619047619047616
0xcdeed8874c95ed0987b70e09115bb75a3cfd7bcd74440ce48c9b7f9695b0dec8,3,0xe905fceb934d98c75022fda23b491ddfccd47f83,0xc9f27a50f82571c1c8423a42970613b8dbda14ef,2021-10-26 16:41:32+00:00,287665,121415514887,6580000,185387,0.0,117,2.0,498,1203,1232,0.976461038961039,42,121,126,0.9603174603174603,30,214,1379029,3,0xcdeed8874c95ed0987b70e09115bb75a3cfd7bcd74440ce48c9b7f9695b0dec8,1,1,13,805,54,345446,47,7,6.0,3.0,1,3,0,1.1356658573749856,-1.2971180500891566,-1.3004407656823602,-1.6797721549500566,-0.5090419113401132,-0.5012946190434052,-0.6952648514574573,-1.6942739387174717,-0.7334396847554956,-0.7976450062811727,2.213467891303306,-0.8335669684213652,-1.6952334260032806,-1.6861713879010383,-0.472305267110049,-0.6658376507582763,-0.6742237415630625,0.5814666428171384,1.9176058355870982,0.5750788179035072,-0.04476614810358456,0.5664709476590466,0.20376819650255337,0.39637840486126397,-0.5917820919375939,1.8484838682661628,0.0,-0.48844492942525125,0.23076923076923078,0.7636363636363637,1.5304347826086957,0.0034824444849716456,0.13953488372093023,2.6808510638297873,8.774283373095582e-05,0.007936507936507936,0.0008116883116883117,1.0,0.023809523809523808
0x632b11d74b9c9eff0ef7841547fccbd0fb52bf5f26e480d5fa8bddf018e16d18,2,0x676f3d2c9f5776e09d23986adc6684fb41e9000e,0xc9f27a50f82571c1c8423a42970613b8dbda14ef,2021-10-26 19:17:56+00:00,166540,141804460265,662883,110729,0.0,907,2.0,497,1204,1233,0.9764801297648013,42,852,962,0.8856548856548857,201,1366,8501581,4,0x632b11d74b9c9eff0ef7841547fccbd0fb52bf5f26e480d5fa8bddf018e16d18,3,3,8,805,54,346122,209,7,5.0,3.0,1,3,0,-0.7891915280063464,-1.2915196399011968,-1.2949589012759193,-1.6797721549500566,0.30038477705635147,0.355226954358314,0.8359582900502599,-1.6873447330395601,0.09157683352965129,0.29203396404829823,-0.10965122215524387,-0.8335669684213652,-1.6952334260032806,-1.6796102227206968,0.6880091496778548,1.6923996277234843,1.7052896639606039,0.5814666428171384,-0.3225878975754,0.5750788179035072,-0.04476614810358456,0.5664709476590466,-0.06983615478602201,0.8881023793393732,-1.4185419454977009,-0.10016633115410534,0.0,0.3360245299314238,0.25,0.7636363636363637,1.5316770186335404,0.00347853219809143,0.14703730797366496,4.6028708133971294,0.00010021664203203592,0.0031185031185031187,0.0024330900243309003,1.0,0.07142857142857142
0x01a87ae92794aba100058250d55e707de8ae7aac048abf034bdcaeff4edc29d4,2,0x1a9a3f7fddaa14a9edc08b999cbf12209b0e1ab4,0xc9f27a50f82571c1c8423a42970613b8dbda14ef,2021-10-26 20:17:56+00:00,140926,233918748477,5623076,88853,0.0,8,2.0,496,1205,1234,0.9764991896272285,42,14,14,1.0,6,179,1155910,5,0x01a87ae92794aba100058250d55e707de8ae7aac048abf034bdcaeff4edc29d4,2,2,8,805,54,346378,6,7,5.0,3.0,1,3,0,-0.7891915280063464,-1.285921229713237,-1.2894770368694783,-1.6797721549500566,-0.6275216044432893,-0.6160439207431571,-0.9101733625462597,-1.6804155273616488,-0.32093142561292215,-0.2528055211164373,-0.10965122215524387,-0.8335669684213652,-1.6952334260032806,-1.6771255211139404,-0.7659650886427901,-0.7374854847399269,-0.7487636889761576,0.5814666428171384,-0.3225878975754,0.5750788179035072,-0.04476614810358456,0.5664709476590466,-0.1276945808244581,3.1096397402026037,-0.7254867907137296,-0.6711523174183742,0.0,-0.6022008421719317,0.25,0.7636363636363637,1.5329192546583852,0.003478848313552496,0.03333333333333333,2.3333333333333335,1.2111659115623954e-05,0.14285714285714285,0.0016207455429497568,1.0,0.047619047619047616
0x9cdb7cad80b4a3a1df45727bd2b94bcfceff98cf2b47511daf3d6fb7530919a4,2,0x2431a0ad8b9d296f08c9516c68301c9cebe20b46,0xc9f27a50f82571c1c8423a42970613b8dbda14ef,2021-10-26 23:56:29+00:00,140944,104290955721,10119587,88865,0.0,107,2.0,495,1206,1235,0.9765182186234818,42,113,121,0.9338842975206612,34,213,1376174,6,0x9cdb7cad80b4a3a1df45727bd2b94bcfceff98cf2b47511daf3d6fb7530919a4,4,4,8,805,54,347375,27,7,5.0,3.0,1,3,0,-0.7891915280063464,-1.2803228195252774,-1.2839951724630374,-1.6797721549500566,-0.5179002061515656,-0.5064173557264299,-0.6594467662759902,-1.6734863216837375,0.5040850926722248,0.8368734492130337,-0.10965122215524387,-0.8335669684213652,-1.6952334260032806,-1.6674487730595018,-0.6155539605406545,-0.6678847317291806,-0.6751775444658381,0.5814666428171384,-0.3225878975754,0.5750788179035072,-0.04476614810358456,0.5664709476590466,-0.12765392135429757,-0.016617762335150752,-0.09721887309584064,-0.6708391051384707,0.0,-0.4988812516955889,0.25,0.7636363636363637,1.5341614906832297,0.0034717424347105153,0.1588785046728972,4.481481481481482,8.211165004450743e-05,0.03305785123966942,0.0032388663967611335,1.0,0.09523809523809523
0xb3bc48b5a23f7f581f47c561567e2ddd195e77f90fde80e66f7ff81a8bf292b8,3,0x1f50823bd5006cb8ffc95456b25bd55176bc01c7,0xc9f27a50f82571c1c8423a42970613b8dbda14ef,2021-10-27 01:26:19+00:00,250959,140000000000,4302726,165716,0.0,130,2.0,494,1207,1236,0.9765372168284789,43,153,154,0.9935064935064936,35,75,477106,7,0xb3bc48b5a23f7f581f47c561567e2ddd195e77f90fde80e66f7ff81a8bf292b8,1,1,6,806,55,347759,48,4,5.0,1.0,1,2,0,1.1356658573749856,-1.2747244093373176,-1.2785133080565965,-1.6180203662966466,-0.47360873209430354,-0.47260729361846726,-0.6504922449806234,-1.6665571160058261,-0.7334396847554956,-0.7976450062811727,-1.038898867538664,-0.8207104231622289,-1.6338475110987585,-1.663721720649367,-0.4651428324385188,-0.9503819057139747,-0.9755395998748196,-1.7077721084314395,-0.3225878975754,-1.7160718510347697,-0.04476614810358456,-1.6291528804767927,0.12085450140741655,0.8445838766976902,-0.9099706149558541,1.335050638434181,0.0,-0.4748777104738123,0.5,0.7678571428571429,1.533498759305211,0.0034707844490453185,0.4605263157894737,3.2083333333333335,0.00032068278184977376,0.006493506493506494,0.0008090614886731392,1.0,0.023255813953488372
0x31903f677d310eabde3e26ad82c1c1b96a390218c4ef50b519ce9f875abd495d,2,0x1f50823bd5006cb8ffc95456b25bd55176bc01c7,0xc9f27a50f82571c1c8423a42970613b8dbda14ef,2021-10-27 01:31:28+00:00,140926,120726986782,24732018,88853,0.0,131,2.0,493,1208,1237,0.9765561843168957,43,154,155,0.9935483870967742,35,75,477130,8,0x31903f677d310eabde3e26ad82c1c1b96a390218c4ef50b519ce9f875abd495d,2,1,8,806,55,347783,48,7,5.0,3.0,1,3,0,-0.7891915280063464,-1.2691259991493578,-1.2730314436501555,-1.6180203662966466,-0.47250144524287196,-0.4715827462818623,-0.6504922449806234,-1.6596279103279146,-0.32093142561292215,-0.7976450062811727,-0.10965122215524387,-0.8207104231622289,-1.6338475110987585,-1.6634887798737337,-0.4651428324385188,-0.9503819057139747,-0.9755315819169679,0.5814666428171384,-0.3225878975754,0.5750788179035072,-0.04476614810358456,0.5664709476590466,-0.1276945808244581,0.3797730449442278,1.944480034280364,-0.6711523174183742,0.0,-0.47383407824677853,0.25,0.7678571428571429,1.534739454094293,0.0034734202838543463,0.4605263157894737,3.2291666666666665,0.0003227625117630169,0.012903225806451613,0.0016168148746968471,2.0,0.023255813953488372
0x0597562e652b34510854c80a45e05c74ca0100dd982af6c06b95362a914d5740,2,0x5614c3f40dab746fe0ed13fe9f3d00b6578e2dac,0xc9f27a50f82571c1c8423a42970613b8dbda14ef,2021-10-27 07:41:21+00:00,140926,106870239178,3442525,88853,0.0,339,2.0,492,1209,1238,0.9765751211631664,43,356,368,0.967391304347826,75,358,2315501,9,0x0597562e652b34510854c80a45e05c74ca0100dd982af6c06b95362a914d5740,4,3,8,806,55,349449,70,7,5.0,3.0,1,3,0,-0.7891915280063464,-1.263527588961398,-1.2675495792437146,-1.6180203662966466,-0.24882950125369843,-0.25335416358501284,-0.2923113931659528,-1.6526987046500032,0.5040850926722248,0.29203396404829823,-0.10965122215524387,-0.8207104231622289,-1.6338475110987585,-1.6473188076985135,-0.3075692696648528,-0.3710579909480562,-0.3613656988422008,0.5814666428171384,-0.3225878975754,0.5750788179035072,-0.04476614810358456,0.5664709476590466,-0.1276945808244581,0.04558729483029678,-1.0301608448925375,-0.6711523174183742,0.0,-0.2567585750237552,0.25,0.7678571428571429,1.5359801488833746,0.0034597224209472026,0.20891364902506965,5.257142857142857,0.00015374635824110712,0.010869565217391304,0.0032310177705977385,1.3333333333333333,0.06976744186046512
0x84f05a1d330f205e640bf7fb1c4ebf32b9a7dfe89d6dffa6b66547941179cc64,2,0x61001ea449d2e8dba71f6f2e53458605c04aecc6,0xc9f27a50f82571c1c8423a42970613b8dbda14ef,2021-10-27 08:22:23+00:00,140926,260581036511,6247553,88853,0.0,467,2.0,491,1210,1239,0.976594027441485,43,478,483,0.989648033126294,95,188,1205259,10,0x84f05a1d330f205e640bf7fb1c4ebf32b9a7dfe89d6dffa6b66547941179cc64,6,4,8,806,55,349627,38,7,5.0,3.0,1,3,0,-0.7891915280063464,-1.2579291787734381,-1.2620677148372734,-1.6180203662966466,-0.11374050537904908,-0.1355312198754462,-0.11322096725861745,-1.645769498972092,1.3291016109573717,0.8368734492130337,-0.10965122215524387,-0.8207104231622289,-1.6338475110987585,-1.6455911636125657,-0.5367671791538214,-0.7190617560017882,-0.732277097225169,0.5814666428171384,-0.3225878975754,0.5750788179035072,-0.04476614810358456,0.5664709476590466,-0.1276945808244581,3.752659082189023,-0.63823272541949,-0.6711523174183742,0.0,-0.12317364996343318,0.25,0.7678571428571429,1.5372208436724566,0.003460821215692107,0.5026455026455027,12.710526315789474,0.00039659492557622423,0.012422360248447204,0.004842615012106538,1.5,0.09302325581395349
0xd4ff7375bef8620c502c08f97b9842d5aa6a2a368213106bb86391eac85d26c9,2,0x89e648d36d3d67c4e9b70113308a968accbe7ee9,0xc9f27a50f82571c1c8423a42970613b8dbda14ef,2021-10-27 09:55:15+00:00,166540,132928102933,26465067,110729,0.0,448,2.0,490,1211,1240,0.9766129032258064,43,461,465,0.9913978494623656,79,212,1363766,11,0xd4ff7375bef8620c502c08f97b9842d5aa6a2a368213106bb86391eac85d26c9,2,2,8,806,55,350046,68,7,5.0,3.0,1,3,0,-0.7891915280063464,-1.2523307685854783,-1.2565858504308325,-1.6180203662966466,-0.13256438185338545,-0.15397307193433488,-0.2564933079844857,-1.6388402932941804,-0.32093142561292215,-0.2528055211164373,-0.10965122215524387,-0.8207104231622289,-1.6338475110987585,-1.6415244059046321,-0.32189413900791336,-0.6699318127000848,-0.6793228286751689,0.5814666428171384,-0.3225878975754,0.5750788179035072,-0.04476614810358456,0.5664709476590466,-0.06983615478602201,0.6740296244587531,2.186627576310121,-0.10016633115410534,0.0,-0.14300266227707473,0.25,0.7678571428571429,1.5384615384615385,0.0034595354338131734,0.37089201877934275,6.838235294117647,0.00033803428298235697,0.004301075268817204,0.0016129032258064516,1.0,0.046511627906976744
0x679569dde6d95e6cf49ef33947186a6c7e44d3fb23726921bf4f107a23b5150b,3,0xb8a9b01c09a86ec8d64839ff12da620ee4a86f83,0xc9f27a50f82571c1c8423a42970613b8dbda14ef,2021-10-27 12:00:22+00:00,126840,126026274169,29285122,84263,0.0,48,2.0,489,1212,1241,0.9766317485898469,43,55,57,0.9649122807017544,17,21,133200,12,0x679569dde6d95e6cf49ef33947186a6c7e44d3fb23726921bf4f107a23b5150b,5,5,6,806,55,350569,18,4,5.0,1.0,1,2,0,1.1356658573749856,-1.2467323583975185,-1.2511039860243915,-1.6180203662966466,-0.5821228435345956,-0.5719883852691452,-0.8116736282972252,-1.631911087616269,0.9165933518147982,1.3817129343777692,-1.038898867538664,-0.8207104231622289,-1.6338475110987585,-1.6364482381689538,-0.6800158725844269,-1.0609242781428072,-1.0904322587476536,-1.7077721084314395,-0.3225878975754,-1.7160718510347697,-0.04476614810358456,-1.6291528804767927,-0.15951287508452722,0.5075769410029735,2.5806553196911373,-0.7909560144815025,0.0,-0.560455553090581,0.5,0.7678571428571429,1.5397022332506203,0.003457226802065208,0.7727272727272727,3.1666666666666665,0.000412909812989392,0.08771929824561403,0.0040290088638195,1.0,0.11627906976744186
0x45bac3a2b7644741a8a48960bfdcfc01f4d3f0fdb91b763fc46c809e3bf83593,2,0xb8a9b01c09a86ec8d64839ff12da620ee4a86f83,0xc9f27a50f82571c1c8423a42970613b8dbda14ef,2021-10-27 21:42:58+00:00,140944,171007971530,18767483,88865,0.0,49,2.0,488,1213,1242,0.9766505636070854,43,56,58,0.9655172413793104,17,21,135789,13,0x45bac3a2b7644741a8a48960bfdcfc01f4d3f0fdb91b763fc46c809e3bf83593,6,5,8,806,55,353158,18,7,5.0,3.0,1,3,0,-0.7891915280063464,-1.2411339482095587,-1.2456221216179506,-1.6180203662966466,-0.5810155566831641,-0.5709638379325402,-0.8116736282972252,-1.6249818819383577,1.3291016109573717,1.3817129343777692,-0.10965122215524387,-0.8207104231622289,-1.6338475110987585,-1.6113197519974982,-0.6800158725844269,-1.0609242781428072,-1.089567321544401,0.5814666428171384,-0.3225878975754,0.5750788179035072,-0.04476614810358456,0.5664709476590466,-0.12765392135429757,1.5924088729668846,1.1110947753520495,-0.6708391051384707,0.0,-0.5594119208635473,0.25,0.7678571428571429,1.5409429280397022,0.0034347135426252766,0.7727272727272727,3.2222222222222223,0.00041240150231975845,0.10344827586206896,0.004830917874396135,1.2,0.11627906976744186
0x1a3d06704874a9a4589101470c18167ae9f7355462961b2734d0e4edf677d616,2,0xa00f0ca22e3d6dda88a889b163056e30dd6ffa2e,0xc9f27a50f82571c1c8423a42970613b8dbda14ef,2021-10-27 22:52:24+00:00,140944,223412949151,7214714,88865,0.0,114,2.0,487,1214,1243,0.9766693483507642,43,121,127,0.952755905511811,18,169,1086406,14,0x1a3d06704874a9a4589101470c18167ae9f7355462961b2734d0e4edf677d616,2,2,8,806,55,353450,13,7,5.0,3.0,1,3,0,-0.7891915280063464,-1.2355355380215989,-1.2401402572115097,-1.6180203662966466,-0.5090419113401132,-0.5002700717068003,-0.8027191070018586,-1.6180526762604464,-0.32093142561292215,-0.2528055211164373,-0.10965122215524387,-0.8207104231622289,-1.6338475110987585,-1.6084856392272917,-0.7158280459420782,-0.7579562944489701,-0.7719836949146915,0.5814666428171384,-0.3225878975754,0.5750788179035072,-0.04476614810358456,0.5664709476590466,-0.12765392135429757,2.856269430759119,-0.503097677941293,-0.6708391051384707,0.0,-0.49157582610635253,0.25,0.7678571428571429,1.5421836228287842,0.0034347052349547745,0.10588235294117647,9.76923076923077,0.00011137630740597216,0.015748031496062992,0.0016090104585679806,1.0,0.046511627906976744
0x9db471dce3d02329dc7174f81c6aa7e50822ca60b1e452072db6693b0726ead6,2,0xed0253992f139de9426586193a5a5c8102da38b0,0xc9f27a50f82571c1c8423a42970613b8dbda14ef,2021-10-28 05:33:53+00:00,140890,130896000246,9204501,93629,0.0,62,2.0,486,1215,1244,0.9766881028938906,44,89,94,0.9468085106382979,27,271,1744311,15,0x9db471dce3d02329dc7174f81c6aa7e50822ca60b1e452072db6693b0726ead6,4,3,8,806,56,355190,25,7,5.0,3.0,1,3,0,-0.7891915280063464,-1.229937127833639,-1.2346583928050687,-1.5562685776432368,-0.5444750905859229,-0.5340801338147628,-0.7221284153435577,-1.6111234705825348,0.5040850926722248,0.29203396404829823,-0.10965122215524387,-0.8207104231622289,-1.5724615961942365,-1.5915974329938685,-0.629878829883715,-0.5491540354167308,-0.5521897548969776,0.5814666428171384,-0.3225878975754,0.5750788179035072,-0.04476614810358456,0.5664709476590466,-0.12777589976477916,0.6250210273354573,-0.22507782321545194,-0.5464938300167401,0.0,-0.5458447019121083,0.25,0.7719298245614035,1.543424317617866,0.003420694781117765,0.09926470588235294,3.76,5.1022982127050666e-05,0.0425531914893617,0.003215434083601286,1.3333333333333333,0.06818181818181818
0xd0616ba0cd2c67a785e50b623cb6248cdb1af173327827286404689af7e6904b,2,0x838a7562f78b8e47b28f9105db62078e5f41a078,0xc9f27a50f82571c1c8423a42970613b8dbda14ef,2021-10-28 06:32:31+00:00,140926,159837992727,923450,88853,0.0,264,2.0,485,1216,1245,0.976706827309237,44,270,298,0.9060402684563759,71,269,1736789,16,0xd0616ba0cd2c67a785e50b623cb6248cdb1af173327827286404689af7e6904b,3,2,8,806,56,355440,77,7,5.0,3.0,1,3,0,-0.7891915280063464,-1.2243387176456793,-1.2291765283986278,-1.5562685776432368,-0.3440561704768119,-0.3250724771473577,-0.32812947834741985,-1.6041942649046235,0.09157683352965129,-0.2528055211164373,-0.10965122215524387,-0.8207104231622289,-1.5724615961942365,-1.5891709665810203,-0.2574322269641409,-0.5532481973585395,-0.5547027165203325,0.5814666428171384,-0.3225878975754,0.5750788179035072,-0.04476614810358456,0.5664709476590466,-0.1276945808244581,1.323020423980507,-1.382134631807166,-0.6711523174183742,0.0,-0.33503099205128767,0.25,0.7719298245614035,1.5446650124069479,0.003421102236376783,0.26296296296296295,3.8701298701298703,0.00015545920923082238,0.010067114093959731,0.0024096385542168677,1.5,0.045454545454545456
0xa253bc9aa1d90492275ef6b4cdc52fc1fd2d678430c59a703e91f911c6ff6cbf,2,0xc21fba357e5d7d57be0926fad7f7ed0e462b6b6c,0xc9f27a50f82571c1c8423a42970613b8dbda14ef,2021-10-28 07:43:25+00:00,140944,112151852846,8443393,88865,0.0,93,2.0,484,1217,1246,0.9767255216693419,44,107,108,0.9907407407407407,52,372,2405955,17,0xa253bc9aa1d90492275ef6b4cdc52fc1fd2d678430c59a703e91f911c6ff6cbf,2,2,8,806,56,355722,43,7,5.0,3.0,1,3,0,-0.7891915280063464,-1.2187403074577194,-1.2236946639921868,-1.5562685776432368,-0.524543927260155,-0.5197364711022939,-0.49826538295938844,-1.5972650592267121,-0.32093142561292215,-0.2528055211164373,-0.10965122215524387,-0.8207104231622289,-1.5724615961942365,-1.5864339124673277,-0.5009550057961701,-0.34239885735539594,-0.33114668386228385,0.5814666428171384,-0.3225878975754,0.5750788179035072,-0.04476614810358456,0.5664709476590466,-0.12765392135429757,0.17296495053235056,-0.33142243979535496,-0.6708391051384707,0.0,-0.5134921028740617,0.25,0.7719298245614035,1.5459057071960298,0.0034212013279995954,0.13941018766756033,2.511627906976744,4.447296625540949e-05,0.018518518518518517,0.0016051364365971107,1.0,0.045454545454545456
0x0e0c79dd3036bf86267dafa63f9412ff3c358e93e0aaa093360a452068ebf379,2,0x70e09792e94b04cdb76abf7aa24781dcb4d37e2e,0xc9f27a50f82571c1c8423a42970613b8dbda14ef,2021-10-28 10:44:02+00:00,140908,131058161744,4935849,93641,0.0,261,2.0,483,1218,1247,0.9767441860465116,44,265,276,0.9601449275362319,70,451,2919571,18,0x0e0c79dd3036bf86267dafa63f9412ff3c358e93e0aaa093360a452068ebf379,2,2,8,806,56,356562,84,7,5.0,3.0,1,3,0,-0.7891915280063464,-1.2131418972697596,-1.218212799585746,-1.5562685776432368,-0.3495926047339697,-0.3476125185526661,-0.3370839996427866,-1.5903358535488006,-0.32093142561292215,-0.2528055211164373,-0.10965122215524387,-0.8207104231622289,-1.5724615961942365,-1.5782809853201578,-0.20729518426342902,-0.18067946065395574,-0.15955704053058986,0.5814666428171384,-0.3225878975754,0.5750788179035072,-0.04476614810358456,0.5664709476590466,-0.12773524029461863,0.6289319062370176,-0.8215085009287805,-0.5461806177368365,0.0,-0.33816188873238895,0.25,0.7719298245614035,1.5471464019851116,0.0034159461301368904,0.15486725663716813,3.2857142857142856,9.076672882189581e-05,0.007246376811594203,0.0016038492381716118,1.0,0.045454545454545456
0xbbaa78f345a765447aae81c40f0a71c3358dc17d87f89fb0396ec9aac8abc222,2,0x473bbc06d7fdb7713d1ed334f8d8096cad6ec3f3,0xc9f27a50f82571c1c8423a42970613b8dbda14ef,2021-10-28 13:34:47+00:00,140890,135070993550,21332258,93629,0.0,3149,2.0,482,1219,1248,0.9767628205128205,44,3003,3200,0.9384375,245,553,3575391,19,0xbbaa78f345a765447aae81c40f0a71c3358dc17d87f89fb0396ec9aac8abc222,2,2,8,806,56,357355,444,7,5.0,3.0,1,3,0,-0.7891915280063464,-1.2075434870818,-1.212730935179305,-1.5562685776432368,2.68215879448562,2.648163893680141,1.2299572270463976,-1.5834066478708893,-0.32093142561292215,-0.2528055211164373,-0.10965122215524387,-0.8207104231622289,-1.5724615961942365,-1.5705842338586036,2.371181297487468,0.02812279837828347,0.059540339398757226,0.5814666428171384,-0.3225878975754,0.5750788179035072,-0.04476614810358456,0.5664709476590466,-0.12777589976477916,0.7257101146228034,1.4694539227906793,-0.5464938300167401,0.0,2.675847982941127,0.25,0.7719298245614035,1.5483870967741935,0.003411164217195178,0.44223826714801445,7.207207207207207,0.0008399079038046738,0.000625,0.0016025641025641025,1.0,0.045454545454545456
0x212a43ab721359bd82f9e19f838768c18cbc4fc9655417797906b0ad4afffb85,3,0x5614c3f40dab746fe0ed13fe9f3d00b6578e2dac,0xc9f27a50f82571c1c8423a42970613b8dbda14ef,2021-10-28 16:44:02+00:00,152878,230961409302,10052120,101351,0.0,345,2.0,481,1220,1249,0.9767814251401121,44,363,375,0.968,76,359,2324253,20,0x212a43ab721359bd82f9e19f838768c18cbc4fc9655417797906b0ad4afffb85,5,4,6,806,56,358201,71,4,5.0,1.0,1,2,0,1.1356658573749856,-1.2019450768938402,-1.207249070772864,-1.5562685776432368,-0.2410784932936776,-0.24618233222877833,-0.283356871870586,-1.576477442192978,0.9165933518147982,0.8368734492130337,-1.038898867538664,-0.8207104231622289,-1.5724615961942365,-1.5623730715175252,-0.30040683499332255,-0.3690109099771519,-0.3584418168789462,-1.7077721084314395,-0.3225878975754,-1.7160718510347697,-0.04476614810358456,-1.6291528804767927,-0.10069669263786529,3.038317043218977,-0.10664559341253199,-0.34494172789877137,0.0,-0.2504967816615526,0.5,0.7719298245614035,1.5496277915632755,0.0034058994645479366,0.2111111111111111,5.28169014084507,0.00015617914393177337,0.013333333333333334,0.0040032025620496394,1.25,0.09090909090909091
0xe53ecb61169de1ce1ba67c5156f7b50d466e2e31cd4f79f4819837298f12f7d9,2,0xb52f4ad9bd8815def9886a16ab495286cec2c376,0xc9f27a50f82571c1c8423a42970613b8dbda14ef,2021-10-28 22:44:33+00:00,140926,152488248006,13655580,88853,0.0,39,2.0,480,1221,1250,0.9768,44,45,45,1.0,23,94,605663,21,0xe53ecb61169de1ce1ba67c5156f7b50d466e2e31cd4f79f4819837298f12f7d9,2,2,8,806,56,359787,19,7,5.0,3.0,1,3,0,-0.7891915280063464,-1.1963466667058804,-1.201767206366423,-1.5562685776432368,-0.5931957120489112,-0.5842829533084043,-0.7579465005250247,-1.5695482365150664,-0.32093142561292215,-0.2528055211164373,-0.10965122215524387,-0.8207104231622289,-1.5724615961942365,-1.5469795685944165,-0.6728534379128965,-0.911487367266793,-0.9325910745605915,0.5814666428171384,-0.3225878975754,0.5750788179035072,-0.04476614810358456,0.5664709476590466,-0.1276945808244581,1.1457652683749975,0.3968421797563445,-0.6711523174183742,0.0,-0.5698482431338849,0.25,0.7719298245614035,1.5508684863523574,0.003393665158371041,0.24210526315789474,2.3684210526315788,7.429862101759392e-05,0.044444444444444446,0.0016,1.0,0.045454545454545456
0x372a81e579381f21df8f01c93b6ce98f2d7b943d4bf6485d4d9e517c37f1f09a,3,0x8aad2005b207b6abd3065b10ef1b8c1df1dd100b,0xc9f27a50f82571c1c8423a42970613b8dbda14ef,2021-10-29 01:51:52+00:00,287719,154984560120,13779234,185423,0.0,616,2.0,479,1222,1251,0.9768185451638689,45,620,633,0.9794628751974723,191,657,4247455,22,0x372a81e579381f21df8f01c93b6ce98f2d7b943d4bf6485d4d9e517c37f1f09a,1,1,13,807,57,360629,149,7,6.0,3.0,1,3,0,1.1356658573749856,-1.1907482565179206,-1.1962853419599822,-1.4945167889898268,0.04349422752423134,0.018150880615292898,0.7464130770965922,-1.562619030837155,-0.7334396847554956,-0.7976450062811727,2.213467891303306,-0.8078538779030925,-1.5110756812897146,-1.538807229715944,0.25826306938603855,0.24101921935233128,0.2840645404673991,0.5814666428171384,1.9176058355870982,0.5750788179035072,-0.04476614810358456,0.5664709476590466,0.203890174913035,1.2059692902837726,0.4141195401553566,1.8494235051058736,0.0,0.03232755186459793,0.23076923076923078,0.7758620689655172,1.550185873605948,0.0033885145439924574,0.29027355623100304,4.248322147651007,0.00014596972870348744,0.001579778830963665,0.0007993605115907274,1.0,0.022222222222222223
0x2685c4dabcf8052c0e853321dd3276d7c655344e05f7e434dd6a0c215db8659f,2,0x2c4fe365db09ad149d9caec5fd9a42f60a0cf1a3,0xc9f27a50f82571c1c8423a42970613b8dbda14ef,2021-10-29 01:59:16+00:00,166576,162665630583,12058920,105953,0.0,449,2.0,478,1223,1252,0.9768370607028753,45,469,483,0.9710144927536232,104,210,1348859,23,0x2685c4dabcf8052c0e853321dd3276d7c655344e05f7e434dd6a0c215db8659f,3,3,8,807,57,360662,84,7,5.0,3.0,1,3,0,-0.7891915280063464,-1.1851498463299608,-1.1908034775535412,-1.4945167889898268,-0.12370608704193305,-0.1355312198754462,-0.03263027560031655,-1.5556898251592437,0.09157683352965129,0.29203396404829823,-0.10965122215524387,-0.8078538779030925,-1.5110756812897146,-1.538486936149448,-0.20729518426342902,-0.6740259746418935,-0.6843029827458084,0.5814666428171384,-0.3225878975754,0.5750788179035072,-0.04476614810358456,0.5664709476590466,-0.06975483584570095,1.3912150902155425,0.17375137594339296,-0.22482481855573946,0.0,-0.14195903005004096,0.25,0.7758620689655172,1.5514250309789344,0.0033909771725960246,0.4928909952606635,5.75,0.0003477010216034281,0.006211180124223602,0.0023961661341853034,1.0,0.06666666666666667
0xe38999ad6235445bc26982635fe574befe3e2a4f89ae4d4cec14ed7d39fc5d78,2,0x8aad2005b207b6abd3065b10ef1b8c1df1dd100b,0xc9f27a50f82571c1c8423a42970613b8dbda14ef,2021-10-29 02:09:09+00:00,140944,185400386614,26231820,88865,0.0,617,2.0,477,1224,1253,0.9768555466879489,45,621,634,0.9794952681388013,191,657,4247530,24,0xe38999ad6235445bc26982635fe574befe3e2a4f89ae4d4cec14ed7d39fc5d78,2,1,8,807,57,360704,149,7,5.0,3.0,1,3,0,-0.7891915280063464,-1.179551436142001,-1.1853216131471003,-1.4945167889898268,0.04460151437566289,0.019175427951897826,0.7464130770965922,-1.5487606194813324,-0.32093142561292215,-0.7976450062811727,-0.10965122215524387,-0.8078538779030925,-1.5110756812897146,-1.5380792897920896,0.25826306938603855,0.24101921935233128,0.28408959658568567,0.5814666428171384,-0.3225878975754,0.5750788179035072,-0.04476614810358456,0.5664709476590466,-0.12765392135429757,1.939513414974215,2.154037506591484,-0.6708391051384707,0.0,0.03337118409163169,0.25,0.7758620689655172,1.5526641883519208,0.0033933546804175156,0.29027355623100304,4.25503355704698,0.00014620258215890597,0.0031545741324921135,0.0015961691939345571,2.0,0.022222222222222223
0x08ea9dd463e8e1745103b5c9bf5715d2010fa56e61a79f69ea9660372da377fa,2,0x5dd020b1b6e90d49d3350061393a0f555f1bfa0d,0xc9f27a50f82571c1c8423a42970613b8dbda14ef,2021-10-29 04:48:53+00:00,140908,136393552221,9389203,88841,0.0,119,2.0,476,1225,1254,0.9768740031897927,45,871,872,0.9988532110091743,329,1332,8296284,25,0x08ea9dd463e8e1745103b5c9bf5715d2010fa56e61a79f69ea9660372da377fa,2,2,8,807,57,361417,54,7,5.0,3.0,1,3,0,-0.7891915280063464,-1.1739530259540412,-1.1798397487406593,-1.4945167889898268,0.32142322723355093,0.2630176940638705,1.982137015857206,-1.5418314138034208,-0.32093142561292215,-0.2528055211164373,-0.10965122215524387,-0.8078538779030925,-1.5110756812897146,-1.5311590075826467,-0.42216822440933716,1.6227988747127378,1.6367037184155533,0.5814666428171384,-0.3225878975754,0.5750788179035072,-0.04476614810358456,0.5664709476590466,-0.12773524029461863,0.7576065072084801,-0.19927062716503433,-0.6714655296982778,0.0,-0.4863576649711837,0.25,0.7758620689655172,1.553903345724907,0.003389427200637489,0.24681170292573143,16.14814814814815,0.00010498675009356597,0.0022935779816513763,0.001594896331738437,1.0,0.044444444444444446
0xfb1c8faf8f2a355f0bfba8275108d0dd9bbfb0902df2a8dd5b43093c5cdf2ba2,2,0x7026cf6f800cee5aaeddcd09bd7c32d6955df7ac,0xc9f27a50f82571c1c8423a42970613b8dbda14ef,2021-10-29 08:42:34+00:00,140926,158262569581,3966052,88853,0.0,97,2.0,475,1226,1255,0.9768924302788845,45,103,104,0.9903846153846154,29,174,1115971,26,0xfb1c8faf8f2a355f0bfba8275108d0dd9bbfb0902df2a8dd5b43093c5cdf2ba2,2,2,8,807,57,362410,37,7,5.0,3.0,1,3,0,-0.7891915280063464,-1.1683546157660814,-1.1743578843342184,-1.4945167889898268,-0.5289730746658812,-0.5238346604487136,-0.7042193727528241,-1.5349022081255095,-0.32093142561292215,-0.2528055211164373,-0.10965122215524387,-0.8078538779030925,-1.5110756812897146,-1.5215210829908137,-0.5439296138253518,-0.7477208895944485,-0.7621065730861241,0.5814666428171384,-0.3225878975754,0.5750788179035072,-0.04476614810358456,0.5664709476590466,-0.1276945808244581,1.2850256519864727,-0.9570118593553641,-0.6711523174183742,0.0,-0.5093175739659266,0.25,0.7758620689655172,1.5551425030978934,0.003382899525676649,0.1657142857142857,2.810810810810811,9.229622248586882e-05,0.019230769230769232,0.0015936254980079682,1.0,0.044444444444444446
0xe926bae8dc4f00ee6875398ac3fc26fa4fff3af3d2241d98b154d0dd8ce9df11,2,0xf869842bdc723204a63547c1d293722e0f633cbf,0xc9f27a50f82571c1c8423a42970613b8dbda14ef,2021-10-29 13:47:21+00:00,140944,201871328191,2385045,88865,0.0,1609,,474,1227,1256,0.9769108280254777,45,1478,1664,0.8882211538461539,217,1016,6429122,27,0xe926bae8dc4f00ee6875398ac3fc26fa4fff3af3d2241d98b154d0dd8ce9df11,3,3,8,807,57,363742,220,7,5.0,3.0,1,3,0,-0.7891915280063464,-1.1627562055781215,-1.1688760199277775,-1.4945167889898268,0.9935463460525031,1.0744591846549727,0.9792306307761282,-1.5279730024475981,0.09157683352965129,0.29203396404829823,-0.10965122215524387,-0.8078538779030925,-1.5110756812897146,-1.5085928699431588,0.7667959310646877,0.9759212879069772,1.012919292652936,0.5814666428171384,-0.3225878975754,0.5750788179035072,-0.04476614810358456,0.5664709476590466,-0.12765392135429757,2.336746165638126,-1.1779155723962764,-0.6708391051384707,0.0,1.0686543533091275,0.25,0.7758620689655172,1.5563816604708798,0.0033732607912729594,0.21337266470009833,7.5636363636363635,0.0002298913864301554,0.0018028846153846155,0.0023885350318471337,1.0,0.06666666666666667
0x4bf3ecd096ba20c7622d3fd41d4db714b9abad54d9d23dec7d0155e00b42de38,3,0xa862ad3b430bb441c061ae8965c2df56559b3d2e,0xc9f27a50f82571c1c8423a42970613b8dbda14ef,2021-10-29 16:48:03+00:00,126840,260458046991,7561297,84263,0.0,265,2.0,473,1228,1257,0.9769291964996022,45,278,291,0.9553264604810997,79,882,5643980,28,0x4bf3ecd096ba20c7622d3fd41d4db714b9abad54d9d23dec7d0155e00b42de38,3,3,6,807,57,364480,47,4,5.0,1.0,1,2,0,1.1356658573749856,-1.1571577953901617,-1.1633941555213365,-1.4945167889898268,-0.3351978756653595,-0.3322443085035922,-0.2564933079844857,-1.5210437967696866,0.09157683352965129,0.29203396404829823,-1.038898867538664,-0.8078538779030925,-1.5110756812897146,-1.501429941092431,-0.472305267110049,0.7016124378058002,0.7506178150028379,-1.7077721084314395,-0.3225878975754,-1.7160718510347697,-0.04476614810358456,-1.6291528804767927,-0.15951287508452722,3.74969292114085,-0.45467191412313246,-0.7909560144815025,0.0,-0.33398735982425387,0.5,0.7758620689655172,1.5576208178438662,0.0033691742505096286,0.08946772366930918,6.191489361702128,4.9256012732856474e-05,0.010309278350515464,0.002386634844868735,1.0,0.06666666666666667
0x839c314ba7def33bbfb6c08904752a0ecea781388bdd07ca11f1dee32604359e,3,0xbe2bb05814a35c017c4ed79b66c525637930689e,0xc9f27a50f82571c1c8423a42970613b8dbda14ef,2021-10-29 19:49:52+00:00,126822,195465341634,7639344,84251,0.0,31,2.0,472,1229,1258,0.9769475357710652,45,39,39,1.0,13,67,431981,29,0x839c314ba7def33bbfb6c08904752a0ecea781388bdd07ca11f1dee32604359e,4,3,6,807,57,365340,13,4,5.0,1.0,1,2,0,1.1356658573749856,-1.151559385202202,-1.1579122911148956,-1.4945167889898268,-0.5998394331575004,-0.5904302373280339,-0.8474917134786923,-1.5141145910917753,0.5040850926722248,0.29203396404829823,-1.038898867538664,-0.8078538779030925,-1.5110756812897146,-1.4930828966322334,-0.7158280459420782,-0.9667585534812092,-0.9906150310439084,-1.7077721084314395,-0.3225878975754,-1.7160718510347697,-0.04476614810358456,-1.6291528804767927,-0.15955353455468776,2.182251800585765,-0.44376691996959355,-0.7912692267614061,0.0,-0.5781973009501551,0.5,0.7758620689655172,1.5588599752168526,0.0033639805004092066,0.19117647058823528,3.0,9.028153950859063e-05,0.10256410256410256,0.003179650238473768,1.3333333333333333,0.06666666666666667
0x35ff5678987af38e159a51013945a764561914cbc312d66db05f01ed882a06b5,2,0x551e76873aea197309676311fd8548a8408687d9,0xc9f27a50f82571c1c8423a42970613b8dbda14ef,2021-10-30 05:33:52+00:00,166522,165137651752,716700,110717,0.0,523,2.0,471,1230,1259,0.9769658459094519,46,552,583,0.9468267581475128,114,232,1491297,30,0x35ff5678987af38e159a51013945a764561914cbc312d66db05f01ed882a06b5,2,2,8,807,58,367966,113,7,5.0,3.0,1,3,0,-0.7891915280063464,-1.145960975014242,-1.1524304267084546,-1.432765000336417,-0.03180127837311421,-0.03307648621495346,0.056914937353351125,-1.507185385413864,-0.32093142561292215,-0.2528055211164373,-0.10965122215524387,-0.8078538779030925,-1.4496897663851924,-1.4675952934316763,0.0004154212109488053,-0.6289901932819988,-0.6367170710591011,0.5814666428171384,-0.3225878975754,0.5750788179035072,-0.04476614810358456,0.5664709476590466,-0.06987681425618254,1.4508332829017763,-1.411022449932708,-0.10047954343400894,0.0,-0.0647302452495423,0.25,0.7796610169491526,1.560099132589839,0.003342691056534961,0.4892703862660944,5.15929203539823,0.0003701473481490621,0.003430531732418525,0.0015885623510722795,1.0,0.043478260869565216
0xa54498a26f58227ff64236027b03b1728480add6fcddc8be1488146118a9f26b,3,0xa6d21cf923f5911f8f5db2ae0f5d0dc23b9ce665,0xc9f27a50f82571c1c8423a42970613b8dbda14ef,2021-10-30 09:09:25+00:00,126840,139100858479,2326733,79463,0.0,441,2.0,470,1231,1260,0.976984126984127,46,501,516,0.9709302325581395,150,427,2763148,31,0xa54498a26f58227ff64236027b03b1728480add6fcddc8be1488146118a9f26b,4,3,6,807,58,368910,90,4,5.0,1.0,1,2,0,1.1356658573749856,-1.1403625648262823,-1.1469485623020137,-1.432765000336417,-0.08827290779612337,-0.10172115776748358,0.37927770398655475,-1.5002561797359526,0.5040850926722248,0.29203396404829823,-1.038898867538664,-0.8078538779030925,-1.4496897663851924,-1.4584329562567617,-0.1643205762342474,-0.22980940395565908,-0.2118150830738003,-1.7077721084314395,-0.3225878975754,-1.7160718510347697,-0.04476614810358456,-1.6291528804767927,-0.15951287508452722,0.8228991139928238,-1.186063124756792,-0.9162409264429439,0.0,-0.15030808786631109,0.5,0.7796610169491526,1.5613382899628252,0.0033368481828950614,0.35046728971962615,5.733333333333333,0.00018131486937548427,0.007751937984496124,0.0031746031746031746,1.3333333333333333,0.06521739130434782
0x4205441da6fc162041640745752f0ab1896b6bd9f5928b4ca68430d589b526d2,3,0xb8a9b01c09a86ec8d64839ff12da620ee4a86f83,0xc9f27a50f82571c1c8423a42970613b8dbda14ef,2021-10-30 11:23:59+00:00,152896,124598441493,342834,101363,0.0,60,2.0,469,1232,1261,0.9770023790642347,46,68,70,0.9714285714285714,19,24,152133,32,0x4205441da6fc162041640745752f0ab1896b6bd9f5928b4ca68430d589b526d2,7,6,6,807,58,369502,20,4,5.0,1.0,1,2,0,1.1356658573749856,-1.1347641546383227,-1.1414666978955728,-1.432765000336417,-0.5677281144659855,-0.5586692698932811,-0.7937645857064918,-1.493326974058041,1.741609870099945,1.9265524195425048,-1.038898867538664,-0.8078538779030925,-1.4496897663851924,-1.4526870837911372,-0.6656910032413663,-1.0547830352300944,-1.084107092247391,-1.7077721084314395,-0.3225878975754,-1.7160718510347697,-0.04476614810358456,-1.6291528804767927,-0.10065603316770476,0.47314163572769363,-1.4632602879560397,-0.34462851561886776,0.0,-0.5479319663661759,0.5,0.7796610169491526,1.5625774473358116,0.0033342083826112374,0.76,3.5,0.00044697437785110494,0.1,0.0055511498810467885,1.1666666666666667,0.13043478260869565
0x4befa1aa95a73a04e24333fb2232ab3b536d005023b26dcef06d85d898157ea1,2,0x70cd1e5abd2714ce7abc3a4cfe82700c203c9bb4,0xc9f27a50f82571c1c8423a42970613b8dbda14ef,2021-10-30 15:46:15+00:00,166576,159770296496,3292143,105953,0.0,46,2.0,468,1233,1262,0.9770206022187005,46,50,52,0.9615384615384616,16,219,1412320,33,0x4befa1aa95a73a04e24333fb2232ab3b536d005023b26dcef06d85d898157ea1,4,4,8,807,58,370653,21,7,5.0,3.0,1,3,0,-0.7891915280063464,-1.1291657444503629,-1.1359848334891318,-1.432765000336417,-0.5876592777917534,-0.5771111219521698,-0.820628149592592,-1.4863977683801297,0.5040850926722248,0.8368734492130337,-0.10965122215524387,-0.8078538779030925,-1.4496897663851924,-1.4415156324263843,-0.6585285685698361,-0.6556022459037547,-0.6631018317780181,0.5814666428171384,-0.3225878975754,0.5750788179035072,-0.04476614810358456,0.5664709476590466,-0.06975483584570095,1.32138778143096,-1.0511727329958276,-0.22482481855573946,0.0,-0.5625428175446486,0.25,0.7796610169491526,1.563816604708798,0.003326552526075531,0.07272727272727272,2.4761904761904763,3.540271652124411e-05,0.07692307692307693,0.003169572107765452,1.0,0.08695652173913043
0xce94d47321d5529d3c03a33011e0f9d6d114aa60893bb2450691ff9f6f22da44,2,0x70cd1e5abd2714ce7abc3a4cfe82700c203c9bb4,0xc9f27a50f82571c1c8423a42970613b8dbda14ef,2021-10-30 15:46:21+00:00,166576,145247316072,18765011,86140,0.0,47,2.0,467,1234,1263,0.9770387965162312,46,51,53,0.9622641509433962,16,219,1412321,34,0xce94d47321d5529d3c03a33011e0f9d6d114aa60893bb2450691ff9f6f22da44,5,4,8,807,58,370654,21,7,5.0,3.0,1,3,0,-0.7891915280063464,-1.123567334262403,-1.1305029690826909,-1.432765000336417,-0.5865519909403218,-0.5760865746155649,-0.820628149592592,-1.4794685627022184,0.9165933518147982,0.8368734492130337,-0.10965122215524387,-0.8078538779030925,-1.4496897663851924,-1.4415059265607328,-0.6585285685698361,-0.6556022459037547,-0.6631014976964409,0.5814666428171384,-0.3225878975754,0.5750788179035072,-0.04476614810358456,0.5664709476590466,-0.06975483584570095,0.9711343709204474,1.1107493790453684,-0.7419643936999138,0.0,-0.5614991853176149,0.25,0.7796610169491526,1.5650557620817844,0.003329241477924215,0.07272727272727272,2.5238095238095237,3.6110745283299415e-05,0.09433962264150944,0.00395882818685669,1.25,0.08695652173913043
0x75102af0e8bad7fcc93cb07e09d8fad9a7b74f6bc3efa51692601d2b52b2e5d7,3,0x128b5aec9a39149935c0de26e7c97b0e3f19b0fc,0xc9f27a50f82571c1c8423a42970613b8dbda14ef,2021-10-30 20:36:45+00:00,126840,163309028751,5848868,84263,0.0,69,2.0,466,1235,1264,0.9770569620253164,46,77,77,1.0,21,49,315885,35,0x75102af0e8bad7fcc93cb07e09d8fad9a7b74f6bc3efa51692601d2b52b2e5d7,3,3,6,807,58,371949,15,4,5.0,1.0,1,2,0,1.1356658573749856,-1.1179689240744433,-1.12502110467625,-1.432765000336417,-0.5577625328031015,-0.5514974385370466,-0.7758555431157582,-1.4725393570243068,0.09157683352965129,0.29203396404829823,-1.038898867538664,-0.8078538779030925,-1.4496897663851924,-1.4289368305421795,-0.7015031765990176,-1.0036060109574867,-1.0294005658252166,-1.7077721084314395,-0.3225878975754,-1.7160718510347697,-0.04476614810358456,-1.6291528804767927,-0.15951287508452722,1.4067320430777668,-0.6939383591287122,-0.7909560144815025,0.0,-0.538539276322872,0.5,0.7796610169491526,1.5662949194547708,0.0033203387552090333,0.42,5.133333333333334,0.00024375882438601267,0.03896103896103896,0.0023734177215189874,1.0,0.06521739130434782
0x71e80c0324d20bb43248c9f88f8b6ed8650b1ec4a7306d316a5ac61ba2645593,3,0x906f252d6413bef83db6b62eb0ffb2fe951fd87a,0xc9f27a50f82571c1c8423a42970613b8dbda14ef,2021-10-30 21:13:38+00:00,250959,159228831985,17925340,165716,0.0,48,2.0,465,1236,1265,0.9770750988142293,46,50,55,0.9090909090909091,22,278,1799088,36,0x71e80c0324d20bb43248c9f88f8b6ed8650b1ec4a7306d316a5ac61ba2645593,1,1,6,808,58,372115,19,4,5.0,1.0,1,2,0,1.1356658573749856,-1.1123705138864834,-1.119539240269809,-1.432765000336417,-0.5876592777917534,-0.574037479942355,-0.7669010218203914,-1.4656101513463955,-0.7334396847554956,-0.7976450062811727,-1.038898867538664,-0.7949973326439562,-1.4496897663851924,-1.4273256568440482,-0.6728534379128965,-0.5348244686204007,-0.5338897683451954,-1.7077721084314395,-0.3225878975754,-1.7160718510347697,-0.04476614810358456,-1.6291528804767927,0.12085450140741655,1.3083291814665374,0.9934276710246095,1.335050638434181,0.0,-0.560455553090581,0.5,0.7796610169491526,1.5655940594059405,0.0033215448946027583,0.07885304659498207,2.8947368421052633,2.779184353859092e-05,0.01818181818181818,0.0007905138339920949,1.0,0.021739130434782608
0x868c41ab89b638f9deae815c519dc9b82befce1f5bdc2e3c405f039e5553c6c9,3,0x2f6f552ef1462035452a74d94cc0a970083a863f,0xc9f27a50f82571c1c8423a42970613b8dbda14ef,2021-10-30 22:16:41+00:00,126822,194635578683,5174080,84251,0.0,132,,464,1237,1266,0.9770932069510269,46,165,167,0.9880239520958084,40,92,592814,37,0x868c41ab89b638f9deae815c519dc9b82befce1f5bdc2e3c405f039e5553c6c9,3,3,6,808,58,372379,34,4,5.0,1.0,1,2,0,1.1356658573749856,-1.1067721036985236,-1.114057375863368,-1.432765000336417,-0.4603212898771249,-0.4592881782426032,-0.6057196385037896,-1.4586809456684842,0.09157683352965129,0.29203396404829823,-1.038898867538664,-0.7949973326439562,-1.4496897663851924,-1.4247633083120805,-0.5654169178399425,-0.9155815292086016,-0.9368836887454474,-1.7077721084314395,-0.3225878975754,-1.7160718510347697,-0.04476614810358456,-1.6291528804767927,-0.15955353455468776,2.162240253711906,-0.7882220496597795,-0.7912692267614061,0.0,-0.47279044601974474,0.5,0.7796610169491526,1.566831683168317,0.003321875503517912,0.43010752688172044,4.911764705882353,0.00027833303813162624,0.017964071856287425,0.002369668246445498,1.0,0.06521739130434782
0xc11a1a1e9ee232be1a9de1bb9469c4a88e796bff5d2309b4ad4c843b1e6584da,3,0x84af43c4ee1650a426f73a63f10e1018145dc806,0xc9f27a50f82571c1c8423a42970613b8dbda14ef,2021-10-31 00:40:06+00:00,250941,130154816068,16416418,165704,0.0,25,,462,1238,1268,0.9763406940063092,47,32,36,0.8888888888888888,8,11,65759,38,0xc11a1a1e9ee232be1a9de1bb9469c4a88e796bff5d2309b4ad4c843b1e6584da,2,1,6,809,59,373026,11,4,5.0,1.0,1,2,0,1.1356658573749856,-1.1011736935105638,-1.1030936470504862,-1.371013211683007,-0.6075904411175214,-0.5935038793378486,-0.8922643199555261,-1.4517517399905726,-0.32093142561292215,-0.7976450062811727,-1.038898867538664,-0.7821407873848198,-1.3883038514806705,-1.4184836132356295,-0.7301529152851387,-1.0813950878518503,-1.1129630543925182,-1.7077721084314395,-0.3225878975754,-1.7160718510347697,-0.04476614810358456,-1.6291528804767927,0.12081384193725603,0.6071457511468367,0.7825959210771902,1.3347374261542775,0.0,-0.5844590943123577,0.5,0.7833333333333333,1.5673671199011125,0.0033187946180839455,0.6666666666666666,3.272727272727273,0.00048661800486618007,0.05555555555555555,0.0015772870662460567,2.0,0.02127659574468085
0x92be8063d9ba51a59298b0987bf8458c37b48acacdc2cbeb2547d41c8709fbdd,2,0x84af43c4ee1650a426f73a63f10e1018145dc806,0xc9f27a50f82571c1c8423a42970613b8dbda14ef,2021-10-31 00:40:06+00:00,250941,131183193696,16459909,43491,0.0,26,,463,1238,1268,0.9763406940063092,47,32,36,0.8888888888888888,8,11,65759,39,0x92be8063d9ba51a59298b0987bf8458c37b48acacdc2cbeb2547d41c8709fbdd,2,1,5,809,59,373026,11,4,4.0,1.0,1,2,0,-0.7891915280063464,-1.1011736935105638,-1.1030936470504862,-1.371013211683007,-0.6075904411175214,-0.5935038793378486,-0.8922643199555261,-1.4448225343126613,-0.32093142561292215,-0.7976450062811727,-1.5035226902303738,-0.7821407873848198,-1.3883038514806705,-1.4184836132356295,-0.7301529152851387,-1.0813950878518503,-1.1129630543925182,-1.7077721084314395,-2.562781630737898,-1.7160718510347697,-0.04476614810358456,-1.6291528804767927,0.12081384193725603,0.63194732499627,0.788672632555294,-1.8551469375006455,0.0,-0.5834154620853239,0.4,0.7833333333333333,1.5673671199011125,0.0033187946180839455,0.6666666666666666,3.272727272727273,0.00048661800486618007,0.05555555555555555,0.0015772870662460567,2.0,0.02127659574468085
0x400fda861c935e60b30d6dca774f335a61fde20a192b53c03374caf06687df90,2,0x587fbe613c3cc991455f0ea531ff6006c0b8fd51,0xc9f27a50f82571c1c8423a42970613b8dbda14ef,2021-10-31 09:07:36+00:00,166522,118015845619,6358860,110717,0.0,415,2.0,461,1239,1269,0.9763593380614657,47,415,424,0.9787735849056604,76,451,2917892,40,0x400fda861c935e60b30d6dca774f335a61fde20a192b53c03374caf06687df90,6,6,8,809,59,375233,57,7,5.0,3.0,1,3,0,-0.7891915280063464,-1.095575283322604,-1.0976117826440452,-1.371013211683007,-0.18349957701923686,-0.1959795127351369,-0.283356871870586,-1.43789332863475,1.3291016109573717,1.9265524195425048,-0.10965122215524387,-0.7821407873848198,-1.3883038514806705,-1.397062767743006,-0.40068092039474634,-0.18067946065395574,-0.16011796349863197,0.5814666428171384,-0.3225878975754,0.5750788179035072,-0.04476614810358456,0.5664709476590466,-0.06987681425618254,0.3143879510452547,-0.6226805301493585,-0.10047954343400894,0.0,-0.177442525769189,0.25,0.7833333333333333,1.568603213844252,0.0033019395896960297,0.168141592920354,7.43859649122807,0.0001422259143841121,0.014150943396226415,0.004728132387706856,1.0,0.1276595744680851
0x8f28ebbee4b2a21dac3395eed1213aca4db9b938e2c05fbbf84605ee16808964,3,0xa2f712029f8516a48a201d890df8cfaf717aa963,0xc9f27a50f82571c1c8423a42970613b8dbda14ef,2021-10-31 09:30:18+00:00,287701,127000000000,19932044,185411,0.0,5,,460,1240,1270,0.9763779527559056,47,9,9,1.0,3,179,1150784,41,0x8f28ebbee4b2a21dac3395eed1213aca4db9b938e2c05fbbf84605ee16808964,1,1,13,810,59,375338,5,7,6.0,3.0,1,3,0,1.1356658573749856,-1.0899768731346442,-1.0921299182376043,-1.371013211683007,-0.6330580387004471,-0.6211666574261817,-0.93703692643236,-1.4309641229568386,-0.7334396847554956,-0.7976450062811727,2.213467891303306,-0.7692842421256835,-1.3883038514806705,-1.3960436518496098,-0.7731275233143203,-0.7374854847399269,-0.7504761911406507,0.5814666428171384,1.9176058355870982,0.5750788179035072,-0.04476614810358456,0.5664709476590466,0.20384951544287444,0.5310604673352357,1.2738112269317312,1.84911029282597,0.0,-0.605331738853033,0.23076923076923078,0.7833333333333333,1.5679012345679013,0.0033036801398202693,0.016666666666666666,1.8,7.820748445626247e-06,0.1111111111111111,0.0007874015748031496,1.0,0.02127659574468085
0xd3620788a977262f7364f77f72195271c63240126d22712276eacfc3c7fcbe15,2,0xe5a8186bf286f11f69bfae205ed2005bdeeca797,0xc9f27a50f82571c1c8423a42970613b8dbda14ef,2021-10-31 12:52:22+00:00,166558,131996135714,13619711,105941,0.0,282,2.0,459,1241,1271,0.97639653815893,47,297,329,0.9027355623100304,77,1414,8778871,42,0xd3620788a977262f7364f77f72195271c63240126d22712276eacfc3c7fcbe15,2,2,8,810,59,376201,97,7,5.0,3.0,1,3,0,-0.7891915280063464,-1.0843784629466844,-1.0866480538311634,-1.371013211683007,-0.31415942548816,-0.29331150971260495,-0.2744023505752193,-1.424034917278927,-0.32093142561292215,-0.2528055211164373,-0.10965122215524387,-0.7692842421256835,-1.3883038514806705,-1.387667489792458,-0.11418353353353551,1.7906595143268909,1.7979271444897258,0.5814666428171384,-0.3225878975754,0.5750788179035072,-0.04476614810358456,0.5664709476590466,-0.06979549531586149,0.6515531983114512,0.39183044022384117,-0.22513803083564307,0.0,-0.3162456119646799,0.25,0.7833333333333333,1.5691358024691358,0.003298759708879804,0.05441696113074205,3.3917525773195876,3.383122569733332e-05,0.0060790273556231,0.0015735641227380016,1.0,0.0425531914893617
0x08e6cf97f325c24e14cbd5475f0d42ddd10e4327f89d267109bc7fb35b0a664d,2,0x5a825c64df9dee1e35fe9041ca8d69509414c4a7,0xc9f27a50f82571c1c8423a42970613b8dbda14ef,2021-10-31 16:16:44+00:00,166540,137724479738,22669659,110729,0.0,1676,2.0,458,1242,1272,0.9764150943396226,47,1691,1760,0.9607954545454546,353,1297,8090827,43,0x08e6cf97f325c24e14cbd5475f0d42ddd10e4327f89d267109bc7fb35b0a664d,11,8,8,810,59,377135,320,7,5.0,3.0,1,3,0,-0.7891915280063464,-1.0787800527587246,-1.0811661894247224,-1.371013211683007,1.2293984454074238,1.1728157289690457,2.1970455269460083,-1.4171057116010157,3.391642906670239,3.0162313898719755,-0.10965122215524387,-0.7692842421256835,-1.3883038514806705,-1.3786022112740572,1.4830393982177146,1.5511510407310871,1.5680643198181579,0.5814666428171384,-0.3225878975754,0.5750788179035072,-0.04476614810358456,0.5664709476590466,-0.06983615478602201,0.7897047328041836,1.656320171153039,-0.10016633115410534,0.0,1.13857771252039,0.25,0.7833333333333333,1.5703703703703704,0.003293241695303551,0.27195685670261943,5.5,0.00020900209471762346,0.00625,0.008647798742138365,1.375,0.1702127659574468
0x2f59b0538d0c5e128b6898569d740bd95f3f8953d1087e0201ae2aa3c18d599d,3,0xfc15e7ef48a4224a85798551cc7b39dfbc93ad1e,0xc9f27a50f82571c1c8423a42970613b8dbda14ef,2021-10-31 17:16:54+00:00,287701,131000000000,3479053,185411,0.0,1167,2.0,457,1243,1273,0.97643362136685,47,1122,1210,0.9272727272727272,216,691,4444601,44,0x2f59b0538d0c5e128b6898569d740bd95f3f8953d1087e0201ae2aa3c18d599d,1,1,13,811,59,377398,259,7,6.0,3.0,1,3,0,1.1356658573749856,-1.0731816425707648,-1.0756843250182815,-1.371013211683007,0.5993522269428705,0.6093146938363359,0.9702761094807614,-1.4101765059231044,-0.7334396847554956,-0.7976450062811727,2.213467891303306,-0.7564276968665471,-1.3883038514806705,-1.376049568607741,1.046130883254368,0.3106199723630777,0.34992738707706494,0.5814666428171384,1.9176058355870982,0.5750788179035072,-0.04476614810358456,0.5664709476590466,0.20384951544287444,0.6275292086775294,-1.0250570276229374,1.84911029282597,0.0,0.6073689089602029,0.23076923076923078,0.7833333333333333,1.5696670776818742,0.0032935964324229796,0.31213872832369943,4.671814671814672,0.0002524410509647433,0.0008264462809917355,0.0007855459544383347,1.0,0.02127659574468085
0x53ebc569bb4fb4db23270aa80ff251353881c87bd03931f19173d8356130715e,3,0xad492e78ea607f1ccf1cefaa7ee37871932b1d02,0xc9f27a50f82571c1c8423a42970613b8dbda14ef,2021-11-01 00:11:17+00:00,287719,170575282347,2135025,185423,0.0,1012,,456,1244,1274,0.9764521193092621,48,1056,1084,0.974169741697417,191,1605,9679980,45,0x53ebc569bb4fb4db23270aa80ff251353881c87bd03931f19173d8356130715e,1,1,13,812,60,379225,211,7,6.0,3.0,1,3,0,1.1356658573749856,-1.067583232382805,-1.0702024606118405,-1.3092614230295971,0.5262712947483881,0.48022172942411506,0.7464130770965922,-1.4032473002451928,-0.7334396847554956,-0.7976450062811727,2.213467891303306,-0.7435711516074107,-1.3269179365761483,-1.3583169520626468,0.7023340190209153,2.1816519797696134,2.0989710603976794,0.5814666428171384,1.9176058355870982,0.5750788179035072,-0.04476614810358456,0.5664709476590466,0.203890174913035,1.5819736277477756,-1.2128492231229897,1.8494235051058736,0.0,0.4456059137699692,0.23076923076923078,0.7868852459016393,1.5689655172413792,0.003280365797703744,0.11892901618929017,5.137440758293839,0.00010909112321604764,0.0009225092250922509,0.0007849293563579278,1.0,0.020833333333333332
0x329f81c089b3a31c6f9a7f3408252da81506786fa285e86d858f3e0c0bd0a5e2,2,0x5a825c64df9dee1e35fe9041ca8d69509414c4a7,0xc9f27a50f82571c1c8423a42970613b8dbda14ef,2021-11-01 00:46:36+00:00,166540,110861693592,4316257,110729,0.0,1685,2.0,455,1245,1275,0.9764705882352941,48,1700,1769,0.9609949123798757,354,1298,8093070,46,0x329f81c089b3a31c6f9a7f3408252da81506786fa285e86d858f3e0c0bd0a5e2,12,9,8,812,60,379378,320,7,5.0,3.0,1,3,0,-0.7891915280063464,-1.0619848221948454,-1.0647205962053996,-1.3092614230295971,1.2393640270703077,1.1820366549984902,2.2060000482413753,-1.3963180945672815,3.804151165812812,3.561070875036711,-0.10965122215524387,-0.7435711516074107,-1.3269179365761483,-1.3568319546179837,1.4830393982177146,1.5531981217019915,1.568813664795715,0.5814666428171384,-0.3225878975754,0.5750788179035072,-0.04476614810358456,0.5664709476590466,-0.06983615478602201,0.14184994069122742,-0.9080800172917346,-0.10016633115410534,0.0,1.1479704025636939,0.25,0.7868852459016393,1.5701970443349753,0.0032816787434201684,0.27251732101616627,5.528125,0.00021005623205332067,0.006783493499152063,0.009411764705882352,1.3333333333333333,0.1875
0x9004fe70920fe69cc8458843ee0bad04a0edae4532037a68c698f28988617e78,2,0x34eaa50893e3c0d10e4fa6bed8ca70aae5ba5f0c,0xc9f27a50f82571c1c8423a42970613b8dbda14ef,2021-11-01 05:07:55+00:00,140944,130223959883,3492386,88865,0.0,27,2.0,454,1246,1276,0.9764890282131662,48,30,31,0.967741935483871,10,304,1961899,47,0x9004fe70920fe69cc8458843ee0bad04a0edae4532037a68c698f28988617e78,2,2,8,812,60,380583,17,7,5.0,3.0,1,3,0,-0.7891915280063464,-1.0563864120068855,-1.0592387317989587,-1.3092614230295971,-0.6098050148203844,-0.5986266160208733,-0.8743552773647927,-1.3893888888893702,-0.32093142561292215,-0.2528055211164373,-0.10965122215524387,-0.7435711516074107,-1.3269179365761483,-1.3451363865080554,-0.6871783072559571,-0.4816003633768887,-0.4794976126871232,0.5814666428171384,-0.3225878975754,0.5750788179035072,-0.04476614810358456,0.5664709476590466,-0.12765392135429757,0.6088133053480003,-1.0231940951969745,-0.6708391051384707,0.0,-0.5823718298582902,0.25,0.7868852459016393,1.5714285714285714,0.003273915876652723,0.03278688524590164,1.8235294117647058,1.5291299250726338e-05,0.06451612903225806,0.001567398119122257,1.0,0.041666666666666664
0x8c68c2bcb24e50be76aabb2b13abb842f4b0e330e06d09c2c11e760d7d839a8d,2,0xed0253992f139de9426586193a5a5c8102da38b0,0xc9f27a50f82571c1c8423a42970613b8dbda14ef,2021-11-01 06:14:30+00:00,166594,99566214828,13153631,105965,0.0,75,2.0,453,1247,1278,0.9757433489827856,48,109,115,0.9478260869565217,30,275,1770011,48,0x8c68c2bcb24e50be76aabb2b13abb842f4b0e330e06d09c2c11e760d7d839a8d,6,4,8,812,60,380890,30,7,5.0,3.0,1,3,0,-0.7891915280063464,-1.0507880018189257,-1.0482750029860768,-1.3092614230295971,-0.5223293535572918,-0.5125646397460594,-0.6952648514574573,-1.3824596832114586,1.3291016109573717,0.8368734492130337,-0.10965122215524387,-0.7435711516074107,-1.3269179365761483,-1.342156685753078,-0.5940666565260636,-0.5409657115331136,-0.5436038583641116,0.5814666428171384,-0.3225878975754,0.5750788179035072,-0.04476614810358456,0.5664709476590466,-0.06971417637554042,-0.13056521411419444,0.3267081462845301,-0.22451160627583586,0.0,-0.5322774829606695,0.25,0.7868852459016393,1.5738916256157636,0.0032739025075415274,0.10869565217391304,3.8333333333333335,6.158150340223683e-05,0.05217391304347826,0.004694835680751174,1.5,0.08333333333333333
0xfef8d21fd646e2094030752ea493494066ef09788e05848d703ee3a7ce7a9a18,2,0xed0253992f139de9426586193a5a5c8102da38b0,0xc9f27a50f82571c1c8423a42970613b8dbda14ef,2021-11-01 06:14:30+00:00,166594,111811926269,13239783,86152,0.0,76,2.0,452,1247,1278,0.9757433489827856,48,109,115,0.9478260869565217,30,275,1770011,49,0xfef8d21fd646e2094030752ea493494066ef09788e05848d703ee3a7ce7a9a18,6,4,8,812,60,380890,30,7,5.0,3.0,1,3,0,-0.7891915280063464,-1.0507880018189257,-1.0482750029860768,-1.3092614230295971,-0.5223293535572918,-0.5125646397460594,-0.6952648514574573,-1.3755304775335473,1.3291016109573717,0.8368734492130337,-0.10965122215524387,-0.7435711516074107,-1.3269179365761483,-1.342156685753078,-0.5940666565260636,-0.5409657115331136,-0.5436038583641116,0.5814666428171384,-0.3225878975754,0.5750788179035072,-0.04476614810358456,0.5664709476590466,-0.06971417637554042,0.1647668782743545,0.33874559879796023,-0.7416511814200103,0.0,-0.5312338507336356,0.25,0.7868852459016393,1.5738916256157636,0.0032739025075415274,0.10869565217391304,3.8333333333333335,6.158150340223683e-05,0.05217391304347826,0.004694835680751174,1.5,0.08333333333333333
0x531d472aeea136d5ac9627f74b1738502a19cecb9ff59c60e8b0a53bbd27489f,2,0x5455108fd39520dfb63bab4040f4ee362e135392,0xc9f27a50f82571c1c8423a42970613b8dbda14ef,2021-11-01 08:51:06+00:00,140944,152548179879,3044874,88865,0.0,325,2.0,451,1248,1279,0.9757623143080532,48,353,354,0.9971751412429378,105,302,1950517,50,0x531d472aeea136d5ac9627f74b1738502a19cecb9ff59c60e8b0a53bbd27489f,2,2,8,812,60,381556,88,7,5.0,3.0,1,3,0,-0.7891915280063464,-1.045189591630966,-1.0427931385796358,-1.3092614230295971,-0.2521513618079931,-0.2676978262974818,-0.02367575430494978,-1.368601271855636,-0.32093142561292215,-0.2528055211164373,-0.10965122215524387,-0.7435711516074107,-1.3269179365761483,-1.3356925792292504,-0.17864544557730794,-0.48569452531869733,-0.4833001291982937,0.5814666428171384,-0.3225878975754,0.5750788179035072,-0.04476614810358456,0.5664709476590466,-0.12765392135429757,1.1472106564636466,-1.0857220045802756,-0.6708391051384707,0.0,-0.2713694262022279,0.25,0.7868852459016393,1.5751231527093597,0.0032708088175554375,0.3465346534653465,4.0227272727272725,0.00018097756595940155,0.005649717514124294,0.001563721657544957,1.0,0.041666666666666664
0xa2b86776c17fb8a0a47d8103a9260f793f3defa8d01b29de8752b7e1762b5909,2,0xd6f339332204054c927ed4ee72110e560cc2beb8,0xc9f27a50f82571c1c8423a42970613b8dbda14ef,2021-11-01 09:43:25+00:00,166540,126122635671,24612927,110729,0.0,1613,2.0,450,1249,1280,0.97578125,48,1607,1672,0.9611244019138756,199,332,2145752,51,0xa2b86776c17fb8a0a47d8103a9260f793f3defa8d01b29de8752b7e1762b5909,4,4,8,812,60,381770,183,7,5.0,3.0,1,3,0,-0.7891915280063464,-1.039591181443006,-1.037311274173195,-1.3092614230295971,1.1363863498871734,1.082655563347812,0.8180492474595263,-1.3616720661777246,0.5040850926722248,0.8368734492130337,-0.10965122215524387,-0.7435711516074107,-1.3269179365761483,-1.3336155239798524,0.5017858482180677,-0.42428209619156815,-0.41807571248256975,0.5814666428171384,-0.3225878975754,0.5750788179035072,-0.04476614810358456,0.5664709476590466,-0.06983615478602201,0.5099009092059217,1.927840231869777,-0.10016633115410534,0.0,1.0728288822172627,0.25,0.7868852459016393,1.5763546798029557,0.003271594751827666,0.5975975975975976,9.136612021857923,0.0007489212411680189,0.0023923444976076554,0.003125,1.0,0.08333333333333333
0x3754d9037b86079f53a200e3b288799e01b1fbf24e63e8701062f29a5c4ee360,3,0x6fe7e0c399dfddb13b9615683280a09208d4fd5d,0xc9f27a50f82571c1c8423a42970613b8dbda14ef,2021-11-01 11:53:08+00:00,126822,103459782168,5776644,84251,0.0,138,,449,1250,1281,0.975800156128025,48,142,143,0.993006993006993,32,54,345398,52,0x3754d9037b86079f53a200e3b288799e01b1fbf24e63e8701062f29a5c4ee360,4,4,6,812,60,382329,43,4,5.0,1.0,1,2,0,1.1356658573749856,-1.0339927712550463,-1.031829409766754,-1.3092614230295971,-0.4857888874600506,-0.4838773143211214,-0.6773558088667238,-1.354742860499813,0.5040850926722248,0.8368734492130337,-1.038898867538664,-0.7435711516074107,-1.3269179365761483,-1.328189945080724,-0.5009550057961701,-0.9933706061029652,-1.019540816238661,-1.7077721084314395,-0.3225878975754,-1.7160718510347697,-0.04476614810358456,-1.6291528804767927,-0.15955353455468776,-0.03666332895887881,-0.7040297437782848,-0.7912692267614061,0.0,-0.4665286526575422,0.5,0.7868852459016393,1.5775862068965518,0.00326942693484686,0.5818181818181818,3.3255813953488373,0.0004111187351439929,0.027972027972027972,0.00312256049960968,1.0,0.08333333333333333
0x2eba8ba186ed495f328d83d7ba45060ed6bf9de891837196357c032cbcad43cb,3,0xed0253992f139de9426586193a5a5c8102da38b0,0xc9f27a50f82571c1c8423a42970613b8dbda14ef,2021-11-01 16:54:35+00:00,152896,165860037830,8528859,101363,0.0,77,2.0,448,1251,1282,0.9758190327613104,48,111,117,0.9487179487179487,30,275,1772766,53,0x2eba8ba186ed495f328d83d7ba45060ed6bf9de891837196357c032cbcad43cb,7,4,6,812,60,383645,30,4,5.0,1.0,1,2,0,1.1356658573749856,-1.0283943610670865,-1.0263475453603128,-1.3092614230295971,-0.5201147798544288,-0.5105155450728496,-0.6952648514574573,-1.3478136548219017,1.741609870099945,0.8368734492130337,-1.038898867538664,-0.7435711516074107,-1.3269179365761483,-1.3154170258834914,-0.5940666565260636,-0.5409657115331136,-0.5426834636190515,-1.7077721084314395,-0.3225878975754,-1.7160718510347697,-0.04476614810358456,-1.6291528804767927,-0.10065603316770476,1.4682552018287403,-0.3194808375514973,-0.34462851561886776,0.0,-0.5301902185066019,0.5,0.7868852459016393,1.5788177339901477,0.0032608185671165607,0.10869565217391304,3.9,6.261398142000613e-05,0.05982905982905983,0.00546021840873635,1.75,0.08333333333333333
0xdce0d40e9431efa56883b9003e4b66ca8040e3fe50b296e48e9ee9fbf41cd62a,3,0x3d127774339a9db809a0bea58526b1c00a744ebd,0xc9f27a50f82571c1c8423a42970613b8dbda14ef,2021-11-01 19:23:09+00:00,284257,163912712794,9619541,178315,0.0,751,2.0,447,1252,1283,0.9758378799688231,48,762,790,0.9645569620253165,158,402,2598621,54,0xdce0d40e9431efa56883b9003e4b66ca8040e3fe50b296e48e9ee9fbf41cd62a,1,1,12,813,60,384308,203,7,6.0,3.0,1,3,0,1.1356658573749856,-1.0227959508791267,-1.0208656809538719,-1.3092614230295971,0.20072896042751176,0.17900481246226646,0.4509138743494889,-1.3408844491439904,-0.7334396847554956,-0.7976450062811727,1.748844068611596,-0.7307146063482743,-1.3269179365761483,-1.308982036956618,0.6450345416486731,-0.28098642822826675,-0.26678052271826935,0.5814666428171384,1.9176058355870982,0.5750788179035072,-0.04476614810358456,0.5664709476590466,0.19607000348549278,1.421291203026926,-0.16708701288981756,1.6638974313096393,0.0,0.17321790251415634,0.25,0.7868852459016393,1.5781057810578105,0.0032577951596241567,0.3920595533498759,3.8916256157635467,0.0002932323362151171,0.0012658227848101266,0.000779423226812159,1.0,0.020833333333333332
0x763826cd6a11909f5bbbf2b84717577fc3a7e70090ee698f66f29e64b845412c,2,0x3d127774339a9db809a0bea58526b1c00a744ebd,0xc9f27a50f82571c1c8423a42970613b8dbda14ef,2021-11-01 19:41:55+00:00,166594,127404788882,7587612,105965,0.0,752,2.0,446,1253,1284,0.9758566978193146,48,763,791,0.9646017699115044,158,402,2598714,55,0x763826cd6a11909f5bbbf2b84717577fc3a7e70090ee698f66f29e64b845412c,2,1,8,813,60,384401,203,7,5.0,3.0,1,3,0,-0.7891915280063464,-1.0171975406911669,-1.015383816547431,-1.3092614230295971,0.2018362472789433,0.18002935979887139,0.4509138743494889,-1.3339552434660789,-0.32093142561292215,-0.7976450062811727,-0.10965122215524387,-0.7307146063482743,-1.3269179365761483,-1.3080793914510385,0.6450345416486731,-0.28098642822826675,-0.266749453131594,0.5814666428171384,-0.3225878975754,0.5750788179035072,-0.04476614810358456,0.5664709476590466,-0.06971417637554042,0.5408228358242092,-0.450995092193393,-0.22451160627583586,0.0,0.17426153474119008,0.25,0.7868852459016393,1.5793357933579335,0.0032596084307573844,0.3920595533498759,3.896551724137931,0.00029360664790098186,0.0025284450063211127,0.001557632398753894,2.0,0.020833333333333332
0x231d853e1f255377d1e012392407718a98190dc02fc15bc176d36b591b64aa55,2,0xb4f66b6fe4f55fbefb11b4f02e7a7e5e35a22714,0xc9f27a50f82571c1c8423a42970613b8dbda14ef,2021-11-01 19:43:39+00:00,140872,136503744621,2780758,93617,0.0,505,,445,1254,1285,0.9758754863813229,48,496,555,0.8936936936936937,90,628,4065581,56,0x231d853e1f255377d1e012392407718a98190dc02fc15bc176d36b591b64aa55,2,2,8,813,60,384412,168,7,5.0,3.0,1,3,0,-0.7891915280063464,-1.011599130503207,-1.00990195214099,-1.3092614230295971,-0.09380934205328113,-0.061763811639891426,-0.15799357373545128,-1.3270260377881675,-0.32093142561292215,-0.2528055211164373,-0.10965122215524387,-0.7307146063482743,-1.3269179365761483,-1.3079726269288732,0.39434932814511364,0.18165387119610643,0.22330378770403406,0.5814666428171384,-0.3225878975754,0.5750788179035072,-0.04476614810358456,0.5664709476590466,-0.1278165592349397,0.7602640377418517,-1.122625196706252,-0.5468070422966437,0.0,-0.08351562533615008,0.25,0.7868852459016393,1.5805658056580565,0.0032621165257158318,0.14308426073131955,3.3035714285714284,0.00012199975304888697,0.0036036036036036037,0.0015564202334630351,1.0,0.041666666666666664
0xc31d6bd6cdcb01764d62e5914f1b3dd93f7c3938e9ead346cda7797ab0e2af28,2,0xbbe21151c726f9eec42516524f58d0057261cc8a,0xc9f27a50f82571c1c8423a42970613b8dbda14ef,2021-11-02 03:55:58+00:00,140926,171527053035,2861456,88853,0.0,1168,2.0,444,1255,1286,0.9758942457231726,49,1223,1235,0.9902834008097166,201,366,2361222,57,0xc31d6bd6cdcb01764d62e5914f1b3dd93f7c3938e9ead346cda7797ab0e2af28,2,2,8,813,61,386652,288,7,5.0,3.0,1,3,0,-0.7891915280063464,-1.0060007203152472,-1.004420087734549,-1.2475096343761871,0.7111881989374573,0.6349283772514591,0.8359582900502599,-1.3200968321102562,-0.32093142561292215,-0.2528055211164373,-0.10965122215524387,-0.7307146063482743,-1.2655320216716264,-1.2862314878697536,1.253841488728746,-0.35468134318082173,-0.3460911550531281,0.5814666428171384,-0.3225878975754,0.5750788179035072,-0.04476614810358456,0.5664709476590466,-0.1276945808244581,1.604927657827238,-1.111349795752951,-0.6711523174183742,0.0,0.6084125411872366,0.25,0.7903225806451613,1.5817958179581795,0.0032458043775685174,0.547683923705722,4.288194444444445,0.0005179519257605063,0.0016194331983805667,0.0015552099533437014,1.0,0.04081632653061224
0x9ea1046bdd3494f6a9e352c697c49966185d4c40ac200628426481f1990eca65,3,0x82cbbff9372f45464e0717a0bdd360bba456c240,0xc9f27a50f82571c1c8423a42970613b8dbda14ef,2021-11-02 05:19:43+00:00,287701,142731498018,9690857,185411,0.0,211,2.0,443,1256,1287,0.9759129759129759,49,229,239,0.9581589958158996,94,240,1546376,58,0x9ea1046bdd3494f6a9e352c697c49966185d4c40ac200628426481f1990eca65,1,1,13,814,61,387021,63,7,6.0,3.0,1,3,0,1.1356658573749856,-1.0004023101272874,-0.9989382233281082,-1.2475096343761871,-0.3894549313855056,-0.38552077000704843,-0.12217548855398422,-1.3131676264323449,-0.7334396847554956,-0.7976450062811727,2.213467891303306,-0.717858061089138,-1.2655320216716264,-1.2826500234443898,-0.3577063123655647,-0.6126135455147643,-0.6183161918710183,0.5814666428171384,1.9176058355870982,0.5750788179035072,-0.04476614810358456,0.5664709476590466,0.20384951544287444,0.9104599206415477,-0.15712249711017476,1.84911029282597,0.0,-0.39034350008407726,0.23076923076923078,0.7903225806451613,1.5810810810810811,0.0032452935492039213,0.3900414937759336,3.7936507936507935,0.0001480880794269444,0.0041841004184100415,0.000777000777000777,1.0,0.02040816326530612
0xb01b529eb65e15ab36187c9da86f029df4c038d05c61f297133f3b634d149ca6,3,0x39484152b72796a4dabc1d72e57344572e8f4e94,0xc9f27a50f82571c1c8423a42970613b8dbda14ef,2021-11-02 08:42:33+00:00,287719,147174604643,2240032,185423,0.0,963,2.0,442,1257,1288,0.9759316770186336,49,978,991,0.9868819374369324,217,1658,9972495,59,0xb01b529eb65e15ab36187c9da86f029df4c038d05c61f297133f3b634d149ca6,1,1,13,815,61,387869,221,7,6.0,3.0,1,3,0,1.1356658573749856,-0.9948038999393277,-0.9934563589216673,-1.2475096343761871,0.439902920336727,0.38493882711985683,0.9792306307761282,-1.3062384207544333,-0.7334396847554956,-0.7976450062811727,2.213467891303306,-0.7050015158300016,-1.2655320216716264,-1.274419449372009,0.773958365736218,2.2901472712275415,2.1966949329389758,0.5814666428171384,1.9176058355870982,0.5750788179035072,-0.04476614810358456,0.5664709476590466,0.203890174913035,1.0176151465823868,-1.1981772854305652,1.8494235051058736,0.0,0.3944679346453147,0.23076923076923078,0.7903225806451613,1.5803680981595092,0.003240776548843685,0.1308016877637131,4.484162895927602,9.80697309881097e-05,0.0010090817356205853,0.0007763975155279503,1.0,0.02040816326530612
0xe328643d7edfa03a0093670d358a6dbc15968834078c7da443ae1b92c41be624,3,0xc647f8f745a59b74a26d76da7dccc8badf649c32,0xc9f27a50f82571c1c8423a42970613b8dbda14ef,2021-11-02 08:49:43+00:00,126822,120804247043,8704472,84251,0.0,47,2.0,441,1258,1289,0.9759503491078355,49,51,52,0.9807692307692307,14,56,359877,60,0xe328643d7edfa03a0093670d358a6dbc15968834078c7da443ae1b92c41be624,2,2,6,815,61,387898,20,4,5.0,1.0,1,2,0,1.1356658573749856,-0.9892054897513679,-0.9879744945152263,-1.2475096343761871,-0.5865519909403218,-0.5771111219521698,-0.8385371921833256,-1.299309215076522,-0.32093142561292215,-0.2528055211164373,-1.038898867538664,-0.7050015158300016,-1.2655320216716264,-1.2741379792681184,-0.6656910032413663,-0.9892764441611566,-1.0147036490830434,-1.7077721084314395,-0.3225878975754,-1.7160718510347697,-0.04476614810358456,-1.6291528804767927,-0.15955353455468776,0.38163634497783955,-0.29494358771120327,-0.7912692267614061,0.0,-0.5614991853176149,0.5,0.7903225806451613,1.5815950920245399,0.003243112253447418,0.24561403508771928,2.6,0.00014171469220124598,0.038461538461538464,0.0015515903801396431,1.0,0.04081632653061224
0x5cf3e8cef05e3977c443876fdd803e5d7842d2065d0b66b3f700a49d9a4f9327,2,0x5a825c64df9dee1e35fe9041ca8d69509414c4a7,0xc9f27a50f82571c1c8423a42970613b8dbda14ef,2021-11-02 10:44:02+00:00,166540,132778920845,7340417,110729,0.0,1698,2.0,440,1259,1290,0.975968992248062,49,1713,1782,0.9612794612794613,355,1299,8102064,61,0x5cf3e8cef05e3977c443876fdd803e5d7842d2065d0b66b3f700a49d9a4f9327,13,10,8,815,61,388372,322,7,5.0,3.0,1,3,0,-0.7891915280063464,-0.9836070795634081,-0.9824926301087854,-1.2475096343761871,1.2537587561389179,1.1953557703743543,2.214954569536742,-1.2923800093986106,4.2166594249553855,4.105910360201447,-0.10965122215524387,-0.7050015158300016,-1.2655320216716264,-1.2695373989493584,1.4973642675607752,1.5552452026728958,1.571818394500641,0.5814666428171384,-0.3225878975754,0.5750788179035072,-0.04476614810358456,0.5664709476590466,-0.06983615478602201,0.6704317723937092,-0.4855340242443886,-0.10016633115410534,0.0,1.1615376215151327,0.25,0.7903225806451613,1.5828220858895705,0.0032417289564413594,0.27307692307692305,5.53416149068323,0.00021142758049953931,0.007295173961840628,0.010077519379844961,1.3,0.20408163265306123
0xe1433642b8f62bac2d902ac252a8e0df2f66f0759bd476a00d23ff45902fec4f,2,0x62f92494bd7131243bc44109182237f0b00225ee,0xc9f27a50f82571c1c8423a42970613b8dbda14ef,2021-11-02 11:41:09+00:00,166558,147523779252,23076709,105941,0.0,106,2.0,439,1260,1291,0.975987606506584,49,105,114,0.9210526315789473,46,261,1685396,62,0xe1433642b8f62bac2d902ac252a8e0df2f66f0759bd476a00d23ff45902fec4f,2,2,8,815,61,388627,42,7,5.0,3.0,1,3,0,-0.7891915280063464,-0.9780086693754483,-0.9770107657023445,-1.2475096343761871,-0.526758500963018,-0.5135891870826643,-0.5519925107315891,-1.285450803720699,-0.32093142561292215,-0.2528055211164373,-0.10965122215524387,-0.7050015158300016,-1.2655320216716264,-1.2670624032082531,-0.5081174404677004,-0.5696248451257738,-0.5718721710150245,0.5814666428171384,-0.3225878975754,0.5750788179035072,-0.04476614810358456,0.5664709476590466,-0.06979549531586149,1.0260362553421163,1.713194591312661,-0.22513803083564307,0.0,-0.4999248839226227,0.25,0.7903225806451613,1.5840490797546012,0.0032421750362814825,0.17557251908396945,2.7142857142857144,6.229986169430703e-05,0.017543859649122806,0.001549186676994578,1.0,0.04081632653061224
0x0bf17f87146abfbffe24bc2578d5a37f78aea60fe2047576fed5ecee46a0cfef,2,0x2755da7bb6b7a70eae26cccf447682298eac1eb8,0xc9f27a50f82571c1c8423a42970613b8dbda14ef,2021-11-02 20:22:35+00:00,140926,131421877622,17220732,88853,0.0,576,2.0,438,1261,1292,0.9760061919504643,49,563,593,0.9494097807757167,137,532,3440710,63,0x0bf17f87146abfbffe24bc2578d5a37f78aea60fe2047576fed5ecee46a0cfef,2,2,8,815,61,390941,140,7,5.0,3.0,1,3,0,-0.7891915280063464,-0.9724102591874885,-0.9715289012959035,-1.2475096343761871,-0.019621123007367135,-0.02283101284890419,0.2628689271467868,-1.2785215980427878,-0.32093142561292215,-0.2528055211164373,-0.10965122215524387,-0.7050015158300016,-1.2655320216716264,-1.2446030300909308,0.1938011573422661,-0.014865902010706955,0.014545898506036057,0.5814666428171384,-0.3225878975754,0.5750788179035072,-0.04476614810358456,0.5664709476590466,-0.1276945808244581,0.6377037094762343,0.8949774279590625,-0.6711523174183742,0.0,-0.009417737216752703,0.25,0.7903225806451613,1.5852760736196319,0.0032255424078252016,0.2570356472795497,4.235714285714286,0.00016362897087259,0.003372681281618887,0.0015479876160990713,1.0,0.04081632653061224
0x33b97c2e01c4c445604307512715286813d2a29b004fddf30aa91b0ddfa473f3,3,0x0e20f1b901b56c8ac091111ed4ed4f8ba65432a4,0xc9f27a50f82571c1c8423a42970613b8dbda14ef,2021-11-03 06:37:06+00:00,287701,108717670619,13445624,185411,0.0,144,2.0,437,1262,1293,0.9760247486465584,50,157,158,0.9936708860759493,74,410,2648477,64,0x33b97c2e01c4c445604307512715286813d2a29b004fddf30aa91b0ddfa473f3,1,1,13,816,62,393668,32,7,6.0,3.0,1,3,0,1.1356658573749856,-0.9668118489995288,-0.9660470368894625,-1.1857578457227773,-0.46917958468857734,-0.4685091042720475,-0.30126591446131956,-1.2715923923648764,-0.7334396847554956,-0.7976450062811727,2.213467891303306,-0.6921449705708653,-1.2041461067671042,-1.218135134459583,-0.5797417871830031,-0.2646097804610323,-0.2501245516076635,0.5814666428171384,1.9176058355870982,0.5750788179035072,-0.04476614810358456,0.5664709476590466,0.20384951544287444,0.09014214128765927,0.3675064083301473,1.84911029282597,0.0,-0.46026685929533956,0.23076923076923078,0.7936507936507936,1.5845588235294117,0.0032057388313532433,0.18004866180048662,4.9375,5.9279329486595694e-05,0.006329113924050633,0.0007733952049497294,1.0,0.02
0xc7d9a2fa6291d5bb84e7f56063ea41a526f136744add5ccacb285eb798fd0f93,2,0x8df04d551e3f7f5b03a67de79184bb919a97bbde,0xc9f27a50f82571c1c8423a42970613b8dbda14ef,2021-11-03 07:12:47+00:00,140926,110000000000,28869558,88853,0.0,5814,2.0,436,1263,1294,0.9760432766615147,50,5680,5935,0.9570345408593092,323,580,3752769,65,0xc7d9a2fa6291d5bb84e7f56063ea41a526f136744add5ccacb285eb798fd0f93,2,2,8,816,62,393807,404,7,5.0,3.0,1,3,0,-0.7891915280063464,-0.961213438811569,-0.9605651724830215,-1.1857578457227773,5.646365695767885,5.450300859294617,1.9284098880850054,-1.2646631866869649,-0.32093142561292215,-0.2528055211164373,-0.10965122215524387,-0.6921449705708653,-1.2041461067671042,-1.2167860191340394,2.084683910626257,0.08339398459269973,0.11879906139123646,0.5814666428171384,-0.3225878975754,0.5750788179035072,-0.04476614810358456,0.5664709476590466,-0.1276945808244581,0.12106831663048742,2.5225912942907858,-0.6711523174183742,0.0,5.457127867986112,0.25,0.7936507936507936,1.5857843137254901,0.003207146629829765,0.5559380378657487,14.69059405940594,0.0015135486587240891,0.00033698399326032014,0.0015455950540958269,1.0,0.04
0x5a6d46744f48e5c44502ed4f542b04ed7301450d86b42671e985c56c681982c2,3,0x6fe7e0c399dfddb13b9615683280a09208d4fd5d,0xc9f27a50f82571c1c8423a42970613b8dbda14ef,2021-11-03 11:42:09+00:00,126822,155997435167,9945782,84251,0.0,156,,435,1264,1295,0.976061776061776,50,161,162,0.9938271604938271,34,56,358066,66,0x5a6d46744f48e5c44502ed4f542b04ed7301450d86b42671e985c56c681982c2,5,5,6,816,62,394997,46,4,5.0,1.0,1,2,0,1.1356658573749856,-0.9556150286236091,-0.9550833080765806,-1.1857578457227773,-0.4647504372828511,-0.4644109149256278,-0.6594467662759902,-1.2577339810090535,0.9165933518147982,1.3817129343777692,-1.038898867538664,-0.6921449705708653,-1.2041461067671042,-1.205236039008882,-0.47946770178157927,-0.9892764441611566,-1.01530867081927,-1.7077721084314395,-0.3225878975754,-1.7160718510347697,-0.04476614810358456,-1.6291528804767927,-0.15955353455468776,1.2303969855140493,-0.12150350298367528,-0.7912692267614061,0.0,-0.4477432725709344,0.5,0.7936507936507936,1.5870098039215685,0.003200016202613684,0.5964912280701754,3.5217391304347827,0.0004496365205394521,0.030864197530864196,0.003861003861003861,1.0,0.1
0xe68e084b6ef2ffae97e8f006a89c3e110672057b68e7469fc3b92391ca16a5d6,3,0xe4169a135c437b9c7d5606f5b0ea1b3f612e961e,0xc9f27a50f82571c1c8423a42970613b8dbda14ef,2021-11-03 12:55:18+00:00,287683,142602440907,6967496,185399,0.0,128,2.0,434,1265,1296,0.9760802469135802,50,155,161,0.9627329192546584,65,1606,9688030,67,0xe68e084b6ef2ffae97e8f006a89c3e110672057b68e7469fc3b92391ca16a5d6,1,1,13,817,62,395304,49,7,6.0,3.0,1,3,0,1.1356658573749856,-0.9500166184356493,-0.9496014436701397,-1.1857578457227773,-0.47139415839144044,-0.46543546226223276,-0.38185660611962047,-1.2508047753311422,-0.7334396847554956,-0.7976450062811727,2.213467891303306,-0.679288425311729,-1.2041461067671042,-1.2022563382539047,-0.4579803977669885,2.183699060740518,2.1016604170937714,0.5814666428171384,1.9176058355870982,0.5750788179035072,-0.04476614810358456,0.5664709476590466,0.20380885597271392,0.9073474263766871,-0.5376398236310643,1.8487970805460665,0.0,-0.4769649749278798,0.23076923076923078,0.7936507936507936,1.5862913096695226,0.0032000607126143107,0.04044803982576229,3.2857142857142856,1.5999123041617023e-05,0.006211180124223602,0.0007716049382716049,1.0,0.02
0xa0e60eba71b4fed389dec744ebeb3647a4eaedd3f7a1ba31a9599eae59e21dac,3,0xe4169a135c437b9c7d5606f5b0ea1b3f612e961e,0xc9f27a50f82571c1c8423a42970613b8dbda14ef,2021-11-03 13:27:16+00:00,126822,206301532585,17110184,84251,0.0,130,2.0,433,1266,1297,0.9760986892829607,50,157,163,0.9631901840490797,65,1606,9688152,68,0xa0e60eba71b4fed389dec744ebeb3647a4eaedd3f7a1ba31a9599eae59e21dac,2,1,6,817,62,395426,49,4,5.0,1.0,1,2,0,1.1356658573749856,-0.9444182082476895,-0.9441195792636987,-1.1857578457227773,-0.46917958468857734,-0.4633863675890229,-0.38185660611962047,-1.2438755696532309,-0.32093142561292215,-0.7976450062811727,-1.038898867538664,-0.679288425311729,-1.2041461067671042,-1.2010722226444348,-0.4579803977669885,2.183699060740518,2.1017011750461845,-1.7077721084314395,-0.3225878975754,-1.7160718510347697,-0.04476614810358456,-1.6291528804767927,-0.15955353455468776,2.443590226082696,0.879531282768531,-0.7912692267614061,0.0,-0.4748777104738123,0.5,0.7936507936507936,1.587515299877601,0.0032016023185063238,0.04044803982576229,3.326530612244898,1.6205359267137915e-05,0.012269938650306749,0.0015420200462606013,2.0,0.02
0x21b7c64880f97fdd4fb0c206c7ba49eabc2c136a4d1de3ce2d973a3fc258c0a0,3,0x237d0207c0de87d9382b3ba91bd075d370b36eaa,0xc9f27a50f82571c1c8423a42970613b8dbda14ef,2021-11-03 20:52:37+00:00,250959,163575347852,2925386,165716,0.0,126,2.0,432,1267,1298,0.9761171032357473,50,124,135,0.9185185185185185,37,157,1007722,69,0x21b7c64880f97fdd4fb0c206c7ba49eabc2c136a4d1de3ce2d973a3fc258c0a0,1,1,6,818,62,397493,44,4,5.0,1.0,1,2,0,1.1356658573749856,-0.9388197980597297,-0.9386377148572578,-1.1857578457227773,-0.5057200507858185,-0.49207369301396087,-0.63258320238989,-1.2369463639753193,-0.7334396847554956,-0.7976450062811727,-1.038898867538664,-0.6664318800525926,-1.2041461067671042,-1.1810101983430061,-0.4937925711246398,-0.7825212660998216,-0.7982705697315021,-1.7077721084314395,-0.3225878975754,-1.7160718510347697,-0.04476614810358456,-1.6291528804767927,0.12085450140741655,1.4131549101949872,-1.102417277190601,1.335050638434181,0.0,-0.47905223938194735,0.5,0.7936507936507936,1.58679706601467,0.003187469496394914,0.23417721518987342,3.0681818181818183,0.00012304968726525048,0.007407407407407408,0.0007704160246533128,1.0,0.02
0x8adacb22e278b7d7da71a24a58d0b80ef24f758e3cda777ad95f230009fbc5a8,2,0x829cc88e8d99d351b3bc683edcccf026e8dbedbb,0xc9f27a50f82571c1c8423a42970613b8dbda14ef,2021-11-04 01:31:31+00:00,140890,126129763691,20829043,93629,0.0,132,,431,1268,1299,0.9761354888375674,51,146,147,0.9931972789115646,91,1528,9332459,70,0x8adacb22e278b7d7da71a24a58d0b80ef24f758e3cda777ad95f230009fbc5a8,2,2,8,818,63,398681,92,7,5.0,3.0,1,3,0,-0.7891915280063464,-0.9332213878717699,-0.9331558504508168,-1.1240060570693673,-0.4813597400543244,-0.4797791249747017,-0.14903905244008453,-1.230017158297408,-0.32093142561292215,-0.2528055211164373,-0.10965122215524387,-0.6664318800525926,-1.1427601918625823,-1.1694796299491517,-0.14999570689118688,2.024026745009982,1.9828706966234322,0.5814666428171384,-0.3225878975754,0.5750788179035072,-0.04476614810358456,0.5664709476590466,-0.12777589976477916,0.5100728169853374,1.3991429994627733,-0.5464938300167401,0.0,-0.47279044601974474,0.25,0.796875,1.5880195599022005,0.0031804796805474035,0.059516023544800525,1.5978260869565217,1.5644321004322547e-05,0.013605442176870748,0.001539645881447267,1.0,0.0392156862745098
0x05da68231fb361f230b3834ef590acc53537eef7af528143d486a132b0647974,2,0xbf834943d207e91bb94759cef3ada4c1b78cb378,0xc9f27a50f82571c1c8423a42970613b8dbda14ef,2021-11-04 02:29:05+00:00,140872,134984216776,23295430,93617,0.0,641,2.0,430,1269,1300,0.9761538461538461,51,671,696,0.9640804597701149,145,483,3121079,71,0x05da68231fb361f230b3834ef590acc53537eef7af528143d486a132b0647974,2,2,8,818,63,398908,204,7,5.0,3.0,1,3,0,-0.7891915280063464,-0.9276229776838102,-0.9276739860443759,-1.1240060570693673,0.0999658569472405,0.08269736282140332,0.3345050975097209,-1.2230879526194967,-0.32093142561292215,-0.2528055211164373,-0.10965122215524387,-0.6664318800525926,-1.1427601918625823,-1.1672763984462857,0.6521969763202033,-0.11517286958501795,-0.09223693008137686,0.5814666428171384,-0.3225878975754,0.5750788179035072,-0.04476614810358456,0.5664709476590466,-0.1278165592349397,0.7236173030814222,1.743755038559271,-0.5468070422966437,0.0,0.05841835754044208,0.25,0.796875,1.5892420537897312,0.003181176659338345,0.29958677685950413,3.411764705882353,0.0002149896830584285,0.0028735632183908046,0.0015384615384615385,1.0,0.0392156862745098
0x9572f6d739cc843a699cfa7cbbf934df7d4363faaedc97e1179ebf82b60b1cd2,3,0xc50eaaee441566b4ef4f1e3270d19f24223cddf4,0xc9f27a50f82571c1c8423a42970613b8dbda14ef,2021-11-04 03:47:34+00:00,126840,100000000000,25728266,84263,0.0,6004,,429,1270,1301,0.9761721752498078,51,5569,6146,0.9061178001952489,563,1288,8036443,72,0x9572f6d739cc843a699cfa7cbbf934df7d4363faaedc97e1179ebf82b60b1cd2,3,3,6,818,63,399247,446,4,5.0,1.0,1,2,0,1.1356658573749856,-0.9220245674958504,-0.922192121637935,-1.1240060570693673,5.523456855258983,5.666480347318257,4.077494998973029,-1.216158746941585,0.09157683352965129,0.29203396404829823,-1.038898867538664,-0.6664318800525926,-1.1427601918625823,-1.1639861099904636,2.385506166830529,1.5327273119929483,1.5498956273261972,-1.7077721084314395,-0.3225878975754,-1.7160718510347697,-0.04476614810358456,-1.6291528804767927,-0.15951287508452722,-0.12010353672524685,2.0836792170224916,-0.7909560144815025,0.0,5.655417991122528,0.5,0.796875,1.5904645476772616,0.0031809802428565703,0.4367726920093095,13.780269058295964,0.0006929681834403375,0.00048812235600390497,0.0023059185242121443,1.0,0.058823529411764705
0x89f89dc6941697ed262adc4ef4c9b12f0c97e81f022bf3bfc02833f8841491e6,3,0xf0b14c66ea5036ac75ab58ca5dae0ade5f01712f,0xc9f27a50f82571c1c8423a42970613b8dbda14ef,2021-11-04 07:19:33+00:00,250959,91454620287,14783830,165716,0.0,108,2.0,428,1271,1302,0.9761904761904762,51,123,123,1.0,29,51,322866,73,0x89f89dc6941697ed262adc4ef4c9b12f0c97e81f022bf3bfc02833f8841491e6,1,1,6,819,63,400163,32,4,5.0,1.0,1,2,0,1.1356658573749856,-0.9164261573078906,-0.916710257231494,-1.1240060570693673,-0.5068273376372501,-0.50436826105322,-0.7042193727528241,-1.2092295412636738,-0.7334396847554956,-0.7976450062811727,-1.038898867538664,-0.6535753347934562,-1.1427601918625823,-1.1550955370537879,-0.5797417871830031,-0.9995118490156781,-1.0270683423351021,-1.7077721084314395,-0.3225878975754,-1.7160718510347697,-0.04476614810358456,-1.6291528804767927,0.12085450140741655,-0.3261940430265171,0.5544851340496584,1.335050638434181,0.0,-0.49783761946855515,0.5,0.796875,1.5897435897435896,0.003176197758918843,0.5576923076923077,3.84375,0.0003809618201922154,0.008130081300813009,0.0007680491551459293,1.0,0.0196078431372549
0xae7ad8f728dbb7ad99188a124c1be6d8eebf6d91926f55d18e87400518ca6125,3,0x0b169e800309ff435e95330c877696a6e17af581,0xc9f27a50f82571c1c8423a42970613b8dbda14ef,2021-11-04 08:13:28+00:00,287701,118302112645,14551377,185411,0.0,108,2.0,427,1272,1303,0.9762087490406753,51,112,114,0.9824561403508771,33,1432,8879011,74,0xae7ad8f728dbb7ad99188a124c1be6d8eebf6d91926f55d18e87400518ca6125,1,1,13,820,63,400392,25,7,6.0,3.0,1,3,0,1.1356658573749856,-0.9108277471199308,-0.9112283928250531,-1.1240060570693673,-0.5190074930029972,-0.5135891870826643,-0.668401287571357,-1.2023003355857624,-0.7334396847554956,-0.7976450062811727,2.213467891303306,-0.6407187895343198,-1.1427601918625823,-1.1528728938196189,-0.629878829883715,1.8275069718031685,1.8313820736259596,0.5814666428171384,1.9176058355870982,0.5750788179035072,-0.04476614810358456,0.5664709476590466,0.20384951544287444,0.3212919059667601,0.5220060047304972,1.84911029282597,0.0,-0.49783761946855515,0.23076923076923078,0.796875,1.5890243902439025,0.0031768787166608805,0.023028611304954642,4.56,1.2614016063949458e-05,0.008771929824561403,0.0007674597083653108,1.0,0.0196078431372549
0x2ee566785f17246ba26be7f0b757afdd2d45fe1c60fb446f86c35952bceb49dd,3,0xb034088b673c8769ffa08a50a1ba396411314ca7,0xc9f27a50f82571c1c8423a42970613b8dbda14ef,2021-11-04 09:07:13+00:00,287701,82508619387,17125563,185411,0.0,34,2.0,426,1273,1304,0.9762269938650306,51,39,40,0.975,22,628,4060811,75,0x2ee566785f17246ba26be7f0b757afdd2d45fe1c60fb446f86c35952bceb49dd,1,1,13,821,63,400659,22,7,6.0,3.0,1,3,0,1.1356658573749856,-0.9052293369319709,-0.9057465284186121,-1.1240060570693673,-0.5998394331575004,-0.589405689991429,-0.7669010218203914,-1.195371129907851,-0.7334396847554956,-0.7976450062811727,2.213467891303306,-0.6278622442751834,-1.1427601918625823,-1.1502814276906972,-0.6513661338983058,0.18165387119610643,0.22171021858100795,0.5814666428171384,1.9176058355870982,0.5750788179035072,-0.04476614810358456,0.5664709476590466,0.20384951544287444,-0.5419464047440238,0.8816800893221112,1.84911029282597,0.0,-0.5750664042690538,0.23076923076923078,0.796875,1.5883069427527405,0.003177257525083612,0.034976152623211444,1.8181818181818181,9.603990531942872e-06,0.025,0.0007668711656441718,1.0,0.0196078431372549
0x844db7b12c1e29dbd33a076ad3009b89b937ab9d177040dfd8d0e40511c5004c,2,0xf2774e996416c56b516f17e9cbe2b848d08d4bbf,0xc9f27a50f82571c1c8423a42970613b8dbda14ef,2021-11-04 11:45:12+00:00,140908,149285315900,3232976,93641,0.0,206,,425,1274,1305,0.9762452107279693,51,214,220,0.9727272727272728,62,209,1343915,76,0x844db7b12c1e29dbd33a076ad3009b89b937ab9d177040dfd8d0e40511c5004c,2,2,8,821,63,401331,69,7,5.0,3.0,1,3,0,-0.7891915280063464,-0.8996309267440111,-0.9002646640121712,-1.1240060570693673,-0.40606423415697884,-0.40498716940254204,-0.40872017000572075,-1.1884419242299396,-0.32093142561292215,-0.2528055211164373,-0.10965122215524387,-0.6278622442751834,-1.1427601918625823,-1.1437590859729614,-0.3147317043363831,-0.6760730556127977,-0.6859546820632594,0.5814666428171384,-0.3225878975754,0.5750788179035072,-0.04476614810358456,0.5664709476590466,-0.12773524029461863,1.068519561157337,-1.0594397488847462,-0.5461806177368365,0.0,-0.3955616612192461,0.25,0.796875,1.58952496954933,0.0031744291509274115,0.29523809523809524,3.1884057971014492,0.00015923614273511143,0.00909090909090909,0.0015325670498084292,1.0,0.0392156862745098
0xcd4104a27b71d14394ec2833b397aeb4ed5bf9960ccbf84eb9882a510dbad957,3,0x68de0f84083a755b11f0facee750465bbede2950,0xc9f27a50f82571c1c8423a42970613b8dbda14ef,2021-11-04 17:38:32+00:00,250959,134171682390,4124680,165716,0.0,21,2.0,424,1275,1306,0.9762633996937213,51,23,25,0.92,7,82,531636,77,0xcd4104a27b71d14394ec2833b397aeb4ed5bf9960ccbf84eb9882a510dbad957,1,1,6,822,63,402917,8,4,5.0,1.0,1,2,0,1.1356658573749856,-0.8940325165560514,-0.8947827996057303,-1.1240060570693673,-0.6175560227804053,-0.6047739000405028,-0.9012188412508929,-1.1815127185520282,-0.7334396847554956,-0.7976450062811727,-1.038898867538664,-0.6150056990160471,-1.1427601918625823,-1.1283655830498527,-0.7516402192997296,-0.9360523389176446,-0.9573221314725945,-1.7077721084314395,-0.3225878975754,-1.7160718510347697,-0.04476614810358456,-1.6291528804767927,0.12085450140741655,0.7040212607027339,-0.934847811889253,1.335050638434181,0.0,-0.5886336232204927,0.5,0.796875,1.5888077858880778,0.003164415588283472,0.08433734939759036,3.125,4.326260211384836e-05,0.04,0.0007656967840735069,1.0,0.0196078431372549
0x23c7c1a1b2e9c8e399c8fd1d596cd521882685d1b125674661b43fd1dd131ab0,2,0x1f35ff05b1190bf56c0d9f191815f299e5e90472,0xc9f27a50f82571c1c8423a42970613b8dbda14ef,2021-11-05 03:49:39+00:00,103332,114137042593,12793073,93641,0.0,38,,423,1276,1307,0.9762815608263198,52,50,51,0.9803921568627451,19,461,2979566,78,0x23c7c1a1b2e9c8e399c8fd1d596cd521882685d1b125674661b43fd1dd131ab0,2,2,8,822,64,405599,13,7,5.0,3.0,1,3,0,-0.7891915280063464,-0.8884341063680916,-0.8893009351992893,-1.0622542684159573,-0.5876592777917534,-0.5781356692887747,-0.7937645857064918,-1.1745835128741169,-0.32093142561292215,-0.2528055211164373,-0.10965122215524387,-0.6150056990160471,-1.0813742769580603,-1.1023344513728175,-0.7158280459420782,-0.16020865094491268,-0.13951381630921636,0.5814666428171384,-0.3225878975754,0.5750788179035072,-0.04476614810358456,0.5664709476590466,-0.21261414311418114,0.22084213958702967,0.27632974760153545,-0.5461806177368365,0.0,-0.5708918753609188,0.25,0.8,1.5900243309002433,0.003145956607495069,0.04112554112554113,3.923076923076923,1.678096179746923e-05,0.0392156862745098,0.001530221882172915,1.0,0.038461538461538464
0xc3034da5475c862dc7d0625989ea081aa9748bd260df126aa09edde76f9079ad,3,0x0d22d39d6c229c8eff0007b163b10b04d4de42ca,0xc9f27a50f82571c1c8423a42970613b8dbda14ef,2021-11-05 05:32:40+00:00,284239,89678543541,10797160,183103,0.0,62,2.0,422,1277,1308,0.9762996941896025,52,77,80,0.9625,29,299,1930370,79,0xc3034da5475c862dc7d0625989ea081aa9748bd260df126aa09edde76f9079ad,1,1,12,823,64,406080,33,7,6.0,3.0,1,3,0,1.1356658573749856,-0.8828356961801318,-0.8838190707928484,-1.0622542684159573,-0.5577625328031015,-0.5484237965272318,-0.7042193727528241,-1.1676543071962053,-0.7334396847554956,-0.7976450062811727,1.748844068611596,-0.6021491537569108,-1.0813742769580603,-1.0976659299944977,-0.5725793525114728,-0.49183576823141023,-0.49003087073322177,0.5814666428171384,1.9176058355870982,0.5750788179035072,-0.04476614810358456,0.5664709476590466,0.19602934401533226,-0.36902801508000127,-0.0025460528260568393,1.788869130991177,0.0,-0.5458447019121083,0.25,0.8,1.589307411907655,0.0031446928075925737,0.09666666666666666,2.4242424242424243,3.988870533177301e-05,0.0125,0.0007645259938837921,1.0,0.019230769230769232
0xaaec73bcf23117942a58762bf5688e2360b237d43c1710a0e27317f3823003ee,3,0x041d5bbef8e348852dbaf630eaff84b28c8a962b,0xc9f27a50f82571c1c8423a42970613b8dbda14ef,2021-11-05 07:44:37+00:00,284221,97080718602,9266993,183091,0.0,122,2.0,421,1278,1309,0.9763177998472116,52,151,160,0.94375,54,416,2685802,80,0xaaec73bcf23117942a58762bf5688e2360b237d43c1710a0e27317f3823003ee,1,1,12,824,64,406667,34,7,6.0,3.0,1,3,0,1.1356658573749856,-0.877237285992172,-0.8783372063864074,-1.0622542684159573,-0.47582330579716664,-0.46646000959883765,-0.4803563403686549,-1.160725101518294,-0.7334396847554956,-0.7976450062811727,1.748844068611596,-0.5892926084977744,-1.0813742769580603,-1.0919685868571303,-0.5654169178399425,-0.25232729463560644,-0.23765495674037843,0.5814666428171384,1.9176058355870982,0.5750788179035072,-0.04476614810358456,0.5664709476590466,0.1959886845451717,-0.19050838724750474,-0.21634622693829902,1.7885559187112734,0.0,-0.48322676829008243,0.25,0.8,1.5885922330097086,0.0031426126471716487,0.12949640287769784,4.705882352941177,5.62215471499585e-05,0.00625,0.0007639419404125286,1.0,0.019230769230769232
0xf9358ccf1c6a99365610381c3dfed47e0435a053e25cbb4e72f1c5aec9bb7273,2,0x79c4213a328e3b4f1d87b4953c14759399db25e2,0xc9f27a50f82571c1c8423a42970613b8dbda14ef,2021-11-05 08:29:42+00:00,140944,109345440073,10502613,88865,0.0,2152,2.0,420,1279,1310,0.9763358778625955,52,2115,2183,0.9688502061383417,435,964,6167148,81,0xf9358ccf1c6a99365610381c3dfed47e0435a053e25cbb4e72f1c5aec9bb7273,2,2,8,824,64,406867,501,7,5.0,3.0,1,3,0,-0.7891915280063464,-0.8716388758042122,-0.8728553419799665,-1.0622542684159573,1.6988880704144018,1.60619925235293,2.9313162731660833,-1.1537958958403827,-0.32093142561292215,-0.2528055211164373,-0.10965122215524387,-0.5892926084977744,-1.0813742769580603,-1.0900274137268517,2.7794400737646936,0.8694730774199533,0.9253986055595099,0.5814666428171384,-0.3225878975754,0.5750788179035072,-0.04476614810358456,0.5664709476590466,-0.12765392135429757,0.105282173557789,-0.04370116849920794,-0.6708391051384707,0.0,1.6353466525884623,0.25,0.8,1.5898058252427185,0.003143525664343227,0.45077720207253885,4.357285429141717,0.0003429461490228305,0.0009161704076958314,0.0015267175572519084,1.0,0.038461538461538464
0xd20e790ab3f00c3f596e975449049e92087c9d8f883c4c83518e42aea9ee5174,3,0xe9eea3829349eeb1c1a27437446ca85c11280463,0xc9f27a50f82571c1c8423a42970613b8dbda14ef,2021-11-05 08:44:37+00:00,284239,102315669228,24451539,183103,0.0,530,2.0,419,1280,1311,0.9763539282990084,52,527,545,0.9669724770642202,56,378,2443478,82,0xd20e790ab3f00c3f596e975449049e92087c9d8f883c4c83518e42aea9ee5174,1,1,12,825,64,406919,87,7,6.0,3.0,1,3,0,1.1356658573749856,-0.8660404656162524,-0.8673734775735256,-1.0622542684159573,-0.059483449658903016,-0.0720092850059407,-0.4624472977779214,-1.1468666901624711,-0.7334396847554956,-0.7976450062811727,1.748844068611596,-0.576436063238638,-1.0813742769580603,-1.0895227087129793,-0.1858078802488382,-0.3301163715299701,-0.31861094084272223,0.5814666428171384,1.9176058355870982,0.5750788179035072,-0.04476614810358456,0.5664709476590466,0.19602934401533226,-0.06425611277768661,1.9052905477505753,1.788869130991177,0.0,-0.05742481966030594,0.25,0.8,1.589090909090909,0.0031455814410694975,0.14775725593667546,6.264367816091954,0.0002156760913435311,0.001834862385321101,0.0007627765064836003,1.0,0.019230769230769232
0x4e01fbe1195c57ca7a7fd191fe766438150edcbc415a7512a5ea29fcccbf092b,2,0x6f5416d56b7f67a6ecf48fc1899f8a1cad07eb55,0xc9f27a50f82571c1c8423a42970613b8dbda14ef,2021-11-05 09:56:50+00:00,140926,87864267083,23169601,88853,0.0,108,2.0,418,1281,1312,0.9763719512195121,52,106,111,0.954954954954955,25,224,1438167,83,0x4e01fbe1195c57ca7a7fd191fe766438150edcbc415a7512a5ea29fcccbf092b,2,2,8,825,64,407241,38,7,5.0,3.0,1,3,0,-0.7891915280063464,-0.8604420554282926,-0.8618916131670846,-1.0622542684159573,-0.5256512141115864,-0.5166628290924791,-0.7400374579342911,-1.1399374844845598,-0.32093142561292215,-0.2528055211164373,-0.10965122215524387,-0.576436063238638,-1.0813742769580603,-1.086397419973231,-0.5367671791538214,-0.6453668410492333,-0.6544668252533102,0.5814666428171384,-0.3225878975754,0.5750788179035072,-0.04476614810358456,0.5664709476590466,-0.1276945808244581,-0.412783256667555,1.7261737797108125,-0.6711523174183742,0.0,-0.49783761946855515,0.25,0.8,1.5903030303030303,0.00314554982049985,0.1111111111111111,2.9210526315789473,7.370488009745733e-05,0.018018018018018018,0.001524390243902439,1.0,0.038461538461538464
0x85697d459fddae269521d151a3722d3c443a0ea4e09c89a84ee836383c6ae486,3,0x2f7949779e18c18298c2f253e34f9355403a5c4e,0xc9f27a50f82571c1c8423a42970613b8dbda14ef,2021-11-05 11:10:52+00:00,250977,92555080867,10625082,165728,0.0,306,2.0,417,1282,1313,0.9763899466869764,52,308,312,0.9871794871794872,76,196,1260216,84,0x85697d459fddae269521d151a3722d3c443a0ea4e09c89a84ee836383c6ae486,1,1,6,826,64,407555,122,4,5.0,1.0,1,2,0,1.1356658573749856,-0.8548436452403329,-0.8564097487606437,-1.0622542684159573,-0.30197927012241293,-0.31072881443488876,-0.283356871870586,-1.1330082788066485,-0.7334396847554956,-0.7976450062811727,-1.038898867538664,-0.5635795179795017,-1.0813742769580603,-1.0833497781586936,0.06487733325472124,-0.7026851082345538,-0.7139169759894989,-1.7077721084314395,-0.3225878975754,-1.7160718510347697,-0.04476614810358456,-1.6291528804767927,0.12089516087757708,-0.29965403126416446,-0.026589380358859736,1.3353638507140846,0.0,-0.29119843851586946,0.5,0.8,1.589588377723971,0.0031455799939149468,0.38578680203045684,2.557377049180328,0.00024440235292810683,0.003205128205128205,0.0007616146230007616,1.0,0.019230769230769232
0xb2b29929978d7c0accf9141c343d39d284a8730b75a902386ec56aadfb43722c,3,0x26704535531ca6bd8aa22759c88702d2c9a56494,0xc9f27a50f82571c1c8423a42970613b8dbda14ef,2021-11-05 15:25:58+00:00,250995,179706643378,6405619,165740,0.0,20,2.0,416,1283,1314,0.9764079147640792,52,20,22,0.9090909090909091,9,181,1160696,85,0xb2b29929978d7c0accf9141c343d39d284a8730b75a902386ec56aadfb43722c,1,1,6,827,64,408683,13,4,5.0,1.0,1,2,0,1.1356658573749856,-0.849245235052373,-0.8509278843542026,-1.0622542684159573,-0.6208778833347,-0.6078475420503177,-0.8833097986601595,-1.1260790731287371,-0.7334396847554956,-0.7976450062811727,-1.038898867538664,-0.5507229727203653,-1.0813742769580603,-1.0724015617039226,-0.7158280459420782,-0.7333913227981184,-0.747164774547897,-1.7077721084314395,-0.3225878975754,-1.7160718510347697,-0.04476614810358456,-1.6291528804767927,0.12093582034773762,1.8021963540984356,-0.6161472025182474,1.3356770629939883,0.0,-0.5896772554475265,0.5,0.8,1.588875453446191,0.003139344823873702,0.04945054945054945,1.6923076923076923,1.7231025840507903e-05,0.045454545454545456,0.00076103500761035,1.0,0.019230769230769232
0xaae6329abe0d670462924064e4ff468cebe7e4756c074e882258156265bcb85c,3,0x012e168acb9fdc90a4ed9fd6ca2834d9bf5b579e,0xc9f27a50f82571c1c8423a42970613b8dbda14ef,2021-11-05 19:48:51+00:00,287719,116872585039,5926775,185423,0.0,693,,415,1284,1315,0.976425855513308,52,624,712,0.8764044943820225,130,743,4757862,86,0xaae6329abe0d670462924064e4ff468cebe7e4756c074e882258156265bcb85c,1,1,13,828,64,409880,159,7,6.0,3.0,1,3,0,1.1356658573749856,-0.8436468248644132,-0.8454460199477617,-1.0622542684159573,0.047923374929957546,0.09909012020708215,0.2001872780792194,-1.1191498674508256,-0.7334396847554956,-0.7976450062811727,2.213467891303306,-0.5378664274612289,-1.0813742769580603,-1.0607836405192057,0.32988741610134126,0.4170681828501016,0.45458211601800486,0.5814666428171384,1.9176058355870982,0.5750788179035072,-0.04476614810358456,0.5664709476590466,0.203890174913035,0.28681572375053954,-0.6830529262546778,1.8494235051058736,0.0,0.1126872333461979,0.23076923076923078,0.8,1.5881642512077294,0.0031326165399225628,0.17473118279569894,4.477987421383648,0.00013115131730358776,0.0014044943820224719,0.0007604562737642585,1.0,0.019230769230769232
0xceeab6c6c27cc0b30e36f252e0cc205974ed0f993fa21ddbce718f51b1976792,3,0x923a227366e0e3505af7faf523e35a90611034f1,0xc9f27a50f82571c1c8423a42970613b8dbda14ef,2021-11-06 03:25:15+00:00,250977,107970212948,6425339,165728,0.0,20,,414,1285,1316,0.9764437689969605,53,24,24,1.0,9,71,452266,87,0xceeab6c6c27cc0b30e36f252e0cc205974ed0f993fa21ddbce718f51b1976792,1,1,6,829,65,411910,11,4,5.0,1.0,1,2,0,1.1356658573749856,-0.8380484146764534,-0.8399641555413208,-1.0005024797625475,-0.6164487359289738,-0.6057984473771078,-0.8833097986601595,-1.1122206617729142,-0.7334396847554956,-0.7976450062811727,-1.038898867538664,-0.5250098822020925,-1.0199883620535382,-1.0410807332468788,-0.7301529152851387,-0.958570229597592,-0.9838381862513329,-1.7077721084314395,-0.3225878975754,-1.7160718510347697,-0.04476614810358456,-1.6291528804767927,0.12089516087757708,0.0721155661056562,-0.6133918565765996,1.3353638507140846,0.0,-0.5896772554475265,0.5,0.803030303030303,1.5874547647768396,0.003119605934291631,0.125,2.1818181818181817,5.3065998624706203e-05,0.041666666666666664,0.0007598784194528875,1.0,0.018867924528301886
0xa9732211cb61894b1a4d0fe0b75acaea3a2b812499231c68c7407e728955f7da,3,0x4abc33cf81e0d21f42168d044f7002edd6b80b09,0xc9f27a50f82571c1c8423a42970613b8dbda14ef,2021-11-06 05:41:06+00:00,287701,91569841149,8551478,185411,0.0,962,2.0,413,1286,1317,0.976461655277145,53,956,1022,0.9354207436399217,179,496,3208749,88,0xa9732211cb61894b1a4d0fe0b75acaea3a2b812499231c68c7407e728955f7da,1,1,13,830,65,412543,280,7,6.0,3.0,1,3,0,1.1356658573749856,-0.8324500044884936,-0.8344822911348798,-1.0005024797625475,0.41554260960523287,0.4166997945546096,0.638958821552191,-1.105291456095003,-0.7334396847554956,-0.7976450062811727,2.213467891303306,-0.5121533369429563,-1.0199883620535382,-1.034936920289547,1.1965420113565037,-0.08856081696326197,-0.0629479982122575,0.5814666428171384,1.9176058355870982,0.5750788179035072,-0.04476614810358456,0.5664709476590466,0.20384951544287444,-0.3234152401431386,-0.3163204334006793,1.84911029282597,0.0,0.3934243024182809,0.23076923076923078,0.803030303030303,1.5867469879518072,0.0031172432516289174,0.36016096579476864,3.65,0.0002979353330736268,0.0009784735812133072,0.0007593014426727411,1.0,0.018867924528301886
0x837bdf577505ca7c5ae788807b46064e7f217b74e7ae47b68b8ebc092993d1d9,3,0x4e940b46ca0eba37c84e9d8094c5815539559a5c,0xc9f27a50f82571c1c8423a42970613b8dbda14ef,2021-11-06 07:15:44+00:00,126822,88424718391,17894873,84251,0.0,58,2.0,412,1287,1318,0.9764795144157815,53,85,85,1.0,41,1547,9414463,89,0x837bdf577505ca7c5ae788807b46064e7f217b74e7ae47b68b8ebc092993d1d9,5,5,6,830,65,412948,28,4,5.0,1.0,1,2,0,1.1356658573749856,-0.8268515943005338,-0.8290004267284389,-1.0005024797625475,-0.5489042379916491,-0.5433010598442072,-0.5967651172084228,-1.0983622504170913,0.9165933518147982,1.3817129343777692,-1.038898867538664,-0.5121533369429563,-1.0199883620535382,-1.0310060447007332,-0.6083915258691242,2.0629212834571637,2.0102667222763952,-1.7077721084314395,-0.3225878975754,-1.7160718510347697,-0.04476614810358456,-1.6291528804767927,-0.15955353455468776,-0.39926674860095446,0.9891707174341337,-0.7912692267614061,0.0,-0.5500192308202434,0.5,0.803030303030303,1.5879518072289156,0.0031166076198271457,0.02648578811369509,3.0357142857142856,9.028660580145614e-06,0.058823529411764705,0.0037936267071320183,1.0,0.09433962264150944
0x228b92b4b4868a47a74d9891f4d1f4909005802b7410f2958e2e2568be3661b0,3,0xa6d21cf923f5911f8f5db2ae0f5d0dc23b9ce665,0xc9f27a50f82571c1c8423a42970613b8dbda14ef,2021-11-06 08:09:19+00:00,126822,80856795659,5880095,84251,0.0,450,2.0,411,1288,1319,0.976497346474602,53,512,527,0.9715370018975332,152,434,2807418,90,0x228b92b4b4868a47a74d9891f4d1f4909005802b7410f2958e2e2568be3661b0,5,4,6,830,65,413180,90,4,5.0,1.0,1,2,0,1.1356658573749856,-0.8212531841125741,-0.8235185623219979,-1.0005024797625475,-0.0760927524303763,-0.09045113706482938,0.39718674657728825,-1.09143304473918,0.9165933518147982,0.8368734492130337,-1.038898867538664,-0.5121533369429563,-1.0199883620535382,-1.02875428386961,-0.1643205762342474,-0.21547983715932895,-0.19702529165317847,-1.7077721084314395,-0.3225878975754,-1.7160718510347697,-0.04476614810358456,-1.6291528804767927,-0.15955353455468776,-0.5817837437338976,-0.6895752157352113,-0.7912692267614061,0.0,-0.14091539782300722,0.5,0.803030303030303,1.5891566265060242,0.003117277900000242,0.34942528735632183,5.855555555555555,0.00018237391711034228,0.009487666034155597,0.0037907505686125853,1.25,0.07547169811320754
0xc3d459905c7357f33925cc7304dcd9ae1c245a40f8949668115c9334cfa86a90,3,0x93291f280270c459c33cebf715a46d1f65c2c937,0xc9f27a50f82571c1c8423a42970613b8dbda14ef,2021-11-06 09:06:19+00:00,287701,72247031272,4142906,185411,0.0,28,2.0,410,1289,1320,0.9765151515151516,53,32,32,1.0,17,264,1702121,91,0xc3d459905c7357f33925cc7304dcd9ae1c245a40f8949668115c9334cfa86a90,1,1,13,831,65,413425,23,7,6.0,3.0,1,3,0,1.1356658573749856,-0.8156547739246143,-0.818036697915557,-1.0005024797625475,-0.6075904411175214,-0.5976020686842684,-0.8116736282972252,-1.0845038390612687,-0.7334396847554956,-0.7976450062811727,2.213467891303306,-0.49929679168381985,-1.0199883620535382,-1.0263763467850189,-0.6442036992267756,-0.5634836022130609,-0.5662846566371185,0.5814666428171384,1.9176058355870982,0.5750788179035072,-0.04476614810358456,0.5664709476590466,0.20384951544287444,-0.7894270271507964,-0.9323012127446043,1.84911029282597,0.0,-0.5813281976312564,0.23076923076923078,0.803030303030303,1.5884476534296028,0.0031178493853797292,0.06415094339622641,1.391304347826087,1.8800062510207845e-05,0.03125,0.0007575757575757576,1.0,0.018867924528301886
0xf1b1e075acd2f75aa41f08e2d430b37ca3e6f268ee7c6293e69487091e3c96b9,2,0x84af43c4ee1650a426f73a63f10e1018145dc806,0xc9f27a50f82571c1c8423a42970613b8dbda14ef,2021-11-06 17:20:31+00:00,140926,102291633285,16284572,88853,0.0,32,,409,1290,1321,0.9765329295987888,53,40,44,0.9090909090909091,11,17,108324,92,0xf1b1e075acd2f75aa41f08e2d430b37ca3e6f268ee7c6293e69487091e3c96b9,3,2,8,831,65,415591,12,7,5.0,3.0,1,3,0,-0.7891915280063464,-0.8100563637366545,-0.8125548335091161,-1.0005024797625475,-0.598732146306069,-0.5853075006450092,-0.8654007560694259,-1.0775746333833573,0.09157683352965129,-0.2528055211164373,-0.10965122215524387,-0.49929679168381985,-1.0199883620535382,-1.0053534417841024,-0.7229904806136085,-1.0691126020264246,-1.0987428720609447,0.5814666428171384,-0.3225878975754,0.5750788179035072,-0.04476614810358456,0.5664709476590466,-0.1276945808244581,-0.06483579206973289,0.764173946380309,-0.6711523174183742,0.0,-0.5771536687231213,0.25,0.803030303030303,1.5896510228640193,0.003104005851893203,0.6111111111111112,3.6666666666666665,0.00036925917378259865,0.06818181818181818,0.002271006813020439,1.5,0.03773584905660377
0xbb1f94f43adcd7f6657987c614634c9dc530ca9e56e054b2575bc8aa93c3fe0e,3,0x6baadd8b3770fc18f0428f25ed50cc00c71e6201,0xc9f27a50f82571c1c8423a42970613b8dbda14ef,2021-11-06 18:28:31+00:00,126804,122722516298,17107401,79439,0.0,610,2.0,408,1291,1322,0.9765506807866868,53,639,655,0.9755725190839695,141,533,3449260,93,0xbb1f94f43adcd7f6657987c614634c9dc530ca9e56e054b2575bc8aa93c3fe0e,14,9,6,831,65,415894,125,4,5.0,1.0,1,2,0,1.1356658573749856,-0.8044579535486946,-0.8070729691026751,-1.0005024797625475,0.06453267770143083,0.040690922020601296,0.29868701232825384,-1.0706454277054458,4.629167684097959,3.561070875036711,-1.038898867538664,-0.49929679168381985,-1.0199883620535382,-1.0024125644917306,0.08636463726931205,-0.012818821039802648,0.017402295990705505,-1.7077721084314395,-0.3225878975754,-1.7160718510347697,-0.04476614810358456,-1.6291528804767927,-0.15959419402484828,0.4278996001242069,0.8791424324766646,-0.9168673510027511,0.0,0.026065758502395335,0.5,0.803030303030303,1.5908543922984357,0.0031041488837326727,0.2640449438202247,5.24,0.00018525707390655563,0.021374045801526718,0.01059001512859304,1.5555555555555556,0.16981132075471697
0x5dd2c43e551139abbdc92f840252581d8d4cfb14b3986f90a174e6ffda81a519,2,0x977adf3e61b5096edb339e8f9c6609fc0ad9854c,0xc9f27a50f82571c1c8423a42970613b8dbda14ef,2021-11-07 03:21:03+00:00,140926,84026845103,2095705,88853,0.0,11,2.0,407,1292,1323,0.9765684051398337,54,20,20,1.0,6,105,674064,94,0x5dd2c43e551139abbdc92f840252581d8d4cfb14b3986f90a174e6ffda81a519,2,2,8,831,66,418259,9,7,5.0,3.0,1,3,0,-0.7891915280063464,-0.7988595433607348,-0.8015911046962342,-0.9387506911091376,-0.6208778833347,-0.6098966367235275,-0.9101733625462597,-1.0637162220275345,-0.32093142561292215,-0.2528055211164373,-0.10965122215524387,-0.49929679168381985,-0.9586024471490161,-0.9794581922261869,-0.7444777846281992,-0.8889694765868457,-0.9097395606016587,0.5814666428171384,-0.3225878975754,0.5750788179035072,-0.04476614810358456,0.5664709476590466,-0.1276945808244581,-0.5053310737700181,-1.2183431481952816,-0.6711523174183742,0.0,-0.5990699454908304,0.25,0.8059701492537313,1.592057761732852,0.003088987710993162,0.05660377358490566,2.2222222222222223,2.9670729083990418e-05,0.1,0.0015117157974300832,1.0,0.037037037037037035
0x30f62e0055c542acc66344c5bb788b17242954b7a201d656a503dca6b4f50b65,3,0x0e775598456ded6f5c3d123fbfc094db0b08a4f6,0xc9f27a50f82571c1c8423a42970613b8dbda14ef,2021-11-07 03:57:17+00:00,250959,70429843776,4106455,160916,0.0,285,2.0,406,1293,1324,0.9765861027190332,54,298,305,0.9770491803278688,96,302,1946234,95,0x30f62e0055c542acc66344c5bb788b17242954b7a201d656a503dca6b4f50b65,1,1,6,832,66,418439,120,4,5.0,1.0,1,2,0,1.1356658573749856,-0.793261133172775,-0.7961092402897932,-0.9387506911091376,-0.3130521386367285,-0.3179006457911232,-0.10426644596325069,-1.0567870163496231,-0.7334396847554956,-0.7976450062811727,-1.038898867538664,-0.48644024642468353,-0.9586024471490161,-0.9777111364089363,0.0505524639116607,-0.48569452531869733,-0.48473100059324564,-1.7077721084314395,-0.3225878975754,-1.7160718510347697,-0.04476614810358456,-1.6291528804767927,0.12085450140741655,-0.8332524747813149,-0.9373942713104767,1.2097657264727397,0.0,-0.3131147152835786,0.5,0.8059701492537313,1.5913461538461537,0.0030900487525093202,0.31683168316831684,2.5416666666666665,0.00015311614476155242,0.003278688524590164,0.0007552870090634441,1.0,0.018518518518518517
0x7457e3f8b6c2b5d93d00ce6bae9ca5d7c789a7cbae13290be4ad393d60cd2d83,3,0x54689fd2d989c0c0498c87794b93309bc3872c80,0xc9f27a50f82571c1c8423a42970613b8dbda14ef,2021-11-07 04:21:13+00:00,287701,121415103074,3367198,185411,0.0,504,2.0,405,1294,1325,0.9766037735849057,54,492,520,0.9461538461538461,94,419,2709578,96,0x7457e3f8b6c2b5d93d00ce6bae9ca5d7c789a7cbae13290be4ad393d60cd2d83,1,1,13,833,66,418568,187,7,6.0,3.0,1,3,0,1.1356658573749856,-0.7876627229848152,-0.7906273758833523,-0.9387506911091376,-0.09823848945900734,-0.09762296842106388,-0.12217548855398422,-1.0498578106717116,-0.7334396847554956,-0.7976450062811727,2.213467891303306,-0.47358370116554716,-0.9586024471490161,-0.9764590797399066,0.5304355869041888,-0.24618605172289354,-0.22971183316195729,0.5814666428171384,1.9176058355870982,0.5750788179035072,-0.04476614810358456,0.5664709476590466,0.20384951544287444,0.39636847309081935,-1.040685791329987,1.84911029282597,0.0,-0.08455925756318385,0.23076923076923078,0.8059701492537313,1.5906362545018007,0.0030914855137384755,0.22380952380952382,2.7807486631016043,0.00018157802374464815,0.0019230769230769232,0.0007547169811320754,1.0,0.018518518518518517
0xcdd4256fb2313c71bcc1af3f109a0afee90d1c9ab9668e0c0b3ed9fbcf15d2da,2,0x267a6d716452082f5a45b6192436566e9b5b108f,0xc9f27a50f82571c1c8423a42970613b8dbda14ef,2021-11-07 04:55:08+00:00,140890,77898622016,18153342,93629,0.0,433,,404,1295,1326,0.9766214177978884,54,458,491,0.9327902240325866,93,426,2751895,97,0xcdd4256fb2313c71bcc1af3f109a0afee90d1c9ab9668e0c0b3ed9fbcf15d2da,5,3,8,833,66,418724,49,7,5.0,3.0,1,3,0,-0.7891915280063464,-0.7820643127968555,-0.7851455114769114,-0.9387506911091376,-0.1358862424076801,-0.12733484118260677,-0.13113000984935097,-1.0429286049938002,0.9165933518147982,0.29203396404829823,-0.10965122215524387,-0.47358370116554716,-0.9586024471490161,-0.9749449646982894,-0.4579803977669885,-0.23185648492656338,-0.21557450306151787,0.5814666428171384,-0.3225878975754,0.5750788179035072,-0.04476614810358456,0.5664709476590466,-0.12777589976477916,-0.6531265657369371,1.0252848913789496,-0.5464938300167401,0.0,-0.1586571456825812,0.25,0.8059701492537313,1.5918367346938775,0.0030927219535494656,0.21779859484777517,10.020408163265307,0.00016643070813722612,0.010183299389002037,0.003770739064856712,1.6666666666666667,0.05555555555555555
0xe8198bf91d22b59e642f52d83413e3fb1ffeac2c103dd33ed2cca86d0f45ec66,3,0xb02e0d82c998b1c57e68d32605fb7c67ca3bbf77,0xc9f27a50f82571c1c8423a42970613b8dbda14ef,2021-11-07 06:53:28+00:00,287701,71360232676,18984083,185411,0.0,54,2.0,403,1296,1327,0.9766390354182366,54,64,64,1.0,25,243,1564329,98,0xe8198bf91d22b59e642f52d83413e3fb1ffeac2c103dd33ed2cca86d0f45ec66,1,1,13,834,66,419226,24,7,6.0,3.0,1,3,0,1.1356658573749856,-0.7764659026088957,-0.7796636470704704,-0.9387506911091376,-0.5721572618717117,-0.5648165539129106,-0.7400374579342911,-1.035999399315889,-0.7334396847554956,-0.7976450062811727,2.213467891303306,-0.4607271559064108,-0.9586024471490161,-0.9700726201412903,-0.6370412645552452,-0.6064723026020514,-0.6123184253163668,0.5814666428171384,1.9176058355870982,0.5750788179035072,-0.04476614810358456,0.5664709476590466,0.20384951544287444,-0.8108141132458546,1.141358869214165,1.84911029282597,0.0,-0.5541937597283785,0.23076923076923078,0.8059701492537313,1.591127098321343,0.0030914039410629562,0.10245901639344263,2.6666666666666665,4.0912083767491516e-05,0.015625,0.0007535795026375283,1.0,0.018518518518518517
0x41c7cd0decb198f1d4f9e3498aff8a1c6e18571fb1afffb5c975908dd7e7233d,2,0xbefd37cd8d2874432162358499b1c7593408bf46,0xc9f27a50f82571c1c8423a42970613b8dbda14ef,2021-11-07 07:19:59+00:00,140926,73721836476,19511713,88853,0.0,242,2.0,402,1297,1328,0.9766566265060241,54,258,266,0.9699248120300752,72,1507,9266855,99,0x41c7cd0decb198f1d4f9e3498aff8a1c6e18571fb1afffb5c975908dd7e7233d,3,3,8,834,66,419327,72,7,5.0,3.0,1,3,0,-0.7891915280063464,-0.7708674924209359,-0.7741817826640295,-0.9387506911091376,-0.35734361269399056,-0.35785799191871537,-0.31917495705205307,-1.0290701936379774,0.09157683352965129,0.29203396404829823,-0.10965122215524387,-0.4607271559064108,-0.9586024471490161,-0.9690923277104996,-0.2932444003217923,1.9810380446209914,1.9609536088358002,0.5814666428171384,-0.3225878975754,0.5750788179035072,-0.04476614810358456,0.5664709476590466,-0.1276945808244581,-0.7538588767120602,1.215081139964248,-0.6711523174183742,0.0,-0.3579909010460305,0.25,0.8059701492537313,1.592326139088729,0.0030930441086691085,0.04774535809018567,3.6944444444444446,2.7841157777783534e-05,0.011278195488721804,0.002259036144578313,1.0,0.05555555555555555
0xb8a10ef6a58f4ee343eef7e0b80ac5e6c68d4c8f49d73068490668a1e73e414f,2,0xb4d92a48f905450cb00b54c5bd3ff6e6cc0c72f5,0xc9f27a50f82571c1c8423a42970613b8dbda14ef,2021-11-07 11:13:55+00:00,140908,68348098968,22063006,88841,0.0,31,2.0,401,1298,1329,0.9766741911211437,54,37,37,1.0,15,222,1427939,100,0xb8a10ef6a58f4ee343eef7e0b80ac5e6c68d4c8f49d73068490668a1e73e414f,2,2,8,834,66,420346,14,7,5.0,3.0,1,3,0,-0.7891915280063464,-0.7652690822329761,-0.7686999182575885,-0.9387506911091376,-0.6020540068603636,-0.5924793320012437,-0.8295826708879588,-1.022140987960066,-0.32093142561292215,-0.2528055211164373,-0.10965122215524387,-0.4607271559064108,-0.9586024471490161,-0.9592020506117305,-0.708665611270548,-0.6494610029910418,-0.6578838116244446,0.5814666428171384,-0.3225878975754,0.5750788179035072,-0.04476614810358456,0.5664709476590466,-0.12773524029461863,-0.8834583001372187,1.571556536186585,-0.6714655296982778,0.0,-0.5781973009501551,0.25,0.8059701492537313,1.5935251798561152,0.0030879249762696057,0.06726457399103139,2.642857142857143,2.591145286216508e-05,0.05405405405405406,0.0015048908954100827,1.0,0.037037037037037035
0x0af21bfb89b8b5d742e12912afb2e5be248411bd2447d5e1259643ca2dc72d72,2,0x6d06b2916cd846e5464cb5d703767e411504731b,0xc9f27a50f82571c1c8423a42970613b8dbda14ef,2021-11-07 14:29:41+00:00,140926,71666201340,3829060,88853,0.0,45,2.0,400,1299,1330,0.9766917293233083,54,57,57,1.0,23,192,1233669,101,0x0af21bfb89b8b5d742e12912afb2e5be248411bd2447d5e1259643ca2dc72d72,2,2,8,834,66,421210,25,7,5.0,3.0,1,3,0,-0.7891915280063464,-0.7596706720450163,-0.7632180538511476,-0.9387506911091376,-0.5799082698317325,-0.5719883852691452,-0.7579465005250247,-1.0152117822821547,-0.32093142561292215,-0.2528055211164373,-0.10965122215524387,-0.4607271559064108,-0.9586024471490161,-0.9508161826889273,-0.629878829883715,-0.710873432118171,-0.7227858396182147,0.5814666428171384,-0.3225878975754,0.5750788179035072,-0.04476614810358456,0.5664709476590466,-0.1276945808244581,-0.8034350102692889,-0.9761528507974644,-0.6711523174183742,0.0,-0.5635864497716824,0.25,0.8059701492537313,1.5947242206235013,0.003083965043647958,0.11917098445595854,2.28,4.620360388110273e-05,0.03508771929824561,0.0015037593984962407,1.0,0.037037037037037035
0x350fc4c46f55770f24dfc1a3a1702495dcccec03f7a8dfa56dfc9d65407bce82,3,0x1e258904e7a7d6c68cc51e88164cb2df1ccca533,0xc9f27a50f82571c1c8423a42970613b8dbda14ef,2021-11-07 15:04:10+00:00,284239,88193140888,17170891,183103,0.0,204,2.0,399,1300,1331,0.976709241172051,54,212,223,0.9506726457399103,89,1544,9405502,102,0x350fc4c46f55770f24dfc1a3a1702495dcccec03f7a8dfa56dfc9d65407bce82,1,1,12,835,66,421364,71,7,6.0,3.0,1,3,0,1.1356658573749856,-0.7540722618570564,-0.7577361894447067,-0.9387506911091376,-0.40827880785984194,-0.40191352739272723,-0.16694809503081806,-1.0082825766042434,-0.7334396847554956,-0.7976450062811727,1.748844068611596,-0.4478706106472744,-0.9586024471490161,-0.9493214793786128,-0.30040683499332255,2.0567800405444507,2.0072730172635156,0.5814666428171384,1.9176058355870982,0.5750788179035072,-0.04476614810358456,0.5664709476590466,0.19602934401533226,-0.40485174616035474,0.8880134727320003,1.788869130991177,0.0,-0.3976489256733136,0.25,0.8059701492537313,1.5940119760479041,0.003085211158971438,0.05760517799352751,3.140845070422535,2.2539996000213917e-05,0.004484304932735426,0.0007513148009015778,1.0,0.018518518518518517
0x0d4e724089ac55a742e832379d28dab31316feb10039502028982e70fd75f325,3,0x6ca011aae6d551a3efa533c40c24a810321c0384,0xc9f27a50f82571c1c8423a42970613b8dbda14ef,2021-11-07 16:54:54+00:00,284239,112681299646,15264337,183103,0.0,110,2.0,398,1301,1332,0.9767267267267268,54,107,125,0.856,36,140,896941,103,0x0d4e724089ac55a742e832379d28dab31316feb10039502028982e70fd75f325,1,1,12,836,66,421851,37,7,6.0,3.0,1,3,0,1.1356658573749856,-0.7484738516690967,-0.7522543250382657,-0.9387506911091376,-0.524543927260155,-0.5023191663800102,-0.6415377236852567,-1.0013533709263318,-0.7334396847554956,-0.7976450062811727,1.748844068611596,-0.4350140653881381,-0.9586024471490161,-0.9445947228063846,-0.5439296138253518,-0.8173216426051949,-0.835280460930235,0.5814666428171384,1.9176058355870982,0.5750788179035072,-0.04476614810358456,0.5664709476590466,0.19602934401533226,0.18573371713327683,0.6216232178419184,1.788869130991177,0.0,-0.4957503550144876,0.25,0.8059701492537313,1.5933014354066986,0.003084019988052682,0.2553191489361702,3.3783783783783785,0.00011929422415273228,0.008,0.0007507507507507507,1.0,0.018518518518518517
0xebac2b4c1789c4fcde0a8fdd6efc7130d38adc16c38c36b5b0ca309358af8aac,3,0x3f323eb3fedfb319597d5b627ecaaa65a78685ba,0xc9f27a50f82571c1c8423a42970613b8dbda14ef,2021-11-07 17:32:24+00:00,250959,97773141151,26559621,160916,0.0,8,2.0,397,1302,1333,0.9767441860465116,54,15,15,1.0,12,233,1498607,104,0xebac2b4c1789c4fcde0a8fdd6efc7130d38adc16c38c36b5b0ca309358af8aac,1,1,6,837,66,422025,6,4,5.0,1.0,1,2,0,1.1356658573749856,-0.7428754414811369,-0.7467724606318248,-0.9387506911091376,-0.6264143175918577,-0.6150193734065521,-0.8564462347740591,-0.9944241652484205,-0.7334396847554956,-0.7976450062811727,-1.038898867538664,-0.4221575201290017,-0.9586024471490161,-0.9429059021830423,-0.7659650886427901,-0.6269431123110945,-0.6342749347301031,-1.7077721084314395,-0.3225878975754,-1.7160718510347697,-0.04476614810358456,-1.6291528804767927,0.12085450140741655,-0.17380910430274157,2.199838985040677,1.2097657264727397,0.0,-0.6022008421719317,0.5,0.8059701492537313,1.5925925925925926,0.003085117978513172,0.05128205128205128,2.5,1.000928861983921e-05,0.06666666666666667,0.0007501875468867217,1.0,0.018518518518518517
0x09aa8a918092cf6c8be1b884347413f8c80cfe0dad112cf4199ddeb70b1f4162,2,0xf2774e996416c56b516f17e9cbe2b848d08d4bbf,0xc9f27a50f82571c1c8423a42970613b8dbda14ef,2021-11-07 20:16:34+00:00,166594,115155384740,9002405,105965,0.0,216,,396,1303,1334,0.9767616191904048,54,225,231,0.974025974025974,65,212,1365382,105,0x09aa8a918092cf6c8be1b884347413f8c80cfe0dad112cf4199ddeb70b1f4162,3,3,8,837,66,422798,72,7,5.0,3.0,1,3,0,-0.7891915280063464,-0.7372770312931771,-0.7412905962253838,-0.9387506911091376,-0.3938840787912318,-0.39371714869988783,-0.38185660611962047,-0.987494959570509,0.09157683352965129,0.29203396404829823,-0.10965122215524387,-0.4221575201290017,-0.9586024471490161,-0.9354032680345158,-0.2932444003217923,-0.6699318127000848,-0.6787829528464876,0.5814666428171384,-0.3225878975754,0.5750788179035072,-0.04476614810358456,0.5664709476590466,-0.06971417637554042,0.24540168588125444,-0.2533153685208909,-0.22451160627583586,0.0,-0.38512533894890844,0.25,0.8059701492537313,1.5937873357228196,0.003081842672286358,0.3051643192488263,3.2083333333333335,0.00016478892735591406,0.012987012987012988,0.0022488755622188904,1.0,0.05555555555555555
0x4ab42f51ff6e7d4cbfc64f4492ba33fe9fe821e9071ada925cb3b9439daa0ad3,2,0x7b6a8dc7abb00de4d47f4e6ff3aca8c2969d864d,0xc9f27a50f82571c1c8423a42970613b8dbda14ef,2021-11-07 23:57:38+00:00,140926,75493957578,20136723,86140,0.0,188,2.0,395,1304,1336,0.9760479041916168,54,219,225,0.9733333333333334,92,1358,8462897,106,0x4ab42f51ff6e7d4cbfc64f4492ba33fe9fe821e9071ada925cb3b9439daa0ad3,3,2,8,837,66,423800,63,7,5.0,3.0,1,3,0,-0.7891915280063464,-0.7316786211052173,-0.7303268674125019,-0.9387506911091376,-0.40052779989982107,-0.3998644327195174,-0.14008453114471775,-0.9805657538925977,0.09157683352965129,-0.2528055211164373,-0.10965122215524387,-0.4221575201290017,-0.9586024471490161,-0.9256779906518203,-0.3577063123655647,1.6760229799562498,1.6923660522299662,0.5814666428171384,-0.3225878975754,0.5750788179035072,-0.04476614810358456,0.5664709476590466,-0.1276945808244581,-0.7111203036580456,1.3024096778440302,-0.7419643936999138,0.0,-0.41434704130585387,0.25,0.8059701492537313,1.5961768219832735,0.0030769158166214805,0.06769683590875644,3.5714285714285716,2.5877660347554703e-05,0.013333333333333334,0.002245508982035928,1.5,0.037037037037037035
0x035a79a4a470b3d32d483b036791b1d7569d17ac075081af85b99653f0c219b8,2,0x7b6a8dc7abb00de4d47f4e6ff3aca8c2969d864d,0xc9f27a50f82571c1c8423a42970613b8dbda14ef,2021-11-07 23:57:38+00:00,140926,75622879358,19917378,88853,0.0,187,2.0,394,1304,1336,0.9760479041916168,54,219,225,0.9733333333333334,92,1358,8462897,107,0x035a79a4a470b3d32d483b036791b1d7569d17ac075081af85b99653f0c219b8,3,2,8,837,66,423800,63,7,5.0,3.0,1,3,0,-0.7891915280063464,-0.7316786211052173,-0.7303268674125019,-0.9387506911091376,-0.40052779989982107,-0.3998644327195174,-0.14008453114471775,-0.9736365482146863,0.09157683352965129,-0.2528055211164373,-0.10965122215524387,-0.4221575201290017,-0.9586024471490161,-0.9256779906518203,-0.3577063123655647,1.6760229799562498,1.6923660522299662,0.5814666428171384,-0.3225878975754,0.5750788179035072,-0.04476614810358456,0.5664709476590466,-0.1276945808244581,-0.7080110731959935,1.2717620431801995,-0.6711523174183742,0.0,-0.4153906735328876,0.25,0.8059701492537313,1.5961768219832735,0.0030769158166214805,0.06769683590875644,3.5714285714285716,2.5877660347554703e-05,0.013333333333333334,0.002245508982035928,1.5,0.037037037037037035
0x361dd28952efbfa5bc28acd1053af9d6412591d42f11d8f51a806e09b6996b16,3,0x318ca888e675ae7f0252803b68f23768866509ae,0xc9f27a50f82571c1c8423a42970613b8dbda14ef,2021-11-08 01:31:14+00:00,287701,110203505768,5576013,185411,0.0,34,2.0,393,1305,1337,0.9760658189977561,55,34,40,0.85,13,229,1472614,108,0x361dd28952efbfa5bc28acd1053af9d6412591d42f11d8f51a806e09b6996b16,1,1,13,838,67,424229,16,7,6.0,3.0,1,3,0,1.1356658573749856,-0.7260802109172575,-0.7248450030060609,-0.8769989024557276,-0.6053758674146582,-0.589405689991429,-0.8474917134786923,-0.9667073425367749,-0.7334396847554956,-0.7976450062811727,2.213467891303306,-0.40930097486986533,-0.8972165322444942,-0.9215141742873729,-0.6943407419274874,-0.6351314361947117,-0.6429587171650754,0.5814666428171384,1.9176058355870982,0.5750788179035072,-0.04476614810358456,0.5664709476590466,0.20384951544287444,0.12597630295420162,-0.7320625942660506,1.84911029282597,0.0,-0.5750664042690538,0.23076923076923078,0.8088235294117647,1.5954653937947494,0.0030761615161586874,0.05652173913043478,2.5,2.3088179870502475e-05,0.025,0.0007479431563201197,1.0,0.01818181818181818
0xf84ccacebbec5016ed1ded7dfe0e8e84675ed1f8f71d2abc937a5dd94e91cba3,3,0x326a8b9f07d13f241546ba3e26f21dea63bca02b,0xc9f27a50f82571c1c8423a42970613b8dbda14ef,2021-11-08 01:48:06+00:00,287701,107013253944,2086161,185411,0.0,47,2.0,392,1306,1338,0.976083707025411,55,49,59,0.8305084745762712,19,249,1603714,109,0xf84ccacebbec5016ed1ded7dfe0e8e84675ed1f8f71d2abc937a5dd94e91cba3,1,1,13,839,67,424311,19,7,6.0,3.0,1,3,0,1.1356658573749856,-0.7204818007292977,-0.71936313859962,-0.8769989024557276,-0.588766564643185,-0.5699392905959353,-0.7937645857064918,-0.9597781368588635,-0.7334396847554956,-0.7976450062811727,2.213467891303306,-0.396444429610729,-0.8972165322444942,-0.9207182933039587,-0.6728534379128965,-0.5941898167766255,-0.5991606224001438,0.5814666428171384,1.9176058355870982,0.5750788179035072,-0.04476614810358456,0.5664709476590466,0.20384951544287444,0.04903640844764245,-1.219676668563795,1.84911029282597,0.0,-0.5614991853176149,0.23076923076923078,0.8088235294117647,1.594755661501788,0.0030779237919266954,0.076,3.1052631578947367,3.055405729821072e-05,0.01694915254237288,0.0007473841554559044,1.0,0.01818181818181818
0x3c3a948ed53b3bf36b9c188ddcae8058cc45b659e6bc81a9d1a871263c27e3dd,3,0x0841f5c18af6e25171970388c9f82a9a76a5564a,0xc9f27a50f82571c1c8423a42970613b8dbda14ef,2021-11-08 03:00:57+00:00,250959,134161274251,12400579,165716,0.0,23,2.0,391,1307,1339,0.9761015683345781,55,31,31,1.0,11,44,277805,110,0x3c3a948ed53b3bf36b9c188ddcae8058cc45b659e6bc81a9d1a871263c27e3dd,1,1,6,840,67,424628,17,4,5.0,1.0,1,2,0,1.1356658573749856,-0.7148833905413379,-0.713881274193179,-0.8769989024557276,-0.6086977279689529,-0.5986266160208733,-0.8654007560694259,-0.952848931180952,-0.7334396847554956,-0.7976450062811727,-1.038898867538664,-0.38358788435159263,-0.8972165322444942,-0.9176415338924673,-0.6871783072559571,-1.0138414158120084,-1.042122392283253,-1.7077721084314395,-0.3225878975754,-1.7160718510347697,-0.04476614810358456,-1.6291528804767927,0.12085450140741655,0.7037702456854724,0.22148914161669173,1.335050638434181,0.0,-0.5865463587664252,0.5,0.8088235294117647,1.5940476190476192,0.003077981014014587,0.24444444444444444,1.8235294117647058,0.00011158866259188067,0.03225806451612903,0.0007468259895444362,1.0,0.01818181818181818
0x014ae8625541802643fd0213a1c78365fe9dcec40b089f1d0ae7617a9c5dfad2,3,0x260e528f015f03889da48bfe1a15efb191546b44,0xc9f27a50f82571c1c8423a42970613b8dbda14ef,2021-11-08 07:11:15+00:00,287701,85432671900,3734431,185411,0.0,246,2.0,390,1308,1340,0.9761194029850746,55,261,271,0.9630996309963099,75,388,2504914,111,0x014ae8625541802643fd0213a1c78365fe9dcec40b089f1d0ae7617a9c5dfad2,1,1,13,841,67,425725,72,7,6.0,3.0,1,3,0,1.1356658573749856,-0.7092849803533782,-0.7083994097867381,-0.8769989024557276,-0.3540217521396959,-0.35273525523569077,-0.2923113931659528,-0.9459197255030407,-0.7334396847554956,-0.7976450062811727,2.213467891303306,-0.37073133909245626,-0.8972165322444942,-0.9069941992728896,-0.2932444003217923,-0.309645561820927,-0.29808630506866934,0.5814666428171384,1.9176058355870982,0.5750788179035072,-0.04476614810358456,0.5664709476590466,0.20384951544287444,-0.4714264883570536,-0.989374738784898,1.84911029282597,0.0,-0.35381637213789546,0.23076923076923078,0.8088235294117647,1.5933412604042807,0.003072398678962525,0.1928020565552699,3.763888888888889,0.0001041951523305182,0.0036900369003690036,0.0007462686567164179,1.0,0.01818181818181818
0x670dc4131863e391bef83be0324d23820c546a37ce533ba8debccf53d0590a7d,3,0x4b5c73e1bc32cea2f77a0ce104e3e9c81b0c850f,0xc9f27a50f82571c1c8423a42970613b8dbda14ef,2021-11-08 07:40:35+00:00,250959,97991618912,19110366,165716,0.0,222,2.0,389,1309,1341,0.9761372110365399,55,223,226,0.9867256637168141,93,1545,9410584,112,0x670dc4131863e391bef83be0324d23820c546a37ce533ba8debccf53d0590a7d,1,1,6,842,67,425848,70,4,5.0,1.0,1,2,0,1.1356658573749856,-0.7036865701654184,-0.7029175453802972,-0.8769989024557276,-0.39609865249409487,-0.3988398853829125,-0.13113000984935097,-0.9389905198251293,-0.7334396847554956,-0.7976450062811727,-1.038898867538664,-0.3578747938333199,-0.8972165322444942,-0.9058003777977682,-0.3075692696648528,2.058827121515355,2.0089708198386136,-1.7077721084314395,-0.3225878975754,-1.7160718510347697,-0.04476614810358456,-1.6291528804767927,0.12085450140741655,-0.16854003564900347,1.1590035624975885,1.335050638434181,0.0,-0.3788635455867058,0.5,0.8088235294117647,1.5926365795724466,0.003073859513583453,0.06015523932729625,3.2285714285714286,2.3696720235777053e-05,0.004424778761061947,0.0007457121551081282,1.0,0.01818181818181818
0x7c57d105c793f860815a405e6f9bd17c0a102c36ca25f55244692619bd75ab72,3,0x77d006307e686f513c00b9609a85e854f26ad38f,0xc9f27a50f82571c1c8423a42970613b8dbda14ef,2021-11-08 12:01:23+00:00,250977,71442883312,10535572,165728,0.0,59,,388,1310,1342,0.9761549925484352,55,60,61,0.9836065573770492,20,135,866379,113,0x7c57d105c793f860815a405e6f9bd17c0a102c36ca25f55244692619bd75ab72,1,1,6,843,67,426959,27,4,5.0,1.0,1,2,0,1.1356658573749856,-0.6980881599774585,-0.6974356809738562,-0.8769989024557276,-0.5765864092774379,-0.5678901959227255,-0.784810064411125,-0.9320613141472179,-0.7334396847554956,-0.7976450062811727,-1.038898867538664,-0.34501824857418356,-0.8972165322444942,-0.895017161059071,-0.6155539605406545,-0.8275570474597165,-0.8454906620912255,-1.7077721084314395,-0.3225878975754,-1.7160718510347697,-0.04476614810358456,-1.6291528804767927,0.12089516087757708,-0.8088208125393397,-0.03909602413355021,1.3353638507140846,0.0,-0.5489755985932097,0.5,0.8088235294117647,1.5919335705812574,0.0030682031103616263,0.14705882352941177,2.259259259259259,6.925367621597914e-05,0.01639344262295082,0.0007451564828614009,1.0,0.01818181818181818
0x38c29549c230c48a491817e2d97b713d05a514236b8de492f2a8eaacd36f809b,2,0x5acfbbf0aa370f232e341bc0b1a40e996c960e07,0xc9f27a50f82571c1c8423a42970613b8dbda14ef,2021-11-08 12:03:40+00:00,166558,97241869835,2000176,110741,0.0,2630,2.0,387,1311,1343,0.9761727475800447,55,2538,2670,0.950561797752809,337,1381,8596533,114,0x38c29549c230c48a491817e2d97b713d05a514236b8de492f2a8eaacd36f809b,2,2,8,843,67,426970,486,7,5.0,3.0,1,3,0,-0.7891915280063464,-0.6924897497894987,-0.6919538165674153,-0.8769989024557276,2.1672704085699483,2.1051538052795293,2.0537731862201403,-0.9251321084693065,-0.32093142561292215,-0.2528055211164373,-0.10965122215524387,-0.34501824857418356,-0.8972165322444942,-0.8949103965369057,2.6720035536917397,1.7231058422870489,1.737011377874561,0.5814666428171384,-0.3225878975754,0.5750788179035072,-0.04476614810358456,0.5664709476590466,-0.06979549531586149,-0.18662187309418757,-1.2316907872652447,-0.09985311887420174,0.0,2.1342028571106026,0.25,0.8088235294117647,1.5931198102016608,0.0030704661440706747,0.243849493487699,5.493827160493828,0.0002952352657478002,0.000749063670411985,0.0014892032762472078,1.0,0.03636363636363636
0xa08938786cee9161e3dada34ef9b458238fe4a83ca86e68a2edfbc099716848b,3,0x77d006307e686f513c00b9609a85e854f26ad38f,0xc9f27a50f82571c1c8423a42970613b8dbda14ef,2021-11-08 12:31:22+00:00,126822,86281127387,17663644,84251,0.0,61,,386,1312,1344,0.9761904761904762,55,62,63,0.9841269841269841,20,135,866518,115,0xa08938786cee9161e3dada34ef9b458238fe4a83ca86e68a2edfbc099716848b,2,1,6,843,67,427098,27,4,5.0,1.0,1,2,0,1.1356658573749856,-0.6868913396015389,-0.6864719521609743,-0.8769989024557276,-0.5743718355745748,-0.5658411012495156,-0.784810064411125,-0.9182029027913952,-0.32093142561292215,-0.7976450062811727,-1.038898867538664,-0.34501824857418356,-0.8972165322444942,-0.8936680457335275,-0.6155539605406545,-0.8275570474597165,-0.845444224752001,-1.7077721084314395,-0.3225878975754,-1.7160718510347697,-0.04476614810358456,-1.6291528804767927,-0.15955353455468776,-0.45096413012809033,0.9568626095872126,-0.7912692267614061,0.0,-0.5468883341391422,0.5,0.8088235294117647,1.594306049822064,0.003071887314182426,0.14705882352941177,2.3333333333333335,7.155065266889704e-05,0.031746031746031744,0.001488095238095238,2.0,0.01818181818181818
0x8f33f3a38761f43f06a11bd9d6b9b819714c6891fc133383da1bc1dc75cc679b,3,0x186e20ae3530520c9f3e6c46f2f5d1062b784761,0xc9f27a50f82571c1c8423a42970613b8dbda14ef,2021-11-08 16:24:28+00:00,284221,116267903554,9059587,183091,0.0,701,2.0,385,1313,1345,0.9762081784386617,55,689,748,0.9211229946524064,146,438,2833636,116,0x8f33f3a38761f43f06a11bd9d6b9b819714c6891fc133383da1bc1dc75cc679b,1,1,12,844,67,428143,287,7,6.0,3.0,1,3,0,1.1356658573749856,-0.6812929294135791,-0.6809900877545334,-0.8769989024557276,0.11989702027300844,0.13597382432485952,0.3434596188050877,-0.9112736971134837,-0.7334396847554956,-0.7976450062811727,1.748844068611596,-0.3321617033150472,-0.8972165322444942,-0.8835254161278222,1.2466790540572157,-0.20729151327571171,-0.18826634086334648,0.5814666428171384,1.9176058355870982,0.5750788179035072,-0.04476614810358456,0.5664709476590466,0.1959886845451717,0.27223250830780477,-0.24532570363066247,1.7885559187112734,0.0,0.12103629116246803,0.25,0.8088235294117647,1.5936018957345972,0.0030667252139467095,0.3325740318906606,2.6062717770034842,0.00024315041058540666,0.001336898395721925,0.0007434944237918215,1.0,0.01818181818181818
0xa907990a8f44d0e4b4d7a84ec2e99caf4d2af942dcbd620617c70247f1b3985a,3,0x014dc3e16adb8bacfe385026a0659b0c8d8d99b3,0xc9f27a50f82571c1c8423a42970613b8dbda14ef,2021-11-08 20:30:14+00:00,287719,119711925918,8852255,185423,0.0,66,,384,1314,1346,0.9762258543833581,55,76,85,0.8941176470588236,28,353,2284237,117,0xa907990a8f44d0e4b4d7a84ec2e99caf4d2af942dcbd620617c70247f1b3985a,1,1,13,845,67,429194,20,7,6.0,3.0,1,3,0,1.1356658573749856,-0.6756945192256193,-0.6755082233480925,-0.8769989024557276,-0.5588698196545331,-0.5433010598442072,-0.7131738940481909,-0.9043444914355723,-0.7334396847554956,-0.7976450062811727,2.213467891303306,-0.3193051580559108,-0.8972165322444942,-0.8733245513282085,-0.6656910032413663,-0.3812933958025777,-0.3718104252703535,0.5814666428171384,1.9176058355870982,0.5750788179035072,-0.04476614810358456,0.5664709476590466,0.203890174913035,0.3552926339602525,-0.2742948407895735,1.8494235051058736,0.0,-0.5416701730039732,0.23076923076923078,0.8088235294117647,1.5928994082840238,0.0030615454513682593,0.07909604519774012,4.25,3.327148922310197e-05,0.011764705882352941,0.0007429420505200594,1.0,0.01818181818181818
0x89b2ee89bf746156345d064019604efb8b2bbf190c4e7840a6c3374899418bfb,3,0xac59f71c383de1ef94802676f72f1bae3d7d3029,0xc9f27a50f82571c1c8423a42970613b8dbda14ef,2021-11-08 23:12:14+00:00,287719,139590313218,15967535,185423,0.0,3914,2.0,383,1315,1347,0.9762435040831478,55,3686,3996,0.9224224224224224,381,1518,9313935,118,0x89b2ee89bf746156345d064019604efb8b2bbf190c4e7840a6c3374899418bfb,1,1,13,846,67,429936,606,7,6.0,3.0,1,3,0,1.1356658573749856,-0.6700961090376596,-0.6700263589416515,-0.8769989024557276,3.4384357140133703,3.463703573617663,2.4477721232162777,-0.8974152857576609,-0.7334396847554956,-0.7976450062811727,2.213467891303306,-0.30644861279677443,-0.8972165322444942,-0.8661227990148752,3.531495714275372,2.003555935300939,1.9766821694882257,0.5814666428171384,1.9176058355870982,0.5750788179035072,-0.04476614810358456,0.5664709476590466,0.203890174913035,0.8347033846466616,0.7198764508781691,1.8494235051058736,0.0,3.474226636621958,0.23076923076923078,0.8088235294117647,1.5921985815602837,0.003058587653539937,0.25082290980908495,6.594059405940594,0.0003957510551929925,0.00025025025025025025,0.0007423904974016332,1.0,0.01818181818181818
0xe35a43b01afe18d71718b6e84ddb8a6a70aa7e68e94388b9f5a524fb26c52cb6,2,0xb4f66b6fe4f55fbefb11b4f02e7a7e5e35a22714,0xc9f27a50f82571c1c8423a42970613b8dbda14ef,2021-11-09 07:44:40+00:00,166576,114596751342,17303476,105953,0.0,516,,382,1316,1348,0.9762611275964391,56,508,568,0.8943661971830986,93,636,4113410,119,0xe35a43b01afe18d71718b6e84ddb8a6a70aa7e68e94388b9f5a524fb26c52cb6,3,3,8,846,68,432241,174,7,5.0,3.0,1,3,0,-0.7891915280063464,-0.6644976988496998,-0.6645444945352106,-0.8152471138023176,-0.0805218998361025,-0.04844469626402737,-0.13113000984935097,-0.8904860800797495,0.09157683352965129,0.29203396404829823,-0.10965122215524387,-0.30644861279677443,-0.8358306173399721,-0.8437507786884152,0.43732393617429527,0.19803051896334087,0.2392825754577481,0.5814666428171384,-0.3225878975754,0.5750788179035072,-0.04476614810358456,0.5664709476590466,-0.06975483584570095,0.2319290206870473,0.9065387030399807,-0.22482481855573946,0.0,-0.07203567083877865,0.25,0.8115942028985508,1.5933806146572105,0.0030445907616566646,0.14599686028257458,3.264367816091954,0.00012349847851333116,0.00528169014084507,0.002225519287833828,1.0,0.05357142857142857
0x7881bdc09d8a2f0f2dee575346ee1039969382721dc67f1474b42469ef4c1e3f,2,0x058b10cbe1872ad139b00326686ee8ccef274c58,0xc9f27a50f82571c1c8423a42970613b8dbda14ef,2021-11-09 13:10:09+00:00,140944,162547821119,13905952,88865,0.0,2502,2.0,381,1317,1349,0.9762787249814677,56,2240,2557,0.8760265936644506,224,511,3308240,120,0x7881bdc09d8a2f0f2dee575346ee1039969382721dc67f1474b42469ef4c1e3f,2,2,8,846,68,433648,378,7,5.0,3.0,1,3,0,-0.7891915280063464,-0.65889928866174,-0.6590626301287696,-0.8152471138023176,1.837298926843346,1.9893799562431727,1.0419122798436955,-0.8835568744018382,-0.32093142561292215,-0.2528055211164373,-0.10965122215524387,-0.30644861279677443,-0.8358306173399721,-0.8300946257169057,1.8984606091664702,-0.05785460239969738,-0.029709888019596904,0.5814666428171384,-0.3225878975754,0.5750788179035072,-0.04476614810358456,0.5664709476590466,-0.12765392135429757,1.3883738575379698,0.43182501312866944,-0.6708391051384707,0.0,2.0006179320502806,0.25,0.8115942028985508,1.594562647754137,0.0030370184181215685,0.4375,6.764550264550264,0.0006770969829586176,0.0007821666014861165,0.0014825796886582653,1.0,0.03571428571428571
0xfb2931eab3fa4b1087fb193859cfc9254b81a6ff717e96f926dad0b8016940c2,3,0x603cdc07ca46988c656a4d05af99dafdc286fce4,0xc9f27a50f82571c1c8423a42970613b8dbda14ef,2021-11-09 15:02:45+00:00,250941,177122616508,14467118,165704,0.0,3,2.0,380,1318,1350,0.9762962962962963,56,5,5,1.0,2,4,24726,121,0xfb2931eab3fa4b1087fb193859cfc9254b81a6ff717e96f926dad0b8016940c2,1,1,6,847,68,434130,4,4,5.0,1.0,1,2,0,1.1356658573749856,-0.6533008784737802,-0.6535807657223287,-0.8152471138023176,-0.6374871861061733,-0.6252648467726014,-0.9459914477277268,-0.8766276687239267,-0.7334396847554956,-0.7976450062811727,-1.038898867538664,-0.2935920675376381,-0.8358306173399721,-0.8254163984729346,-0.7802899579858507,-1.0957246546481805,-1.1266714237478916,-1.7077721084314395,-0.3225878975754,-1.7160718510347697,-0.04476614810358456,-1.6291528804767927,0.12081384193725603,1.7398768991625437,0.5102330486606541,1.3347374261542775,0.0,-0.6074190033071005,0.5,0.8115942028985508,1.5938606847697756,0.003035949978232377,0.4,1.25,0.0002022081125894771,0.2,0.0007407407407407407,1.0,0.017857142857142856
0x0ae9f3277d58803fe2c5bf3e564223404cafa624a1b9e5f15bddf4e6965bdb24,2,0xe2516e29decd4210948afaf0abf82bb6ee5c1094,0xc9f27a50f82571c1c8423a42970613b8dbda14ef,2021-11-09 17:08:03+00:00,140926,161870598054,22728770,88853,0.0,190,2.0,379,1319,1351,0.9763138415988157,56,195,202,0.9653465346534653,54,369,2386280,122,0x0ae9f3277d58803fe2c5bf3e564223404cafa624a1b9e5f15bddf4e6965bdb24,2,2,8,847,68,434712,49,7,5.0,3.0,1,3,0,-0.7891915280063464,-0.6477024682858203,-0.6480989013158878,-0.8152471138023176,-0.42710268433417836,-0.42342902146143074,-0.4803563403686549,-0.8696984630460153,-0.32093142561292215,-0.2528055211164373,-0.10965122215524387,-0.2935920675376381,-0.8358306173399721,-0.819767584663824,-0.4579803977669885,-0.34854010026810883,-0.3377197388927951,0.5814666428171384,-0.3225878975754,0.5750788179035072,-0.04476614810358456,0.5664709476590466,-0.1276945808244581,1.3720411433658397,1.664579362530156,-0.6711523174183742,0.0,-0.41225977685178633,0.25,0.8115942028985508,1.5950413223140496,0.0030341857731422802,0.14594594594594595,4.122448979591836,8.17171154612554e-05,0.009900990099009901,0.0014803849000740192,1.0,0.03571428571428571
0xcea0df8349ee810fe0880b226211c57d664cee79818e584bd90fda3f41ab9a88,2,0xed0253992f139de9426586193a5a5c8102da38b0,0xc9f27a50f82571c1c8423a42970613b8dbda14ef,2021-11-09 19:00:19+00:00,140944,161583530643,9102926,88865,0.0,85,2.0,378,1320,1352,0.9763313609467456,56,122,128,0.953125,34,283,1824330,123,0xcea0df8349ee810fe0880b226211c57d664cee79818e584bd90fda3f41ab9a88,8,5,8,847,68,435209,34,7,5.0,3.0,1,3,0,-0.7891915280063464,-0.6421040580978605,-0.6426170369094468,-0.8152471138023176,-0.5079346244886817,-0.4992455243701953,-0.6594467662759902,-0.862769257368104,2.1541181292425184,1.3817129343777692,-0.10965122215524387,-0.2935920675376381,-0.8358306173399721,-0.8149437694350818,-0.5654169178399425,-0.5245890637658791,-0.525456881174666,0.5814666428171384,-0.3225878975754,0.5750788179035072,-0.04476614810358456,0.5664709476590466,-0.12765392135429757,1.3651178854109496,-0.23927023011316376,-0.6708391051384707,0.0,-0.5218411606903317,0.25,0.8115942028985508,1.5962219598583236,0.0030330185427724548,0.11971830985915492,3.764705882352941,6.687382936539477e-05,0.0625,0.005917159763313609,1.6,0.08928571428571429
0xfe53d436769ef2a2904c7c90ce9dfd1404264744201b291fad6df8cc2370a44f,3,0xc6634264819cc5ac2692c9ede685774618a4198d,0xc9f27a50f82571c1c8423a42970613b8dbda14ef,2021-11-10 00:55:33+00:00,284257,141687933323,12701310,183115,0.0,1318,2.0,377,1321,1353,0.9763488543976349,57,1298,1382,0.9392185238784371,247,600,3875494,124,0xfe53d436769ef2a2904c7c90ce9dfd1404264744201b291fad6df8cc2370a44f,1,1,12,848,69,436751,206,7,6.0,3.0,1,3,0,1.1356658573749856,-0.6365056479099008,-0.6371351725030059,-0.7534953251489077,0.7942347127948237,0.7855368357323834,1.2478662696371312,-0.8558400516901925,-0.7334396847554956,-0.7976450062811727,1.748844068611596,-0.28073552227850174,-0.77444470243545,-0.7999773246006344,0.6665218456632639,0.12433560401078585,0.15979922294750054,0.5814666428171384,1.9176058355870982,0.5750788179035072,-0.04476614810358456,0.5664709476590466,0.19607000348549278,0.8852920774825715,0.26350830695024596,1.7891823432710805,0.0,0.7649573752423016,0.25,0.8142857142857143,1.5955188679245282,0.0030245997728688134,0.41098169717138106,6.70873786407767,0.0003349249579731105,0.000723589001447178,0.0007390983000739098,1.0,0.017543859649122806
0x548ee4aec225210b7359773895015ff5ee6b65128bc8d50f5e4810a0bda75a8f,2,0xc6634264819cc5ac2692c9ede685774618a4198d,0xc9f27a50f82571c1c8423a42970613b8dbda14ef,2021-11-10 01:02:56+00:00,140944,172116754062,2474595,88865,0.0,1319,2.0,376,1322,1354,0.9763663220088626,57,1299,1383,0.9392624728850325,247,600,3875525,125,0x548ee4aec225210b7359773895015ff5ee6b65128bc8d50f5e4810a0bda75a8f,2,1,8,848,69,436782,206,7,5.0,3.0,1,3,0,-0.7891915280063464,-0.630907237721941,-0.631653308096565,-0.7534953251489077,0.7953419996462553,0.7865613830689883,1.2478662696371312,-0.8489108460122812,-0.32093142561292215,-0.7976450062811727,-0.10965122215524387,-0.28073552227850174,-0.77444470243545,-0.7996764427654413,0.6665218456632639,0.12433560401078585,0.15980957947639235,0.5814666428171384,-0.3225878975754,0.5750788179035072,-0.04476614810358456,0.5664709476590466,-0.12765392135429757,1.6191495867879748,-1.1654033396845846,-0.6708391051384707,0.0,0.7660010074693353,0.25,0.8142857142857143,1.596698113207547,0.003026674572957281,0.41098169717138106,6.713592233009709,0.0003351803084278108,0.0014461315979754157,0.0014771048744460858,2.0,0.017543859649122806
0x8a2abe4ad60f7d22539f32e09ed50ee10f0c6a4f408785ddb81e40537e4b3da8,2,0x9634b3b4cdd64f3510785f6ea3b7a235868c2fbc,0xc9f27a50f82571c1c8423a42970613b8dbda14ef,2021-11-10 01:44:07+00:00,140926,147191145615,15363378,88853,0.0,91,2.0,375,1323,1355,0.9763837638376384,57,108,114,0.9473684210526315,42,1099,6928421,126,0x8a2abe4ad60f7d22539f32e09ed50ee10f0c6a4f408785ddb81e40537e4b3da8,2,2,8,848,69,436964,42,7,5.0,3.0,1,3,0,-0.7891915280063464,-0.6253088275339812,-0.626171443690124,-0.7534953251489077,-0.5234366404087234,-0.5135891870826643,-0.5878105959130561,-0.8419816403343697,-0.32093142561292215,-0.2528055211164373,-0.10965122215524387,-0.28073552227850174,-0.77444470243545,-0.7979099752168878,-0.5081174404677004,1.1458290084920346,1.1797258900445116,0.5814666428171384,-0.3225878975754,0.5750788179035072,-0.04476614810358456,0.5664709476590466,-0.1276945808244581,1.0180140682697414,0.635461565580597,-0.6711523174183742,0.0,-0.5155793673281291,0.25,0.8142857142857143,1.5978773584905661,0.00302770244756445,0.038181818181818185,2.7142857142857144,1.5587965051782354e-05,0.017543859649122806,0.0014760147601476014,1.0,0.03508771929824561
0xdf67d748e06ab07b3beb48c4ed3907580c6f2a4db5c5b592003b0b295c86fc34,3,0x3b6d869f5f01fd22d9b9bd29fbb2ec3e284306bc,0xc9f27a50f82571c1c8423a42970613b8dbda14ef,2021-11-10 04:46:32+00:00,126840,133623478848,2067564,84263,0.0,24,2.0,374,1324,1356,0.976401179941003,57,31,31,1.0,12,237,1525289,127,0xdf67d748e06ab07b3beb48c4ed3907580c6f2a4db5c5b592003b0b295c86fc34,2,2,6,848,69,437769,14,4,5.0,1.0,1,2,0,1.1356658573749856,-0.6197104173460214,-0.6206895792836831,-0.7534953251489077,-0.6086977279689529,-0.5986266160208733,-0.8564462347740591,-0.8350524346564583,-0.32093142561292215,-0.2528055211164373,-1.038898867538664,-0.28073552227850174,-0.77444470243545,-0.7900967533675167,-0.708665611270548,-0.6187547884274772,-0.6253609700884715,-1.7077721084314395,-0.3225878975754,-1.7160718510347697,-0.04476614810358456,-1.6291528804767927,-0.15951287508452722,0.690800134278702,-1.222275105099131,-0.7909560144815025,0.0,-0.5855027265393915,0.5,0.8142857142857143,1.599056603773585,0.00302441921556982,0.05042016806722689,2.2142857142857144,2.032400395990271e-05,0.06451612903225806,0.0014749262536873156,1.0,0.03508771929824561
0x6817a64907fe44077fb03f418ff921025ac0ca831736d766955813ec71ed78e4,2,0x56a40b3816e6462fa6bebd671d11965814cfb2f0,0xc9f27a50f82571c1c8423a42970613b8dbda14ef,2021-11-10 12:50:30+00:00,140944,110586834046,23761939,86152,0.0,63,2.0,372,1325,1359,0.9749816041206769,57,70,75,0.9333333333333333,27,197,1263770,128,0x6817a64907fe44077fb03f418ff921025ac0ca831736d766955813ec71ed78e4,4,2,8,848,69,439889,25,7,5.0,3.0,1,3,0,-0.7891915280063464,-0.6141120071580616,-0.6042439860643601,-0.7534953251489077,-0.5655135407631223,-0.5535465332102565,-0.7221284153435577,-0.828123228978547,0.5040850926722248,-0.2528055211164373,-0.10965122215524387,-0.28073552227850174,-0.77444470243545,-0.7695203181865644,-0.629878829883715,-0.7006380272636494,-0.7127296500642925,0.5814666428171384,-0.3225878975754,0.5750788179035072,-0.04476614810358456,0.5664709476590466,-0.12765392135429757,0.13522110207909382,1.8089372738479212,-0.7416511814200103,0.0,-0.5448010696850746,0.25,0.8142857142857143,1.6025943396226414,0.0030121166655300187,0.13636363636363635,3.0,5.5389781851300595e-05,0.05333333333333334,0.0029433406916850625,2.0,0.03508771929824561
0xd1db8fef5ad238e8f7486f209264867fbe4e934a769bb15ad1c2a448db5fedc0,2,0x56a40b3816e6462fa6bebd671d11965814cfb2f0,0xc9f27a50f82571c1c8423a42970613b8dbda14ef,2021-11-10 12:50:30+00:00,140944,119710851549,23675787,86152,0.0,62,2.0,373,1325,1359,0.9749816041206769,57,70,75,0.9333333333333333,27,197,1263770,129,0xd1db8fef5ad238e8f7486f209264867fbe4e934a769bb15ad1c2a448db5fedc0,4,2,8,848,69,439889,25,7,5.0,3.0,1,3,0,-0.7891915280063464,-0.6141120071580616,-0.6042439860643601,-0.7534953251489077,-0.5655135407631223,-0.5535465332102565,-0.7221284153435577,-0.8211940233006355,0.5040850926722248,-0.2528055211164373,-0.10965122215524387,-0.28073552227850174,-0.77444470243545,-0.7695203181865644,-0.629878829883715,-0.7006380272636494,-0.7127296500642925,0.5814666428171384,-0.3225878975754,0.5750788179035072,-0.04476614810358456,0.5664709476590466,-0.12765392135429757,0.3552667232039607,1.796899821334491,-0.7416511814200103,0.0,-0.5458447019121083,0.25,0.8142857142857143,1.6025943396226414,0.0030121166655300187,0.13636363636363635,3.0,5.5389781851300595e-05,0.05333333333333334,0.0029433406916850625,2.0,0.03508771929824561
0x7b078b2bbff5aefe91cac5bc95581a10ea8e099d54ca465c8e4b242ede53a461,2,0x56a40b3816e6462fa6bebd671d11965814cfb2f0,0xc9f27a50f82571c1c8423a42970613b8dbda14ef,2021-11-10 12:50:30+00:00,140944,89130756956,23589635,88865,0.0,61,2.0,371,1325,1359,0.9749816041206769,57,70,75,0.9333333333333333,27,197,1263770,130,0x7b078b2bbff5aefe91cac5bc95581a10ea8e099d54ca465c8e4b242ede53a461,4,2,8,848,69,439889,25,7,5.0,3.0,1,3,0,-0.7891915280063464,-0.6141120071580616,-0.6042439860643601,-0.7534953251489077,-0.5655135407631223,-0.5535465332102565,-0.7221284153435577,-0.8142648176227242,0.5040850926722248,-0.2528055211164373,-0.10965122215524387,-0.28073552227850174,-0.77444470243545,-0.7695203181865644,-0.629878829883715,-0.7006380272636494,-0.7127296500642925,0.5814666428171384,-0.3225878975754,0.5750788179035072,-0.04476614810358456,0.5664709476590466,-0.12765392135429757,-0.38223908567478715,1.784862368821061,-0.6708391051384707,0.0,-0.5468883341391422,0.25,0.8142857142857143,1.6025943396226414,0.0030121166655300187,0.13636363636363635,3.0,5.5389781851300595e-05,0.05333333333333334,0.0029433406916850625,2.0,0.03508771929824561
0x23739307eac7c14f26c1ceeae75bc64a5d6d8d7addbfce7603d0830518e56fb1,2,0x25953c127efd1e15f4d2be82b753d49b12d626d7,0xc9f27a50f82571c1c8423a42970613b8dbda14ef,2021-11-10 14:19:26+00:00,140944,125000000000,3668171,88865,0.0,415,2.0,370,1326,1360,0.975,57,409,418,0.9784688995215312,57,195,1253362,131,0x23739307eac7c14f26c1ceeae75bc64a5d6d8d7addbfce7603d0830518e56fb1,2,2,8,848,69,440298,125,7,5.0,3.0,1,3,0,-0.7891915280063464,-0.6085135969701018,-0.5987621216579192,-0.7534953251489077,-0.19014329812782618,-0.20212679675476644,-0.4534927764825546,-0.8073356119448127,-0.32093142561292215,-0.2528055211164373,-0.10965122215524387,-0.28073552227850174,-0.77444470243545,-0.7655506191351448,0.08636463726931205,-0.7047321892054581,-0.7162067711193146,0.5814666428171384,-0.3225878975754,0.5750788179035072,-0.04476614810358456,0.5664709476590466,-0.12765392135429757,0.4828260966640888,-0.9986328129275748,-0.6708391051384707,0.0,-0.177442525769189,0.25,0.8142857142857143,1.6037735849056605,0.0030115898514418613,0.29081632653061223,3.344,0.0003263220631213782,0.004784688995215311,0.0014705882352941176,1.0,0.03508771929824561
0xc676c9d944ab6d71b575741b6b298337d939f25d699db16843cb503407609d69,3,0x3f341eccd6ea3a4ca1009c1c937ba12ecb8ebc77,0xc9f27a50f82571c1c8423a42970613b8dbda14ef,2021-11-10 18:22:02+00:00,250959,174331155770,11307797,165716,0.0,388,2.0,369,1327,1361,0.9750183688464364,57,386,406,0.9507389162561576,67,450,2911997,132,0xc676c9d944ab6d71b575741b6b298337d939f25d699db16843cb503407609d69,1,1,6,849,69,441374,127,4,5.0,1.0,1,2,0,1.1356658573749856,-0.602915186782142,-0.5932802572514783,-0.7534953251489077,-0.21561089571075187,-0.21442136479402557,-0.3639475635288869,-0.8004064062669013,-0.7334396847554956,-0.7976450062811727,-1.038898867538664,-0.26787897701936536,-0.77444470243545,-0.7551071076942464,0.10068950661237258,-0.18272654162486004,-0.1620873743959567,-1.7077721084314395,-0.3225878975754,-1.7160718510347697,-0.04476614810358456,-1.6291528804767927,0.12085450140741655,1.6725547231872213,0.06880189776244298,1.335050638434181,0.0,-0.2056205958991007,0.5,0.8142857142857143,1.6030624263839812,0.003006513735485698,0.14855875831485588,3.1968503937007875,0.00013255503609549182,0.0024630541871921183,0.0007347538574577516,1.0,0.017543859649122806
0xf3574c014d78efeb7e2d9dd3270820c966788e0152ced33d9b2938ae21c7c028,3,0xfe57dc4b1291384a56e5d90fdc1340b7036f3767,0xc9f27a50f82571c1c8423a42970613b8dbda14ef,2021-11-10 18:47:40+00:00,250959,158993981396,8569350,165716,0.0,208,2.0,368,1328,1362,0.9750367107195301,57,236,236,1.0,66,248,1599955,133,0xf3574c014d78efeb7e2d9dd3270820c966788e0152ced33d9b2938ae21c7c028,1,1,6,850,69,441491,58,4,5.0,1.0,1,2,0,1.1356658573749856,-0.5973167765941823,-0.5877983928450373,-0.7534953251489077,-0.3817039234254847,-0.3885944120168632,-0.3729020848242537,-0.79347720058899,-0.7334396847554956,-0.7976450062811727,-1.038898867538664,-0.25502243176022904,-0.77444470243545,-0.7539715214130334,-0.39351848572321607,-0.5962368977475299,-0.6004164350486669,-1.7077721084314395,-0.3225878975754,-1.7160718510347697,-0.04476614810358456,-1.6291528804767927,0.12085450140741655,1.302665246285456,-0.31382329634849215,1.335050638434181,0.0,-0.39347439676517854,0.5,0.8142857142857143,1.6023529411764705,0.0030079820245893472,0.26506024096385544,4.068965517241379,0.00014750405636154994,0.00423728813559322,0.0007342143906020558,1.0,0.017543859649122806
0x20bdf9e65a4946d58995ddefc2186fb4ad7306b9a6364a8d45aba44ab9763803,2,0x041d5bbef8e348852dbaf630eaff84b28c8a962b,0xc9f27a50f82571c1c8423a42970613b8dbda14ef,2021-11-10 19:47:40+00:00,140890,192886741440,6974832,93629,0.0,138,2.0,367,1329,1363,0.97505502567865,57,168,177,0.9491525423728814,55,421,2720885,134,0x20bdf9e65a4946d58995ddefc2186fb4ad7306b9a6364a8d45aba44ab9763803,2,2,8,850,69,441750,39,7,5.0,3.0,1,3,0,-0.7891915280063464,-0.5917183664062224,-0.5823165284385964,-0.7534953251489077,-0.4569994293228303,-0.4490427048765539,-0.47140181907328815,-0.7865479949110785,-0.32093142561292215,-0.2528055211164373,-0.10965122215524387,-0.25502243176022904,-0.77444470243545,-0.7514577022093227,-0.5296047444822912,-0.24209188978108492,-0.22593437276907338,0.5814666428171384,-0.3225878975754,0.5750788179035072,-0.04476614810358456,0.5664709476590466,-0.12777589976477916,2.120063221800722,-0.5366148125850233,-0.5464938300167401,0.0,-0.4665286526575422,0.25,0.8142857142857143,1.6035294117647059,0.003008482153973619,0.13033175355450238,4.538461538461538,6.174459348903261e-05,0.011299435028248588,0.001467351430667645,1.0,0.03508771929824561
0xfc170bcc041c250548936c6c3bd1097a80405b92bc86a751a21f66a655ec16f3,2,0x9b9b0c49adb187919247fabd9d8f22a4443c4b9c,0xc9f27a50f82571c1c8423a42970613b8dbda14ef,2021-11-10 21:34:15+00:00,140908,365486451286,23479809,93641,0.0,33,,366,1330,1364,0.9750733137829912,57,43,44,0.9772727272727273,14,307,1984475,135,0xfc170bcc041c250548936c6c3bd1097a80405b92bc86a751a21f66a655ec16f3,2,2,8,850,69,442235,16,7,5.0,3.0,1,3,0,-0.7891915280063464,-0.5861199562182626,-0.5768346640321554,-0.7534953251489077,-0.5954102857517742,-0.5853075006450092,-0.8385371921833256,-0.7796187892331672,-0.32093142561292215,-0.2528055211164373,-0.10965122215524387,-0.25502243176022904,-0.77444470243545,-0.7467503573683973,-0.6943407419274874,-0.4754591204641758,-0.47195538700128725,0.5814666428171384,-0.3225878975754,0.5750788179035072,-0.04476614810358456,0.5664709476590466,-0.12773524029461863,6.282682413022901,1.7695171039434032,-0.5461806177368365,0.0,-0.5761100364960876,0.25,0.8142857142857143,1.6047058823529412,0.003007443989182247,0.045454545454545456,2.75,2.1668188478973795e-05,0.045454545454545456,0.001466275659824047,1.0,0.03508771929824561
0xd61f900cd70c36a7320d55692a8fd36be0ac102759936348b1a85e18a0c5d1cb,2,0x9be80c23245b576b23c01670137726fef0f9b64e,0xc9f27a50f82571c1c8423a42970613b8dbda14ef,2021-11-11 00:28:26+00:00,140944,150000000000,8114581,88865,0.0,1088,,365,1331,1365,0.9750915750915751,58,1115,1124,0.9919928825622776,221,905,5789934,136,0xd61f900cd70c36a7320d55692a8fd36be0ac102759936348b1a85e18a0c5d1cb,2,2,8,850,70,443032,177,7,5.0,3.0,1,3,0,-0.7891915280063464,-0.5805215460303028,-0.5713527996257145,-0.6917435364954978,0.5916012189828497,0.5212036228883121,1.0150487159575952,-0.7726895835552557,-0.32093142561292215,-0.2528055211164373,-0.10965122215524387,-0.25502243176022904,-0.713058787530928,-0.7390147824442374,0.4588112401888861,0.7486953001365991,0.7993783575148197,0.5814666428171384,-0.3225878975754,0.5750788179035072,-0.04476614810358456,0.5664709476590466,-0.12765392135429757,1.0857557300534244,-0.37736517862725666,-0.6708391051384707,0.0,0.5249219630245354,0.25,0.8169014084507042,1.6058823529411765,0.0030042908767518445,0.24392935982339956,6.350282485875706,0.0001925755643198067,0.0017793594306049821,0.0014652014652014652,1.0,0.034482758620689655
0x44cc3c5735dc1950cde3e07714d668682a97effc9cfcb3041bff6477fe2d1ee1,2,0x01c58b81fbf4c316f783725d9d02de7b69e847e3,0xc9f27a50f82571c1c8423a42970613b8dbda14ef,2021-11-11 09:32:43+00:00,140926,106713699677,14336828,88853,0.0,4,2.0,364,1332,1366,0.9751098096632503,58,7,7,1.0,2,21,132551,137,0x44cc3c5735dc1950cde3e07714d668682a97effc9cfcb3041bff6477fe2d1ee1,2,2,8,850,70,445442,4,7,5.0,3.0,1,3,0,-0.7891915280063464,-0.574923135842343,-0.5658709352192736,-0.6917435364954978,-0.6352726124033101,-0.6232157520993915,-0.9459914477277268,-0.7657603778773444,-0.32093142561292215,-0.2528055211164373,-0.10965122215524387,-0.25502243176022904,-0.713058787530928,-0.7156236462243811,-0.7802899579858507,-1.0609242781428072,-1.0906490776912268,0.5814666428171384,-0.3225878975754,0.5750788179035072,-0.04476614810358456,0.5664709476590466,-0.1276945808244581,0.0418120026723416,0.492028483613124,-0.6711523174183742,0.0,-0.6063753710800668,0.25,0.8169014084507042,1.6070588235294119,0.00299028158484924,0.09090909090909091,1.75,5.280946345585129e-05,0.2857142857142857,0.0014641288433382138,1.0,0.034482758620689655
0xbfb3e78bccac852ebc2fb2781e28610b2f5dccd33f8a88f290ef68eab52e2215,2,0xc794b210337339ce83f5be21f0f62802c029b332,0xc9f27a50f82571c1c8423a42970613b8dbda14ef,2021-11-11 09:44:50+00:00,166576,176273882460,4008825,105953,0.0,78,2.0,363,1333,1367,0.9751280175566935,58,100,100,1.0,26,177,1135894,138,0xbfb3e78bccac852ebc2fb2781e28610b2f5dccd33f8a88f290ef68eab52e2215,2,2,8,850,70,445480,28,7,5.0,3.0,1,3,0,-0.7891915280063464,-0.5693247256543832,-0.5603890708128326,-0.6917435364954978,-0.5322949352201758,-0.5279328497951333,-0.7310829366389243,-0.758831172199433,-0.32093142561292215,-0.2528055211164373,-0.10965122215524387,-0.25502243176022904,-0.713058787530928,-0.7152548233296282,-0.6083915258691242,-0.7415796466817356,-0.7554506658244785,0.5814666428171384,-0.3225878975754,0.5750788179035072,-0.04476614810358456,0.5664709476590466,-0.06975483584570095,1.7194078228263163,-0.951035469296434,-0.22482481855573946,0.0,-0.5291465862795681,0.25,0.8169014084507042,1.608235294117647,0.0029922712753181393,0.14606741573033707,3.5714285714285716,8.803630617266561e-05,0.02,0.001463057790782736,1.0,0.034482758620689655
0x143de7d4a0321449741cb35f10ffd042419e438a47e56820e3dc75e5bd0dc3da,2,0x5a825c64df9dee1e35fe9041ca8d69509414c4a7,0xc9f27a50f82571c1c8423a42970613b8dbda14ef,2021-11-11 10:13:26+00:00,166576,123202623440,7797602,105953,0.0,1849,2.0,362,1334,1368,0.9751461988304093,58,1865,1939,0.961835997937081,364,1308,8159287,139,0x143de7d4a0321449741cb35f10ffd042419e438a47e56820e3dc75e5bd0dc3da,14,11,8,850,70,445595,339,7,5.0,3.0,1,3,0,-0.7891915280063464,-0.5637263154664235,-0.5549072064063917,-0.6917435364954978,1.4220663575565138,1.3562097022213278,2.2955452611950427,-0.7519019665215215,4.629167684097959,4.650749845366182,-0.10965122215524387,-0.25502243176022904,-0.713058787530928,-0.7141386487797181,1.6191256569767898,1.5736689314110346,1.5909355445901427,0.5814666428171384,-0.3225878975754,0.5750788179035072,-0.04476614810358456,0.5664709476590466,-0.06975483584570095,0.4394784330487534,-0.4216545701707447,-0.22482481855573946,0.0,1.3191260877972313,0.25,0.8169014084507042,1.6094117647058823,0.0029937432113394196,0.27807486631016043,5.71976401179941,0.00022857386575887503,0.007220216606498195,0.01023391812865497,1.2727272727272727,0.1896551724137931
0x3ace95595fc24e408d7b8c57045ef1be38b29eddfa07627f9e0203a89fbbb65e,2,0x01c58b81fbf4c316f783725d9d02de7b69e847e3,0xc9f27a50f82571c1c8423a42970613b8dbda14ef,2021-11-11 10:51:52+00:00,140926,116927496811,2226914,86140,0.0,5,2.0,361,1335,1369,0.9751643535427319,58,9,9,1.0,2,21,132893,140,0x3ace95595fc24e408d7b8c57045ef1be38b29eddfa07627f9e0203a89fbbb65e,3,2,8,850,70,445784,4,7,5.0,3.0,1,3,0,-0.7891915280063464,-0.5581279052784637,-0.5494253419999507,-0.6917435364954978,-0.6330580387004471,-0.6211666574261817,-0.9459914477277268,-0.7449727608436102,0.09157683352965129,-0.2528055211164373,-0.10965122215524387,-0.25502243176022904,-0.713058787530928,-0.7123042401716049,-0.7802899579858507,-1.0609242781428072,-1.09053482179184,0.5814666428171384,-0.3225878975754,0.5750788179035072,-0.04476614810358456,0.5664709476590466,-0.1276945808244581,0.2881400411329683,-1.2000101773201461,-0.7419643936999138,0.0,-0.605331738853033,0.25,0.8169014084507042,1.6105882352941177,0.0029947171842928766,0.09090909090909091,2.25,6.772314777190844e-05,0.3333333333333333,0.002191380569758948,1.5,0.034482758620689655
0xf265f38298cd49ebeda064f3c22a53883085a59dd64d17c9f769a477568ce1b7,3,0x4721a43133d1a13f3651a415b68f81e73edb5dc6,0xc9f27a50f82571c1c8423a42970613b8dbda14ef,2021-11-11 16:17:18+00:00,126840,190134791815,7360049,84263,0.0,527,2.0,360,1336,1370,0.9751824817518249,58,537,559,0.960644007155635,110,315,2031585,141,0xf265f38298cd49ebeda064f3c22a53883085a59dd64d17c9f769a477568ce1b7,10,8,6,850,70,447235,71,4,5.0,1.0,1,2,0,1.1356658573749856,-0.5525294950905039,-0.5439434775935098,-0.6917435364954978,-0.04841058114458749,-0.05766562229347171,0.021096852171884055,-0.7380435551656988,2.9791346475276654,3.0162313898719755,-1.038898867538664,-0.25502243176022904,-0.713058787530928,-0.6982210291114341,-0.30040683499332255,-0.45908247269694136,-0.4562168039015472,-1.7077721084314395,-0.3225878975754,-1.7160718510347697,-0.04476614810358456,-1.6291528804767927,-0.15951287508452722,2.053693942660435,-0.4827909739641436,-0.7909560144815025,0.0,-0.06055571634140723,0.5,0.8169014084507042,1.611764705882353,0.00298723716337683,0.34810126582278483,7.873239436619718,0.00026432550726378305,0.017889087656529516,0.0072992700729927005,1.25,0.13793103448275862
0xfc255166f59367751a05d4ad602d5d59b26366b4b442e8e38df371dbbbaa202f,2,0xad492e78ea607f1ccf1cefaa7ee37871932b1d02,0xc9f27a50f82571c1c8423a42970613b8dbda14ef,2021-11-11 16:52:35+00:00,140890,153613249523,11116103,93629,0.0,1070,,359,1337,1371,0.975200583515682,58,1115,1146,0.9729493891797557,198,1615,9748147,142,0xfc255166f59367751a05d4ad602d5d59b26366b4b442e8e38df371dbbbaa202f,2,2,8,850,70,447392,221,7,5.0,3.0,1,3,0,-0.7891915280063464,-0.546931084902544,-0.5384616131870689,-0.6917435364954978,0.5916012189828497,0.5437436642936205,0.8090947261641596,-0.7311143494877874,-0.32093142561292215,-0.2528055211164373,-0.10965122215524387,-0.25502243176022904,-0.713058787530928,-0.6966972082041655,0.773958365736218,2.2021227894786564,2.1217443992675578,0.5814666428171384,-0.3225878975754,0.5750788179035072,-0.04476614810358456,0.5664709476590466,-0.12777589976477916,1.1728971384632878,0.04201775552419569,-0.5464938300167401,0.0,0.5061365829379276,0.25,0.8169014084507042,1.6129411764705883,0.0029884240477611405,0.12252475247524752,5.1855203619909505,0.00011438070082645442,0.0017452006980802793,0.0014587892049598833,1.0,0.034482758620689655
0xdfa955c5280c23d33bfd79aaa5beca6213fae00d6a1b7b73728add1432977a06,2,0x4f607437e9252e5a092697ebfe7e1bafc1511dd4,0xc9f27a50f82571c1c8423a42970613b8dbda14ef,2021-11-11 20:54:08+00:00,140908,217608043910,5392197,93641,0.0,190,2.0,358,1338,1372,0.9752186588921283,58,205,206,0.9951456310679612,61,322,2078331,143,0xdfa955c5280c23d33bfd79aaa5beca6213fae00d6a1b7b73728add1432977a06,2,2,8,850,70,448463,58,7,5.0,3.0,1,3,0,-0.7891915280063464,-0.5413326747145842,-0.5329797487806279,-0.6917435364954978,-0.4160298158198628,-0.41933083211501104,-0.41767469130108753,-0.724185143809876,-0.32093142561292215,-0.2528055211164373,-0.10965122215524387,-0.25502243176022904,-0.713058787530928,-0.686302226091524,-0.39351848572321607,-0.44475290590061123,-0.44059982649589124,0.5814666428171384,-0.3225878975754,0.5750788179035072,-0.04476614810358456,0.5664709476590466,-0.12773524029461863,2.716271455206481,-0.7577459953618891,-0.5461806177368365,0.0,-0.41225977685178633,0.25,0.8169014084507042,1.6141176470588234,0.0029835170716044097,0.18885448916408668,3.5517241379310347,9.863679142697125e-05,0.009708737864077669,0.0014577259475218659,1.0,0.034482758620689655
0x641b04c62038a5982226008a7271ab6f068d8890fe9b61c17b4b20270967d2e6,2,0x11d0cb5c690bc838efc52c621f6b48040dd000f7,0xc9f27a50f82571c1c8423a42970613b8dbda14ef,2021-11-12 05:35:20+00:00,140872,172203092037,3054818,93617,0.0,3104,2.0,357,1339,1373,0.9752367079388201,59,2889,3150,0.9171428571428571,330,633,4093420,144,0x641b04c62038a5982226008a7271ab6f068d8890fe9b61c17b4b20270967d2e6,2,2,8,850,71,450790,473,7,5.0,3.0,1,3,0,-0.7891915280063464,-0.5357342645266244,-0.527497884374187,-0.6299917478420879,2.555928093422423,2.5969365268498947,1.9910915371525728,-0.7172559381319645,-0.32093142561292215,-0.2528055211164373,-0.10965122215524387,-0.25502243176022904,-0.6516728726264059,-0.6637166767207334,2.578891902961846,0.19188927605062794,0.2326042847304332,0.5814666428171384,-0.3225878975754,0.5750788179035072,-0.04476614810358456,0.5664709476590466,-0.1278165592349397,1.621231815732548,-1.0843325948417488,-0.5468070422966437,0.0,2.6288845327246073,0.25,0.8194444444444444,1.6152941176470588,0.0029703343678112474,0.5205047318611987,6.659619450317125,0.0007057666435971282,0.0006349206349206349,0.0014566642388929353,1.0,0.03389830508474576
0x13f1e5c040b9f80060039a040b8b4170d25c191a87dda8514389392208f7c0c7,3,0x19f6eed8b5e14d7a00c30312f66473e1fe1f2acf,0xc9f27a50f82571c1c8423a42970613b8dbda14ef,2021-11-12 07:48:50+00:00,250941,111592323515,2806812,165704,0.0,18,2.0,356,1340,1374,0.975254730713246,59,20,20,1.0,7,23,146877,145,0x13f1e5c040b9f80060039a040b8b4170d25c191a87dda8514389392208f7c0c7,1,1,6,851,71,451408,12,4,5.0,1.0,1,2,0,1.1356658573749856,-0.5301358543386646,-0.522016019967746,-0.6299917478420879,-0.6208778833347,-0.6098966367235275,-0.9012188412508929,-0.7103267324540532,-0.7334396847554956,-0.7976450062811727,-1.038898867538664,-0.24216588650109266,-0.6516728726264059,-0.6577184517481727,-0.7229904806136085,-1.0568301162009988,-1.0858630250169141,-1.7077721084314395,-0.3225878975754,-1.7160718510347697,-0.04476614810358456,-1.6291528804767927,0.12081384193725603,0.15947067795593414,-1.118984842590446,1.3347374261542775,0.0,-0.5917645199015941,0.5,0.8194444444444444,1.6145710928319623,0.002968483127274822,0.2916666666666667,1.6666666666666667,0.00013616743147374012,0.05,0.000727802037845706,1.0,0.01694915254237288
0x9341b9a9c4c00dd5d8161902018ecf3d1001ac6201e870181d7a7b16d5be4111,2,0x551e76873aea197309676311fd8548a8408687d9,0xc9f27a50f82571c1c8423a42970613b8dbda14ef,2021-11-12 09:55:21+00:00,166522,89942051769,18921649,110717,0.0,529,2.0,355,1341,1375,0.9752727272727273,59,558,589,0.9473684210526315,116,245,1575292,146,0x9341b9a9c4c00dd5d8161902018ecf3d1001ac6201e870181d7a7b16d5be4111,3,3,8,851,71,451961,115,7,5.0,3.0,1,3,0,-0.7891915280063464,-0.5245374441507049,-0.5165341555613051,-0.6299917478420879,-0.025157557264524896,-0.0269292021953239,0.07482397994408466,-0.7033975267761418,0.09157683352965129,0.29203396404829823,-0.10965122215524387,-0.24216588650109266,-0.6516728726264059,-0.6523511080429526,0.014740290554009345,-0.6023781406602428,-0.608655888986024,0.5814666428171384,-0.3225878975754,0.5750788179035072,-0.04476614810358456,0.5664709476590466,-0.06987681425618254,-0.3626729383078767,1.132635376895664,-0.10047954343400894,0.0,-0.0584684518873397,0.25,0.8194444444444444,1.6157461809635723,0.002967063602692262,0.4715447154471545,5.121739130434783,0.00035421981815446395,0.0050933786078098476,0.002181818181818182,1.0,0.05084745762711865
0x6fc91b4d9b02c817c2a07f7db382c691e896d2b3b1f267501e9595b694c53588,2,0x7dba3ff2e40a7929be48c27c6ff245729f7405bb,0xc9f27a50f82571c1c8423a42970613b8dbda14ef,2021-11-12 13:13:32+00:00,140926,123196043446,9621552,88853,0.0,311,2.0,354,1342,1376,0.9752906976744186,59,313,330,0.9484848484848485,87,421,2721039,147,0x6fc91b4d9b02c817c2a07f7db382c691e896d2b3b1f267501e9595b694c53588,2,2,8,851,71,452818,107,7,5.0,3.0,1,3,0,-0.7891915280063464,-0.5189390339627451,-0.5110522911548642,-0.6299917478420879,-0.29644283586525516,-0.29228696237600005,-0.1848571376215516,-0.6964683210982304,-0.32093142561292215,-0.2528055211164373,-0.10965122215524387,-0.24216588650109266,-0.6516728726264059,-0.6440331811797091,-0.042559186818232814,-0.24209188978108492,-0.2258829242061916,0.5814666428171384,-0.3225878975754,0.5750788179035072,-0.04476614810358456,0.5664709476590466,-0.1276945808244581,0.4393197421139484,-0.16680602908207648,-0.6711523174183742,0.0,-0.28598027738070064,0.25,0.8194444444444444,1.6169212690951822,0.0029636565603475117,0.20616113744075829,3.0841121495327104,0.00011502954752594597,0.006060606060606061,0.0014534883720930232,1.0,0.03389830508474576
0x7ae88523789d760a9b0f9bdbadd7bb4b496cf381ebe8ba7258ede948dd254352,2,0x9601adb9f4b8a7bc91edbc3a565e9e898bebe1b4,0xc9f27a50f82571c1c8423a42970613b8dbda14ef,2021-11-12 16:38:53+00:00,140944,150698458417,2349858,88865,0.0,289,2.0,353,1343,1377,0.9753086419753086,59,299,319,0.9373040752351097,84,403,2606598,148,0x7ae88523789d760a9b0f9bdbadd7bb4b496cf381ebe8ba7258ede948dd254352,4,4,8,851,71,453720,90,7,5.0,3.0,1,3,0,-0.7891915280063464,-0.5133406237747853,-0.5055704267484232,-0.6299917478420879,-0.3119448517852969,-0.30355698307865425,-0.21172070150765188,-0.689539115420319,0.5040850926722248,0.8368734492130337,-0.10965122215524387,-0.24216588650109266,-0.6516728726264059,-0.635278490362153,-0.1643205762342474,-0.2789393472573624,-0.2641155539773093,0.5814666428171384,-0.3225878975754,0.5750788179035072,-0.04476614810358456,0.5664709476590466,-0.12765392135429757,1.1026005811454047,-1.1828320205529073,-0.6708391051384707,0.0,-0.3089401863754435,0.25,0.8194444444444444,1.618096357226792,0.00295996879139383,0.2079207920792079,3.5444444444444443,0.0001147088600893348,0.012539184952978056,0.002904865649963689,1.0,0.06779661016949153
0x2939efa77f16be8879b116deb7e5fbd7853d4ebfeab6c38475eec6424a5e5e0f,3,0x01974549c9b9a30d47c548a16b120b1caa7b586c,0xc9f27a50f82571c1c8423a42970613b8dbda14ef,2021-11-12 16:58:26+00:00,250977,123512535598,21691067,165728,0.0,1384,2.0,352,1344,1378,0.9753265602322206,59,1332,1439,0.925642807505212,228,615,3976644,149,0x2939efa77f16be8879b116deb7e5fbd7853d4ebfeab6c38475eec6424a5e5e0f,1,1,6,852,71,453812,326,4,5.0,1.0,1,2,0,1.1356658573749856,-0.5077422135868255,-0.5000885623419822,-0.6299917478420879,0.8318824657434966,0.8439360339188642,1.0777303650251626,-0.6826099097424075,-0.7334396847554956,-0.7976450062811727,-1.038898867538664,-0.2293093412419563,-0.6516728726264059,-0.6343855507222248,1.5260140062468963,0.15504181857435045,0.19359157447666017,-1.7077721084314395,-0.3225878975754,-1.7160718510347697,-0.04476614810358456,-1.6291528804767927,0.12089516087757708,0.44695264200098694,1.5195879452032917,1.3353638507140846,0.0,0.8338371022265301,0.5,0.8194444444444444,1.6173708920187793,0.002961572277568073,0.37012987012987014,4.414110429447852,0.0003349557227260668,0.0006949270326615705,0.000725689404934688,1.0,0.01694915254237288
0xd798536fef707a5a258ce7dd9dc42711f7c86bbe30a4a3612a492fe6675b1aaf,3,0x3f341eccd6ea3a4ca1009c1c937ba12ecb8ebc77,0xc9f27a50f82571c1c8423a42970613b8dbda14ef,2021-11-12 20:26:10+00:00,126822,151468432616,6864848,84251,0.0,413,,351,1345,1379,0.9753444525018129,59,411,431,0.9535962877030162,68,452,2925376,150,0xd798536fef707a5a258ce7dd9dc42711f7c86bbe30a4a3612a492fe6675b1aaf,2,2,6,852,71,454753,134,4,5.0,1.0,1,2,0,1.1356658573749856,-0.5021438033988657,-0.4946066979355413,-0.6299917478420879,-0.18792872442496306,-0.1888076813789024,-0.3549930422335202,-0.6756807040644962,-0.32093142561292215,-0.2528055211164373,-1.038898867538664,-0.2293093412419563,-0.6516728726264059,-0.6252523311442644,0.15082654931308448,-0.17863237968305143,-0.15761769697520903,-1.7077721084314395,-0.3225878975754,-1.7160718510347697,-0.04476614810358456,-1.6291528804767927,-0.15955353455468776,1.1211701916062975,-0.5519821537638364,-0.7912692267614061,0.0,-0.17952979022325655,0.5,0.8194444444444444,1.6185446009389672,0.002957643033376287,0.15011037527593818,3.216417910447761,0.0001404947123054567,0.004640371229698376,0.0014503263234227702,1.0,0.03389830508474576
0x4b69778d89b2d314812b493ae1b59939cb6e376b4d1c1b8f8c9214483c93a38e,3,0xdb952e1b416f8e1cedc0571f46710e0ec18beb52,0xc9f27a50f82571c1c8423a42970613b8dbda14ef,2021-11-13 00:57:44+00:00,126840,111444532340,4959539,79463,0.0,40,2.0,350,1346,1380,0.9753623188405797,60,42,42,1.0,29,114,731321,151,0x4b69778d89b2d314812b493ae1b59939cb6e376b4d1c1b8f8c9214483c93a38e,7,6,6,852,72,455950,10,4,5.0,1.0,1,2,0,1.1356658573749856,-0.4965453932109059,-0.48912483352910036,-0.568239959188678,-0.5965175726032058,-0.587356595318219,-0.7042193727528241,-0.6687514983865848,1.741609870099945,1.9265524195425048,-1.038898867538664,-0.2293093412419563,-0.5902869577218839,-0.6136344099595474,-0.737315349956669,-0.8705457478487069,-0.8906110517385337,-1.7077721084314395,-0.3225878975754,-1.7160718510347697,-0.04476614810358456,-1.6291528804767927,-0.15951287508452722,0.15590637079749697,-0.8181984529897522,-0.9162409264429439,0.0,-0.5688046109068512,0.5,0.821917808219178,1.619718309859155,0.0029520716041855377,0.25217391304347825,4.2,5.743024276584049e-05,0.16666666666666666,0.005072463768115942,1.1666666666666667,0.1
0x97b816921a375a93c7f8c859ff525e6650f852e9aaa23fd101d97084c6c012ab,3,0x613057918d633c80db414e5f5f5e21a93851220e,0xc9f27a50f82571c1c8423a42970613b8dbda14ef,2021-11-13 01:49:28+00:00,284239,116740507209,6553766,183103,0.0,33,2.0,349,1347,1381,0.9753801593048516,60,40,40,1.0,15,89,568331,152,0x97b816921a375a93c7f8c859ff525e6650f852e9aaa23fd101d97084c6c012ab,1,1,12,853,72,456184,15,7,6.0,3.0,1,3,0,1.1356658573749856,-0.4909469830229461,-0.4836429691226594,-0.568239959188678,-0.598732146306069,-0.589405689991429,-0.8295826708879588,-0.6618222927086734,-0.7334396847554956,-0.7976450062811727,1.748844068611596,-0.21645279598281994,-0.5902869577218839,-0.6113632373971215,-0.7015031765990176,-0.9217227721213145,-0.9450630079989166,0.5814666428171384,1.9176058355870982,0.5750788179035072,-0.04476614810358456,0.5664709476590466,0.19602934401533226,0.2836303782457092,-0.5954475962699056,1.788869130991177,0.0,-0.5761100364960876,0.25,0.821917808219178,1.618991793669402,0.002952749432795905,0.16666666666666666,2.6666666666666665,7.038139678920067e-05,0.025,0.000724112961622013,1.0,0.016666666666666666
0xe0304219b1442ec6c9f253af35be8bbd77f68b01442187ce7665f18eedc396f0,3,0x4c61f3259d705323c7f27377da09a3e222ecde66,0xc9f27a50f82571c1c8423a42970613b8dbda14ef,2021-11-13 06:35:58+00:00,287701,90000000000,17485512,185411,0.0,283,2.0,348,1348,1382,0.975397973950796,60,279,291,0.9587628865979382,87,361,2333488,153,0xe0304219b1442ec6c9f253af35be8bbd77f68b01442187ce7665f18eedc396f0,1,1,13,854,72,457460,71,7,6.0,3.0,1,3,0,1.1356658573749856,-0.4853485728349863,-0.4781611047162185,-0.568239959188678,-0.33409058881392795,-0.3322443085035922,-0.1848571376215516,-0.654893087030762,-0.7334396847554956,-0.7976450062811727,2.213467891303306,-0.20359625072368356,-0.5902869577218839,-0.5989785528259446,-0.30040683499332255,-0.3649167480353433,-0.355356573513926,0.5814666428171384,1.9176058355870982,0.5750788179035072,-0.04476614810358456,0.5664709476590466,0.20384951544287444,-0.36127539008098114,0.9319733964392608,1.84911029282597,0.0,-0.3152019797376461,0.23076923076923078,0.821917808219178,1.6182669789227166,0.002946699281468803,0.24033149171270718,4.098591549295775,0.00011956345198113212,0.003436426116838488,0.000723589001447178,1.0,0.016666666666666666
0xe540e05e84f83b4b2f6390fcf1a7b7d42ba7e41a2244d56c9b2b598d71355821,2,0x372e58859dcae9fb5260b63bda602558afc84dc7,0xc9f27a50f82571c1c8423a42970613b8dbda14ef,2021-11-13 12:00:35+00:00,140890,97015378523,3364874,93629,0.0,112,2.0,347,1349,1383,0.9754157628344179,60,123,126,0.9761904761904762,49,238,1532613,154,0xe540e05e84f83b4b2f6390fcf1a7b7d42ba7e41a2244d56c9b2b598d71355821,2,2,8,854,72,458880,40,7,5.0,3.0,1,3,0,-0.7891915280063464,-0.4797501626470265,-0.4726792403097775,-0.568239959188678,-0.5068273376372501,-0.5012946190434052,-0.5251289468454887,-0.6479638813528507,-0.32093142561292215,-0.2528055211164373,-0.10965122215524387,-0.20359625072368356,-0.5902869577218839,-0.585196223600967,-0.5224423098107609,-0.6167077074565729,-0.6229141566173932,0.5814666428171384,-0.3225878975754,0.5750788179035072,-0.04476614810358456,0.5664709476590466,-0.12777589976477916,-0.19208420604258875,-1.0410105085697632,-0.5464938300167401,0.0,-0.49366309056042007,0.25,0.821917808219178,1.6194379391100702,0.002939759981345926,0.20502092050209206,3.15,8.025504138680712e-05,0.015873015873015872,0.0014461315979754157,1.0,0.03333333333333333
0x09e54030506b54ef5989ba8d27248a6cf5b1e0a9602489213d0ce732b9754282,3,0xc445cf4c28dab4e94ccadb2bdc49dcf577778142,0xc9f27a50f82571c1c8423a42970613b8dbda14ef,2021-11-13 15:41:58+00:00,287701,130957608760,25028193,185411,0.0,5,2.0,346,1350,1384,0.9754335260115607,60,9,9,1.0,6,213,1369161,155,0x09e54030506b54ef5989ba8d27248a6cf5b1e0a9602489213d0ce732b9754282,1,1,13,855,72,459846,6,7,6.0,3.0,1,3,0,1.1356658573749856,-0.4741517524590667,-0.46719737590333654,-0.568239959188678,-0.6330580387004471,-0.6211666574261817,-0.9101733625462597,-0.6410346756749392,-0.7334396847554956,-0.7976450062811727,2.213467891303306,-0.19073970546454722,-0.5902869577218839,-0.5758203573817218,-0.7659650886427901,-0.6678847317291806,-0.6775204585664214,0.5814666428171384,1.9176058355870982,0.5750788179035072,-0.04476614810358456,0.5664709476590466,0.20384951544287444,0.6265068512858446,1.9858626196894689,1.84911029282597,0.0,-0.605331738853033,0.23076923076923078,0.821917808219178,1.6187134502923977,0.0029357590676899054,0.028037383177570093,1.5,6.573363853218246e-06,0.1111111111111111,0.000722543352601156,1.0,0.016666666666666666
0x572327f6ca869eee99257b5c31b003490371530aacd2f7be2c775cc8d850bc16,3,0xddfe74f671f6546f49a6d20909999cfe5f09ad78,0xc9f27a50f82571c1c8423a42970613b8dbda14ef,2021-11-13 17:59:27+00:00,250977,120519094996,12820103,165728,0.0,1520,2.0,345,1351,1385,0.9754512635379061,60,1516,1552,0.9768041237113402,294,1573,9541750,156,0x572327f6ca869eee99257b5c31b003490371530aacd2f7be2c775cc8d850bc16,1,1,6,856,72,460439,199,4,5.0,1.0,1,2,0,1.1356658573749856,-0.4685533422711069,-0.4617155114968956,-0.568239959188678,1.0356232464069022,0.959709882955221,1.6687287705193692,-0.6341054699970278,-0.7334396847554956,-0.7976450062811727,-1.038898867538664,-0.17788316020541084,-0.5902869577218839,-0.570064779050446,0.616384802962552,2.1161453887006756,2.052790963987637,-1.7077721084314395,-0.3225878975754,-1.7160718510347697,-0.04476614810358456,-1.6291528804767927,0.12089516087757708,0.37475928021152244,0.28010647178017345,1.3353638507140846,0.0,0.9757710851031223,0.5,0.821917808219178,1.6179906542056075,0.0029341499435322736,0.18678526048284624,7.798994974874372,0.00015888069181432213,0.0006443298969072165,0.0007220216606498195,1.0,0.016666666666666666
0xece5df2b89d461a215e7185988b4505582e65fd59b175a50b658b29453ec0625,2,0x11c1d78a6e283d0ad4c5c364239cdfe1da91377b,0xc9f27a50f82571c1c8423a42970613b8dbda14ef,2021-11-13 19:37:07+00:00,140944,117977155325,3537104,88865,0.0,7,2.0,344,1352,1386,0.9754689754689755,60,10,10,1.0,6,177,1136893,157,0xece5df2b89d461a215e7185988b4505582e65fd59b175a50b658b29453ec0625,2,2,8,856,72,460876,7,7,5.0,3.0,1,3,0,-0.7891915280063464,-0.46295493208314714,-0.45623364709045466,-0.568239959188678,-0.6319507518490155,-0.6201421100895768,-0.9101733625462597,-0.6271762643191164,-0.32093142561292215,-0.2528055211164373,-0.10965122215524387,-0.17788316020541084,-0.5902869577218839,-0.5658233157607874,-0.7588026539712598,-0.7415796466817356,-0.7551169183289013,0.5814666428171384,-0.3225878975754,0.5750788179035072,-0.04476614810358456,0.5664709476590466,-0.12765392135429757,0.3134548500541689,-1.0169459430763554,-0.6708391051384707,0.0,-0.6032444743989654,0.25,0.821917808219178,1.6191588785046729,0.002933537581610712,0.033707865168539325,1.4285714285714286,8.795894779988284e-06,0.2,0.001443001443001443,1.0,0.03333333333333333
0xf5ac55d1496eed606715c41494ca96cc38104ba7b1b979a404e9810cf9071174,2,0xe60eb66bb7f08b2b2967490939735e33250cc103,0xc9f27a50f82571c1c8423a42970613b8dbda14ef,2021-11-13 23:38:15+00:00,140944,134978934259,8631576,88865,0.0,32,2.0,343,1353,1387,0.9754866618601298,60,32,35,0.9142857142857143,5,36,234236,158,0xf5ac55d1496eed606715c41494ca96cc38104ba7b1b979a404e9810cf9071174,2,2,8,856,72,461915,20,7,5.0,3.0,1,3,0,-0.7891915280063464,-0.45735652189518733,-0.4507517826840137,-0.568239959188678,-0.6075904411175214,-0.5945284266744536,-0.9191278838416265,-0.620247058641205,-0.32093142561292215,-0.2528055211164373,-0.10965122215524387,-0.17788316020541084,-0.5902869577218839,-0.5557389213489904,-0.6656910032413663,-1.0302180635792426,-1.0566779925182896,0.5814666428171384,-0.3225878975754,0.5750788179035072,-0.04476614810358456,0.5664709476590466,-0.12765392135429757,0.7234899036398948,-0.30512886650239796,-0.6708391051384707,0.0,-0.5771536687231213,0.25,0.821917808219178,1.6203271028037383,0.00292910399293378,0.13513513513513514,1.75,0.0001366137715220055,0.05714285714285714,0.0014419610670511895,1.0,0.03333333333333333
0x7e70e4b184abfad8065afe2a345384cf34076f228f1d4e3c3ad5f93fb8d43ffc,2,0x77d006307e686f513c00b9609a85e854f26ad38f,0xc9f27a50f82571c1c8423a42970613b8dbda14ef,2021-11-14 03:02:14+00:00,140926,82967885268,8019134,88853,0.0,64,,342,1354,1388,0.9755043227665706,61,65,66,0.9848484848484849,21,141,902232,159,0x7e70e4b184abfad8065afe2a345384cf34076f228f1d4e3c3ad5f93fb8d43ffc,3,2,8,856,73,462812,27,7,5.0,3.0,1,3,0,-0.7891915280063464,-0.4517581117072275,-0.4452699182775728,-0.5064881705352681,-0.5710499750202801,-0.5627674592397008,-0.7758555431157582,-0.6133178529632937,0.09157683352965129,-0.2528055211164373,-0.10965122215524387,-0.17788316020541084,-0.5289010428173618,-0.5470327598596912,-0.6155539605406545,-0.8152745616342906,-0.8335128353055116,0.5814666428171384,-0.3225878975754,0.5750788179035072,-0.04476614810358456,0.5664709476590466,-0.1276945808244581,-0.5308702043736414,-0.39070136037636716,-0.6711523174183742,0.0,-0.5437574374580408,0.25,0.8243243243243243,1.6214953271028036,0.0029255876563536462,0.14788732394366197,2.4444444444444446,7.204347435751075e-05,0.045454545454545456,0.002161383285302594,1.5,0.03278688524590164
0x17156988d9252a3bc9120630dbc7aef255fa2482055d3ba1bc96e2d485d2c390,3,0x35cf5d4edc11356699613720fd623dc1dc9157b1,0xc9f27a50f82571c1c8423a42970613b8dbda14ef,2021-11-14 08:04:26+00:00,287665,119788243071,8327422,185387,0.0,82,,341,1355,1389,0.9755219582433405,61,80,83,0.963855421686747,47,718,4602658,160,0x17156988d9252a3bc9120630dbc7aef255fa2482055d3ba1bc96e2d485d2c390,1,1,13,857,73,464073,44,7,6.0,3.0,1,3,0,1.1356658573749856,-0.4461597015192677,-0.43978805387113185,-0.5064881705352681,-0.5544406722488069,-0.5453501545174171,-0.5430379894362223,-0.6063886472853822,-0.7334396847554956,-0.7976450062811727,2.213467891303306,-0.1650266149462745,-0.5289010428173618,-0.5347936632732851,-0.4937925711246398,0.36589115857749394,0.40273131891734554,0.5814666428171384,1.9176058355870982,0.5750788179035072,-0.04476614810358456,0.5664709476590466,0.20376819650255337,0.3571331888834368,-0.34762630511983966,1.8484838682661628,0.0,-0.524972057371433,0.23076923076923078,0.8243243243243243,1.6207701283547258,0.002919792964053147,0.06536856745479833,1.8863636363636365,1.7381257225442947e-05,0.012048192771084338,0.0007199424046076314,1.0,0.01639344262295082
0x6914910d380b189811b49be0b7f5b336c037fa8c8a29e867023ffeefb05bcd02,2,0x587fbe613c3cc991455f0ea531ff6006c0b8fd51,0xc9f27a50f82571c1c8423a42970613b8dbda14ef,2021-11-14 10:00:32+00:00,166558,99809748572,4330254,105941,0.0,444,2.0,340,1356,1390,0.9755395683453237,61,442,453,0.9757174392935982,82,465,3007297,161,0x6914910d380b189811b49be0b7f5b336c037fa8c8a29e867023ffeefb05bcd02,7,7,8,857,73,464638,60,7,5.0,3.0,1,3,0,-0.7891915280063464,-0.44056129133130795,-0.4343061894646909,-0.5064881705352681,-0.15360283203058495,-0.166267639973594,-0.2296297440983854,-0.5994594416074708,1.741609870099945,2.47139190470724,-0.10965122215524387,-0.1650266149462745,-0.5289010428173618,-0.5293098491802483,-0.37919361638015553,-0.15202032706129545,-0.13024940009314986,0.5814666428171384,-0.3225878975754,0.5750788179035072,-0.04476614810358456,0.5664709476590466,-0.06979549531586149,-0.12469186567468035,-0.9061243085115498,-0.22513803083564307,0.0,-0.1471771911852098,0.25,0.8243243243243243,1.6219369894982496,0.002918394710732418,0.1759656652360515,7.55,0.00014697579022763957,0.01545253863134658,0.005035971223021582,1.0,0.11475409836065574
0x7f76c81e886e3af44d4f8dfff3b71777809647574e58a0c0c40f670b4058c38c,2,0x56d7bd5f5606d9af6b5a74248f27ece39cee8535,0xc9f27a50f82571c1c8423a42970613b8dbda14ef,2021-11-14 10:01:34+00:00,140944,87283935826,2568770,88865,0.0,44,2.0,339,1357,1391,0.9755571531272466,61,43,48,0.8958333333333334,10,218,1402077,162,0x7f76c81e886e3af44d4f8dfff3b71777809647574e58a0c0c40f670b4058c38c,2,2,8,857,73,464643,19,7,5.0,3.0,1,3,0,-0.7891915280063464,-0.43496288114334813,-0.42882432505824997,-0.5064881705352681,-0.5954102857517742,-0.5812093112985895,-0.8743552773647927,-0.5925302359295594,-0.32093142561292215,-0.2528055211164373,-0.10965122215524387,-0.1650266149462745,-0.5289010428173618,-0.5292613198519913,-0.6728534379128965,-0.657649326874659,-0.6665238293728097,0.5814666428171384,-0.3225878975754,0.5750788179035072,-0.04476614810358456,0.5664709476590466,-0.12765392135429757,-0.42677921314865025,-1.152244886132116,-0.6708391051384707,0.0,-0.5646300819987161,0.25,0.8243243243243243,1.6231038506417736,0.002920515491429998,0.045662100456621,2.526315789473684,3.066876450525577e-05,0.041666666666666664,0.0014378145219266715,1.0,0.03278688524590164
0xa7afbc8aa0158a6616cb180ccf93de8836436fa8ba931b4249b6e0078efb3027,3,0x7f4193f4bade69eaf86b5d5c478b8781eb4347c0,0xc9f27a50f82571c1c8423a42970613b8dbda14ef,2021-11-14 10:14:45+00:00,126840,88330016261,3358530,84263,0.0,102,,338,1358,1392,0.9755747126436781,61,118,119,0.9915966386554622,60,1380,8591337,163,0xa7afbc8aa0158a6616cb180ccf93de8836436fa8ba931b4249b6e0078efb3027,4,4,6,857,73,464696,26,4,5.0,1.0,1,2,0,1.1356658573749856,-0.4293644709553883,-0.423342460651809,-0.5064881705352681,-0.5123637718944078,-0.5084664503996397,-0.4266292125964543,-0.585601030251648,0.5040850926722248,0.8368734492130337,-1.038898867538664,-0.1650266149462745,-0.5289010428173618,-0.5287469089724675,-0.6227163952121847,1.7210587613161445,1.7352754899996672,-1.7077721084314395,-0.3225878975754,-1.7160718510347697,-0.04476614810358456,-1.6291528804767927,-0.15951287508452722,-0.401550697421838,-1.0418969139781717,-0.7909560144815025,0.0,-0.5040994128307578,0.5,0.8243243243243243,1.6242707117852975,0.0029223343382892507,0.04344677769732078,4.576923076923077,1.373476401463893e-05,0.03361344537815126,0.0028735632183908046,1.0,0.06557377049180328
0xa8d0d8406829bf6172ea21f713535819234a6965d1e59d1e9e76dcf46f9033af,2,0x6af1da708459bd988164b9fa28faf944f2f9baff,0xc9f27a50f82571c1c8423a42970613b8dbda14ef,2021-11-14 10:39:24+00:00,140926,80556725930,1131265,88853,0.0,1851,2.0,337,1359,1393,0.9755922469490309,61,1893,1938,0.9767801857585139,325,1020,6468341,164,0xa8d0d8406829bf6172ea21f713535819234a6965d1e59d1e9e76dcf46f9033af,2,2,8,857,73,464811,406,7,5.0,3.0,1,3,0,-0.7891915280063464,-0.42376606076742857,-0.4178605962453681,-0.5064881705352681,1.4530703893965973,1.3551851548847227,1.946318930675739,-0.5786718245737367,-0.32093142561292215,-0.2528055211164373,-0.10965122215524387,-0.1650266149462745,-0.5289010428173618,-0.5276307344225574,2.099008779969318,0.9841096117905944,1.0260216380273515,0.5814666428171384,-0.3225878975754,0.5750788179035072,-0.04476614810358456,0.5664709476590466,-0.1276945808244581,-0.5890205810017859,-1.353098008233964,-0.6711523174183742,0.0,1.321213352251299,0.25,0.8243243243243243,1.6254375729288215,0.0029237627255750713,0.31831537708129287,4.773399014778325,0.0002926561397031882,0.0010319917440660474,0.0014357501794687725,1.0,0.03278688524590164
0x35a9bd41a0af980bc1c65cf3d291af0b917101d674cea11735a5cb84d56965ef,3,0x9d07e3406d3e7ec5e19b6804f6f821f684c9339c,0xc9f27a50f82571c1c8423a42970613b8dbda14ef,2021-11-14 12:04:28+00:00,126822,110252346233,3941554,84251,0.0,1326,2.0,336,1360,1394,0.975609756097561,61,1269,1352,0.9386094674556213,230,558,3606094,165,0x35a9bd41a0af980bc1c65cf3d291af0b917101d674cea11735a5cb84d56965ef,2,2,6,857,73,465188,289,4,5.0,1.0,1,2,0,1.1356658573749856,-0.41816765057946875,-0.4123787318389271,-0.5064881705352681,0.7621233941033088,0.7548004156342356,1.0956394076158962,-0.5717426188958252,-0.32093142561292215,-0.2528055211164373,-1.038898867538664,-0.1650266149462745,-0.5289010428173618,-0.5239716230719823,1.2610039234002763,0.038358203232805,0.06979764606212635,-1.7077721084314395,-0.3225878975754,-1.7160718510347697,-0.04476614810358456,-1.6291528804767927,-0.15955353455468776,0.1271541975004822,-0.9604348038218189,-0.7912692267614061,0.0,0.7733064330585717,0.5,0.8243243243243243,1.6266044340723453,0.0029235429040669492,0.41144901610017887,4.678200692041522,0.00035190420662794517,0.0014792899408284023,0.0014347202295552368,1.0,0.03278688524590164
0x57ce0feea6284eb55d08cbf56e5bd8b1cf3c004a38eb07f75490bc372d5a3171,2,0xa7672ebb30fb30c5a29f5702826731a12e606d1e,0xc9f27a50f82571c1c8423a42970613b8dbda14ef,2021-11-14 12:31:18+00:00,140926,68898350401,7665863,88853,0.0,199,2.0,335,1361,1395,0.9756272401433692,61,205,210,0.9761904761904762,50,475,3074595,166,0x57ce0feea6284eb55d08cbf56e5bd8b1cf3c004a38eb07f75490bc372d5a3171,2,2,8,857,73,465317,53,7,5.0,3.0,1,3,0,-0.7891915280063464,-0.41256924039150894,-0.40689686743248615,-0.5064881705352681,-0.4160298158198628,-0.4152326427685913,-0.5161744255501219,-0.5648134132179138,-0.32093142561292215,-0.2528055211164373,-0.10965122215524387,-0.1650266149462745,-0.5289010428173618,-0.5227195664029527,-0.4293306590808674,-0.1315495173522524,-0.10776637811381834,0.5814666428171384,-0.3225878975754,0.5750788179035072,-0.04476614810358456,0.5664709476590466,-0.1276945808244581,-0.8701877843463928,-0.4400615944611474,-0.6711523174183742,0.0,-0.40286708680848243,0.25,0.8243243243243243,1.6277712952158694,0.0029248814789026,0.10504201680672269,3.9622641509433962,6.667542662515661e-05,0.009523809523809525,0.0014336917562724014,1.0,0.03278688524590164
0x68f21333bc6d8c3a01caac4e1545573aaebccad081505b86ef127cae5d5c5afb,2,0x267a6d716452082f5a45b6192436566e9b5b108f,0xc9f27a50f82571c1c8423a42970613b8dbda14ef,2021-11-14 15:04:38+00:00,166540,106700000000,7103102,110729,0.0,438,,334,1362,1396,0.9756446991404012,61,464,497,0.9336016096579477,94,433,2799149,167,0x68f21333bc6d8c3a01caac4e1545573aaebccad081505b86ef127cae5d5c5afb,6,4,8,857,73,465978,49,7,5.0,3.0,1,3,0,-0.7891915280063464,-0.4069708302035492,-0.4014150030260452,-0.5064881705352681,-0.1292425212990908,-0.1211875571629772,-0.12217548855398422,-0.5578842075400025,1.3291016109573717,0.8368734492130337,-0.10965122215524387,-0.1650266149462745,-0.5289010428173618,-0.5163039892073822,-0.4579803977669885,-0.21752691813023325,-0.19978781221466757,0.5814666428171384,-0.3225878975754,0.5750788179035072,-0.04476614810358456,0.5664709476590466,-0.06983615478602201,0.04148160502309511,-0.5186924888560596,-0.10016633115410534,0.0,-0.1534389845474124,0.25,0.8243243243243243,1.6289381563593932,0.00292287849881647,0.21658986175115208,10.142857142857142,0.00016576460711287356,0.012072434607645875,0.004297994269340974,1.5,0.06557377049180328
0xf94f233c40f525da7d4aac83e41a7ff888fcae8b1bcbf38a1ecb3cb4efe91425,2,0x6baadd8b3770fc18f0428f25ed50cc00c71e6201,0xc9f27a50f82571c1c8423a42970613b8dbda14ef,2021-11-14 17:10:11+00:00,166540,155273674153,5592738,110729,0.0,618,2.0,333,1363,1397,0.9756621331424481,61,646,663,0.9743589743589743,145,541,3499892,168,0xf94f233c40f525da7d4aac83e41a7ff888fcae8b1bcbf38a1ecb3cb4efe91425,15,10,8,857,73,466526,125,7,5.0,3.0,1,3,0,-0.7891915280063464,-0.40137242001558937,-0.3959331386196043,-0.5064881705352681,0.0722836856614517,0.04888730071344072,0.3345050975097209,-0.550955001862091,5.0416759432405325,4.105910360201447,-0.10965122215524387,-0.1650266149462745,-0.5289010428173618,-0.5109851748304189,0.08636463726931205,0.0035578267274317993,0.03431751440518311,0.5814666428171384,-0.3225878975754,0.5750788179035072,-0.04476614810358456,0.5664709476590466,-0.06983615478602201,1.2129419070007488,-0.7297257199823762,-0.10016633115410534,0.0,0.03441481631866546,0.25,0.8243243243243243,1.6301050175029173,0.0029215886754678723,0.26752767527675275,5.304,0.00018457707135618147,0.02262443438914027,0.010737294201861132,1.5,0.16393442622950818
0x00541a3d1f8ba2a6e9b49d4cb5b74a675edbbff34ec950c16071370b865ba18e,3,0x8a5a41e290f2aef0042a0d05214b2758c1f50d02,0xc9f27a50f82571c1c8423a42970613b8dbda14ef,2021-11-14 17:41:23+00:00,126822,101285117286,11581757,84251,0.0,475,2.0,332,1364,1398,0.9756795422031473,61,520,535,0.9719626168224299,104,1439,8930586,169,0x00541a3d1f8ba2a6e9b49d4cb5b74a675edbbff34ec950c16071370b865ba18e,2,2,6,857,73,466672,101,4,5.0,1.0,1,2,0,1.1356658573749856,-0.39577400982762956,-0.39045127421316334,-0.5064881705352681,-0.06723445761892388,-0.08225475837198996,-0.03263027560031655,-0.5440257961841797,-0.32093142561292215,-0.2528055211164373,-1.038898867538664,-0.1650266149462745,-0.5289010428173618,-0.5095681184453157,-0.08553379484741444,1.8418365385994986,1.8486123309676936,-1.7077721084314395,-0.3225878975754,-1.7160718510347697,-0.04476614810358456,-1.6291528804767927,-0.15955353455468776,-0.08911012496083573,0.10708052728444278,-0.7912692267614061,0.0,-0.11482459214716306,0.5,0.8243243243243243,1.631271878646441,0.0029228174760485394,0.07222222222222222,5.297029702970297,5.822685563670115e-05,0.003738317757009346,0.001430615164520744,1.0,0.03278688524590164
0x04b78a92a1327eb094ddf6744c55d168e688e9fee8a41aac82f6ee3550226144,3,0x8545a25e5119202342e6e87f3b9f20f948110fac,0xc9f27a50f82571c1c8423a42970613b8dbda14ef,2021-11-14 18:49:51+00:00,287719,122153070310,6069761,185423,0.0,158,2.0,331,1365,1399,0.9756969263759828,61,170,172,0.9883720930232558,53,1513,9310324,170,0x04b78a92a1327eb094ddf6744c55d168e688e9fee8a41aac82f6ee3550226144,1,1,13,858,73,466971,55,7,6.0,3.0,1,3,0,1.1356658573749856,-0.39017559963966975,-0.3849694098067224,-0.5064881705352681,-0.4547848556199671,-0.45416544155957855,-0.48931086166402166,-0.5370965905062682,-0.7334396847554956,-0.7976450062811727,2.213467891303306,-0.15217006968713814,-0.5289010428173618,-0.5066660646155493,-0.4150057897378069,1.9933205304464172,1.9754758009131215,0.5814666428171384,1.9176058355870982,0.5750788179035072,-0.04476614810358456,0.5664709476590466,0.203890174913035,0.41416616569301223,-0.6630744326029306,1.8494235051058736,0.0,-0.44565600811686684,0.23076923076923078,0.8243243243243243,1.6305361305361306,0.0029230874656296308,0.03500660501981506,3.1272727272727274,1.8259298144801605e-05,0.005813953488372093,0.0007147962830593281,1.0,0.01639344262295082
0x1ea8ce47ff92d0553a2362a6127b4f9f2b5afbffbf569b360878c791f2fc20f2,3,0x4e940b46ca0eba37c84e9d8094c5815539559a5c,0xc9f27a50f82571c1c8423a42970613b8dbda14ef,2021-11-14 23:57:45+00:00,126822,97123530974,25397004,84251,0.0,60,2.0,330,1366,1400,0.9757142857142858,61,87,87,1.0,42,1555,9469882,171,0x1ea8ce47ff92d0553a2362a6127b4f9f2b5afbffbf569b360878c791f2fc20f2,6,6,6,858,73,468367,28,4,5.0,1.0,1,2,0,1.1356658573749856,-0.38457718945171,-0.37948754540028146,-0.5064881705352681,-0.546689664288786,-0.5412519651709974,-0.5878105959130561,-0.5301673848283568,1.3291016109573717,1.9265524195425048,-1.038898867538664,-0.15217006968713814,-0.5289010428173618,-0.4931166761662052,-0.6083915258691242,2.079297931224398,2.0287811892007106,-1.7077721084314395,-0.3225878975754,-1.7160718510347697,-0.04476614810358456,-1.6291528804767927,-0.15955353455468776,-0.18947587333732524,2.0373941557992596,-0.7912692267614061,0.0,-0.5479319663661759,0.5,0.8243243243243243,1.6317016317016317,0.0029165100946264475,0.02699228791773779,3.107142857142857,9.187019522838878e-06,0.06896551724137931,0.004285714285714286,1.0,0.09836065573770492
0x15e74603315e7b6f3c97bf15a7ba63b7479334633ec70a805ccd930f48aeda2f,2,0xfec8054a38e78627d44144f325ae701dd51065cc,0xc9f27a50f82571c1c8423a42970613b8dbda14ef,2021-11-15 00:53:55+00:00,140926,122382774741,9418925,88853,0.0,1785,2.0,329,1367,1401,0.9757316202712348,62,1883,1936,0.9726239669421488,405,1461,9063161,172,0x15e74603315e7b6f3c97bf15a7ba63b7479334633ec70a805ccd930f48aeda2f,2,2,8,858,74,468606,319,7,5.0,3.0,1,3,0,-0.7891915280063464,-0.3789787792637502,-0.3740056809938405,-0.44473638188185816,1.4419975208822817,1.353136060211513,2.6626806343050804,-0.5232381791504455,-0.32093142561292215,-0.2528055211164373,-0.10965122215524387,-0.15217006968713814,-0.46751512791283983,-0.4907969742755223,1.4758769635461844,1.8868723199593933,1.8929031960589278,0.5814666428171384,-0.3225878975754,0.5750788179035072,-0.04476614810358456,0.5664709476590466,-0.1276945808244581,0.41970599002784165,-0.19511776752620794,-0.6711523174183742,0.0,1.2523336252670703,0.25,0.8266666666666667,1.632867132867133,0.002917156593904914,0.2770177838577291,6.068965517241379,0.00020776413353308702,0.0010330578512396695,0.0014275517487508922,1.0,0.03225806451612903
0x93e2f0bf18218f3b6c37926ee298d304089ab8a32f7df3a63e27a99a1016e0ae,2,0x42a82c7d660670a5ecee17a6dd04f4775fc14e22,0xc9f27a50f82571c1c8423a42970613b8dbda14ef,2021-11-15 03:03:49+00:00,166558,161164632517,12785744,110741,0.0,722,2.0,328,1368,1402,0.9757489300998573,62,711,744,0.9556451612903226,161,1415,8787776,173,0x93e2f0bf18218f3b6c37926ee298d304089ab8a32f7df3a63e27a99a1016e0ae,3,3,8,858,74,469172,146,7,5.0,3.0,1,3,0,-0.7891915280063464,-0.37338036907579036,-0.3685238165873996,-0.44473638188185816,0.14425733100450258,0.13187563497843982,0.47777743823558916,-0.516308973472534,0.09157683352965129,0.29203396404829823,-0.10965122215524387,-0.15217006968713814,-0.46751512791283983,-0.4853034543168341,0.23677576537144773,1.7927065952977952,1.800902140934285,0.5814666428171384,-0.3225878975754,0.5750788179035072,-0.04476614810358456,0.5664709476590466,-0.06979549531586149,1.3550152416694832,0.27530571461946973,-0.09985311887420174,0.0,0.1429525679301771,0.25,0.8266666666666667,1.634032634032634,0.002915768810225652,0.1137005649717514,5.095890410958904,8.090783368763226e-05,0.004032258064516129,0.0021398002853067048,1.0,0.04838709677419355
0x698586cb8e33b05d9f6e76ab39cb44ecc11164fc7537fcb06811898d0f6717c0,3,0xfe763070ff20407fcb5b00f2f7ef72cb3dc9cd1a,0xc9f27a50f82571c1c8423a42970613b8dbda14ef,2021-11-15 04:36:45+00:00,287701,89371378060,15921281,185411,0.0,208,2.0,327,1369,1403,0.9757662152530292,62,213,225,0.9466666666666667,100,1410,8759744,174,0x698586cb8e33b05d9f6e76ab39cb44ecc11164fc7537fcb06811898d0f6717c0,1,1,13,859,74,469583,86,7,6.0,3.0,1,3,0,1.1356658573749856,-0.3677819588878306,-0.36304195218095864,-0.44473638188185816,-0.4071715210084104,-0.3998644327195174,-0.06844836078178361,-0.5093797677946227,-0.7334396847554956,-0.7976450062811727,2.213467891303306,-0.13931352442800177,-0.46751512791283983,-0.48131434353411173,-0.19297031492036848,1.7824711904432737,1.7915371661634951,0.5814666428171384,1.9176058355870982,0.5750788179035072,-0.04476614810358456,0.5664709476590466,0.20384951544287444,-0.3764359819139688,0.7134136835766995,1.84911029282597,0.0,-0.39347439676517854,0.23076923076923078,0.8266666666666667,1.6332945285215368,0.0029153463491089987,0.07087172218284904,2.616279069767442,2.4315776315406443e-05,0.0044444444444444444,0.0007127583749109052,1.0,0.016129032258064516
0x4dcb5068b99a17ae5ffe0e5f1d7d5dcb2c4cb8169677ecfd291e71b0187159a4,2,0x2f9035f14d9134bed45e2642ae148f673f5ecb7e,0xc9f27a50f82571c1c8423a42970613b8dbda14ef,2021-11-15 11:21:34+00:00,140926,97178402660,25626666,88853,0.0,403,2.0,326,1370,1404,0.9757834757834758,62,424,438,0.9680365296803652,106,359,2319084,175,0x4dcb5068b99a17ae5ffe0e5f1d7d5dcb2c4cb8169677ecfd291e71b0187159a4,2,2,8,859,74,471354,133,7,5.0,3.0,1,3,0,-0.7891915280063464,-0.3621835486998708,-0.3575600877745177,-0.44473638188185816,-0.1735339953563529,-0.1816358500226679,-0.014721233009583013,-0.5024505621167112,-0.32093142561292215,-0.2528055211164373,-0.10965122215524387,-0.13931352442800177,-0.46751512791283983,-0.4641252554654954,0.1436641146415542,-0.3690109099771519,-0.3601686845512569,0.5814666428171384,-0.3225878975754,0.5750788179035072,-0.04476614810358456,0.5664709476590466,-0.1276945808244581,-0.18815252271638783,2.069483317039154,-0.6711523174183742,0.0,-0.18996611249359419,0.25,0.8266666666666667,1.6344586728754364,0.0029065141984279366,0.29444444444444445,3.293233082706767,0.0001828307284985242,0.0045662100456621,0.0014245014245014246,1.0,0.03225806451612903
0x8dd1d8073562475d6e42da75c9c660d6117f903762ce3360cd6c60b373d42efc,2,0xca968044effff14bee263ca6af3b9823f1968f37,0xc9f27a50f82571c1c8423a42970613b8dbda14ef,2021-11-15 14:08:21+00:00,140908,197057348564,11169914,93641,0.0,1490,2.0,325,1371,1405,0.9758007117437723,62,1485,1509,0.9840954274353877,288,1439,8930305,176,0x8dd1d8073562475d6e42da75c9c660d6117f903762ce3360cd6c60b373d42efc,2,2,8,859,74,472071,355,7,5.0,3.0,1,3,0,-0.7891915280063464,-0.356585138511911,-0.3520782233680767,-0.44473638188185816,1.001297354012524,0.9156543474812091,1.6150016427471685,-0.49552135643879985,-0.32093142561292215,-0.2528055211164373,-0.10965122215524387,-0.13931352442800177,-0.46751512791283983,-0.4571661497934469,1.7337246117212741,1.8418365385994986,1.8485184540445132,0.5814666428171384,-0.3225878975754,0.5750788179035072,-0.04476614810358456,0.5664709476590466,-0.12773524029461863,2.2206465267720925,0.049536412748638424,-0.5461806177368365,0.0,0.9444621182921092,0.25,0.8266666666666667,1.6356228172293363,0.0029042180006439698,0.2,4.250704225352113,0.00016628769495692533,0.0013253810470510272,0.0014234875444839859,1.0,0.03225806451612903
0x08baa6b533b27e1d67195d0aa0448a3dee6352c9abbba8614526e25627eaac68,3,0x3ce08659b6a80fb28f30fcb4583a7d734b6b5ef6,0xc9f27a50f82571c1c8423a42970613b8dbda14ef,2021-11-15 14:54:54+00:00,287701,112394845832,19620483,185411,0.0,59,2.0,324,1372,1406,0.9758179231863442,62,67,72,0.9305555555555556,28,282,1816871,177,0x08baa6b533b27e1d67195d0aa0448a3dee6352c9abbba8614526e25627eaac68,1,1,13,860,74,472291,24,7,6.0,3.0,1,3,0,1.1356658573749856,-0.3509867283239512,-0.34659635896163576,-0.44473638188185816,-0.568835401317417,-0.5566201752200712,-0.7131738940481909,-0.48859215076088847,-0.7334396847554956,-0.7976450062811727,2.213467891303306,-0.12645697916886542,-0.46751512791283983,-0.4550308593501405,-0.6370412645552452,-0.5266361447367834,-0.5279487956586602,0.5814666428171384,1.9176058355870982,0.5750788179035072,-0.04476614810358456,0.5664709476590466,0.20384951544287444,0.17882525741095695,1.2302788569050713,1.84911029282597,0.0,-0.5489755985932097,0.23076923076923078,0.8266666666666667,1.6348837209302325,0.0029049825108195776,0.0989399293286219,3.0,3.6876565878058554e-05,0.013888888888888888,0.0007112375533428165,1.0,0.016129032258064516
0x3795cd0b6a87e4e11b0a4c098a2638b916052e46a97ef5d360871d8e35024a0e,2,0x3ce08659b6a80fb28f30fcb4583a7d734b6b5ef6,0xc9f27a50f82571c1c8423a42970613b8dbda14ef,2021-11-15 15:00:51+00:00,140890,153325370328,8193699,93629,0.0,60,2.0,323,1373,1407,0.9758351101634684,62,68,73,0.9315068493150684,28,282,1816897,178,0x3795cd0b6a87e4e11b0a4c098a2638b916052e46a97ef5d360871d8e35024a0e,2,1,8,860,74,472317,24,7,5.0,3.0,1,3,0,-0.7891915280063464,-0.3453883181359914,-0.3411144945551948,-0.44473638188185816,-0.5677281144659855,-0.5555956278834664,-0.7131738940481909,-0.4816629450829771,-0.32093142561292215,-0.7976450062811727,-0.10965122215524387,-0.12645697916886542,-0.46751512791283983,-0.4547785068432043,-0.6370412645552452,-0.5266361447367834,-0.5279401095376541,0.5814666428171384,-0.3225878975754,0.5750788179035072,-0.04476614810358456,0.5664709476590466,-0.12777589976477916,1.165954302563217,-0.36631054068550756,-0.5464938300167401,0.0,-0.5479319663661759,0.25,0.8266666666666667,1.636046511627907,0.002906939815971443,0.0989399293286219,3.0416666666666665,3.742642679996345e-05,0.0273972602739726,0.0014214641080312722,2.0,0.016129032258064516
0x630589608447d52e62cc1720d4eaa13220e9c5419b3cc08c586db8cabcfc1b66,3,0xc0c86e47a5a9f5b5c2a5e5b46b12bd8a99f68210,0xc9f27a50f82571c1c8423a42970613b8dbda14ef,2021-11-15 16:17:23+00:00,287719,177201339248,12147998,185423,0.0,93,2.0,322,1374,1408,0.9758522727272727,62,100,100,1.0,43,301,1944889,179,0x630589608447d52e62cc1720d4eaa13220e9c5419b3cc08c586db8cabcfc1b66,1,1,13,861,74,472662,34,7,6.0,3.0,1,3,0,1.1356658573749856,-0.3397899079480316,-0.3356326301487539,-0.44473638188185816,-0.5322949352201758,-0.5279328497951333,-0.5788560746176893,-0.4747337394050657,-0.7334396847554956,-0.7976450062811727,2.213467891303306,-0.11360043390972904,-0.46751512791283983,-0.4514299831934738,-0.5654169178399425,-0.4877416062896016,-0.4851803403145182,0.5814666428171384,1.9176058355870982,0.5750788179035072,-0.04476614810358456,0.5664709476590466,0.203890174913035,1.741775470073248,0.18619765919846926,1.8494235051058736,0.0,-0.5134921028740617,0.23076923076923078,0.8266666666666667,1.6353077816492452,0.002906933692715529,0.1423841059602649,2.9411764705882355,5.141678963848855e-05,0.01,0.0007102272727272727,1.0,0.016129032258064516
0x7be65c314e8c3154a875ac8360804d3543fd78ca6dd7799972bdc164cc1dcd82,2,0xc0c86e47a5a9f5b5c2a5e5b46b12bd8a99f68210,0xc9f27a50f82571c1c8423a42970613b8dbda14ef,2021-11-15 17:39:38+00:00,287719,125419199356,22551933,62242,0.0,94,2.0,321,1375,1410,0.975177304964539,62,101,102,0.9901960784313726,43,301,1945211,180,0x7be65c314e8c3154a875ac8360804d3543fd78ca6dd7799972bdc164cc1dcd82,3,1,10,861,74,472984,34,7,5.0,3.0,1,3,0,-0.7891915280063464,-0.33419149776007184,-0.324668901335872,-0.44473638188185816,-0.5311876483687442,-0.5258837551219234,-0.5788560746176893,-0.46780453372715425,0.09157683352965129,-0.7976450062811727,0.8195964232281762,-0.11360043390972904,-0.46751512791283983,-0.4483046944537254,-0.5654169178399425,-0.4877416062896016,-0.4850727660466745,0.5814666428171384,-0.3225878975754,0.5750788179035072,-0.04476614810358456,0.5664709476590466,0.203890174913035,0.49293600522529385,1.6398710912176218,-1.3657266491279398,0.0,-0.5124484706470278,0.2,0.8266666666666667,1.637630662020906,0.0029070689345328075,0.1423841059602649,3.0,5.192236116166258e-05,0.029411764705882353,0.002127659574468085,3.0,0.016129032258064516
0x33508eb23ce8236a6bfa6c8f9c8e5438641011863654bca21ab3a7eb13dfa226,2,0xc0c86e47a5a9f5b5c2a5e5b46b12bd8a99f68210,0xc9f27a50f82571c1c8423a42970613b8dbda14ef,2021-11-15 17:39:38+00:00,166558,168869921343,22662674,110741,0.0,95,2.0,320,1375,1410,0.975177304964539,62,101,102,0.9901960784313726,43,301,1945211,181,0x33508eb23ce8236a6bfa6c8f9c8e5438641011863654bca21ab3a7eb13dfa226,3,1,8,861,74,472984,34,7,5.0,3.0,1,3,0,-0.7891915280063464,-0.33419149776007184,-0.324668901335872,-0.44473638188185816,-0.5311876483687442,-0.5258837551219234,-0.5788560746176893,-0.46087532804924286,0.09157683352965129,-0.7976450062811727,-0.10965122215524387,-0.11360043390972904,-0.46751512791283983,-0.4483046944537254,-0.5654169178399425,-0.4877416062896016,-0.4850727660466745,0.5814666428171384,-0.3225878975754,0.5750788179035072,-0.04476614810358456,0.5664709476590466,-0.06979549531586149,1.540845120350248,1.6553442030291847,-0.09985311887420174,0.0,-0.5114048384199941,0.25,0.8266666666666667,1.637630662020906,0.0029070689345328075,0.1423841059602649,3.0,5.192236116166258e-05,0.029411764705882353,0.002127659574468085,3.0,0.016129032258064516
0x41d26a28e70f9e0a5b04aa6b05bdccb6ca0ef2b02cba398a761aa3c10b15c2e8,3,0xdd9a37324faf398c0e26774e6bffa6cc2544c974,0xc9f27a50f82571c1c8423a42970613b8dbda14ef,2021-11-15 19:18:03+00:00,284239,160876485158,12200831,183103,0.0,26,2.0,319,1376,1411,0.9751948972360028,62,31,34,0.9117647058823529,10,321,2073519,182,0x41d26a28e70f9e0a5b04aa6b05bdccb6ca0ef2b02cba398a761aa3c10b15c2e8,1,1,12,862,74,473437,19,7,6.0,3.0,1,3,0,1.1356658573749856,-0.32859308757211203,-0.31918703692943107,-0.44473638188185816,-0.6086977279689529,-0.5955529740110584,-0.8743552773647927,-0.4539461223713315,-0.7334396847554956,-0.7976450062811727,1.748844068611596,-0.10074388865059268,-0.46751512791283983,-0.44390793731364453,-0.6728534379128965,-0.4467999868715155,-0.4422074270451578,0.5814666428171384,1.9176058355870982,0.5750788179035072,-0.04476614810358456,0.5664709476590466,0.19602934401533226,1.348065938408524,0.19357966691322986,1.788869130991177,0.0,-0.5834154620853239,0.25,0.8266666666666667,1.636890951276102,0.0029063995707991333,0.031055900621118012,1.7894736842105263,1.49504224700027e-05,0.029411764705882353,0.0007087172218284905,1.0,0.016129032258064516
0xa6f50296103dec3393e18d4a960ef87e7f77678074ebb488e56af8be92a583c0,2,0xed8bd9b39a3416e8312cc54a96cbcc4ffd609a72,0xc9f27a50f82571c1c8423a42970613b8dbda14ef,2021-11-16 00:25:49+00:00,140944,167574679216,10215382,88865,0.0,77,2.0,318,1377,1412,0.9752124645892352,63,82,85,0.9647058823529412,30,237,1521601,183,0xa6f50296103dec3393e18d4a960ef87e7f77678074ebb488e56af8be92a583c0,4,3,8,862,75,474798,23,7,5.0,3.0,1,3,0,-0.7891915280063464,-0.3229946773841522,-0.31370517252299013,-0.38298459322844824,-0.5522260985459437,-0.5433010598442072,-0.6952648514574573,-0.4470169166934201,0.5040850926722248,0.29203396404829823,-0.10965122215524387,-0.10074388865059268,-0.4061292130083178,-0.43069825416209917,-0.6442036992267756,-0.6187547884274772,-0.6265930629450166,0.5814666428171384,-0.3225878975754,0.5750788179035072,-0.04476614810358456,0.5664709476590466,-0.12765392135429757,1.5096075259189468,-0.0838340675948187,-0.6708391051384707,0.0,-0.5301902185066019,0.25,0.8289473684210527,1.6380510440835268,0.002900174600199242,0.12605042016806722,3.6956521739130435,5.389057059599028e-05,0.047058823529411764,0.0028328611898017,1.3333333333333333,0.047619047619047616
0x5d3db067701697686004b71b1914c665a05a972d400693b050895d12d258436a,2,0xbe59bfb3a0620046abd575fe4bdfd4fcc70ea64c,0xc9f27a50f82571c1c8423a42970613b8dbda14ef,2021-11-16 00:30:51+00:00,140926,156655972046,646287,88853,0.0,7,2.0,317,1378,1413,0.9752300070771408,63,11,11,1.0,6,75,478026,184,0x5d3db067701697686004b71b1914c665a05a972d400693b050895d12d258436a,2,2,8,862,75,474821,7,7,5.0,3.0,1,3,0,-0.7891915280063464,-0.3173962671961924,-0.3082233081165492,-0.38298459322844824,-0.6308434649975839,-0.6191175627529718,-0.9101733625462597,-0.4400877110155087,-0.32093142561292215,-0.2528055211164373,-0.10965122215524387,-0.10074388865059268,-0.4061292130083178,-0.4304750192521172,-0.7588026539712598,-0.9503819057139747,-0.9752322448238376,0.5814666428171384,-0.3225878975754,0.5750788179035072,-0.04476614810358456,0.5664709476590466,-0.1276945808244581,1.2462790414752023,-1.420860795459546,-0.6711523174183742,0.0,-0.6032444743989654,0.25,0.8289473684210527,1.6392111368909512,0.002902140170421758,0.07894736842105263,1.5714285714285714,2.301125250247371e-05,0.18181818181818182,0.0014154281670205238,1.0,0.031746031746031744
0x6649faf10303ee33a7fe693b50d07cd412a33e27486e5879fee761b1fe54e98e,3,0x96ad44c2c9f6746b85fec00e48146357daf450fe,0xc9f27a50f82571c1c8423a42970613b8dbda14ef,2021-11-16 05:05:33+00:00,284257,141841016548,906923,183115,0.0,181,2.0,316,1379,1414,0.9752475247524752,63,187,189,0.9894179894179894,63,483,3124098,185,0x6649faf10303ee33a7fe693b50d07cd412a33e27486e5879fee761b1fe54e98e,1,1,12,863,75,475979,58,7,6.0,3.0,1,3,0,1.1356658573749856,-0.31179785700823265,-0.30274144371010825,-0.38298459322844824,-0.43596097914563076,-0.4367481368372948,-0.39976564871035397,-0.43315850533759725,-0.7334396847554956,-0.7976450062811727,1.748844068611596,-0.08788734339145633,-0.4061292130083178,-0.41923562682780446,-0.39351848572321607,-0.11517286958501795,-0.09122833779994796,0.5814666428171384,1.9176058355870982,0.5750788179035072,-0.04476614810358456,0.5664709476590466,0.19607000348549278,0.8889840139916638,-1.3844438408526838,1.7891823432710805,0.0,-0.4216524668950902,0.25,0.8289473684210527,1.638470451911935,0.0028971805538047816,0.13016528925619836,3.2586206896551726,5.985725804463943e-05,0.005291005291005291,0.0007072135785007072,1.0,0.015873015873015872
0xb1aeda212c01d1691742389df92821b02da6188324bb26171f23c41c2c2e3fb6,3,0x351d408a89c5a9f721e5c4a484508ba48d973b41,0xc9f27a50f82571c1c8423a42970613b8dbda14ef,2021-11-16 05:20:38+00:00,284257,135405909502,9074082,183115,0.0,127,2.0,315,1380,1415,0.9752650176678446,63,135,136,0.9926470588235294,54,650,4202544,186,0xb1aeda212c01d1691742389df92821b02da6188324bb26171f23c41c2c2e3fb6,1,1,12,864,75,476055,45,7,6.0,3.0,1,3,0,1.1356658573749856,-0.30619944682027284,-0.29725957930366725,-0.38298459322844824,-0.4935398954200715,-0.4910491456773559,-0.4803563403686549,-0.42622929965968587,-0.7334396847554956,-0.7976450062811727,1.748844068611596,-0.07503079813231997,-0.4061292130083178,-0.41849798103829866,-0.48663013645310954,0.22668965255600115,0.2690606027558214,0.5814666428171384,1.9176058355870982,0.5750788179035072,-0.04476614810358456,0.5664709476590466,0.19607000348549278,0.7337873447090274,-0.2433004125848113,1.7891823432710805,0.0,-0.47800860715491356,0.25,0.8289473684210527,1.6377314814814814,0.0028988186263800898,0.08294930875576037,3.022222222222222,3.212339189705286e-05,0.007352941176470588,0.0007067137809187279,1.0,0.015873015873015872
0xc7eb495a17212c500ec5f87162437036ee04e404f48ecbc46fba7fcc3ad5b0f2,2,0x4721a43133d1a13f3651a415b68f81e73edb5dc6,0xc9f27a50f82571c1c8423a42970613b8dbda14ef,2021-11-16 05:37:55+00:00,140908,143899408691,2268828,93641,0.0,533,2.0,314,1381,1416,0.9752824858757062,63,543,565,0.9610619469026549,112,320,2060485,187,0xc7eb495a17212c500ec5f87162437036ee04e404f48ecbc46fba7fcc3ad5b0f2,11,9,8,864,75,476135,71,7,5.0,3.0,1,3,0,-0.7891915280063464,-0.300601036632313,-0.2917777148972263,-0.38298459322844824,-0.04176686003599818,-0.051518338273842154,0.039005894762617586,-0.4193000939817745,3.391642906670239,3.561070875036711,-0.10965122215524387,-0.07503079813231997,-0.4061292130083178,-0.4177215117861872,-0.30040683499332255,-0.44884706784241984,-0.44656184632178725,0.5814666428171384,-0.3225878975754,0.5750788179035072,-0.04476614810358456,0.5664709476590466,-0.12773524029461863,0.938626638797683,-1.1941538096833193,-0.5461806177368365,0.0,-0.054293922979204635,0.25,0.8289473684210527,1.6388888888888888,0.002900431809398995,0.34890965732087226,7.957746478873239,0.00026353006038381236,0.019469026548672566,0.007768361581920904,1.2222222222222223,0.14285714285714285
0x333451515e69cbf88639a0c5b211bc9f993df9ff8eff26db1d2e9103cbd7ff40,3,0x599e9fa64937ca03c622a22484dace9ffef5bbc1,0xc9f27a50f82571c1c8423a42970613b8dbda14ef,2021-11-16 08:01:49+00:00,287701,98011177891,15760217,185411,0.0,8,2.0,313,1382,1417,0.9752999294283698,63,13,13,1.0,7,186,1194991,188,0x333451515e69cbf88639a0c5b211bc9f993df9ff8eff26db1d2e9103cbd7ff40,1,1,13,865,75,476759,6,7,6.0,3.0,1,3,0,1.1356658573749856,-0.29500262644435327,-0.2862958504907854,-0.38298459322844824,-0.6286288912947209,-0.617068468079762,-0.9012188412508929,-0.4123708883038631,-0.7334396847554956,-0.7976450062811727,2.213467891303306,-0.0621742528731836,-0.4061292130083178,-0.4116650516197182,-0.7659650886427901,-0.7231559179435968,-0.7357074468593895,0.5814666428171384,1.9176058355870982,0.5750788179035072,-0.04476614810358456,0.5664709476590466,0.20384951544287444,-0.16806832812748587,0.6909092698472085,1.84911029282597,0.0,-0.6022008421719317,0.23076923076923078,0.8289473684210527,1.638150289017341,0.0028987331151942275,0.0374331550802139,2.1666666666666665,1.0878733916210318e-05,0.07692307692307693,0.0007057163020465773,1.0,0.015873015873015872
0x93b0a74c6f18fec6c24957b50bdff4c74df3e174f7b5d08d8e6b8b92de4cf5d8,2,0x599e9fa64937ca03c622a22484dace9ffef5bbc1,0xc9f27a50f82571c1c8423a42970613b8dbda14ef,2021-11-16 08:06:37+00:00,140926,113310640166,23487355,88853,0.0,9,2.0,312,1383,1418,0.9753173483779972,63,14,14,1.0,7,186,1195012,189,0x93b0a74c6f18fec6c24957b50bdff4c74df3e174f7b5d08d8e6b8b92de4cf5d8,2,1,8,865,75,476780,6,7,5.0,3.0,1,3,0,-0.7891915280063464,-0.28940421625639345,-0.28081398608434444,-0.38298459322844824,-0.6275216044432893,-0.6160439207431571,-0.9012188412508929,-0.4054416826259517,-0.32093142561292215,-0.7976450062811727,-0.10965122215524387,-0.0621742528731836,-0.4061292130083178,-0.411461228441039,-0.7659650886427901,-0.7231559179435968,-0.7357004311462693,0.5814666428171384,-0.3225878975754,0.5750788179035072,-0.04476614810358456,0.5664709476590466,-0.1276945808244581,0.20091163909330298,1.770571456908701,-0.6711523174183742,0.0,-0.601157209944898,0.25,0.8289473684210527,1.6393063583815028,0.0029007028384100877,0.0374331550802139,2.3333333333333335,1.1715353724185427e-05,0.14285714285714285,0.0014104372355430183,2.0,0.015873015873015872
0xd4dc07ceb36453fb1379160d40fcb713815fffe2f6159af20beae71bc1097535,3,0x887c3599c4826f7b3cde82003b894430f27d5b92,0xc9f27a50f82571c1c8423a42970613b8dbda14ef,2021-11-16 12:03:45+00:00,126804,109322330574,9261748,84239,0.0,1210,2.0,311,1384,1419,0.9753347427766033,63,1222,1258,0.9713831478537361,197,422,2729853,190,0xd4dc07ceb36453fb1379160d40fcb713815fffe2f6159af20beae71bc1097535,3,2,6,865,75,477800,298,4,5.0,1.0,1,2,0,1.1356658573749856,-0.28380580606843364,-0.2753321216779035,-0.38298459322844824,0.7100809120860258,0.6584929659933724,0.8001402048687928,-0.3985124769480403,0.09157683352965129,-0.2528055211164373,-1.038898867538664,-0.0621742528731836,-0.4061292130083178,-0.40156124547661853,1.3254658354440487,-0.24004480881018062,-0.2229383291851534,-1.7077721084314395,-0.3225878975754,-1.7160718510347697,-0.04476614810358456,-1.6291528804767927,-0.15959419402484828,0.10472483748739375,-0.21707907630259632,-0.7915824390413096,0.0,0.6522450947226549,0.5,0.8289473684210527,1.6404624277456648,0.002896603397648812,0.4657210401891253,4.221476510067114,0.00044764298750043043,0.0023847376788553257,0.0021141649048625794,1.5,0.031746031746031744
0x73a3873e6ba2579e8e0b9ec02ea8a34c7db37ab92567bfb642ed3f8b91059d25,3,0x4d03aea34ffefd6af6cc154b3f03501ae083fb92,0xc9f27a50f82571c1c8423a42970613b8dbda14ef,2021-11-16 13:47:56+00:00,126840,109854059369,12391928,84263,0.0,628,,310,1385,1420,0.9753521126760564,63,627,656,0.9557926829268293,110,288,1855076,191,0x73a3873e6ba2579e8e0b9ec02ea8a34c7db37ab92567bfb642ed3f8b91059d25,2,2,6,865,75,478253,148,4,5.0,1.0,1,2,0,1.1356658573749856,-0.2782073958804739,-0.26985025727146256,-0.38298459322844824,0.05124523548425221,0.04171546935720623,0.021096852171884055,-0.3915832712701289,-0.32093142561292215,-0.2528055211164373,-1.038898867538664,-0.0621742528731836,-0.4061292130083178,-0.39716448833653767,0.2511006347145083,-0.5143536589113576,-0.5151852090034793,-1.7077721084314395,-0.3225878975754,-1.7160718510347697,-0.04476614810358456,-1.6291528804767927,-0.15951287508452722,0.11754863938466989,0.22028039426673254,-0.7909560144815025,0.0,0.04485113858900312,0.5,0.8289473684210527,1.6416184971098267,0.00289595068729169,0.3806228373702422,4.4324324324324325,0.00033799136100550007,0.003048780487804878,0.0014084507042253522,1.0,0.031746031746031744
0xea3be548e0b2d6d826871cfd353cb5450b1d58c50ee41e3d1ee5b05f1be6ad80,3,0xfb229270411803159a621941d0ae8beea656b0be,0xc9f27a50f82571c1c8423a42970613b8dbda14ef,2021-11-16 15:18:22+00:00,126840,141847578743,5980868,84263,0.0,63,2.0,309,1386,1421,0.9753694581280788,63,68,73,0.9315068493150684,26,157,1008838,192,0xea3be548e0b2d6d826871cfd353cb5450b1d58c50ee41e3d1ee5b05f1be6ad80,2,2,6,865,75,478634,15,4,5.0,1.0,1,2,0,1.1356658573749856,-0.27260898569251407,-0.2643683928650216,-0.38298459322844824,-0.5677281144659855,-0.5555956278834664,-0.7310829366389243,-0.3846540655922175,-0.32093142561292215,-0.2528055211164373,-1.038898867538664,-0.0621742528731836,-0.4061292130083178,-0.3934665535233571,-0.7015031765990176,-0.7825212660998216,-0.7978977346913979,-1.7077721084314395,-0.3225878975754,-1.7160718510347697,-0.04476614810358456,-1.6291528804767927,-0.15951287508452722,0.889142275664687,-0.6754948670243758,-0.7909560144815025,0.0,-0.5448010696850746,0.5,0.8289473684210527,1.6427745664739883,0.0028957347456830362,0.16455696202531644,4.866666666666666,6.740421415111826e-05,0.0273972602739726,0.0014074595355383533,1.0,0.031746031746031744
0xdf7fb6b7b6912dbc6eeebf01e7646e3cf64b8089035d42239264a5fefcff9f46,3,0xe3f0254b09aec48ffa46f9eee5a3bc7a8e510e6d,0xc9f27a50f82571c1c8423a42970613b8dbda14ef,2021-11-16 16:36:47+00:00,250977,122335398506,16065508,165728,0.0,505,2.0,308,1387,1422,0.9753867791842475,63,497,509,0.9764243614931237,138,408,2637800,193,0xdf7fb6b7b6912dbc6eeebf01e7646e3cf64b8089035d42239264a5fefcff9f46,1,1,6,866,75,478980,131,4,5.0,1.0,1,2,0,1.1356658573749856,-0.26701057550455426,-0.2588865284585807,-0.38298459322844824,-0.09270205520184958,-0.10889298912371807,0.2718234484421535,-0.3777248599143061,-0.7334396847554956,-0.7976450062811727,-1.038898867538664,-0.049317707614047246,-0.4061292130083178,-0.39010832400797524,0.12933924529849367,-0.2687039424028409,-0.25369154060694016,-1.7077721084314395,-0.3225878975754,-1.7160718510347697,-0.04476614810358456,-1.6291528804767927,0.12089516087757708,0.41856340858784497,0.7335655739989125,1.3353638507140846,0.0,-0.08351562533615008,0.5,0.8289473684210527,1.6420323325635104,0.002895730728358745,0.3374083129584352,3.885496183206107,0.000188414516485512,0.0019646365422396855,0.0007032348804500703,1.0,0.015873015873015872
0x894cd0691379fa66e5ecca60e776165816fa32bd1378aaf38823fb6dc08d5e46,3,0x311df2479cb6091b26e82390eb472c125df6d4da,0xc9f27a50f82571c1c8423a42970613b8dbda14ef,2021-11-16 18:21:09+00:00,250977,110848701556,5975192,165728,0.0,18,2.0,307,1388,1423,0.9754040758959944,63,24,24,1.0,4,5,33107,194,0x894cd0691379fa66e5ecca60e776165816fa32bd1378aaf38823fb6dc08d5e46,1,1,6,867,75,479456,14,4,5.0,1.0,1,2,0,1.1356658573749856,-0.26141216531659445,-0.25340466405213974,-0.38298459322844824,-0.6164487359289738,-0.6057984473771078,-0.9280824051369932,-0.3707956542363947,-0.7334396847554956,-0.7976450062811727,-1.038898867538664,-0.036461162354910884,-0.4061292130083178,-0.3854883319579123,-0.708665611270548,-1.0936775736772761,-1.1238714860497612,-1.7077721084314395,-0.3225878975754,-1.7160718510347697,-0.04476614810358456,-1.6291528804767927,0.12089516087757708,0.14153660935112897,-0.6762879371848622,1.3353638507140846,0.0,-0.5917645199015941,0.5,0.8289473684210527,1.6412918108419838,0.0028949415693169563,0.6666666666666666,1.7142857142857142,0.0007249003262051468,0.041666666666666664,0.0007027406886858749,1.0,0.015873015873015872
0x04a2584df8ef98ac10704413a2b5d2ed8cab736d2fd6e260beff6229167f5bd6,3,0xb2812370f17465ae096ced55679428786734a678,0xc9f27a50f82571c1c8423a42970613b8dbda14ef,2021-11-16 18:49:17+00:00,250977,117336867927,17564684,165728,0.0,1204,2.0,306,1389,1424,0.9754213483146067,63,1012,1210,0.8363636363636363,108,367,2373489,195,0x04a2584df8ef98ac10704413a2b5d2ed8cab736d2fd6e260beff6229167f5bd6,1,1,6,868,75,479579,262,4,5.0,1.0,1,2,0,1.1356658573749856,-0.2558137551286347,-0.24792279964569877,-0.38298459322844824,0.4775506732853998,0.6093146938363359,0.0031878095811505203,-0.3638664485584833,-0.7334396847554956,-0.7976450062811727,-1.038898867538664,-0.02360461709577452,-0.4061292130083178,-0.384294510482791,1.067618187268959,-0.35263426220991745,-0.34199297634617604,-1.7077721084314395,-0.3225878975754,-1.7160718510347697,-0.04476614810358456,-1.6291528804767927,0.12089516087757708,0.29801292020857084,0.9430355794459616,1.3353638507140846,0.0,0.6459833013604522,0.5,0.8289473684210527,1.640552995391705,0.002896284248717628,0.29347826086956524,4.6183206106870225,0.00042637634875225934,0.0008264462809917355,0.0007022471910112359,1.0,0.015873015873015872
0xfce0cc7154d28b65a30201a727cc778be04b9504d636323cae8b6b82c6d27ac8,3,0xedb2055180f691df38f6eb338d6ae4117a81255e,0xc9f27a50f82571c1c8423a42970613b8dbda14ef,2021-11-16 20:24:30+00:00,250941,132468670989,7098151,165704,0.0,131,2.0,305,1390,1425,0.9754385964912281,63,141,145,0.9724137931034482,51,161,1033582,196,0xfce0cc7154d28b65a30201a727cc778be04b9504d636323cae8b6b82c6d27ac8,6,3,6,868,75,479991,40,4,5.0,1.0,1,2,0,1.1356658573749856,-0.2502153449406749,-0.24244093523925783,-0.38298459322844824,-0.4868961743114822,-0.48182821964791156,-0.5072199042547552,-0.35693724288057194,1.3291016109573717,0.29203396404829823,-1.038898867538664,-0.02360461709577452,-0.4061292130083178,-0.38029569383441725,-0.5224423098107609,-0.7743329422162045,-0.7896312201462914,-1.7077721084314395,-0.3225878975754,-1.7160718510347697,-0.04476614810358456,-1.6291528804767927,0.12081384193725603,0.6629494191162223,-0.5193842595333972,1.3347374261542775,0.0,-0.47383407824677853,0.5,0.8289473684210527,1.641705069124424,0.0028958815980266337,0.3148148148148148,3.625,0.00013641865239656613,0.041379310344827586,0.004210526315789474,2.0,0.047619047619047616
0xc66e5d32c0d3be9740a5dd5ac12b40294d0d150e2aba48965c2ea9d7cf3b5ff9,3,0x71c2cf4877c991f5b7047636c8ebc04408a8312d,0xc9f27a50f82571c1c8423a42970613b8dbda14ef,2021-11-17 01:21:11+00:00,250959,120193847999,20094358,165716,0.0,492,2.0,304,1391,1426,0.9754558204768583,64,513,522,0.9827586206896551,125,435,2806831,197,0xc66e5d32c0d3be9740a5dd5ac12b40294d0d150e2aba48965c2ea9d7cf3b5ff9,1,1,6,869,76,481316,127,4,5.0,1.0,1,2,0,1.1356658573749856,-0.2446169347527151,-0.2369590708328169,-0.3212328045750383,-0.07498546557894474,-0.09557387374785402,0.15541467160238556,-0.3500080372026605,-0.7334396847554956,-0.7976450062811727,-1.038898867538664,-0.010748071836638161,-0.3447432981037957,-0.36743542184632205,0.10068950661237258,-0.21343275618842464,-0.19722139753896806,-1.7077721084314395,-0.3225878975754,-1.7160718510347697,-0.04476614810358456,-1.6291528804767927,0.12085450140741655,0.36691523810503474,1.2964902949425134,1.335050638434181,0.0,-0.09708284428758904,0.5,0.8311688311688312,1.6409666283084006,0.002889987264110763,0.286697247706422,4.110236220472441,0.00018276833098667823,0.0019157088122605363,0.0007012622720897616,1.0,0.015625
0xdc8053380ec7a30e61030fcc0397eb213b0aacd450b5f0003d5f9b3f34a7e487,2,0x1da75fb0da32653fdab9ddecdb42f2ed61f8a28b,0xc9f27a50f82571c1c8423a42970613b8dbda14ef,2021-11-17 02:39:10+00:00,140944,97234171317,25843340,88865,0.0,2605,2.0,303,1392,1427,0.9754730203223546,64,2585,2757,0.9376133478418571,342,1181,7426816,198,0xdc8053380ec7a30e61030fcc0397eb213b0aacd450b5f0003d5f9b3f34a7e487,3,3,8,869,76,481668,554,7,5.0,3.0,1,3,0,-0.7891915280063464,-0.23901852456475528,-0.23147720642637595,-0.3212328045750383,2.2193128905872315,2.1942894235641583,2.098545792696974,-0.3430788315247491,0.09157683352965129,0.29203396404829823,-0.10965122215524387,-0.010748071836638161,-0.3447432981037957,-0.36401895713703186,3.159049111355798,1.3136896481061877,1.3462304776903398,0.5814666428171384,-0.3225878975754,0.5750788179035072,-0.04476614810358456,0.5664709476590466,-0.12765392135429757,-0.1868075396796028,2.099757750434722,-0.6708391051384707,0.0,2.1081120514347584,0.25,0.8311688311688312,1.6421173762945915,0.0028899513981593167,0.2893401015228426,4.9765342960288805,0.0003480629723339083,0.001088139281828074,0.002102312543798178,1.0,0.046875
0xf823313fa4a3915ed508c16376520b4d3cc5a8b734579ccedbb23cd390fef377,2,0x267a6d716452082f5a45b6192436566e9b5b108f,0xc9f27a50f82571c1c8423a42970613b8dbda14ef,2021-11-17 07:09:39+00:00,166540,93000000000,11735530,110729,0.0,442,,302,1393,1428,0.9754901960784313,64,469,502,0.9342629482071713,96,436,2815997,199,0xf823313fa4a3915ed508c16376520b4d3cc5a8b734579ccedbb23cd390fef377,7,5,8,869,76,482826,49,7,5.0,3.0,1,3,0,-0.7891915280063464,-0.2334201143767955,-0.225995342019935,-0.3212328045750383,-0.12370608704193305,-0.11606482047995256,-0.10426644596325069,-0.3361496258468377,1.741609870099945,1.3817129343777692,-0.10965122215524387,-0.010748071836638161,-0.3447432981037957,-0.35277956471271915,-0.4579803977669885,-0.21138567521752033,-0.19415920580277155,0.5814666428171384,-0.3225878975754,0.5750788179035072,-0.04476614810358456,0.5664709476590466,-0.06983615478602201,-0.28892383407426087,0.12856621752201935,-0.10016633115410534,0.0,-0.14926445563927734,0.25,0.8311688311688312,1.6432681242807825,0.0028850913474184336,0.21967963386727687,10.244897959183673,0.00016654841374177113,0.013944223107569721,0.004901960784313725,1.4,0.078125
0x2dfe5d05e4b27ab0e5183daa0fd9f229f8d39f43b74f5c28274477ee5319d7f4,3,0x5fc79e21ceca2aa0f7a0aac71ef3ddde8f004e9e,0xc9f27a50f82571c1c8423a42970613b8dbda14ef,2021-11-17 09:05:34+00:00,126804,107776120662,1710289,84239,0.0,2967,2.0,301,1394,1429,0.9755073477956613,64,2939,2979,0.9865726753944276,253,385,2486226,200,0x2dfe5d05e4b27ab0e5183daa0fd9f229f8d39f43b74f5c28274477ee5319d7f4,2,2,6,869,76,483347,491,4,5.0,1.0,1,2,0,1.1356658573749856,-0.2278217041888357,-0.22051347761349405,-0.3212328045750383,2.6112924359940006,2.421738932290452,1.3015933974093317,-0.32922042016892633,-0.32093142561292215,-0.2528055211164373,-1.038898867538664,-0.010748071836638161,-0.3447432981037957,-0.3477228087083436,2.707815727049391,-0.31578680473363996,-0.3043296215825293,-1.7077721084314395,-0.3225878975754,-1.7160718510347697,-0.04476614810358456,-1.6291528804767927,-0.15959419402484828,0.06743460647198908,-1.2721947917777428,-0.7915824390413096,0.0,2.485906917620982,0.5,0.8311688311688312,1.6444188722669735,0.002884050415021889,0.655440414507772,6.067209775967413,0.0011821124941527865,0.000671366230278617,0.0013995801259622112,1.0,0.03125
0x7831bc7fddfa64744bb1a84b8450197fd0b8479bcf096897b975697b760c85a5,3,0x5827da6bbfd881ceeb542001f4abcc3cfd862e4f,0xc9f27a50f82571c1c8423a42970613b8dbda14ef,2021-11-17 11:37:54+00:00,250959,83001017384,14984282,165716,0.0,476,2.0,300,1395,1430,0.9755244755244755,64,502,518,0.9691119691119691,48,453,2927155,201,0x7831bc7fddfa64744bb1a84b8450197fd0b8479bcf096897b975697b760c85a5,1,1,6,870,76,484021,53,4,5.0,1.0,1,2,0,1.1356658573749856,-0.2222232940008759,-0.2150316132070531,-0.3212328045750383,-0.08716562094469182,-0.09967206309427373,-0.5340834681408555,-0.32229121449101494,-0.7334396847554956,-0.7976450062811727,-1.038898867538664,0.0021084734224981997,-0.3447432981037957,-0.341181055259305,-0.4293306590808674,-0.17658529871214712,-0.15702336584945148,-1.7077721084314395,-0.3225878975754,-1.7160718510347697,-0.04476614810358456,-1.6291528804767927,0.12085450140741655,-0.5300711509915097,0.5824929740443434,1.335050638434181,0.0,-0.1137809599201293,0.5,0.8311688311688312,1.6436781609195403,0.0028821004003950234,0.10572687224669604,9.773584905660377,0.00017149752182664675,0.0019305019305019305,0.0006993006993006993,1.0,0.015625
0xb5fa85b48f0c73434a3fa4196f07515467effce55f6f70902431a042ad71990b,3,0xfe99cb7011e55f1dd8c376f9134e24ef8a10b14d,0xc9f27a50f82571c1c8423a42970613b8dbda14ef,2021-11-17 12:53:21+00:00,126822,127269893671,12586238,84251,0.0,775,2.0,299,1396,1431,0.9755415793151643,64,794,794,1.0,257,522,3375544,202,0xb5fa85b48f0c73434a3fa4196f07515467effce55f6f70902431a042ad71990b,3,3,6,870,76,484327,172,4,5.0,1.0,1,2,0,1.1356658573749856,-0.2166248838129161,-0.20954974880061217,-0.3212328045750383,0.23616213967332142,0.1831030018086862,1.3374114825907988,-0.3153620088131035,0.09157683352965129,0.29203396404829823,-1.038898867538664,0.0021084734224981997,-0.3447432981037957,-0.33821106036997883,0.4229990668312347,-0.035336711719750016,-0.007224861550802454,-1.7077721084314395,-0.3225878975754,-1.7160718510347697,-0.04476614810358456,-1.6291528804767927,-0.15955353455468776,0.537569543019641,0.24743005298486578,-0.7912692267614061,0.0,0.1982650759629667,0.5,0.8311688311688312,1.6448275862068966,0.0028823441964949373,0.491395793499044,4.616279069767442,0.00023522127537923504,0.003778337531486146,0.0020964360587002098,1.0,0.046875
0x6964b7d259ab9fbff4badd869dae2e00e11ca42902e3240d9bc827d6db54bc31,2,0x3ae67a9cfaddac5d8434df5c96c3e42e163f46e1,0xc9f27a50f82571c1c8423a42970613b8dbda14ef,2021-11-17 13:11:39+00:00,140908,82951549781,1725465,93641,0.0,788,2.0,298,1397,1432,0.9755586592178771,64,787,866,0.9087759815242494,186,390,2520069,203,0x6964b7d259ab9fbff4badd869dae2e00e11ca42902e3240d9bc827d6db54bc31,3,3,8,870,76,484421,221,7,5.0,3.0,1,3,0,-0.7891915280063464,-0.2110264736249563,-0.20406788439417123,-0.3212328045750383,0.22841113171330055,0.25687041004424094,0.7016404706197583,-0.3084328031351921,0.09157683352965129,0.29203396404829823,-0.10965122215524387,0.0021084734224981997,-0.3447432981037957,-0.3372987089987479,0.773958365736218,-0.3055513998791184,-0.2930232987668956,0.5814666428171384,-0.3225878975754,0.5750788179035072,-0.04476614810358456,0.5664709476590466,-0.12773524029461863,-0.5312641703411672,-1.2700743490794442,-0.5461806177368365,0.0,0.21183229491440567,0.25,0.8311688311688312,1.645977011494253,0.0028838492058577024,0.47570332480818417,3.918552036199095,0.00031229291249846235,0.003464203233256351,0.002094972067039106,1.0,0.046875
0x22a7459dcf2d889384178561bad4f469a1f35d7eb03286c4672f52eb7c1de6e1,3,0xffba44c15fe2768bc2234078dfac8c5a651a56e9,0xc9f27a50f82571c1c8423a42970613b8dbda14ef,2021-11-17 13:36:38+00:00,126822,94439801393,17455173,84251,0.0,89,2.0,297,1398,1433,0.9755757152826239,64,90,96,0.9375,32,268,1729624,204,0x22a7459dcf2d889384178561bad4f469a1f35d7eb03286c4672f52eb7c1de6e1,2,2,6,870,76,484563,38,4,5.0,1.0,1,2,0,1.1356658573749856,-0.20542806343699652,-0.1985860199877303,-0.3212328045750383,-0.5433678037344913,-0.532031039141553,-0.6773558088667238,-0.3015035974572807,-0.32093142561292215,-0.2528055211164373,-1.038898867538664,0.0021084734224981997,-0.3447432981037957,-0.3359204760762502,-0.5367671791538214,-0.5552952783294437,-0.5570964110206432,-1.7077721084314395,-0.3225878975754,-1.7160718510347697,-0.04476614810358456,-1.6291528804767927,-0.15955353455468776,-0.25419987703286306,0.9277343274471891,-0.7912692267614061,0.0,-0.5176666317821966,0.5,0.8311688311688312,1.6471264367816092,0.0028850678135395945,0.11895910780669144,2.526315789473684,5.2034400520344006e-05,0.020833333333333332,0.0013956734124214933,1.0,0.03125
0x6becf41f142c6f39d02e032ac5d3a2f1adc914ab46a1a84d469855eb04e0e915,3,0x7a0757e759b6331bdc5561d69a99f214572c7941,0xc9f27a50f82571c1c8423a42970613b8dbda14ef,2021-11-17 17:38:39+00:00,250959,172501474514,4635492,165716,0.0,128,2.0,296,1399,1434,0.9755927475592747,64,131,136,0.9632352941176471,32,264,1703706,205,0x6becf41f142c6f39d02e032ac5d3a2f1adc914ab46a1a84d469855eb04e0e915,1,1,6,871,76,485662,53,4,5.0,1.0,1,2,0,1.1356658573749856,-0.19982965324903673,-0.19310415558128932,-0.3212328045750383,-0.4979690428257977,-0.4910491456773559,-0.6773558088667238,-0.29457439177936934,-0.7334396847554956,-0.7976450062811727,-1.038898867538664,0.01496501868163456,-0.3447432981037957,-0.3252537297253697,-0.4293306590808674,-0.5634836022130609,-0.565755137337329,-1.7077721084314395,-0.3225878975754,-1.7160718510347697,-0.04476614810358456,-1.6291528804767927,0.12085450140741655,1.6284279612312444,-0.8634754097013725,1.335050638434181,0.0,-0.4769649749278798,0.5,0.8311688311688312,1.6463834672789897,0.0028805982749355004,0.12075471698113208,2.5660377358490565,7.689115558015551e-05,0.007352941176470588,0.000697350069735007,1.0,0.015625
0x638ddb610ff44da503e8cc6d812eee67d18ed957e979d44744c7aee93f97562b,3,0x6308a7922773e7a1d0d1b60169ce850afaeab918,0xc9f27a50f82571c1c8423a42970613b8dbda14ef,2021-11-17 19:15:41+00:00,250977,139235946454,1354070,165728,0.0,886,2.0,295,1400,1435,0.975609756097561,64,930,958,0.9707724425887265,104,133,853592,206,0x638ddb610ff44da503e8cc6d812eee67d18ed957e979d44744c7aee93f97562b,1,1,6,872,76,486091,67,4,5.0,1.0,1,2,0,1.1356658573749856,-0.19423124306107692,-0.18762229117484838,-0.3212328045750383,0.38675315146801253,0.3511287650118942,-0.03263027560031655,-0.28764518610145795,-0.7334396847554956,-0.7976450062811727,-1.038898867538664,0.02782156394077092,-0.3447432981037957,-0.32108991336092224,-0.32905657367944363,-0.831651209401525,-0.8497625632182977,-1.7077721084314395,-0.3225878975754,-1.7160718510347697,-0.04476614810358456,-1.6291528804767927,0.12089516087757708,0.8261570557225062,-1.3219669305195199,1.3353638507140846,0.0,0.3141082531637147,0.5,0.8311688311688312,1.6456422018348624,0.002880113229594398,0.7761194029850746,14.298507462686567,0.0010895122148377506,0.0010438413361169101,0.0006968641114982578,1.0,0.015625
0x6956e9223bcf7cc9eda0bffbe3000b9871853641c1851bbb663a0fe1520f34b0,3,0x0499709b8732b218be8e82f73d8c3b01cebcdeaa,0xc9f27a50f82571c1c8423a42970613b8dbda14ef,2021-11-17 19:53:28+00:00,250959,100972797664,9528650,165716,0.0,85,2.0,294,1401,1436,0.9756267409470752,64,101,106,0.9528301886792453,33,218,1400204,207,0x6956e9223bcf7cc9eda0bffbe3000b9871853641c1851bbb663a0fe1520f34b0,1,1,6,873,76,486283,33,4,5.0,1.0,1,2,0,1.1356658573749856,-0.18863283287311713,-0.18214042676840744,-0.3212328045750383,-0.5311876483687442,-0.5217855657755037,-0.668401287571357,-0.28071598042354656,-0.7334396847554956,-0.7976450062811727,-1.038898867538664,0.04067810919990728,-0.3447432981037957,-0.3192263871558549,-0.5725793525114728,-0.657649326874659,-0.6671495641668198,-1.7077721084314395,-0.3225878975754,-1.7160718510347697,-0.04476614810358456,-1.6291528804767927,0.12085450140741655,-0.09664239516854596,-0.17978661471447838,1.335050638434181,0.0,-0.5218411606903317,0.5,0.8311688311688312,1.6449026345933562,0.0028810324830757334,0.1506849315068493,3.212121212121212,7.213229491395902e-05,0.009433962264150943,0.0006963788300835655,1.0,0.015625
0x1f97e33bd097f5c68a4aa6a75005ab56e2df8b7b0994e226f1150c922fb5e676,2,0xab2c57668cb7ecd1cf27f360a89516b6a9987ef5,0xc9f27a50f82571c1c8423a42970613b8dbda14ef,2021-11-17 20:10:24+00:00,166558,132212582168,4251262,110741,0.0,347,2.0,293,1402,1437,0.9756437021572721,64,345,360,0.9583333333333334,85,285,1839162,208,0x1f97e33bd097f5c68a4aa6a75005ab56e2df8b7b0994e226f1150c922fb5e676,2,2,8,873,76,486367,82,7,5.0,3.0,1,3,0,-0.7891915280063464,-0.18303442268515732,-0.1766585623619665,-0.3212328045750383,-0.26100965661944553,-0.26155054227785224,-0.20276618021228512,-0.2737867747456351,-0.32093142561292215,-0.2528055211164373,-0.10965122215524387,0.04067810919990728,-0.3447432981037957,-0.31841109444113785,-0.22162005360648956,-0.5204949018240705,-0.5205017832223131,0.5814666428171384,-0.3225878975754,0.5750788179035072,-0.04476614810358456,0.5664709476590466,-0.06979549531586149,0.6567732775577968,-0.9171613413017448,-0.09985311887420174,0.0,-0.24840951720748508,0.25,0.8311688311688312,1.6460481099656357,0.0028825909599315743,0.2972027972027972,4.390243902439025,0.00018758533093586594,0.005555555555555556,0.0013917884481558804,1.0,0.03125
0xe745720ca05c89c330178111b843383e95c7db1018630a13e55a9dfafb0f3d74,3,0x1de5366615bceb1bdb7274536bf3fc9f06aa9c2c,0xc9f27a50f82571c1c8423a42970613b8dbda14ef,2021-11-17 21:49:17+00:00,250977,119690136538,28304069,165728,0.0,586,2.0,292,1403,1438,0.9756606397774688,64,571,600,0.9516666666666667,99,1382,8608706,209,0xe745720ca05c89c330178111b843383e95c7db1018630a13e55a9dfafb0f3d74,1,1,6,874,76,486789,85,4,5.0,1.0,1,2,0,1.1356658573749856,-0.17743601249719754,-0.17117669795552556,-0.3212328045750383,-0.010762828195914717,-0.015659181492669698,-0.07740288207715038,-0.26685756906772373,-0.7334396847554956,-0.7976450062811727,-1.038898867538664,0.053534654459043644,-0.3447432981037957,-0.3143152191362502,-0.20013274959189875,1.7251529232579532,1.7410781529132606,-1.7077721084314395,-0.3225878975754,-1.7160718510347697,-0.04476614810358456,-1.6291528804767927,0.12089516087757708,0.35476713544444527,2.443579234392384,1.3353638507140846,0.0,0.0010185850535849546,0.5,0.8311688311688312,1.6453089244851258,0.0028821463053883604,0.07158351409978309,7.0588235294117645,6.632819539566163e-05,0.0016666666666666668,0.0006954102920723226,1.0,0.015625
0x5d23117e303491f62bd8af21613813b7963b65fb7a2f3b8540972d2a42cd9ff1,2,0x392027fdc620d397ca27f0c1c3dcb592f27a4dc3,0xc9f27a50f82571c1c8423a42970613b8dbda14ef,2021-11-18 02:12:53+00:00,166594,87303855425,5697667,105965,0.0,2958,,291,1404,1439,0.9756775538568451,65,2866,3012,0.951527224435591,353,645,4168897,210,0x5d23117e303491f62bd8af21613813b7963b65fb7a2f3b8540972d2a42cd9ff1,2,2,8,874,77,487936,667,7,5.0,3.0,1,3,0,-0.7891915280063464,-0.17183760230923775,-0.1656948335490846,-0.25948101592162837,2.530460495839497,2.4555489943984146,2.1970455269460083,-0.25992836338981234,-0.32093142561292215,-0.2528055211164373,-0.10965122215524387,0.053534654459043644,-0.2833573831992737,-0.30318259123410285,3.9684042292387183,0.2164542477014796,0.25781975992930994,0.5814666428171384,-0.3225878975754,0.5750788179035072,-0.04476614810358456,0.5664709476590466,-0.06971417637554042,-0.426298808487757,-0.7150646807171042,-0.22451160627583586,0.0,2.476514227577678,0.25,0.8333333333333334,1.6464530892448512,0.0028774206506167804,0.5464396284829721,4.515742128935532,0.0006874718450775241,0.0006640106241699867,0.001389854065323141,1.0,0.03076923076923077
0x1b0111f5b1dd6d8bd251a7c44b9ed7c769307e779e9ffda355d126c4395031a0,2,0xab2c57668cb7ecd1cf27f360a89516b6a9987ef5,0xc9f27a50f82571c1c8423a42970613b8dbda14ef,2021-11-18 05:45:52+00:00,166558,137907090135,21588244,110741,0.0,351,2.0,290,1405,1440,0.9756944444444444,65,349,364,0.9587912087912088,86,286,1841642,211,0x1b0111f5b1dd6d8bd251a7c44b9ed7c769307e779e9ffda355d126c4395031a0,3,3,8,874,77,488847,82,7,5.0,3.0,1,3,0,-0.7891915280063464,-0.16623919212127794,-0.16021296914264366,-0.25948101592162837,-0.25658050921371933,-0.25745235293143254,-0.19381165891691834,-0.25299915771190096,0.09157683352965129,0.29203396404829823,-0.10965122215524387,0.053534654459043644,-0.2833573831992737,-0.2943405476256842,-0.22162005360648956,-0.5184478208531662,-0.5196732609109704,0.5814666428171384,-0.3225878975754,0.5750788179035072,-0.04476614810358456,0.5664709476590466,-0.06979549531586149,0.7941087815928353,1.5052211634711388,-0.09985311887420174,0.0,-0.24423498829935003,0.25,0.8333333333333334,1.6475972540045767,0.002874104015972245,0.29965156794425085,4.439024390243903,0.00018950469770742757,0.008241758241758242,0.0020833333333333333,1.0,0.046153846153846156
0xb734a2af9ec789dcaf088acf2b7726c9f2ec5954131a71c9ca595ed90761944d,2,0xc0618e67dcad60e14f810912eed85ec4cb02530e,0xc9f27a50f82571c1c8423a42970613b8dbda14ef,2021-11-18 10:28:21+00:00,166540,81561352535,14117263,110729,0.0,22,2.0,289,1406,1441,0.9757113115891742,65,30,30,1.0,9,77,493479,212,0xb734a2af9ec789dcaf088acf2b7726c9f2ec5954131a71c9ca595ed90761944d,4,4,8,874,77,490099,7,7,5.0,3.0,1,3,0,-0.7891915280063464,-0.16064078193331816,-0.15473110473620272,-0.25948101592162837,-0.6098050148203844,-0.5996511633574783,-0.8833097986601595,-0.24606995203398954,0.5040850926722248,0.8368734492130337,-0.10965122215524387,0.053534654459043644,-0.2833573831992737,-0.2821888038301406,-0.7588026539712598,-0.9462877437721662,-0.9700696822120719,0.5814666428171384,-0.3225878975754,0.5750788179035072,-0.04476614810358456,0.5664709476590466,-0.06983615478602201,-0.564791814975953,0.46135010979578617,-0.10016633115410534,0.0,-0.587589990993459,0.25,0.8333333333333334,1.6487414187643021,0.002868802285247909,0.11538461538461539,4.285714285714286,6.079273729431791e-05,0.13333333333333333,0.002775850104094379,1.0,0.06153846153846154
0x1ce5c7e27d4ee7efb7a41499513ab9c62cfbde39312607959d9619594754b5c6,2,0x96217e8777c9753c248228dc20055af38afc5004,0xc9f27a50f82571c1c8423a42970613b8dbda14ef,2021-11-18 15:06:35+00:00,140944,192060207670,4339023,88865,0.0,671,2.0,288,1407,1442,0.9757281553398058,65,671,714,0.9397759103641457,179,320,2065566,213,0x1ce5c7e27d4ee7efb7a41499513ab9c62cfbde39312607959d9619594754b5c6,4,4,8,874,77,491341,153,7,5.0,3.0,1,3,0,-0.7891915280063464,-0.15504237174535834,-0.14924924032976178,-0.25948101592162837,0.0999658569472405,0.101139214880292,0.638958821552191,-0.23914074635607815,0.5040850926722248,0.8368734492130337,-0.10965122215524387,0.053534654459043644,-0.2833573831992737,-0.270134118691111,0.28691280807215963,-0.44884706784241984,-0.44486437782826616,0.5814666428171384,-0.3225878975754,0.5750788179035072,-0.04476614810358456,0.5664709476590466,-0.12765392135429757,2.1001295536835216,-0.9048990737974367,-0.6708391051384707,0.0,0.08972732435145506,0.25,0.8333333333333334,1.6498855835240274,0.002863585852624038,0.557632398753894,4.666666666666667,0.00032485027113620616,0.0056022408963585435,0.0027739251040221915,1.0,0.06153846153846154
0x912f49c095a7c2e7c82dcedbb8abf48d4d54401f5c8aef3dadd97759a5b8c0b0,2,0xee4ed176b77fd1a25a9b75597ac2e8a3ca3035c9,0xc9f27a50f82571c1c8423a42970613b8dbda14ef,2021-11-18 15:10:58+00:00,140958,208265665485,8268323,88865,0.0,221,2.0,287,1408,1443,0.9757449757449758,65,219,237,0.9240506329113924,82,249,1604173,214,0x912f49c095a7c2e7c82dcedbb8abf48d4d54401f5c8aef3dadd97759a5b8c0b0,3,3,8,874,77,491360,57,7,5.0,3.0,1,3,0,-0.7891915280063464,-0.14944396155739856,-0.14376737592332084,-0.25948101592162837,-0.40052779989982107,-0.3875698646802583,-0.2296297440983854,-0.23221154067816677,0.09157683352965129,0.29203396404829823,-0.10965122215524387,0.053534654459043644,-0.2833573831992737,-0.2699497072437345,-0.40068092039474634,-0.5941898167766255,-0.59900727895623,0.5814666428171384,-0.3225878975754,0.5750788179035072,-0.04476614810358456,0.5664709476590466,-0.1276222973219505,2.490959583255693,-0.3558838198158561,-0.6708391051384707,0.0,-0.37990717781373956,0.25,0.8333333333333334,1.6510297482837528,0.002865510286734193,0.328,4.157894736842105,0.00013651885643327968,0.012658227848101266,0.002079002079002079,1.0,0.046153846153846156
0xc117bf08461aef0b8692047a4abdd9df2cf70294d2bae44bac2182de54e3dbf6,2,0x06924592cdf28acd3c1d23c37875c6c6a667bdf7,0xc9f27a50f82571c1c8423a42970613b8dbda14ef,2021-11-18 17:53:47+00:00,140944,156333132012,25335121,88865,0.0,57,2.0,286,1409,1444,0.9757617728531855,65,64,65,0.9846153846153847,20,80,512649,215,0xc117bf08461aef0b8692047a4abdd9df2cf70294d2bae44bac2182de54e3dbf6,3,3,8,874,77,492102,25,7,5.0,3.0,1,3,0,-0.7891915280063464,-0.14384555136943877,-0.1382855115168799,-0.25948101592162837,-0.5721572618717117,-0.5637920065763058,-0.784810064411125,-0.22528233500025535,0.09157683352965129,0.29203396404829823,-0.10965122215524387,0.053534654459043644,-0.2833573831992737,-0.26274795493040115,-0.629878829883715,-0.9401465008594533,-0.9636653383780236,0.5814666428171384,-0.3225878975754,0.5750788179035072,-0.04476614810358456,0.5664709476590466,-0.12765392135429757,1.2384930485414816,2.0287476510879516,-0.6708391051384707,0.0,-0.5510628630472771,0.25,0.8333333333333334,1.6521739130434783,0.0028632217239073932,0.24691358024691357,2.6,0.00012484150980200917,0.046153846153846156,0.002077562326869806,1.0,0.046153846153846156
0xac989a731707c254f6e92a5ddf88bbefedd631a3d86955d8319c134c50b73a52,2,0xd90177fd58222eea2e2db63c452afebebc3a51ea,0xc9f27a50f82571c1c8423a42970613b8dbda14ef,2021-11-18 20:06:13+00:00,140926,179066504181,3702460,88853,0.0,454,2.0,285,1410,1445,0.9757785467128027,65,462,478,0.9665271966527197,98,234,1504710,216,0xac989a731707c254f6e92a5ddf88bbefedd631a3d86955d8319c134c50b73a52,2,2,8,874,77,492679,89,7,5.0,3.0,1,3,0,-0.7891915280063464,-0.13824714118147896,-0.13280364711043893,-0.25948101592162837,-0.1314570950019539,-0.14065395655847082,-0.08635740337251716,-0.21835312932234396,-0.32093142561292215,-0.2528055211164373,-0.10965122215524387,0.053534654459043644,-0.2833573831992737,-0.2571476704495476,-0.17148301090577767,-0.6248960313401901,-0.6322360348647302,0.5814666428171384,-0.3225878975754,0.5750788179035072,-0.04476614810358456,0.5664709476590466,-0.1276945808244581,1.7867579984438213,-0.9938418364066233,-0.6711523174183742,0.0,-0.13674086891487214,0.25,0.8333333333333334,1.6533180778032037,0.002861898189494195,0.41702127659574467,5.370786516853933,0.00030703570320147854,0.0041841004184100415,0.001384083044982699,1.0,0.03076923076923077
0xc023e37682ad9bd3b0698e72938226d99b07aa020e3f8d0b877db2bee3a9b476,2,0x922d9d211cc14ff78514184dd3b6811592f6ea78,0xc9f27a50f82571c1c8423a42970613b8dbda14ef,2021-11-18 20:24:45+00:00,140926,164574743031,3705977,88853,0.0,9,2.0,284,1411,1446,0.9757952973720608,65,14,14,1.0,7,197,1268078,217,0xc023e37682ad9bd3b0698e72938226d99b07aa020e3f8d0b877db2bee3a9b476,2,2,8,874,77,492766,7,7,5.0,3.0,1,3,0,-0.7891915280063464,-0.13264873099351918,-0.127321782703998,-0.25948101592162837,-0.6275216044432893,-0.6160439207431571,-0.9012188412508929,-0.21142392364443255,-0.32093142561292215,-0.2528055211164373,-0.10965122215524387,0.053534654459043644,-0.2833573831992737,-0.25630326013787647,-0.7588026539712598,-0.7006380272636494,-0.7112904266299117,0.5814666428171384,-0.3225878975754,0.5750788179035072,-0.04476614810358456,0.5664709476590466,-0.1276945808244581,1.4372575089504087,-0.9933504291207828,-0.6711523174183742,0.0,-0.601157209944898,0.25,0.8333333333333334,1.654462242562929,0.0028634222665072945,0.03535353535353535,2.0,1.1040321620340689e-05,0.14285714285714285,0.0013831258644536654,1.0,0.03076923076923077
0x63f862907e12df0834009d8739aced3daf83c569f272c4ff283da8308e3b534a,3,0x888f33a3dab20a30f2229a1e96791082c66351fb,0xc9f27a50f82571c1c8423a42970613b8dbda14ef,2021-11-19 03:30:50+00:00,126822,85000000000,24192004,84251,0.0,70,2.0,283,1412,1447,0.9758120248790602,66,102,103,0.9902912621359223,48,1428,8868148,218,0x63f862907e12df0834009d8739aced3daf83c569f272c4ff283da8308e3b534a,2,2,6,874,78,494639,26,4,5.0,1.0,1,2,0,1.1356658573749856,-0.1270503208055594,-0.12183991829755705,-0.19772922726821845,-0.5300803615173127,-0.5248592077853185,-0.5340834681408555,-0.20449471796652116,-0.32093142561292215,-0.2528055211164373,-1.038898867538664,0.053534654459043644,-0.22197146829475167,-0.23812417377281808,-0.6227163952121847,1.8193186479195511,1.8277529454533321,-1.7077721084314395,-0.3225878975754,-1.7160718510347697,-0.04476614810358456,-1.6291528804767927,-0.15955353455468776,-0.48186131675884825,1.8690274286346744,-0.7912692267614061,0.0,-0.5374956440958383,0.5,0.8354430379746836,1.6556064073226544,0.002854601326217047,0.03358992302309307,3.9615384615384617,1.150183651627865e-05,0.019417475728155338,0.00138217000691085,1.0,0.030303030303030304
0x7ffd99dd3e4608287f435114c25fa1fe0133d712543fd8b7aa143e1e6b6a3342,2,0x501c3df54fbb26a251795f809601865d69de2ac8,0xc9f27a50f82571c1c8423a42970613b8dbda14ef,2021-11-19 06:42:33+00:00,140944,121295118026,9424885,88865,0.0,103,2.0,282,1413,1448,0.975828729281768,66,136,137,0.9927007299270073,39,248,1592417,219,0x7ffd99dd3e4608287f435114c25fa1fe0133d712543fd8b7aa143e1e6b6a3342,2,2,8,874,78,495454,27,7,5.0,3.0,1,3,0,-0.7891915280063464,-0.12145191061759958,-0.11635805389111611,-0.19772922726821845,-0.4924326085686399,-0.490024598340751,-0.6146741597991564,-0.19756551228860977,-0.32093142561292215,-0.2528055211164373,-0.10965122215524387,0.053534654459043644,-0.22197146829475167,-0.2302138932669331,-0.6155539605406545,-0.5962368977475299,-0.6029347419772562,0.5814666428171384,-0.3225878975754,0.5750788179035072,-0.04476614810358456,0.5664709476590466,-0.12765392135429757,0.3934747714507057,-0.19428501591301214,-0.6708391051384707,0.0,-0.5030557806037239,0.25,0.8354430379746836,1.6567505720823799,0.0028519239890605606,0.1566265060240964,5.074074074074074,8.540471157698544e-05,0.014598540145985401,0.0013812154696132596,1.0,0.030303030303030304
0x4661b55ae427259cbf34888b1a4eadef9483116790e68524c1fb2b0820e8a1b1,2,0x3f341eccd6ea3a4ca1009c1c937ba12ecb8ebc77,0xc9f27a50f82571c1c8423a42970613b8dbda14ef,2021-11-19 09:35:36+00:00,140926,91831068215,29300371,88853,0.0,434,,281,1414,1449,0.9758454106280193,66,432,452,0.9557522123893806,72,459,2966806,220,0x4661b55ae427259cbf34888b1a4eadef9483116790e68524c1fb2b0820e8a1b1,3,3,8,874,78,496183,139,7,5.0,3.0,1,3,0,-0.7891915280063464,-0.11585350042963978,-0.11087618948467516,-0.19772922726821845,-0.16467570054490047,-0.16729218731019893,-0.31917495705205307,-0.19063630661069836,0.09157683352965129,0.29203396404829823,-0.10965122215524387,0.053534654459043644,-0.22197146829475167,-0.22313831720706787,0.18663872267073583,-0.1643028128867213,-0.14377669723370548,0.5814666428171384,-0.3225878975754,0.5750788179035072,-0.04476614810358456,0.5664709476590466,-0.1276945808244581,-0.3171151785777485,2.582785962199463,-0.6711523174183742,0.0,-0.15761351345554744,0.25,0.8354430379746836,1.6578947368421053,0.0028497492865549876,0.1565217391304348,3.2517985611510793,0.00014561108963272637,0.00663716814159292,0.002070393374741201,1.0,0.045454545454545456
0x1eeb8ee6fd7f527c2e4c077ee4b6bca669a0f4056e6763df8b20b7d8a8d50c18,3,0x72b223de2f773c814465c4a8f2ef9faae702cfb3,0xc9f27a50f82571c1c8423a42970613b8dbda14ef,2021-11-19 11:06:51+00:00,126822,104202137585,5077723,84251,0.0,2779,2.0,280,1415,1450,0.9758620689655172,66,2456,2790,0.8802867383512545,257,432,2793039,221,0x1eeb8ee6fd7f527c2e4c077ee4b6bca669a0f4056e6763df8b20b7d8a8d50c18,3,3,6,874,78,496549,313,4,5.0,1.0,1,2,0,1.1356658573749856,-0.11025509024168,-0.10539432507823422,-0.19772922726821845,2.076472886752561,2.2280994856721206,1.3374114825907988,-0.18370710093278697,0.09157683352965129,0.29203396404829823,-1.038898867538664,0.053534654459043644,-0.22197146829475167,-0.21958597037865815,1.4329023555170028,-0.21957399910113756,-0.20182905065108048,-1.7077721084314395,-0.3225878975754,-1.7160718510347697,-0.04476614810358456,-1.6291528804767927,-0.15955353455468776,-0.018759805782222916,-0.8016853797256699,-0.7912692267614061,0.0,2.2897040589386335,0.5,0.8354430379746836,1.6590389016018308,0.002849662672439835,0.5935334872979214,8.91373801916933,0.0008793286168475926,0.001075268817204301,0.0020689655172413794,1.0,0.045454545454545456
0xde256e7b403287d6b669bab9d74872401fd219ffa43c875a5fc97460950f9a50,2,0x201fd463114179a87ee40193e1ed94a3fb13291e,0xc9f27a50f82571c1c8423a42970613b8dbda14ef,2021-11-19 13:53:40+00:00,140926,146908638622,2321747,88853,0.0,304,2.0,279,1416,1451,0.9758787043418332,66,301,308,0.9772727272727273,102,408,2639488,222,0xde256e7b403287d6b669bab9d74872401fd219ffa43c875a5fc97460950f9a50,2,2,8,874,78,497235,71,7,5.0,3.0,1,3,0,-0.7891915280063464,-0.1046566800537202,-0.09991246067179327,-0.19772922726821845,-0.3097302780824338,-0.31482700378130846,-0.05053931819105008,-0.17677789525487558,-0.32093142561292215,-0.2528055211164373,-0.10965122215524387,0.053534654459043644,-0.22197146829475167,-0.2129277465418028,-0.30040683499332255,-0.2687039424028409,-0.2531276109047037,0.5814666428171384,-0.3225878975754,0.5750788179035072,-0.04476614810358456,0.5664709476590466,-0.1276945808244581,1.011200794760965,-1.1867597857540058,-0.6711523174183742,0.0,-0.293285702969937,0.25,0.8354430379746836,1.660183066361556,0.0028477423195424306,0.24938875305623473,4.338028169014085,0.00011403722462946426,0.006493506493506494,0.0013783597518952446,1.0,0.030303030303030304
0x353c181fefb05cb09fa493024a4e743d0006f2dc4cb3ab84fd379e58468fdccd,2,0xb15a13c3cba6df94e22ff564f4efeb714f654979,0xc9f27a50f82571c1c8423a42970613b8dbda14ef,2021-11-19 16:03:14+00:00,140926,95277849529,24174137,88853,0.0,210,2.0,278,1417,1452,0.9758953168044077,66,211,223,0.9461883408071748,52,201,1289977,223,0x353c181fefb05cb09fa493024a4e743d0006f2dc4cb3ab84fd379e58468fdccd,2,2,8,874,78,497802,67,7,5.0,3.0,1,3,0,-0.7891915280063464,-0.0990582698657604,-0.09443059626535233,-0.19772922726821845,-0.4093860947112735,-0.40191352739272723,-0.49826538295938844,-0.16984868957696417,-0.32093142561292215,-0.2528055211164373,-0.10965122215524387,0.053534654459043644,-0.22197146829475167,-0.2074245207174632,-0.32905657367944363,-0.6924497033800322,-0.7039743741718092,0.5814666428171384,-0.3225878975754,0.5750788179035072,-0.04476614810358456,0.5664709476590466,-0.1276945808244581,-0.2339885148168192,1.8665309901996123,-0.6711523174183742,0.0,-0.391387132311111,0.25,0.8354430379746836,1.6613272311212814,0.0028465075541931244,0.25742574257425743,3.328358208955224,0.00016356868101626538,0.008968609865470852,0.0013774104683195593,1.0,0.030303030303030304
0x90593a0f847049beff6a5446f8eea59bd61f934e4810a894a267738dd1664a0d,3,0xe3f0254b09aec48ffa46f9eee5a3bc7a8e510e6d,0xc9f27a50f82571c1c8423a42970613b8dbda14ef,2021-11-19 20:00:38+00:00,126822,144153478345,9977397,84251,0.0,508,2.0,277,1418,1453,0.9759119064005506,66,500,512,0.9765625,139,411,2657681,224,0x90593a0f847049beff6a5446f8eea59bd61f934e4810a894a267738dd1664a0d,2,2,6,874,78,498861,132,4,5.0,1.0,1,2,0,1.1356658573749856,-0.0934598596778006,-0.08894873185891139,-0.19772922726821845,-0.08938019464755492,-0.1058193471139033,0.2807779697375203,-0.16291948389905278,-0.32093142561292215,-0.2528055211164373,-1.038898867538664,0.053534654459043644,-0.22197146829475167,-0.1971460089926384,0.13650167997002394,-0.262562699490128,-0.24704966477153512,-1.7077721084314395,-0.3225878975754,-1.7160718510347697,-0.04476614810358456,-1.6291528804767927,-0.15955353455468776,0.944754083731346,-0.11708614690126169,-0.7912692267614061,0.0,-0.08038472865504878,0.5,0.8354430379746836,1.662471395881007,0.00284246946049208,0.33737864077669905,3.878787878787879,0.0001881338700416378,0.00390625,0.0013764624913971094,1.0,0.030303030303030304
0x47f452ec4c5c29214e45b582645ad303e5447e770fc9f603647b7bb89c8e8b4a,3,0xda1480828d9efeb694da1809b1bb251cf5eb7441,0xc9f27a50f82571c1c8423a42970613b8dbda14ef,2021-11-19 21:28:20+00:00,287701,136032067283,10426150,185411,0.0,641,2.0,276,1419,1454,0.9759284731774416,66,659,675,0.9762962962962963,254,829,5304573,225,0x47f452ec4c5c29214e45b582645ad303e5447e770fc9f603647b7bb89c8e8b4a,1,1,13,875,78,499226,153,7,6.0,3.0,1,3,0,1.1356658573749856,-0.08786144948984081,-0.08346686745247044,-0.19772922726821845,0.08667841473006188,0.06118186875269984,1.3105479187046984,-0.1559902782211414,-0.7334396847554956,-0.7976450062811727,2.213467891303306,0.06639119971818,-0.22197146829475167,-0.1936033680298801,0.28691280807215963,0.5931171463478719,0.6372281891456211,0.5814666428171384,1.9176058355870982,0.5750788179035072,-0.04476614810358456,0.5664709476590466,0.20384951544287444,0.7488885079627158,-0.054384840747494806,1.84911029282597,0.0,0.05841835754044208,0.23076923076923078,0.8354430379746836,1.6617142857142857,0.002842394341652194,0.3060240963855422,4.411764705882353,0.00012423240772963106,0.0014814814814814814,0.000687757909215956,1.0,0.015151515151515152
0x290bda03d57fe22d44ce5c98c9a4a9eb1f631dcf60ab602835f28107aaee4800,3,0x5da7c20eb38f861adbbd8fa5a66bae8b71b51fca,0xc9f27a50f82571c1c8423a42970613b8dbda14ef,2021-11-20 06:10:43+00:00,126822,78202788142,3353511,84251,0.0,8,,275,1420,1455,0.9759450171821306,67,10,11,0.9090909090909091,5,65,414721,226,0x290bda03d57fe22d44ce5c98c9a4a9eb1f631dcf60ab602835f28107aaee4800,2,2,6,875,79,501531,7,4,5.0,1.0,1,2,0,1.1356658573749856,-0.08226303930188102,-0.0779850030460295,-0.13597743861480854,-0.6319507518490155,-0.6191175627529718,-0.9191278838416265,-0.14906107254322998,-0.32093142561292215,-0.2528055211164373,-1.038898867538664,0.06639119971818,-0.16058555339022965,-0.17123134770342008,-0.7588026539712598,-0.9708527154230179,-0.9963812790655919,-1.7077721084314395,-0.3225878975754,-1.7160718510347697,-0.04476614810358456,-1.6291528804767927,-0.15955353455468776,-0.6457909349033917,-1.0425981858484115,-0.7912692267614061,0.0,-0.6022008421719317,0.5,0.8375,1.6628571428571428,0.0028313248207492243,0.07575757575757576,1.5714285714285714,2.4112538037528754e-05,0.18181818181818182,0.0013745704467353953,1.0,0.029850746268656716
0xe97c30cd00231f4febdf4d1a6816b1b538af1ca4b7b2a036caa15509303cafdd,3,0x6b4488f2894a20b8f129b397715178b27ae2bb41,0xc9f27a50f82571c1c8423a42970613b8dbda14ef,2021-11-20 12:48:43+00:00,250959,74028381507,9278969,165716,0.0,30,2.0,274,1421,1456,0.9759615384615384,67,38,38,1.0,17,375,2420273,227,0xe97c30cd00231f4febdf4d1a6816b1b538af1ca4b7b2a036caa15509303cafdd,1,1,6,876,79,503304,19,4,5.0,1.0,1,2,0,1.1356658573749856,-0.07666462911392122,-0.07250313863958856,-0.13597743861480854,-0.600946720008932,-0.5914547846646387,-0.8116736282972252,-0.1421318668653186,-0.7334396847554956,-0.7976450062811727,-1.038898867538664,0.07924774497731636,-0.16058555339022965,-0.15402284790350096,-0.6728534379128965,-0.336257614442683,-0.32636330384058826,-1.7077721084314395,-0.3225878975754,-1.7160718510347697,-0.04476614810358456,-1.6291528804767927,0.12085450140741655,-0.7464658733857341,-0.2146728992001056,1.335050638434181,0.0,-0.5792409331771888,0.5,0.8375,1.6621004566210045,0.002823337737554763,0.04521276595744681,2.0,1.5700701656093482e-05,0.02631578947368421,0.0006868131868131869,1.0,0.014925373134328358
0x8dc545aec309e485e6578985a61978b809ff3e416eeb83595df7d159951355e2,3,0xdbf14da8949d157b57acb79f6eee62412b210900,0xc9f27a50f82571c1c8423a42970613b8dbda14ef,2021-11-20 15:36:50+00:00,287701,78947180236,6905934,185411,0.0,566,2.0,273,1422,1457,0.9759780370624571,67,563,599,0.9398998330550918,178,1528,9378872,228,0x8dc545aec309e485e6578985a61978b809ff3e416eeb83595df7d159951355e2,1,1,13,877,79,504051,127,7,6.0,3.0,1,3,0,1.1356658573749856,-0.07106621892596142,-0.0670212742331476,-0.13597743861480854,-0.019621123007367135,-0.016683728829274626,0.6300043002568242,-0.1352026611874072,-0.7334396847554956,-0.7976450062811727,2.213467891303306,0.09210429023645272,-0.16058555339022965,-0.14677256626191065,0.10068950661237258,2.024026745009982,1.9983764248638958,0.5814666428171384,1.9176058355870982,0.5750788179035072,-0.04476614810358456,0.5664709476590466,0.20384951544287444,-0.6278382928100581,-0.5462414771229367,1.84911029282597,0.0,-0.01985405948709036,0.23076923076923078,0.8375,1.661345496009122,0.002821137501686334,0.11641595814257685,4.716535433070866,6.002853434522463e-05,0.001669449081803005,0.0006863417982155113,1.0,0.014925373134328358
0x3fce4dfcde0e5ebcbde7c4332fdb35ef46a0033d892579dcabfcc6606124511c,3,0xdb952e1b416f8e1cedc0571f46710e0ec18beb52,0xc9f27a50f82571c1c8423a42970613b8dbda14ef,2021-11-20 16:03:35+00:00,126822,99703837878,12837552,79451,0.0,43,2.0,272,1423,1458,0.97599451303155,67,45,45,1.0,31,121,779539,229,0x3fce4dfcde0e5ebcbde7c4332fdb35ef46a0033d892579dcabfcc6606124511c,8,7,6,877,79,504168,10,4,5.0,1.0,1,2,0,1.1356658573749856,-0.06546780873800162,-0.061539409826706665,-0.13597743861480854,-0.5931957120489112,-0.5842829533084043,-0.6863103301620905,-0.1282734555094958,2.1541181292425184,2.47139190470724,-1.038898867538664,0.09210429023645272,-0.16058555339022965,-0.14563697998069772,-0.737315349956669,-0.8562161810523767,-0.8745023062513066,-1.7077721084314395,-0.3225878975754,-1.7160718510347697,-0.04476614810358456,-1.6291528804767927,-0.15955353455468776,-0.12724613351089756,0.28254450582357166,-0.9165541387228474,0.0,-0.5656737142257499,0.5,0.8375,1.6624857468643102,0.002822466276189135,0.2540983606557377,4.5,5.7726351438027553e-05,0.17777777777777778,0.0054869684499314125,1.1428571428571428,0.1044776119402985
0x8544d57f65c4b820b3ee718dff948e2a1724a875f46c53c8492e657de926bed5,2,0x70e09792e94b04cdb76abf7aa24781dcb4d37e2e,0xc9f27a50f82571c1c8423a42970613b8dbda14ef,2021-11-20 19:30:22+00:00,166558,101860164325,12210333,110741,0.0,280,2.0,271,1424,1459,0.976010966415353,67,283,295,0.9593220338983051,78,474,3068081,230,0x8544d57f65c4b820b3ee718dff948e2a1724a875f46c53c8492e657de926bed5,3,3,8,877,79,505072,89,7,5.0,3.0,1,3,0,-0.7891915280063464,-0.05986939855004183,-0.05605754542026572,-0.13597743861480854,-0.32966144140820175,-0.3281461191571725,-0.2654478292798525,-0.1213442498315844,0.09157683352965129,0.29203396404829823,-0.10965122215524387,0.09210429023645272,-0.16058555339022965,-0.13686287743183878,-0.17148301090577767,-0.1335965983231567,-0.10994258550740159,0.5814666428171384,-0.3225878975754,0.5750788179035072,-0.04476614810358456,0.5664709476590466,-0.06979549531586149,-0.07524160894460001,0.194907318897892,-0.09985311887420174,0.0,-0.3183328764187474,0.25,0.8375,1.6636259977194983,0.0028193944241723472,0.16421052631578947,3.3146067415730336,9.224003791293714e-05,0.010169491525423728,0.00205620287868403,1.0,0.04477611940298507
0x9911211c532aa4687b140a4b08ccf65da3a81dc35fdf73d828cc9f7306bdc1c3,3,0x8f2c649316d5e3f39b2fc0fb602334dd95b8719b,0xc9f27a50f82571c1c8423a42970613b8dbda14ef,2021-11-20 22:33:50+00:00,287701,68263069196,17689365,185411,0.0,28,2.0,270,1425,1460,0.976027397260274,67,29,30,0.9666666666666667,17,258,1660328,231,0x9911211c532aa4687b140a4b08ccf65da3a81dc35fdf73d828cc9f7306bdc1c3,1,1,13,878,79,505851,12,7,6.0,3.0,1,3,0,1.1356658573749856,-0.05427098836208204,-0.05057568101382477,-0.13597743861480854,-0.610912301671816,-0.5996511633574783,-0.8116736282972252,-0.114415044153673,-0.7334396847554956,-0.7976450062811727,2.213467891303306,0.10496083549558909,-0.16058555339022965,-0.12930200808940392,-0.7229904806136085,-0.5757660880384868,-0.5802469279911291,0.5814666428171384,1.9176058355870982,0.5750788179035072,-0.04476614810358456,0.5664709476590466,0.20384951544287444,-0.8855089789075842,0.9604564358024825,1.84911029282597,0.0,-0.5813281976312564,0.23076923076923078,0.8375,1.6628701594533029,0.0028170294868854924,0.06563706563706563,2.5,1.7466417800327526e-05,0.03333333333333333,0.0006849315068493151,1.0,0.014925373134328358
0x6e690538587620b322847faf21dd54fe790b31a6e2f66c35318f394fd4a2b1eb,2,0x55fa86242e0d95f4cc9ffa631bb1aecc87ab6a72,0xc9f27a50f82571c1c8423a42970613b8dbda14ef,2021-11-21 00:27:04+00:00,140926,88968677820,6124258,88853,0.0,53,2.0,269,1426,1461,0.9760438056125941,68,57,63,0.9047619047619048,13,279,1793526,232,0x6e690538587620b322847faf21dd54fe790b31a6e2f66c35318f394fd4a2b1eb,2,2,8,878,80,506355,23,7,5.0,3.0,1,3,0,-0.7891915280063464,-0.04867257817412224,-0.045093816607383826,-0.07422564996139862,-0.5799082698317325,-0.5658411012495156,-0.8474917134786923,-0.1074858384757616,-0.32093142561292215,-0.2528055211164373,-0.10965122215524387,0.10496083549558909,-0.09919963848570759,-0.12441025180110206,-0.6442036992267756,-0.5327773876494963,-0.5357479300773278,0.5814666428171384,-0.3225878975754,0.5750788179035072,-0.04476614810358456,0.5664709476590466,-0.1276945808244581,-0.38614797823672875,-0.6554599251089154,-0.6711523174183742,0.0,-0.5552373919554122,0.25,0.8395061728395061,1.6640091116173121,0.002816200459755587,0.04642857142857143,2.739130434782609,3.178095451030289e-05,0.031746031746031744,0.0013689253935660506,1.0,0.029411764705882353
0x7692bf252d7466d36cd96eba591c8740aa18e4f722af00b317295f34092dc3bb,2,0x87c9ad753ea4d918f0b6fb21a555c30746ecc968,0xc9f27a50f82571c1c8423a42970613b8dbda14ef,2021-11-21 06:22:59+00:00,140908,72000000000,6594293,88841,0.0,144,,268,1427,1462,0.9760601915184679,68,133,147,0.9047619047619048,24,264,1700552,233,0x7692bf252d7466d36cd96eba591c8740aa18e4f722af00b317295f34092dc3bb,2,2,8,878,80,507864,60,7,5.0,3.0,1,3,0,-0.7891915280063464,-0.04307416798616245,-0.039611952200942886,-0.07422564996139862,-0.4957544691229346,-0.4797791249747017,-0.7489919792296579,-0.10055663279785021,-0.32093142561292215,-0.2528055211164373,-0.10965122215524387,0.10496083549558909,-0.09919963848570759,-0.10976410053315058,-0.37919361638015553,-0.5634836022130609,-0.5668088306316736,0.5814666428171384,-0.3225878975754,0.5750788179035072,-0.04476614810358456,0.5664709476590466,-0.12773524029461863,-0.7953847261213028,-0.5897850250235993,-0.6714655296982778,0.0,-0.46026685929533956,0.25,0.8395061728395061,1.6651480637813212,0.0028098018174121074,0.09056603773584905,2.45,7.820985291255257e-05,0.013605442176870748,0.0013679890560875513,1.0,0.029411764705882353
0xf556f57e488ec25de3e523762cba42a28295120e20a0da4bd38ac5d0b872be00,3,0xcbdffde80c471319f07465ad5f75077c9f7f2ff1,0xc9f27a50f82571c1c8423a42970613b8dbda14ef,2021-11-21 07:26:07+00:00,287701,89955043036,5592518,185411,0.0,74,2.0,267,1428,1463,0.9760765550239234,68,78,82,0.9512195121951219,32,327,2105726,234,0xf556f57e488ec25de3e523762cba42a28295120e20a0da4bd38ac5d0b872be00,1,1,13,879,80,508128,31,7,6.0,3.0,1,3,0,1.1356658573749856,-0.03747575779820265,-0.03413008779450194,-0.07422564996139862,-0.5566552459516699,-0.546374701854022,-0.6773558088667238,-0.09362742711993881,-0.7334396847554956,-0.7976450062811727,2.213467891303306,0.11781738075472545,-0.09919963848570759,-0.10720175200118293,-0.5869042218545334,-0.43451750104608966,-0.43144766168974863,0.5814666428171384,1.9176058355870982,0.5750788179035072,-0.04476614810358456,0.5664709476590466,0.20384951544287444,-0.36235962551389383,-0.7297564591358834,1.84911029282597,0.0,-0.5333211151877032,0.23076923076923078,0.8395061728395061,1.664391353811149,0.002810309980339638,0.0975609756097561,2.6451612903225805,3.704183875687589e-05,0.012195121951219513,0.000683526999316473,1.0,0.014705882352941176
0xddc7b9a07e4cced755bdb2f390df23819f1713ae62462a0233280be43aa7ffcc,2,0x872f6a5242a3e3aa2364c47455942d94f84832e5,0xc9f27a50f82571c1c8423a42970613b8dbda14ef,2021-11-21 13:27:25+00:00,140926,72312468939,6295856,88853,0.0,992,2.0,266,1429,1464,0.9760928961748634,68,1066,1110,0.9603603603603603,318,1554,9475338,235,0xddc7b9a07e4cced755bdb2f390df23819f1713ae62462a0233280be43aa7ffcc,2,2,8,879,80,509755,295,7,5.0,3.0,1,3,0,-0.7891915280063464,-0.03187734761024285,-0.028648223388060993,-0.07422564996139862,0.5373441632627036,0.5068599601758432,1.8836372816081717,-0.0866982214420274,-0.32093142561292215,-0.2528055211164373,-0.10965122215524387,0.11781738075472545,-0.09919963848570759,-0.09141030858636712,1.3039785314294579,2.0772508502534937,2.0306039382856644,0.5814666428171384,-0.3225878975754,0.5750788179035072,-0.04476614810358456,0.5664709476590466,-0.1276945808244581,-0.7878488548078298,-0.6314836648201282,-0.6711523174183742,0.0,0.4247332692292939,0.25,0.8395061728395061,1.6655290102389078,0.0028033019719238225,0.2045016077170418,3.76271186440678,0.00011250257114811406,0.0018018018018018018,0.001366120218579235,1.0,0.029411764705882353
0x1843e2563dc900baf8566dcebb82b165d1f7e43ea7f605684a619c8e15769419,3,0x9ddea6c0bfa53bdf244ade7ba5ed7e227f6e58b4,0xc9f27a50f82571c1c8423a42970613b8dbda14ef,2021-11-21 16:30:22+00:00,284257,93498408783,12492869,183115,0.0,1013,2.0,265,1430,1465,0.9761092150170648,68,1012,1019,0.9931305201177625,199,346,2233610,236,0x1843e2563dc900baf8566dcebb82b165d1f7e43ea7f605684a619c8e15769419,1,1,12,880,80,510572,124,7,6.0,3.0,1,3,0,1.1356658573749856,-0.026278937422283058,-0.02316635898162005,-0.07422564996139862,0.4775506732853998,0.4136261525447948,0.8180492474595263,-0.079769015764116,-0.7334396847554956,-0.7976450062811727,1.748844068611596,0.1306739260138618,-0.09919963848570759,-0.08348061634917935,0.07920220259778178,-0.3956229625989079,-0.38872397327694536,0.5814666428171384,1.9176058355870982,0.5750788179035072,-0.04476614810358456,0.5664709476590466,0.19607000348549278,-0.27690361708177225,0.23438421651297353,1.7891823432710805,0.0,0.44664954599700296,0.25,0.8395061728395061,1.6647727272727273,0.0028007748157462303,0.5734870317002881,8.21774193548387,0.00045307799791458763,0.0009813542688910696,0.0006825938566552901,1.0,0.014705882352941176
0x257c9d7cf168df85f5ac1cb44f73f34afa412790cd19bdf438fc0bf067e09e6d,2,0x5827da6bbfd881ceeb542001f4abcc3cfd862e4f,0xc9f27a50f82571c1c8423a42970613b8dbda14ef,2021-11-21 17:22:03+00:00,140926,92202974763,26065994,88853,0.0,482,2.0,264,1431,1466,0.9761255115961801,68,510,526,0.9695817490494296,49,457,2953956,237,0x257c9d7cf168df85f5ac1cb44f73f34afa412790cd19bdf438fc0bf067e09e6d,2,2,8,880,80,510822,55,7,5.0,3.0,1,3,0,-0.7891915280063464,-0.02068052723432326,-0.017684494575179104,-0.07422564996139862,-0.0783073261332394,-0.09147568440143432,-0.5251289468454887,-0.07283981008620462,-0.32093142561292215,-0.2528055211164373,-0.10965122215524387,0.1306739260138618,-0.09919963848570759,-0.08105414993633119,-0.4150057897378069,-0.16839697482852992,-0.1480696455001385,0.5814666428171384,-0.3225878975754,0.5750788179035072,-0.04476614810358456,0.5664709476590466,-0.1276945808244581,-0.30814583943211915,2.1308677299119863,-0.6711523174183742,0.0,-0.10751916655792669,0.25,0.8395061728395061,1.665909090909091,0.0028013617241197048,0.10698689956331878,9.563636363636364,0.00017264977113749455,0.0038022813688212928,0.001364256480218281,1.0,0.029411764705882353
0x3b907a49789a4400d766daf726800c2e299410721c333ea6d52aff29a9fdee6d,2,0x5fbb8e0c28c5e9b718492c27cd408c16e568e2cb,0xc9f27a50f82571c1c8423a42970613b8dbda14ef,2021-11-21 18:50:48+00:00,166576,126993030363,5812257,105953,0.0,150,2.0,263,1432,1467,0.9761417859577369,68,138,160,0.8625,57,488,3156586,238,0x3b907a49789a4400d766daf726800c2e299410721c333ea6d52aff29a9fdee6d,2,2,8,880,80,511202,55,7,5.0,3.0,1,3,0,-0.7891915280063464,-0.015082117046363466,-0.012202630168738161,-0.07422564996139862,-0.4902180348657768,-0.46646000959883765,-0.4534927764825546,-0.06591060440829322,-0.32093142561292215,-0.2528055211164373,-0.10965122215524387,0.1306739260138618,-0.09919963848570759,-0.07736592098880199,-0.4150057897378069,-0.10493746473049642,-0.08037469552135837,0.5814666428171384,-0.3225878975754,0.5750788179035072,-0.04476614810358456,0.5664709476590466,-0.06975483584570095,0.530892379307985,-0.6990537734425898,-0.22482481855573946,0.0,-0.45400506593313694,0.25,0.8395061728395061,1.6670454545454545,0.0028012355170059645,0.1165644171779141,2.909090909090909,4.371810439566532e-05,0.0125,0.0013633265167007499,1.0,0.029411764705882353
0xa512240b9a116f6369bf64e3c50667e6ebca9c6feda2428338db3268fcf0c85d,2,0xfe212078eb0e439e6f558193b69276186be2e246,0xc9f27a50f82571c1c8423a42970613b8dbda14ef,2021-11-22 03:57:15+00:00,140890,100423803681,26334383,93629,0.0,849,2.0,262,1433,1468,0.976158038147139,69,881,923,0.9544962080173348,259,1563,9515837,239,0xa512240b9a116f6369bf64e3c50667e6ebca9c6feda2428338db3268fcf0c85d,2,2,8,880,81,513562,310,7,5.0,3.0,1,3,0,-0.7891915280063464,-0.009483706858403669,-0.006720765762297217,-0.012473861307988691,0.3324960957478665,0.3152696082307218,1.3553205251815323,-0.058981398730381815,-0.32093142561292215,-0.2528055211164373,-0.10965122215524387,0.1306739260138618,-0.03781372358118556,-0.05446007805151539,1.411415051502412,2.0956745789916327,2.0441339080788374,0.5814666428171384,-0.3225878975754,0.5750788179035072,-0.04476614810358456,0.5664709476590466,-0.12777589976477916,-0.10988258480467161,2.168367960233128,-0.5464938300167401,0.0,0.2754938607634654,0.25,0.8414634146341463,1.6681818181818182,0.0027903100495946945,0.1656010230179028,2.97741935483871,9.2582492472024e-05,0.0021668472372697724,0.0013623978201634877,1.0,0.028985507246376812
0x570460243f2153d7c79610d43768bf21cabd3a707cc2504fb37bd342459911c8,2,0xcca89d02b1fcb375ba7296c4173ccdd84102cdfa,0xc9f27a50f82571c1c8423a42970613b8dbda14ef,2021-11-22 06:27:12+00:00,140908,111000000000,3776804,93641,0.0,367,2.0,261,1434,1469,0.9761742682096665,69,363,381,0.952755905511811,92,448,2892811,240,0x570460243f2153d7c79610d43768bf21cabd3a707cc2504fb37bd342459911c8,3,3,8,880,81,514221,106,7,5.0,3.0,1,3,0,-0.7891915280063464,-0.003885296670443874,-0.0012389013558562717,-0.012473861307988691,-0.2410784932936776,-0.24003504820914875,-0.14008453114471775,-0.05205219305247042,0.09157683352965129,0.29203396404829823,-0.10965122215524387,0.1306739260138618,-0.03781372358118556,-0.048063912587247654,-0.049721621489763085,-0.18682070356666866,-0.16849706353523952,0.5814666428171384,-0.3225878975754,0.5750788179035072,-0.04476614810358456,0.5664709476590466,-0.12773524029461863,0.14518550196606084,-0.9834542380959811,-0.5461806177368365,0.0,-0.22753687266680978,0.25,0.8414634146341463,1.669318181818182,0.002788678819653768,0.20489977728285078,3.5943396226415096,0.00012548343964281122,0.007874015748031496,0.0020422055820285907,1.0,0.043478260869565216
0x7db28dc315a7979fdd591bff6d177c4d723fbe0c2ee1edb06b9798f2109ee848,2,0xf88dd1c8b3d1586f6aec8fbbf45d40d209c09be9,0xc9f27a50f82571c1c8423a42970613b8dbda14ef,2021-11-22 08:42:11+00:00,140926,104507810425,21057276,86140,0.0,121,2.0,259,1435,1471,0.9755268524813052,69,120,125,0.96,40,168,1075594,241,0x7db28dc315a7979fdd591bff6d177c4d723fbe0c2ee1edb06b9798f2109ee848,4,3,8,880,81,514794,58,7,5.0,3.0,1,3,0,-0.7891915280063464,0.0017131135175159214,0.009724827457025617,-0.012473861307988691,-0.5101491981915448,-0.5023191663800102,-0.6057196385037896,-0.045122987374559026,0.5040850926722248,0.29203396404829823,-0.10965122215524387,0.1306739260138618,-0.03781372358118556,-0.04250245156899968,-0.39351848572321607,-0.7600033754198743,-0.7755957849268841,0.5814666428171384,-0.3225878975754,0.5750788179035072,-0.04476614810358456,0.5664709476590466,-0.1276945808244581,-0.011387837247891835,1.431032495928296,-0.7419643936999138,0.0,-0.4842704005171162,0.25,0.8414634146341463,1.6715909090909091,0.002787517361279733,0.23668639053254437,2.1551724137931036,0.00011156615640645411,0.032,0.002719238613188307,1.3333333333333333,0.043478260869565216
0x370265839c05f6ca099dc5a43ca7fd184775ae6326e3b61514355e275741dc64,2,0xf88dd1c8b3d1586f6aec8fbbf45d40d209c09be9,0xc9f27a50f82571c1c8423a42970613b8dbda14ef,2021-11-22 08:42:11+00:00,140926,86706327447,20971136,88853,0.0,120,2.0,260,1435,1471,0.9755268524813052,69,120,125,0.96,40,168,1075594,242,0x370265839c05f6ca099dc5a43ca7fd184775ae6326e3b61514355e275741dc64,4,3,8,880,81,514794,58,7,5.0,3.0,1,3,0,-0.7891915280063464,0.0017131135175159214,0.009724827457025617,-0.012473861307988691,-0.5101491981915448,-0.5023191663800102,-0.6057196385037896,-0.038193781696647625,0.5040850926722248,0.29203396404829823,-0.10965122215524387,0.1306739260138618,-0.03781372358118556,-0.04250245156899968,-0.39351848572321607,-0.7600033754198743,-0.7755957849268841,0.5814666428171384,-0.3225878975754,0.5750788179035072,-0.04476614810358456,0.5664709476590466,-0.1276945808244581,-0.4407095014763734,1.4189967200959663,-0.6711523174183742,0.0,-0.4853140327441499,0.25,0.8414634146341463,1.6715909090909091,0.002787517361279733,0.23668639053254437,2.1551724137931036,0.00011156615640645411,0.032,0.002719238613188307,1.3333333333333333,0.043478260869565216
0xd86f96274b3e9bc3252127f6872fbe05c6fbbb7e7bde04b58f57b03dc72dd806,3,0x6fe7e0c399dfddb13b9615683280a09208d4fd5d,0xc9f27a50f82571c1c8423a42970613b8dbda14ef,2021-11-22 12:43:56+00:00,126822,112835951209,5317219,84251,0.0,201,,258,1436,1472,0.9755434782608695,69,205,207,0.9903381642512077,45,75,478943,243,0xd86f96274b3e9bc3252127f6872fbe05c6fbbb7e7bde04b58f57b03dc72dd806,6,6,6,880,81,515874,56,4,5.0,1.0,1,2,0,1.1356658573749856,0.007311523705475717,0.015206691863466562,-0.012473861307988691,-0.4160298158198628,-0.4183062847784061,-0.5609470320269558,-0.03126457601873623,1.3291016109573717,1.9265524195425048,-1.038898867538664,0.1306739260138618,-0.03781372358118556,-0.03202011666549564,-0.4078433550662766,-0.9503819057139747,-0.9749258920175871,-1.7077721084314395,-0.3225878975754,-1.7160718510347697,-0.04476614810358456,-1.6291528804767927,-0.15955353455468776,0.18946347754058396,-0.7682221783240022,-0.7912692267614061,0.0,-0.4007798223544149,0.5,0.8414634146341463,1.6727272727272726,0.002783620062999758,0.5921052631578947,3.6964285714285716,0.00042802498830761006,0.028985507246376812,0.004076086956521739,1.0,0.08695652173913043
0x23fd664ebe07a2529013616eb6066bf4e4acabfd658554d3914f7d66dae1c4f5,2,0xf181d5e9a972c03cd9b688a9d351bdaab0a13f1f,0xc9f27a50f82571c1c8423a42970613b8dbda14ef,2021-11-22 17:19:39+00:00,140944,138723445271,9041140,88865,0.0,860,2.0,257,1437,1473,0.9755600814663951,69,859,906,0.9481236203090507,168,517,3345128,244,0x23fd664ebe07a2529013616eb6066bf4e4acabfd658554d3914f7d66dae1c4f5,2,2,8,880,81,517094,179,7,5.0,3.0,1,3,0,-0.7891915280063464,0.012909933893435513,0.020688556269907506,-0.012473861307988691,0.3081357850163723,0.29785230350843805,0.5404590873031565,-0.024335370340824832,-0.32093142561292215,-0.2528055211164373,-0.10965122215524387,0.1306739260138618,-0.03781372358118556,-0.02017896057079663,0.4731361095319466,-0.04557211657427154,-0.017386286801528296,0.5814666428171384,-0.3225878975754,0.5750788179035072,-0.04476614810358456,0.5664709476590466,-0.12765392135429757,0.8137969697073945,-0.24790318165224348,-0.6708391051384707,0.0,0.2869738152608368,0.25,0.8414634146341463,1.6738636363636363,0.002778986453166246,0.32432432432432434,5.06145251396648,0.0002567912926526899,0.002207505518763797,0.0013577732518669382,1.0,0.028985507246376812
0xf0cdcf59fd7767475a1b0eab53bbfdbbf8e757ffac454abd96c45a901cdfa4a7,3,0xc80a38405f929b92bd889f3e5d438c342e498aca,0xc9f27a50f82571c1c8423a42970613b8dbda14ef,2021-11-22 17:43:18+00:00,250959,153712536566,10192710,165716,0.0,764,2.0,256,1438,1474,0.9755766621438263,69,742,776,0.9561855670103093,159,285,1836340,245,0xf0cdcf59fd7767475a1b0eab53bbfdbbf8e757ffac454abd96c45a901cdfa4a7,1,1,6,881,81,517182,198,4,5.0,1.0,1,2,0,1.1356658573749856,0.018508344081395307,0.026170420676348453,-0.012473861307988691,0.17858322339888072,0.16466114974979748,0.45986839564485565,-0.017406164662913434,-0.7334396847554956,-0.7976450062811727,-1.038898867538664,0.14353047127299817,-0.03781372358118556,-0.01932484439347408,0.6092223682910217,-0.5204949018240705,-0.5214445614330426,-1.7077721084314395,-0.3225878975754,-1.7160718510347697,-0.04476614810358456,-1.6291528804767927,0.12085450140741655,1.17529166248074,-0.08700187708716349,1.335050638434181,0.0,0.18678512146559528,0.5,0.8414634146341463,1.6730987514188422,0.0027804471531353504,0.5559440559440559,3.919191919191919,0.00040406438673427214,0.001288659793814433,0.0006784260515603799,1.0,0.014492753623188406
0x53702b241996971a8b4ee5dbb08d03f41ad91e0ab1a5574c759750b4fb6c8cb9,2,0x1de5366615bceb1bdb7274536bf3fc9f06aa9c2c,0xc9f27a50f82571c1c8423a42970613b8dbda14ef,2021-11-22 21:07:32+00:00,140926,163914677284,19554071,88853,0.0,591,2.0,255,1439,1475,0.9755932203389831,69,576,605,0.9520661157024793,102,1387,8640024,246,0x53702b241996971a8b4ee5dbb08d03f41ad91e0ab1a5574c759750b4fb6c8cb9,2,2,8,881,81,518107,85,7,5.0,3.0,1,3,0,-0.7891915280063464,0.024106754269355105,0.031652285082789396,-0.012473861307988691,-0.005226393938756957,-0.010536444809645064,-0.05053931819105008,-0.010476958985002036,-0.32093142561292215,-0.2528055211164373,-0.10965122215524387,0.14353047127299817,-0.03781372358118556,-0.010346918665935902,-0.20013274959189875,1.7353883281124747,1.7515409197465797,0.5814666428171384,-0.3225878975754,0.5750788179035072,-0.04476614810358456,0.5664709476590466,-0.1276945808244581,1.421338580996346,1.2209995448017896,-0.6711523174183742,0.0,0.006236746188753784,0.25,0.8414634146341463,1.674233825198638,0.0027774132034247686,0.07348703170028818,7.117647058823529,6.666647376599027e-05,0.003305785123966942,0.0013559322033898306,1.0,0.028985507246376812
0x6765425a43f3767c4d3f2bc00f42c21e3ef9297068722ff83f7783da387c980f,3,0x62c717832bc866efb89299295ef071e5439a34e1,0xc9f27a50f82571c1c8423a42970613b8dbda14ef,2021-11-23 01:29:54+00:00,126822,83598305627,19992615,84251,0.0,63,2.0,254,1440,1476,0.975609756097561,70,72,75,0.96,20,129,821598,247,0x6765425a43f3767c4d3f2bc00f42c21e3ef9297068722ff83f7783da387c980f,3,3,6,881,82,519286,14,4,5.0,1.0,1,2,0,1.1356658573749856,0.0297051644573149,0.03713414948923034,0.04927792734542123,-0.5632989670602593,-0.5535465332102565,-0.784810064411125,-0.003547753307090639,0.09157683352965129,0.29203396404829823,-1.038898867538664,0.14353047127299817,0.023572191323336485,0.0010962969370560051,-0.708665611270548,-0.8398395332851423,-0.8604511691977731,-1.7077721084314395,-0.3225878975754,-1.7160718510347697,-0.04476614810358456,-1.6291528804767927,-0.15955353455468776,-0.5156662397363196,1.282274414509396,-0.7912692267614061,0.0,-0.5448010696850746,0.5,0.8433734939759037,1.6753688989784337,0.002773033024127313,0.15384615384615385,5.357142857142857,8.763399176483906e-05,0.04,0.0020325203252032522,1.0,0.04285714285714286
0x7f87be685f96cbc0815a807b7bd1a02984f2aae9e86c25870beee5adc9781c07,3,0xf9de4e7c610b325781388dcbc39107b09c05dcbd,0xc9f27a50f82571c1c8423a42970613b8dbda14ef,2021-11-23 09:09:30+00:00,287701,71000000000,1421124,185411,0.0,131,2.0,253,1441,1477,0.975626269465132,70,145,145,1.0,54,747,4778193,248,0x7f87be685f96cbc0815a807b7bd1a02984f2aae9e86c25870beee5adc9781c07,1,1,13,882,82,521288,57,7,6.0,3.0,1,3,0,1.1356658573749856,0.03530357464527469,0.04261601389567129,0.04927792734542123,-0.48246702690575594,-0.48182821964791156,-0.4803563403686549,0.0033814523708207587,-0.7334396847554956,-0.7976450062811727,2.213467891303306,0.15638701653213452,0.023572191323336485,0.020527439971144045,-0.40068092039474634,0.42525650673371884,0.4613743285631294,0.5814666428171384,1.9176058355870982,0.5750788179035072,-0.04476614810358456,0.5664709476590466,0.20384951544287444,-0.8195019114568762,-1.312597915977367,1.84911029282597,0.0,-0.47383407824677853,0.23076923076923078,0.8433734939759037,1.6746031746031746,0.0027643015678443243,0.07219251336898395,2.543859649122807,3.034619356183529e-05,0.006896551724137931,0.0006770480704129993,1.0,0.014285714285714285
0xc9747b3e648ef50170f95ac4a59044ea2f35b673f6a46775bb7b19c7cf5a3551,3,0x6f9fdb539b1c885e3418d081519dd5ae5c8e2cad,0xc9f27a50f82571c1c8423a42970613b8dbda14ef,2021-11-23 12:10:31+00:00,284257,73028259168,6386589,183115,0.0,28,2.0,252,1442,1478,0.9756427604871448,70,31,31,1.0,4,137,878024,249,0xc9747b3e648ef50170f95ac4a59044ea2f35b673f6a46775bb7b19c7cf5a3551,1,1,12,883,82,522063,21,7,6.0,3.0,1,3,0,1.1356658573749856,0.04090198483323449,0.04809787830211223,0.04927792734542123,-0.6086977279689529,-0.5986266160208733,-0.9280824051369932,0.010310658048732156,-0.7334396847554956,-0.7976450062811727,1.748844068611596,0.1692435617912709,0.023572191323336485,0.02804948585097333,-0.6585285685698361,-0.8234628855179078,-0.8416002821252634,0.5814666428171384,1.9176058355870982,0.5750788179035072,-0.04476614810358456,0.5664709476590466,0.19607000348549278,-0.7705860091936443,-0.6188061392966225,1.7891823432710805,0.0,-0.5813281976312564,0.25,0.8433734939759037,1.6738391845979614,0.0027621134573538875,0.028985507246376812,1.4761904761904763,3.530651177358276e-05,0.03225806451612903,0.0006765899864682003,1.0,0.014285714285714285
0x5bfafb2f7feed05dcd76054a8636921cc10772a3ac092704a2590e924a2dcacf,2,0xda90d355b1bd4d01f6124fee7669090d4cbd5778,0xc9f27a50f82571c1c8423a42970613b8dbda14ef,2021-11-23 12:11:02+00:00,140926,80611825977,20530002,88853,0.0,125,2.0,251,1443,1479,0.9756592292089249,70,133,136,0.9779411764705882,43,184,1180231,250,0x5bfafb2f7feed05dcd76054a8636921cc10772a3ac092704a2590e924a2dcacf,3,3,8,883,82,522066,49,7,5.0,3.0,1,3,0,-0.7891915280063464,0.04650039502119429,0.053579742708553174,0.04927792734542123,-0.4957544691229346,-0.4910491456773559,-0.5788560746176893,0.017239863726643555,0.09157683352965129,0.29203396404829823,-0.10965122215524387,0.1692435617912709,0.023572191323336485,0.028078603447927508,-0.4579803977669885,-0.7272500798854055,-0.7406384909381873,0.5814666428171384,-0.3225878975754,0.5750788179035072,-0.04476614810358456,0.5664709476590466,-0.1276945808244581,-0.5876917229562881,1.3573599667175247,-0.6711523174183742,0.0,-0.4800958716089811,0.25,0.8433734939759037,1.6749716874292186,0.0027640130481336686,0.23243243243243245,2.7755102040816326,0.00011268970846409859,0.022058823529411766,0.002028397565922921,1.0,0.04285714285714286
0xbe176ec175790132808f1db67158c1ac755a150582c037e5543f6433501655fc,3,0xea77012cc81d9fe7ab740fc64fccace238181c3d,0xc9f27a50f82571c1c8423a42970613b8dbda14ef,2021-11-23 15:03:34+00:00,284239,115099248499,1292001,178303,0.0,104,2.0,250,1444,1480,0.9756756756756757,70,116,117,0.9914529914529915,36,130,834099,251,0xbe176ec175790132808f1db67158c1ac755a150582c037e5543f6433501655fc,1,1,12,884,82,522849,46,7,6.0,3.0,1,3,0,1.1356658573749856,0.05209880520915408,0.05906160711499412,0.04927792734542123,-0.514578345597271,-0.5105155450728496,-0.6415377236852567,0.02416906940455495,-0.7334396847554956,-0.7976450062811727,1.748844068611596,0.18210010705040724,0.023572191323336485,0.035678296252967936,-0.47946770178157927,-0.8377924523142379,-0.856274815401767,0.5814666428171384,1.9176058355870982,0.5750788179035072,-0.04476614810358456,0.5664709476590466,0.19602934401533226,0.24404783775301503,-1.3306394237878838,1.6635842190297356,0.0,-0.5020121483766902,0.25,0.8433734939759037,1.6742081447963801,0.002761786363201683,0.2748091603053435,2.5434782608695654,0.00013907205371058626,0.008547008547008548,0.0006756756756756757,1.0,0.014285714285714285
0xebac64339f240cf49205980fc0a733c567858517852230077da51c4503d1ed31,2,0xea77012cc81d9fe7ab740fc64fccace238181c3d,0xc9f27a50f82571c1c8423a42970613b8dbda14ef,2021-11-23 15:06:57+00:00,140926,129241429256,11576679,88853,0.0,105,2.0,249,1445,1481,0.9756920999324781,70,117,118,0.9915254237288136,36,130,834115,252,0xebac64339f240cf49205980fc0a733c567858517852230077da51c4503d1ed31,2,1,8,884,82,522865,46,7,5.0,3.0,1,3,0,-0.7891915280063464,0.05769721539711388,0.06454347152143507,0.04927792734542123,-0.5134710587458394,-0.5094909977362446,-0.6415377236852567,0.031098275082466348,-0.32093142561292215,-0.7976450062811727,-0.10965122215524387,0.18210010705040724,0.023572191323336485,0.03583359010339022,-0.47946770178157927,-0.8377924523142379,-0.8562694700965324,0.5814666428171384,-0.3225878975754,0.5750788179035072,-0.04476614810358456,0.5664709476590466,-0.1276945808244581,0.5851174321187641,0.10637101173212597,-0.6711523174183742,0.0,-0.5009685161496564,0.25,0.8433734939759037,1.6753393665158371,0.002763614386860113,0.2748091603053435,2.5652173913043477,0.00014026826005016088,0.01694915254237288,0.0013504388926401081,2.0,0.014285714285714285
0x569d10f44a01cfc72a8f2f3d6b19417781160994b226c8008ae1ef2193e3a3f2,2,0x0499709b8732b218be8e82f73d8c3b01cebcdeaa,0xc9f27a50f82571c1c8423a42970613b8dbda14ef,2021-11-23 17:30:24+00:00,140926,109847680213,13987815,88853,0.0,89,2.0,248,1446,1482,0.9757085020242915,70,106,111,0.954954954954955,36,224,1437414,253,0x569d10f44a01cfc72a8f2f3d6b19417781160994b226c8008ae1ef2193e3a3f2,2,2,8,884,82,523493,34,7,5.0,3.0,1,3,0,-0.7891915280063464,0.06329562558507368,0.070025335927876,0.04927792734542123,-0.5256512141115864,-0.5166628290924791,-0.6415377236852567,0.03802748076037775,-0.32093142561292215,-0.2528055211164373,-0.10965122215524387,0.18210010705040724,0.023572191323336485,0.04192887373246479,-0.5654169178399425,-0.6453668410492333,-0.6547183886809075,0.5814666428171384,-0.3225878975754,0.5750788179035072,-0.04476614810358456,0.5664709476590466,-0.1276945808244581,0.11739479209713335,0.4432631918721337,-0.6711523174183742,0.0,-0.5176666317821966,0.25,0.8433734939759037,1.6764705882352942,0.0027622093089892147,0.16,3.264705882352941,7.374349091946307e-05,0.018018018018018018,0.001349527665317139,1.0,0.02857142857142857
0x12d2a21e9cd887625df3adf48c8c7803f017b1db1f1678930a899c7f661c6cd0,3,0x57e648f095dc7d8b26e97dfd1d03be8d7fbfbf71,0xc9f27a50f82571c1c8423a42970613b8dbda14ef,2021-11-23 22:41:25+00:00,152878,107600806171,6700196,101351,0.0,1280,2.0,247,1447,1483,0.9757248819959542,70,1318,1381,0.9543808834178131,230,510,3299164,254,0x12d2a21e9cd887625df3adf48c8c7803f017b1db1f1678930a899c7f661c6cd0,3,3,6,884,82,524857,365,4,5.0,1.0,1,2,0,1.1356658573749856,0.06889403577303346,0.07550720033431696,0.04927792734542123,0.8163804498234548,0.7845122883957785,1.0956394076158962,0.044956686438289144,0.09157683352965129,0.29203396404829823,-1.038898867538664,0.18210010705040724,0.023572191323336485,0.05516767448096433,1.8053489584365767,-0.059901683370601685,-0.032742012413849525,-1.7077721084314395,-0.3225878975754,-1.7160718510347697,-0.04476614810358456,-1.6291528804767927,-0.10069669263786529,0.06320651440053035,-0.5749878951423453,-0.34494172789877137,0.0,0.7252993506150185,0.5,0.8433734939759037,1.6776018099547512,0.002756936161780901,0.4500978473581213,3.7835616438356166,0.0003994950237408556,0.002172338884866039,0.0020229265003371545,1.0,0.04285714285714286
0xe04141660663a4d47a0728f202f0c0dc6ceaf314e30ee24311a9609263d8d4bf,3,0x93ab7580493da8e78a31c31250d3c5524b7ffd0e,0xc9f27a50f82571c1c8423a42970613b8dbda14ef,2021-11-24 10:10:38+00:00,126840,77628141259,1280889,84263,0.0,612,2.0,246,1448,1484,0.9757412398921833,71,578,631,0.9160063391442155,151,1015,6461621,255,0xe04141660663a4d47a0728f202f0c0dc6ceaf314e30ee24311a9609263d8d4bf,3,2,6,884,83,527918,196,4,5.0,1.0,1,2,0,1.1356658573749856,0.07449244596099326,0.0809890647407579,0.11102971599883116,-0.0030118202358938523,0.016101785942083044,0.3882322252819215,0.05188589211620054,0.09157683352965129,-0.2528055211164373,-1.038898867538664,0.18210010705040724,0.08495810622785853,0.08487732923987716,0.5948974989479612,0.9738742069360729,1.0237766098288743,-1.7077721084314395,-0.3225878975754,-1.7160718510347697,-0.04476614810358456,-1.6291528804767927,-0.15951287508452722,-0.6596498002832122,-1.3321920304868489,-0.7909560144815025,0.0,0.028153022956462867,0.5,0.8452380952380952,1.6787330316742082,0.0027428450197852323,0.1486220472440945,3.2193877551020407,8.945122447583594e-05,0.004754358161648178,0.0020215633423180594,1.5,0.028169014084507043
0xcd67000de32ca2ce15d84befa6a96a5ca17c91646f4759822ed0d61dffff66e8,3,0xdb47eb5d158a0161108e5a91543ea473d500db2f,0xc9f27a50f82571c1c8423a42970613b8dbda14ef,2021-11-24 12:19:07+00:00,284239,89121433439,5347592,183103,0.0,594,2.0,245,1449,1485,0.9757575757575757,71,507,619,0.8190630048465266,74,447,2889579,256,0xcd67000de32ca2ce15d84befa6a96a5ca17c91646f4759822ed0d61dffff66e8,1,1,12,885,83,528501,100,7,6.0,3.0,1,3,0,1.1356658573749856,0.08009085614895306,0.08647092914719884,0.11102971599883116,-0.08162918668753406,0.003807217902823918,-0.30126591446131956,0.05881509779411194,-0.7334396847554956,-0.7976450062811727,1.748844068611596,0.19495665230954362,0.08495810622785853,0.09053584891463906,-0.09269622951894471,-0.18886778453757297,-0.1695768151926023,0.5814666428171384,1.9176058355870982,0.5750788179035072,-0.04476614810358456,0.5664709476590466,0.19602934401533226,-0.3824639426622555,-0.7639783587354795,1.788869130991177,0.0,0.009367642869855081,0.25,0.8452380952380952,1.6779661016949152,0.002741711478859115,0.16517857142857142,6.19,0.00017545802504170157,0.0016155088852988692,0.0006734006734006734,1.0,0.014084507042253521
0xe555bb055ba1dbb33695668ee993b00429d9c475859e8b3213069bc70d771c65,2,0xdb47eb5d158a0161108e5a91543ea473d500db2f,0xc9f27a50f82571c1c8423a42970613b8dbda14ef,2021-11-24 12:26:46+00:00,140908,82914007625,6645427,88841,0.0,595,2.0,244,1450,1486,0.9757738896366084,71,508,620,0.8193548387096774,74,447,2889611,257,0xe555bb055ba1dbb33695668ee993b00429d9c475859e8b3213069bc70d771c65,2,1,8,885,83,528533,100,7,5.0,3.0,1,3,0,-0.7891915280063464,0.08568926633691286,0.09195279355363979,0.11102971599883116,-0.0805218998361025,0.004831765239428845,-0.30126591446131956,0.06574430347202334,-0.32093142561292215,-0.7976450062811727,-0.10965122215524387,0.19495665230954362,0.08495810622785853,0.09084643661548363,-0.09269622951894471,-0.18886778453757297,-0.16956612458213333,0.5814666428171384,-0.3225878975754,0.5750788179035072,-0.04476614810358456,0.5664709476590466,-0.12773524029461863,-0.5321695814753162,-0.5826404074079695,-0.6714655296982778,0.0,0.010411275096888847,0.25,0.8452380952380952,1.6790960451977401,0.002743437508277613,0.16517857142857142,6.2,0.00017580214921588088,0.0032258064516129032,0.0013458950201884253,2.0,0.014084507042253521
0x018320dec87ef35919ae2f454b372f82e22721eb3c7a18b8dfc3d99dd4bf3069,2,0x0841f5c18af6e25171970388c9f82a9a76a5564a,0xc9f27a50f82571c1c8423a42970613b8dbda14ef,2021-11-24 13:47:34+00:00,140926,92576542644,9899155,88853,0.0,39,2.0,243,1451,1487,0.9757901815736382,71,49,50,0.98,14,60,382038,258,0x018320dec87ef35919ae2f454b372f82e22721eb3c7a18b8dfc3d99dd4bf3069,2,2,8,885,83,528861,24,7,5.0,3.0,1,3,0,-0.7891915280063464,0.09128767652487266,0.09743465796008073,0.11102971599883116,-0.588766564643185,-0.5791602166253796,-0.8385371921833256,0.07267350914993473,-0.32093142561292215,-0.2528055211164373,-0.10965122215524387,0.19495665230954362,0.08495810622785853,0.09402996054914041,-0.6370412645552452,-0.9810881202775393,-1.0073000672517267,0.5814666428171384,-0.3225878975754,0.5750788179035072,-0.04476614810358456,0.5664709476590466,-0.1276945808244581,-0.29913643361062475,-0.12801838712268201,-0.6711523174183742,0.0,-0.5698482431338849,0.25,0.8452380952380952,1.680225988700565,0.0027436268818708852,0.22950819672131148,2.0833333333333335,0.00012825915678765781,0.04,0.0013449899125756557,1.0,0.028169014084507043
0xe34983f87cea46d920fbc52fc6dc3d0a2b2ef733094d20caf16210241ad7af38,2,0x4721a43133d1a13f3651a415b68f81e73edb5dc6,0xc9f27a50f82571c1c8423a42970613b8dbda14ef,2021-11-24 18:52:18+00:00,166558,101519500594,15168617,110741,0.0,544,2.0,242,1452,1488,0.9758064516129032,71,553,576,0.9600694444444444,115,328,2114566,259,0xe34983f87cea46d920fbc52fc6dc3d0a2b2ef733094d20caf16210241ad7af38,12,10,8,885,83,530216,72,7,5.0,3.0,1,3,0,-0.7891915280063464,0.09688608671283244,0.10291652236652167,0.11102971599883116,-0.030693991521682656,-0.04024831757118795,0.06586945864871789,0.07960271482784613,3.804151165812812,4.105910360201447,-0.10965122215524387,0.19495665230954362,0.08495810622785853,0.10718140850677742,-0.2932444003217923,-0.4324704200751854,-0.4284943805477044,0.5814666428171384,-0.3225878975754,0.5750788179035072,-0.04476614810358456,0.5664709476590466,-0.06979549531586149,-0.08345745928223494,0.608248891597774,-0.09985311887420174,0.0,-0.04281396848183321,0.25,0.8452380952380952,1.6813559322033897,0.002738501406028098,0.3495440729483283,8.0,0.00026151926139015696,0.020833333333333332,0.008064516129032258,1.2,0.14084507042253522
0xa56805fa481bf77b78addf14232bc1af8cbdaa16fc4038243c5cb25b7f2b73cd,2,0xf8abd7383110aebda2976bdcb236643699e7ba9c,0xc9f27a50f82571c1c8423a42970613b8dbda14ef,2021-11-24 21:15:00+00:00,140926,152456402526,9752765,88853,0.0,275,2.0,241,1453,1489,0.9758226997985225,71,274,290,0.9448275862068966,64,337,2178658,260,0xa56805fa481bf77b78addf14232bc1af8cbdaa16fc4038243c5cb25b7f2b73cd,2,2,8,885,83,530822,57,7,5.0,3.0,1,3,0,-0.7891915280063464,0.10248449690079224,0.10839838677296262,0.11102971599883116,-0.3396270230710857,-0.3332688558401971,-0.39081112741498725,0.08653192050575753,-0.32093142561292215,-0.2528055211164373,-0.10965122215524387,0.19495665230954362,0.08495810622785853,0.11306316309152135,-0.40068092039474634,-0.41404669133704664,-0.4070824241047296,0.5814666428171384,-0.3225878975754,0.5750788179035072,-0.04476614810358456,0.5664709476590466,-0.1276945808244581,1.1449972450317372,-0.14847249931324102,-0.6711523174183742,0.0,-0.32355103755391623,0.25,0.8452380952380952,1.6824858757062147,0.0027372589356527504,0.1893491124260355,5.087719298245614,0.00012576543644507928,0.006896551724137931,0.001343183344526528,1.0,0.028169014084507043
0x139e5f958e5878d8d8fdc3203589dc181b755de6d4abcb25e7fe04153a93e2d3,2,0x2e7182c1648e31b661b3716caadae5401459334d,0xc9f27a50f82571c1c8423a42970613b8dbda14ef,2021-11-25 00:03:15+00:00,140908,130365533761,3995363,93641,0.0,139,2.0,240,1454,1490,0.9758389261744966,72,134,149,0.8993288590604027,34,92,587522,261,0x139e5f958e5878d8d8fdc3203589dc181b755de6d4abcb25e7fe04153a93e2d3,2,2,8,885,84,531549,46,7,5.0,3.0,1,3,0,-0.7891915280063464,0.10808290708875204,0.11388025117940356,0.17278150465224107,-0.494647182271503,-0.47773003030149186,-0.6594467662759902,0.09346112618366892,-0.32093142561292215,-0.2528055211164373,-0.10965122215524387,0.19495665230954362,0.14634402113238057,0.12011932742008379,-0.47946770178157927,-0.9155815292086016,-0.9386516484517481,0.5814666428171384,-0.3225878975754,0.5750788179035072,-0.04476614810358456,0.5664709476590466,-0.12773524029461863,0.6122276688024022,-0.9529164260442262,-0.5461806177368365,0.0,-0.4654850204305084,0.25,0.8470588235294118,1.6836158192090396,0.002735396481986643,0.3655913978494624,3.239130434782609,0.00022807617744326604,0.013422818791946308,0.0013422818791946308,1.0,0.027777777777777776
0xebfef5bf2447149430659db8cdd732e3316e1affcb89c55af77738632addd623,2,0x318ca888e675ae7f0252803b68f23768866509ae,0xc9f27a50f82571c1c8423a42970613b8dbda14ef,2021-11-25 06:18:28+00:00,140926,137513506991,7512488,88853,0.0,35,2.0,239,1455,1491,0.9758551307847082,72,35,41,0.8536585365853658,14,246,1581577,262,0xebfef5bf2447149430659db8cdd732e3316e1affcb89c55af77738632addd623,2,2,8,885,84,533192,16,7,5.0,3.0,1,3,0,-0.7891915280063464,0.11368131727671184,0.11936211558584452,0.17278150465224107,-0.6042685805632267,-0.588381142654824,-0.8385371921833256,0.10039033186158032,-0.32093142561292215,-0.2528055211164373,-0.10965122215524387,0.19495665230954362,0.14634402113238057,0.13606606468532187,-0.6943407419274874,-0.6003310596893384,-0.6065561862736091,0.5814666428171384,-0.3225878975754,0.5750788179035072,-0.04476614810358456,0.5664709476590466,-0.1276945808244581,0.7846166639640296,-0.4614916747755609,-0.6711523174183742,0.0,-0.57402277204202,0.25,0.8470588235294118,1.6847457627118645,0.0027288430268214326,0.05668016194331984,2.5625,2.2129796949628788e-05,0.04878048780487805,0.0013413816230717639,1.0,0.027777777777777776
0x3f029cb695f3efc61d3aef2aa170a88ff51704fde1eea54921687ba3eb6977d6,2,0x643a6b677d7b82374de4e269b275c6bc5044e696,0xc9f27a50f82571c1c8423a42970613b8dbda14ef,2021-11-25 07:54:30+00:00,140890,147850487653,8788418,93629,0.0,516,2.0,238,1456,1492,0.9758713136729222,72,506,552,0.9166666666666666,159,1436,8916783,263,0x3f029cb695f3efc61d3aef2aa170a88ff51704fde1eea54921687ba3eb6977d6,2,2,8,885,84,533597,132,7,5.0,3.0,1,3,0,-0.7891915280063464,0.11927972746467162,0.12484397999228546,0.17278150465224107,-0.08273647353896561,-0.06483745364970621,0.45986839564485565,0.10731953753949172,-0.32093142561292215,-0.2528055211164373,-0.10965122215524387,0.19495665230954362,0.14634402113238057,0.1399969402741359,0.13650167997002394,1.8356952956867856,1.8440010029582325,0.5814666428171384,-0.3225878975754,0.5750788179035072,-0.04476614810358456,0.5664709476590466,-0.12777589976477916,1.0339155423997222,-0.2832143650733956,-0.5464938300167401,0.0,-0.07203567083877865,0.25,0.8470588235294118,1.6858757062146892,0.0027286459094674267,0.11064718162839249,4.181818181818182,5.674691682561785e-05,0.0036231884057971015,0.0013404825737265416,1.0,0.027777777777777776
0x20057d33dbfbbd0f56180a4e31a5e608b9dc3f2ddba49b3b1bb305f62f9d9af7,2,0xe4f8288e2e7eaee5ac51dc8a8270715156544246,0xc9f27a50f82571c1c8423a42970613b8dbda14ef,2021-11-25 08:26:03+00:00,140944,110439212601,10381396,88865,0.0,793,2.0,237,1457,1493,0.9758874748827864,72,721,815,0.8846625766871166,93,1374,8560994,264,0x20057d33dbfbbd0f56180a4e31a5e608b9dc3f2ddba49b3b1bb305f62f9d9af7,5,3,8,885,84,533727,182,7,5.0,3.0,1,3,0,-0.7891915280063464,0.12487813765263142,0.1303258443987264,0.17278150465224107,0.1553301995188181,0.20461849587738964,-0.13113000984935097,0.11424874321740312,0.9165933518147982,0.29203396404829823,-0.10965122215524387,0.19495665230954362,0.14634402113238057,0.14125870280881694,0.49462341354653744,1.7087762754907188,1.7251384527040736,0.5814666428171384,-0.3225878975754,0.5750788179035072,-0.04476614810358456,0.5664709476590466,-0.12765392135429757,0.13166088833052367,-0.06063802291141501,-0.6708391051384707,0.0,0.2170504560495745,0.25,0.8470588235294118,1.687005649717514,0.0027298549073685474,0.06763636363636363,4.478021978021978,8.421918246652404e-05,0.006134969325153374,0.003348961821835231,1.6666666666666667,0.041666666666666664
0x04406bba3eaa527ee5b1e1bca7ea446bb5381ed92da56be1e430e2cae3b51d2b,3,0x5b62f7cb26622935ed3b0e0e580f88476fa795d5,0xc9f27a50f82571c1c8423a42970613b8dbda14ef,2021-11-25 09:06:42+00:00,287665,90000000000,10239000,185387,0.0,43,,236,1458,1494,0.9759036144578314,72,43,49,0.8775510204081632,5,1267,7937547,265,0x04406bba3eaa527ee5b1e1bca7ea446bb5381ed92da56be1e430e2cae3b51d2b,1,1,13,886,84,533897,27,7,6.0,3.0,1,3,0,1.1356658573749856,0.13047654784059123,0.13580770880516735,0.17278150465224107,-0.5954102857517742,-0.5801847639619846,-0.9191278838416265,0.12117794889531451,-0.7334396847554956,-0.7976450062811727,2.213467891303306,0.20781319756867997,0.14634402113238057,0.1429086999695537,-0.6155539605406545,1.489738611603958,1.5168562956719434,0.5814666428171384,1.9176058355870982,0.5750788179035072,-0.04476614810358456,0.5664709476590466,0.20376819650255337,-0.36127539008098114,-0.08053407974239284,1.8484838682661628,0.0,-0.5656737142257499,0.23076923076923078,0.8470588235294118,1.6862302483069977,0.0027308587033478306,0.003943217665615142,1.8148148148148149,5.417290074970255e-06,0.02040816326530612,0.0006693440428380187,1.0,0.013888888888888888
0x8e228c5dbbb5c9ba25d6a09a40bc8e9d9acfd42ec1a407e3c8087a9f7b401c96,2,0x67f3961d25922673a74f70f7f1a39485e84d9d8e,0xc9f27a50f82571c1c8423a42970613b8dbda14ef,2021-11-25 09:32:57+00:00,140944,98452326802,15569500,88865,0.0,653,2.0,235,1459,1495,0.9759197324414716,72,704,724,0.9723756906077348,168,1165,7334523,266,0x8e228c5dbbb5c9ba25d6a09a40bc8e9d9acfd42ec1a407e3c8087a9f7b401c96,3,3,8,886,84,534012,140,7,5.0,3.0,1,3,0,-0.7891915280063464,0.13607495802855102,0.1412895732116083,0.17278150465224107,0.13650632304448174,0.11138468824634128,0.5404590873031565,0.1281071545732259,0.09157683352965129,0.29203396404829823,-0.10965122215524387,0.20781319756867997,0.14634402113238057,0.14402487451946383,0.1938011573422661,1.2809363525717188,1.315397086690036,0.5814666428171384,-0.3225878975754,0.5750788179035072,-0.04476614810358456,0.5664709476590466,-0.12765392135429757,-0.1574290580803125,0.6642616373952183,-0.6708391051384707,0.0,0.07094194426484726,0.25,0.8470588235294118,1.6873589164785554,0.002732143224977669,0.14408233276157806,5.171428571428572,9.598441562124549e-05,0.004143646408839779,0.002006688963210702,1.0,0.041666666666666664
0x7ed1baf31150bc5f0595d067bb851f1dea4a0b5245130e946e26a8655213c84a,3,0x473bbc06d7fdb7713d1ed334f8d8096cad6ec3f3,0xc9f27a50f82571c1c8423a42970613b8dbda14ef,2021-11-25 10:04:16+00:00,126840,94015860164,901645,84263,0.0,3259,2.0,234,1460,1496,0.9759358288770054,72,3107,3310,0.9386706948640483,264,581,3752177,267,0x7ed1baf31150bc5f0595d067bb851f1dea4a0b5245130e946e26a8655213c84a,3,3,6,886,84,534141,451,4,5.0,1.0,1,2,0,1.1356658573749856,0.1416733682165108,0.14677143761804923,0.17278150465224107,2.7973166270345016,2.7608641007066828,1.4000931316583662,0.1350363602511373,0.09157683352965129,0.29203396404829823,-1.038898867538664,0.20781319756867997,0.14634402113238057,0.14527693118849347,2.42131834018818,0.08544106556360404,0.1186012850975611,-1.7077721084314395,-0.3225878975754,-1.7160718510347697,-0.04476614810358456,-1.6291528804767927,-0.15951287508452722,-0.2644241462240468,-1.3851813010900074,-0.7909560144815025,0.0,2.790647527914841,0.5,0.8470588235294118,1.6884875846501128,0.0027333555496478466,0.4536082474226804,7.339246119733924,0.0008280524004991235,0.0009063444108761329,0.002005347593582888,1.0,0.041666666666666664
0x3e58d2313fc9b660de0688c742a89dcec29ad267081d65f8d3ccdc42d47d2cdf,2,0x6baadd8b3770fc18f0428f25ed50cc00c71e6201,0xc9f27a50f82571c1c8423a42970613b8dbda14ef,2021-11-25 14:32:36+00:00,140926,128782762354,4704543,88853,0.0,626,2.0,233,1461,1497,0.9759519038076152,72,654,671,0.9746646795827124,150,552,3568708,268,0x3e58d2313fc9b660de0688c742a89dcec29ad267081d65f8d3ccdc42d47d2cdf,16,11,8,886,84,535342,129,7,5.0,3.0,1,3,0,-0.7891915280063464,0.14727177840447062,0.15225330202449017,0.17278150465224107,0.08114198047290412,0.05708367940628013,0.37927770398655475,0.14196556592904871,5.4541842023831055,4.650749845366182,-0.10965122215524387,0.20781319756867997,0.14634402113238057,0.15693367583581602,0.11501437595543312,0.026075717407379163,0.05730767221863489,0.5814666428171384,-0.3225878975754,0.5750788179035072,-0.04476614810358456,0.5664709476590466,-0.1276945808244581,0.5740556774359369,-0.8538273674794291,-0.6711523174183742,0.0,0.04276387413493559,0.25,0.8470588235294118,1.6896162528216705,0.0027290914423089498,0.27124773960216997,5.2015503875969,0.00018325954848097729,0.02384500745156483,0.01068804275217101,1.4545454545454546,0.1527777777777778
0xa488efbd952c3bb104dcb950cf82ddfb02e2353f7f9dba44e904ffa71227b2cd,3,0x4d03aea34ffefd6af6cc154b3f03501ae083fb92,0xc9f27a50f82571c1c8423a42970613b8dbda14ef,2021-11-25 16:16:26+00:00,126840,138987791356,9405138,84263,0.0,654,,232,1462,1498,0.9759679572763685,72,653,684,0.9546783625730995,115,297,1912618,269,0xa488efbd952c3bb104dcb950cf82ddfb02e2353f7f9dba44e904ffa71227b2cd,3,3,6,886,84,535795,154,4,5.0,1.0,1,2,0,1.1356658573749856,0.1528701885924304,0.15773516643093113,0.17278150465224107,0.08003469362147256,0.07040279478214419,0.06586945864871789,0.1488947716069601,0.09157683352965129,0.29203396404829823,-1.038898867538664,0.20781319756867997,0.14634402113238057,0.1613304329758969,0.2940752427436899,-0.49592993017321885,-0.49596148689086533,-1.7077721084314395,-0.3225878975754,-1.7160718510347697,-0.04476614810358456,-1.6291528804767927,-0.15951287508452722,0.8201722532320728,-0.19704413438713586,-0.7909560144815025,0.0,0.07198557649188103,0.5,0.8470588235294118,1.690744920993228,0.0027286504565170325,0.3859060402684564,4.441558441558442,0.0003414166647931449,0.0043859649122807015,0.0020026702269692926,1.0,0.041666666666666664
0x0411a30617de3b92df97705a50ed274164ff770b510cf3fda7f65a3925a51025,2,0xd6f339332204054c927ed4ee72110e560cc2beb8,0xc9f27a50f82571c1c8423a42970613b8dbda14ef,2021-11-25 17:13:49+00:00,166576,126164452981,13047306,105953,0.0,1733,2.0,231,1463,1499,0.9759839893262174,72,1724,1794,0.9609810479375697,218,356,2300035,270,0x0411a30617de3b92df97705a50ed274164ff770b510cf3fda7f65a3925a51025,5,5,8,886,84,536053,203,7,5.0,3.0,1,3,0,-0.7891915280063464,0.15846859878039019,0.16321703083737207,0.17278150465224107,1.2659389115046649,1.2076503384136132,0.9881851520714949,0.1558239772848715,0.9165933518147982,1.3817129343777692,-0.10965122215524387,0.20781319756867997,0.14634402113238057,0.1638345463139562,0.6450345416486731,-0.3751521528898648,-0.36653260451446956,0.5814666428171384,-0.3225878975754,0.5750788179035072,-0.04476614810358456,0.5664709476590466,-0.06975483584570095,0.5109094250214268,0.3118520531179122,-0.22482481855573946,0.0,1.1980647494613146,0.25,0.8470588235294118,1.6918735891647856,0.002729202654956404,0.6106442577030813,8.83743842364532,0.0007495534852497961,0.002787068004459309,0.00333555703802535,1.0,0.06944444444444445
0xa42a5d702200ab69b62f53b9ed09719582ca2f9bc74aed310a4a92350682b140,3,0x5b23dab54350f1511fc7f11ea76d4f86c674f54c,0xc9f27a50f82571c1c8423a42970613b8dbda14ef,2021-11-25 17:15:55+00:00,250977,116188504100,6675079,165728,0.0,59,2.0,230,1464,1500,0.976,72,62,63,0.9841269841269841,4,7,43031,271,0xa42a5d702200ab69b62f53b9ed09719582ca2f9bc74aed310a4a92350682b140,1,1,6,887,84,536068,27,4,5.0,1.0,1,2,0,1.1356658573749856,0.16406700896835,0.168698895243813,0.17278150465224107,-0.5743718355745748,-0.5658411012495156,-0.9280824051369932,0.1627531829627829,-0.7334396847554956,-0.7976450062811727,-1.038898867538664,0.22066974282781635,0.14634402113238057,0.16398013429872707,-0.6155539605406545,-1.0895834117354677,-1.1205560604780818,-1.7077721084314395,-0.3225878975754,-1.7160718510347697,-0.04476614810358456,-1.6291528804767927,0.12089516087757708,0.27031761696014345,-0.5784973284088955,1.3353638507140846,0.0,-0.5489755985932097,0.5,0.8470588235294118,1.6910935738444195,0.002730991719349561,0.5,2.3333333333333335,0.0014407882506042016,0.015873015873015872,0.0006666666666666666,1.0,0.013888888888888888
0xb13408095b9a0c0a642b5280bfee927da302d36d989b28de22564053f49a7442,3,0xed36b17651229475a8eefbb64b706c18aafd4311,0xc9f27a50f82571c1c8423a42970613b8dbda14ef,2021-11-25 19:23:34+00:00,250977,80000000000,18294985,165728,0.0,755,2.0,229,1465,1501,0.9760159893404398,72,754,790,0.9544303797468354,170,415,2685991,272,0xb13408095b9a0c0a642b5280bfee927da302d36d989b28de22564053f49a7442,1,1,6,888,84,536615,103,4,5.0,1.0,1,2,0,1.1356658573749856,0.16966541915630978,0.17418075965025395,0.17278150465224107,0.19187066561605934,0.17900481246226646,0.5583681298938901,0.1696823886406943,-0.7334396847554956,-0.7976450062811727,-1.038898867538664,0.2335262880869527,0.14634402113238057,0.16928924281003885,-0.0712089255043539,-0.25437437560651077,-0.23759181532229626,-1.7077721084314395,-0.3225878975754,-1.7160718510347697,-0.04476614810358456,-1.6291528804767927,0.12089516087757708,-0.6024472434367154,1.0450757364708776,1.3353638507140846,0.0,0.17739243142229139,0.5,0.8470588235294118,1.6903153153153154,0.002730071410468566,0.40865384615384615,7.669902912621359,0.0002807156536579409,0.0012658227848101266,0.0006662225183211193,1.0,0.013888888888888888
0x83076b3bc2ab90d573b7dfb51f97cdd39753365b9956eb7123acad5ac2917c9b,2,0x5b62f7cb26622935ed3b0e0e580f88476fa795d5,0xc9f27a50f82571c1c8423a42970613b8dbda14ef,2021-11-25 19:56:32+00:00,140908,79000000000,16948169,88841,0.0,50,,228,1466,1502,0.9760319573901465,72,44,53,0.8301886792452831,5,1267,7940418,273,0x83076b3bc2ab90d573b7dfb51f97cdd39753365b9956eb7123acad5ac2917c9b,2,1,8,888,84,536768,27,7,5.0,3.0,1,3,0,-0.7891915280063464,0.1752638293442696,0.1796626240566949,0.17278150465224107,-0.5943029989003428,-0.5760865746155649,-0.9191278838416265,0.1766115943186057,-0.32093142561292215,-0.7976450062811727,-0.10965122215524387,0.2335262880869527,0.14634402113238057,0.17077424025470192,-0.6155539605406545,1.489738611603958,1.5178154438799536,0.5814666428171384,-0.3225878975754,0.5750788179035072,-0.04476614810358456,0.5664709476590466,-0.12773524029461863,-0.6265644287722888,0.8568939920618336,-0.6714655296982778,0.0,-0.5583682886365136,0.25,0.8470588235294118,1.6914414414414414,0.0027311562329419173,0.003943217665615142,1.962962962962963,5.541269295738676e-06,0.03773584905660377,0.0013315579227696406,2.0,0.013888888888888888
0xa7ca1116ad5fe90bda15173f77c6cfc31899d784dcb971f7aabb26f8642a2692,3,0xc50eaaee441566b4ef4f1e3270d19f24223cddf4,0xc9f27a50f82571c1c8423a42970613b8dbda14ef,2021-11-26 14:45:07+00:00,126714,70000000000,13836344,84179,0.0,6055,,227,1467,1503,0.9760479041916168,73,5619,6200,0.9062903225806451,578,1310,8178872,274,0xa7ca1116ad5fe90bda15173f77c6cfc31899d784dcb971f7aabb26f8642a2692,4,4,6,888,85,541676,457,4,5.0,1.0,1,2,0,1.1356658573749856,0.18086223953222938,0.18514448846313586,0.234533293305651,5.57882119783056,5.721805903494923,4.211812818403531,0.1835407999965171,0.5040850926722248,0.8368734492130337,-1.038898867538664,0.2335262880869527,0.2077299360369026,0.21841062887173693,2.4642929482173614,1.577763093352843,1.5974785322787102,-1.7077721084314395,-0.3225878975754,-1.7160718510347697,-0.04476614810358456,-1.6291528804767927,-0.15979749137565094,-0.8436190967924496,0.42209914495898276,-0.7931485004408277,0.0,5.70864323470125,0.5,0.8488372093023255,1.6925675675675675,0.0027082560271157905,0.440884820747521,13.566739606126914,0.0006870139687949672,0.0006451612903225806,0.0026613439787092482,1.0,0.0547945205479452
0x05e29fa3cc35bb26e04d5de05104410e8f3a905bdf80eb02b563e0a795b69111,3,0xc50eaaee441566b4ef4f1e3270d19f24223cddf4,0xc9f27a50f82571c1c8423a42970613b8dbda14ef,2021-11-26 15:19:56+00:00,126876,70000000000,3899325,79487,0.0,6056,,226,1468,1504,0.976063829787234,73,5620,6201,0.9063054346073214,578,1310,8179049,275,0x05e29fa3cc35bb26e04d5de05104410e8f3a905bdf80eb02b563e0a795b69111,5,4,6,888,85,541853,457,4,5.0,1.0,1,2,0,1.1356658573749856,0.18646064972018916,0.1906263528695768,0.234533293305651,5.579928484681992,5.722830450831528,4.211812818403531,0.19047000567442848,0.9165933518147982,0.8368734492130337,-1.038898867538664,0.2335262880869527,0.2077299360369026,0.2201285670920334,2.4642929482173614,1.577763093352843,1.5975376647178663,-1.7077721084314395,-0.3225878975754,-1.7160718510347697,-0.04476614810358456,-1.6291528804767927,-0.15943155614420615,-0.8436190967924496,-0.9663351843375312,-0.9156145018831366,0.0,5.709686866928284,0.5,0.8488372093023255,1.6936936936936937,0.0027092168739180664,0.440884820747521,13.568927789934355,0.0006871213649506972,0.0008063215610385422,0.003324468085106383,1.25,0.0547945205479452
0x4ac5dcdfbe5949f24a48edef96ea1ac1ee634c8c0ea7a05f5d341c05ce6f0c9c,2,0x76918841298c0eecf0fe9409cdad3000320666ed,0xc9f27a50f82571c1c8423a42970613b8dbda14ef,2021-11-26 16:11:11+00:00,166576,180152893387,5837208,105953,0.0,897,2.0,225,1469,1505,0.9760797342192691,73,901,938,0.9605543710021321,228,516,3337959,276,0x4ac5dcdfbe5949f24a48edef96ea1ac1ee634c8c0ea7a05f5d341c05ce6f0c9c,2,2,8,888,85,542070,290,7,5.0,3.0,1,3,0,-0.7891915280063464,0.19205905990814898,0.19610821727601774,0.234533293305651,0.3546418327764975,0.3306378182797957,1.0777303650251626,0.1973992113523399,-0.32093142561292215,-0.2528055211164373,-0.10965122215524387,0.2335262880869527,0.2077299360369026,0.2222347399383856,1.2681663580718066,-0.04761919754517585,-0.019781317628147627,0.5814666428171384,-0.3225878975754,0.5750788179035072,-0.04476614810358456,0.5664709476590466,-0.06975483584570095,1.81295864827149,-0.6955675342645952,-0.22482481855573946,0.0,0.32558820766108615,0.25,0.8488372093023255,1.6948198198198199,0.0027099771063200206,0.4410058027079304,3.2344827586206897,0.0002699253436230512,0.0021321961620469083,0.00132890365448505,1.0,0.0273972602739726
0x6eb71a747266f77b9e34a33d6823b28134074373e542566fa0ae44a621398194,3,0xe175b3ef6ac9e0e000f294552d33196523c41067,0xc9f27a50f82571c1c8423a42970613b8dbda14ef,2021-11-26 17:24:56+00:00,287701,119614355985,14333624,185411,0.0,270,2.0,224,1470,1506,0.9760956175298805,73,347,347,1.0,89,238,1531107,277,0x6eb71a747266f77b9e34a33d6823b28134074373e542566fa0ae44a621398194,1,1,13,889,85,542402,97,7,6.0,3.0,1,3,0,1.1356658573749856,0.19765747009610876,0.20159008168245868,0.234533293305651,-0.25879508291658243,-0.2748696576537163,-0.16694809503081806,0.20432841703025129,-0.7334396847554956,-0.7976450062811727,2.213467891303306,0.24638283334608904,0.2077299360369026,0.22545708733464798,-0.11418353353353551,-0.6167077074565729,-0.6234172834725876,0.5814666428171384,1.9176058355870982,0.5750788179035072,-0.04476614810358456,0.5664709476590466,0.20384951544287444,0.35293952180291205,0.4915808097593188,1.84911029282597,0.0,-0.32876919868908505,0.23076923076923078,0.8488372093023255,1.6940382452193476,0.0027101620013163645,0.3723849372384937,3.577319587628866,0.00022663326166410207,0.002881844380403458,0.0006640106241699867,1.0,0.0136986301369863
0xa312a6663993746167abe880d6ee6a4af41cb2656a092006383be967114c2fa6,2,0xe175b3ef6ac9e0e000f294552d33196523c41067,0xc9f27a50f82571c1c8423a42970613b8dbda14ef,2021-11-26 17:27:52+00:00,166558,116434671263,10061869,105941,0.0,271,2.0,223,1471,1507,0.9761114797611148,73,348,348,1.0,89,238,1531119,278,0xa312a6663993746167abe880d6ee6a4af41cb2656a092006383be967114c2fa6,2,1,8,889,85,542414,97,7,5.0,3.0,1,3,0,-0.7891915280063464,0.20325588028406857,0.20707194608889962,0.234533293305651,-0.25768779606515085,-0.27384511031711134,-0.16694809503081806,0.21125762270816267,-0.32093142561292215,-0.7976450062811727,-0.10965122215524387,0.24638283334608904,0.2077299360369026,0.22557355772246468,-0.11418353353353551,-0.6167077074565729,-0.6234132744936618,0.5814666428171384,-0.3225878975754,0.5750788179035072,-0.04476614810358456,0.5664709476590466,-0.06979549531586149,0.27625447605374676,-0.10528342974188673,-0.22513803083564307,0.0,-0.3277255664620513,0.25,0.8488372093023255,1.6951631046119235,0.0027119456504705805,0.3723849372384937,3.5876288659793816,0.00022728460212132295,0.005747126436781609,0.0013271400132714001,2.0,0.0136986301369863
0xc2f1574afecae51fba8b0f8ad0ce68df1511d712827d0a29bbbd26fa3be0b737,2,0x9a560c3cebb3a8c0f28efcc43f4d12e942f4eed7,0xc9f27a50f82571c1c8423a42970613b8dbda14ef,2021-11-26 18:38:12+00:00,140908,90244790106,20760472,93641,0.0,4931,2.0,222,1472,1508,0.9761273209549072,73,4545,4984,0.9119181380417335,433,676,4371856,279,0xc2f1574afecae51fba8b0f8ad0ce68df1511d712827d0a29bbbd26fa3be0b737,3,3,8,889,85,542717,575,7,5.0,3.0,1,3,0,-0.7891915280063464,0.20885429047202836,0.21255381049534056,0.234533293305651,4.389595119393073,4.4759563421833315,2.91340723057535,0.2181868283860741,0.09157683352965129,0.29203396404829823,-0.10965122215524387,0.24638283334608904,0.2077299360369026,0.22851443501483665,3.3094602394579336,0.2799137577995131,0.32562462274697385,0.5814666428171384,-0.3225878975754,0.5750788179035072,-0.04476614810358456,0.5664709476590466,-0.12773524029461863,-0.35537174172626446,1.389562024484846,-0.5461806177368365,0.0,4.535600611515298,0.25,0.8488372093023255,1.6962879640044994,0.0027122741460574367,0.6395864106351551,8.667826086956522,0.0010396039943666958,0.0006019261637239165,0.001989389920424403,1.0,0.0410958904109589
0x17aa8c4f2fb56db99b69e7f8a3763c770f3ee50858d6764ae3a3a539a9aa7e36,2,0x311df2479cb6091b26e82390eb472c125df6d4da,0xc9f27a50f82571c1c8423a42970613b8dbda14ef,2021-11-26 19:31:24+00:00,140944,127711659111,2004945,88865,0.0,20,2.0,221,1473,1509,0.9761431411530815,73,26,26,1.0,5,15,96607,280,0x17aa8c4f2fb56db99b69e7f8a3763c770f3ee50858d6764ae3a3a539a9aa7e36,2,2,8,889,85,542956,15,7,5.0,3.0,1,3,0,-0.7891915280063464,0.21445270065998814,0.21803567490178152,0.234533293305651,-0.6142341622261107,-0.603749352703898,-0.9191278838416265,0.22511603406398548,-0.32093142561292215,-0.2528055211164373,-0.10965122215524387,0.24638283334608904,0.2077299360369026,0.2308341369055195,-0.7015031765990176,-1.0732067639682332,-1.1026573059004618,0.5814666428171384,-0.3225878975754,0.5750788179035072,-0.04476614810358456,0.5664709476590466,-0.12765392135429757,0.548223682010972,-1.231024446251263,-0.6708391051384707,0.0,-0.5896772554475265,0.25,0.8488372093023255,1.6974128233970753,0.0027129220177656795,0.3125,1.7333333333333334,0.0002691288506127857,0.07692307692307693,0.0013253810470510272,1.0,0.0273972602739726
0x5175b3a536e2f24052ebc929b8782e8147c462070e01c1e6f3080edc7c02655a,3,0x57e648f095dc7d8b26e97dfd1d03be8d7fbfbf71,0xc9f27a50f82571c1c8423a42970613b8dbda14ef,2021-11-27 00:14:47+00:00,126822,98444849874,7295778,84251,0.0,1289,2.0,220,1474,1510,0.976158940397351,74,1327,1390,0.9546762589928057,233,514,3318427,281,0x5175b3a536e2f24052ebc929b8782e8147c462070e01c1e6f3080edc7c02655a,4,4,6,889,86,544120,366,4,5.0,1.0,1,2,0,1.1356658573749856,0.22005111084794796,0.22351753930822246,0.2962850819590609,0.8263460314863388,0.7937332144252228,1.1225029715019963,0.23204523974189686,0.5040850926722248,0.8368734492130337,-1.038898867538664,0.24638283334608904,0.26911585094142465,0.2421317645237405,1.8125113931081072,-0.05171335948698446,-0.026306598993125832,-1.7077721084314395,-0.3225878975754,-1.7160718510347697,-0.04476614810358456,-1.6291528804767927,-0.15955353455468776,-0.15760938053862922,-0.49177113821442997,-0.7912692267614061,0.0,0.7346920406583224,0.5,0.8505747126436781,1.6985376827896512,0.0027089562799450856,0.4524271844660194,3.797814207650273,0.0003998881398059563,0.0028776978417266188,0.0026490066225165563,1.0,0.05405405405405406
0x8a7b52e33a710a87d6a012240d6afd8cb2ded279fefea79314cd6abed3c0ff7f,3,0xb522bd8a501dfa970c40b57eb76c76256d55758d,0xc9f27a50f82571c1c8423a42970613b8dbda14ef,2021-11-27 03:49:53+00:00,250977,82126562867,18665740,165728,0.0,482,2.0,219,1475,1511,0.9761747187293184,74,500,514,0.9727626459143969,163,1479,9175305,282,0x8a7b52e33a710a87d6a012240d6afd8cb2ded279fefea79314cd6abed3c0ff7f,1,1,6,890,86,545110,126,4,5.0,1.0,1,2,0,1.1356658573749856,0.22564952103590774,0.2289994037146634,0.2962850819590609,-0.08938019464755492,-0.10377025244069343,0.4956864808263227,0.23897444541980828,-0.7334396847554956,-0.7976450062811727,-1.038898867538664,0.2592393786052254,0.26911585094142465,0.2517405715186192,0.09352707194084232,1.923719777435671,1.930368440447322,-1.7077721084314395,-0.3225878975754,-1.7160718510347697,-0.04476614810358456,-1.6291528804767927,0.12089516087757708,-0.551160532645528,1.096878894918932,1.3353638507140846,0.0,-0.10751916655792669,0.5,0.8505747126436781,1.6977528089887641,0.0027058709143642306,0.11013513513513513,4.079365079365079,5.4494095346792795e-05,0.0019455252918287938,0.0006618133686300463,1.0,0.013513513513513514
0xa2b723aea39be89da18a5642e5e14d0998431e02ed88edc9ee95f4b2c9d90876,2,0x3b6d869f5f01fd22d9b9bd29fbb2ec3e284306bc,0xc9f27a50f82571c1c8423a42970613b8dbda14ef,2021-11-27 06:47:24+00:00,166558,98315708240,21448257,110741,0.0,39,2.0,218,1476,1512,0.9761904761904762,74,50,50,1.0,20,254,1633435,283,0xa2b723aea39be89da18a5642e5e14d0998431e02ed88edc9ee95f4b2c9d90876,3,3,8,890,86,545915,19,7,5.0,3.0,1,3,0,-0.7891915280063464,0.23124793122386755,0.23448126812110434,0.2962850819590609,-0.5876592777917534,-0.5791602166253796,-0.784810064411125,0.24590365109771967,0.09157683352965129,0.29203396404829823,-0.10965122215524387,0.2592393786052254,0.26911585094142465,0.2595537933679903,-0.6728534379128965,-0.5839544119221041,-0.5892313838455402,0.5814666428171384,-0.3225878975754,0.5750788179035072,-0.04476614810358456,0.5664709476590466,-0.06979549531586149,-0.16072391326034602,1.485661700371065,-0.09985311887420174,0.0,-0.5698482431338849,0.25,0.8505747126436781,1.698876404494382,0.0027037126590904095,0.0784313725490196,2.6315789473684212,3.0610320820650455e-05,0.06,0.001984126984126984,1.0,0.04054054054054054
0xfeda2b4bfe6f3e93d7ee60183aa33971a932ffe1ab0f67ed4fd39a4ea289ec00,2,0xe29bdd620872e4daea7cfd491a39798a1f564915,0xc9f27a50f82571c1c8423a42970613b8dbda14ef,2021-11-27 08:43:00+00:00,166540,105836538390,9799491,110729,0.0,281,2.0,217,1477,1513,0.9762062128222075,74,293,306,0.9575163398692811,89,279,1794032,284,0xfeda2b4bfe6f3e93d7ee60183aa33971a932ffe1ab0f67ed4fd39a4ea289ec00,2,2,8,890,86,546413,58,7,5.0,3.0,1,3,0,-0.7891915280063464,0.23684634141182734,0.23996313252754528,0.2962850819590609,-0.3185885728938862,-0.3168760984545183,-0.16694809503081806,0.25283285677563105,-0.32093142561292215,-0.2528055211164373,-0.10965122215524387,0.2592393786052254,0.26911585094142465,0.2643873144623838,-0.39351848572321607,-0.5327773876494963,-0.5355788847992877,0.5814666428171384,-0.3225878975754,0.5750788179035072,-0.04476614810358456,0.5664709476590466,-0.06983615478602201,0.020657341344572488,-0.14194378255515605,-0.10016633115410534,0.0,-0.3172892441917136,0.25,0.8505747126436781,1.7,0.0027030786180441938,0.31785714285714284,5.275862068965517,0.00016331918086233643,0.006535947712418301,0.0013218770654329147,1.0,0.02702702702702703
0xace9934a20f0eda71936fcea7f9eb853ba12f97db88d9e096b87fd177e0f97f3,3,0x58214ca260a6344c0ca8f465cd33cd516fe5a3f7,0xc9f27a50f82571c1c8423a42970613b8dbda14ef,2021-11-27 09:34:50+00:00,126840,81652397923,1922056,84263,0.0,257,,216,1478,1514,0.9762219286657859,74,252,273,0.9230769230769231,77,229,1470434,285,0xace9934a20f0eda71936fcea7f9eb853ba12f97db88d9e096b87fd177e0f97f3,6,4,6,890,86,546645,78,4,5.0,1.0,1,2,0,1.1356658573749856,0.24244475159978712,0.24544499693398625,0.2962850819590609,-0.36398733380257986,-0.3506861605624809,-0.2744023505752193,0.25976206245354244,1.3291016109573717,0.8368734492130337,-1.038898867538664,0.2592393786052254,0.26911585094142465,0.2666390752935069,-0.25026979229261065,-0.6351314361947117,-0.6436870150032717,-1.7077721084314395,-0.3225878975754,-1.7160718510347697,-0.04476614810358456,-1.6291528804767927,-0.15951287508452722,-0.5625960564796078,-1.242605981228811,-0.7909560144815025,0.0,-0.342336417640524,0.5,0.8505747126436781,1.7011235955056179,0.0027037607519308656,0.3347826086956522,3.5,0.00017137785757275907,0.02197802197802198,0.003963011889035667,1.5,0.05405405405405406
0x67d3f99f64d2fecb088a5cd2f452b00fdf60f2ff4fa16fb32fc78e30ac78b8e9,2,0x4e940b46ca0eba37c84e9d8094c5815539559a5c,0xc9f27a50f82571c1c8423a42970613b8dbda14ef,2021-11-27 09:42:43+00:00,140944,78133195751,10986220,88865,0.0,61,2.0,215,1479,1515,0.9762376237623762,74,88,88,1.0,43,1568,9548197,286,0x67d3f99f64d2fecb088a5cd2f452b00fdf60f2ff4fa16fb32fc78e30ac78b8e9,7,7,8,890,86,546682,28,7,5.0,3.0,1,3,0,-0.7891915280063464,0.24804316178774694,0.2509268613404272,0.2962850819590609,-0.5455823774373544,-0.5402274178343924,-0.5788560746176893,0.2666912681314539,1.741609870099945,2.47139190470724,-0.10965122215524387,0.2592393786052254,0.26911585094142465,0.2669981923226084,-0.6083915258691242,2.105909983846154,2.0549447879155514,0.5814666428171384,-0.3225878975754,0.5750788179035072,-0.04476614810358456,0.5664709476590466,-0.12765392135429757,-0.6474693074950844,0.02387005791065393,-0.6708391051384707,0.0,-0.5468883341391422,0.25,0.8505747126436781,1.702247191011236,0.0027054069725965506,0.027405991077119184,3.142857142857143,9.216398738275013e-06,0.07954545454545454,0.0046204620462046205,1.0,0.0945945945945946
0x5fe7e7e3d6ffcf253c4eb41d745df677102de0e5f7bfe6261cdd0fff1b25082e,2,0x35478ca8b342db92a3185998303141e386c08fca,0xc9f27a50f82571c1c8423a42970613b8dbda14ef,2021-11-27 10:55:48+00:00,166576,72301582392,6145133,105953,0.0,7,2.0,214,1480,1516,0.9762532981530343,74,8,9,0.8888888888888888,5,209,1339926,287,0x5fe7e7e3d6ffcf253c4eb41d745df677102de0e5f7bfe6261cdd0fff1b25082e,2,2,8,890,86,547010,5,7,5.0,3.0,1,3,0,-0.7891915280063464,0.25364157197570675,0.2564087257468681,0.2962850819590609,-0.6341653255518787,-0.6211666574261817,-0.9191278838416265,0.27362047380936527,-0.32093142561292215,-0.2528055211164373,-0.10965122215524387,0.2592393786052254,0.26911585094142465,0.2701817162562652,-0.7731275233143203,-0.6760730556127977,-0.687287333474528,0.5814666428171384,-0.3225878975754,0.5750788179035072,-0.04476614810358456,0.5664709476590466,-0.06975483584570095,-0.7881114076794933,-0.6525431986113546,-0.22482481855573946,0.0,-0.6032444743989654,0.25,0.8505747126436781,1.703370786516854,0.0027056128670172996,0.023809523809523808,1.8,5.970474510924849e-06,0.2222222222222222,0.0013192612137203166,1.0,0.02702702702702703
0x866161f192798a61d64af4f20aa4790d329fb82922ee19b99c6a3cdec5d34557,3,0x991f3775c81d6f8331b9a812eda34ea48a7ea76d,0xc9f27a50f82571c1c8423a42970613b8dbda14ef,2021-11-27 12:14:22+00:00,284239,75144021304,5597879,183103,0.0,279,2.0,213,1481,1517,0.976268951878708,74,303,316,0.9588607594936709,105,460,2974876,288,0x866161f192798a61d64af4f20aa4790d329fb82922ee19b99c6a3cdec5d34557,1,1,12,891,86,547330,112,7,6.0,3.0,1,3,0,1.1356658573749856,0.2592399821636665,0.26189059015330907,0.2962850819590609,-0.3075157043795707,-0.306630625088469,-0.02367575430494978,0.28054967948727666,-0.7334396847554956,-0.7976450062811727,1.748844068611596,0.27209592386436177,0.26911585094142465,0.27328759326471086,-0.006747013460581465,-0.162255731915817,-0.1410806589060701,0.5814666428171384,1.9176058355870982,0.5750788179035072,-0.04476614810358456,0.5664709476590466,0.19602934401533226,-0.7195597816337436,-0.7290074018542823,1.788869130991177,0.0,-0.31937650864578115,0.25,0.8505747126436781,1.7025813692480358,0.0027058580639503335,0.227765726681128,2.8214285714285716,0.00010185295055896429,0.0031645569620253164,0.0006591957811470006,1.0,0.013513513513513514
0xfbca97b30b214d7c2016f5176eb55c7c0637d437c31410accb2002f7c02e8993,3,0x5ac70fff1eb7872b87fe7d408e2d9aac25149450,0xc9f27a50f82571c1c8423a42970613b8dbda14ef,2021-11-27 13:55:07+00:00,287701,91518364636,10925187,185411,0.0,403,2.0,212,1482,1518,0.9762845849802372,74,435,445,0.9775280898876404,125,495,3197899,289,0xfbca97b30b214d7c2016f5176eb55c7c0637d437c31410accb2002f7c02e8993,1,1,13,892,86,547732,137,7,6.0,3.0,1,3,0,1.1356658573749856,0.2648383923516263,0.26737245455975,0.2962850819590609,-0.16135383999060582,-0.1744640186664334,0.15541467160238556,0.28747888516518805,-0.7334396847554956,-0.7976450062811727,2.213467891303306,0.28495246912349814,0.26911585094142465,0.2771893512565707,0.1723138533276753,-0.09060789793416628,-0.06657278332438189,0.5814666428171384,1.9176058355870982,0.5750788179035072,-0.04476614810358456,0.5664709476590466,0.20384951544287444,-0.3246567087475886,0.015342318110623948,1.84911029282597,0.0,-0.18996611249359419,0.23076923076923078,0.8505747126436781,1.701793721973094,0.0027056978491345235,0.25201612903225806,3.2481751824817517,0.00013602676756621534,0.0022471910112359553,0.0006587615283267457,1.0,0.013513513513513514
0x30f14d46d2e49c5fdb1943d69a60988a8349680bba0e74be72b7bad9470ebc52,2,0xf13cfb041a1131ebe76d5284f90f5c2b8844efd3,0xc9f27a50f82571c1c8423a42970613b8dbda14ef,2021-11-27 19:11:13+00:00,140944,70433603281,16758584,88865,0.0,1192,2.0,211,1483,1519,0.9763001974983542,74,1163,1244,0.934887459807074,206,790,5052708,290,0x30f14d46d2e49c5fdb1943d69a60988a8349680bba0e74be72b7bad9470ebc52,3,2,8,892,86,549161,166,7,5.0,3.0,1,3,0,-0.7891915280063464,0.27043680253958613,0.27285431896619095,0.2962850819590609,0.6447509878515642,0.6441493032809035,0.8807308965270937,0.29440809084309943,0.09157683352965129,-0.2528055211164373,-0.10965122215524387,0.28495246912349814,0.26911585094142465,0.2910590332724107,0.3800244588020531,0.513280988482604,0.553084732715648,0.5814666428171384,-0.3225878975754,0.5750788179035072,-0.04476614810358456,0.5664709476590466,-0.12765392135429757,-0.8331618061024599,0.8304045265269806,-0.6708391051384707,0.0,0.6334597146360471,0.25,0.8505747126436781,1.702914798206278,0.0027004781831226486,0.2604298356510746,7.493975903614458,0.0002301735564031097,0.002411575562700965,0.0019749835418038184,1.5,0.02702702702702703
0x2cb63353d05d1a982e90706c6d56bf14338bcdb6cc15d92d5d6e1f5a3699738b,3,0x128b5aec9a39149935c0de26e7c97b0e3f19b0fc,0xc9f27a50f82571c1c8423a42970613b8dbda14ef,2021-11-27 20:11:38+00:00,126840,159164381516,6949175,84263,0.0,87,2.0,210,1484,1520,0.9763157894736842,74,96,97,0.9896907216494846,25,77,493347,291,0x2cb63353d05d1a982e90706c6d56bf14338bcdb6cc15d92d5d6e1f5a3699738b,4,4,6,892,86,549411,20,4,5.0,1.0,1,2,0,1.1356658573749856,0.2760352127275459,0.2783361833726319,0.2962850819590609,-0.536724082625902,-0.5310064918049481,-0.7400374579342911,0.3013372965210108,0.5040850926722248,0.8368734492130337,-1.038898867538664,0.28495246912349814,0.26911585094142465,0.2934854996852589,-0.6656910032413663,-0.9462877437721662,-0.9701137809802562,-1.7077721084314395,-0.3225878975754,-1.7160718510347697,-0.04476614810358456,-1.6291528804767927,-0.15951287508452722,1.3067748175607,-0.5401996965010911,-0.7909560144815025,0.0,-0.5197538962362642,0.5,0.8505747126436781,1.704035874439462,0.0027010695070366136,0.32051282051282054,4.85,0.00019458880952187907,0.041237113402061855,0.002631578947368421,1.0,0.05405405405405406
0xa98298617fd9cf8211269bfb8ef73ec1186eec36b0441f2878cabd22107fd593,2,0x643a6b677d7b82374de4e269b275c6bc5044e696,0xc9f27a50f82571c1c8423a42970613b8dbda14ef,2021-11-27 21:11:19+00:00,166558,106242707252,15588247,105941,0.0,519,2.0,209,1485,1521,0.9763313609467456,74,510,556,0.9172661870503597,160,1438,8932885,292,0xa98298617fd9cf8211269bfb8ef73ec1186eec36b0441f2878cabd22107fd593,3,3,8,892,86,549699,132,7,5.0,3.0,1,3,0,-0.7891915280063464,0.2816336229155057,0.2838180477790728,0.2962850819590609,-0.0783073261332394,-0.060739264303286494,0.4688229169402224,0.30826650219892227,0.09157683352965129,0.29203396404829823,-0.10965122215524387,0.28495246912349814,0.26911585094142465,0.29628078899286,0.13650167997002394,1.8397894576285942,1.8493803845135715,0.5814666428171384,-0.3225878975754,0.5750788179035072,-0.04476614810358456,0.5664709476590466,-0.06979549531586149,0.030452991066965432,0.6668810324443092,-0.22513803083564307,0.0,-0.06890477415767736,0.25,0.8505747126436781,1.7051569506726458,0.002701473531016918,0.11118832522585129,4.212121212121212,5.709241111998966e-05,0.00539568345323741,0.0019723865877712033,1.0,0.04054054054054054
0xd125f63246e4786d423314f9cd949c73cde15e291450490948b0180241a5b650,2,0xd85c72c04d324dc0427cce249727a2946a5e7673,0xc9f27a50f82571c1c8423a42970613b8dbda14ef,2021-11-27 21:36:49+00:00,140944,102641842796,1012191,88865,0.0,111,2.0,208,1486,1522,0.9763469119579501,74,128,128,1.0,48,418,2704208,293,0xd125f63246e4786d423314f9cd949c73cde15e291450490948b0180241a5b650,2,2,8,892,86,549804,43,7,5.0,3.0,1,3,0,-0.7891915280063464,0.2872320331034655,0.2892999121855138,0.2962850819590609,-0.5012909033800923,-0.4992455243701953,-0.5340834681408555,0.31519570787683365,-0.32093142561292215,-0.2528055211164373,-0.10965122215524387,0.28495246912349814,0.26911585094142465,0.2972999048862562,-0.5009550057961701,-0.24823313269379785,-0.23150585123127598,0.5814666428171384,-0.3225878975754,0.5750788179035072,-0.04476614810358456,0.5664709476590466,-0.12765392135429757,-0.056389724386665355,-1.3697354353463258,-0.6708391051384707,0.0,-0.4947067227874538,0.25,0.8505747126436781,1.7062780269058295,0.002702776438919253,0.11455847255369929,2.9767441860465116,4.733361955381407e-05,0.015625,0.001314060446780552,1.0,0.02702702702702703
0x16cb4c264b9f43a17ea0fbd301aaefa8360acdd7d8f5164115bf62843fd2057c,3,0x923a227366e0e3505af7faf523e35a90611034f1,0xc9f27a50f82571c1c8423a42970613b8dbda14ef,2021-11-27 23:25:35+00:00,126840,124657042418,2457931,84263,0.0,45,,207,1487,1523,0.9763624425476034,74,49,50,0.98,13,92,590632,294,0x16cb4c264b9f43a17ea0fbd301aaefa8360acdd7d8f5164115bf62843fd2057c,2,2,6,892,86,550276,18,4,5.0,1.0,1,2,0,1.1356658573749856,0.29283044329142527,0.29478177659195476,0.2962850819590609,-0.588766564643185,-0.5791602166253796,-0.8474917134786923,0.32212491355474504,-0.32093142561292215,-0.2528055211164373,-1.038898867538664,0.28495246912349814,0.26911585094142465,0.3018810734737135,-0.6800158725844269,-0.9155815292086016,-0.9376126547467981,-1.7077721084314395,-0.3225878975754,-1.7160718510347697,-0.04476614810358456,-1.6291528804767927,-0.15951287508452722,0.4745549250967547,-1.167731690839332,-0.7909560144815025,0.0,-0.5635864497716824,0.5,0.8505747126436781,1.7073991031390134,0.0027022753994806253,0.13978494623655913,2.7777777777777777,8.296183924704512e-05,0.04,0.0013131976362442547,1.0,0.02702702702702703
0x881513280f7f3b3b19d8c0bd49cd5a734bd874647545724e415e4edd756411d4,3,0x923a227366e0e3505af7faf523e35a90611034f1,0xc9f27a50f82571c1c8423a42970613b8dbda14ef,2021-11-27 23:35:04+00:00,126840,84307140476,214522,84263,0.0,48,,206,1488,1524,0.9763779527559056,74,52,53,0.9811320754716981,13,92,590676,295,0x881513280f7f3b3b19d8c0bd49cd5a734bd874647545724e415e4edd756411d4,3,2,6,892,86,550320,19,4,5.0,1.0,1,2,0,1.1356658573749856,0.2984288534793851,0.3002636409983957,0.2962850819590609,-0.5854447040888903,-0.5760865746155649,-0.8474917134786923,0.32905411923265643,0.09157683352965129,-0.2528055211164373,-1.038898867538664,0.28495246912349814,0.26911585094142465,0.3023081315623748,-0.6728534379128965,-0.9155815292086016,-0.9375979551574033,-1.7077721084314395,-0.3225878975754,-1.7160718510347697,-0.04476614810358456,-1.6291528804767927,-0.15951287508452722,-0.49857113831067346,-1.4811884800688548,-0.7909560144815025,0.0,-0.560455553090581,0.5,0.8505747126436781,1.7085201793721974,0.002703876464826892,0.13978494623655913,2.789473684210526,8.803457727319668e-05,0.05660377358490566,0.001968503937007874,1.5,0.02702702702702703
0x1664bc89d93abf203cee1e469294d2049358e3c311396b7ed1ae537d7aa4b4ac,2,0x3b6d869f5f01fd22d9b9bd29fbb2ec3e284306bc,0xc9f27a50f82571c1c8423a42970613b8dbda14ef,2021-11-28 00:07:16+00:00,166594,104069073257,7675308,105965,0.0,43,2.0,205,1489,1525,0.9763934426229508,75,54,54,1.0,21,255,1637990,296,0x1664bc89d93abf203cee1e469294d2049358e3c311396b7ed1ae537d7aa4b4ac,4,4,8,892,87,550470,19,7,5.0,3.0,1,3,0,-0.7891915280063464,0.3040272636673449,0.30574550540483664,0.35803687061247086,-0.5832301303860272,-0.5750620272789599,-0.7758555431157582,0.3359833249105678,0.5040850926722248,0.8368734492130337,-0.10965122215524387,0.28495246912349814,0.3305017658459467,0.3037640114100837,-0.6728534379128965,-0.5819073309511997,-0.5877096422616023,0.5814666428171384,-0.3225878975754,0.5750788179035072,-0.04476614810358456,0.5664709476590466,-0.06971417637554042,-0.02196894284215245,-0.43874190671171215,-0.22451160627583586,0.0,-0.5656737142257499,0.25,0.8522727272727273,1.7096412556053813,0.002704956301058548,0.08203125,2.8421052631578947,3.296721410557201e-05,0.07407407407407407,0.002622950819672131,1.0,0.05333333333333334
0xc9461d88303a6829ae12691f6f6a5e0832e62ae50576b0cf44626e9da1fc8976,2,0x26704535531ca6bd8aa22759c88702d2c9a56494,0xc9f27a50f82571c1c8423a42970613b8dbda14ef,2021-11-28 00:12:09+00:00,140944,82749041793,6589688,88865,0.0,34,2.0,204,1490,1526,0.9764089121887287,75,33,36,0.9166666666666666,16,204,1302506,297,0xc9461d88303a6829ae12691f6f6a5e0832e62ae50576b0cf44626e9da1fc8976,2,2,8,892,87,550493,19,7,5.0,3.0,1,3,0,-0.7891915280063464,0.3096256738553047,0.3112273698112776,0.35803687061247086,-0.6064831542660898,-0.5935038793378486,-0.820628149592592,0.34291253058847926,-0.32093142561292215,-0.2528055211164373,-0.10965122215524387,0.28495246912349814,0.3305017658459467,0.30398724632006574,-0.6728534379128965,-0.6863084604673193,-0.6997886660916427,0.5814666428171384,-0.3225878975754,0.5750788179035072,-0.04476614810358456,0.5664709476590466,-0.12765392135429757,-0.5361480930196973,-0.5904284513958756,-0.6708391051384707,0.0,-0.5750664042690538,0.25,0.8522727272727273,1.710762331838565,0.0027066598364378176,0.07804878048780488,1.894736842105263,2.5335756352940904e-05,0.05555555555555555,0.001310615989515072,1.0,0.02666666666666667
0x0e4b1c89f566eb3f837813b0eefee03c66c8b26a44b22c64a8cd68b91d2a740d,2,0xf2eb271bd3acae7aead18ff0ec90dae756a645e6,0xc9f27a50f82571c1c8423a42970613b8dbda14ef,2021-11-28 00:36:02+00:00,140908,101325532297,2884186,88841,0.0,359,2.0,203,1491,1527,0.9764243614931237,75,386,390,0.9897435897435898,132,1430,8879454,298,0x0e4b1c89f566eb3f837813b0eefee03c66c8b26a44b22c64a8cd68b91d2a740d,2,2,8,892,87,550580,84,7,5.0,3.0,1,3,0,-0.7891915280063464,0.31522408404326446,0.3167092342177185,0.35803687061247086,-0.21561089571075187,-0.2308141221797044,0.21809632066995294,0.34984173626639065,-0.32093142561292215,-0.2528055211164373,-0.10965122215524387,0.28495246912349814,0.3305017658459467,0.3048316566317369,-0.20729518426342902,1.8234128098613598,1.831530071764639,0.5814666428171384,-0.3225878975754,0.5750788179035072,-0.04476614810358456,0.5664709476590466,-0.12773524029461863,-0.08813542865020949,-1.1081738823019542,-0.6714655296982778,0.0,-0.2358859304830799,0.25,0.8522727272727273,1.7118834080717489,0.0027080484070463747,0.09224318658280922,4.642857142857143,4.347113646051475e-05,0.005128205128205128,0.0013097576948264572,1.0,0.02666666666666667
0xa5a8469098a48c9f473beab5d74f55ce6c9ccc82fbe594afb20b6a691974d3bf,3,0xe296e6d1cbafb0d3031f2be21d83cbc2faf0bdbf,0xc9f27a50f82571c1c8423a42970613b8dbda14ef,2021-11-28 03:16:14+00:00,126840,87188720070,15248386,84263,0.0,48,,202,1492,1528,0.9764397905759162,75,51,53,0.9622641509433962,15,130,830659,299,0xa5a8469098a48c9f473beab5d74f55ce6c9ccc82fbe594afb20b6a691974d3bf,2,2,6,892,87,551247,22,4,5.0,1.0,1,2,0,1.1356658573749856,0.3208224942312243,0.32219109862415946,0.35803687061247086,-0.5865519909403218,-0.5760865746155649,-0.8295826708879588,0.35677094194430203,-0.32093142561292215,-0.2528055211164373,-1.038898867538664,0.28495246912349814,0.3305017658459467,0.31130546902121575,-0.6513661338983058,-0.8377924523142379,-0.8574240560271778,-1.7077721084314395,-0.3225878975754,-1.7160718510347697,-0.04476614810358456,-1.6291528804767927,-0.15951287508452722,-0.42907554918296903,0.6193944894892194,-0.7909560144815025,0.0,-0.560455553090581,0.5,0.8522727272727273,1.7130044843049328,0.0027065857835311875,0.11450381679389313,2.409090909090909,6.139696145233911e-05,0.03773584905660377,0.0013089005235602095,1.0,0.02666666666666667
0xe205f86228e813585dd9751558fe7d700288e42da3d6de839d44f1776762e5f2,2,0xc829446abff40215071cb1efe03c35c924265397,0xc9f27a50f82571c1c8423a42970613b8dbda14ef,2021-11-28 03:22:19+00:00,140926,79429683731,10820407,88853,0.0,118,,201,1493,1529,0.9764551994767822,75,136,138,0.9855072463768116,38,1460,9057217,300,0xe205f86228e813585dd9751558fe7d700288e42da3d6de839d44f1776762e5f2,2,2,8,892,87,551275,31,7,5.0,3.0,1,3,0,-0.7891915280063464,0.3264209044191841,0.3276729630306004,0.35803687061247086,-0.4924326085686399,-0.48900005100414606,-0.6236286810945232,0.3637001476222134,-0.32093142561292215,-0.2528055211164373,-0.10965122215524387,0.28495246912349814,0.3305017658459467,0.31157723325945474,-0.5869042218545334,1.884825238988489,1.8909174151643224,0.5814666428171384,-0.3225878975754,0.5750788179035072,-0.04476614810358456,0.5664709476590466,-0.1276945808244581,-0.6162016665960811,0.000702097635681843,-0.6711523174183742,0.0,-0.48740129719821745,0.25,0.8522727272727273,1.7141255605381165,0.0027082622860418377,0.026009582477754964,4.451612903225806,1.5015648292886402e-05,0.014492753623188406,0.0013080444735120995,1.0,0.02666666666666667
0x9ed146be7ec79def9442b2a3720999f5909ba7c0d94fbb6fcd324bad5167155c,2,0xd9907cd11d99d21b431fc0a4ef513f3823142b0d,0xc9f27a50f82571c1c8423a42970613b8dbda14ef,2021-11-28 04:47:12+00:00,140908,65708145724,5459938,88841,0.0,638,2.0,200,1494,1530,0.9764705882352941,75,666,669,0.9955156950672646,166,352,2269655,301,0x9ed146be7ec79def9442b2a3720999f5909ba7c0d94fbb6fcd324bad5167155c,2,2,8,892,87,551671,161,7,5.0,3.0,1,3,0,-0.7891915280063464,0.33201931460714385,0.33315482743704133,0.35803687061247086,0.09442942269008274,0.055034584733070276,0.5225500447124231,0.3706293533001248,-0.32093142561292215,-0.2528055211164373,-0.10965122215524387,0.28495246912349814,0.3305017658459467,0.3154207560574062,0.3442122854444018,-0.38334047677348204,-0.37668200282841785,0.5814666428171384,-0.3225878975754,0.5750788179035072,-0.04476614810358456,0.5664709476590466,-0.12773524029461863,-0.947126541800015,-0.7482809908267388,-0.6714655296982778,0.0,0.05528746085934078,0.25,0.8522727272727273,1.7152466367713004,0.002708130918371786,0.4702549575070821,4.15527950310559,0.0002934365384005329,0.0029895366218236174,0.00130718954248366,1.0,0.02666666666666667
0x014f532886980c33867eb53329bbf247e7c67627edd5f01fc5a9e0ceae3eb6a1,2,0x888f33a3dab20a30f2229a1e96791082c66351fb,0xc9f27a50f82571c1c8423a42970613b8dbda14ef,2021-11-28 06:55:46+00:00,140926,72359167421,2347291,88853,0.0,81,2.0,199,1495,1531,0.976485956890921,75,115,116,0.9913793103448276,51,1437,8925754,302,0x014f532886980c33867eb53329bbf247e7c67627edd5f01fc5a9e0ceae3eb6a1,3,3,8,892,87,552245,30,7,5.0,3.0,1,3,0,-0.7891915280063464,0.33761772479510366,0.3386366918434823,0.35803687061247086,-0.5156856324487025,-0.5115400924094544,-0.5072199042547552,0.3775585589780362,0.09157683352965129,0.29203396404829823,-0.10965122215524387,0.28495246912349814,0.3305017658459467,0.3209919229413056,-0.5940666565260636,1.83774237665769,1.846998048786884,0.5814666428171384,-0.3225878975754,0.5750788179035072,-0.04476614810358456,0.5664709476590466,-0.1276945808244581,-0.7867226188625459,-1.1831906905849667,-0.6711523174183742,0.0,-0.5260156895984668,0.25,0.8522727272727273,1.7163677130044843,0.002707126896346918,0.03546592489568846,3.8666666666666667,1.2884064149195222e-05,0.02586206896551724,0.001959503592423253,1.0,0.04
0xb97e9c69128925e9655da940ebf41e3fafc1eaacb84db5365a6e0eab3cc08ed7,2,0x07072655d52d7a6d5380e6afd1927598cddda629,0xc9f27a50f82571c1c8423a42970613b8dbda14ef,2021-11-28 09:23:17+00:00,140944,70874870386,14604035,88865,0.0,152,2.0,198,1496,1532,0.9765013054830287,75,177,180,0.9833333333333333,85,1627,9825240,303,0xb97e9c69128925e9655da940ebf41e3fafc1eaacb84db5365a6e0eab3cc08ed7,3,2,8,892,87,552877,57,7,5.0,3.0,1,3,0,-0.7891915280063464,0.34321613498306347,0.3441185562499232,0.35803687061247086,-0.4470338476599463,-0.44596906286673915,-0.20276618021228512,0.38448776465594764,0.09157683352965129,-0.2528055211164373,-0.10965122215524387,0.28495246912349814,0.3305017658459467,0.32712603003298574,-0.40068092039474634,2.226687761129508,2.147499750295116,0.5814666428171384,-0.3225878975754,0.5750788179035072,-0.04476614810358456,0.5664709476590466,-0.12765392135429757,-0.822519685548683,0.529363560845877,-0.6708391051384707,0.0,-0.45191780147906946,0.25,0.8522727272727273,1.7174887892376682,0.0027058410716288223,0.05221130221130221,3.1578947368421053,1.8014825285201656e-05,0.016666666666666666,0.0019582245430809398,1.5,0.02666666666666667
0xbf14abaffb102b8c0205d917f64bf08ba59974cc560732c88155c82987ff1554,3,0x7f4193f4bade69eaf86b5d5c478b8781eb4347c0,0xc9f27a50f82571c1c8423a42970613b8dbda14ef,2021-11-28 13:32:29+00:00,126840,78678370831,27442831,84263,0.0,103,,197,1497,1533,0.9765166340508806,75,119,120,0.9916666666666667,61,1394,8680611,304,0xbf14abaffb102b8c0205d917f64bf08ba59974cc560732c88155c82987ff1554,5,5,6,892,87,553970,26,4,5.0,1.0,1,2,0,1.1356658573749856,0.3488145451710232,0.3496004206563642,0.35803687061247086,-0.5112564850429763,-0.5074419030630347,-0.41767469130108753,0.391416970333859,0.9165933518147982,1.3817129343777692,-1.038898867538664,0.28495246912349814,0.3305017658459467,0.3377345411899579,-0.6227163952121847,1.7497178949088048,1.765100288718542,-1.7077721084314395,-0.3225878975754,-1.7160718510347697,-0.04476614810358456,-1.6291528804767927,-0.15951287508452722,-0.6343212190503883,2.3232441112639415,-0.7909560144815025,0.0,-0.5030557806037239,0.5,0.8522727272727273,1.718609865470852,0.002702307521512859,0.04372759856630824,4.615384615384615,1.3708710860478501e-05,0.041666666666666664,0.0032615786040443573,1.0,0.06666666666666667
0xa2ebd7b94f26c0ba4ac0dd98d1bdb678405e0e4ed4349dabc3f5373d28369a24,2,0x71c2cf4877c991f5b7047636c8ebc04408a8312d,0xc9f27a50f82571c1c8423a42970613b8dbda14ef,2021-11-28 16:06:12+00:00,140926,134291682832,21425664,88853,0.0,519,2.0,196,1498,1534,0.9765319426336375,75,540,549,0.9836065573770492,132,446,2880166,305,0xa2ebd7b94f26c0ba4ac0dd98d1bdb678405e0e4ed4349dabc3f5373d28369a24,2,2,8,892,87,554651,133,7,5.0,3.0,1,3,0,-0.7891915280063464,0.35441295535898304,0.35508228506280515,0.35803687061247086,-0.045088720590292834,-0.06791109565952098,0.21809632066995294,0.3983461760117704,-0.32093142561292215,-0.2528055211164373,-0.10965122215524387,0.28495246912349814,0.3305017658459467,0.34434423569855627,0.1436641146415542,-0.19091486550847728,-0.1727215250783559,0.5814666428171384,-0.3225878975754,0.5750788179035072,-0.04476614810358456,0.5664709476590466,-0.1276945808244581,0.7069153336027986,1.4825049290292978,-0.6711523174183742,0.0,-0.06890477415767736,0.25,0.8522727272727273,1.7197309417040358,0.002700792569034277,0.2953020134228188,4.12781954887218,0.00018748912823457806,0.0036429872495446266,0.001303780964797914,1.0,0.02666666666666667
0xf5fbe7edd74b7b3d53975a4e1a3d3c9925e1eabc993415cdc7b6535b71479e62,3,0xa6b274cfd3910764bc3729ad8e1d03d285b18938,0xc9f27a50f82571c1c8423a42970613b8dbda14ef,2021-11-28 16:57:38+00:00,126840,95132328786,12246842,84263,0.0,22,2.0,195,1499,1535,0.9765472312703583,75,28,31,0.9032258064516129,9,81,517900,306,0xf5fbe7edd74b7b3d53975a4e1a3d3c9925e1eabc993415cdc7b6535b71479e62,4,3,6,892,87,554873,8,4,5.0,1.0,1,2,0,1.1356658573749856,0.36001136554694285,0.3605641494692461,0.35803687061247086,-0.6120195885232476,-0.5986266160208733,-0.8833097986601595,0.4052753816896818,0.5040850926722248,0.29203396404829823,-1.038898867538664,0.28495246912349814,0.3305017658459467,0.34649893787316544,-0.7516402192997296,-0.938099419888549,-0.9619110760163863,-1.7077721084314395,-0.3225878975754,-1.7160718510347697,-0.04476614810358456,-1.6291528804767927,-0.15951287508452722,-0.23749806554592054,0.20000848142241634,-0.7909560144815025,0.0,-0.587589990993459,0.5,0.8522727272727273,1.7208520179372198,0.0027015142176422037,0.10975609756097561,3.875,5.4064386822964234e-05,0.12903225806451613,0.0026058631921824105,1.3333333333333333,0.04
0x360891b8a8515daa0d303f14904b04ff6e068f5eb44331a7cdfe8d07619e954e,3,0xf04752fce08d4dd38d138ad3da8811d43f505ac8,0xc9f27a50f82571c1c8423a42970613b8dbda14ef,2021-11-28 17:24:15+00:00,152896,116613906990,4837475,101363,0.0,17,2.0,194,1500,1536,0.9765625,75,22,22,1.0,8,81,518066,307,0x360891b8a8515daa0d303f14904b04ff6e068f5eb44331a7cdfe8d07619e954e,3,3,6,892,87,554984,9,4,5.0,1.0,1,2,0,1.1356658573749856,0.36560977573490266,0.366046013875687,0.35803687061247086,-0.6186633096318369,-0.6078475420503177,-0.8922643199555261,0.4122045873675932,0.09157683352965129,0.29203396404829823,-1.038898867538664,0.28495246912349814,0.3305017658459467,0.34757628896047,-0.7444777846281992,-0.938099419888549,-0.9618556184745786,-1.7077721084314395,-0.3225878975754,-1.7160718510347697,-0.04476614810358456,-1.6291528804767927,-0.10065603316770476,0.280577137300562,-0.8352536531429622,-0.34462851561886776,0.0,-0.5928081521286278,0.5,0.8522727272727273,1.7219730941704037,0.0027027757506959647,0.0975609756097561,2.4444444444444446,4.2465549822706326e-05,0.13636363636363635,0.001953125,1.0,0.04
0x72be9e166d084598db23b6f23319eb6244e352548c27592eecedd8f539d1845b,2,0xaa0870435a65202c6889fdf60696e3aa14de6e3b,0xc9f27a50f82571c1c8423a42970613b8dbda14ef,2021-11-28 18:04:11+00:00,140926,144560118420,3756371,88853,0.0,62,2.0,193,1501,1537,0.9765777488614183,75,55,66,0.8333333333333334,17,264,1697355,308,0x72be9e166d084598db23b6f23319eb6244e352548c27592eecedd8f539d1845b,2,2,8,892,87,555163,23,7,5.0,3.0,1,3,0,-0.7891915280063464,0.3712081859228624,0.37152787828212797,0.35803687061247086,-0.5821228435345956,-0.5627674592397008,-0.8116736282972252,0.41913379304550463,-0.32093142561292215,-0.2528055211164373,-0.10965122215524387,0.28495246912349814,0.3305017658459467,0.3493136389120693,-0.6442036992267756,-0.5634836022130609,-0.567876889433836,0.5814666428171384,-0.3225878975754,0.5750788179035072,-0.04476614810358456,0.5664709476590466,-0.1276945808244581,0.9545610977849924,-0.9863092068396773,-0.6711523174183742,0.0,-0.5458447019121083,0.25,0.8522727272727273,1.7230941704035874,0.002703705571686925,0.06415094339622641,2.869565217391304,3.240333789729438e-05,0.030303030303030304,0.0013012361743656475,1.0,0.02666666666666667
0xcca196555966163da1c7d60c15c28ec1094c5ec177ca27004e4fb72f3fa9b813,3,0x1401528d8bc0031090d872ab9a92d95ec2ddac44,0xc9f27a50f82571c1c8423a42970613b8dbda14ef,2021-11-29 00:44:49+00:00,126858,113007955889,18799905,84275,0.0,471,2.0,192,1502,1538,0.976592977893368,76,473,506,0.9347826086956522,108,343,2209048,309,0xcca196555966163da1c7d60c15c28ec1094c5ec177ca27004e4fb72f3fa9b813,2,2,6,892,88,556888,84,4,5.0,1.0,1,2,0,1.1356658573749856,0.37680659611082223,0.3770097426885689,0.41978865926588077,-0.11927693963620684,-0.11196663113353286,0.0031878095811505203,0.426062998723416,-0.32093142561292215,-0.2528055211164373,-1.038898867538664,0.28495246912349814,0.3918876807504687,0.36605625716072154,-0.20729518426342902,-0.4017642055116208,-0.3969296849750098,-1.7077721084314395,-0.3225878975754,-1.7160718510347697,-0.04476614810358456,-1.6291528804767927,-0.1594722156143667,0.19361174628672995,1.1156248882384647,-0.7906428022015989,0.0,-0.11899912105529813,0.5,0.8539325842696629,1.7242152466367713,0.0026971263573171674,0.313953488372093,6.023809523809524,0.0002141192884358835,0.003952569169960474,0.0013003901170351106,1.0,0.02631578947368421
0x65eafb4101c149d69db107be8ef2ed47672edded92c1a5ff63724a81db5e902a,3,0x701a85bc65b8adbf90a7860195750696c1c40b38,0xc9f27a50f82571c1c8423a42970613b8dbda14ef,2021-11-29 02:01:01+00:00,250977,95000000000,7472327,165728,0.0,3,,191,1503,1539,0.9766081871345029,76,5,5,1.0,1,0,216,310,0x65eafb4101c149d69db107be8ef2ed47672edded92c1a5ff63724a81db5e902a,1,1,6,893,88,557229,4,4,5.0,1.0,1,2,0,1.1356658573749856,0.38240500629878205,0.38249160709500984,0.41978865926588077,-0.6374871861061733,-0.6252648467726014,-0.9549459690230936,0.4329922044013274,-0.7334396847554956,-0.7976450062811727,-1.038898867538664,0.2978090143826345,0.3918876807504687,0.36936595734784644,-0.7802899579858507,-1.1039129785317978,-1.1348597632039439,-1.7077721084314395,-0.3225878975754,-1.7160718510347697,-0.04476614810358456,-1.6291528804767927,0.12089516087757708,-0.24068946340311398,-0.4671031072483052,1.3353638507140846,0.0,-0.6074190033071005,0.5,0.8539325842696629,1.7234042553191489,0.0026972704269332235,1.0,1.25,0.02304147465437788,0.2,0.000649772579597141,1.0,0.013157894736842105
0x8f92a3b392cd4e419ebf02852646718e500eec4ea070f33f0773a022472fd9cc,3,0x49a216d58dc65db1db92405ebdc48fdf945db991,0xc9f27a50f82571c1c8423a42970613b8dbda14ef,2021-11-29 08:22:07+00:00,287701,85258777318,10602780,185411,0.0,861,2.0,190,1504,1540,0.9766233766233766,76,1023,1029,0.9941690962099126,380,2291,13580717,311,0x8f92a3b392cd4e419ebf02852646718e500eec4ea070f33f0773a022472fd9cc,1,1,13,894,88,558829,138,7,6.0,3.0,1,3,0,1.1356658573749856,0.3880034164867418,0.3879734715014508,0.41978865926588077,0.48973082865114687,0.4238716259108441,2.438817601920911,0.4399214100792388,-0.7334396847554956,-0.7976450062811727,2.213467891303306,0.31066555964177084,0.3918876807504687,0.38489534239007467,0.17947628799920556,3.5859495258099674,3.4021354294218957,0.5814666428171384,1.9176058355870982,0.5750788179035072,-0.04476614810358456,0.5664709476590466,0.20384951544287444,-0.4756203362199996,-0.029705492183942375,1.84911029282597,0.0,0.28801744748787056,0.23076923076923078,0.8539325842696629,1.7225950782997763,0.002691337258200168,0.16579406631762653,7.456521739130435,7.532738696142574e-05,0.0009718172983479105,0.0006493506493506494,1.0,0.013157894736842105
0x6c42beb92ee75a071fc0df11e6ca51b706911f32706586f5798dec79d1248964,3,0x0e775598456ded6f5c3d123fbfc094db0b08a4f6,0xc9f27a50f82571c1c8423a42970613b8dbda14ef,2021-11-29 13:02:25+00:00,126822,74777953470,12505513,84251,0.0,305,2.0,189,1505,1541,0.9766385463984426,76,319,326,0.9785276073619632,106,324,2087866,312,0x6c42beb92ee75a071fc0df11e6ca51b706911f32706586f5798dec79d1248964,2,2,6,894,88,560071,127,4,5.0,1.0,1,2,0,1.1356658573749856,0.3936018266747016,0.3934553359078917,0.41978865926588077,-0.28979911475666587,-0.29638515172241975,-0.014721233009583013,0.4468506157571502,-0.32093142561292215,-0.2528055211164373,-1.038898867538664,0.31066555964177084,0.3918876807504687,0.3969500275291043,0.10068950661237258,-0.4406587439588026,-0.43741435865772477,-1.7077721084314395,-0.3225878975754,-1.7160718510347697,-0.04476614810358456,-1.6291528804767927,-0.15955353455468776,-0.7283883074317135,0.2361508794990889,-0.7912692267614061,0.0,-0.29224207074290326,0.5,0.8539325842696629,1.7237136465324385,0.0026871545087060237,0.3261538461538461,2.5669291338582676,0.00015278750993238553,0.006134969325153374,0.0012978585334198572,1.0,0.02631578947368421
0xd22f5cd838798a66b646bdc8b96b3f34995e457c2e3c0ed25de87c32f5877315,2,0xfe99cb7011e55f1dd8c376f9134e24ef8a10b14d,0xc9f27a50f82571c1c8423a42970613b8dbda14ef,2021-11-29 13:45:41+00:00,166576,115000000000,2135110,105953,0.0,784,2.0,188,1506,1542,0.9766536964980544,76,803,803,1.0,261,534,3451470,313,0xd22f5cd838798a66b646bdc8b96b3f34995e457c2e3c0ed25de87c32f5877315,4,4,8,894,88,560253,172,7,5.0,3.0,1,3,0,-0.7891915280063464,0.39920023686266143,0.39893720031433266,0.41978865926588077,0.2461277213362054,0.19232392783813052,1.373229567772266,0.45377982143506157,0.5040850926722248,0.8368734492130337,-0.10965122215524387,0.31066555964177084,0.3918876807504687,0.3987164950776578,0.4229990668312347,-0.010771740068898342,0.018140616276216555,0.5814666428171384,-0.3225878975754,0.5750788179035072,-0.04476614810358456,0.5664709476590466,-0.06975483584570095,0.24165424330835455,-1.212837346631862,-0.22482481855573946,0.0,0.2076577660062706,0.25,0.8539325842696629,1.7248322147651007,0.002688066484130412,0.48785046728971965,4.6686046511627906,0.00023265442473658333,0.0049813200498132005,0.0025940337224383916,1.0,0.05263157894736842
0xecb716338b3ec4ebd72309becff056e29f6abf61962e31e0dee266556ac0955e,2,0xb890a476fb4a6f55eb66914ce0b4f1b98c601f68,0xc9f27a50f82571c1c8423a42970613b8dbda14ef,2021-11-29 15:12:05+00:00,166558,157949661728,17218651,110741,0.0,867,2.0,187,1507,1543,0.9766688269604666,76,886,931,0.9516648764769066,189,1398,8704300,314,0xecb716338b3ec4ebd72309becff056e29f6abf61962e31e0dee266556ac0955e,4,4,8,894,88,560629,159,7,5.0,3.0,1,3,0,-0.7891915280063464,0.4047986470506212,0.40441906472077366,0.41978865926588077,0.3380325300050242,0.3234659869235612,0.7285040345058587,0.460709027112973,0.5040850926722248,0.8368734492130337,-0.10965122215524387,0.31066555964177084,0.3918876807504687,0.40236590056258137,0.32988741610134126,1.757906218792422,1.7730143471997508,0.5814666428171384,-0.3225878975754,0.5750788179035072,-0.04476614810358456,0.5664709476590466,-0.06979549531586149,1.2774791953027154,0.8946866635115692,-0.09985311887420174,0.0,0.2942792408500732,0.25,0.8539325842696629,1.725950782997763,0.002688047375274245,0.135096497498213,5.855345911949685,0.00010178875937309612,0.004296455424274973,0.002592352559948153,1.0,0.05263157894736842
0x8fcb590769d4d02a82b75f0216989b8dedc06d9a3c72b0ca8366cab7747dfdba,3,0xf393cfda7d842acdf1806d132b6f4e4363161817,0xc9f27a50f82571c1c8423a42970613b8dbda14ef,2021-11-29 17:25:39+00:00,250977,133593817957,1770242,165728,0.0,31,2.0,186,1508,1544,0.9766839378238342,76,31,33,0.9393939393939394,14,117,749194,315,0x8fcb590769d4d02a82b75f0216989b8dedc06d9a3c72b0ca8366cab7747dfdba,1,1,6,895,88,561180,22,4,5.0,1.0,1,2,0,1.1356658573749856,0.410397057238581,0.4099009291272146,0.41978865926588077,-0.6086977279689529,-0.5965775213476634,-0.8385371921833256,0.4676382327908844,-0.7334396847554956,-0.7976450062811727,-1.038898867538664,0.3235221049009072,0.3918876807504687,0.40771383253649873,-0.6513661338983058,-0.864404504935994,-0.8846400117100546,-1.7077721084314395,-0.3225878975754,-1.7160718510347697,-0.04476614810358456,-1.6291528804767927,0.12089516087757708,0.6900847970732368,-1.2638179532767482,1.3353638507140846,0.0,-0.5781973009501551,0.5,0.8539325842696629,1.7251396648044692,0.0026871900509817686,0.11864406779661017,1.5,4.137774544677954e-05,0.030303030303030304,0.0006476683937823834,1.0,0.013157894736842105
0x2beab70faac9c99eac61618f21811eea102434bcb80e8a1cdb6d95830c7ba57f,2,0xc0618e67dcad60e14f810912eed85ec4cb02530e,0xc9f27a50f82571c1c8423a42970613b8dbda14ef,2021-11-30 09:34:58+00:00,166594,96224513832,14830854,105965,0.0,28,2.0,185,1509,1545,0.9766990291262136,77,37,37,1.0,11,89,568713,316,0x2beab70faac9c99eac61618f21811eea102434bcb80e8a1cdb6d95830c7ba57f,5,5,8,895,89,565333,8,7,5.0,3.0,1,3,0,-0.7891915280063464,0.4159954674265408,0.41538279353365554,0.4815404479192907,-0.6020540068603636,-0.5924793320012437,-0.8654007560694259,0.4745674384687958,0.9165933518147982,1.3817129343777692,-0.10965122215524387,0.3235221049009072,0.45327359565499076,0.4480222925867323,-0.7516402192997296,-0.9217227721213145,-0.9449353888364437,0.5814666428171384,-0.3225878975754,0.5750788179035072,-0.04476614810358456,0.5664709476590466,-0.06971417637554042,-0.21115763637079676,0.5610554883884031,-0.22451160627583586,0.0,-0.5813281976312564,0.25,0.8555555555555555,1.7262569832402235,0.0026692185504498226,0.12222222222222222,4.625,6.505906307915754e-05,0.13513513513513514,0.003236245954692557,1.0,0.06493506493506493
0xdf8364adbb1b470ee31899751e32fbeaf7db103376f0b1198beb17df71a8c772,2,0x11d0cb5c690bc838efc52c621f6b48040dd000f7,0xc9f27a50f82571c1c8423a42970613b8dbda14ef,2021-11-30 11:29:27+00:00,166522,87570387061,7959882,110717,0.0,3127,2.0,184,1510,1546,0.9767141009055628,77,2913,3174,0.9177693761814745,338,651,4208443,317,0xdf8364adbb1b470ee31899751e32fbeaf7db103376f0b1198beb17df71a8c772,3,3,8,895,89,565813,478,7,5.0,3.0,1,3,0,-0.7891915280063464,0.42159387761450057,0.4208646579400965,0.4815404479192907,2.5825029778567803,2.6215256629284127,2.062727707515507,0.4814966441467072,0.09157683352965129,0.29203396404829823,-0.10965122215524387,0.3235221049009072,0.45327359565499076,0.45268110809940076,2.6147040763194975,0.22873673352690546,0.2710313499794547,0.5814666428171384,-0.3225878975754,0.5750788179035072,-0.04476614810358456,0.5664709476590466,-0.06987681425618254,-0.41987081562455136,-0.39898025275641363,-0.10047954343400894,0.0,2.652888073946384,0.25,0.8555555555555555,1.7273743016759777,0.002668721523327454,0.5184049079754601,6.640167364016737,0.0006921798175287589,0.000945179584120983,0.0019404915912031048,1.0,0.03896103896103896
0xe52f9585687e1f91476eb1d77c3d1ef83864b717cf2e6cca8d12d362c0abe089,3,0xcf17566bd328e4609b7e650a5354eca1328ddc16,0xc9f27a50f82571c1c8423a42970613b8dbda14ef,2021-11-30 12:13:01+00:00,287701,89362804291,11908519,185411,0.0,272,2.0,183,1511,1547,0.9767291531997414,77,272,290,0.9379310344827586,82,453,2929231,318,0xe52f9585687e1f91476eb1d77c3d1ef83864b717cf2e6cca8d12d362c0abe089,1,1,13,896,89,565999,93,7,6.0,3.0,1,3,0,1.1356658573749856,0.4271922878024604,0.4263465223465374,0.4815404479192907,-0.3418415967739488,-0.3332688558401971,-0.2296297440983854,0.48842584982461856,-0.7334396847554956,-0.7976450062811727,2.213467891303306,0.3363786501600436,0.45327359565499076,0.45448639911055977,-0.1428332722196566,-0.17658529871214712,-0.1563298124952791,0.5814666428171384,1.9176058355870982,0.5750788179035072,-0.04476614810358456,0.5664709476590466,0.20384951544287444,-0.37664275708996625,0.15273683309502717,1.84911029282597,0.0,-0.3266819342350175,0.23076923076923078,0.8555555555555555,1.7265625,0.0026696113074204946,0.18061674008810572,3.118279569892473,9.285710384155301e-05,0.0034482758620689655,0.0006464124111182935,1.0,0.012987012987012988
0x987074b45c75364912e7045408b11bb490a6bcc85417ddd8c26064b4edb9c680,2,0xcf17566bd328e4609b7e650a5354eca1328ddc16,0xc9f27a50f82571c1c8423a42970613b8dbda14ef,2021-11-30 12:18:44+00:00,166576,84930163175,1199398,105953,0.0,273,2.0,182,1512,1548,0.9767441860465116,77,273,291,0.9381443298969072,82,453,2929258,319,0x987074b45c75364912e7045408b11bb490a6bcc85417ddd8c26064b4edb9c680,2,1,8,896,89,566026,93,7,5.0,3.0,1,3,0,-0.7891915280063464,0.4327906979904202,0.43182838675297835,0.4815404479192907,-0.3407343099225173,-0.3322443085035922,-0.2296297440983854,0.49535505550253,-0.32093142561292215,-0.7976450062811727,-0.10965122215524387,0.3363786501600436,0.45327359565499076,0.4547484574831474,-0.1428332722196566,-0.17658529871214712,-0.15632079229269596,0.5814666428171384,-0.3225878975754,0.5750788179035072,-0.04476614810358456,0.5664709476590466,-0.06975483584570095,-0.4835455844106213,-1.3435782321162009,-0.22482481855573946,0.0,-0.32563830200798377,0.25,0.8555555555555555,1.7276785714285714,0.002671250664720941,0.18061674008810572,3.129032258064516,9.319763120980426e-05,0.006872852233676976,0.0012919896640826874,2.0,0.012987012987012988
0xeee4176ad6253d9eeceb7f661301de364b8e47522cf3a2ae5117c734bf556357,2,0x006d0f31a00e1f9c017ab039e9d0ba699433a28c,0xc9f27a50f82571c1c8423a42970613b8dbda14ef,2021-11-30 15:05:27+00:00,140890,107391467938,11036861,88829,0.0,693,2.0,181,1513,1549,0.9767591994835377,77,684,729,0.9382716049382716,165,1624,9813632,320,0xeee4176ad6253d9eeceb7f661301de364b8e47522cf3a2ae5117c734bf556357,2,2,8,896,89,566765,179,7,5.0,3.0,1,3,0,-0.7891915280063464,0.43838910817838,0.4373102511594193,0.4815404479192907,0.11436058601585068,0.11650742492936592,0.5135955234170563,0.5022842611804413,-0.32093142561292215,-0.2528055211164373,-0.10965122215524387,0.3363786501600436,0.45327359565499076,0.46192109219952654,0.4731361095319466,2.2205465182167954,2.1436217313475088,0.5814666428171384,-0.3225878975754,0.5750788179035072,-0.04476614810358456,0.5664709476590466,-0.12777589976477916,0.0581578654374479,0.030945791877742528,-0.6717787419781814,0.0,0.1126872333461979,0.25,0.8555555555555555,1.7287946428571428,0.002669532046735337,0.10153846153846154,4.072625698324022,6.969895858139386e-05,0.0027434842249657062,0.0012911555842479018,1.0,0.025974025974025976
0x816559ee9712ed1f5e5bcd385a22d94ab10aa1d6ad72302e7e7b802d7f764329,2,0x0fda32b8144e206c78b6baa3d6826ae8574ec263,0xc9f27a50f82571c1c8423a42970613b8dbda14ef,2021-11-30 16:56:23+00:00,140944,128902899819,15480395,88865,0.0,389,2.0,180,1514,1550,0.9767741935483871,77,401,402,0.9975124378109452,126,349,2248840,321,0x816559ee9712ed1f5e5bcd385a22d94ab10aa1d6ad72302e7e7b802d7f764329,2,2,8,896,89,567252,111,7,5.0,3.0,1,3,0,-0.7891915280063464,0.44398751836633976,0.44279211556586023,0.4815404479192907,-0.1990015929392786,-0.2185195541404453,0.16436919289775231,0.5092134668583528,-0.32093142561292215,-0.2528055211164373,-0.10965122215524387,0.3363786501600436,0.45327359565499076,0.46664784877175475,-0.013909448132111734,-0.38948171968619494,-0.38363591085688503,0.5814666428171384,-0.3225878975754,0.5750788179035072,-0.04476614810358456,0.5664709476590466,-0.12765392135429757,0.5769530549450878,0.6518115816076661,-0.6708391051384707,0.0,-0.20457696367206693,0.25,0.8555555555555555,1.7299107142857142,0.002669003072703009,0.36,3.6216216216216215,0.00017831407378289527,0.004975124378109453,0.0012903225806451613,1.0,0.025974025974025976
0xd361e07b72c8d29331ccd4b8ed4ef2ef2ee695420f888bda13ff96d762aa4bc2,2,0x94bd1bd3c8abbc52b29668a65930d4575fa4caac,0xc9f27a50f82571c1c8423a42970613b8dbda14ef,2021-11-30 17:24:31+00:00,140926,75781757855,9782909,88853,0.0,476,2.0,179,1515,1551,0.97678916827853,77,502,523,0.9598470363288719,128,463,2991551,322,0xd361e07b72c8d29331ccd4b8ed4ef2ef2ee695420f888bda13ff96d762aa4bc2,2,2,8,896,89,567393,131,7,5.0,3.0,1,3,0,-0.7891915280063464,0.4495859285542996,0.4482739799723012,0.4815404479192907,-0.08716562094469182,-0.0945493264112491,0.18227823548848585,0.5161426725362642,-0.32093142561292215,-0.2528055211164373,-0.10965122215524387,0.3363786501600436,0.45327359565499076,0.4680163758286011,0.12933924529849367,-0.15611448900310407,-0.1355098486070218,0.5814666428171384,-0.3225878975754,0.5750788179035072,-0.04476614810358456,0.5664709476590466,-0.1276945808244581,-0.7041793710380072,-0.14426067638905077,-0.6711523174183742,0.0,-0.1137809599201293,0.25,0.8555555555555555,1.7310267857142858,0.0026701022569854457,0.27586206896551724,3.9923664122137406,0.00016780587467642215,0.0038240917782026767,0.0012894906511927789,1.0,0.025974025974025976
0xdeb7417cc278c21783d01765f6fb2993710ae75223751349e095bb45d2a372d0,2,0xad492e78ea607f1ccf1cefaa7ee37871932b1d02,0xc9f27a50f82571c1c8423a42970613b8dbda14ef,2021-12-01 01:23:06+00:00,166576,116751927679,9901282,105953,0.0,1136,,178,1516,1552,0.9768041237113402,78,1182,1214,0.9736408566721582,208,1635,9870262,323,0xdeb7417cc278c21783d01765f6fb2993710ae75223751349e095bb45d2a372d0,3,3,8,896,90,569507,226,7,5.0,3.0,1,3,0,-0.7891915280063464,0.4551843387422594,0.4537558443787421,0.5432922365727006,0.6657894380287637,0.6134128831827556,0.8986399391178272,0.5230718782141756,0.09157683352965129,0.29203396404829823,-0.10965122215524387,0.3363786501600436,0.5146595105595128,0.48853457581564513,0.8097705390938693,2.2430644088967426,2.162540771061758,0.5814666428171384,-0.3225878975754,0.5750788179035072,-0.04476614810358456,0.5664709476590466,-0.06975483584570095,0.28390580783731856,-0.12772119539763713,-0.22482481855573946,0.0,0.5750163099221561,0.25,0.8571428571428571,1.7321428571428572,0.0026619468032055738,0.1271393643031785,5.371681415929204,0.00011975364790178336,0.002471169686985173,0.0019329896907216496,1.0,0.038461538461538464
0x4879063c6025f59bbe88d48e8b18f83c36176bd597cf0b6e26611c02a3138f94,2,0xfc3a1fd0c90416912ac76b868a3155bd977cb505,0xc9f27a50f82571c1c8423a42970613b8dbda14ef,2021-12-01 01:57:27+00:00,140926,124145717880,25086609,88853,0.0,189,2.0,177,1517,1553,0.9768190598840953,78,218,220,0.990909090909091,62,426,2751138,324,0x4879063c6025f59bbe88d48e8b18f83c36176bd597cf0b6e26611c02a3138f94,2,2,8,896,90,569660,38,7,5.0,3.0,1,3,0,-0.7891915280063464,0.46078274893021914,0.45923770878518305,0.5432922365727006,-0.40163508675125265,-0.40498716940254204,-0.40872017000572075,0.530001083892087,-0.32093142561292215,-0.2528055211164373,-0.10965122215524387,0.3363786501600436,0.5146595105595128,0.4900195732603082,-0.5367671791538214,-0.23185648492656338,-0.2158274028154237,0.5814666428171384,-0.3225878975754,0.5750788179035072,-0.04476614810358456,0.5664709476590466,-0.1276945808244581,0.46222321644718223,1.9940247032861877,-0.6711523174183742,0.0,-0.41330340907882007,0.25,0.8571428571428571,1.7332589285714286,0.002662987285420627,0.1451990632318501,5.7894736842105265,7.923990754374825e-05,0.00909090909090909,0.00128783000643915,1.0,0.02564102564102564
0x7a974fe84914001af80be9d886991af3f47ab426a0663faadb106db7bfdc9d0f,3,0xd8047842874e3be4a1155ad052dbd5395d3a154f,0xc9f27a50f82571c1c8423a42970613b8dbda14ef,2021-12-01 12:33:48+00:00,126840,100477676422,8835034,84263,0.0,11,2.0,176,1518,1554,0.9768339768339769,78,14,14,1.0,4,82,524455,325,0x7a974fe84914001af80be9d886991af3f47ab426a0663faadb106db7bfdc9d0f,2,2,6,896,90,572398,9,4,5.0,1.0,1,2,0,1.1356658573749856,0.46638115911817896,0.46471957319162405,0.5432922365727006,-0.6275216044432893,-0.6160439207431571,-0.9280824051369932,0.5369302895699983,-0.32093142561292215,-0.2528055211164373,-1.038898867538664,0.3363786501600436,0.5146595105595128,0.5165942334138212,-0.7444777846281992,-0.9360523389176446,-0.9597211712781396,-1.7077721084314395,-0.3225878975754,-1.7160718510347697,-0.04476614810358456,-1.6291528804767927,-0.15951287508452722,-0.10858332592543926,-0.2767010178920642,-0.7909560144815025,0.0,-0.5990699454908304,0.5,0.8571428571428571,1.734375,0.002651996247372899,0.04819277108433735,1.5555555555555556,2.6694327074149213e-05,0.14285714285714285,0.001287001287001287,1.0,0.02564102564102564
0x286311bcabed60330343045c89661aa2170b2886f10bdfe9f760871b3c451604,3,0x23c2aa52895d15d5ba51f3f3b588a8d4f13d6af3,0xc9f27a50f82571c1c8423a42970613b8dbda14ef,2021-12-01 22:02:29+00:00,250959,155270500136,1139939,165716,0.0,278,2.0,175,1519,1555,0.9768488745980708,78,284,294,0.9659863945578231,86,272,1750296,326,0x286311bcabed60330343045c89661aa2170b2886f10bdfe9f760871b3c451604,1,1,6,897,90,574884,87,4,5.0,1.0,1,2,0,1.1356658573749856,0.47197956930613877,0.470201437598065,0.5432922365727006,-0.3285541545567702,-0.3291706664937774,-0.19381165891691834,0.5438594952479098,-0.7334396847554956,-0.7976450062811727,-1.038898867538664,0.34923519541917997,0.5146595105595128,0.5407230154231832,-0.1858078802488382,-0.5471069544458265,-0.550190276657709,-1.7077721084314395,-0.3225878975754,-1.7160718510347697,-0.04476614810358456,-1.6291528804767927,0.12085450140741655,1.2128653586445015,-1.3518860472452292,1.335050638434181,0.0,-0.32042014087281495,0.5,0.8571428571428571,1.73355629877369,0.002642267583951573,0.315018315018315,3.3793103448275863,0.00016225817675514498,0.003401360544217687,0.0006430868167202572,1.0,0.01282051282051282
0x6cf4fda853a16020594fc1fa01ff56582da96ab691cbfbf5b0f0ae4d8d1d76e6,3,0x4a84a23c377774aa71983b7713846594545f9054,0xc9f27a50f82571c1c8423a42970613b8dbda14ef,2021-12-02 00:08:22+00:00,287683,190811001449,11741482,185399,0.0,62,2.0,174,1520,1556,0.9768637532133676,79,76,77,0.987012987012987,26,257,1647094,327,0x6cf4fda853a16020594fc1fa01ff56582da96ab691cbfbf5b0f0ae4d8d1d76e6,1,1,13,898,91,575433,24,7,6.0,3.0,1,3,0,1.1356658573749856,0.4775779794940985,0.4756833020045059,0.6050440252261106,-0.5588698196545331,-0.5514974385370466,-0.7310829366389243,0.5507887009258211,-0.7334396847554956,-0.7976450062811727,2.213467891303306,0.3620917406783163,0.5760454254640348,0.5460515356657978,-0.6370412645552452,-0.5778131690093911,-0.5846681635831894,0.5814666428171384,1.9176058355870982,0.5750788179035072,-0.04476614810358456,0.5664709476590466,0.20380885597271392,2.070002215729313,0.12939785134781487,1.8487970805460665,0.0,-0.5458447019121083,0.23076923076923078,0.8586956521739131,1.7327394209354121,0.002641484514297035,0.10077519379844961,3.2083333333333335,4.6141843670219384e-05,0.012987012987012988,0.0006426735218508997,1.0,0.012658227848101266
0x66cf96897876855d9d6959992f51b7f2c99ea6c0abf0b6b3c2ffff95e1a830b6,2,0x4a84a23c377774aa71983b7713846594545f9054,0xc9f27a50f82571c1c8423a42970613b8dbda14ef,2021-12-02 00:09:50+00:00,140926,201299205571,3790437,88853,0.0,63,2.0,173,1521,1557,0.976878612716763,79,77,78,0.9871794871794872,26,257,1647098,328,0x66cf96897876855d9d6959992f51b7f2c99ea6c0abf0b6b3c2ffff95e1a830b6,2,1,8,898,91,575437,24,7,5.0,3.0,1,3,0,-0.7891915280063464,0.48317638968205834,0.48116516641094687,0.6050440252261106,-0.5577625328031015,-0.5504728912004417,-0.7310829366389243,0.5577179066037325,-0.32093142561292215,-0.7976450062811727,-0.10965122215524387,0.3620917406783163,0.5760454254640348,0.5460903591284034,-0.6370412645552452,-0.5778131690093911,-0.5846668272568808,0.5814666428171384,-0.3225878975754,0.5750788179035072,-0.04476614810358456,0.5664709476590466,-0.1276945808244581,2.322948178376912,-0.9815493886425082,-0.6711523174183742,0.0,-0.5448010696850746,0.25,0.8586956521739131,1.7338530066815145,0.0026432039594187383,0.10077519379844961,3.25,4.6748859661744677e-05,0.02564102564102564,0.0012845215157353885,2.0,0.012658227848101266
0x181514d434fd040fa156850abebd4ac5ee8d6a768e39b1795f0d12b9401c1c92,3,0x6dea2c277a16ca37816332800d5ecc2eec008ba3,0xc9f27a50f82571c1c8423a42970613b8dbda14ef,2021-12-02 05:54:36+00:00,284239,88702559474,4579741,183103,0.0,37,2.0,172,1522,1558,0.9768934531450578,79,44,44,1.0,18,174,1112904,329,0x181514d434fd040fa156850abebd4ac5ee8d6a768e39b1795f0d12b9401c1c92,1,1,12,899,91,576966,22,7,6.0,3.0,1,3,0,1.1356658573749856,0.48877479987001815,0.4866470308173878,0.6050440252261106,-0.5943029989003428,-0.5853075006450092,-0.8027191070018586,0.564647112281644,-0.7334396847554956,-0.7976450062811727,1.748844068611596,0.37494828593745266,0.5760454254640348,0.5609306277093827,-0.6513661338983058,-0.7477208895944485,-0.7631312012832563,0.5814666428171384,1.9176058355870982,0.5750788179035072,-0.04476614810358456,0.5664709476590466,0.19602934401533226,-0.392566003708407,-0.8712651303703789,1.788869130991177,0.0,-0.5719355075879525,0.25,0.8586956521739131,1.7330367074527253,0.002637932498739096,0.10285714285714286,2.0,3.9536168855382986e-05,0.022727272727272728,0.0006418485237483953,1.0,0.012658227848101266
0x56a465e3820b98d9798099d84e1c2dd430945ba36794db4714e00ab58f29fe8f,3,0xc149d68d58b83cb2c612f882bbc0eb3b2b473a9a,0xc9f27a50f82571c1c8423a42970613b8dbda14ef,2021-12-02 13:15:01+00:00,287701,98000000000,5772280,185411,0.0,487,2.0,171,1523,1559,0.9769082745349583,79,573,596,0.9614093959731543,151,607,3919547,330,0x56a465e3820b98d9798099d84e1c2dd430945ba36794db4714e00ab58f29fe8f,1,1,13,900,91,578849,116,7,6.0,3.0,1,3,0,1.1356658573749856,0.49437321005797796,0.49212889522382874,0.6050440252261106,-0.008548254493051613,-0.01975737083908941,0.3882322252819215,0.5715763179595553,-0.7334396847554956,-0.7976450062811727,2.213467891303306,0.38780483119658904,0.5760454254640348,0.579206772730955,0.021902725225539616,0.138665170807116,0.1745165186658799,0.5814666428171384,1.9176058355870982,0.5750788179035072,-0.04476614810358456,0.5664709476590466,0.20384951544287444,-0.1683379073963937,-0.704639496805128,1.84911029282597,0.0,-0.10230100542275787,0.23076923076923078,0.8586956521739131,1.7322222222222223,0.002631078863263367,0.24835526315789475,5.137931034482759,0.00014619032602738888,0.0016778523489932886,0.0006414368184733803,1.0,0.012658227848101266
0xe98d088492ecb9abdbf194b697f5c21cfe99a9b99379d4e080226d2f8a135f9d,3,0x5bffcd8f4809e29bcace4c9c21e0c3b6963ecec1,0xc9f27a50f82571c1c8423a42970613b8dbda14ef,2021-12-02 14:51:55+00:00,250977,102552615958,7423645,165728,0.0,343,2.0,170,1524,1560,0.9769230769230769,79,335,361,0.9279778393351801,113,278,1788039,331,0xe98d088492ecb9abdbf194b697f5c21cfe99a9b99379d4e080226d2f8a135f9d,1,1,6,901,91,579272,82,4,5.0,1.0,1,2,0,1.1356658573749856,0.4999716202459377,0.4976107596302697,0.6050440252261106,-0.272082525133761,-0.2605259949412473,0.04796041605798435,0.5785055236374668,-0.7334396847554956,-0.7976450062811727,-1.038898867538664,0.40066137645572536,0.5760454254640348,0.5833123539014942,-0.22162005360648956,-0.5348244686204007,-0.5375810356911735,-1.7077721084314395,-0.3225878975754,-1.7160718510347697,-0.04476614810358456,-1.6291528804767927,0.12089516087757708,-0.05854162457561854,-0.47390512302575444,1.3353638507140846,0.0,-0.25258404611562013,0.5,0.8586956521739131,1.7314095449500555,0.0026308838837646497,0.4050179211469534,4.402439024390244,0.0001873559875617995,0.002770083102493075,0.000641025641025641,1.0,0.012658227848101266
0xa30a91bc41cb39e1035821857fbb027ca483fe65524ef8a427705547c6333f3c,2,0x372e58859dcae9fb5260b63bda602558afc84dc7,0xc9f27a50f82571c1c8423a42970613b8dbda14ef,2021-12-02 17:15:44+00:00,166576,139246579893,4096945,105953,0.0,122,2.0,169,1525,1561,0.9769378603459321,79,134,137,0.9781021897810219,52,257,1653630,332,0xa30a91bc41cb39e1035821857fbb027ca483fe65524ef8a427705547c6333f3c,3,3,8,901,91,579897,42,7,5.0,3.0,1,3,0,-0.7891915280063464,0.5055700304338975,0.5030926240367106,0.6050440252261106,-0.494647182271503,-0.490024598340751,-0.49826538295938844,0.5854347293153781,0.09157683352965129,0.29203396404829823,-0.10965122215524387,0.40066137645572536,0.5760454254640348,0.5893785199336146,-0.5081174404677004,-0.5778131690093911,-0.5824846063949087,0.5814666428171384,-0.3225878975754,0.5750788179035072,-0.04476614810358456,0.5664709476590466,-0.06975483584570095,0.8264135043416236,-0.9387230410825391,-0.22482481855573946,0.0,-0.48322676829008243,0.25,0.8586956521739131,1.732519422863485,0.002629772822116993,0.20155038759689922,3.261904761904762,8.103379774568812e-05,0.021897810218978103,0.0019218449711723255,1.0,0.0379746835443038
0x2a0cd914addfe2b31c395a00d3267065ffeaf607b1e1e6082a7d5ea27708217d,3,0x676f3d2c9f5776e09d23986adc6684fb41e9000e,0xc9f27a50f82571c1c8423a42970613b8dbda14ef,2021-12-02 17:16:16+00:00,126822,101403969744,6697945,84251,0.0,971,2.0,168,1526,1562,0.9769526248399488,79,919,1029,0.8931000971817298,220,1403,8735363,333,0x2a0cd914addfe2b31c395a00d3267065ffeaf607b1e1e6082a7d5ea27708217d,4,4,6,901,91,579904,225,4,5.0,1.0,1,2,0,1.1356658573749856,0.5111684406218573,0.5085744884431516,0.6050440252261106,0.37457299610226547,0.4238716259108441,1.0060941946622284,0.5923639349932895,0.5040850926722248,0.8368734492130337,-1.038898867538664,0.40066137645572536,0.5760454254640348,0.5894464609931742,0.8026081044223391,1.7681416236469436,1.7833919232308955,-1.7077721084314395,-0.3225878975754,-1.7160718510347697,-0.04476614810358456,-1.6291528804767927,-0.15955353455468776,-0.08624373820366127,-0.5753024125720942,-0.7912692267614061,0.0,0.4028169924615848,0.5,0.8586956521739131,1.7336293007769146,0.002631465498659263,0.15669515669515668,4.573333333333333,0.00010520454556902265,0.003887269193391642,0.002560819462227913,1.0,0.05063291139240506
0x3d931ac95bc7f39cc6837a415c2ccd9cef38a0b6d3e05cc7c762827aa12f271f,3,0x701a85bc65b8adbf90a7860195750696c1c40b38,0xc9f27a50f82571c1c8423a42970613b8dbda14ef,2021-12-03 00:48:55+00:00,126876,76000000000,5652056,79487,0.0,5,,167,1527,1563,0.9769673704414588,80,8,8,1.0,3,4,24851,334,0x3d931ac95bc7f39cc6837a415c2ccd9cef38a0b6d3e05cc7c762827aa12f271f,2,2,6,901,92,581864,4,4,5.0,1.0,1,2,0,1.1356658573749856,0.5167668508098171,0.5140563528495925,0.6667958138795205,-0.6341653255518787,-0.6221912047627866,-0.93703692643236,0.599293140671201,-0.32093142561292215,-0.2528055211164373,-1.038898867538664,0.40066137645572536,0.6374313403685569,0.6084699576699039,-0.7802899579858507,-1.0957246546481805,-1.1266296635507473,-1.7077721084314395,-0.3225878975754,-1.7160718510347697,-0.04476614810358456,-1.6291528804767927,-0.15943155614420615,-0.6989159847790091,-0.7214376058562776,-0.9156145018831366,0.0,-0.605331738853033,0.5,0.8602150537634409,1.734739178690344,0.0026243200742440257,0.6,2.0,0.00032190568163528087,0.25,0.0012795905310300703,1.0,0.025
0xe48704d51122e2ba921c560c81b01c40c56060372f951e40239f43894bf77a1b,2,0x03464270367d233f970d1c6d60dea3defc37df2c,0xc9f27a50f82571c1c8423a42970613b8dbda14ef,2021-12-03 03:15:09+00:00,140908,70643845372,15482651,88841,0.0,284,2.0,166,1528,1564,0.9769820971867008,80,310,322,0.9627329192546584,95,368,2370337,335,0xe48704d51122e2ba921c560c81b01c40c56060372f951e40239f43894bf77a1b,2,2,8,901,92,582503,74,7,5.0,3.0,1,3,0,-0.7891915280063464,0.5223652609977769,0.5195382172560334,0.6667958138795205,-0.29976469641954984,-0.30048334106883945,-0.11322096725861745,0.6062223463491123,-0.32093142561292215,-0.2528055211164373,-0.10965122215524387,0.40066137645572536,0.6374313403685569,0.6146720058211437,-0.27891953097873173,-0.3505871812390131,-0.34304600147736647,0.5814666428171384,-0.3225878975754,0.5750788179035072,-0.04476614810358456,0.5664709476590466,-0.12773524029461863,-0.8280913586284744,0.6521267976545402,-0.6714655296982778,0.0,-0.31415834751061233,0.25,0.8602150537634409,1.7358490566037736,0.002623157952563416,0.25745257452574527,4.351351351351352,0.00013078303600583545,0.006211180124223602,0.0012787723785166241,1.0,0.025
0xe5fbb6a4f59882d8b907ec132c01f879d028c5a5743d42297d05268588ea77d0,3,0x1128cdb6df17e282ce448e7770d0f02ce1299e1a,0xc9f27a50f82571c1c8423a42970613b8dbda14ef,2021-12-03 10:20:21+00:00,287701,61377427805,13782101,185411,0.0,253,2.0,165,1529,1565,0.9769968051118211,80,286,292,0.9794520547945206,74,250,1605590,336,0xe5fbb6a4f59882d8b907ec132c01f879d028c5a5743d42297d05268588ea77d0,1,1,13,902,92,584351,58,7,6.0,3.0,1,3,0,1.1356658573749856,0.5279636711857367,0.5250200816624744,0.6667958138795205,-0.3263395808539071,-0.33121976116698726,-0.30126591446131956,0.6131515520270238,-0.7334396847554956,-0.7976450062811727,2.213467891303306,0.41351792171486174,0.6374313403685569,0.6326084455449172,-0.39351848572321607,-0.5921427358057212,-0.5985338853614023,0.5814666428171384,1.9176058355870982,0.5750788179035072,-0.04476614810358456,0.5664709476590466,0.20384951544287444,-1.051571268488627,0.4145201272149258,1.84911029282597,0.0,-0.3465109465486591,0.23076923076923078,0.8602150537634409,1.7350332594235034,0.0026165735720935328,0.2948207171314741,5.0344827586206895,0.00017812755552316874,0.003424657534246575,0.0006389776357827476,1.0,0.0125
0x83fbce3a71a079a1e9b0bb156596060e9169bc23f3973ff4dcf51238b1f2d0a5,2,0x6dea2c277a16ca37816332800d5ecc2eec008ba3,0xc9f27a50f82571c1c8423a42970613b8dbda14ef,2021-12-03 12:26:19+00:00,140908,69281713092,17405723,88841,0.0,40,2.0,164,1530,1566,0.9770114942528736,80,47,47,1.0,19,175,1120849,337,0x83fbce3a71a079a1e9b0bb156596060e9169bc23f3973ff4dcf51238b1f2d0a5,2,2,8,902,92,584911,22,7,5.0,3.0,1,3,0,-0.7891915280063464,0.5335620813736965,0.5305019460689153,0.6667958138795205,-0.590981138346048,-0.5822338586351945,-0.7937645857064918,0.6200807577049351,-0.32093142561292215,-0.2528055211164373,-0.10965122215524387,0.41351792171486174,0.6374313403685569,0.6380437303096972,-0.6513661338983058,-0.7456738086235442,-0.7604769231527653,0.5814666428171384,-0.3225878975754,0.5750788179035072,-0.04476614810358456,0.5664709476590466,-0.12773524029461863,-0.8609421552768016,0.9208250040793147,-0.6714655296982778,0.0,-0.5688046109068512,0.25,0.8602150537634409,1.7361419068736141,0.0026157780999534973,0.10795454545454546,2.1363636363636362,4.1932461970825713e-05,0.0425531914893617,0.001277139208173691,1.0,0.025
0xc6e254a56db1c4b5e8642dd9423bb2657a21b50005f7e9e33dc2a4566bc7bc0d,3,0x8cb2f28f7862e95d73f2094b87bb67e2a2aa423c,0xc9f27a50f82571c1c8423a42970613b8dbda14ef,2021-12-03 12:52:17+00:00,284239,94064534298,2356282,183103,0.0,9,,163,1531,1567,0.97702616464582,80,11,11,1.0,4,213,1366130,338,0xc6e254a56db1c4b5e8642dd9423bb2657a21b50005f7e9e33dc2a4566bc7bc0d,1,1,12,903,92,585018,8,7,6.0,3.0,1,3,0,1.1356658573749856,0.5391604915616564,0.5359838104753563,0.6667958138795205,-0.6308434649975839,-0.6191175627529718,-0.9280824051369932,0.6270099633828465,-0.7334396847554956,-0.7976450062811727,1.748844068611596,0.4263744669739981,0.6374313403685569,0.6390822579343962,-0.7516402192997296,-0.6678847317291806,-0.6785330598267761,0.5814666428171384,1.9176058355870982,0.5750788179035072,-0.04476614810358456,0.5664709476590466,0.19602934401533226,-0.2632502631133203,-1.1819344372704963,1.788869130991177,0.0,-0.601157209944898,0.25,0.8602150537634409,1.735326688815061,0.002617009020219856,0.018691588785046728,1.375,8.051936454117504e-06,0.09090909090909091,0.0006381620931716656,1.0,0.0125
0x962e12ec37aea36d52dc5ae7e9df25411e892ed11a72e986ac9fab7fadacda2d,3,0xb0a6f90f11c5ae94e30476a7534191194492a91b,0xc9f27a50f82571c1c8423a42970613b8dbda14ef,2021-12-03 14:21:20+00:00,250977,115670513046,1511677,165728,0.0,282,2.0,162,1532,1568,0.9770408163265306,80,273,284,0.9612676056338029,47,334,2150078,339,0x962e12ec37aea36d52dc5ae7e9df25411e892ed11a72e986ac9fab7fadacda2d,1,1,6,904,92,585385,37,4,5.0,1.0,1,2,0,1.1356658573749856,0.544758901749616,0.5414656748817972,0.6667958138795205,-0.3407343099225173,-0.3394161398598267,-0.5430379894362223,0.633939169060758,-0.7334396847554956,-0.7976450062811727,-1.038898867538664,0.4392310122331345,0.6374313403685569,0.6426443106284573,-0.5439296138253518,-0.42018793424975953,-0.41663047557980015,-1.7077721084314395,-0.3225878975754,-1.7160718510347697,-0.04476614810358456,-1.6291528804767927,0.12089516087757708,0.2578251307086564,-1.2999455406703673,1.3353638507140846,0.0,-0.3162456119646799,0.5,0.8602150537634409,1.7345132743362832,0.002617076595613834,0.14029850746268657,7.675675675675675,0.00012697207870036403,0.0035211267605633804,0.0006377551020408163,1.0,0.0125
0x79e6bca118fe1fc3f5779027ba1611d75437c8997312e29a8520b41a91156dab,3,0x311df2479cb6091b26e82390eb472c125df6d4da,0xc9f27a50f82571c1c8423a42970613b8dbda14ef,2021-12-03 14:31:22+00:00,152878,89308504585,5711244,101351,0.0,24,2.0,161,1533,1569,0.9770554493307839,80,31,31,1.0,6,22,139084,340,0x79e6bca118fe1fc3f5779027ba1611d75437c8997312e29a8520b41a91156dab,3,3,6,904,92,585433,16,4,5.0,1.0,1,2,0,1.1356658573749856,0.5503573119375759,0.5469475392882381,0.6667958138795205,-0.6086977279689529,-0.5986266160208733,-0.9101733625462597,0.6408683747386693,0.09157683352965129,0.29203396404829823,-1.038898867538664,0.4392310122331345,0.6374313403685569,0.6431101921797241,-0.6943407419274874,-1.058877197171903,-1.0884665227476777,-1.7077721084314395,-0.3225878975754,-1.7160718510347697,-0.04476614810358456,-1.6291528804767927,-0.10069669263786529,-0.37795231316323535,-0.7131676557754332,-0.34494172789877137,0.0,-0.5855027265393915,0.5,0.8602150537634409,1.7356194690265487,0.0026185701547911462,0.2608695652173913,1.9375,0.0002228852859762016,0.0967741935483871,0.0019120458891013384,1.0,0.0375
0xc3fb406affcb717f6b88d9c9044cd75d3d02d0c022d4b2ed6e2ecb04f256d232,2,0x90abcf1598ed3077861bcfb3b11efcd1d7277223,0xc9f27a50f82571c1c8423a42970613b8dbda14ef,2021-12-03 18:48:33+00:00,140944,98596792925,3892111,88865,0.0,4244,2.0,160,1534,1570,0.9770700636942675,80,4216,4275,0.9861988304093567,404,486,3143300,341,0xc3fb406affcb717f6b88d9c9044cd75d3d02d0c022d4b2ed6e2ecb04f256d232,2,2,8,904,92,586529,1000,7,5.0,3.0,1,3,0,-0.7891915280063464,0.5559557221255357,0.5524294036946792,0.6667958138795205,4.025297745272093,3.7495522805304375,2.6537261130097134,0.6477975804165808,-0.32093142561292215,-0.2528055211164373,-0.10965122215524387,0.4392310122331345,0.6374313403685569,0.6537478209336505,6.3534949748582985,-0.10903162667230502,-0.08481330335543068,0.5814666428171384,-0.3225878975754,0.5750788179035072,-0.04476614810358456,0.5664709476590466,-0.12765392135429757,-0.15394494181720975,-0.9673431491257182,-0.6708391051384707,0.0,3.818625271543101,0.25,0.8602150537634409,1.7367256637168142,0.0026153819923959557,0.8295687885010267,4.275,0.0013412651222393273,0.00046783625730994154,0.0012738853503184713,1.0,0.025
0xfc960862c1c7b1cb88fd1d1d21b99df7c57ec963572c9e88008340ee1eee2ff3,2,0xcca89d02b1fcb375ba7296c4173ccdd84102cdfa,0xc9f27a50f82571c1c8423a42970613b8dbda14ef,2021-12-04 03:25:29+00:00,140926,86444637960,27016586,88853,0.0,392,2.0,159,1535,1571,0.9770846594525779,81,387,406,0.9532019704433498,96,460,2967418,342,0xfc960862c1c7b1cb88fd1d1d21b99df7c57ec963572c9e88008340ee1eee2ff3,4,4,8,904,93,588828,115,7,5.0,3.0,1,3,0,-0.7891915280063464,0.5615541323134955,0.5579112681011201,0.7285476025329304,-0.21450360885932032,-0.21442136479402557,-0.10426644596325069,0.6547267860944921,0.5040850926722248,0.8368734492130337,-0.10965122215524387,0.4392310122331345,0.6988172552730789,0.676061606066202,0.014740290554009345,-0.162255731915817,-0.14357223930848706,0.5814666428171384,-0.3225878975754,0.5750788179035072,-0.04476614810358456,0.5664709476590466,-0.1276945808244581,-0.44702071533472354,2.263687699960814,-0.6711523174183742,0.0,-0.20144606699096562,0.25,0.8617021276595744,1.7378318584070795,0.002606868887232117,0.20824295010845986,3.5304347826086957,0.0001304163651981739,0.009852216748768473,0.002546148949713558,1.0,0.04938271604938271
0x85107d8ecab6ae41b022b721d8b13e4b3ca5063fd4313b054139c193798148a2,2,0x7bc3591a7fb6cfc37ba21c3e0d9c8d6c057d7579,0xc9f27a50f82571c1c8423a42970613b8dbda14ef,2021-12-04 04:08:46+00:00,140944,99095753248,5609463,88865,0.0,814,2.0,158,1536,1572,0.9770992366412213,81,1117,1183,0.9442096365173288,206,305,1964073,343,0x85107d8ecab6ae41b022b721d8b13e4b3ca5063fd4313b054139c193798148a2,2,2,8,904,93,589025,204,7,5.0,3.0,1,3,0,-0.7891915280063464,0.5671525425014553,0.5633931325075611,0.7285476025329304,0.5938157926857128,0.5816519157480029,0.8807308965270937,0.6616559917724035,-0.32093142561292215,-0.2528055211164373,-0.10965122215524387,0.4392310122331345,0.6988172552730789,0.6779736615995264,0.6521969763202033,-0.47955328240598444,-0.4787713193383897,0.5814666428171384,-0.3225878975754,0.5750788179035072,-0.04476614810358456,0.5664709476590466,-0.12765392135429757,-0.14191142323232114,-0.7273888456987018,-0.6708391051384707,0.0,0.23896673281728356,0.25,0.8617021276595744,1.738938053097345,0.002607694736734881,0.673202614379085,5.799019607843137,0.0005687158426820985,0.0016906170752324597,0.001272264631043257,1.0,0.024691358024691357
0x3b6aa4e5fe5652d1b5423a62a40e8b1ad6d251e8fd4f3d0ea7f40fb7ddd3e0cf,2,0x8886dca35291f05ed5d8e21f083998ea8dceb50f,0xc9f27a50f82571c1c8423a42970613b8dbda14ef,2021-12-04 07:40:15+00:00,140890,204711673928,11822532,93629,0.0,455,2.0,157,1537,1573,0.9771137952956135,81,454,476,0.9537815126050421,104,643,4151437,344,0x3b6aa4e5fe5652d1b5423a62a40e8b1ad6d251e8fd4f3d0ea7f40fb7ddd3e0cf,2,2,8,904,93,589871,123,7,5.0,3.0,1,3,0,-0.7891915280063464,0.5727509526894151,0.568874996914002,0.7285476025329304,-0.14031538981340633,-0.14270305123168067,-0.03263027560031655,0.6685851974503149,-0.32093142561292215,-0.2528055211164373,-0.10965122215524387,0.4392310122331345,0.6988172552730789,0.6861848239406045,0.07203976792625151,0.212360085759671,0.2519866955921955,0.5814666428171384,-0.3225878975754,0.5750788179035072,-0.04476614810358456,0.5664709476590466,-0.12777589976477916,2.405247310194461,0.14072243494672743,-0.5464938300167401,0.0,-0.13569723668783837,0.25,0.8617021276595744,1.7400442477876106,0.0026056500393305667,0.16149068322981366,3.869918699186992,0.0001093596965677917,0.004201680672268907,0.0012714558169103624,1.0,0.024691358024691357
0x81bea9725e53222a944da1f09c7b1ccf1c992bb47f12e59bc6b2e4f0719c1c4f,2,0x7da1c8e4db73d8516feb42384b2dfd1ad2063919,0xc9f27a50f82571c1c8423a42970613b8dbda14ef,2021-12-04 11:21:15+00:00,140944,99493187266,7207622,88865,0.0,37,2.0,156,1538,1574,0.97712833545108,81,40,42,0.9523809523809523,10,455,2938114,345,0x81bea9725e53222a944da1f09c7b1ccf1c992bb47f12e59bc6b2e4f0719c1c4f,2,2,8,904,93,590837,17,7,5.0,3.0,1,3,0,-0.7891915280063464,0.5783493628773748,0.574356861320443,0.7285476025329304,-0.598732146306069,-0.587356595318219,-0.8743552773647927,0.6755144031282263,-0.32093142561292215,-0.2528055211164373,-0.10965122215524387,0.4392310122331345,0.6988172552730789,0.6955606901598499,-0.6871783072559571,-0.1724911367703385,-0.1533621658454173,0.5814666428171384,-0.3225878975754,0.5750788179035072,-0.04476614810358456,0.5664709476590466,-0.12765392135429757,-0.13232643336155353,-0.504088596471626,-0.6708391051384707,0.0,-0.5719355075879525,0.25,0.8617021276595744,1.741150442477876,0.0026030824016058545,0.021929824561403508,2.4705882352941178,1.3614170990584099e-05,0.047619047619047616,0.0012706480304955528,1.0,0.024691358024691357
0xd45ef0c623c0ef9a3a66ff1057573437bd3619fde3178b0268c6f1b63c022165,3,0xf2e563f6fbf25cf23dbe57d25287e10339ad3b6f,0xc9f27a50f82571c1c8423a42970613b8dbda14ef,2021-12-04 14:16:39+00:00,284203,105675272734,18666154,183079,0.0,1328,,155,1539,1575,0.9771428571428571,81,1290,1377,0.9368191721132898,166,272,1746698,346,0xd45ef0c623c0ef9a3a66ff1057573437bd3619fde3178b0268c6f1b63c022165,1,1,12,905,93,591573,233,7,6.0,3.0,1,3,0,1.1356658573749856,0.5839477730653346,0.5798387257268839,0.7285476025329304,0.7853764179833713,0.7804140990493588,0.5225500447124231,0.6824436088061377,-0.7334396847554956,-0.7976450062811727,1.748844068611596,0.4520875574922708,0.6988172552730789,0.7027042072792749,0.8599075817945813,-0.5471069544458265,-0.5513923021723103,0.5814666428171384,1.9176058355870982,0.5750788179035072,-0.04476614810358456,0.5664709476590466,0.1959480250750112,0.01676806763055766,1.0969367404168957,1.7882427064313697,0.0,0.7753936975126392,0.25,0.8617021276595744,1.7403314917127073,0.002601534212118856,0.608058608058608,5.909871244635193,0.0007385359469490736,0.0007262164124909223,0.0006349206349206349,1.0,0.012345679012345678
0x857719af372ba319999532d14d80214f181debd8cc91aeb4355f78dd8f5ad32e,2,0xf2e563f6fbf25cf23dbe57d25287e10339ad3b6f,0xc9f27a50f82571c1c8423a42970613b8dbda14ef,2021-12-04 14:19:23+00:00,140908,115188735271,11660821,88841,0.0,1329,,154,1540,1576,0.9771573604060914,81,1291,1378,0.9368650217706821,166,272,1746709,347,0x857719af372ba319999532d14d80214f181debd8cc91aeb4355f78dd8f5ad32e,2,1,8,905,93,591584,233,7,5.0,3.0,1,3,0,-0.7891915280063464,0.5895461832532944,0.5853205901333248,0.7285476025329304,0.7864837048348029,0.7814386463859637,0.5225500447124231,0.6893728144840491,-0.32093142561292215,-0.7976450062811727,-0.10965122215524387,0.4520875574922708,0.6988172552730789,0.7028109718014401,0.8599075817945813,-0.5471069544458265,-0.5513886272749616,0.5814666428171384,-0.3225878975754,0.5750788179035072,-0.04476614810358456,0.5664709476590466,-0.12773524029461863,0.24620600681842122,0.11812762016124011,-0.6714655296982778,0.0,0.7764373297396729,0.25,0.8617021276595744,1.7414364640883977,0.0026031762130547596,0.608058608058608,5.914163090128755,0.0007391038008599023,0.001451378809869376,0.0012690355329949238,2.0,0.012345679012345678
0xa9249fcba0cf4d859b3c098772ba5975c9a6fd0554936d02e1fa2951cfd9530f,3,0x3b6d869f5f01fd22d9b9bd29fbb2ec3e284306bc,0xc9f27a50f82571c1c8423a42970613b8dbda14ef,2021-12-04 21:03:12+00:00,152896,94158838930,13918057,101363,0.0,57,2.0,153,1541,1577,0.9771718452758402,81,69,69,1.0,24,261,1680862,348,0xa9249fcba0cf4d859b3c098772ba5975c9a6fd0554936d02e1fa2951cfd9530f,5,5,6,905,93,593342,23,4,5.0,1.0,1,2,0,1.1356658573749856,0.5951445934412543,0.5908024545397658,0.7285476025329304,-0.5666208276145539,-0.5596938172298861,-0.7489919792296579,0.6963020201619605,0.9165933518147982,1.3817129343777692,-1.038898867538664,0.4520875574922708,0.6988172552730789,0.7198738836165884,-0.6442036992267756,-0.5696248451257738,-0.5733868968858422,-1.7077721084314395,-0.3225878975754,-1.7160718510347697,-0.04476614810358456,-1.6291528804767927,-0.10065603316770476,-0.26097590082537325,0.4335163651886921,-0.34462851561886776,0.0,-0.5510628630472771,0.5,0.8617021276595744,1.7425414364640883,0.0025971486981391876,0.0916030534351145,3.0,4.105034140200599e-05,0.07246376811594203,0.0031705770450221942,1.0,0.06172839506172839
0x06e64db0afb9db48d30f8093d7eab1e6d4e9a56c2e733b6f10ee780afbfc51db,3,0xf7200f7a475b53446a10421dea95299fa9319a85,0xc9f27a50f82571c1c8423a42970613b8dbda14ef,2021-12-05 00:50:48+00:00,287701,106051274534,6353791,185411,0.0,1923,2.0,152,1542,1578,0.9771863117870723,82,1853,2138,0.8666978484565014,359,1364,8498380,349,0x06e64db0afb9db48d30f8093d7eab1e6d4e9a56c2e733b6f10ee780afbfc51db,1,1,13,906,94,594324,310,7,6.0,3.0,1,3,0,1.1356658573749856,0.6007430036292141,0.5962843189462067,0.7902993911863403,1.4087789153393353,1.5600946222057082,2.250772654718209,0.7032312258398719,-0.7334396847554956,-0.7976450062811727,2.213467891303306,0.4649441027514072,0.760203170177601,0.7294050436862559,1.411415051502412,1.6883054657816756,1.704220268832133,0.5814666428171384,1.9176058355870982,0.5750788179035072,-0.04476614810358456,0.5664709476590466,0.20384951544287444,0.02583617272766687,-0.62338878819085,1.84911029282597,0.0,1.39635487259773,0.23076923076923078,0.8631578947368421,1.7417218543046358,0.0025945400243974257,0.263003663003663,6.896774193548387,0.0002180415304985738,0.0004677268475210477,0.0006337135614702154,1.0,0.012195121951219513
0xd984e558949fb8b51d0f64cc5b2078d2e47f735386bde02674239e232934e415,3,0xd8047842874e3be4a1155ad052dbd5395d3a154f,0xc9f27a50f82571c1c8423a42970613b8dbda14ef,2021-12-05 02:27:37+00:00,126840,91278527699,8082232,84263,0.0,24,2.0,151,1543,1579,0.9772007599746675,82,27,28,0.9642857142857143,8,86,546783,350,0xd984e558949fb8b51d0f64cc5b2078d2e47f735386bde02674239e232934e415,3,3,6,906,94,594726,13,4,5.0,1.0,1,2,0,1.1356658573749856,0.6063414138171739,0.6017661833526476,0.7902993911863403,-0.6131268753746791,-0.601700258030688,-0.8922643199555261,0.7101604315177833,0.09157683352965129,0.29203396404829823,-1.038898867538664,0.4649441027514072,0.760203170177601,0.7333068016781158,-0.7158280459420782,-0.9278640150340274,-0.9522617978234379,-1.7077721084314395,-0.3225878975754,-1.7160718510347697,-0.04476614810358456,-1.6291528804767927,-0.15951287508452722,-0.3304409006075339,-0.3818850917036444,-0.7909560144815025,0.0,-0.5855027265393915,0.5,0.8631578947368421,1.7428256070640176,0.002594467713757741,0.09195402298850575,2.1538461538461537,4.937964534441388e-05,0.10714285714285714,0.0018999366687777073,1.0,0.036585365853658534
0x86eb56b53e80d2d8b9926d087b806b8ca572b7ca48bacca6f256253367f501e0,2,0x4b5c73e1bc32cea2f77a0ce104e3e9c81b0c850f,0xc9f27a50f82571c1c8423a42970613b8dbda14ef,2021-12-05 05:32:13+00:00,140926,77216090863,12217601,88853,0.0,236,2.0,150,1544,1580,0.9772151898734177,82,236,240,0.9833333333333333,98,1572,9580274,351,0x86eb56b53e80d2d8b9926d087b806b8ca572b7ca48bacca6f256253367f501e0,2,2,8,906,94,595538,74,7,5.0,3.0,1,3,0,-0.7891915280063464,0.6119398240051337,0.6072480477590886,0.7902993911863403,-0.3817039234254847,-0.3844962226704435,-0.08635740337251716,0.7170896371956947,-0.32093142561292215,-0.2528055211164373,-0.10965122215524387,0.4649441027514072,0.760203170177601,0.7411879645870466,-0.27891953097873173,2.1140983077297713,2.0656611226659303,0.5814666428171384,-0.3225878975754,0.5750788179035072,-0.04476614810358456,0.5664709476590466,-0.1276945808244581,-0.6695872960511406,0.19592282875103076,-0.6711523174183742,0.0,-0.3642526944082331,0.25,0.8631578947368421,1.7439293598233996,0.002592609384104148,0.062301335028607754,3.2432432432432434,2.4633948399184784e-05,0.008333333333333333,0.0012658227848101266,1.0,0.024390243902439025
0x75925ac1d19e0301f3536cd1014962b6a7d54b80c84a2edc98c39409ceb6f604,3,0xbee69512353f6978e317cacde4d055b4a6ecfe50,0xc9f27a50f82571c1c8423a42970613b8dbda14ef,2021-12-05 09:23:45+00:00,287701,80122806861,11155764,185411,0.0,299,2.0,149,1545,1581,0.9772296015180265,82,390,394,0.9898477157360406,168,1450,9002296,352,0x75925ac1d19e0301f3536cd1014962b6a7d54b80c84a2edc98c39409ceb6f604,1,1,13,907,94,596562,83,7,6.0,3.0,1,3,0,1.1356658573749856,0.6175382341930934,0.6127299121655295,0.7902993911863403,-0.21118174830502567,-0.2267159328332847,0.5404590873031565,0.7240188428736061,-0.7334396847554956,-0.7976450062811727,2.213467891303306,0.47780064801054356,0.760203170177601,0.7511267710140727,-0.2144576189349593,1.8643544292794458,1.8725693208654302,0.5814666428171384,1.9176058355870982,0.5750788179035072,-0.04476614810358456,0.5664709476590466,0.20384951544287444,-0.5994854876094984,0.04755932628442358,1.84911029282597,0.0,-0.2985038641051059,0.23076923076923078,0.8631578947368421,1.743109151047409,0.0025898354406827108,0.11578221915920055,4.746987951807229,4.332227652564673e-05,0.0025380710659898475,0.0006325110689437065,1.0,0.012195121951219513
0x0423395a552708a8b4cc70dbfc57df9b5852821d830f48cc4f76475973194b31,3,0x676f3d2c9f5776e09d23986adc6684fb41e9000e,0xc9f27a50f82571c1c8423a42970613b8dbda14ef,2021-12-05 10:44:40+00:00,126822,60185134660,15110637,84251,0.0,977,2.0,148,1546,1582,0.97724399494311,82,925,1035,0.893719806763285,222,1406,8752388,353,0x0423395a552708a8b4cc70dbfc57df9b5852821d830f48cc4f76475973194b31,5,5,6,907,94,596929,226,4,5.0,1.0,1,2,0,1.1356658573749856,0.6231366443810532,0.6182117765719705,0.7902993911863403,0.38121671721085476,0.43001890993047365,1.024003237252962,0.7309480485515175,0.9165933518147982,1.3817129343777692,-1.038898867538664,0.47780064801054356,0.760203170177601,0.7546888237081337,0.8097705390938693,1.7742828665596564,1.7890796620819478,-1.7077721084314395,-0.3225878975754,-1.7160718510347697,-0.04476614810358456,-1.6291528804767927,-0.15955353455468776,-1.0803260232409255,0.6001477274143693,-0.7912692267614061,0.0,0.4090787858237874,0.5,0.8631578947368421,1.7442116868798236,0.002589918415894661,0.15778251599147122,4.579646017699115,0.00010568543057215579,0.004830917874396135,0.0031605562579013905,1.0,0.06097560975609756
0xe6309d2f5ecb6c28233c59949a1301ea32a0688bf4e7bd62a8f4f299f53f101e,2,0x201a33bc9058237f2e1abd7e0154419d2e6ddbd6,0xc9f27a50f82571c1c8423a42970613b8dbda14ef,2021-12-05 14:50:28+00:00,140908,81441917540,13316621,88841,0.0,317,2.0,147,1547,1583,0.9772583701831965,82,300,326,0.9202453987730062,94,372,2398084,354,0xe6309d2f5ecb6c28233c59949a1301ea32a0688bf4e7bd62a8f4f299f53f101e,2,2,8,907,94,597990,97,7,5.0,3.0,1,3,0,-0.7891915280063464,0.628735054569013,0.6236936409784114,0.7902993911863403,-0.3108375649338654,-0.29638515172241975,-0.12217548855398422,0.7378772542294288,-0.32093142561292215,-0.2528055211164373,-0.10965122215524387,0.47780064801054356,0.760203170177601,0.7649867471642613,-0.11418353353353551,-0.34239885735539594,-0.3337762399560655,0.5814666428171384,-0.3225878975754,0.5750788179035072,-0.04476614810358456,0.5664709476590466,-0.12773524029461863,-0.5676722508859213,0.34948166733063446,-0.6714655296982778,0.0,-0.2797184840184981,0.25,0.8631578947368421,1.7453142227122382,0.002586995456453358,0.2520107238605898,3.3608247422680413,0.0001250998192307612,0.006134969325153374,0.0012634238787113076,1.0,0.024390243902439025
0x0d0fdc9a0b2a876812fdd3cb62e0bccb2d043daeb5fd2c79abbd8f47294354af,2,0xcd95fb5a616a4e01b32cbdfb5fc68a5ab792e270,0xc9f27a50f82571c1c8423a42970613b8dbda14ef,2021-12-05 15:20:33+00:00,140926,126581382224,2476322,88853,0.0,109,2.0,146,1548,1584,0.9772727272727273,82,117,119,0.9831932773109243,32,180,1150732,355,0x0d0fdc9a0b2a876812fdd3cb62e0bccb2d043daeb5fd2c79abbd8f47294354af,2,2,8,907,94,598115,46,7,5.0,3.0,1,3,0,-0.7891915280063464,0.6343334647569728,0.6291755053848523,0.7902993911863403,-0.5134710587458394,-0.5084664503996397,-0.6773558088667238,0.7448064599073403,-0.32093142561292215,-0.2528055211164373,-0.10965122215524387,0.47780064801054356,0.760203170177601,0.7661999803706854,-0.47946770178157927,-0.7354384037690227,-0.7504935633826627,0.5814666428171384,-0.3225878975754,0.5750788179035072,-0.04476614810358456,0.5664709476590466,-0.1276945808244581,0.5209645848466781,-1.1651620373295528,-0.6711523174183742,0.0,-0.49679398724152135,0.25,0.8631578947368421,1.7464167585446526,0.0025881267178941877,0.17679558011049723,2.5869565217391304,0.00010167432410472281,0.01680672268907563,0.0012626262626262627,1.0,0.024390243902439025
0x4216cac8830f923bbead8508c270e71db3aa3c40eed63384679ef980d9594b36,3,0x34aeb158028a2e8f2cd8db5fd7fa88a47acdca40,0xc9f27a50f82571c1c8423a42970613b8dbda14ef,2021-12-05 15:25:01+00:00,126840,113495096098,9082485,84263,0.0,2892,2.0,145,1549,1585,0.9772870662460568,82,2747,2917,0.9417209461775797,318,560,3616105,356,0x4216cac8830f923bbead8508c270e71db3aa3c40eed63384679ef980d9594b36,5,4,6,907,94,598134,223,4,5.0,1.0,1,2,0,1.1356658573749856,0.6399318749449326,0.6346573697912933,0.7902993911863403,2.3986933605191427,2.3582169974209464,1.8836372816081717,0.7517356655852517,0.9165933518147982,0.8368734492130337,-1.038898867538664,0.47780064801054356,0.760203170177601,0.7663843918180618,0.7882832350792786,0.042452365174613614,0.07314213673101827,-1.7077721084314395,-0.3225878975754,-1.7160718510347697,-0.04476614810358456,-1.6291528804767927,-0.15951287508452722,0.2053601969915929,-0.24212631664426026,-0.7909560144815025,0.0,2.407634500593449,0.5,0.8631578947368421,1.7475192943770672,0.002589716368378376,0.5668449197860963,13.080717488789238,0.000759656934835428,0.0017140898183064792,0.0031545741324921135,1.25,0.04878048780487805
0x4e8b83110c5dafe5380605b779c4602e7b757f5d65b23f28a4833534d9857ed1,3,0x47724a15a20dc3a1225bfb2a794e2bb5520340db,0xc9f27a50f82571c1c8423a42970613b8dbda14ef,2021-12-05 23:18:41+00:00,250959,101535049391,6434635,160916,0.0,85,2.0,144,1550,1586,0.9773013871374527,82,110,112,0.9821428571428571,25,217,1394678,357,0x4e8b83110c5dafe5380605b779c4602e7b757f5d65b23f28a4833534d9857ed1,1,1,6,908,94,600145,23,4,5.0,1.0,1,2,0,1.1356658573749856,0.6455302851328925,0.6401392341977342,0.7902993911863403,-0.5212220667058602,-0.5156382817558742,-0.7400374579342911,0.7586648712631631,-0.7334396847554956,-0.7976450062811727,-1.038898867538664,0.4906571932696799,0.760203170177601,0.7859028876430124,-0.6442036992267756,-0.6596964078455634,-0.6689956989621746,-1.7077721084314395,-0.3225878975754,-1.7160718510347697,-0.04476614810358456,-1.6291528804767927,0.12085450140741655,-0.08308246606324073,-0.6120929876174942,1.2097657264727397,0.0,-0.5218411606903317,0.5,0.8631578947368421,1.7466960352422907,0.0025827048751470476,0.11467889908256881,4.869565217391305,7.887119545070945e-05,0.008928571428571428,0.0006305170239596469,1.0,0.012195121951219513
0x4823d32a8ae5de6a01c8b56783108a1dfc61fe7a0f2ce75c27365a8339e5b50e,3,0x5d8a327f38a26aa925bb891b6df6a43873513224,0xc9f27a50f82571c1c8423a42970613b8dbda14ef,2021-12-06 14:43:22+00:00,284239,129503276898,4113502,178303,0.0,12,2.0,143,1551,1587,0.9773156899810964,83,17,17,1.0,3,88,558341,358,0x4823d32a8ae5de6a01c8b56783108a1dfc61fe7a0f2ce75c27365a8339e5b50e,1,1,12,909,95,604198,11,7,6.0,3.0,1,3,0,1.1356658573749856,0.6511286953208523,0.6456210986041752,0.8520511798397502,-0.6241997438889947,-0.6129702787333423,-0.93703692643236,0.7655940769410745,-0.7334396847554956,-0.7976450062811727,1.748844068611596,0.5035137385288163,0.821589085082123,0.8252407611281067,-0.7301529152851387,-0.9237698530922188,-0.9484004829546883,0.5814666428171384,1.9176058355870982,0.5750788179035072,-0.04476614810358456,0.5664709476590466,0.19602934401533226,0.5914324602305611,-0.9364096403342702,1.6635842190297356,0.0,-0.5980263132637966,0.25,0.8645833333333334,1.7458745874587458,0.002567035033159605,0.033707865168539325,1.5454545454545454,3.0447288579401154e-05,0.058823529411764705,0.000630119722747322,1.0,0.012048192771084338
0x56bebbcdf7630a7de32305ee648310ceeebed3d64688bbbeba785c0c85a6b944,2,0x19e86826048a3458becdd6b0459db22753861906,0xc9f27a50f82571c1c8423a42970613b8dbda14ef,2021-12-06 15:49:05+00:00,140926,94000000000,8145069,88853,0.0,186,2.0,142,1552,1588,0.9773299748110831,83,194,200,0.97,73,303,1952011,359,0x56bebbcdf7630a7de32305ee648310ceeebed3d64688bbbeba785c0c85a6b944,3,3,8,909,95,604501,66,7,5.0,3.0,1,3,0,-0.7891915280063464,0.656727105508812,0.6511029630106161,0.8520511798397502,-0.4282099711856099,-0.4254781161346406,-0.31022043575668634,0.7725232826189858,0.09157683352965129,0.29203396404829823,-0.10965122215524387,0.5035137385288163,0.821589085082123,0.8281816384204788,-0.3362190083509739,-0.483647444347793,-0.48280101132202513,0.5814666428171384,-0.3225878975754,0.5750788179035072,-0.04476614810358456,0.5664709476590466,-0.1276945808244581,-0.2648066487386874,-0.3731052908448551,-0.6711523174183742,0.0,-0.4164343057599214,0.25,0.8645833333333334,1.7469746974697469,0.0025674025892387453,0.24013157894736842,3.0303030303030303,9.938463493052296e-05,0.015,0.001889168765743073,1.0,0.03614457831325301
0x4459ab39792ea925f48cbef65eef32eb679fecba418b27c995de8d28c7efeff4,2,0xfe57dc4b1291384a56e5d90fdc1340b7036f3767,0xc9f27a50f82571c1c8423a42970613b8dbda14ef,2021-12-07 00:40:31+00:00,140926,84906918579,22203653,88853,0.0,224,2.0,141,1553,1589,0.9773442416614223,84,252,252,1.0,72,275,1765272,360,0x4459ab39792ea925f48cbef65eef32eb679fecba418b27c995de8d28c7efeff4,2,2,8,909,96,606808,63,7,5.0,3.0,1,3,0,-0.7891915280063464,0.6623255156967718,0.656584827417057,0.9138029684931601,-0.36398733380257986,-0.3722016546311844,-0.31917495705205307,0.7794524882968973,-0.32093142561292215,-0.2528055211164373,-0.10965122215524387,0.5035137385288163,0.8829749999866451,0.8505730704782415,-0.3577063123655647,-0.5409657115331136,-0.5451870709582459,0.5814666428171384,-0.3225878975754,0.5750788179035072,-0.04476614810358456,0.5664709476590466,-0.1276945808244581,-0.4841061786404038,1.5912082167471804,-0.6711523174183742,0.0,-0.3767762811326383,0.25,0.865979381443299,1.7480748074807482,0.002559289661161914,0.2608695652173913,4.0,0.00014275412358315115,0.007936507936507936,0.0012586532410320957,1.0,0.023809523809523808
0xeb2c116fbc6e0f8a27022fa270d686ba9b9b9ac51dd6ded38794e5ce1861f2e6,3,0x676f3d2c9f5776e09d23986adc6684fb41e9000e,0xc9f27a50f82571c1c8423a42970613b8dbda14ef,2021-12-07 01:39:42+00:00,126822,75798950310,5761201,84251,0.0,982,2.0,140,1554,1590,0.9773584905660377,84,930,1040,0.8942307692307693,223,1408,8762539,361,0xeb2c116fbc6e0f8a27022fa270d686ba9b9b9ac51dd6ded38794e5ce1861f2e6,6,6,6,909,96,607080,227,4,5.0,1.0,1,2,0,1.1356658573749856,0.6679239258847316,0.662066691823498,0.9138029684931601,0.38675315146801253,0.43514164661349825,1.0329577585483287,0.7863816939748087,1.3291016109573717,1.9265524195425048,-1.038898867538664,0.5035137385288163,0.8829749999866451,0.8532130659354203,0.8169329737653996,1.778377028501465,1.7924709241716414,-1.7077721084314395,-0.3225878975754,-1.7160718510347697,-0.04476614810358456,-1.6291528804767927,-0.15955353455468776,-0.7037647374143987,-0.7061874926310671,-0.7912692267614061,0.0,0.41429694695895625,0.5,0.865979381443299,1.7491749174917492,0.0025597902092142563,0.15826827537260468,4.581497797356828,0.00010613360966112566,0.0057692307692307696,0.0037735849056603774,1.0,0.07142857142857142
0x9f462991ae995ca6c35ad3e77577bbf58af6c92b834fb2208f4e2f67994bdf75,2,0x5f663a56bece3cd1c1e3a83e1d077559bc3cd622,0xc9f27a50f82571c1c8423a42970613b8dbda14ef,2021-12-07 06:39:21+00:00,140926,91325971704,8413997,88853,0.0,350,2.0,139,1555,1591,0.9773727215587681,84,371,375,0.9893333333333333,116,1475,9151322,362,0x9f462991ae995ca6c35ad3e77577bbf58af6c92b834fb2208f4e2f67994bdf75,2,2,8,909,96,608383,143,7,5.0,3.0,1,3,0,-0.7891915280063464,0.6735223360726914,0.6675485562299389,0.9138029684931601,-0.23222019848222517,-0.24618233222877833,0.07482397994408466,0.7933108996527201,-0.32093142561292215,-0.2528055211164373,-0.10965122215524387,0.5035137385288163,0.8829749999866451,0.8658598088791849,0.21528846135685692,1.9155314535520536,1.9223561619824299,0.5814666428171384,-0.3225878975754,0.5750788179035072,-0.04476614810358456,0.5664709476590466,-0.1276945808244581,-0.329296684745887,-0.3355297495976206,-0.6711523174183742,0.0,-0.2452786205263838,0.25,0.865979381443299,1.7502750275027503,0.0025559515043130656,0.07859078590785908,2.6223776223776225,4.0540586317410064e-05,0.005333333333333333,0.001257071024512885,1.0,0.023809523809523808
0x65cfb009d8bd6c4fd819f44031b48a5c7944fcef938ec342c5833d82f9b21867,2,0x5101a1b882f380839af06b233f5ddaee40941848,0xc9f27a50f82571c1c8423a42970613b8dbda14ef,2021-12-07 07:54:57+00:00,140926,75649868265,10951661,88853,0.0,29,2.0,138,1556,1592,0.9773869346733668,84,32,33,0.9696969696969697,15,226,1449630,363,0x65cfb009d8bd6c4fd819f44031b48a5c7944fcef938ec342c5833d82f9b21867,2,2,8,909,96,608713,23,7,5.0,3.0,1,3,0,-0.7891915280063464,0.6791207462606512,0.67303042063638,0.9138029684931601,-0.6075904411175214,-0.5965775213476634,-0.8295826708879588,0.8002401053306315,-0.32093142561292215,-0.2528055211164373,-0.10965122215524387,0.5035137385288163,0.8829749999866451,0.8690627445441444,-0.6442036992267756,-0.6412726791074246,-0.6506372481343903,0.5814666428171384,-0.3225878975754,0.5750788179035072,-0.04476614810358456,0.5664709476590466,-0.1276945808244581,-0.70736017672387,0.01904135606494364,-0.6711523174183742,0.0,-0.5802845654042227,0.25,0.865979381443299,1.7513751375137514,0.0025562086628531625,0.06607929515418502,1.434782608695652,2.207458311804866e-05,0.06060606060606061,0.001256281407035176,1.0,0.023809523809523808
0xb4b8bd21f86c49496996597c07c19527d332c96527d4c439280dd227ae301b09,2,0x0b45b1339270458c04a574025b7eff4acb494d31,0xc9f27a50f82571c1c8423a42970613b8dbda14ef,2021-12-07 09:07:57+00:00,140926,84830786716,9835790,88853,0.0,16,2.0,137,1557,1593,0.9774011299435028,84,22,22,1.0,9,235,1507297,364,0xb4b8bd21f86c49496996597c07c19527d332c96527d4c439280dd227ae301b09,2,2,8,909,96,608989,8,7,5.0,3.0,1,3,0,-0.7891915280063464,0.684719156448611,0.6785122850428209,0.9138029684931601,-0.6186633096318369,-0.6078475420503177,-0.8833097986601595,0.8071693110085428,-0.32093142561292215,-0.2528055211164373,-0.10965122215524387,0.5035137385288163,0.8829749999866451,0.8717415634639288,-0.7516402192997296,-0.6228489503692858,-0.6313717658246321,0.5814666428171384,-0.3225878975754,0.5750788179035072,-0.04476614810358456,0.5664709476590466,-0.1276945808244581,-0.4859422648903173,-0.1368719619498886,-0.6711523174183742,0.0,-0.5938517843556615,0.25,0.865979381443299,1.7524752475247525,0.0025566922281154043,0.038135593220338986,2.75,1.4595653945006229e-05,0.09090909090909091,0.0012554927809165098,1.0,0.023809523809523808
0x9ea59b293bf4c480039b09fdcbf05b3a097c0cc01699fb92ca9a42f62ed8c18f,3,0x280a8675cf1d930c638f4f9eb9dbe75823801d5a,0xc9f27a50f82571c1c8423a42970613b8dbda14ef,2021-12-07 09:08:59+00:00,126840,78763210296,17524894,84263,0.0,3811,2.0,136,1558,1594,0.9774153074027604,84,3698,3892,0.9501541623843782,495,671,4333238,365,0x9ea59b293bf4c480039b09fdcbf05b3a097c0cc01699fb92ca9a42f62ed8c18f,2,2,6,909,96,608993,488,4,5.0,1.0,1,2,0,1.1356658573749856,0.6903175666365707,0.6839941494492618,0.9138029684931601,3.451723156230549,3.3571506506107505,3.4685875508880892,0.8140985166864543,-0.32093142561292215,-0.2528055211164373,-1.038898867538664,0.5035137385288163,0.8829749999866451,0.8717803869265344,2.6863284230348,0.2696783529449916,0.31272306040042824,-1.7077721084314395,-0.3225878975754,-1.7160718510347697,-0.04476614810358456,-1.6291528804767927,-0.15951287508452722,-0.6322751299492124,0.9374759843639046,-0.7909560144815025,0.0,3.36673251723748,0.5,0.865979381443299,1.7535753575357536,0.0025583174875286126,0.7366071428571429,7.975409836065574,0.0008534031933156699,0.0005138746145940391,0.0012547051442910915,1.0,0.023809523809523808
0x2a2e1a90c963be01a1f524df0a6476c11e831e3ed868e39d77c0b583271e11ee,2,0xab2c57668cb7ecd1cf27f360a89516b6a9987ef5,0xc9f27a50f82571c1c8423a42970613b8dbda14ef,2021-12-07 09:47:20+00:00,166558,75896331241,8550222,110741,0.0,373,2.0,135,1559,1595,0.9774294670846395,84,371,386,0.961139896373057,92,305,1961960,366,0x2a2e1a90c963be01a1f524df0a6476c11e831e3ed868e39d77c0b583271e11ee,4,4,8,909,96,609165,87,7,5.0,3.0,1,3,0,-0.7891915280063464,0.6959159768245305,0.6894760138557028,0.9138029684931601,-0.23222019848222517,-0.23491231152612413,-0.14008453114471775,0.8210277223643656,0.5040850926722248,0.8368734492130337,-0.10965122215524387,0.5035137385288163,0.8829749999866451,0.873449795818574,-0.1858078802488382,-0.47955328240598444,-0.4794772337109168,0.5814666428171384,-0.3225878975754,0.5750788179035072,-0.04476614810358456,0.5664709476590466,-0.06979549531586149,-0.701416183453321,-0.3164959260225205,-0.09985311887420174,0.0,-0.2212750793046072,0.25,0.865979381443299,1.7546754675467546,0.0025592367269348586,0.3006535947712418,4.436781609195402,0.0001890965212866107,0.010362694300518135,0.0025078369905956114,1.0,0.047619047619047616
0xf18f4b2b4c501df5be810089a7c94c813a2ddc609359b912982e161b1713abc0,3,0xa000bce4ce3d1b3ac63c2e0488ce76fbdb9de764,0xc9f27a50f82571c1c8423a42970613b8dbda14ef,2021-12-07 16:37:16+00:00,284239,80728613831,25876189,178303,0.0,53,2.0,134,1560,1596,0.9774436090225563,84,61,64,0.953125,27,187,1197817,367,0xf18f4b2b4c501df5be810089a7c94c813a2ddc609359b912982e161b1713abc0,1,1,12,910,96,610916,16,7,6.0,3.0,1,3,0,1.1356658573749856,0.7015143870124904,0.6949578782621437,0.9138029684931601,-0.5754791224260063,-0.5648165539129106,-0.7221284153435577,0.827956928042277,-0.7334396847554956,-0.7976450062811727,1.748844068611596,0.5163702837879526,0.8829749999866451,0.8904447665741624,-0.6943407419274874,-0.7211088369726926,-0.7347633323223515,0.5814666428171384,1.9176058355870982,0.5750788179035072,-0.04476614810358456,0.5664709476590466,0.19602934401533226,-0.5848751286364262,2.104347525223626,1.6635842190297356,0.0,-0.5552373919554122,0.25,0.865979381443299,1.7538461538461538,0.0025535383693693252,0.14361702127659576,4.0,5.0925933656031216e-05,0.015625,0.0006265664160401002,1.0,0.011904761904761904
0x0053d092f307acabdac1845a0bdc33d1347d874415d2beb06f453c2eefbfb0c0,2,0xc84c19bbf07d0cb7cc430fc3c51173c4acd5dd9d,0xc9f27a50f82571c1c8423a42970613b8dbda14ef,2021-12-08 00:05:09+00:00,140944,71344428769,1602968,88865,0.0,1972,2.0,133,1561,1597,0.9774577332498434,85,1919,2008,0.9556772908366534,294,1582,9624632,368,0x0053d092f307acabdac1845a0bdc33d1347d874415d2beb06f453c2eefbfb0c0,4,4,8,910,97,612909,378,7,5.0,3.0,1,3,0,-0.7891915280063464,0.7071127972004502,0.7004397426685847,0.97555475714657,1.4818598475338176,1.4269034684470676,1.6687287705193692,0.8348861337201885,0.5040850926722248,0.8368734492130337,-0.10965122215524387,0.5163702837879526,0.944360914891167,0.9097885568173879,1.8984606091664702,2.134569117438814,2.0804803132653418,0.5814666428171384,-0.3225878975754,0.5750788179035072,-0.04476614810358456,0.5664709476590466,-0.12765392135429757,-0.8111952589999998,-1.2871900494756934,-0.6708391051384707,0.0,1.4474928517223846,0.25,0.8673469387755102,1.754945054945055,0.0025468665872640356,0.18572331017056223,5.3121693121693125,0.00019938422587126179,0.00199203187250996,0.002504696305572949,1.0,0.047058823529411764
0x3f59cd48a7121c32fabf35f9e46ca5119af0504f3866ae15eb841d2b84ee7813,2,0x55fcf6b665c5d5c53367b60f651a03739dfa7501,0xc9f27a50f82571c1c8423a42970613b8dbda14ef,2021-12-08 01:56:44+00:00,166576,77271012900,2695123,105953,0.0,312,2.0,132,1562,1598,0.9774718397997497,85,366,367,0.997275204359673,99,284,1824732,369,0x3f59cd48a7121c32fabf35f9e46ca5119af0504f3866ae15eb841d2b84ee7813,2,2,8,910,97,613382,79,7,5.0,3.0,1,3,0,-0.7891915280063464,0.71271120738841,0.7059216070750256,0.97555475714657,-0.2377566327393829,-0.25437871092161773,-0.07740288207715038,0.8418153393980998,-0.32093142561292215,-0.2528055211164373,-0.10965122215524387,0.5163702837879526,0.944360914891167,0.9143794312704966,-0.24310735762108038,-0.5225419827949749,-0.52532258038065,0.5814666428171384,-0.3225878975754,0.5750788179035072,-0.04476614810358456,0.5664709476590466,-0.06975483584570095,-0.6682627311058045,-1.13459041220894,-0.22482481855573946,0.0,-0.2849366451536669,0.25,0.8673469387755102,1.756043956043956,0.002546532916627947,0.3473684210526316,4.6455696202531644,0.00020057728993776074,0.005449591280653951,0.0012515644555694619,1.0,0.023529411764705882
0xeb0cbcded9b82a406550de22d8e18facb2f084a0bf1da2904bb391aa651be242,2,0xb18760f7d8fc72f40cc070595f6faab994e24991,0xc9f27a50f82571c1c8423a42970613b8dbda14ef,2021-12-08 02:37:10+00:00,140944,75317555847,350806,88865,0.0,379,2.0,131,1563,1599,0.9774859287054409,85,381,389,0.9794344473007712,83,292,1877334,370,0xeb0cbcded9b82a406550de22d8e18facb2f084a0bf1da2904bb391aa651be242,3,3,8,910,97,613541,118,7,5.0,3.0,1,3,0,-0.7891915280063464,0.7183096175763698,0.7114034714814665,0.97555475714657,-0.22114732996790964,-0.23183866951630935,-0.22067522280301866,0.8487445450760113,0.09157683352965129,0.29203396404829823,-0.10965122215524387,0.5163702837879526,0.944360914891167,0.9159226639090681,0.036227594568600155,-0.5061653350277404,-0.5077492212591784,0.5814666428171384,-0.3225878975754,0.5750788179035072,-0.04476614810358456,0.5664709476590466,-0.12765392135429757,-0.7153746168980886,-1.4621464128116777,-0.6708391051384707,0.0,-0.21501328594240457,0.25,0.8673469387755102,1.7571428571428571,0.0025475028604398722,0.2832764505119454,3.2966101694915255,0.0002029472630084668,0.007712082262210797,0.001876172607879925,1.0,0.03529411764705882
0xa4f21f2adae071e3823a378a1b0858f7c2d2bb40e2f154143453aeedfc239bd8,2,0x056829e3842cfc9b433b9c90c1dcac2a1b72603c,0xc9f27a50f82571c1c8423a42970613b8dbda14ef,2021-12-08 03:03:35+00:00,140944,88518550441,11729133,88865,0.0,40,2.0,130,1564,1600,0.9775,85,50,50,1.0,23,296,1902947,371,0xa4f21f2adae071e3823a378a1b0858f7c2d2bb40e2f154143453aeedfc239bd8,5,5,8,910,97,613663,22,7,5.0,3.0,1,3,0,-0.7891915280063464,0.7239080277643296,0.7168853358879075,0.97555475714657,-0.5876592777917534,-0.5791602166253796,-0.7579465005250247,0.8556737507539226,0.9165933518147982,1.3817129343777692,-0.10965122215524387,0.5163702837879526,0.944360914891167,0.9171067795185379,-0.6513661338983058,-0.4979770111441232,-0.49919238982352476,0.5814666428171384,-0.3225878975754,0.5750788179035072,-0.04476614810358456,0.5664709476590466,-0.12765392135429757,-0.3970037836606876,0.12767240677208422,-0.6708391051384707,0.0,-0.5688046109068512,0.25,0.8673469387755102,1.7582417582417582,0.0025486259581790687,0.07744107744107744,2.272727272727273,2.6275021703167927e-05,0.1,0.003125,1.0,0.058823529411764705
0xda4ab8b5a7e05d4f66a68ec954153f99cf7b6f31c220f954a38c61545940ca75,2,0xc0810e5f17915dfe97b57947a3d84094572689ac,0xc9f27a50f82571c1c8423a42970613b8dbda14ef,2021-12-08 03:10:32+00:00,166594,83650164022,7781305,105965,0.0,1099,2.0,127,1565,1601,0.9775140537164272,85,1093,1114,0.981149012567325,233,952,6090357,372,0xda4ab8b5a7e05d4f66a68ec954153f99cf7b6f31c220f954a38c61545940ca75,2,2,8,910,97,613690,128,7,5.0,3.0,1,3,0,-0.7891915280063464,0.7295064379522893,0.7223672002943484,0.97555475714657,0.5672409082513555,0.5109581495222629,1.1225029715019963,0.862602956431834,-0.32093142561292215,-0.2528055211164373,-0.10965122215524387,0.5163702837879526,0.944360914891167,0.9173688378911256,0.10785194128390285,0.8449081057691016,0.8997441471682525,0.5814666428171384,-0.3225878975754,0.5750788179035072,-0.04476614810358456,0.5664709476590466,-0.06971417637554042,-0.5144155612128992,-0.42393164282850504,-0.22451160627583586,0.0,0.5364019175219068,0.25,0.8673469387755102,1.7593406593406593,0.0025501433131657463,0.24449108079748164,8.703125,0.00017946399866805858,0.0017953321364452424,0.0012492192379762648,1.0,0.023529411764705882
0x6f9f0ff42fed977df6aae42066176745bc6f3af55a1499e7c4b4ab7f3f1da871,3,0xb3331bf4f89be0d192fbae786b1b5282f5982e69,0xc9f27a50f82571c1c8423a42970613b8dbda14ef,2021-12-08 03:11:09+00:00,250959,70470376516,2725074,165716,0.0,32,2.0,126,1566,1602,0.9775280898876404,85,50,51,0.9803921568627451,18,312,2004780,373,0x6f9f0ff42fed977df6aae42066176745bc6f3af55a1499e7c4b4ab7f3f1da871,1,1,6,911,97,613693,13,4,5.0,1.0,1,2,0,1.1356658573749856,0.7351048481402491,0.7278490647007894,0.97555475714657,-0.5876592777917534,-0.5781356692887747,-0.8027191070018586,0.8695321621097455,-0.7334396847554956,-0.7976450062811727,-1.038898867538664,0.529226829047089,0.944360914891167,0.9173979554880798,-0.7158280459420782,-0.46522371560965425,-0.46517186057716875,-1.7077721084314395,-0.3225878975754,-1.7160718510347697,-0.04476614810358456,-1.6291528804767927,0.12085450140741655,-0.8322749391785763,-1.1304055559057813,1.335050638434181,0.0,-0.5771536687231213,0.5,0.8673469387755102,1.7585071350164654,0.0025517603235488697,0.05750798722044728,3.923076923076923,2.4940380021558464e-05,0.0196078431372549,0.0006242197253433209,1.0,0.011764705882352941
0x20c8d906939c8f08f4300637e1ade267ac47ff01c4e8b34ba098018c27149e92,2,0x78fd06a971d8bd1ccf3ba2e16cd2d5ea451933e2,0xc9f27a50f82571c1c8423a42970613b8dbda14ef,2021-12-08 03:13:27+00:00,140926,85101348433,11136522,88853,0.0,301,2.0,125,1567,1603,0.9775421085464754,85,327,329,0.993920972644377,111,485,3132415,374,0x20c8d906939c8f08f4300637e1ade267ac47ff01c4e8b34ba098018c27149e92,2,2,8,911,97,613704,108,7,5.0,3.0,1,3,0,-0.7891915280063464,0.7407032583282089,0.7333309291072303,0.97555475714657,-0.28094081994521347,-0.29331150971260495,0.03005137346725082,0.8764613677876568,-0.32093142561292215,-0.2528055211164373,-0.10965122215524387,0.529226829047089,0.944360914891167,0.9175047200102451,-0.03539675214670254,-0.11107870764320933,-0.08844978132275547,0.5814666428171384,-0.3225878975754,0.5750788179035072,-0.04476614810358456,0.5664709476590466,-0.1276945808244581,-0.47941707781671733,0.044870768139941467,-0.6711523174183742,0.0,-0.29641659965103834,0.25,0.8673469387755102,1.7596048298572997,0.0025533440333710823,0.22839506172839505,3.0462962962962963,0.00010439226462896372,0.0060790273556231,0.0012476606363069245,1.0,0.023529411764705882
0xe6c04644634c56584adec5ec2068ccc2056d00f833a81461a08286e146800375,2,0xb734ec7a75d65406fde5bcf9156cab673ba1e1c5,0xc9f27a50f82571c1c8423a42970613b8dbda14ef,2021-12-08 03:14:30+00:00,140926,72578890546,16460610,88853,0.0,2183,2.0,124,1568,1604,0.9775561097256857,85,2338,2374,0.9848357203032856,397,1264,7923183,375,0xe6c04644634c56584adec5ec2068ccc2056d00f833a81461a08286e146800375,2,2,8,911,97,613706,121,7,5.0,3.0,1,3,0,-0.7891915280063464,0.7463016685161687,0.7388127935136712,0.97555475714657,1.945813038283638,1.801887793644471,2.591044463942146,0.8833905734655683,-0.32093142561292215,-0.2528055211164373,-0.10965122215524387,0.529226829047089,0.944360914891167,0.9175241317415478,0.05771489858319097,1.483597368691245,1.5120575478976988,0.5814666428171384,-0.3225878975754,0.5750788179035072,-0.04476614810358456,0.5664709476590466,-0.1276945808244581,-0.7814235155344095,0.7887705786762419,-0.6711523174183742,0.0,1.6676992516265092,0.25,0.8673469387755102,1.7607025246981338,0.0025549651543814882,0.3138339920948617,19.619834710743802,0.0002950833907176711,0.0008424599831508003,0.0012468827930174563,1.0,0.023529411764705882
0xcff9cac2b49ebb211137d7404d81ff9b2d2e8f1606e3ca67e5f8204e5c589a68,2,0xdb952e1b416f8e1cedc0571f46710e0ec18beb52,0xc9f27a50f82571c1c8423a42970613b8dbda14ef,2021-12-08 03:39:20+00:00,93963,80018124190,17561850,88865,0.0,44,2.0,123,1569,1605,0.9775700934579439,85,46,46,1.0,32,139,889201,376,0xcff9cac2b49ebb211137d7404d81ff9b2d2e8f1606e3ca67e5f8204e5c589a68,9,8,8,911,97,613830,10,7,5.0,3.0,1,3,0,-0.7891915280063464,0.7519000787041286,0.7442946579201122,0.97555475714657,-0.5920884251974796,-0.5832584059717993,-0.6773558088667238,0.8903197791434796,2.566626388385092,3.0162313898719755,-0.10965122215524387,0.529226829047089,0.944360914891167,0.9187276590823206,-0.737315349956669,-0.8193687235760992,-0.8378662523374095,0.5814666428171384,-0.3225878975754,0.5750788179035072,-0.04476614810358456,0.5664709476590466,-0.2337773973327377,-0.6020101389874283,0.9426396032594185,-0.6708391051384707,0.0,-0.5646300819987161,0.25,0.8673469387755102,1.7618002195389681,0.002556078138771095,0.22857142857142856,4.6,5.173177748138218e-05,0.1956521739130435,0.005607476635514018,1.125,0.09411764705882353
0x8e0a144519e09dfa522eaf13fc18c88cfd494d9fdfc69cfa1698f622946af3fd,2,0x06e9925d3e8c642371232e7492c3916d6b855aaa,0xc9f27a50f82571c1c8423a42970613b8dbda14ef,2021-12-08 03:56:34+00:00,166594,76543970673,18054529,105965,0.0,362,2.0,122,1570,1606,0.9775840597758406,85,325,370,0.8783783783783784,73,290,1862396,377,0x8e0a144519e09dfa522eaf13fc18c88cfd494d9fdfc69cfa1698f622946af3fd,2,2,8,911,97,613901,90,7,5.0,3.0,1,3,0,-0.7891915280063464,0.7574984888920884,0.7497765223265531,0.97555475714657,-0.28315539364807657,-0.25130506891180293,-0.31022043575668634,0.897248984821391,-0.32093142561292215,-0.2528055211164373,-0.10965122215524387,0.529226829047089,0.944360914891167,0.9194167755435694,-0.1643205762342474,-0.510259496969549,-0.5127397318587097,0.5814666428171384,-0.3225878975754,0.5750788179035072,-0.04476614810358456,0.5664709476590466,-0.06971417637554042,-0.6857969432411515,1.0114784005811783,-0.22451160627583586,0.0,-0.2327550338019786,0.25,0.8673469387755102,1.7628979143798025,0.002557411443520301,0.2508591065292096,4.111111111111111,0.00017450629484476189,0.005405405405405406,0.0012453300124533001,1.0,0.023529411764705882
0xd62818964620a2726f697313a9b526789a0f083aaa503c0bfca2fafb8c64875d,2,0xa862ad3b430bb441c061ae8965c2df56559b3d2e,0xc9f27a50f82571c1c8423a42970613b8dbda14ef,2021-12-08 03:57:05+00:00,140944,84501037814,16935028,88865,0.0,272,2.0,121,1571,1607,0.9775980087118855,85,286,299,0.9565217391304348,82,922,5893404,378,0xd62818964620a2726f697313a9b526789a0f083aaa503c0bfca2fafb8c64875d,4,4,8,911,97,613904,49,7,5.0,3.0,1,3,0,-0.7891915280063464,0.7630968990800481,0.7552583867329941,0.97555475714657,-0.3263395808539071,-0.3240479298107528,-0.2296297440983854,0.9041781904993025,0.5040850926722248,0.8368734492130337,-0.10965122215524387,0.529226829047089,0.944360914891167,0.9194458931405236,-0.4579803977669885,0.7834956766419724,0.8339457783029773,0.5814666428171384,-0.3225878975754,0.5750788179035072,-0.04476614810358456,0.5664709476590466,-0.12765392135429757,-0.4938948802740531,0.8550578865334769,-0.6708391051384707,0.0,-0.3266819342350175,0.25,0.8673469387755102,1.7639956092206366,0.00255902786261718,0.08884073672806067,6.1020408163265305,4.85288216234927e-05,0.013377926421404682,0.002489110143123833,1.0,0.047058823529411764
0x1ceaad0e485fbbf96a823d09f288b5f892c6e36008aaf3330a804579d9295e67,2,0x367191624fadb341c9206fa0c16f88b64b81b3ed,0xc9f27a50f82571c1c8423a42970613b8dbda14ef,2021-12-08 03:58:15+00:00,150341,82109441658,13577365,88865,0.0,155,2.0,120,1572,1608,0.9776119402985075,85,159,167,0.9520958083832335,45,150,953998,379,0x1ceaad0e485fbbf96a823d09f288b5f892c6e36008aaf3330a804579d9295e67,2,2,8,911,97,613907,30,7,5.0,3.0,1,3,0,-0.7891915280063464,0.7686953092680079,0.760740251139435,0.97555475714657,-0.46696501098571425,-0.4592881782426032,-0.5609470320269558,0.9111073961772138,-0.32093142561292215,-0.2528055211164373,-0.10965122215524387,0.529226829047089,0.944360914891167,0.9194750107374777,-0.5940666565260636,-0.7968508328961519,-0.8162187683825409,0.5814666428171384,-0.3225878975754,0.5750788179035072,-0.04476614810358456,0.5664709476590466,-0.10642741907104684,-0.55157344801615,0.3859137120674001,-0.6708391051384707,0.0,-0.4487869047979681,0.25,0.8673469387755102,1.765093304061471,0.0025606442659160656,0.2980132450331126,5.566666666666666,0.0001666668413698547,0.011976047904191617,0.0012437810945273632,1.0,0.023529411764705882
0x1a59e611dc808ff785e30bec1375b3b97d5a8e34308c936109c88414a4476192,3,0xb2dcab83583e0451ed1a2bc98743997c38e10c47,0xc9f27a50f82571c1c8423a42970613b8dbda14ef,2021-12-08 04:13:50+00:00,250941,69389447061,6015283,165704,0.0,57,2.0,119,1573,1609,0.9776258545680547,85,60,61,0.9836065573770492,17,138,881588,380,0x1a59e611dc808ff785e30bec1375b3b97d5a8e34308c936109c88414a4476192,1,1,6,912,97,613981,18,4,5.0,1.0,1,2,0,1.1356658573749856,0.7742937194559677,0.7662221155458759,0.97555475714657,-0.5765864092774379,-0.5678901959227255,-0.8116736282972252,0.9180366018551253,-0.7334396847554956,-0.7976450062811727,-1.038898867538664,0.5420833743062253,0.944360914891167,0.9201932447956808,-0.6800158725844269,-0.8214158045470035,-0.8404096153842854,-1.7077721084314395,-0.3225878975754,-1.7160718510347697,-0.04476614810358456,-1.6291528804767927,0.12081384193725603,-0.8583439151794917,-0.6706862853518702,1.3347374261542775,0.0,-0.5510628630472771,0.5,0.8673469387755102,1.7642543859649122,0.0025619643572612877,0.1223021582733813,3.388888888888889,6.805892541762658e-05,0.01639344262295082,0.0006215040397762585,1.0,0.011764705882352941
0x1d1d7314f2c77dded2eb95e8efb9fb33fbb5a78a5daca2d88494e1c0ba41372d,2,0x32b09ebb575d28df0428f79047b613a452c9bce8,0xc9f27a50f82571c1c8423a42970613b8dbda14ef,2021-12-08 04:14:52+00:00,140944,72789610359,8506764,88865,0.0,15,2.0,118,1574,1610,0.977639751552795,85,19,19,1.0,4,59,374625,381,0x1d1d7314f2c77dded2eb95e8efb9fb33fbb5a78a5daca2d88494e1c0ba41372d,6,4,8,912,97,613985,5,7,5.0,3.0,1,3,0,-0.7891915280063464,0.7798921296439275,0.7717039799523169,0.97555475714657,-0.6219851701861315,-0.6109211840601324,-0.9280824051369932,0.9249658075330366,1.3291016109573717,0.8368734492130337,-0.10965122215524387,0.5420833743062253,0.944360914891167,0.9202320682582864,-0.7731275233143203,-0.9831352012484437,-1.0097766139831716,0.5814666428171384,-0.3225878975754,0.5750788179035072,-0.04476614810358456,0.5664709476590466,-0.12765392135429757,-0.7763415467504111,-0.32256802662759815,-0.6708391051384707,0.0,-0.5948954165826954,0.25,0.8673469387755102,1.7653508771929824,0.0025635763681908057,0.06666666666666667,3.8,5.071724866933956e-05,0.3157894736842105,0.0037267080745341614,1.5,0.047058823529411764
0x8abfbac3c38949bf85d508fb2cb828f55a520743e1e610961ef4e7dc5f2ebc7e,2,0xb2dcab83583e0451ed1a2bc98743997c38e10c47,0xc9f27a50f82571c1c8423a42970613b8dbda14ef,2021-12-08 04:20:02+00:00,140872,102300000000,1229582,93617,0.0,58,2.0,117,1575,1611,0.9776536312849162,85,61,62,0.9838709677419355,17,138,881611,382,0x8abfbac3c38949bf85d508fb2cb828f55a520743e1e610961ef4e7dc5f2ebc7e,2,1,8,912,97,614004,18,7,5.0,3.0,1,3,0,-0.7891915280063464,0.7854905398318873,0.7771858443587578,0.97555475714657,-0.5754791224260063,-0.5668656485861205,-0.8116736282972252,0.931895013210948,-0.32093142561292215,-0.7976450062811727,-0.10965122215524387,0.5420833743062253,0.944360914891167,0.9204164797056629,-0.6800158725844269,-0.8214158045470035,-0.8404019315080108,0.5814666428171384,-0.3225878975754,0.5750788179035072,-0.04476614810358456,0.5664709476590466,-0.1278165592349397,-0.06463401045342797,-1.3393608202550094,-0.5468070422966437,0.0,-0.5500192308202434,0.25,0.8673469387755102,1.7664473684210527,0.002565125691158867,0.1223021582733813,3.4444444444444446,6.919143568826195e-05,0.03225806451612903,0.0012414649286157666,2.0,0.011764705882352941
0x79f3039b357ffe5a8375523175ea1046f20fc8fdcae58755d13741cd11d592b8,2,0xd3137fe7b703f4faccabc1660265ec53f89fa994,0xc9f27a50f82571c1c8423a42970613b8dbda14ef,2021-12-08 04:27:50+00:00,150341,64217967219,27450135,88865,0.0,102,2.0,116,1576,1612,0.9776674937965261,85,112,115,0.9739130434782609,44,450,2899964,383,0x79f3039b357ffe5a8375523175ea1046f20fc8fdcae58755d13741cd11d592b8,2,2,8,912,97,614041,36,7,5.0,3.0,1,3,0,-0.7891915280063464,0.7910889500198471,0.7826677087651988,0.97555475714657,-0.5190074930029972,-0.5125646397460594,-0.5699015533223226,0.9388242188888594,-0.32093142561292215,-0.2528055211164373,-0.10965122215524387,0.5420833743062253,0.944360914891167,0.9207755967347644,-0.551092048496882,-0.18272654162486004,-0.16610737801385464,0.5814666428171384,-0.3225878975754,0.5750788179035072,-0.04476614810358456,0.5664709476590466,-0.10642741907104684,-0.9830654529881877,2.3242646511603815,-0.6708391051384707,0.0,-0.5040994128307578,0.25,0.8673469387755102,1.7675438596491229,0.0025665996788493293,0.0975609756097561,3.1944444444444446,3.862115577256967e-05,0.017391304347826087,0.0012406947890818859,1.0,0.023529411764705882
0x1c93d0bf565cae9ca0a5c62dd214b826065f0719651f6e09c8024bd52e471159,2,0x9ddea6c0bfa53bdf244ade7ba5ed7e227f6e58b4,0xc9f27a50f82571c1c8423a42970613b8dbda14ef,2021-12-08 04:28:47+00:00,200944,71853470317,7376112,88865,0.0,1057,2.0,115,1577,1613,0.9776813391196528,85,1056,1063,0.993414863593603,211,363,2337080,384,0x1c93d0bf565cae9ca0a5c62dd214b826065f0719651f6e09c8024bd52e471159,2,2,8,912,97,614042,133,7,5.0,3.0,1,3,0,-0.7891915280063464,0.796687360207807,0.7881495731716398,0.97555475714657,0.5262712947483881,0.4587062353554116,0.9255035030039275,0.9457534245667708,-0.32093142561292215,-0.2528055211164373,-0.10965122215524387,0.5420833743062253,0.944360914891167,0.9207853026004158,0.1436641146415542,-0.3608225860935347,-0.35415655248878775,0.5814666428171384,-0.3225878975754,0.5750788179035072,-0.04476614810358456,0.5664709476590466,0.007877645847473531,-0.7989186096433766,-0.48054659658784094,-0.6708391051384707,0.0,0.49256936398648865,0.25,0.8673469387755102,1.768640350877193,0.0025682240494558197,0.5796703296703297,7.992481203007519,0.00045184569982811894,0.0018814675446848542,0.0012399256044637321,1.0,0.023529411764705882
0x80832cb2809c4cceffddb1cd91cb9336563c64814d39d58e9af8cee16a6691db,3,0x0975aa40a8c8a913a2b0d7ace0d5f7ee9b8337cc,0xc9f27a50f82571c1c8423a42970613b8dbda14ef,2021-12-08 04:36:17+00:00,250959,83322116594,6462434,165716,0.0,13,2.0,114,1578,1614,0.9776951672862454,85,17,17,1.0,7,93,592915,385,0x80832cb2809c4cceffddb1cd91cb9336563c64814d39d58e9af8cee16a6691db,1,1,6,913,97,614076,9,4,5.0,1.0,1,2,0,1.1356658573749856,0.8022857703957667,0.7936314375780807,0.97555475714657,-0.6241997438889947,-0.6129702787333423,-0.9012188412508929,0.9526826302446822,-0.7334396847554956,-0.7976450062811727,-1.038898867538664,0.5549399195653617,0.944360914891167,0.9211153020325631,-0.7444777846281992,-0.9135344482376972,-0.9368499465061548,-1.7077721084314395,-0.3225878975754,-1.7160718510347697,-0.04476614810358456,-1.6291528804767927,0.12085450140741655,-0.5223271418328335,-0.608208816125006,1.335050638434181,0.0,-0.5969826810367629,0.5,0.8673469387755102,1.7677984665936473,0.0025697103132017647,0.07446808510638298,1.8888888888888888,2.8671852336587306e-05,0.058823529411764705,0.0006195786864931846,1.0,0.011764705882352941
0x9e934f97d10764e23abc4d0bd79922d95aa699e99efede09f3d1a1cb35b60623,2,0x23ed05aad698cd4be7c9c5f2c6f8c04ed1827793,0xc9f27a50f82571c1c8423a42970613b8dbda14ef,2021-12-08 04:44:35+00:00,140908,64472108954,23511187,93641,0.0,1715,2.0,113,1579,1615,0.9777089783281734,85,1760,1774,0.992108229988726,352,454,2931328,386,0x9e934f97d10764e23abc4d0bd79922d95aa699e99efede09f3d1a1cb35b60623,4,4,8,913,97,614115,406,7,5.0,3.0,1,3,0,-0.7891915280063464,0.8078841805837265,0.7991133019845217,0.97555475714657,1.3058012381562007,1.1871593916815146,2.1880910056506417,0.9596118359225936,0.5040850926722248,0.8368734492130337,-0.10965122215524387,0.5549399195653617,0.944360914891167,0.9214938307929674,2.099008779969318,-0.1745382177412428,-0.1556292434279865,0.5814666428171384,-0.3225878975754,0.5750788179035072,-0.04476614810358456,0.5664709476590466,-0.12773524029461863,-0.9769362696636885,1.773901345574084,-0.5461806177368365,0.0,1.1792793693747068,0.25,0.8673469387755102,1.768893756845564,0.002571175478248409,0.7736263736263737,4.369458128078818,0.0006004102575998805,0.002254791431792559,0.002476780185758514,1.0,0.047058823529411764
0x77ace02896c3cbdd9d93cbdbf958c46c69b5ed48785d28d123f393603fd731aa,2,0x99bcea6bb0403927fb3c038163478d5b42082fd9,0xc9f27a50f82571c1c8423a42970613b8dbda14ef,2021-12-08 06:01:33+00:00,140926,78607201767,5805988,88853,0.0,833,2.0,112,1580,1616,0.9777227722772277,85,1032,1036,0.9961389961389961,387,1407,8760172,387,0x77ace02896c3cbdd9d93cbdbf958c46c69b5ed48785d28d123f393603fd731aa,2,2,8,913,97,614461,280,7,5.0,3.0,1,3,0,-0.7891915280063464,0.8134825907716863,0.8045951663909626,0.97555475714657,0.49969641031403084,0.43104345726707854,2.5014992509884784,0.966541041600505,-0.32093142561292215,-0.2528055211164373,-0.10965122215524387,0.5549399195653617,0.944360914891167,0.9248520603083493,1.1965420113565037,1.7763299475305607,1.7916801530785171,0.5814666428171384,-0.3225878975754,0.5750788179035072,-0.04476614810358456,0.5664709476590466,-0.1276945808244581,-0.6360376165570356,-0.6999296995941208,-0.6711523174183742,0.0,0.2587957451309251,0.25,0.8673469387755102,1.7699890470974808,0.0025713551041398816,0.27485795454545453,3.7,0.00011780589264618405,0.0019305019305019305,0.0012376237623762376,1.0,0.023529411764705882
0x54f7cbae43e09f9d0e098c5ecac7def068c9ba51a9b7a5bda06e1a3ce6775093,2,0x043dccdadbb62817ff76816b409e908022c841a8,0xc9f27a50f82571c1c8423a42970613b8dbda14ef,2021-12-08 06:45:55+00:00,140944,67365777126,29262645,88865,0.0,86,2.0,111,1581,1617,0.9777365491651205,85,92,98,0.9387755102040817,27,319,2052554,388,0x54f7cbae43e09f9d0e098c5ecac7def068c9ba51a9b7a5bda06e1a3ce6775093,2,2,8,913,97,614657,52,7,5.0,3.0,1,3,0,-0.7891915280063464,0.8190810009596461,0.8100770307974036,0.97555475714657,-0.5411532300316282,-0.5299819444683431,-0.7221284153435577,0.9734702472784164,-0.32093142561292215,-0.2528055211164373,-0.10965122215524387,0.5549399195653617,0.944360914891167,0.9267544099760222,-0.4364930937523977,-0.4508941488133241,-0.4492114473101982,0.5814666428171384,-0.3225878975754,0.5750788179035072,-0.04476614810358456,0.5664709476590466,-0.12765392135429757,-0.9071491380599146,2.577514756266674,-0.6708391051384707,0.0,-0.520797528463298,0.25,0.8673469387755102,1.7710843373493976,0.0025721620803764045,0.084375,1.8846153846153846,4.482218503280058e-05,0.02040816326530612,0.0012368583797155227,1.0,0.023529411764705882
0xefe92a9daeaa51005900006edff7143941c17bd5607804c3a0a929985fbfd574,2,0x8886dca35291f05ed5d8e21f083998ea8dceb50f,0xc9f27a50f82571c1c8423a42970613b8dbda14ef,2021-12-08 06:51:01+00:00,166576,99861006930,3557713,105953,0.0,462,2.0,110,1582,1618,0.9777503090234858,85,461,483,0.9544513457556936,105,647,4176234,389,0xefe92a9daeaa51005900006edff7143941c17bd5607804c3a0a929985fbfd574,3,3,8,913,97,614668,123,7,5.0,3.0,1,3,0,-0.7891915280063464,0.8246794111476059,0.8155588952038445,0.97555475714657,-0.13256438185338545,-0.1355312198754462,-0.02367575430494978,0.9803994529563278,0.09157683352965129,0.29203396404829823,-0.10965122215524387,0.5549399195653617,0.944360914891167,0.9268611744981875,0.07203976792625151,0.22054840964328823,0.2602709164608912,0.5814666428171384,-0.3225878975754,0.5750788179035072,-0.04476614810358456,0.5664709476590466,-0.06975483584570095,-0.12345565835479719,-1.0140663830098533,-0.22482481855573946,0.0,-0.128391811098602,0.25,0.8673469387755102,1.7721796276013144,0.0025737429413228907,0.16203703703703703,3.926829268292683,0.00011038650842205958,0.006211180124223602,0.001854140914709518,1.0,0.03529411764705882
0xb3b3fb6d413e8b7318a01b57af6318e310d6233db3ba4e93c7ce76c3078ddad3,2,0x7f4193f4bade69eaf86b5d5c478b8781eb4347c0,0xc9f27a50f82571c1c8423a42970613b8dbda14ef,2021-12-08 07:40:07+00:00,140944,64492833701,15594867,88865,0.0,105,,109,1583,1619,0.9777640518838789,85,121,122,0.9918032786885246,63,1404,8741522,390,0xb3b3fb6d413e8b7318a01b57af6318e310d6233db3ba4e93c7ce76c3078ddad3,6,6,8,913,97,614881,26,7,5.0,3.0,1,3,0,-0.7891915280063464,0.8302778213355657,0.8210407596102854,0.97555475714657,-0.5090419113401132,-0.5053928083898249,-0.39976564871035397,0.9873286586342392,1.3291016109573717,1.9265524195425048,-0.10965122215524387,0.5549399195653617,0.944360914891167,0.9289285238819341,-0.6227163952121847,1.770188704617848,1.785449531664589,0.5814666428171384,-0.3225878975754,0.5750788179035072,-0.04476614810358456,0.5664709476590466,-0.12765392135429757,-0.9764364470992566,0.6678060015180266,-0.6708391051384707,0.0,-0.5009685161496564,0.25,0.8673469387755102,1.7732749178532312,0.0025744777046652853,0.044839857651245554,4.6923076923076925,1.3841981540287658e-05,0.04918032786885246,0.0037059913526868438,1.0,0.07058823529411765
0x48428bfd9ccc3e99ceaa8b880011dc6c501963560aeb463cf8ba48568b6fc09e,2,0x1ed09b8b375f1c7a59a78a16338597564ed3d87c,0xc9f27a50f82571c1c8423a42970613b8dbda14ef,2021-12-08 07:52:43+00:00,140944,70053418879,5537896,88865,0.0,29,2.0,108,1584,1620,0.9777777777777777,85,34,34,1.0,21,257,1647533,391,0x48428bfd9ccc3e99ceaa8b880011dc6c501963560aeb463cf8ba48568b6fc09e,2,2,8,913,97,614937,15,7,5.0,3.0,1,3,0,-0.7891915280063464,0.8358762315235254,0.8265226240167264,0.97555475714657,-0.6053758674146582,-0.5955529740110584,-0.7758555431157582,0.9942578643121506,-0.32093142561292215,-0.2528055211164373,-0.10965122215524387,0.5549399195653617,0.944360914891167,0.9294720523584121,-0.7015031765990176,-0.5778131690093911,-0.5845215017708186,0.5814666428171384,-0.3225878975754,0.5750788179035072,-0.04476614810358456,0.5664709476590466,-0.12765392135429757,-0.8423307837871881,-0.7373884320580278,-0.6708391051384707,0.0,-0.5802845654042227,0.25,0.8673469387755102,1.7743702081051478,0.00257586943724408,0.08139534883720931,2.2666666666666666,2.0636903396227332e-05,0.058823529411764705,0.0012345679012345679,1.0,0.023529411764705882
0xbd967b7a65f77f45f05b7e2b6c7d0b46e5b01ebc0097e1ccd3a1281f9df30454,2,0x71535aae1b6c0c51db317b54d5eee72d1ab843c1,0xc9f27a50f82571c1c8423a42970613b8dbda14ef,2021-12-08 08:23:47+00:00,93963,49976920265,1603961,88865,0.0,2641,2.0,107,1585,1621,0.9777914867365823,85,2579,2802,0.9204139900071378,618,1491,9248616,392,0xbd967b7a65f77f45f05b7e2b6c7d0b46e5b01ebc0097e1ccd3a1281f9df30454,2,2,8,913,97,615080,832,7,5.0,3.0,1,3,0,-0.7891915280063464,0.8414746417114852,0.8320044884231673,0.97555475714657,2.2126691694786422,2.24039405371138,4.569993670218202,1.001187069990062,-0.32093142561292215,-0.2528055211164373,-0.10965122215524387,0.5549399195653617,0.944360914891167,0.9308599911465613,5.1502059500412125,1.9482847490865225,1.9548602949500824,0.5814666428171384,-0.3225878975754,0.5750788179035072,-0.04476614810358456,0.5664709476590466,-0.2337773973327377,-1.326519421750409,-1.2870513041146356,-0.6708391051384707,0.0,2.145682811607974,0.25,0.8673469387755102,1.7754654983570646,0.002576896376249632,0.41420911528150134,3.3677884615384617,0.00027885250302829063,0.0007137758743754461,0.0012338062924120913,1.0,0.023529411764705882
0x54cb6febadffc1b931bcfc5317235660382b3095c148b0fe0c538b4bc4aa41ac,3,0x0a0ae914771ec0a5851049864ccc27b1baa8cd43,0xc9f27a50f82571c1c8423a42970613b8dbda14ef,2021-12-08 08:55:36+00:00,250959,75000000000,6257972,165716,0.0,197,,106,1586,1622,0.9778051787916153,85,200,208,0.9615384615384616,55,179,1143826,393,0x54cb6febadffc1b931bcfc5317235660382b3095c148b0fe0c538b4bc4aa41ac,1,1,6,914,97,615217,70,4,5.0,1.0,1,2,0,1.1356658573749856,0.847073051899445,0.8374863528296083,0.97555475714657,-0.4215662500770206,-0.4172817374418012,-0.47140181907328815,1.0081162756679733,-0.7334396847554956,-0.7976450062811727,-1.038898867538664,0.5677964648244981,0.944360914891167,0.9321896947408022,-0.3075692696648528,-0.7374854847399269,-0.7528007307544904,-1.7077721084314395,-0.3225878975754,-1.7160718510347697,-0.04476614810358456,-1.6291528804767927,0.12085450140741655,-0.7230331701145826,-0.6367769470540727,1.335050638434181,0.0,-0.40495435126254997,0.5,0.8673469387755102,1.774617067833698,0.002577947979415427,0.3055555555555556,2.9714285714285715,0.00017485161654690788,0.004807692307692308,0.0006165228113440197,1.0,0.011764705882352941
0xa1bb80b91cbaed6a602cca9f23667378ae21320bb9996eda9f231ab8ac462d65,2,0xfc0ac081405ad9b335d6a2d5a0812a4959ad4372,0xc9f27a50f82571c1c8423a42970613b8dbda14ef,2021-12-08 09:21:13+00:00,140926,49219566519,13904092,88853,0.0,2447,2.0,105,1587,1623,0.977818853974122,85,2388,2486,0.9605792437650845,430,640,4134654,394,0xa1bb80b91cbaed6a602cca9f23667378ae21320bb9996eda9f231ab8ac462d65,2,2,8,914,97,615334,546,7,5.0,3.0,1,3,0,-0.7891915280063464,0.8526714620874049,0.8429682172360492,0.97555475714657,2.0011773808552156,1.9166370953442229,2.8865436666892497,1.0150454813458847,-0.32093142561292215,-0.2528055211164373,-0.10965122215524387,0.5677964648244981,0.944360914891167,0.9333252810220151,3.1017496339835557,0.2062188428469581,0.2463798044828145,0.5814666428171384,-0.3225878975754,0.5750788179035072,-0.04476614810358456,0.5664709476590466,-0.1276945808244581,-1.344784662407282,0.43156512755810833,-0.6711523174183742,0.0,1.9432181595634233,0.25,0.8673469387755102,1.775711159737418,0.0025790829385619217,0.6708268330733229,4.553113553113553,0.0005775572568932595,0.0008045052292839903,0.0012322858903265558,1.0,0.023529411764705882
0x931307c61664f43b1781418a8fdc85ff91b9b5dadb59b80f2a850e9a070707d1,2,0xbd097c5c62ac56f585a3e58bf5000fcaff2a9deb,0xc9f27a50f82571c1c8423a42970613b8dbda14ef,2021-12-08 09:28:29+00:00,140872,60000000000,3552520,93617,0.0,20,,104,1588,1624,0.9778325123152709,85,25,25,1.0,13,162,1035116,395,0x931307c61664f43b1781418a8fdc85ff91b9b5dadb59b80f2a850e9a070707d1,2,2,8,914,97,615371,10,7,5.0,3.0,1,3,0,-0.7891915280063464,0.8582698722753647,0.8484500816424901,0.97555475714657,-0.6153414490775422,-0.6047739000405028,-0.8474917134786923,1.0219746870237962,-0.32093142561292215,-0.2528055211164373,-0.10965122215524387,0.5677964648244981,0.944360914891167,0.9336843980511166,-0.737315349956669,-0.7722858612453002,-0.7891187390069367,0.5814666428171384,-0.3225878975754,0.5750788179035072,-0.04476614810358456,0.5664709476590466,-0.1278165592349397,-1.0847909501481838,-1.014791966756049,-0.5468070422966437,0.0,-0.5896772554475265,0.25,0.8673469387755102,1.776805251641138,0.0025805529013344774,0.07975460122699386,2.5,2.4151859161814558e-05,0.08,0.0012315270935960591,1.0,0.023529411764705882
0x830e367ad0aba91e203b0a2dd82fb4fb27c941cd444fa8a1ea15ba43418a2b80,2,0x2742875fd862a91527dabe7020d963ef0c362346,0xc9f27a50f82571c1c8423a42970613b8dbda14ef,2021-12-08 09:49:08+00:00,166576,66061859690,11482322,105953,0.0,151,2.0,103,1589,1625,0.9778461538461538,85,146,157,0.9299363057324841,41,194,1243511,396,0x830e367ad0aba91e203b0a2dd82fb4fb27c941cd444fa8a1ea15ba43418a2b80,4,4,8,914,97,615460,39,7,5.0,3.0,1,3,0,-0.7891915280063464,0.8638682824633245,0.8539319460489311,0.97555475714657,-0.4813597400543244,-0.46953365160865246,-0.5967651172084228,1.0289038927017076,0.5040850926722248,0.8368734492130337,-0.10965122215524387,0.5677964648244981,0.944360914891167,0.9345482200940906,-0.5296047444822912,-0.7067792701763623,-0.7194978087358619,0.5814666428171384,-0.3225878975754,0.5750788179035072,-0.04476614810358456,0.5664709476590466,-0.06975483584570095,-0.9385959565262122,0.09318712851630127,-0.22482481855573946,0.0,-0.4529614337061032,0.25,0.8673469387755102,1.7778993435448578,0.002581804533512278,0.21025641025641026,4.0256410256410255,0.00011740940175888934,0.025477707006369428,0.0024615384615384616,1.0,0.047058823529411764
0x942fa6c00fd121fda7749fa9e59c88edfe6bb4861a51dab9b70008e7f726e5af,3,0xd5c58b0d819be34b7b8ff69e76e6a4b5fb912263,0xc9f27a50f82571c1c8423a42970613b8dbda14ef,2021-12-08 09:59:18+00:00,284239,63649618165,6803020,178303,0.0,1095,2.0,102,1590,1626,0.977859778597786,85,1144,1168,0.9794520547945206,253,1396,8690633,397,0x942fa6c00fd121fda7749fa9e59c88edfe6bb4861a51dab9b70008e7f726e5af,1,1,12,915,97,615504,296,7,6.0,3.0,1,3,0,1.1356658573749856,0.8694666926512843,0.859413810455372,0.97555475714657,0.6237125376743647,0.5662837056989289,1.3015933974093317,1.035833098379619,-0.7334396847554956,-0.7976450062811727,1.748844068611596,0.5806530100836345,0.944360914891167,0.9349752781827518,1.311140966100988,1.7538120568506135,1.7684484542847827,0.5814666428171384,1.9176058355870982,0.5750788179035072,-0.04476614810358456,0.5664709476590466,0.19602934401533226,-0.9967724324588035,-0.5606209736867674,1.6635842190297356,0.0,0.5322273886137718,0.25,0.8673469387755102,1.777049180327869,0.002583244652764803,0.18110236220472442,3.945945945945946,0.00013163596579950323,0.0008561643835616438,0.0006150061500615006,1.0,0.011764705882352941
0x0cc65119bc79fc538279be28e7656bcae64aa65aed53c2f866db5bdebaa489d6,2,0x676f3d2c9f5776e09d23986adc6684fb41e9000e,0xc9f27a50f82571c1c8423a42970613b8dbda14ef,2021-12-08 10:01:58+00:00,140890,69304402333,11246851,93629,0.0,983,2.0,101,1591,1627,0.9778733866011063,85,931,1041,0.8943323727185398,224,1409,8770977,398,0x0cc65119bc79fc538279be28e7656bcae64aa65aed53c2f866db5bdebaa489d6,7,7,8,915,97,615518,227,7,5.0,3.0,1,3,0,-0.7891915280063464,0.875065102839244,0.864895674861813,0.97555475714657,0.38786043831944406,0.4361661939501032,1.0419122798436955,1.0427623040575305,1.741609870099945,2.47139190470724,-0.10965122215524387,0.5806530100836345,0.944360914891167,0.9351111603018712,0.8169329737653996,1.7804241094723694,1.7952899045196695,0.5814666428171384,-0.3225878975754,0.5750788179035072,-0.04476614810358456,0.5664709476590466,-0.12777589976477916,-0.8603949546464812,0.06028631390039086,-0.5464938300167401,0.0,0.41534057918599,0.25,0.8673469387755102,1.7781420765027323,0.0025848105419978913,0.15886524822695036,4.58590308370044,0.00010614551763782785,0.0067243035542747355,0.0043023970497848806,1.0,0.08235294117647059
0x616a052f2b8c878e4b3178eafd199c0bf81b67b12611342ddcaf9a0b584a582a,3,0x5036d886044966eb325cb216283ee13eb85496b0,0xc9f27a50f82571c1c8423a42970613b8dbda14ef,2021-12-08 10:15:58+00:00,287701,65321690200,13675406,185411,0.0,1561,,100,1592,1628,0.9778869778869779,85,1477,1595,0.9260188087774295,214,1541,9474744,399,0x616a052f2b8c878e4b3178eafd199c0bf81b67b12611342ddcaf9a0b584a582a,1,1,13,916,97,615570,257,7,6.0,3.0,1,3,0,1.1356658573749856,0.8806635130272038,0.8703775392682539,0.97555475714657,0.9924390592010716,1.0037654184292328,0.9523670668900278,1.0496915097354418,-0.7334396847554956,-0.7976450062811727,2.213467891303306,0.5935095553427708,0.944360914891167,0.9356158653157437,1.0318060139113077,2.0506387976317377,2.0304054938288347,0.5814666428171384,1.9176058355870982,0.5750788179035072,-0.04476614810358456,0.5664709476590466,0.20384951544287444,-0.9564467612962791,0.3996123363810458,1.84911029282597,0.0,1.0185600064115066,0.23076923076923078,0.8673469387755102,1.777292576419214,0.0025862166996171035,0.13878080415045396,6.206225680933852,0.0001558881004185337,0.0006269592476489029,0.0006142506142506142,1.0,0.011764705882352941
0x498ed1d2461e3b74b3918434dff36924cd51ef27d2f2f1257d6549a71a077919,2,0xfcb582cdb82a88a2ce12d7c35b6e9692cbb38425,0xc9f27a50f82571c1c8423a42970613b8dbda14ef,2021-12-08 10:21:49+00:00,140962,70396524677,6776209,88877,0.0,235,,99,1593,1629,0.9779005524861878,85,150,238,0.6302521008403361,37,189,1209082,400,0x498ed1d2461e3b74b3918434dff36924cd51ef27d2f2f1257d6549a71a077919,2,2,8,916,97,615591,29,7,5.0,3.0,1,3,0,-0.7891915280063464,0.8862619232151636,0.8758594036746948,0.97555475714657,-0.4769305926485982,-0.3865453173436533,-0.63258320238989,1.0566207154133531,-0.32093142561292215,-0.2528055211164373,-0.10965122215524387,0.5935095553427708,0.944360914891167,0.935819688494423,-0.6012290911975939,-0.7170146750308839,-0.730999903355708,0.5814666428171384,-0.3225878975754,0.5750788179035072,-0.04476614810358456,0.5664709476590466,-0.12761326188413702,-0.8340560376671122,-0.5643670984353233,-0.670525892858567,0.0,-0.36529632663526684,0.25,0.8673469387755102,1.7783842794759825,0.002587752927263512,0.19473684210526315,8.206896551724139,0.00012406096190253275,0.008403361344537815,0.0012277470841006752,1.0,0.023529411764705882
0xc4a34448d312c82f81b08142a4dd707c9057d918a5fa5ad444fc03a22ed368c2,2,0xd5c58b0d819be34b7b8ff69e76e6a4b5fb912263,0xc9f27a50f82571c1c8423a42970613b8dbda14ef,2021-12-08 10:33:29+00:00,140926,59902581501,13247399,88853,0.0,1096,2.0,98,1594,1630,0.9779141104294479,85,1145,1169,0.979469632164243,253,1396,8690765,401,0xc4a34448d312c82f81b08142a4dd707c9057d918a5fa5ad444fc03a22ed368c2,2,1,8,916,97,615636,296,7,5.0,3.0,1,3,0,-0.7891915280063464,0.8918603334031234,0.8813412680811358,0.97555475714657,0.6248198245257962,0.5673082530355339,1.3015933974093317,1.0635499210912647,-0.32093142561292215,-0.7976450062811727,-0.10965122215524387,0.5935095553427708,0.944360914891167,0.9362564524487356,1.311140966100988,1.7538120568506135,1.7684925530529672,0.5814666428171384,-0.3225878975754,0.5750788179035072,-0.04476614810358456,0.5664709476590466,-0.1276945808244581,-1.0871404101436803,0.33980973240301043,-0.6711523174183742,0.0,0.5332710208408056,0.25,0.8673469387755102,1.779475982532751,0.0025891881092267033,0.18110236220472442,3.949324324324324,0.00013174903109806432,0.001710863986313088,0.001226993865030675,2.0,0.011764705882352941
0xc87e0475d145ccc4999e0f2e9a158bfc418c6955c0529f4842989263ffedda8e,2,0x6fe7e0c399dfddb13b9615683280a09208d4fd5d,0xc9f27a50f82571c1c8423a42970613b8dbda14ef,2021-12-08 10:37:36+00:00,140926,75000000000,12099720,88853,0.0,234,,96,1595,1632,0.977328431372549,85,238,240,0.9916666666666667,52,91,578717,402,0xc87e0475d145ccc4999e0f2e9a158bfc418c6955c0529f4842989263ffedda8e,7,7,8,916,97,615648,65,7,5.0,3.0,1,3,0,-0.7891915280063464,0.8974587435910832,0.8923049968940177,0.97555475714657,-0.3794893497226216,-0.3844962226704435,-0.49826538295938844,1.070479126769176,1.741609870099945,2.47139190470724,-0.10965122215524387,0.5935095553427708,0.944360914891167,0.9363729228365523,-0.3433814430225042,-0.9176286101795059,-0.9415932367385919,0.5814666428171384,-0.3225878975754,0.5750788179035072,-0.04476614810358456,0.5664709476590466,-0.1276945808244581,-0.7230331701145826,0.17945209168473328,-0.6711523174183742,0.0,-0.36633995886230064,0.25,0.8673469387755102,1.7816593886462881,0.002590761943899852,0.5652173913043478,3.6923076923076925,0.00041125384038512714,0.029166666666666667,0.00428921568627451,1.0,0.08235294117647059
0xd59f1c00e8356096dc649b21531abe5be48741c08bc195d6bae71429ffa2904d,2,0x14647973d093256920ce9c6c8a6646b3a4e43869,0xc9f27a50f82571c1c8423a42970613b8dbda14ef,2021-12-08 10:37:36+00:00,140944,77963779790,9531520,88865,0.0,271,2.0,97,1595,1632,0.977328431372549,85,262,282,0.9290780141843972,54,344,2216396,403,0xd59f1c00e8356096dc649b21531abe5be48741c08bc195d6bae71429ffa2904d,2,2,8,916,97,615648,81,7,5.0,3.0,1,3,0,-0.7891915280063464,0.8974587435910832,0.8923049968940177,0.97555475714657,-0.35291446528826437,-0.34146523453303657,-0.4803563403686549,1.0774083324470873,-0.32093142561292215,-0.2528055211164373,-0.10965122215524387,0.5935095553427708,0.944360914891167,0.9363729228365523,-0.22878248827801984,-0.3997171245407165,-0.39447485354607986,0.5814666428171384,-0.3225878975754,0.5750788179035072,-0.04476614810358456,0.5664709476590466,-0.12765392135429757,-0.6515551436253256,-0.1793856084846341,-0.6708391051384707,0.0,-0.3277255664620513,0.25,0.8673469387755102,1.7816593886462881,0.002590761943899852,0.1565217391304348,3.4814814814814814,0.00011820986944125985,0.0070921985815602835,0.0012254901960784314,1.0,0.023529411764705882
0x8c3cace64cb5af94d88bd4d42cbdcf915329e0e9af088434c65b177cc30c4fe7,2,0x5036d886044966eb325cb216283ee13eb85496b0,0xc9f27a50f82571c1c8423a42970613b8dbda14ef,2021-12-08 10:43:24+00:00,140926,77541307122,13584041,88853,0.0,1562,2.0,95,1596,1633,0.977342314758114,85,1478,1596,0.9260651629072681,214,1541,9474844,404,0x8c3cace64cb5af94d88bd4d42cbdcf915329e0e9af088434c65b177cc30c4fe7,2,1,8,916,97,615670,257,7,5.0,3.0,1,3,0,-0.7891915280063464,0.903057153779043,0.8977868613004586,0.97555475714657,0.9935463460525031,1.004789965765838,0.9523670668900278,1.0843375381249987,-0.32093142561292215,-0.7976450062811727,-0.10965122215524387,0.5935095553427708,0.944360914891167,0.936586451880883,1.0318060139113077,2.0506387976317377,2.0304389019865505,0.5814666428171384,-0.3225878975754,0.5750788179035072,-0.04476614810358456,0.5664709476590466,-0.1276945808244581,-0.6617439952586958,0.3868465056529194,-0.6711523174183742,0.0,1.0196036386385405,0.25,0.8673469387755102,1.7827510917030567,0.002592293611360613,0.13878080415045396,6.21011673151751,0.00015599199775827467,0.0012531328320802004,0.001224739742804654,2.0,0.011764705882352941
0x9091fddbb0d24b4410c94f56d2523584923ae81b63232a33d471620b96d0915f,2,0xe00954673ea4d16dcfb58b965b76023e338fe652,0xc9f27a50f82571c1c8423a42970613b8dbda14ef,2021-12-08 12:00:00+00:00,140944,70198931452,11449829,88865,0.0,631,2.0,94,1597,1634,0.9773561811505508,85,628,644,0.9751552795031055,132,334,2150463,405,0x9091fddbb0d24b4410c94f56d2523584923ae81b63232a33d471620b96d0915f,4,4,8,916,97,616004,129,7,5.0,3.0,1,3,0,-0.7891915280063464,0.9086555639670029,0.9032687257068996,0.97555475714657,0.05235252233568376,0.0294209013179471,0.21809632066995294,1.0912667438029102,0.5040850926722248,0.8368734492130337,-0.10965122215524387,0.5935095553427708,0.944360914891167,0.939828211008448,0.11501437595543312,-0.42018793424975953,-0.4165018541725957,0.5814666428171384,-0.3225878975754,0.5750788179035072,-0.04476614810358456,0.5664709476590466,-0.12765392135429757,-0.8388214300954909,0.08864709526670884,-0.6708391051384707,0.0,0.04798203527010442,0.25,0.8673469387755102,1.7838427947598254,0.0025925114244202564,0.3940298507462687,4.992248062015504,0.0002920299991071694,0.006211180124223602,0.0024479804161566705,1.0,0.047058823529411764
0x1bf1c9bfed06a71ad10144164624eb97767561480f311dfa2176c46959cd06e0,2,0xf49d2bcc52f0b46a98204721f98ce9d4e6730bed,0xc9f27a50f82571c1c8423a42970613b8dbda14ef,2021-12-08 12:29:57+00:00,140944,53571579699,25074686,88865,0.0,1466,2.0,93,1598,1635,0.9773700305810398,85,1483,1507,0.9840743198407432,248,530,3421663,406,0x1bf1c9bfed06a71ad10144164624eb97767561480f311dfa2176c46959cd06e0,3,3,8,916,97,616123,299,7,5.0,3.0,1,3,0,-0.7891915280063464,0.9142539741549626,0.9087505901133406,0.97555475714657,0.9990827803096609,0.9136052528079993,1.256820790932498,1.0981959494808216,0.09157683352965129,0.29203396404829823,-0.10965122215524387,0.5935095553427708,0.944360914891167,0.9409832090209638,1.332628270115579,-0.018960063952515566,0.008182646705977696,0.5814666428171384,-0.3225878975754,0.5750788179035072,-0.04476614810358456,0.5664709476590466,-0.12765392135429757,-1.2398263539623637,1.9923587808895211,-0.6708391051384707,0.0,0.9194149448432989,0.25,0.8673469387755102,1.784934497816594,0.0025936337490505158,0.4670433145009416,5.040133779264214,0.000433414853124094,0.0019907100199071004,0.001834862385321101,1.0,0.03529411764705882
0x560efda087c576fc89fa32198dcde54397c8439582adb55ceb58d3b5f1527255,2,0xe3f0254b09aec48ffa46f9eee5a3bc7a8e510e6d,0xc9f27a50f82571c1c8423a42970613b8dbda14ef,2021-12-08 13:02:17+00:00,140944,65165889604,4778175,88865,0.0,550,2.0,92,1599,1636,0.9773838630806846,85,538,554,0.9711191335740073,149,430,2775087,407,0x560efda087c576fc89fa32198dcde54397c8439582adb55ceb58d3b5f1527255,3,3,8,916,97,616267,141,7,5.0,3.0,1,3,0,-0.7891915280063464,0.9198523843429224,0.9142324545197815,0.97555475714657,-0.04730329429315594,-0.06278835897649634,0.37032318269118797,1.1051251551587329,0.09157683352965129,0.29203396404829823,-0.10965122215524387,0.5935095553427708,0.944360914891167,0.9423808536747643,0.20096359201379638,-0.22366816104294618,-0.20782648312415486,0.5814666428171384,-0.3225878975754,0.5750788179035072,-0.04476614810358456,0.5664709476590466,-0.12765392135429757,-0.9602042331454039,-0.8435392522474102,-0.6708391051384707,0.0,-0.03655217511963062,0.25,0.8673469387755102,1.7860262008733625,0.0025946503793803995,0.345707656612529,3.9290780141843973,0.00019386772599643687,0.005415162454873646,0.0018337408312958435,1.0,0.03529411764705882
0x741e8530abebe68049cd33919327bc2fa6cd849375a669dfb795cbe4b5e7ea16,2,0xe75021660e00a7fa0df1b97da13ebabe6d82e7ea,0xc9f27a50f82571c1c8423a42970613b8dbda14ef,2021-12-08 16:17:34+00:00,140926,71069023283,11734438,88853,0.0,1246,,91,1600,1637,0.9773976786805131,85,1082,1279,0.8459734167318217,142,1268,7947164,408,0x741e8530abebe68049cd33919327bc2fa6cd849375a669dfb795cbe4b5e7ea16,5,4,8,916,97,617107,141,7,5.0,3.0,1,3,0,-0.7891915280063464,0.9254507945308822,0.9197143189262225,0.97555475714657,0.5550607528856084,0.6800084600620758,0.3076415336236206,1.1120543608366444,0.9165933518147982,0.8368734492130337,-0.10965122215524387,0.5935095553427708,0.944360914891167,0.9505337808219342,0.20096359201379638,1.4917856925748623,1.5200691581994366,0.5814666428171384,-0.3225878975754,0.5750788179035072,-0.04476614810358456,0.5664709476590466,-0.1276945808244581,-0.8178372641482955,0.12841363954188348,-0.6711523174183742,0.0,0.6898158548958704,0.25,0.8673469387755102,1.787117903930131,0.0025927390343343467,0.11189913317572892,9.070921985815604,0.00013614918024226248,0.003909304143862392,0.0030543677458766036,1.25,0.047058823529411764
0x671b7d1f2b23da20d1b1dfee19d3ab640277d4f4bef960c4124ef74356d83d27,2,0xeaab593478d42b80dd76906d75d536f75a3d1c44,0xc9f27a50f82571c1c8423a42970613b8dbda14ef,2021-12-08 17:43:53+00:00,140926,99951353388,9028727,86140,0.0,5,2.0,89,1601,1639,0.9768151311775473,85,7,8,0.875,3,183,1170009,409,0x671b7d1f2b23da20d1b1dfee19d3ab640277d4f4bef960c4124ef74356d83d27,3,2,8,916,97,617478,4,7,5.0,3.0,1,3,0,-0.7891915280063464,0.931049204718842,0.9306780477391043,0.97555475714657,-0.6352726124033101,-0.6221912047627866,-0.93703692643236,1.1189835665145558,0.09157683352965129,-0.2528055211164373,-0.10965122215524387,0.5935095553427708,0.944360914891167,0.9541346569786008,-0.7802899579858507,-0.7292971608563097,-0.7440534728198588,0.5814666428171384,-0.3225878975754,0.5750788179035072,-0.04476614810358456,0.5664709476590466,-0.1276945808244581,-0.12127675608279859,-0.24963756852717625,-0.7419643936999138,0.0,-0.605331738853033,0.25,0.8673469387755102,1.789301310043668,0.0025928007268263375,0.016304347826086956,2.0,5.982854847394467e-06,0.375,0.0018303843807199512,1.5,0.023529411764705882
0x35c15697db6623c5d7422cdfaa09b7fbb81aa54f8ec1144d002decda76cd1611,2,0xeaab593478d42b80dd76906d75d536f75a3d1c44,0xc9f27a50f82571c1c8423a42970613b8dbda14ef,2021-12-08 17:43:53+00:00,140926,83260090390,8942587,88853,0.0,4,2.0,90,1601,1639,0.9768151311775473,85,7,8,0.875,3,183,1170009,410,0x35c15697db6623c5d7422cdfaa09b7fbb81aa54f8ec1144d002decda76cd1611,3,2,8,916,97,617478,4,7,5.0,3.0,1,3,0,-0.7891915280063464,0.931049204718842,0.9306780477391043,0.97555475714657,-0.6352726124033101,-0.6221912047627866,-0.93703692643236,1.125912772192467,0.09157683352965129,-0.2528055211164373,-0.10965122215524387,0.5935095553427708,0.944360914891167,0.9541346569786008,-0.7802899579858507,-0.7292971608563097,-0.7440534728198588,0.5814666428171384,-0.3225878975754,0.5750788179035072,-0.04476614810358456,0.5664709476590466,-0.1276945808244581,-0.5238230392903636,-0.261673344359506,-0.6711523174183742,0.0,-0.6063753710800668,0.25,0.8673469387755102,1.789301310043668,0.0025928007268263375,0.016304347826086956,2.0,5.982854847394467e-06,0.375,0.0018303843807199512,1.5,0.023529411764705882
0x02c82dbac12ba01ba8d945e206cfa9b5775fa177e2b238282a3bfb954de5ddc3,2,0x9c2579454b9854ff3dfb64e9acf687615ee99856,0xc9f27a50f82571c1c8423a42970613b8dbda14ef,2021-12-08 18:01:07+00:00,140926,96594028123,1984912,88853,0.0,1759,2.0,88,1602,1640,0.9768292682926829,85,1639,1799,0.9110617009449694,365,1379,8594426,411,0x02c82dbac12ba01ba8d945e206cfa9b5775fa177e2b238282a3bfb954de5ddc3,7,5,8,916,97,617556,240,7,5.0,3.0,1,3,0,-0.7891915280063464,0.9366476149068018,0.9361599121455453,0.97555475714657,1.171819529132983,1.212773075096638,2.3044997824904097,1.1328419778703784,1.741609870099945,1.3817129343777692,-0.10965122215524387,0.5935095553427708,0.944360914891167,0.9548917144994095,0.9100446244952931,1.7190116803452402,1.736307467991497,0.5814666428171384,-0.3225878975754,0.5750788179035072,-0.04476614810358456,0.5664709476590466,-0.1276945808244581,-0.20224599173060676,-1.2338235256249461,-0.6711523174183742,0.0,1.2251991873641925,0.25,0.8673469387755102,1.7903930131004366,0.0025940925291106733,0.2644927536231884,7.495833333333334,0.00019070497660867908,0.0038910505836575876,0.00426829268292683,1.4,0.058823529411764705
0x624e382a5d093ffb7b47b151237b675e912b138814d94adea73a5cfc7d5b7187,2,0xa000bce4ce3d1b3ac63c2e0488ce76fbdb9de764,0xc9f27a50f82571c1c8423a42970613b8dbda14ef,2021-12-08 19:03:09+00:00,166558,130900000000,3479923,105941,0.0,55,2.0,87,1603,1641,0.9768433881779403,85,63,66,0.9545454545454546,28,188,1204720,412,0x624e382a5d093ffb7b47b151237b675e912b138814d94adea73a5cfc7d5b7187,2,2,8,916,97,617819,16,7,5.0,3.0,1,3,0,-0.7891915280063464,0.9422460250947616,0.9416417765519862,0.97555475714657,-0.5732645487231433,-0.5627674592397008,-0.7131738940481909,1.13977118354829,-0.32093142561292215,-0.2528055211164373,-0.10965122215524387,0.5935095553427708,0.944360914891167,0.9574443571657257,-0.6943407419274874,-0.7190617560017882,-0.7324571671952551,0.5814666428171384,-0.3225878975754,0.5750788179035072,-0.04476614810358456,0.5664709476590466,-0.06979549531586149,0.625117490143972,-1.0249354682431588,-0.22513803083564307,0.0,-0.5531501275013447,0.25,0.8673469387755102,1.7914847161572052,0.0025946068434171765,0.14814814814814814,4.125,5.229426564324852e-05,0.030303030303030304,0.001218769043266301,1.0,0.023529411764705882
0x3bd7fec12457207253a2a174f4ec1a1c682b4435490039b801bc7c66f3d7c587,2,0x34aeb158028a2e8f2cd8db5fd7fa88a47acdca40,0xc9f27a50f82571c1c8423a42970613b8dbda14ef,2021-12-08 20:10:14+00:00,140944,90100436511,10478842,88865,0.0,2896,2.0,86,1604,1642,0.976857490864799,85,2751,2921,0.9418007531667237,320,563,3636101,413,0x3bd7fec12457207253a2a174f4ec1a1c682b4435490039b801bc7c66f3d7c587,6,5,8,916,97,618130,223,7,5.0,3.0,1,3,0,-0.7891915280063464,0.9478444352827213,0.9471236409584272,0.97555475714657,2.403122507924869,2.362315186767366,1.901546324198905,1.1467003892262013,1.3291016109573717,1.3817129343777692,-0.10965122215524387,0.5935095553427708,0.944360914891167,0.9604628813833088,0.7882832350792786,0.04859360808732653,0.07982243194779608,0.5814666428171384,-0.3225878975754,0.5750788179035072,-0.04476614810358456,0.5664709476590466,-0.12765392135429757,-0.35885314413073577,-0.04702253403566384,-0.6708391051384707,0.0,2.411809029501584,0.25,0.8673469387755102,1.7925764192139737,0.0025949191999754097,0.5673758865248227,13.09865470852018,0.0007565794358904124,0.0020540910647038686,0.0036540803897685747,1.2,0.058823529411764705
0xcf540466aefd7407b3d0bb1eb74f4fbb8bc274be8e2eabdb185ec1c0d3deecaf,2,0x382c5f5cdcb927de8b4755b7c95581f792bf7ea8,0xc9f27a50f82571c1c8423a42970613b8dbda14ef,2021-12-09 00:22:59+00:00,140944,64266950604,3659700,88865,0.0,427,2.0,85,1605,1643,0.9768715763846622,86,449,464,0.9676724137931034,130,329,2118013,414,0xcf540466aefd7407b3d0bb1eb74f4fbb8bc274be8e2eabdb185ec1c0d3deecaf,2,2,8,916,98,619208,133,7,5.0,3.0,1,3,0,-0.7891915280063464,0.9534428454706811,0.9526055053648681,1.03730654579998,-0.14585182407056407,-0.1549976192709398,0.2001872780792194,1.1536295949041127,-0.32093142561292215,-0.2528055211164373,-0.10965122215524387,0.5935095553427708,1.005746829795689,0.97092580455551,0.1436641146415542,-0.43042333910428104,-0.42734280135125347,0.5814666428171384,-0.3225878975754,0.5750788179035072,-0.04476614810358456,0.5664709476590466,-0.12765392135429757,-0.981884111613779,-0.9998164100610281,-0.6708391051384707,0.0,-0.16491893904478383,0.25,0.8686868686868687,1.7936681222707425,0.002592016588906169,0.3939393939393939,3.488721804511278,0.0002119910444406883,0.004310344827586207,0.0012172854534388314,1.0,0.023255813953488372
0x0d1e9f89470505783bb17a15b47eb7d85e51f5c398d8d6c33c819bf9aa096112,2,0x74594c7665503e8f85dee744cad4b7acf8f77142,0xc9f27a50f82571c1c8423a42970613b8dbda14ef,2021-12-09 01:28:18+00:00,140944,95111788522,3602777,88865,0.0,7,2.0,84,1606,1644,0.9768856447688564,86,9,10,0.9,4,77,489012,415,0x0d1e9f89470505783bb17a15b47eb7d85e51f5c398d8d6c33c819bf9aa096112,3,3,8,916,98,619480,5,7,5.0,3.0,1,3,0,-0.7891915280063464,0.959041255658641,0.958087369771309,1.03730654579998,-0.6330580387004471,-0.6201421100895768,-0.9280824051369932,1.1605588005820242,0.09157683352965129,0.29203396404829823,-0.10965122215524387,0.5935095553427708,1.005746829795689,0.9735658000126889,-0.7731275233143203,-0.9462877437721662,-0.9715620246172203,0.5814666428171384,-0.3225878975754,0.5750788179035072,-0.04476614810358456,0.5664709476590466,-0.12765392135429757,-0.23799343889965016,-1.0077698865841729,-0.6708391051384707,0.0,-0.6032444743989654,0.25,0.8686868686868687,1.794759825327511,0.0025924927479616003,0.05128205128205128,2.0,1.8404418696435472e-05,0.3,0.0018248175182481751,1.0,0.03488372093023256
0xa1e73d2582edbcc39a946c3176a6291502f476810697434a7b8ea107e9ba7108,2,0xab96625f838514a5d8e83b5884963c44902f9b59,0xc9f27a50f82571c1c8423a42970613b8dbda14ef,2021-12-09 11:38:01+00:00,140944,69345503982,13391677,88865,0.0,31,,83,1607,1645,0.9768996960486322,86,33,34,0.9705882352941176,17,211,1353489,416,0xa1e73d2582edbcc39a946c3176a6291502f476810697434a7b8ea107e9ba7108,2,2,8,916,98,622129,18,7,5.0,3.0,1,3,0,-0.7891915280063464,0.9646396658466008,0.96356923417775,1.03730654579998,-0.6064831542660898,-0.5955529740110584,-0.8116736282972252,1.1674880062599355,-0.32093142561292215,-0.2528055211164373,-0.10965122215524387,0.5935095553427708,1.005746829795689,0.999276638123228,-0.6800158725844269,-0.6719788936709892,-0.6827561850435839,0.5814666428171384,-0.3225878975754,0.5750788179035072,-0.04476614810358456,0.5664709476590466,-0.12765392135429757,-0.8594036985599505,0.3599687487199001,-0.6708391051384707,0.0,-0.5781973009501551,0.25,0.8686868686868687,1.7958515283842795,0.0025830614180316013,0.08018867924528301,1.8888888888888888,2.4381413974244362e-05,0.058823529411764705,0.0012158054711246201,1.0,0.023255813953488372
0x83c6b4574ba50cc28fed06484f5dc3dde428326f7846f78d662170728f5fd78f,2,0x3ed663896eb97f005a2ae27d93fbf346bfc1ccd7,0xc9f27a50f82571c1c8423a42970613b8dbda14ef,2021-12-09 11:46:58+00:00,140926,50441764421,4907469,88853,0.0,24,,82,1608,1646,0.976913730255164,86,26,26,1.0,15,194,1239452,417,0x83c6b4574ba50cc28fed06484f5dc3dde428326f7846f78d662170728f5fd78f,2,2,8,916,98,622182,13,7,5.0,3.0,1,3,0,-0.7891915280063464,0.9702380760345606,0.9690510985841909,1.03730654579998,-0.6142341622261107,-0.603749352703898,-0.8295826708879588,1.1744172119378469,-0.32093142561292215,-0.2528055211164373,-0.10965122215524387,0.5935095553427708,1.005746829795689,0.9997910490027517,-0.7158280459420782,-0.7067792701763623,-0.7208538458575312,0.5814666428171384,-0.3225878975754,0.5750788179035072,-0.04476614810358456,0.5664709476590466,-0.1276945808244581,-1.3153086890879988,-0.8254738517312128,-0.6711523174183742,0.0,-0.5855027265393915,0.25,0.8686868686868687,1.796943231441048,0.0025844486268509427,0.07692307692307693,2.0,2.0976995497207234e-05,0.07692307692307693,0.001215066828675577,1.0,0.023255813953488372
0x7097f92944252c053c86ba3aa260aa5bb86a6cefa1ea912a86d21502305554dd,2,0x4721a43133d1a13f3651a415b68f81e73edb5dc6,0xc9f27a50f82571c1c8423a42970613b8dbda14ef,2021-12-09 13:34:57+00:00,166558,74792361082,16981704,110741,0.0,552,2.0,81,1609,1647,0.9769277474195507,86,561,584,0.9606164383561644,120,343,2206986,418,0x7097f92944252c053c86ba3aa260aa5bb86a6cefa1ea912a86d21502305554dd,13,11,8,916,98,622636,73,7,5.0,3.0,1,3,0,-0.7891915280063464,0.9758364862225204,0.9745329629906319,1.03730654579998,-0.02183569671023024,-0.032051938878348535,0.11064206512555172,1.1813464176157584,4.2166594249553855,4.650749845366182,-0.10965122215524387,0.5935095553427708,1.005746829795689,1.004197512008484,-0.286081965650262,-0.4017642055116208,-0.39761856118710204,0.5814666428171384,-0.3225878975754,0.5750788179035072,-0.04476614810358456,0.5664709476590466,-0.06979549531586149,-0.7280408363828664,0.8615796171203103,-0.09985311887420174,0.0,-0.034464910665563085,0.25,0.8686868686868687,1.7980349344978166,0.0025841702308086415,0.3488372093023256,8.0,0.00025419270707077116,0.02226027397260274,0.007893139040680024,1.1818181818181819,0.12790697674418605
0xa2b996fd7e6ffdd38ce66a96386a49c8cda6abd803317500040d5ef56a7c633d,2,0xdf350ff8e368c9fafe0c6b3113920923567f68c6,0xc9f27a50f82571c1c8423a42970613b8dbda14ef,2021-12-09 15:31:48+00:00,140926,99440568203,17792958,88853,0.0,477,2.0,80,1610,1648,0.9769417475728155,86,495,520,0.9519230769230769,164,1747,10520311,419,0xa2b996fd7e6ffdd38ce66a96386a49c8cda6abd803317500040d5ef56a7c633d,2,2,8,916,98,623139,124,7,5.0,3.0,1,3,0,-0.7891915280063464,0.9814348964104802,0.9800148273970728,1.03730654579998,-0.09491662890471268,-0.09762296842106388,0.5046410021216895,1.1882756232936698,-0.32093142561292215,-0.2528055211164373,-0.10965122215524387,0.5935095553427708,1.005746829795689,1.0090795624311344,0.07920220259778178,2.4723374776380247,2.3797101662093474,0.5814666428171384,-0.3225878975754,0.5750788179035072,-0.04476614810358456,0.5664709476590466,-0.1276945808244581,-0.13359545705610873,0.9749308045719106,-0.6711523174183742,0.0,-0.11273732769309552,0.25,0.8686868686868687,1.7991266375545851,0.0025836890586385082,0.09382151029748284,4.193548387096774,4.7051836485457846e-05,0.0038461538461538464,0.0012135922330097086,1.0,0.023255813953488372
0xf8a9ce081fbaa70dc1bea15d02fd2c813a144a3529a548c9f4855b220126c768,2,0xbb731df2b53eee023f8e46dc2f2d934b367ac8cc,0xc9f27a50f82571c1c8423a42970613b8dbda14ef,2021-12-09 19:37:42+00:00,140944,67510551020,12816013,88865,0.0,24,,79,1611,1649,0.9769557307459066,86,26,26,1.0,12,201,1290318,420,0xf8a9ce081fbaa70dc1bea15d02fd2c813a144a3529a548c9f4855b220126c768,2,2,8,916,98,624231,15,7,5.0,3.0,1,3,0,-0.7891915280063464,0.9870333065984399,0.9854966918035137,1.03730654579998,-0.6142341622261107,-0.603749352703898,-0.8564462347740591,1.195204828971581,-0.32093142561292215,-0.2528055211164373,-0.10965122215524387,0.5935095553427708,1.005746829795689,1.0196783677224552,-0.7015031765990176,-0.6924497033800322,-0.7038604523539995,0.5814666428171384,-0.3225878975754,0.5750788179035072,-0.04476614810358456,0.5664709476590466,-0.12765392135429757,-0.9036575992265639,0.27953500297178907,-0.6708391051384707,0.0,-0.5855027265393915,0.25,0.8686868686868687,1.8002183406113537,0.002580771251714106,0.0594059405940594,1.7333333333333334,2.0150055916405168e-05,0.07692307692307693,0.001212856276531231,1.0,0.023255813953488372
0xec56f1fe26296d444cd94f4e06aae7ca5f48a47204b5b59e8e4cc15e74d01bc1,2,0xc1228a91911d12f6520fabb3be52073992797784,0xc9f27a50f82571c1c8423a42970613b8dbda14ef,2021-12-09 19:52:01+00:00,140944,64631404827,9982885,88865,0.0,18,,78,1612,1650,0.9769696969696969,86,20,20,1.0,9,211,1355233,421,0xec56f1fe26296d444cd94f4e06aae7ca5f48a47204b5b59e8e4cc15e74d01bc1,2,2,8,916,98,624297,11,7,5.0,3.0,1,3,0,-0.7891915280063464,0.9926317167863997,0.9909785562099547,1.03730654579998,-0.6208778833347,-0.6098966367235275,-0.8833097986601595,1.2021340346494924,-0.32093142561292215,-0.2528055211164373,-0.10965122215524387,0.5935095553427708,1.005746829795689,1.0203189548554472,-0.7301529152851387,-0.6719788936709892,-0.6821735467730268,0.5814666428171384,-0.3225878975754,0.5750788179035072,-0.04476614810358456,0.5664709476590466,-0.12765392135429757,-0.9730945015713556,-0.11631934474468142,-0.6708391051384707,0.0,-0.5917645199015941,0.25,0.8686868686868687,1.8013100436681222,0.002582100214961445,0.04245283018867924,1.8181818181818181,1.4757599056694268e-05,0.1,0.0012121212121212121,1.0,0.023255813953488372
0xd25041185f3656a6f6af20d03e4f7c1b834f48259492dd427ba109d4b2c66c5a,2,0xca968044effff14bee263ca6af3b9823f1968f37,0xc9f27a50f82571c1c8423a42970613b8dbda14ef,2021-12-10 08:17:58+00:00,140944,66252035851,1438373,88865,0.0,1596,2.0,77,1613,1651,0.9769836462749849,87,1586,1615,0.9820433436532507,308,1464,9085774,422,0xd25041185f3656a6f6af20d03e4f7c1b834f48259492dd427ba109d4b2c66c5a,3,3,8,916,99,627540,382,7,5.0,3.0,1,3,0,-0.7891915280063464,0.9982301269743595,0.9964604206163956,1.09905833445339,1.1131333260071108,1.0242563651613315,1.7940920686545039,1.209063240327404,0.09157683352965129,0.29203396404829823,-0.10965122215524387,0.5935095553427708,1.0671327447002112,1.0517950771629134,1.9271103478525913,1.8930135628721063,1.9004577827631184,0.5814666428171384,-0.3225878975754,0.5750788179035072,-0.04476614810358456,0.5664709476590466,-0.12765392135429757,-0.9340094428049673,-1.3101878266189753,-0.6708391051384707,0.0,1.0550871343576884,0.25,0.87,1.8024017467248907,0.0025703499851005753,0.21023890784982935,4.227748691099476,0.00017455858195916145,0.0018575851393188853,0.0018170805572380376,1.0,0.034482758620689655
0x8f3a3ec418ff0e197b5647836fdf5ecded372785b5ff652c6d263de57abc765f,2,0x47724a15a20dc3a1225bfb2a794e2bb5520340db,0xc9f27a50f82571c1c8423a42970613b8dbda14ef,2021-12-10 09:17:58+00:00,166576,49543151408,7145974,105953,0.0,91,2.0,76,1614,1652,0.9769975786924939,87,118,120,0.9833333333333333,29,222,1422362,423,0x8f3a3ec418ff0e197b5647836fdf5ecded372785b5ff652c6d263de57abc765f,2,2,8,916,99,627829,23,7,5.0,3.0,1,3,0,-0.7891915280063464,1.0038285371623192,1.0019422850228366,1.09905833445339,-0.5123637718944078,-0.5074419030630347,-0.7042193727528241,1.2159924460053153,-0.32093142561292215,-0.2528055211164373,-0.10965122215524387,0.5935095553427708,1.0671327447002112,1.054600072336166,-0.6442036992267756,-0.6494610029910418,-0.6597469845802343,0.5814666428171384,-0.3225878975754,0.5750788179035072,-0.04476614810358456,0.5664709476590466,-0.06975483584570095,-1.336980705667478,-0.5127022661780511,-0.22482481855573946,0.0,-0.5155793673281291,0.25,0.87,1.8034934497816595,0.0025707596005288057,0.13004484304932734,5.217391304347826,8.296053820297632e-05,0.016666666666666666,0.0012106537530266344,1.0,0.022988505747126436
0x450db1113d2e25b7178c235692c6a612722b26be15795faaf757418e5e71fa6b,3,0x8b187ea19c93091a4d6b426b71871648182b5fac,0xc9f27a50f82571c1c8423a42970613b8dbda14ef,2021-12-10 12:35:33+00:00,284257,51758062156,5658596,178315,0.0,182,2.0,75,1615,1653,0.9770114942528736,87,178,187,0.9518716577540107,52,118,753727,424,0x450db1113d2e25b7178c235692c6a612722b26be15795faaf757418e5e71fa6b,1,1,12,917,99,628769,46,7,6.0,3.0,1,3,0,1.1356658573749856,1.009426947350279,1.0074241494292775,1.09905833445339,-0.4459265608085147,-0.43879723151050465,-0.49826538295938844,1.2229216516832266,-0.7334396847554956,-0.7976450062811727,1.748844068611596,0.6063661006019072,1.0671327447002112,1.063723586048475,-0.47946770178157927,-0.8623574239650896,-0.8831256199208141,0.5814666428171384,1.9176058355870982,0.5750788179035072,-0.04476614810358456,0.5664709476590466,0.19607000348549278,-1.2835632926562084,-0.7205238146565627,1.6638974313096393,0.0,-0.42060883466805643,0.25,0.87,1.8026172300981462,0.002568506767180368,0.4369747899159664,4.065217391304348,0.00023615946336078797,0.0053475935828877,0.0006049606775559589,1.0,0.011494252873563218
0x6a140a6a24e1218d809bfcd9f76bf88fba971007faefa68036635a184b748575,2,0x8b187ea19c93091a4d6b426b71871648182b5fac,0xc9f27a50f82571c1c8423a42970613b8dbda14ef,2021-12-10 12:37:33+00:00,140944,51246425295,5377616,88865,0.0,183,2.0,74,1616,1654,0.9770253929866989,87,179,189,0.9470899470899471,52,118,753736,425,0x6a140a6a24e1218d809bfcd9f76bf88fba971007faefa68036635a184b748575,2,1,8,917,99,628778,46,7,5.0,3.0,1,3,0,-0.7891915280063464,1.0150253575382389,1.0129060138357184,1.09905833445339,-0.4448192739570832,-0.4367481368372948,-0.49826538295938844,1.2298508573611382,-0.32093142561292215,-0.7976450062811727,-0.10965122215524387,0.6063661006019072,1.0671327447002112,1.0638109388393375,-0.47946770178157927,-0.8623574239650896,-0.8831226131866197,0.5814666428171384,-0.3225878975754,0.5750788179035072,-0.04476614810358456,0.5664709476590466,-0.12765392135429757,-1.2959025336574563,-0.7597833026222931,-0.6708391051384707,0.0,-0.4195652024410227,0.25,0.87,1.8037077426390404,0.0025700603868767883,0.4369747899159664,4.108695652173913,0.00023748336621394464,0.010582010582010581,0.0012091898428053204,2.0,0.011494252873563218
0xd9705ab9f34b33e231ab6671ef5eb20d6b279bad089ba5fd8205fb3b0aea10d0,2,0xb82adf9206ffa17b5be784d94a8ac76606691c56,0xc9f27a50f82571c1c8423a42970613b8dbda14ef,2021-12-10 14:38:14+00:00,140908,86113248032,14232178,88841,0.0,136,2.0,73,1617,1655,0.9770392749244713,87,138,153,0.9019607843137255,60,1017,6503820,426,0xd9705ab9f34b33e231ab6671ef5eb20d6b279bad089ba5fd8205fb3b0aea10d0,3,2,8,917,99,629291,60,7,5.0,3.0,1,3,0,-0.7891915280063464,1.0206237677261987,1.0183878782421594,1.09905833445339,-0.4902180348657768,-0.47363184095507216,-0.4266292125964543,1.2367800630390495,0.09157683352965129,-0.2528055211164373,-0.10965122215524387,0.6063661006019072,1.0671327447002112,1.068790047918502,-0.37919361638015553,0.9779683688778814,1.0378745183032096,0.5814666428171384,-0.3225878975754,0.5750788179035072,-0.04476614810358456,0.5664709476590466,-0.12773524029461863,-0.4550129076466419,0.4774064271834362,-0.6714655296982778,0.0,-0.46861591711160966,0.25,0.87,1.8047982551799346,0.00256955435632425,0.05893909626719057,2.55,2.121829613699393e-05,0.0196078431372549,0.0018126888217522659,1.5,0.022988505747126436
0xba86966284cbf3ac7bb327a572d38bc626ac37d31697f1c255d779c402a6c8a4,2,0x10dc1d2f35992b28c5160c2f9fc9582735298d78,0xc9f27a50f82571c1c8423a42970613b8dbda14ef,2021-12-10 19:38:51+00:00,140944,62206974993,8124934,88865,0.0,927,2.0,72,1618,1656,0.9770531400966184,87,931,951,0.9789695057833859,156,272,1747705,427,0xba86966284cbf3ac7bb327a572d38bc626ac37d31697f1c255d779c402a6c8a4,4,4,8,917,99,630701,134,7,5.0,3.0,1,3,0,-0.7891915280063464,1.0262221779141585,1.0238697426486003,1.09905833445339,0.38786043831944406,0.34395693365565977,0.4330048317587553,1.2437092687169609,0.5040850926722248,0.8368734492130337,-0.10965122215524387,0.6063661006019072,1.0671327447002112,1.0824753184869655,0.15082654931308448,-0.5471069544458265,-0.5510558820241159,0.5814666428171384,-0.3225878975754,0.5750788179035072,-0.04476614810358456,0.5664709476590466,-0.12765392135429757,-1.031564925211027,-0.37591862200789156,-0.6708391051384707,0.0,0.3568971744720991,0.25,0.87,1.8058887677208288,0.002565395384825163,0.5714285714285714,7.097014925373134,0.0005326982913602174,0.004206098843322818,0.0024154589371980675,1.0,0.04597701149425287
0xe8a320bd784d46dfaebf892c7235b833e5a01e10b8fd8b5ad217f239591306fe,2,0x05e362bef8c3519a945a65e187e052e23613902c,0xc9f27a50f82571c1c8423a42970613b8dbda14ef,2021-12-10 19:50:05+00:00,166558,53182843096,20204463,110741,0.0,2686,2.0,71,1619,1657,0.9770669885334943,87,2683,2731,0.9824240205053094,325,1463,9085382,428,0xe8a320bd784d46dfaebf892c7235b833e5a01e10b8fd8b5ad217f239591306fe,6,5,8,917,99,630753,267,7,5.0,3.0,1,3,0,-0.7891915280063464,1.0318205881021183,1.0293516070550413,1.09905833445339,2.327827002027523,2.1676511928124302,1.946318930675739,1.2506384743948724,1.3291016109573717,1.3817129343777692,-0.10965122215524387,0.6063661006019072,1.0671327447002112,1.082980023500838,1.1034303606266103,1.890966481901202,1.900326822784874,0.5814666428171384,-0.3225878975754,0.5750788179035072,-0.04476614810358456,0.5664709476590466,-0.06979549531586149,-1.249201586663636,1.3118745426557554,-0.09985311887420174,0.0,2.1926462618244935,0.25,0.87,1.806979280261723,0.0025667692951610293,0.22199453551912568,10.228464419475655,0.0002953095097917171,0.0021969974368363236,0.003621001810500905,1.2,0.05747126436781609
0x0640c2873b42bbb7c07b05c4a52bc7860ecce9ccc2c722a11d644f49f01e393c,2,0xc4dd8e820ff8794301c67a74f4cd024676356532,0xc9f27a50f82571c1c8423a42970613b8dbda14ef,2021-12-10 21:02:21+00:00,140944,78607682352,6344449,88865,0.0,918,2.0,70,1620,1658,0.97708082026538,87,921,947,0.9725448785638859,238,1583,9638112,429,0x0640c2873b42bbb7c07b05c4a52bc7860ecce9ccc2c722a11d644f49f01e393c,2,2,8,917,99,631057,165,7,5.0,3.0,1,3,0,-0.7891915280063464,1.037418998290078,1.0348334714614822,1.09905833445339,0.37678756980512856,0.33985874430924007,1.1672755779788302,1.2575676800727837,-0.32093142561292215,-0.2528055211164373,-0.10965122215524387,0.6063661006019072,1.0671327447002112,1.0859306066588612,0.37286202413052283,2.1366161984097185,2.084983732925382,0.5814666428171384,-0.3225878975754,0.5750788179035072,-0.04476614810358456,0.5664709476590466,-0.12765392135429757,-0.6360260261995211,-0.6246940844275068,-0.6708391051384707,0.0,0.3475044844287952,0.25,0.87,1.8080697928026173,0.0025671174440384244,0.15025252525252525,5.739393939393939,9.555812429258715e-05,0.0021119324181626186,0.0012062726176115801,1.0,0.022988505747126436
0x01986532b4aec7d7cd533157a6bc0158687127d19d4b7822ac226f2c629a61dd,2,0x5614c3f40dab746fe0ed13fe9f3d00b6578e2dac,0xc9f27a50f82571c1c8423a42970613b8dbda14ef,2021-12-10 22:40:40+00:00,140926,98577969206,2351226,88853,0.0,372,2.0,69,1621,1659,0.9770946353224834,87,391,403,0.9702233250620348,85,402,2597520,430,0x01986532b4aec7d7cd533157a6bc0158687127d19d4b7822ac226f2c629a61dd,6,5,8,917,99,631468,76,7,5.0,3.0,1,3,0,-0.7891915280063464,1.043017408478038,1.0403153358679231,1.09905833445339,-0.21007446145359412,-0.21749500680384035,-0.20276618021228512,1.264496885750695,1.3291016109573717,1.3817129343777692,-0.10965122215524387,0.6063661006019072,1.0671327447002112,1.0899197174415838,-0.2645946616356712,-0.28098642822826675,-0.26714834653471625,0.5814666428171384,-0.3225878975754,0.5750788179035072,-0.04476614810358456,0.5664709476590466,-0.1276945808244581,-0.1543989169370375,-1.1826408789074625,-0.6711523174183742,0.0,-0.22231871153164093,0.25,0.87,1.8091603053435115,0.0025670302105091462,0.2109181141439206,5.302631578947368,0.0001505281381748213,0.01488833746898263,0.003616636528028933,1.2,0.05747126436781609
0x165d7261c857dbe7109d41f67936f146f9a5be1abc146facc91745e3b4227038,3,0x05e362bef8c3519a945a65e187e052e23613902c,0xc9f27a50f82571c1c8423a42970613b8dbda14ef,2021-12-10 23:04:39+00:00,126840,150000000000,856723,84263,0.0,2688,2.0,68,1622,1660,0.9771084337349397,87,2685,2733,0.9824368825466521,325,1463,9086196,431,0x165d7261c857dbe7109d41f67936f146f9a5be1abc146facc91745e3b4227038,7,5,6,917,99,631567,267,4,5.0,1.0,1,2,0,1.1356658573749856,1.0486158186659977,1.045797200274364,1.09905833445339,2.3300415757303865,2.16970028748564,1.946318930675739,1.2714260914286064,1.741609870099945,1.3817129343777692,-1.038898867538664,0.6063661006019072,1.0671327447002112,1.0908805981410716,1.1034303606266103,1.890966481901202,1.9005987651886775,-1.7077721084314395,-0.3225878975754,-1.7160718510347697,-0.04476614810358456,-1.6291528804767927,-0.15951287508452722,1.0857557300534244,-1.391457956789333,-0.7909560144815025,0.0,2.194733526278561,0.5,0.87,1.8102508178844057,0.0025682111823271602,0.22199453551912568,10.235955056179776,0.0002955031681571509,0.002561287961946579,0.004216867469879518,1.4,0.05747126436781609
0x59874f3c37e14784eb37e0942b17cf829283aede8c334790049dca2c3deb996b,3,0x6b7b5231b4897ea061c83c05b773b9ead6582cce,0xc9f27a50f82571c1c8423a42970613b8dbda14ef,2021-12-11 03:38:17+00:00,126822,73793806102,4360926,84251,0.0,196,2.0,67,1623,1661,0.9771222155328115,88,207,207,1.0,74,442,2848401,432,0x59874f3c37e14784eb37e0942b17cf829283aede8c334790049dca2c3deb996b,2,2,6,917,100,632800,52,4,5.0,1.0,1,2,0,1.1356658573749856,1.0542142288539575,1.051279064680805,1.1608101231067998,-0.4138152421169997,-0.4183062847784061,-0.30126591446131956,1.278355297106518,-0.32093142561292215,-0.2528055211164373,-1.038898867538664,0.6063661006019072,1.1285186596047332,1.1028479304892387,-0.4364930937523977,-0.19910318939209448,-0.18333362637666292,-1.7077721084314395,-0.3225878975754,-1.7160718510347697,-0.04476614810358456,-1.6291528804767927,-0.15955353455468776,-0.7521231719032863,-0.9018387116189421,-0.7912692267614061,0.0,-0.4059979834895837,0.5,0.8712871287128713,1.8113413304252999,0.0025647873502096237,0.1670428893905192,3.980769230769231,7.26723264483033e-05,0.00966183574879227,0.0012040939193257074,1.0,0.022727272727272728
0x9d7453ff07b37fc05148bca60fa7f0606018bd422362374c78827082e2f27f10,2,0x4c61f3259d705323c7f27377da09a3e222ecde66,0xc9f27a50f82571c1c8423a42970613b8dbda14ef,2021-12-11 04:39:34+00:00,140926,61453989669,10855081,88853,0.0,307,2.0,66,1624,1662,0.9771359807460891,88,303,315,0.9619047619047619,94,389,2509128,433,0x9d7453ff07b37fc05148bca60fa7f0606018bd422362374c78827082e2f27f10,2,2,8,917,100,633100,79,7,5.0,3.0,1,3,0,-0.7891915280063464,1.0598126390419174,1.056760929087246,1.1608101231067998,-0.3075157043795707,-0.30765517242507395,-0.12217548855398422,1.2852845027844293,-0.32093142561292215,-0.2528055211164373,-0.10965122215524387,0.6063661006019072,1.1285186596047332,1.1057596901846565,-0.24310735762108038,-0.3075984808500227,-0.29667848530254104,0.5814666428171384,-0.3225878975754,0.5750788179035072,-0.04476614810358456,0.5664709476590466,-0.1276945808244581,-1.0497248118249018,0.005546867675270911,-0.6711523174183742,0.0,-0.2901548062888357,0.25,0.8712871287128713,1.812431842966194,0.0025651515319040723,0.24102564102564103,3.9873417721518987,0.00012075903630303584,0.006349206349206349,0.0012033694344163659,1.0,0.022727272727272728
0xb094b0e933895089af85a4978bbfe61c5df80991230c58b42046e4d83a4ce325,2,0x16f037a3ddf53da1b047a926e1833219f0a8e1fc,0xc9f27a50f82571c1c8423a42970613b8dbda14ef,2021-12-11 08:45:43+00:00,140944,39702671293,4519343,88865,0.0,2715,2.0,65,1625,1663,0.9771497294046904,88,2643,2735,0.9663619744058501,289,446,2878461,434,0xb094b0e933895089af85a4978bbfe61c5df80991230c58b42046e4d83a4ce325,2,2,8,917,100,634167,391,7,5.0,3.0,1,3,0,-0.7891915280063464,1.0654110492298772,1.0622427934936869,1.1608101231067998,2.2835355279702614,2.1717493821588496,1.6239561640425353,1.2922137084623406,-0.32093142561292215,-0.2528055211164373,-0.10965122215524387,0.6063661006019072,1.1285186596047332,1.1161158488346923,1.9915722598963639,-0.19091486550847728,-0.17329113416740402,0.5814666428171384,-0.3225878975754,0.5750788179035072,-0.04476614810358456,0.5664709476590466,-0.12765392135429757,-1.5743053883919578,-0.879704145795513,-0.6708391051384707,0.0,2.2229115964084727,0.25,0.8712871287128713,1.8135223555070883,0.002562412483758247,0.6465324384787472,6.994884910485934,0.000918198676932334,0.0007312614259597807,0.0012026458208057728,1.0,0.022727272727272728
0xf1e5bcb4c34dbb02af0cae2c1723a1dd0cf373c2b01679584ab2b623aabea553,3,0x7515774dc4c9dbf2e64deba45f294189f2a2a66b,0xc9f27a50f82571c1c8423a42970613b8dbda14ef,2021-12-11 10:36:36+00:00,287701,41026202072,17244283,185411,0.0,155,2.0,64,1626,1664,0.9771634615384616,88,159,167,0.9520958083832335,43,532,3435588,435,0xf1e5bcb4c34dbb02af0cae2c1723a1dd0cf373c2b01679584ab2b623aabea553,1,1,13,918,100,634666,50,7,6.0,3.0,1,3,0,1.1356658573749856,1.071009459417837,1.0677246579001278,1.1608101231067998,-0.46696501098571425,-0.4592881782426032,-0.5788560746176893,1.2991429141402522,-0.7334396847554956,-0.7976450062811727,2.213467891303306,0.6192226458610435,1.1285186596047332,1.1209590757947372,-0.45081796309545824,-0.014865902010706955,0.012834732667851623,0.5814666428171384,1.9176058355870982,0.5750788179035072,-0.04476614810358456,0.5664709476590466,0.20384951544287444,-1.542385551297479,0.8982680543420112,1.84911029282597,0.0,-0.4487869047979681,0.23076923076923078,0.8712871287128713,1.812636165577342,0.0025619734443416784,0.08067542213883677,3.34,4.628027392100743e-05,0.005988023952095809,0.0006009615384615385,1.0,0.011363636363636364
0x54bf91680721a89cf223c14b4757d58ce2c502cab489f87727922485b83349b6,3,0x3dc5f821f21992c7bed140eb8415ef5862186c30,0xc9f27a50f82571c1c8423a42970613b8dbda14ef,2021-12-11 11:04:34+00:00,250959,47919220573,2846456,165716,0.0,18,2.0,63,1627,1665,0.9771771771771772,88,22,29,0.7586206896551724,10,67,422641,436,0x54bf91680721a89cf223c14b4757d58ce2c502cab489f87727922485b83349b6,1,1,6,919,100,634794,10,4,5.0,1.0,1,2,0,1.1356658573749856,1.0766078696057966,1.0732065223065688,1.1608101231067998,-0.6186633096318369,-0.6006757106940831,-0.8743552773647927,1.3060721198181635,-0.7334396847554956,-0.7976450062811727,-1.038898867538664,0.6320791911201799,1.1285186596047332,1.1222014265981155,-0.737315349956669,-0.9667585534812092,-0.9937353529745298,-1.7077721084314395,-0.3225878975754,-1.7160718510347697,-0.04476614810358456,-1.6291528804767927,0.12085450140741655,-1.3761453465873255,-1.1134456471284437,1.335050638434181,0.0,-0.5917645199015941,0.5,0.8712871287128713,1.811751904243743,0.0025630321599886575,0.14705882352941177,2.9,5.205351100931758e-05,0.034482758620689655,0.0006006006006006006,1.0,0.011363636363636364
0x8648032a06797e0ef4103645a97ae0436f9bd51c2060ec442542eaca7dd8cfab,2,0x9d41eccedd6911c60c523d528a326f0dc2b59f4e,0xc9f27a50f82571c1c8423a42970613b8dbda14ef,2021-12-11 11:43:37+00:00,140944,68535053682,6041531,88865,0.0,861,2.0,62,1628,1666,0.9771908763505402,88,865,907,0.9536934950385888,212,424,2734422,437,0x8648032a06797e0ef4103645a97ae0436f9bd51c2060ec442542eaca7dd8cfab,3,3,8,919,100,634963,172,7,5.0,3.0,1,3,0,-0.7891915280063464,1.0822062797937564,1.07868838671301,1.1608101231067998,0.31477950612496164,0.29887685084504295,0.9344580242992943,1.3130013254960748,0.09157683352965129,0.29203396404829823,-0.10965122215524387,0.6320791911201799,1.1285186596047332,1.123841717893201,0.4229990668312347,-0.235950646868372,-0.22141191045913533,0.5814666428171384,-0.3225878975754,0.5750788179035072,-0.04476614810358456,0.5664709476590466,-0.12765392135429757,-0.8789494786503216,-0.667018824891608,-0.6708391051384707,0.0,0.28801744748787056,0.25,0.8712871287128713,1.8128400435255714,0.0025639248839304275,0.4988235294117647,5.273255813953488,0.00031633730406743944,0.0033076074972436605,0.001800720288115246,1.0,0.03409090909090909
0xfc71072ebb950d6cb5c40b2141c598053be718edda4abd3f9cf80ca6781bf882,3,0x0b025d49201314db012911a95ec7e4609027a693,0xc9f27a50f82571c1c8423a42970613b8dbda14ef,2021-12-11 14:38:07+00:00,250977,53005207848,2085275,165728,0.0,1085,2.0,61,1629,1667,0.9772045590881824,88,1024,1107,0.9250225835591689,167,326,2098182,438,0xfc71072ebb950d6cb5c40b2141c598053be718edda4abd3f9cf80ca6781bf882,1,1,6,920,100,635748,199,4,5.0,1.0,1,2,0,1.1356658573749856,1.0878046899817162,1.0841702511194509,1.1608101231067998,0.49083811550257844,0.5037863181660284,0.5315045660077897,1.3199305311739862,-0.7334396847554956,-0.7976450062811727,-1.038898867538664,0.6449357363793162,1.1285186596047332,1.1314608224295442,0.616384802962552,-0.436564582016994,-0.43396797310780083,-1.7077721084314395,-0.3225878975754,-1.7160718510347697,-0.04476614810358456,-1.6291528804767927,0.12089516087757708,-1.2534856488617825,-1.2198004635183741,1.3353638507140846,0.0,0.5217910663434341,0.5,0.8712871287128713,1.8119565217391305,0.002562331989511584,0.5107033639143731,5.562814070351759,0.0004880413195607819,0.0009033423667570009,0.0005998800239952009,1.0,0.011363636363636364
0x16c9adff84e1c9500ae7f5b59e82813121b7d7377c939a3a2bf0b4753faf835b,2,0xe37d4ea5c27017c227b6bf5a9ceda2e02c58637f,0xc9f27a50f82571c1c8423a42970613b8dbda14ef,2021-12-11 15:12:10+00:00,166576,48887251966,15207316,105953,0.0,136,2.0,60,1630,1668,0.9772182254196643,88,157,160,0.98125,71,539,3481308,439,0x16c9adff84e1c9500ae7f5b59e82813121b7d7377c939a3a2bf0b4753faf835b,2,2,8,920,100,635902,62,7,5.0,3.0,1,3,0,-0.7891915280063464,1.093403100169676,1.0896521155258918,1.1608101231067998,-0.46917958468857734,-0.46646000959883765,-0.32812947834741985,1.3268597368518977,-0.32093142561292215,-0.2528055211164373,-0.10965122215524387,0.6449357363793162,1.1285186596047332,1.1329555257398587,-0.364868747037095,-0.0005363352143768127,0.0281089423753472,0.5814666428171384,-0.3225878975754,0.5750788179035072,-0.04476614810358456,0.5664709476590466,-0.06975483584570095,-1.352799154071691,0.6136560484231203,-0.22482481855573946,0.0,-0.46861591711160966,0.25,0.8712871287128713,1.8130434782608695,0.002563284022877703,0.13148148148148148,2.5806451612903225,4.509797894987202e-05,0.0125,0.001199040767386091,1.0,0.022727272727272728
0x95e05620b1dd2b57fb5f192a8ae837d76ca53bd1c446a318ceaea3ac9ebccd3e,2,0x4d9fed7af38c4691e992d5d6396d8b2fc773fc99,0xc9f27a50f82571c1c8423a42970613b8dbda14ef,2021-12-12 03:56:52+00:00,140926,54316394667,16133825,88853,0.0,409,2.0,59,1631,1669,0.9772318753744758,89,411,429,0.958041958041958,97,288,1846645,440,0x95e05620b1dd2b57fb5f192a8ae837d76ca53bd1c446a318ceaea3ac9ebccd3e,2,2,8,920,101,639344,109,7,5.0,3.0,1,3,0,-0.7891915280063464,1.0990015103576358,1.0951339799323327,1.2225619117602098,-0.18792872442496306,-0.19085677605211226,-0.09531192466788392,1.333788942529809,-0.32093142561292215,-0.2528055211164373,-0.10965122215524387,0.6449357363793162,1.1899045745092551,1.166363115311952,-0.028234317475172275,-0.5143536589113576,-0.5180018507804673,0.5814666428171384,-0.3225878975754,0.5750788179035072,-0.04476614810358456,0.5664709476590466,-0.1276945808244581,-1.2218635133383984,0.7431110592268818,-0.6711523174183742,0.0,-0.1837043191313916,0.25,0.8725490196078431,1.8141304347826086,0.0025510483385339684,0.3356401384083045,3.9357798165137616,0.00022256566770241832,0.004662004662004662,0.0011983223487118035,1.0,0.02247191011235955
0x6131d1551975c7e4b30f1bc720f0c63661131c8b9fc4abed0d4b904c86a47010,3,0xdb952e1b416f8e1cedc0571f46710e0ec18beb52,0xc9f27a50f82571c1c8423a42970613b8dbda14ef,2021-12-12 06:46:33+00:00,101931,53944372542,17696353,101363,0.0,51,2.0,58,1632,1670,0.9772455089820359,89,53,53,1.0,34,143,915456,441,0x6131d1551975c7e4b30f1bc720f0c63661131c8b9fc4abed0d4b904c86a47010,10,9,6,920,101,640085,13,4,5.0,1.0,1,2,0,1.1356658573749856,1.1045999205455956,1.1006158443387737,1.2225619117602098,-0.5843374172374588,-0.5760865746155649,-0.6594467662759902,1.3407181482077204,2.9791346475276654,3.561070875036711,-1.038898867538664,0.6449357363793162,1.1899045745092551,1.173555161759634,-0.7158280459420782,-0.811180399692482,-0.8290949405292228,-1.7077721084314395,-0.3225878975754,-1.7160718510347697,-0.04476614810358456,-1.6291528804767927,-0.2157788052083425,-1.2308356398759572,0.961432823096612,-0.34462851561886776,0.0,-0.5573246564094798,0.5,0.8725490196078431,1.815217391304348,0.002549657389788247,0.2361111111111111,4.076923076923077,5.789458161333629e-05,0.18867924528301888,0.005988023952095809,1.1111111111111112,0.10112359550561797
0x5d9729950b1b89c267faeb624166fde14ed7662e6e3076fe6998a3ed53f9292f,3,0x08608176e1d6ac5be11de8403805d4b339899a1b,0xc9f27a50f82571c1c8423a42970613b8dbda14ef,2021-12-12 10:26:15+00:00,284239,43668908567,10485449,183103,0.0,564,2.0,57,1633,1671,0.9772591262716936,89,631,655,0.9633587786259542,192,469,3025350,442,0x5d9729950b1b89c267faeb624166fde14ed7662e6e3076fe6998a3ed53f9292f,1,1,12,921,101,641042,159,7,6.0,3.0,1,3,0,1.1356658573749856,1.1101983307335554,1.1060977087452146,1.2225619117602098,0.05567438288997841,0.040690922020601296,0.755367598391959,1.347647353885632,-0.7334396847554956,-0.7976450062811727,1.748844068611596,0.6577922816384526,1.1899045745092551,1.1828436751880167,0.32988741610134126,-0.14383200317767822,-0.12421822538078289,0.5814666428171384,1.9176058355870982,0.5750788179035072,-0.04476614810358456,0.5664709476590466,0.19602934401533226,-1.4786509089700404,-0.04609938136647179,1.788869130991177,0.0,-0.021941323941157893,0.25,0.8725490196078431,1.8143322475570032,0.0025474110161096838,0.4085106382978723,4.119496855345912,0.00020857084020994588,0.0015267175572519084,0.0005984440454817474,1.0,0.011235955056179775
0xd3474a7ecc3685b26cc5b32090309ee79708ca50d638bb7f5c8e157471269cac,2,0x280a8675cf1d930c638f4f9eb9dbe75823801d5a,0xc9f27a50f82571c1c8423a42970613b8dbda14ef,2021-12-12 14:25:11+00:00,140944,39470385893,2603568,88865,0.0,3823,2.0,56,1634,1672,0.9772727272727273,89,3710,3904,0.9503073770491803,497,676,4366399,443,0xd3474a7ecc3685b26cc5b32090309ee79708ca50d638bb7f5c8e157471269cac,3,3,8,921,101,642154,490,7,5.0,3.0,1,3,0,-0.7891915280063464,1.1157967409215153,1.1115795731516556,1.2225619117602098,3.4650105984477273,3.36944521865001,3.486496593478823,1.3545765595635433,0.09157683352965129,0.29203396404829823,-0.10965122215524387,0.6577922816384526,1.1899045745092551,1.1936365977923653,2.7006532923778606,0.2799137577995131,0.3238015395804427,0.5814666428171384,-0.3225878975754,0.5750788179035072,-0.04476614810358456,0.5664709476590466,-0.12765392135429757,-1.5799074584345056,-1.1473827903878229,-0.6708391051384707,0.0,3.379256103961885,0.25,0.8725490196078431,1.8154180238870792,0.002544556999478319,0.7341211225997046,7.96734693877551,0.0008496702088677171,0.0007684426229508197,0.0017942583732057417,1.0,0.033707865168539325
0x24e7c48bd5565a189707968171491db55e7e5cb7a046322b5a4e4e270180a05e,3,0xa58a950cc6083863d8179171d8a18a3537f46c5c,0xc9f27a50f82571c1c8423a42970613b8dbda14ef,2021-12-12 18:52:09+00:00,126822,58912173243,25933006,84251,0.0,318,2.0,55,1635,1673,0.9772863120143455,89,354,367,0.9645776566757494,124,356,2293271,444,0x24e7c48bd5565a189707968171491db55e7e5cb7a046322b5a4e4e270180a05e,2,2,6,921,101,643377,88,4,5.0,1.0,1,2,0,1.1356658573749856,1.121395151109475,1.1170614375580965,1.2225619117602098,-0.25104407495656156,-0.25437871092161773,0.14646015030701878,1.3615057652414546,-0.32093142561292215,-0.2528055211164373,-1.038898867538664,0.6577922816384526,1.1899045745092551,1.2055068714840185,-0.17864544557730794,-0.3751521528898648,-0.3687923323023414,-1.7077721084314395,-0.3225878975754,-1.7160718510347697,-0.04476614810358456,-1.6291528804767927,-0.15955353455468776,-1.1110262696597488,2.1122861910637174,-0.7912692267614061,0.0,-0.2786748517914643,0.5,0.8725490196078431,1.8165038002171552,0.0025412743363932245,0.3473389355742297,4.170454545454546,0.00015436459347168587,0.005449591280653951,0.001195457262402869,1.0,0.02247191011235955
0x785789a726e2a6f666d7fb0cef233252a65614ea64bf7378d656ac745eba94b4,3,0xed36b17651229475a8eefbb64b706c18aafd4311,0xc9f27a50f82571c1c8423a42970613b8dbda14ef,2021-12-13 06:20:49+00:00,126822,39421089053,16181483,84251,0.0,770,2.0,54,1636,1674,0.977299880525687,90,768,804,0.9552238805970149,179,433,2795865,445,0x785789a726e2a6f666d7fb0cef233252a65614ea64bf7378d656ac745eba94b4,2,2,6,921,102,646489,106,4,5.0,1.0,1,2,0,1.1356658573749856,1.1269935612974349,1.1225433019645374,1.2843137004136196,0.20737268153610106,0.19334847517473544,0.638958821552191,1.3684349709193662,-0.32093142561292215,-0.2528055211164373,-1.038898867538664,0.6577922816384526,1.2512904894137773,1.2357115253911524,-0.049721621489763085,-0.21752691813023325,-0.20088493611404235,-1.7077721084314395,-0.3225878975754,-1.7160718510347697,-0.04476614810358456,-1.6291528804767927,-0.15955353455468776,-1.5810963594612437,0.7497699982170974,-0.7912692267614061,0.0,0.19304691482779787,0.5,0.8737864077669902,1.8175895765472312,0.0025305882534919335,0.41244239631336405,7.584905660377358,0.0002746912763344166,0.0024875621890547263,0.0011947431302270011,1.0,0.022222222222222223
0x2dd8b5070a6a3cdb7dfb810b67145610b52d6004d2338ff7c0def66e7d2b73e7,2,0x12d3015a7aafe770d585bc17c2200c0f1eb57fe3,0xc9f27a50f82571c1c8423a42970613b8dbda14ef,2021-12-13 09:11:27+00:00,140927,41000000000,19930710,88853,0.0,17,,53,1637,1675,0.977313432835821,90,17,19,0.8947368421052632,11,257,1647986,446,0x2dd8b5070a6a3cdb7dfb810b67145610b52d6004d2338ff7c0def66e7d2b73e7,2,2,8,921,102,647235,14,7,5.0,3.0,1,3,0,-0.7891915280063464,1.1325919714853947,1.1280251663709784,1.2843137004136196,-0.6241997438889947,-0.6109211840601324,-0.8654007560694259,1.3753641765972775,-0.32093142561292215,-0.2528055211164373,-0.10965122215524387,0.6577922816384526,1.2512904894137773,1.2429521011670912,-0.708665611270548,-0.5778131690093911,-0.5843701628163677,0.5814666428171384,-0.3225878975754,0.5750788179035072,-0.04476614810358456,0.5664709476590466,-0.12769232196500474,-1.543017471524079,1.2736248358827376,-0.6711523174183742,0.0,-0.5928081521286278,0.25,0.8737864077669902,1.8186753528773072,0.002529216545433196,0.04263565891472868,1.3571428571428572,1.0315615353761892e-05,0.10526315789473684,0.0011940298507462687,1.0,0.022222222222222223
0xc283c296975e68e06ad1e4b81976c68a3fd378d9732108cc016b098ad765d266,2,0xad82aecd14d42aa19f5b6175e23937f33d25babe,0xc9f27a50f82571c1c8423a42970613b8dbda14ef,2021-12-13 11:12:27+00:00,140926,39377182271,9975783,88853,0.0,320,2.0,52,1638,1677,0.9767441860465116,90,335,348,0.9626436781609196,86,359,2315274,447,0xc283c296975e68e06ad1e4b81976c68a3fd378d9732108cc016b098ad765d266,2,2,8,921,102,647776,99,7,5.0,3.0,1,3,0,-0.7891915280063464,1.1381903816733545,1.1389888951838603,1.2843137004136196,-0.272082525133761,-0.27384511031711134,-0.19381165891691834,1.3822933822751888,-0.32093142561292215,-0.2528055211164373,-0.10965122215524387,0.6577922816384526,1.2512904894137773,1.2482029744844947,-0.09985866419047498,-0.3690109099771519,-0.36144153536021484,0.5814666428171384,-0.3225878975754,0.5750788179035072,-0.04476614810358456,0.5664709476590466,-0.1276945808244581,-1.5821552674602264,-0.11731166050926473,-0.6711523174183742,0.0,-0.27658758733739675,0.25,0.8737864077669902,1.8208469055374592,0.002528647976078187,0.2388888888888889,3.515151515151515,0.000144691235382406,0.005747126436781609,0.0011926058437686344,1.0,0.022222222222222223
0x2df16be3e21077bb6d1c99fd7513d98681266257ed5f9aaa057931a047ea9727,2,0x679b4172e1698579d562d1d8b4774968305b80b2,0xc9f27a50f82571c1c8423a42970613b8dbda14ef,2021-12-13 11:12:27+00:00,140908,38877182271,13383181,88841,0.0,540,2.0,51,1638,1677,0.9767441860465116,90,548,568,0.9647887323943662,111,430,2775882,448,0x2df16be3e21077bb6d1c99fd7513d98681266257ed5f9aaa057931a047ea9727,2,2,8,921,102,647776,198,7,5.0,3.0,1,3,0,-0.7891915280063464,1.1381903816733545,1.1389888951838603,1.2843137004136196,-0.03623042577884042,-0.04844469626402737,0.03005137346725082,1.3892225879531002,-0.32093142561292215,-0.2528055211164373,-0.10965122215524387,0.6577922816384526,1.2512904894137773,1.2482029744844947,0.6092223682910217,-0.22366816104294618,-0.20756088827031716,0.5814666428171384,-0.3225878975754,0.5750788179035072,-0.04476614810358456,0.5664709476590466,-0.12773524029461863,-1.5942138601280131,0.358781658500821,-0.6714655296982778,0.0,-0.04698849738996828,0.25,0.8737864077669902,1.8208469055374592,0.002528647976078187,0.25754060324825984,2.8686868686868685,0.00019741466048821222,0.0035211267605633804,0.0011926058437686344,1.0,0.022222222222222223
0x5f3356a59da9e74ae0f71fb0face2c5c43c6321fd34954829a56538674ce8d0a,2,0x05e362bef8c3519a945a65e187e052e23613902c,0xc9f27a50f82571c1c8423a42970613b8dbda14ef,2021-12-13 12:47:15+00:00,140908,39592978670,12572222,93641,0.0,2696,2.0,50,1639,1678,0.9767580452920143,90,2693,2742,0.9821298322392414,328,1466,9102851,449,0x5f3356a59da9e74ae0f71fb0face2c5c43c6321fd34954829a56538674ce8d0a,8,6,8,921,102,648222,268,7,5.0,3.0,1,3,0,-0.7891915280063464,1.1437887918613143,1.1444707595903012,1.2843137004136196,2.3388998705418387,2.178921213515084,1.9731824945618393,1.3961517936310117,2.1541181292425184,1.9265524195425048,-0.10965122215524387,0.6577922816384526,1.2512904894137773,1.2525317905650157,1.1105927952981405,1.8971077248139148,1.9061628938561828,0.5814666428171384,-0.3225878975754,0.5750788179035072,-0.04476614810358456,0.5664709476590466,-0.12773524029461863,-1.576950865710794,0.24547168945960535,-0.5461806177368365,0.0,2.203082584094831,0.25,0.8737864077669902,1.8219326818675352,0.0025284508571895782,0.22358554873892297,10.23134328358209,0.0002958413473052182,0.0029175784099197666,0.004767580452920143,1.3333333333333333,0.06666666666666667
0x4b25719d1d5d5da4e4f9bb6166c4ee5f55f8fa37d4496a3eb8f78ac76bc9f612,2,0x4721a43133d1a13f3651a415b68f81e73edb5dc6,0xc9f27a50f82571c1c8423a42970613b8dbda14ef,2021-12-13 13:40:53+00:00,166558,50630968054,3949435,110741,0.0,556,2.0,49,1640,1679,0.9767718880285885,90,565,588,0.9608843537414966,122,347,2232837,450,0x4b25719d1d5d5da4e4f9bb6166c4ee5f55f8fa37d4496a3eb8f78ac76bc9f612,14,12,8,921,102,648487,73,7,5.0,3.0,1,3,0,-0.7891915280063464,1.149387202049274,1.1499526239967421,1.2843137004136196,-0.01740654930450403,-0.027953749531928824,0.12855110771628525,1.403080999308923,4.629167684097959,5.195589330530917,-0.10965122215524387,0.6577922816384526,1.2512904894137773,1.2551038449626348,-0.286081965650262,-0.39357588162800355,-0.38898221833608565,0.5814666428171384,-0.3225878975754,0.5750788179035072,-0.04476614810358456,0.5664709476590466,-0.06979549531586149,-1.3107456300047742,-0.959333643509135,-0.09985311887420174,0.0,-0.03029038175742802,0.25,0.8737864077669902,1.8230184581976112,0.0025289596723455177,0.3505747126436782,8.054794520547945,0.00025304119689829716,0.023809523809523808,0.008338296605122097,1.1666666666666667,0.13333333333333333
0xb54f46644ab29633c61f227ce1a0a1ab2d17237a49585cb4f0bd8eb82a2618a6,3,0xbae1d68661b98ba3b7dca7468b014a05a8c5e64f,0xc9f27a50f82571c1c8423a42970613b8dbda14ef,2021-12-13 13:59:15+00:00,284239,42439597740,4440642,183103,0.0,38,2.0,48,1641,1680,0.9767857142857143,90,41,42,0.9761904761904762,25,485,3130860,451,0xb54f46644ab29633c61f227ce1a0a1ab2d17237a49585cb4f0bd8eb82a2618a6,1,1,12,922,102,648575,22,7,6.0,3.0,1,3,0,1.1356658573749856,1.1549856122372337,1.155434488403183,1.2843137004136196,-0.5976248594546374,-0.587356595318219,-0.7400374579342911,1.4100102049868344,-0.7334396847554956,-0.7976450062811727,1.748844068611596,0.670648826897589,1.2512904894137773,1.2559579611399574,-0.6513661338983058,-0.11107870764320933,-0.08896927817523044,0.5814666428171384,1.9176058355870982,0.5750788179035072,-0.04476614810358456,0.5664709476590466,0.19602934401533226,-1.5082984260198264,-0.8907005190690235,1.788869130991177,0.0,-0.5708918753609188,0.25,0.8737864077669902,1.822125813449024,0.0025301583777383066,0.051440329218107,1.9090909090909092,1.3095439241793232e-05,0.023809523809523808,0.0005952380952380953,1.0,0.011111111111111112
0x82c81f9adc710e754a425594d0bc9c0ed03baf8353b8fd9f516578acd09975f1,2,0xbae1d68661b98ba3b7dca7468b014a05a8c5e64f,0xc9f27a50f82571c1c8423a42970613b8dbda14ef,2021-12-13 14:19:25+00:00,166576,63833814028,6409387,105953,0.0,39,2.0,47,1642,1681,0.9767995240928019,90,42,43,0.9767441860465116,25,485,3130935,452,0x82c81f9adc710e754a425594d0bc9c0ed03baf8353b8fd9f516578acd09975f1,2,1,8,922,102,648650,22,7,5.0,3.0,1,3,0,-0.7891915280063464,1.1605840224251935,1.160916352809624,1.2843137004136196,-0.5965175726032058,-0.5863320479816142,-0.7400374579342911,1.416939410664746,-0.32093142561292215,-0.7976450062811727,-0.10965122215524387,0.670648826897589,1.2512904894137773,1.2566859010638118,-0.6513661338983058,-0.11107870764320933,-0.08894422205694387,0.5814666428171384,-0.3225878975754,0.5750788179035072,-0.04476614810358456,0.5664709476590466,-0.06975483584570095,-0.9923301466927866,-0.6156207246527237,-0.22482481855573946,0.0,-0.5698482431338849,0.25,0.8737864077669902,1.8232104121475055,0.002531407490314514,0.051440329218107,1.9545454545454546,1.3414518853148069e-05,0.046511627906976744,0.001189767995240928,2.0,0.011111111111111112
0x8d8ee96453f1cb59c2ddf88eec21d2faf7f72947e8deb36fd5df51376c1a1a26,3,0x0b025d49201314db012911a95ec7e4609027a693,0xc9f27a50f82571c1c8423a42970613b8dbda14ef,2021-12-13 14:46:09+00:00,163582,45002384697,5097147,103958,0.0,1093,2.0,46,1643,1682,0.9768133174791914,90,1032,1115,0.9255605381165919,168,328,2111211,453,0x8d8ee96453f1cb59c2ddf88eec21d2faf7f72947e8deb36fd5df51376c1a1a26,2,2,13,922,102,648777,200,7,6.0,3.0,1,3,0,1.1356658573749856,1.1661824326131534,1.166398217216065,1.2843137004136196,0.49969641031403084,0.5119826968588678,0.5404590873031565,1.4238686163426573,-0.32093142561292215,-0.2528055211164373,2.213467891303306,0.670648826897589,1.2512904894137773,1.2579185460015387,0.6235472376340823,-0.4324704200751854,-0.4296152242390571,0.5814666428171384,1.9176058355870982,0.5750788179035072,-0.04476614810358456,0.5664709476590466,-0.07651786104906932,-1.446491218002267,-0.7989713919178317,-0.2768963600897135,0.0,0.5301401241597042,0.23076923076923078,0.8737864077669902,1.824295010845987,0.002532453319933783,0.5106382978723404,5.575,0.0004888187448726135,0.0017937219730941704,0.0011890606420927466,1.0,0.022222222222222223
0x619b87dae8dd189ac0f3eb268d53e4d6f99ccef58efad4cb62667d1bc8125a34,2,0x10690227d831a2daef1e7728226bf2501eb8beca,0xc9f27a50f82571c1c8423a42970613b8dbda14ef,2021-12-13 21:31:51+00:00,140926,91370029140,12354015,88853,0.0,170,2.0,45,1644,1683,0.9768270944741533,90,181,184,0.9836956521739131,59,1665,10047418,454,0x619b87dae8dd189ac0f3eb268d53e4d6f99ccef58efad4cb62667d1bc8125a34,2,2,8,922,102,650631,59,7,5.0,3.0,1,3,0,-0.7891915280063464,1.1717808428011132,1.171880081622506,1.2843137004136196,-0.44260470025422005,-0.4418708735203194,-0.43558373389182103,1.4307978220205686,-0.32093142561292215,-0.2528055211164373,-0.10965122215524387,0.670648826897589,1.2512904894137773,1.2759132209192205,-0.3863560510516858,2.304476838023872,2.221725326944109,0.5814666428171384,-0.3225878975754,0.5750788179035072,-0.04476614810358456,0.5664709476590466,-0.1276945808244581,-0.32823414339646484,0.21498306005346207,-0.6711523174183742,0.0,-0.43313242139246166,0.25,0.8737864077669902,1.8253796095444685,0.0025267739674654796,0.035414165666266505,3.1186440677966103,1.8014576678846576e-05,0.010869565217391304,0.0011883541295306002,1.0,0.022222222222222223
0xeab93827cecb1e6d8f0ea0e55d37161f0e705d0359bd549c9a9a8972a4fed509,2,0xccff041faeb4afda1cf84b0c082d907387291453,0xc9f27a50f82571c1c8423a42970613b8dbda14ef,2021-12-14 08:30:06+00:00,140890,52817541281,5214578,93629,0.0,153,2.0,44,1645,1684,0.9768408551068883,91,168,172,0.9767441860465116,49,1575,9613012,455,0xeab93827cecb1e6d8f0ea0e55d37161f0e705d0359bd549c9a9a8972a4fed509,2,2,8,922,103,653523,50,7,5.0,3.0,1,3,0,-0.7891915280063464,1.177379252989073,1.1773619460289468,1.3460654890670296,-0.4569994293228303,-0.45416544155957855,-0.5251289468454887,1.43772702769848,-0.32093142561292215,-0.2528055211164373,-0.10965122215524387,0.670648826897589,1.3126764043182992,1.3039825843830481,-0.45081796309545824,2.1202395506424843,2.0765982853388087,0.5814666428171384,-0.3225878975754,0.5750788179035072,-0.04476614810358456,0.5664709476590466,-0.12777589976477916,-1.2580116382394122,-0.782563530392799,-0.5464938300167401,0.0,-0.45087416925203566,0.25,0.875,1.82646420824295,0.0025171225540301504,0.031091370558375634,3.44,1.747631049703147e-05,0.011627906976744186,0.0011876484560570072,1.0,0.02197802197802198
0x404c8dc7365d8d77cad320b682f0aac8494fa3563ef45d5e2383656af7a5b95f,3,0x32a59b87352e980dd6ab1baf462696d28e63525d,0xc9f27a50f82571c1c8423a42970613b8dbda14ef,2021-12-14 09:59:30+00:00,250959,38664348926,25144672,165716,0.0,7318,2.0,43,1646,1685,0.9768545994065282,91,6286,7384,0.8513001083423619,534,1422,8847943,456,0x404c8dc7365d8d77cad320b682f0aac8494fa3563ef45d5e2383656af7a5b95f,1,1,6,923,103,653935,1273,4,5.0,1.0,1,2,0,1.1356658573749856,1.1829776631770328,1.1828438104353878,1.3460654890670296,6.317381527735406,6.934869950035157,3.8178138814073934,1.4446562333763915,-0.7334396847554956,-0.7976450062811727,-1.038898867538664,0.6835053721567254,1.3126764043182992,1.307981401031422,8.308839640186061,1.8070361620941253,1.821002827186929,-1.7077721084314395,-0.3225878975754,-1.7160718510347697,-0.04476614810358456,-1.6291528804767927,0.12085450140741655,-1.599346801354968,2.0021374645138703,1.335050638434181,0.0,7.026750737444896,0.5,0.875,1.8255687973997834,0.0025170658902400234,0.3752635277582572,5.800471327572663,0.0007104475344780663,0.00013542795232936077,0.0005934718100890207,1.0,0.01098901098901099
0x57f9cc3caa0d804e4f40364ee42bdd547642e5f1716af137b1b8bdf14dcf8473,2,0xd8047842874e3be4a1155ad052dbd5395d3a154f,0xc9f27a50f82571c1c8423a42970613b8dbda14ef,2021-12-14 13:45:08+00:00,140944,103069156692,2613294,88865,0.0,25,2.0,42,1647,1686,0.9768683274021353,91,28,29,0.9655172413793104,9,95,606999,457,0x57f9cc3caa0d804e4f40364ee42bdd547642e5f1716af137b1b8bdf14dcf8473,4,4,8,923,103,654942,13,7,5.0,3.0,1,3,0,-0.7891915280063464,1.1885760733649926,1.1883256748418287,1.3460654890670296,-0.6120195885232476,-0.6006757106940831,-0.8833097986601595,1.4515854390543028,0.5040850926722248,0.8368734492130337,-0.10965122215524387,0.6835053721567254,1.3126764043182992,1.3177552077423742,-0.7158280459420782,-0.9094402862958887,-0.9321447415735133,0.5814666428171384,-0.3225878975754,0.5750788179035072,-0.04476614810358456,0.5664709476590466,-0.12765392135429757,-0.046084115960367406,-1.1460238403559533,-0.6708391051384707,0.0,-0.5844590943123577,0.25,0.875,1.8266522210184182,0.0025147226552539688,0.09375,2.230769230769231,4.612850082372323e-05,0.13793103448275862,0.002372479240806643,1.0,0.04395604395604396
0xc03900f5a755543ade9666b0d8db91324ed86b3cb05bfbf7bd299f7417b87334,2,0x6721139dbafef557ed9a74642cad6af7666ad461,0xc9f27a50f82571c1c8423a42970613b8dbda14ef,2021-12-14 14:18:07+00:00,93951,54640196733,22611679,88853,0.0,157,2.0,41,1648,1687,0.976882039122703,91,168,169,0.9940828402366864,58,421,2715509,458,0xc03900f5a755543ade9666b0d8db91324ed86b3cb05bfbf7bd299f7417b87334,2,2,8,923,103,655086,48,7,5.0,3.0,1,3,0,-0.7891915280063464,1.1941744835529524,1.1938075392482697,1.3460654890670296,-0.4569994293228303,-0.4572390835693933,-0.4445382551871878,1.4585146447322141,-0.32093142561292215,-0.2528055211164373,-0.10965122215524387,0.6835053721567254,1.3126764043182992,1.3191528523961746,-0.4651428324385188,-0.24209188978108492,-0.22773039532785502,0.5814666428171384,-0.3225878975754,0.5750788179035072,-0.04476614810358456,0.5664709476590466,-0.23380450364617805,-1.214054318900635,1.6482190069696343,-0.6711523174183742,0.0,-0.4466996403439006,0.25,0.875,1.8277356446370532,0.0025156963884186375,0.13744075829383887,3.5208333333333335,6.186683164488438e-05,0.011834319526627219,0.0011855364552459987,1.0,0.02197802197802198
0x0795e71d7bf6a4ad5b81f451ec70af66fe47539a8035a799da16715d4f3701bc,2,0xe9eea3829349eeb1c1a27437446ca85c11280463,0xc9f27a50f82571c1c8423a42970613b8dbda14ef,2021-12-14 15:11:44+00:00,140926,61570761972,5797922,88853,0.0,655,2.0,40,1649,1688,0.9768957345971564,91,652,670,0.9731343283582089,68,417,2691910,459,0x0795e71d7bf6a4ad5b81f451ec70af66fe47539a8035a799da16715d4f3701bc,2,2,8,923,103,655351,100,7,5.0,3.0,1,3,0,-0.7891915280063464,1.1997728937409122,1.1992894036547106,1.3460654890670296,0.07892740677004101,0.05605913206967521,-0.3549930422335202,1.4654438504101257,-0.32093142561292215,-0.2528055211164373,-0.10965122215524387,0.6835053721567254,1.3126764043182992,1.3217249067937937,-0.09269622951894471,-0.25028021366470216,-0.23561438646711985,0.5814666428171384,-0.3225878975754,0.5750788179035072,-0.04476614810358456,0.5664709476590466,-0.1276945808244581,-1.046908592551389,-0.7010567087404357,-0.6711523174183742,0.0,0.0730292087189148,0.25,0.875,1.828819068255688,0.0025162050317997045,0.16267942583732056,6.7,0.00024220711605992917,0.0029850746268656717,0.001184834123222749,1.0,0.02197802197802198
0xf3ff50bb8418c9d83134e21694283b2ba0e9853968337e021a971a8d172db9ae,2,0x01a9166c6492713e939f85e23cccfa88e5ef671f,0xc9f27a50f82571c1c8423a42970613b8dbda14ef,2021-12-14 18:11:31+00:00,140926,66302210859,4575888,88853,0.0,52,2.0,39,1650,1689,0.9769094138543517,91,70,70,1.0,17,130,836362,460,0xf3ff50bb8418c9d83134e21694283b2ba0e9853968337e021a971a8d172db9ae,3,3,8,923,103,656146,14,7,5.0,3.0,1,3,0,-0.7891915280063464,1.205371303928872,1.2047712680611515,1.3460654890670296,-0.5655135407631223,-0.5586692698932811,-0.8116736282972252,1.472373056088037,0.09157683352965129,0.29203396404829823,-0.10965122215524387,0.6835053721567254,1.3126764043182992,1.329441069986651,-0.708665611270548,-0.8377924523142379,-0.8555187887926667,0.5814666428171384,-0.3225878975754,0.5750788179035072,-0.04476614810358456,0.5664709476590466,-0.1276945808244581,-0.9327993628378175,-0.8718034847270305,-0.6711523174183742,0.0,-0.5562810241824461,0.25,0.875,1.829902491874323,0.002514680399361728,0.1297709923664122,5.0,8.369571585543598e-05,0.04285714285714286,0.0017761989342806395,1.0,0.03296703296703297
0x699dde4890a5dc86fc0543c0c8b293b5587f08a0eb3ff93cb8492c13febcf2e7,2,0x05e362bef8c3519a945a65e187e052e23613902c,0xc9f27a50f82571c1c8423a42970613b8dbda14ef,2021-12-14 18:20:41+00:00,166558,61940298662,15117631,110741,0.0,2717,2.0,38,1651,1690,0.9769230769230769,91,2713,2762,0.9822592324402607,329,1467,9110817,461,0x699dde4890a5dc86fc0543c0c8b293b5587f08a0eb3ff93cb8492c13febcf2e7,9,7,8,923,103,656188,270,7,5.0,3.0,1,3,0,-0.7891915280063464,1.2109697141168319,1.2102531324675925,1.3460654890670296,2.3610456075704698,2.199412160247183,1.982137015857206,1.4793022617659484,2.566626388385092,2.47139190470724,-0.10965122215524387,0.6835053721567254,1.3126764043182992,1.3298487163440094,1.1249176646412011,1.899154805784819,1.9088241876997942,0.5814666428171384,-0.3225878975754,0.5750788179035072,-0.04476614810358456,0.5664709476590466,-0.06979549531586149,-1.0379964077103647,0.601124953049049,-0.09985311887420174,0.0,2.22499886086254,0.25,0.875,1.8309859154929577,0.0025160433960337647,0.22411444141689374,10.22962962962963,0.00029777787241496865,0.0032585083272990588,0.0053254437869822485,1.2857142857142858,0.07692307692307693
0x7632c8e44a12406a38b7095c708be03cf5afc559bf6451fceb6a34cb70681a32,3,0xcbc6d27dd9ad183faf892637c67d274c617b4d78,0xc9f27a50f82571c1c8423a42970613b8dbda14ef,2021-12-14 18:44:10+00:00,287719,68669600638,8524596,185423,0.0,259,2.0,37,1652,1691,0.976936723832052,91,287,301,0.9534883720930233,92,1019,6518407,462,0x7632c8e44a12406a38b7095c708be03cf5afc559bf6451fceb6a34cb70681a32,1,1,13,924,103,656293,116,7,6.0,3.0,1,3,0,1.1356658573749856,1.2165681243047917,1.2157349968740334,1.3460654890670296,-0.32523229400247555,-0.32199883513754296,-0.14008453114471775,1.48623146744386,-0.7334396847554956,-0.7976450062811727,2.213467891303306,0.6963619174158617,1.3126764043182992,1.3308678322374057,0.021902725225539616,0.9820625308196901,1.0427477662691598,0.5814666428171384,1.9176058355870982,0.5750788179035072,-0.04476614810358456,0.5664709476590466,0.203890174913035,-0.8757045847761323,-0.32007647851241233,1.8494235051058736,0.0,-0.3402491531864565,0.23076923076923078,0.875,1.83008658008658,0.0025171645634426035,0.09019607843137255,2.5948275862068964,4.4029155585228784e-05,0.0033222591362126247,0.0005913660555884093,1.0,0.01098901098901099
0x7bc150321aa4682d07dadc9c0f5697d2b381d452765896a647173266fe79d604,3,0xf5b0befc14cac8f0647237876f4258fd0d3d6337,0xc9f27a50f82571c1c8423a42970613b8dbda14ef,2021-12-14 18:54:28+00:00,250941,53697673212,23289771,165704,0.0,3,,36,1653,1692,0.9769503546099291,91,5,5,1.0,2,8,54100,463,0x7bc150321aa4682d07dadc9c0f5697d2b381d452765896a647173266fe79d604,1,1,6,925,103,656346,4,4,5.0,1.0,1,2,0,1.1356658573749856,1.2221665344927515,1.2212168612804744,1.3460654890670296,-0.6374871861061733,-0.6252648467726014,-0.9459914477277268,1.4931606731217713,-0.7334396847554956,-0.7976450062811727,-1.038898867538664,0.709218462674998,1.3126764043182992,1.3313822431169295,-0.7802899579858507,-1.0875363307645634,-1.1168581115005605,-1.7077721084314395,-0.3225878975754,-1.7160718510347697,-0.04476614810358456,-1.6291528804767927,0.12081384193725603,-1.2367853333397292,1.7429643436970101,1.3347374261542775,0.0,-0.6074190033071005,0.5,0.875,1.8291891891891892,0.002518484886805303,0.2222222222222222,1.25,9.24197334614887e-05,0.2,0.000591016548463357,1.0,0.01098901098901099
0x586db3b91ae2946a6733777187654b37d435238ebdeb719f72e2c65fc5b81acb,2,0x24244ef4839fda2084df4b7c0e4db4d806819cf3,0xc9f27a50f82571c1c8423a42970613b8dbda14ef,2021-12-14 21:45:40+00:00,166594,127282957903,6607210,105965,0.0,333,2.0,35,1654,1693,0.9769639692852924,91,333,346,0.9624277456647399,104,438,2832420,464,0x586db3b91ae2946a6733777187654b37d435238ebdeb719f72e2c65fc5b81acb,2,2,8,925,103,657104,116,7,5.0,3.0,1,3,0,-0.7891915280063464,1.227764944680711,1.2266987256869153,1.3460654890670296,-0.2742970988366241,-0.2758942049903212,-0.03263027560031655,1.5000898787996826,-0.32093142561292215,-0.2528055211164373,-0.10965122215524387,0.709218462674998,1.3126764043182992,1.338739289280685,0.021902725225539616,-0.20729151327571171,-0.18867258406116613,0.5814666428171384,-0.3225878975754,0.5750788179035072,-0.04476614810358456,0.5664709476590466,-0.06971417637554042,0.5378846155240519,-0.58798021754245,-0.22451160627583586,0.0,-0.2630203683859578,0.25,0.875,1.8302702702702702,0.0025171015286750216,0.23690205011389523,2.9827586206896552,0.00011756726842513877,0.005780346820809248,0.0011813349084465446,1.0,0.02197802197802198
0x94ce7bd57a6f9e2f2d73b63182d39b66b78b7bd994407b9fe786b72cd31c8b28,2,0x80196c4dc520d87f3d9c619e547d8d5bc0d3502d,0xc9f27a50f82571c1c8423a42970613b8dbda14ef,2021-12-14 22:19:15+00:00,166576,69406249484,23421264,105953,0.0,314,2.0,34,1655,1694,0.9769775678866588,91,370,374,0.9893048128342246,123,362,2332313,465,0x94ce7bd57a6f9e2f2d73b63182d39b66b78b7bd994407b9fe786b72cd31c8b28,2,2,8,925,103,657260,90,7,5.0,3.0,1,3,0,-0.7891915280063464,1.2333633548686709,1.2321805900933562,1.3460654890670296,-0.23332748533365671,-0.24720687956538326,0.13750562901165203,1.507019084477594,-0.32093142561292215,-0.2528055211164373,-0.10965122215524387,0.709218462674998,1.3126764043182992,1.3402534043223022,-0.1643205762342474,-0.36286966706443896,-0.35574911936708237,0.5814666428171384,-0.3225878975754,0.5750788179035072,-0.04476614810358456,0.5664709476590466,-0.06975483584570095,-0.857938688029914,1.7613369960248548,-0.22482481855573946,0.0,-0.28284938069959936,0.25,0.875,1.8313513513513513,0.0025180255636649673,0.33884297520661155,4.155555555555556,0.0001586407319083108,0.0053475935828877,0.0011806375442739079,1.0,0.02197802197802198
0x7f54c5524d77d059a2b26ec296e74d58af31c79451347fbadb37f686f68bbbc6,2,0x72b223de2f773c814465c4a8f2ef9faae702cfb3,0xc9f27a50f82571c1c8423a42970613b8dbda14ef,2021-12-15 07:26:18+00:00,140944,49118280930,15098598,88865,0.0,2854,2.0,33,1656,1695,0.9769911504424779,92,2527,2865,0.8820244328097732,270,458,2956167,466,0x7f54c5524d77d059a2b26ec296e74d58af31c79451347fbadb37f686f68bbbc6,4,4,8,925,104,659677,324,7,5.0,3.0,1,3,0,-0.7891915280063464,1.2389617650566307,1.2376624544997972,1.4078172777204394,2.1550902532042016,2.30494053591749,1.4538202594305667,1.5139482901555055,0.5040850926722248,0.8368734492130337,-0.10965122215524387,0.709218462674998,1.3740623192228214,1.3637124816017183,1.5116891369038357,-0.1663498938576256,-0.14733099113305032,0.5814666428171384,-0.3225878975754,0.5750788179035072,-0.04476614810358456,0.5664709476590466,-0.12765392135429757,-1.3472273857290176,0.5984655971003988,-0.6708391051384707,0.0,2.367976475966166,0.25,0.8761904761904762,1.8324324324324324,0.0025103156388419806,0.5882352941176471,8.842592592592593,0.0008548228652769396,0.0013961605584642235,0.002359882005899705,1.0,0.043478260869565216
0xac23743211a40a137df4202febd43cf913c313b922a34797bd54290298cb2db0,3,0xd0af26b04197ab1ef5550b397943b7dafd6ce90e,0xc9f27a50f82571c1c8423a42970613b8dbda14ef,2021-12-15 09:04:13+00:00,250977,69665962286,9630455,165728,0.0,17,2.0,32,1657,1696,0.9770047169811321,92,18,18,1.0,5,81,512534,467,0xac23743211a40a137df4202febd43cf913c313b922a34797bd54290298cb2db0,1,1,6,926,104,660105,11,4,5.0,1.0,1,2,0,1.1356658573749856,1.2445601752445905,1.243144318906238,1.4078172777204394,-0.6230924570375631,-0.6119457313967374,-0.9191278838416265,1.5208774958334168,-0.7334396847554956,-0.7976450062811727,-1.038898867538664,0.7220750079341344,1.3740623192228214,1.3678665921005144,-0.7301529152851387,-0.938099419888549,-0.9637037577593963,-1.7077721084314395,-0.3225878975754,-1.7160718510347697,-0.04476614810358456,-1.6291528804767927,0.12089516087757708,-0.8516751462500589,-0.16556207142900903,1.3353638507140846,0.0,-0.5928081521286278,0.5,0.8761904761904762,1.8315334773218142,0.0025102029068058765,0.06097560975609756,1.6363636363636365,3.511955281102754e-05,0.05555555555555555,0.0005896226415094339,1.0,0.010869565217391304
0xc984d53e704f140d5e85b8dd4fc1a7ad2a2f23d8243c8bad6caa3c13fe0e2bbe,2,0xb6f951f9fc00e430f09e0bb6881e553fc0c87ac4,0xc9f27a50f82571c1c8423a42970613b8dbda14ef,2021-12-15 11:36:37+00:00,140908,50100000000,689699,88841,0.0,34,,31,1658,1697,0.9770182675309369,92,42,42,1.0,19,237,1520171,468,0xc984d53e704f140d5e85b8dd4fc1a7ad2a2f23d8243c8bad6caa3c13fe0e2bbe,2,2,8,926,104,660803,19,7,5.0,3.0,1,3,0,-0.7891915280063464,1.2501585854325503,1.248626183312679,1.4078172777204394,-0.5965175726032058,-0.587356595318219,-0.7937645857064918,1.5278067015113281,-0.32093142561292215,-0.2528055211164373,-0.10965122215524387,0.7220750079341344,1.3740623192228214,1.3746412863251865,-0.6728534379128965,-0.6187547884274772,-0.6270707996003473,0.5814666428171384,-0.3225878975754,0.5750788179035072,-0.04476614810358456,0.5664709476590466,-0.12773524029461863,-1.323551084970361,-1.4147951221320199,-0.6714655296982778,0.0,-0.5750664042690538,0.25,0.8761904761904762,1.8326133909287257,0.00250906471510463,0.07983193277310924,2.210526315789474,2.7628452569840782e-05,0.047619047619047616,0.0011785503830288745,1.0,0.021739130434782608
0x16273640fc6e6c4def95c51a16bb1550a435f13d41ad6101855a225c5e51138a,3,0x4da86804c5cc2b8d0a48618e6e1da4a3cae07793,0xc9f27a50f82571c1c8423a42970613b8dbda14ef,2021-12-16 03:37:35+00:00,250959,75857217673,11231570,165716,0.0,44,2.0,30,1659,1698,0.9770318021201413,93,51,52,0.9807692307692307,20,1403,8737111,469,0x16273640fc6e6c4def95c51a16bb1550a435f13d41ad6101855a225c5e51138a,1,1,6,927,105,665123,24,4,5.0,1.0,1,2,0,1.1356658573749856,1.2557569956205101,1.25410804771912,1.4695690663738494,-0.5865519909403218,-0.5771111219521698,-0.784810064411125,1.5347359071892397,-0.7334396847554956,-0.7976450062811727,-1.038898867538664,0.7349315531932707,1.4354482341273433,1.4165706259392026,-0.6370412645552452,1.7681416236469436,1.7839758978277613,-1.7077721084314395,-0.3225878975754,-1.7160718510347697,-0.04476614810358456,-1.6291528804767927,0.12085450140741655,-0.7023594926219126,0.05815120024246387,1.335050638434181,0.0,-0.5646300819987161,0.5,0.8773584905660378,1.831715210355987,0.0024942717448175077,0.014245014245014245,2.1666666666666665,5.837169078294979e-06,0.019230769230769232,0.0005889281507656066,1.0,0.010752688172043012
0x481c75c63b72f5161693b737dcb581ebe14a4ec8d129f1cf0b15df577351153a,2,0xe905fceb934d98c75022fda23b491ddfccd47f83,0xc9f27a50f82571c1c8423a42970613b8dbda14ef,2021-12-16 09:47:42+00:00,140908,51537240250,10236334,88841,0.0,133,2.0,29,1660,1699,0.9770453207769276,93,137,142,0.9647887323943662,37,265,1700409,470,0x481c75c63b72f5161693b737dcb581ebe14a4ec8d129f1cf0b15df577351153a,2,2,8,927,105,666826,54,7,5.0,3.0,1,3,0,-0.7891915280063464,1.26135540580847,1.259589912125561,1.4695690663738494,-0.4913253217172084,-0.48490186165772636,-0.63258320238989,1.541665112867151,-0.32093142561292215,-0.2528055211164373,-0.10965122215524387,0.7349315531932707,1.4354482341273433,1.433099715143524,-0.42216822440933716,-0.5614365212421567,-0.5668566042972067,0.5814666428171384,-0.3225878975754,0.5750788179035072,-0.04476614810358456,0.5664709476590466,-0.12773524029461863,-1.288888895489365,-0.08090658239353041,-0.6714655296982778,0.0,-0.471746813792711,0.25,0.8773584905660378,1.8327939590075513,0.0024894012989875934,0.13909774436090225,2.6296296296296298,8.056880399433078e-05,0.014084507042253521,0.0011771630370806356,1.0,0.021505376344086023
0x4a40ae815999bbd4ca994ad7d6d8ddb2d3f8ccba3f3d90d84bc246f8638a47fb,2,0xccff041faeb4afda1cf84b0c082d907387291453,0xc9f27a50f82571c1c8423a42970613b8dbda14ef,2021-12-17 07:24:58+00:00,166558,47327558603,20162406,105941,0.0,159,2.0,28,1661,1700,0.9770588235294118,94,175,179,0.9776536312849162,50,1578,9632123,471,0x4a40ae815999bbd4ca994ad7d6d8ddb2d3f8ccba3f3d90d84bc246f8638a47fb,3,3,8,927,106,672634,51,7,5.0,3.0,1,3,0,-0.7891915280063464,1.2669538159964298,1.2650717765320019,1.5313208550272595,-0.4492484213628094,-0.44699361020334405,-0.5161744255501219,1.5485943185450624,0.09157683352965129,0.29203396404829823,-0.10965122215524387,0.7349315531932707,1.4968341490318655,1.4894713828468125,-0.44365552842392797,2.1263807935551973,2.082982918359805,0.5814666428171384,-0.3225878975754,0.5750788179035072,-0.04476614810358456,0.5664709476590466,-0.06979549531586149,-1.390414567973826,1.3059981945691488,-0.22513803083564307,0.0,-0.44461237588983304,0.25,0.8785046728971962,1.8338727076591155,0.0024693927613044222,0.031665611146295125,3.5098039215686274,1.816837075602432e-05,0.01675977653631285,0.0017647058823529412,1.0,0.031914893617021274
0x4283f9d3882774c126f45efe7cacabbdda3137e5125015f7fbb8fe55195b7183,2,0xe29bdd620872e4daea7cfd491a39798a1f564915,0xc9f27a50f82571c1c8423a42970613b8dbda14ef,2021-12-17 09:36:26+00:00,166540,49427507694,3968874,110729,0.0,286,2.0,27,1662,1701,0.9770723104056437,94,298,311,0.9581993569131833,92,299,1920829,472,0x4283f9d3882774c126f45efe7cacabbdda3137e5125015f7fbb8fe55195b7183,3,3,8,927,106,673210,59,7,5.0,3.0,1,3,0,-0.7891915280063464,1.2725522261843896,1.2705536409384428,1.5313208550272595,-0.3130521386367285,-0.31175336177149365,-0.14008453114471775,1.5555235242229737,0.09157683352965129,0.29203396404829823,-0.10965122215524387,0.7349315531932707,1.4968341490318655,1.4950619614620146,-0.3863560510516858,-0.49183576823141023,-0.49321834306085116,0.5814666428171384,-0.3225878975754,0.5750788179035072,-0.04476614810358456,0.5664709476590466,-0.06983615478602201,-1.33976970655091,-0.9566175598499214,-0.10016633115410534,0.0,-0.3120710830565448,0.25,0.8785046728971962,1.8349514563106797,0.0024687653647964755,0.30666666666666664,5.271186440677966,0.00015514126705642873,0.00964630225080386,0.001763668430335097,1.0,0.031914893617021274
0xaa3665e6415be904b011c4168ff6bc210794416303598262c824074b2a44d086,2,0x4da86804c5cc2b8d0a48618e6e1da4a3cae07793,0xc9f27a50f82571c1c8423a42970613b8dbda14ef,2021-12-17 12:36:06+00:00,140926,98985582915,7014109,88853,0.0,45,2.0,26,1663,1702,0.9770857814336075,94,52,53,0.9811320754716981,21,1404,8745963,473,0xaa3665e6415be904b011c4168ff6bc210794416303598262c824074b2a44d086,2,2,8,927,106,673975,24,7,5.0,3.0,1,3,0,-0.7891915280063464,1.2781506363723494,1.2760355053448837,1.5313208550272595,-0.5854447040888903,-0.5760865746155649,-0.7758555431157582,1.5624527299008852,-0.32093142561292215,-0.2528055211164373,-0.10965122215524387,0.7349315531932707,1.4968341490318655,1.50248694868533,-0.6370412645552452,1.770188704617848,1.7869331879487313,0.5814666428171384,-0.3225878975754,0.5750788179035072,-0.04476614810358456,0.5664709476590466,-0.1276945808244581,-0.144568421571764,-0.531126895620008,-0.6711523174183742,0.0,-0.5635864497716824,0.25,0.8785046728971962,1.836030204962244,0.0024674469120562156,0.01494661921708185,2.2083333333333335,5.945599593138046e-06,0.03773584905660377,0.0011750881316098707,1.0,0.02127659574468085
0xbaab16b87806a10999effa9cd754f035475b50f8d5f1859e7db33d83d9ee93a4,2,0xc96aea91ec00b495b3d91dd139a206558a1c5497,0xc9f27a50f82571c1c8423a42970613b8dbda14ef,2021-12-17 13:32:33+00:00,140926,49934092065,26604597,88853,0.0,627,,25,1664,1703,0.9770992366412213,94,581,636,0.9135220125786163,140,496,3200741,474,0xbaab16b87806a10999effa9cd754f035475b50f8d5f1859e7db33d83d9ee93a4,2,2,8,927,106,674215,148,7,5.0,3.0,1,3,0,-0.7891915280063464,1.2837490465603092,1.2815173697513247,1.5313208550272595,0.0003100403184008044,0.02122452262510768,0.28973249103288706,1.5693819355787966,-0.32093142561292215,-0.2528055211164373,-0.10965122215524387,0.7349315531932707,1.4968341490318655,1.5048163564416643,0.2511006347145083,-0.08856081696326197,-0.06562332348210931,0.5814666428171384,-0.3225878975754,0.5750788179035072,-0.04476614810358456,0.5664709476590466,-0.1276945808244581,-1.3275523173873982,2.206123185804955,-0.6711523174183742,0.0,0.04380750636196935,0.25,0.8785046728971962,1.8371089536138079,0.00246805178162488,0.28169014084507044,4.297297297297297,0.0001815204099549417,0.0031446540880503146,0.0011743981209630064,1.0,0.02127659574468085
0xc97fca12aadd36b7258b24f07114fc5328963cac9d586215cb115b97a9acb277,3,0x13906045e62f0c0aa6b01fd14ca164817e3e474f,0xc9f27a50f82571c1c8423a42970613b8dbda14ef,2021-12-17 13:34:26+00:00,287719,54982322676,27621894,185423,0.0,123,2.0,24,1665,1704,0.977112676056338,94,337,342,0.9853801169590644,266,2102,12665257,475,0xc97fca12aadd36b7258b24f07114fc5328963cac9d586215cb115b97a9acb277,1,1,13,928,106,674222,39,7,6.0,3.0,1,3,0,1.1356658573749856,1.289347456748269,1.2869992341577656,1.5313208550272595,-0.2698679514308979,-0.27999239433674095,1.4180021742490998,1.576311141256708,-0.7334396847554956,-0.7976450062811727,2.213467891303306,0.7477880984524071,1.4968341490318655,1.504884297501224,-0.5296047444822912,3.1990512223090533,3.0962971088002007,0.5814666428171384,1.9176058355870982,0.5750788179035072,-0.04476614810358456,0.5664709476590466,0.203890174913035,-1.205803204125196,2.3482634069205988,1.8494235051058736,0.0,-0.48218313606304863,0.23076923076923078,0.8785046728971962,1.8362068965517242,0.0024695093463142016,0.12648597242035187,8.76923076923077,2.6608222272297966e-05,0.0029239766081871343,0.0005868544600938967,1.0,0.010638297872340425
0x523233604e889ade938e2e629e6b01878283709329714093c7553c54ff7c6252,3,0x9ef7b6db1547ae9827a036838f633808feb9e24d,0xc9f27a50f82571c1c8423a42970613b8dbda14ef,2021-12-17 15:55:09+00:00,287701,79619823196,12777100,185411,0.0,588,2.0,23,1666,1705,0.9771260997067449,94,564,599,0.9415692821368948,134,514,3319173,476,0x523233604e889ade938e2e629e6b01878283709329714093c7553c54ff7c6252,1,1,13,929,106,674843,173,7,6.0,3.0,1,3,0,1.1356658573749856,1.2949458669362288,1.2924810985642066,1.5313208550272595,-0.018513836155935583,-0.016683728829274626,0.23600536326068647,1.5832403469346195,-0.7334396847554956,-0.7976450062811727,2.213467891303306,0.7606446437115435,1.4968341490318655,1.510911640070739,0.430161501502765,-0.05171335948698446,-0.02605737413656871,0.5814666428171384,1.9176058355870982,0.5750788179035072,-0.04476614810358456,0.5664709476590466,0.20384951544287444,-0.6116160378790694,0.27409794533348575,1.84911029282597,0.0,0.0031058495076524864,0.23076923076923078,0.8785046728971962,1.8353067814854682,0.0024687186964691098,0.26019417475728157,3.46242774566474,0.0001699217937956853,0.001669449081803005,0.0005865102639296188,1.0,0.010638297872340425
0x6c91e55a54299c2879252380c694636ad117d7b41f6b919294f08eeaacd560c2,2,0x941d8b7b8f6088d04bfa271d6754f3164898c78e,0xc9f27a50f82571c1c8423a42970613b8dbda14ef,2021-12-18 09:50:44+00:00,140926,45693964995,18513548,88853,0.0,91,2.0,22,1667,1706,0.9771395076201641,95,96,109,0.8807339449541285,40,363,2336776,477,0x6c91e55a54299c2879252380c694636ad117d7b41f6b919294f08eeaacd560c2,2,2,8,929,107,679744,26,7,5.0,3.0,1,3,0,-0.7891915280063464,1.3005442771241884,1.2979629629706475,1.5930726436806693,-0.536724082625902,-0.518711923765689,-0.6057196385037896,1.5901695526125308,-0.32093142561292215,-0.2528055211164373,-0.10965122215524387,0.7606446437115435,1.5582200639363875,1.558480087628214,-0.6227163952121847,-0.3608225860935347,-0.35425811328824264,0.5814666428171384,-0.3225878975754,0.5750788179035072,-0.04476614810358456,0.5664709476590466,-0.1276945808244581,-1.42981224778097,1.0756141074163326,-0.6711523174183742,0.0,-0.5155793673281291,0.25,0.8796296296296297,1.836383207750269,0.0024523902345732593,0.10989010989010989,4.1923076923076925,4.1082225646692e-05,0.01834862385321101,0.0011723329425556857,1.0,0.021052631578947368
0x93a1e1e9f565a5cea83853dfb28e5e65f4f595882b302d6a84df9c5812941285,2,0xe29bdd620872e4daea7cfd491a39798a1f564915,0xc9f27a50f82571c1c8423a42970613b8dbda14ef,2021-12-18 19:13:31+00:00,166576,42936233280,16610658,105953,0.0,288,2.0,21,1668,1707,0.9771528998242531,95,301,314,0.9585987261146497,93,300,1929866,478,0x93a1e1e9f565a5cea83853dfb28e5e65f4f595882b302d6a84df9c5812941285,4,4,8,929,107,682247,59,7,5.0,3.0,1,3,0,-0.7891915280063464,1.3061426873121482,1.3034448273770884,1.5930726436806693,-0.3097302780824338,-0.3086797197616789,-0.13113000984935097,1.5970987582904421,0.5040850926722248,0.8368734492130337,-0.10965122215524387,0.7606446437115435,1.5582200639363875,1.58277386935365,-0.3863560510516858,-0.48978868726050595,-0.4901992478481076,0.5814666428171384,-0.3225878975754,0.5750788179035072,-0.04476614810358456,0.5664709476590466,-0.06975483584570095,-1.4963209746574138,0.8097357991555711,-0.22482481855573946,0.0,-0.30998381860247726,0.25,0.8796296296296297,1.83745963401507,0.0024448587610370423,0.3089700996677741,5.322033898305085,0.00015596929736608791,0.012738853503184714,0.0023432923257176333,1.0,0.042105263157894736
0xcd94d5058d1936701584d5f556ff6a7495b37d3ae5cb0784a9ff0074e58ab331,2,0xcf0de3dea22ff2b1ec918c13fdc31f3874fc72e9,0xc9f27a50f82571c1c8423a42970613b8dbda14ef,2021-12-18 23:27:56+00:00,166576,54602606198,11489932,105953,0.0,252,2.0,20,1669,1708,0.9771662763466042,95,267,275,0.9709090909090909,73,1495,9283692,479,0xcd94d5058d1936701584d5f556ff6a7495b37d3ae5cb0784a9ff0074e58ab331,2,2,8,929,107,683405,67,7,5.0,3.0,1,3,0,-0.7891915280063464,1.311741097500108,1.3089266917835294,1.5930726436806693,-0.3473780310311066,-0.34863706588927107,-0.31022043575668634,1.6040279639683537,-0.32093142561292215,-0.2528055211164373,-0.10965122215524387,0.7606446437115435,1.5582200639363875,1.5940132617779625,-0.32905657367944363,1.9564730729701396,1.9665785403503475,0.5814666428171384,-0.3225878975754,0.5750788179035072,-0.04476614810358456,0.5664709476590466,-0.06975483584570095,-1.2149608968000931,0.09425042378080127,-0.22482481855573946,0.0,-0.34755457877569285,0.25,0.8796296296296297,1.8385360602798708,0.0024421793194674907,0.04879679144385027,4.104477611940299,2.8760106565350662e-05,0.007272727272727273,0.00117096018735363,1.0,0.021052631578947368
0x4b02f725f037fdc29f0cf181ce58219b0619933a205bda4757bf40d629af8737,2,0x267a6d716452082f5a45b6192436566e9b5b108f,0xc9f27a50f82571c1c8423a42970613b8dbda14ef,2021-12-19 01:26:46+00:00,166576,80000000000,2879615,105953,0.0,449,,19,1670,1709,0.9771796372147454,96,474,510,0.9294117647058824,97,468,3017098,480,0x4b02f725f037fdc29f0cf181ce58219b0619933a205bda4757bf40d629af8737,8,6,8,929,108,683927,49,7,5.0,3.0,1,3,0,-0.7891915280063464,1.3173395076880678,1.3144085561899705,1.6548244323340793,-0.11816965278477529,-0.10786844178711315,-0.09531192466788392,1.610957169646265,2.1541181292425184,1.9265524195425048,-0.10965122215524387,0.7606446437115435,1.6196059788409094,1.5990797236479894,-0.4579803977669885,-0.14587908414858253,-0.12697506655546037,0.5814666428171384,-0.3225878975754,0.5750788179035072,-0.04476614810358456,0.5664709476590466,-0.06975483584570095,-0.6024472434367154,-1.1088125580777795,-0.22482481855573946,0.0,-0.14195903005004096,0.25,0.8807339449541285,1.8396124865446717,0.0024417774970464726,0.2068230277185501,10.408163265306122,0.00015710455639672414,0.01568627450980392,0.004681100058513751,1.3333333333333333,0.0625
0xcd4690e5d9f1a09b7c5eea96aab5cddee9a92c44c8f05ac1b6742aa86e5191ac,2,0x267a6d716452082f5a45b6192436566e9b5b108f,0xc9f27a50f82571c1c8423a42970613b8dbda14ef,2021-12-19 01:29:44+00:00,166576,60135550576,9650201,86140,0.0,450,,18,1671,1710,0.9771929824561404,96,475,513,0.9259259259259259,97,468,3017111,481,0xcd4690e5d9f1a09b7c5eea96aab5cddee9a92c44c8f05ac1b6742aa86e5191ac,9,6,8,929,108,683940,49,7,5.0,3.0,1,3,0,-0.7891915280063464,1.3229379178760277,1.3198904205964115,1.6548244323340793,-0.11706236593334372,-0.10479479977729837,-0.09531192466788392,1.6178863753241763,2.566626388385092,1.9265524195425048,-0.10965122215524387,0.7606446437115435,1.6196059788409094,1.5992058999014576,-0.4579803977669885,-0.14587908414858253,-0.12697072349495736,0.5814666428171384,-0.3225878975754,0.5750788179035072,-0.04476614810358456,0.5664709476590466,-0.06975483584570095,-1.0815218517844483,-0.16280309267831033,-0.7419643936999138,0.0,-0.14091539782300722,0.25,0.8807339449541285,1.8406889128094726,0.0024431931994133996,0.2068230277185501,10.46938775510204,0.00015743532225518972,0.017543859649122806,0.005263157894736842,1.5,0.0625
0xf049243074034e3d02f7573d0a4c7beb2646739f81754a04241c94ee1ceafc68,2,0xa58a950cc6083863d8179171d8a18a3537f46c5c,0xc9f27a50f82571c1c8423a42970613b8dbda14ef,2021-12-19 07:46:16+00:00,140944,41912118303,4805573,88865,0.0,322,2.0,17,1672,1711,0.9772063120981882,96,359,372,0.9650537634408602,126,363,2335507,482,0xf049243074034e3d02f7573d0a4c7beb2646739f81754a04241c94ee1ceafc68,3,3,8,929,108,685613,88,7,5.0,3.0,1,3,0,-0.7891915280063464,1.3285363280639875,1.3253722850028524,1.6548244323340793,-0.24550764069940378,-0.2492559742385931,0.16436919289775231,1.6248155810020877,0.09157683352965129,0.29203396404829823,-0.10965122215524387,0.7606446437115435,1.6196059788409094,1.6154438131362374,-0.17864544557730794,-0.3608225860935347,-0.3546820628096515,0.5814666428171384,-0.3225878975754,0.5750788179035072,-0.04476614810358456,0.5664709476590466,-0.12765392135429757,-1.5210197453626593,-0.8397111098483602,-0.6708391051384707,0.0,-0.2745003228833292,0.25,0.8807339449541285,1.8417653390742734,0.002438689991744626,0.34615384615384615,4.2272727272727275,0.0001537138815195666,0.008064516129032258,0.0017533606078316774,1.0,0.03125
0x092122b234d819d81f4b9691b2a2b14a4ce834a26079b3daf61c6e5627565ded,2,0x35dcf2c2223f335266e17dacbe8777d7c5bf8a15,0xc9f27a50f82571c1c8423a42970613b8dbda14ef,2021-12-19 08:20:47+00:00,140944,48517598283,882530,88865,0.0,1425,2.0,16,1673,1712,0.9772196261682243,96,1394,1469,0.9489448604492853,230,1008,6450491,483,0x092122b234d819d81f4b9691b2a2b14a4ce834a26079b3daf61c6e5627565ded,2,2,8,929,108,685757,352,7,5.0,3.0,1,3,0,-0.7891915280063464,1.3341347382519473,1.3308541494092934,1.6548244323340793,0.9005342505322528,0.874672454017012,1.0956394076158962,1.6317447866799992,-0.32093142561292215,-0.2528055211164373,-0.10965122215524387,0.7606446437115435,1.6196059788409094,1.616841457790038,1.7122373077066833,0.9595446401397427,1.020058281875147,0.5814666428171384,-0.3225878975754,0.5750788179035072,-0.04476614810358456,0.5664709476590466,-0.12765392135429757,-1.3617141604545795,-1.3878521143595102,-0.6708391051384707,0.0,0.8766260235349145,0.25,0.8807339449541285,1.8428417653390743,0.0024396361398627505,0.22794846382556988,4.173295454545454,0.00021610754652513328,0.0013614703880190605,0.0011682242990654205,1.0,0.020833333333333332
0xe89ded7c6aeb064810b810627844c8088eee5cb1bb120756c9e383bd093e43e6,2,0x9a560c3cebb3a8c0f28efcc43f4d12e942f4eed7,0xc9f27a50f82571c1c8423a42970613b8dbda14ef,2021-12-19 09:33:04+00:00,166594,35678866329,24194920,105965,0.0,4971,2.0,15,1674,1713,0.9772329246935202,96,4585,5025,0.9124378109452737,446,699,4515201,484,0xe89ded7c6aeb064810b810627844c8088eee5cb1bb120756c9e383bd093e43e6,4,4,8,929,108,686062,583,7,5.0,3.0,1,3,0,-0.7891915280063464,1.339733148439907,1.3363360138157343,1.6548244323340793,4.433886593450335,4.517962782984133,3.0298160074151177,1.6386739923579106,0.5040850926722248,0.8368734492130337,-0.10965122215524387,0.7606446437115435,1.6196059788409094,1.6198017468137127,3.3667597168301757,0.32699662013031217,0.37351354642416007,0.5814666428171384,-0.3225878975754,0.5750788179035072,-0.04476614810358456,0.5664709476590466,-0.06971417637554042,-1.6713482384629463,1.86943486214207,-0.22451160627583586,0.0,4.577345900596648,0.25,0.8807339449541285,1.8439181916038752,0.0024400091536783066,0.6371428571428571,8.619210977701544,0.001015458444605579,0.0007960199004975124,0.002335084646818447,1.0,0.041666666666666664
0x8ec841616aba57bc37568891ab47628b690409bc0915884af5796f95cf17ec63,2,0xef7d9be5a88af3c6bc4d87606b2747695485e50e,0xc9f27a50f82571c1c8423a42970613b8dbda14ef,2021-12-19 12:05:15+00:00,140944,41000000000,9705362,88865,0.0,1314,2.0,14,1675,1714,0.9772462077012836,96,1371,1382,0.992040520984081,313,1451,9016385,485,0x8ec841616aba57bc37568891ab47628b690409bc0915884af5796f95cf17ec63,2,2,8,929,108,686792,242,7,5.0,3.0,1,3,0,-0.7891915280063464,1.345331558627867,1.3418178782221752,1.6548244323340793,0.8750666529493271,0.7855368357323834,1.8388646751313378,1.645603198035822,-0.32093142561292215,-0.2528055211164373,-0.10965122215524387,0.7606446437115435,1.6196059788409094,1.6268870287392294,0.9243694938383535,1.8664015102503502,1.8772761962059572,0.5814666428171384,-0.3225878975754,0.5750788179035072,-0.04476614810358456,0.5664709476590466,-0.12765392135429757,-1.543017471524079,-0.15509580883007326,-0.6708391051384707,0.0,0.7607828463341665,0.25,0.8807339449541285,1.844994617868676,0.0024388716833165162,0.21556473829201103,5.710743801652892,0.00015205648915208377,0.001447178002894356,0.0011668611435239206,1.0,0.020833333333333332
0xfb520a9d37827a41b5bdd21588d79bb407bdda05e80b834d688ac28d53dcc964,2,0x382bc51a164aba74afdd0024f2ad6f81ff261553,0xc9f27a50f82571c1c8423a42970613b8dbda14ef,2021-12-19 14:48:57+00:00,140926,56606304457,2975821,88853,0.0,206,2.0,13,1676,1715,0.9772594752186589,96,212,217,0.9769585253456221,50,133,851040,486,0xfb520a9d37827a41b5bdd21588d79bb407bdda05e80b834d688ac28d53dcc964,2,2,8,929,108,687544,83,7,5.0,3.0,1,3,0,-0.7891915280063464,1.3509299688158267,1.3472997426286162,1.6548244323340793,-0.40827880785984194,-0.40806081141235684,-0.5161744255501219,1.6525324037137334,-0.32093142561292215,-0.2528055211164373,-0.10965122215524387,0.7606446437115435,1.6196059788409094,1.6341858397090767,-0.2144576189349593,-0.831651209401525,-0.8506151394031956,0.5814666428171384,-0.3225878975754,0.5750788179035072,-0.04476614810358456,0.5664709476590466,-0.1276945808244581,-1.1666373345312244,-1.095370326249069,-0.6711523174183742,0.0,-0.3955616612192461,0.25,0.8807339449541285,1.846071044133477,0.002437658625980845,0.373134328358209,2.6144578313253013,0.00024910668228675235,0.009216589861751152,0.0011661807580174927,1.0,0.020833333333333332
0x56d0adc3e4a81ec286466cc6ad08976bcfc9599669010275c4cf2c6b02e18860,2,0x3dce908e0bc371bd224433c22345500ebf1525e3,0xc9f27a50f82571c1c8423a42970613b8dbda14ef,2021-12-19 17:34:13+00:00,140926,72731521715,7975168,88853,0.0,59,2.0,12,1677,1716,0.9772727272727273,96,65,67,0.9701492537313433,20,579,3737710,487,0x56d0adc3e4a81ec286466cc6ad08976bcfc9599669010275c4cf2c6b02e18860,2,2,8,929,108,688276,33,7,5.0,3.0,1,3,0,-0.7891915280063464,1.3565283790037865,1.3527816070350571,1.6548244323340793,-0.5710499750202801,-0.5617429119030959,-0.784810064411125,1.6594616093916448,-0.32093142561292215,-0.2528055211164373,-0.10965122215524387,0.7606446437115435,1.6196059788409094,1.641290533365896,-0.5725793525114728,0.08134690362179543,0.11376812692086953,0.5814666428171384,-0.3225878975754,0.5750788179035072,-0.04476614810358456,0.5664709476590466,-0.1276945808244581,-0.7777424813436513,-0.39684444048136147,-0.6711523174183742,0.0,-0.5489755985932097,0.25,0.8807339449541285,1.8471474703982778,0.002436519017779179,0.034482758620689655,2.0303030303030303,1.7390322579782118e-05,0.029850746268656716,0.0011655011655011655,1.0,0.020833333333333332
0x49ce73ff1d197ebbb0387ad5a82780984567dd3b269c6475e81988009922c5ed,2,0xf0b14c66ea5036ac75ab58ca5dae0ade5f01712f,0xc9f27a50f82571c1c8423a42970613b8dbda14ef,2021-12-20 05:33:41+00:00,140926,42259303306,17392583,88853,0.0,163,2.0,11,1678,1717,0.9772859638905067,97,178,178,1.0,41,97,614230,488,0x49ce73ff1d197ebbb0387ad5a82780984567dd3b269c6475e81988009922c5ed,2,2,8,929,109,691527,42,7,5.0,3.0,1,3,0,-0.7891915280063464,1.3621267891917463,1.358263471441498,1.716576220987489,-0.4459265608085147,-0.448018157539949,-0.5967651172084228,1.666390815069556,-0.32093142561292215,-0.2528055211164373,-0.10965122215524387,0.7606446437115435,1.6809918937454316,1.6728443025985735,-0.5081174404677004,-0.90534612435408,-0.9297289976891104,0.5814666428171384,-0.3225878975754,0.5750788179035072,-0.04476614810358456,0.5664709476590466,-0.1276945808244581,-1.5126466202995767,0.9189890382743829,-0.6711523174183742,0.0,-0.440437846981698,0.25,0.8818181818181818,1.8482238966630786,0.0024265105679018057,0.41836734693877553,4.238095238095238,0.00028979325367817644,0.011235955056179775,0.0011648223645894002,1.0,0.020618556701030927
0x20d821fe2752fefc90c9a659a4bf623f5bbc66ef144a0253be4911ed0b015678,2,0x9f82226aae1f6900047da20c30dc836587157e03,0xc9f27a50f82571c1c8423a42970613b8dbda14ef,2021-12-20 09:55:50+00:00,166576,55000000000,6969516,105953,0.0,714,,10,1679,1718,0.9772991850989523,97,719,730,0.9849315068493151,134,228,1461883,489,0x20d821fe2752fefc90c9a659a4bf623f5bbc66ef144a0253be4911ed0b015678,4,4,8,929,109,692658,143,7,5.0,3.0,1,3,0,-0.7891915280063464,1.3677251993797062,1.363745335847939,1.716576220987489,0.153115625815955,0.11753197226597084,0.23600536326068647,1.6733200207474674,0.5040850926722248,0.8368734492130337,-0.10965122215524387,0.7606446437115435,1.6809918937454316,1.6838216366502985,0.21528846135685692,-0.637178517165616,-0.6465437465695184,0.5814666428171384,-0.3225878975754,0.5750788179035072,-0.04476614810358456,0.5664709476590466,-0.06975483584570095,-1.205376876826051,-0.537357582312498,-0.22482481855573946,0.0,0.13460351011390698,0.25,0.8818181818181818,1.8493003229278795,0.0024239921808566697,0.5851528384279476,5.104895104895105,0.0004918310891972277,0.005479452054794521,0.002328288707799767,1.0,0.041237113402061855
0xa62079f9fb5084b18c2be6403fdc05726d3ef68b9e6ab6976922b18c7adeee01,3,0x7d2ecc357cc50a0c2c59a2d1d1587ea27e096a05,0xc9f27a50f82571c1c8423a42970613b8dbda14ef,2021-12-20 11:19:37+00:00,250959,36362393394,16274939,165716,0.0,89,2.0,9,1680,1719,0.9773123909249564,97,113,122,0.9262295081967213,49,1559,9570971,490,0xa62079f9fb5084b18c2be6403fdc05726d3ef68b9e6ab6976922b18c7adeee01,1,1,6,930,109,693014,43,4,5.0,1.0,1,2,0,1.1356658573749856,1.3733236095676657,1.36922720025438,1.716576220987489,-0.5179002061515656,-0.5053928083898249,-0.5251289468454887,1.680249226425379,-0.7334396847554956,-0.7976450062811727,-1.038898867538664,0.7735011889706799,1.6809918937454316,1.6872769248221944,-0.5009550057961701,2.0874862551080153,2.0625531617536637,-1.7077721084314395,-0.3225878975754,-1.7160718510347697,-0.04476614810358456,-1.6291528804767927,0.12085450140741655,-1.6548634895544607,0.7628279906269675,1.335050638434181,0.0,-0.5176666317821966,0.5,0.8818181818181818,1.8483870967741935,0.0024241899525984287,0.03141025641025641,2.8372093023255816,1.180653333851567e-05,0.00819672131147541,0.0005817335660267597,1.0,0.010309278350515464
0x8091389ee234cbefc3bf0a4c8cce5fd820f77eb586f300560d135b9804b5d055,3,0xa3f76c31f57da65b0ce84c64c25e61bf38c86bed,0xc9f27a50f82571c1c8423a42970613b8dbda14ef,2021-12-20 11:22:08+00:00,287701,31000000000,17393995,185411,0.0,269,2.0,8,1681,1720,0.9773255813953489,97,271,273,0.9926739926739927,112,545,3519473,491,0x8091389ee234cbefc3bf0a4c8cce5fd820f77eb586f300560d135b9804b5d055,1,1,13,931,109,693027,83,7,6.0,3.0,1,3,0,1.1356658573749856,1.3789220197556256,1.3747090646608209,1.716576220987489,-0.3429488836253804,-0.3506861605624809,0.039005894762617586,1.6871784321032903,-0.7334396847554956,-0.7976450062811727,2.213467891303306,0.7863577342298163,1.6809918937454316,1.6874031010756625,-0.2144576189349593,0.011746150611049022,0.04085916576744188,0.5814666428171384,1.9176058355870982,0.5750788179035072,-0.04476614810358456,0.5664709476590466,0.20384951544287444,-1.7841893248798133,0.9191863277505293,1.84911029282597,0.0,-0.32981283091611885,0.23076923076923078,0.8818181818181818,1.8474758324382385,0.0024255874221532176,0.20512820512820512,3.289156626506024,7.700014263495056e-05,0.003663003663003663,0.0005813953488372093,1.0,0.010309278350515464
0x3425acd106ef5f78d9416f0c47940ea70d9aa383aa33d8ee3d13c4eac3126b38,2,0x1401528d8bc0031090d872ab9a92d95ec2ddac44,0xc9f27a50f82571c1c8423a42970613b8dbda14ef,2021-12-20 11:50:58+00:00,140944,33188790498,16534134,88865,0.0,510,2.0,7,1682,1721,0.9773387565368972,97,511,546,0.9358974358974359,116,364,2345315,492,0x3425acd106ef5f78d9416f0c47940ea70d9aa383aa33d8ee3d13c4eac3126b38,3,3,8,931,109,693155,93,7,5.0,3.0,1,3,0,-0.7891915280063464,1.3845204299435854,1.3801909290672618,1.716576220987489,-0.07720003928180785,-0.07098473766933577,0.07482397994408466,1.6941076377812017,0.09157683352965129,0.29203396404829823,-0.10965122215524387,0.7863577342298163,1.6809918937454316,1.6886454518790406,-0.1428332722196566,-0.35877550512263034,-0.35140539070092186,0.5814666428171384,-0.3225878975754,0.5750788179035072,-0.04476614810358456,0.5664709476590466,-0.12765392135429757,-1.7314018587788051,0.7990436037783573,-0.6708391051384707,0.0,-0.07829746420098126,0.25,0.8818181818181818,1.8485499462943071,0.0024265821835200156,0.3178082191780822,5.870967741935484,0.0002178810872394168,0.005494505494505495,0.0017431725740848344,1.0,0.030927835051546393
0xe78597998a8ffea3e4995a199bb971ef1247746547eeea58f91819dd77ae1c4f,2,0xa8005630cae7b7d2afadd38fd3b3040d13cbe2bc,0xc9f27a50f82571c1c8423a42970613b8dbda14ef,2021-12-20 15:40:05+00:00,140908,80952684641,1796160,88841,0.0,325,2.0,6,1683,1722,0.9773519163763066,97,335,345,0.9710144927536232,105,670,4329954,493,0xe78597998a8ffea3e4995a199bb971ef1247746547eeea58f91819dd77ae1c4f,2,2,8,931,109,694210,112,7,5.0,3.0,1,3,0,-0.7891915280063464,1.3901188401315452,1.3856727934737028,1.716576220987489,-0.272082525133761,-0.27691875232692614,-0.02367575430494978,1.7010368434591132,-0.32093142561292215,-0.2528055211164373,-0.10965122215524387,0.7863577342298163,1.6809918937454316,1.69888514014126,-0.006747013460581465,0.26763127197408726,0.31162593650105347,0.5814666428171384,-0.3225878975754,0.5750788179035072,-0.04476614810358456,0.5664709476590466,-0.12773524029461863,-0.5794711713833641,-1.2601966015467467,-0.6714655296982778,0.0,-0.2713694262022279,0.25,0.8818181818181818,1.849624060150376,0.0024243349644416465,0.15648286140089418,3.080357142857143,7.736800959825217e-05,0.005797101449275362,0.0011614401858304297,1.0,0.020618556701030927
0x73d98f4b07f63a65c229fc87f7f21c7576c4f9903890321471df838e2b74bf1b,2,0xeb9072f14a376bf6d4bf9d0ae6c13eb30dd11681,0xc9f27a50f82571c1c8423a42970613b8dbda14ef,2021-12-20 22:54:42+00:00,140944,60436991983,4638568,88865,0.0,392,2.0,5,1684,1723,0.9773650609402206,97,387,398,0.9723618090452262,103,346,2229449,494,0x73d98f4b07f63a65c229fc87f7f21c7576c4f9903890321471df838e2b74bf1b,2,2,8,931,109,696249,96,7,5.0,3.0,1,3,0,-0.7891915280063464,1.395717250319505,1.3911546578801437,1.716576220987489,-0.21450360885932032,-0.222617743486865,-0.04158479689568331,1.7079660491370245,-0.32093142561292215,-0.2528055211164373,-0.10965122215524387,0.7863577342298163,1.6809918937454316,1.7186754002044495,-0.12134596820506578,-0.3956229625989079,-0.3901140867194845,0.5814666428171384,-0.3225878975754,0.5750788179035072,-0.04476614810358456,0.5664709476590466,-0.12765392135429757,-1.0742519335040133,-0.8630456204459714,-0.6708391051384707,0.0,-0.20144606699096562,0.25,0.8818181818181818,1.8506981740064448,0.0024186714542190307,0.2968299711815562,4.145833333333333,0.00017358541344277735,0.005025125628140704,0.0011607661056297156,1.0,0.020618556701030927
0x0f27686101cbe22c79f6c313251e4680866a752d123215d9838374168e3344bd,3,0x078d423dced327d331fc8915d15ddeaaee6414ac,0xc9f27a50f82571c1c8423a42970613b8dbda14ef,2021-12-21 00:38:51+00:00,208455,91792340835,2048414,183115,0.0,744,,4,1685,1724,0.9773781902552204,98,722,754,0.9575596816976127,99,359,2309936,495,0x0f27686101cbe22c79f6c313251e4680866a752d123215d9838374168e3344bd,1,1,12,932,110,696744,136,7,6.0,3.0,1,3,0,1.1356658573749856,1.4013156605074648,1.3966365222865846,1.778328009640899,0.15643748637024965,0.1421211083444891,-0.07740288207715038,1.7148952548149359,-0.7334396847554956,-0.7976450062811727,1.748844068611596,0.7992142794889525,1.7423778086499535,1.7234798037018888,0.16515141865614502,-0.3690109099771519,-0.36322486281906463,0.5814666428171384,1.9176058355870982,0.5750788179035072,-0.04476614810358456,0.5664709476590466,0.02484393920168191,-0.3180491739787697,-1.22495080868851,1.7891823432710805,0.0,0.16591247692491995,0.25,0.8828828828828829,1.849785407725322,0.0024183883630309513,0.275,5.544117647058823,0.0003125626369896668,0.001326259946949602,0.000580046403712297,1.0,0.01020408163265306
0xcf762a8f4502cbeb4ab79626cc5a7c65c6dde5b487c8fa9b58f421e10e4807e8,2,0x26eccf0498462fea34ba8713d66e953395d93e85,0xc9f27a50f82571c1c8423a42970613b8dbda14ef,2021-12-21 04:49:34+00:00,166576,55075245103,5837166,105953,0.0,72,2.0,3,1686,1725,0.9773913043478261,98,88,88,1.0,30,278,1785129,496,0xcf762a8f4502cbeb4ab79626cc5a7c65c6dde5b487c8fa9b58f421e10e4807e8,2,2,8,932,110,697819,33,7,5.0,3.0,1,3,0,-0.7891915280063464,1.4069140706954246,1.4021183866930256,1.778328009640899,-0.5455823774373544,-0.5402274178343924,-0.6952648514574573,1.7218244604928474,-0.32093142561292215,-0.2528055211164373,-0.10965122215524387,0.7992142794889525,1.7423778086499535,1.733913609277136,-0.5725793525114728,-0.5348244686204007,-0.5385532130806926,0.5814666428171384,-0.3225878975754,0.5750788179035072,-0.04476614810358456,0.5664709476590466,-0.06975483584570095,-1.2035621767314058,-0.6955734026484466,-0.22482481855573946,0.0,-0.5354083796417707,0.25,0.8828828828828829,1.8508583690987124,0.0024160958413344414,0.10752688172043011,2.6666666666666665,4.929612969363576e-05,0.022727272727272728,0.0011594202898550724,1.0,0.02040816326530612
0x24e276cfc0cbd280a71da775ae35da39a107b97f819a3b2cd7cb40e9cc3afb82,2,0x57e648f095dc7d8b26e97dfd1d03be8d7fbfbf71,0xc9f27a50f82571c1c8423a42970613b8dbda14ef,2021-12-21 12:08:21+00:00,140926,47199232811,25299643,88853,0.0,1412,2.0,2,1687,1726,0.977404403244496,98,1446,1514,0.9550858652575958,253,538,3474053,497,0x24e276cfc0cbd280a71da775ae35da39a107b97f819a3b2cd7cb40e9cc3afb82,5,5,8,932,110,699746,392,7,5.0,3.0,1,3,0,-0.7891915280063464,1.4125124808833844,1.4076002510994665,1.778328009640899,0.9581131668066935,0.9207770841642338,1.3015933974093317,1.7287536661707588,0.9165933518147982,1.3817129343777692,-0.10965122215524387,0.7992142794889525,1.7423778086499535,1.7526168123873695,1.998734694567894,-0.002583416185281119,0.025685180533092596,0.5814666428171384,-0.3225878975754,0.5750788179035072,-0.04476614810358456,0.5664709476590466,-0.1276945808244581,-1.3935094248828241,2.023790543414636,-0.6711523174183742,0.0,0.8630588045834756,0.25,0.8828828828828829,1.851931330472103,0.0024108713577907443,0.46938775510204084,3.8622448979591835,0.00041622841786569814,0.0033025099075297227,0.0028968713789107765,1.0,0.05102040816326531
