trace_involved_amt,contract_block_involved,contract_tx_count,contract_main_active_days,sender_block_involved,sender_tx_count,sender_main_active_days,contract_interact,sender_tx_count_call_contract,sender_days_call_contract,trace_amt,distinct_sender_in_contract,contract_lifetime_days,contract_lifetime_block,distinct_contract_sender_called,sender_lifetime_days,sender_lifetime_block,contract_involved_amt,max_breadth,depth,distinct_was_called_in_sample,distinct_sender_call_in_sample,gas,gas_price,receipt_cumulative_gas_used,receipt_gas_used,value,nonce,z_trace_involved_amt,z_contract_block_involved,z_contract_tx_count,z_contract_main_active_days,z_sender_block_involved,z_sender_tx_count,z_sender_main_active_days,z_contract_interact,z_sender_tx_count_call_contract,z_sender_days_call_contract,z_trace_amt,z_distinct_sender_in_contract,z_contract_lifetime_days,z_contract_lifetime_block,z_distinct_contract_sender_called,z_sender_lifetime_days,z_sender_lifetime_block,z_contract_involved_amt,z_max_breadth,z_depth,z_distinct_was_called_in_sample,z_distinct_sender_call_in_sample,z_gas,z_gas_price,z_receipt_cumulative_gas_used,z_receipt_gas_used,z_value,z_nonce,is_sus,involved_trace_ratio,contract_active_day_ratio,tx_count_per_distinct_caller,contract_block_ratio,sender_active_day_ratio,sender_tx_count_per_contract,sender_block_ratio,tx_sender_call_contract,sender_call_contract_tx_ratio,sender_tx_count_call_contract_per_days,sender_block_per_tx,contract_block_per_tx,sender_call_contract_day_ratio
1,7142,10929,21,8162,13812,22,1,10929,21,2,1,20,117714,3,21,122249,3,1.0,1.0,1,1,250000,20000000000,131435,50376,0.0,13805,-0.0725264215544584,-1.82961778947048,-1.8442792244970885,-1.4215157277491253,-0.1353176362787585,-0.1456740902396461,-0.218331293492128,-0.7635581462841877,1.4171259326895065,0.5536501506466399,0.2264033464022256,-1.9454257260419328,-1.4265430471509704,-1.4767092728119915,-0.6873532362215898,-0.3682963606198425,-0.384788928480356,1.1068939003967275,1.1817295813032147,0.7052528000436467,-0.0548545994538608,1.5745150790370896,0.1287914056267317,-0.1124976483161674,-0.3620976849055047,-0.1017857187330779,-0.0,0.5307207599327878,0,0.5,1.0,10929.0,0.060671961941978506,1.0,4604.0,0.06676482617586912,0.7912684622067767,1.0,520.4285714285714,0.590935418476687,0.6534907127825053,1.0
1,7143,10930,21,8163,13813,22,2,10930,21,2,1,20,117715,3,21,122250,3,1.0,1.0,1,1,250000,20000000000,71376,50376,0.0,13806,-0.0725264215544584,-1.8295757871609384,-1.8442553267628623,-1.4215157277491253,-0.1352909718959815,-0.145655961625771,-0.218331293492128,-0.7595381497258842,1.417336524772585,0.5536501506466399,0.2264033464022256,-1.9454257260419328,-1.4265430471509704,-1.476697816002841,-0.6873532362215898,-0.3682963606198425,-0.384786579363211,1.1068939003967275,1.1817295813032147,0.7052528000436467,-0.0548545994538608,1.5745150790370896,0.1287914056267317,-0.1124976483161674,-0.4722731971742381,-0.1017857187330779,-0.0,0.5308248845258178,0,0.5,1.0,10930.0,0.06067994155424921,1.0,4604.333333333333,0.066772459938978,0.7912835734453052,1.0,520.4761904761905,0.590965032939984,0.6535224153705398,1.0
1,7145,10934,21,8166,13818,22,3,10934,21,2,1,20,117812,3,21,122347,3,1.0,1.0,1,1,250000,20000000000,311312,80312,0.0,13811,-0.0725264215544584,-1.8294917825418555,-1.8441597358259576,-1.4215157277491253,-0.1352109787476502,-0.1455653185563957,-0.218331293492128,-0.7555181531675805,1.4181788931049004,0.5536501506466399,0.2264033464022256,-1.9454257260419328,-1.4265430471509704,-1.4755865055152406,-0.6873532362215898,-0.3682963606198425,-0.3845587150001401,1.1068939003967275,1.1817295813032147,0.7052528000436467,-0.0548545994538608,1.5745150790370896,0.1287914056267317,-0.1124976483161674,-0.0321214844965241,-0.0103010908642489,-0.0,0.5313455074909677,0,0.5,1.0,10934.0,0.06064695746649351,1.0,4606.0,0.06674404158629484,0.7912867274569402,1.0,520.6666666666666,0.5909683022145028,0.6534662520578014,1.0
1,7148,10938,21,8172,13825,22,4,10938,21,2,1,20,117875,3,21,122410,3,1.0,1.0,1,1,250000,22663466005,611218,50376,0.0,13818,-0.0725264215544584,-1.829365775613231,-1.844064144889053,-1.4215157277491253,-0.1350509924509877,-0.1454384182592703,-0.218331293492128,-0.751498156609277,1.4190212614372155,0.5536501506466399,0.2264033464022256,-1.9454257260419328,-1.4265430471509704,-1.474864726538758,-0.6873532362215898,-0.3682963606198425,-0.3844107206200013,1.1068939003967275,1.1817295813032147,0.7052528000436467,-0.0548545994538608,1.5745150790370896,0.1287914056267317,0.203838543285611,0.5180424739854146,-0.1017857187330779,-0.0,0.5320743796421776,0,0.5,1.0,10938.0,0.06063999457056568,1.0,4608.333333333333,0.06675870632541193,0.7911754068716094,1.0,520.8571428571429,0.5911030741410488,0.6535015542146645,1.0
1,7149,10939,21,8173,13826,22,5,10939,21,2,1,20,117878,3,21,122413,3,1.0,1.0,1,1,250000,21974345424,134376,50376,0.0,13819,-0.0725264215544584,-1.8293237733036896,-1.844040247154827,-1.4215157277491253,-0.1350243280682106,-0.1454202896453953,-0.218331293492128,-0.7474781600509733,1.4192318535202944,0.5536501506466399,0.2264033464022256,-1.9454257260419328,-1.4265430471509704,-1.4748303561113063,-0.6873532362215898,-0.3682963606198425,-0.3844036732685661,1.1068939003967275,1.1817295813032147,0.7052528000436467,-0.0548545994538608,1.5745150790370896,0.1287914056267317,0.1219926403385805,-0.3567025537580939,-0.1017857187330779,-0.0,0.5321785042352075,0,0.5,1.0,10939.0,0.060646934568498206,1.0,4608.666666666667,0.06676523927001814,0.7911905106321423,1.0,520.9047619047619,0.5911326486330103,0.6535332297284944,1.0
2,7152,10942,21,8176,13829,22,6,10942,21,4,1,20,117905,3,21,122440,4,2.0,2.0,1,1,250000,20000000000,25709,25709,0.0,13822,1.5391718352112875,-1.8291977663750647,-1.8439685539521484,-1.4215157277491253,-0.1349443349198793,-0.1453659038037701,-0.218331293492128,-0.7434581634926697,1.4198636297695306,0.5536501506466399,0.9760833013764828,-1.9454257260419328,-1.4265430471509704,-1.4745210222642424,-0.6873532362215898,-0.3682963606198425,-0.3843402471056495,2.6357528788452464,2.8072173134947067,1.6874990396587537,-0.0548545994538608,1.5745150790370896,0.1287914056267317,-0.1124976483161674,-0.5560472380136835,-0.1771682453111246,-0.0,0.5324908780142975,0,0.5,1.0,10942.0,0.060658490662052825,1.0,4609.666666666667,0.06677501817201754,0.7912358088075783,1.0,521.047619047619,0.5912213464458747,0.6536282215317126,1.0
1,63201,109941,49,5043,6407,137,1,640,34,1,32162,48,289251,701,136,777223,2,0.0,0.0,1,0,100000,20000000000,116684,47778,0.0,2101,-0.0725264215544584,0.5249896811132246,0.5218832367024202,0.552811671902438,-0.2184838461604866,-0.2799164759844346,1.2817343506466412,1.7408997095389616,-0.7496560101079974,1.56127327236109,-0.1484366310849028,0.5182972698909505,0.5183956157611965,0.488557398440504,-0.5161660760348111,1.07104576781358,1.1538217244881344,-0.4219650780517908,-0.4437581508882774,-0.2769934395714601,-0.0548545994538608,-0.4890695592815074,-0.2406928791218645,-0.1124976483161674,-0.389157725556799,-0.1097252251201442,-0.0,-0.687953476890159,0,1.0,1.0,3.418350848827809,0.21849805705751385,1.0,9.139800285306706,0.0064884769384373105,0.09989074449820509,0.005821304154046261,18.823529411764707,0.7871078507882004,0.574862880999809,0.6938775510204082
1,63201,109941,49,5043,6407,137,2,640,34,1,32162,48,289251,701,136,777223,2,0.0,0.0,1,0,100000,20000000000,47906,47906,0.0,2100,-0.0725264215544584,0.5249896811132246,0.5218832367024202,0.552811671902438,-0.2184838461604866,-0.2799164759844346,1.2817343506466412,1.736879712980658,-0.7496560101079974,1.56127327236109,-0.1484366310849028,0.5182972698909505,0.5183956157611965,0.488557398440504,-0.5161660760348111,1.07104576781358,1.1538217244881344,-0.4219650780517908,-0.4437581508882774,-0.2769934395714601,-0.0548545994538608,-0.4890695592815074,-0.2406928791218645,-0.1124976483161674,-0.5153278479833954,-0.109334056214238,-0.0,-0.688057601483189,0,1.0,1.0,3.418350848827809,0.21849805705751385,1.0,9.139800285306706,0.0064884769384373105,0.09989074449820509,0.005821304154046261,18.823529411764707,0.7871078507882004,0.574862880999809,0.6938775510204082
1,63202,109942,49,3,3,1,3,2,1,1,32162,48,289260,1,0,11,2,0.0,0.0,1,0,100000,21000000000,56361,56361,0.0,1,-0.0725264215544584,0.5250316834227661,0.5219071344366464,0.552811671902438,-0.3528723353569948,-0.3960121192402921,-0.4922563241609467,1.7449197060972652,-0.8840137591122552,-0.9965392673755912,-0.1484366310849028,0.5182972698909505,0.5183956157611965,0.4886605097228587,-0.6878437438439015,-0.6311327492902935,-0.6719403100581932,-0.4219650780517908,-0.4437581508882774,-0.2769934395714601,-0.0548545994538608,-0.4890695592815074,-0.2406928791218645,0.0062709753523664,-0.4998175338550858,-0.0834955163748824,-0.0,-0.9066151222531278,0,1.0,1.0,3.4183819414215533,0.21849471584485983,1.0,3.0,0.25,0.6666666666666666,1.8191410016190354e-05,2.0,1.0,0.5748667479216314,0.02040816326530612
1,63203,109943,49,10,10,4,4,4,3,1,32162,48,289267,2,43,258445,2,0.0,0.0,1,0,162842,20000000000,47842,47842,0.0,5,-0.0725264215544584,0.5250736857323075,0.5219310321708726,0.552811671902438,-0.3526856846775553,-0.3958852189431668,-0.453124176922544,1.7489397026555689,-0.8835925749460977,-0.8415203255733681,-0.1484366310849028,0.5182972698909505,0.5183956157611965,0.4887407073869123,-0.6875984900327456,-0.0929439534412747,-0.0648485697917722,-0.4219650780517908,-0.4437581508882774,-0.2769934395714601,-0.0548545994538608,-0.4890695592815074,-0.0858986696407225,-0.1124976483161674,-0.5154452530814688,-0.1095296406671911,-0.0,-0.906198623881008,0,1.0,1.0,3.4184130340152974,0.218492885490272,0.09090909090909091,5.0,3.869280236490408e-05,0.4,3.6382489107992326e-05,1.3333333333333333,1.0,0.5748706147731097,0.061224489795918366
1,63204,109944,49,6296,18679,22,5,9295,21,1,32162,48,289273,8817,20,120612,2,0.0,0.0,1,0,47842,20000000000,91102,47842,0.0,18674,-0.0725264215544584,0.5251156880418489,0.5219549299050987,0.552811671902438,-0.1850733745407991,-0.0574421265097493,-0.218331293492128,1.7529596992138723,1.07301846893879,0.5536501506466399,-0.1484366310849028,0.5182972698909505,0.5183956157611965,0.4888094482418154,1.474313855306014,-0.3808123791279592,-0.3886344332468191,-0.4219650780517908,-0.4437581508882774,-0.2769934395714601,-0.0548545994538608,-0.4890695592815074,-0.3691699546146464,-0.1124976483161674,-0.4360867446023831,-0.1095296406671911,-0.0,1.0377034033957857,0,1.0,1.0,3.4184441266090415,0.21849181053257466,1.0476190476190477,2.118521038902121,0.05220001160737234,0.49761764548423365,0.08454304009313833,442.6190476190476,0.3370630119385406,0.5748744815542458,0.42857142857142855
1,63205,109945,49,153069,226266,312,6,9943,49,1,32162,48,289280,10332,312,1656453,2,0.0,0.0,1,0,227714,20000000000,98714,77714,0.0,30938,-0.0725264215544584,0.5251576903513904,0.5219788276393248,0.552811671902438,3.728538078800294,3.7058224419714674,3.564442939553464,1.756979695772176,1.2094821387738357,2.7239153358777632,-0.1484366310849028,0.5182972698909505,0.5183956157611965,0.4888896459058691,1.8458733792071167,3.273865025242122,3.219235991939186,-0.4219650780517908,-0.4437581508882774,-0.2769934395714601,-0.0548545994538608,-0.4890695592815074,0.0738958938273503,-0.1124976483161674,-0.4221228757502611,-0.0182405972513152,-0.0,2.314687412315524,0,1.0,1.0,3.418475219202786,0.21848998033054365,0.9968051118210862,21.899535423925666,0.09240763703670613,0.04394385369432438,0.09043612715448633,202.91836734693877,0.6765002253984249,0.5748783482650416,1.0
1,63206,109946,49,5044,6408,137,7,641,34,1,32162,48,289281,701,136,777253,2,0.0,0.0,1,0,100000,20000000000,127303,47906,0.0,2102,-0.0725264215544584,0.5251996926609318,0.522002725373551,0.552811671902438,-0.2184571817777095,-0.2798983473705595,1.2817343506466412,1.7609996923304796,-0.7494454180249187,1.56127327236109,-0.1484366310849028,0.5182972698909505,0.5183956157611965,0.4889011027150196,-0.5161660760348111,1.07104576781358,1.153892198002486,-0.4219650780517908,-0.4437581508882774,-0.2769934395714601,-0.0548545994538608,-0.4890695592815074,-0.2406928791218645,-0.1124976483161674,-0.3696776515498778,-0.109334056214238,-0.0,-0.687849352297129,0,1.0,1.0,3.41850631179653,0.2184926818813476,1.0,9.141226818830242,0.006489513080666037,0.10003121098626716,0.005830134793444054,18.852941176470587,0.7871410736579276,0.5748822149054991,0.6938775510204082
1,63207,109948,49,6297,18680,22,8,9296,21,1,32162,48,289284,8817,20,120623,2,0.0,0.0,1,0,54090,20000000000,223659,27045,0.0,18675,-0.0725264215544584,0.5252416949704732,0.5220505208420033,0.552811671902438,-0.185046710158022,-0.0574239978958742,-0.218331293492128,1.769039685447087,1.0732290610218689,0.5536501506466399,-0.1484366310849028,0.5182972698909505,0.5183956157611965,0.4889354731424711,1.474313855306014,-0.3808123791279592,-0.3886085929582235,-0.4219650780517908,-0.4437581508882774,-0.2769934395714601,-0.0548545994538608,-0.4890695592815074,-0.3537797025405849,-0.1124976483161674,-0.1929169385815287,-0.1730854198557279,-0.0,1.0378075279888157,0,1.0,1.0,3.4185684969840184,0.21849387282437735,1.0476190476190477,2.1186344561642283,0.052203541583764425,0.497644539614561,0.0845490595554262,442.6666666666667,0.3370985010706638,0.5748808527667625,0.42857142857142855
1,63207,109948,49,153070,226267,312,9,9944,49,1,32162,48,289284,10332,312,1656457,2,0.0,0.0,1,0,197714,20000000000,133614,47714,0.0,30939,-0.0725264215544584,0.5252416949704732,0.5220505208420033,0.552811671902438,3.728564743183071,3.7058405705853423,3.564442939553464,1.7650196888887832,1.2096927308569143,2.7239153358777632,-0.1484366310849028,0.5182972698909505,0.5183956157611965,0.4889354731424711,1.8458733792071167,3.273865025242122,3.219245388407767,-0.4219650780517908,-0.4437581508882774,-0.2769934395714601,-0.0548545994538608,-0.4890695592815074,-9.631223689193702e-07,-0.1124976483161674,-0.358100408207032,-0.1099208095730974,-0.0,2.314791536908554,0,1.0,1.0,3.4185684969840184,0.21849387282437735,0.9968051118210862,21.89963221060782,0.09240801758933821,0.043948079039365,0.09044275475679413,202.9387755102041,0.6765016551242559,0.5748808527667625,1.0
1,63208,109949,49,6299,18682,22,10,9297,21,1,32162,48,289309,8818,20,120648,2,0.0,0.0,1,0,47842,20000000000,110842,47842,0.0,18677,-0.0725264215544584,0.5252836972800147,0.5220744185762295,0.552811671902438,-0.1849933813924678,-0.0573877406681241,-0.218331293492128,1.7730596820053903,1.0734396531049477,0.5536501506466399,-0.1484366310849028,0.5182972698909505,0.5183956157611965,0.4892218933712341,1.4745591091171697,-0.3808123791279592,-0.388549865029597,-0.4219650780517908,-0.4437581508882774,-0.2769934395714601,-0.0548545994538608,-0.4890695592815074,-0.3691699546146464,-0.1124976483161674,-0.3998746096653247,-0.1095296406671911,-0.0,1.0380157771748757,0,1.0,1.0,3.4185995895777626,0.21847844872282327,1.0476190476190477,2.118621002494897,0.05220930136180159,0.4976447917781822,0.08455738569700498,442.7142857142857,0.3371694679370517,0.5748847192789385,0.42857142857142855
1,63209,109950,49,6300,18683,22,11,9298,21,1,32162,48,289310,8818,20,120649,2,0.0,0.0,1,0,47778,20000000000,68778,47778,0.0,18678,-0.0725264215544584,0.5253256995895561,0.5220983163104556,0.552811671902438,-0.1849667170096907,-0.057369612054249,-0.218331293492128,1.777079678563694,1.0736502451880263,0.5536501506466399,-0.1484366310849028,0.5182972698909505,0.5183956157611965,0.4892333501803846,1.4745591091171697,-0.3808123791279592,-0.3885475159124519,-0.4219650780517908,-0.4437581508882774,-0.2769934395714601,-0.0548545994538608,-0.4890695592815074,-0.3693276012428058,-0.1124976483161674,-0.477039110374161,-0.1097252251201442,-0.0,1.0381199017679057,0,1.0,1.0,3.4186306821715067,0.21848115004268762,1.0476190476190477,2.1187344068949874,0.052217157065893076,0.49767168013702295,0.08456571168713051,442.76190476190476,0.3372049456725365,0.5748885857207822,0.42857142857142855
1,63210,109951,49,8,12,6,12,4,3,1,32162,48,289315,1,46,275673,2,0.0,0.0,1,0,138214,18182000000,775754,38214,0.0,3,-0.0725264215544584,0.5253677018990975,0.5221222140446817,0.552811671902438,-0.3527390134431094,-0.3958489617154166,-0.4270360787636089,1.7810996751219976,-0.8835925749460977,-0.8415203255733681,-0.1484366310849028,0.5182972698909505,0.5183956157611965,0.4892906342261372,-0.6878437438439015,-0.0553958979169246,-0.0243779796166795,-0.4219650780517908,-0.4437581508882774,-0.2769934395714601,-0.0548545994538608,-0.4890695592815074,-0.1465630627393121,-0.328419006145562,0.8198763054952353,-0.1389528768083284,-0.0,-0.9064068730670678,0,1.0,1.0,3.418661774765251,0.21848083064884072,0.1276595744680851,12.0,2.901978423790419e-05,0.3333333333333333,3.637984192958682e-05,1.3333333333333333,0.6666666666666666,0.5748924520922957,0.061224489795918366
1,63211,109952,49,5045,6409,137,13,642,34,1,32162,48,289321,701,136,777293,2,0.0,0.0,1,0,100000,20000000000,77778,77778,0.0,2103,-0.0725264215544584,0.525409704208639,0.5221461117789079,0.552811671902438,-0.2184305173949324,-0.2798802187566844,1.2817343506466412,1.7851196716803013,-0.7492348259418399,1.56127327236109,-0.1484366310849028,0.5182972698909505,0.5183956157611965,0.4893593750810403,-0.5161660760348111,1.07104576781358,1.1539861626882884,-0.4219650780517908,-0.4437581508882774,-0.2769934395714601,-0.0548545994538608,-0.4890695592815074,-0.2406928791218645,-0.1124976483161674,-0.460529018457569,-0.0180450127983621,-0.0,-0.687745227704099,0,1.0,1.0,3.418692867358995,0.21847975611947934,1.0,9.142653352353781,0.006490465641057309,0.10017163364019348,0.005838911525029104,18.88235294117647,0.7871742861600873,0.5748963183934808,0.6938775510204082
1,63212,109953,49,4,4,2,14,3,1,1,32162,48,289331,1,0,627,2,0.0,0.0,1,0,150000,21000000000,98778,77778,0.0,2,-0.0725264215544584,0.5254517065181804,0.5221700095131341,0.552811671902438,-0.3528456709742178,-0.3959939906264171,-0.4792122750814792,1.789139668238605,-0.8838031670291764,-0.9965392673755912,-0.1484366310849028,0.5182972698909505,0.5183956157611965,0.4894739431725455,-0.6878437438439015,-0.6311327492902935,-0.6704932538968362,-0.4219650780517908,-0.4437581508882774,-0.2769934395714601,-0.0548545994538608,-0.4890695592815074,-0.1175314508723324,0.0062709753523664,-0.4220054706521876,-0.0180450127983621,-0.0,-0.9065109976600978,0,1.0,1.0,3.4187239599527395,0.2184756611781621,2.0,4.0,0.006369426751592357,0.75,2.7284385146380725e-05,3.0,1.0,0.5749001846243394,0.02040816326530612
1,63213,109954,49,2,2,1,15,1,1,1,32163,48,289333,1,0,0,2,0.0,0.0,1,0,91216,20000000000,66608,45608,0.0,0,-0.0725264215544584,0.5254937088277218,0.5221939072473601,0.552811671902438,-0.3528989997397719,-0.3960302478541672,-0.4922563241609467,1.7931596647969086,-0.8842243511953339,-0.9965392673755912,-0.1484366310849028,0.518373875811038,0.5183956157611965,0.4894968567908465,-0.6878437438439015,-0.6311327492902935,-0.6719661503467889,-0.4219650780517908,-0.4437581508882774,-0.2769934395714601,-0.0548545994538608,-0.4890695592815074,-0.2623298788367423,-0.1124976483161674,-0.4810198769807171,-0.1163567604780865,-0.0,-0.9067192468461578,0,1.0,1.0,3.4186487578895,0.21847760719445347,1.0,2.0,2.0,0.5,9.094712334248868e-06,1.0,1.0,0.5749040507848737,0.02040816326530612
1,63214,109955,49,6301,18684,22,16,9299,21,1,32163,48,289342,8818,20,120681,2,0.0,0.0,1,0,54154,20000000000,90077,27077,0.0,18679,-0.0725264215544584,0.5255357111372634,0.5222178049815863,0.552811671902438,-0.1849400526269137,-0.057351483440374,-0.218331293492128,1.797179661355212,1.0738608372711052,0.5536501506466399,-0.1484366310849028,0.518373875811038,0.5183956157611965,0.4895999680732012,1.4745591091171697,-0.3808123791279592,-0.38847234416381,-0.4219650780517908,-0.4437581508882774,-0.2769934395714601,-0.0548545994538608,-0.4890695592815074,-0.3536220559124254,-0.1124976483161674,-0.4379670606262172,-0.1729876276292513,-0.0,1.0382240263609357,0,1.0,1.0,3.418679849516525,0.21847426756479335,1.0476190476190477,2.1188478112950784,0.05221159742132215,0.49769856561764075,0.08457096084761948,442.8095238095238,0.33724041961036183,0.5749079168750852,0.42857142857142855
1,63215,109956,49,5047,6413,137,17,643,34,1,32163,48,289353,701,136,777325,2,0.0,0.0,1,0,100000,20000000000,47906,47906,0.0,2104,-0.0725264215544584,0.5255777134468048,0.5222417027158125,0.552811671902438,-0.2183771886293782,-0.2798077043011842,1.2817343506466412,1.8011996579135157,-0.7490242338587612,1.56127327236109,-0.1484366310849028,0.518373875811038,0.5183956157611965,0.4897259929738569,-0.5161660760348111,1.07104576781358,1.1540613344369304,-0.4219650780517908,-0.4437581508882774,-0.2769934395714601,-0.0548545994538608,-0.4890695592815074,-0.2406928791218645,-0.1124976483161674,-0.5153278479833954,-0.109334056214238,-0.0,-0.687641103111069,0,1.0,1.0,3.41871094114355,0.21846941808304016,1.0,9.148359486447932,0.00649277137262873,0.10026508654295961,0.0058477936629197135,18.91176470588235,0.7869951660689225,0.5749117828949761,0.6938775510204082
1,63216,109957,49,6302,18685,22,18,9300,21,1,32163,48,289360,8818,20,120699,2,0.0,0.0,1,0,62778,20000000000,169201,62778,0.0,18680,-0.0725264215544584,0.5256197157563463,0.5222656004500387,0.552811671902438,-0.1849133882441366,-0.0573333548264989,-0.218331293492128,1.8052196544718195,1.074071429354184,0.5536501506466399,-0.1484366310849028,0.518373875811038,0.5183956157611965,0.4898061906379105,1.4745591091171697,-0.3808123791279592,-0.3884300600551989,-0.4219650780517908,-0.4437581508882774,-0.2769934395714601,-0.0548545994538608,-0.4890695592815074,-0.3323791727679462,-0.1124976483161674,-0.2928176703141697,-0.0638851189592532,-0.0,1.0383281509539657,0,1.0,1.0,3.418742032770575,0.21846758892870843,1.0476190476190477,2.118961215695169,0.05221209610604805,0.49772544822049775,0.08457851705666761,442.85714285714283,0.33727588975113726,0.5749156488445484,0.42857142857142855
1,63217,109958,49,147,155,22,19,138,20,1,32163,48,289363,2,22,130157,2,0.0,0.0,1,0,90000,20000000000,125778,62778,0.0,152,-0.0725264215544584,0.5256617180658877,0.5222894981842647,0.552811671902438,-0.3490326642370946,-0.3932565699312837,-0.218331293492128,1.809239651030123,-0.855373235813542,0.4761406797455283,-0.1484366310849028,0.518373875811038,0.5183956157611965,0.4898405610653621,-0.6875984900327456,-0.3557803421117257,-0.366212110097222,-0.4219650780517908,-0.4437581508882774,-0.2769934395714601,-0.0548545994538608,-0.4890695592815074,-0.2653251647717709,-0.1124976483161674,-0.3724751949024115,-0.0638851189592532,-0.0,-0.8908923087056001,0,1.0,1.0,3.4187731243975996,0.2184687798067486,0.9565217391304348,77.5,0.0011293965795417876,0.8903225806451613,0.0012550246457738409,6.9,0.9483870967741935,0.5749195147238036,0.40816326530612246
1,63218,109959,49,6303,18686,22,20,9301,21,1,32163,48,289376,8818,20,120715,2,0.0,0.0,1,0,47842,20000000000,112265,47842,0.0,18681,-0.0725264215544584,0.5257037203754291,0.5223133959184909,0.552811671902438,-0.1848867238613595,-0.0573152262126239,-0.218331293492128,1.8132596475884264,1.0742820214372628,0.5536501506466399,-0.1484366310849028,0.518373875811038,0.5183956157611965,0.4899894995843188,1.4745591091171697,-0.3808123791279592,-0.3883924741808779,-0.4219650780517908,-0.4437581508882774,-0.2769934395714601,-0.0548545994538608,-0.4890695592815074,-0.3691699546146464,-0.1124976483161674,-0.3972641806878457,-0.1095296406671911,-0.0,1.0384322755469957,0,1.0,1.0,3.4188042160246246,0.21846242099406657,1.0476190476190477,2.1190746200952595,0.05221345969051327,0.4977523279460559,0.08458607299084205,442.9047619047619,0.3373113560954725,0.574923380532744,0.42857142857142855
1,63219,109960,49,3,3,2,21,2,2,1,32163,48,289389,1,9,50499,2,0.0,0.0,1,0,150000,21000000000,41575,41575,0.0,1,-0.0725264215544584,0.5257457226849706,0.5223372936527171,0.552811671902438,-0.3528723353569948,-0.3960121192402921,-0.4792122750814792,1.8172796441467305,-0.8840137591122552,-0.9190297964744796,-0.1484366310849028,0.518373875811038,0.5183956157611965,0.4901384381032755,-0.6878437438439015,-0.5184885827172431,-0.5533380836384069,-0.4219650780517908,-0.4437581508882774,-0.2769934395714601,-0.0548545994538608,-0.4890695592815074,-0.1175314508723324,0.0062709753523664,-0.5269417804193891,-0.1286816370212114,-0.0,-0.9066151222531278,0,1.0,1.0,3.4188353076516496,0.2184560627526867,0.2,3.0,5.9405940594059404e-05,0.6666666666666666,1.8188432157148055e-05,1.0,1.0,0.5749272462713714,0.04081632653061224
1,63220,109961,49,10,11,4,22,3,2,1,32163,48,289393,3,2,11814,2,0.0,0.0,1,0,4000000,20000000000,32906,32906,0.0,6,-0.0725264215544584,0.525787724994512,0.5223611913869433,0.552811671902438,-0.3526856846775553,-0.3958670903292917,-0.453124176922544,1.8212996407050337,-0.8838031670291764,-0.9190297964744796,-0.1484366310849028,0.518373875811038,0.5183956157611965,0.4901842653398776,-0.6873532362215898,-0.60610071227406,-0.6442136803950507,-0.4219650780517908,-0.4437581508882774,-0.2769934395714601,-0.0548545994538608,-0.4890695592815074,9.36589852434164,-0.1124976483161674,-0.542844667844382,-0.155174162375129,-0.0,-0.906094499287978,0,1.0,1.0,3.418866399278674,0.2184564987525657,1.3333333333333333,3.6666666666666665,0.0008463817181548879,0.2727272727272727,2.7282400123680215e-05,1.5,0.9090909090909091,0.5749311119396877,0.04081632653061224
1,63221,109962,49,27,27,16,23,3,2,1,32163,48,289404,2,46,272123,2,0.0,0.0,1,0,100000,21000000000,91925,70925,0.0,12,-0.0725264215544584,0.5258297273040534,0.5223850891211694,0.552811671902438,-0.3522323901703448,-0.3955770325072908,-0.2965955879689333,1.825319637263337,-0.8838031670291764,-0.9190297964744796,-0.1484366310849028,0.518373875811038,0.5183956157611965,0.4903102902405333,-0.6875984900327456,-0.0553958979169246,-0.0327173454816423,-0.4219650780517908,-0.4437581508882774,-0.2769934395714601,-0.0548545994538608,-0.4890695592815074,-0.2406928791218645,0.0062709753523664,-0.4345769884193437,-0.0389878292997345,-0.0,-0.905469751729798,0,1.0,1.0,3.418897490905699,0.2184516508007809,0.3404255319148936,13.5,9.921947347532743e-05,0.1111111111111111,2.7282152016151034e-05,1.5,1.0,0.5749349775376948,0.04081632653061224
1,63222,109963,49,28,28,16,24,4,2,1,32163,48,289408,2,46,272127,2,0.0,0.0,1,0,100000,23000000000,51249,51249,0.0,13,-0.0725264215544584,0.5258717296135949,0.5224089868553955,0.552811671902438,-0.3522057257875677,-0.3955589038934158,-0.2965955879689333,1.829339633821641,-0.8835925749460977,-0.9190297964744796,-0.1484366310849028,0.518373875811038,0.5183956157611965,0.4903561174771354,-0.6875984900327456,-0.0553958979169246,-0.032707949013062,-0.4219650780517908,-0.4437581508882774,-0.2769934395714601,-0.0548545994538608,-0.4890695592815074,-0.2406928791218645,0.2438082226894342,-0.5091952660637101,-0.099117824554514,-0.0,-0.905365627136768,0,1.0,1.0,3.418928582532724,0.21845208683904094,0.3404255319148936,14.0,0.00010289275634995297,0.14285714285714285,3.6375871884179224e-05,2.0,1.0,0.5749388430653948,0.04081632653061224
1,63223,109964,49,153084,226282,312,25,9945,49,1,32163,48,289413,10332,312,1656586,2,0.0,0.0,1,0,227842,23132739293,350842,77842,0.0,30941,-0.0725264215544584,0.5259137319231363,0.5224328845896217,0.552811671902438,3.7289380445419504,3.706112499793469,3.564442939553464,1.8333596303799449,1.2099033229399931,2.7239153358777632,-0.1484366310849028,0.518373875811038,0.5183956157611965,0.490413401522888,1.8458733792071167,3.273865025242122,3.21954842451948,-0.4219650780517908,-0.4437581508882774,-0.2769934395714601,-0.0548545994538608,-0.4890695592815074,0.0742111870836691,0.2595734858257785,0.0403945081104628,-0.017849428345409,-0.0,2.314999786094614,0,1.0,1.0,3.418959674159749,0.21845176805544997,0.9968051118210862,21.90108401084011,0.09240927280004008,0.043949585031067426,0.09043868902549926,202.9591836734694,0.6765186802308624,0.5749427085227893,1.0
1,63224,109965,49,5048,6414,137,26,644,34,1,32163,48,289415,701,136,777387,2,0.0,0.0,1,0,100000,22865880279,90788,47778,0.0,2105,-0.0725264215544584,0.5259557342326777,0.5224567823238478,0.552811671902438,-0.2183505242466011,-0.2797895756873092,1.2817343506466412,1.8373796269382483,-0.7488136417756823,1.56127327236109,-0.1484366310849028,0.518373875811038,0.5183956157611965,0.490436315141189,-0.5161660760348111,1.07104576781358,1.154206979699924,-0.4219650780517908,-0.4437581508882774,-0.2769934395714601,-0.0548545994538608,-0.4890695592815074,-0.2406928791218645,0.2278790080194564,-0.4366627633648065,-0.1097252251201442,-0.0,-0.687536978518039,0,1.0,1.0,3.4189907657867735,0.21845371368549077,1.0,9.149786019971469,0.006493539905426891,0.10040536326785157,0.0058564088573637065,18.941176470588236,0.7870283754287496,0.5749465739098805,0.6938775510204082
1,63225,109966,49,2,2,1,27,1,1,1,32164,48,289436,1,0,0,2,0.0,0.0,1,0,91216,20000000000,650421,45608,0.0,0,-0.0725264215544584,0.5259977365422192,0.522480680058074,0.552811671902438,-0.3528989997397719,-0.3960302478541672,-0.4922563241609467,1.841399623496552,-0.8842243511953339,-0.9965392673755912,-0.1484366310849028,0.5184504817311255,0.5183956157611965,0.4906769081333499,-0.6878437438439015,-0.6311327492902935,-0.6719661503467889,-0.4219650780517908,-0.4437581508882774,-0.2769934395714601,-0.0548545994538608,-0.4890695592815074,-0.2623298788367423,-0.1124976483161674,0.5899585999194321,-0.1163567604780865,-0.0,-0.9067192468461578,0,1.0,1.0,3.418915557766447,0.21844131883622342,1.0,2.0,2.0,0.5,9.093719877052907e-06,1.0,1.0,0.5749504392266701,0.02040816326530612
1,63226,109967,49,6305,18688,22,28,9302,21,1,32164,48,289439,8819,20,120778,2,0.0,0.0,1,0,47842,20000000000,656842,47842,0.0,18683,-0.0725264215544584,0.5260397388517606,0.5225045777923001,0.552811671902438,-0.1848333950958053,-0.0572789689848738,-0.218331293492128,1.845419620054856,1.0744926135203414,0.5536501506466399,-0.1484366310849028,0.5184504817311255,0.5183956157611965,0.4907112785608015,1.4748043629283256,-0.3808123791279592,-0.3882444798007392,-0.4219650780517908,-0.4437581508882774,-0.2769934395714601,-0.0548545994538608,-0.4890695592815074,-0.3691699546146464,-0.1124976483161674,0.6017376332745918,-0.1095296406671911,-0.0,1.0386405247330557,0,1.0,1.0,3.4189466484268127,0.21844250967385295,1.0476190476190477,2.119061118040594,0.05220278359648614,0.4977525684931507,0.08458901306755663,442.95238095238096,0.3373822773972603,0.5749543044731601,0.42857142857142855
1,63227,109970,49,153091,226293,312,29,9947,49,1,32164,48,289441,10332,312,1656614,2,0.0,0.0,1,0,227650,20000000000,596585,77650,0.0,30944,-0.0725264215544584,0.5260817411613021,0.5225762709949786,0.552811671902438,3.72912469522139,3.706311914546094,3.564442939553464,1.853459613171463,1.2103245071061506,2.7239153358777632,-0.1484366310849028,0.5184504817311255,0.5183956157611965,0.4907341921791025,1.8458733792071167,3.273865025242122,3.2196141997995413,-0.4219650780517908,-0.4437581508882774,-0.2769934395714601,-0.0548545994538608,-0.4890695592815074,0.0737382471991909,-0.1124976483161674,0.4911988989836934,-0.0184361817042684,-0.0,2.315312159873704,0,1.0,1.0,3.4190399204079096,0.2184444551930957,0.9968051118210862,21.902148664343787,0.09241193638835819,0.04395628676096919,0.09045194143857416,203.0,0.6765167283124092,0.5749477130126398,1.0
1,63227,109970,49,153091,226293,312,30,9947,49,1,32164,48,289441,10332,312,1656614,2,0.0,0.0,1,0,227714,20000000000,497935,77714,0.0,30943,-0.0725264215544584,0.5260817411613021,0.5225762709949786,0.552811671902438,3.72912469522139,3.706311914546094,3.564442939553464,1.849439616613159,1.2103245071061506,2.7239153358777632,-0.1484366310849028,0.5184504817311255,0.5183956157611965,0.4907341921791025,1.8458733792071167,3.273865025242122,3.2196141997995413,-0.4219650780517908,-0.4437581508882774,-0.2769934395714601,-0.0548545994538608,-0.4890695592815074,0.0738958938273503,-0.1124976483161674,0.3102299470312707,-0.0182405972513152,-0.0,2.315208035280674,0,1.0,1.0,3.4190399204079096,0.2184444551930957,0.9968051118210862,21.902148664343787,0.09241193638835819,0.04395628676096919,0.09045194143857416,203.0,0.6765167283124092,0.5749477130126398,1.0
1,63227,109970,49,7,7,3,31,2,2,1,32164,48,289441,4,2,7627,2,0.0,0.0,1,0,150000,21000000000,98714,77714,0.0,4,-0.0725264215544584,0.5260817411613021,0.5225762709949786,0.552811671902438,-0.3527656778258865,-0.3959396047847919,-0.4661682260020116,1.8574796097297663,-0.8840137591122552,-0.9190297964744796,-0.1484366310849028,0.5184504817311255,0.5183956157611965,0.4907341921791025,-0.6871079824104339,-0.60610071227406,-0.6540494338814167,-0.4219650780517908,-0.4437581508882774,-0.2769934395714601,-0.0548545994538608,-0.4890695592815074,-0.1175314508723324,0.0062709753523664,-0.4221228757502611,-0.0182405972513152,-0.0,-0.906302748474038,0,1.0,1.0,3.4190399204079096,0.2184444551930957,1.0,1.75,0.0009176717357105401,0.2857142857142857,1.81867782122397e-05,1.0,1.0,0.5749477130126398,0.04081632653061224
1,63228,109971,49,6306,18689,22,32,9303,21,1,32164,48,289451,8819,20,120790,2,0.0,0.0,1,0,54090,20000000000,27045,27045,0.0,18684,-0.0725264215544584,0.5261237434708436,0.5226001687292047,0.552811671902438,-0.1848067307130282,-0.0572608403709987,-0.218331293492128,1.86149960628807,1.0747032056034205,0.5536501506466399,-0.1484366310849028,0.5184504817311255,0.5183956157611965,0.4908487602706077,1.4748043629283256,-0.3808123791279592,-0.3882162903949985,-0.4219650780517908,-0.4437581508882774,-0.2769934395714601,-0.0548545994538608,-0.4890695592815074,-0.3537797025405849,-0.1124976483161674,-0.5535964065913983,-0.1730854198557279,-0.0,1.0387446493260857,0,1.0,1.0,3.419071011068275,0.21844036316902285,1.0476190476190477,2.119174509581585,0.05220587626561581,0.4977794424527797,0.08459502959871239,443.0,0.3374177323559313,0.5749515781433286,0.42857142857142855
1,63229,109973,49,6307,18691,22,33,9305,21,1,32164,48,289469,8819,20,120808,2,0.0,0.0,1,0,77778,20000000000,389915,77778,0.0,18685,-0.0725264215544584,0.526165745780385,0.522647964197657,0.552811671902438,-0.1847800663302512,-0.0572245831432486,-0.218331293492128,1.8655196028463727,1.075124389769578,0.5536501506466399,-0.1484366310849028,0.5184504817311255,0.5183956157611965,0.491054982835317,1.4748043629283256,-0.3808123791279592,-0.3881740062863874,-0.4219650780517908,-0.4437581508882774,-0.2769934395714601,-0.0548545994538608,-0.4890695592815074,-0.2954307442930866,-0.1124976483161674,0.1120721549390184,-0.0180450127983621,-0.0,1.0388487739191157,0,1.0,1.0,3.4191331923890065,0.21843023456662175,1.0476190476190477,2.1194012926635675,0.052206375352829675,0.49783318174522495,0.08461167741172833,443.0952380952381,0.33743512920657,0.5749502150527857,0.42857142857142855
1,63229,109973,49,6307,18691,22,34,9305,21,1,32164,48,289469,8819,20,120808,2,0.0,0.0,1,0,77906,20000000000,488821,77906,0.0,18686,-0.0725264215544584,0.526165745780385,0.522647964197657,0.552811671902438,-0.1847800663302512,-0.0572245831432486,-0.218331293492128,1.869539599404677,1.075124389769578,0.5536501506466399,-0.1484366310849028,0.5184504817311255,0.5183956157611965,0.491054982835317,1.4748043629283256,-0.3808123791279592,-0.3881740062863874,-0.4219650780517908,-0.4437581508882774,-0.2769934395714601,-0.0548545994538608,-0.4890695592815074,-0.2951154510367677,-0.1124976483161674,0.2935107272837352,-0.0176538438924558,-0.0,1.0389528985121457,0,1.0,1.0,3.4191331923890065,0.21843023456662175,1.0476190476190477,2.1194012926635675,0.052206375352829675,0.49783318174522495,0.08461167741172833,443.0952380952381,0.33743512920657,0.5749502150527857,0.42857142857142855
1,63230,109974,49,38,39,23,35,5,3,1,32164,48,289479,13,301,1597859,2,0.0,0.0,1,0,90000,20000000000,104650,62650,0.0,32,-0.0725264215544584,0.5262077480899264,0.5226718619318832,0.552811671902438,-0.3519390819597969,-0.3953594891407901,-0.2052872444126604,1.8735595959629807,-0.8833819828630188,-0.8415203255733681,-0.1484366310849028,0.5184504817311255,0.5183956157611965,0.4911695509268222,-0.6849006981100314,3.136188821652838,3.081591821941545,-0.4219650780517908,-0.4437581508882774,-0.2769934395714601,-0.0548545994538608,-0.4890695592815074,-0.2653251647717709,-0.1124976483161674,-0.41123355290394,-0.0642762878651594,-0.0,-0.9033872598691984,0,1.0,1.0,3.419164283049372,0.2184261434295979,0.076158940397351,3.0,2.378180816842527e-05,0.1282051282051282,4.5465291796242746e-05,1.6666666666666667,0.9743589743589743,0.5749540800552858,0.061224489795918366
1,63231,109975,49,6308,18692,22,36,9306,21,1,32164,48,289483,8819,20,120822,2,0.0,0.0,1,0,47842,20000000000,47842,47842,0.0,18687,-0.0725264215544584,0.5262497503994679,0.5226957596661094,0.552811671902438,-0.1847534019474741,-0.0572064545293735,-0.218331293492128,1.8775795925212844,1.0753349818526563,0.5536501506466399,-0.1484366310849028,0.5184504817311255,0.5183956157611965,0.4912153781634243,1.4748043629283256,-0.3808123791279592,-0.3881411186463565,-0.4219650780517908,-0.4437581508882774,-0.2769934395714601,-0.0548545994538608,-0.4890695592815074,-0.3691699546146464,-0.1124976483161674,-0.5154452530814688,-0.1095296406671911,-0.0,1.0390570231051754,0,1.0,1.0,3.4191953737097376,0.21842657970734133,1.0476190476190477,2.1195146842045585,0.05220860266671081,0.49786004707896425,0.08461923164355535,443.14285714285717,0.33747057564733574,0.5749579449874972,0.42857142857142855
1,63232,109976,49,3,3,1,37,1,1,1,32165,48,289488,1,0,0,2,0.0,0.0,1,0,170925,20000000000,280925,70925,0.0,0,-0.0725264215544584,0.5262917527090093,0.5227196574003354,0.552811671902438,-0.3528723353569948,-0.3960121192402921,-0.4922563241609467,1.881599589079588,-0.8842243511953339,-0.9965392673755912,-0.1484366310849028,0.5185270876512129,0.5183956157611965,0.4912726622091769,-0.6878437438439015,-0.6311327492902935,-0.6719661503467889,-0.4219650780517908,-0.4437581508882774,-0.2769934395714601,-0.0548545994538608,-0.4890695592815074,-0.0659883931499032,-0.1124976483161674,-0.087865058170911,-0.0389878292997345,-0.0,-0.9067192468461578,0,1.0,1.0,3.4191201616664078,0.21842626144689437,1.0,3.0,3.0,0.3333333333333333,9.092892994835237e-06,1.0,1.0,0.5749618098494217,0.02040816326530612
1,3,3,3,11,12,4,1,3,3,3,1,2,11795,3,2,11826,4,2.0,1.0,1,2,4712388,25000000000,4712388,4712388,1.3786191e+20,7,-0.0725264215544584,-2.129472277286835,-2.105385868651997,-2.6907261989537017,-0.3526590202947782,-0.3958489617154166,-0.453124176922544,-1.2941976919802645,-0.8838031670291764,-0.8415203255733681,0.6012433238893542,-1.9454257260419328,-2.6768607590230777,-2.6902030412257627,-0.6873532362215898,-0.60610071227406,-0.64418549098931,2.6357528788452464,2.8072173134947067,0.7052528000436467,-0.0548545994538608,3.6380997173556864,11.120672995298191,0.481345470026502,8.041452881270942,14.145355948156793,0.0,-0.905990374694948,0,0.3333333333333333,1.0,3.0,0.000254323499491353,1.3333333333333333,4.0,0.0009300752515430794,0.25,1.0,1.0,0.9166666666666666,1.0,1.0
1,5,5,3,13,14,4,2,5,3,3,1,2,11808,3,2,11839,4,2.0,1.0,1,2,4712388,25000000000,4712388,4712388,1.3774303e+20,9,-0.0725264215544584,-2.1293882726677524,-2.1053380731835447,-2.6907261989537017,-0.352605691529224,-0.3958127044876666,-0.453124176922544,-1.2901776954219608,-0.8833819828630188,-0.8415203255733681,0.6012433238893542,-1.9454257260419328,-2.6768607590230777,-2.690054102706806,-0.6873532362215898,-0.60610071227406,-0.6441549524664242,2.6357528788452464,2.8072173134947067,0.7052528000436467,-0.0548545994538608,3.6380997173556864,11.120672995298191,0.481345470026502,8.041452881270942,14.145355948156793,0.0,-0.905782125508888,0,0.3333333333333333,1.0,5.0,0.000423405876873571,1.3333333333333333,4.666666666666667,0.001097972972972973,0.35714285714285715,1.0,1.6666666666666667,0.9285714285714286,1.0,1.0
1,6,6,3,14,15,4,3,6,3,2,1,2,11864,3,2,11895,3,1.0,1.0,1,1,4000000,20000000000,98268,35268,0.0,10,-0.0725264215544584,-2.129346270358211,-2.105314175449319,-2.6907261989537017,-0.3525790271464469,-0.3957945758737915,-0.453124176922544,-1.2861576988636572,-0.8831713907799401,-0.8415203255733681,0.2264033464022256,-1.9454257260419328,-2.6768607590230777,-2.689412521394377,-0.6873532362215898,-0.60610071227406,-0.6440234019063008,1.1068939003967275,1.1817295813032147,0.7052528000436467,-0.0548545994538608,1.5745150790370896,9.36589852434164,-0.1124976483161674,-0.4229410425274611,-0.1479558736583274,-0.0,-0.905678000915858,0,0.5,1.0,6.0,0.0005056890012642225,1.3333333333333333,5.0,0.0011768661735036988,0.4,1.0,2.0,0.9333333333333333,1.0,1.0
20,7,7,3,15,16,4,4,7,3,81,1,2,11879,3,2,11910,10,5.0,28.0,2,2,4712388,25000000000,3982456,3982456,1.3762451e+20,11,30.549740456994712,-2.1293042680486693,-2.105290277715093,-2.6907261989537017,-0.3525523627636698,-0.3957764472599164,-0.453124176922544,-1.2821377023053535,-0.8829607986968613,-0.8415203255733681,29.838761567885378,-1.9454257260419328,-2.6768607590230777,-2.68924066925712,-0.6873532362215898,-0.60610071227406,-0.6439881651491249,11.80890674953636,7.683680510069184,27.22590126965153,18.230011885167087,3.6380997173556864,11.120672995298191,0.481345470026502,6.70242572428629,11.914678590141357,0.0,-0.905573876322828,1,0.24691358024691357,1.0,7.0,0.0005892255892255892,1.3333333333333333,5.333333333333333,0.0012593401057845689,0.4375,1.0,2.3333333333333335,0.9375,1.0,1.0
1,188,188,21,4006,5870,21,1,188,21,2,1,20,118088,1261,20,119119,3,1.0,1.0,1,1,500000,22137240587,151794,25794,0.0,5868,-0.0725264215544584,-2.1217018500216684,-2.10096478782016,-1.4215157277491253,-0.2461348111003237,-0.2896515416353395,-0.2313753425715955,-1.27811770574705,-0.8448436316596032,0.5536501506466399,0.2264033464022256,-1.9454257260419328,-1.4265430471509704,-1.4724244261896977,-0.3788239417875388,-0.3808123791279592,-0.3921416651443936,1.1068939003967275,1.1817295813032147,0.7052528000436467,-0.0548545994538608,1.5745150790370896,0.7445985468743923,0.141339474650352,-0.3247500225355161,-0.1769084847095462,-0.0,-0.2957161349462047,0,0.5,1.0,188.0,0.0015920195784535393,1.0,4.655035685963521,0.03362995298858294,0.03202725724020443,1.0,8.952380952380953,0.6824531516183986,1.0,1.0
1,3,3,3,5,5,3,1,3,3,3,1,2,11797,1,2,11806,4,2.0,1.0,1,2,4712388,25000000000,4712388,4712388,8.659562e+17,3,-0.0725264215544584,-2.129472277286835,-2.105385868651997,-2.6907261989537017,-0.3528190065914407,-0.3959758620125421,-0.4661682260020116,-1.2941976919802645,-0.8838031670291764,-0.8415203255733681,0.6012433238893542,-1.9454257260419328,-2.6768607590230777,-2.6901801276074617,-0.6878437438439015,-0.60610071227406,-0.6442324733322111,2.6357528788452464,2.8072173134947067,0.7052528000436467,-0.0548545994538608,3.6380997173556864,11.120672995298191,0.481345470026502,8.041452881270942,14.145355948156793,0.0,-0.9064068730670678,0,0.3333333333333333,1.0,3.0,0.00025428038650618747,1.0,5.0,0.0004234775980350639,0.6,1.0,1.0,1.0,1.0,1.0
1,5,5,3,7,7,3,2,5,3,2,1,2,11867,1,2,11876,3,1.0,1.0,1,1,4000000,20000000000,84768,42768,0.0,5,-0.0725264215544584,-2.1293882726677524,-2.1053380731835447,-2.6907261989537017,-0.3527656778258865,-0.3959396047847919,-0.4661682260020116,-1.2901776954219608,-0.8833819828630188,-0.8415203255733681,0.2264033464022256,-1.9454257260419328,-2.6768607590230777,-2.689378150966925,-0.6878437438439015,-0.60610071227406,-0.644068035132057,1.1068939003967275,1.1817295813032147,0.7052528000436467,-0.0548545994538608,1.5745150790370896,9.36589852434164,-0.1124976483161674,-0.4477061804023491,-0.1250358205778819,-0.0,-0.906198623881008,0,0.5,1.0,5.0,0.00042130097741826763,1.0,7.0,0.0005893744211501221,0.7142857142857143,1.0,1.6666666666666667,1.0,1.0,1.0
1,529,559,123,11,11,4,1,2,2,21,252,182,1161295,5,156,995062,7,13.0,2.0,1,4,166843,38997121304,4614129,157057,0.0,7,-0.0447661481035845,1.677097321067875,1.7086010420390298,1.927530518035265,-0.5619415781438619,-0.560722544585112,-0.7820172308513675,2.1117657581609777,-0.1547988851176902,0.5134873755010019,-0.7027686234076356,0.9536052907188723,2.1289383983186423,2.123447953609296,-0.6696045482379385,-0.5446434647454934,-0.5549414820820874,-1.0857716906762127,0.2954109374232067,-1.018502912610708,-0.8539514746504454,-0.3194963028813121,-0.4203522008205218,-0.9862970591376968,-1.2596166163872489,-0.5877225254694984,0.0,-0.5481205922857294,0,0.047619047619047616,0.6721311475409836,2.2182539682539684,0.00045552555076397406,0.025477707006369428,2.2,1.1054576443903552e-05,0.18181818181818182,0.0035778175313059034,1.0,1.0,0.9463327370304114,0.016260162601626018
1,529,559,123,25,25,11,2,6,5,21,252,182,1161295,13,180,1152944,7,13.0,2.0,1,4,166843,38997121304,4208434,157057,0.0,24,-0.0447661481035845,1.677097321067875,1.7086010420390298,1.927530518035265,-0.5447236105610973,-0.5443445595604378,-0.7175012010105966,2.118360574654098,0.8249408941081973,3.6831625329145936,-0.7027686234076356,0.9536052907188723,2.1289383983186423,2.123447953609296,-0.6023912032034523,-0.4815317633130022,-0.4883034388130349,-1.0857716906762127,0.2954109374232067,-1.018502912610708,-0.8539514746504454,-0.3194963028813121,-0.4203522008205218,-0.9862970591376968,-1.311892026734274,-0.5877225254694984,0.0,-0.5274275177687264,0,0.047619047619047616,0.6721311475409836,2.2182539682539684,0.00045552555076397406,0.06077348066298342,1.9230769230769231,2.1683601559484624e-05,0.24,0.01073345259391771,1.2,1.0,0.9463327370304114,0.04065040650406504
1,529,559,123,51,52,19,3,5,4,21,252,182,1161295,19,181,1160116,7,13.0,2.0,1,4,166843,38997121304,3776531,157057,0.0,47,-0.0447661481035845,1.677097321067875,1.7086010420390298,1.927530518035265,-0.5127473850502486,-0.5127584455842804,-0.6437685954782869,2.124955391147218,0.5800059493017253,2.626604147110063,-0.7027686234076356,0.9536052907188723,2.1289383983186423,2.123447953609296,-0.5519811944275878,-0.4789021090866484,-0.4852763169984794,-1.0857716906762127,0.2954109374232067,-1.018502912610708,-0.8539514746504454,-0.3194963028813121,-0.4203522008205218,-0.9862970591376968,-1.3675444418616756,-0.5877225254694984,0.0,-0.4994310051868989,0,0.047619047619047616,0.6721311475409836,2.2182539682539684,0.00045552555076397406,0.1043956043956044,2.736842105263158,4.3961083235570205e-05,0.09615384615384616,0.008944543828264758,1.25,0.9807692307692307,0.9463327370304114,0.032520325203252036
1,530,560,123,105,106,42,4,9,8,21,252,182,1161296,32,178,1136499,7,13.0,2.0,1,4,166843,38020044744,3267990,157057,0.0,103,-0.0447661481035845,1.6834172377156416,1.7146809967829255,1.927530518035265,-0.4463352243738708,-0.4495862176319656,-0.4317873545728967,2.131550207640338,1.559745728527613,6.852837690328186,-0.7027686234076356,0.9536052907188723,2.1289383983186423,2.123450784811042,-0.4427595087465478,-0.4867910717657098,-0.4952444619921153,-1.0857716906762127,0.2954109374232067,-1.018502912610708,-0.8539514746504454,-0.3194963028813121,-0.4203522008205218,-1.0116480585456162,-1.4330719673507413,-0.5877225254694984,0.0,-0.4312655832485362,0,0.047619047619047616,0.6721311475409836,2.2222222222222223,0.000456386264667867,0.2346368715083799,3.3125,9.238891333040035e-05,0.08490566037735849,0.01607142857142857,1.125,0.9905660377358491,0.9464285714285714,0.06504065040650407
1,531,561,123,56,56,24,5,10,6,21,252,182,1161303,15,181,1159607,7,13.0,2.0,1,4,166843,37924197413,14238363,157057,0.0,55,-0.0447661481035845,1.6897371543634083,1.7207609515268212,1.927530518035265,-0.506598110913547,-0.5080790212915164,-0.5976857170205935,2.1381450241334585,1.8046806733340848,4.739720918719124,-0.7027686234076356,0.9536052907188723,2.1289383983186423,2.1234706032232644,-0.5855878669448308,-0.4789021090866484,-0.4854911531674154,-1.0857716906762127,0.2954109374232067,-1.018502912610708,-0.8539514746504454,-0.3194963028813121,-0.4203522008205218,-1.0141348909300014,-0.0194958812887364,-0.5877225254694984,0.0,-0.4896930877671328,0,0.047619047619047616,0.6721311475409836,2.2261904761904763,0.00045724461467453825,0.13186813186813187,3.7333333333333334,4.8292181495815824e-05,0.17857142857142858,0.017825311942959002,1.6666666666666667,1.0,0.946524064171123,0.04878048780487805
1,532,562,123,296,297,91,6,1,1,40,253,182,1162672,102,372,2391119,11,13.0,4.0,1,4,370871,27331341805,19131164,307585,0.0,247,-0.0447661481035845,1.6960570710111749,1.7268409062707168,1.927530518035265,-0.2114329523518676,-0.2261437076524818,0.0198248543124997,2.1447398406265785,-0.3997338299241621,-0.5430710103035288,1.7183744128108729,0.9637255884118784,2.1289383983186423,2.127346518413649,0.1453572603052055,0.0233618481469271,0.0342992595608077,1.7325844175034433,0.2954109374232067,1.7529335842891782,-0.8539514746504454,-0.3194963028813121,-0.1915332530541364,-1.2889746396663575,0.61096093977471,-0.2096747467569623,0.0,-0.2559830696927464,0,0.025,0.6721311475409836,2.2213438735177866,0.00045756631486239035,0.24396782841823056,2.911764705882353,0.00012379136137040384,0.003367003367003367,0.0017793594306049821,1.0,0.9966329966329966,0.9466192170818505,0.008130081300813009
1,533,563,123,1431,1508,250,7,3,3,40,253,182,1163542,217,1550,9653459,11,13.0,4.0,1,4,370871,27946243161,22459609,307585,0.0,1395,-0.0447661481035845,1.7023769876589414,1.7329208610146123,1.927530518035265,1.184452276679408,1.1905519969818368,1.4852603892671536,2.151334657119699,0.0901360596887816,1.5700457613055323,1.7183744128108729,0.9637255884118784,2.1289383983186423,2.12980966393274,1.111549095175943,3.1210945267917025,3.0995513285399845,1.7325844175034433,0.2954109374232067,1.7529335842891782,-0.8539514746504454,-0.3194963028813121,-0.1915332530541364,-1.2730205532108554,1.03984428364758,-0.2096747467569623,0.0,1.141408080043689,0,0.025,0.6721311475409836,2.225296442687747,0.00045808362905367484,0.16118633139909735,6.949308755760368,0.00014823700517741827,0.001989389920424403,0.0053285968028419185,1.0,0.9489389920424404,0.9467140319715808,0.024390243902439025
1,534,564,123,1432,1509,250,8,4,3,21,253,182,1163569,217,1550,9653486,7,13.0,2.0,1,4,152081,30639295852,8522966,142295,0.0,1396,-0.0447661481035845,1.708696904306708,1.739000815758508,1.927530518035265,1.1856821315067485,1.1917218530550278,1.4852603892671536,2.157929473612819,0.3350710044952535,1.5700457613055323,-0.7027686234076356,0.9637255884118784,2.1289383983186423,2.1298861063798835,1.111549095175943,3.1210945267917025,3.099562724564662,-1.0857716906762127,0.2954109374232067,-1.018502912610708,-0.8539514746504454,-0.3194963028813121,-0.4369078956610701,-1.2031472393171758,-0.7559474606060964,-0.6247969655029438,0.0,1.1426253197211598,0,0.047619047619047616,0.6721311475409836,2.2292490118577075,0.00045893242348977716,0.16118633139909735,6.953917050691245,0.0001483401800820781,0.0026507620941020544,0.0070921985815602835,1.3333333333333333,0.9489728296885355,0.9468085106382979,0.024390243902439025
1,535,565,123,29,29,8,9,6,3,21,253,182,1163989,11,92,592921,7,13.0,2.0,1,4,210952,22138441963,13835625,172366,0.0,26,-0.0447661481035845,1.7150168209544745,1.7450807705024036,1.927530518035265,-0.539804191251736,-0.5396651352676737,-0.7451509280852127,2.1645242901059394,0.8249408941081973,1.5700457613055323,-0.7027686234076356,0.9637255884118784,2.1289383983186423,2.131075211113237,-0.6191945394620739,-0.7129413352321365,-0.7246751398661287,-1.0857716906762127,0.2954109374232067,-1.018502912610708,-0.8539514746504454,-0.3194963028813121,-0.3708836231398726,-1.4237084017984944,-0.0713902704538486,-0.5492743069034495,0.0,-0.524993038413785,0,0.047619047619047616,0.6721311475409836,2.233201581027668,0.00045962594180362377,0.08602150537634409,2.6363636363636362,4.8910311980327935e-05,0.20689655172413793,0.010619469026548672,2.0,1.0,0.9469026548672567,0.024390243902439025
1,536,566,123,53,53,26,10,7,5,21,253,182,1164476,14,185,1184147,7,13.0,2.0,1,4,166843,33914772657,8492698,161857,0.0,49,-0.0447661481035845,1.7213367376022413,1.751160725246299,1.927530518035265,-0.5102876753955681,-0.5115885895110894,-0.579252565637516,2.1711191065990594,1.0698758389146692,3.6831625329145936,-0.7027686234076356,0.9637255884118784,2.1289383983186423,2.132454006363578,-0.5939895350741415,-0.4683834921812332,-0.4751334329597759,-1.0857716906762127,0.2954109374232067,-1.018502912610708,-0.8539514746504454,-0.3194963028813121,-0.4203522008205218,-1.1181624858765564,-0.759847612494544,-0.5756674304850425,0.0,-0.4969965258319574,0,0.047619047619047616,0.6721311475409836,2.2371541501976284,0.0004602924746474168,0.13978494623655913,3.7857142857142856,4.4757918773666805e-05,0.1320754716981132,0.012367491166077738,1.4,1.0,0.9469964664310954,0.04065040650406504
1,537,567,123,91,92,49,11,1,1,18,254,182,1164924,42,312,2000921,7,9.0,2.0,1,5,335725,28926005344,13295985,335725,0.0,80,-0.0447661481035845,1.7276566542500078,1.7572406799901947,1.927530518035265,-0.4635531919566354,-0.4659642026566398,-0.3672713247321258,2.17771392309218,-0.3997338299241621,-0.5430710103035288,-1.0850543659684526,0.9738458861048844,2.1289383983186423,2.133722384745823,-0.3587428274534402,-0.1344174054343007,-0.1303935566405181,-1.0857716906762127,-2.3073285993451305,-1.018502912610708,-0.8539514746504454,1.344546941292187,-0.2309497583288898,-1.2475998732580635,-0.1409250254783587,-0.1390017524105897,0.0,-0.4592620958303637,0,0.05555555555555555,0.6721311475409836,2.232283464566929,0.0004609738824387836,0.15654952076677317,2.1904761904761907,4.547903416524982e-05,0.010869565217391304,0.001763668430335097,1.0,0.9891304347826086,0.9470899470899471,0.008130081300813009
1,538,568,123,41,41,19,12,1,1,40,255,182,1166366,20,254,1629911,11,13.0,4.0,1,4,370871,35726102407,8178859,307585,0.0,27,-0.0447661481035845,1.7339765708977743,1.7633206347340904,1.927530518035265,-0.525045933323652,-0.5256268623893816,-0.6437685954782869,2.1843087395853,-0.3997338299241621,-0.5430710103035288,1.7183744128108729,0.9839661837978902,2.1289383983186423,2.137804977663671,-0.543579526298277,-0.2869373505628211,-0.2869875979704427,1.7325844175034433,0.2954109374232067,1.7529335842891782,-0.8539514746504454,-0.3194963028813121,-0.1915332530541364,-1.0711661487422413,-0.8002870128024109,-0.2096747467569623,0.0,-0.5237757987363142,0,0.025,0.6721311475409836,2.227450980392157,0.00046126133541158146,0.07450980392156863,2.05,2.5154732280024934e-05,0.024390243902439025,0.0017605633802816902,1.0,1.0,0.9471830985915493,0.008130081300813009
1,539,569,123,221,222,58,13,1,1,40,256,182,1166510,50,159,1021160,11,13.0,4.0,1,4,325481,45491825427,1863247,262195,0.0,206,-0.0447661481035845,1.740296487545541,1.769400589477986,1.927530518035265,-0.3036720644023924,-0.3138829131418079,-0.2843221435082775,2.19090355607842,-0.3997338299241621,-0.5430710103035288,1.7183744128108729,0.9940864814908962,2.1289383983186423,2.138212670715107,-0.2915294824189541,-0.536754502066432,-0.5439261690430093,1.7325844175034433,0.2954109374232067,1.7529335842891782,-0.8539514746504454,-0.3194963028813121,-0.2424384819399571,-0.817786988261793,-1.614078676225909,-0.3236707387037231,0.0,-0.3058898964690477,0,0.025,0.6721311475409836,2.22265625,0.00046206165222616847,0.3625,4.44,0.00021642032940936834,0.0045045045045045045,0.0017574692442882249,1.0,0.9954954954954955,0.9472759226713533,0.008130081300813009
1,540,570,123,223,224,58,14,2,1,40,256,182,1166650,50,159,1021300,11,13.0,4.0,1,4,325507,44408734698,18713211,262221,0.0,208,-0.0447661481035845,1.7466164041933074,1.7754805442218815,1.927530518035265,-0.3012123547477118,-0.3115432009954259,-0.2843221435082775,2.19749837257154,-0.1547988851176902,-0.5430710103035288,1.7183744128108729,0.9940864814908962,2.1289383983186423,2.138609038959558,-0.2915294824189541,-0.536754502066432,-0.5438670785446772,1.7325844175034433,0.2954109374232067,1.7529335842891782,-0.8539514746504454,-0.3194963028813121,-0.2424093227429747,-0.8458886064498313,0.5571060374940061,-0.3236054402725573,0.0,-0.3034554171141062,0,0.025,0.6721311475409836,2.2265625,0.0004628633584508135,0.3625,4.48,0.00021834894903657198,0.008928571428571428,0.0035087719298245615,2.0,0.9955357142857143,0.9473684210526315,0.008130081300813009
1,541,571,123,2289,2448,345,15,1,1,40,257,182,1167626,571,1575,9803764,11,13.0,4.0,1,4,362180,48550000236,22696853,298894,0.0,2371,-0.0447661481035845,1.752936320841074,1.7815604989657772,1.927530518035265,2.239667718537412,2.2902167057813902,2.3608350799633304,2.2040931890646607,-0.3997338299241621,-0.5430710103035288,1.7183744128108729,1.0042067791839022,2.1289383983186423,2.141372291863733,4.085739612951953,3.186835882450548,3.1629913096243065,1.7325844175034433,0.2954109374232067,1.7529335842891782,-0.8539514746504454,-0.3194963028813121,-0.2012802753992932,-0.7384403014757822,1.0704141143143855,-0.2315020031131927,0.0,2.329434005255153,0,0.025,0.6721311475409836,2.2217898832684826,0.00046333289655001126,0.21890862944162437,4.287215411558669,0.00023348172870320738,0.0004084967320261438,0.0017513134851138354,1.0,0.9350490196078431,0.9474605954465849,0.008130081300813009
1,542,572,124,137,138,88,16,1,1,40,258,183,1169232,26,1514,9449557,11,13.0,4.0,1,4,396700,21084991704,7275476,333120,0.0,63,-0.0447661481035845,1.7592562374888407,1.7876404537096728,1.953667588262329,-0.4069798698989802,-0.4121508232898531,-0.0078248727621163,2.2106880055577807,-0.3997338299241621,-0.5430710103035288,1.7183744128108729,1.0143270768769082,2.147088689450563,2.1459192018679385,-0.4931695175224124,3.0264269746429657,3.013489394319197,1.7325844175034433,0.2954109374232067,1.7529335842891782,-0.8539514746504454,-0.3194963028813121,-0.16256583386727,-1.4510409752993687,-0.9166914965291676,-0.1455441529177788,0.0,-0.4799551703473667,0,0.025,0.6739130434782609,2.2170542635658914,0.0004635517471710087,0.058085808580858087,5.3076923076923075,1.4498032606392806e-05,0.007246376811594203,0.0017482517482517483,1.0,0.9927536231884058,0.9475524475524476,0.008064516129032258
1,543,573,124,67,69,36,17,1,1,40,259,183,1169303,22,1504,9389114,11,13.0,4.0,1,4,325507,33857180780,14690750,262221,0.0,60,-0.0447661481035845,1.7655761541366073,1.7937204084535685,1.953667588262329,-0.4930697078128034,-0.4928708923400332,-0.487086808722129,2.217282822050901,-0.3997338299241621,-0.5430710103035288,1.7183744128108729,1.024447374569914,2.147088689450563,2.14612021719191,-0.5267761900396555,3.000130432379428,2.9879779158142927,1.7325844175034433,0.2954109374232067,1.7529335842891782,-0.8539514746504454,-0.3194963028813121,-0.2424093227429747,-1.1196567512181872,0.0387959785090418,-0.3236054402725573,0.0,-0.483606889379779,0,0.025,0.6739130434782609,2.212355212355212,0.0004643788099587447,0.023920265780730896,3.1363636363636362,7.135922821266967e-06,0.014492753623188406,0.0017452006980802793,1.0,0.9710144927536232,0.9476439790575916,0.008064516129032258
1,544,574,124,58,58,25,18,3,3,40,259,183,1170014,28,126,806044,11,13.0,4.0,1,4,414084,29002562287,13236543,350232,0.0,52,-0.0447661481035845,1.7718960707843738,1.799800363197464,1.953667588262329,-0.5041384012588663,-0.5057393091451343,-0.5884691413290547,2.223877638544021,0.0901360596887816,1.5700457613055323,1.7183744128108729,1.024447374569914,2.147088689450563,2.1481332016333736,-0.4763661812637909,-0.6235330915361074,-0.634721252180197,1.7325844175034433,0.2954109374232067,1.7529335842891782,-0.8539514746504454,-0.3194963028813121,-0.1430695461618039,-1.2456135447592351,-0.1485843630148033,-0.1025677392981936,0.0,-0.4933448067995451,0,0.025,0.6739130434782609,2.2162162162162162,0.0004649513040431106,0.1968503937007874,2.0714285714285716,7.195628035655577e-05,0.05172413793103448,0.005226480836236934,1.0,1.0,0.9477351916376306,0.024193548387096774
1,545,575,124,32,32,18,19,1,1,40,260,183,1170168,15,208,1333329,11,13.0,4.0,1,4,396674,26818388369,1707848,333094,0.0,23,-0.0447661481035845,1.7782159874321404,1.80588031794136,1.953667588262329,-0.536114626769715,-0.5361555670481006,-0.6529851711698257,2.230472455037141,-0.3997338299241621,-0.5430710103035288,1.7183744128108729,1.03456767226292,2.147088689450563,2.14856920670227,-0.5855878669448308,-0.4079014449750959,-0.4121674420870748,1.7325844175034433,0.2954109374232067,1.7529335842891782,-0.8539514746504454,-0.3194963028813121,-0.1625949930642524,-1.3022836092852033,-1.6341024539222506,-0.1456094513489446,0.0,-0.5286447574461972,0,0.025,0.6739130434782609,2.2115384615384617,0.0004657446915787378,0.0861244019138756,2.1333333333333333,2.400006000015e-05,0.03125,0.0017391304347826088,1.0,1.0,0.9478260869565217,0.008064516129032258
1,546,576,124,1005,1100,166,20,3,3,21,260,183,1170320,178,336,2155280,7,13.0,2.0,1,4,169181,30783409663,2358682,159395,0.0,1080,-0.0447661481035845,1.784535904079907,1.8119602726852555,1.953667588262329,0.660534120232427,0.7132507191199029,0.7110680311779025,2.237067271530261,0.0901360596887816,1.5700457613055323,-0.7027686234076356,1.03456767226292,2.147088689450563,2.1489995493676743,0.7838840381328235,-0.0713057040018095,-0.065242483554494,-1.0857716906762127,0.2954109374232067,-1.018502912610708,-0.8539514746504454,-0.3194963028813121,-0.4177301161072579,-1.1994080961559337,-1.5502399108349665,-0.5818506896208198,0.0,0.7579775816403987,0,0.047619047619047616,0.6739130434782609,2.2153846153846155,0.00046653866759632616,0.49258160237388726,6.179775280898877,0.00046629650611683583,0.0027272727272727275,0.005208333333333333,1.0,0.9136363636363637,0.9479166666666666,0.024193548387096774
1,547,577,124,88,88,34,21,3,3,21,260,183,1170624,22,411,2645952,7,13.0,2.0,1,4,152081,22739916126,5249133,142295,0.0,65,-0.0447661481035845,1.7908558207276737,1.8180402274291507,1.953667588262329,-0.4672427564386564,-0.4706436269494038,-0.5055199601052064,2.243662088023381,0.0901360596887816,1.5700457613055323,-0.7027686234076356,1.03456767226292,2.147088689450563,2.1498602346984828,-0.5267761900396555,0.1259183629747253,0.1418578949998219,-1.0857716906762127,0.2954109374232067,-1.018502912610708,-0.8539514746504454,-0.3194963028813121,-0.4369078956610701,-1.4081026941453585,-1.1777938316055725,-0.6247969655029438,0.0,-0.4775206909924252,0,0.047619047619047616,0.6739130434782609,2.2192307692307693,0.0004672717565403097,0.0825242718446602,4.0,3.325833830003783e-05,0.03409090909090909,0.005199306759098787,1.0,1.0,0.9480069324090121,0.024193548387096774
1,548,578,124,116,118,43,22,1,1,40,261,183,1170767,31,394,2533528,11,13.0,4.0,1,4,396686,28224572414,15533161,333106,0.0,114,-0.0447661481035845,1.7971757373754402,1.8241201821730464,1.953667588262329,-0.4328068212731272,-0.4355479447536734,-0.4225707788813581,2.250256904516502,-0.3997338299241621,-0.5430710103035288,1.7183744128108729,1.044687969955926,2.147088689450563,2.150265096548172,-0.4511611768758586,0.0812142411267107,0.0944065365391997,1.7325844175034433,0.2954109374232067,1.7529335842891782,-0.8539514746504454,-0.3194963028813121,-0.1625815349733375,-1.2657990876503575,0.1473439781290711,-0.1455793136114834,0.0,-0.4178759467963578,0,0.025,0.6739130434782609,2.21455938697318,0.0004680688231998141,0.10886075949367088,3.806451612903226,4.578593732299887e-05,0.00847457627118644,0.0017301038062283738,1.0,0.9830508474576272,0.9480968858131488,0.008064516129032258
1,549,579,124,46,47,14,23,1,1,40,262,183,1171263,22,336,2162378,11,13.0,4.0,1,4,396712,23392331429,21715511,333132,0.0,36,-0.0447661481035845,1.8034956540232068,1.830200136916942,1.953667588262329,-0.5188966591869504,-0.5186077259502355,-0.6898514739359805,2.256851721009622,-0.3997338299241621,-0.5430710103035288,1.7183744128108729,1.054808267648932,2.147088689450563,2.1516693726142284,-0.5267761900396555,-0.0713057040018095,-0.0622465952890569,1.7325844175034433,0.2954109374232067,1.7529335842891782,-0.8539514746504454,-0.3194963028813121,-0.1625523757763551,-1.3911752796139214,0.9439643041348904,-0.1455140151803176,0.0,-0.5128206416390774,0,0.025,0.6739130434782609,2.2099236641221376,0.0004687243866455385,0.04154302670623145,2.1363636363636362,2.1272866597391116e-05,0.02127659574468085,0.0017271157167530224,1.0,0.9787234042553191,0.9481865284974094,0.008064516129032258
1,550,580,124,69,72,45,24,3,3,21,262,183,1171314,25,586,3781889,7,13.0,2.0,1,4,152081,20403629212,21932368,147095,0.0,63,-0.0447661481035845,1.809815570670973,1.8362800916608373,1.953667588262329,-0.4906099981581227,-0.4893613241204601,-0.4041376274982806,2.2634465375027424,0.0901360596887816,1.5700457613055323,-0.7027686234076356,1.054808267648932,2.147088689450563,2.1518137639032786,-0.5015711856517232,0.5861078525866402,0.6213084907416901,-1.0857716906762127,0.2954109374232067,-1.018502912610708,-0.8539514746504454,-0.3194963028813121,-0.4369078956610701,-1.468719446811643,0.9719071889661672,-0.6127418705184879,0.0,-0.4799551703473667,0,0.047619047619047616,0.6739130434782609,2.213740458015267,0.0004695577193154702,0.07666098807495741,2.88,1.8244845831052727e-05,0.041666666666666664,0.005172413793103448,1.0,0.9583333333333334,0.9482758620689655,0.024193548387096774
1,551,581,124,70,73,45,25,4,3,21,262,183,1171324,25,586,3781899,7,13.0,2.0,1,4,152081,25320402278,12807561,147095,0.0,64,-0.0447661481035845,1.81613548731874,1.8423600464047327,1.953667588262329,-0.4893801433307824,-0.4881914680472691,-0.4041376274982806,2.2700413539958624,0.3350710044952535,1.5700457613055323,-0.7027686234076356,1.054808267648932,2.147088689450563,2.15184207592074,-0.5015711856517232,0.5861078525866402,0.621312711491571,-1.0857716906762127,0.2954109374232067,-1.018502912610708,-0.8539514746504454,-0.3194963028813121,-0.4369078956610701,-1.341150005288002,-0.2038603957031222,-0.6127418705184879,0.0,-0.4787379306698959,0,0.047619047619047616,0.6739130434782609,2.217557251908397,0.00047040744456064714,0.07666098807495741,2.92,1.850921494486898e-05,0.0547945205479452,0.0068846815834767644,1.3333333333333333,0.958904109589041,0.9483648881239243,0.024193548387096774
1,552,582,124,71,74,45,26,5,3,21,262,183,1171331,25,586,3781906,7,13.0,2.0,1,4,152081,24844774555,7177971,142295,0.0,65,-0.0447661481035845,1.8224554039665064,1.8484400011486288,1.953667588262329,-0.488150288503442,-0.487021611974078,-0.4041376274982806,2.276636170488983,0.5800059493017253,1.5700457613055323,-0.7027686234076356,1.054808267648932,2.147088689450563,2.1518618943329617,-0.5015711856517232,0.5861078525866402,0.6213156660164876,-1.0857716906762127,0.2954109374232067,-1.018502912610708,-0.8539514746504454,-0.3194963028813121,-0.4369078956610701,-1.3534905307061569,-0.9292554026307628,-0.6247969655029438,0.0,-0.4775206909924252,0,0.047619047619047616,0.6739130434782609,2.2213740458015265,0.00047125836227474363,0.07666098807495741,2.96,1.8773597552769013e-05,0.06756756756756757,0.00859106529209622,1.6666666666666667,0.9594594594594594,0.9484536082474226,0.024193548387096774
1,553,583,124,72,75,45,27,6,3,21,262,183,1171336,25,586,3781911,7,13.0,2.0,1,4,152081,23779602615,19445421,147095,0.0,66,-0.0447661481035845,1.8287753206142727,1.8545199558925245,1.953667588262329,-0.4869204336761017,-0.4858517559008871,-0.4041376274982806,2.283230986982103,0.8249408941081973,1.5700457613055323,-0.7027686234076356,1.054808267648932,2.147088689450563,2.1518760503416923,-0.5015711856517232,0.5861078525866402,0.621317776391428,-1.0857716906762127,0.2954109374232067,-1.018502912610708,-0.8539514746504454,-0.3194963028813121,-0.4369078956610701,-1.3811272321948018,0.651454201040994,-0.6127418705184879,0.0,-0.4763034513149544,0,0.047619047619047616,0.6739130434782609,2.2251908396946565,0.00047211007592178853,0.07666098807495741,3.0,1.903798924988207e-05,0.08,0.010291595197255575,2.0,0.96,0.9485420240137221,0.024193548387096774
1,554,584,124,73,76,45,28,7,3,21,262,183,1171345,25,586,3781920,7,13.0,2.0,1,4,152081,21051005808,30018085,142295,0.0,67,-0.0447661481035845,1.83509523726204,1.86059991063642,1.953667588262329,-0.4856905788487614,-0.484681899827696,-0.4041376274982806,2.2898258034752232,1.0698758389146692,1.5700457613055323,-0.7027686234076356,1.054808267648932,2.147088689450563,2.151901531157407,-0.5015711856517232,0.5861078525866402,0.6213215750663208,-1.0857716906762127,0.2954109374232067,-1.018502912610708,-0.8539514746504454,-0.3194963028813121,-0.4369078956610701,-1.4519227653910003,2.01378390454047,-0.6247969655029438,0.0,-0.4750862116374836,0,0.047619047619047616,0.6739130434782609,2.2290076335877864,0.0004729601671922728,0.07666098807495741,3.04,1.930235983247667e-05,0.09210526315789473,0.011986301369863013,2.3333333333333335,0.9605263157894737,0.9486301369863014,0.024193548387096774
1,555,585,124,74,77,45,29,8,3,21,262,183,1171374,25,586,3781949,7,13.0,2.0,1,4,152081,20769676068,9825014,147095,0.0,68,-0.0447661481035845,1.8414151539098065,1.866679865380316,1.953667588262329,-0.4844607240214211,-0.483512043754505,-0.4041376274982806,2.2964206199683432,1.3148107837211411,1.5700457613055323,-0.7027686234076356,1.054808267648932,2.147088689450563,2.151983636008043,-0.5015711856517232,0.5861078525866402,0.6213338152409753,-1.0857716906762127,0.2954109374232067,-1.018502912610708,-0.8539514746504454,-0.3194963028813121,-0.4369078956610701,-1.4592220808839136,-0.5881734099238761,-0.6127418705184879,0.0,-0.4738689719600129,0,0.047619047619047616,0.6739130434782609,2.232824427480916,0.0004738021555863835,0.07666098807495741,3.08,1.9566625682518276e-05,0.1038961038961039,0.013675213675213675,2.6666666666666665,0.961038961038961,0.9487179487179487,0.024193548387096774
1,556,586,124,75,78,45,30,9,3,21,262,183,1171383,25,586,3781958,7,13.0,2.0,1,4,152081,25318315344,8900352,142295,0.0,69,-0.0447661481035845,1.8477350705575728,1.8727598201242115,1.953667588262329,-0.4832308691940807,-0.482342187681314,-0.4041376274982806,2.303015436461464,1.559745728527613,1.5700457613055323,-0.7027686234076356,1.054808267648932,2.147088689450563,2.152009116823758,-0.5015711856517232,0.5861078525866402,0.6213376139158681,-1.0857716906762127,0.2954109374232067,-1.018502912610708,-0.8539514746504454,-0.3194963028813121,-0.4369078956610701,-1.3412041523884075,-0.7073197772251762,-0.6247969655029438,0.0,-0.4726517322825421,0,0.047619047619047616,0.6739130434782609,2.236641221374046,0.0004746522062790682,0.07666098807495741,3.12,1.983099235078963e-05,0.11538461538461539,0.015358361774744027,3.0,0.9615384615384616,0.9488054607508533,0.024193548387096774
1,557,587,124,423,430,86,31,5,3,21,262,183,1171567,43,224,1437829,7,13.0,2.0,1,4,169181,27396230399,15053844,159395,0.0,375,-0.0447661481035845,1.85405498720534,1.8788397748681067,1.953667588262329,-0.0552413892796456,-0.0705528499180769,-0.0262580241451938,2.309610252954584,0.5800059493017253,1.5700457613055323,-0.7027686234076356,1.054808267648932,2.147088689450563,2.152530057945037,-0.3503411593241294,-0.3658269773534351,-0.3680606058320491,-1.0857716906762127,0.2954109374232067,-1.018502912610708,-0.8539514746504454,-0.3194963028813121,-0.4177301161072579,-1.2872910554157286,0.0855820809863776,-0.5818506896208198,0.0,-0.1001763909764888,0,0.047619047619047616,0.6739130434782609,2.2404580152671754,0.00047543121696734633,0.38222222222222224,10.0,0.0002941933330087702,0.011627906976744186,0.008517887563884156,1.6666666666666667,0.9837209302325581,0.948892674616695,0.024193548387096774
1,558,588,124,3125,3280,169,32,3,3,40,262,183,1171659,379,177,1135403,12,13.0,4.0,1,4,331647,21807206542,11877964,268361,0.0,3244,-0.0447661481035845,1.8603749038531057,1.8849197296120024,1.953667588262329,3.2678263541939283,3.263536958676314,0.7387177582525186,2.316205069447704,0.0901360596887816,1.5700457613055323,1.7183744128108729,1.054808267648932,2.147088689450563,2.152790528505676,2.472619332124286,-0.4894207259920636,-0.4957070561790579,2.4371734445483573,0.2954109374232067,1.7529335842891782,-0.8539514746504454,-0.3194963028813121,-0.2355232662248223,-1.4323025583931963,-0.3236426573340605,-0.3081849646049409,0.0,3.392084243687129,0,0.025,0.6739130434782609,2.2442748091603053,0.0004762473755184951,0.949438202247191,8.654353562005277,0.0027523242828103476,0.0009146341463414635,0.00510204081632653,1.0,0.9527439024390244,0.9489795918367347,0.024193548387096774
1,559,589,124,359,360,58,33,2,2,40,262,183,1172620,109,124,798532,11,13.0,4.0,1,4,414084,64035503377,2546001,350232,0.0,290,-0.0447661481035845,1.8666948205008729,1.890999684355898,1.953667588262329,-0.1339520982294267,-0.1524427750414479,-0.2843221435082775,2.322799885940824,-0.1547988851176902,0.5134873755010019,1.7183744128108729,1.054808267648932,2.147088689450563,2.15551131338366,0.2041689372103808,-0.628792399988815,-0.6378918794907019,1.7325844175034433,0.2954109374232067,1.7529335842891782,-0.8539514746504454,-0.3194963028813121,-0.1430695461618039,-0.3366570666401985,-1.5261031144958586,-0.1025677392981936,0.0,-0.2036417635615036,0,0.025,0.6739130434782609,2.2480916030534353,0.0004767098661886492,0.464,3.302752293577982,0.0004495744070689627,0.005555555555555556,0.003395585738539898,1.0,0.9972222222222222,0.9490662139219015,0.016129032258064516
1,560,590,125,329,370,100,34,1,1,40,263,184,1174401,108,868,5559757,11,13.0,4.0,1,4,379329,47525418240,28206046,316020,0.0,354,-0.0447661481035845,1.8730147371486392,1.8970796390997933,1.979804658489393,-0.1708477430496367,-0.1407442143095378,0.102774035536348,2.329394702433944,-0.3997338299241621,-0.5430710103035288,1.7183744128108729,1.064928565341938,2.165238980582484,2.1605536836934296,0.1957672690810701,1.3276703444184117,1.3717021056608305,1.7325844175034433,0.2954109374232067,1.7529335842891782,-0.8539514746504454,-0.3194963028813121,-0.182047541974245,-0.7650238657913163,1.780295490116302,-0.1884904287999028,0.0,-0.1257384242033748,0,0.025,0.6756756756756757,2.2433460076045626,0.00047683842500268223,0.11507479861910241,3.425925925925926,5.917523748335809e-05,0.002702702702702703,0.001694915254237288,1.0,0.8891891891891892,0.9491525423728814,0.008
4,1,1,1,2,2,1,1,1,1,105,1,0,0,1,0,148,11,19.0,8.0,4,5,2000000,50000000000,1613092,850100,0.0,1,22.33830790368868,-1.659818668952881,-1.684013705054716,-1.261192049666504,-0.5730102715899249,-0.5712512492438311,-0.8096669579259836,-1.2186165708647227,-0.3997338299241621,-0.5430710103035288,10.001232168295244,-1.586589430225623,-1.1744145876909309,-1.1644124781054972,-0.7032112207551815,-0.954869524056686,-0.9748697967790512,1.7325844175034433,4.199520242575713,7.295806578088952,4.981707805420935,1.344546941292187,1.6355472631284642,-0.7008189474657677,-1.646312140467174,1.1528398064705538,0.0,-0.555424030350554,1,0.0380952380952381,1.0,1.0,1.0,1.0,2.0,0.013422818791946308,0.5,1.0,1.0,1.0,1.0,1.0
4,2,2,1,3,3,1,2,2,1,124,1,0,25,1,0,173,11,19.0,8.0,5,5,2000000,50000000000,1672990,880844,0.0,2,22.33830790368868,-1.6534987523051143,-1.6779337503108207,-1.261192049666504,-0.5717804167625846,-0.5700813931706401,-0.8096669579259836,-1.2120217543716023,-0.1547988851176902,-0.5430710103035288,12.422375204513752,-1.586589430225623,-1.1744145876909309,-1.1643416980618453,-0.7032112207551815,-0.954869524056686,-0.974859244904349,1.7325844175034433,4.199520242575713,7.295806578088952,6.926927565444728,1.344546941292187,1.6355472631284642,-0.7008189474657677,-1.6385940455215473,1.2300526898459938,0.0,-0.5542067906730832,1,0.03225806451612903,1.0,2.0,0.07692307692307693,1.0,3.0,0.017241379310344827,0.6666666666666666,1.0,2.0,1.0,1.0,1.0
1,407,415,107,163,166,56,1,3,3,32,218,125,798622,51,177,1129330,10,13.0,3.0,1,6,306076,35386560108,28294706,285212,0.0,163,-0.0447661481035845,0.906067490040352,0.8330875589180632,1.5093373944022468,-0.3750036443881316,-0.3793948532405047,-0.3027552948913549,0.1333208102249179,0.0901360596887816,1.5700457613055323,0.6989457659820273,0.6095151691566698,1.0943718037991603,1.0966475227529682,-0.2831278142896434,-0.4894207259920636,-0.4982703175817065,1.0279953904585293,0.2954109374232067,0.3672153358392351,-0.8539514746504454,3.0085901854656867,-0.2642013364570171,-1.079975833646475,1.7917196828753137,-0.2658640467751355,0.0,-0.3582312026002904,0,0.03125,0.8492063492063492,1.9036697247706422,0.0005096271958107894,0.3146067415730337,3.2549019607843137,0.00014433323799665465,0.018072289156626505,0.007228915662650603,1.0,0.9819277108433735,0.980722891566265,0.028037383177570093
1,408,416,107,16,16,7,2,1,1,26,219,125,799769,11,170,1087960,9,13.0,3.0,2,4,563605,32841067458,17710832,538905,0.0,12,-0.0447661481035845,0.9123874066881184,0.8391675136619587,1.5093373944022468,-0.5557923040071603,-0.554873264219157,-0.7543675037767514,0.1399156267180382,-0.3997338299241621,-0.5430710103035288,-0.065625719139607,0.6196354668496757,1.0943718037991603,1.0998949111557226,-0.6191945394620739,-0.5078283055765402,-0.5157315598388397,0.3234063634136153,0.2954109374232067,0.3672153358392351,1.091268285373348,-0.3194963028813121,0.0246193881461229,-1.1460205893030972,0.4279455264001037,0.3712803723689403,0.0,-0.5420343938983756,0,0.038461538461538464,0.8492063492063492,1.8995433789954337,0.0005101466671668105,0.04093567251461988,1.4545454545454546,1.4706409512840994e-05,0.0625,0.002403846153846154,1.0,1.0,0.9807692307692307,0.009345794392523364
1,409,417,107,47,48,13,3,1,1,26,220,125,800082,19,127,816895,9,13.0,3.0,2,4,563593,28744345310,11583672,538893,0.0,35,-0.0447661481035845,0.918707323335885,0.8452474684058544,1.5093373944022468,-0.51766680435961,-0.5174378698770444,-0.6990680496275191,0.1465104432111584,-0.3997338299241621,-0.5430710103035288,-0.065625719139607,0.6297557645426818,1.0943718037991603,1.100781077302246,-0.5519811944275878,-0.6209034373097536,-0.6301413164844718,0.3234063634136153,0.2954109374232067,0.3672153358392351,1.091268285373348,-0.3194963028813121,0.0246059300552079,-1.2523131819207711,-0.361563349139103,0.3712502346314791,0.0,-0.514037881316548,0,0.038461538461538464,0.8492063492063492,1.8954545454545455,0.0005111969633150561,0.1015625,2.526315789473684,5.753486367909746e-05,0.020833333333333332,0.002398081534772182,1.0,0.9791666666666666,0.9808153477218226,0.009345794392523364
1,410,418,107,226,244,57,4,1,1,26,221,125,800427,46,192,1227118,9,13.0,3.0,2,4,563651,29941231634,7898928,538951,0.0,223,-0.0447661481035845,0.9250272399836516,0.85132742314975,1.5093373944022468,-0.2975227902656908,-0.2881460795316056,-0.2935387191998162,0.1531052597042786,-0.3997338299241621,-0.5430710103035288,-0.065625719139607,0.6398760622356877,1.0943718037991603,1.1017578419046437,-0.3251361549361972,-0.4499759125967567,-0.4569964486467164,0.3234063634136153,0.2954109374232067,0.3672153358392351,1.091268285373348,-0.3194963028813121,0.0246709774946302,-1.221259049897513,-0.8363572327801111,0.3713959003625413,0.0,-0.2851968219520447,0,0.038461538461538464,0.8492063492063492,1.8914027149321266,0.0005122259591118751,0.29533678756476683,5.304347826086956,0.00018417121729840383,0.004098360655737705,0.0023923444976076554,1.0,0.9262295081967213,0.9808612440191388,0.009345794392523364
1,411,419,107,89,90,49,5,1,1,26,222,125,802163,41,312,2000910,9,13.0,3.0,2,4,563627,39682983145,11980377,543727,0.0,78,-0.0447661481035845,0.9313471566314182,0.8574073778936456,1.5093373944022468,-0.4660129016113161,-0.4683039148030218,-0.3672713247321258,0.1597000761973988,-0.3997338299241621,-0.5430710103035288,-0.065625719139607,0.6499963599286936,1.0943718037991603,1.10667280813584,-0.367144495582751,-0.1344174054343007,-0.1303981994653871,0.3234063634136153,0.2954109374232067,0.3672153358392351,1.091268285373348,-0.3194963028813121,0.0246440613128003,-0.9685018485708756,-0.3104463359599497,0.3833907198720749,0.0,-0.4616965751853052,0,0.038461538461538464,0.8492063492063492,1.8873873873873874,0.0005123640552306012,0.15654952076677317,2.1951219512195124,4.447973947866747e-05,0.011111111111111112,0.002386634844868735,1.0,0.9888888888888889,0.9809069212410502,0.009345794392523364
1,418,426,108,40,40,16,6,5,2,32,225,126,805240,22,209,1335612,10,13.0,3.0,1,6,266276,44878107124,14397450,245412,0.0,37,-0.0447661481035845,0.9755865731657845,0.8999670611009148,1.5354744646293104,-0.5262757881509923,-0.5267967184625726,-0.671418322552903,0.166294892690519,0.5800059493017253,0.5134873755010019,0.6989457659820273,0.6803572530077115,1.1125220949310812,1.1153844159085302,-0.5267761900396555,-0.4052717907487421,-0.4112038448892736,1.0279953904585293,0.2954109374232067,0.3672153358392351,-0.8539514746504454,3.0085901854656867,-0.3088373379916209,-0.8337103795014542,0.0010031098397645,-0.3658208760212487,0.0,-0.5116034019616066,0,0.03125,0.8503937007874016,1.8933333333333333,0.0005190992510316787,0.0761904761904762,1.8181818181818181,2.994879504766725e-05,0.125,0.011737089201877934,2.5,1.0,0.9812206572769953,0.018518518518518517
1,419,427,108,753,775,148,7,1,1,26,226,126,806259,113,350,2250152,9,13.0,3.0,2,4,563560,24475620977,6401644,538860,0.0,755,-0.0447661481035845,0.9819064898135508,0.9060470158448104,1.5354744646293104,0.3506107037426635,0.3330474953328231,0.5451696687302058,0.1728897091836392,-0.3997338299241621,-0.5430710103035288,-0.065625719139607,0.6904775507007175,1.1125220949310812,1.1182694104877864,0.2377756097276239,-0.0344905448328563,-0.0251993852847637,0.3234063634136153,0.2954109374232067,0.3672153358392351,1.091268285373348,-0.3194963028813121,0.0245689203051918,-1.3630685029147105,-1.0292882166621782,0.371167355853461,0.0,0.3623746864624009,0,0.038461538461538464,0.8503937007874016,1.8893805309734513,0.0005196834767940863,0.42165242165242167,6.8584070796460175,0.0003346439108807268,0.0012903225806451613,0.00234192037470726,1.0,0.9716129032258064,0.9812646370023419,0.009259259259259259
1,421,429,108,139,140,88,8,1,1,26,228,126,806515,27,1514,9449590,9,13.0,3.0,2,4,563627,32676256246,9861980,543727,0.0,65,-0.0447661481035845,0.994546323109084,0.9182069253326016,1.5354744646293104,-0.4045201602442996,-0.4098111111434711,-0.0078248727621163,0.1794845256767593,-0.3997338299241621,-0.5430710103035288,-0.065625719139607,0.7107181460867295,1.1125220949310812,1.118994198134783,-0.4847678493931017,3.0264269746429657,3.013503322793804,0.3234063634136153,0.2954109374232067,0.3672153358392351,1.091268285373348,-0.3194963028813121,0.0246440613128003,-1.1502967423794033,-0.5834101941610786,0.3833907198720749,0.0,-0.4775206909924252,0,0.038461538461538464,0.8503937007874016,1.881578947368421,0.0005219983236538395,0.058085808580858087,5.185185185185185,1.4709631348065752e-05,0.007142857142857143,0.002331002331002331,1.0,0.9928571428571429,0.9813519813519813,0.009259259259259259
1,423,431,108,93,99,35,9,1,1,26,230,126,807213,36,149,957683,9,13.0,3.0,2,4,845476,32935161718,3357612,538951,0.0,87,-0.0447661481035845,1.0071861564046172,0.9303668348203928,1.5354744646293104,-0.4610934823019548,-0.4577752101443027,-0.4963033844136676,0.1860793421698796,-0.3997338299241621,-0.5430710103035288,-0.065625719139607,0.7309587414727413,1.1125220949310812,1.1209703769535475,-0.4091528362293048,-0.56305104432997,-0.5707182230617678,0.3234063634136153,0.2954109374232067,0.3672153358392351,1.091268285373348,-0.3194963028813121,0.3407398501702511,-1.1435792416879744,-1.4215238170749898,0.3713959003625413,0.0,-0.4507414180880684,0,0.038461538461538464,0.8503937007874016,1.873913043478261,0.0005240246080964899,0.23333333333333334,2.75,9.710927612866039e-05,0.010101010101010102,0.002320185614849188,1.0,0.9393939393939394,0.9814385150812065,0.009259259259259259
1,424,432,108,9,9,5,10,1,1,26,231,126,807532,3,60,386365,9,13.0,3.0,2,4,563627,21241354637,10958439,543727,0.0,5,-0.0447661481035845,1.0135060730523835,0.9364467895642884,1.5354744646293104,-0.5644012877985426,-0.563062256731494,-0.7728006551598288,0.1926741586629997,-0.3997338299241621,-0.5430710103035288,-0.065625719139607,0.7410790391657472,1.1125220949310812,1.1218735303105472,-0.68640788449656,-0.7970902704754581,-0.8118572611052972,0.3234063634136153,0.2954109374232067,0.3672153358392351,1.091268285373348,-0.3194963028813121,0.0246440613128003,-1.4469840192897971,-0.4421271018042864,0.3833907198720749,0.0,-0.550555071640671,0,0.038461538461538464,0.8503937007874016,1.87012987012987,0.0005250559419862717,0.08196721311475409,3.0,2.3293975142740304e-05,0.1111111111111111,0.0023148148148148147,1.0,1.0,0.9814814814814815,0.009259259259259259
1,428,436,108,244,249,95,11,1,1,26,233,126,807741,65,645,4165765,9,13.0,3.0,2,4,563627,15611632020,15177898,543727,0.0,204,-0.0447661481035845,1.03878573964345,0.9607666085398708,1.5354744646293104,-0.2753854033735648,-0.2822967991656505,0.0566911570786545,0.19926897515612,-0.3997338299241621,-0.5430710103035288,-0.065625719139607,0.7613196345517592,1.1125220949310812,1.122465251475478,-0.1655044604792927,0.7412574519415144,0.7833329488683339,0.3234063634136153,0.2954109374232067,0.3672153358392351,1.091268285373348,-0.3194963028813121,0.0246440613128003,-1.5930514827548068,0.1015669310712686,0.3833907198720749,0.0,-0.3083243758239892,0,0.038461538461538464,0.8503937007874016,1.871244635193133,0.0005298721621507858,0.14705882352941177,3.830769230769231,5.857266106641611e-05,0.004016064257028112,0.0022935779816513763,1.0,0.9799196787148594,0.981651376146789,0.009259259259259259
1,429,437,108,245,250,95,12,2,1,26,233,126,807750,65,645,4165774,9,13.0,3.0,2,4,563615,21269632524,17135049,543715,0.0,205,-0.0447661481035845,1.0451056562912169,0.9668465632837664,1.5354744646293104,-0.2741555485462245,-0.2811269430924595,0.0566911570786545,0.2058637916492401,-0.1547988851176902,-0.5430710103035288,-0.065625719139607,0.7613196345517592,1.1125220949310812,1.1224907322911928,-0.1655044604792927,0.7412574519415144,0.7833367475432267,0.3234063634136153,0.2954109374232067,0.3672153358392351,1.091268285373348,-0.3194963028813121,0.0246306032218854,-1.4462503278617742,0.3537536024280528,0.3833605821346138,0.0,-0.3071071361465184,0,0.038461538461538464,0.8503937007874016,1.8755364806866952,0.0005311042635663713,0.14705882352941177,3.8461538461538463,5.8812585893381186e-05,0.008,0.004576659038901602,2.0,0.98,0.9816933638443935,0.009259259259259259
1,430,438,108,756,778,148,13,2,1,26,233,126,807890,113,350,2251783,9,13.0,3.0,2,4,563560,23886318312,11298557,538860,0.0,757,-0.0447661481035845,1.0514255729389832,0.972926518027662,1.5354744646293104,0.3543002682246846,0.3365570635523961,0.5451696687302058,0.2124586081423604,-0.1547988851176902,-0.5430710103035288,-0.065625719139607,0.7613196345517592,1.1125220949310812,1.122887100535644,0.2377756097276239,-0.0344905448328563,-0.0245109809791949,0.3234063634136153,0.2954109374232067,0.3672153358392351,1.091268285373348,-0.3194963028813121,0.0245689203051918,-1.3783584117336265,-0.3983015480843502,0.371167355853461,0.0,0.3648091658173424,0,0.038461538461538464,0.8503937007874016,1.8798283261802575,0.0005322500188763088,0.42165242165242167,6.884955752212389,0.00033573380040003835,0.002570694087403599,0.0045662100456621,2.0,0.9717223650385605,0.9817351598173516,0.009259259259259259
1,432,440,108,76,79,45,14,2,2,26,233,126,808650,25,586,3781975,9,13.0,3.0,2,4,563627,25674564730,1332926,543727,0.0,70,-0.0447661481035845,1.0640654062345165,0.9850864275154532,1.5354744646293104,-0.4820010143667404,-0.481172331608123,-0.4041376274982806,0.2190534246354805,-0.1547988851176902,0.5134873755010019,-0.065625719139607,0.7613196345517592,1.1125220949310812,1.1250388138626657,-0.5015711856517232,0.5861078525866402,0.6213447891906655,0.3234063634136153,0.2954109374232067,0.3672153358392351,1.091268285373348,-0.3194963028813121,0.0246440613128003,-1.331960989320861,-1.682412641127238,0.3833907198720749,0.0,-0.4714344926050714,0,0.038461538461538464,0.8503937007874016,1.888412017167382,0.000534223045541278,0.07666098807495741,3.16,2.0095315253190394e-05,0.02531645569620253,0.004545454545454545,1.0,0.9620253164556962,0.9818181818181818,0.018518518518518517
1,3071,3158,408,204,223,24,1,19,5,11,644,528,3234188,54,28,182981,8,4.0,5.0,1,4,147842,6771875000,5667204,132687,0.0,218,-0.075961415199771,0.0375088874031836,0.0198979995205139,7.186532126891904,-0.502581023625163,-0.4510366114405241,-0.5797314333669356,-1.4907350316938066,-0.3257594471175158,-0.7225813029426112,-0.0372775953507534,0.320251378088956,8.612020593223473,8.539678448601975,-0.0046631930455536,-0.4537997602339415,-0.4662703347999716,0.1105561628162667,0.0508567981601404,2.246097995971911,-0.1801275199987453,1.4373718154496615,-0.0626451979985964,-0.1484415690811074,-0.3357086371837228,0.116673426165384,-0.0,-0.4509943622674388,0,0.09090909090909091,0.7712665406427222,4.903726708074534,0.0009495425282814332,0.8275862068965517,4.12962962962963,0.0011148637570908614,0.08520179372197309,0.006016466117796073,3.8,0.9147982062780269,0.9724509183027232,0.012254901960784314
1,62179,67917,197,670,676,149,1,80,30,898,5391,196,1214914,99,331,2085002,157,109.0,6.0,2,5,9540120,5500000000,2719284,2640309,5000000000000000.0,553,-0.075961415199771,5.616853887162884,5.542692908971177,2.8709964379270514,-0.2722735928242515,-0.2614960011659512,1.099280292582251,-1.41988032018898,-0.2290146202404464,0.448405132324701,15.98053786929256,4.362473446260788,1.9825109721855871,2.012211386197833,0.3976431887935803,1.435972284023686,1.516822092558159,13.369887781461674,14.86847566560807,3.483930166806605,4.2029754666373975,2.683094055506035,16.23969472445421,-0.1901100286632226,-1.4339715595546232,14.464368713815745,-0.0,-0.3075364400665979,0,0.0011135857461024498,1.0,12.598219254312744,0.05117971216093307,0.44879518072289154,6.828282828282828,0.00032134246329621586,0.11834319526627218,0.0011779083292842735,2.6666666666666665,0.9911242603550295,0.9155145250820855,0.15228426395939088
1,62184,67922,197,122,137,30,2,15,8,898,5391,196,1214947,37,849,5121869,157,109.0,6.0,2,5,9503652,5500000000,2941111,2630077,8e+16,128,-0.075961415199771,5.617325849080031,5.54311932035102,2.8709964379270514,-0.5431072238948512,-0.4870200385566682,-0.4991388705213746,-1.4161511248466208,-0.332103370191422,-0.5820629307105337,15.98053786929256,4.362473446260788,1.9825109721855871,2.012318061375673,-0.1566456039625598,4.666671686417914,4.683132007429658,13.369887781461674,14.86847566560807,3.483930166806605,4.2029754666373975,2.683094055506035,16.176396583971997,-0.1901100286632226,-1.351328757415905,14.405824954755072,-0.0,-0.4895352965900528,0,0.0011135857461024498,1.0,12.599146726024856,0.051182437437651655,0.03529411764705882,3.7027027027027026,2.3819425327077804e-05,0.10948905109489052,0.00022084155354671535,1.875,0.8905109489051095,0.9155207443832631,0.04060913705583756
1,62862,68660,199,308,331,42,3,40,10,28,5443,198,1224929,70,106,685051,13,8.0,4.0,3,6,465323,11000000000,1761468,146337,0.0,296,-0.075961415199771,5.681323885045334,5.606057640015847,2.9119019894812204,-0.45118194035629,-0.4058481215737385,-0.3379537448302527,-1.4124219295042617,-0.2924538509795084,-0.4883840158891487,0.2697154857077993,4.40675310658203,2.0224477771315983,2.044585686381948,0.138379076052805,0.0326762115551507,0.0571998135336674,0.5555001768647704,0.6153375169200616,1.0082658251372167,8.58607845327354,3.9288162955624086,0.4884120834106888,-0.0099220953351567,-1.790810890083812,0.194773730228926,-0.0,-0.41759221918784,0,0.03571428571428571,1.0,12.614367076979606,0.05131885087311112,0.3925233644859813,4.728571428571429,0.0004496009062085798,0.12084592145015106,0.0005825808330905913,4.0,0.9305135951661632,0.9155549082435188,0.05025125628140704
1,62945,68748,199,201,204,29,4,16,7,224,5450,198,1225969,21,44,286267,78,38.0,7.0,2,6,3362920,10000000000,932411,932411,0.0,202,-0.075961415199771,5.689158452869995,5.613562480301084,2.9119019894812204,-0.5040636894886882,-0.4589864383615327,-0.5125709643289681,-1.408692734161902,-0.3305173894229455,-0.6289023881212262,3.809165126147585,4.412713830086813,2.0224477771315983,2.0479475707745065,-0.2996878730609186,-0.3540098173028456,-0.3585818894820115,6.339772359495317,4.84894290761947,4.721762337641299,4.2029754666373975,3.9288162955624086,5.517821482523394,-0.0426835377584414,-2.099680385739071,4.69240145304539,-0.0,-0.4578460839247924,0,0.004464285714285714,1.0,12.614311926605504,0.05134301818152157,0.6444444444444445,9.714285714285714,0.0007021392541255048,0.0784313725490196,0.00023273404317216502,2.2857142857142856,0.9852941176470589,0.9155902717169954,0.035175879396984924
1,63299,69123,200,399,412,71,5,19,12,41,5479,199,1231917,93,210,1302229,19,9.0,6.0,2,6,681658,5000000000,6496944,190541,0.0,393,-0.075961415199771,5.72257335660409,5.64554333378931,2.9323547652583053,-0.4062077424960262,-0.3719567541736493,0.0515769755899585,-1.4049635388195427,-0.3257594471175158,-0.3947051010677638,0.504474900634928,4.437408256035197,2.0424161796046043,2.067174963435027,0.3440023378816957,0.6813108406072736,0.7006843061507503,1.0894329937229748,0.7564576966100418,3.483930166806605,4.2029754666373975,3.9288162955624086,0.8639084972864097,-0.206490749874865,-0.0265846863275154,0.447692839446861,-0.0,-0.3760536566401339,0,0.024390243902439025,1.0,12.61598831903632,0.05138247837924277,0.33649289099526064,4.43010752688172,0.00030639748738702074,0.04611650485436893,0.00027487232903664483,1.5833333333333333,0.9684466019417476,0.9157443976679253,0.06
1,63606,69458,201,194,219,75,6,9,8,46,5501,200,1236535,56,877,5288635,20,9.0,6.0,2,6,681013,8800000000,5216159,190362,0.0,167,-0.075961415199771,5.751551818316993,5.674112896238792,2.95280754103539,-0.5075232431702469,-0.452710259213368,0.1053053508203325,-1.4012343434771837,-0.3416192548022813,-0.5820629307105337,0.5947669832992082,4.4561419584788,2.06238458207761,2.082103023170448,0.0132170905917411,4.841304086547332,4.857006213729592,1.1784217965326755,0.7564576966100418,3.483930166806605,4.2029754666373975,3.9288162955624086,0.8627889595927871,-0.0819972686663831,-0.5037477969373059,0.446668666961339,-0.0,-0.4728342250502534,0,0.021739130434782608,1.0,12.626431557898563,0.05143885822976444,0.08542141230068337,3.9107142857142856,3.6682426243742246e-05,0.0410958904109589,0.00012957470701719024,1.125,0.8858447488584474,0.9157476460594892,0.03980099502487562
1,63818,69684,201,203,206,30,7,17,8,217,5520,200,1239160,21,46,299458,77,37.0,7.0,2,6,3276847,8400000000,908217,908217,0.0,204,-0.075961415199771,5.771563003604078,5.693386690607696,2.95280754103539,-0.5030752455796713,-0.4581496144751107,-0.4991388705213746,-1.3975051481348242,-0.3289314086544689,-0.5820629307105337,3.682756210417592,4.472321065134638,2.06238458207761,2.090588548680513,-0.2996878730609186,-0.3415360744364586,-0.3448286384877895,6.250783556685616,4.70782272792949,4.721762337641299,4.2029754666373975,3.9288162955624086,5.368423082673509,-0.0951018456356969,-2.108693986224784,4.55397224011401,-0.0,-0.4569896187176232,0,0.004608294930875576,1.0,12.623913043478261,0.051500975256645425,0.6382978723404256,9.80952380952381,0.0006778891267251945,0.0825242718446602,0.0002439584409620573,2.125,0.9854368932038835,0.915819987371563,0.03980099502487562
1,63968,69838,201,205,208,30,8,18,8,215,5533,200,1241265,21,46,301563,76,36.0,7.0,2,6,3249752,8200000000,1197950,900797,0.0,206,-0.075961415199771,5.7857218611185255,5.70652016110686,2.95280754103539,-0.5020868016706546,-0.4573127905886888,-0.4991388705213746,-1.393775952792465,-0.3273454278859924,-0.5820629307105337,3.64663937735188,4.483390980214948,2.06238458207761,2.097393131994298,-0.2996878730609186,-0.3415360744364586,-0.342633915317231,6.161794753875915,4.566702548239509,4.721762337641299,4.2029754666373975,3.9288162955624086,5.321393820954588,-0.1016541341203539,-2.000752450739666,4.511517715853828,-0.0,-0.456133153510454,0,0.004651162790697674,1.0,12.622085667811314,0.05153448173074909,0.6382978723404256,9.904761904761905,0.0006797893647782892,0.08653846153846154,0.0002577393396145365,2.25,0.9855769230769231,0.9159483375812595,0.03980099502487562
1,63990,69862,201,208,211,30,9,19,8,292,5535,200,1241471,21,46,301769,93,49.0,7.0,2,6,4380530,5000000000,2732422,1213029,0.0,209,-0.075961415199771,5.787798493553978,5.708566935730106,2.95280754103539,-0.5006041358071294,-0.4560575547590558,-0.4991388705213746,-1.3900467574501056,-0.3257594471175158,-0.5820629307105337,5.037137450381796,4.485094044073458,2.06238458207761,2.0980590437105167,-0.2996878730609186,-0.3415360744364586,-0.3424191348074281,7.674604401640828,6.401264884209254,4.721762337641299,4.2029754666373975,3.9288162955624086,7.284104819588929,-0.206490749874865,-1.4290769293495602,6.297994942107884,-0.0,-0.4548484556997002,0,0.003424657534246575,1.0,12.62186088527552,0.051543651407361585,0.6382978723404256,10.047619047619047,0.0006892666600391026,0.09004739336492891,0.0002719647304686382,2.375,0.985781990521327,0.9159485843520082,0.03980099502487562
1,64024,69903,202,210,213,31,10,20,9,215,5535,201,1241749,21,47,302047,76,36.0,7.0,2,6,3254115,6000000000,5313274,902009,0.0,211,-0.075961415199771,5.7910078345905855,5.712063509044819,2.9732603168124743,-0.4996156918981126,-0.4552207308726338,-0.4857067767137811,-1.3863175621077464,-0.3241734663490393,-0.5352234732998412,3.64663937735188,4.485094044073458,2.0823529845506155,2.098957701269297,-0.2996878730609186,-0.3352992030032651,-0.3421292853815776,6.161794753875915,4.566702548239509,4.721762337641299,4.2029754666373975,3.9288162955624086,5.32896675577207,-0.1737293074515803,-0.4675670987819794,4.518452336258592,-0.0,-0.453991990492531,0,0.004651162790697674,1.0,12.629268292682926,0.0515594926514999,0.6458333333333334,10.142857142857142,0.0006952537345057739,0.09389671361502347,0.00028611075347266925,2.2222222222222223,0.9859154929577465,0.9158977440167089,0.04455445544554455
1,19447,21771,134,30864,33676,417,1,7437,133,57,4,134,832997,16,424,2642768,25,9.0,10.0,2,5,831982,8000000000,2655906,287651,0.0,33509,-0.075961415199771,1.5832785584471176,1.607257002124093,1.5824715639707212,14.650264101602184,13.546098124796314,4.699081433017307,-1.4907350316938066,11.439045893441516,5.272869245626027,0.7934095651606248,-0.2247290566340211,0.7444700188592349,0.7776336923968908,-0.3443885821541557,2.0160013273106805,2.098362217949958,1.623365810581179,0.7564576966100418,8.435258850145383,4.2029754666373975,2.683094055506035,1.1248284728772937,-0.1082064226050108,-1.4575833629597437,1.0033207169274885,-0.0,13.805297243667468,0,0.017543859649122806,0.9925925925925926,5442.75,0.023345794347645492,0.9811764705882353,2104.75,0.01167865976935555,0.22083976719325335,0.3416012126222957,55.91729323308271,0.916498396484143,0.8932524918469523,0.9925373134328358
1,540,757,13,1521,2086,52,1,751,12,4,2,12,74920,9,68,439820,5,1.0,3.0,1,1,282657,5288061163,9159508,36370,0.0,2083,-0.075961415199771,-0.2013982350572582,-0.1848647450800982,-0.8923143050565163,0.1483092904623913,0.3284648387615274,-0.2036328067543177,-1.4870058363514471,0.835178475407317,-0.3947051010677638,-0.1636865110807457,-0.2264321204925304,-1.691675082847458,-1.6729117255434909,-0.4069695748846876,-0.2043249029062019,-0.1984838719006477,-0.1564102456128354,-0.3725037409098004,-0.2295663456974774,-0.1801275199987453,-2.299794904719459,0.1713555371420664,-0.197053450668856,0.9653673746644904,-0.4344171955553616,-0.0,0.3476594434178395,0,0.25,1.0,378.5,0.007207591996903405,0.7536231884057971,231.77777777777777,0.0034582250506456037,0.36001917545541706,0.9920739762219286,62.583333333333336,0.7291466922339406,0.71334214002642,0.9230769230769231
1,540,757,13,1521,2086,52,2,751,12,4,2,12,74920,9,68,439820,5,2.0,2.0,1,2,300000,5009999999,9484865,32614,0.0,2084,-0.075961415199771,-0.2013982350572582,-0.1848647450800982,-0.8923143050565163,0.1483092904623913,0.3284648387615274,-0.2036328067543177,-1.4907350316938066,0.835178475407317,-0.3947051010677638,-0.1636865110807457,-0.2264321204925304,-1.691675082847458,-1.6729117255434909,-0.4069695748846876,-0.2043249029062019,-0.1984838719006477,-0.1564102456128354,-0.2313835612198201,-1.4673985165321717,-0.1801275199987453,-1.0540726646630854,0.2014580832203553,-0.2061631354833936,1.0865808165604134,-0.4559076528493296,-0.0,0.3480876760214241,0,0.25,1.0,378.5,0.007207591996903405,0.7536231884057971,231.77777777777777,0.0034582250506456037,0.36001917545541706,0.9920739762219286,62.583333333333336,0.7291466922339406,0.71334214002642,0.9230769230769231
1,6,7,2,10,12,2,1,7,2,22,1,1,613,3,1,616,12,8.0,4.0,1,4,400000,30156118074,1150378,132524,0.0,10,-0.075961415199771,-0.2518037678086909,-0.2488264520565493,-1.117294838604447,-0.5984600827997913,-0.5393215314580404,-0.8752374971339925,-1.4907350316938066,-0.3447912163392344,-0.8630996751746887,0.161364986510663,-0.227283652421785,-1.9113275100505207,-1.9131151328106888,-0.4606104257965722,-0.6221952889301657,-0.6564084302863861,0.4665113740550696,0.6153375169200616,1.0082658251372167,-0.1801275199987453,1.4373718154496615,0.375029818665716,0.6176599639998379,-2.0184756466686693,0.1157407998238193,-0.0,-0.5400667438130355,0,0.045454545454545456,1.0,7.0,0.009771986970684038,1.0,4.0,0.01620745542949757,0.5833333333333334,1.0,3.5,0.8333333333333334,0.8571428571428571,1.0
2,7,8,2,11,13,2,2,8,2,15,1,1,617,3,1,620,7,6.0,4.0,2,3,600000,5009999999,9452251,125886,0.0,11,10.22223615974074,-0.2517093754252612,-0.2487411697805807,-1.117294838604447,-0.5979658608452829,-0.5389031195148295,-0.8752374971339925,-1.4870058363514471,-0.3432052355707579,-0.8630996751746887,0.0349560707806707,-0.227283652421785,-1.9113275100505207,-1.9131022024861024,-0.4606104257965722,-0.6221952889301657,-0.6564042597910501,0.021567360006566,0.333097157540101,1.0082658251372167,4.2029754666373975,0.191649575393288,0.7221732895564371,-0.2061631354833936,1.0744303012987355,0.0777605933495489,-0.0,-0.5396385112094509,0,0.13333333333333333,1.0,8.0,0.011326860841423949,1.0,4.333333333333333,0.017713365539452495,0.6153846153846154,1.0,4.0,0.8461538461538461,0.875,1.0
3,1,1,1,11,11,6,1,1,1,52,1,0,0,2,18,114655,19,10.0,8.0,4,6,600000,21000000000,544507,236926,0.0,8,20.520433734681248,-0.2522757297258391,-0.2493381457123609,-1.1377476143815315,-0.5979658608452829,-0.5397399434012514,-0.8215091219036185,-1.4907350316938066,-0.3543071009500937,-0.9099391325853812,0.7031174824963445,-0.227283652421785,-1.9312959125235265,-1.915096705053611,-0.4695505676152196,-0.5161684745658763,-0.5375086508814827,1.0894329937229748,0.8975778763000221,5.959594508475994,12.969181439909685,3.9288162955624086,0.7221732895564371,0.3176923288976904,-2.2441960376697074,0.7130908324129707,-0.0,-0.5409232090202047,1,0.057692307692307696,1.0,1.0,1.0,0.3157894736842105,5.5,9.593915713089589e-05,0.09090909090909091,1.0,1.0,1.0,1.0,1.0
1,833,839,82,1704,1771,101,1,523,60,7,44,127,793139,29,101,657493,5,3.0,3.0,1,3,107521,1430000000,6907458,96594,1.0977659e+18,1759,-0.075961415199771,-0.173741266712371,-0.1778715984506728,0.5189272235623216,0.2387519081374273,0.1966650766500694,0.4545397898177633,1.6343306652032834,0.4735748601946641,1.853588854645476,-0.1095112614821776,-0.190667779463835,0.6046912015481951,0.6487894730520647,-0.2281667385117392,0.0014918543891832,0.0284671859164459,-0.1564102456128354,-0.0902633815298398,-0.2295663456974774,-0.1801275199987453,0.191649575393288,-0.1326310574475202,-0.3234490993259914,0.126354438653545,-0.0898375097002147,-0.0,0.2089120798564292,0,0.14285714285714285,0.640625,19.068181818181817,0.0010502559447260256,0.9901960784313726,61.06896551724138,0.002591658631105379,0.295313382269904,0.6233611442193087,8.716666666666667,0.9621682665160926,0.9928486293206198,0.7317073170731707
1,834,840,83,1707,1774,102,2,524,61,7,44,128,797232,29,102,661586,5,3.0,3.0,1,3,108540,2000000000,7069577,97509,0.0,1762,-0.075961415199771,-0.1736468743289414,-0.1777863161747042,0.5393799993394063,0.2402345740009525,0.1979203124797024,0.4679718836253568,1.638059860545643,0.4751608409631407,1.900428312056168,-0.1095112614821776,-0.190667779463835,0.6246596040212008,0.6620204276854726,-0.2281667385117392,0.0077287258223767,0.0327346452689855,-0.1564102456128354,-0.0902633815298398,-0.2295663456974774,-0.1801275199987453,0.191649575393288,-0.130862361463332,-0.3047750771447191,0.1867527149676404,-0.0846022145926585,-0.0,0.210196777667183,0,0.14285714285714285,0.6434108527131783,19.09090909090909,0.0010461182615370914,0.9902912621359223,61.172413793103445,0.002580159525504582,0.29537767756482525,0.6238095238095238,8.59016393442623,0.9622322435174746,0.9928571428571429,0.7349397590361446
1,835,841,84,1710,1777,103,3,525,62,7,44,129,802212,29,103,666566,5,3.0,3.0,1,3,107521,5000000000,9849173,96594,1.0990516e+18,1765,-0.075961415199771,-0.1735524819455118,-0.1777010338987356,0.5598327751164909,0.2417172398644777,0.1991755483093353,0.4814039774329503,1.641789055888002,0.4767468217316172,1.9472677694668608,-0.1095112614821776,-0.190667779463835,0.6446280064942065,0.6781186817959959,-0.2281667385117392,0.0139655972555702,0.0379269119622783,-0.1564102456128354,-0.0902633815298398,-0.2295663456974774,-0.1801275199987453,0.191649575393288,-0.1326310574475202,-0.206490749874865,1.2223056560143666,-0.0898375097002147,-0.0,0.2114814754779368,0,0.14285714285714285,0.6461538461538462,19.113636363636363,0.0010408706914497772,0.9903846153846154,61.275862068965516,0.002565383524836963,0.2954417557681486,0.6242568370986921,8.46774193548387,0.9622960045019696,0.9928656361474435,0.7380952380952381
1,836,842,84,14,14,4,4,1,1,7,45,129,802923,5,15,95583,5,3.0,3.0,1,3,108513,10000001235,6898664,82485,0.0,8,-0.075961415199771,-0.1734580895620821,-0.177615751622767,0.5598327751164909,-0.5964831949817577,-0.5384847075716185,-0.8483733095188054,1.6455182512303612,-0.3543071009500937,-0.9099391325853812,-0.1095112614821776,-0.1898162475345804,0.6446280064942065,0.6804170469912935,-0.4427301421592773,-0.5348790888654569,-0.5573935726434266,-0.1564102456128354,-0.0902633815298398,-0.2295663456974774,-0.1801275199987453,0.191649575393288,-0.1309092258319023,-0.04268349729806,0.1230781882331368,-0.1705640437685307,-0.0,-0.5409232090202047,0,0.14285714285714285,0.6461538461538462,18.711111111111112,0.0010411944343424783,0.25,2.8,0.0001464680281218614,0.07142857142857142,0.0011876484560570072,1.0,1.0,0.9928741092636579,0.011904761904761904
1,837,843,84,1711,1778,103,5,526,62,7,45,129,805096,29,103,669450,5,3.0,3.0,1,3,107521,5000000000,5375578,96594,1.0935209e+18,1766,-0.075961415199771,-0.1733636971786525,-0.1775304693467984,0.5598327751164909,0.2422114618189861,0.1995939602525463,0.4814039774329503,1.6492474465727207,0.4783328025000938,1.9472677694668608,-0.1095112614821776,-0.1898162475345804,0.6446280064942065,0.6874414458230539,-0.2281667385117392,0.0139655972555702,0.0409338390995186,-0.1564102456128354,-0.0902633815298398,-0.2295663456974774,-0.1801275199987453,0.191649575393288,-0.1326310574475202,-0.206490749874865,-0.444355419660634,-0.0898375097002147,-0.0,0.2119097080815214,0,0.14285714285714285,0.6461538461538462,18.733333333333334,0.0010396262810568168,0.9903846153846154,61.310344827586206,0.002555825594404968,0.2958380202474691,0.6239620403321471,8.483870967741936,0.9623172103487064,0.9928825622775801,0.7380952380952381
1,838,844,84,1712,1779,103,6,527,62,7,45,129,805119,29,103,669473,5,3.0,3.0,1,3,91514,3000000000,9981611,82269,1.1405024e+18,1767,-0.075961415199771,-0.1732693047952228,-0.1774451870708298,0.5598327751164909,0.2427056837734945,0.2000123721957573,0.4814039774329503,1.65297664191508,0.4799187832685703,1.9472677694668608,-0.1095112614821776,-0.1898162475345804,0.6446280064942065,0.6875157951894277,-0.2281667385117392,0.0139655972555702,0.0409578194477005,-0.1564102456128354,-0.0902633815298398,-0.2295663456974774,-0.1801275199987453,0.191649575393288,-0.1604146851402591,-0.2720136347214344,1.2716461214655854,-0.1717999167119538,-0.0,0.212337940685106,0,0.14285714285714285,0.6461538461538462,18.755555555555556,0.0010408386327503975,0.9903846153846154,61.3448275862069,0.002557231498161243,0.2962338392355256,0.6244075829383886,8.5,0.9623383923552558,0.9928909952606635,0.7380952380952381
1,839,845,85,353,358,152,7,1,1,6,46,130,807117,93,1103,6371949,5,2.0,3.0,1,2,129993,3000000000,6559083,116703,1e+16,338,-0.075961415199771,-0.1731749124117932,-0.1773599047948612,0.5802855508935755,-0.4289419524034123,-0.3945509991070421,1.1395765740050314,1.6567058372574393,-0.3543071009500937,-0.9099391325853812,-0.1275696780150336,-0.1889647156053257,0.6645964089672122,0.6939744923205172,0.3440023378816957,6.25083703044906,5.986495209829554,-0.1564102456128354,-0.2313835612198201,-0.2295663456974774,-0.1801275199987453,-1.0540726646630854,-0.0936260170582388,-0.2720136347214344,-0.0034344788140125,0.0252188283520759,-0.0,-0.3996064498372869,0,0.16666666666666666,0.648854961832061,18.369565217391305,0.0010395010395010396,0.13768115942028986,3.849462365591398,5.5399053664890656e-05,0.002793296089385475,0.001183431952662722,1.0,0.9860335195530726,0.9928994082840237,0.011764705882352941
1,840,846,85,1718,1785,104,8,528,63,7,46,130,810974,29,104,675328,5,3.0,3.0,1,3,99433,10000000000,7305894,89359,0.0,1773,-0.075961415199771,-0.1730805200283635,-0.1772746225188926,0.5802855508935755,0.2456710155005448,0.2025228438550231,0.4948360712405438,1.6604350325997983,0.4815047640370469,1.994107226877553,-0.1095112614821776,-0.1889647156053257,0.6645964089672122,0.706442557803306,-0.2281667385117392,0.0202024686887637,0.0470623819957385,-0.1564102456128354,-0.0902633815298398,-0.2295663456974774,-0.1801275199987453,0.191649575393288,-0.146669539410341,-0.0426835377584414,0.2747938419405311,-0.1312335316708906,-0.0,0.2149073363066136,0,0.14285714285714285,0.648854961832061,18.391304347826086,0.001035790252473874,0.9904761904761905,61.55172413793103,0.00254394524742755,0.2957983193277311,0.624113475177305,8.380952380952381,0.9624649859943978,0.9929078014184397,0.7411764705882353
1,841,847,85,1725,1793,104,9,529,63,7,46,130,812660,29,104,677014,5,3.0,3.0,1,3,108540,3000000000,6611204,97509,0.0,1780,-0.075961415199771,-0.1729861276449338,-0.177189340242924,0.5802855508935755,0.2491305691821036,0.2058701394007109,0.4948360712405438,1.6641642279421578,0.4830907448055234,1.994107226877553,-0.1095112614821776,-0.1889647156053257,0.6645964089672122,0.7118926896166277,-0.2281667385117392,0.0202024686887637,0.0488202457798533,-0.1564102456128354,-0.0902633815298398,-0.2295663456974774,-0.1801275199987453,0.191649575393288,-0.130862361463332,-0.2720136347214344,0.0159834707154501,-0.0846022145926585,-0.0,0.2179049645317058,0,0.14285714285714285,0.648854961832061,18.41304347826087,0.0010348718592377388,0.9904761904761905,61.827586206896555,0.0025479494545911094,0.29503625209146683,0.6245572609208973,8.396825396825397,0.96207473508087,0.9929161747343566,0.7411764705882353
1,842,848,86,1727,1795,105,10,530,64,7,46,131,815739,29,105,680093,5,3.0,3.0,1,3,99433,5100000000,9492740,89359,0.0,1783,-0.075961415199771,-0.1728917352615042,-0.1771040579669554,0.6007383266706601,0.2501190130911204,0.2067069632871329,0.5082681650481373,1.667893423284517,0.484676725574,2.040946684288245,-0.1095112614821776,-0.1889647156053257,0.6845648114402179,0.7218458069672905,-0.2281667385117392,0.0264393401219572,0.0520304845647225,-0.1564102456128354,-0.0902633815298398,-0.2295663456974774,-0.1801275199987453,0.191649575393288,-0.146669539410341,-0.2032146056325365,1.0895146887528984,-0.1312335316708906,-0.0,0.2191896623424596,0,0.14285714285714285,0.6515151515151515,18.434782608695652,0.0010321916296859293,0.9905660377358491,61.89655172413793,0.0025393548538878447,0.29526462395543174,0.625,8.28125,0.962116991643454,0.9929245283018868,0.7441860465116279
1,843,849,86,196,215,23,11,2,2,6,46,131,819527,54,27,177988,5,2.0,3.0,1,2,98665,2420000000,9851199,88668,2e+18,210,-0.075961415199771,-0.1727973428780745,-0.1770187756909868,0.6007383266706601,-0.5065347992612301,-0.4543839069862119,-0.593163527174529,1.6716226186268763,-0.3527211201816171,-0.8630996751746887,-0.1275696780150336,-0.1889647156053257,0.6845648114402179,0.7340908243509576,-0.0046631930455536,-0.460036631667135,-0.4714761556031064,-0.1564102456128354,-0.2313835612198201,-0.2295663456974774,-0.1801275199987453,-1.0540726646630854,-0.1480025703385614,-0.2910152713269395,1.2230604528476332,-0.135187180763045,0.0,-0.4544202230961156,0,0.16666666666666666,0.6515151515151515,18.456521739130434,0.001028640876211673,0.8214285714285714,3.9814814814814814,0.0011011916466747945,0.009302325581395349,0.002355712603062426,1.0,0.9116279069767442,0.9929328621908127,0.023255813953488372
1,844,850,87,1294,1313,70,12,150,35,6,46,132,820318,98,74,478617,5,2.0,3.0,1,2,89557,5010000000,5908335,80518,3e+18,1303,-0.075961415199771,-0.1727029504946449,-0.1769334934150182,0.6211911024477447,0.036120906788986,0.0050324066594416,0.038144881782365,1.6753518139692356,-0.1179959664470881,0.6826024193781635,-0.1275696780150336,-0.1889647156053257,0.7045332139132235,0.7366477960379905,0.3887030469749328,-0.1669036743070409,-0.1580331950131615,-0.1564102456128354,-0.2313835612198201,-0.2295663456974774,-0.1801275199987453,-1.0540726646630854,-0.1638114840029248,-0.2061631354506321,-0.2458740294826258,-0.1818184978412771,0.0,0.0136380126218517,0,0.16666666666666666,0.6541353383458647,18.47826086956522,0.0010288680379218328,0.9333333333333333,13.39795918367347,0.0027036174987150503,0.11424219345011424,0.17647058823529413,4.285714285714286,0.9855293221629855,0.9929411764705882,0.40229885057471265
1,845,851,87,1295,1314,70,13,151,35,6,46,132,820336,98,74,478635,5,2.0,3.0,1,2,82657,5010000000,9326365,74343,5e+18,1304,-0.075961415199771,-0.1726085581112152,-0.1768482111390496,0.6211911024477447,0.0366151287434943,0.0054508186026526,0.038144881782365,1.6790810093115949,-0.1164099856786115,0.6826024193781635,-0.1275696780150336,-0.1889647156053257,0.7045332139132235,0.736705982498631,0.3887030469749328,-0.1669036743070409,-0.1580144277841496,-0.1564102456128354,-0.2313835612198201,-0.2295663456974774,-0.1801275199987453,-1.0540726646630854,-0.1757879337486547,-0.2061631354506321,1.0275308175116644,-0.2171495877747842,0.0,0.0140662452254363,0,0.16666666666666666,0.6541353383458647,18.5,0.0010300644735029628,0.9333333333333333,13.408163265306122,0.002705605094476805,0.11491628614916286,0.17743830787309048,4.314285714285714,0.9855403348554034,0.9929494712103408,0.40229885057471265
1,846,852,87,1296,1315,70,14,152,35,6,46,132,820350,98,74,478649,5,2.0,3.0,1,2,82657,5010000000,8907024,74343,3e+18,1305,-0.075961415199771,-0.1725141657277856,-0.176762928863081,0.6211911024477447,0.0371093506980027,0.0058692305458636,0.038144881782365,1.6828102046539544,-0.114824004910135,0.6826024193781635,-0.1275696780150336,-0.1889647156053257,0.7045332139132235,0.7367512386346846,0.3887030469749328,-0.1669036743070409,-0.1579998310504737,-0.1564102456128354,-0.2313835612198201,-0.2295663456974774,-0.1801275199987453,-1.0540726646630854,-0.1757879337486547,-0.2061631354506321,0.8713031477886273,-0.2171495877747842,0.0,0.0144944778290209,0,0.16666666666666666,0.6541353383458647,18.52173913043478,0.0010312658849687512,0.9333333333333333,13.418367346938776,0.002707615167659041,0.1155893536121673,0.1784037558685446,4.3428571428571425,0.9855513307984791,0.9929577464788732,0.40229885057471265
1,847,853,87,1297,1316,70,15,153,35,6,46,132,820370,98,74,478669,5,2.0,3.0,1,2,82657,5010000000,4360196,74343,2e+18,1306,-0.075961415199771,-0.172419773344356,-0.1766776465871124,0.6211911024477447,0.0376035726525111,0.0062876424890745,0.038144881782365,1.6865393999963136,-0.1132380241416584,0.6826024193781635,-0.1275696780150336,-0.1889647156053257,0.7045332139132235,0.7368158902576184,0.3887030469749328,-0.1669036743070409,-0.1579789785737938,-0.1564102456128354,-0.2313835612198201,-0.2295663456974774,-0.1801275199987453,-1.0540726646630854,-0.1757879337486547,-0.2061631354506321,-0.8226412627780896,-0.2171495877747842,0.0,0.0149227104326055,0,0.16666666666666666,0.6541353383458647,18.543478260869566,0.001032459704206999,0.9333333333333333,13.428571428571429,0.0027095911588359413,0.11626139817629179,0.17936694021101993,4.371428571428571,0.9855623100303952,0.9929660023446659,0.40229885057471265
1,848,854,87,1733,1801,106,16,531,65,7,46,132,822065,29,106,686419,5,3.0,3.0,1,3,99433,12200000000,8706731,89359,0.0,1789,-0.075961415199771,-0.1723253809609263,-0.1765923643111438,0.6211911024477447,0.2530843448181707,0.2092174349463988,0.5217002588557308,1.690268595338673,0.4862627063424765,2.0877861416989383,-0.1095112614821776,-0.1889647156053257,0.7045332139132235,0.7422951153012604,-0.2281667385117392,0.0326762115551507,0.058626122938572,-0.1564102456128354,-0.0902633815298398,-0.2295663456974774,-0.1801275199987453,0.191649575393288,-0.146669539410341,0.0293916355727849,0.7966829493061601,-0.1312335316708906,-0.0,0.2217590579639672,0,0.14285714285714285,0.6541353383458647,18.565217391304348,0.0010315473453469672,0.9906542056074766,62.10344827586207,0.0025246933364412457,0.29483620210993894,0.6217798594847775,8.169230769230769,0.9622431982232094,0.9929742388758782,0.7471264367816092
1,849,857,87,1735,1805,106,17,534,65,7,46,132,822098,29,106,686452,5,3.0,3.0,1,3,99433,14000000000,4341778,89359,0.0,1791,-0.075961415199771,-0.1722309885774967,-0.176336517483238,0.6211911024477447,0.2540727887271876,0.2108910827192427,0.5217002588557308,1.6939977906810322,0.4910206486479062,2.0877861416989383,-0.1095112614821776,-0.1889647156053257,0.7045332139132235,0.7424017904791012,-0.2281667385117392,0.0326762115551507,0.0586605295250938,-0.1564102456128354,-0.0902633815298398,-0.2295663456974774,-0.1801275199987453,0.191649575393288,-0.146669539410341,0.0883622319346974,-0.8295029844341139,-0.1312335316708906,-0.0,0.2226155231711364,0,0.14285714285714285,0.6541353383458647,18.630434782608695,0.0010327223363609493,0.9906542056074766,62.241379310344826,0.0025274854942727324,0.29584487534626036,0.6231038506417736,8.215384615384615,0.961218836565097,0.9906651108518086,0.7471264367816092
1,849,857,87,1735,1805,106,18,534,65,6,46,132,822098,29,106,686452,5,3.0,3.0,1,3,99433,13200000000,8188463,99433,0.0,1793,-0.075961415199771,-0.1722309885774967,-0.176336517483238,0.6211911024477447,0.2540727887271876,0.2108910827192427,0.5217002588557308,1.6977269860233914,0.4910206486479062,2.0877861416989383,-0.1275696780150336,-0.1889647156053257,0.7045332139132235,0.7424017904791012,-0.2281667385117392,0.0326762115551507,0.0586605295250938,-0.1564102456128354,-0.0902633815298398,-0.2295663456974774,-0.1801275199987453,0.191649575393288,-0.146669539410341,0.0621530779960696,0.6035995114071256,-0.0735937907817974,-0.0,0.2234719883783056,0,0.16666666666666666,0.6541353383458647,18.630434782608695,0.0010327223363609493,0.9906542056074766,62.241379310344826,0.0025274854942727324,0.29584487534626036,0.6231038506417736,8.215384615384615,0.961218836565097,0.9906651108518086,0.7471264367816092
1,849,857,87,1735,1805,106,19,534,65,6,46,132,822098,29,106,686452,5,3.0,3.0,1,3,99433,13200000000,8089030,99433,0.0,1792,-0.075961415199771,-0.1722309885774967,-0.176336517483238,0.6211911024477447,0.2540727887271876,0.2108910827192427,0.5217002588557308,1.7014561813657507,0.4910206486479062,2.0877861416989383,-0.1275696780150336,-0.1889647156053257,0.7045332139132235,0.7424017904791012,-0.2281667385117392,0.0326762115551507,0.0586605295250938,-0.1564102456128354,-0.0902633815298398,-0.2295663456974774,-0.1801275199987453,0.191649575393288,-0.146669539410341,0.0621530779960696,0.5665552303004111,-0.0735937907817974,-0.0,0.223043755774721,0,0.16666666666666666,0.6541353383458647,18.630434782608695,0.0010327223363609493,0.9906542056074766,62.241379310344826,0.0025274854942727324,0.29584487534626036,0.6231038506417736,8.215384615384615,0.961218836565097,0.9906651108518086,0.7471264367816092
1,850,858,87,1737,1807,106,20,535,65,7,46,132,822124,29,106,686478,5,3.0,3.0,1,3,99433,13200000000,3414711,89359,0.0,1795,-0.075961415199771,-0.172136596194067,-0.1762512352072694,0.6211911024477447,0.2550612326362043,0.2117279066056646,0.5217002588557308,1.70518537670811,0.4926066294163827,2.0877861416989383,-0.1095112614821776,-0.1889647156053257,0.7045332139132235,0.7424858375889152,-0.2281667385117392,0.0326762115551507,0.0586876377447776,-0.1564102456128354,-0.0902633815298398,-0.2295663456974774,-0.1801275199987453,0.191649575393288,-0.146669539410341,0.0621530779960696,-1.1748866151478454,-0.1312335316708906,-0.0,0.2243284535854748,0,0.14285714285714285,0.6541353383458647,18.652173913043477,0.0010339060361867112,0.9906542056074766,62.310344827586206,0.0025303031848024483,0.29607083563918096,0.6235431235431236,8.23076923076923,0.961261759822911,0.9906759906759907,0.7471264367816092
1,851,859,87,1739,1809,106,21,536,65,7,46,132,822137,29,106,686491,5,3.0,3.0,1,3,99433,8518639493,7006038,89359,0.0,1797,-0.075961415199771,-0.1720422038106374,-0.1761659529313008,0.6211911024477447,0.2560496765452211,0.2125647304920866,0.5217002588557308,1.7089145720504693,0.4941926101848592,2.0877861416989383,-0.1095112614821776,-0.1889647156053257,0.7045332139132235,0.7425278611438222,-0.2281667385117392,0.0326762115551507,0.0587011918546196,-0.1564102456128354,-0.0902633815298398,-0.2295663456974774,-0.1801275199987453,0.191649575393288,-0.146669539410341,-0.0912150447166497,0.1630809301754735,-0.1312335316708906,-0.0,0.225184918792644,0,0.14285714285714285,0.6541353383458647,18.67391304347826,0.0010351060284283175,0.9906542056074766,62.37931034482759,0.002533168631244064,0.2962962962962963,0.6239813736903376,8.246153846153845,0.9613045881702598,0.9906868451688009,0.7471264367816092
1,852,860,87,1743,1813,106,22,537,65,7,46,132,822170,29,106,686524,5,3.0,3.0,1,3,99433,13200000000,1262734,89359,0.0,1801,-0.075961415199771,-0.1719478114272077,-0.1760806706553322,0.6211911024477447,0.2580265643632547,0.2142383782649305,0.5217002588557308,1.7126437673928283,0.4957785909533358,2.0877861416989383,-0.1095112614821776,-0.1889647156053257,0.7045332139132235,0.742634536321663,-0.2281667385117392,0.0326762115551507,0.0587355984411414,-0.1564102456128354,-0.0902633815298398,-0.2295663456974774,-0.1801275199987453,0.191649575393288,-0.146669539410341,0.0621530779960696,-1.976616834724687,-0.1312335316708906,-0.0,0.2268978492069824,0,0.14285714285714285,0.6541353383458647,18.695652173913043,0.0010362807737076595,0.9906542056074766,62.51724137931034,0.002538873311241397,0.2961941533370105,0.6244186046511628,8.261538461538462,0.9613899613899614,0.9906976744186047,0.7471264367816092
1,853,861,87,1745,1815,106,23,538,65,7,46,132,822394,29,106,686748,5,3.0,3.0,1,3,99420,17500000000,9306762,89347,0.0,1803,-0.075961415199771,-0.1718534190437781,-0.1759953883793636,0.6211911024477447,0.2590150082722715,0.2150752021513524,0.5217002588557308,1.716372962735188,0.4973645717218123,2.0877861416989383,-0.1095112614821776,-0.1889647156053257,0.7045332139132235,0.7433586344985218,-0.2281667385117392,0.0326762115551507,0.0589691461799562,-0.1564102456128354,-0.0902633815298398,-0.2295663456974774,-0.1801275199987453,0.191649575393288,-0.1466921037359489,0.2030272804161939,1.020227617944771,-0.1313021912788586,-0.0,0.2277543144141516,0,0.14285714285714285,0.6541353383458647,18.717391304347824,0.001037214477228096,0.9906542056074766,62.58620689655172,0.0025409574677211035,0.29641873278236913,0.6248548199767712,8.276923076923078,0.9614325068870524,0.9907084785133565,0.7471264367816092
1,854,862,87,1747,1817,106,24,539,65,7,46,132,822419,29,106,686773,5,3.0,3.0,1,3,99433,16000000000,8727285,89359,0.0,1805,-0.075961415199771,-0.1717590266603484,-0.175910106103395,0.6211911024477447,0.2600034521812883,0.2159120260377744,0.5217002588557308,1.7201021580775473,0.4989505524902889,2.0877861416989383,-0.1095112614821776,-0.1889647156053257,0.7045332139132235,0.7434394490271892,-0.2281667385117392,0.0326762115551507,0.058995211775806,-0.1564102456128354,-0.0902633815298398,-0.2295663456974774,-0.1801275199987453,0.191649575393288,-0.146669539410341,0.1538851167812668,0.8043404488673461,-0.1312335316708906,-0.0,0.2286107796213208,0,0.14285714285714285,0.6541353383458647,18.73913043478261,0.0010383988716227718,0.9906542056074766,62.6551724137931,0.0025437771377483714,0.2966428178315905,0.6252900232018561,8.292307692307693,0.96147495872317,0.9907192575406032,0.7471264367816092
1,855,863,87,1749,1820,106,25,540,65,7,46,132,822495,29,106,686849,5,3.0,3.0,1,3,99433,18700000000,9936395,89359,0.0,1808,-0.075961415199771,-0.1716646342769188,-0.1758248238274264,0.6211911024477447,0.260991896090305,0.2171672618674073,0.5217002588557308,1.7238313534199066,0.5005365332587655,2.0877861416989383,-0.1095112614821776,-0.1889647156053257,0.7045332139132235,0.7436851251943377,-0.2281667385117392,0.0326762115551507,0.0590744511871896,-0.1564102456128354,-0.0902633815298398,-0.2295663456974774,-0.1801275199987453,0.191649575393288,-0.146669539410341,0.2423410113241355,1.2548006655855335,-0.1312335316708906,-0.0,0.2298954774320745,0,0.14285714285714285,0.6541353383458647,18.76086956521739,0.0010395187332218028,0.9906542056074766,62.758620689655174,0.002546407512557327,0.2967032967032967,0.6257242178447276,8.307692307692308,0.960989010989011,0.9907300115874855,0.7471264367816092
1,856,864,87,1751,1824,106,26,541,65,7,46,132,822507,29,106,686861,5,3.0,3.0,1,3,99433,20000000000,2627555,89359,0.0,1811,-0.075961415199771,-0.1715702418934891,-0.1757395415514578,0.6211911024477447,0.2619803399993218,0.2188409096402513,0.5217002588557308,1.7275605487622658,0.5021225140272421,2.0877861416989383,-0.1095112614821776,-0.1889647156053257,0.7045332139132235,0.743723916168098,-0.2281667385117392,0.0326762115551507,0.0590869626731976,-0.1564102456128354,-0.0902633815298398,-0.2295663456974774,-0.1801275199987453,0.191649575393288,-0.146669539410341,0.2849308864744057,-1.4681456754078892,-0.1312335316708906,-0.0,0.2311801752428283,0,0.14285714285714285,0.6541353383458647,18.782608695652176,0.0010407193607843328,0.9906542056074766,62.89655172413793,0.0025492748179401395,0.29660087719298245,0.6261574074074074,8.323076923076924,0.9599780701754386,0.9907407407407407,0.7471264367816092
1,857,865,87,1753,1826,106,27,542,65,7,46,132,823074,29,106,687428,5,3.0,3.0,1,3,99433,11746154283,2463080,89359,0.0,1814,-0.075961415199771,-0.1714758495100595,-0.1756542592754892,0.6211911024477447,0.2629687839083386,0.2196777335266732,0.5217002588557308,1.731289744104625,0.5037084947957186,2.0877861416989383,-0.1095112614821776,-0.1889647156053257,0.7045332139132235,0.745556789678272,-0.2281667385117392,0.0326762115551507,0.0596781303870725,-0.1564102456128354,-0.0902633815298398,-0.2295663456974774,-0.1801275199987453,0.191649575393288,-0.146669539410341,0.014522995246235,-1.5294216917709362,-0.1312335316708906,-0.0,0.2324648730535821,0,0.14285714285714285,0.6541353383458647,18.804347826086957,0.00104121738602193,0.9906542056074766,62.96551724137931,0.0025500815356931405,0.2968236582694414,0.6265895953757226,8.338461538461539,0.9600219058050383,0.9907514450867052,0.7471264367816092
1,858,866,87,1755,1828,106,28,543,65,7,46,132,823495,29,106,687849,5,3.0,3.0,1,3,99433,7600000000,9096167,89359,0.0,1816,-0.075961415199771,-0.1713814571266298,-0.1755689769995206,0.6211911024477447,0.2639572278173554,0.2205145574130952,0.5217002588557308,1.7350189394469844,0.5052944755641952,2.0877861416989383,-0.1095112614821776,-0.1889647156053257,0.7045332139132235,0.746917706341029,-0.2281667385117392,0.0326762115551507,0.0601170750211842,-0.1564102456128354,-0.0902633815298398,-0.2295663456974774,-0.1801275199987453,0.191649575393288,-0.146669539410341,-0.1213109995743247,0.9417693558017346,-0.1312335316708906,-0.0,0.2333213382607513,0,0.14285714285714285,0.6541353383458647,18.82608695652174,0.0010418994142048048,0.9906542056074766,63.03448275862069,0.0025514283637420947,0.29704595185995625,0.6270207852193995,8.353846153846154,0.9600656455142232,0.9907621247113164,0.7471264367816092
1,859,867,87,1757,1830,106,29,544,65,7,46,132,823596,29,106,687950,5,3.0,3.0,1,3,99433,13000000000,6336336,89359,0.0,1818,-0.075961415199771,-0.1712870647432002,-0.175483694723552,0.6211911024477447,0.2649456717263722,0.2213513812995171,0.5217002588557308,1.7387481347893436,0.5068804563326716,2.0877861416989383,-0.1095112614821776,-0.1889647156053257,0.7045332139132235,0.7472441970368449,-0.2281667385117392,0.0326762115551507,0.0602223800284176,-0.1564102456128354,-0.0902633815298398,-0.2295663456974774,-0.1801275199987453,0.191649575393288,-0.146669539410341,0.0556007895114126,-0.0864200317358526,-0.1312335316708906,-0.0,0.2341778034679205,0,0.14285714285714285,0.6541353383458647,18.847826086956523,0.0010429858292344434,0.9906542056074766,63.10344827586207,0.002553960965243164,0.2972677595628415,0.6274509803921569,8.36923076923077,0.9601092896174863,0.9907727797001153,0.7471264367816092
1,860,868,87,1759,1832,106,30,545,65,7,46,132,824292,29,106,688646,5,3.0,3.0,1,3,108540,5500000000,9668535,97509,0.0,1820,-0.075961415199771,-0.1711926723597705,-0.1753984124475834,0.6211911024477447,0.265934115635389,0.2221882051859391,0.5217002588557308,1.742477330131703,0.5084664371011482,2.0877861416989383,-0.1095112614821776,-0.1889647156053257,0.7045332139132235,0.7494940735149421,-0.2281667385117392,0.0326762115551507,0.0609480462168778,-0.1564102456128354,-0.0902633815298398,-0.2295663456974774,-0.1801275199987453,0.191649575393288,-0.130862361463332,-0.1901100286632226,1.1550080299691432,-0.0846022145926585,-0.0,0.2350342686750897,0,0.14285714285714285,0.6541353383458647,18.869565217391305,0.0010433183346213058,0.9906542056074766,63.172413793103445,0.002554283980036216,0.29748908296943233,0.6278801843317973,8.384615384615385,0.9601528384279476,0.9907834101382489,0.7471264367816092
1,861,869,87,1761,1834,106,31,546,65,7,46,132,824313,29,106,688667,5,3.0,3.0,1,3,99433,6500000000,9895621,89359,0.0,1822,-0.075961415199771,-0.1710982799763409,-0.1753131301716148,0.6211911024477447,0.2669225595444058,0.223025029072361,0.5217002588557308,1.7462065254740622,0.5100524178696247,2.0877861416989383,-0.1095112614821776,-0.1889647156053257,0.7045332139132235,0.7495619577190227,-0.2281667385117392,0.0326762115551507,0.0609699413173917,-0.1564102456128354,-0.0902633815298398,-0.2295663456974774,-0.1801275199987453,0.191649575393288,-0.146669539410341,-0.1573485862399379,1.2396100998996429,-0.1312335316708906,-0.0,0.2358907338822589,0,0.14285714285714285,0.6541353383458647,18.891304347826086,0.0010445048852743008,0.9906542056074766,63.241379310344826,0.002557110247608427,0.29770992366412213,0.6283084004602992,8.4,0.9601962922573609,0.9907940161104718,0.7471264367816092
1,862,870,88,1763,1836,107,32,547,66,7,46,133,828435,29,107,692789,5,3.0,3.0,1,3,107521,5500000000,6897816,96594,1.0432141e+18,1824,-0.075961415199771,-0.1710038875929112,-0.1752278478956462,0.6416438782248293,0.2679110034534225,0.223861852958783,0.5351323526633243,1.7499357208164217,0.5116383986381013,2.1346255991096306,-0.1095112614821776,-0.1889647156053257,0.7245016163862292,0.7628866572056846,-0.2281667385117392,0.0389130829883442,0.0652676367611172,-0.1564102456128354,-0.0902633815298398,-0.2295663456974774,-0.1801275199987453,0.191649575393288,-0.1326310574475202,-0.1901100286632226,0.1227622614243461,-0.0898375097002147,-0.0,0.2367471990894281,0,0.14285714285714285,0.6567164179104478,18.91304347826087,0.001040514897952286,0.9907407407407407,63.310344827586206,0.0025447826902813262,0.29793028322440085,0.628735632183908,8.287878787878787,0.960239651416122,0.9908045977011494,0.75
1,863,871,89,211,230,26,33,3,3,7,46,134,833090,54,30,191551,5,3.0,3.0,1,3,115440,3500000000,7529894,103684,0.0,225,-0.075961415199771,-0.1709094952094816,-0.1751425656196776,0.6620966540019139,-0.4991214699436042,-0.4481077278380472,-0.5528672457517486,1.753664916158781,-0.3511351394131406,-0.8162602177639962,-0.1095112614821776,-0.1889647156053257,0.7444700188592349,0.7779343224435331,-0.0046631930455536,-0.4413260173675545,-0.4573350485426384,-0.1564102456128354,-0.0902633815298398,-0.2295663456974774,-0.1801275199987453,0.191649575393288,-0.1188859117176021,-0.255632913509792,0.3582462065267756,-0.0492711246591514,-0.0,-0.4479967340423466,0,0.14285714285714285,0.6592592592592592,18.934782608695652,0.0010359012400806154,0.8387096774193549,4.2592592592592595,0.0011015285666555296,0.013043478260869565,0.003444316877152698,1.0,0.9173913043478261,0.9908151549942594,0.033707865168539325
8,226,226,75,5,5,2,1,1,1,182,31,135,872427,4,0,14,20,7.0,11.0,4,5,542328,38515270541,18808823,527270,0.0,3,1.6424671386995109,0.5367349354897679,0.4668039873930328,1.1177223827398646,-0.9731179738179204,-1.0027417896624666,-1.6643666758312543,2.651103837713687,-0.4237843292332727,-0.7743195498775102,-0.7051051139086805,-0.0083291711462176,0.4890337281484558,0.4910905611103196,-1.2532481541462763,-1.4363455680708217,-1.4701168260364166,-0.7507221820042793,-0.8634579926998716,0.1026521667623534,0.2212456083293315,0.2594043039407071,-0.5668756463747494,-0.4639957547395267,0.6621767283280826,-0.6593401085319731,-0.0,-0.994523648055043,0,0.04395604395604396,0.5514705882352942,7.290322580645161,0.0002590471649236384,2.0,1.25,0.3333333333333333,0.2,0.004424778761061947,1.0,1.0,1.0,0.013333333333333334
8,227,227,75,31,33,12,2,1,1,182,32,135,873204,22,106,685271,20,7.0,11.0,4,5,541793,50543299807,20893476,526671,0.0,30,1.6424671386995109,0.5425952796584972,0.4721232788923733,1.1177223827398646,-0.9685779423466496,-0.9978886384357116,-1.5978205572839066,2.666534442886731,-0.4237843292332727,-0.7743195498775102,-0.7051051139086805,0.007029913251543,0.4890337281484558,0.4922650964790464,-1.1860418779947286,-1.0636561614207487,-1.0853317125347282,-0.7507221820042793,-0.8634579926998716,0.1026521667623534,0.2212456083293315,0.2594043039407071,-0.567393036659263,-0.1811947871520166,0.9271445631711528,-0.6601584553881945,-0.0,-0.989833477827632,0,0.04395604395604396,0.5514705882352942,7.09375,0.0002599618646251453,0.11214953271028037,1.5,4.5237511528269064e-05,0.030303030303030304,0.004405286343612335,1.0,0.9393939393939394,1.0,0.013333333333333334
6,228,228,75,6717,7326,460,3,26,15,704,32,135,874356,651,547,3532415,65,21.0,12.0,5,5,1644191,57312611169,11415501,1596906,0.0,7239,0.9223921414683344,0.5484556238272265,0.4774425703917138,1.1177223827398646,0.1989086121501217,0.2661839293044903,1.3834455536372698,2.6819650480597743,0.4214350789145538,1.2702370279756992,0.8040862368670348,0.007029913251543,0.4890337281484558,0.4940064925469657,1.162444105301033,0.4868724077554985,0.5133949362928661,1.229094903858635,0.6937571612877543,0.5247374735740182,0.8839813219674194,0.2594043039407071,0.4987191406626816,-0.0220358958042771,-0.277544425570258,0.8019841951428528,-0.0,0.2624419728911178,0,0.008522727272727272,0.5514705882352942,7.125,0.0002607630521629037,0.8394160583941606,11.253456221198157,0.0019015314164583107,0.003549003549003549,0.11403508771929824,1.7333333333333334,0.9168714168714168,1.0,0.2
3,229,229,75,3,3,1,4,1,1,61,33,135,874957,2,0,7,10,6.0,10.0,2,4,295846,33707207551,16516611,284629,8e+18,1,-0.1577203543784298,0.5543159679959558,0.4827618618910543,1.1177223827398646,-0.973467207008018,-1.0030884433215206,-1.6710212876859891,2.697395653232818,-0.4237843292332727,-0.7743195498775102,-1.054936825486959,0.0223889976493037,0.4890337281484558,0.4949149812942048,-1.2607155181631151,-1.4363455680708217,-1.4701207566723598,-1.1906815344182604,-0.9746876465561304,-0.3194331400493114,-1.104225818946844,-0.5468194012646824,-0.8052446035850015,-0.5770421096928916,0.3708273043993503,-0.9908334299683902,0.0,-0.9948710680718884,0,0.04918032786885246,0.5514705882352942,6.9393939393939394,0.00026172684860301863,1.0,1.5,0.375,0.3333333333333333,0.004366812227074236,1.0,1.0,1.0,0.013333333333333334
3,230,230,76,69,204,19,5,1,1,61,34,136,876279,15,336,2154939,10,6.0,10.0,2,4,295846,42277668980,5583104,284629,7.8e+19,44,-0.1577203543784298,0.5601763121646851,0.4880811533903949,1.1492410493514589,-0.9619425117347924,-0.9682497505865992,-1.551238274300763,2.7128262584058613,-0.4237843292332727,-0.7743195498775102,-1.054936825486959,0.0377480820470644,0.4988087916477849,0.4969133542124247,-1.2121776520536638,-0.2549904677460619,-0.2600845889157075,-1.1906815344182604,-0.9746876465561304,-0.3194331400493114,-1.104225818946844,-0.5468194012646824,-0.8052446035850015,-0.3755348859248318,-1.0188656934432412,-0.9908334299683902,0.0,-0.9874015377097152,0,0.04918032786885246,0.5547445255474452,6.764705882352941,0.0002624731820879171,0.05637982195845697,13.6,3.2019452977809125e-05,0.004901960784313725,0.004347826086956522,1.0,0.3382352941176471,1.0,0.013157894736842105
3,231,231,76,4867,5062,282,6,1,1,61,35,136,876303,289,321,2056528,10,6.0,10.0,2,4,275630,56243642796,2323287,264729,5e+18,4915,-0.1577203543784298,0.5660366563334144,0.4934004448897354,1.1492410493514589,-0.124132088690295,-0.1262280127445727,0.1989246434944809,2.728256863578905,-0.4237843292332727,-0.7743195498775102,-1.054936825486959,0.0531071664448251,0.4988087916477849,0.496949633297173,-0.1891487817467661,-0.3077295347248458,-0.3153442766019547,-1.1906815344182604,-0.9746876465561304,-0.3194331400493114,-1.104225818946844,-0.5468194012646824,-0.8247951867471085,-0.0471692974213967,-1.4332016296756178,-1.018020579281922,-0.0,-0.1412600866830775,0,0.04918032786885246,0.5547445255474452,6.6,0.0002636071500301265,0.8757763975155279,17.515570934256054,0.002366608980471464,0.00019755037534571315,0.004329004329004329,1.0,0.9614776768075859,1.0,0.013157894736842105
3,232,232,76,4871,5066,282,7,2,1,61,35,136,876381,290,321,2056606,10,6.0,10.0,2,4,261142,50803613584,848108,250467,9e+20,4918,-0.1577203543784298,0.5718970005021436,0.4987197363890759,1.1492410493514589,-0.1234336223100995,-0.1255347054264649,0.1989246434944809,2.743687468751949,-0.3899755529073597,-0.7743195498775102,-1.054936825486959,0.0531071664448251,0.4988087916477849,0.4970675403226051,-0.1854150997383468,-0.3077295347248458,-0.3153004780871593,-1.1906815344182604,-0.9746876465561304,-0.3194331400493114,-1.104225818946844,-0.5468194012646824,-0.838806309068666,-0.175074334134825,-1.620702852006608,-1.037505158352756,0.0,-0.1407389566578096,0,0.04918032786885246,0.5547445255474452,6.628571428571429,0.0002647247433196939,0.8757763975155279,17.46896551724138,0.0023684641742442772,0.00039478878799842083,0.008620689655172414,2.0,0.961508093170154,1.0,0.013157894736842105
3,233,233,76,52,52,30,8,1,1,61,36,136,877044,21,264,1689985,10,6.0,10.0,2,4,295846,47503908747,11993716,284629,1e+20,33,-0.1577203543784298,0.577757344670873,0.5040390278884165,1.1492410493514589,-0.9649109938506232,-0.9945954286746992,-1.4780375438986808,2.7591180739249923,-0.4237843292332727,-0.7743195498775102,-1.054936825486959,0.0684662508425858,0.4988087916477849,0.4980697500387773,-1.189775560003148,-0.5081379892442247,-0.5211652895332335,-1.1906815344182604,-0.9746876465561304,-0.3194331400493114,-1.104225818946844,-0.5468194012646824,-0.8052446035850015,-0.2526564300891954,-0.2040509584926264,-0.9908334299683902,0.0,-0.989312347802364,0,0.04918032786885246,0.5547445255474452,6.472222222222222,0.00026566481765473833,0.11320754716981132,2.4761904761904763,3.0769485664378284e-05,0.019230769230769232,0.004291845493562232,1.0,1.0,1.0,0.013157894736842105
3,234,234,76,54,54,30,9,2,1,61,36,136,877183,22,264,1690124,10,6.0,10.0,2,4,261142,24743561431,24141320,250467,1e+20,35,-0.1577203543784298,0.5836176888396023,0.509358319387757,1.1492410493514589,-0.9645617606605256,-0.9942487750156452,-1.4780375438986808,2.774548679098036,-0.3899755529073597,-0.7743195498775102,-1.054936825486959,0.0684662508425858,0.4988087916477849,0.4982798664046113,-1.1860418779947286,-0.5081379892442247,-0.5210872383337904,-1.1906815344182604,-0.9746876465561304,-0.3194331400493114,-1.104225818946844,-0.5468194012646824,-0.838806309068666,-0.7877938246902594,1.339958682637585,-1.037505158352756,0.0,-0.9889649277855188,0,0.04918032786885246,0.5547445255474452,6.5,0.0002667627316503721,0.11320754716981132,2.4545454545454546,3.195029953405813e-05,0.037037037037037035,0.008547008547008548,2.0,1.0,1.0,0.013157894736842105
3,235,235,76,56,56,30,10,3,1,61,36,136,877294,22,264,1690235,10,6.0,10.0,2,4,243770,34166173921,19297273,233367,7e+19,37,-0.1577203543784298,0.5894780330083316,0.5146776108870975,1.1492410493514589,-0.9642125274704278,-0.9939021213565912,-1.4780375438986808,2.78997928427108,-0.3561667765814466,-0.7743195498775102,-1.054936825486959,0.0684662508425858,0.4988087916477849,0.4984476571715723,-1.1860418779947286,-0.5081379892442247,-0.5210249096781202,-1.1906815344182604,-0.9746876465561304,-0.3194331400493114,-1.104225818946844,-0.5468194012646824,-0.8556065035033773,-0.5662509708740806,0.7242607005426899,-1.0608669801246853,0.0,-0.9886175077686736,0,0.04918032786885246,0.5547445255474452,6.527777777777778,0.000267868846853111,0.11320754716981132,2.5454545454545454,3.313146803168315e-05,0.05357142857142857,0.01276595744680851,3.0,1.0,1.0,0.013157894736842105
3,236,236,76,6793,7403,461,11,27,16,61,36,136,877698,654,548,3535757,10,6.0,10.0,2,4,243770,26110570084,21051893,233367,1e+19,7315,-0.1577203543784298,0.595338377177061,0.519996902386438,1.1492410493514589,0.2121794733738362,0.2795300951780671,1.3901001654920049,2.805409889444123,0.4552438552404668,1.4162767835366423,-1.054936825486959,0.0684662508425858,0.4988087916477849,0.499058355098169,1.173645151326291,0.4903883455540841,0.5152715341960217,-1.1906815344182604,-0.9746876465561304,-0.3194331400493114,-1.104225818946844,-0.5468194012646824,-0.8556065035033773,-0.7556529509677711,0.9472800051331172,-1.0608669801246853,0.0,0.2756439335312378,0,0.04918032786885246,0.5547445255474452,6.555555555555555,0.00026888489106174213,0.8397085610200364,11.319571865443425,0.0019212287718786184,0.003647170066189383,0.11440677966101695,1.6875,0.9176009725786843,1.0,0.21052631578947367
6,237,237,76,87,89,27,12,5,5,283,36,136,877904,36,195,1247395,33,9.0,12.0,5,5,745118,40878269735,15676177,726891,0.0,82,0.9223921414683344,0.6011987213457902,0.5253161938857785,1.1492410493514589,-0.9587994130239128,-0.9881823359822012,-1.4980013794628853,2.820840494617167,-0.2885492239296205,-0.1901605276337361,-0.4130968257317701,0.0684662508425858,0.4988087916477849,0.4993697505755921,-1.1337703298768578,-0.7507376973466308,-0.7696881698317379,-0.1787750238661041,-0.6409986849873536,0.5247374735740182,0.8839813219674194,0.2594043039407071,-0.3707605514279904,-0.4084373217083823,0.2640047409758448,-0.3866202123954627,-0.0,-0.9808005573896552,0,0.02120141342756184,0.5547445255474452,6.583333333333333,0.00026996087275958105,0.1377551020408163,2.4722222222222223,6.974529339520088e-05,0.056179775280898875,0.02109704641350211,1.0,0.9775280898876404,1.0,0.06578947368421052
59,4,6,1,15,17,1,1,6,1,3688,1,0,412,5,0,443,38,53.0,17.0,6,14,20000000,33270135867,10334536,9298375,0.0,16,20.004379568094503,-0.7642614699681373,-0.7034401424618822,-1.2146589465181217,-0.9713718078674316,-1.000661867708143,-1.6710212876859891,-0.8207823262211247,-0.2547404476037074,-0.7743195498775102,9.4313410083512,-0.4691017030790389,-0.8305998442609617,-0.8270721925065492,-1.2495144721378573,-1.4363455680708217,-1.469875934205042,0.0412046523408863,4.253106084688042,2.6351640076323424,1.546717035605507,7.515417650789214,18.250340151854417,-0.5873184643979552,-0.4149394527479894,11.323641865320612,-0.0,-0.9922654179455488,1,0.015997830802603037,1.0,6.0,0.009685230024213076,1.0,3.4,0.033783783783783786,0.35294117647058826,1.0,6.0,0.8823529411764706,0.6666666666666666,1.0
3,146,146,68,16637,16638,309,1,23,14,718,25,144,932448,378,313,2012105,57,20.0,12.0,5,5,1576113,47912994227,11509292,1544902,0.0,16573,-0.1577203543784298,0.0679074019914237,0.0412606674457909,0.8970917164587037,1.931105235034952,1.880203365859647,0.3785991635723197,-0.450447802068078,0.3200087499368146,1.1241972724147555,0.8445626332479927,-0.1004836775327819,0.577009299642417,0.5818200171802703,0.1431489170025546,-0.3358570371135306,-0.3402886538167595,0.8771274219274502,0.5825275074314953,0.5247374735740182,0.8839813219674194,0.2594043039407071,0.4328819522718071,-0.2430380822275864,-0.2656232098102411,0.730936933188033,-0.0,1.88385119150796,0,0.004178272980501393,0.4689655172413793,5.84,0.00015657692806791577,0.9840764331210191,44.01587301587302,0.008268451065699322,0.001382377689626157,0.15753424657534246,1.6428571428571428,0.9999398966221902,1.0,0.20588235294117646
3,224,226,38,16604,16605,309,1,34,13,674,36,43,271748,378,313,2009365,57,20.0,12.0,4,5,1504261,36663906216,24230105,1474173,0.0,16540,-0.1577203543784298,0.5250142471523093,0.4668039873930328,-0.0484682818891286,1.925342887398339,1.874483580485257,0.3785991635723197,-0.2189887244724239,0.6919052895218581,0.978157516853812,0.7173511017649823,0.0684662508425858,-0.4102721137898139,-0.416912953370311,0.1431489170025546,-0.3358570371135306,-0.341827217028802,0.8771274219274502,0.5825275074314953,0.5247374735740182,0.2212456083293315,0.2594043039407071,0.3633949864346626,-0.5075247162084668,1.3512436155336316,0.6343077932987465,-0.0,1.8781187612300123,0,0.004451038575667656,0.8636363636363636,6.277777777777778,0.0008242900617849559,0.9840764331210191,43.92857142857143,0.008263302952274499,0.002047576031315869,0.1504424778761062,2.6153846153846154,0.9999397771755495,0.9911504424778761,0.34210526315789475
3,227,229,38,6714,7323,460,2,44,18,770,37,43,274069,651,547,3532390,65,22.0,12.0,4,5,1703865,65297805214,15332763,1670658,0.0,7236,-0.1577203543784298,0.5425952796584972,0.4827618618910543,-0.0484682818891286,0.1983847623649751,0.2656639488159094,1.3834455536372698,-0.2035581192993803,1.0299930527809888,1.7083562946585296,0.9949035340915506,0.0838253352403465,-0.4102721137898139,-0.4134044635494424,1.162444105301033,0.4868724077554985,0.5133808983073548,1.229094903858635,0.8049868151440133,0.5247374735740182,0.2212456083293315,0.2594043039407071,0.5564289497057947,0.1657106212983545,0.2203554314577629,0.9027433225886622,-0.0,0.26192084286585,0,0.003896103896103896,0.8636363636363636,6.1891891891891895,0.0008282555551501441,0.8394160583941606,11.248847926267281,0.0019006955911732308,0.0060084664754881875,0.19213973799126638,2.4444444444444446,0.916837361736993,0.9912663755458515,0.47368421052631576
3,228,230,38,6718,7327,460,3,45,18,707,37,43,274134,651,547,3532455,65,21.0,12.0,5,5,1654624,57472728209,16153156,1622187,0.0,7240,-0.1577203543784298,0.5484556238272265,0.4880811533903949,-0.0484682818891286,0.1990832287451706,0.2663572561340173,1.3834455536372698,-0.1881275141263367,1.0638018291069018,1.7083562946585296,0.8127597503772401,0.0838253352403465,-0.4102721137898139,-0.4133062076949156,1.162444105301033,0.4868724077554985,0.5134173970696843,1.229094903858635,0.6937571612877543,0.5247374735740182,0.8839813219674194,0.2594043039407071,0.5088087347530191,-0.0182712513361059,0.324630702656572,0.8365228042783001,-0.0,0.2626156828995405,0,0.004243281471004243,0.8636363636363636,6.216216216216216,0.0008317070056723877,0.8394160583941606,11.254992319508448,0.00190179297350059,0.006141667804012556,0.1956521739130435,2.5,0.9168827623856968,0.991304347826087,0.47368421052631576
3,233,235,39,70,205,19,4,1,1,218,38,44,276030,16,336,2154952,20,9.0,11.0,4,5,612385,42982707890,28029307,596013,0.0,45,-0.1577203543784298,0.577757344670873,0.5146776108870975,-0.0169496152775341,-0.9617678951397436,-0.9680764237570724,-1.551238274300763,-0.1726969089532931,-0.4237843292332727,-0.7743195498775102,-0.6010229517862173,0.0991844196381072,-0.4004970502904849,-0.4104401599997985,-1.2084439700452445,-0.2549904677460619,-0.2600772891632417,-0.7507221820042793,-0.6409986849873536,0.1026521667623534,0.2212456083293315,0.2594043039407071,-0.4991245974734964,-0.3589581316182512,1.834137568662264,-0.565424218820409,-0.0,-0.9872278277012924,0,0.013761467889908258,0.8666666666666667,6.184210526315789,0.0008441080893088095,0.05637982195845697,12.8125,3.248330706052522e-05,0.004878048780487805,0.00425531914893617,1.0,0.34146341463414637,0.9914893617021276,0.02564102564102564
3,234,236,39,71,206,19,5,2,1,218,38,44,276040,16,336,2154962,20,9.0,11.0,4,5,512894,53604676900,2418635,498296,0.0,46,-0.1577203543784298,0.5836176888396023,0.519996902386438,-0.0169496152775341,-0.9615932785446948,-0.9679030969275456,-1.551238274300763,-0.1572663037802495,-0.3899755529073597,-0.7743195498775102,-0.6010229517862173,0.0991844196381072,-0.4004970502904849,-0.4104250437144867,-1.2084439700452445,-0.2549904677460619,-0.2600716739690371,-0.7507221820042793,-0.6409986849873536,0.1026521667623534,0.2212456083293315,0.2594043039407071,-0.5953408157847938,-0.1092162123660448,-1.4210825129129638,-0.6989240514571124,-0.0,-0.98705411769287,0,0.013761467889908258,0.8666666666666667,6.2105263157894735,0.0008477001604834065,0.05637982195845697,12.875,3.294720141366696e-05,0.009708737864077669,0.00847457627118644,2.0,0.3446601941747573,0.9915254237288136,0.02564102564102564
3,235,237,39,4868,5063,282,6,1,1,292,39,44,276045,290,321,2056532,25,9.0,12.0,4,5,758762,56330183764,4396657,747903,0.0,4916,-0.1577203543784298,0.5894780330083316,0.5253161938857785,-0.0169496152775341,-0.1239574720952462,-0.1260546859150458,0.1989246434944809,-0.1418356986072059,-0.4237843292332727,-0.7743195498775102,-0.3870762852011543,0.1145435040358679,-0.4004970502904849,-0.4104174855718308,-0.1854150997383468,-0.3077295347248458,-0.3153420305242729,-0.5307425057972889,-0.6409986849873536,0.5247374735740182,0.2212456083293315,0.2594043039407071,-0.3575656485459273,-0.0451345609782837,-1.1696679098054157,-0.3579138615725515,-0.0,-0.1410863766746549,0,0.010273972602739725,0.8666666666666667,6.076923076923077,0.000851307390797186,0.8757763975155279,17.458620689655174,0.002367090632632688,0.00019751135690302193,0.004219409282700422,1.0,0.9614852854039108,0.9915611814345991,0.02564102564102564
3,236,238,39,4869,5064,282,7,2,1,292,39,44,276049,290,321,2056536,25,9.0,12.0,4,5,1758762,74638869586,761541,740541,0.0,4917,-0.1577203543784298,0.595338377177061,0.5306354853851191,-0.0169496152775341,-0.1237828555001973,-0.1258813590855188,0.1989246434944809,-0.1264050934341623,-0.3899755529073597,-0.7743195498775102,-0.3870762852011543,0.1145435040358679,-0.4004970502904849,-0.4104114390577061,-0.1854150997383468,-0.3077295347248458,-0.315339784446591,-0.5307425057972889,-0.6409986849873536,0.5247374735740182,0.2212456083293315,0.2594043039407071,0.6095189954047553,0.3853361297069584,-1.631705868124331,-0.3679717406301506,-0.0,-0.1409126666662322,0,0.010273972602739725,0.8666666666666667,6.102564102564102,0.0008549175873935882,0.8757763975155279,17.46206896551724,0.0023675722829202685,0.00039494470774091627,0.008403361344537815,2.0,0.9614928909952607,0.9915966386554622,0.02564102564102564
3,238,240,39,4872,5067,282,8,3,1,292,40,44,276125,290,321,2056612,25,9.0,12.0,4,5,1651402,53263457484,5153604,634640,0.0,4919,-0.1577203543784298,0.6070590655145195,0.5412740683838001,-0.0169496152775341,-0.1232590057150507,-0.1253613785969379,0.1989246434944809,-0.1109744882611187,-0.3561667765814466,-0.7743195498775102,-0.3870762852011543,0.1299025884336287,-0.4004970502904849,-0.4102965552893364,-0.1854150997383468,-0.3077295347248458,-0.3152971089706366,-0.5307425057972889,-0.6409986849873536,0.5247374735740182,0.2212456083293315,0.2594043039407071,0.50569278803021,-0.1172389049344123,-1.073456882031989,-0.5126524591955951,-0.0,-0.140565246649387,0,0.010273972602739725,0.8666666666666667,6.0,0.0008619253529185951,0.8757763975155279,17.47241379310345,0.0023689435007947534,0.0005920663114268798,0.0125,3.0,0.9615156897572528,0.9916666666666667,0.02564102564102564
3,241,243,39,4877,5072,282,9,4,1,368,42,44,276219,291,321,2056706,31,10.0,12.0,4,5,806431,34884118697,2887021,794827,0.0,4924,-0.1577203543784298,0.6246400980207074,0.5572319428818217,-0.0169496152775341,-0.1223859227398063,-0.124494744449303,0.1989246434944809,-0.0955438830880751,-0.3223580002555335,-0.7743195498775102,-0.1673472762759543,0.1606207572291501,-0.4004970502904849,-0.4101544622074055,-0.1816814177299274,-0.3077295347248458,-0.315244326145114,-0.2667668943489003,-0.5297690311310946,0.5247374735740182,0.2212456083293315,0.2594043039407071,-0.3114656906534422,-0.5493707760527125,-1.3615487563161557,-0.2938068367289247,-0.0,-0.1396966966072738,0,0.008152173913043478,0.8666666666666667,5.785714285714286,0.0008724929404098183,0.8757763975155279,17.42955326460481,0.0023712663009364,0.0007886435331230284,0.01646090534979424,4.0,0.9615536277602523,0.9917695473251029,0.02564102564102564
3,242,244,39,4878,5073,282,10,5,1,368,42,44,276224,291,321,2056711,31,10.0,12.0,4,5,1806653,33203229446,3316796,787465,0.0,4925,-0.1577203543784298,0.6305004421894367,0.5625512343811623,-0.0169496152775341,-0.1222113061447574,-0.124321417619776,0.1989246434944809,-0.0801132779150315,-0.2885492239296205,-0.7743195498775102,-0.1673472762759543,0.1606207572291501,-0.4004970502904849,-0.4101469040647496,-0.1816814177299274,-0.3077295347248458,-0.3152415185480117,-0.2667668943489003,-0.5297690311310946,0.5247374735740182,0.2212456083293315,0.2594043039407071,0.6558336460881975,-0.5888915567290575,-1.3069226141142252,-0.3038647157865239,-0.0,-0.1395229865988512,0,0.008152173913043478,0.8666666666666667,5.809523809523809,0.0008760973843786768,0.8757763975155279,17.432989690721648,0.002371746749180245,0.0009856100926473486,0.020491803278688523,5.0,0.9615612063867534,0.9918032786885246,0.02564102564102564
3,251,253,39,53,53,30,11,1,1,218,44,44,276798,22,264,1690001,20,9.0,11.0,4,5,607290,28780020960,12736548,591217,0.0,34,-0.1577203543784298,0.6832435397080004,0.6104248578752269,-0.0169496152775341,-0.9647363772555744,-0.994422101845172,-1.4780375438986808,-0.0646826727419879,-0.4237843292332727,-0.7743195498775102,-0.6010229517862173,0.1913389260246715,-0.4004970502904849,-0.4092792292878523,-1.1860418779947286,-0.5081379892442247,-0.5211563052225062,-0.7507221820042793,-0.6409986849873536,0.1026521667623534,0.2212456083293315,0.2594043039407071,-0.5040518937344252,-0.6928892783855891,-0.109634004355824,-0.571976458423811,-0.0,-0.9891386377939414,0,0.013761467889908258,0.8666666666666667,5.75,0.0009067951835086109,0.11320754716981132,2.409090909090909,3.136090963205961e-05,0.018867924528301886,0.003952569169960474,1.0,1.0,0.9920948616600791,0.02564102564102564
3,252,254,39,55,55,30,12,2,1,218,44,44,276925,22,264,1690128,20,9.0,11.0,4,5,508022,27991757872,6550242,493281,0.0,36,-0.1577203543784298,0.6891038838767297,0.6157441493745675,-0.0169496152775341,-0.9643871440654768,-0.994075448186118,-1.4780375438986808,-0.0492520675689443,-0.3899755529073597,-0.7743195498775102,-0.6010229517862173,0.1913389260246715,-0.4004970502904849,-0.4090872524643925,-1.1860418779947286,-0.5081379892442247,-0.5210849922561087,-0.7507221820042793,-0.6409986849873536,0.1026521667623534,0.2212456083293315,0.2594043039407071,-0.6000524521701215,-0.7114227853358971,-0.8959385387299833,-0.7057754863218041,-0.0,-0.9887912177770962,0,0.013761467889908258,0.8666666666666667,5.7727272727272725,0.0009099903945458353,0.11320754716981132,2.5,3.254189473111224e-05,0.03636363636363636,0.007874015748031496,2.0,1.0,0.9921259842519685,0.02564102564102564
3,257,259,39,57,57,30,13,3,1,218,44,44,277039,22,264,1690242,20,9.0,11.0,4,5,507787,44000559220,25891743,493269,0.0,38,-0.1577203543784298,0.7184056047203763,0.64234060687127,-0.0169496152775341,-0.9640379108753788,-0.9937287945270642,-1.4780375438986808,-0.0338214623959006,-0.3561667765814466,-0.7743195498775102,-0.6010229517862173,0.1913389260246715,-0.4004970502904849,-0.408914926811838,-1.1860418779947286,-0.5081379892442247,-0.521020979042177,-0.7507221820042793,-0.6409986849873536,0.1026521667623534,0.2212456083293315,0.2594043039407071,-0.6002797170614499,-0.335026585176316,1.562444531538823,-0.7057918805826967,-0.0,-0.9884437977602508,0,0.013761467889908258,0.8666666666666667,5.886363636363637,0.0009276638752526711,0.11320754716981132,2.590909090909091,3.372296172798822e-05,0.05263157894736842,0.011583011583011582,3.0,1.0,0.9922779922779923,0.02564102564102564
3,260,262,39,58,58,30,14,4,1,218,44,44,277097,22,264,1690300,20,9.0,11.0,4,5,508034,34653757702,4857885,493512,0.0,39,-0.1577203543784298,0.7359866372265642,0.6582984813692916,-0.0169496152775341,-0.96386329428033,-0.9935554676975372,-1.4780375438986808,-0.018390857222857,-0.3223580002555335,-0.7743195498775102,-0.6010229517862173,0.1913389260246715,-0.4004970502904849,-0.4088272523570295,-1.1860418779947286,-0.5081379892442247,-0.5209884109157907,-0.7507221820042793,-0.6409986849873536,0.1026521667623534,0.2212456083293315,0.2594043039407071,-0.6000408471543941,-0.5547869843807527,-1.1110439639837373,-0.7054598967996218,-0.0,-0.9882700877518285,0,0.013761467889908258,0.8666666666666667,5.954545454545454,0.0009382961984568636,0.11320754716981132,2.6363636363636362,3.4313415184632796e-05,0.06896551724137931,0.015267175572519083,4.0,1.0,0.9923664122137404,0.02564102564102564
3,264,266,39,4886,5081,282,15,6,1,442,44,44,277168,291,321,2057655,35,12.0,12.0,4,5,1971641,37529178143,1711541,950094,0.0,4933,-0.1577203543784298,0.7594280139014814,0.6795756473666538,-0.0169496152775341,-0.1208143733843664,-0.1229348029835603,0.1989246434944809,-0.0029602520498134,-0.2547404476037074,-0.7743195498775102,0.0465993903091087,0.1913389260246715,-0.4004970502904849,-0.4087199267313157,-0.1816814177299274,-0.3077295347248458,-0.3147114442151036,-0.0907831533833079,-0.3073097234185766,0.5247374735740182,0.2212456083293315,0.2594043039407071,0.8153910073243327,-0.4871805906023204,-1.5109570225846098,-0.0816828612282131,-0.0,-0.1381333065314701,0,0.006787330316742082,0.8666666666666667,6.045454545454546,0.0009524874715426329,0.8757763975155279,17.460481099656356,0.0023745465714385687,0.001180869907498524,0.022556390977443608,6.0,0.961621728006298,0.9924812030075187,0.02564102564102564
3,266,268,39,6787,7397,461,16,52,19,770,44,44,277284,654,548,3535605,65,22.0,12.0,4,5,1711665,37991313169,25730922,1678336,0.0,7309,-0.1577203543784298,0.7711487022389399,0.6902142303653348,-0.0169496152775341,0.2111317738035429,0.2784901342009052,1.3901001654920049,0.0124703531232301,1.300463263388293,1.8543960502194727,0.9949035340915506,0.1913389260246715,-0.4004970502904849,-0.4085445778216989,1.173645151326291,0.4903883455540841,0.5151861832441127,1.229094903858635,0.8049868151440133,0.5247374735740182,0.2212456083293315,0.2594043039407071,0.56397220992861,-0.4763149508854042,1.542003531445619,0.9132329171830992,-0.0,0.2746016734807021,0,0.003896103896103896,0.8666666666666667,6.090909090909091,0.0009593018013956759,0.8397085610200364,11.31039755351682,0.0019196143461686624,0.007029876977152899,0.19402985074626866,2.736842105263158,0.9175341354603217,0.9925373134328358,0.48717948717948717
3,268,270,39,6789,7399,461,17,54,19,770,44,44,277319,654,548,3535640,65,22.0,12.0,4,5,1711665,27846893601,10741954,1685917,0.0,7311,-0.1577203543784298,0.7828693905763986,0.7008528133640158,-0.0169496152775341,0.2114810069936407,0.2788367878599592,1.3901001654920049,0.0279009582962737,1.3680808160401194,1.8543960502194727,0.9949035340915506,0.1913389260246715,-0.4004970502904849,-0.4084916708231076,1.173645151326291,0.4903883455540841,0.5152058364238286,1.229094903858635,0.8049868151440133,0.5247374735740182,0.2212456083293315,0.2594043039407071,0.56397220992861,-0.7148288093072108,-0.3631549757457766,0.923589991501988,-0.0,0.2749490934975473,0,0.003896103896103896,0.8666666666666667,6.136363636363637,0.0009663926150295688,0.8397085610200364,11.313455657492355,0.0019201610118221844,0.007298283551831329,0.2,2.8421052631578947,0.9175564265441276,0.9925925925925926,0.48717948717948717
3,269,271,39,4,4,2,18,1,1,218,45,44,277356,3,1,2668,20,9.0,11.0,4,5,607278,31211711974,14319575,591205,0.0,2,-0.1577203543784298,0.7887297347451279,0.7061721048633564,-0.0169496152775341,-0.9732925904129692,-1.0029151164919936,-1.6643666758312543,0.0433315634693173,-0.4237843292332727,-0.7743195498775102,-0.6010229517862173,0.2066980104224322,-0.4004970502904849,-0.4084357405674539,-1.2569818361546958,-1.432829630272236,-1.468626553494533,-0.7507221820042793,-0.6409986849873536,0.1026521667623534,0.2212456083293315,0.2594043039407071,-0.5040634987501525,-0.6357157750273165,0.0915751353370269,-0.5719928526847036,-0.0,-0.9946973580634656,0,0.013761467889908258,0.8666666666666667,6.022222222222222,0.0009698691578002358,1.0,1.3333333333333333,0.0014986886474334957,0.25,0.0036900369003690036,1.0,1.0,0.992619926199262,0.02564102564102564
3,275,277,39,6798,7408,461,19,57,19,764,45,44,277536,654,548,3535857,65,22.0,12.0,4,5,1677476,29791801303,26541905,1652340,0.0,7320,-0.1577203543784298,0.8238917997575037,0.7380878538593995,-0.0169496152775341,0.2130525563490805,0.2803967293257019,1.3901001654920049,0.0587621686423609,1.4695071450178585,1.8543960502194727,0.97755650707114,0.2066980104224322,-0.4004970502904849,-0.4081636474318415,1.173645151326291,0.4903883455540841,0.515327686138067,1.229094903858635,0.8049868151440133,0.5247374735740182,0.2212456083293315,0.2594043039407071,0.5309085530365801,-0.6691004719519997,1.6450827535533452,0.8777174833361356,-0.0,0.276512483573351,0,0.003926701570680628,0.8666666666666667,6.155555555555556,0.0009908588764741277,0.8397085610200364,11.327217125382264,0.001922588520240349,0.007694384449244061,0.20577617328519857,3.0,0.9176565874730022,0.9927797833935018,0.48717948717948717
3,276,278,39,6799,7409,461,20,58,19,770,45,44,277546,654,548,3535867,65,22.0,12.0,4,5,1719769,25859179102,5169765,1686094,0.0,7321,-0.1577203543784298,0.829752143926233,0.74340714535874,-0.0169496152775341,0.2132271729441294,0.2805700561552289,1.3901001654920049,0.0741927738154045,1.5033159213437717,1.8543960502194727,0.9949035340915506,0.2066980104224322,-0.4004970502904849,-0.4081485311465297,1.173645151326291,0.4903883455540841,0.5153333013322715,1.229094903858635,0.8049868151440133,0.5247374735740182,0.2212456083293315,0.2594043039407071,0.5718094638831863,-0.7615636127545142,-1.0714027535132864,0.9238318068501536,-0.0,0.2766861935817736,0,0.003896103896103896,0.8666666666666667,6.177777777777778,0.0009944261692614224,0.8397085610200364,11.32874617737003,0.0019228658988401151,0.007828316911863949,0.20863309352517986,3.0526315789473686,0.9176677014441895,0.9928057553956835,0.48717948717948717
3,278,280,39,4887,5082,282,21,7,1,442,45,44,277562,291,321,2058049,35,12.0,12.0,4,5,962163,50123053855,1322352,948126,0.0,4934,-0.1577203543784298,0.8414728322636916,0.754045728357421,-0.0169496152775341,-0.1206397567893176,-0.1227614761540333,0.1989246434944809,0.0896233789884481,-0.2209316712777944,-0.7743195498775102,0.0465993903091087,0.2066980104224322,-0.4004970502904849,-0.4081243450900308,-0.1816814177299274,-0.3077295347248458,-0.314490205563445,-0.0907831533833079,-0.3073097234185766,0.5247374735740182,0.2212456083293315,0.2594043039407071,-0.1608596648817145,-0.1910755381231071,-1.5604245198969873,-0.0843715200145966,-0.0,-0.1379595965230475,0,0.006787330316742082,0.8666666666666667,6.222222222222222,0.0010015744173394868,0.8757763975155279,17.463917525773194,0.002374577877116688,0.0013774104683195593,0.025,7.0,0.961629279811098,0.9928571428571429,0.02564102564102564
3,279,281,39,4888,5083,282,22,8,1,442,45,44,277567,291,321,2058054,35,12.0,12.0,4,5,1962163,35462045352,1547748,933006,0.0,4935,-0.1577203543784298,0.8473331764324209,0.7593650198567616,-0.0169496152775341,-0.1204651401942687,-0.1225881493245063,0.1989246434944809,0.1050539841614917,-0.1871228949518813,-0.7743195498775102,0.0465993903091087,0.2066980104224322,-0.4004970502904849,-0.4081167869473749,-0.1816814177299274,-0.3077295347248458,-0.3144873979663427,-0.0907831533833079,-0.3073097234185766,0.5247374735740182,0.2212456083293315,0.2594043039407071,0.8062249790689681,-0.5357826633524375,-1.5317757759082808,-0.10502828873925,-0.0,-0.1377858865146249,0,0.006787330316742082,0.8666666666666667,6.2444444444444445,0.001005159096149412,0.8757763975155279,17.467353951890033,0.0023750580037948453,0.0015738736966358449,0.028469750889679714,8.0,0.9616368286445013,0.9928825622775801,0.02564102564102564
3,280,282,39,86,88,27,23,6,6,286,45,44,277635,36,195,1247388,33,10.0,12.0,5,5,756500,35683118919,8562737,738022,0.0,81,-0.1577203543784298,0.8531935206011502,0.7646843113561022,-0.0169496152775341,-0.9589740296189616,-0.988355662811728,-1.4980013794628853,0.1204845893345353,-0.2547404476037074,-0.0441207720727925,-0.4044233122215648,0.2066980104224322,-0.4004970502904849,-0.4080139962072547,-1.1337703298768578,-0.7507376973466308,-0.7696921004676811,-0.1787750238661041,-0.5297690311310946,0.5247374735740182,0.8839813219674194,0.2594043039407071,-0.3597531940105438,-0.5305848194435979,-0.6401422777779187,-0.3714131692291851,-0.0,-0.9809742673980778,0,0.01048951048951049,0.8666666666666667,6.266666666666667,0.0010085147459263208,0.1377551020408163,2.4444444444444446,6.89440102486073e-05,0.06818181818181818,0.02127659574468085,1.0,0.9772727272727273,0.9929078014184397,0.15384615384615385
3,174,174,38,5681,6006,229,1,10,8,481,21,44,278646,377,328,2103510,41,14.0,12.0,4,5,1105176,33786709582,26958168,1081324,0.0,5903,-0.1577203543784298,0.2319970387158441,0.1902008294273256,-0.0484682818891286,0.0180058196794883,0.0373925143288881,-0.1537697848064618,0.1513457996806226,-0.1195053423000552,0.2479587390490945,0.1593550659417771,-0.1619200151238247,-0.4004970502904849,-0.4064857397622318,0.1394152349941353,-0.2831179701347466,-0.2889629711902094,0.1731924580650806,-0.0848504157060586,0.5247374735740182,0.2212456083293315,0.2594043039407071,-0.0225539886963955,-0.5751728715330272,1.6979914658595567,0.0976020435162488,-0.0,0.0303654016384823,0,0.006237006237006237,0.8444444444444444,8.285714285714286,0.0006244459836280312,0.6960486322188449,15.931034482758621,0.002700722744021781,0.001665001665001665,0.05747126436781609,1.25,0.9458874458874459,1.0,0.21052631578947367
3,175,175,38,726,761,202,2,7,3,209,21,44,278695,180,597,3848558,26,10.0,12.0,4,5,577845,32789785706,10727854,562232,0.0,731,-0.1577203543784298,0.2378573828845734,0.1955201209266661,-0.0484682818891286,-0.8472194087876822,-0.8717067065400763,-0.3334443048843005,0.1667764048536662,-0.2209316712777944,-0.4822400387556231,-0.6270434923168332,-0.1619200151238247,-0.4004970502904849,-0.406411669964204,-0.5961201206644736,0.6626692976847782,0.6909153704332897,-0.4867465705558907,-0.5297690311310946,0.5247374735740182,0.2212456083293315,0.2594043039407071,-0.532527701075553,-0.5986123752546247,-0.3649471428216819,-0.6115754294214353,-0.0,-0.8680627619233674,0,0.014354066985645933,0.8444444444444444,8.333333333333334,0.0006279243333237649,0.3377926421404682,4.227777777777778,0.00018864203459008943,0.009198423127463863,0.04,2.3333333333333335,0.9540078843626807,1.0,0.07894736842105263
3,177,177,38,727,762,202,3,8,3,209,22,44,281063,180,597,3850926,26,10.0,12.0,4,5,595228,56322028620,25852220,579271,0.0,732,-0.1577203543784298,0.249578071222032,0.2061587039253472,-0.0484682818891286,-0.8470447921926334,-0.8715333797105494,-0.3334443048843005,0.1822070100267098,-0.1871228949518813,-0.4822400387556231,-0.6270434923168332,-0.146560930726064,-0.4004970502904849,-0.4028321336023699,-0.5961201206644736,0.6626692976847782,0.6922450484209235,-0.4867465705558907,-0.5297690311310946,0.5247374735740182,0.2212456083293315,0.2594043039407071,-0.5157168687097583,-0.0453263033296708,1.5574209982522265,-0.5882969451423764,-0.0,-0.8678890519149447,0,0.014354066985645933,0.8444444444444444,8.045454545454545,0.00062974980787294,0.3377926421404682,4.233333333333333,0.0001887857131542613,0.010498687664041995,0.04519774011299435,2.6666666666666665,0.9540682414698163,1.0,0.07894736842105263
3,178,178,39,729,764,203,4,9,4,209,22,45,284539,180,598,3854402,26,10.0,12.0,4,5,595216,31463927274,2151999,579332,0.0,734,-0.1577203543784298,0.2554384153907614,0.2114779954246877,-0.0169496152775341,-0.8466955590025357,-0.8711867260514955,-0.3267896930295658,0.1976376151997534,-0.1533141186259682,-0.3362002831946796,-0.6270434923168332,-0.146560930726064,-0.3907219867911558,-0.3975777128279885,-0.5961201206644736,0.6661852354833638,0.6941968899264198,-0.4867465705558907,-0.5297690311310946,0.5247374735740182,0.2212456083293315,0.2594043039407071,-0.5157284737254857,-0.6297857320166966,-1.4549730278385735,-0.5882136076495058,-0.0,-0.8675416318980994,0,0.014354066985645933,0.8478260869565217,8.090909090909092,0.0006255710972095311,0.33889816360601,4.2444444444444445,0.00018913434843216965,0.011780104712041885,0.05056179775280899,2.25,0.9541884816753927,1.0,0.10256410256410256
3,179,179,39,731,766,203,5,10,4,209,22,45,284600,180,598,3854463,26,10.0,12.0,4,5,595228,28439021744,26810194,579344,0.0,736,-0.1577203543784298,0.2612987595594906,0.2167972869240282,-0.0169496152775341,-0.8463463258124378,-0.8708400723924415,-0.3267896930295658,0.213068220372797,-0.1195053423000552,-0.3362002831946796,-0.6270434923168332,-0.146560930726064,-0.3907219867911558,-0.3974855034875865,-0.5961201206644736,0.6661852354833638,0.6942311426110674,-0.4867465705558907,-0.5297690311310946,0.5247374735740182,0.2212456083293315,0.2594043039407071,-0.5157168687097583,-0.7009067936492057,1.6791833714701938,-0.5881972133886132,-0.0,-0.8671942118812542,0,0.014354066985645933,0.8478260869565217,8.136363636363637,0.0006289507064275951,0.33889816360601,4.2555555555555555,0.00018965023411815496,0.013054830287206266,0.055865921787709494,2.5,0.9543080939947781,1.0,0.10256410256410256
3,79,82,52,16622,16623,309,1,7,5,611,21,89,569816,378,313,2009806,57,19.0,12.0,6,5,1500797,40483162718,11876183,1478341,0.0,16558,-0.1577203543784298,-0.3247356573134395,-0.2991739885120025,0.3927930506731931,1.9284859861092187,1.877603463416743,0.3785991635723197,-0.450447802068078,-0.2209316712777944,-0.1901605276337361,0.5352073180506718,-0.1619200151238247,0.0393808071793209,0.0336551396614291,0.1431489170025546,-0.3358570371135306,-0.341579586964382,0.8771274219274502,0.4712978535752363,0.5247374735740182,1.546717035605507,0.2594043039407071,0.3600450052280174,-0.417727010337929,-0.2189898785587528,0.6400020665821033,-0.0,1.88124554138162,0,0.004909983633387889,0.5777777777777777,3.9047619047619047,0.00013864100228669907,0.9840764331210191,43.976190476190474,0.008270445868682913,0.00042110329062142816,0.08536585365853659,1.4,0.9999398423870541,0.9634146341463414,0.09615384615384616
3,80,83,52,16623,16624,309,2,8,5,611,21,89,569821,378,313,2009811,57,19.0,12.0,6,5,1500871,41701172079,19130960,1470762,0.0,16559,-0.1577203543784298,-0.3188753131447102,-0.293854697012662,0.3927930506731931,1.928660602704268,1.8777767902462696,0.3785991635723197,-0.4350171968950345,-0.1871228949518813,-0.1901605276337361,0.5352073180506718,-0.1619200151238247,0.0393808071793209,0.033662697804085,0.1431489170025546,-0.3358570371135306,-0.3415767793672798,0.8771274219274502,0.4712978535752363,0.5247374735740182,1.546717035605507,0.2594043039407071,0.3601165694916698,-0.3890893824935136,0.7031216450182187,0.62964772464003,-0.0,1.8814192513900423,0,0.004909983633387889,0.5777777777777777,3.9523809523809526,0.00014039471975459003,0.9840764331210191,43.97883597883598,0.008270922852485705,0.00048123195380173246,0.0963855421686747,1.6,0.9999398460057748,0.963855421686747,0.09615384615384616
3,232,233,84,16670,16671,310,1,16,13,719,49,144,922277,378,314,2013339,57,20.0,12.0,5,5,1601741,35526506303,9830930,1570129,0.0,16606,-0.1577203543784298,0.5718970005021436,0.5040390278884165,1.4013903822442142,1.936867582671565,1.885923151234037,0.3852537754270544,-0.1572663037802495,0.0833473156554231,0.978157516853812,0.8474538044180612,0.2681343480134751,0.577009299642417,0.5664452433896393,0.1431489170025546,-0.332341099314945,-0.3395957388519199,0.8771274219274502,0.5825275074314953,0.5247374735740182,0.8839813219674194,0.2594043039407071,0.4576663975269752,-0.5342670684938565,-0.478949813913123,0.7654017681494636,-0.0,1.8895836217859063,0,0.004172461752433936,0.5793103448275863,4.755102040816326,0.00025155105076777283,0.9841269841269841,44.1031746031746,0.008279773908033417,0.0009597504648791314,0.06866952789699571,1.2307692307692308,0.999940015595945,0.9957081545064378,0.15476190476190477
3,244,245,84,6763,7373,461,2,12,7,815,53,144,923549,654,548,3535315,65,22.0,12.0,5,5,1788702,38887337093,26179181,1754169,0.0,7285,-0.1577203543784298,0.6422211305268953,0.5678705258805028,1.4013903822442142,0.2069409755223699,0.2743302902922579,1.3901001654920049,-0.1418356986072059,-0.051887789648229,0.1019189834881509,1.1250062367446296,0.3295706856045179,0.577009299642417,0.5683680348813002,1.173645151326291,0.4903883455540841,0.5150233426121812,1.229094903858635,0.8049868151440133,0.5247374735740182,0.8839813219674194,0.2594043039407071,0.6384735096446388,-0.4552477895836737,1.5989790648696085,1.0168350827053638,-0.0,0.2704326332785589,0,0.0036809815950920245,0.5793103448275863,4.622641509433962,0.00026419793189323806,0.8397085610200364,11.273700305810397,0.0019129831675584305,0.0016275600162756001,0.04897959183673469,1.7142857142857142,0.917265699172657,0.9959183673469387,0.08333333333333333
3,247,248,84,6772,7382,461,3,13,7,815,53,144,923641,654,548,3535407,65,22.0,12.0,5,5,1766038,40465944280,3803171,1731859,0.0,7294,-0.1577203543784298,0.6598021630330833,0.5838284003785243,1.4013903822442142,0.2085125248778098,0.2758902317580007,1.3901001654920049,-0.1264050934341623,-0.018079013322316,0.1019189834881509,1.1250062367446296,0.3295706856045179,0.577009299642417,0.5685071047061687,1.173645151326291,0.4903883455540841,0.515075002398863,1.229094903858635,0.8049868151440133,0.5247374735740182,0.8839813219674194,0.2594043039407071,0.6165555032741404,-0.4181318473082305,-1.2451023827990864,0.9863554193292384,-0.0,0.2719960233543625,0,0.0036809815950920245,0.5793103448275863,4.679245283018868,0.00026741962795108926,0.8397085610200364,11.287461773700306,0.0019154790621054203,0.001761040368463831,0.05241935483870968,1.8571428571428572,0.9173665673259279,0.9959677419354839,0.08333333333333333
3,249,250,84,16713,16714,310,4,17,13,719,54,144,924100,378,314,2015162,57,20.0,12.0,5,5,1568248,28365062359,3185180,1544738,0.0,16649,-0.1577203543784298,0.6715228513705418,0.5944669833772054,1.4013903822442142,1.9443760962586665,1.8933762049036968,0.3852537754270544,-0.1109744882611187,0.1171560919813362,0.978157516853812,0.8474538044180612,0.3449297700022786,0.577009299642417,0.5692009422019803,0.1431489170025546,-0.332341099314945,-0.3385720889484332,0.8771274219274502,0.5825275074314953,0.5247374735740182,0.8839813219674194,0.2594043039407071,0.4252758315471349,-0.7026457140639824,-1.323651540487442,0.7307128782891676,-0.0,1.89705315214808,0,0.004172461752433936,0.5793103448275863,4.62962962962963,0.00026945106649597824,0.9841269841269841,44.216931216931215,0.008293621905523275,0.001017111403613737,0.068,1.3076923076923077,0.9999401699174345,0.996,0.15476190476190477
3,250,251,84,16714,16715,310,5,18,13,719,54,144,924104,378,314,2015166,57,20.0,12.0,5,5,1568248,28729811960,9206436,1544738,0.0,16650,-0.1577203543784298,0.6773831955392712,0.5997862748765459,1.4013903822442142,1.9445507128537152,1.893549531733224,0.3852537754270544,-0.0955438830880751,0.1509648683072492,0.978157516853812,0.8474538044180612,0.3449297700022786,0.577009299642417,0.569206988716105,0.1431489170025546,-0.332341099314945,-0.3385698428707514,0.8771274219274502,0.5825275074314953,0.5247374735740182,0.8839813219674194,0.2594043039407071,0.4252758315471349,-0.694069783809012,-0.5583255292252101,0.7307128782891676,-0.0,1.897226862156502,0,0.004172461752433936,0.5793103448275863,4.648148148148148,0.00027053202828682886,0.9841269841269841,44.21957671957672,0.008294101679910399,0.0010768770565360455,0.07171314741035857,1.3846153846153846,0.9999401734968592,0.9960159362549801,0.15476190476190477
3,251,252,84,16716,16717,310,6,19,13,719,54,144,924114,378,314,2015176,57,20.0,12.0,5,5,1585693,28402591617,19354495,1554259,0.0,16652,-0.1577203543784298,0.6832435397080004,0.6051055663758864,1.4013903822442142,1.9448999460438128,1.8938961853922776,0.3852537754270544,-0.0801132779150315,0.1847736446331623,0.978157516853812,0.8474538044180612,0.3449297700022786,0.577009299642417,0.5692221050014168,0.1431489170025546,-0.332341099314945,-0.3385642276765468,0.8771274219274502,0.5825275074314953,0.5247374735740182,0.8839813219674194,0.2594043039407071,0.4421466231608546,-0.701763332566521,0.731533848373715,0.7437203581190238,-0.0,1.8975742821733472,0,0.004172461752433936,0.5793103448275863,4.666666666666667,0.0002716112172186362,0.9841269841269841,44.22486772486773,0.008295052990382483,0.0011365675659508285,0.07539682539682539,1.4615384615384615,0.9999401806544237,0.996031746031746,0.15476190476190477
3,1049591,1821116,447,61,61,36,1,5,4,14,332461,446,2861205,9,393,2522235,7,4.0,4.0,1,3,275158,61945408650,19420000,158743,0.0,53,0.740849409229254,-1.0927460120821089,-1.312392650654825,-0.8941587442154675,-0.4492628983579746,-0.3760019270599829,-0.5389889318275692,-0.9823302748539342,-0.440461816689068,-0.5672579127614465,0.4369722034472466,-1.316186062143008,-0.9198766800443204,-0.9123608079272806,-0.2275018582477574,-0.047770871638335,-0.0384287645585472,0.5191012830839153,0.4253432026444036,0.7950591570321254,-0.457312190109143,0.4751206343562054,0.127715723352521,-0.0121408914092557,1.0538668534242566,0.3932198589218164,-0.0,-0.3821411109785253,0,0.21428571428571427,1.0,5.47768309666397,0.366835173699482,0.09137055837563451,6.777777777777778,2.418488991513879e-05,0.08196721311475409,2.745569200424355e-06,1.25,1.0,0.5763449445285199,0.008948545861297539
4,1049592,1821117,447,52,55,19,2,15,13,28,332461,446,2861212,18,201,1288479,10,4.0,5.0,1,3,289952,56200000000,1777590,220307,0.0,50,1.3931249407499184,-1.0927455238257011,-1.3123925529703535,-0.8941587442154675,-0.4492838548914983,-0.3760066342139413,-0.5781761471479143,-0.9778612379441076,-0.4404297786964249,-0.5390044837014589,1.6141189360240067,-1.316186062143008,-0.9198766800443204,-0.9123588045373592,-0.2274666793228686,-0.4527827076671484,-0.456539742236393,1.3400749870862718,0.4253432026444036,1.2985122219680731,-0.457312190109143,0.4751206343562054,0.1723211620616692,-0.0570497601564166,-1.063829983153191,0.9529060038298977,-0.0,-0.3821436432860678,0,0.14285714285714285,1.0,5.47768610453557,0.36683462573391074,0.09405940594059406,3.0555555555555554,4.03576306966348e-05,0.2727272727272727,8.236703078385408e-06,1.1538461538461537,0.9454545454545454,0.5763451771632465,0.029082774049217
2,1049594,1821120,448,1042,1080,152,3,1,1,12,332462,447,2861219,155,258,1641052,6,5.0,3.0,2,4,200955,46675272097,25194937,121432,0.0,915,0.0885738777085897,-1.0927445473128856,-1.3123922599169402,-0.8923062589994014,-0.4469786362038966,-0.3752024954127166,-0.2715938155240383,-0.9733922010342808,-0.4404746318861252,-0.576675722448109,0.2688083845077094,-1.3161857034644264,-0.9180802311906312,-0.912356801147438,-0.2269311779106728,-0.3325448188460944,-0.3370553046873062,0.2454433817497964,0.7607261773666597,0.2916060920961776,0.5346395240730525,1.008346332180244,-0.0960139892698207,-0.1314996002471208,1.7470581927216686,0.0540208180429682,-0.0,-0.3814134946112968,0,0.16666666666666666,1.0,5.477678651996318,0.36683442727228244,0.5868725868725869,6.967741935483871,0.0006349581640568586,0.000925925925925926,5.491126339834827e-07,1.0,0.9648148148148148,0.5763453259532595,0.002232142857142857
2,606050,1115435,209,336,340,85,1,45,5,9,115574,208,1330831,63,1429,8992132,6,3.0,3.0,1,2,165463,68507366773,5034123,129660,0.0,305,0.0885738777085897,-1.3093077474324162,-1.381326725987664,-1.3350502256391916,-0.4486225598336408,-0.3757830444009178,-0.426037546492457,-0.8884804997475753,-0.4403336647184959,-0.5641186428658924,0.0165626560984037,-1.3939787836459812,-1.347431507222377,-1.3503516432521685,-0.2272907846984247,2.137605493600471,2.154172495451504,0.2454433817497964,0.0899602279221475,0.2916060920961776,-0.457312190109143,-0.0581050634678331,-0.2030260367664469,0.0391505195280974,-0.6729338622541718,0.1288226113036999,-0.0,-0.3819283971449504,0,0.2222222222222222,1.0,9.651262394656237,0.45539181504502446,0.05944055944055944,5.396825396825397,3.736599536505966e-05,0.1323529411764706,4.0343005195282555e-05,9.0,0.9882352941176471,0.5433306288577999,0.023923444976076555
5,606055,1115443,209,226,228,75,2,25,19,37,115575,208,1330846,59,321,2055086,12,5.0,7.0,1,3,515548,59056183528,4983336,361167,0.0,197,2.0454004722705825,-1.3093053061503774,-1.3813259445118944,-1.3350502256391916,-0.4488786952433743,-0.3758709112748077,-0.4490888496220718,-0.8840114628377486,-0.4403977407037819,-0.5201688643281338,2.370856121251924,-1.3939784249673997,-1.347431507222377,-1.350347350273766,-0.2273064197761531,-0.19965031014914,-0.1967421791326024,1.8873907897545097,0.7607261773666597,2.305418351839969,-0.457312190109143,0.4751206343562054,0.8525164135845164,-0.0347244602533792,-0.6790300514505039,2.233482158266781,-0.0,-0.3820195602164825,0,0.13513513513513514,1.0,9.65124810728964,0.4553904393217252,0.2329192546583851,3.864406779661017,0.00010997101339262037,0.10964912280701754,2.2412619918722877e-05,1.3157894736842106,0.9912280701754386,0.5433312145936637,0.09090909090909091
2,606057,1115446,209,337,341,85,3,46,5,9,115575,208,1330854,63,1429,8992155,6,3.0,3.0,1,2,148104,48107725573,3063190,112572,0.0,306,0.0885738777085897,-1.309304329637562,-1.3813256514584806,-1.3350502256391916,-0.4486202313299159,-0.3757822598752581,-0.426037546492457,-0.879542425927922,-0.4403304609192316,-0.5641186428658924,0.0165626560984037,-1.3939784249673997,-1.347431507222377,-1.3503450606852845,-0.2272907846984247,2.137605493600471,2.154180289985016,0.2454433817497964,0.0899602279221475,0.2916060920961776,-0.457312190109143,-0.0581050634678331,-0.2553652155248695,-0.1203028570633094,-0.909513704759028,-0.0265265675051702,-0.0,-0.3819275530424362,0,0.2222222222222222,1.0,9.651274064460306,0.4553892046842068,0.05944055944055944,5.412698412698413,3.747710782597633e-05,0.1348973607038123,4.123910973727101e-05,9.2,0.9882697947214076,0.5433315463052447,0.023923444976076555
3,606058,1115447,209,32,32,11,4,18,9,34,115575,208,1330858,8,44,280779,10,6.0,5.0,1,3,479466,61057753964,333593,333593,0.0,28,0.740849409229254,-1.3093038413811542,-1.3813255537740097,-1.3350502256391916,-0.4493304249659953,-0.3760246783041151,-0.596617189651606,-0.8750733890180954,-0.4404201672986321,-0.5515615632836757,2.1186103928426183,-1.3939784249673997,-1.347431507222377,-1.350343915891044,-0.2275057670171894,-0.7839642610865428,-0.798041977853456,1.3400749870862718,1.096109152088916,1.2985122219680731,-0.457312190109143,0.4751206343562054,0.7437254551213903,-0.0190792260369199,-1.2371593570271304,1.982803421347552,-0.0,-0.3821622135413799,0,0.08823529411764706,1.0,9.65128271685053,0.45538858737101373,0.24444444444444444,4.0,0.00011396823135550965,0.5625,1.6137028473786742e-05,2.0,1.0,0.5433319557092359,0.0430622009569378
1,15579,16110,436,3073,3195,150,1,3183,148,40,11,435,2794364,1,148,947818,21,8.0,7.0,1,4,9044410,54112863000,3190154,1203784,0.0,3182,-0.5637016538120745,-1.597608996773585,-1.4887137073082228,-0.9145360815921942,-0.4422494451387258,-0.3735432236423848,-0.2762040761499613,-1.0136135332227203,-0.4302801426271216,-0.1152030478016445,2.623101849661229,-1.4354287565583643,-0.9396376174349028,-0.931490605887747,-0.227533128403214,-0.5645828499042689,-0.5719872892122234,4.35031190176158,1.766875101533428,2.305418351839969,-0.457312190109143,1.008346332180244,26.56791665691176,-0.0733638236635169,-0.8942736518887444,9.8938203488329,-0.0,-0.3794999142116368,0,0.025,1.0,1464.5454545454545,0.005575148557901348,1.0067114093959733,3195.0,0.0032421802052923607,0.996244131455399,0.19757914338919927,21.506756756756758,0.9618153364632238,0.9670391061452513,0.3394495412844037
6,2755,2824,249,21,21,17,1,1,1,49,1704,326,2086611,10,329,2106992,18,10.0,6.0,1,3,422294,44607725573,17840199,337912,0.0,13,2.697676003791247,-1.6038703969465844,-1.4900115431928111,-1.2609508169965489,-0.4493560385069686,-0.3760333080863722,-0.5827864077738373,-1.0136135332227203,-0.4404746318861252,-0.576675722448109,3.3798390348891463,-1.4348215137199072,-1.135450542487038,-1.134048495445264,-0.2274979494783253,-0.1827748169812728,-0.1791516114617288,3.529338197759223,2.4376410509779403,1.801965286904021,-0.457312190109143,0.4751206343562054,0.5713459673642305,-0.1476605352008016,0.8642363222144112,2.02206799902051,-0.0,-0.3821748750790927,0,0.12244897959183673,0.7614678899082569,1.6572769953051643,0.0013203221298449352,0.051515151515151514,2.1,9.966810520965186e-06,0.047619047619047616,0.0003541076487252125,1.0,1.0,0.9755665722379604,0.004016064257028112
2,315734,675101,882,448848,1249615,917,1,442555,882,7,6,912,5845116,21,953,6091821,6,2.0,4.0,1,1,500000,47175272097,16499265,67809,0.0,1249315,0.0885738777085897,-1.4510563947050692,-1.424340519936503,-0.0883276752267277,0.5957393028063773,0.604305249159978,1.4918308738914887,-1.009144496312894,0.9773795477270324,2.1890210555351235,-0.1516011628411334,-1.435430549951272,-0.0827315142251003,-0.0583697760454517,-0.2274549530145723,1.1335136501123708,1.171278091874289,0.2454433817497964,-0.2454227468001086,0.7950591570321254,-0.457312190109143,-0.5913307612918716,0.8056375869622481,-0.1275913605131934,0.7032780580169946,-0.4334726870640104,-0.0,0.6723640840986748,0,0.2857142857142857,0.9660460021905805,112516.83333333333,0.05401671172707065,0.9612159329140462,59505.47619047619,0.07368041942131599,0.3541530791483777,0.6555389489868924,501.76303854875283,0.35918903022130816,0.46768409467620403,1.0
2,31410,32661,341,21472,22413,330,1,17308,329,5,10544,351,2249968,19,338,2162655,4,2.0,2.0,1,1,212796,58056183528,7763663,159996,0.0,22391,0.0885738777085897,-1.589879409582478,-1.4870969316251117,-1.0905221771184708,-0.3994073051052068,-0.3584662095136675,0.1387193801831039,-1.0046754594030674,-0.3850264780188798,0.453004803293662,-0.3197649817806706,-1.4316507950595618,-1.0905393211448051,-1.0872959572512226,-0.2274627705534365,-0.1637898871674222,-0.1602878236864459,-0.3018724209184413,-0.2454227468001086,-0.2118469728397701,-0.457312190109143,-0.5913307612918716,-0.0603121507031704,-0.0425409397212342,-0.3452950519492528,0.4046110410992225,-0.0,-0.3632855490166354,0,0.4,0.96875,3.097591047040971,0.013960192340427802,0.9734513274336283,1179.6315789473683,0.009928532323217377,0.77223040199884,0.5299286610942715,52.60790273556231,0.9580154374693258,0.9616974373105539,0.9648093841642229
2,31411,32662,341,21473,22414,330,2,17309,329,5,10544,351,2249978,19,338,2162665,4,2.0,2.0,1,1,212796,58551246859,2438225,159996,0.0,22392,0.0885738777085897,-1.5898789213260702,-1.48709683394064,-1.0905221771184708,-0.3994049766014819,-0.3584654249880078,0.1387193801831039,-1.0002064224932403,-0.3850232742196154,0.453004803293662,-0.3197649817806706,-1.4316507950595618,-1.0905393211448051,-1.087293095265621,-0.2274627705534365,-0.1637898871674222,-0.1602844347588324,-0.3018724209184413,-0.2454227468001086,-0.2118469728397701,-0.457312190109143,-0.5913307612918716,-0.0603121507031704,-0.0386712873591848,-0.9845310296863834,0.4046110410992225,-0.0,-0.3632847049141212,0,0.4,0.96875,3.0976858877086495,0.013960574743142048,0.9734513274336283,1179.6842105263158,0.009928948806704318,0.772240563933256,0.5299430530892169,52.610942249240125,0.9580173106094405,0.961698610005511,0.9648093841642229
4,87,87,41,29,29,12,1,26,12,11,3,241,1535552,2,241,1535622,6,4.0,4.0,1,3,199401,47175272097,19281385,195748,0.0,26,1.3931249407499184,-1.605173065042464,-1.490278905590532,-1.6462677419382912,-0.4493374104771698,-0.3760270318810943,-0.5943120593386446,-1.0136135332227203,-0.4403945369045177,-0.5421437535970131,0.1847264750379408,-1.4354316259870166,-1.2881486950506298,-1.291760787815167,-0.227529219633782,-0.3684052418278123,-0.3727847685169251,0.2454433817497964,0.4253432026444036,0.7950591570321254,-0.457312190109143,0.4751206343562054,-0.1006994598493811,-0.1275913605131934,1.0372282792724157,0.7296370149273317,-0.0,-0.3821639017464083,0,0.36363636363636365,0.16942148760330578,29.0,5.6657113105181e-05,0.049586776859504134,14.5,1.888484348046363e-05,0.896551724137931,0.2988505747126437,2.1666666666666665,1.0,1.0,0.2926829268292683
3,168159,308162,97,38812,38973,453,1,16780,94,12,201,96,612506,3,936,5993184,7,4.0,5.0,2,3,900000,62957366774,17292313,159956,21765.0,38922,0.740849409229254,-1.52311083407893,-1.460184762120374,-1.542528569838591,-0.3590310505163041,-0.3454744645885162,0.4222504086773652,-0.9733922010342808,-0.3867180840304303,-0.2847236221615703,0.2688083845077094,-1.435360607627882,-1.5486337788355802,-1.5559352239878257,-0.2275253108643499,1.097653227130653,1.1378507265725526,0.5191012830839153,0.4253432026444036,1.2985122219680731,0.5346395240730525,0.4751206343562054,2.011678920182424,-0.0042309415106807,0.7984711320275222,0.404247396017741,-0.0,-0.3493316903546244,0,0.25,1.0,1533.1442786069651,0.27454216849766616,0.4834578441835646,12991.0,0.006476022348717752,0.4305544864393298,0.05445187920639144,178.51063829787233,0.9958689349036512,0.545683763734659,0.9690721649484536
3,168161,308164,97,56669,56803,735,2,13978,96,12,201,96,612517,3,935,5985045,8,4.0,5.0,2,4,276196,48428896334,711117,135910,22534.0,56684,0.740849409229254,-1.5231098575661146,-1.4601845667514315,-1.542528569838591,-0.3174509595016538,-0.331486372075506,1.0722971569325006,-0.9689231641244545,-0.3956951295689998,-0.2784450823704619,0.2688083845077094,-1.435360607627882,-1.5486337788355802,-1.5559320758036634,-0.2275253108643499,1.0955437904846697,1.135092478387887,0.7927591844180342,0.4253432026444036,1.2985122219680731,0.5346395240730525,1.008346332180244,0.1308454006122273,-0.1177924324042776,-1.1918434744163042,0.1856421552851746,-0.0,-0.3343387414976502,0,0.25,1.0,1533.1542288557214,0.27454050329949486,0.7852564102564102,18934.333333333332,0.009468431821576643,0.24607855218914493,0.04535896470710401,145.60416666666666,0.997640969667095,0.5456867122700899,0.9896907216494846
1,168162,308165,97,32189,32334,375,3,14565,94,10,201,96,612521,3,936,5990350,8,4.0,4.0,2,4,261586,54056183528,712926,128705,28170.0,32288,-0.5637016538120745,-1.5231093693097069,-1.4601844690669603,-1.542528569838591,-0.374452730685987,-0.3506829304434727,0.2424502442663702,-0.9644541272146276,-0.3938144994008555,-0.2847236221615703,0.1006445655681722,-1.435360607627882,-1.5486337788355802,-1.555930931009423,-0.2275253108643499,1.097653227130653,1.1368903044868734,0.7927591844180342,0.4253432026444036,0.7950591570321254,0.5346395240730525,1.008346332180244,0.0867947409163604,-0.0738068575926538,-1.1916263321110654,0.1201405849833306,-0.0,-0.3549314664337352,0,0.1,1.0,1533.1592039800994,0.27454034304073976,0.400213447171825,10778.0,0.005373474776352838,0.4504546298014474,0.047263641231158636,154.9468085106383,0.9955155563802808,0.5456881865234533,0.9690721649484536
1,168163,308166,97,67202,67444,700,4,15943,96,10,201,96,612524,3,936,5993202,8,4.0,4.0,2,4,308160,60174236005,506046,157972,21252.0,67321,-0.5637016538120745,-1.5231088810532991,-1.4601843713824894,-1.542528569838591,-0.2929248297678066,-0.3231382345303046,0.9916175959788492,-0.9599850903048012,-0.3893996640146497,-0.2784450823704619,0.1006445655681722,-1.435360607627882,-1.5486337788355802,-1.5559300724137424,-0.2275253108643499,1.097653227130653,1.1378568266422568,0.7927591844180342,0.4253432026444036,0.7950591570321254,0.5346395240730525,1.008346332180244,0.2272201635498516,-0.0259852260229244,-1.2164590574332377,0.3862105999762617,-0.0,-0.3253600230542523,0,0.1,1.0,1533.1641791044776,0.27454063099465326,0.7470651013874067,22481.333333333332,0.011213035834094056,0.2363887076685843,0.05173510380768807,166.07291666666666,0.9964118379692782,0.5456896607672488,0.9896907216494846
1,168164,308167,97,50457,50656,705,5,16652,96,10,201,96,612527,3,936,5990356,7,4.0,4.0,2,3,900000,50862657409,11847986,153171,40967.0,50579,-0.5637016538120745,-1.5231083927968914,-1.460184273698018,-1.542528569838591,-0.3319156246404233,-0.3363088513058747,1.0031432475436564,-0.9555160533949744,-0.3871281703362608,-0.2784450823704619,0.1006445655681722,-1.435360607627882,-1.5486337788355802,-1.5559292138180618,-0.2275253108643499,1.097653227130653,1.1368923378434417,0.5191012830839153,0.4253432026444036,0.7950591570321254,0.5346395240730525,0.4751206343562054,2.011678920182424,-0.0987689889318756,0.1449643795377441,0.3425640990714521,-0.0,-0.3394919873467566,0,0.1,1.0,1533.1691542288556,0.27454091894574617,0.7524012806830309,16885.333333333332,0.008423037224659565,0.3287271004421984,0.05403563652175606,173.45833333333334,0.996071541377132,0.5456911350014765,0.9896907216494846
2,199728,210774,977,108,109,44,1,2,2,5,53682,1012,6472334,30,241,1542855,4,2.0,2.0,1,1,100000,56682585865,1998343,89794,1.0,88,0.0885738777085897,-1.507697067542637,-1.4696980574032492,0.0876584202995487,-0.4491534586829067,-0.3759642698283158,-0.5205478893238774,-1.0136135332227203,-0.4404714280868609,-0.5735364525525549,-0.3197649817806706,-1.4161781184113753,0.096913371143831,0.1211391124686013,-0.2274197740896835,-0.3684052418278123,-0.370333557174047,-0.3018724209184413,-0.2454227468001086,-0.2118469728397701,-0.457312190109143,-0.5913307612918716,-0.4004037462579279,-0.0532776376511671,-1.037332020019754,-0.2336042591547751,-0.0,-0.3821115673905288,0,0.4,0.9644619940769991,3.9263440259304794,0.030858724092618816,0.18181818181818182,3.6333333333333333,7.000005185189026e-05,0.01834862385321101,9.488836383994231e-06,1.0,0.9908256880733946,0.9475931566511998,0.0020470829068577278
1,723902,1486549,771,1531729,3222458,2208,1,1486543,771,3,6,770,4968046,547874,2220,13440752,4,1.0,2.0,1,1,351400,59742021751,6317948,55514,0.0,3201866,-0.5637016538120745,-1.2517657532661397,-1.3450746511364615,-0.2939535342100613,3.1172317448758995,2.152051205281375,4.467754107924751,-0.9644541272146276,4.32210753406538,1.8405620971286096,-0.4879288007202078,-1.435430549951272,-0.3378272514489828,-0.309385947215636,1.9139761066620355,3.806169880573343,3.661777611468949,-0.3018724209184413,-0.5808057215223646,-0.2118469728397701,-0.457312190109143,-0.5913307612918716,0.3575932316709526,-0.0293636198650297,-0.518830644994226,-0.5452480939843674,-0.0,2.320517292275328,0,0.3333333333333333,1.0,247758.16666666666,0.14571158445159638,0.9941467807294012,5.8817501834363375,0.1139615466484653,0.4613071760749093,0.9999959638061039,1928.071335927367,0.47532939141487646,0.48696813895808344,1.0
1,723905,1486556,771,1531732,3222467,2208,2,1486550,771,3,6,770,4968056,547874,2220,13440762,4,1.0,2.0,1,1,351400,55567194837,16999765,72614,0.0,3201872,-0.5637016538120745,-1.2517642884969165,-1.3450739673451633,-0.2939535342100613,3.117238730387074,2.152058266012313,4.467754107924751,-0.9599850903048012,4.32212996066023,1.8405620971286096,-0.4879288007202078,-1.435430549951272,-0.3378272514489828,-0.3093830852300342,1.9139761066620355,3.806169880573343,3.6617810003965614,-0.3018724209184413,-0.5808057215223646,-0.2118469728397701,-0.457312190109143,-0.5913307612918716,0.3575932316709526,-0.0619960687201587,0.763355296144156,-0.3897898216510526,-0.0,2.320522356890413,0,0.3333333333333333,1.0,247759.33333333334,0.14571189501247672,0.9941467807294012,5.881766610571043,0.11396168506207571,0.4613080599428947,0.9999959638251098,1928.0804150453955,0.47532899483532337,0.48696786397552466,1.0
4,948192,6631912,171,131,131,52,1,42,24,23,997061,170,1087811,29,183,1172196,8,9.0,4.0,2,6,536404,63457366773,14794183,328958,0.0,112,1.3931249407499184,-1.1422547235716574,-0.8424525872622711,-1.4054446638497022,-0.4490999030972351,-0.3759470102638017,-0.5021068468201857,-0.3298508860192481,-0.4403432761162889,-0.5044725148503629,1.1937093886751635,-1.077808276886741,-1.415696563662571,-1.4199036173452035,-0.2274236828591156,-0.4907525672948497,-0.4959472092049937,0.7927591844180342,2.102258076255684,0.7950591570321254,0.5346395240730525,2.074797727828321,0.9153994086986162,-0.0003227017845697,0.4986094919024361,1.9406660475308903,-0.0,-0.3820913089301883,0,0.17391304347826086,1.0,6.651460642829275,0.8716506160991053,0.2826086956521739,4.517241379310345,0.00011175595910926235,0.32061068702290074,6.333015275232844e-06,1.75,1.0,0.1429741528536567,0.14035087719298245
4,948192,6631912,171,1606,1704,228,2,16,12,19,997061,170,1087811,409,433,2777449,6,4.0,5.0,4,5,241101,62957366773,28388367,162040,0.0,1522,1.3931249407499184,-1.1422547235716574,-0.8424525872622711,-1.4054446638497022,-0.445665360103081,-0.3747129514010442,-0.0964039117389663,-0.3253818491094216,-0.4404265748971607,-0.5421437535970131,0.8573817507960895,-1.077808276886741,-1.415696563662571,-1.4199036173452035,-0.225938350474923,0.0366065942010011,0.0480614126378139,0.2454433817497964,0.4253432026444036,1.2985122219680731,2.518542952437444,1.5415720300042823,0.0250303491388222,-0.0042309415184972,2.1303797802389925,0.423193304762924,-0.0,-0.3809011243851858,0,0.21052631578947367,1.0,6.651460642829275,0.8716506160991053,0.5253456221198156,4.166259168704157,0.0005782282309312499,0.009389671361502348,2.41257724770775e-06,1.3333333333333333,0.9424882629107981,0.1429741528536567,0.07017543859649122
4,948193,6631916,171,441,470,85,3,7,3,20,997061,170,1087812,108,499,3209069,8,4.0,5.0,4,5,408940,70633170785,8274690,330508,0.0,415,1.3931249407499184,-1.1422542353152496,-0.8424521965243863,-1.4054446638497022,-0.4483780669425316,-0.3756810560651528,-0.426037546492457,-0.3164437752897683,-0.4404554090905394,-0.5703971826570007,0.941463660265858,-1.077808276886741,-1.415696563662571,-1.4199033311466434,-0.2271148900739809,0.1758294128359057,0.1943343062937003,0.7927591844180342,0.4253432026444036,1.2985122219680731,2.518542952437444,1.5415720300042823,0.531082277454675,0.055766822940579,-0.2839542112531312,1.954757294438296,-0.0,-0.3818355458683899,0,0.2,1.0,6.651464654619928,0.8716507340875683,0.17,4.351851851851852,0.00013742299170787798,0.014893617021276596,1.0555019092521678e-06,2.3333333333333335,0.9382978723404255,0.1429742174056487,0.017543859649122806
1,948193,6631916,171,25,25,4,4,2,2,9,997061,170,1087812,6,183,1175411,6,4.0,4.0,3,3,184024,70633170785,9199628,148652,0.0,20,-0.5637016538120745,-1.1422542353152496,-0.8424521965243863,-1.4054446638497022,-0.4493467244920692,-0.3760301699837332,-0.6127531018423364,-0.3209128121995949,-0.4404714280868609,-0.5735364525525549,0.0165626560984037,-1.077808276886741,-1.415696563662571,-1.4199033311466434,-0.2275135845560536,-0.4907525672948497,-0.4948576689772386,0.2454433817497964,0.4253432026444036,0.7950591570321254,1.526591238255248,0.4751206343562054,-0.1470627038016977,0.055766822940579,-0.1729297947119517,0.3014812959910867,-0.0,-0.3821689663614934,0,0.1111111111111111,1.0,6.651464654619928,0.8716507340875683,0.021739130434782608,4.166666666666667,2.126913797034572e-05,0.08,3.0157197407204797e-07,1.0,1.0,0.1429742174056487,0.011695906432748537
4,948194,6631921,171,43,43,12,5,1,1,22,997062,170,1087813,10,37,232322,8,10.0,4.0,2,6,245388,70122948416,4257402,222206,5.5e+17,27,1.3931249407499184,-1.142253747058842,-0.8424517081020302,-1.4054446638497022,-0.4493048114250219,-0.3760160485218581,-0.5943120593386446,-0.3119747383799417,-0.4404746318861252,-0.576675722448109,1.1096274792053953,-1.0778079182081597,-1.415696563662571,-1.4199030449480832,-0.2274979494783253,-0.7987303176084266,-0.8144637043904174,0.7927591844180342,2.4376410509779403,0.7950591570321254,0.5346395240730525,2.074797727828321,0.0379560971276094,0.0517786802692502,-0.7661671339332266,0.9701700540732288,-0.0,-0.3821630576438941,0,0.18181818181818182,1.0,6.651462998288973,0.8716508520758144,0.3157894736842105,4.3,0.00018508714160888075,0.023255813953488372,1.5078587335404026e-07,1.0,1.0,0.14297426039906083,0.005847953216374269
2,948197,6631934,171,83,84,34,6,42,18,19,997064,170,1087816,21,366,2345907,8,9.0,4.0,2,5,295225,53365933709,26800867,245451,0.0,80,0.0885738777085897,-1.1422522822896186,-0.8424504382039044,-1.4054446638497022,-0.4492116712760279,-0.3759838829698091,-0.5435991924534922,-0.3075057014701151,-0.4403432761162889,-0.523308134223688,0.8573817507960895,-1.0778072008509965,-1.415696563662571,-1.4199021863524026,-0.2274549530145723,-0.1047256610798869,-0.0981850473826868,0.7927591844180342,2.102258076255684,0.7950591570321254,0.5346395240730525,1.5415720300042823,0.1882198019368442,-0.0792021811305578,1.939825103861633,1.1814933020491294,-0.0,-0.3821183202106423,0,0.10526315789473684,1.0,6.6514626944709665,0.8716512060392511,0.09264305177111716,4.0,3.538075661961168e-05,0.5,6.332994266830762e-06,2.3333333333333335,0.9880952380952381,0.14297443249586017,0.10526315789473684
4,948199,6631948,171,809,846,207,7,10,6,40,997065,170,1087818,124,392,2515708,12,12.0,5.0,2,8,607299,64082450808,8932827,498481,0.0,735,1.3931249407499184,-1.1422513057768031,-0.8424490706213074,-1.4054446638497022,-0.4475211775717866,-0.3753860744170938,-0.1448116483111573,-0.3030366645602885,-0.4404457976927465,-0.5609793729703382,2.623101849661229,-1.077806842172415,-1.415696563662571,-1.4199016139552822,-0.2270523497630675,-0.0498803082843184,-0.0406407176119089,1.8873907897545097,3.1084070004224524,1.2985122219680731,0.5346395240730525,3.1412491234763977,1.1291551594952272,0.0045632547406916,-0.2049551038219712,3.481821176230336,-0.0,-0.3815654330638504,0,0.1,1.0,6.651470064639717,0.8716514420137909,0.5267175572519084,6.82258064516129,0.0003215793241587163,0.01182033096926714,1.507852594742902e-06,1.6666666666666667,0.9562647754137116,0.1429744322482625,0.03508771929824561
4,948199,6631948,171,442,471,85,8,8,3,20,997065,170,1087818,108,499,3209075,8,4.0,5.0,4,5,408862,64082450808,10159143,288827,0.0,416,1.3931249407499184,-1.1422513057768031,-0.8424490706213074,-1.4054446638497022,-0.4483757384388067,-0.375680271539493,-0.426037546492457,-0.2940985907406352,-0.4404522052912751,-0.5703971826570007,0.941463660265858,-1.077806842172415,-1.415696563662571,-1.4199016139552822,-0.2271148900739809,0.1758294128359057,0.1943363396502684,0.7927591844180342,0.4253432026444036,1.2985122219680731,2.518542952437444,1.5415720300042823,0.530847099394697,0.0045632547406916,-0.057754947276221,1.5758300284076008,-0.0,-0.3818347017658757,0,0.2,1.0,6.651470064639717,0.8716514420137909,0.17,4.361111111111111,0.0001377343509471262,0.016985138004246284,1.2062820757943218e-06,2.6666666666666665,0.9384288747346072,0.1429744322482625,0.017543859649122806
4,948199,6631948,171,44,44,12,9,2,1,22,997065,170,1087818,10,37,232327,8,10.0,4.0,2,6,270984,64082450808,10589466,196413,5.3e+17,28,1.3931249407499184,-1.1422513057768031,-0.8424490706213074,-1.4054446638497022,-0.4493024829212971,-0.3760152639961983,-0.5943120593386446,-0.2985676276504618,-0.4404714280868609,-0.576675722448109,1.1096274792053953,-1.077806842172415,-1.415696563662571,-1.4199016139552822,-0.2274979494783253,-0.7987303176084266,-0.8144620099266107,0.7927591844180342,2.4376410509779403,0.7950591570321254,0.5346395240730525,2.074797727828321,0.1151306820403685,0.0045632547406916,-0.0061013661721361,0.7356826144069606,-0.0,-0.3821622135413799,0,0.18181818181818182,1.0,6.651470064639717,0.8716514420137909,0.3157894736842105,4.4,0.00018938741778864364,0.045454545454545456,3.0157051894858044e-07,2.0,1.0,0.1429744322482625,0.005847953216374269
1,948202,6631965,171,265,276,96,10,6,3,9,997067,170,1087822,42,913,5855019,6,4.0,4.0,3,3,181780,50428896334,19502811,146841,0.0,208,-0.5637016538120745,-1.14224984100758,-0.8424474099852967,-1.4054446638497022,-0.4487878835981052,-0.3758332540431406,-0.4006811130498808,-0.2896295538308086,-0.4404586128898037,-0.5703971826570007,0.0165626560984037,-1.077806124815252,-1.415696563662571,-1.4199004691610415,-0.2273728688564985,1.049136184273035,1.0910276081999897,0.2454433817497964,0.4253432026444036,0.7950591570321254,1.526591238255248,0.4751206343562054,-0.1538285956810629,-0.1021594734685678,1.0638070255851924,0.2850172649270146,-0.0,-0.3820102750888264,0,0.1111111111111111,1.0,6.651473772574962,0.8716509946930705,0.1050328227571116,6.571428571428571,4.5260306540370483e-05,0.021739130434782608,9.047092377598495e-07,2.0,0.9601449275362319,0.14297451811039413,0.017543859649122806
1,948203,6631976,171,172,180,61,11,6,5,9,997069,170,1087823,41,525,3375262,6,4.0,4.0,3,3,184056,55975325709,5192374,143878,0.0,164,-0.5637016538120745,-1.142249352751172,-0.8424463354561132,-1.4054446638497022,-0.4490044344445162,-0.3759085685064748,-0.4813606740035324,-0.285160516920982,-0.4404586128898037,-0.5641186428658924,0.0165626560984037,-1.0778054074580892,-1.415696563662571,-1.419900182962481,-0.2273767776259306,0.2306747656314742,0.2506559109815107,0.2454433817497964,0.4253432026444036,0.7950591570321254,1.526591238255248,0.4751206343562054,-0.1469662204950401,-0.058805922138973,-0.6539382918029003,0.2580802555162771,-0.0,-0.3820474155994506,0,0.1111111111111111,1.0,6.651471462857636,0.8716511126799924,0.11596958174904944,4.390243902439025,5.095899193633207e-05,0.03333333333333333,9.04707737181196e-07,1.2,0.9555555555555556,0.14297443175307029,0.029239766081871343
4,948203,6631976,171,367,369,90,12,3,2,15,997069,170,1087823,82,426,2735482,6,6.0,4.0,2,4,151790,55975325709,6081782,122324,0.0,345,1.3931249407499184,-1.142249352751172,-0.8424463354561132,-1.4054446638497022,-0.4485503762181705,-0.3757602931567856,-0.4145118949276496,-0.2806914800111554,-0.4404682242875966,-0.5735364525525549,0.5210541129170152,-1.0778054074580892,-1.415696563662571,-1.419900182962481,-0.2272165180792151,0.0218405376791172,0.033839100122044,0.2454433817497964,1.096109152088916,0.7950591570321254,0.5346395240730525,1.008346332180244,-0.2442515446392456,-0.058805922138973,-0.5471786989793193,0.0621301033600042,-0.0,-0.381894633044383,0,0.26666666666666666,1.0,6.651471462857636,0.8716511126799924,0.2107728337236534,4.5,0.00013416277856597903,0.008130081300813009,4.52353868590598e-07,1.5,0.994579945799458,0.14297443175307029,0.011695906432748537
4,948206,6631996,171,5,5,1,13,1,1,25,997072,170,1087826,3,0,48,9,4.0,5.0,5,6,366711,55556183528,24301753,283003,0.0,3,1.3931249407499184,-1.1422478879819489,-0.8424443817666889,-1.4054446638497022,-0.4493932945665662,-0.3760458604969279,-0.6196684927812208,-0.2672843692816755,-0.4404746318861252,-0.576675722448109,1.3618732076147009,-1.0778043314223449,-1.415696563662571,-1.419899324366801,-0.2275253108643499,-0.8767794735098126,-0.8931796816413033,1.066417085752153,0.4253432026444036,1.2985122219680731,3.510494666619639,2.074797727828321,0.4037574788032879,-0.0620821383908714,1.6398453498458034,1.5228833045439034,-0.0,-0.3821833161042346,0,0.16,1.0,6.651471508577114,0.8716514666394565,1.0,1.6666666666666667,0.10204081632653061,0.2,1.5078416814485413e-07,1.0,1.0,0.14297445293995956,0.005847953216374269
4,948206,6631996,171,256,257,50,14,64,21,22,997072,170,1087826,44,224,1429903,8,10.0,4.0,2,6,250024,55606183528,16862074,179586,5.1e+17,189,1.3931249407499184,-1.1422478879819489,-0.8424443817666889,-1.4054446638497022,-0.4488088401316288,-0.3758481600306755,-0.5067171074461086,-0.2717534061915022,-0.4402727925324742,-0.5138903245370254,1.1096274792053953,-1.0778043314223449,-1.415696563662571,-1.419899324366801,-0.2273650513176343,-0.4042656648095302,-0.4086121723545755,0.7927591844180342,2.4376410509779403,0.7950591570321254,0.5346395240730525,2.074797727828321,0.0519341161796312,-0.0616913144174787,0.7468276338165496,0.5827062197547567,-0.0,-0.382026313036596,0,0.18181818181818182,1.0,6.651471508577114,0.8716514666394565,0.2222222222222222,5.840909090909091,0.00017903299801944747,0.2490272373540856,9.650186761270664e-06,3.0476190476190474,0.9961089494163424,0.14297445293995956,0.12280701754385964
2,948206,6631996,171,29,29,12,15,13,9,12,997072,170,1087826,11,121,771414,6,5.0,4.0,2,3,179008,55556183528,18816223,131643,0.0,22,0.0885738777085897,-1.1422478879819489,-0.8424443817666889,-1.4054446638497022,-0.4493374104771698,-0.3760270318810943,-0.5943120593386446,-0.2762224431013288,-0.4404361862949535,-0.5515615632836757,0.2688083845077094,-1.0778043314223449,-1.415696563662571,-1.419899324366801,-0.2274940407088932,-0.6215376393458207,-0.631769327886226,0.2454433817497964,0.7607261773666597,0.7950591570321254,0.5346395240730525,0.4751206343562054,-0.1621864621202787,-0.0620821383908714,0.9813928182500246,0.1468503162181423,-0.0,-0.382167278156465,0,0.16666666666666666,1.0,6.651471508577114,0.8716514666394565,0.09836065573770492,2.6363636363636362,3.759325395539366e-05,0.4482758620689655,1.9601941858831037e-06,1.4444444444444444,1.0,0.14297445293995956,0.05263157894736842
1,948207,6632007,171,150,157,53,16,33,12,15,997072,170,1087827,29,284,1815952,8,4.0,4.0,4,5,304546,62311408650,5464444,231933,0.0,145,-0.5637016538120745,-1.1422473997255411,-0.8424433072375056,-1.4054446638497022,-0.449055661526463,-0.3759266125966487,-0.4998017165072242,-0.2628153323718489,-0.4403721103096675,-0.5421437535970131,0.5210541129170152,-1.0778043314223449,-1.415696563662571,-1.4198990381682408,-0.2274236828591156,-0.277699466050526,-0.277782960726381,0.7927591844180342,0.4253432026444036,0.7950591570321254,2.518542952437444,1.5415720300042823,0.2163235801042073,-0.0092800599240208,-0.6212805212189707,1.0585994467624775,-0.0,-0.3820634535472202,0,0.06666666666666667,1.0,6.651482540879695,0.8716515846255106,0.18596491228070175,5.413793103448276,8.260125675058771e-05,0.21019108280254778,4.975869295674748e-06,2.75,0.9554140127388535,0.14297436658314747,0.07017543859649122
2,948208,6632016,171,266,277,96,17,7,3,23,997072,170,1087828,42,913,5855025,9,4.0,4.0,5,6,395514,65661524430,3522050,309564,0.0,209,0.0885738777085897,-1.1422469114691334,-0.8424424280772645,-1.4054446638497022,-0.4487855550943803,-0.3758324695174809,-0.4006811130498808,-0.2583462954620223,-0.4404554090905394,-0.5703971826570007,1.1937093886751635,-1.0778043314223449,-1.415696563662571,-1.4198987519696806,-0.2273728688564985,1.049136184273035,1.091029641556558,1.066417085752153,0.4253432026444036,0.7950591570321254,3.510494666619639,2.074797727828321,0.4906015001051397,0.0169060512852858,-0.8544347007889396,1.764352729774615,-0.0,-0.3820094309863123,0,0.08695652173913043,1.0,6.651491567309081,0.871651702611348,0.1050328227571116,6.595238095238095,4.5431053593955004e-05,0.02527075812274368,1.055485994002427e-06,2.3333333333333335,0.9602888086642599,0.1429743233430076,0.017543859649122806
4,948208,6632016,171,1965,1985,311,18,494,124,19,997072,170,1087828,334,445,2858770,6,4.0,5.0,4,5,241062,65161524430,4423300,168628,0.0,1907,1.3931249407499184,-1.1422469114691334,-0.8424424280772645,-1.4054446638497022,-0.4448294272658598,-0.3744924996906598,0.0949219042368359,-0.2538772585521957,-0.4388951588488251,-0.1905455252949449,0.8573817507960895,-1.0778043314223449,-1.415696563662571,-1.4198987519696806,-0.2262315081823294,0.0619198339528019,0.0756205108839339,0.2454433817497964,0.4253432026444036,1.2985122219680731,2.518542952437444,1.5415720300042823,0.0249127601088332,0.0129978115513584,-0.7462536601054148,0.4830856496829168,-0.0,-0.3805761449172242,0,0.21052631578947367,1.0,6.651491567309081,0.871651702611348,0.6973094170403588,5.9431137724550895,0.0006873583088676917,0.24886649874055417,7.448715443388557e-05,3.9838709677419355,0.9899244332493703,0.1429743233430076,0.7251461988304093
4,948209,6632026,171,169,173,52,19,56,31,22,997072,170,1087829,20,138,881680,8,10.0,4.0,2,6,250024,61674236005,4890028,179586,6.7e+17,120,1.3931249407499184,-1.1422464232127256,-0.8424414512325524,-1.4054446638497022,-0.4490114199556908,-0.375914060186093,-0.5021068468201857,-0.2494082216423691,-0.4402984229265886,-0.4824976255814837,1.1096274792053953,-1.0778043314223449,-1.415696563662571,-1.4198984657711204,-0.2274588617840044,-0.5856772163641029,-0.594400978662696,0.7927591844180342,2.4376410509779403,0.7950591570321254,0.5346395240730525,2.074797727828321,0.0519341161796312,-0.0142605068211421,-0.6902302251471455,0.5827062197547567,-0.0,-0.3820845561100748,0,0.18181818181818182,1.0,6.651501596675065,0.8716518205969683,0.37410071942446044,8.65,0.00019167930351226804,0.3236994219653179,8.443875220030802e-06,1.8064516129032258,0.976878612716763,0.14297425854482476,0.18128654970760233
4,948209,6632026,171,1896,1977,59,20,868,56,20,997072,170,1087829,272,60,381721,8,4.0,5.0,4,5,383508,62174236005,3731023,272280,0.0,1813,1.3931249407499184,-1.1422464232127256,-0.8424414512325524,-1.4054446638497022,-0.4449900940228745,-0.3744987758959376,-0.4859709346294553,-0.2449391847325424,-0.4376969379239768,-0.4040158781926292,0.941463660265858,-1.0778043314223449,-1.415696563662571,-1.4198984657711204,-0.2264738518871187,-0.7502132747508083,-0.7638334647367967,0.7927591844180342,0.4253432026444036,1.2985122219680731,2.518542952437444,1.5415720300042823,0.4544021694885362,-0.0103522670872146,-0.8293507433800539,1.425399149325767,-0.0,-0.3806554905535577,0,0.2,1.0,6.651501596675065,0.8716518205969683,0.9672131147540983,7.268382352941177,0.004966965487972923,0.43904906423874557,0.00013088006591047743,15.5,0.9590288315629742,0.14297425854482476,0.32748538011695905
4,948210,6632029,171,450,463,128,21,41,27,19,997072,170,1087830,45,723,4659112,6,4.0,5.0,4,5,243654,59279187583,5882541,193809,0.0,449,1.3931249407499184,-1.142245934956318,-0.8424411581791388,-1.4054446638497022,-0.4483571104090079,-0.3756865477447709,-0.3269169430351137,-0.2404701478227158,-0.4403464799155531,-0.4950547051637004,0.8573817507960895,-1.0778043314223449,-1.415696563662571,-1.4198981795725605,-0.2273611425482023,0.6483432215361881,0.6857433826466555,0.2454433817497964,0.4253432026444036,1.2985122219680731,2.518542952437444,1.5415720300042823,0.0327279079480999,-0.0329813536362234,-0.5710944812004857,0.712009319602519,-0.0,-0.3818068463829076,0,0.21052631578947367,1.0,6.65150460548486,0.8716519385823717,0.17679558011049723,10.28888888888889,9.658490789985132e-05,0.08855291576673865,6.182120132466248e-06,1.5185185185185186,0.9719222462203023,0.14297434465380052,0.15789473684210525
1,948213,6632048,171,267,278,96,22,8,3,9,997072,170,1087834,42,913,5855031,6,4.0,4.0,3,3,197664,45107725573,12154472,154868,0.0,210,-0.5637016538120745,-1.1422444701870946,-0.8424393021741856,-1.4054446638497022,-0.4487832265906555,-0.3758316849918212,-0.4006811130498808,-0.2360011109128892,-0.4404522052912751,-0.5703971826570007,0.0165626560984037,-1.0778043314223449,-1.415696563662571,-1.4198970347783195,-0.2273728688564985,1.049136184273035,1.091031674913126,0.2454433817497964,0.4253432026444036,0.7950591570321254,1.526591238255248,0.4751206343562054,-0.1059366943388897,-0.1437522954668741,0.1817532554710931,0.3579917416533021,-0.0,-0.3820085868837981,0,0.1111111111111111,1.0,6.651523661280229,0.8716514912647598,0.1050328227571116,6.619047619047619,4.5601800297590173e-05,0.02877697841726619,1.2062638871130003e-06,2.6666666666666665,0.960431654676259,0.14297438739888493,0.017543859649122806
4,948214,6632068,171,75,77,22,23,5,5,22,997073,170,1087835,13,190,1216757,8,10.0,4.0,2,6,250024,49994444688,17305475,158754,2.2e+17,53,1.3931249407499184,-1.1422439819306869,-0.8424373484847614,-1.4054446638497022,-0.4492302993058267,-0.3759893746494272,-0.5712607562090298,-0.227063037093236,-0.440461816689068,-0.5641186428658924,1.1096274792053953,-1.0778039727437632,-1.415696563662571,-1.4198967485797591,-0.227486223170029,-0.4759865107729659,-0.4808458088662699,0.7927591844180342,2.4376410509779403,0.7950591570321254,0.5346395240730525,2.074797727828321,0.0519341161796312,-0.1055553558393026,0.8000510253506584,0.3933198613192238,-0.0,-0.3821411109785253,0,0.18181818181818182,1.0,6.651537048942254,0.8716516092499237,0.11518324607329843,5.923076923076923,6.163920845394072e-05,0.06493506493506493,7.539126559015981e-07,1.0,0.974025974025974,0.14297410702061558,0.029239766081871343
4,948214,6632068,171,14,15,9,24,3,3,22,997073,170,1087835,7,113,723892,8,10.0,4.0,2,6,338985,50494444688,9830174,196674,7000000000000000.0,10,1.3931249407499184,-1.1422439819306869,-0.8424373484847614,-1.4054446638497022,-0.4493723380330426,-0.3760380152403305,-0.601227450277529,-0.2315320740030626,-0.4404682242875966,-0.5703971826570007,1.1096274792053953,-1.0778039727437632,-1.415696563662571,-1.4198967485797591,-0.2275096757866215,-0.6384131325136879,-0.6478741896913208,0.7927591844180342,2.4376410509779403,0.7950591570321254,0.5346395240730525,2.074797727828321,0.3201607237911315,-0.1016471161053751,-0.0972425575648406,0.738055398563627,-0.0,-0.3821774073866353,0,0.18181818181818182,1.0,6.651537048942254,0.8716516092499237,0.07894736842105263,2.142857142857143,1.9339874815753155e-05,0.2,4.5234759354095886e-07,1.0,0.9333333333333333,0.14297410702061558,0.017543859649122806
4,948215,6632077,171,1966,1986,311,25,495,124,24,997074,170,1087836,334,445,2858778,8,10.0,4.0,2,6,258111,56551246859,4240157,209161,1.1652958e+19,1908,1.3931249407499184,-1.1422434936742791,-0.8424364693245203,-1.4054446638497022,-0.444827098762135,-0.374491715165,0.0949219042368359,-0.2225940001834094,-0.4388919550495608,-0.1905455252949449,1.2777912981449324,-1.0778036140651817,-1.415696563662571,-1.4198964623811992,-0.2262315081823294,0.0619198339528019,0.0756232220260247,0.7927591844180342,2.4376410509779403,0.7950591570321254,0.5346395240730525,2.074797727828321,0.0763172568340101,-0.0543042462948946,-0.7682371278822834,0.8515763018750948,0.0,-0.38057530081471,0,0.16666666666666666,1.0,6.651539404296973,0.8716517272348706,0.6973094170403588,5.946107784431137,0.0006877061850531293,0.24924471299093656,7.46372516483147e-05,3.9919354838709675,0.9899295065458208,0.1429740637812257,0.7251461988304093
4,948217,6632085,171,418,420,129,26,14,9,19,997074,170,1087838,121,1651,10281552,6,4.0,5.0,4,5,241048,51557753964,12199091,159945,0.0,390,1.3931249407499184,-1.1422425171614636,-0.8424356878487507,-1.4054446638497022,-0.4484316225282031,-0.3757202823481393,-0.3246118127221522,-0.2181249632735827,-0.4404329824956893,-0.5515615632836757,0.8573817507960895,-1.0778036140651817,-1.415696563662571,-1.4198958899840788,-0.2270640760713637,2.605900429008786,2.5911475997973943,0.2454433817497964,0.4253432026444036,1.2985122219680731,2.518542952437444,1.5415720300042823,0.0248705486621705,-0.0933357809815415,0.1871090722303255,0.4041473936203336,-0.0,-0.3818566484312445,0,0.21052631578947367,1.0,6.651547427773666,0.8716519632041139,0.07808716707021791,3.4710743801652892,4.065533679591011e-05,0.03333333333333333,2.110950025519878e-06,1.5555555555555556,0.9952380952380953,0.14297419288202728,0.05263157894736842
1,948217,6632085,171,614,650,69,27,154,37,15,997074,170,1087838,162,122,777742,8,4.0,4.0,4,5,287482,52057753964,7197579,209253,0.0,556,-0.5637016538120745,-1.1422425171614636,-0.8424356878487507,-1.4054446638497022,-0.4479752357981325,-0.3755398414464011,-0.4629196314998406,-0.2136559263637561,-0.4399844505986872,-0.4636620062081586,0.5210541129170152,-1.0778036140651817,-1.415696563662571,-1.4198958899840788,-0.2269038165246482,-0.6194282026998373,-0.6296248144923738,0.7927591844180342,0.4253432026444036,0.7950591570321254,2.518542952437444,1.5415720300042823,0.1648738568290346,-0.089427541247614,-0.4132446289082458,0.8524126855625022,-0.0,-0.3817165274138897,0,0.06666666666666667,1.0,6.651547427773666,0.8716519632041139,0.5609756097560976,4.012345679012346,0.0007894638717416936,0.23692307692307693,2.3220450280718657e-05,4.162162162162162,0.9446153846153846,0.14297419288202728,0.21637426900584794
4,948220,6632097,172,294,301,120,28,17,11,27,997074,171,1087841,69,648,4168230,10,12.0,4.0,2,8,304124,62700000000,3552551,241071,0.0,252,1.3931249407499184,-1.1422410523922404,-0.8424345156350961,-1.4035921786336365,-0.4487203569900845,-0.3758136409016473,-0.3453579855388055,-0.2047178525441029,-0.4404233710978963,-0.5452830234925673,1.530037026554238,-1.0778036140651817,-1.4139001148088817,-1.4198950313883982,-0.2272673320818322,0.4901354730874328,0.5193870261673708,1.3400749870862718,3.1084070004224524,0.7950591570321254,0.5346395240730525,3.1412491234763977,0.21505120649766,-0.0062426436153598,-0.8507735302792162,1.141674165626912,-0.0,-0.3819731345782022,0,0.14814814814814814,1.0,6.651559462988705,0.8716523171563517,0.18489984591679506,4.36231884057971,7.053351889566581e-05,0.05647840531561462,2.5632918215761924e-06,1.5454545454545454,0.9767441860465116,0.14297438653264571,0.06395348837209303
4,948220,6632097,172,494,497,131,29,210,77,21,997074,171,1087841,53,227,1443276,8,9.0,4.0,2,6,256704,47675272097,12035371,190110,0.0,424,1.3931249407499184,-1.1422410523922404,-0.8424345156350961,-1.4035921786336365,-0.4482546562451145,-0.37565987387234,-0.3200015520962292,-0.2091868894539295,-0.4398050378398864,-0.3380912103859914,1.0255455697356266,-1.0778036140651817,-1.4139001148088817,-1.4198950313883982,-0.2273298723927456,-0.3979373548715799,-0.40408015945698,0.7927591844180342,2.102258076255684,0.7950591570321254,0.5346395240730525,2.074797727828321,0.0720750064444082,-0.1236831207792659,0.1674570334167813,0.678381240692523,-0.0,-0.3818279489457623,0,0.19047619047619047,1.0,6.651559462988705,0.8716523171563517,0.5745614035087719,9.377358490566039,0.0003422766385108333,0.4225352112676056,3.166419309005885e-05,2.727272727272727,0.993963782696177,0.14297438653264571,0.4476744186046512
7,249,251,84,38,38,15,1,3,3,18,53,147,940181,11,99,628428,7,6.0,4.0,1,3,189627,47071501105,5130691,149206,0.0,27,3.349951535311911,-1.6050939675044085,-1.4902628853372524,-1.5666108776474503,-0.4493164539436462,-0.3760199711501567,-0.5873966683997602,-1.0136135332227203,-0.4404682242875966,-0.5703971826570007,0.7732998413263209,-1.435413692057942,-1.4570148872974251,-1.4621551107834174,-0.2274940407088932,-0.6679452455574556,-0.6802262482612794,0.5191012830839153,1.096109152088916,0.7950591570321254,-0.457312190109143,0.4751206343562054,-0.1301690798266161,-0.1284024843415203,-0.6613423762772214,0.3065177803696046,-0.0,-0.3821630576438941,0,0.3888888888888889,0.5675675675675675,4.735849056603773,0.00026484233903648443,0.15,3.4545454545454546,6.046824700960649e-05,0.07894736842105263,0.01195219123505976,1.0,1.0,0.9920318725099602,0.03571428571428571
2,4107312,54333265,729,160,163,80,1,12,12,9,3121282,728,4691597,18,797,5143137,6,3.0,3.0,1,2,149112,62957366773,23677754,114139,0.0,131,0.0885738777085897,0.4002058592828313,3.8172288568751616,-0.3717579132848362,-0.4490323764892144,-0.3759219054426903,-0.4375631980572644,-0.9689231641244545,-0.4404393900942179,-0.5421437535970131,0.0165626560984037,-0.3158957018418225,-0.413278103303934,-0.3885052529766656,-0.2274666793228686,0.80444153333896,0.8497759514613313,0.2454433817497964,0.0899602279221475,0.2916060920961776,-0.457312190109143,-0.0581050634678331,-0.2523259913651547,-0.0042309415184972,1.564943978189239,-0.0122807714381349,-0.0,-0.3820752709824188,0,0.2222222222222222,1.0,17.407355375131115,0.8754611968033067,0.10025062656641603,9.055555555555555,3.110941219154532e-05,0.0736196319018405,2.2085917347319363e-07,1.0,0.9815950920245399,0.07559479445971082,0.01646090534979424
2,4107312,54333265,729,344,347,96,2,63,38,18,3121282,728,4691597,76,259,1655976,10,5.0,4.0,1,3,288050,62957366773,26902693,226135,0.0,316,0.0885738777085897,0.4002058592828313,3.8172288568751616,-0.3717579132848362,-0.448603931803842,-0.3757775527212997,-0.4006811130498808,-0.9644541272146276,-0.4402759963317386,-0.4605227363126044,0.7732998413263209,-0.3158957018418225,-0.413278103303934,-0.3885052529766656,-0.2272399706958076,-0.330435382200111,-0.3319976691168497,1.3400749870862718,0.7607261773666597,0.7950591570321254,-0.457312190109143,0.4751206343562054,0.1665864355222073,-0.0042309415184972,1.9520477309336337,1.005889092201743,-0.0,-0.3819191120172943,0,0.1111111111111111,1.0,17.407355375131115,0.8754611968033067,0.36923076923076925,4.565789473684211,0.00020773235377061395,0.18155619596541786,1.1595106607342666e-06,1.6578947368421053,0.9913544668587896,0.07559479445971082,0.05212620027434842
2,4107315,54333268,729,770,779,101,3,81,52,14,3121282,728,4691606,22,584,3760807,8,5.0,3.0,1,3,239330,56472884176,6884788,190894,0.0,705,0.0885738777085897,0.4002073240520546,3.817229149928576,-0.3717579132848362,-0.4476119892170558,-0.3754386376362958,-0.3891554614850734,-0.9599850903048012,-0.4402183279449811,-0.4165729577748459,0.4369722034472466,-0.3158957018418225,-0.413278103303934,-0.388502677189624,-0.2274510442451402,0.355131527744495,0.3813143206579824,0.7927591844180342,0.7607261773666597,0.2916060920961776,-0.457312190109143,0.4751206343562054,0.0196906011359898,-0.0549167665976101,-0.4507903219972227,0.6855086842895592,-0.0,-0.3815907561392759,0,0.14285714285714285,1.0,17.407356336274646,0.8754601568289927,0.17264957264957265,35.40909090909091,0.0002047432360280025,0.10397946084724005,1.4907993386298797e-06,1.5576923076923077,0.9884467265725289,0.07559484550055041,0.07133058984910837
3,4107319,54333274,729,7,7,3,4,4,2,15,3121282,728,4691620,2,45,285558,8,5.0,3.0,1,3,233303,45000000000,13573912,188363,0.0,4,0.740849409229254,0.4002092770776856,3.817229736035404,-0.3717579132848362,-0.4493886375591165,-0.3760442914456084,-0.6150582321552979,-0.9555160533949744,-0.4404650204883323,-0.5735364525525549,0.5210541129170152,-0.3158957018418225,-0.413278103303934,-0.3884986704097816,-0.227529219633782,-0.7818548244405594,-0.7964224093469422,0.7927591844180342,0.7607261773666597,0.2916060920961776,-0.457312190109143,0.4751206343562054,0.0015185733476948,-0.1445943301963916,0.3521349435574425,0.6624990417588212,-0.0,-0.3821824720017204,0,0.2,1.0,17.407358258561707,0.8754583970018038,0.06521739130434782,3.5,2.4513322991045633e-05,0.5714285714285714,7.361971229637293e-08,2.0,1.0,0.07559491077235655,0.0027434842249657062
2,31,31,20,6479,13643,292,1,27,19,6,2,126,804289,174,484,3110211,5,2.0,3.0,1,2,152046,69990000015,471531,116904,0.0,13640,0.0885738777085897,-1.6052004074012982,-1.49028437592092,-1.6851699314756785,-0.4343185614518859,-0.3653464995495116,0.0511244282905679,-1.0136135332227203,-0.4403913331052533,-0.5201688643281338,-0.235683072310902,-1.435431984665598,-1.4947403132249009,-1.5010472055223307,-0.2268569112914632,0.1441878631461547,0.160832045691704,-0.0282145195843224,-0.2454227468001086,0.2916060920961776,-0.457312190109143,-0.0581050634678331,-0.2434796781859847,0.0507394918225496,-1.2206020461923963,0.0128561948192694,-0.0,-0.3706722901182783,0,0.3333333333333333,0.15748031496062992,15.5,3.854331149212349e-05,0.6020618556701031,78.4080459770115,0.0020831377410928903,0.0019790368687238875,0.8709677419354839,1.4210526315789473,0.47489555083192847,1.0,0.95
5,2073290,4873847,600,263,273,87,1,5,5,24,1269611,599,3858315,50,252,1614700,11,5.0,6.0,1,2,323471,63898120994,496240,199773,0.0,254,2.0454004722705825,-0.5929184157237695,-1.0141882371522748,-0.610728506157359,-0.4487925406055549,-0.3758356076201198,-0.4214272858665341,-0.8125068722805228,-0.440461816689068,-0.5641186428658924,1.2777912981449324,-0.9800504295024564,-0.6450200054298555,-0.6269893615940318,-0.2273415987010418,-0.3452014387219949,-0.3459858067345235,1.6137328884203908,0.7607261773666597,1.801965286904021,-0.457312190109143,-0.0581050634678331,0.2733844106821869,0.003122444534247,-1.217636115169651,0.7662288012514014,-0.0,-0.3819714463731739,0,0.20833333333333334,1.0,3.838850640077945,0.5373561937384081,0.3438735177865613,5.46,0.00016287845241936432,0.018315018315018316,1.0258836602790362e-06,1.0,0.9633699633699634,0.42539086680398464,0.008333333333333333
5,2073291,4873852,600,243,248,96,2,5,5,24,1269611,599,3858319,84,277,1775154,11,5.0,6.0,1,2,261111,50428896334,23330707,199761,0.0,222,2.0454004722705825,-0.5929179274673617,-1.014187748729919,-0.610728506157359,-0.4488391106800519,-0.3758552207616131,-0.4006811130498808,-0.8035687984608695,-0.440461816689068,-0.5641186428658924,1.2777912981449324,-0.9800504295024564,-0.6450200054298555,-0.6269882167997912,-0.2272087005403509,-0.2924655225724098,-0.2916091076041273,1.6137328884203908,0.7607261773666597,1.801965286904021,-0.457312190109143,-0.0581050634678331,0.0853625668331615,-0.1021594734685678,1.5232863852615328,0.7661197077269569,-0.0,-0.3819984576536278,0,0.20833333333333334,1.0,3.838854578292091,0.5373558958303095,0.34532374100719426,2.9523809523809526,0.00013688945472367203,0.020161290322580645,1.0258826078428316e-06,1.0,0.9798387096774194,0.42539063557941437,0.008333333333333333
4,2073291,4873852,600,23,24,15,3,13,12,28,1269611,599,3858319,3,247,1576530,14,4.0,9.0,1,1,355790,50428896334,21131331,262654,1.9e+18,14,1.3931249407499184,-0.5929179274673617,-1.014187748729919,-0.610728506157359,-0.449351381499519,-0.376030954509393,-0.5873966683997602,-0.8080378353706962,-0.4404361862949535,-0.5421437535970131,1.6141189360240067,-0.9800504295024564,-0.6450200054298555,-0.6269882167997912,-0.2275253108643499,-0.3557486219519119,-0.3589213434354298,2.434706592422747,0.4253432026444036,3.3123244817118644,-0.457312190109143,-0.5913307612918716,0.3708295353030441,-0.1021594734685678,1.2592855147657014,1.3378879604672589,0.0,-0.3821740309765786,0,0.14285714285714285,1.0,3.838854578292091,0.5373558958303095,0.06048387096774194,8.0,1.4588993175522714e-05,0.5416666666666666,2.667294780391362e-06,1.0833333333333333,0.9583333333333334,0.42539063557941437,0.02
5,2073292,4873856,600,10,11,4,4,2,2,24,1269611,599,3858323,6,2,18390,11,5.0,6.0,1,2,272918,56056183528,15682523,187720,0.0,7,2.0454004722705825,-0.592917439210954,-1.014187357992034,-0.610728506157359,-0.449381652047942,-0.3760411533429695,-0.6127531018423364,-0.7946307246412163,-0.4404714280868609,-0.5735364525525549,1.2777912981449324,-0.9800504295024564,-0.6450200054298555,-0.6269870720055505,-0.2275135845560536,-0.8725606002178458,-0.8869637106125366,1.6137328884203908,0.7607261773666597,1.801965286904021,-0.457312190109143,-0.0581050634678331,0.120961891886488,-0.058173898656944,0.6052408879421615,0.6566534470740071,-0.0,-0.3821799396941778,0,0.20833333333333334,1.0,3.838857728863408,0.5373555979228287,1.3333333333333333,1.8333333333333333,0.0005437442227176336,0.18181818181818182,4.10352706358169e-07,1.0,0.9090909090909091,0.42539049163537046,0.0033333333333333335
5,2073292,4873856,600,461,479,120,5,45,21,25,1269611,599,3858323,133,350,2242796,12,5.0,7.0,1,2,301231,56702453326,9725743,208178,0.0,436,2.0454004722705825,-0.592917439210954,-1.014187357992034,-0.610728506157359,-0.4483314968680346,-0.3756739953342152,-0.3453579855388055,-0.7990997615510429,-0.4403336647184959,-0.5138903245370254,1.3618732076147009,-0.9800504295024564,-0.6450200054298555,-0.6269870720055505,-0.2270171708381787,-0.1384766474156213,-0.1331286188987243,1.8873907897545097,0.7607261773666597,2.305418351839969,-0.457312190109143,-0.0581050634678331,0.2063285125551451,-0.0531223440501822,-0.1097778743577629,0.8426397239976885,-0.0,-0.381817819715592,0,0.2,1.0,3.838857728863408,0.5373555979228287,0.3418803418803419,3.601503759398496,0.00020554691307327413,0.09394572025052192,9.232935893058802e-06,2.142857142857143,0.9624217118997912,0.42539049163537046,0.035
4,2073298,4873867,600,236,239,38,6,6,3,22,1269613,599,3858335,40,228,1461313,10,8.0,5.0,1,2,338946,51750391615,913787,212946,0.0,196,1.3931249407499184,-0.5929145096725075,-1.0141862834628506,-0.610728506157359,-0.4488554102061258,-0.3758622814925507,-0.5343786712016463,-0.7901616877313896,-0.4404586128898037,-0.5703971826570007,1.1096274792053953,-0.9800497121452934,-0.6450200054298555,-0.6269836376228285,-0.2273806863953627,-0.3958279182255965,-0.3979675507204265,1.3400749870862718,1.766875101533428,1.2985122219680731,-0.457312190109143,-0.0581050634678331,0.3200431347611425,-0.0918300327377641,-1.167516094094163,0.8859862177102759,-0.0,-0.3820204043189967,0,0.18181818181818182,1.0,3.838860345632882,0.5373554817413517,0.16593886462882096,5.975,0.000161498486978158,0.02510460251046025,1.231055340656608e-06,2.0,0.9874476987447699,0.4253907626121107,0.005
3,210569,419302,281,2,2,1,1,1,1,15,419299,283,1810572,1,0,0,7,5.0,5.0,1,2,250000,53865933709,21664104,162302,0.0,0,0.740849409229254,-1.502403879826208,-1.4493281099893238,-1.201671290082435,-0.4494002800777408,-0.3760482140739071,-0.6196684927812208,-0.9644541272146276,-0.4404746318861252,-0.576675722448109,0.5210541129170152,-1.285039131483839,-1.2126978431956783,-1.213050459796623,-0.227533128403214,-0.8767794735098126,-0.8931959484938483,0.5191012830839153,0.7607261773666597,1.2985122219680731,-0.457312190109143,-0.0581050634678331,0.051861753699638,-0.0752939413966304,1.323236624433478,0.4255751800466273,-0.0,-0.3821858484117771,0,0.2,0.9894366197183099,1.0000071547988427,0.11629964657597346,1.0,2.0,2.0,0.5,2.3849158840167707e-06,1.0,1.0,0.5021893527815274,0.0035587188612099642
3,210570,419306,282,2,2,2,2,1,1,15,419303,284,1810597,1,0,0,7,5.0,5.0,1,2,250000,47675272097,9083065,162302,0.0,0,0.740849409229254,-1.5024033915698003,-1.4493277192514389,-1.1998188048663687,-0.4494002800777408,-0.3760482140739071,-0.6173633624682593,-0.9599850903048012,-0.4404746318861252,-0.576675722448109,0.5210541129170152,-1.285037696769513,-1.2109013943419893,-1.2130433048326186,-0.227533128403214,-0.8767794735098126,-0.8931959484938483,0.5191012830839153,0.7607261773666597,1.2985122219680731,-0.457312190109143,-0.0581050634678331,0.051861753699638,-0.1236831207792659,-0.1869213693529433,0.4255751800466273,-0.0,-0.3821858484117771,0,0.2,0.9894736842105263,1.0000071547305887,0.1162985930615189,2.0,2.0,2.0,0.5,2.384893132938713e-06,1.0,1.0,0.5021869470029048,0.0035460992907801418
1,86,87,7,575,596,198,1,2,1,79,21,6,37740,177,597,3843636,28,18.0,9.0,2,8,1275000,50000000000,25754641,919325,0.0,518,-0.5637016538120745,-1.6051735532988718,-1.490278905590532,-1.7092522392845375,-0.4480660474434016,-0.3755822058320266,-0.1655578211278105,-1.0136135332227203,-0.4404714280868609,-0.576675722448109,5.902296318982204,-1.4354251697725495,-1.7103141756676183,-1.7204324256237291,-0.2268451849831669,0.3825542041422792,0.4093844691882253,6.265917211100412,5.120704848755989,3.3123244817118644,0.5346395240730525,3.1412491234763977,3.142342670076339,-0.105511932857117,1.8142419499418976,7.307767443004691,-0.0,-0.3817486033094288,0,0.012658227848101266,1.0,4.142857142857143,0.002278688958957102,0.3311036789297659,3.367231638418079,0.0001495978938697905,0.003355704697986577,0.022988505747126436,2.0,0.964765100671141,0.9885057471264368,0.14285714285714285
1,4921738,22257188,1357,254718,310837,748,1,77638,702,2,6275860,1400,8817586,35384,780,5030641,3,1.0,1.0,1,1,84276,68414461816,1449520,50068,0.0,268978,-0.5637016538120745,0.7978545724218858,0.6838942364164194,0.7916028024046546,0.1437068747012057,-0.1321901806313095,1.102263851001,1.5918349852061968,-0.1917412684036423,1.6239524743353713,-0.5720107101899763,0.8155838603883075,0.7939355263752848,0.7923468581094475,-0.0892291395877153,0.7685811103572421,0.8116518713799806,-0.5755303222525602,-0.5808057215223646,-0.7153000377757179,-0.457312190109143,-0.5913307612918716,-0.447813231066813,0.038424329839245,-1.1032096824786213,-0.5947583718280651,-0.0,-0.1551408423510188,0,0.5,0.9685938615274804,3.5464761801569824,0.558172887888716,0.9577464788732394,8.784676690029391,0.05063329889107593,0.24977078018382626,0.003488221423119578,110.5954415954416,0.8194584299809868,0.22113027036479183,0.5173176123802505
1,4921739,22257197,1357,710580,1126679,403,2,934978,401,2,6275860,1400,8817587,598,401,2569942,3,1.0,1.0,1,1,250000,63457366773,15254080,65613,0.0,1125557,-0.5637016538120745,0.7978550606782936,0.6838951155766604,0.7916028024046546,1.205183239718873,0.5078588026552434,0.3069938930292915,1.60077305902585,2.555003992851582,0.6790322357735631,-0.5720107101899763,0.8155838603883075,0.7939355263752848,0.7923471443080077,-0.2251995930522587,-0.0308953784704677,-0.0222612075926017,-0.5755303222525602,-0.5808057215223646,-0.7153000377757179,-0.457312190109143,-0.5913307612918716,0.051861753699638,-0.0003227017845697,0.5538129715886841,-0.4534368020373413,-0.0,0.567899645148027,0,0.5,0.9685938615274804,3.5464776142233894,0.5581729379961958,1.0024875621890548,1884.0785953177258,0.276496404784075,0.8298530459873664,0.042007895243951876,2331.6159600997507,0.6306854037396632,0.22113022587705003,0.2955047899778924
1,4921739,22257197,1357,785015,1284959,480,3,51594,447,2,6275860,1400,8817587,323436,484,3109493,3,1.0,1.0,1,1,207128,63457366773,14169270,65625,0.0,1168243,-0.5637016538120745,0.7978550606782936,0.6838951155766604,0.7916028024046546,1.3785054144780984,0.6320335240775232,0.4844889271273249,1.6052420959356766,-0.2751810164430795,0.8234386509690552,-0.5720107101899763,0.8155838603883075,0.7939355263752848,0.7923471443080077,1.0366997128635194,0.1441878631461547,0.1605887206890514,-0.5755303222525602,-0.5808057215223646,-0.7153000377757179,-0.457312190109143,-0.5913307612918716,-0.0774017563949003,-0.0003227017845697,0.423598408766055,-0.4533277085128969,-0.0,0.6039310050685764,0,0.5,0.9685938615274804,3.5464776142233894,0.5581729379961958,0.9896907216494846,3.9728385213767177,0.2524574737883398,0.040152253885143416,0.0023180816524201136,115.42281879194631,0.6109261073699628,0.22113022587705003,0.32940309506263815
1,4921739,22257197,1357,145187,157285,1229,4,6195,1051,2,6275860,1400,8817587,37003,1267,8014825,3,1.0,1.0,1,1,300000,78774091510,3411744,48537,0.0,123653,-0.5637016538120745,0.7978550606782936,0.6838951155766604,0.7916028024046546,-0.1113364667853628,-0.2526556647343794,2.2110315315354687,1.6320563173946363,-0.420630299243049,2.7195576678837803,-0.5720107101899763,0.8155838603883075,0.7939355263752848,0.7923471443080077,-0.0829008418771681,1.7958767569511596,1.8229702275302928,-0.5755303222525602,-0.5808057215223646,-0.7153000377757179,-0.457312190109143,-0.5913307612918716,0.20261692035216,0.119400162636976,-0.8676752199275103,-0.6086768873217672,-0.0,-0.2778100402251189,0,0.5,0.9685938615274804,3.5464776142233894,0.5581729379961958,0.9692429022082019,4.250601302597087,0.018114803739968904,0.03938709985058969,0.0002783369352394194,5.894386298763083,0.9230823028260801,0.22113022587705003,0.7745025792188651
1,4921739,22257197,1357,418,427,99,5,14,13,2,6275860,1400,8817587,60,381,2440216,3,1.0,1.0,1,1,99226,62957366773,27567451,65625,0.0,408,-0.5637016538120745,0.7978550606782936,0.6838951155766604,0.7916028024046546,-0.4484316225282031,-0.3757147906685212,-0.3937657221109964,1.6231182435749831,-0.4404329824956893,-0.5390044837014589,-0.5720107101899763,0.8155838603883075,0.7939355263752848,0.7923471443080077,-0.227302511006721,-0.0730841113901358,-0.0662244099520928,-0.5755303222525602,-0.5808057215223646,-0.7153000377757179,-0.457312190109143,-0.5913307612918716,-0.4027374362377089,-0.0042309415184972,2.0318415864040342,-0.4533277085128969,-0.0,-0.3818414545859892,0,0.5,0.9685938615274804,3.5464776142233894,0.5581729379961958,0.2591623036649215,7.116666666666666,0.00017129624127690284,0.03278688524590164,6.290100231399309e-07,1.0769230769230769,0.9789227166276346,0.22113022587705003,0.009579955784819455
1,4921739,22257197,1357,710580,1126679,403,6,934978,401,2,6275860,1400,8817587,598,401,2569942,3,1.0,1.0,1,1,250000,63457366773,13917385,65613,0.0,1125556,-0.5637016538120745,0.7978550606782936,0.6838951155766604,0.7916028024046546,1.205183239718873,0.5078588026552434,0.3069938930292915,1.6097111328455032,2.555003992851582,0.6790322357735631,-0.5720107101899763,0.8155838603883075,0.7939355263752848,0.7923471443080077,-0.2251995930522587,-0.0308953784704677,-0.0222612075926017,-0.5755303222525602,-0.5808057215223646,-0.7153000377757179,-0.457312190109143,-0.5913307612918716,0.051861753699638,-0.0003227017845697,0.3933635333901108,-0.4534368020373413,-0.0,0.5678988010455128,0,0.5,0.9685938615274804,3.5464776142233894,0.5581729379961958,1.0024875621890548,1884.0785953177258,0.276496404784075,0.8298530459873664,0.042007895243951876,2331.6159600997507,0.6306854037396632,0.22113022587705003,0.2955047899778924
1,4921739,22257197,1357,309444,543443,1348,7,466183,1343,2,6275860,1400,8817587,16218,1362,8591718,3,1.0,1.0,1,1,150000,63707366773,9103673,65625,0.0,543354,-0.5637016538120745,0.7978550606782936,0.6838951155766604,0.7916028024046546,0.2711365695473584,0.0502951949761634,2.485342038777884,1.61418016975533,1.05307891674392,3.636224477385601,-0.5720107101899763,0.8155838603883075,0.7939355263752848,0.7923471443080077,-0.1641446145230755,1.9962732383195827,2.0184750893064507,-0.5755303222525602,-0.5808057215223646,-0.7153000377757179,-0.457312190109143,-0.5913307612918716,-0.2496485796054059,0.0016314180823939,-0.1844476995760711,-0.4533277085128969,-0.0,0.0764606290813163,0,0.5,0.9685938615274804,3.5464776142233894,0.5581729379961958,0.9889948642699926,33.50863238377112,0.03601654104376551,0.8578323761645655,0.020945269972674457,347.120625465376,0.5694139035740639,0.22113022587705003,0.9896831245394252
1,4921739,22257197,1357,900367,1611300,403,8,930397,401,2,6275860,1400,8817587,756,402,2575000,3,1.0,1.0,1,1,250000,63457366773,15716345,48513,0.0,1609733,-0.5637016538120745,0.7978550606782936,0.6838951155766604,0.7916028024046546,1.64710297614702,0.8880564123999153,0.3069938930292915,1.6186492066651563,2.5403273884218223,0.6790322357735631,-0.5720107101899763,0.8155838603883075,0.7939355263752848,0.7923471443080077,-0.2245820074819891,-0.0287859418244843,-0.02054708800567,-0.5755303222525602,-0.5808057215223646,-0.7153000377757179,-0.457312190109143,-0.5913307612918716,0.051861753699638,-0.0003227017845697,0.6093006928331441,-0.608895074370656,-0.0,0.9765938240566134,0,0.5,0.9685938615274804,3.5464776142233894,0.5581729379961958,1.0,2131.3492063492063,0.34965695158953336,0.5774200955750015,0.04180207417852302,2320.1920199501246,0.5587829702724508,0.22113022587705003,0.2955047899778924
1,4921739,22257197,1357,94,94,27,9,2,2,2,6275860,1400,8817587,21,383,2455287,3,1.0,1.0,1,1,99244,63457366773,10159656,65625,0.0,86,-0.5637016538120745,0.7978550606782936,0.6838951155766604,0.7916028024046546,-0.4491860577350546,-0.3759760377132118,-0.5597351046442225,1.5963040221160234,-0.4404714280868609,-0.5735364525525549,-0.5720107101899763,0.8155838603883075,0.7939355263752848,0.7923471443080077,-0.2274549530145723,-0.068865238098169,-0.0611169571457171,-0.5755303222525602,-0.5808057215223646,-0.7153000377757179,-0.457312190109143,-0.5913307612918716,-0.402683164377714,-0.0003227017845697,-0.0576933696075711,-0.4533277085128969,-0.0,-0.3821132555955571,0,0.5,0.9685938615274804,3.5464776142233894,0.5581729379961958,0.0703125,4.476190476190476,3.828471446119559e-05,0.02127659574468085,8.985857473427584e-08,1.0,1.0,0.22113022587705003,0.0014738393515106854
1,4921739,22257197,1357,900367,1611300,403,10,930397,401,2,6275860,1400,8817587,756,402,2575000,3,1.0,1.0,1,1,250000,63457366773,10031031,48525,0.0,1609732,-0.5637016538120745,0.7978550606782936,0.6838951155766604,0.7916028024046546,1.64710297614702,0.8880564123999153,0.3069938930292915,1.6275872804848095,2.5403273884218223,0.6790322357735631,-0.5720107101899763,0.8155838603883075,0.7939355263752848,0.7923471443080077,-0.2245820074819891,-0.0287859418244843,-0.02054708800567,-0.5755303222525602,-0.5808057215223646,-0.7153000377757179,-0.457312190109143,-0.5913307612918716,0.051861753699638,-0.0003227017845697,-0.0731327996857053,-0.6087859808462116,-0.0,0.9765929799540992,0,0.5,0.9685938615274804,3.5464776142233894,0.5581729379961958,1.0,2131.3492063492063,0.34965695158953336,0.5774200955750015,0.04180207417852302,2320.1920199501246,0.5587829702724508,0.22113022587705003,0.2955047899778924
1,4921740,22257201,1357,31,34,14,11,4,2,2,6275860,1400,8817588,16,1114,7131102,3,1.0,1.0,1,1,66151,70633170785,7137381,65613,0.0,27,-0.5637016538120745,0.7978555489347013,0.6838955063145452,0.7916028024046546,-0.4493327534697202,-0.3760231092527956,-0.5897017987127217,1.6409943912142897,-0.4404650204883323,-0.5735364525525549,-0.5720107101899763,0.8155838603883075,0.7939355263752848,0.7923474305065679,-0.2274744968617328,1.473132950115699,1.523482899787693,-0.5755303222525602,-0.5808057215223646,-0.7153000377757179,-0.457312190109143,-0.5913307612918716,-0.5024619789783522,0.055766822940579,-0.4204704622364754,-0.4534368020373413,-0.0,-0.3821630576438941,0,0.5,0.9685938615274804,3.5464782515862368,0.5581729881036641,0.012556053811659192,2.125,4.3471535890029915e-06,0.11764705882352941,1.7971711717030367e-07,2.0,0.9117647058823529,0.2211302310654426,0.0014738393515106854
1,4921740,22257201,1357,220925,702433,184,12,84713,164,2,6275860,1400,8817588,20058,183,1173398,3,1.0,1.0,1,1,100000,70543170785,13549031,48537,0.0,701870,-0.5637016538120745,0.7978555489347013,0.6838955063145452,0.7916028024046546,0.0650197483273425,0.1750269296168524,-0.1978296455092711,1.6365253543044629,-0.1690743886087176,-0.0649747294727777,-0.5720107101899763,0.8155838603883075,0.7939355263752848,0.7923474305065679,-0.1491349399038653,-0.4907525672948497,-0.4955398601058454,-0.5755303222525602,-0.5808057215223646,-0.7153000377757179,-0.457312190109143,-0.5913307612918716,-0.4004037462579279,0.0550633397884721,0.3491483666107055,-0.6086768873217672,-0.0,0.2102643832200458,0,0.5,0.9685938615274804,3.5464782515862368,0.5581729881036641,1.0,35.02009173397148,0.18827781513364167,0.12059940236292999,0.0038060940367119836,516.5426829268292,0.3145139821164438,0.2211302310654426,0.1208548268238762
1,4921740,22257201,1357,12,12,5,13,7,3,2,6275860,1400,8817588,3,23,142363,3,1.0,1.0,1,1,84000,69233170785,14155755,48537,0.0,9,-0.5637016538120745,0.7978555489347013,0.6838955063145452,0.7916028024046546,-0.4493769950404923,-0.3760403688173097,-0.6104479715293749,1.6499324650339429,-0.4404554090905394,-0.5703971826570007,-0.5720107101899763,0.8155838603883075,0.7939355263752848,0.7923474305065679,-0.2275253108643499,-0.8282624306521943,-0.8449501583091188,-0.5755303222525602,-0.5808057215223646,-0.7153000377757179,-0.457312190109143,-0.5913307612918716,-0.4486453995867349,0.0448237516855821,0.4219761432849589,-0.6086768873217672,-0.0,-0.3821782514891495,0,0.5,0.9685938615274804,3.5464782515862368,0.5581729881036641,0.20833333333333334,4.0,8.429097243685201e-05,0.5833333333333334,3.145049550480314e-07,2.3333333333333335,1.0,0.2211302310654426,0.002210759027266028
1,4921740,22257201,1357,50333,54369,1154,14,4459,630,2,6275860,1400,8817588,16952,1175,7521700,3,1.0,1.0,1,1,100000,75548840127,861076,48525,0.0,53530,-0.5637016538120745,0.7978555489347013,0.6838955063145452,0.7916028024046546,-0.3322043591023048,-0.3333959075312921,2.038146758063358,1.6454634281241165,-0.4261920947658744,1.3979250418554705,-0.5720107101899763,0.8155838603883075,0.7939355263752848,0.7923474305065679,-0.1612755777599244,1.6018085855206865,1.6558537345872897,-0.5755303222525602,-0.5808057215223646,-0.7153000377757179,-0.457312190109143,-0.5913307612918716,-0.4004037462579279,0.0941900514230858,-1.173843229556542,-0.6087859808462116,-0.0,-0.3370010408273933,0,0.5,0.9685938615274804,3.5464782515862368,0.5581729881036641,0.9812925170068028,3.2072321849929213,0.006691704442917898,0.08201364748294064,0.00020033965636559602,7.0777777777777775,0.9257665213632769,0.2211302310654426,0.4642593957258659
1,4921741,22257202,1357,135,135,59,15,5,5,2,6275860,1400,8817589,61,244,1560619,3,1.0,1.0,1,1,70000,78886591510,764525,60825,0.0,83,-0.5637016538120745,0.7978560371911091,0.6838956039990165,0.7916028024046546,-0.4490905890823357,-0.3759438721611628,-0.4859709346294553,1.6544015019437694,-0.440461816689068,-0.5641186428658924,-0.5720107101899763,0.8155838603883075,0.7939355263752848,0.7923477167051279,-0.2272986022372889,-0.3620769318898621,-0.3643134661613433,-0.5755303222525602,-0.5808057215223646,-0.7153000377757179,-0.457312190109143,-0.5913307612918716,-0.4908568462494411,0.1202795165771096,-1.1854326749479818,-0.4969651182906694,-0.0,-0.3821157879030997,0,0.5,0.9685938615274804,3.5464784109269485,0.5581730382111212,0.24081632653061225,2.2131147540983607,8.650408171111481e-05,0.037037037037037035,2.2464638636967936e-07,1.0,1.0,0.2211302660594984,0.0036845983787767134
1,4921742,22257204,1357,900368,1611301,403,16,930398,401,2,6275860,1400,8817590,756,402,2575003,3,1.0,1.0,1,1,250000,66580649703,1544509,65625,0.0,1609734,-0.5637016538120745,0.7978565254475168,0.6838957993679589,0.7916028024046546,1.647105304650745,0.8880571969255749,0.3069938930292915,1.658870538853596,2.5403305922210864,0.6790322357735631,-0.5720107101899763,0.8155838603883075,0.7939355263752848,0.7923480029036881,-0.2245820074819891,-0.0287859418244843,-0.020546071327386,-0.5755303222525602,-0.5808057215223646,-0.7153000377757179,-0.457312190109143,-0.5913307612918716,0.051861753699638,0.0240903751100769,-1.0918077308852927,-0.4533277085128969,-0.0,0.9765946681591277,0,0.5,0.9685938615274804,3.5464787296083724,0.5581730883185668,1.0,2131.350529100529,0.34965693257175523,0.5774203578350662,0.04180210596083857,2320.194513715711,0.5587832440990231,0.22113029111832735,0.2955047899778924
1,4921742,22257204,1357,710581,1126680,403,17,934979,401,2,6275860,1400,8817590,598,401,2569945,3,1.0,1.0,1,1,250000,66580649703,1593034,48525,0.0,1125558,-0.5637016538120745,0.7978565254475168,0.6838957993679589,0.7916028024046546,1.2051855682225978,0.5078595871809032,0.3069938930292915,1.6633395757634226,2.555007196650846,0.6790322357735631,-0.5720107101899763,0.8155838603883075,0.7939355263752848,0.7923480029036881,-0.2251995930522587,-0.0308953784704677,-0.0222601909143177,-0.5755303222525602,-0.5808057215223646,-0.7153000377757179,-0.457312190109143,-0.5913307612918716,0.051861753699638,0.0240903751100769,-1.085983059596341,-0.6087859808462116,-0.0,0.5679004892505412,0,0.5,0.9685938615274804,3.5464787296083724,0.5581730883185668,1.0024875621890548,1884.0802675585285,0.27649647113207826,0.8298531970035857,0.04200792696153569,2331.6184538653365,0.6306857315298043,0.22113029111832735,0.2955047899778924
1,4921743,22257208,1357,710582,1126681,403,18,934980,401,2,6275861,1400,8817591,598,401,2569946,3,1.0,1.0,1,1,250000,60242021751,572307,65625,0.0,1125559,-0.5637016538120745,0.7978570137039246,0.6838961901058438,0.7916028024046546,1.2051878967263228,0.5078603717065628,0.3069938930292915,1.6722776495830758,2.55501040045011,0.6790322357735631,-0.5720107101899763,0.8155842190668889,0.7939355263752848,0.7923482891022483,-0.2251995930522587,-0.0308953784704677,-0.0222598520215563,-0.5755303222525602,-0.5808057215223646,-0.7153000377757179,-0.457312190109143,-0.5913307612918716,0.051861753699638,-0.0254553801311022,-1.2085054552842989,-0.4533277085128969,-0.0,0.5679013333530554,0,0.5,0.9685938615274804,3.546478801872763,0.5581731384260011,1.0024875621890548,1884.0819397993312,0.2764967526567669,0.829853348019537,0.042007964341259696,2331.6209476309227,0.6306860593193637,0.22113029630670658,0.2955047899778924
1,4921743,22257208,1357,3,3,1,19,2,1,2,6275861,1400,8817591,1,0,20,3,1.0,1.0,1,1,200000,60242021751,785807,60837,0.0,1,-0.5637016538120745,0.7978570137039246,0.6838961901058438,0.7916028024046546,-0.4493979515740159,-0.3760474295482473,-0.6196684927812208,1.6812157234027292,-0.4404714280868609,-0.576675722448109,-0.5720107101899763,0.8155842190668889,0.7939355263752848,0.7923482891022483,-0.227533128403214,-0.8767794735098126,-0.8931891706386212,-0.5755303222525602,-0.5808057215223646,-0.7153000377757179,-0.457312190109143,-0.5913307612918716,-0.0988934129528839,-0.0254553801311022,-1.1828781019573278,-0.496856024766225,-0.0,-0.382185004309263,0,0.5,0.9685938615274804,3.546478801872763,0.5581731384260011,1.0,3.0,0.14285714285714285,0.6666666666666666,8.985853032419879e-08,2.0,1.0,0.22113029630670658,0.0007369196757553427
1,4921743,22257208,1357,131,132,28,20,3,1,2,6275861,1400,8817591,24,66,417250,3,1.0,1.0,1,1,99244,60242021751,703970,65625,0.0,90,-0.5637016538120745,0.7978570137039246,0.6838961901058438,0.7916028024046546,-0.4490999030972351,-0.375946225738142,-0.5574299743312611,1.6767466864929026,-0.4404682242875966,-0.576675722448109,-0.5720107101899763,0.8155842190668889,0.7939355263752848,0.7923482891022483,-0.2274432267062761,-0.737556654874908,-0.7517929438186279,-0.5755303222525602,-0.5808057215223646,-0.7153000377757179,-0.457312190109143,-0.5913307612918716,-0.402683164377714,-0.0254553801311022,-1.1927013605719383,-0.4533277085128969,-0.0,-0.3821098791855004,0,0.5,0.9685938615274804,3.546478801872763,0.5581731384260011,0.417910447761194,5.5,0.0003139597029126353,0.022727272727272728,1.3478779548629818e-07,3.0,0.9924242424242424,0.22113029630670658,0.0007369196757553427
1,4921743,22257208,1357,2,2,1,21,1,1,2,6275861,1400,8817591,1,0,0,3,1.0,1.0,1,1,91140,59742021751,846118,60311,0.0,0,-0.5637016538120745,0.7978570137039246,0.6838961901058438,0.7916028024046546,-0.4494002800777408,-0.3760482140739071,-0.6196684927812208,1.6678086126732492,-0.4404746318861252,-0.576675722448109,-0.5720107101899763,0.8155842190668889,0.7939355263752848,0.7923482891022483,-0.227533128403214,-0.8767794735098126,-0.8931959484938483,-0.5755303222525602,-0.5808057215223646,-0.7153000377757179,-0.457312190109143,-0.5913307612918716,-0.4271175617887547,-0.0293636198650297,-1.1756387047371737,-0.5016379575877059,-0.0,-0.3821858484117771,0,0.5,0.9685938615274804,3.546478801872763,0.5581731384260011,1.0,2.0,2.0,0.5,4.4929265162099395e-08,1.0,1.0,0.22113029630670658,0.0007369196757553427
1,4921744,22257230,1357,2,2,1,22,1,1,2,6275873,1400,8817592,1,0,0,3,1.0,1.0,1,1,250000,53865933709,21206757,43725,0.0,0,-0.5637016538120745,0.7978575019603323,0.6838983391642105,0.7916028024046546,-0.4494002800777408,-0.3760482140739071,-0.6196684927812208,1.6856847603125558,-0.4404746318861252,-0.576675722448109,-0.5720107101899763,0.8155885232098669,0.7939355263752848,0.7923485753008085,-0.227533128403214,-0.8767794735098126,-0.8931959484938483,-0.5755303222525602,-0.5808057215223646,-0.7153000377757179,-0.457312190109143,-0.5913307612918716,0.051861753699638,-0.0752939413966304,1.2683392325738518,-0.6524233906239841,-0.0,-0.3821858484117771,0,0.5,0.9685938615274804,3.5464755261937264,0.558173188533424,1.0,2.0,2.0,0.5,4.49292207520882e-08,1.0,1.0,0.22113012266126558,0.0007369196757553427
1,4921744,22257230,1357,2,2,1,23,1,1,2,6275873,1400,8817592,1,0,0,3,1.0,1.0,1,1,250000,53865933709,20938109,43725,0.0,0,-0.5637016538120745,0.7978575019603323,0.6838983391642105,0.7916028024046546,-0.4494002800777408,-0.3760482140739071,-0.6196684927812208,1.7437822401403018,-0.4404746318861252,-0.576675722448109,-0.5720107101899763,0.8155885232098669,0.7939355263752848,0.7923485753008085,-0.227533128403214,-0.8767794735098126,-0.8931959484938483,-0.5755303222525602,-0.5808057215223646,-0.7153000377757179,-0.457312190109143,-0.5913307612918716,0.051861753699638,-0.0752939413966304,1.2360922198498046,-0.6524233906239841,-0.0,-0.3821858484117771,0,0.5,0.9685938615274804,3.5464755261937264,0.558173188533424,1.0,2.0,2.0,0.5,4.49292207520882e-08,1.0,1.0,0.22113012266126558,0.0007369196757553427
1,4921744,22257230,1357,83,83,20,24,27,19,2,6275873,1400,8817592,3,43,270693,3,1.0,1.0,1,1,250000,53865933709,20156874,43725,0.0,55,-0.5637016538120745,0.7978575019603323,0.6838983391642105,0.7916028024046546,-0.4492116712760279,-0.3759846674954688,-0.5758710168349528,1.752720313959955,-0.4403913331052533,-0.5201688643281338,-0.5720107101899763,0.8155885232098669,0.7939355263752848,0.7923485753008085,-0.2275253108643499,-0.7860736977325262,-0.8014600502444789,-0.5755303222525602,-0.5808057215223646,-0.7153000377757179,-0.457312190109143,-0.5913307612918716,0.051861753699638,-0.0752939413966304,1.142317112700408,-0.6524233906239841,-0.0,-0.3821394227734969,0,0.5,0.9685938615274804,3.5464755261937264,0.558173188533424,0.45454545454545453,27.666666666666668,0.00030661928228922693,0.3253012048192771,1.2130889603063814e-06,1.4210526315789473,1.0,0.22113012266126558,0.01400147383935151
1,4921744,22257230,1357,2,2,1,25,1,1,2,6275873,1400,8817592,1,0,0,3,1.0,1.0,1,1,250000,53865933709,21250470,43713,0.0,0,-0.5637016538120745,0.7978575019603323,0.6838983391642105,0.7916028024046546,-0.4494002800777408,-0.3760482140739071,-0.6196684927812208,1.7705964615992615,-0.4404746318861252,-0.576675722448109,-0.5720107101899763,0.8155885232098669,0.7939355263752848,0.7923485753008085,-0.227533128403214,-0.8767794735098126,-0.8931959484938483,-0.5755303222525602,-0.5808057215223646,-0.7153000377757179,-0.457312190109143,-0.5913307612918716,0.051861753699638,-0.0752939413966304,1.273586298128802,-0.6525324841484286,-0.0,-0.3821858484117771,0,0.5,0.9685938615274804,3.5464755261937264,0.558173188533424,1.0,2.0,2.0,0.5,4.49292207520882e-08,1.0,1.0,0.22113012266126558,0.0007369196757553427
1,4921744,22257230,1357,2,2,1,26,1,1,2,6275873,1400,8817592,1,0,0,3,1.0,1.0,1,1,250000,53865933709,20894384,43713,0.0,0,-0.5637016538120745,0.7978575019603323,0.6838983391642105,0.7916028024046546,-0.4494002800777408,-0.3760482140739071,-0.6196684927812208,1.716968018681342,-0.4404746318861252,-0.576675722448109,-0.5720107101899763,0.8155885232098669,0.7939355263752848,0.7923485753008085,-0.227533128403214,-0.8767794735098126,-0.8931959484938483,-0.5755303222525602,-0.5808057215223646,-0.7153000377757179,-0.457312190109143,-0.5913307612918716,0.051861753699638,-0.0752939413966304,1.2308437138815524,-0.6525324841484286,-0.0,-0.3821858484117771,0,0.5,0.9685938615274804,3.5464755261937264,0.558173188533424,1.0,2.0,2.0,0.5,4.49292207520882e-08,1.0,1.0,0.22113012266126558,0.0007369196757553427
1,4921744,22257230,1357,2,2,1,27,1,1,2,6275873,1400,8817592,1,0,0,3,1.0,1.0,1,1,73206,61500000000,5473229,43725,0.0,0,-0.5637016538120745,0.7978575019603323,0.6838983391642105,0.7916028024046546,-0.4494002800777408,-0.3760482140739071,-0.6196684927812208,1.761658387779608,-0.4404746318861252,-0.576675722448109,-0.5720107101899763,0.8155885232098669,0.7939355263752848,0.7923485753008085,-0.227533128403214,-0.8767794735098126,-0.8931959484938483,-0.5755303222525602,-0.5808057215223646,-0.7153000377757179,-0.457312190109143,-0.5913307612918716,-0.4811904249636813,-0.0156224189767856,-0.6202260186476478,-0.6524233906239841,-0.0,-0.3821858484117771,0,0.5,0.9685938615274804,3.5464755261937264,0.558173188533424,1.0,2.0,2.0,0.5,4.49292207520882e-08,1.0,1.0,0.22113012266126558,0.0007369196757553427
1,4921744,22257230,1357,675,694,161,28,4,4,2,6275873,1400,8817592,197,801,5164401,3,1.0,1.0,1,1,99244,53365933709,29196507,65625,0.0,551,-0.5637016538120745,0.7978575019603323,0.6838983391642105,0.7916028024046546,-0.4478331970709166,-0.375505322317373,-0.2508476427073851,1.7571893508697816,-0.4404650204883323,-0.5672579127614465,-0.5720107101899763,0.8155885232098669,0.7939355263752848,0.7923485753008085,-0.2267670095945252,0.8128792799228935,0.8569821671387763,-0.5755303222525602,-0.5808057215223646,-0.7153000377757179,-0.457312190109143,-0.5913307612918716,-0.402683164377714,-0.0792021811305578,2.2273844140453547,-0.4533277085128969,-0.0,-0.3817207479264606,0,0.5,0.9685938615274804,3.5464755261937264,0.558173188533424,0.20074812967581046,3.5228426395939088,0.00013070245112599678,0.005763688760806916,1.797168830083528e-07,1.0,0.9726224783861671,0.22113012266126558,0.0029476787030213707
1,4921744,22257230,1357,77,77,29,29,50,20,2,6275873,1400,8817592,15,418,2679130,3,1.0,1.0,1,1,99262,53815933709,22484556,60837,0.0,71,-0.5637016538120745,0.7978575019603323,0.6838983391642105,0.7916028024046546,-0.449225642298377,-0.3759893746494272,-0.5551248440182995,1.7482512770501284,-0.4403176457221744,-0.5170295944325797,-0.5720107101899763,0.8155885232098669,0.7939355263752848,0.7923485753008085,-0.2274784056311648,0.00496504451125,0.0147418152341878,-0.5755303222525602,-0.5808057215223646,-0.7153000377757179,-0.457312190109143,-0.5913307612918716,-0.4026288925177191,-0.0756847653700231,1.4217191222874357,-0.496856024766225,-0.0,-0.38212591713327,0,0.5,0.9685938615274804,3.5464755261937264,0.558173188533424,0.06921241050119331,5.133333333333334,2.8740662550655418e-05,0.6493506493506493,2.2464610376044097e-06,2.5,1.0,0.22113012266126558,0.014738393515106854
1,4921744,22257230,1357,2,2,1,30,1,1,2,6275873,1400,8817592,1,0,0,3,1.0,1.0,1,1,250000,53865933709,21163032,43725,0.0,0,-0.5637016538120745,0.7978575019603323,0.6838983391642105,0.7916028024046546,-0.4494002800777408,-0.3760482140739071,-0.6196684927812208,1.6990918710420355,-0.4404746318861252,-0.576675722448109,-0.5720107101899763,0.8155885232098669,0.7939355263752848,0.7923485753008085,-0.227533128403214,-0.8767794735098126,-0.8931959484938483,-0.5755303222525602,-0.5808057215223646,-0.7153000377757179,-0.457312190109143,-0.5913307612918716,0.051861753699638,-0.0752939413966304,1.2630907266055995,-0.6524233906239841,-0.0,-0.3821858484117771,0,0.5,0.9685938615274804,3.5464755261937264,0.558173188533424,1.0,2.0,2.0,0.5,4.49292207520882e-08,1.0,1.0,0.22113012266126558,0.0007369196757553427
1,4921744,22257230,1357,2,2,1,31,1,1,2,6275873,1400,8817592,1,0,0,3,1.0,1.0,1,1,250000,53865933709,21501802,48513,0.0,0,-0.5637016538120745,0.7978575019603323,0.6838983391642105,0.7916028024046546,-0.4494002800777408,-0.3760482140739071,-0.6196684927812208,1.7348441663206484,-0.4404746318861252,-0.576675722448109,-0.5720107101899763,0.8155885232098669,0.7939355263752848,0.7923485753008085,-0.227533128403214,-0.8767794735098126,-0.8931959484938483,-0.5755303222525602,-0.5808057215223646,-0.7153000377757179,-0.457312190109143,-0.5913307612918716,0.051861753699638,-0.0752939413966304,1.3037547944584238,-0.608895074370656,-0.0,-0.3821858484117771,0,0.5,0.9685938615274804,3.5464755261937264,0.558173188533424,1.0,2.0,2.0,0.5,4.49292207520882e-08,1.0,1.0,0.22113012266126558,0.0007369196757553427
1,4921744,22257230,1357,2,2,1,32,1,1,2,6275873,1400,8817592,1,0,0,3,1.0,1.0,1,1,250000,53865933709,20200599,43725,0.0,0,-0.5637016538120745,0.7978575019603323,0.6838983391642105,0.7916028024046546,-0.4494002800777408,-0.3760482140739071,-0.6196684927812208,1.7259060925009952,-0.4404746318861252,-0.576675722448109,-0.5720107101899763,0.8155885232098669,0.7939355263752848,0.7923485753008085,-0.227533128403214,-0.8767794735098126,-0.8931959484938483,-0.5755303222525602,-0.5808057215223646,-0.7153000377757179,-0.457312190109143,-0.5913307612918716,0.051861753699638,-0.0752939413966304,1.14756561866866,-0.6524233906239841,-0.0,-0.3821858484117771,0,0.5,0.9685938615274804,3.5464755261937264,0.558173188533424,1.0,2.0,2.0,0.5,4.49292207520882e-08,1.0,1.0,0.22113012266126558,0.0007369196757553427
1,4921744,22257230,1357,809275,1102367,1490,33,365376,1164,2,6275873,1400,8817592,29,1495,9366855,3,1.0,1.0,1,1,200000,87670000000,2011913,65625,0.0,1102300,-0.5637016538120745,0.7978575019603323,0.6838983391642105,0.7916028024046546,1.4349949148429646,0.4887854148158546,2.812670543218413,1.7303751294108218,0.7301135243075991,3.074295166081402,-0.5720107101899763,0.8155885232098669,0.7939355263752848,0.7923485753008085,-0.2274236828591156,2.2768283122353754,2.281163407664596,-0.5755303222525602,-0.5808057215223646,-0.7153000377757179,-0.457312190109143,-0.5913307612918716,-0.0988934129528839,0.1889348486969771,-1.0357031526443583,-0.4533277085128969,-0.0,0.5482683529756001,0,0.5,0.9685938615274804,3.5464755261937264,0.558173188533424,0.9959893048128342,38012.65517241379,0.08639771978986333,0.33144678677790607,0.016416058961514976,313.89690721649487,0.7341248422712219,0.22113012266126558,0.8577745025792188
1,4921744,22257230,1357,37,37,19,34,3,3,2,6275873,1400,8817592,7,373,2387188,3,1.0,1.0,1,1,79352,63000000000,4216272,60825,0.0,20,-0.5637016538120745,0.7978575019603323,0.6838983391642105,0.7916028024046546,-0.449318782447371,-0.3760207556758165,-0.5781761471479143,1.6901537972223823,-0.4404682242875966,-0.5703971826570007,-0.5720107101899763,0.8155885232098669,0.7939355263752848,0.7923485753008085,-0.2275096757866215,-0.089959604558003,-0.0841952153012062,-0.5755303222525602,-0.5808057215223646,-0.7153000377757179,-0.457312190109143,-0.5913307612918716,-0.4626595998787534,-0.0038976997750033,-0.7711041505249752,-0.4969651182906694,-0.0,-0.3821689663614934,0,0.5,0.9685938615274804,3.5464755261937264,0.558173188533424,0.05080213903743316,5.285714285714286,1.5499401178540954e-05,0.08108108108108109,1.347876622562646e-07,1.0,1.0,0.22113012266126558,0.002210759027266028
1,4921744,22257230,1357,2,2,1,35,1,1,2,6275873,1400,8817592,1,0,0,3,1.0,1.0,1,1,250000,53865933709,21453289,43713,0.0,0,-0.5637016538120745,0.7978575019603323,0.6838983391642105,0.7916028024046546,-0.4494002800777408,-0.3760482140739071,-0.6196684927812208,1.708029944861689,-0.4404746318861252,-0.576675722448109,-0.5720107101899763,0.8155885232098669,0.7939355263752848,0.7923485753008085,-0.227533128403214,-0.8767794735098126,-0.8931959484938483,-0.5755303222525602,-0.5808057215223646,-0.7153000377757179,-0.457312190109143,-0.5913307612918716,0.051861753699638,-0.0752939413966304,1.2979315635827735,-0.6525324841484286,-0.0,-0.3821858484117771,0,0.5,0.9685938615274804,3.5464755261937264,0.558173188533424,1.0,2.0,2.0,0.5,4.49292207520882e-08,1.0,1.0,0.22113012266126558,0.0007369196757553427
1,4921744,22257230,1357,6,6,3,36,2,2,2,6275873,1400,8817592,2,24,154404,3,1.0,1.0,1,1,250000,53865933709,21779032,43713,0.0,3,-0.5637016538120745,0.7978575019603323,0.6838983391642105,0.7916028024046546,-0.4493909660628414,-0.3760450759712681,-0.6150582321552979,1.7214370555911689,-0.4404714280868609,-0.5735364525525549,-0.5720107101899763,0.8155885232098669,0.7939355263752848,0.7923485753008085,-0.227529219633782,-0.8261529940062109,-0.8408695505696476,-0.5755303222525602,-0.5808057215223646,-0.7153000377757179,-0.457312190109143,-0.5913307612918716,0.051861753699638,-0.0752939413966304,1.337031942762106,-0.6525324841484286,-0.0,-0.3821833161042346,0,0.5,0.9685938615274804,3.5464755261937264,0.558173188533424,0.12,3.0,3.8858845244648815e-05,0.3333333333333333,8.98584415041764e-08,1.0,1.0,0.22113012266126558,0.0014738393515106854
1,4921744,22257230,1357,2,2,1,37,1,1,2,6275873,1400,8817592,1,0,0,3,1.0,1.0,1,1,250000,53865933709,21294195,43725,0.0,0,-0.5637016538120745,0.7978575019603323,0.6838983391642105,0.7916028024046546,-0.4494002800777408,-0.3760482140739071,-0.6196684927812208,1.694622834132209,-0.4404746318861252,-0.576675722448109,-0.5720107101899763,0.8155885232098669,0.7939355263752848,0.7923485753008085,-0.227533128403214,-0.8767794735098126,-0.8931959484938483,-0.5755303222525602,-0.5808057215223646,-0.7153000377757179,-0.457312190109143,-0.5913307612918716,0.051861753699638,-0.0752939413966304,1.278834804097054,-0.6524233906239841,-0.0,-0.3821858484117771,0,0.5,0.9685938615274804,3.5464755261937264,0.558173188533424,1.0,2.0,2.0,0.5,4.49292207520882e-08,1.0,1.0,0.22113012266126558,0.0007369196757553427
1,4921744,22257230,1357,1234313,6771425,400,38,248955,376,2,6275873,1400,8817592,1147924,407,2610268,3,1.0,1.0,1,1,207128,53865933709,18840578,65625,0.0,4058552,-0.5637016538120745,0.7978575019603323,0.6838983391642105,0.7916028024046546,2.424697481045849,4.936306882321205,0.3000785020904071,1.775065498509088,0.3571240101584932,0.6005504883847085,-0.5720107101899763,0.8155885232098669,0.7939355263752848,0.7923485753008085,4.259433204385236,-0.0182387585945673,-0.0085950180982148,-0.5755303222525602,-0.5808057215223646,-0.7153000377757179,-0.457312190109143,-0.5913307612918716,-0.0774017563949003,-0.0752939413966304,0.9843162570803682,-0.4533277085128969,-0.0,3.043648098743392,0,0.5,0.9685938615274804,3.5464755261937264,0.558173188533424,0.9803921568627451,5.898844348580568,0.47286812202114037,0.036765525720213986,0.011185354152336117,662.1143617021277,0.18228260668913854,0.22113012266126558,0.27708179808400885
1,4921744,22257230,1357,2,2,1,39,1,1,2,6275873,1400,8817592,1,0,0,3,1.0,1.0,1,1,250000,53865933709,21337932,43737,0.0,0,-0.5637016538120745,0.7978575019603323,0.6838983391642105,0.7916028024046546,-0.4494002800777408,-0.3760482140739071,-0.6196684927812208,1.7124989817715155,-0.4404746318861252,-0.576675722448109,-0.5720107101899763,0.8155885232098669,0.7939355263752848,0.7923485753008085,-0.227533128403214,-0.8767794735098126,-0.8931959484938483,-0.5755303222525602,-0.5808057215223646,-0.7153000377757179,-0.457312190109143,-0.5913307612918716,0.051861753699638,-0.0752939413966304,1.2840847504786077,-0.6523142970995397,-0.0,-0.3821858484117771,0,0.5,0.9685938615274804,3.5464755261937264,0.558173188533424,1.0,2.0,2.0,0.5,4.49292207520882e-08,1.0,1.0,0.22113012266126558,0.0007369196757553427
1,4921744,22257230,1357,5,5,3,40,3,3,2,6275873,1400,8817592,1,14,87237,3,1.0,1.0,1,1,73206,61500000000,5429504,43713,0.0,2,-0.5637016538120745,0.7978575019603323,0.6838983391642105,0.7916028024046546,-0.4493932945665662,-0.3760458604969279,-0.6150582321552979,1.703560907951862,-0.4404682242875966,-0.5703971826570007,-0.5720107101899763,0.8155885232098669,0.7939355263752848,0.7923485753008085,-0.227533128403214,-0.8472473604660449,-0.8636319606715542,-0.5755303222525602,-0.5808057215223646,-0.7153000377757179,-0.457312190109143,-0.5913307612918716,-0.4811904249636813,-0.0156224189767856,-0.6254745246158998,-0.6525324841484286,-0.0,-0.3821841602067488,0,0.5,0.9685938615274804,3.5464755261937264,0.558173188533424,0.2,5.0,5.7314473050734774e-05,0.6,1.347876622562646e-07,1.0,1.0,0.22113012266126558,0.002210759027266028
1,4921744,22257230,1357,2,2,1,41,1,1,2,6275873,1400,8817592,1,0,0,3,1.0,1.0,1,1,250000,53865933709,20244324,43725,0.0,0,-0.5637016538120745,0.7978575019603323,0.6838983391642105,0.7916028024046546,-0.4494002800777408,-0.3760482140739071,-0.6196684927812208,1.7661274246894347,-0.4404746318861252,-0.576675722448109,-0.5720107101899763,0.8155885232098669,0.7939355263752848,0.7923485753008085,-0.227533128403214,-0.8767794735098126,-0.8931959484938483,-0.5755303222525602,-0.5808057215223646,-0.7153000377757179,-0.457312190109143,-0.5913307612918716,0.051861753699638,-0.0752939413966304,1.152814124636912,-0.6524233906239841,-0.0,-0.3821858484117771,0,0.5,0.9685938615274804,3.5464755261937264,0.558173188533424,1.0,2.0,2.0,0.5,4.49292207520882e-08,1.0,1.0,0.22113012266126558,0.0007369196757553427
1,4921744,22257230,1357,900369,1611302,403,42,930399,401,2,6275873,1400,8817592,756,402,2575005,3,1.0,1.0,1,1,250000,53865933709,16437906,48525,0.0,1609735,-0.5637016538120745,0.7978575019603323,0.6838983391642105,0.7916028024046546,1.6471076331544696,0.8880579814512347,0.3069938930292915,1.7795345354189147,2.540333796020351,0.6790322357735631,-0.5720107101899763,0.8155885232098669,0.7939355263752848,0.7923485753008085,-0.2245820074819891,-0.0287859418244843,-0.0205453935418632,-0.5755303222525602,-0.5808057215223646,-0.7153000377757179,-0.457312190109143,-0.5913307612918716,0.051861753699638,-0.0752939413966304,0.6959128647018208,-0.6087859808462116,-0.0,0.9765955122616418,0,0.5,0.9685938615274804,3.5464755261937264,0.558173188533424,1.0,2131.3518518518517,0.3496570493427976,0.5774206200948053,0.041802102058522105,2320.1970074812966,0.5587835179252555,0.22113012266126558,0.2955047899778924
1,4921744,22257230,1357,1003868,3586259,376,43,240309,375,2,6275873,1400,8817592,1192966,375,2403675,3,1.0,1.0,1,1,207128,53865933709,18598070,48537,0.0,3585447,-0.5637016538120745,0.7978575019603323,0.6838983391642105,0.7916028024046546,1.8881054401727413,2.437462424817304,0.2447553745793317,1.7393132032304752,0.3294239617193527,0.5974112184891543,-0.5720107101899763,0.8155885232098669,0.7939355263752848,0.7923485753008085,4.435491997145254,-0.0857407312660362,-0.0786078903447524,-0.5755303222525602,-0.5808057215223646,-0.7153000377757179,-0.457312190109143,-0.5913307612918716,-0.0774017563949003,-0.0752939413966304,0.9552069446653,-0.6086768873217672,-0.0,2.6442989787693603,0,0.5,0.9685938615274804,3.5464755261937264,0.558173188533424,1.0,3.0061703351143283,0.4176386501342111,0.06700826683181554,0.010796896109713563,640.824,0.2799206638449705,0.22113012266126558,0.2763448784082535
1,4921745,22257236,1357,36468,39856,329,44,2010,36,2,6275874,1400,8817593,5351,326,2087022,3,1.0,1.0,1,1,84000,59481624413,22579628,65613,0.0,39768,-0.5637016538120745,0.7978579902167401,0.6838989252710378,0.7916028024046546,-0.364489063247353,-0.3447817284309734,0.1364142498701424,1.7929416461483945,-0.4340381991641459,-0.4668012761037128,-0.5720107101899763,0.8155888818884484,0.7939355263752848,0.7923488614993687,-0.206621211941554,-0.189103126919223,-0.1859192999059808,-0.5755303222525602,-0.5808057215223646,-0.7153000377757179,-0.457312190109143,-0.5913307612918716,-0.4486453995867349,-0.0313990103109907,1.4331310367394343,-0.4534368020373413,-0.0,-0.3486175796276229,0,0.5,0.9685938615274804,3.5464759171391904,0.5581732386408356,1.0061162079510704,7.448327415436367,0.01747369339005847,0.050431553592934567,9.030770936696721e-05,55.833333333333336,0.9149939783219591,0.22113010797926572,0.026529108327192335
1,4921745,22257236,1357,84,86,49,45,5,4,2,6275874,1400,8817593,33,226,1444025,3,1.0,1.0,1,1,99226,59847624413,14439961,65613,0.0,71,-0.5637016538120745,0.7978579902167401,0.6838989252710378,0.7916028024046546,-0.449209342772303,-0.3759823139184896,-0.5090222377590701,1.8063487568778744,-0.440461816689068,-0.5672579127614465,-0.5720107101899763,0.8155888818884484,0.7939355263752848,0.7923488614993687,-0.2274080477813873,-0.4000467915175634,-0.4038263287787254,-0.5755303222525602,-0.5808057215223646,-0.7153000377757179,-0.457312190109143,-0.5913307612918716,-0.4027374362377089,-0.0285381788257558,0.4560906518547251,-0.4534368020373413,-0.0,-0.38212591713327,0,0.5,0.9685938615274804,3.5464759171391904,0.5581732386408356,0.21585903083700442,2.606060606060606,5.8170697757519604e-05,0.05813953488372093,2.24646043201411e-07,1.25,0.9767441860465116,0.22113010797926572,0.0029476787030213707
1,4921745,22257236,1357,96544,108418,566,46,108270,566,2,6275874,1400,8817593,2,585,3764913,3,1.0,1.0,1,1,84000,59724624413,22068137,65613,0.0,108289,-0.5637016538120745,0.7978579902167401,0.6838989252710378,0.7916028024046546,-0.2246018734732516,-0.2909930801484718,0.6827301340420117,1.801879719968048,-0.0936024893395953,1.1970117685400028,-0.5720107101899763,0.8155888818884484,0.7939355263752848,0.7923488614993687,-0.227529219633782,0.3572409643904784,0.3827058143361045,-0.5755303222525602,-0.5808057215223646,-0.7153000377757179,-0.457312190109143,-0.5913307612918716,-0.4486453995867349,-0.029499605800302,1.3717345000623118,-0.4534368020373413,-0.0,-0.2907788312530747,0,0.5,0.9685938615274804,3.5464759171391904,0.5581732386408356,0.9658703071672355,54209.0,0.02564308241835006,0.998634913021823,0.004864485419483353,191.28975265017667,0.8904794406832813,0.22113010797926572,0.4170965364775239
1,4921745,22257236,1357,248,259,92,47,1,1,2,6275874,1400,8817593,70,554,3564877,3,1.0,1.0,1,1,72779,59787624413,20827068,60825,0.0,214,-0.5637016538120745,0.7978579902167401,0.6838989252710378,0.7916028024046546,-0.4488274681614276,-0.3758465909793561,-0.4099016343017267,1.797410683058221,-0.4404746318861252,-0.576675722448109,-0.5720107101899763,0.8155888818884484,0.7939355263752848,0.7923488614993687,-0.2272634233124001,0.2918484283649929,0.3149150619257693,-0.5755303222525602,-0.5808057215223646,-0.7153000377757179,-0.457312190109143,-0.5913307612918716,-0.4824778740868939,-0.0290071675938271,1.2227634753965015,-0.4969651182906694,-0.0,-0.3820052104737413,0,0.5,0.9685938615274804,3.5464759171391904,0.5581732386408356,0.16576576576576577,3.7,6.956759810574163e-05,0.003861003861003861,4.4929208640282195e-08,1.0,0.9575289575289575,0.22113010797926572,0.0007369196757553427
1,4921745,22257236,1357,66469,73839,416,48,73741,415,2,6275874,1400,8817593,2,451,2898947,3,1.0,1.0,1,1,84000,59347624413,22718720,48525,0.0,73752,-0.5637016538120745,0.7978579902167401,0.6838989252710378,0.7916028024046546,-0.2946316229981218,-0.3181211929363225,0.3369605870977906,1.7840035723287413,-0.2042264741366206,0.7229820143113216,-0.5720107101899763,0.8155888818884484,0.7939355263752848,0.7923488614993687,-0.227529219633782,0.0745764538287023,0.089236205356879,-0.5755303222525602,-0.5808057215223646,-0.7153000377757179,-0.457312190109143,-0.5913307612918716,-0.4486453995867349,-0.0324464185596833,1.44982686732002,-0.6087859808462116,-0.0,-0.3199315997855213,0,0.5,0.9685938615274804,3.5464759171391904,0.5581732386408356,0.9203539823008849,36919.5,0.022928662397531795,0.9986727880930132,0.0033131247743430495,177.68915662650602,0.9001882474031339,0.22113010797926572,0.3058216654384672
1,4921745,22257236,1357,11,12,1,49,10,1,2,6275874,1400,8817593,2,0,191,3,1.0,1.0,1,1,73188,59847624413,5159926,48525,0.0,10,-0.5637016538120745,0.7978579902167401,0.6838989252710378,0.7916028024046546,-0.4493793235442171,-0.3760403688173097,-0.6196684927812208,1.788472609238568,-0.4404457976927465,-0.576675722448109,-0.5720107101899763,0.8155888818884484,0.7939355263752848,0.7923488614993687,-0.227529219633782,-0.8767794735098126,-0.8931312199764296,-0.5755303222525602,-0.5808057215223646,-0.7153000377757179,-0.457312190109143,-0.5913307612918716,-0.4812446968236762,-0.0285381788257558,-0.6578331693708327,-0.6087859808462116,-0.0,-0.3821774073866353,0,0.5,0.9685938615274804,3.5464759171391904,0.5581732386408356,1.0,6.0,0.057291666666666664,0.8333333333333334,4.49292086402822e-07,10.0,0.9166666666666666,0.22113010797926572,0.0007369196757553427
1,4921746,22257239,1357,263,273,87,50,2,2,2,6275875,1400,8817594,50,252,1614700,3,1.0,1.0,1,1,93277,63898120994,296467,60311,0.0,253,-0.5637016538120745,0.7978584784731478,0.6838992183244514,0.7916028024046546,-0.4487925406055549,-0.3758356076201198,-0.4214272858665341,1.8197558676073544,-0.4404714280868609,-0.5735364525525549,-0.5720107101899763,0.8155892405670299,0.7939355263752848,0.7923491476979289,-0.2273415987010418,-0.3452014387219949,-0.3459858067345235,-0.5755303222525602,-0.5808057215223646,-0.7153000377757179,-0.457312190109143,-0.5913307612918716,-0.420674285966026,0.003122444534247,-1.2416157557138616,-0.5016379575877059,-0.0,-0.3819722904756881,0,0.5,0.9685938615274804,3.546475830063537,0.5581732887482358,0.3438735177865613,5.46,0.00016287845241936432,0.007326007326007326,8.985840516876329e-08,1.0,0.9633699633699634,0.22113012310287003,0.0014738393515106854
1,4921746,22257239,1357,710584,1126683,403,51,934981,401,2,6275875,1400,8817594,598,401,2569949,3,1.0,1.0,1,1,250000,64582450808,4338932,48525,0.0,1125561,-0.5637016538120745,0.7978584784731478,0.6838992183244514,0.7916028024046546,1.2051925537337724,0.5078619407578824,0.3069938930292915,1.815286830697528,2.5550136042493747,0.6790322357735631,-0.5720107101899763,0.8155892405670299,0.7939355263752848,0.7923491476979289,-0.2251995930522587,-0.0308953784704677,-0.0222588353432723,-0.5755303222525602,-0.5808057215223646,-0.7153000377757179,-0.457312190109143,-0.5913307612918716,0.051861753699638,0.008471494474619,-0.7563807258922527,-0.6087859808462116,-0.0,0.5679030215580838,0,0.5,0.9685938615274804,3.546475830063537,0.5581732887482358,1.0024875621890548,1884.0852842809365,0.27649720811688944,0.8298527624895379,0.04200795076154774,2331.623441396509,0.6306867148967367,0.22113012310287003,0.2955047899778924
1,4921746,22257239,1357,2,2,1,52,1,1,2,6275875,1400,8817594,1,0,0,3,1.0,1.0,1,1,63429,71817149295,1232612,43725,0.0,0,-0.5637016538120745,0.7978584784731478,0.6838992183244514,0.7916028024046546,-0.4494002800777408,-0.3760482140739071,-0.6196684927812208,1.810817793787701,-0.4404746318861252,-0.576675722448109,-0.5720107101899763,0.8155892405670299,0.7939355263752848,0.7923491476979289,-0.227533128403214,-0.8767794735098126,-0.8931959484938483,-0.5755303222525602,-0.5808057215223646,-0.7153000377757179,-0.457312190109143,-0.5913307612918716,-0.5106690902509156,0.0650213666543755,-1.1292461131832892,-0.6524233906239841,-0.0,-0.3821858484117771,0,0.5,0.9685938615274804,3.546475830063537,0.5581732887482358,1.0,2.0,2.0,0.5,4.4929202584381645e-08,1.0,1.0,0.22113012310287003,0.0007369196757553427
1,4921747,22257241,1357,2,2,1,53,1,1,2,6275876,1400,8817596,1,0,0,3,1.0,1.0,1,1,250000,65044008609,925214,43725,0.0,0,-0.5637016538120745,0.7978589667295556,0.6838994136933939,0.7916028024046546,-0.4494002800777408,-0.3760482140739071,-0.6196684927812208,1.8242249045171808,-0.4404746318861252,-0.576675722448109,-0.5720107101899763,0.8155895992456113,0.7939355263752848,0.7923497200950492,-0.227533128403214,-0.8767794735098126,-0.8931959484938483,-0.5755303222525602,-0.5808057215223646,-0.7153000377757179,-0.457312190109143,-0.5913307612918716,0.051861753699638,0.0120792515493638,-1.1661444605275713,-0.6524233906239841,-0.0,-0.3821858484117771,0,0.5,0.9685938615274804,3.5464755836476054,0.5581732755534189,1.0,2.0,2.0,0.5,4.492919854711552e-08,1.0,1.0,0.22113014816167018,0.0007369196757553427
1,4921747,22257241,1357,1042906,3793786,400,54,228703,373,2,6275876,1400,8817596,1301635,407,2609509,3,1.0,1.0,1,1,207128,56972884176,3373351,65637,0.0,3792912,-0.5637016538120745,0.7978589667295556,0.6838994136933939,0.7916028024046546,1.9790055685834445,2.600272681404374,0.3000785020904071,1.828693941427008,0.2922406674578834,0.591132678698046,-0.5720107101899763,0.8155895992456113,0.7939355263752848,0.7923497200950492,4.860254062560607,-0.0182387585945673,-0.008852237704083,-0.5755303222525602,-0.5808057215223646,-0.7153000377757179,-0.457312190109143,-0.5913307612918716,-0.0774017563949003,-0.0510085268636827,-0.872283702252018,-0.4532186149884524,-0.0,2.8194207068749866,0,0.5,0.9685938615274804,3.5464755836476054,0.5581732755534189,0.9803921568627451,2.9146312138195425,0.3996558740913045,0.06028357951660953,0.01027544249532096,613.1447721179625,0.27489847872283785,0.22113014816167018,0.2748710390567428
1,4921748,22257250,1357,2,2,1,55,1,1,2,6275879,1400,8817598,1,0,0,3,1.0,1.0,1,1,100000,53000000000,10935757,43713,0.0,0,-0.5637016538120745,0.7978594549859633,0.6839002928536349,0.7916028024046546,-0.4494002800777408,-0.3760482140739071,-0.6196684927812208,1.8644462367056205,-0.4404746318861252,-0.576675722448109,-0.5720107101899763,0.8155906752813558,0.7939355263752848,0.7923502924921695,-0.227533128403214,-0.8767794735098126,-0.8931959484938483,-0.5755303222525602,-0.5808057215223646,-0.7153000377757179,-0.457312190109143,-0.5913307612918716,-0.4004037462579279,-0.0820624944535523,0.0354654807175597,-0.6525324841484286,-0.0,-0.3821858484117771,0,0.5,0.9685938615274804,3.546475322420971,0.5581732623586081,1.0,2.0,2.0,0.5,4.492918037942693e-08,1.0,1.0,0.22113010367408373,0.0007369196757553427
1,4921748,22257250,1357,12,12,7,56,3,3,2,6275879,1400,8817598,4,194,1243812,3,1.0,1.0,1,1,99244,74101960010,3537122,60825,0.0,7,-0.5637016538120745,0.7978594549859633,0.6839002928536349,0.7916028024046546,-0.4493769950404923,-0.3760403688173097,-0.605837710903452,1.8599771997957937,-0.4404682242875966,-0.5703971826570007,-0.5720107101899763,0.8155906752813558,0.7939355263752848,0.7923502924921695,-0.2275214020949178,-0.4675487641890323,-0.4716770652078204,-0.5755303222525602,-0.5808057215223646,-0.7153000377757179,-0.457312190109143,-0.5913307612918716,-0.402683164377714,0.0828805426961078,-0.8526255416819414,-0.4969651182906694,-0.0,-0.3821799396941778,0,0.5,0.9685938615274804,3.546475322420971,0.5581732623586081,0.035897435897435895,3.0,9.647752515852463e-06,0.25,1.3478754113828078e-07,1.0,1.0,0.22113010367408373,0.002210759027266028
1,4921748,22257250,1357,18,18,9,57,8,4,2,6275879,1400,8817598,3,98,627363,3,1.0,1.0,1,1,500000,49928896334,29185457,59963,0.0,13,-0.5637016538120745,0.7978594549859633,0.6839002928536349,0.7916028024046546,-0.4493630240181432,-0.3760356616633514,-0.601227450277529,1.842101052156488,-0.4404522052912751,-0.5672579127614465,-0.5720107101899763,0.8155906752813558,0.7939355263752848,0.7923502924921695,-0.2275253108643499,-0.670054682203439,-0.6805871690521221,-0.5755303222525602,-0.5808057215223646,-0.7153000377757179,-0.457312190109143,-0.5913307612918716,0.8056375869622481,-0.1060677132024952,2.2260580334633264,-0.5048016697965945,-0.0,-0.3821748750790927,0,0.5,0.9685938615274804,3.546475322420971,0.5581732623586081,0.09090909090909091,6.0,2.8691477356048482e-05,0.4444444444444444,3.5943344303541543e-07,2.0,1.0,0.22113010367408373,0.0029476787030213707
1,4921748,22257250,1357,1814319,4356779,1134,58,848981,1126,2,6275879,1400,8817598,286551,1173,7507358,3,1.0,1.0,1,1,97410,55093783805,9233734,65637,0.0,4002207,-0.5637016538120745,0.7978594549859633,0.6839002928536349,0.7916028024046546,3.775243612481321,3.041955136153512,1.9920441518041283,1.8510391259761405,2.2794868675195485,2.955002910050344,-0.5720107101899763,0.8155906752813558,0.7939355263752848,0.7923502924921695,0.8925247523610275,1.5975897122287197,1.6509933346039416,-0.5755303222525602,-0.5808057215223646,-0.7153000377757179,-0.457312190109143,-0.5913307612918716,-0.4082128638905285,-0.0656964763316427,-0.1688359000394942,-0.4532186149884524,-0.0,2.996087142581574,0,0.5,0.9685938615274804,3.546475322420971,0.5581732623586081,0.9659284497444633,15.204200997379175,0.24167207136357804,0.1948643711328943,0.03814402048770625,753.9795737122557,0.41643585777474595,0.22113010367408373,0.8297715549005158
1,4921748,22257250,1357,29,32,14,59,1,1,2,6275879,1400,8817598,11,638,4110427,3,1.0,1.0,1,1,79352,53000000000,10871044,65637,0.0,23,-0.5637016538120745,0.7978594549859633,0.6839002928536349,0.7916028024046546,-0.4493374104771698,-0.3760246783041151,-0.5897017987127217,1.8331629783368344,-0.4404746318861252,-0.576675722448109,-0.5720107101899763,0.8155906752813558,0.7939355263752848,0.7923502924921695,-0.2274940407088932,0.4690411066275988,0.499798007882789,-0.5755303222525602,-0.5808057215223646,-0.7153000377757179,-0.457312190109143,-0.5913307612918716,-0.4626595998787534,-0.0820624944535523,0.0276976918845467,-0.4532186149884524,-0.0,-0.3821664340539509,0,0.5,0.9685938615274804,3.546475322420971,0.5581732623586081,0.02190923317683881,2.909090909090909,7.055226365721526e-06,0.03125,4.492918037942693e-08,1.0,0.90625,0.22113010367408373,0.0007369196757553427
1,4921748,22257250,1357,900370,1611303,403,60,930400,401,2,6275879,1400,8817598,756,402,2575011,3,1.0,1.0,1,1,250000,50428896334,20595536,65625,0.0,1609736,-0.5637016538120745,0.7978594549859633,0.6839002928536349,0.7916028024046546,1.6471099616581946,0.8880587659768945,0.3069938930292915,1.846570089066314,2.540336999819615,0.6790322357735631,-0.5720107101899763,0.8155906752813558,0.7939355263752848,0.7923502924921695,-0.2245820074819891,-0.0287859418244843,-0.0205433601852951,-0.5755303222525602,-0.5808057215223646,-0.7153000377757179,-0.457312190109143,-0.5913307612918716,0.051861753699638,-0.1021594734685678,1.1949716610147674,-0.4533277085128969,-0.0,0.976596356364156,0,0.5,0.9685938615274804,3.546475322420971,0.5581732623586081,1.0,2131.3531746031745,0.349656622959427,0.577420882354219,0.041802109425018816,2320.199501246883,0.558783791751148,0.22113010367408373,0.2955047899778924
1,4921748,22257250,1357,16,16,11,61,1,1,2,6275879,1400,8817598,6,77,492081,3,1.0,1.0,1,1,79381,75800000000,3274872,65613,0.0,10,-0.5637016538120745,0.7978594549859633,0.6839002928536349,0.7916028024046546,-0.4493676810255929,-0.3760372307146708,-0.596617189651606,1.855508162885967,-0.4404746318861252,-0.576675722448109,-0.5720107101899763,0.8155906752813558,0.7939355263752848,0.7923502924921695,-0.2275135845560536,-0.7143528517690905,-0.7264332595936995,-0.5755303222525602,-0.5808057215223646,-0.7153000377757179,-0.457312190109143,-0.5913307612918716,-0.4625721618820949,0.0961532374135394,-0.8841045740472723,-0.4534368020373413,-0.0,-0.3821774073866353,0,0.5,0.9685938615274804,3.546475322420971,0.5581732623586081,0.14102564102564102,2.6666666666666665,3.2514906052243324e-05,0.0625,4.492918037942693e-08,1.0,1.0,0.22113010367408373,0.0007369196757553427
1,4921748,22257250,1357,309445,543444,1348,62,466184,1343,2,6275879,1400,8817598,16218,1362,8591729,3,1.0,1.0,1,1,150000,50678896334,17545554,49170,0.0,543355,-0.5637016538120745,0.7978594549859633,0.6839002928536349,0.7916028024046546,0.2711388980510832,0.0502959795018231,2.485342038777884,1.8376320152466608,1.0530821205431844,3.636224477385601,-0.5720107101899763,0.8155906752813558,0.7939355263752848,0.7923502924921695,-0.1641446145230755,1.9962732383195827,2.0184788171268258,-0.5755303222525602,-0.5808057215223646,-0.7153000377757179,-0.457312190109143,-0.5913307612918716,-0.2496485796054059,-0.1002053536016041,0.828868774106564,-0.6029222039073234,-0.0,0.0764614731838305,0,0.5,0.9685938615274804,3.546475322420971,0.5581732623586081,0.9889948642699926,33.5086940436552,0.036016611322748734,0.857832637769485,0.020945265026002764,347.12137006701414,0.5694146959024297,0.22113010367408373,0.9896831245394252
1,4921748,22257250,1357,243,248,96,63,4,4,2,6275879,1400,8817598,84,277,1775154,3,1.0,1.0,1,1,60760,50428896334,23130946,60311,0.0,221,-0.5637016538120745,0.7978594549859633,0.6839002928536349,0.7916028024046546,-0.4488391106800519,-0.3758552207616131,-0.4006811130498808,1.868915273615447,-0.4404650204883323,-0.5672579127614465,-0.5720107101899763,0.8155906752813558,0.7939355263752848,0.7923502924921695,-0.2272087005403509,-0.2924655225724098,-0.2916091076041273,-0.5755303222525602,-0.5808057215223646,-0.7153000377757179,-0.457312190109143,-0.5913307612918716,-0.5187164010468271,-0.1021594734685678,1.4993081851306238,-0.5016379575877059,-0.0,-0.381999301756142,0,0.5,0.9685938615274804,3.546475322420971,0.5581732623586081,0.34532374100719426,2.9523809523809526,0.00013688945472367203,0.016129032258064516,1.7971672151770772e-07,1.0,0.9798387096774194,0.22113010367408373,0.0029476787030213707
1,4921749,22257251,1357,69430,77258,433,64,77169,432,2,6275879,1400,8817599,1,454,2916334,3,1.0,1.0,1,1,84000,55502325709,19433878,65625,0.0,77168,-0.5637016538120745,0.7978599432423711,0.683900390538106,0.7916028024046546,-0.2877369234688403,-0.315438899705701,0.3761478024181356,1.8733843105252737,-0.1932438502585991,0.7763496025357426,-0.5720107101899763,0.8155906752813558,0.7939355263752848,0.7923505786907297,-0.227533128403214,0.0809047637666526,0.095128533798552,-0.5755303222525602,-0.5808057215223646,-0.7153000377757179,-0.457312190109143,-0.5913307612918716,-0.4486453995867349,-0.0625031169272684,1.0555326914077303,-0.4533277085128969,-0.0,-0.3170481455970614,0,0.5,0.9685938615274804,3.5464754817612003,0.5581733124659771,0.9516483516483516,77258.0,0.023807278656258625,0.9988480157394704,0.0034671397649242487,178.63194444444446,0.8986771596468974,0.22113013866806822,0.318349299926308
1,4921750,22257252,1357,220927,702436,184,65,84714,164,2,6275879,1400,8817600,20058,183,1173410,3,1.0,1.0,1,1,100000,59227430975,12519957,65625,0.0,701875,-0.5637016538120745,0.7978604314987788,0.6839004882225773,0.7916028024046546,0.0650244053347922,0.1750292831938316,-0.1978296455092711,1.8778533474351,-0.1690711848094533,-0.0649747294727777,-0.5720107101899763,0.8155906752813558,0.7939355263752848,0.7923508648892899,-0.1491349399038653,-0.4907525672948497,-0.4955357933927092,-0.5755303222525602,-0.5808057215223646,-0.7153000377757179,-0.457312190109143,-0.5913307612918716,-0.4004037462579279,-0.0333859080999812,0.2256240434369383,-0.4533277085128969,-0.0,0.2102686037326167,0,0.5,0.9685938615274804,3.5464756411014298,0.5581733625733348,1.0,35.02024130022934,0.1882775941251616,0.12060031091800534,0.0038061302446501482,516.5487804878048,0.31451548610834296,0.22113017366204957,0.1208548268238762
1,4921751,22257256,1357,10,11,4,66,2,2,2,6275879,1400,8817602,6,2,18390,3,1.0,1.0,1,1,60760,56056183528,15387190,60311,0.0,6,-0.5637016538120745,0.7978609197551867,0.6839008789604621,0.7916028024046546,-0.449381652047942,-0.3760411533429695,-0.6127531018423364,1.89126045816458,-0.4404714280868609,-0.5735364525525549,-0.5720107101899763,0.8155906752813558,0.7939355263752848,0.7923514372864102,-0.2275135845560536,-0.8725606002178458,-0.8869637106125366,-0.5755303222525602,-0.5808057215223646,-0.7153000377757179,-0.457312190109143,-0.5913307612918716,-0.5187164010468271,-0.058173898656944,0.5697907561383474,-0.5016379575877059,-0.0,-0.382180783796692,0,0.5,0.9685938615274804,3.5464762784623476,0.5581733493785103,1.3333333333333333,1.8333333333333333,0.0005437442227176336,0.18181818181818182,8.98583365352854e-08,1.0,0.9090909090909091,0.2211301788504387,0.0014738393515106854
1,4921751,22257256,1357,514,533,135,67,3,3,2,6275879,1400,8817602,138,659,4246752,3,1.0,1.0,1,1,91140,56556183528,10260495,60311,0.0,504,-0.5637016538120745,0.7978609197551867,0.6839008789604621,0.7916028024046546,-0.4482080861706175,-0.3756316309485897,-0.3107810308443834,1.8867914212547527,-0.4404682242875966,-0.5703971826570007,-0.5720107101899763,0.8155906752813558,0.7939355263752848,0.7923514372864102,-0.2269976269910183,0.5133392761932503,0.5459975635744593,-0.5755303222525602,-0.5808057215223646,-0.7153000377757179,-0.457312190109143,-0.5913307612918716,-0.4271175617887547,-0.0542656589230165,-0.0455892165296394,-0.5016379575877059,-0.0,-0.3817604207446273,0,0.5,0.9685938615274804,3.5464762784623476,0.5581733493785103,0.20454545454545456,3.86231884057971,0.0001210336461762669,0.005628517823639775,1.3478750480292808e-07,1.0,0.9643527204502814,0.2211301788504387,0.002210759027266028
1,4921751,22257256,1357,309446,543445,1348,68,466185,1343,2,6275879,1400,8817602,16218,1362,8591733,3,1.0,1.0,1,1,150000,56306183528,10739290,49170,0.0,543356,-0.5637016538120745,0.7978609197551867,0.6839008789604621,0.7916028024046546,0.2711412265548081,0.0502967640274828,2.485342038777884,1.8823223843449268,1.0530853243424487,3.636224477385601,-0.5720107101899763,0.8155906752813558,0.7939355263752848,0.7923514372864102,-0.1641446145230755,1.9962732383195827,2.018480172697871,-0.5755303222525602,-0.5808057215223646,-0.7153000377757179,-0.457312190109143,-0.5913307612918716,-0.2496485796054059,-0.0562197787899802,0.0118826740379813,-0.6029222039073234,-0.0,0.0764623172863447,0,0.5,0.9685938615274804,3.5464762784623476,0.5581733493785103,0.9889948642699926,33.50875570353928,0.0360167109456601,0.8578328993734416,0.02094530430885101,347.1221146686523,0.5694154882278796,0.2211301788504387,0.9896831245394252
1,4921751,22257256,1357,1003871,3586266,376,69,240310,375,2,6275879,1400,8817602,1192969,375,2403685,3,1.0,1.0,1,1,207128,56056183528,15452803,65613,0.0,3585453,-0.5637016538120745,0.7978609197551867,0.6839008789604621,0.7916028024046546,1.8881124256839164,2.437467916496922,0.2447553745793317,1.8957294950744068,0.329427165518617,0.5974112184891543,-0.5720107101899763,0.8155906752813558,0.7939355263752848,0.7923514372864102,4.43550372345355,-0.0857407312660362,-0.0786045014171389,-0.5755303222525602,-0.5808057215223646,-0.7153000377757179,-0.457312190109143,-0.5913307612918716,-0.0774017563949003,-0.058173898656944,0.5776665759689916,-0.4534368020373413,-0.0,2.6443040433844454,0,0.5,0.9685938615274804,3.5464762784623476,0.5581733493785103,1.0,3.0061686431080776,0.41763816072482013,0.06700841488054707,0.010796928426397217,640.8266666666667,0.2799209539950467,0.2211301788504387,0.2763448784082535
1,4921752,22257261,1357,28,28,11,70,1,1,2,6275880,1400,8817603,10,183,1169988,3,1.0,1.0,1,1,99226,62311408650,6826738,60813,0.0,22,-0.5637016538120745,0.7978614080115944,0.6839013673828183,0.7916028024046546,-0.4493397389808947,-0.376027816406754,-0.596617189651606,1.9091366058038863,-0.4404746318861252,-0.576675722448109,-0.5720107101899763,0.8155910339599373,0.7939355263752848,0.7923517234849704,-0.2274979494783253,-0.4907525672948497,-0.4966954844220647,-0.5755303222525602,-0.5808057215223646,-0.7153000377757179,-0.457312190109143,-0.5913307612918716,-0.4027374362377089,-0.0092800599240208,-0.4577583213444389,-0.4970742118151138,-0.0,-0.382167278156465,0,0.5,0.9685938615274804,3.546476510067114,0.5581733994858468,0.059782608695652176,2.8,2.3931848931913036e-05,0.03571428571428571,4.4929158174494156e-08,1.0,1.0,0.22113017410363298,0.0007369196757553427
1,4921752,22257261,1357,13,13,5,71,8,3,2,6275880,1400,8817603,3,23,142378,3,1.0,1.0,1,1,84000,60911408650,20644312,43737,0.0,10,-0.5637016538120745,0.7978614080115944,0.6839013673828183,0.7916028024046546,-0.4493746665367674,-0.37603958429165,-0.6104479715293749,1.9001985319842327,-0.4404522052912751,-0.5703971826570007,-0.5720107101899763,0.8155910339599373,0.7939355263752848,0.7923517234849704,-0.2275253108643499,-0.8282624306521943,-0.8449450749176984,-0.5755303222525602,-0.5808057215223646,-0.7153000377757179,-0.457312190109143,-0.5913307612918716,-0.4486453995867349,-0.0202231311790176,1.2008264609486146,-0.6523142970995397,-0.0,-0.3821774073866353,0,0.5,0.9685938615274804,3.546476510067114,0.5581733994858468,0.20833333333333334,4.333333333333333,9.130559984267342e-05,0.6153846153846154,3.5943326539595325e-07,2.6666666666666665,1.0,0.22113017410363298,0.002210759027266028
1,4921752,22257261,1357,11,11,10,72,2,2,2,6275880,1400,8817603,1,7,48767,3,1.0,1.0,1,1,75000,64567947797,168858,43713,0.0,1,-0.5637016538120745,0.7978614080115944,0.6839013673828183,0.7916028024046546,-0.4493793235442171,-0.3760411533429695,-0.5989223199645676,1.90466756889406,-0.4404714280868609,-0.5735364525525549,-0.5720107101899763,0.8155910339599373,0.7939355263752848,0.7923517234849704,-0.227533128403214,-0.8620134169879287,-0.876669165200867,-0.5755303222525602,-0.5808057215223646,-0.7153000377757179,-0.457312190109143,-0.5913307612918716,-0.4757813295841889,0.0083581319869154,-1.256933230799114,-0.6525324841484286,-0.0,-0.382185004309263,0,0.5,0.9685938615274804,3.546476510067114,0.5581733994858468,1.25,11.0,0.00022555774278215223,0.18181818181818182,8.985831634898831e-08,1.0,1.0,0.22113017410363298,0.0014738393515106854
1,4921752,22257261,1357,12,13,1,73,11,1,2,6275880,1400,8817603,2,0,201,3,1.0,1.0,1,1,73206,62311408650,7607844,48537,0.0,11,-0.5637016538120745,0.7978614080115944,0.6839013673828183,0.7916028024046546,-0.4493769950404923,-0.37603958429165,-0.6196684927812208,1.91807467962354,-0.4404425938934821,-0.576675722448109,-0.5720107101899763,0.8155910339599373,0.7939355263752848,0.7923517234849704,-0.227529219633782,-0.8767794735098126,-0.893127831048816,-0.5755303222525602,-0.5808057215223646,-0.7153000377757179,-0.457312190109143,-0.5913307612918716,-0.4811904249636813,-0.0092800599240208,-0.3639986986380364,-0.6086768873217672,-0.0,-0.3821765632841211,0,0.5,0.9685938615274804,3.546476510067114,0.5581733994858468,1.0,6.5,0.0594059405940594,0.8461538461538461,4.942207399194358e-07,11.0,0.9230769230769231,0.22113017410363298,0.0007369196757553427
1,4921752,22257261,1357,710585,1126684,403,74,934982,401,2,6275880,1400,8817603,598,401,2569958,3,1.0,1.0,1,1,250000,62811408650,3071110,48537,0.0,1125562,-0.5637016538120745,0.7978614080115944,0.6839013673828183,0.7916028024046546,1.2051948822374972,0.507862725283542,0.3069938930292915,1.9136056427137127,2.55501680804864,0.6790322357735631,-0.5720107101899763,0.8155910339599373,0.7939355263752848,0.7923517234849704,-0.2251995930522587,-0.0308953784704677,-0.0222557853084201,-0.5755303222525602,-0.5808057215223646,-0.7153000377757179,-0.457312190109143,-0.5913307612918716,0.051861753699638,-0.0053718201900933,-0.9085630319798728,-0.6086768873217672,-0.0,0.5679038656605979,0,0.5,0.9685938615274804,3.546476510067114,0.5581733994858468,1.0024875621890548,1884.0869565217392,0.2764966289345472,0.8298529135054727,0.0420079541683049,2331.6259351620947,0.6306870426845504,0.22113017410363298,0.2955047899778924
1,4921753,22257262,1357,900372,1611305,403,75,930401,401,2,6275880,1400,8817604,756,402,2575017,3,1.0,1.0,1,1,250000,65661524430,3053695,65625,0.0,1609738,-0.5637016538120745,0.7978618962680022,0.6839014650672894,0.7916028024046546,1.6471146186656442,0.8880603350282139,0.3069938930292915,1.9225437165333663,2.54034020361888,0.6790322357735631,-0.5720107101899763,0.8155910339599373,0.7939355263752848,0.7923520096835306,-0.2245820074819891,-0.0287859418244843,-0.020541326828727,-0.5755303222525602,-0.5808057215223646,-0.7153000377757179,-0.457312190109143,-0.5913307612918716,0.051861753699638,0.0169060512852858,-0.9106534317840378,-0.4533277085128969,-0.0,0.9765980445691844,0,0.5,0.9685938615274804,3.546476669407318,0.5581734495931718,1.0,2131.35582010582,0.34965658492484325,0.5774207862571021,0.04180213181657295,2320.2019950124686,0.5587843394019134,0.221130209097597,0.2955047899778924
1,4921754,22257265,1357,1407213,2212191,1642,76,9617,1166,2,6275881,1400,8817605,357167,1641,10218077,3,1.0,1.0,1,1,90000,87293057980,1511206,65625,0.0,1249916,-0.5637016538120745,0.7978623845244099,0.6839017581207031,0.7916028024046546,2.8272957750724506,1.3594708206015524,3.163050350788557,1.93148179035302,-0.4096668981606134,3.080573705872511,-0.5720107101899763,0.8155913926385188,0.7939355263752848,0.7923522958820908,1.168546414577212,2.584806062548952,2.569636381770409,-0.5755303222525602,-0.5808057215223646,-0.7153000377757179,-0.457312190109143,-0.5913307612918716,-0.4305547795884323,0.1859884891370753,-1.0958052379009748,-0.4533277085128969,-0.0,0.6728713897097006,0,0.5,0.9685938615274804,3.546476582331628,0.5581734997004856,1.0,6.193716104791316,0.13771797396731558,0.004347273811348116,0.0004320836365114941,8.247855917667238,0.6361173153674343,0.22113022422117004,0.8592483419307295
1,4921754,22257265,1357,20,20,17,77,1,1,2,6275881,1400,8817605,9,329,2106987,3,1.0,1.0,1,1,60424,61674236005,6979956,59975,0.0,12,-0.5637016538120745,0.7978623845244099,0.6839017581207031,0.7916028024046546,-0.4493583670106935,-0.3760340926120319,-0.5827864077738373,1.9359508272628465,-0.4404746318861252,-0.576675722448109,-0.5720107101899763,0.8155913926385188,0.7939355263752848,0.7923522958820908,-0.2275018582477574,-0.1827748169812728,-0.1791533059255356,-0.5755303222525602,-0.5808057215223646,-0.7153000377757179,-0.457312190109143,-0.5913307612918716,-0.5197294757667321,-0.0142605068211421,-0.4393668842388097,-0.50469257627215,-0.0,-0.3821757191816069,0,0.5,0.9685938615274804,3.546476582331628,0.5581734997004856,0.051515151515151514,2.2222222222222223,9.49222302167834e-06,0.05,4.4929150099978594e-08,1.0,1.0,0.22113022422117004,0.0007369196757553427
1,4921754,22257265,1357,23,24,8,78,6,5,2,6275881,1400,8817605,6,56,353493,3,1.0,1.0,1,1,48792,61674236005,6250309,48525,0.0,18,-0.5637016538120745,0.7978623845244099,0.6839017581207031,0.7916028024046546,-0.449351381499519,-0.376030954509393,-0.6035325805904905,1.927012753443193,-0.4404586128898037,-0.5641186428658924,-0.5720107101899763,0.8155913926385188,0.7939355263752848,0.7923522958820908,-0.2275135845560536,-0.7586510213347419,-0.7733997296043152,-0.5755303222525602,-0.5808057215223646,-0.7153000377757179,-0.457312190109143,-0.5913307612918716,-0.5548011577367749,-0.0142605068211421,-0.5269496546039824,-0.6087859808462116,-0.0,-0.3821706545665218,0,0.5,0.9685938615274804,3.546476582331628,0.5581734997004856,0.14035087719298245,4.0,6.50647535743181e-05,0.25,2.695749005998715e-07,1.2,0.9583333333333334,0.22113022422117004,0.0036845983787767134
1,4921755,22257267,1357,202,210,68,79,14,8,2,6275881,1400,8817606,66,235,1506009,3,1.0,1.0,1,1,48780,59279187583,6189372,48513,0.0,189,-0.5637016538120745,0.7978628727808177,0.6839019534896456,0.7916028024046546,-0.4489345793327707,-0.3758850327366829,-0.4652247618128021,1.9404198641726729,-0.4404329824956893,-0.5547008331792298,-0.5720107101899763,0.8155913926385188,0.7939355263752848,0.792352582080651,-0.2272790583901285,-0.3810618617037127,-0.3828203998589198,-0.5755303222525602,-0.5808057215223646,-0.7153000377757179,-0.457312190109143,-0.5913307612918716,-0.5548373389767715,-0.0329813536362234,-0.5342641933847113,-0.608895074370656,-0.0,-0.382026313036596,0,0.5,0.9685938615274804,3.546476901011985,0.558173549807788,0.288135593220339,3.1818181818181817,0.00013412925544983102,0.06666666666666667,6.290080448781066e-07,1.75,0.9619047619047619,0.2211302492799318,0.0058953574060427415
1,4921755,22257267,1357,710586,1126685,403,80,934983,401,2,6275881,1400,8817606,598,401,2569961,3,1.0,1.0,1,1,250000,59779187583,2828553,65625,0.0,1125563,-0.5637016538120745,0.7978628727808177,0.6839019534896456,0.7916028024046546,1.205197210741222,0.5078635098092018,0.3069938930292915,1.9448889010825,2.5550200118479034,0.6790322357735631,-0.5720107101899763,0.8155913926385188,0.7939355263752848,0.792352582080651,-0.2251995930522587,-0.0308953784704677,-0.022254768630136,-0.5755303222525602,-0.5808057215223646,-0.7153000377757179,-0.457312190109143,-0.5913307612918716,0.051861753699638,-0.0290731139022959,-0.93767822608259,-0.4533277085128969,-0.0,0.5679047097631121,0,0.5,0.9685938615274804,3.546476901011985,0.558173549807788,1.0024875621890548,1884.0886287625417,0.27649669528187576,0.8298530645211395,0.042007987773161906,2331.628428927681,0.6306873704717822,0.2211302492799318,0.2955047899778924
1,4921756,22257271,1357,309447,543446,1348,81,466186,1343,2,6275881,1400,8817607,16218,1362,8591738,3,1.0,1.0,1,1,150000,56871134177,1962977,49170,0.0,543357,-0.5637016538120745,0.7978633610372254,0.6839023442275304,0.7916028024046546,0.271143555058533,0.0502975485531426,2.485342038777884,1.95829601181198,1.053088528141713,3.636224477385601,-0.5720107101899763,0.8155913926385188,0.7939355263752848,0.792352868279211,-0.1641446145230755,1.9962732383195827,2.018481867161677,-0.5755303222525602,-0.5808057215223646,-0.7153000377757179,-0.457312190109143,-0.5913307612918716,-0.2496485796054059,-0.0518038536417204,-1.0415771580888953,-0.6029222039073234,-0.0,0.0764631613888589,0,0.5,0.9685938615274804,3.5464775383727,0.558173599915079,0.9889948642699926,33.508817363423354,0.03601680637645068,0.8578331609764356,0.020945335122171987,347.1228592702904,0.5694162805504135,0.22113025446830387,0.9896831245394252
1,4921756,22257271,1357,1352216,6221296,1276,82,428661,1081,2,6275881,1400,8817607,1273845,1275,8063147,3,1.0,1.0,1,1,350000,97607286645,90525,48525,0.0,6218663,-0.5637016538120745,0.7978633610372254,0.6839023442275304,0.7916028024046546,2.6992350557168634,4.504716565658851,2.3193726562446577,1.949357937992326,0.932865960748844,2.813735764750405,-0.5720107101899763,0.8155913926385188,0.7939355263752848,0.792352868279211,4.751629360042937,1.8127522501190267,1.8393462035444712,-0.5755303222525602,-0.5808057215223646,-0.7153000377757179,-0.457312190109143,-0.5913307612918716,0.353372087004682,0.2666094457238083,-1.2663358887296134,-0.6087859808462116,-0.0,4.867003224764519,0,0.5,0.9685938615274804,3.5464775383727,0.558173599915079,1.0,4.8838720566473945,0.16770323451832955,0.0689022030136486,0.01925936921916438,396.5411655874191,0.21735278308571077,0.22113025446830387,0.7966101694915254
1,4921756,22257271,1357,1352216,6221296,1276,83,428661,1081,2,6275881,1400,8817607,1273845,1275,8063147,3,1.0,1.0,1,1,350000,97607286645,458372,65613,0.0,6218672,-0.5637016538120745,0.7978633610372254,0.6839023442275304,0.7916028024046546,2.6992350557168634,4.504716565658851,2.3193726562446577,1.9538269749021528,0.932865960748844,2.813735764750405,-0.5720107101899763,0.8155913926385188,0.7939355263752848,0.792352868279211,4.751629360042937,1.8127522501190267,1.8393462035444712,-0.5755303222525602,-0.5808057215223646,-0.7153000377757179,-0.457312190109143,-0.5913307612918716,0.353372087004682,0.2666094457238083,-1.222181579412207,-0.4534368020373413,-0.0,4.867010821687147,0,0.5,0.9685938615274804,3.5464775383727,0.558173599915079,1.0,4.8838720566473945,0.16770323451832955,0.0689022030136486,0.01925936921916438,396.5411655874191,0.21735278308571077,0.22113025446830387,0.7966101694915254
1,4921756,22257271,1357,257946,469085,668,84,19416,668,2,6275881,1400,8817607,47469,667,4301995,3,1.0,1.0,1,1,108163,55621134177,4536982,65625,0.0,311204,-0.5637016538120745,0.7978633610372254,0.6839023442275304,0.7916028024046546,0.1512232847250222,-0.0080405640301411,0.917853425964082,1.962765048721806,-0.3782728691697347,1.517217297886529,-0.5720107101899763,0.8155913926385188,0.7939355263752848,0.792352868279211,-0.0419916610009561,0.5302147693611174,0.5647190163899732,-0.5755303222525602,-0.5808057215223646,-0.7153000377757179,-0.457312190109143,-0.5913307612918716,-0.3757914577502371,-0.0615744529765391,-0.732607904691285,-0.4533277085128969,-0.0,-0.119497769586995,0,0.5,0.9685938615274804,3.5464775383727,0.558173599915079,1.0,9.88192293918136,0.059959609446405805,0.04139121907543409,0.0008723441431790986,29.065868263473053,0.5498918106526536,0.22113025446830387,0.4922623434045689
1,4921757,22257275,1357,87,89,30,85,14,11,2,6275881,1400,8817608,18,442,2838614,3,1.0,1.0,1,1,90000,54439268314,3458562,65625,0.0,74,-0.5637016538120745,0.7978638492936332,0.6839027349654153,0.7916028024046546,-0.4492023572611285,-0.3759799603415104,-0.5528197137053381,1.976172159451285,-0.4404329824956893,-0.5452830234925673,-0.5720107101899763,0.8155913926385188,0.7939355263752848,0.7923531544777712,-0.2274666793228686,0.0555915240148517,0.0687897883860699,-0.5755303222525602,-0.5808057215223646,-0.7153000377757179,-0.457312190109143,-0.5913307612918716,-0.4305547795884323,-0.0708124832284372,-0.8620554474307323,-0.4533277085128969,-0.0,-0.3821233848257274,0,0.5,0.9685938615274804,3.546478175733415,0.5581736500223586,0.06772009029345373,4.944444444444445,3.064874947817862e-05,0.15730337078651685,6.290078187918332e-07,1.2727272727272727,0.9775280898876404,0.22113025965667404,0.008106116433308769
1,4921757,22257275,1357,785017,1284961,480,86,51595,447,2,6275881,1400,8817608,323436,484,3109514,3,1.0,1.0,1,1,207128,51862657408,5954744,48537,0.0,1168245,-0.5637016538120745,0.7978638492936332,0.6839027349654153,0.7916028024046546,1.378510071485548,0.6320350931288427,0.4844889271273249,1.9672340856316328,-0.2751778126438152,0.8234386509690552,-0.5720107101899763,0.8155913926385188,0.7939355263752848,0.7923531544777712,1.0366997128635194,0.1441878631461547,0.1605958374370398,-0.5755303222525602,-0.5808057215223646,-0.7153000377757179,-0.457312190109143,-0.5913307612918716,-0.0774017563949003,-0.0909525094718372,-0.562427634398297,-0.6086768873217672,-0.0,0.6039326932736048,0,0.5,0.9685938615274804,3.546478175733415,0.5581736500223586,0.9896907216494846,3.9728447049802744,0.25245641201280583,0.04015296962320257,0.002318118457897474,115.42505592841164,0.6109267129508211,0.22113025965667404,0.32940309506263815
1,4921757,22257275,1357,107,108,44,87,9,9,2,6275881,1400,8817608,30,241,1542852,3,1.0,1.0,1,1,100000,56682585865,2761518,59987,0.0,87,-0.5637016538120745,0.7978638492936332,0.6839027349654153,0.7916028024046546,-0.4491557871866315,-0.3759650543539755,-0.5205478893238774,1.9717031225414592,-0.4404490014920107,-0.5515615632836757,-0.5720107101899763,0.8155913926385188,0.7939355263752848,0.7923531544777712,-0.2274197740896835,-0.3684052418278123,-0.3703345738523311,-0.5755303222525602,-0.5808057215223646,-0.7153000377757179,-0.457312190109143,-0.5913307612918716,-0.4004037462579279,-0.0532776376511671,-0.9457247348894916,-0.5045834827477056,-0.0,-0.382112411493043,0,0.5,0.9685938615274804,3.546478175733415,0.5581736500223586,0.18181818181818182,3.6,6.935203807491705e-05,0.08333333333333333,4.043621692233214e-07,1.0,0.9907407407407407,0.22113025965667404,0.006632277081798084
1,4921757,22257275,1357,340880,387976,1681,88,167248,1046,2,6275881,1400,8817608,191,1831,11112659,3,1.0,1.0,1,1,95000,82000000000,544011,48537,0.0,387186,-0.5637016538120745,0.7978638492936332,0.6839027349654153,0.7916028024046546,0.3443354126417497,-0.071672655765292,3.2529504329940546,1.9806411963611124,0.095351183670308,2.7038613184060094,-0.5720107101899763,0.8155913926385188,0.7939355263752848,0.7923531544777712,-0.2267904622111177,2.985599025285799,2.8728037460085587,-0.5755303222525602,-0.5808057215223646,-0.7153000377757179,-0.457312190109143,-0.5913307612918716,-0.4154792629231801,0.1446154101142398,-1.2119019498498256,-0.6086768873217672,-0.0,-0.055361172354104,0,0.5,0.9685938615274804,3.546478175733415,0.5581736500223586,0.9175764192139738,2031.2879581151833,0.030674923915606164,0.43107821102336225,0.007514307119806895,159.8929254302103,0.8786110481060684,0.22113025965667404,0.7708179808400885
1,4921758,22257282,1357,900373,1611306,403,89,930402,401,2,6275883,1400,8817610,756,402,2575023,3,1.0,1.0,1,1,250000,45107725573,13208495,65613,0.0,1609739,-0.5637016538120745,0.7978643375500409,0.6839034187567138,0.7916028024046546,1.6471169471693692,0.8880611195538737,0.3069938930292915,1.9895792701807653,2.540343407418144,0.6790322357735631,-0.5720107101899763,0.8155921099956817,0.7939355263752848,0.7923537268748916,-0.2245820074819891,-0.0287859418244843,-0.0205392934721589,-0.5755303222525602,-0.5808057215223646,-0.7153000377757179,-0.457312190109143,-0.5913307612918716,0.051861753699638,-0.1437522954668741,0.3082723179336405,-0.4534368020373413,-0.0,0.9765988886716984,0,0.5,0.9685938615274804,3.546478160921738,0.5581736368274808,1.0,2131.3571428571427,0.34965615854454174,0.5774210485159244,0.04180213918303232,2320.204488778055,0.5587846132267862,0.22113023503948057,0.2955047899778924
1,4921758,22257282,1357,261564,468650,880,90,226545,879,2,6275883,1400,8817610,2,879,5672536,3,1.0,1.0,1,1,500000,45107725573,11999604,65637,0.0,468629,-0.5637016538120745,0.7978643375500409,0.6839034187567138,0.7916028024046546,0.1596478112015303,-0.0083818326921242,1.4065410523119144,2.0119244547298987,0.2853268686455233,2.1796032458484613,-0.5720107101899763,0.8155921099956817,0.7939355263752848,0.7923537268748916,-0.227529219633782,0.977415338309599,1.0291854404297125,-0.5755303222525602,-0.5808057215223646,-0.7153000377757179,-0.457312190109143,-0.5913307612918716,0.8056375869622481,-0.1437522954668741,0.1631637615364732,-0.4532186149884524,-0.0,0.0133850687087573,0,0.5,0.9685938615274804,3.546478160921738,0.5581736368274808,1.0,234325.0,0.04611058508741327,0.48339912514669797,0.010178466535132187,257.73037542662115,0.5581222660834312,0.22113023503948057,0.6477523949889462
1,4921758,22257282,1357,6,6,3,91,4,2,2,6275883,1400,8817610,1,4,27649,3,1.0,1.0,1,1,58565,75800000000,1074256,48537,0.0,3,-0.5637016538120745,0.7978643375500409,0.6839034187567138,0.7916028024046546,-0.4493909660628414,-0.3760450759712681,-0.6150582321552979,1.985110233270939,-0.4404650204883323,-0.5735364525525549,-0.5720107101899763,0.8155921099956817,0.7939355263752848,0.7923537268748916,-0.227533128403214,-0.8683417269258789,-0.8838259025351541,-0.5755303222525602,-0.5808057215223646,-0.7153000377757179,-0.457312190109143,-0.5913307612918716,-0.5253345528628729,0.0961532374135394,-1.1482542872509511,-0.6086768873217672,-0.0,-0.3821833161042346,0,0.5,0.9685938615274804,3.546478160921738,0.5581736368274808,0.6,6.0,0.00021699819168173598,0.6666666666666666,1.7971646313327926e-07,2.0,1.0,0.22113023503948057,0.0014738393515106854
1,4921758,22257282,1357,48,48,22,92,3,3,2,6275883,1400,8817610,11,447,2870282,3,1.0,1.0,1,1,79298,60000000000,1443119,60825,0.0,29,-0.5637016538120745,0.7978643375500409,0.6839034187567138,0.7916028024046546,-0.4492931689063977,-0.3760121258935594,-0.5712607562090298,1.9940483070905923,-0.4404682242875966,-0.5703971826570007,-0.5720107101899763,0.8155921099956817,0.7939355263752848,0.7923537268748916,-0.2274940407088932,0.0661387072447687,0.0795218443526484,-0.5755303222525602,-0.5808057215223646,-0.7153000377757179,-0.457312190109143,-0.5913307612918716,-0.4628224154587381,-0.027347138178568,-1.1039780229406633,-0.4969651182906694,-0.0,-0.3821613694388658,0,0.5,0.9685938615274804,3.546478160921738,0.5581736368274808,0.049107142857142856,4.363636363636363,1.67230896744328e-05,0.0625,1.3478734734995943e-07,1.0,1.0,0.22113023503948057,0.002210759027266028
1,4921758,22257282,1357,5,6,1,93,1,1,2,6275883,1400,8817610,3,0,72,3,1.0,1.0,1,1,91140,44107725574,27729385,60311,0.0,2,-0.5637016538120745,0.7978643375500409,0.6839034187567138,0.7916028024046546,-0.4493932945665662,-0.3760450759712681,-0.6196684927812208,1.998517344000419,-0.4404746318861252,-0.576675722448109,-0.5720107101899763,0.8155921099956817,0.7939355263752848,0.7923537268748916,-0.2275253108643499,-0.8767794735098126,-0.8931715482150308,-0.5755303222525602,-0.5808057215223646,-0.7153000377757179,-0.457312190109143,-0.5913307612918716,-0.4271175617887547,-0.1515687749269126,2.051279243704501,-0.5016379575877059,-0.0,-0.3821841602067488,0,0.5,0.9685938615274804,3.546478160921738,0.5581736368274808,1.0,2.0,0.0684931506849315,0.16666666666666666,4.4929115783319816e-08,1.0,0.8333333333333334,0.22113023503948057,0.0007369196757553427
1,4921758,22257282,1357,13,13,7,94,1,1,2,6275883,1400,8817610,5,330,2112561,3,1.0,1.0,1,1,79352,46000000000,6749271,60825,0.0,6,-0.5637016538120745,0.7978643375500409,0.6839034187567138,0.7916028024046546,-0.4493746665367674,-0.37603958429165,-0.605837710903452,2.007455417820072,-0.4404746318861252,-0.576675722448109,-0.5720107101899763,0.8155921099956817,0.7939355263752848,0.7923537268748916,-0.2275174933254857,-0.1806653803352894,-0.1772643176737449,-0.5755303222525602,-0.5808057215223646,-0.7153000377757179,-0.457312190109143,-0.5913307612918716,-0.4626595998787534,-0.1367778507285366,-0.4670570294483287,-0.4969651182906694,-0.0,-0.382180783796692,0,0.5,0.9685938615274804,3.546478160921738,0.5581736368274808,0.021148036253776436,2.6,6.153665549224118e-06,0.07692307692307693,4.4929115783319816e-08,1.0,1.0,0.22113023503948057,0.0007369196757553427
1,4921758,22257282,1357,20,20,7,95,3,3,2,6275883,1400,8817610,4,273,1745853,3,1.0,1.0,1,1,250000,62599106554,1319294,43713,0.0,11,-0.5637016538120745,0.7978643375500409,0.6839034187567138,0.7916028024046546,-0.4493583670106935,-0.3760340926120319,-0.605837710903452,2.002986380910245,-0.4404682242875966,-0.5703971826570007,-0.5720107101899763,0.8155921099956817,0.7939355263752848,0.7923537268748916,-0.2275214020949178,-0.3009032691563434,-0.3015390044045794,-0.5755303222525602,-0.5808057215223646,-0.7153000377757179,-0.457312190109143,-0.5913307612918716,0.051861753699638,-0.0070312751644599,-1.118841287698097,-0.6525324841484286,-0.0,-0.3821765632841211,0,0.5,0.9685938615274804,3.546478160921738,0.5581736368274808,0.025547445255474453,5.0,1.1455711645991017e-05,0.15,1.3478734734995943e-07,1.0,1.0,0.22113023503948057,0.002210759027266028
1,4921759,22257285,1357,614,655,321,96,220,144,2,6275884,1400,8817611,74,1082,6922092,3,1.0,1.0,1,1,65886,61200000000,1482028,48537,0.0,582,-0.5637016538120745,0.7978648258064487,0.6839037118101274,0.7916028024046546,-0.4479752357981325,-0.3755359188181025,0.1179732073664506,2.020862528549552,-0.4397729998472434,-0.1277601273838613,-0.5720107101899763,0.8155924686742632,0.7939355263752848,0.7923540130734518,-0.2272477882346718,1.40563097744423,1.4526509237369614,-0.5755303222525602,-0.5808057215223646,-0.7153000377757179,-0.457312190109143,-0.5913307612918716,-0.5032609813616106,-0.0179673628171421,-1.0993076028441802,-0.6086768873217672,-0.0,-0.3816945807485208,0,0.5,0.9685938615274804,3.5464780738458517,0.5581736869347392,0.296398891966759,8.85135135135135,8.87014953425214e-05,0.33587786259541985,9.884404140037745e-06,1.5277777777777777,0.9374045801526718,0.2211302501630365,0.10611643330876934
1,4921759,22257285,1357,12,12,7,97,1,1,2,6275884,1400,8817611,5,56,356815,3,1.0,1.0,1,1,99226,49994444688,14440820,60813,0.0,5,-0.5637016538120745,0.7978648258064487,0.6839037118101274,0.7916028024046546,-0.4493769950404923,-0.3760403688173097,-0.605837710903452,2.0253315654593784,-0.4404746318861252,-0.576675722448109,-0.5720107101899763,0.8155924686742632,0.7939355263752848,0.7923540130734518,-0.2275174933254857,-0.7586510213347419,-0.7722739278510952,-0.5755303222525602,-0.5808057215223646,-0.7153000377757179,-0.457312190109143,-0.5913307612918716,-0.4027374362377089,-0.1055553558393026,0.4561937614402421,-0.4970742118151138,-0.0,-0.3821816278992062,0,0.5,0.9685938615274804,3.5464780738458517,0.5581736869347392,0.12280701754385964,2.4,3.363077888883907e-05,0.08333333333333333,4.492910972744429e-08,1.0,1.0,0.2211302501630365,0.0007369196757553427
1,4921759,22257285,1357,9,9,3,98,7,2,2,6275884,1400,8817611,2,4,26014,3,1.0,1.0,1,1,66163,58000000000,1866549,65625,0.0,7,-0.5637016538120745,0.7978648258064487,0.6839037118101274,0.7916028024046546,-0.4493839805516668,-0.3760427223942889,-0.6150582321552979,2.0163934916397253,-0.4404554090905394,-0.5735364525525549,-0.5720107101899763,0.8155924686742632,0.7939355263752848,0.7923540130734518,-0.227529219633782,-0.8683417269258789,-0.8843799921999689,-0.5755303222525602,-0.5808057215223646,-0.7153000377757179,-0.457312190109143,-0.5913307612918716,-0.5024257977383556,-0.0429800971142778,-1.053151839243992,-0.4533277085128969,-0.0,-0.3821799396941778,0,0.5,0.9685938615274804,3.5464780738458517,0.5581736869347392,0.6,4.5,0.00034595425715933114,0.7777777777777778,3.1450376809211004e-07,3.5,1.0,0.2211302501630365,0.0014738393515106854
1,4921760,22257291,1357,8,8,4,99,2,2,2,6275884,1400,8817612,2,147,940722,3,1.0,1.0,1,1,60000,94663909812,214229,43725,0.0,3,-0.5637016538120745,0.7978653140628564,0.6839042979169547,0.7916028024046546,-0.4493863090553917,-0.3760435069199487,-0.6127531018423364,2.0521457869183384,-0.4404714280868609,-0.5735364525525549,-0.5720107101899763,0.8155924686742632,0.7939355263752848,0.792354299272012,-0.227529219633782,-0.5666922865502523,-0.5743920722467959,-0.5755303222525602,-0.5808057215223646,-0.7153000377757179,-0.457312190109143,-0.5913307612918716,-0.5210078795799454,0.243602601142504,-1.2514871481396388,-0.6524233906239841,-0.0,-0.3821833161042346,0,0.5,0.9685938615274804,3.546479029886467,0.5581737370419863,0.02702702702702703,4.0,8.504097380419102e-06,0.25,8.985819523139631e-08,1.0,1.0,0.22113023548103855,0.0014738393515106854
1,4921760,22257291,1357,1352219,6221322,1276,100,428663,1081,2,6275884,1400,8817612,1273847,1275,8063152,3,1.0,1.0,1,1,350000,66522581510,1243447,65625,0.0,6218693,-0.5637016538120745,0.7978653140628564,0.6839042979169547,0.7916028024046546,2.699242041228038,4.504736963326003,2.3193726562446577,2.047676750008512,0.9328723683473724,2.813735764750405,-0.5720107101899763,0.8155924686742632,0.7939355263752848,0.792354299272012,4.751637177581801,1.8127522501190267,1.839347898008278,-0.5755303222525602,-0.5808057215223646,-0.7153000377757179,-0.457312190109143,-0.5913307612918716,0.353372087004682,0.0236364862717569,-1.1279455400062508,-0.4533277085128969,-0.0,4.867028547839945,0,0.5,0.9685938615274804,3.546479029886467,0.5581737370419863,1.0,4.883884799351884,0.1677035025876354,0.06890223653429287,0.019259441771238017,396.5430157261795,0.21735235694278482,0.22113023548103855,0.7966101694915254
1,4921760,22257291,1357,75,83,29,101,12,10,2,6275884,1400,8817612,27,617,3973011,3,1.0,1.0,1,1,66163,56051246859,8186042,60825,0.0,72,-0.5637016538120745,0.7978653140628564,0.6839042979169547,0.7916028024046546,-0.4492302993058267,-0.3759846674954688,-0.5551248440182995,2.043207713098685,-0.4404393900942179,-0.5484222933881214,-0.5720107101899763,0.8155924686742632,0.7939355263752848,0.792354299272012,-0.2274315003979798,0.4247429370619473,0.4532287201884808,-0.5755303222525602,-0.5808057215223646,-0.7153000377757179,-0.457312190109143,-0.5913307612918716,-0.5024257977383556,-0.0582124860288221,-0.2945950244509266,-0.4969651182906694,-0.0,-0.3821250730307557,0,0.5,0.9685938615274804,3.546479029886467,0.5581737370419863,0.04692556634304207,3.074074074074074,1.8877365585606085e-05,0.14457831325301204,5.391491713883779e-07,1.2,0.9036144578313253,0.22113023548103855,0.007369196757553427
1,4921760,22257291,1357,900375,1611308,403,102,930403,401,2,6275884,1400,8817612,756,402,2575025,3,1.0,1.0,1,1,250000,56551246859,4762513,65613,0.0,1609741,-0.5637016538120745,0.7978653140628564,0.6839042979169547,0.7916028024046546,1.6471216041768189,0.8880626886051931,0.3069938930292915,2.034269639279032,2.540346611217408,0.6790322357735631,-0.5720107101899763,0.8155924686742632,0.7939355263752848,0.792354299272012,-0.2245820074819891,-0.0287859418244843,-0.0205386156866362,-0.5755303222525602,-0.5808057215223646,-0.7153000377757179,-0.457312190109143,-0.5913307612918716,0.051861753699638,-0.0543042462948946,-0.7055364169948678,-0.4534368020373413,-0.0,0.9766005768767267,0,0.5,0.9685938615274804,3.546479029886467,0.5581737370419863,1.0,2131.3597883597886,0.3496566636608718,0.5774209524187802,0.04180216720893841,2320.206982543641,0.5587851608755123,0.22113023548103855,0.2955047899778924
1,4921760,22257291,1357,809279,1102372,1490,103,365377,1164,2,6275884,1400,8817612,29,1495,9366875,3,1.0,1.0,1,1,200000,70510000000,433209,65625,0.0,1102305,-0.5637016538120745,0.7978653140628564,0.6839042979169547,0.7916028024046546,1.435004228857864,0.4887893374441532,2.812670543218413,2.029800602369205,0.7301167281068635,3.074295166081402,-0.5720107101899763,0.8155924686742632,0.7939355263752848,0.792354299272012,-0.2274236828591156,2.2768283122353754,2.2811701855198234,-0.5755303222525602,-0.5808057215223646,-0.7153000377757179,-0.457312190109143,-0.5913307612918716,-0.0988934129528839,0.0548040610285869,-1.2252020060715354,-0.4533277085128969,-0.0,0.548272573488171,0,0.5,0.9685938615274804,3.546479029886467,0.5581737370419863,0.9959893048128342,38012.8275862069,0.08639796235158873,0.3314461905781351,0.016416058899530944,313.89776632302403,0.7341251410594609,0.22113023548103855,0.8577745025792188
1,4921760,22257291,1357,1352219,6221322,1276,104,428663,1081,2,6275884,1400,8817612,1273847,1275,8063152,3,1.0,1.0,1,1,350000,66522581510,1351072,65625,0.0,6218696,-0.5637016538120745,0.7978653140628564,0.6839042979169547,0.7916028024046546,2.699242041228038,4.504736963326003,2.3193726562446577,2.038738676188858,0.9328723683473724,2.813735764750405,-0.5720107101899763,0.8155924686742632,0.7939355263752848,0.792354299272012,4.751637177581801,1.8127522501190267,1.839347898008278,-0.5755303222525602,-0.5808057215223646,-0.7153000377757179,-0.457312190109143,-0.5913307612918716,0.353372087004682,0.0236364862717569,-1.1150268332061792,-0.4533277085128969,-0.0,4.867031080147488,0,0.5,0.9685938615274804,3.546479029886467,0.5581737370419863,1.0,4.883884799351884,0.1677035025876354,0.06890223653429287,0.019259441771238017,396.5430157261795,0.21735235694278482,0.22113023548103855,0.7966101694915254
1,4921761,22257295,1357,2,2,2,105,1,1,2,6275885,1400,8817614,1,0,0,3,1.0,1.0,1,1,70000,52057753964,4638438,43725,0.0,0,-0.5637016538120745,0.7978658023192642,0.6839046886548397,0.7916028024046546,-0.4494002800777408,-0.3760482140739071,-0.6173633624682593,2.0700219345576447,-0.4404746318861252,-0.576675722448109,-0.5720107101899763,0.8155928273528447,0.7939355263752848,0.7923548716691323,-0.227533128403214,-0.8767794735098126,-0.8931959484938483,-0.5755303222525602,-0.5808057215223646,-0.7153000377757179,-0.457312190109143,-0.5913307612918716,-0.4908568462494411,-0.089427541247614,-0.720429690362755,-0.6524233906239841,-0.0,-0.3821858484117771,0,0.5,0.9685938615274804,3.5464791021505335,0.5581737238470947,2.0,2.0,2.0,0.5,4.492908954120435e-08,1.0,1.0,0.22113024066940748,0.0007369196757553427
1,4921761,22257295,1357,25,25,18,106,11,9,2,6275885,1400,8817614,6,165,1057066,3,1.0,1.0,1,1,99226,51057753964,16979094,65613,0.0,19,-0.5637016538120745,0.7978658023192642,0.6839046886548397,0.7916028024046546,-0.4493467244920692,-0.3760301699837332,-0.5804812774608757,2.065552897647818,-0.4404425938934821,-0.5515615632836757,-0.5720107101899763,0.8155928273528447,0.7939355263752848,0.7923548716691323,-0.2275135845560536,-0.528722426922551,-0.5349639328197525,-0.5755303222525602,-0.5808057215223646,-0.7153000377757179,-0.457312190109143,-0.5913307612918716,-0.4027374362377089,-0.0972440207154689,0.7608740641974495,-0.4534368020373413,-0.0,-0.3821698104640076,0,0.5,0.9685938615274804,3.5464791021505335,0.5581737238470947,0.10843373493975904,4.166666666666667,2.3650345720753744e-05,0.44,4.94219984953248e-07,1.2222222222222223,1.0,0.22113024066940748,0.006632277081798084
1,4921761,22257295,1357,53921,53926,412,107,50979,412,2,6275885,1400,8817614,4,411,2633003,3,1.0,1.0,1,1,99245,76918858418,1317909,65625,0.0,53885,-0.5637016538120745,0.7978658023192642,0.6839046886548397,0.7916028024046546,-0.3238496877375422,-0.3337434523985532,0.3277400658459447,2.056614823828165,-0.2771513529906241,0.713564204624659,-0.5720107101899763,0.8155928273528447,0.7939355263752848,0.7923548716691323,-0.2275214020949178,-0.0098010120106337,-0.0008902911688173,-0.5755303222525602,-0.5808057215223646,-0.7153000377757179,-0.457312190109143,-0.5913307612918716,-0.4026801492743809,0.104898771265273,-1.1190075354000075,-0.4533277085128969,-0.0,-0.3367013844348572,0,0.5,0.9685938615274804,3.5464791021505335,0.5581737238470947,1.0,13481.5,0.020478890271340262,0.945351036605719,0.002290440055721057,123.73543689320388,0.9999072803471424,0.22113024066940748,0.3036109064112012
1,4921761,22257295,1357,99,100,32,108,26,14,2,6275885,1400,8817614,51,52,332421,3,1.0,1.0,1,1,99226,51557753964,13267955,65613,0.0,95,-0.5637016538120745,0.7978658023192642,0.6839046886548397,0.7916028024046546,-0.4491744152164303,-0.3759713305592534,-0.5482094530794152,2.0610838607379915,-0.4403945369045177,-0.5358652138059048,-0.5720107101899763,0.8155928273528447,0.7939355263752848,0.7923548716691323,-0.2273376899316097,-0.7670887679186755,-0.7805408778715801,-0.5755303222525602,-0.5808057215223646,-0.7153000377757179,-0.457312190109143,-0.5913307612918716,-0.4027374362377089,-0.0933357809815415,0.3154095658438123,-0.4534368020373413,-0.0,-0.3821056586729295,0,0.5,0.9685938615274804,3.5464791021505335,0.5581737238470947,0.6037735849056604,1.9607843137254901,0.0002978142240886584,0.26,1.1681563280713133e-06,1.8571428571428572,0.99,0.22113024066940748,0.010316875460574797
1,4921762,22257297,1357,340881,387977,1681,109,167249,1046,2,6275885,1400,8817616,191,1831,11112667,3,1.0,1.0,1,1,95000,82000000000,202257,48537,0.0,387187,-0.5637016538120745,0.7978662905756719,0.683904884023782,0.7916028024046546,0.3443377411454745,-0.0716718712396323,3.2529504329940546,2.074490971467472,0.0953543874695724,2.7038613184060094,-0.5720107101899763,0.8155928273528447,0.7939355263752848,0.7923554440662526,-0.2267904622111177,2.985599025285799,2.872806457150649,-0.5755303222525602,-0.5808057215223646,-0.7153000377757179,-0.457312190109143,-0.5913307612918716,-0.4154792629231801,0.1446154101142398,-1.2529242004770182,-0.6086768873217672,-0.0,-0.0553603282515898,0,0.5,0.9685938615274804,3.546479420830688,0.5581737106522091,0.9175764192139738,2031.2931937172775,0.03067499182014616,0.4310796774035574,0.007514344621451563,159.89388145315488,0.8786113609827386,0.22113026572813402,0.7708179808400885
1,4921762,22257297,1357,103103,174785,1213,110,7729,884,2,6275885,1400,8817616,24423,1312,8289891,3,1.0,1.0,1,1,250000,62009851122,353201,65625,0.0,102951,-0.5637016538120745,0.7978662905756719,0.683904884023782,0.7916028024046546,-0.2093292175419591,-0.2389264656890806,2.174149446528085,2.078960008377298,-0.4157156711716124,2.195299595326232,-0.5720107101899763,0.8155928273528447,0.7939355263752848,0.7923554440662526,-0.1320731613328099,1.8908014060204128,1.916188103825066,-0.5755303222525602,-0.5808057215223646,-0.7153000377757179,-0.457312190109143,-0.5913307612918716,0.051861753699638,-0.0116371781500099,-1.2348057216920707,-0.4533277085128969,-0.0,-0.2952846504738003,0,0.5,0.9685938615274804,3.546479420830688,0.5581737106522091,0.9238385376999239,7.156573721492037,0.012437194597951336,0.04422004176559773,0.0003472569018600956,8.743212669683258,0.5898847155076237,0.22113026572813402,0.6514369933677229
1,4921763,22257314,1358,2,2,2,111,1,1,2,6275894,1401,8817617,1,0,0,3,1.0,1.0,1,1,48804,72000000000,1920113,43737,0.0,0,-0.5637016538120745,0.7978667788320797,0.6839065446597927,0.7934552876207207,-0.4494002800777408,-0.3760482140739071,-0.6173633624682593,2.1415265251148705,-0.4404746318861252,-0.576675722448109,-0.5720107101899763,0.8155960554600781,0.7957319752289741,0.7923557302648128,-0.227533128403214,-0.8767794735098126,-0.8931959484938483,-0.5755303222525602,-0.5808057215223646,-0.7153000377757179,-0.457312190109143,-0.5913307612918716,-0.5547649764967783,0.0664506154356908,-1.0467223144027469,-0.6523142970995397,-0.0,-0.3821858484117771,0,0.5,0.9686162624821684,3.5464770437486677,0.558173760759425,2.0,2.0,2.0,0.5,4.492905118739844e-08,1.0,1.0,0.22113014175924373,0.0007363770250368188
1,4921763,22257314,1358,5,5,5,112,1,1,2,6275894,1401,8817617,2,22,135261,3,1.0,1.0,1,1,97584,47675272097,11766332,43725,0.0,1,-0.5637016538120745,0.7978667788320797,0.6839065446597927,0.7934552876207207,-0.4493932945665662,-0.3760458604969279,-0.6104479715293749,2.101305192926432,-0.4404746318861252,-0.576675722448109,-0.5720107101899763,0.8155960554600781,0.7957319752289741,0.7923557302648128,-0.227529219633782,-0.8303718672981777,-0.8473569747002594,-0.5755303222525602,-0.5808057215223646,-0.7153000377757179,-0.457312190109143,-0.5913307612918716,-0.4076882359105777,-0.1236831207792659,0.1351630872259854,-0.6524233906239841,-0.0,-0.382185004309263,0,0.5,0.9686162624821684,3.5464770437486677,0.558173760759425,0.21739130434782608,2.5,3.696529697919593e-05,0.2,4.492905118739844e-08,1.0,1.0,0.22113014175924373,0.0007363770250368188
1,4921763,22257314,1358,2,2,2,113,1,1,2,6275894,1401,8817617,1,0,0,3,1.0,1.0,1,1,90000,70000000000,2220630,48513,0.0,0,-0.5637016538120745,0.7978667788320797,0.6839065446597927,0.7934552876207207,-0.4494002800777408,-0.3760482140739071,-0.6173633624682593,2.1325884512952173,-0.4404746318861252,-0.576675722448109,-0.5720107101899763,0.8155960554600781,0.7957319752289741,0.7923557302648128,-0.227533128403214,-0.8767794735098126,-0.8931959484938483,-0.5755303222525602,-0.5808057215223646,-0.7153000377757179,-0.457312190109143,-0.5913307612918716,-0.4305547795884323,0.0508176564999809,-1.0106499240525766,-0.608895074370656,-0.0,-0.3821858484117771,0,0.5,0.9686162624821684,3.5464770437486677,0.558173760759425,2.0,2.0,2.0,0.5,4.492905118739844e-08,1.0,1.0,0.22113014175924373,0.0007363770250368188
1,4921763,22257314,1358,309448,543447,1349,114,466187,1344,2,6275894,1401,8817617,16218,1363,8591748,3,1.0,1.0,1,1,150000,47175272097,20461499,49170,0.0,543358,-0.5637016538120745,0.7978667788320797,0.6839065446597927,0.7934552876207207,0.2711458835622578,0.0502983330788023,2.4876471690908453,2.1102432667460844,1.0530917319409772,3.639363747281156,-0.5720107101899763,0.8155960554600781,0.7957319752289741,0.7923557302648128,-0.1641446145230755,1.9983826749655664,2.018485256089291,-0.5755303222525602,-0.5808057215223646,-0.7153000377757179,-0.457312190109143,-0.5913307612918716,-0.2496485796054059,-0.1275913605131934,1.178882604537544,-0.6029222039073234,-0.0,0.0764640054913731,0,0.5,0.9686162624821684,3.5464770437486677,0.558173760759425,0.9890029325513197,33.508879023307436,0.036016880846961426,0.8578334225784667,0.020945339585899718,346.8653273809524,0.5694170728700315,0.22113014175924373,0.9896907216494846
1,4921763,22257314,1358,13,13,9,115,4,4,2,6275894,1401,8817617,2,105,661325,3,1.0,1.0,1,1,97584,47675272097,12682825,43725,0.0,6,-0.5637016538120745,0.7978667788320797,0.6839065446597927,0.7934552876207207,-0.4493746665367674,-0.37603958429165,-0.601227450277529,2.0923671191067776,-0.4404650204883323,-0.5672579127614465,-0.5720107101899763,0.8155960554600781,0.7957319752289741,0.7923557302648128,-0.227529219633782,-0.6552886256815552,-0.6690776930909961,-0.5755303222525602,-0.5808057215223646,-0.7153000377757179,-0.457312190109143,-0.5913307612918716,-0.4076882359105777,-0.1236831207792659,0.2451738129060582,-0.6524233906239841,-0.0,-0.382180783796692,0,0.5,0.9686162624821684,3.5464770437486677,0.558173760759425,0.08490566037735849,6.5,1.9657476040560932e-05,0.3076923076923077,1.7971620474959376e-07,1.0,1.0,0.22113014175924373,0.0029455081001472753
1,4921763,22257314,1358,2,2,2,116,1,1,2,6275894,1401,8817617,1,0,0,3,1.0,1.0,1,1,250000,47675272097,9371653,43725,0.0,0,-0.5637016538120745,0.7978667788320797,0.6839065446597927,0.7934552876207207,-0.4494002800777408,-0.3760482140739071,-0.6173633624682593,2.150464598934524,-0.4404746318861252,-0.576675722448109,-0.5720107101899763,0.8155960554600781,0.7957319752289741,0.7923557302648128,-0.227533128403214,-0.8767794735098126,-0.8931959484938483,-0.5755303222525602,-0.5808057215223646,-0.7153000377757179,-0.457312190109143,-0.5913307612918716,0.051861753699638,-0.1236831207792659,-0.1522808698591546,-0.6524233906239841,-0.0,-0.3821858484117771,0,0.5,0.9686162624821684,3.5464770437486677,0.558173760759425,2.0,2.0,2.0,0.5,4.492905118739844e-08,1.0,1.0,0.22113014175924373,0.0007363770250368188
1,4921763,22257314,1358,67,67,27,117,22,22,2,6275894,1401,8817617,3,329,2098261,3,1.0,1.0,1,1,250000,47675272097,9894225,43725,0.0,44,-0.5637016538120745,0.7978667788320797,0.6839065446597927,0.7934552876207207,-0.4492489273356255,-0.3759972199060245,-0.5597351046442225,2.1191813405657376,-0.4404073521015749,-0.5107510546414713,-0.5720107101899763,0.8155960554600781,0.7957319752289741,0.7923557302648128,-0.2275253108643499,-0.1827748169812728,-0.1821104841611161,-0.5755303222525602,-0.5808057215223646,-0.7153000377757179,-0.457312190109143,-0.5913307612918716,0.051861753699638,-0.1236831207792659,-0.0895542315323075,-0.6524233906239841,-0.0,-0.3821487079011529,0,0.5,0.9686162624821684,3.5464770437486677,0.558173760759425,0.08181818181818182,22.333333333333332,3.193118876479677e-05,0.3283582089552239,9.884391261227658e-07,1.0,1.0,0.22113014175924373,0.016200294550810016
1,4921763,22257314,1358,75,75,19,118,25,19,2,6275894,1401,8817617,5,56,351894,3,1.0,1.0,1,1,250000,47675272097,9648394,43725,0.0,50,-0.5637016538120745,0.7978667788320797,0.6839065446597927,0.7934552876207207,-0.4492302993058267,-0.3759909437007467,-0.5781761471479143,2.096836156016604,-0.4403977407037819,-0.5201688643281338,-0.5720107101899763,0.8155960554600781,0.7957319752289741,0.7923557302648128,-0.2275174933254857,-0.7586510213347419,-0.7739416191297214,-0.5755303222525602,-0.5808057215223646,-0.7153000377757179,-0.457312190109143,-0.5913307612918716,0.051861753699638,-0.1236831207792659,-0.1190624183975187,-0.6524233906239841,-0.0,-0.3821436432860678,0,0.5,0.9686162624821684,3.5464770437486677,0.558173760759425,0.3333333333333333,15.0,0.00021313175805282825,0.3333333333333333,1.123226279684961e-06,1.3157894736842106,1.0,0.22113014175924373,0.013991163475699559
1,4921763,22257314,1358,2,2,2,119,1,1,2,6275894,1401,8817617,1,0,0,3,1.0,1.0,1,1,250000,47675272097,6961798,43725,0.0,0,-0.5637016538120745,0.7978667788320797,0.6839065446597927,0.7934552876207207,-0.4494002800777408,-0.3760482140739071,-0.6173633624682593,2.1549336358443503,-0.4404746318861252,-0.576675722448109,-0.5720107101899763,0.8155960554600781,0.7957319752289741,0.7923557302648128,-0.227533128403214,-0.8767794735098126,-0.8931959484938483,-0.5755303222525602,-0.5808057215223646,-0.7153000377757179,-0.457312190109143,-0.5913307612918716,0.051861753699638,-0.1236831207792659,-0.4415464696332413,-0.6524233906239841,-0.0,-0.3821858484117771,0,0.5,0.9686162624821684,3.5464770437486677,0.558173760759425,2.0,2.0,2.0,0.5,4.492905118739844e-08,1.0,1.0,0.22113014175924373,0.0007363770250368188
1,4921763,22257314,1358,36,36,14,120,12,12,2,6275894,1401,8817617,2,137,871556,3,1.0,1.0,1,1,250000,47675272097,7343041,43713,0.0,23,-0.5637016538120745,0.7978667788320797,0.6839065446597927,0.7934552876207207,-0.4493211109510959,-0.3760215402014762,-0.5897017987127217,2.114712303655911,-0.4404393900942179,-0.5421437535970131,-0.5720107101899763,0.8155960554600781,0.7957319752289741,0.7923557302648128,-0.227529219633782,-0.5877866530100863,-0.5978319289786503,-0.5755303222525602,-0.5808057215223646,-0.7153000377757179,-0.457312190109143,-0.5913307612918716,0.051861753699638,-0.1236831207792659,-0.3957841789333145,-0.6525324841484286,-0.0,-0.3821664340539509,0,0.5,0.9686162624821684,3.5464770437486677,0.558173760759425,0.10144927536231885,18.0,4.1305387943645685e-05,0.3333333333333333,5.391486142487813e-07,1.0,1.0,0.22113014175924373,0.008836524300441826
1,4921763,22257314,1358,8,8,3,121,3,2,2,6275894,1401,8817617,2,4,21640,3,1.0,1.0,1,1,250000,47675272097,6918073,43737,0.0,4,-0.5637016538120745,0.7978667788320797,0.6839065446597927,0.7934552876207207,-0.4493863090553917,-0.3760435069199487,-0.6150582321552979,2.1281194143853908,-0.4404682242875966,-0.5735364525525549,-0.5720107101899763,0.8155960554600781,0.7957319752289741,0.7923557302648128,-0.227529219633782,-0.8683417269258789,-0.885862309138134,-0.5755303222525602,-0.5808057215223646,-0.7153000377757179,-0.457312190109143,-0.5913307612918716,0.051861753699638,-0.1236831207792659,-0.4467949756014933,-0.6523142970995397,-0.0,-0.3821824720017204,0,0.5,0.9686162624821684,3.5464770437486677,0.558173760759425,0.6,4.0,0.00036966868444156926,0.375,1.3478715356219533e-07,1.5,1.0,0.22113014175924373,0.0014727540500736377
1,4921763,22257314,1358,4,4,3,122,3,3,2,6275894,1401,8817617,1,30,180906,3,1.0,1.0,1,1,97584,47675272097,11578910,43725,0.0,2,-0.5637016538120745,0.7978667788320797,0.6839065446597927,0.7934552876207207,-0.4493956230702911,-0.3760466450225876,-0.6150582321552979,2.123650377475564,-0.4404682242875966,-0.5703971826570007,-0.5720107101899763,0.8155960554600781,0.7957319752289741,0.7923557302648128,-0.227533128403214,-0.8134963741303104,-0.8318882146082272,-0.5755303222525602,-0.5808057215223646,-0.7153000377757179,-0.457312190109143,-0.5913307612918716,-0.4076882359105777,-0.1236831207792659,0.1126659920726011,-0.6524233906239841,-0.0,-0.3821841602067488,0,0.5,0.9686162624821684,3.5464770437486677,0.558173760759425,0.0967741935483871,4.0,2.211080831587501e-05,0.75,1.3478715356219533e-07,1.0,1.0,0.22113014175924373,0.0022091310751104565
1,4921763,22257314,1358,2,2,2,123,1,1,2,6275894,1401,8817617,1,0,0,3,1.0,1.0,1,1,250000,47675272097,9285928,43725,0.0,0,-0.5637016538120745,0.7978667788320797,0.6839065446597927,0.7934552876207207,-0.4494002800777408,-0.3760482140739071,-0.6173633624682593,2.145995562024697,-0.4404746318861252,-0.576675722448109,-0.5720107101899763,0.8155960554600781,0.7957319752289741,0.7923557302648128,-0.227533128403214,-0.8767794735098126,-0.8931959484938483,-0.5755303222525602,-0.5808057215223646,-0.7153000377757179,-0.457312190109143,-0.5913307612918716,0.051861753699638,-0.1236831207792659,-0.162570822383532,-0.6524233906239841,-0.0,-0.3821858484117771,0,0.5,0.9686162624821684,3.5464770437486677,0.558173760759425,2.0,2.0,2.0,0.5,4.492905118739844e-08,1.0,1.0,0.22113014175924373,0.0007363770250368188
1,4921763,22257314,1358,268,279,97,124,1,1,2,6275894,1401,8817617,43,914,5855038,3,1.0,1.0,1,1,73206,47675272097,10825586,43737,0.0,211,-0.5637016538120745,0.7978667788320797,0.6839065446597927,0.7934552876207207,-0.4487808980869306,-0.3758309004661614,-0.3983759827369194,2.105774229836258,-0.4404746318861252,-0.576675722448109,-0.5720107101899763,0.8155960554600781,0.7957319752289741,0.7923557302648128,-0.2273689600870664,1.0512456209190182,1.0910340471624556,-0.5755303222525602,-0.5808057215223646,-0.7153000377757179,-0.457312190109143,-0.5913307612918716,-0.4811904249636813,-0.1236831207792659,0.0222411662286337,-0.6523142970995397,-0.0,-0.3820077427812839,0,0.5,0.9686162624821684,3.5464770437486677,0.558173760759425,0.10601092896174863,6.488372093023256,4.577253883364398e-05,0.0035842293906810036,4.492905118739844e-08,1.0,0.9605734767025089,0.22113014175924373,0.0007363770250368188
1,4921763,22257314,1358,5,5,3,125,4,2,2,6275894,1401,8817617,1,1,1829,3,1.0,1.0,1,1,97584,47675272097,11845261,43725,0.0,3,-0.5637016538120745,0.7978667788320797,0.6839065446597927,0.7934552876207207,-0.4493932945665662,-0.3760458604969279,-0.6150582321552979,2.0834290452871245,-0.4404650204883323,-0.5735364525525549,-0.5720107101899763,0.8155960554600781,0.7957319752289741,0.7923557302648128,-0.227533128403214,-0.8746700368638292,-0.8925761136333307,-0.5755303222525602,-0.5808057215223646,-0.7153000377757179,-0.457312190109143,-0.5913307612918716,-0.4076882359105777,-0.1236831207792659,0.144637285683805,-0.6524233906239841,-0.0,-0.3821833161042346,0,0.5,0.9686162624821684,3.5464770437486677,0.558173760759425,1.5,5.0,0.00273224043715847,0.8,1.7971620474959376e-07,2.0,1.0,0.22113014175924373,0.0014727540500736377
1,4921763,22257314,1358,2,2,2,126,1,1,2,6275894,1401,8817617,1,0,0,3,1.0,1.0,1,1,60760,48000000000,6640084,60311,0.0,0,-0.5637016538120745,0.7978667788320797,0.6839065446597927,0.7934552876207207,-0.4494002800777408,-0.3760482140739071,-0.6173633624682593,2.087898082196951,-0.4404746318861252,-0.576675722448109,-0.5720107101899763,0.8155960554600781,0.7957319752289741,0.7923557302648128,-0.227533128403214,-0.8767794735098126,-0.8931959484938483,-0.5755303222525602,-0.5808057215223646,-0.7153000377757179,-0.457312190109143,-0.5913307612918716,-0.5187164010468271,-0.1211448917928268,-0.4801632300465112,-0.5016379575877059,-0.0,-0.3821858484117771,0,0.5,0.9686162624821684,3.5464770437486677,0.558173760759425,2.0,2.0,2.0,0.5,4.492905118739844e-08,1.0,1.0,0.22113014175924373,0.0007363770250368188
1,4921763,22257314,1358,2,2,2,127,1,1,2,6275894,1401,8817617,1,0,0,3,1.0,1.0,1,1,250000,47675272097,9189099,43713,0.0,0,-0.5637016538120745,0.7978667788320797,0.6839065446597927,0.7934552876207207,-0.4494002800777408,-0.3760482140739071,-0.6173633624682593,2.137057488205044,-0.4404746318861252,-0.576675722448109,-0.5720107101899763,0.8155960554600781,0.7957319752289741,0.7923557302648128,-0.227533128403214,-0.8767794735098126,-0.8931959484938483,-0.5755303222525602,-0.5808057215223646,-0.7153000377757179,-0.457312190109143,-0.5913307612918716,0.051861753699638,-0.1236831207792659,-0.1741936373497956,-0.6525324841484286,-0.0,-0.3821858484117771,0,0.5,0.9686162624821684,3.5464770437486677,0.558173760759425,2.0,2.0,2.0,0.5,4.492905118739844e-08,1.0,1.0,0.22113014175924373,0.0007363770250368188
2,14,14,3,15,15,8,1,1,1,25,6,8,54880,7,239,1525943,17,10.0,5.0,1,7,296173,62957366773,25624369,219930,0.0,8,0.0885738777085897,-1.60520870776023,-1.4902860365569308,-1.7166621801488018,-0.4493700095293177,-0.3760380152403305,-0.6035325805904905,-1.0136135332227203,-0.4404746318861252,-0.576675722448109,1.3618732076147009,-1.435430549951272,-1.70672127796024,-1.7155269823023789,-0.2275096757866215,-0.3726241151197791,-0.3760649115540766,3.255680296425104,2.4376410509779403,1.2985122219680731,-0.457312190109143,2.60802342565236,0.191078119896576,-0.0042309415184972,1.7986048231380984,0.949478648936935,-0.0,-0.3821790955916637,0,0.08,0.3333333333333333,2.3333333333333335,0.0002550973925402234,0.03333333333333333,2.142857142857143,9.829980654598072e-06,0.06666666666666667,0.07142857142857142,1.0,1.0,1.0,0.3333333333333333
6,59,59,13,1080,1084,44,1,59,13,31,1,12,73837,99,44,278156,9,6.0,6.0,4,7,572352,125799983527,348074,348074,0.0,1080,2.697676003791247,-1.6051867362218812,-1.490281640755726,-1.698137327988141,-0.4468901530623523,-0.3751993573100777,-0.5205478893238774,-1.0136135332227203,-0.4402888115287958,-0.5390044837014589,1.8663646644333125,-1.4354323433441794,-1.6995354825454825,-1.710101516197195,-0.2271500689988696,-0.7839642610865428,-0.7989308935664892,1.066417085752153,1.096109152088916,1.801965286904021,2.518542952437444,2.60802342565236,1.0237863433151135,0.4869770820454183,-1.2354211382752434,2.114452031970869,-0.0,-0.3812742176964561,0,0.1935483870967742,1.0,59.0,0.0007990465613911536,0.9777777777777777,10.94949494949495,0.003882699338862585,0.0544280442804428,1.0,4.538461538461538,0.996309963099631,1.0,1.0
3,2010298,3769969,636,414,423,118,1,3,3,18,465979,637,4105717,91,311,1994203,8,7.0,3.0,2,5,261282,56472884176,6193664,185623,0.0,373,0.740849409229254,-0.6236746633608234,-1.1220199758702845,-0.5440390383789806,-0.4484409365431025,-0.3757179287711601,-0.3499682461647284,-1.0136135332227203,-0.4404682242875966,-0.5703971826570007,0.7732998413263209,-1.2682960153000251,-0.5767549489896615,-0.5561832654103226,-0.2271813391543263,-0.2207446766089741,-0.2173749871221564,0.7927591844180342,1.431492126811172,0.2916060920961776,0.5346395240730525,1.5415720300042823,0.0858781495031131,-0.0549167665976101,-0.533749005560452,0.6375893536773427,-0.0,-0.3818709981739857,0,0.16666666666666666,0.9968652037617555,8.090426821809567,0.4896337254531363,0.3782051282051282,4.648351648351649,0.0002076016295223558,0.0070921985815602835,7.957625115750289e-07,1.0,0.9787234042553191,0.5332399284980858,0.0047169811320754715
3,1086804,1505266,679,50,52,19,1,1,1,17,285581,696,4484650,18,219,1401129,9,6.0,4.0,1,4,207100,70633170785,8462174,187484,8.2566864e+17,39,0.740849409229254,-1.0745765263804692,-1.3432462908886944,-0.4643821740881396,-0.449288511898948,-0.3760089877909205,-0.5781761471479143,-0.9599850903048012,-0.4404746318861252,-0.576675722448109,0.6892179318565523,-1.3330009140431192,-0.470764466621992,-0.4477331864086107,-0.2274666793228686,-0.4148128480394472,-0.4183634726697937,1.066417085752153,1.096109152088916,0.7950591570321254,-0.457312190109143,1.008346332180244,-0.0774861792882257,0.055766822940579,-0.2614496739643546,0.6545079410932666,-0.0,-0.3821529284137239,0,0.17647058823529413,0.9741750358680057,5.270889870124413,0.24233859000399363,0.08636363636363636,2.888888888888889,3.5685482432037e-05,0.019230769230769232,6.643344099979672e-07,1.0,0.9615384615384616,0.7220012941234307,0.0014727540500736377
13,54398,66628,138,17,17,4,1,5,2,93,19539,140,895116,5,8,50767,17,38.0,4.0,1,2,1653445,47071501105,4232890,1037177,0.0,10,7.263604724435896,-1.578655371281097,-1.4837788831912857,-1.4665766759798826,-0.449365352521868,-0.3760364461890111,-0.6127531018423364,-1.0046754594030674,-0.440461816689068,-0.5735364525525549,7.079443051558964,-1.4284244812190865,-1.4695900292732504,-1.4750526488975753,-0.2275174933254857,-0.8599039803419453,-0.8759913796781577,3.255680296425104,11.828364343201113,0.7950591570321254,-0.457312190109143,-0.0581050634678331,4.283393450952612,-0.1284024843415203,-0.7691094181709348,8.379174946573452,-0.0,-0.3821774073866353,0,0.13978494623655913,0.9787234042553191,3.4100005117969188,0.06077194377941655,0.4444444444444444,3.4,0.00033485660258430507,0.29411764705882354,7.50435252446419e-05,2.5,1.0,0.8164435372516059,0.014492753623188406
4,1558224,5478018,396,7628,7854,361,1,187,84,23,1185002,395,2530182,1057,655,4222955,8,4.0,5.0,5,7,322777,70633170785,12899196,227735,0.0,7805,1.3931249407499184,-0.8444026906384704,-0.955170112492667,-0.988635490234837,-0.4316431106720331,-0.3698881185936964,0.2101784198849096,-0.9912683486735874,-0.4398787252229653,-0.3161163211171121,1.1937093886751635,-1.0103978656034909,-1.0114955715824754,-1.007099113911145,-0.2234054678829312,0.5049015296093167,0.5379329325325031,0.7927591844180342,0.4253432026444036,1.2985122219680731,3.510494666619639,2.60802342565236,0.2712919289690499,0.055766822940579,0.2711457851154729,1.0204348954610003,-0.0,-0.3755976282885543,0,0.17391304347826086,1.0,4.622792197819075,0.6158542682485812,0.5503048780487805,7.430463576158941,0.0018063176599519388,0.023809523809523808,3.4136434016828715e-05,2.2261904761904763,0.9712248535777948,0.2844503249167856,0.21212121212121213
3,1558225,5478020,396,46289,47106,432,2,895,11,10,1185002,395,2530192,81,501,3218673,6,4.0,4.0,2,2,450000,54376644954,1261308,133433,0.0,46946,0.740849409229254,-0.8444022023820626,-0.9551699171237246,-0.988635490234837,-0.3416208281655991,-0.339093917397921,0.3738426721051742,-0.9867993117637608,-0.4376104353438407,-0.5452830234925673,0.1006445655681722,-1.0103978656034909,-1.0114955715824754,-1.007096251925543,-0.2272204268486472,0.1800482861278725,0.1975890323737502,0.2454433817497964,0.4253432026444036,0.7950591570321254,0.5346395240730525,-0.0581050634678331,0.654882420309726,-0.0713019774360853,-1.1258016048410375,0.1631234336144366,-0.0,-0.3425586117807948,0,0.3,1.0,4.62279388557994,0.615852229454433,0.8605577689243028,581.5555555555555,0.014381388111998916,0.01899970279794506,0.00016338019941511715,81.36363636363636,0.9826561372224345,0.28445040361298424,0.027777777777777776
1,1558226,5478021,396,710,740,227,3,53,37,14,1185002,395,2530193,187,515,3313258,8,4.0,3.0,3,4,297883,55975325709,18050510,220698,0.0,695,-0.5637016538120745,-0.8444017141256549,-0.9551698194392534,-0.988635490234837,-0.4477516994405469,-0.3754692341370253,-0.0987090420519278,-0.9823302748539342,-0.4403080343243815,-0.4636620062081586,0.4369722034472466,-1.0103978656034909,-1.0114955715824754,-1.007095965726983,-0.2268060972888461,0.2095803991716402,0.2296432042064781,0.7927591844180342,0.4253432026444036,0.2916060920961776,1.526591238255248,1.008346332180244,0.1962339465960922,-0.058805922138973,0.8894808857064419,0.9564606345013784,-0.0,-0.3815991971644178,0,0.07142857142857142,1.0,4.622794729460372,0.6158523812798544,0.43992248062015504,3.9572192513368982,0.0002142905218094933,0.07162162162162163,9.675026802562458e-06,1.4324324324324325,0.9594594594594594,0.2844505342348998,0.09343434343434344
4,1,1,1,2,2,1,1,1,1,120,1,0,20,1,0,168,11,19.0,8.0,4,5,2000000,50000000000,1663357,875900,0.0,1,22.33830790368868,-1.6545150457863627,-1.678911455985893,-1.261192049666504,-0.5719781873208957,-0.5702695154462089,-0.8096669579259836,-1.213082253961317,-0.1941863963160715,-0.5430710103035288,12.033035910656407,-1.586589430225623,-1.1744145876909309,-1.1643530800627442,-0.7032112207551815,-0.954869524056686,-0.9748609417307587,1.7325844175034433,4.199520242575713,7.295806578088952,6.614120566256488,1.344546941292187,1.6355472631284642,-0.7008189474657677,-1.6398351773304087,1.2176362365260627,0.0,-0.5544025326137253,1,0.03333333333333333,1.0,1.0,0.047619047619047616,1.0,2.0,0.011834319526627219,0.5,1.0,1.0,1.0,1.0,1.0
4,1,1,1,2,2,1,1,1,1,115,1,0,13,1,0,161,11,19.0,8.0,4,5,2000000,50000000000,1645960,866970,0.0,1,22.33830790368868,-1.6563507171422711,-1.680677428448921,-1.261192049666504,-0.5723354086901477,-0.5706093096877755,-0.8096669579259836,-1.2149977722202756,-0.26532974951221117,-0.5430710103035288,11.329795161157948,-1.586589430225623,-1.1744145876909309,-1.1643736387039325,-0.7032112207551815,-0.954869524056686,-0.974864006608861,1.7325844175034433,4.199520242575713,7.295806578088952,6.049115615489553,1.344546941292187,1.6355472631284642,-0.7008189474657677,-1.6420769609809691,1.1952091245530794,0.0,-0.5547560898097681,1,0.034782608695652174,1.0,1.0,0.07142857142857142,1.0,2.0,0.012345679012345678,0.5,1.0,1.0,1.0,1.0,1.0
20,1,2,1,12,12,4,1,2,1,1172,1,0,126,2,12,79465,24,23.24850649921419,10.772943220765761,4,8,6577233,24780487785,3560861,3028801,0.0,10,20.361434967705176,-0.4100209950073525,-0.38924915164822543,-1.1614443651646673,-0.7130140263329148,-0.6817522017689297,-1.0832478997996478,-1.2843193858189006,-0.32363013690440523,-0.8681540878661731,3.3923250664238385,-0.3017889551138765,-1.592166168011059,-1.5798711277097945,-0.709861192225002,-0.7996794560479297,-0.8247754883876887,0.7664688078285304,1.9314322315820043,4.9353215062291795,9.449865302759298,5.0338653970696825,6.122685675474241,0.03885415734335662,-1.6805932992030623,3.9822525607785684,0.0,-0.6799839110740911,1,0.017064846416382253,1.0,2.0,0.007874015748031496,0.3076923076923077,6.0,0.00015100797825485113,0.16666666666666666,1.0,2.0,1.0,0.5,1.0
23,2,2,1,6,7,1,1,2,1,1352,1,0,143,2,0,250,20,30.83331717691158,11.132348664476595,4,8,8264697,44177359158,4648492,3790426,0.0,6,21.526010425357292,-1.348130069374852,-1.3427361173648582,-1.2449967270553053,-0.7116555189385574,-0.7207027800503596,-1.1094516339776377,-1.0801548414322306,-0.3492705157608932,-0.6235544607587203,9.802887966767717,-1.1976604091482241,-1.0547537374231277,-1.0470049899866063,-0.8933459162960422,-1.1224418399950362,-1.1471511093872757,1.1439187343334796,4.21817019157298,5.673722407958671,3.786197944274181,3.492249010797826,7.418138853745795,-0.6613163822929998,-1.2177467411504914,4.692672944881086,0.0,-0.7074617566862522,1,0.017011834319526627,1.0,2.0,0.013888888888888888,1.0,3.5,0.02390438247011952,0.2857142857142857,1.0,2.0,0.8571428571428571,1.0,1.0
3,1,1,1,8,8,4,1,1,1,63,1,0,0,1,13,88974,17,12.018423785145039,8.0,4,5,913977,27503809974,784157,374442,0.0,6,20.928127119250732,-0.5679444127423745,-0.5710918427060132,-1.165432412639641,-0.5923690880758024,-0.5468069622027673,-0.8188532879658356,-1.4297072123921977,-0.36449492208816003,-0.8276618721381379,2.7883992423655535,-0.5321342205556008,-1.7615506604597266,-1.7467412718530233,-0.5219534809430223,-0.6145556559948031,-0.6355953330568095,1.2336721194127962,1.638102210663238,6.259265866620957,11.177836243568464,3.3492439920201393,0.9270150398886832,0.0892715082698643,-2.110109028906507,0.8117130311608545,0.0,-0.5441752982065732,1,0.047619047619047616,1.0,1.0,1.0,0.2857142857142857,8.0,8.991289688114639e-05,0.125,1.0,1.0,1.0,1.0,1.0
43,3,4,1,11,12,1,1,4,1,2662,1,0,300,3,0,365,30,43.214093525816224,14.409612992127823,5,11,14819225,38085338388,7841563,6875634,0.0,11,20.67613263896427,-1.0202024369771672,-0.9839196514648128,-1.2280521404994045,-0.8563611025368132,-0.8767318602542113,-1.423105613798793,-0.9333891630709399,-0.22597518926923804,-0.7077614151550817,10.292222799666852,-0.7907378908409411,-0.9295568714271726,-0.9241453642112061,-1.0922770449445227,-1.297766758180165,-1.3273998452445517,0.5280188933469954,4.237682965886523,3.9765937812819856,3.0952534196180186,5.739312838218096,13.468257525471888,-0.6199862618119638,-0.7671326704417386,8.418497169437423,0.0,-0.8661830427485582,1,0.016153268219383923,1.0,4.0,0.009966777408637873,1.0,4.0,0.030054644808743168,0.3333333333333333,1.0,4.0,0.9166666666666666,0.75,1.0
45,3,4,1,14,15,2,1,4,1,2825,1,0,314,4,4,27539,33,42.7982892376376,14.864758212528798,5,12,15397367,30359057329,8011860,7148554,0.0,14,20.12681294821613,-0.6427933202842783,-0.5957048581025834,-1.1964118031505524,-0.8827815876705484,-0.8913085617590637,-1.4694753015366913,-0.9797279942605309,-0.2783625452552478,-0.8064951721216493,7.360577941374032,-0.41173059122035044,-1.0917389820675707,-1.0852050152824904,-1.06446874750942,-1.2180343923013157,-1.2486726470246572,0.28989586982207105,3.457010079178212,3.423882110404029,4.256686292491353,6.664499752046868,14.091798558282573,-0.3726054795138082,-0.8489289083181798,8.806298314925044,0.0,-0.8851848907292208,1,0.01592920353982301,1.0,4.0,0.009523809523809525,0.4,3.75,0.0005083514887436456,0.26666666666666666,1.0,4.0,0.9333333333333333,0.75,1.0
21,1,2,1,6,6,1,1,2,1,1270,1,0,134,2,0,243,19,30.063589737415104,10.92859728343341,4,7,7857194,44556107260,4451047,3599166,0.0,5,21.578848327760973,-1.368404626718886,-1.36493536376405,-1.2460501919476061,-0.7026369952528877,-0.7109813348785026,-1.0899513968380679,-1.0891614277402757,-0.3525530270819949,-0.6183192152806738,9.815789756865817,-1.2229592611154385,-1.0625373739561128,-1.0546420509946384,-0.8809781338585307,-1.111541683449804,-1.1359446444844536,1.1822099524468541,4.216957059424675,5.779234892434137,3.8639628457431243,3.352546407542386,7.041995854098637,-0.6638859245345704,-1.245623839561785,4.462415726458021,0.0,-0.697572086017441,1,0.01653543307086614,1.0,2.0,0.007407407407407408,1.0,3.0,0.02459016393442623,0.3333333333333333,1.0,2.0,1.0,0.5,1.0
4,1,1,1,2,2,1,1,1,1,109,1,0,6,1,0,154,11,19.0,8.0,4,5,2000000,50000000000,1628276,857893,0.0,1,22.33830790368868,-1.6582165157637345,-1.682472384270645,-1.261192049666504,-0.572698492820737,-0.5709546806745023,-0.8096669579259836,-1.2169447282020474,-0.3376407162287791,-0.5430710103035288,10.61501273741528,-1.586589430225623,-1.1744145876909309,-1.1643945347560853,-0.7032112207551815,-0.954869524056686,-0.9748671217881221,1.7325844175034433,4.199520242575713,7.295806578088952,5.4748377335212215,1.344546941292187,1.6355472631284642,-0.7008189474657677,-1.6443555370623424,1.1724139360418475,0.0,-0.5551154496302838,1,0.03669724770642202,1.0,1.0,0.14285714285714285,1.0,2.0,0.012903225806451613,0.5,1.0,1.0,1.0,1.0,1.0
39,2,4,1,13,14,2,1,4,1,2414,1,0,267,3,6,40459,31,37.93421465903023,13.846696091424931,5,11,13202878,28971083934,6904431,6123541,0.0,13,20.185187970376106,-0.5848785104302774,-0.5443377423238813,-1.1877117460470077,-0.840542648730752,-0.8391699893231581,-1.373380172936698,-1.0555117134130634,-0.28962532728825174,-0.8218361899032934,6.373258635129536,-0.3843766137122031,-1.2162475347282458,-1.2082801867332307,-0.9762407800624456,-1.1139457874563339,-1.1432051121237423,0.40846937744747513,3.0774393941498377,3.7999350845319486,5.548772774677946,6.258790531685067,12.109047143294394,-0.2702324564199794,-1.0558507793058043,7.6060538604091805,0.0,-0.8341299566667497,1,0.01615575807787904,1.0,4.0,0.007462686567164179,0.2857142857142857,4.666666666666667,0.0003213049925852694,0.2857142857142857,1.0,4.0,0.9285714285714286,0.5,1.0
5,1,1,1,11,11,5,1,1,1,56,1,0,1791,2,15,99163,17,9.24611705247089,11.015531790116441,3,5,1220051,21603106358,1062869,801664,2.0750554250209903e+19,8,22.032618397379487,-0.5352876911392537,-0.529172278461792,-1.371900428938902,-0.5609632505858437,-0.5180336184397264,-0.7659652962740822,-1.459283437788593,-0.4340157025259931,-0.8996231782060529,5.096090530746782,-0.486339254568692,-2.0437096373341603,-2.0318194917627332,-0.502390111172955,-0.5297281506541431,-0.5535632688949943,2.705678687921683,1.9207632874562126,9.166055713310648,13.762391512413991,3.8849830413875965,2.2900236111654735,0.3423673913790076,-0.8952549208034126,2.4020280315734244,0.0,-0.5959039929971165,1,0.08928571428571429,1.0,1.0,0.0005580357142857143,0.3125,5.5,0.00011092735266830705,0.09090909090909091,1.0,1.0,1.0,1.0,1.0
4,1,1,1,2,2,1,1,1,1,111,1,0,8,1,0,156,11,19.0,8.0,4,5,2000000,50000000000,1633600,860626,0.0,1,22.33830790368868,-1.6576548109709492,-1.6819320069350088,-1.261192049666504,-0.5725891851527014,-0.5708507056065063,-0.8096669579259836,-1.2163585907198333,-0.31587126259729914,-0.5430710103035288,10.830200329793264,-1.586589430225623,-1.1744145876909309,-1.1643882439310684,-0.7032112207551815,-0.954869524056686,-0.9748661839531911,1.7325844175034433,4.199520242575713,7.295806578088952,5.647725972895702,1.344546941292187,1.6355472631284642,-0.7008189474657677,-1.6436695642617896,1.1792765022866216,0.0,-0.5550072631780075,1,0.036036036036036036,1.0,1.0,0.1111111111111111,1.0,2.0,0.012738853503184714,0.5,1.0,1.0,1.0,1.0,1.0
3,1,1,1,5,5,3,1,1,1,82,1,0,0,1,7,49579,14,15.114777430019245,8.0,4,5,1395632,37480949496,1151793,585398,0.0,4,21.553547264709493,-1.052194491652664,-1.0646766090817512,-1.20790214898787,-0.5837833847701567,-0.5576480896139248,-0.8147791182330192,-1.3360877692782318,-0.38012350184744553,-0.7014448224030746,5.987316053235755,-0.999788820511321,-1.5011537439172127,-1.4884764004907602,-0.6023419270556454,-0.765486055283804,-0.7860647528597313,1.4549414811048729,2.7741001307723825,6.718975323517734,8.429831454514481,2.4601537881944378,1.2412515768001258,-0.26113639205385497,-1.904413475093767,0.9630039576778423,0.0,-0.5491641505376728,1,0.036585365853658534,1.0,1.0,1.0,0.375,5.0,0.0001008471157724889,0.2,1.0,1.0,1.0,1.0,1.0
3,1,1,1,10,10,5,1,1,1,56,1,0,0,1,16,103928,18,10.843072910452833,8.0,4,5,731144,23716568267,644606,294364,0.0,7,20.690722675403705,-0.3841269877660032,-0.3837310456423947,-1.1493112431965213,-0.595628151815774,-0.5426917576600151,-0.8203998099424313,-1.4652443980539043,-0.35856243923992925,-0.8755728464071004,1.5741162169275336,-0.35461630556494417,-1.860395230146414,-1.8447765343820353,-0.491438675048666,-0.5572636935228684,-0.5784783546804659,1.1496800540239172,1.2068865608426398,6.084763863866082,12.22095670166594,3.686735463795891,0.8077333844710191,0.22228352155404932,-2.188189402411105,0.7542842154604567,0.0,-0.5422815700916419,1,0.05357142857142857,1.0,1.0,1.0,0.29411764705882354,10.0,9.621953448989213e-05,0.1,1.0,1.0,1.0,1.0,1.0
24,2,3,1,7,8,1,1,3,1,1434,1,0,167,2,0,272,20,31.50233730402074,11.309442227534902,5,8,8618884,43848164575,4857977,3976103,0.0,7,21.4800855714825,-1.3265121509201845,-1.3195970507243637,-1.244081092273449,-0.7187164860383396,-0.7284126381469099,-1.126400557012404,-1.068156833860736,-0.19154897702625057,-0.6281047527392966,11.322524663093612,-1.1756715332288556,-1.0479884732069067,-1.0403223709791214,-0.9040955595513417,-1.131915874235223,-1.1568847043383754,1.1106373488782175,4.219224603540664,5.582014652520517,4.948539129836079,3.6136736198108226,7.745069172872492,-0.6590830261868533,-1.1886369142724544,4.941624939257649,0.0,-0.7152878705876909,1,0.016736401673640166,1.0,3.0,0.011904761904761904,1.0,4.0,0.02564102564102564,0.375,1.0,3.0,0.875,0.6666666666666666,1.0
18,1,2,1,5,5,1,1,2,1,1055,1,0,109,2,0,226,18,28.016880501178665,10.386821309135529,4,7,6773642,45563200420,3926039,3090602,0.0,4,21.719344583089637,-1.422314779387713,-1.4239632745689919,-1.248851360535975,-0.6786566942040493,-0.6851319619682407,-1.0381001655912427,-1.1131099872403698,-0.3612812416345959,-0.6043986705214899,9.8500956833572,-1.290229039131079,-1.083234103689418,-1.0749490356502267,-0.848092136494092,-1.0825581109112654,-1.1061465964414094,1.2840264991333723,4.213731334778122,6.059793133485616,4.070740120301011,2.9810764641086074,6.041829675760081,-0.6707183506231642,-1.3197491881854362,3.8501605936997567,0.0,-0.6712754006421169,1,0.017061611374407582,1.0,2.0,0.00909090909090909,1.0,2.5,0.022026431718061675,0.4,1.0,2.0,1.0,0.5,1.0
4,1,1,1,2,2,1,1,1,1,109,1,0,6,1,0,154,11,19.0,8.0,4,5,2000000,50000000000,1627706,857601,0.0,1,22.33830790368868,-1.658276674743807,-1.682530259064992,-1.261192049666504,-0.5727101997491941,-0.5709658164777284,-0.8096669579259836,-1.2170075039404158,-0.3399722400897555,-0.5430710103035288,10.59196599427195,-1.586589430225623,-1.1744145876909309,-1.1643952085078881,-0.7032112207551815,-0.954869524056686,-0.9748672222309056,1.7325844175034433,4.199520242575713,7.295806578088952,5.456321280963087,1.344546941292187,1.6355472631284642,-0.7008189474657677,-1.6444290052338246,1.1716789503495981,0.0,-0.555127036475741,1,0.03669724770642202,1.0,1.0,0.14285714285714285,1.0,2.0,0.012903225806451613,0.5,1.0,1.0,1.0,1.0,1.0
57,3,5,1,14,16,1,1,5,1,3591,1,0,401,4,0,435,37,52.08235886158315,16.75709499277201,5,13,19514189,33721665619,10100765,9071190,0.0,15,20.06737099911974,-0.7882614909118552,-0.7297411843350129,-1.2159148491577438,-0.9605870578958132,-0.989040739565947,-1.6477738121641874,-0.8313416613458765,-0.25204308027503597,-0.7680782800801013,9.512067362022092,-0.4992620769056757,-0.8398792134540668,-0.8361749093604036,-1.2347700504461034,-1.423350796742893,-1.4565157083725353,0.08685405390556244,4.2516598325363075,2.7609521651061026,1.6919259331209187,7.348869273645507,17.80191610888469,-0.5903817794712849,-0.44796521138156975,11.051221492917831,0.0,-0.9804424586095597,1,0.015873015873015872,1.0,5.0,0.007462686567164179,1.0,4.0,0.03211009174311927,0.3125,1.0,5.0,0.875,0.6,1.0
25,2,3,1,7,8,1,1,3,1,1525,1,0,177,2,0,279,21,32.36532263866985,11.537879522000843,5,8,9075759,43423528475,5077824,4189756,0.0,7,21.42084598543133,-1.303941599929595,-1.2948625303631007,-1.242899992697191,-0.7288588834023255,-0.7393415979972664,-1.1482633850865043,-1.058226425365725,-0.1940856859305844,-0.6339742850425721,11.246606467601781,-1.1473075473412713,-1.039261794341724,-1.031761822828575,-0.9179617858517646,-1.1441366614401958,-1.1694491791405242,1.0677068802706424,4.220584715184422,5.463718588157417,4.811979047936785,3.770302176408226,8.166784543496107,-0.6562021658232324,-1.1575782093242304,5.1978196284461085,0.0,-0.726406640324534,1,0.01639344262295082,1.0,3.0,0.011235955056179775,1.0,4.0,0.025,0.375,1.0,3.0,0.875,0.6666666666666666,1.0
4,1,1,1,11,11,5,1,1,1,55,1,0,1282,2,16,103563,18,9.460232775885567,10.159068896457732,3,5,1043946,21431813779,915645,641268,1.4857039946561815e+19,8,21.603131944540323,-0.45490742646865656,-0.44969457178843686,-1.305397002322268,-0.5714726283213378,-0.524198588064048,-0.7817406980720218,-1.4682162314054688,-0.41137708874021445,-0.9025530866777621,3.848410628647656,-0.4127630079642177,-2.0117822060419996,-1.9986682127782252,-0.4930631159828949,-0.5258769694271055,-0.5490034812497424,2.246637112351557,1.6301610325370675,8.25536558200514,13.537106209104342,3.8974324394778708,1.844727153781033,0.33535924923863164,-1.2783773989391527,1.9223408183456243,0.0,-0.5802885047124873,1,0.07272727272727272,1.0,1.0,0.000779423226812159,0.29411764705882354,5.5,0.00010621451469622649,0.09090909090909091,1.0,1.0,1.0,1.0,1.0
3,1,1,1,7,7,4,1,1,1,71,1,0,0,1,11,72417,16,13.319752366024634,8.0,4,5,1116405,31696979846,938666,463102,0.0,5,21.190977298425413,-0.771463952256977,-0.7785345437795274,-1.1832814983937383,-0.5887607079035037,-0.5513632469709658,-0.8171410050276624,-1.3903610423408808,-0.37106326661591854,-0.774615652922693,4.132832841135155,-0.7286790493123679,-1.6521116270887632,-1.6381982896593472,-0.555738957182803,-0.6779883464574992,-0.6988342840926713,1.326666711590455,2.115536874402322,6.45247152843247,10.022910940281527,2.975579150753129,1.0590816684265547,-0.05799713993901623,-2.0236597618534695,0.8752972432001448,0.0,-0.5462720019002856,1,0.04225352112676056,1.0,1.0,1.0,0.3333333333333333,7.0,9.666105111988732e-05,0.14285714285714285,1.0,1.0,1.0,1.0,1.0
47,3,4,1,12,13,1,1,4,1,2952,1,0,327,4,0,382,32,46.02358432041605,15.153301731874835,5,12,16306603,36702914880,8544994,7564884,0.0,12,20.483275280902284,-0.9480196842317095,-0.9046427535518277,-1.2242070132953002,-0.8896325235195037,-0.9125516626600763,-1.4942811155737765,-0.9024134162860376,-0.2844914507171289,-0.7268699634844273,9.548276232583257,-0.6983975531204526,-0.9011467432885196,-0.8962906059714854,-1.137419220115687,-1.3375521262236374,-1.3683062701277193,0.3882566615706242,4.24211087559639,3.591475181322635,2.2515383140104044,6.249224733894495,14.841172457091247,-0.6106074805660329,-0.6676032093955055,9.23670824892925,0.0,-0.9026305030658743,1,0.01592140921409214,1.0,4.0,0.009146341463414634,1.0,3.25,0.031331592689295036,0.3076923076923077,1.0,4.0,0.9230769230769231,0.75,1.0
11,4,4,1,8,9,2,2,4,1,102,1,0,5920,1,0,6010,10,12.03691930347269,17.947258137896156,3,3,3349041,37565927327,2821632,2423470,6.844932635357356e+19,6,26.42236986817162,-1.890146766731912,-1.89048503506108,-1.9721893096613807,-0.4627445145527924,-0.4833885785863403,-0.632335803933754,-1.2468948260556179,-0.5169596111455126,-0.691508629306901,21.084639753803355,-1.765061293412188,-1.9216755829176622,-1.922769883096429,-0.6953240474700615,-0.7814048539942311,-0.810296242869867,6.744173383372404,5.932412321303657,17.208296408573297,12.548662439578962,2.4852750171117854,6.3530969695431425,-0.11285421635420506,2.50991979365714,6.544189286700449,0.0,-0.7289637457789973,1,0.10784313725490197,1.0,4.0,0.0006755615605472049,2.0,9.0,0.0013308933621693562,0.4444444444444444,1.0,4.0,0.8888888888888888,1.0,1.0
35,3,4,1,9,11,1,1,4,1,2180,1,0,248,3,0,328,26,38.61473207729621,13.192134961637233,5,10,12384269,40348476392,6669869,5736950,0.0,10,20.991855580444867,-1.1404943097703257,-1.1157446023992121,-1.234346921696483,-0.8023062425542216,-0.8184849415755866,-1.3065856168042647,-0.9863142084525964,-0.21245556075150152,-0.676479191097931,10.696835957697296,-0.9419064194124778,-0.9760665266143667,-0.9697696101409836,-1.0183756886618576,-1.2326349242029728,-1.2604362959167983,0.7568208606027451,4.230434123051291,4.607063774337554,3.82306321067284,4.904546225128039,11.220685822896872,-0.6353400778769783,-0.9326629575095962,7.0530834949998695,0.0,-0.8069245144406589,1,0.016055045871559634,1.0,4.0,0.012048192771084338,1.0,3.6666666666666665,0.02735562310030395,0.36363636363636365,1.0,4.0,0.8181818181818182,0.75,1.0
3,1,1,1,7,7,3,1,1,1,87,1,0,12,1,9,58270,15,14.432659244369775,8.0,4,5,1289524,35283013120,1100304,554067,0.0,5,21.415768928053673,-0.9424028613324816,-0.9529467582889599,-1.198546182962858,-0.5850690663140495,-0.5546836442687917,-0.8156766466115289,-1.3534638111103772,-0.2560457745904022,-0.7292500910634663,6.475059269013271,-0.8967657993003884,-1.55851846792241,-1.5453365803870616,-0.5846325736359231,-0.7322365037370052,-0.752911556839935,1.40619644973965,2.5238429156609277,6.617702595454699,9.99326449619011,2.6560179129904746,1.1720261326143038,-0.18394249606534752,-1.9459263411247858,0.9677036942281996,0.0,-0.547465608021535,1,0.034482758620689655,1.0,1.0,0.07692307692307693,0.3,7.0,0.0001201283657393901,0.14285714285714285,1.0,1.0,1.0,1.0,1.0
48,3,5,1,12,14,1,1,5,1,2992,1,0,336,4,0,390,32,46.36173841486649,15.2428131098176,5,12,16485626,36536524525,8643429,7654911,0.0,13,20.46006270964243,-0.937878813833022,-0.8937031860484049,-1.2237442086083263,-0.8933543907697443,-0.916594049371941,-1.5028478947908637,-0.8971690811176223,-0.23522755833873243,-0.7291698940871517,10.0153194614161,-0.6872833457547839,-0.897727262017247,-0.8929216984643343,-1.1428525930941174,-1.3423407466843191,-1.3732273967760784,0.3714346911923788,4.242643824770357,3.545121788147049,2.5971654144338165,6.310598416151576,15.00641834661386,-0.6094786378286363,-0.6538494314738983,9.352939357094947,0.0,-0.9067375427261627,1,0.016042780748663103,1.0,5.0,0.008902077151335312,1.0,3.5,0.030690537084398978,0.35714285714285715,1.0,5.0,0.8571428571428571,0.6,1.0
3,1,1,1,8,8,4,1,1,1,66,1,0,0,1,13,82873,16,12.497930962646452,8.0,4,5,988567,29048888657,841090,407111,0.0,6,21.024980865010008,-0.6429362951869082,-0.6475293124938482,-1.1720093562776135,-0.5910394898350556,-0.5484858396832072,-0.8182223543408995,-1.4152091284923995,-0.3669151934874353,-0.8081156612680696,3.283789545595762,-0.6045560957640544,-1.7212251018181701,-1.7067458857576099,-0.5344025876408312,-0.6379290228846082,-0.658897311792157,1.267938310959795,1.8140249955882597,6.330457341959116,10.752275028252836,3.2115578026901934,0.975678303896547,0.03500667856070827,-2.078254626681937,0.835142229978576,0.0,-0.544947881307414,1,0.045454545454545456,1.0,1.0,1.0,0.2857142857142857,8.0,9.653208485170259e-05,0.125,1.0,1.0,1.0,1.0,1.0
15,5,5,2,11,12,3,3,5,2,93,1,1,8550,2,1,8614,10,8.930813074171981,22.384552751182884,2,2,3950824,32019309061,3334021,3111609,9.898335119753481e+19,8,28.244197139979228,-1.9957112293309616,-1.985300375911275,-2.2893525186684562,-0.4141055413982566,-0.4447164587083959,-0.5532315358561124,-1.262451081959214,-0.6785130579817832,-0.7577240062561995,24.948721623458823,-1.8446744115360616,-2.255015398057932,-2.261091182630992,-0.691805720002637,-0.7040253555039582,-0.736887619875356,8.979753923655924,6.705424600642478,21.630081499431544,15.056418197850448,2.994133486037555,8.457511835428345,0.14942637373367934,4.36049789835146,8.914730934318673,0.0,-0.8069197096009907,1,0.16129032258064516,1.0,5.0,0.0005847269325225119,1.5,6.0,0.0012768427161926872,0.4166666666666667,1.0,2.5,0.9166666666666666,1.0,1.0
3,1,1,1,10,10,5,1,1,1,53,1,0,0,1,17,111871,18,10.218843697883084,8.0,4,5,634042,21705163026,571947,252583,0.0,7,20.56463710195144,-0.28634782170585704,-0.2840758284778996,-1.1407492851260708,-0.5973291364659753,-0.5404777250753255,-0.8212211682418625,-1.4839578489984393,-0.3494558658711137,-0.9010183796392052,0.988082559866476,-0.26033648608494436,-1.9128916116363028,-1.8968413715053534,-0.4752322522133225,-0.5268359145587385,-0.5481432532445191,1.1050718421539623,0.977867796036977,5.992085796306006,12.822258197527873,3.865977288694139,0.7443828604371782,0.2929262428915793,-2.229470239957811,0.7256612595846541,0.0,-0.5412462121457656,1,0.05660377358490566,1.0,1.0,1.0,0.2777777777777778,10.0,8.938787185354691e-05,0.1,1.0,1.0,1.0,1.0,1.0
39,2,4,1,10,11,1,1,4,1,2417,1,0,265,3,0,338,28,40.946058060843704,13.80925066316451,5,10,13618501,39201336187,7242542,6303227,0.0,10,20.831821822429912,-1.0817613076080062,-1.0510806363020486,-1.2311562207416327,-0.8301416070120737,-0.8484239070309073,-1.365647314745754,-0.9618255875841256,-0.3061446185464325,-0.6923355360675261,9.633383212868964,-0.8652820613362346,-0.9524916958824547,-0.9466686694579645,-1.055834834686708,-1.2656489716107908,-1.2943825447915445,0.6408456372330413,4.2341084191120775,4.28749091773364,2.764516426808241,5.327673025897527,12.359935775036488,-0.6275575300734142,-0.8514951846076918,7.7178107626138495,0.0,-0.8373930437487682,1,0.016135705419942078,1.0,4.0,0.007518796992481203,1.0,3.6666666666666665,0.029498525073746312,0.36363636363636365,1.0,4.0,0.9090909090909091,0.5,1.0
17,5,5,2,12,13,3,3,5,2,85,1,1,9775,2,1,9826,10,7.479549511698686,24.457786411859022,2,2,4231995,29427766985,3562816,3427682,1.132497395308378e+20,9,29.095408058573522,-2.046153354620989,-2.0306776977129406,-2.437540434537868,-0.3915978127765451,-0.4268549086581049,-0.5162717111037418,-1.270887431559199,-0.7973761419497197,-0.7886617645773583,26.325323258166662,-1.8818719858939974,-2.4107614968459217,-2.4191773123432343,-0.6901618546363607,-0.6678713934848701,-0.702590835730414,10.02428245538559,7.06659851793037,23.69606865818206,15.883595748612068,3.231887026931157,9.440755932612328,0.2719715268736079,5.223775088868449,10.008642011496292,0.0,-0.843558599208405,1,0.2,1.0,5.0,0.0005114566284779051,1.5,6.5,0.0012211254706421084,0.38461538461538464,1.0,2.5,0.9230769230769231,1.0,1.0
3,1,1,1,3,3,1,1,1,1,119,1,0,23,1,1,6989,11,18.46412725917623,8.0,4,5,1916642,48273298946,1605798,842504,0.0,2,22.230069102197707,-1.570067949903456,-1.592873145625824,-1.2538419932358815,-0.573339535172616,-0.5682748202985858,-0.810372057133537,-1.228616737463005,-0.16667788672157582,-0.5649148576599784,11.724594009411796,-1.5056544399179195,-1.2194803732483055,-1.2090427139822726,-0.6892987346862055,-0.928748642524141,-0.9488187714021337,1.6942902712561154,4.00291791970257,7.216246619859474,7.28669191482946,1.4984179970588163,1.581163683726782,-0.6401753442185673,-1.674652445452744,1.1992720490188846,0.0,-0.5534158674166072,1,0.025210084033613446,1.0,1.0,0.041666666666666664,0.5,3.0,0.00042918454935622315,0.3333333333333333,1.0,1.0,1.0,1.0,1.0
56,3,5,1,14,16,1,1,5,1,3520,1,0,393,4,0,5704,37,51.01892881111126,16.585357193023285,5,13,19106214,32704833247,9883495,8880901,0.0,15,20.0281549178929,-0.7406735583607909,-0.6825190172856653,-1.2111155320019624,-0.9541684645324248,-0.9794265387646187,-1.6318830533547815,-0.8516480007032176,-0.2593276250064655,-0.780567737039177,9.029219330275573,-0.4579608013787988,-0.8813104784134753,-0.8771990300556585,-1.2135804251698814,-1.3939516999634256,-1.4269204467060939,0.08949802365457671,4.0985121252196475,2.7883252514622106,2.072966224849093,7.350177822629466,17.442792561972254,-0.5456233293228075,-0.4992159066427202,10.834798680447891,0.0,-0.9714714401215627,1,0.015909090909090907,1.0,5.0,0.007614213197969543,1.0,4.0,0.00245398773006135,0.3125,1.0,5.0,0.875,0.6,1.0
3,1,1,1,10,10,5,1,1,1,56,1,0,0,1,16,104906,18,10.766220488015964,8.0,4,5,719189,23468932683,635481,289128,0.0,7,20.67519956056219,-0.3721077561478354,-0.3714801242927914,-1.14825713165341,-0.59584125153662,-0.5424226776391093,-0.820500932052273,-1.4675680605988495,-0.35817453322159143,-0.8787055912862366,1.494718146072037,-0.3430089786919821,-1.8668583594031487,-1.8511867456404922,-0.4894434098017786,-0.5535175559252057,-0.5747436587313556,1.1441880823671116,1.178690753109838,6.073353737817289,12.289163001439395,3.7088029482520057,0.7999339397532635,0.23098075031713816,-2.193294827503995,0.7505291294692952,0.0,-0.5421577452864683,1,0.05357142857142857,1.0,1.0,1.0,0.29411764705882354,10.0,9.532252375913905e-05,0.1,1.0,1.0,1.0,1.0,1.0
38,2,4,1,13,14,2,1,4,1,2342,1,0,259,3,6,42719,30,37.08317588901589,13.668571697701001,5,11,12818921,28728238322,6710671,5944200,0.0,13,20.19540150765966,-0.5747454938107266,-0.5353503375616774,-1.1861895477795266,-0.8331523478500598,-0.8300476072874656,-1.3565669685487993,-1.0687711489115113,-0.29159591059519013,-0.8245203183418415,6.200513132481774,-0.3795906477494446,-1.2380320702653105,-1.229813931917033,-0.9608040469935961,-1.0957340111341987,-1.1247520724492936,0.42921549275780047,3.011028124400653,3.8657308809141844,5.774841613216821,6.187805954804045,11.762136688245645,-0.2523208454344904,-1.0920546926563255,7.396054085985456,0.0,-0.8251971725193222,1,0.016225448334756618,1.0,4.0,0.007692307692307693,0.2857142857142857,4.666666666666667,0.0003043071161048689,0.2857142857142857,1.0,4.0,0.9285714285714286,0.5,1.0
3,1,1,1,10,10,5,1,1,1,53,1,0,0,1,17,112885,18,10.139109548759807,8.0,4,5,621639,21448241879,561949,246878,0.0,7,20.548531918609328,-0.27393389665726753,-0.2714194001474648,-1.1396556476803539,-0.5975611224774585,-0.5402089195552667,-0.8213260821161442,-1.4864270674447335,-0.3512233789636137,-0.904268592702605,0.8842575551085361,-0.2482939205747728,-1.919597088127728,-1.903492572803412,-0.4731621707286887,-0.5229493084586675,-0.5442686113019666,1.0993739386503445,0.9486147332559666,5.980247826037246,12.875788638802016,3.8888722351461498,0.7362909608133879,0.3019495906686131,-2.234835479907955,0.7210813136033639,0.0,-0.5411285282479432,1,0.05660377358490566,1.0,1.0,1.0,0.2777777777777778,10.0,8.858494410290027e-05,0.1,1.0,1.0,1.0,1.0,1.0
3,1,1,1,10,10,5,1,1,1,57,1,0,1,1,16,106448,18,10.645132936710471,8.0,4,5,700354,23078761684,625398,283082,0.0,7,20.650741568150345,-0.35271741011949365,-0.35174193213083593,-1.1465962889433048,-0.5960888505741564,-0.5419148621338935,-0.8206602585676297,-1.4707564633494652,-0.3400060652636687,-0.8836414982394758,1.54317072141545,-0.3247206444575741,-1.8770415712090194,-1.861281507007979,-0.486299699098983,-0.547615196387651,-0.568858570114154,1.1355350122533097,1.1342658513671506,6.055376110313481,12.53606399697815,3.7435721535878286,0.7876452488770409,0.2446839765873472,-2.2007856163727904,0.7501474014410892,0.0,-0.5418753952470664,1,0.05263157894736842,1.0,1.0,0.5,0.29411764705882354,10.0,9.394169978111584e-05,0.1,1.0,1.0,1.0,1.0,1.0
13,4,4,2,9,10,2,2,4,2,91,1,1,6792,2,1,6873,10,10.994578076442401,19.436317033653715,2,3,3550986,35704603707,2967931,2641230,7.86958763980623e+19,6,27.0337352026923,-1.9282779766525953,-1.9249063272444722,-2.0786223367506462,-0.44694894469425595,-0.4709119758985483,-0.6057901439451885,-1.254938960739295,-0.6760506706289656,-0.7137290596986663,21.344645937202195,-1.7917777123324863,-2.0335371247586127,-2.0363334088986313,-0.694143373823135,-0.7554379889068454,-0.7856664347824283,7.494385253624111,6.191818313331466,18.69215064826138,12.557298086132182,2.656036775316125,7.059292511986454,-0.02483859424845941,3.1276285121423153,7.306629816227032,0.0,-0.7556452627417511,1,0.14285714285714285,1.0,4.0,0.0005888414544383925,1.0,5.0,0.0013092813500145475,0.4,1.0,2.0,0.9,1.0,1.0
3,1,1,1,2,2,1,1,1,1,103,1,0,0,1,0,3966,11,18.699893371393024,8.0,4,5,1953316,49032989752,1577459,829653,0.0,1,22.277690560567287,-1.6128838949405502,-1.6361741889148205,-1.2570757726338744,-0.5738424202295167,-0.57020049904834,-0.8100618370267324,-1.2276904101826267,-0.3982190674262676,-0.5553042942281263,9.691184851544566,-1.5412631330897684,-1.1996529324299408,-1.189444179494145,-0.6954197639938551,-0.9402409581756829,-0.9602859102258288,1.711138416895162,4.089416376864876,7.251250344831675,5.248051559146881,1.4307198705502269,1.6050906426989024,-0.6668565046493651,-1.6662486872102684,1.1381762973552432,0.0,-0.5549404978392781,1,0.02912621359223301,1.0,1.0,1.0,1.0,2.0,0.0005041593143433325,0.5,1.0,1.0,1.0,1.0,1.0
3,1,1,1,2,2,1,1,1,1,103,1,0,0,1,0,4313,11,18.672579793803276,8.0,4,5,1949067,48944979335,1574216,827792,0.0,1,22.272173599771335,-1.6086122245759409,-1.6318201753363522,-1.2567011382826323,-0.573918156498786,-0.5701048672153305,-0.8100977761228029,-1.228516246704122,-0.3980812044833252,-0.5564176809973653,9.662966542999126,-1.5371378548864083,-1.2019499476290574,-1.1917223874806062,-0.6947106408406095,-0.9389095698252415,-0.958958588271027,1.70918655397123,4.079395503640637,7.247195152382815,5.272292279242625,1.4385627196080795,1.6023186970438337,-0.6637654838968108,-1.668063170345369,1.1368417287193613,0.0,-0.5548964901383312,1,0.02912621359223301,1.0,1.0,1.0,1.0,2.0,0.0004636068613815484,0.5,1.0,1.0,1.0,1.0,1.0
12,1,1,1,3,4,1,1,1,1,631,1,0,60,1,0,191,14,23.997678514109758,9.322914900793759,4,6,4645829,47540868161,2895061,2091916,0.0,3,21.995242506739533,-1.5281802286139878,-1.5398786631348846,-1.2543521234959296,-0.6315656507282146,-0.634370549879998,-0.936277899892954,-1.1601386986108289,-0.37842117370324924,-0.577062359057886,9.917463556370732,-1.4223293007038043,-1.12387707133581,-1.1148266458325116,-0.7835126331558726,-1.0256419499457452,-1.0476310184662965,1.4839675848107103,4.207396854687044,6.610736188785532,4.476796641701174,2.251606587121673,4.077764717139326,-0.6841354496549122,-1.4653119985767105,2.647851539434619,0.0,-0.6196355837875362,1,0.01901743264659271,1.0,1.0,0.01639344262295082,1.0,4.0,0.015625,0.25,1.0,1.0,0.75,1.0,1.0
19,1,2,1,12,12,4,1,2,1,1122,1,0,121,2,12,81025,24,22.661302358992184,10.650040028626272,4,8,6312308,24612927911,3427170,2905059,0.0,10,20.36848215708189,-0.4030293636956105,-0.38304797554184405,-1.1603940709167464,-0.707914828238149,-0.6754578933439971,-1.0716470379178717,-1.293468199828354,-0.32498981018517376,-0.870006096714109,3.2731332294199995,-0.29848670952024037,-1.6071971747182652,-1.5947290927895776,-0.6992100751561784,-0.7871136002562191,-0.8120431644580343,0.7807833199670793,1.8856094395681164,4.980719630740243,9.60584945135804,4.984887090904216,5.883322602170903,0.051212903500770734,-1.7055734629285135,3.837355828300424,0.0,-0.6738204223825117,1,0.01693404634581105,1.0,2.0,0.00819672131147541,0.3076923076923077,6.0,0.0001481006096808432,0.16666666666666666,1.0,2.0,1.0,0.5,1.0
3,1,1,1,7,7,4,1,1,1,79,1,0,9,1,11,70568,15,13.465879557417328,8.0,4,5,1139136,32167834129,979083,484897,0.0,5,21.220492948050122,-0.7918835329858422,-0.7994870681339219,-1.1852857860183217,-0.587881905806603,-0.5514243667899325,-0.8169487314540997,-1.3834031816658272,-0.2774769401956124,-0.7686590519981864,5.216177012145821,-0.7507492199295163,-1.639822633509278,-1.6259826571245595,-0.5595327544030613,-0.685111252260068,-0.7059313712423912,1.3371091461679274,2.169148381527257,6.474166741414422,10.642323197217047,2.9336200371373824,1.0739115321431396,-0.07453405018532505,-2.01098008605665,0.9121716694842602,0.0,-0.5460386861424265,1,0.0379746835443038,1.0,1.0,0.1,0.3333333333333333,7.0,9.919369694908529e-05,0.14285714285714285,1.0,1.0,1.0,1.0,1.0
3,1,1,1,4,4,1,1,1,1,113,1,0,21,1,2,17215,12,17.660230043651712,8.0,4,5,1791591,45682963473,1505000,784988,0.0,2,22.067693104126704,-1.444908029216753,-1.4652682535539057,-1.2428157001472608,-0.5756784691265443,-0.5655646639669648,-0.8114298218721375,-1.253511940526231,-0.1844983421862351,-0.5976842201007662,10.677807492662463,-1.3842386477153759,-1.287086460972242,-1.276101587278025,-0.6684277181932216,-0.889563025620436,-0.9097537797640254,1.63684275584081,3.707982111472408,7.096893601847017,7.826397588737749,1.729249879065835,1.499579373272658,-0.5491999687686889,-1.7287459738087447,1.153096027049686,0.0,-0.5522293524940581,1,0.02654867256637168,1.0,1.0,0.045454545454545456,0.3333333333333333,4.0,0.00023234200743494423,0.25,1.0,1.0,1.0,1.0,1.0
41,3,4,1,10,12,1,1,4,1,2552,1,0,281,3,0,349,29,42.22465182468656,14.1477019535935,5,11,14295403,38572197954,7570518,6620930,0.0,11,20.744052816102062,-1.0480832532025217,-1.0142054821220379,-1.229406310874051,-0.8451222710132289,-0.8645721934690359,-1.3980391463484065,-0.9468647527534069,-0.30069204106309666,-0.7010317990262631,9.611952057481504,-0.8232581543038656,-0.9395623021510786,-0.9339827522385592,-1.0763789502862657,-1.2837552147671496,-1.312997596567333,0.5772401189969579,4.2361235521578156,4.112224196378159,2.6353411980687182,5.559732931975274,12.984746674303125,-0.6232892650780125,-0.8051885540346283,8.100290882782254,0.0,-0.8538207694536923,1,0.016065830721003135,1.0,4.0,0.010638297872340425,1.0,4.0,0.02857142857142857,0.3333333333333333,1.0,4.0,0.8333333333333334,0.75,1.0
49,3,5,1,12,14,1,1,5,1,3083,1,0,346,4,0,397,33,47.237246612672855,15.474565279825168,5,12,16949130,36105726490,8866466,7871664,0.0,13,20.39996349226286,-0.9149807394071079,-0.8686097406842387,-1.2225459699825683,-0.9036439654369545,-0.9276816004093804,-1.5250279764650077,-0.8870945715102453,-0.2378010776698526,-0.7351245997379685,9.93829960969082,-0.6585077673411122,-0.8888739494760813,-0.8842369273765767,-1.1569200335374648,-1.3547388709073118,-1.3859741958800116,0.3278812544275662,4.244023673124937,3.4251091182211635,2.4586236960573937,6.469499824791806,15.434253269523698,-0.6065559730233171,-0.6223400306722318,9.612851712048407,0.0,-0.9180176579995993,1,0.015893610120012974,1.0,5.0,0.008645533141210375,1.0,3.5,0.03015075376884422,0.35714285714285715,1.0,5.0,0.8571428571428571,0.6,1.0
28,2,3,1,8,9,1,1,3,1,1703,1,0,196,2,0,292,22,34.06875707641609,11.988788637874848,5,8,9977577,42585345337,5511776,4611483,0.0,8,21.30391381184066,-1.2593899113983984,-1.2460394135697634,-1.2405686370972455,-0.7488788168327645,-0.7609141158957459,-1.191418109451652,-1.0386249337387936,-0.19909285943943292,-0.6455600711010676,11.096752624830605,-1.0913202803359692,-1.0220363274545623,-1.0148642789884417,-0.945332132082882,-1.1682590989202988,-1.1942500166644634,0.9829670408799059,4.223269420150004,5.230215674729712,4.542425050911694,4.079469049274014,8.999202495927788,-0.6505156766597457,-1.0962718748172648,5.703518669680407,0.0,-0.748353821249468,1,0.01644157369348209,1.0,3.0,0.01015228426395939,1.0,4.5,0.027303754266211604,0.3333333333333333,1.0,3.0,0.8888888888888888,0.6666666666666666,1.0
7,1,1,1,2,2,1,1,1,1,333,1,0,26,1,0,166,12,21.17073767853345,8.574607032552972,4,5,3149214,48931878046,2169914,1389482,0.0,1,22.189297722010117,-1.6026416173317617,-1.6214087644990087,-1.2582211331869957,-0.5984437538392205,-0.5986670671574438,-0.8646603196371003,-1.1932167536688771,-0.39047669468472046,-0.5578351255376193,9.964847338484843,-1.5152431739133938,-1.1524636577497913,-1.1428749113867658,-0.7380900752164081,-0.9856094708229423,-1.006473575414813,1.6245978944167545,4.202941442767159,6.998246800622271,4.762400043966437,1.738527575364646,2.696322467381025,-0.6935724834914427,-1.5676948731274964,1.8021969608838297,0.0,-0.5833142673974743,1,0.021021021021021023,1.0,1.0,0.037037037037037035,1.0,2.0,0.011976047904191617,0.5,1.0,1.0,1.0,1.0,1.0
20,2,3,1,6,7,1,1,3,1,1207,1,0,142,2,0,255,19,29.33498691305092,10.735731829925243,5,7,7471463,44914619797,4305841,3439522,0.0,6,21.628863232972076,-1.383197114788949,-1.3817167301940398,-1.2470473728411458,-0.6932442931636553,-0.7009650275635915,-1.0714930086780248,-1.0930966258479344,-0.18517814218718573,-0.6133636758964475,11.513189931754113,-1.2469064585916534,-1.0699051502243813,-1.0618218178828707,-0.8692711311550968,-1.1012238950517925,-1.1253295686003624,1.2184553663871445,4.21580874189794,5.87911010832198,5.291503876758049,3.2203077655504515,6.685949235717706,-0.666318182550156,-1.266639510156566,4.298203043794305,0.0,-0.6873635606733768,1,0.016570008285004142,1.0,3.0,0.013986013986013986,1.0,3.5,0.0234375,0.42857142857142855,1.0,3.0,0.8571428571428571,0.6666666666666666,1.0
10,3,3,1,12,13,5,2,3,1,64,1,0,5107,2,11,70480,15,7.850305850446825,16.5987765982127,3,4,2368075,22719755319,2022614,1847274,5.917012079642449e+19,9,24.832422131687565,-1.0592831832012264,-1.0472840337157638,-1.8054334099087646,-0.4924530686357983,-0.47784444632040163,-0.6631261297017617,-1.4010509399740518,-0.5815958531872696,-0.8805232307547547,13.229662209261221,-0.9659796451742635,-2.251843190250046,-2.247931255205648,-0.5631923921072562,-0.5548338356173779,-0.5832883286551656,5.698150997555142,3.8151869023162144,15.102805553896431,15.231016725901897,3.8038259500925866,5.19289208586913,0.38805316890581165,1.6023040543186786,5.529088366112006,0.0,-0.6977006902464269,1,0.15625,1.0,3.0,0.0005873140172278779,0.4166666666666667,6.5,0.00017025865126771755,0.23076923076923078,1.0,3.0,0.9230769230769231,1.0,1.0
3,1,1,1,10,10,5,1,1,1,58,1,0,2,1,16,103530,18,10.874588443936917,8.0,4,5,736047,23818118319,654169,299499,0.0,7,20.697088372541838,-0.3884416700509715,-0.3881640575835704,-1.1497435117780377,-0.5954212512014958,-0.5426884191057625,-0.8203583419296134,-1.463650652636275,-0.33491959205703903,-0.8742881747857651,1.8419538575180003,-0.35937622187110935,-1.8577448391757208,-1.8421409657933023,-0.49225689061954886,-0.5587999043689497,-0.5800088481571877,1.1519321940496383,1.2184490580878484,6.089442912335163,12.382016393916338,3.6776860607551805,0.8109317698096413,0.2187169741946993,-2.1853457594521566,0.7633273731315358,0.0,-0.5422140609099492,1,0.05172413793103448,1.0,1.0,0.3333333333333333,0.29411764705882354,10.0,9.658942732128542e-05,0.1,1.0,1.0,1.0,1.0,1.0
4,1,1,1,2,2,1,1,1,1,112,1,0,9,1,0,157,11,19.0,8.0,4,5,2000000,50000000000,1636152,861936,0.0,1,22.33830790368868,-1.6573855467156273,-1.6816729664163201,-1.261192049666504,-0.5725367863691897,-0.5708008631098505,-0.8096669579259836,-1.2160776141736263,-0.30543564624483266,-0.5430710103035288,10.933354740367001,-1.586589430225623,-1.1744145876909309,-1.1643852283001972,-0.7032112207551815,-0.954869524056686,-0.9748657343835461,1.7325844175034433,4.199520242575713,7.295806578088952,5.730603355512071,1.344546941292187,1.6355472631284642,-0.7008189474657677,-1.643340729689458,1.182566208575818,0.0,-0.5549554018713527,1,0.03571428571428571,1.0,1.0,0.1,1.0,2.0,0.012658227848101266,0.5,1.0,1.0,1.0,1.0,1.0
4,1,1,1,2,2,1,1,1,1,123,1,0,24,1,0,172,11,19.0,8.0,4,5,2000000,50000000000,1672394,880538,0.0,1,22.33830790368868,-1.6535616111434215,-1.6779942224520628,-1.261192049666504,-0.5717926490830474,-0.5700930287345005,-0.8096669579259836,-1.2120873474049778,-0.15723504479343936,-0.5430710103035288,12.398294152956504,-1.586589430225623,-1.1744145876909309,-1.164342402050769,-0.7032112207551815,-0.954869524056686,-0.9748593498548765,1.7325844175034433,4.199520242575713,7.295806578088952,6.907580118131383,1.344546941292187,1.6355472631284642,-0.7008189474657677,-1.6386708108507861,1.2292847189340597,0.0,-0.5542188975213743,1,0.032520325203252036,1.0,1.0,0.04,1.0,2.0,0.011560693641618497,0.5,1.0,1.0,1.0,1.0,1.0
3,1,1,1,4,4,1,1,1,1,113,1,0,21,1,2,16210,12,17.739243862871284,8.0,4,5,1803882,45937563558,1514907,790641,0.0,2,22.08365279089936,-1.4572098050603508,-1.4778103418694188,-1.2438994575131797,-0.5754485789104404,-0.5658310410588469,-0.81132585580506,-1.2510650293586276,-0.18274679706416833,-0.5944633699350548,10.780694527221915,-1.396172418936655,-1.2804415627310206,-1.2695104739001766,-0.670479098260547,-0.8934145195555363,-0.913593417627547,1.642489183655188,3.736970897828225,7.108624626170062,7.773350749258224,1.706561768891059,1.5075981694979559,-0.5581417983090975,-1.7234292042168995,1.1576345971326445,0.0,-0.5523459732184257,1,0.02654867256637168,1.0,1.0,0.045454545454545456,0.3333333333333333,4.0,0.00024674603664178645,0.25,1.0,1.0,1.0,1.0,1.0
11,3,3,1,12,13,5,2,3,1,65,1,0,5721,2,10,65165,14,7.591648261818683,17.633406952725267,3,4,2580815,22926681390,2200465,2041036,6.628964557497039e+19,9,25.351253390168687,-1.1563847183029838,-1.1432952543303807,-1.8857713490840808,-0.4797574559096809,-0.47039699616792274,-0.6440690173906186,-1.3902598835312743,-0.6089439113229753,-0.8769838220270464,14.736893297712118,-1.0548617423108917,-2.2904123913223424,-2.28797889741203,-0.5744596547189558,-0.5594861667664842,-0.5887966755349184,6.252685644163408,4.166242291002976,16.20294387907083,15.503167469332254,3.788786740273952,5.730822257716649,0.3965191942769716,2.065126376581796,6.108563501756112,0.0,-0.7165646227056547,1,0.16923076923076924,1.0,3.0,0.0005242922055225446,0.45454545454545453,6.5,0.00018414510634379893,0.23076923076923078,1.0,3.0,0.9230769230769231,1.0,1.0
52,3,5,1,13,15,1,1,5,1,3248,1,0,361,4,0,406,34,48.83068444555049,15.8963576473516,5,12,17792715,35321667712,9265052,8262388,0.0,14,20.290582030228716,-0.8740808981924412,-0.8236848661913021,-1.2203651580108674,-0.9225219564116607,-0.9480045626843476,-1.5653960522459647,-0.8695675175236314,-0.2725205406684402,-0.7459622518484061,9.501225010630552,-0.6061357902172357,-0.8727607900736569,-0.8684391954444943,-1.1825229826250299,-1.3773036398530878,-1.4091748521956844,0.24861335714598676,4.246535017481654,3.2066842888892335,1.9679394016638008,6.758702732153836,16.2129191393567,-0.6012366799712542,-0.5659389027548098,10.076427652815003,0.0,-0.9386969005300452,1,0.01600985221674877,1.0,5.0,0.008287292817679558,1.0,3.75,0.03194103194103194,0.3333333333333333,1.0,5.0,0.8666666666666667,0.6,1.0
7,2,2,1,12,12,5,1,2,1,59,1,0,3079,2,13,88020,16,8.703843088771022,13.184627644915912,3,4,1666060,22036925528,1435731,1207884,3.567659195820032e+19,8,23.120344779273616,-0.7388604322300716,-0.7304591822734603,-1.5403283994582944,-0.5343469805158104,-0.5024200873035959,-0.7260121834176332,-1.4366600576636563,-0.4913507297463393,-0.8922028306720486,8.255990771373284,-0.6726799970609934,-2.1245697182354797,-2.115779114951326,-0.526011854454872,-0.5394817328554262,-0.5651114825459445,3.868256992390008,2.6567486421138353,11.472488605438636,14.332953787994525,3.853453435152112,3.4177907415583704,0.3601163588813785,0.07504908811246125,3.616893910196481,0.0,-0.6354521055419156,1,0.11864406779661017,1.0,2.0,0.0006493506493506494,0.35714285714285715,6.0,0.00013633110280501245,0.16666666666666666,1.0,2.0,1.0,1.0,1.0
4,1,1,1,2,2,1,1,1,1,110,1,0,7,1,0,155,11,19.0,8.0,4,5,2000000,50000000000,1631240,859414,0.0,1,22.33830790368868,-1.6579038336903857,-1.6821715744718546,-1.261192049666504,-0.5726376449363798,-0.5708968012683532,-0.8096669579259836,-1.2166184452762825,-0.3255223971676083,-0.5430710103035288,10.734800397068376,-1.586589430225623,-1.1744145876909309,-1.164391032866419,-0.7032112207551815,-0.954869524056686,-0.9748665997271134,1.7325844175034433,4.199520242575713,7.295806578088952,5.571078773013107,1.344546941292187,1.6355472631284642,-0.7008189474657677,-1.643973679189145,1.1762340947256804,0.0,-0.5550552258888444,1,0.03636363636363636,1.0,1.0,0.125,1.0,2.0,0.01282051282051282,0.5,1.0,1.0,1.0,1.0,1.0
42,3,4,1,11,12,1,1,4,1,2622,1,0,289,3,0,355,29,42.88445885556172,14.322356755883984,5,11,14644713,38247536719,7739767,6784878,0.0,11,20.698760394767245,-1.030703990366022,-0.9951763841547128,-1.228503285326235,-0.8528529104975269,-0.8729053742100712,-1.4147546652557716,-0.9391443459375612,-0.2978782865605848,-0.7055194287995139,9.600892698829602,-0.8015720878542182,-0.932890202591266,-0.9274362965845704,-1.08698055988192,-1.2930987817976933,-1.3226037297967455,0.5444170524988925,4.23716344378667,4.021779351190414,2.568681460982969,5.679485399056089,13.30717482620065,-0.621086664585781,-0.7812924258880177,8.29766637419604,0.0,-0.8622981523628817,1,0.016018306636155607,1.0,4.0,0.010344827586206896,1.0,4.0,0.03089887640449438,0.3333333333333333,1.0,4.0,0.9166666666666666,0.75,1.0
3,1,1,1,5,5,2,1,1,1,98,1,0,16,1,6,41328,13,15.764579639022203,8.0,4,5,1496712,39574756614,1267310,649361,0.0,4,21.68479822589954,-1.1497714748024657,-1.1643662717862382,-1.2168148675142365,-0.5811938522010743,-0.5591739104633662,-0.8139241110872367,-1.3122167112963925,-0.22652032330508032,-0.6749568539284618,8.209405754584708,-1.0979310313032564,-1.4465067264917342,-1.4342314798093105,-0.6192122835631367,-0.7971603787339201,-0.817635576372425,1.501377171759978,3.0125011800619825,6.815450162910058,9.099064366738162,2.2735689065207225,1.307197401874894,-0.3346731561955659,-1.8563026028598666,1.0442094765806933,0.0,-0.5494314606123684,1,0.030612244897959183,1.0,1.0,0.058823529411764705,0.2857142857142857,5.0,0.00012098042536717559,0.2,1.0,1.0,1.0,1.0,1.0
4,1,1,1,2,2,1,1,1,1,118,1,0,17,1,0,165,11,19.0,8.0,4,5,2000000,50000000000,1655404,871817,0.0,1,22.33830790368868,-1.65535422828933,-1.6797187754371257,-1.261192049666504,-0.572141492109521,-0.5704248533726922,-0.8096669579259836,-1.2139579387084034,-0.22670978728824417,-0.5430710103035288,11.711547355282226,-1.586589430225623,-1.1744145876909309,-1.164362478505398,-0.7032112207551815,-0.954869524056686,-0.9748623428487033,1.7325844175034433,4.199520242575713,7.295806578088952,6.3558269085996075,1.344546941292187,1.6355472631284642,-0.7008189474657677,-1.6408600152508424,1.207383617014819,0.0,-0.5545641623149038,1,0.03389830508474576,1.0,1.0,0.05555555555555555,1.0,2.0,0.012048192771084338,0.5,1.0,1.0,1.0,1.0,1.0
7,2,2,1,5,5,1,2,2,1,115,1,0,2284,1,0,2410,10,16.331056176699192,11.812776890429728,4,4,2517086,45234028886,2113263,1472131,2.6236577564235743e+19,3,23.90372591751706,-1.7442057660434156,-1.759404504893886,-1.5337167880906213,-0.5299870338615374,-0.5368520996878395,-0.7416960541330105,-1.2253885776682214,-0.2936148309469778,-0.5999670429147997,15.742614976566692,-1.6549975670324146,-1.4608391897494226,-1.4550466759425158,-0.7001880729072579,-0.8883806407733144,-0.9117823645742366,3.653522863908247,4.8637365300983415,11.095256801292251,9.08173449968553,1.78178719236998,3.443780672850318,-0.47545248888062536,-0.04847167447450751,3.266957425622648,0.0,-0.6211910058842327,1,0.06086956521739131,1.0,2.0,0.00087527352297593,1.0,5.0,0.002073828287017835,0.4,1.0,2.0,1.0,1.0,1.0
4,1,1,1,2,2,1,1,1,1,120,1,0,20,1,0,168,11,19.0,8.0,4,5,2000000,50000000000,1661616,875006,0.0,1,22.33830790368868,-1.6546988198232693,-1.6790882522776431,-1.261192049666504,-0.5720139497207857,-0.5703035331690923,-0.8096669579259836,-1.2132740216881948,-0.20130875031143336,-0.5430710103035288,11.96263257237008,-1.586589430225623,-1.1744145876909309,-1.164355138244059,-0.7032112207551815,-0.954869524056686,-0.974861248564016,1.7325844175034433,4.199520242575713,7.295806578088952,6.5575563886108315,1.344546941292187,1.6355472631284642,-0.7008189474657677,-1.640059608370316,1.2153909975347992,0.0,-0.5544379281833,1,0.03333333333333333,1.0,1.0,0.047619047619047616,1.0,2.0,0.011834319526627219,0.5,1.0,1.0,1.0,1.0,1.0
3,1,1,1,9,9,5,1,1,1,61,1,0,3,1,15,99437,17,11.196349132779066,8.0,4,5,786098,24854902761,694513,322520,0.0,7,20.762079533080527,-0.4385370572694811,-0.43923804711828907,-1.1541567969481512,-0.5944850904764195,-0.5437731619700145,-0.8199349705030773,-1.4536863219584255,-0.32778693639527207,-0.8611722037035836,2.260931239446334,-0.40797301780591777,-1.8306854329035103,-1.8153005826598174,-0.5006105364761734,-0.5744839879111648,-0.5956446513125566,1.1749256212880175,1.3364974192311756,6.137214080774926,12.165998641826672,3.5852953621347754,0.8435859741326444,0.1823039864306767,-2.163694768990182,0.7818093735040654,0.0,-0.5426889647302737,1,0.04918032786885246,1.0,1.0,0.25,0.3125,9.0,9.050865866167863e-05,0.1111111111111111,1.0,1.0,1.0,1.0,1.0
3,1,1,1,3,3,1,1,1,1,117,1,0,22,1,1,10105,11,18.21916497300824,8.0,4,5,1878536,47483976024,1575083,824978,0.0,2,22.180590145263732,-1.5319294171209852,-1.5539895850356045,-1.2504820786712012,-0.5740522514222629,-0.5674489857540124,-0.8106943775292189,-1.2362027643072517,-0.17210810768375379,-0.5749002858773472,11.405618880103216,-1.468656812036566,-1.2400811932137328,-1.2294767876339134,-0.6829389515994644,-0.9168080634099672,-0.9369149490278261,1.676784955353731,3.9130455473872563,7.179877557261958,7.451150172906829,1.5687567225139163,1.556303441872055,-0.6124534719134709,-1.6911357397310218,1.1852013647457245,0.0,-0.5530543144688085,1,0.02564102564102564,1.0,1.0,0.043478260869565216,0.5,3.0,0.00029685335444290523,0.3333333333333333,1.0,1.0,1.0,1.0,1.0
30,2,3,1,8,9,1,1,3,1,1865,1,0,214,2,0,304,24,35.61435843872812,12.39791841025156,5,9,10795836,41824824725,5905520,4994134,0.0,8,21.197816081986744,-1.2189661950749082,-1.2017400415740085,-1.2384532951084588,-0.7670437873756999,-0.7804878149554553,-1.2305742984372525,-1.0208396339405714,-0.20363608929619703,-0.656072366918662,10.960783609292056,-1.0405205581758303,-1.0064068999302,-0.9995323905398367,-0.9701664570703099,-1.1901464527305592,-1.2167529128218262,0.9060788388439579,4.22570537163734,5.018348159843033,4.297846794310372,4.359989819134307,9.75449209955564,-0.6453560736817257,-1.0406459275940245,6.162361763216626,0.0,-0.7682674686343168,1,0.0160857908847185,1.0,3.0,0.009302325581395349,1.0,4.5,0.02622950819672131,0.3333333333333333,1.0,3.0,0.8888888888888888,0.6666666666666666,1.0
11,4,4,1,8,9,2,2,4,1,102,1,0,5934,1,0,6023,10,12.021228125620794,17.969674106256008,3,3,3352081,37537907367,2824221,2426947,6.860357568665856e+19,6,26.43157322878682,-1.8906800488012296,-1.8909640155809135,-1.9737915292743682,-0.46249880409669086,-0.4831932178787153,-0.6319361913488587,-1.246973411899138,-0.5177757338662945,-0.6918431308273064,21.104160012086567,-1.7654634765648571,-1.92335952220961,-1.924478987450943,-0.6953062738660837,-0.7810139544617399,-0.8099254030871178,6.7554669095013296,5.936317362619496,17.23063402717404,12.561330918602945,2.4878456274347798,6.3637278834582185,-0.11152924834527272,2.5192683954195845,6.556164598506342,0.0,-0.7293575574527281,1,0.10784313725490197,1.0,4.0,0.0006739679865206403,2.0,9.0,0.0013280212483399733,0.4444444444444444,1.0,4.0,0.8888888888888888,1.0,1.0
47,3,4,1,14,15,2,1,4,1,2954,1,0,328,4,3,23480,34,44.32669269557133,15.184656610700976,5,12,16086926,30795190307,8359839,7470637,0.0,14,20.10847018140933,-0.6609914778610013,-0.61184558047669,-1.199145560034084,-0.8960540281505873,-0.9076916934555317,-1.4996705883213088,-0.9559150167792168,-0.2748235215978174,-0.8016746735362019,7.670816244130664,-0.4203258364486142,-1.0526155477218366,-1.046531982089616,-1.0921919923637433,-1.2507414121065337,-1.2818129581850295,0.2526373623413145,3.576279867943199,3.3057176668424053,3.850683174034062,6.791982866315669,14.7148243918541,-0.40477342430312013,-0.7839093248334725,9.183442568164077,0.0,-0.9012275184695219,1,0.015910629654705483,1.0,4.0,0.00911854103343465,0.5,3.75,0.0005962267365103701,0.26666666666666666,1.0,4.0,0.9333333333333333,0.75,1.0
3,1,1,1,8,8,4,1,1,1,77,1,0,8,1,11,74582,16,13.150324623000113,8.0,4,5,1090050,31151046007,939516,462320,0.0,5,21.156755263141246,-0.7427543286531875,-0.7493981356541678,-1.1809576192760418,-0.5888000109277366,-0.5503605452130321,-0.817363937373802,-1.3931753316598956,-0.284472029302578,-0.7815220571388993,4.80528038971364,-0.703089703755313,-1.6663601487114073,-1.6523053734573019,-0.5513402241722319,-0.6697296654933085,-0.6905971336852563,1.3145591900177738,2.0533768029895296,6.427316928970621,10.854174644449152,3.024228808982177,1.0418871249954829,-0.03882335473909582,-2.032213496825011,0.8940461289266515,0.0,-0.545572941727171,1,0.03896103896103896,1.0,1.0,0.1111111111111111,0.3333333333333333,8.0,0.00010726304922033171,0.125,1.0,1.0,1.0,1.0,1.0
42,3,4,1,13,15,2,1,4,1,2604,1,0,289,4,5,34481,32,40.18457572208125,14.317701895319331,5,11,14218157,29613228958,7416783,6597763,0.0,13,20.158180802866525,-0.6116727610041988,-0.5681027063271101,-1.1917368220271838,-0.8600844674258761,-0.8632918672665715,-1.4178385241102975,-1.0204504231227982,-0.28441460822153064,-0.8147386776169442,6.8300412949478995,-0.39703191430620266,-1.158643730675422,-1.1513395356011151,-1.0170593940467012,-1.1621023154176124,-1.19199960121337,0.3536114182699682,3.2530475342922966,3.625954411138513,4.950989771433008,6.446491648859216,13.026365845935706,-0.31759527155657075,-0.9601185050491181,8.161346206966646,0.0,-0.8577504899941224,1,0.016129032258064516,1.0,4.0,0.010344827586206896,0.3333333333333333,3.75,0.000377008294182472,0.26666666666666666,1.0,4.0,0.8666666666666667,0.75,1.0
47,3,4,1,12,13,1,1,4,1,2956,1,0,327,4,0,382,32,46.056950760827434,15.16213402492491,5,12,16324268,36686496762,8553553,7573175,0.0,12,20.480984843233635,-0.9471408149400943,-0.9036804521004971,-1.2241613472949073,-0.8900234619448681,-0.9129730715957529,-1.495126419336042,-0.9020229953266989,-0.28434915915679826,-0.7270969029143073,9.547716960835338,-0.6973008887775616,-0.9008093352253075,-0.8959595517203736,-1.1379553434946224,-1.3380246303922287,-1.368792052268534,0.38659679915452627,4.242163462914265,3.5869013856577547,2.248167331221148,6.255280615947873,14.857477648175637,-0.6104960950629462,-0.6663947822364175,9.246689527189034,0.0,-0.9030592043049455,1,0.015899864682002707,1.0,4.0,0.009146341463414634,1.0,3.25,0.031331592689295036,0.3076923076923077,1.0,4.0,0.9230769230769231,0.75,1.0
5,2,2,1,4,4,1,2,2,1,119,1,0,1328,1,0,1464,10,17.460074785445926,10.199893163648674,4,4,2298348,47250133545,1927018,1222004,1.513796093497493e+19,2,23.241521620577686,-1.7058348173706432,-1.7249406854646856,-1.4184331697774653,-0.5476665018989739,-0.5509087802256825,-0.770449156602096,-1.2197341340977126,-0.23489280590329797,-0.5758988407214162,14.338084669326014,-1.6260595059273886,-1.3396756407441166,-1.3320724391612144,-0.7014669271669468,-0.9165068178199625,-0.9384651935842204,2.8409260481514274,4.582759260251474,9.488010531230913,8.170206461599815,1.5968254949186638,2.678860425855879,-0.5707871764482695,-0.7211264270486124,2.40530446355616,0.0,-0.5928552931556847,1,0.04201680672268908,1.0,2.0,0.0015048908954100827,1.0,4.0,0.0027303754266211604,0.5,1.0,2.0,1.0,1.0,1.0
4,1,1,1,2,2,1,1,1,1,111,1,0,8,1,0,156,11,19.0,8.0,4,5,2000000,50000000000,1633337,860491,0.0,1,22.33830790368868,-1.6576825677342306,-1.681958709797403,-1.261192049666504,-0.5725945866146535,-0.5708558435568791,-0.8096669579259836,-1.2163875548297234,-0.31694700483587634,-0.5430710103035288,10.819566788581923,-1.586589430225623,-1.1744145876909309,-1.164388554793541,-0.7032112207551815,-0.954869524056686,-0.9748662302965061,1.7325844175034433,4.199520242575713,7.295806578088952,5.639182663320884,1.344546941292187,1.6355472631284642,-0.7008189474657677,-1.6437034617554318,1.1789373870979951,0.0,-0.5550126092348413,1,0.036036036036036036,1.0,1.0,0.1111111111111111,1.0,2.0,0.012738853503184714,0.5,1.0,1.0,1.0,1.0,1.0
3,1,1,1,7,7,4,1,1,1,79,1,0,9,1,11,71657,15,13.380246573759496,8.0,4,5,1125816,31891905626,968345,478770,0.0,5,21.203196282604942,-0.7785512098532302,-0.7858943010158964,-1.184111239872832,-0.5881310544405149,-0.5511356746930149,-0.817061406991252,-1.3860550760571775,-0.27937521617183236,-0.772149719989291,5.104670900480107,-0.7378157299898862,-1.6470241897448676,-1.6331259228184218,-0.5573095256373043,-0.6809371100598769,-0.7017700783234243,1.330989704461027,2.1377311396727694,6.461452982934359,10.699813889137994,2.9582087810686772,1.0652209834150972,-0.0648431435759752,-2.016742253334069,0.9072528932298953,0.0,-0.5459122958390267,1,0.0379746835443038,1.0,1.0,0.1,0.3333333333333333,7.0,9.76862318233833e-05,0.14285714285714285,1.0,1.0,1.0,1.0,1.0
53,3,5,1,13,15,1,1,5,1,3351,1,0,373,4,0,415,35,49.80461404541045,16.15416254143218,5,13,18308325,34842440951,9514877,8504389,0.0,14,20.223726680523214,-0.8484276727671786,-0.7955963480310285,-1.219032217818822,-0.9339330179300828,-0.9603050247965996,-1.5900695368848123,-0.8581715602678569,-0.2683672069382725,-0.7525863635429795,9.484900485060905,-0.5741253674246386,-0.8629122207944009,-0.8587760869336111,-1.1981718328315396,-1.3910955154674656,-1.4233542971766115,0.20016380367845688,4.248069983298319,3.0731802373087884,1.869544131488241,6.935467251003484,16.688849686117678,-0.5979854599695439,-0.530666246606903,10.367770158092378,0.0,-0.9512102169365942,1,0.015816174276335422,1.0,5.0,0.008021390374331552,1.0,3.75,0.03125,0.3333333333333333,1.0,5.0,0.8666666666666667,0.6,1.0
3,1,1,1,6,6,3,1,1,1,93,1,0,14,1,7,48452,14,15.204521268965566,8.0,4,5,1409592,37770124088,1197086,609290,0.0,4,21.57167426544817,-1.0625751767900673,-1.0754666133660726,-1.2091330798233184,-0.5828233385490927,-0.5572858012519218,-0.8146610336489319,-1.3295606783864167,-0.23893546176863628,-0.69778658310523,7.480131490355072,-1.0133431892671023,-1.4936064732819623,-1.4809499937568291,-0.6046718830582549,-0.7698605793205913,-0.7904198140577863,1.4613546897486343,2.807025573431169,6.732299412492565,9.47506601744941,2.4343846490029337,1.2503593197759046,-0.2712925156039633,-1.8939884322627054,1.0120396082189833,0.0,-0.5486048404913655,1,0.03225806451612903,1.0,1.0,0.06666666666666667,0.375,6.0,0.00012383134171258745,0.16666666666666666,1.0,1.0,1.0,1.0,1.0
4,1,1,1,2,2,1,1,1,1,123,1,0,24,1,0,172,11,19.0,8.0,4,5,2000000,50000000000,1670837,879738,0.0,1,22.33830790368868,-1.6537259044796409,-1.6781522777088975,-1.261192049666504,-0.5718246205415192,-0.5701234404579255,-0.8096669579259836,-1.2122587870716373,-0.1636024039663143,-0.5430710103035288,12.335353818604911,-1.586589430225623,-1.1744145876909309,-1.1643442420575536,-0.7032112207551815,-0.954869524056686,-0.9748596241627187,1.7325844175034433,4.199520242575713,7.295806578088952,6.85701194423512,1.344546941292187,1.6355472631284642,-0.7008189474657677,-1.6388714514032723,1.2272774832510778,0.0,-0.5542505410348472,1,0.032520325203252036,1.0,1.0,0.04,1.0,2.0,0.011560693641618497,0.5,1.0,1.0,1.0,1.0,1.0
3,1,1,1,7,7,3,1,1,1,85,1,0,11,1,9,61352,15,14.19038216319214,8.0,4,5,1251837,34502342525,1069926,536732,0.0,5,21.3668323449853,-0.9046823920003251,-0.9144894279261475,-1.1952230987996955,-0.5857739699764603,-0.5538668622811443,-0.8159954338252321,-1.3609666821453856,-0.2614164710573835,-0.7391260619349737,6.15958065185118,-0.8601737286032543,-1.578893467719999,-1.5655466616952236,-0.5783425046327221,-0.7204268137614276,-0.7411382206875834,1.388883021994231,2.4349556980255898,6.58173219989246,10.155920010905621,2.725585605893741,1.147438401465343,-0.1565245028226981,-1.9622289503484545,0.9537872486838617,0.0,-0.5471080183114857,1,0.03529411764705882,1.0,1.0,0.08333333333333333,0.3,7.0,0.0001140938503414666,0.14285714285714285,1.0,1.0,1.0,1.0,1.0
28,2,3,1,12,13,3,1,3,1,1714,1,0,188,3,9,62419,27,29.666280707574206,12.11619828763181,4,9,9472694,26611812471,5022029,4381228,0.0,11,20.28441359281129,-0.4864351549788672,-0.45702413031575706,-1.1729234247859885,-0.768745074147961,-0.7505450584639165,-1.2100380688053725,-1.1843285673537007,-0.3087697578379131,-0.8479127887952168,4.695017341517615,-0.3378804353144351,-1.427886660147367,-1.4174828566705386,-0.8262712440830754,-0.9370164052995511,-0.9639318303326336,0.6100201377402987,2.4322467057963557,4.4391483823733715,7.745056059739444,5.569167668540465,8.73877444776928,-0.09621921306362546,-1.4075757240592641,5.565883276022345,0.0,-0.7473469898551448,1,0.01633605600933489,1.0,3.0,0.010582010582010581,0.3,4.333333333333333,0.00019224607497596923,0.23076923076923078,1.0,3.0,0.9230769230769231,0.6666666666666666,1.0
19,2,3,1,6,7,1,1,3,1,1145,1,0,135,2,0,250,18,28.74240257236167,10.57887126915456,5,7,7157742,45206203783,4154880,3292813,0.0,6,21.66954115602984,-1.3986955879851242,-1.3987011317267766,-1.2478583960249519,-0.6862798343094505,-0.693460461486607,-1.0564805061015348,-1.0999155187474106,-0.18343626557209075,-0.6093332563858945,11.565320520786818,-1.2663830976510502,-1.0758974806083426,-1.0677000716353433,-0.8597496384481264,-1.0928322725782693,-1.1167019468809676,1.2479343417693205,4.214874796870928,5.960340220227929,5.385275303510817,3.11275596111322,6.396370821316113,-0.6682963769303516,-1.287966526335686,4.122282370654989,0.0,-0.679728658237333,1,0.016593886462882096,1.0,3.0,0.014705882352941176,1.0,3.5,0.02390438247011952,0.42857142857142855,1.0,3.0,0.8571428571428571,0.6666666666666666,1.0
26,2,3,1,7,8,1,1,3,1,1571,1,0,168,2,0,268,22,32.911669140653636,11.682500654878904,4,8,9365001,43154696041,5181616,4306853,0.0,7,21.383342056548013,-1.2933864498703438,-1.2827956176763773,-1.2421522515756744,-0.7360065625033121,-0.746951791877918,-1.1621045005286503,-1.0558360301499112,-0.3404073604410308,-0.6376902212391928,9.768051660550395,-1.1293506205549082,-1.0337370301533881,-1.0263840533682569,-0.9267403408639789,-1.1518735071000814,-1.177409844027972,1.0405280738523275,4.221445786872478,5.3888266538819565,3.576223832160013,3.8694619889472803,8.43376789572965,-0.6543783248850686,-1.1424753928087414,5.314393722288225,0.0,-0.7341649965613071,1,0.016549968173138127,1.0,3.0,0.011834319526627219,1.0,4.0,0.026022304832713755,0.375,1.0,3.0,0.875,0.6666666666666666,1.0
19,6,6,2,14,15,4,3,6,2,80,1,1,11516,2,2,15043,10,5.152501249695247,27.389995001219013,2,2,4586959,24877999000,3877597,3868216,1.334269280472608e+20,10,30.243844095248765,-2.0720544284870943,-2.0486832738140976,-2.6433599639742593,-0.36003753579357545,-0.4001673698743265,-0.4643600098182497,-1.2884999729883195,-0.8668367287843822,-0.8436071162877661,28.950117141145824,-1.8930219633657215,-2.6541208448590723,-2.665629084860106,-0.6807102003917036,-0.6033577565463825,-0.6407405133505732,11.48196012076897,7.476702683627183,26.57727359815518,18.069555241699774,3.646966645652417,10.803516155281937,0.47635400831876273,6.429551524436493,11.573027363816445,0.0,-0.8944519398296569,1,0.2375,1.0,6.0,0.0005209690023443605,1.3333333333333333,7.5,0.0009306035628822122,0.4,1.0,3.0,0.9333333333333333,1.0,1.0
56,3,5,1,14,16,1,1,5,1,3554,1,0,397,4,0,432,36,51.73016158252671,16.66386630125707,5,13,19327732,33894965990,10011042,8983995,0.0,15,20.091547564099415,-0.7974728718316971,-0.7398357136627274,-1.216396873637594,-0.9564477931698866,-0.98458046687339,-1.6388512635981594,-0.8353944102298234,-0.2510078112640882,-0.7656828357735209,9.543050718064833,-0.5108378456374402,-0.8434407021933469,-0.8396685976593826,-1.2291110351909076,-1.4183633099007567,-1.4513879574590285,0.10437462305677944,4.251104750542545,2.80923056604638,1.7476581539844533,7.28494680678392,17.629807731017173,-0.5915575018626988,-0.4606407354427393,10.946664591637958,0.0,-0.975904721650955,1,0.015756893640967922,1.0,5.0,0.007537688442211055,1.0,4.0,0.03233256351039261,0.3125,1.0,5.0,0.875,0.6,1.0
6,2,2,1,4,4,1,1,2,1,100,1,0,2107,1,0,2234,10,16.516407849235215,11.547988786806833,3,4,2481176,45565014016,2033415,1405778,2.4414510913489256e+19,2,23.7950114348262,-1.7431051510108384,-1.7587479328518876,-1.5147906062679253,-0.533901162166003,-0.5401221177535271,-0.7464164684751272,-1.2298851839685547,-0.4854580232585718,-0.5960157515039072,13.520398761680081,-1.6502467879184013,-1.4409476961242969,-1.4349161443061424,-0.7003980231898546,-0.8929981323870511,-0.9161715808398847,3.520118349818647,4.81760832060095,10.831394202372074,7.331949521378265,1.7514219178633363,3.318203250088022,-0.49110364259453726,-0.16525072406042707,3.0619839729648994,0.0,-0.6175404167111425,1,0.06,1.0,2.0,0.0009487666034155598,1.0,4.0,0.0017897091722595079,0.5,1.0,2.0,1.0,1.0,1.0
4,1,1,1,2,2,1,1,1,1,111,1,0,9,1,0,157,11,19.0,8.0,4,5,2000000,50000000000,1634666,861173,0.0,1,22.33830790368868,-1.6575422941218563,-1.6818237622557608,-1.261192049666504,-0.5725672893908225,-0.5708298780344696,-0.8096669579259836,-1.216241179682076,-0.31151055505028674,-0.5430710103035288,10.8733052314592,-1.586589430225623,-1.1744145876909309,-1.1643869837961751,-0.7032112207551815,-0.954869524056686,-0.9748659960925341,1.7325844175034433,4.199520242575713,7.295806578088952,5.682357758469768,1.344546941292187,1.6355472631284642,-0.7008189474657677,-1.6435321548982356,1.1806511644587665,0.0,-0.5549855920103746,1,0.036036036036036036,1.0,1.0,0.1,1.0,2.0,0.012658227848101266,0.5,1.0,1.0,1.0,1.0,1.0
17,6,6,2,13,14,3,3,6,2,86,1,1,10372,2,1,10418,10,6.778847177126387,25.458789746962303,2,2,4367750,28176512816,3689014,3588363,1.2013786920593555e+20,9,29.50639162716527,-2.068848175295699,-2.0509901382579767,-2.5090888570918946,-0.380407591692447,-0.417923723045092,-0.4984266854591697,-1.2732287340158182,-0.7904401726639144,-0.8035992025745783,27.625826588012085,-1.899831802337409,-2.4859591782617536,-2.4954862242347167,-0.6893681598660536,-0.6504154562961492,-0.6860288141645063,10.528604068382624,7.240981320320135,24.69357322094098,16.793836196955684,3.3466797258349046,9.915488057201122,0.33113905310111746,5.642611476295,10.557084545756222,0.0,-0.8609289942911728,1,0.19767441860465115,1.0,6.0,0.0005784247565795816,1.5,7.0,0.0012477205106056243,0.42857142857142855,1.0,3.0,0.9285714285714286,1.0,1.0
32,3,4,1,9,10,1,1,4,1,1985,1,0,227,3,0,314,25,36.75627084186335,12.700189340493239,5,9,11400378,41262941214,6196424,5276842,0.0,9,21.119429560973693,-1.1891005750151769,-1.1690110316452231,-1.2368904501778262,-0.7804643275430143,-0.7949491439090502,-1.2595034511621699,-1.0076995999523195,-0.20699269252535876,-0.6638390014935572,10.86032775497442,-1.0029889965293572,-0.9948596552271576,-0.9882049719635755,-0.9885144117358093,-1.2063171429209187,-1.2333783745062792,0.8492727349542201,4.227505087453237,4.861817408143489,4.117148878560307,4.567242577996618,10.312510866472085,-0.6415440851706382,-0.9995486818104503,6.501361606499742,0.0,-0.7829799562749881,1,0.016120906801007556,1.0,4.0,0.013157894736842105,1.0,3.3333333333333335,0.02857142857142857,0.4,1.0,4.0,0.9,0.75,1.0
4,1,1,1,2,2,1,1,1,1,119,1,0,19,1,0,167,11,19.0,8.0,4,5,2000000,50000000000,1659213,873772,0.0,1,22.33830790368868,-1.65495237387798,-1.6793321790987852,-1.261192049666504,-0.5720632913016257,-0.5703504676094208,-0.8096669579259836,-1.2135386046811516,-0.21113550149461466,-0.5430710103035288,11.865496697313091,-1.586589430225623,-1.1744145876909309,-1.1643579779281972,-0.7032112207551815,-0.954869524056686,-0.9748616719035574,1.7325844175034433,4.199520242575713,7.295806578088952,6.479514479999283,1.344546941292187,1.6355472631284642,-0.7008189474657677,-1.6403692571168385,1.2122932288857975,0.0,-0.5544867636463257,1,0.03361344537815126,1.0,1.0,0.05,1.0,2.0,0.011904761904761904,0.5,1.0,1.0,1.0,1.0,1.0
16,5,5,2,12,13,3,3,5,2,90,1,1,9320,2,1,9376,10,8.021494384955805,23.683579450063135,2,2,4126997,30395525687,3484024,3313062,1.0792224684305044e+20,9,28.777540646119178,-2.02661543275223,-2.01305775286322,-2.3822026700127132,-0.399866386633849,-0.43339511978415046,-0.5300736062652882,-1.267005206378376,-0.725808146324137,-0.7771086876961021,26.079939167660505,-1.8679813079756955,-2.3526012825674756,-2.3601354064648765,-0.6907757227376586,-0.6813723555918395,-0.7153971015508873,9.634224510447629,6.931725461175067,22.924567755209114,15.79056861340115,3.143102800607425,9.073583413844574,0.2262095307731133,4.90225826719488,9.608711649920227,0.0,-0.8297414708693288,1,0.17777777777777778,1.0,5.0,0.0005364231305653899,1.5,6.5,0.0012797269915751307,0.38461538461538464,1.0,2.5,0.9230769230769231,1.0,1.0
24,2,3,1,7,8,1,1,3,1,1468,1,0,170,2,0,274,21,31.82172382215399,11.393985717628997,5,8,8787971,43691008897,4939341,4055175,0.0,7,21.45816129958021,-1.3181589038790116,-1.3104429295374818,-1.2436439732795521,-0.7224701361289573,-0.7324573910451069,-1.1344918793730232,-1.0644816397809294,-0.1924878001926978,-0.630277037029824,11.294427721989793,-1.1651741651632677,-1.0447587733896426,-1.0371541553011265,-0.9092273799426355,-1.1364387259194069,-1.1615347530681872,1.0947489990536203,4.219727973997531,5.538233875966348,4.897998932543455,3.671641058333079,7.901143903761767,-0.6580168343017513,-1.177142244278816,5.0364413010877165,0.0,-0.7194028711671846,1,0.01634877384196185,1.0,3.0,0.011695906432748537,1.0,4.0,0.025454545454545455,0.375,1.0,3.0,0.875,0.6666666666666666,1.0
3,1,1,1,2,2,1,1,1,1,100,1,0,0,1,1,9920,11,18.23187281505609,8.0,4,5,1880513,47524923515,1521890,797767,0.0,1,22.183156951686243,-1.5396884472199759,-1.5615677829763297,-1.2506563800473443,-0.5751401678702954,-0.5685618391715236,-0.8106776566015153,-1.241841191674491,-0.39585677376326645,-0.5743822745273086,9.207661650640983,-1.4705761279386833,-1.2390124900665176,-1.2284814738863252,-0.6832688763408976,-0.9174275015925398,-0.9375421316899242,1.6776930738766478,3.917707832058559,7.18176426525341,5.6634184318291085,1.5651077795402322,1.5575931098928069,-0.6138915919605795,-1.6973400154540048,1.1153083463011289,0.0,-0.5541864220096812,1,0.03,1.0,1.0,1.0,0.5,2.0,0.00020159258139300473,0.5,1.0,1.0,1.0,1.0,1.0
3,1,1,1,2,2,1,1,1,1,102,1,0,0,1,0,6065,11,18.53486450948253,8.0,4,5,1927645,48501230086,1557865,818410,0.0,1,22.244357037766424,-1.5870744272349067,-1.6098672028293681,-1.2548122287822898,-0.5743000193954186,-0.5696226907216162,-0.8102789813427087,-1.2326801212821221,-0.3973860983837224,-0.5620313863049502,9.52068959771005,-1.5163381680342876,-1.2135315172786554,-1.2032091310083015,-0.6911352360315273,-0.9321966987405265,-0.9522662199867903,1.699345244950428,4.02887017788704,7.226748838485086,5.394514190640188,1.4781064294841586,1.5883425241036515,-0.6481805316736687,-1.6772118093335957,1.1301128226091286,0.0,-0.554674602945843,1,0.029411764705882353,1.0,1.0,1.0,1.0,2.0,0.0003297065611605671,0.5,1.0,1.0,1.0,1.0,1.0
32,2,3,1,13,14,3,1,3,1,1984,1,0,218,3,8,53967,29,32.84824915743036,12.782191684113332,5,10,10908279,27519793522,5746484,5051768,0.0,12,20.24622596312534,-0.524321724100431,-0.49062734488956317,-1.1786148069323847,-0.7963768402505922,-0.7846529426730215,-1.2729013457655696,-1.1347525587092857,-0.3014018985447511,-0.8378770391822143,5.3408994783213934,-0.3557747936352979,-1.3464359587033623,-1.3369698410520532,-0.8839880007393,-1.0051088350626458,-1.0329263251980676,0.5324520095886043,2.680553331184566,4.193142964526301,6.899802074760354,5.834573537250768,10.0358459347378,-0.1631893477391147,-1.272212078945019,6.3510562672386435,0.0,-0.780745982154885,1,0.016129032258064516,1.0,3.0,0.0091324200913242,0.3333333333333333,4.666666666666667,0.00024088348651052477,0.21428571428571427,1.0,3.0,0.9285714285714286,0.6666666666666666,1.0
4,1,1,1,2,2,1,1,1,1,115,1,0,13,1,0,161,11,19.0,8.0,4,5,2000000,50000000000,1645474,866721,0.0,1,22.33830790368868,-1.65640190004745,-1.6807266679823663,-1.261192049666504,-0.572345368875783,-0.5706187839634351,-0.8096669579259836,-1.2150511814479683,-0.26731339625215045,-0.5430710103035288,11.3101871281167,-1.586589430225623,-1.1744145876909309,-1.1643742119279898,-0.7032112207551815,-0.954869524056686,-0.9748640920649884,1.7325844175034433,4.199520242575713,7.295806578088952,6.033361926939781,1.344546941292187,1.6355472631284642,-0.7008189474657677,-1.6421394672676468,1.1945838030641018,0.0,-0.554765947829496,1,0.034782608695652174,1.0,1.0,0.07142857142857142,1.0,2.0,0.012345679012345678,0.5,1.0,1.0,1.0,1.0,1.0
3,1,1,1,7,7,4,1,1,1,71,1,0,0,1,11,73138,16,13.26313088651614,8.0,4,5,1107598,31514532856,931943,459244,0.0,5,21.179540551202138,-0.7626087118468916,-0.7695086045812342,-1.1825048754423022,-0.5889177103907974,-0.5511650006645157,-0.817215507343773,-1.3920730145468492,-0.370777474548836,-0.776923721352482,4.074335840007423,-0.7201272821741794,-1.6568733760248044,-1.6429210509452907,-0.5542689336401689,-0.6752283572925993,-0.6960827246304213,1.322620468794628,2.0947634452878443,6.444065050174849,10.07316233747262,2.9918375012294884,1.0533353811234214,-0.05158940489859598,-2.0274212141683488,0.8725306612530912,0.0,-0.5461807732383064,1,0.04225352112676056,1.0,1.0,1.0,0.3333333333333333,7.0,9.570817211063865e-05,0.14285714285714285,1.0,1.0,1.0,1.0,1.0
18,1,2,1,12,12,4,1,2,1,1047,1,0,112,2,13,83371,24,21.778072649925555,10.465177996496045,4,8,5913828,24360896550,3226080,2718935,0.0,10,20.37908202618461,-0.3925130609886229,-0.37372061799589856,-1.1588142947886784,-0.7002449857741462,-0.6659904529461365,-1.054197866219441,-1.3072291796688897,-0.32703493172628695,-0.872791753564779,3.093853547433736,-0.2935197121590993,-1.629805720489017,-1.617077361944794,-0.6831894404474806,-0.7682129549867737,-0.7928921299372642,0.8023141667809004,1.8166861325155717,5.049004183858205,9.840469449326354,4.911217489241078,5.523290097095117,0.06980202953948411,-1.743146806214761,3.619412714304338,0.0,-0.6645497515016136,1,0.017191977077363897,1.0,2.0,0.008849557522123894,0.2857142857142857,6.0,0.00014393321498824545,0.16666666666666666,1.0,2.0,1.0,0.5,1.0
5,1,1,1,2,2,1,1,1,1,191,1,0,9,1,0,155,11,19.82102929827382,8.217331284837188,4,5,2434662,49596008570,1823696,1054108,0.0,1,22.281948387700613,-1.6381928248750426,-1.6603348925840848,-1.260068371989315,-0.5826298743131368,-0.5816206227364511,-0.83046687383563,-1.2090097011379866,-0.3962325412494294,-0.5486551816615662,9.987470481849911,-1.5596044253888943,-1.1661121765869749,-1.1562664116947678,-0.7164033082589293,-0.9664961693082326,-0.9868231656511717,1.691741113335621,4.200814229232975,7.183261751644037,4.898759921264505,1.4935606368320933,2.0367599615518657,-0.6980781468196822,-1.616577050652126,1.398443526389956,0.0,-0.5659728414656741,1,0.02617801047120419,1.0,1.0,0.1,1.0,2.0,0.01282051282051282,0.5,1.0,1.0,1.0,1.0,1.0
11,4,4,1,8,9,2,2,4,1,103,1,0,5758,1,0,5850,10,12.228204876216735,17.673993033976096,3,3,3311981,37907508707,2790077,2381092,6.656892755221867e+19,6,26.310174969671035,-1.883645714546642,-1.8846459537674778,-1.9526572197682686,-0.46573988340070277,-0.4857701515442441,-0.6372073389388967,-1.2459368139656892,-0.5070105490962704,-0.6874308401492968,20.84667522232842,-1.7601584215288613,-1.901147277460493,-1.9019347993048652,-0.6955407191596382,-0.7861701712740239,-0.8148170188695397,6.606498019912652,5.884807350425119,16.93598643872197,12.394225514016654,2.4539376202269283,6.223499276098331,-0.12900643047403643,2.3959543119473476,6.398202516350889,0.0,-0.7241629276202889,1,0.10679611650485436,1.0,4.0,0.0006945650286508074,2.0,9.0,0.001367287643137925,0.4444444444444444,1.0,4.0,0.8888888888888888,1.0,1.0
21,1,2,1,12,12,4,1,2,1,1226,1,0,133,2,12,77769,25,23.887128336473577,10.906608256471213,4,8,6865355,24962719802,3706260,3163379,0.0,10,20.35377070119376,-0.41762483859070465,-0.3959933249381634,-1.1625866269375773,-0.7185597284708418,-0.6885976623766971,-1.095864574685372,-1.2743694688969038,-0.32215140576278106,-0.8661399104922836,3.5219537674492347,-0.30538035715557926,-1.5758189925371517,-1.5637121460077934,-0.7214449592413334,-0.8133456231655606,-0.8386227001894708,0.7509008657531631,1.9812674313358754,4.8859481593852285,9.280222623598677,5.08713241909275,6.383008236529819,0.025413235121169664,-1.6534257828988406,4.139836969963917,0.0,-0.6866870969042448,1,0.017128874388254486,1.0,2.0,0.007462686567164179,0.3076923076923077,6.0,0.0001543011444001543,0.16666666666666666,1.0,2.0,1.0,0.5,1.0
3,1,1,1,4,4,2,1,1,1,109,1,0,19,1,3,23620,12,17.156675752918332,8.0,4,5,1713260,44060399648,1441861,748960,0.0,3,21.965982177702585,-1.3665089330729543,-1.3853376483963058,-1.2359089251411601,-0.5771435572068334,-0.5638670453871374,-0.812092396592416,-1.2691060812684485,-0.1956609219772315,-0.6182106664461355,10.022109435981113,-1.308184841400732,-1.3294343319383997,-1.3181066878402774,-0.6553542932527558,-0.86501749275151,-0.885283805522358,1.6008581270590394,3.523236861884358,7.022131899515536,8.16446457364744,1.8738409814828962,1.4484756640019478,-0.49221377728278337,-1.7626296939890655,1.1241717646656975,0.0,-0.5514861297676565,1,0.027522935779816515,1.0,1.0,0.05,0.5,4.0,0.00016934084077727446,0.25,1.0,1.0,1.0,1.0,1.0
15,5,5,2,11,12,3,3,5,2,92,1,1,8668,2,1,8731,10,8.791651517669038,22.583354974758514,2,2,3977785,31770806281,3356978,3142439,1.0035135412786017e+20,8,28.325819692496157,-2.0004407890569302,-1.9895483473066515,-2.303562247046236,-0.4119263901679995,-0.4429838481670318,-0.5496874609729463,-1.2631480422770813,-0.6857510683589144,-0.7606906256312129,25.12184244024335,-1.848241284211458,-2.2699498800411084,-2.2762488479410825,-0.6916480898733016,-0.7005585547391473,-0.7335987245567456,9.07991368790957,6.740057541066056,21.82818885646932,15.16877211265163,3.016931655626029,8.551795039750834,0.16117721947515207,4.4434085622077655,9.020937303671296,0.0,-0.8104123374969135,1,0.16304347826086957,1.0,5.0,0.0005767677932864229,1.5,6.0,0.0012597343105817682,0.4166666666666667,1.0,2.5,0.9166666666666666,1.0,1.0
27,2,3,1,12,13,3,1,3,1,1648,1,0,180,3,10,64519,27,28.875771090342354,11.950742786350725,4,9,9116045,26386238973,4842049,4214643,0.0,11,20.293900704013602,-0.4770228375010275,-0.4486759443707644,-1.1715094911178936,-0.761880399909529,-0.7420714953486233,-1.1944206842238276,-1.1966449407668789,-0.31060018567572495,-0.8504060116886015,4.5345581638772074,-0.3334348656710672,-1.4481217956732007,-1.43748503901827,-0.811932430882637,-0.9200999206025251,-0.9467912418614799,0.6292907094825668,2.370558861153949,4.500264528483507,7.955046012392723,5.503231787971079,8.416537599464833,-0.0795815447892339,-1.4412046757514807,5.370819493798093,0.0,-0.739049539696583,1,0.016383495145631068,1.0,3.0,0.011049723756906077,0.2727272727272727,4.333333333333333,0.00018598884066955984,0.23076923076923078,1.0,3.0,0.9230769230769231,0.6666666666666666,1.0
54,3,5,1,14,15,1,1,5,1,3408,1,0,381,4,0,421,35,50.33248303436296,16.293892567919606,5,13,18587785,34582700467,9654982,8637965,0.0,14,20.1874911396174,-0.8340278092949274,-0.7798953845748792,-1.2183097654037702,-0.9400213133058232,-0.9668800817992947,-1.6034425439195261,-0.8514775559922286,-0.24689939426536253,-0.7561766262718518,9.666006727853087,-0.5567757463453533,-0.8575743048825967,-0.853533137449513,-1.2066534959188582,-1.3985706999544831,-1.431038716058481,0.17390418819107212,4.24890193342473,3.000821158440085,1.9688288846362478,7.031273465191096,16.946803625053764,-0.5962233015800549,-0.5109429641098469,10.531735383857407,0.0,-0.9578969232339907,1,0.01584507042253521,1.0,5.0,0.007853403141361256,1.0,3.75,0.03317535545023697,0.3333333333333333,1.0,5.0,0.9333333333333333,0.6,1.0
4,1,1,1,2,2,1,1,1,1,105,1,0,0,1,0,148,11,19.0,8.0,4,5,2000000,50000000000,1614610,850879,0.0,1,22.33830790368868,-1.6596584543675366,-1.6838595736820259,-1.261192049666504,-0.5729790938557587,-0.5712215925226866,-0.8096669579259836,-1.2184493873639337,-0.39352454698489403,-0.5430710103035288,10.062609944178542,-1.586589430225623,-1.1744145876909309,-1.1644106837787715,-0.7032112207551815,-0.954869524056686,-0.9748695292811831,1.7325844175034433,4.199520242575713,7.295806578088952,5.0310205724439765,1.344546941292187,1.6355472631284642,-0.7008189474657677,-1.6461164810225513,1.1547972104653723,0.0,-0.5553931724198153,1,0.0380952380952381,1.0,1.0,1.0,1.0,2.0,0.013422818791946308,0.5,1.0,1.0,1.0,1.0,1.0
6,2,2,1,3,3,1,1,2,1,257,1,0,39,1,0,183,12,20.269953900950547,8.336164267898674,5,5,2672328,49375113052,1996512,1195252,0.0,2,22.251131980326125,-1.6202843300823346,-1.6415348691714344,-1.2594539644939562,-0.586705788701404,-0.5861642565033471,-0.8418399076665531,-1.19740834148968,-0.15853186091610816,-0.5517085098600316,12.310655335534543,-1.5448494920387357,-1.161572561966719,-1.1517441473485626,-0.7236165132609285,-0.972853417595215,-0.993348903010615,1.6694087018929429,4.2015217587294265,7.121724189462847,6.725968172788713,1.5750387451094578,2.2561361173203167,-0.6965795244883636,-1.592888606594817,1.6070642471397072,0.0,-0.5705689748657217,1,0.023346303501945526,1.0,2.0,0.05,1.0,3.0,0.016304347826086956,0.6666666666666666,1.0,2.0,1.0,1.0,1.0
13,1,1,1,4,4,1,1,1,1,692,1,0,67,1,0,196,15,24.576675902585002,9.476178915390147,4,6,4952357,47255969701,3043582,2235785,0.0,3,21.955497259351375,-1.512929485100977,-1.5231801474893225,-1.2535596956959132,-0.6383494827627341,-0.6416831271351267,-0.9509461912895094,-1.1533638460021622,-0.37595203282943346,-0.5810003678961816,9.907758688920064,-1.4032992278899512,-1.1180221349074204,-1.1090819651151795,-0.7928158142107581,-1.0338411667721443,-1.0560606437853806,1.4551645122533872,4.208309385941229,6.531368545346975,4.4183010333141235,2.3566924113986483,4.360703590451955,-0.6822026119111786,-1.444342540622912,2.8210535344573504,0.0,-0.6270747020991658,1,0.01878612716763006,1.0,1.0,0.014705882352941176,1.0,4.0,0.02030456852791878,0.25,1.0,1.0,1.0,1.0,1.0
20,1,2,1,5,6,1,1,2,1,1194,1,0,125,2,0,237,19,29.33687699281427,10.736232145156718,4,7,7472464,44913689775,4264635,3418593,0.0,5,21.628733488539247,-1.3875461805430402,-1.3858940492038987,-1.2470447860388931,-0.6941224539184281,-0.7018031534342397,-1.0715408918659,-1.0976646987938388,-0.3556521017530259,-0.6133765311371814,9.827970555953073,-1.2468443367993336,-1.0698860373629429,-1.0618523299596982,-0.8693015004703936,-1.1012506605849492,-1.12536443069848,1.2183613416028423,4.215811720766052,5.878851020492373,3.9373820095669805,3.2206508078401654,6.686872861712153,-0.6663118729923272,-1.271943081488812,4.245025977076295,0.0,-0.6882350800252528,1,0.01675041876046901,1.0,2.0,0.007936507936507936,1.0,3.0,0.02100840336134454,0.3333333333333333,1.0,2.0,0.8333333333333334,0.5,1.0
26,2,3,1,7,8,1,1,3,1,1581,1,0,183,2,0,283,22,32.90440011008518,11.680576499728428,5,8,9361152,43158272803,5215154,4323218,0.0,7,21.383841038795545,-1.2898425474104642,-1.2794117200681125,-1.24216220012124,-0.7351944927175059,-0.7461685460400455,-1.161920347265318,-1.0520232382585093,-0.19567028136570966,-0.6376407814538083,11.199182963149308,-1.1295895338622173,-1.0338105360322083,-1.026414340703862,-0.9266235439512158,-1.1517705699212013,-1.1772977775280713,1.0408896824174994,4.221434330486468,5.38982307603823,4.72667462769832,3.868142687540771,8.430215735806215,-0.6544025907227438,-1.1381768968607564,5.357855702864342,0.0,-0.7333521561222311,1,0.01644528779253637,1.0,3.0,0.010869565217391304,1.0,4.0,0.02464788732394366,0.375,1.0,3.0,0.875,0.6666666666666666,1.0
49,3,5,1,12,14,1,1,5,1,3070,1,0,344,4,0,396,33,47.10799311759124,15.440351119362388,5,12,16880702,36169326296,8833539,7839664,0.0,13,20.40883609210538,-0.9183612401923704,-0.8723143496474495,-1.222722868989007,-0.9021248894397538,-0.9260447171373842,-1.5217534747701498,-0.8885818969073682,-0.2374211424858751,-0.734245491444661,9.949670245683839,-0.662755978942421,-0.8901809864539905,-0.8855190821523845,-1.1548432216370041,-1.3529085043929914,-1.3840923536089573,0.33431115872631845,4.243819962613762,3.4428268929728594,2.479076961212,6.446040806941829,15.371090915084729,-0.6069874534389044,-0.6269918434042507,9.574480192082289,0.0,-0.9163523459811989,1,0.015960912052117263,1.0,5.0,0.008695652173913044,1.0,3.5,0.030226700251889168,0.35714285714285715,1.0,5.0,0.8571428571428571,0.6,1.0
4,1,1,1,2,2,1,1,1,1,121,1,0,21,1,0,169,11,19.0,8.0,4,5,2000000,50000000000,1663619,876034,0.0,1,22.33830790368868,-1.6544874213754188,-1.6788848804505296,-1.261192049666504,-0.5719728116146885,-0.5702644019950809,-0.8096669579259836,-1.2130534279607446,-0.19311578353002035,-0.5430710103035288,12.043618748044034,-1.586589430225623,-1.1744145876909309,-1.1643527706825543,-0.7032112207551815,-0.954869524056686,-0.974860895608422,1.7325844175034433,4.199520242575713,7.295806578088952,6.622623138841247,1.344546941292187,1.6355472631284642,-0.7008189474657677,-1.6398014414698958,1.2179737347146324,0.0,-0.5543972120484486,1,0.03305785123966942,1.0,1.0,0.045454545454545456,1.0,2.0,0.011764705882352941,0.5,1.0,1.0,1.0,1.0,1.0
3,1,1,1,8,8,4,1,1,1,70,1,0,6,1,13,86006,16,12.252186083481359,8.0,4,5,950340,28257044046,826901,398061,0.0,6,20.975343835232223,-0.6029218398710312,-0.6068340501122818,-1.1686387076295348,-0.5914131394283015,-0.5473326757260587,-0.8185457044693147,-1.4209890134197456,-0.30438158681254546,-0.8181329904213672,3.6357784991917943,-0.5674402697512968,-1.7418917362307593,-1.7272255962924106,-0.528022486643996,-0.6259502966183061,-0.6469525310437721,1.250377069968485,1.723865503609313,6.293972089338452,11.45715031891732,3.282121242711881,0.9507386398112136,0.06281711528717754,-2.0926484400202994,0.8424568658575627,0.0,-0.5442473309910271,1,0.04285714285714286,1.0,1.0,0.14285714285714285,0.2857142857142857,8.0,9.301568476984432e-05,0.125,1.0,1.0,1.0,1.0,1.0
3,1,1,1,7,7,3,1,1,1,84,1,0,11,1,9,63049,15,14.056960017644915,8.0,4,5,1231082,34072426723,1053197,527187,0.0,5,21.33988293698932,-0.8839097051044701,-0.893310951183385,-1.193393074198408,-0.5861621608799736,-0.5534170599114505,-0.816170990150323,-1.3650985180845885,-0.26437411708079,-0.7445647654913877,5.985846373018684,-0.8400224515666621,-1.5901139933070871,-1.576676366563353,-0.5748785595580665,-0.7139232098417739,-0.7346546368419296,1.3793485061195039,2.38600544969428,6.561923279755364,10.24549450822475,2.7638965794402606,1.1338979219941234,-0.1414253961830919,-1.9712068078084635,0.9461234531077736,0.0,-0.5469110934265213,1,0.03571428571428571,1.0,1.0,0.08333333333333333,0.3,7.0,0.00011102299762093577,0.14285714285714285,1.0,1.0,1.0,1.0,1.0
19,2,3,1,6,6,1,1,3,1,1141,1,0,135,2,0,250,18,28.70373862819788,10.568636695699439,5,7,7137273,45225228563,4145030,3283241,0.0,5,21.672195240584244,-1.3997068062390252,-1.3998093013280073,-1.247911312298537,-0.685825429037862,-0.6929708162093854,-1.055500995639444,-1.10036042637696,-0.18332261454292598,-0.6090702863675991,11.568721849585419,-1.2676538765653476,-1.0762884580801857,-1.0680836060274297,-0.85912839614201,-1.0922847501405646,-1.1161390263622832,1.2498577362634384,4.214813860400122,5.9656401856429735,5.391393543496557,3.105738602273397,6.377476897064861,-0.6684254468227014,-1.289358035537179,4.110804195116966,0.0,-0.6792305089930586,1,0.016652059596844872,1.0,3.0,0.014705882352941176,1.0,3.0,0.02390438247011952,0.5,1.0,3.0,1.0,0.6666666666666666,1.0
40,3,4,1,10,12,1,1,4,1,2476,1,0,280,3,0,351,28,41.44671080840286,13.94177639045958,5,10,13883552,38954987586,7391319,6438075,0.0,11,20.797454539082224,-1.0664266312266375,-1.034575626780754,-1.2304710170374062,-0.8355896049289936,-0.8543494929261753,-1.378330826857999,-0.9537265102381116,-0.22078004249602998,-0.6957406895000777,10.447702274534208,-0.8488269642491884,-0.9474289960015854,-0.9416772552473525,-1.0638791942103913,-1.2727387452672492,-1.3016679646121627,0.6159399335096707,4.234897474967483,4.218862579254514,3.3749266874557593,5.4185395957664095,12.604589942973753,-0.6258862262882026,-0.8307404933638406,7.893813785160825,0.0,-0.8434119472469355,1,0.01615508885298869,1.0,4.0,0.010676156583629894,1.0,4.0,0.028409090909090908,0.3333333333333333,1.0,4.0,0.8333333333333334,0.75,1.0
19,1,2,1,5,6,1,1,2,1,1108,1,0,115,2,0,230,18,28.517752496162057,10.519405072513486,4,7,7038810,45316743937,4054519,3215058,0.0,5,21.684962249513244,-1.4091218523030886,-1.4095179264359377,-1.2481658567651897,-0.6845251688334599,-0.6914578370605133,-1.0507892321069627,-1.1072492804230947,-0.3591452673798243,-0.6078053151495315,9.841700315057064,-1.2737667359762153,-1.0781691867351102,-1.0699794973609265,-0.856140018828973,-1.0896509893436792,-1.1134387938408676,1.259109888625975,4.214520736179347,5.991134741068877,4.020137453253159,3.071982826551265,6.286590983419259,-0.6690463149353479,-1.301609185401143,3.9999920618702687,0.0,-0.6777107423272939,1,0.017148014440433214,1.0,2.0,0.008620689655172414,1.0,3.0,0.021645021645021644,0.3333333333333333,1.0,2.0,0.8333333333333334,0.5,1.0
5,1,1,1,11,11,5,1,1,1,216,1,0,18,2,17,109500,19,11.940792931482655,8.406212474031253,4,6,1475613,21553809138,986377,645911,0.0,8,20.497141774709768,-0.27538406241612207,-0.2698339118859337,-1.1412189857713364,-0.6148194334628219,-0.5605435250910235,-0.8598516150794079,-1.4604969043633633,-0.34981318799599953,-0.9038179807832867,1.097063401644709,-0.23819804226877367,-1.88161630440737,-1.8659890240482342,-0.5047540195386881,-0.5577004094213799,-0.5795907865331117,1.0421215017338086,1.0490287002123506,5.809547270865698,12.45363171488676,4.090696541103578,1.5133021813749572,0.27684492074551137,-2.1616330551142617,1.1919950752921125,0.0,-0.5612944129449042,1,0.023148148148148147,1.0,1.0,0.05263157894736842,0.2777777777777778,5.5,0.00010045570360088036,0.09090909090909091,1.0,1.0,1.0,1.0,1.0
8,3,3,1,6,6,1,2,3,1,112,1,0,3131,1,0,3249,10,15.33055683374076,13.24206166608463,4,4,2710925,43447422917,2278308,1693786,3.6071808409234047e+19,4,24.49054969425493,-1.7782088450346603,-1.7899452138136698,-1.63587735788337,-0.5143200678626825,-0.5243955294122621,-0.7162159956951167,-1.2303993605138375,-0.3456523678115003,-0.6212954960457904,16.98726377037123,-1.680641529760547,-1.5682103616957241,-1.5640224201395772,-0.6990547941139363,-0.8634561431281066,-0.8881369147243046,4.3736195690965545,5.112729391411848,12.519545847292799,9.88950081649167,1.9456941956194098,4.121627963058455,-0.390970008668493,0.5476129540466381,4.030526082265659,0.0,-0.6463011871935034,1,0.07142857142857142,1.0,3.0,0.0009578544061302681,1.0,6.0,0.0018461538461538461,0.5,1.0,3.0,1.0,1.0,1.0
28,2,3,1,7,8,1,1,3,1,1701,1,0,183,2,0,279,23,34.151962214612375,12.010813527397394,4,9,10021627,42544403847,5499768,4615039,0.0,7,21.298202199202322,-1.260717232481089,-1.247025070670761,-1.2404547608243583,-0.7505384758673284,-0.7626163511710248,-1.1935260243352888,-1.0413233519671152,-0.3351181166803864,-0.6461259848273306,9.747262482356604,-1.0885855532545021,-1.0211949405945326,-1.0140781469036793,-0.9466690508337166,-1.169437371884428,-1.1954672759049287,0.9788278794945311,4.223400555955837,5.218810103872115,3.450918089191946,4.094570465455634,9.039862382351584,-0.6502379171485987,-1.0975558923369748,5.685416526705785,0.0,-0.7501006244275599,1,0.01646090534979424,1.0,3.0,0.010869565217391304,1.0,4.0,0.025,0.375,1.0,3.0,0.875,0.6666666666666666,1.0
37,2,4,1,9,11,1,1,4,1,2296,1,0,252,3,0,328,27,39.79850537196798,13.505486716109171,5,10,13010973,39765995028,6948180,6018085,0.0,10,20.91059552058151,-1.1119877508943872,-1.0841765136077504,-1.2327267850839754,-0.8166962878326642,-0.8339306332117746,-1.3365752712989645,-0.9752531098537611,-0.3110383698920508,-0.6845305394973288,9.652617922661912,-0.9029990038677844,-0.9640959762735778,-0.9580544268639992,-1.0373962533612449,-1.2493984089949768,-1.2776753205558626,0.6979323253925205,4.232299813900263,4.444794826957645,2.8804526884013297,5.119396576621416,11.799160767549111,-0.6313883472655659,-0.8930559210429942,7.374530431712197,0.0,-0.8226489699562141,1,0.016114982578397212,1.0,4.0,0.007905138339920948,1.0,3.6666666666666665,0.02735562310030395,0.36363636363636365,1.0,4.0,0.8181818181818182,0.5,1.0
27,2,3,1,8,8,1,1,3,1,1619,1,0,187,2,0,286,22,33.26640212254486,11.77640056185011,5,8,9552801,42980147965,5307375,4412840,0.0,7,21.358991428371375,-1.2803747331234006,-1.2690361716219238,-1.241666756680484,-0.7394489894157859,-0.7507529871667638,-1.1710912884657292,-1.047857665895449,-0.19673437097595387,-0.6401029119451066,11.167337069080292,-1.1176915101526272,-1.0301498998841212,-1.0228233924758532,-0.9324400991398568,-1.1568969021825026,-1.1825682786377176,1.0228813624521336,4.222004865271292,5.340200664571743,4.669390891249538,3.93384467623096,8.607115396462673,-0.6531941376849293,-1.1251485020037104,5.465323337995608,0.0,-0.7380162180236417,1,0.016676961087090797,1.0,3.0,0.010638297872340425,1.0,4.0,0.027874564459930314,0.375,1.0,3.0,1.0,0.6666666666666666,1.0
16,1,2,1,11,12,4,1,2,1,952,1,0,102,2,13,86361,23,20.65243254854977,10.229578905510417,4,7,5405981,24039692899,2969800,2481727,0.0,9,20.392591125356518,-0.3791104637665462,-0.3618332827015712,-1.1568009347955812,-0.6904700855866965,-0.6539245877925752,-1.0319596113261564,-1.3247669850480817,-0.3296413553952747,-0.8763419591654262,2.8653689331436496,-0.2871894773903475,-1.6586193863928078,-1.6455593159588129,-0.6627717974577989,-0.7441248564561556,-0.7684849205577341,0.8297543494892329,1.7288461996630324,5.136030050974168,10.13948303048966,4.817328598238937,5.064443410494914,0.09349310956533263,-1.7910324938355422,3.3416531389477093,0.0,-0.6527346610409184,1,0.01680672268907563,1.0,2.0,0.009708737864077669,0.2857142857142857,6.0,0.00012737083439475695,0.16666666666666666,1.0,2.0,0.9166666666666666,0.5,1.0
3,1,1,1,5,5,2,1,1,1,98,1,0,16,1,6,40925,13,15.796245892138646,8.0,4,5,1501638,39676792319,1271280,651626,0.0,4,21.69119436629617,-1.1547016395697525,-1.1693927462324885,-1.21724920337352,-0.5811017194343756,-0.5592806660220682,-0.8138824447581298,-1.3112360662756593,-0.22581835912048492,-0.6736660385039583,8.250639641402733,-1.1027137113946541,-1.4438436603127056,-1.4315899689115508,-0.620034412161546,-0.7987039363423228,-0.8191743824403088,1.5036400824019371,3.02411897370047,6.820151588422681,9.077804862228982,2.264476225688124,1.310411083145683,-0.3382567601821521,-1.854171808863068,1.046028392695029,0.0,-0.5494781985300253,1,0.030612244897959183,1.0,1.0,0.058823529411764705,0.2857142857142857,5.0,0.00012217172457606413,0.2,1.0,1.0,1.0,1.0,1.0
3,1,1,1,4,4,2,1,1,1,106,1,0,18,1,4,27895,12,16.820614994179323,8.0,4,5,1660984,42977537203,1399723,724916,0.0,3,21.89810260297718,-1.3141871472806697,-1.3319937680837974,-1.2312994995207183,-0.5781213238964278,-0.5627340930948327,-0.8125345839936866,-1.279513258540397,-0.20311057557582082,-0.6319095530607128,9.584511364656759,-1.2574282490621675,-1.3576963444160253,-1.346139943093251,-0.6466293847659038,-0.8486363585791232,-0.8689530974709934,1.5768427986746238,3.3999420555595696,6.9722376281877185,8.390082842708154,1.9703378170364545,1.4143702028273832,-0.45418248035845643,-1.7852429234307507,1.104868365327023,0.0,-0.5509901197088746,1,0.02830188679245283,1.0,1.0,0.05263157894736842,0.4,4.0,0.00014338973329509606,0.25,1.0,1.0,1.0,1.0,1.0
3,1,1,1,10,10,5,1,1,1,53,1,0,0,1,17,113007,18,10.129541397667802,8.0,4,5,620150,21417411170,560749,246194,0.0,7,20.546599285863184,-0.2724442173690861,-0.26990062030366807,-1.1395244104572124,-0.5975889609536135,-0.5401766627135174,-0.8213386718510547,-1.4867233753057074,-0.35143548171396716,-0.9046586204386975,0.8717984852673808,-0.246848804678966,-1.920401749780474,-1.9042907213967426,-0.472913759569411,-0.5224829131335843,-0.5438036516837678,1.0986901864283702,0.9451043462051204,5.97882726170691,12.882212327469475,3.8916196439954938,0.735319927459761,0.3030323984220748,-2.2354793122815653,0.7205317170299503,0.0,-0.5411144061016879,1,0.05660377358490566,1.0,1.0,1.0,0.2777777777777778,10.0,8.848931049129266e-05,0.1,1.0,1.0,1.0,1.0,1.0
3,1,1,1,10,10,5,1,1,1,60,1,0,2,1,15,101366,18,11.044653764562247,8.0,4,5,762501,24366106574,675493,311667,0.0,7,20.731439189587256,-0.4149193858956979,-0.41515900975467857,-1.1520761359409433,-0.5949264472077579,-0.5432617555927923,-0.8201345706614185,-1.458384045650682,-0.3311496555356029,-0.8673557809143123,2.063402671071973,-0.385061863307784,-1.8434426985998342,-1.8279545890182884,-0.49667217660774565,-0.56708966377343,-0.5882730891569852,1.1640852777269564,1.2808430455552966,6.114692171673181,12.267841078087391,3.6288533278311608,0.8281910184392366,0.1994710356641143,-2.1739022153448215,0.7730959602465817,0.0,-0.5424650694180436,1,0.05,1.0,1.0,0.3333333333333333,0.3125,10.0,9.86514348851204e-05,0.1,1.0,1.0,1.0,1.0,1.0
56,3,5,1,14,16,1,1,5,1,3520,1,0,393,4,0,5697,37,51.021886393064634,16.585976221804223,5,13,19107548,32705677199,9884168,8881524,0.0,15,20.028119423183828,-0.7407087732395288,-0.6825502508640509,-1.211120822038426,-0.9541941477577781,-0.9794582414242756,-1.631941483630379,-0.8516019207024892,-0.25932077671490517,-0.7805584089919598,9.029819666005459,-0.4579774338602552,-0.8812347714639952,-0.8771241946681437,-1.213634071848214,-1.3940149906416968,-1.4269845758375141,0.08942592548654216,4.098742921723675,2.788096593888849,2.0721805766029253,7.350424512569982,17.443998166390575,-0.5456855768481531,-0.49909008859007714,10.835528484500223,0.0,-0.971502483879049,1,0.015909090909090907,1.0,5.0,0.007614213197969543,1.0,4.0,0.002457002457002457,0.3125,1.0,5.0,0.875,0.6,1.0
3,1,1,1,3,3,1,1,1,1,121,1,0,23,1,0,4835,11,18.63344077912927,8.0,4,5,1942979,48818864732,1627028,854617,0.0,2,22.264268066018413,-1.5964286168136932,-1.6197487623373803,-1.2561643056644054,-0.5728469185382633,-0.5688456222609117,-0.8101492750816576,-1.2233734123473308,-0.16292461580133857,-0.5580131095330781,11.94506387342864,-1.5312265339104165,-1.2052414575489578,-1.1949190503315898,-0.6936945022037225,-0.9370017557348501,-0.9570464790163076,1.7063896303031243,4.065036084671038,7.241384260849464,7.173021329058843,1.4498011369612316,1.5983466351155569,-0.6593362030311184,-1.6632594893437243,1.2089974525481566,0.0,-0.5536657663018553,1,0.024793388429752067,1.0,1.0,0.041666666666666664,1.0,3.0,0.0006203473945409429,0.3333333333333333,1.0,1.0,1.0,1.0,1.0
11,1,1,1,11,11,5,1,1,1,577,1,0,59,2,15,98146,21,16.215194887526692,9.300854743900935,4,7,3404064,22773518272,1959552,1546662,0.0,9,20.445843566824113,-0.32627784961515305,-0.3149737831219722,-1.1488643334114896,-0.651937738354681,-0.6063613291570922,-0.9442971142213468,-1.3939004589045396,-0.33991579502342856,-0.8903367573041145,1.9646898135447923,-0.26223589223938115,-1.7722019456354747,-1.75783427742835,-0.5822860948674162,-0.6491703342675299,-0.6722724735003137,0.9379226814364973,1.3825839638750175,5.4790832653880575,11.3181851057565,4.4472215608322205,3.2556842911906028,0.18688259737100266,-1.979796359191103,2.246733682030845,0.0,-0.606159948309456,1,0.019064124783362217,1.0,1.0,0.016666666666666666,0.3125,5.5,0.00011207678278500617,0.09090909090909091,1.0,1.0,1.0,1.0,1.0
20,1,2,1,5,6,1,1,2,1,1166,1,0,122,2,0,235,19,29.075632781079197,10.667079265579787,4,7,7334158,45042236250,4197623,3353679,0.0,5,21.646666584665084,-1.394427331558112,-1.3934284364805993,-1.247402330269822,-0.6910615819910636,-0.6985037111244932,-1.0649225438393486,-1.1007215191951074,-0.35676618063158794,-0.6115996975361258,9.832349402037025,-1.2554307250464523,-1.0725277906461859,-1.0644443357537507,-0.8651038956975767,-1.0975511655970729,-1.1215609751638955,1.2313573172938583,4.215399985734205,5.914661782095251,3.963775287683971,3.1732359768336478,6.559210553731074,-0.6671839713520508,-1.2814045222874972,4.166877060412243,0.0,-0.6848785422618555,1,0.017152658662092625,1.0,2.0,0.008130081300813009,1.0,3.0,0.0211864406779661,0.3333333333333333,1.0,2.0,0.8333333333333334,0.5,1.0
32,2,3,1,13,14,3,1,3,1,1963,1,0,216,3,8,54599,28,32.610525349245016,12.732435538214073,5,10,10801027,27451958559,5692360,5001673,0.0,12,20.249078948281408,-0.5214912310793381,-0.4881168598669616,-1.1781896056587076,-0.7943124801639605,-0.782104753949246,-1.2682048511806958,-1.1384563658825193,-0.30195234887037375,-0.8386268067093265,5.292645837966528,-0.35443791205645603,-1.3525211136103859,-1.34298494176186,-0.8796760009804573,-1.000021672205136,-1.0277717693557629,0.5382470987318871,2.6620024255061625,4.211521947752071,6.9629507198080915,5.81474515277153,9.938942153877017,-0.15818603117560115,-1.2823250520035243,6.292396253320322,0.0,-0.7782507545106869,1,0.0163015792154865,1.0,3.0,0.009216589861751152,0.3333333333333333,4.666666666666667,0.0002380952380952381,0.21428571428571427,1.0,3.0,0.9285714285714286,0.6666666666666666,1.0
18,6,6,2,13,14,3,3,6,2,83,1,1,10716,2,1,10759,10,6.3696782491140205,26.04331678697997,2,2,4447023,27445854016,3750651,3676004,1.2416013157914465e+20,10,29.746381845399707,-2.0833725385234003,-2.0640750378269344,-2.5508689253362453,-0.3741206772325615,-0.4129438772274134,-0.4880062406381893,-1.2759231657272574,-0.8356846938030565,-0.8123217873170773,27.89797352968691,-1.9103192782296297,-2.5298701989274863,-2.5400603830388158,-0.6889046888280503,-0.6402222162360603,-0.6763596918544726,10.823098211732978,7.3428106147253915,25.276057183807524,16.933875175475883,3.4137119066007395,10.19270368062215,0.36568940648966575,5.885633962792901,10.861803125679529,0.0,-0.8713172600400532,1,0.21686746987951808,1.0,6.0,0.0005598581692637865,1.5,7.0,0.0012081784386617101,0.42857142857142855,1.0,3.0,0.9285714285714286,1.0,1.0
3,1,1,1,6,6,3,1,1,1,88,1,0,12,1,8,56454,14,14.575457123948508,8.0,4,5,1311737,35743139621,1118209,564283,0.0,4,21.444612103239805,-0.964635269825951,-0.9756134719680887,-1.200504805585579,-0.5846535967706232,-0.5551650547899487,-0.8154887537331256,-1.349041626109038,-0.2528802912371351,-0.7234292032915908,6.661002063784469,-0.9183331307192226,-1.5465094625580948,-1.5334247778224457,-0.5883399342814085,-0.7391971236965889,-0.7598507498909312,1.4164009674689715,2.5762329565937447,6.638903512144504,9.897395491617889,2.6150147814293536,1.1865181178019135,-0.20010263501998438,-1.936317598863962,0.975906033902035,0.0,-0.5476763710541175,1,0.03409090909090909,1.0,1.0,0.07692307692307693,0.3333333333333333,6.0,0.00010627933752546276,0.16666666666666666,1.0,1.0,1.0,1.0,1.0
4,1,1,1,2,2,1,1,1,1,115,1,0,13,1,0,161,11,19.0,8.0,4,5,2000000,50000000000,1644629,866287,0.0,1,22.33830790368868,-1.6564910544315181,-1.6808124372496784,-1.261192049666504,-0.5723627183054885,-0.5706352869971723,-0.8096669579259836,-1.215144213814573,-0.2707686671612506,-0.5430710103035288,11.27603232384234,-1.586589430225623,-1.1744145876909309,-1.1643752104144491,-0.7032112207551815,-0.954869524056686,-0.9748642409191494,1.7325844175034433,4.199520242575713,7.295806578088952,6.005920921108916,1.344546941292187,1.6355472631284642,-0.7008189474657677,-1.6422483456025057,1.193494569227151,0.0,-0.5547831192986397,1,0.034782608695652174,1.0,1.0,0.07142857142857142,1.0,2.0,0.012345679012345678,0.5,1.0,1.0,1.0,1.0,1.0
3,1,1,1,4,4,1,1,1,1,111,1,0,20,1,3,20001,12,17.441183170809865,8.0,4,5,1757517,44977145772,1477534,769316,0.0,3,22.023448698355477,-1.4108043046334204,-1.4304983202491388,-1.2398112426451608,-0.5763157846421321,-0.5648261973348012,-0.811718042870691,-1.2602954151725567,-0.18935408116227337,-0.6066132550931217,10.392577853102953,-1.3511551277305105,-1.305507848451906,-1.2943738691171256,-0.6627407587069446,-0.8788856819533917,-0.8991093042133327,1.6211893882693775,3.627617650401663,7.064372149035656,7.973457234973093,1.792147225802937,1.4773491829786483,-0.5244108898751805,-1.743485442982839,1.1405139294664395,0.0,-0.5519060494917023,1,0.02702702702702703,1.0,1.0,0.047619047619047616,0.25,4.0,0.00019998000199980003,0.25,1.0,1.0,1.0,1.0,1.0
27,2,3,1,8,9,1,1,3,1,1670,1,0,192,2,0,290,22,33.750956074091086,11.904664843141758,5,8,9809329,42741720854,5430816,4532803,0.0,8,21.32572924608791,-1.2677016907993237,-1.2551480913736963,-1.2410035861214175,-0.7451438008147184,-0.7568894421784047,-1.183366954470631,-1.042281883221596,-0.1981586968296687,-0.6433985705815732,11.124710085581455,-1.1017655367998835,-1.025249994221508,-1.0180167668390043,-0.9402257873516223,-1.1637586998207936,-1.189623051957776,0.9987765168999324,4.222768548551953,5.273779112387645,4.592714353826473,4.021789375841774,8.843902559649564,-0.6515765756974906,-1.107709482349119,5.6091730003562095,0.0,-0.744259248578165,1,0.016167664670658683,1.0,3.0,0.010362694300518135,1.0,4.5,0.027491408934707903,0.3333333333333333,1.0,3.0,0.8888888888888888,0.6666666666666666,1.0
13,4,4,2,9,10,2,2,4,2,90,1,1,7145,2,1,7222,10,10.579066281563229,20.02990531205253,2,3,3631488,34962618359,3038253,2734197,8.278049119588134e+19,7,27.277445708317547,-1.9422120340776106,-1.9374095690192334,-2.1210500724800316,-0.44040588316627693,-0.465703986617948,-0.5952081631676206,-1.2568242306919843,-0.690392563852449,-0.7225868604606828,21.933412183401625,-1.8024277632855168,-2.07812884657001,-2.081589415940615,-0.6936727181362264,-0.7450867349795829,-0.7758460618787782,7.79344459490726,6.295226148073817,19.28366417807588,12.950499986652208,2.724108077504143,7.340805484674202,0.010247352819719446,3.375414158939417,7.626034884027272,0.0,-0.7660375049543657,1,0.14444444444444443,1.0,4.0,0.000559753708368318,1.0,5.0,0.001246019659421293,0.4,1.0,2.0,0.9,1.0,1.0
3,1,1,1,6,6,2,1,1,1,96,1,0,15,1,6,44151,14,15.542650882469948,8.0,4,5,1462190,38859652843,1239483,633482,0.0,4,21.639971719911067,-1.1152190655743088,-1.1291388888812879,-1.2137708819557822,-0.5818395525394123,-0.5584257282167758,-0.8142161240568416,-1.3190894325264724,-0.23143994666748524,-0.6840033635058698,7.920423499699961,-1.064412248965223,-1.4651704744114808,-1.4527441603845397,-0.6134505037624101,-0.7863425589104017,-0.80685105709366,1.485517861120599,2.931079406333674,6.782500842565689,9.248058798864056,2.3372937603417547,1.2846747407391126,-0.3095579405180334,-1.8712359914246455,1.0314618430023539,0.0,-0.5491039040836145,1,0.03125,1.0,1.0,0.0625,0.2857142857142857,6.0,0.0001358941837289364,0.16666666666666666,1.0,1.0,1.0,1.0,1.0
38,3,4,1,10,11,1,1,4,1,2387,1,0,270,3,0,344,28,40.59318412949989,13.715842857808795,5,10,13431685,39374969509,7173882,6226764,0.0,10,20.85604483617273,-1.088749800178102,-1.0590390471548563,-1.2316391713017971,-0.8255583721946425,-0.8435403187369853,-1.356707623903918,-0.9635480775841463,-0.2182711369103516,-0.6899354895593794,10.52278837700291,-0.8768800697923136,-0.9560600270638695,-0.9501439764524072,-1.0501649471566692,-1.2606519026549339,-1.2892412013527403,0.658399867442697,4.23355227067765,4.335862072628504,3.5099900176125973,5.263627749218862,12.187496737239194,-0.6287355112989894,-0.8614587827960284,7.640427089656299,0.0,-0.8324150435616218,1,0.015919564306661083,1.0,4.0,0.01107011070110701,1.0,3.6666666666666665,0.028985507246376812,0.36363636363636365,1.0,4.0,0.9090909090909091,0.75,1.0
6,2,2,1,3,3,1,1,2,1,285,1,0,42,1,0,185,12,20.540336332249513,8.4077360879484,5,5,2815472,49242070071,2065392,1262191,0.0,2,22.23257159156567,-1.6132127377764536,-1.6337852823780374,-1.259083913506746,-0.5898835090500235,-0.5895884151967387,-0.8486897628986237,-1.194297039495464,-0.15932663864119012,-0.5535474964001594,12.286869362062285,-1.5359627553148343,-1.1588384011948065,-1.1490620370863556,-0.7279609485943219,-0.9766823194597077,-0.9972854858337528,1.6559581320942804,4.201947896090413,7.084660781532978,6.683182455025236,1.6241121282172637,2.3882640025198003,-0.6956769204717317,-1.583157585892927,1.6873327524866988,0.0,-0.5740526030037634,1,0.021052631578947368,1.0,2.0,0.046511627906976744,1.0,3.0,0.016129032258064516,0.6666666666666666,1.0,2.0,1.0,1.0,1.0
38,2,4,1,10,11,1,1,4,1,2345,1,0,257,3,0,332,27,40.26317110269998,13.628486468361759,5,10,13256972,39537354012,7067373,6133544,0.0,10,20.878698564242246,-1.0997484938273712,-1.0707753685783774,-1.2320908339552203,-0.822140551195897,-0.839799233176857,-1.3483470900947618,-0.9698160527950102,-0.3090567976583085,-0.687690929839148,9.644829425830352,-0.8877267023584134,-0.9593971842443918,-0.9534441189136116,-1.0448623827584507,-1.2559785683426763,-1.2844403908077413,0.6748168484947387,4.2330321522673815,4.38109950679053,2.8335079091038597,5.2037316397826245,12.026229146331488,-0.629837177121356,-0.8762271948740984,7.513531113206495,0.0,-0.8286191235615321,1,0.0162046908315565,1.0,4.0,0.007751937984496124,1.0,3.6666666666666665,0.03003003003003003,0.36363636363636365,1.0,4.0,0.9090909090909091,0.5,1.0
3,1,1,1,5,5,2,1,1,1,85,1,0,0,1,6,42989,13,15.632739241428126,8.0,4,5,1476203,39149937555,1213291,620687,0.0,3,21.658168308875325,-1.1332004350346443,-1.1472440703596423,-1.2150065382443758,-0.5823471578573255,-0.5594616066199338,-0.8140975861547017,-1.3204269947350284,-0.38273786971697765,-0.6803310804958209,6.522434756051748,-1.0780186519479695,-1.4575942303581186,-1.4452735380478579,-0.6157894042951296,-0.7907338764239416,-0.8112354607896167,1.4919556896017099,2.964131247350592,6.795876081740305,7.970141864258871,2.3114256953159638,1.2938174476718032,-0.31975305268114274,-1.8700044721596307,0.9883120882520716,0.0,-0.5499986918358043,1,0.03529411764705882,1.0,1.0,1.0,0.2857142857142857,5.0,0.00011630611770179111,0.2,1.0,1.0,1.0,1.0,1.0
11,3,3,1,12,13,5,2,3,1,66,1,0,5902,2,10,63604,14,7.515681292900439,17.937274828398245,3,4,2643296,22987454965,2252699,2097944,6.8380628949682135e+19,9,25.503632596577795,-1.1849031520288698,-1.1714934659155012,-1.9093663642570595,-0.4760287919935042,-0.4682097020805766,-0.6384719998575532,-1.3870905821636579,-0.6169759551280241,-0.8759443081499054,15.179562611441678,-1.080966151411658,-2.301740051626456,-2.299740771505409,-0.577768816430222,-0.5608525426678294,-0.5904144607250783,6.415550830088973,4.269346220574089,16.526051252017247,15.583097337916062,3.784369768821822,5.888810758505143,0.39900564089407264,2.2010559240445575,6.278753635561382,0.0,-0.7221049038874539,1,0.16666666666666666,1.0,3.0,0.0005082161612739285,0.45454545454545453,6.5,0.00018866441317506486,0.23076923076923078,1.0,3.0,0.9230769230769231,1.0,1.0
6,1,1,1,3,4,1,1,1,1,101,1,0,1704,1,0,1835,10,16.99085777663651,10.870203176233556,3,4,2389255,46412246029,1953119,1299624,1.9750515286479323e+19,2,23.51673189348501,-1.7271946218389134,-1.744471172900846,-1.4663447224574262,-0.5413723220829787,-0.5460688325436718,-0.7584994468010228,-1.227732498525665,-0.4690818089548178,-0.5859015189351399,12.848119162861753,-1.6380860840256157,-1.3900308763448044,-1.3832408139781898,-0.7009354388763326,-0.9048176564892012,-0.9273849212759734,3.178639035611141,4.699532635889039,10.15597763240687,6.882974027890704,1.6736950644280242,2.9967591633008723,-0.5311663441699375,-0.44818344361933615,2.6972729994208233,0.0,-0.6056740903539195,1,0.0594059405940594,1.0,1.0,0.0005865102639296188,1.0,4.0,0.0016339869281045752,0.25,1.0,1.0,0.75,1.0,1.0
40,3,4,1,10,12,1,1,4,1,2471,1,0,279,3,0,350,28,41.395583475044134,13.928242684570506,5,10,13856485,38980145037,7378295,6425418,0.0,11,20.800964172377792,-1.0677638174316098,-1.0360410167673555,-1.230540990963197,-0.8349887213331024,-0.8537020096479565,-1.3770355695063041,-0.9543148346106449,-0.2206297558612766,-0.695392950642092,10.45220002754699,-0.8505073809418389,-0.9479460057369087,-0.9421844226133014,-1.0630576933736737,-1.27201472802588,-1.3009235856918095,0.6184833375417202,4.2348168955200425,4.225870997677033,3.3830171526704436,5.409260179181759,12.579605529599982,-0.6260569020833258,-0.8325805579603311,7.8786355999090425,0.0,-0.8427532187331934,1,0.016187778227438283,1.0,4.0,0.010714285714285714,1.0,4.0,0.02849002849002849,0.3333333333333333,1.0,4.0,0.8333333333333334,0.75,1.0
17,6,6,2,14,15,4,3,6,2,76,1,1,9943,2,4,28650,11,5.8146721354071484,24.741311458371406,2,2,4042338,24348262291,3422295,3372180,1.1520073931078751e+20,10,28.915621112170637,-1.8234716985415456,-1.8028917803966698,-2.4376925230067057,-0.392538670471647,-0.41923305702434444,-0.5131467668784594,-1.3161253886599773,-0.7968249113300124,-0.8526681046954654,25.09156209118407,-1.6654812316321344,-2.5553825779066193,-2.5631059659710744,-0.6518656831954044,-0.5914476546469262,-0.6266389864960177,10.062335434518484,6.577990765320225,23.76088776138146,17.372841490596528,3.6854674564688725,9.426399403236744,0.45468073923660274,5.244713033187739,10.089554306433525,0.0,-0.8461597287610141,1,0.2236842105263158,1.0,6.0,0.0006033789219629927,0.8,7.5,0.0004886391399951136,0.4,1.0,3.0,0.9333333333333333,1.0,1.0
18,6,6,2,14,15,4,3,6,2,78,1,1,11040,2,3,19160,10,5.352843737002149,26.588625051991404,2,2,4422181,24717725010,3739844,3718138,1.2791252071770207e+20,10,29.84198484430634,-1.9968447152643676,-1.9743180605245028,-2.581134445500751,-0.369870885918447,-0.405935770853997,-0.4791206410510347,-1.2968581545513715,-0.8456543694382664,-0.8463485550828376,27.78269566007473,-1.8241785920505817,-2.6242471816998107,-2.634610299395675,-0.6719831747175674,-0.5997543069080759,-0.6364740392034512,11.052446913796828,7.204793747473336,25.72516463968208,17.858761670359225,3.6586152221282737,10.386863896220257,0.46979667284889604,6.071073833079629,11.124196573182475,0.0,-0.879840935492551,1,0.23076923076923078,1.0,6.0,0.0005434290372248891,1.0,7.5,0.0007306508011064141,0.4,1.0,3.0,0.9333333333333333,1.0,1.0
9,3,3,1,6,7,2,2,3,1,96,1,0,4247,1,0,4353,10,13.99386989488842,15.151614435873688,3,3,2969897,41060481955,2460330,1970170,4.921187162230214e+19,4,25.27455788306001,-1.8276976683492934,-1.834654085981383,-1.7723659025973406,-0.49417877342670635,-0.508504842893819,-0.6821741329444462,-1.241330502894415,-0.5725264782080781,-0.6497907318765488,17.094750249604118,-1.714902371889391,-1.7116603740920375,-1.7096616433088525,-0.6975407111994667,-0.830156520600329,-0.8565529041125501,5.335683030017594,5.445388785870905,14.422424223314374,9.719045940798779,2.1646771984288815,5.027245368741564,-0.2780997417800714,1.339035571277634,5.001065886562826,0.0,-0.6806308650092672,1,0.09375,1.0,3.0,0.0007062146892655367,2.0,7.0,0.0013780431786862655,0.42857142857142855,1.0,3.0,0.8571428571428571,1.0,1.0
3,1,1,1,10,10,5,1,1,1,53,1,0,0,1,17,111619,18,10.238601794874596,8.0,4,5,637115,21768828005,572836,253182,0.0,7,20.568627961301395,-0.28959153768835433,-0.28737327499256105,-1.1410202881400064,-0.597304255468785,-0.540575349416016,-0.8211951706169226,-1.4835208146746586,-0.35551142306881534,-0.9002129778677453,0.9496226883831735,-0.2633206300181633,-1.9112299966777355,-1.8951950823942922,-0.4757452177519713,-0.5277990143238626,-0.5491036680392127,1.106483780844105,0.9851166957628945,5.995019241602966,12.757423045942737,3.8603039281881544,0.7463880306104402,0.29069026015987515,-2.228345352003136,0.7247491540245709,0.0,-0.5413076447976022,1,0.05660377358490566,1.0,1.0,1.0,0.2777777777777778,10.0,8.958967926894822e-05,0.1,1.0,1.0,1.0,1.0,1.0
36,2,3,1,9,10,1,1,3,1,2203,1,0,241,3,0,320,26,38.91636976329775,13.27198023146117,5,10,12543960,40200054112,6721900,5798893,0.0,9,20.971149676255394,-1.1352231301539581,-1.109617656445508,-1.2339340941213022,-0.8063607320598712,-0.8227895038797608,-1.3142272911235653,-0.9855749849581299,-0.31480024711459226,-0.6785307579911172,9.667403842816414,-0.9319924072903714,-0.9730163065078541,-0.9668067762218173,-1.0232223253854513,-1.236906433608314,-1.264832304663693,0.7418154524111725,4.23090952038709,4.565715967271883,2.969574090563322,4.959292318111197,11.368087225260112,-0.6343331360219009,-0.9250040885542017,7.110647294510783,0.0,-0.8113150480933183,1,0.016341352700862462,1.0,3.0,0.008264462809917356,1.0,3.3333333333333335,0.028037383177570093,0.3,1.0,3.0,0.9,0.6666666666666666,1.0
55,3,5,1,14,16,1,1,5,1,3470,1,0,387,4,1,7269,36,50.42990038127318,16.46207217282462,5,13,18840466,32536752808,9749388,8756774,0.0,15,20.035224001043037,-0.7336602058799907,-0.6762985757477187,-1.2100619747646328,-0.9490534245634328,-0.9731126755703761,-1.6202461506306154,-0.8608252376839234,-0.26069152243634586,-0.7824254995940076,8.90965719542185,-0.4546482965721675,-0.8963881825255136,-0.8921031549452152,-1.2028962178672917,-1.381346805345747,-1.4141485667775249,0.1038570072368108,4.052546973780946,2.8338644160672746,2.229434975382784,7.301047353682388,17.20268585023181,-0.5332261877748669,-0.524273677200567,10.689451791735555,0.0,-0.9652888030833546,1,0.01585014409221902,1.0,5.0,0.007731958762886598,0.5,4.0,0.0019257221458046766,0.3125,1.0,5.0,0.875,0.6,1.0
4,1,1,1,2,2,1,1,1,1,113,1,0,10,1,0,158,11,19.0,8.0,4,5,2000000,50000000000,1638520,863151,0.0,1,22.33830790368868,-1.657135701142232,-1.6814326072685863,-1.261192049666504,-0.572488166458255,-0.5707546151325927,-0.8096669579259836,-1.2158169009712232,-0.2957526211132684,-0.5430710103035288,11.029069906225997,-1.586589430225623,-1.1744145876909309,-1.1643824301492758,-0.7032112207551815,-0.954869524056686,-0.9748653172357683,1.7325844175034433,4.199520242575713,7.295806578088952,5.807503823257122,1.344546941292187,1.6355472631284642,-0.7008189474657677,-1.6430356098651497,1.1856186692640864,0.0,-0.5549072806757536,1,0.035398230088495575,1.0,1.0,0.09090909090909091,1.0,2.0,0.012578616352201259,0.5,1.0,1.0,1.0,1.0,1.0
24,2,2,1,12,13,4,1,2,1,1463,1,0,159,3,11,70321,26,26.691306826880442,11.493529335858696,4,9,8130496,25762897734,4344701,3754307,0.0,11,20.3201170269187,-0.4510131967344835,-0.42560688428085686,-1.167602280501437,-0.7429108197459469,-0.7186559727464256,-1.151264196606904,-1.2306795394486159,-0.3156583204679966,-0.8572956891735076,4.091151364441453,-0.32115014730081626,-1.504038800930238,-1.492758310307331,-0.7723090988775225,-0.8733535490486228,-0.899425590446564,0.6825422758011046,2.2000930133339027,4.669150566284803,8.53532427499431,5.321027078953009,7.526080527030246,-0.03360564395198623,-1.53413364408785,4.831787643867265,0.0,-0.7161206809526441,1,0.016404647983595352,1.0,2.0,0.0125,0.3333333333333333,4.333333333333333,0.00017064361081880493,0.15384615384615385,1.0,2.0,0.9230769230769231,1.0,1.0
3,1,1,1,8,8,4,1,1,1,77,1,0,8,1,11,73817,16,13.21040603401882,8.0,4,5,1099396,31344641665,947050,466619,0.0,5,21.168890868155515,-0.7521084904696832,-0.7589350289541011,-1.1817816988154117,-0.5886252044356655,-0.5505630960035319,-0.8172848824936586,-1.3913147219964326,-0.2831401698451295,-0.7790729510895129,4.883514783050384,-0.7121640381037948,-1.6613074267147794,-1.6472935489962546,-0.5529000754766988,-0.6726583075009525,-0.6935167604406745,1.3188526839110428,2.0754196203748956,6.436237096366463,10.813838295725695,3.0069769701758484,1.0479845468977018,-0.04562264303047148,-2.028170672135677,0.8974972175752546,0.0,-0.5456616190970695,1,0.03896103896103896,1.0,1.0,0.1111111111111111,0.3333333333333333,8.0,0.00010837465116909155,0.125,1.0,1.0,1.0,1.0,1.0
3,1,1,1,7,7,3,1,1,1,84,1,0,11,1,9,62193,15,14.12427601442365,8.0,4,5,1241554,34289333824,1061637,532003,0.0,5,21.353479827178766,-0.8943902300460517,-0.9039962108630809,-1.1943163836659632,-0.5859663054055825,-0.5536440004597769,-0.8160824160311928,-1.3630138667425429,-0.26288188436808946,-0.7418207551205271,6.073501208025849,-0.850189454162213,-1.584452857659941,-1.5710610530486555,-0.5766262373107428,-0.7172044985567018,-0.7379258247506431,1.384158992694109,2.4107025098822557,6.571917551685783,10.200301136852552,2.7445673941594344,1.1407295530455406,-0.1490434074940682,-1.9666771742803923,0.9499900978555169,0.0,-0.5470104487087164,1,0.03571428571428571,1.0,1.0,0.08333333333333333,0.3,7.0,0.00011255104994050873,0.14285714285714285,1.0,1.0,1.0,1.0,1.0
4,1,1,1,2,2,1,1,1,1,113,1,0,11,1,0,159,11,19.0,8.0,4,5,2000000,50000000000,1640308,864069,0.0,1,22.33830790368868,-1.656947004935213,-1.681251075697371,-1.261192049666504,-0.5724514462048027,-0.5707196862852563,-0.8096669579259836,-1.2156199969727064,-0.28843950329427315,-0.5430710103035288,11.101358914617576,-1.586589430225623,-1.1744145876909309,-1.1643803168420104,-0.7032112207551815,-0.954869524056686,-0.9748650021843452,1.7325844175034433,4.199520242575713,7.295806578088952,5.8655830054666325,1.344546941292187,1.6355472631284642,-0.7008189474657677,-1.6428051677054156,1.1879240443248604,0.0,-0.5548709370777328,1,0.035398230088495575,1.0,1.0,0.08333333333333333,1.0,2.0,0.0125,0.5,1.0,1.0,1.0,1.0,1.0
3,1,1,1,10,10,5,1,1,1,56,1,0,1,1,16,107953,18,10.526816721011274,8.0,4,5,681949,22697520545,610562,274617,0.0,7,20.626843346784312,-0.3342965872992525,-0.3329612626085474,-1.1449734580064113,-0.5964330908686306,-0.5415159859655,-0.8208159385706879,-1.47442049670923,-0.3426288493856897,-0.8884644368938157,1.3891064742518164,-0.3068508760567068,-1.8869917194409735,-1.8711511171573667,-0.4832279386281693,-0.54184792438776,-0.5631090515343116,1.1270799852996145,1.0908577041188625,6.037809937485903,12.615496953947098,3.7775455947372354,0.7756378097580208,0.25807357657248997,-2.2087470092539974,0.7433512935930554,0.0,-0.5417007660123886,1,0.05357142857142857,1.0,1.0,0.5,0.29411764705882354,10.0,9.263204698297422e-05,0.1,1.0,1.0,1.0,1.0,1.0
25,2,3,1,7,8,1,1,3,1,1500,1,0,174,2,0,277,21,32.12748968522632,11.474923740206968,5,8,8949847,43540555328,5017235,4130874,0.0,7,21.4371720168778,-1.3101618919640157,-1.3016791978003524,-1.243225495795858,-0.7260637069106468,-0.7363296501750791,-1.1422381367274397,-1.0609631791510363,-0.19338658601947234,-0.6323566814206197,11.267529011623072,-1.155124471064335,-1.0416668083378233,-1.0341210523171827,-0.914140347153172,-1.1407686946884255,-1.165986494398753,1.0795382286513258,4.220209877564059,5.496320187789074,4.849614087950304,3.7271363997565246,8.0505626239791,-0.6569961115616232,-1.1661377794946444,5.127214095374086,0.0,-0.7233423821743683,1,0.016666666666666666,1.0,3.0,0.011428571428571429,1.0,4.0,0.025179856115107913,0.375,1.0,3.0,0.875,0.6666666666666666,1.0
3,1,1,1,3,3,1,1,1,1,121,1,0,24,1,0,4615,11,18.650715074415228,8.0,4,5,1945666,48874526350,1629194,855853,0.0,2,22.26775723215043,-1.599118076841862,-1.62249076037272,-1.2564012407340188,-0.5727966590834546,-0.5689038586123251,-0.8101265456330604,-1.222838459519266,-0.1625416864866426,-0.5573089552802668,11.967557419920016,-1.5338355393981602,-1.2037887251598929,-1.1934780765895692,-0.6941429825502836,-0.9378437836760906,-0.9578859149390454,1.7076240733706765,4.0713737210546235,7.243948941055592,7.161424031545483,1.4448409778585516,1.6000997341962226,-0.6612910990911164,-1.6620971173839316,1.2099896916344761,0.0,-0.553691262358736,1,0.024793388429752067,1.0,1.0,0.04,1.0,3.0,0.0006499133448873484,0.3333333333333333,1.0,1.0,1.0,1.0,1.0
5,2,2,1,4,4,1,2,2,1,119,1,0,1146,1,0,1283,10,17.674908987384892,9.892987160878725,4,4,2256725,47633766048,1891579,1174409,1.3026071522611282e+19,2,23.115514723480175,-1.6985334389240059,-1.7183827712855209,-1.3964965391984216,-0.5510306221863659,-0.5535835419363071,-0.7759204125888084,-1.218658183832174,-0.22371894279000293,-0.5713190464024713,14.070824993252042,-1.6205530552675007,-1.3166201533030883,-1.3086724067673368,-0.7017102726992064,-0.9218587799157141,-0.943542509610213,2.6863018576741364,4.529293775216159,9.182177246400212,7.996757240222932,1.5616302391864854,2.5333083246443486,-0.5889278442477404,-0.8491218788774546,2.241345672248565,0.0,-0.5874634597676003,1,0.04201680672268908,1.0,2.0,0.0017436791630340018,1.0,4.0,0.003115264797507788,0.5,1.0,2.0,1.0,1.0,1.0
16,5,5,2,12,13,3,3,5,2,85,1,1,9553,2,1,9607,10,7.74107588705015,24.084177304214073,2,2,4181326,29894778369,3518555,3369168,1.1067885101227914e+20,9,28.942014759137155,-2.037383149834472,-2.022808059493772,-2.4108360856447097,-0.39571606690603756,-0.4301328578672741,-0.522932092616139,-1.2697008278974924,-0.7883492421200626,-0.7830865954595978,25.954749175323595,-1.8751687604804699,-2.382695118178123,-2.3906928273528334,-0.6904580890088928,-0.6743865537120949,-0.7087718552868821,9.836052165644906,7.001512817508859,23.32376541353236,15.636111395359922,3.189042416631073,9.263569464577524,0.24988815721816296,5.067816863687842,9.807605962266988,0.0,-0.8370176406336192,1,0.18823529411764706,1.0,5.0,0.0005233410090014653,1.5,6.5,0.0012489592006661116,0.38461538461538464,1.0,2.5,0.9230769230769231,1.0,1.0
4,1,1,1,2,2,1,1,1,1,122,1,0,23,1,0,171,11,19.0,8.0,4,5,2000000,50000000000,1668835,878711,0.0,1,22.33830790368868,-1.653937109945226,-1.6783554638811193,-1.261192049666504,-0.5718657210932966,-0.5701625359097133,-0.8096669579259836,-1.2124791794225982,-0.17178789151925394,-0.5430710103035288,12.25444157391679,-1.586589430225623,-1.1744145876909309,-1.164346607457749,-0.7032112207551815,-0.954869524056686,-0.974859976796105,1.7325844175034433,4.199520242575713,7.295806578088952,6.792004592401401,1.344546941292187,1.6355472631284642,-0.7008189474657677,-1.639129382627254,1.2246971038107508,0.0,-0.5542912200005894,1,0.03278688524590164,1.0,1.0,0.041666666666666664,1.0,2.0,0.011627906976744186,0.5,1.0,1.0,1.0,1.0,1.0
4,1,1,1,2,2,1,1,1,1,122,1,0,22,1,0,170,11,19.0,8.0,4,5,2000000,50000000000,1666953,877745,0.0,1,22.33830790368868,-1.6541356608737483,-1.6785464759983757,-1.261192049666504,-0.5719043590740683,-0.5701992889275955,-0.8096669579259836,-1.2126863667972299,-0.17948293932277673,-0.5430710103035288,12.178377248274776,-1.586589430225623,-1.1744145876909309,-1.164348831133182,-0.7032112207551815,-0.954869524056686,-0.9748603083011923,1.7325844175034433,4.199520242575713,7.295806578088952,6.730892205789653,1.344546941292187,1.6355472631284642,-0.7008189474657677,-1.6393718597046087,1.2222713297788286,0.0,-0.554329461654976,1,0.03278688524590164,1.0,1.0,0.043478260869565216,1.0,2.0,0.011695906432748537,0.5,1.0,1.0,1.0,1.0,1.0
57,3,5,1,14,16,1,1,5,1,3623,1,0,404,4,0,438,37,52.38045792784731,16.836003569136054,5,13,19672007,33574984534,10176706,9144992,0.0,15,20.04690800330891,-0.7804649966897396,-0.7211971950826552,-1.215506864610717,-0.9640905232068588,-0.992815905372159,-1.6553258392648948,-0.8279114228688947,-0.2529193298767437,-0.7701057793072176,9.485843111991498,-0.48946436961085055,-0.8368647765721748,-0.8332178586343622,-1.2395598295382875,-1.4275721955413982,-1.4608558263979974,0.07202467953223754,4.25212965281568,2.720089423975393,1.6447542938488693,7.402973120602504,17.947588292599445,-0.5893866504117835,-0.43723667339522726,11.139718243166744,0.0,-0.9842831900142327,1,0.01573281810654154,1.0,5.0,0.007407407407407408,1.0,4.0,0.03189066059225513,0.3125,1.0,5.0,0.875,0.6,1.0
9,2,2,1,4,4,1,1,2,1,460,1,0,61,1,0,198,13,22.211060665701567,8.849986646803355,5,5,3699973,48419982098,2491012,1675820,0.0,3,22.117884801483008,-1.5695165505466548,-1.5858996887478403,-1.2567973256320097,-0.6095190108311065,-0.6107466880296545,-0.8910158110884568,-1.175071944412615,-0.16423766218144328,-0.5649108070513801,12.139893079305933,-1.4810505806654866,-1.1419437053698647,-1.132488967384515,-0.7548057172863516,-1.0003415471864328,-1.021610086665504,1.5728455047188246,4.204581048159401,6.855641694709909,6.41880455351649,1.9273422415391228,3.2046974958862875,-0.6900996257976153,-1.5230284828374225,2.1833211362318066,0.0,-0.5955783444173726,1,0.01956521739130435,1.0,2.0,0.03225806451612903,1.0,4.0,0.020100502512562814,0.5,1.0,2.0,1.0,1.0,1.0
41,3,4,1,10,12,1,1,4,1,2552,1,0,281,3,0,349,29,42.222230296156134,14.147060960747211,5,11,14294121,38573389478,7569897,6620329,0.0,11,20.744219041809494,-1.0481470360645209,-1.0142753199708026,-1.2294096250280768,-0.8450938991360077,-0.864541610231863,-1.3979777994635736,-0.9468930870761653,-0.3007023676987441,-0.7010153291751985,9.611992645943358,-0.8233377433748564,-0.9395867891278551,-0.9340067780952074,-1.0763400417889277,-1.2837209233560527,-1.3129623415236709,0.5773605814780498,4.236119735697653,4.112556133994467,2.635585843014332,5.559293433755256,12.983563345038206,-0.6232973487444232,-0.8052762541550664,8.099566503742171,0.0,-0.8537896569865355,1,0.016065830721003135,1.0,4.0,0.010638297872340425,1.0,4.0,0.02857142857142857,0.3333333333333333,1.0,4.0,0.8333333333333334,0.75,1.0
18,6,6,2,14,15,4,3,6,2,78,1,1,11033,2,3,19224,10,5.355943242301145,26.57622703079542,2,2,4419632,24715245406,3737713,3715816,1.2782720713809874e+20,10,29.835767666440127,-1.9956811432841879,-1.973167553830938,-2.5801717524303296,-0.37002301800599685,-0.4060250139778274,-0.4793490032688425,-1.2969874642569308,-0.8453266564507665,-0.8463909679738145,27.764634443428267,-1.8231135139582593,-2.6237850052613165,-2.634130406731828,-0.6718481586124712,-0.5996985578186104,-0.6364080324397098,11.04580190065511,7.200587035258757,25.711981633582813,17.855500475990787,3.6587954376432053,10.380417855232347,0.4696952240932708,6.065527812767771,11.117252697060026,0.0,-0.8796148881574337,1,0.23076923076923078,1.0,6.0,0.000543773790103317,1.0,7.5,0.0007282184655396619,0.4,1.0,3.0,0.9333333333333333,1.0,1.0
3,1,1,1,8,8,4,1,1,1,74,1,0,7,1,12,78138,16,12.870780672643852,8.0,4,5,1046565,30250293278,904465,442320,0.0,6,21.10029129353514,-0.6992317265351928,-0.7050253291240516,-1.177123380932813,-0.5896133423144821,-0.5494181264654687,-0.8177317601848103,-1.4018322883887167,-0.29066884205616905,-0.7929171420458386,4.441275100951877,-0.6608690696587156,-1.689869214877472,-1.6756241535022154,-0.5440826217253909,-0.6561034183377419,-0.6770128322692774,1.2945826244976797,1.9508170237764841,6.385813595586918,11.041849701907303,3.104497349435213,1.0135173284704917,-0.007187947441646969,-2.0510237605170905,0.8779890667255028,0.0,-0.5451603478504903,1,0.04054054054054054,1.0,1.0,0.125,0.3076923076923077,8.0,0.00010238165320774517,0.125,1.0,1.0,1.0,1.0,1.0
50,3,5,1,13,14,1,1,5,1,3135,1,0,351,4,0,401,33,47.725760572961455,15.60387779872509,5,12,17207755,35865350838,8990916,7992608,0.0,13,20.366429475373128,-0.9022041268650282,-0.8546081603417032,-1.2218773796736409,-0.9093853175830091,-0.9338682054928882,-1.5374039651368543,-0.881473220849456,-0.23923704380183713,-0.7384471920873286,9.895324257910644,-0.6424516392481038,-0.8839339994196524,-0.8793910196753003,-1.1647693501507437,-1.3616567464674718,-1.3930866242123419,0.30357941244428477,4.244793597593927,3.358144737056946,2.3813205209656827,6.558163250930786,15.672975571683883,-0.6049251915386663,-0.6047584909327861,9.757876983273032,0.0,-0.92431170961276,1,0.01594896331738437,1.0,5.0,0.008522727272727272,1.0,3.5,0.03233830845771144,0.35714285714285715,1.0,5.0,0.9285714285714286,0.6,1.0
3,1,1,1,2,2,1,1,1,1,103,1,0,0,1,0,2812,11,18.790552578377568,8.0,4,5,1967419,49325113863,1588223,835830,0.0,1,22.29600245285172,-1.627062420125774,-1.6506260276359406,-1.2583192587016068,-0.5735910364593253,-0.5705179201593106,-0.8099425480050443,-1.224949294197669,-0.3986766620067888,-0.5516087416687951,9.784847040862994,-1.5549557535192353,-1.1920286812420817,-1.181882353192932,-0.6977734850513172,-0.9446601014256966,-0.9646915562983758,1.7176170389008194,4.122677652024344,7.264710336675484,5.167591778534361,1.404687891628828,1.61429128271272,-0.6771162184960233,-1.6602260561003563,1.1426059966063904,0.0,-0.5550865681684374,1,0.02912621359223301,1.0,1.0,1.0,1.0,2.0,0.0007109847138286527,0.5,1.0,1.0,1.0,1.0,1.0
3,1,1,1,3,3,1,1,1,1,95,1,0,0,1,3,21392,12,17.33021634330042,8.0,4,5,1740255,44619585995,1414835,736336,0.0,2,22.001034950650354,-1.3986750916168587,-1.4178361715373615,-1.238289216272131,-0.5776403199323588,-0.5654049088552532,-0.8118640525781848,-1.2691031218179059,-0.391305739966582,-0.6111366097202287,8.276138841576874,-1.33439536664405,-1.314839928387219,-1.3036880618277324,-0.659859805218864,-0.8734766526548297,-0.8937255197240335,1.6132595579243665,3.586905864956704,7.047897125230681,6.463635909108501,1.8240103559888525,1.4660876038478727,-0.5118530048617755,-1.7572384471508007,1.0712525120336918,0.0,-0.5527336709654276,1,0.031578947368421054,1.0,1.0,1.0,0.25,3.0,0.00014023278642546626,0.3333333333333333,1.0,1.0,1.0,1.0,1.0
15,5,5,2,13,14,4,3,5,2,72,1,1,8530,2,6,40869,12,6.409273873867,22.362904504532,2,3,3553291,23872580900,3013453,2926760,9.883438473065048e+19,10,27.722932469643705,-1.600254812136444,-1.5821813075592512,-2.253011769771199,-0.4217233289918151,-0.4363532460404236,-0.556955232620096,-1.3409318555984686,-0.7339572297853211,-0.8608044930140037,21.62674116632011,-1.4611591788530236,-2.466719747133982,-2.4710444965843528,-0.6259645141164959,-0.5807528816699521,-0.6139764056372377,8.787571888402207,5.770985080639001,21.231891167218368,16.747221704898017,3.7200395730290357,8.189806202755083,0.4352190507926814,4.180777662587385,8.757457595582348,0.0,-0.8027953446192772,1,0.20833333333333334,1.0,5.0,0.0005860977611065526,0.5714285714285714,7.0,0.00031808172253486663,0.35714285714285715,1.0,2.5,0.9285714285714286,1.0,1.0
18,6,6,2,13,14,3,3,6,2,83,1,1,10475,2,1,10520,10,6.654307586703188,25.636703447566873,2,2,4391879,27954120690,3702480,3612321,1.213621334993351e+20,9,29.579437944806447,-2.0738275831606656,-2.0555102041256372,-2.521805542623909,-0.37860273355795504,-0.41651139698828993,-0.49525499317956134,-1.2746317387583388,-0.8258603672296998,-0.8062541136807062,27.49466332594327,-1.903023897002405,-2.4993244661767973,-2.5090596088970463,-0.6892270922304286,-0.6473129187981639,-0.6830867361138475,10.618239858111446,7.271975312654594,24.87086506593975,16.664528317304597,3.367082448930972,9.999864748186619,0.3416552154130723,5.7158985536393025,10.643007765376842,0.0,-0.8641984801317648,1,0.21686746987951808,1.0,6.0,0.000572737686139748,1.5,7.0,0.0012356239901150081,0.42857142857142855,1.0,3.0,0.9285714285714286,1.0,1.0
8,2,2,1,12,12,5,1,2,1,60,1,0,3602,2,13,83496,16,8.483685826820754,14.065256692716988,3,4,1847134,22213051338,1587109,1372806,4.1736399017969795e+19,8,23.56194972072241,-0.8215087249500057,-0.8121794502119575,-1.608708302067657,-0.5235410677591533,-0.496081165477343,-0.7097916592514864,-1.4274752142859963,-0.514628119869502,-0.8891902512285149,9.538875496772643,-0.7483322879749472,-2.1573980212778223,-2.1498657980542006,-0.53560202228804,-0.5434415798984051,-0.5697999302089363,4.340250990715536,2.9555505971466616,12.408874979105617,14.564595793277022,3.8406527619798037,3.875651786279727,0.3673222443734745,0.4689818382758455,4.110116088243908,0.0,-0.6515082040382523,1,0.13333333333333333,1.0,2.0,0.0005550929780738274,0.35714285714285715,6.0,0.00014371773836185733,0.16666666666666666,1.0,2.0,1.0,1.0,1.0
38,2,4,1,10,11,1,1,4,1,2358,1,0,259,3,0,333,27,40.384056790516055,13.660485621018957,5,10,13320971,39477871625,7098381,6163582,0.0,10,20.870400372119843,-1.0965643747691973,-1.0672889771204863,-1.2319253873028584,-0.823556910263908,-0.841325986058286,-1.3514096021714206,-0.9684015684920534,-0.3085412792832912,-0.6885131250968792,9.642803199805346,-0.8837535178724681,-0.9581747641931906,-0.9522447185473557,-1.046804742884908,-1.2576904378352531,-1.2862003660252683,0.6688032130162129,4.233222674660938,4.364528772002456,2.821294931990595,5.225671932433849,12.085302401221936,-0.6294336305342056,-0.8718490968060728,7.549693007398414,0.0,-0.8301722962558247,1,0.016115351993214587,1.0,4.0,0.007692307692307693,1.0,3.6666666666666665,0.029940119760479042,0.36363636363636365,1.0,4.0,0.9090909090909091,0.5,1.0
10,1,1,1,3,3,1,1,1,1,544,1,0,50,1,0,184,14,23.1659515400802,9.102751878256523,4,6,4205503,47950123433,2681712,1885250,0.0,2,22.05233636415617,-1.550087848589928,-1.5638660008416116,-1.2554904422333946,-0.6218207085182776,-0.6238660676943661,-0.9152069695912319,-1.1698707419185568,-0.3819680827365346,-0.5714054282323383,9.931404551958568,-1.4496659091101218,-1.1322876594587439,-1.1230788521548491,-0.770148658150725,-1.013863814264698,-1.0355219020896087,1.525343060516989,4.206086007913194,6.724747428260803,4.560825302842293,2.100651304111744,3.6713243814490966,-0.6869119618117618,-1.4954345244431613,2.3990477035563558,0.0,-0.6089493259806169,1,0.01838235294117647,1.0,1.0,0.0196078431372549,1.0,3.0,0.016216216216216217,0.3333333333333333,1.0,1.0,1.0,1.0,1.0
18,2,3,1,6,6,1,1,3,1,1068,1,0,127,2,0,244,18,28.007584510667883,10.384360605765028,5,7,6768721,45567774557,3967684,3110891,0.0,5,21.71998270590318,-1.4179140472849097,-1.419762175963616,-1.2488640832208369,-0.677643746912945,-0.6841546288482883,-1.0378646614243054,-1.1083711010489317,-0.18127629894771946,-0.6043354445147395,11.629963636977523,-1.2905345731107103,-1.0833281065891942,-1.0749892399983012,-0.8479427709105372,-1.0824264698307853,-1.1060034997004378,1.2844889417876981,4.213716683793423,6.061067406694708,5.501554005659081,2.9793892771804087,6.037287000553253,-0.6707493829588573,-1.3144125115134675,3.9041367343768822,0.0,-0.6702612055490802,1,0.016853932584269662,1.0,3.0,0.015625,1.0,3.0,0.024489795918367346,0.5,1.0,3.0,1.0,0.6666666666666666,1.0
6,2,2,1,11,11,5,1,2,1,57,1,0,2334,2,14,94463,17,9.017404651924242,11.93038139230303,3,5,1408162,21786076278,1220129,972994,2.70458406614411e+19,8,22.491383760635273,-0.6211476317181293,-0.6140681319437944,-1.442937520953909,-0.5497374285312846,-0.5114483710810118,-0.749114455255709,-1.4497416785981825,-0.458197633779898,-0.8964935322872017,6.428827150795186,-0.5649313341962634,-2.0778136224953814,-2.06723075664707,-0.5123529454094407,-0.5338418742486972,-0.558433905958433,3.196014002979455,2.2311764522012663,10.138829327332616,14.003034944414733,3.8716849440915233,2.7656767771222324,0.3498532919319215,-0.4860142528114473,2.914416436774223,0.0,-0.6125840188930605,1,0.10526315789473684,1.0,2.0,0.0008565310492505353,0.3333333333333333,5.5,0.00011644647696476964,0.18181818181818182,1.0,2.0,1.0,1.0,1.0
15,5,5,2,11,12,3,3,5,2,87,1,1,8528,2,1,8592,10,8.948484015998291,22.35930854857387,2,2,3947400,32050864314,3314213,3099023,9.88096401468145e+19,8,28.233832586624935,-1.996893097779305,-1.9864757196105185,-2.2875481461834006,-0.41472911484944674,-0.4452664080344844,-0.553681567766234,-1.2642225471502495,-0.746674087104125,-0.7573473005070399,24.243892442801247,-1.844221484728309,-2.25311899528002,-2.2591864021209935,-0.6918257361113638,-0.7044655750313754,-0.7373082246975676,8.967035487530746,6.701026858256734,21.604925532011013,14.493532106741185,2.991238540488884,8.445539613640602,0.14793423383006227,4.347793009090665,8.879467988707454,0.0,-0.8068195141781289,1,0.1724137931034483,1.0,5.0,0.0005862351975612616,1.5,6.0,0.001280111718840917,0.4166666666666667,1.0,2.5,0.9166666666666666,1.0,1.0
13,1,1,1,4,4,1,1,1,1,740,1,0,73,1,0,200,15,25.032944488510577,9.596955894017505,4,6,5193911,47031460540,3160621,2349158,0.0,3,21.92417672460628,-1.5009114081363817,-1.510021179465786,-1.2529352370732,-0.6436953608463952,-0.6474456734783072,-0.962505277231288,-1.148025043995212,-0.3740062703141417,-0.5841036456652632,9.900110940870675,-1.3883029177412938,-1.1134082564719747,-1.1045549717302985,-0.8001470204459027,-1.04030241364742,-1.0627034599720817,1.4324667636147446,4.209028489953177,6.468824286666776,4.372204610337327,2.4395034247089944,4.58366853329858,-0.6806794735314369,-1.4278179325354707,2.9575422836667737,0.0,-0.632936966869511,1,0.01756756756756757,1.0,1.0,0.013513513513513514,1.0,4.0,0.01990049751243781,0.25,1.0,1.0,1.0,1.0,1.0
45,3,4,1,14,15,2,1,4,1,2781,1,0,309,4,4,28925,33,42.27643432055691,14.755532764767725,5,12,15161926,30210144986,7893047,7038583,0.0,14,20.133075864595508,-0.6365797789814727,-0.5901938032221208,-1.1954783948516057,-0.8782498730305326,-0.8857147391406952,-1.4591654852382403,-0.9878586480643083,-0.2795709021767845,-0.8081410731934757,7.254650816621785,-0.40879584845815614,-1.1050972066125522,-1.0984094557889321,-1.0550029800973135,-1.206866975072698,-1.237357287691458,0.3026173375935495,3.41628684906309,3.4642279337379422,4.3953111579463595,6.6209721810507425,13.879073905619759,-0.3616221229442168,-0.8711290604912874,8.677526960751592,0.0,-0.8797073290777382,1,0.016181229773462782,1.0,4.0,0.00967741935483871,0.4,3.75,0.00048399363894074536,0.26666666666666666,1.0,4.0,0.9333333333333333,0.75,1.0
4,1,1,1,2,2,1,1,1,1,108,1,0,4,1,0,152,11,19.0,8.0,4,5,2000000,50000000000,1624662,856038,0.0,1,22.33830790368868,-1.6585978806058062,-1.6828392690113683,-1.261192049666504,-0.5727727063615383,-0.5710252736904333,-0.8096669579259836,-1.2173426814173447,-0.35242090744806165,-0.5430710103035288,10.46891289415764,-1.586589430225623,-1.1744145876909309,-1.1643988058599104,-0.7032112207551815,-0.954869524056686,-0.9748677585234231,1.7325844175034433,4.199520242575713,7.295806578088952,5.357456687548401,1.344546941292187,1.6355472631284642,-0.7008189474657677,-1.6448212726446418,1.167754653219697,0.0,-0.5551889019308811,1,0.037037037037037035,1.0,1.0,0.2,1.0,2.0,0.013071895424836602,0.5,1.0,1.0,1.0,1.0,1.0
4,1,1,1,2,2,1,1,1,1,139,1,0,3,1,0,150,11,19.322825171977108,8.08545372199394,4,5,2170907,49841152315,1695900,930315,0.0,1,22.31614758556161,-1.6513154805182462,-1.674703298320003,-1.260750224459842,-0.5767926578092735,-0.5753284420895528,-0.8178453949741601,-1.2148391912045624,-0.3983571383481873,-0.5452666823493354,9.995821132656504,-1.5759790429403757,-1.1711501155239885,-1.1612094799962829,-0.7083982925516304,-0.9594410707246779,-0.9795698097627061,1.7165250068102902,4.200029032537344,7.251554438696849,4.94909305583254,1.403138482411065,1.7933023622951403,-0.6997412764961838,-1.634620431653031,1.2494101277585958,0.0,-0.5595717772939973,1,0.02877697841726619,1.0,1.0,0.25,1.0,2.0,0.013245033112582781,0.5,1.0,1.0,1.0,1.0,1.0
36,3,4,1,10,11,1,1,4,1,2217,1,0,252,3,0,331,26,38.9709989850115,13.28644090779716,5,10,12572881,40173173540,6760629,5825152,0.0,10,20.967399656005124,-1.131176491629051,-1.105533431097546,-1.2338593274386869,-0.8064933363559443,-0.8229967525810589,-1.315611265142817,-0.9822146301807297,-0.21350279226382882,-0.6789023146893339,10.66549458993443,-0.9301968930312924,-0.9724638849829337,-0.9662355523818409,-1.0241000936631786,-1.2376800413012052,-1.2656232978334048,0.7390978418172547,4.230995619000311,4.558227517968648,3.7666870057221615,4.969207314115785,11.394782907743826,-0.6341507700497206,-0.9198409681602124,7.1588485480379545,0.0,-0.8115146848093756,1,0.016238159675236806,1.0,4.0,0.011857707509881422,1.0,3.6666666666666665,0.030120481927710843,0.36363636363636365,1.0,4.0,0.9090909090909091,0.75,1.0
4,1,1,1,2,2,1,1,1,1,116,1,0,15,1,0,163,11,19.0,8.0,4,5,2000000,50000000000,1650706,869406,0.0,1,22.33830790368868,-1.6558498755987865,-1.6801956034363514,-1.261192049666504,-0.5722379450012548,-0.5705166007876417,-0.8096669579259836,-1.2144751453795277,-0.24591911442835487,-0.5430710103035288,11.521666206749217,-1.586589430225623,-1.1744145876909309,-1.164368029518197,-0.7032112207551815,-0.954869524056686,-0.9748631703925773,1.7325844175034433,4.199520242575713,7.295806578088952,6.20327063387438,1.344546941292187,1.6355472631284642,-0.7008189474657677,-1.6414653164291864,1.2013281007741212,0.0,-0.5546596258478469,1,0.034482758620689655,1.0,1.0,0.0625,1.0,2.0,0.012195121951219513,0.5,1.0,1.0,1.0,1.0,1.0
3,1,1,1,4,4,2,1,1,1,93,1,0,0,1,4,25750,12,16.98771664667797,8.0,4,5,1686978,43515975861,1374170,713002,0.0,2,21.931854800496705,-1.3451103105425992,-1.3632388444455392,-1.2335914738682607,-0.5785900179044693,-0.5642057296673353,-0.8123147123081508,-1.2794587318489425,-0.38957700208967444,-0.6250979675626712,7.9222942350161105,-1.2826662759201657,-1.343643442179926,-1.3322557418265089,-0.6509677271285261,-0.8567816552816572,-0.8770815130813263,1.588784094865799,3.461248725099566,6.997046877623381,6.767603386507637,1.9223560748586577,1.431328680642177,-0.4730930267327723,-1.7799912308627248,1.0545176353442745,0.0,-0.5521818346424919,1,0.03225806451612903,1.0,1.0,1.0,0.4,4.0,0.00015533377344569143,0.25,1.0,1.0,1.0,1.0,1.0
3,1,1,1,5,5,2,1,1,1,99,1,0,16,1,6,39188,13,15.932768137722839,8.0,4,5,1522875,40116697332,1288398,661394,0.0,4,21.718769951156435,-1.175956985526063,-1.1910633106737651,-1.2191217490968507,-0.5807045088090657,-0.5597409196728234,-0.8137028093338183,-1.3070082259985307,-0.22279199138293648,-0.6681009651831611,8.428410683712702,-1.123333208863693,-1.4323624227452738,-1.4202016623073181,-0.6235788429472501,-0.8053586532775037,-0.8258086141295958,1.5133961353602907,3.0742065944375305,6.840420774236044,8.986149076969898,2.225275086194859,1.324266179360151,-0.3537066986934813,-1.8449853484299206,1.0538702586570436,0.0,-0.5496796990185422,1,0.030303030303030304,1.0,1.0,0.058823529411764705,0.2857142857142857,5.0,0.0001275868228329378,0.2,1.0,1.0,1.0,1.0,1.0
7,1,1,1,2,3,1,1,1,1,353,1,0,28,1,0,168,12,21.3542509294788,8.623184069567918,4,5,3246368,48841579465,2216988,1435081,0.0,2,22.17670046388252,-1.597807893420197,-1.6161161691383477,-1.2579699731565448,-0.600593889738452,-0.6009847888805273,-0.8693094353215154,-1.1910694637991144,-0.389694100362509,-0.5590832776339012,9.961771380265832,-1.5092115913927995,-1.1506079353589156,-1.1410541345489689,-0.741038718912386,-0.9882082130020405,-1.009145345577076,1.6154687591435732,4.2032306695933555,6.973091222104659,4.743859857991845,1.771834532572389,2.785999957286725,-0.692959870472865,-1.561048602390771,1.857093341782102,0.0,-0.5856720963146812,1,0.019830028328611898,1.0,1.0,0.034482758620689655,1.0,3.0,0.011834319526627219,0.3333333333333333,1.0,1.0,0.6666666666666666,1.0,1.0
11,1,1,1,3,4,1,1,1,1,612,1,0,58,1,0,189,14,23.813966437337598,9.274285233412893,4,6,4548570,47631264575,2847937,2046268,0.0,3,22.00785341325628,-1.533019189581451,-1.5451769927117023,-1.254603555643519,-0.6294131852830473,-0.6320503170415834,-0.9316237471648098,-1.1622883149430216,-0.37920461592043486,-0.5758128546621312,9.920542847209774,-1.4283674180897308,-1.1257348042928805,-1.1166493953750496,-0.7805607947776699,-1.0230403921821605,-1.044956353598017,1.4931066109656639,4.207107314500573,6.635919021894688,4.495356914878114,2.218263543782432,3.987990066941469,-0.6847487264037073,-1.4719654701573401,2.592895681532564,0.0,-0.6172752003012096,1,0.017973856209150325,1.0,1.0,0.01694915254237288,1.0,4.0,0.015789473684210527,0.25,1.0,1.0,0.75,1.0,1.0
27,2,3,1,12,13,3,1,3,1,1611,1,0,176,3,10,65658,27,28.44674317712579,11.860946246375164,4,9,8922484,26263815002,4744370,4124233,0.0,11,20.29904957941354,-0.47191455439096264,-0.44414519013697557,-1.170742116505585,-0.7581547819040972,-0.7374726960151081,-1.1859447672066719,-1.2033293224222912,-0.3115936013387751,-0.8517591416086122,4.447473244682202,-0.33102215186521655,-1.4591038732837207,-1.4483406875333058,-0.8041504242235302,-0.9109189518068017,-0.9374886467471613,0.639749295944837,2.3370794363868788,4.533433679190726,8.069012432559447,5.467446855529855,8.241652184314985,-0.07055189613606888,-1.4594558882018673,5.264953852688181,0.0,-0.734546320951425,1,0.01675977653631285,1.0,3.0,0.011299435028248588,0.2727272727272727,4.333333333333333,0.00018276245449976394,0.23076923076923078,1.0,3.0,0.9230769230769231,0.6666666666666666,1.0
45,3,4,1,14,15,2,1,4,1,2782,1,0,309,4,4,28896,33,42.287455915034386,14.757839610123476,5,12,15166898,30213290020,7895556,7040905,0.0,14,20.13294359157801,-0.6367110091955938,-0.5903101968979251,-1.1954981084681995,-0.8783455830054989,-0.8858328808740787,-1.4593832289264945,-0.9876869283657314,-0.27954538163546677,-0.8081063117040848,7.256888001277849,-0.4088578303300556,-1.1048150804333114,-1.0981305775340753,-1.0552028974429581,-1.207102831323211,-1.2375962684845012,0.3023486597400957,3.4171469251368247,3.463375828508899,4.3923833958394365,6.621891484903991,13.883566657877662,-0.3618540918270411,-0.8706601924849091,8.680246616348507,0.0,-0.8798230153753509,1,0.016175413371675055,1.0,4.0,0.00967741935483871,0.4,3.75,0.0004844793577187943,0.26666666666666666,1.0,4.0,0.9333333333333333,0.75,1.0
3,1,1,1,4,4,2,1,1,1,106,1,0,18,1,4,28273,12,16.790885866762142,8.0,4,5,1656360,42881743348,1395995,722789,0.0,3,21.89209773488842,-1.3095585764164313,-1.3272747791108273,-1.230891733371215,-0.57820782060794,-0.562633868114142,-0.8125737014605517,-1.2804339143775494,-0.20376959837240483,-0.6331214051887816,9.545799886206467,-1.2529381407658076,-1.3601965023433178,-1.3486198643445784,-0.6458575483959506,-0.8471872253126383,-0.8675084250781393,1.574718317493945,3.3890349594116587,6.967823803868397,8.41004183552159,1.9788742695823895,1.4113531126896213,-0.4508180968572515,-1.7872433699628254,1.1031607181126397,0.0,-0.5509462408987063,1,0.02830188679245283,1.0,1.0,0.05263157894736842,0.4,4.0,0.00014147273113107448,0.25,1.0,1.0,1.0,1.0,1.0
53,3,5,1,14,16,1,1,5,1,3313,1,0,369,4,1,12220,36,48.5656736400549,16.071885180476606,5,13,17999396,32004791985,9324950,8363923,0.0,15,20.05759707028183,-0.7114635196455227,-0.6566113877109495,-1.2067275523908711,-0.9328647419641624,-0.9531298156423134,-1.5834163065273188,-0.8898704411465678,-0.2650081461038329,-0.7883051659362605,8.531252830300243,-0.44416449014089937,-0.9441078812326972,-0.9392734896287319,-1.169081576751103,-1.341453346174388,-1.3737266127726684,0.14930201432767998,3.907071033850964,2.9779921425555167,2.72464575661808,7.145553443066027,16.44276777141246,-0.4939902500550317,-0.6035794688787226,10.229440792326075,0.0,-0.9457212631922115,1,0.015997585270147902,1.0,5.0,0.008108108108108109,0.5,4.0,0.001145569102364782,0.3125,1.0,5.0,0.875,0.6,1.0
4,1,1,1,11,11,5,1,1,1,54,1,0,1157,2,16,104642,18,9.512764533397833,9.948941866408667,3,5,1000740,21389788373,879525,601917,1.341110846914891e+19,8,21.497760522789775,-0.4351867048649005,-0.4301952863178884,-1.2890808634369701,-0.57405102879563,-0.5257111191580309,-0.785611079792205,-1.4704078282704969,-0.40582286716861515,-0.9032719187136088,3.5423013106361836,-0.39471160340761036,-2.0039490396968027,-1.9905347841768006,-0.490774804588344,-0.5249321097263411,-0.547884770045036,2.1340145531516583,1.558863852934964,8.031934288013229,13.481834075251658,3.900486810036101,1.7354768607743516,0.33363985181345174,-1.3723737519297616,1.8046529999773515,0.0,-0.5764573566262018,1,0.07407407407407407,1.0,1.0,0.0008635578583765112,0.29411764705882354,5.5,0.00010511931041732366,0.09090909090909091,1.0,1.0,1.0,1.0,1.0
31,2,3,1,8,9,1,1,3,1,1877,1,0,203,2,0,293,24,35.821419336772856,12.452728647969286,4,9,10905457,41722939410,5928005,5029864,0.0,8,21.183602396776738,-1.2167438694179369,-1.1988772613215588,-1.2381699072812027,-0.7700986965712482,-0.7837011339747477,-1.2358199690565126,-1.0217890221683037,-0.3279986980103563,-0.6574806766326539,9.71927986894999,-1.0337150284012142,-1.0043130590615048,-0.9975141721276554,-0.9734934583007823,-1.1930786545558707,-1.2197729088943101,0.8957782913995678,4.226031710831172,4.989964723487024,3.2822542713912437,4.39757058474685,9.855676627095844,-0.6446648527419453,-1.0370934245856018,6.184819995389071,0.0,-0.7715502704797638,1,0.016515716568993075,1.0,3.0,0.00980392156862745,1.0,4.5,0.027210884353741496,0.3333333333333333,1.0,3.0,0.8888888888888888,0.6666666666666666,1.0
4,1,1,1,2,2,1,1,1,1,108,1,0,4,1,0,152,11,19.0,8.0,4,5,2000000,50000000000,1623486,855435,0.0,1,22.33830790368868,-1.6587218946038398,-1.6829585743025102,-1.261192049666504,-0.5727968394668687,-0.5710482294566003,-0.8096669579259836,-1.2174720896999522,-0.35722719896368654,-0.5430710103035288,10.4214034657162,-1.586589430225623,-1.1744145876909309,-1.1644001947573728,-0.7032112207551815,-0.954869524056686,-0.974867965579978,1.7325844175034433,4.199520242575713,7.295806578088952,5.319286171552755,1.344546941292187,1.6355472631284642,-0.7008189474657677,-1.6449727227134887,1.166239525900655,0.0,-0.5552127874925715,1,0.037037037037037035,1.0,1.0,0.2,1.0,2.0,0.013071895424836602,0.5,1.0,1.0,1.0,1.0,1.0
14,5,5,2,10,11,3,3,5,2,88,1,1,8077,2,1,8145,10,9.480694414428564,21.599007979387764,2,2,3844289,33001240025,3224141,2979946,9.357784048246656e+19,7,27.921674744419338,-1.9790455893684447,-1.9704608787115956,-2.233204364814699,-0.42310982852755574,-0.4519370876257939,-0.5672355517330396,-1.2618077895307667,-0.728304200133927,-0.7460017412933968,23.489768198113524,-1.8305803127306202,-2.196003461318254,-2.2012200150388135,-0.6924285778447155,-0.71772403133701,-0.7498866993406407,8.583983807313382,6.568576406531189,20.847282415114613,13.989897450112107,2.9040490664339114,8.084962288992081,0.1029942198555156,4.030415501562783,8.470356381071753,0.0,-0.7935085578184715,1,0.1590909090909091,1.0,5.0,0.0006189650903689032,1.5,5.5,0.0012275963663147557,0.45454545454545453,1.0,2.5,0.9090909090909091,1.0,1.0
4,1,1,1,2,2,1,1,1,1,122,1,0,22,1,0,170,11,19.0,8.0,4,5,2000000,50000000000,1666732,877631,0.0,1,22.33830790368868,-1.6541590367926462,-1.6785689643533521,-1.261192049666504,-0.5719089080243634,-0.5702036159562912,-0.8096669579259836,-1.2127107595074635,-0.1803888973795317,-0.5430710103035288,12.169421996740736,-1.586589430225623,-1.1744145876909309,-1.1643490929322928,-0.7032112207551815,-0.954869524056686,-0.9748603473301513,1.7325844175034433,4.199520242575713,7.295806578088952,6.723697285052047,1.344546941292187,1.6355472631284642,-0.7008189474657677,-1.6394004071636261,1.2219857370724285,0.0,-0.5543339639447317,1,0.03278688524590164,1.0,1.0,0.043478260869565216,1.0,2.0,0.011695906432748537,0.5,1.0,1.0,1.0,1.0,1.0
37,2,4,1,13,14,2,1,4,1,2272,1,0,251,3,7,44894,30,36.264327814430985,13.497184891392532,5,10,12449487,28494578389,6524240,5771643,0.0,12,20.205228716047824,-0.5649957603778817,-0.526702883010433,-1.18472492693688,-0.8260415864370914,-0.8212702810025199,-1.3403897266583957,-1.0815290438635867,-0.2934919562320634,-0.8271029191366402,6.034301759721474,-0.3749857118150128,-1.258992601804845,-1.2505331592937852,-0.9459512111455941,-1.078211098545974,-1.1069970223387018,0.4491768825035226,2.947128872943586,3.929037939395746,5.992359357041916,6.119506382384717,11.428348183915514,-0.23508674437475324,-1.1268891864350443,7.193997591018449,0.0,-0.8166022725482195,1,0.016285211267605633,1.0,4.0,0.007936507936507936,0.25,4.666666666666667,0.00028956453948101126,0.2857142857142857,1.0,4.0,0.9285714285714286,0.5,1.0
4,1,1,1,2,2,1,1,1,1,105,1,0,0,1,0,148,11,19.0,8.0,4,5,2000000,50000000000,1613741,850433,0.0,1,22.33830790368868,-1.659750175898868,-1.6839478126241856,-1.261192049666504,-0.5729969428519348,-0.5712385707514277,-0.8096669579259836,-1.2185450985419939,-0.39707931035700345,-0.5430710103035288,10.027471672705731,-1.586589430225623,-1.1744145876909309,-1.1644117110160523,-0.7032112207551815,-0.954869524056686,-0.9748696824215107,1.7325844175034433,4.199520242575713,7.295806578088952,5.002789419232663,1.344546941292187,1.6355472631284642,-0.7008189474657677,-1.6462284944440613,1.1536766127903657,0.0,-0.5554108383311616,1,0.0380952380952381,1.0,1.0,1.0,1.0,2.0,0.013422818791946308,0.5,1.0,1.0,1.0,1.0,1.0
9,2,2,1,4,4,1,1,2,1,461,1,0,61,1,0,198,13,22.217012801745035,8.851562212226627,5,5,3703124,48417053320,2492528,1677294,0.0,3,22.11747621739568,-1.5693608781560844,-1.5857290911440929,-1.2567891794155255,-0.6095889644288023,-0.6108220666638342,-0.8911666022105852,-1.1750034529331466,-0.1642551582336878,-0.5649512900739506,12.139369460410455,-1.480854950107284,-1.1418835161896692,-1.132429924032151,-0.7549013546767405,-1.000425835742775,-1.02169674568546,1.5725494069993122,4.204590429048291,6.854825789456105,6.417862678663075,1.928422531597052,3.207606128462988,-0.6900797560824324,-1.5228142664078224,2.185088148465317,0.0,-0.5956550321980943,1,0.019522776572668113,1.0,2.0,0.03225806451612903,1.0,4.0,0.020100502512562814,0.5,1.0,2.0,1.0,1.0,1.0
9,1,1,1,3,3,1,1,1,1,432,1,0,37,1,0,174,13,22.10374701072854,8.821580091075202,4,5,3643160,48472786300,2409243,1621314,0.0,2,22.125251342075295,-1.5780662283856657,-1.5945004031812764,-1.2569441973195417,-0.6093753723961173,-0.6104507175801164,-0.888297132225122,-1.182299604759487,-0.3864978658961465,-0.5641809209928842,9.949208698174157,-1.4845776892651217,-1.1430288823331318,-1.133617804487084,-0.7530814290913657,-0.9988218720668707,-1.02005726205341,1.5781839795584425,4.204411916024934,6.8703520061439844,4.6681389132534425,1.907865221239061,3.1522564914301405,-0.6904578655528862,-1.53390421992008,2.0812985266725406,0.0,-0.5953018289067443,1,0.020833333333333332,1.0,1.0,0.02631578947368421,1.0,3.0,0.017142857142857144,0.3333333333333333,1.0,1.0,1.0,1.0,1.0
4,1,1,1,2,2,1,1,1,1,117,1,0,17,1,0,165,11,19.0,8.0,4,5,2000000,50000000000,1653863,871027,0.0,1,22.33830790368868,-1.655516787879181,-1.679875162776479,-1.261192049666504,-0.5721731261812107,-0.5704549441688279,-0.8096669579259836,-1.2141275692152618,-0.23300995331685223,-0.5430710103035288,11.649271214492119,-1.586589430225623,-1.1744145876909309,-1.1643642990950527,-0.7032112207551815,-0.954869524056686,-0.9748626142618436,1.7325844175034433,4.199520242575713,7.295806578088952,6.3057923679587775,1.344546941292187,1.6355472631284642,-0.7008189474657677,-1.6410585384939036,1.2053975631865377,0.0,-0.5545954719023157,1,0.03418803418803419,1.0,1.0,0.05555555555555555,1.0,2.0,0.012048192771084338,0.5,1.0,1.0,1.0,1.0,1.0
4,1,1,1,2,2,1,1,1,1,105,1,0,1,1,0,149,11,19.0,8.0,4,5,2000000,50000000000,1616083,851635,0.0,1,22.33830790368868,-1.6595030647470888,-1.6837100840743857,-1.261192049666504,-0.5729488550590345,-0.5711928289327023,-0.8096669579259836,-1.2182872387013954,-0.38750226058000725,-0.5430710103035288,10.122139289012638,-1.586589430225623,-1.1744145876909309,-1.1644089434893452,-0.7032112207551815,-0.954869524056686,-0.9748692698391846,1.7325844175034433,4.199520242575713,7.295806578088952,5.078848253890429,1.344546941292187,1.6355472631284642,-0.7008189474657677,-1.6459267139874743,1.156695665984659,0.0,-0.5553632437954333,1,0.0380952380952381,1.0,1.0,0.5,1.0,2.0,0.013333333333333334,0.5,1.0,1.0,1.0,1.0,1.0
5,1,1,1,11,11,5,1,1,1,231,1,0,20,2,17,109013,19,12.123892681685085,8.444535677561994,4,6,1558221,21606057017,1028064,684496,0.0,8,20.494944347058766,-0.2775641661636935,-0.2717675389131724,-1.141546484508591,-0.6164094459191907,-0.5625061922818007,-0.8634689514828656,-1.4576441561536075,-0.34938921987143634,-0.9032404944643013,1.1342293446050586,-0.23922773586574536,-1.8769293933574238,-1.8613560701770369,-0.5080752101453163,-0.5616186465367928,-0.5835609311069133,1.0376580052812001,1.063316988043817,5.795391401231516,12.404993333976893,4.105968769294688,1.5879394598399195,0.27299126376451277,-2.153843835957161,1.2371762204929393,0.0,-0.563216288426533,1,0.021645021645021644,1.0,1.0,0.047619047619047616,0.2777777777777778,5.5,0.00010090447098537803,0.09090909090909091,1.0,1.0,1.0,1.0,1.0
27,2,3,1,7,8,1,1,3,1,1633,1,0,175,2,0,273,22,33.503111803808274,11.839059006890425,4,8,9678118,42863673824,5333329,4453814,0.0,7,21.342742503888722,-1.2778078988475543,-1.2657381753446437,-1.241342790915353,-0.7429362097949104,-0.7544215495182538,-1.1770880799025631,-1.0489155552926723,-0.3378851465534012,-0.6417128757126122,9.758138191569643,-1.109911505337667,-1.0277562446390927,-1.0205158934593161,-0.936243489390091,-1.1602489622094014,-1.1860206601514167,1.0111058928901626,4.22237793255384,5.307753040532464,3.516470888371447,3.9768065832533943,8.722788406137616,-0.6524039417093344,-1.1210552062863735,5.491318612173664,0.0,-0.7417640151982291,1,0.01653398652786283,1.0,3.0,0.011363636363636364,1.0,4.0,0.025547445255474453,0.375,1.0,3.0,0.875,0.6666666666666666,1.0
3,1,1,1,5,5,2,1,1,1,85,1,0,0,1,6,42305,13,15.686534909528193,8.0,4,5,1484572,39323279152,1219678,624352,0.0,3,21.669034281702395,-1.1416137364563386,-1.155819551495382,-1.2157444022298636,-0.5821979909021229,-0.5596499590366568,-0.814026802029932,-1.3188004620236216,-0.38300939874306217,-0.6781382009688466,6.578012344006591,-1.0861436255556627,-1.453070126297915,-1.4407864758788738,-0.6171860632889477,-0.7933561226521146,-0.8138496980167912,1.495799996327463,2.983867935753005,6.803863017407883,7.922398366414539,2.2959787512644647,1.2992769546866385,-0.3258409965233009,-1.8664307428600437,0.9909405982360434,0.0,-0.5500853675437449,1,0.03529411764705882,1.0,1.0,1.0,0.2857142857142857,5.0,0.00011818654564364393,0.2,1.0,1.0,1.0,1.0,1.0
33,2,3,1,13,14,3,1,3,1,2057,1,0,227,3,8,51660,29,33.71684255493225,12.963990302195121,5,10,11300156,27767648383,5944241,5234808,0.0,12,20.235801748198583,-0.5346637574397235,-0.4998001354981459,-1.1801684040320806,-0.8039195830452753,-0.7939634947710874,-1.2900613610747809,-1.121219616927609,-0.29939066743526205,-0.8351375444354233,5.5172082533557685,-0.3606594811282669,-1.324202067132452,-1.3149919129609233,-0.8997431518499547,-1.0236962710615032,-1.0517600011595005,0.5112779580444453,2.7483344857645005,4.125989978863821,6.669070047672472,5.90702233391638,10.389912213968111,-0.18147042680247616,-1.2352613768054879,6.565387768890744,0.0,-0.789863025473175,1,0.016042780748663103,1.0,3.0,0.008771929824561403,0.3333333333333333,4.666666666666667,0.0002516405025067265,0.21428571428571427,1.0,3.0,0.9285714285714286,0.6666666666666666,1.0
4,1,1,1,2,2,1,1,1,1,110,1,0,7,1,0,155,11,19.0,8.0,4,5,2000000,50000000000,1630654,859114,0.0,1,22.33830790368868,-1.657965601315522,-1.6822309968323692,-1.261192049666504,-0.5726496649069238,-0.5709082348418351,-0.8096669579259836,-1.2166828996315677,-0.32791626574163363,-0.5430710103035288,10.711137386336269,-1.586589430225623,-1.1744145876909309,-1.1643917246342772,-0.7032112207551815,-0.954869524056686,-0.9748667028557269,1.7325844175034433,4.199520242575713,7.295806578088952,5.552067192379836,1.344546941292187,1.6355472631284642,-0.7008189474657677,-1.6440491118921279,1.1754794555900991,0.0,-0.5550671225653813,1,0.03636363636363636,1.0,1.0,0.125,1.0,2.0,0.01282051282051282,0.5,1.0,1.0,1.0,1.0,1.0
40,3,4,1,13,15,2,1,4,1,2492,1,0,276,4,5,37980,31,38.86742454909361,14.042019091670756,5,11,13623907,29237377240,7116900,6320197,0.0,13,20.173988276141987,-0.5959899094155224,-0.5541929161486298,-1.1893809185076547,-0.8486465120509742,-0.8491731730047916,-1.3918167579329137,-1.0409720275846488,-0.2874644764598015,-0.8188928983714503,6.5626833913391085,-0.38962468339753326,-1.1923596171269315,-1.1846672742741537,-0.99316799005298,-1.1339159819742082,-1.1634398649137208,0.38572014360509155,3.150262931602265,3.727786446806003,5.300876106050188,6.336628946950471,12.489453158889225,-0.28987350346457486,-1.0161512365962109,7.83632993396573,0.0,-0.843925236042847,1,0.016051364365971106,1.0,4.0,0.010830324909747292,0.3333333333333333,3.75,0.000342276401358574,0.26666666666666666,1.0,4.0,0.8666666666666667,0.75,1.0
4,1,1,1,2,2,1,1,1,1,111,1,0,8,1,0,156,11,19.0,8.0,4,5,2000000,50000000000,1632707,860168,0.0,1,22.33830790368868,-1.657749012891606,-1.6820226320882035,-1.261192049666504,-0.5726075168322664,-0.5708681429708149,-0.8096669579259836,-1.2164568901776671,-0.3195221560382533,-0.5430710103035288,10.794111827854408,-1.586589430225623,-1.1744145876909309,-1.164389298947523,-0.7032112207551815,-0.954869524056686,-0.9748663412348324,1.7325844175034433,4.199520242575713,7.295806578088952,5.61873137570298,1.344546941292187,1.6355472631284642,-0.7008189474657677,-1.643784606818236,1.1781256007290866,0.0,-0.5550254068216516,1,0.036036036036036036,1.0,1.0,0.1111111111111111,1.0,2.0,0.012738853503184714,0.5,1.0,1.0,1.0,1.0,1.0
3,1,1,1,4,4,2,1,1,1,91,1,0,0,1,4,28502,12,16.77137076493912,8.0,4,5,1653324,42818861353,1348483,698262,0.0,2,21.88815595716513,-1.311275186290114,-1.3287514945683057,-1.2306240632907628,-0.5791899111224429,-0.5634482473065291,-0.8125993793534216,-1.2860000327762189,-0.38848501478585146,-0.6339169017178872,7.698782143881875,-1.2499906973588673,-1.3618376819124345,-1.3503010130472353,-0.6453508915694994,-0.8462359702403406,-0.8665680372204903,1.5733237435469787,3.381875210357035,6.964926435579992,6.959609722765336,1.9844778562031336,1.4093726031233151,-0.44860961338323724,-1.794363421853585,1.0439467598402474,0.0,-0.5518332576450862,1,0.03296703296703297,1.0,1.0,1.0,0.4,4.0,0.0001403361049714065,0.25,1.0,1.0,1.0,1.0,1.0
6,2,2,1,11,12,5,1,2,1,58,1,0,2475,2,14,93240,17,8.957895218629243,12.16841912548303,3,5,1457107,21833683825,1261047,1017572,2.868383198096153e+19,8,22.610751432512597,-0.6434878126369561,-0.6361574638634204,-1.4614208960513415,-0.5468165448925285,-0.5097349338669043,-0.7447299793936623,-1.447258976826431,-0.4644896101723413,-0.8956792194008008,6.775596284436453,-0.5853804664205497,-2.0866872507953538,-2.0764445303667687,-0.5149452080852215,-0.5349122375488903,-0.5597012130687519,3.3235959646652713,2.3119438766047287,10.391938500059652,14.065648752106402,3.8682248683278146,2.8894385420436155,0.35180107306902597,-0.379532574619704,3.0477364646675476,0.0,-0.6169240498054249,1,0.10344827586206896,1.0,2.0,0.0008077544426494346,0.3333333333333333,6.0,0.00011797385270428244,0.16666666666666666,1.0,2.0,0.9166666666666666,1.0,1.0
3,1,1,1,9,9,4,1,1,1,63,1,0,0,1,14,90564,17,11.893436714849015,8.0,4,5,894534,27101073858,769317,365926,0.0,6,20.90288147852284,-0.5483972273768365,-0.5511678543740677,-1.1637180839384615,-0.5927156576300844,-0.5463693504473821,-0.8190177454526723,-1.4334862445246965,-0.3638640605584267,-0.8327567356702503,2.6592721186039494,-0.5132569264662499,-1.7720618137211264,-1.7571663632134322,-0.5187085297786423,-0.6084632161157312,-0.6295215010249152,1.2247403847222367,1.5922466437024472,6.2407092853015005,11.288761902306407,3.3851329092919205,0.9143306024396383,0.10341603499165675,-2.1184121129830085,0.8056060382793946,0.0,-0.543973918742688,1,0.047619047619047616,1.0,1.0,1.0,0.26666666666666666,9.0,9.937613868492244e-05,0.1111111111111111,1.0,1.0,1.0,1.0,1.0
3,1,1,1,10,10,5,1,1,1,58,1,0,2,1,16,104213,18,10.820854927438214,8.0,4,5,727688,23644976988,647431,295655,0.0,7,20.68623495346929,-0.3800758211174019,-0.37963478364027414,-1.14900650026692,-0.5955775885339006,-0.542507268795565,-0.8204290442755549,-1.4653146798013195,-0.33611073405782316,-0.876478520819263,1.7719853099448248,-0.35126063526684204,-1.8622637164152156,-1.8466232665215998,-0.4908618452239273,-0.5561806876933038,-0.5773976942283382,1.1480923287562081,1.1987351720193993,6.081465204192017,12.418091010388885,3.6931151585312665,0.8054785703120392,0.22479788446943166,-2.18896143996735,0.7602409088542493,0.0,-0.5421347527372928,1,0.05172413793103448,1.0,1.0,0.3333333333333333,0.29411764705882354,10.0,9.595639741301553e-05,0.1,1.0,1.0,1.0,1.0,1.0
12,4,4,2,9,9,2,3,4,2,102,1,1,6018,2,1,6106,10,11.921884265836141,18.11159390594837,3,3,3371328,37360507617,2840609,2448956,6.958015783125653e+19,6,26.489841471944448,-1.894056359975572,-1.8939965332192354,-1.9839354892803798,-0.46094316402116725,-0.4819563517282634,-0.6294061673457704,-1.2474709539634379,-0.5229427635122328,-0.6939609241793774,21.227746515289294,-1.7680097753260873,-1.9340208651938107,-1.9352996552780992,-0.695193745766657,-0.7785390944663833,-0.807577545218975,6.826968391851219,5.961040928982435,17.372057779497858,12.641537491730988,2.5041206549629194,6.431034240656539,-0.10314062147857567,2.5784561881676433,6.63198259688423,0.0,-0.7318508547734232,1,0.11764705882352941,1.0,4.0,0.0006645622196378136,1.0,4.5,0.001473718683477976,0.4444444444444444,1.0,2.0,1.0,1.0,1.0
6,1,1,1,11,11,5,1,1,1,261,1,0,23,2,16,108081,20,12.475026680715704,8.518028840149798,4,6,1716639,21706253805,1108008,758491,0.0,8,20.490730296751092,-0.28174499408038955,-0.2754756935663456,-1.142174535290542,-0.6194586441387185,-0.5662700378288417,-0.8704059887851057,-1.4521733846970029,-0.34857616784446865,-0.9021330375707414,1.205503205792653,-0.2412023995672586,-1.8679412116791376,-1.8524713632436882,-0.514444322817283,-0.5691327270637407,-0.591174555589674,1.0290982701787181,1.0907179191757084,5.768244411085922,12.31171855246368,4.135256622243279,1.7310728395151433,0.2656010298339135,-2.1389062968893318,1.3238209929604587,0.0,-0.5669019069091208,1,0.022988505747126436,1.0,1.0,0.041666666666666664,0.29411764705882354,5.5,0.00010177457856072242,0.09090909090909091,1.0,1.0,1.0,1.0,1.0
28,2,3,1,12,13,3,1,3,1,1689,1,0,185,3,9,63205,27,29.370258060079372,12.05424005908638,4,9,9339139,26527341818,4954632,4318847,0.0,11,20.287966237477423,-0.48291051836709675,-0.4538979797271412,-1.1723939481310717,-0.7661744551473142,-0.7473719578052713,-1.204189816703187,-1.1889406876692903,-0.3094551993338619,-0.8488464275841779,4.634930089516447,-0.3362156999756537,-1.435464124431419,-1.4249730868273631,-0.8209017794326754,-0.9306816783371455,-0.9575131830850288,0.6172364012006485,2.409146418726807,4.462034585123891,7.823691133085435,5.544476616710632,8.61810620683187,-0.08998889466728183,-1.4201687793433546,5.492837615367918,0.0,-0.7442398383292785,1,0.016577856719952634,1.0,3.0,0.010752688172043012,0.3,4.333333333333333,0.000189855393475303,0.23076923076923078,1.0,3.0,0.9230769230769231,0.6666666666666666,1.0
34,3,4,1,9,10,1,1,4,1,2114,1,0,241,3,0,323,26,37.987962953305185,13.026225487639607,5,10,12052450,40656881165,6510199,5581778,0.0,9,21.03488011627893,-1.1568868530782819,-1.133708793720575,-1.235204730881686,-0.7949400206084234,-0.8105474549040127,-1.2907070786069248,-0.9935264670894384,-0.21061319941121753,-0.6722162662575489,10.751973836607768,-0.9625066195246657,-0.982404540307155,-0.9759869663923301,-1.0083049236529584,-1.2237592089579903,-1.2513109671899179,0.7880004080658948,4.229446300953671,4.692979858488154,3.922244088339741,4.790790012514705,10.914402317480429,-0.637432389593007,-0.955220278603134,6.867014376016413,0.0,-0.7988491726150038,1,0.01608325449385052,1.0,4.0,0.012396694214876033,1.0,3.3333333333333335,0.027777777777777776,0.4,1.0,4.0,0.9,0.75,1.0
3,1,1,1,10,10,5,1,1,1,60,1,0,2,1,15,101799,18,11.010662355175302,8.0,4,5,757214,24256578700,671230,309235,0.0,7,20.724573400132513,-0.4096272141842643,-0.4097634566386459,-1.1516099081257976,-0.5950253450021795,-0.5431471612994029,-0.8201792964218397,-1.459436696440797,-0.33190316280676047,-0.8687413769738126,2.019141105856395,-0.37992800562163187,-1.8463013055964694,-1.8307900579951721,-0.4957896816168011,-0.5654327674432384,-0.5866212932584236,1.1616562084665656,1.2683721928059444,6.1096455348414045,12.290661603094811,3.638613656451953,0.824741366366007,0.20331777274856866,-2.176189467038228,0.7711434866761993,0.0,-0.5424148996778115,1,0.05,1.0,1.0,0.3333333333333333,0.3125,10.0,9.823182711198428e-05,0.1,1.0,1.0,1.0,1.0,1.0
23,2,2,1,6,7,1,1,2,1,1362,1,0,144,2,0,251,20,30.931110426770676,11.158235112968708,4,8,8316470,44129239517,4673577,3814726,0.0,6,21.519297412507996,-1.3455542032300452,-1.3399157210292152,-1.244862885191102,-0.7128013150930115,-0.721937881812231,-1.1119291233655033,-1.0790105619119679,-0.3488534753472114,-0.6242195944707823,9.801248804750161,-1.1944462104271856,-1.0537648326846134,-1.0460347075502205,-0.8949172330713746,-1.1238266960854317,-1.1485748817072488,1.1390538659810927,4.218324319033175,5.660317131976418,3.77631797631488,3.5099981137725913,7.46592751822592,-0.6609899240253593,-1.2142049782999094,4.72192693861663,0.0,-0.7087182313617191,1,0.016886930983847283,1.0,2.0,0.013793103448275862,1.0,3.5,0.023809523809523808,0.2857142857142857,1.0,2.0,0.8571428571428571,1.0,1.0
3,1,1,1,3,3,1,1,1,1,98,1,0,0,1,2,13552,11,17.946396852151548,8.0,4,5,1836106,46605056523,1487995,778317,0.0,1,22.125494798482165,-1.4950418165638284,-1.5160605177809,-1.2467407779331015,-0.5759317479672424,-0.5675623146851025,-0.8110532847308918,-1.250472667188856,-0.39441585829710246,-0.5860191668014633,8.912729623627062,-1.4274595584053213,-1.2630204261788565,-1.2522928408335767,-0.6758572652355604,-0.9035121010891375,-0.923669232327464,1.6572925992102971,3.812971701339909,7.139380217784806,5.916777512604699,1.6470796442418976,1.5286212971597601,-0.5815848711440249,-1.716304624482784,1.101359706100532,0.0,-0.5537264624616602,1,0.030612244897959183,1.0,1.0,1.0,0.3333333333333333,3.0,0.00022135320593226593,0.3333333333333333,1.0,1.0,1.0,1.0,1.0
3,1,1,1,9,9,5,1,1,1,62,1,0,3,1,15,98285,17,11.286925138475523,8.0,4,5,800188,25146758779,705870,329000,0.0,7,20.78037461986802,-0.4526389666556085,-0.45361543418718264,-1.155399141822992,-0.5942215601505975,-0.5440785183396979,-0.8198157909573109,-1.4508813513590462,-0.32577908558485813,-0.8574800426887337,2.3788738565782994,-0.42165307201409413,-1.8230681787713348,-1.8077449837942698,-0.502962097437267,-0.5788990755509116,-0.6000461479676193,1.1813982976240203,1.3697281692953043,6.150661719889252,12.105189395009676,3.5592872737177137,0.8527781703807837,0.17205368830069875,-2.1575999901578937,0.7870120779644769,0.0,-0.542822650704436,1,0.04838709677419355,1.0,1.0,0.25,0.3125,9.0,9.156950125144986e-05,0.1111111111111111,1.0,1.0,1.0,1.0,1.0
3,1,1,1,4,4,2,1,1,1,106,1,0,19,1,4,27475,12,16.85359568545725,8.0,4,5,1666114,43083808319,1403858,727276,0.0,3,21.90476424150497,-1.319321958827249,-1.3372288870389382,-1.2317518642773975,-0.5780253667800648,-0.5628452799823626,-0.8124911881321079,-1.2784919078121277,-0.2023794734787343,-0.630565157029525,9.627456833649685,-1.2624094539743955,-1.3549227367150993,-1.3433887854142563,-0.6474856391953492,-0.8502439878987409,-0.8705557780178474,1.579199640736031,3.4120420935373086,6.977134205715468,8.367940874968532,1.9608677070639882,1.4177172811655692,-0.45791483657721554,-1.7830236820596024,1.10676278304063,0.0,-0.5510387976761588,1,0.02830188679245283,1.0,1.0,0.05,0.4,4.0,0.00014558159848595138,0.25,1.0,1.0,1.0,1.0,1.0
3,1,1,1,6,6,2,1,1,1,96,1,0,15,1,6,43880,14,15.56396256984635,8.0,4,5,1465505,38928323836,1242155,635007,0.0,4,21.64427638279768,-1.1185371130189563,-1.132521753649344,-1.2140631940905766,-0.581777546317401,-0.5584975757158905,-0.8141880822238915,-1.3184294491671456,-0.2309675181425026,-0.6831346325358212,7.948174294906084,-1.0676310378302776,-1.4633782057252733,-1.4509663986061756,-0.6140038040726195,-0.7873813877568958,-0.8078866881085155,1.487040821351632,2.938898291160892,6.78566494633193,9.233750951572784,2.3311743002779077,1.2868375785816135,-0.3119697398414998,-1.8698019469434024,1.0326859907235912,0.0,-0.5491353591435507,1,0.03125,1.0,1.0,0.0625,0.2857142857142857,6.0,0.0001367334381623026,0.16666666666666666,1.0,1.0,1.0,1.0,1.0
3,1,1,1,10,10,5,1,1,1,59,1,0,2,1,16,103078,18,10.910104085105113,8.0,4,5,741571,23932557607,658622,302040,0.0,7,20.704262035505774,-0.3939711516139204,-0.3938015563466127,-1.1502306460300145,-0.5953179186641768,-0.5428081519993773,-0.8203116105911151,-1.462550799220032,-0.3341322962566378,-0.8728404462760972,1.8882001855194197,-0.36474029034248,-1.8547580474490915,-1.8391783496340195,-0.49317895816533164,-0.5605310987082637,-0.5817347133529669,1.1544701868478384,1.2314791247810384,6.094715848822828,12.35817255831049,3.6674880626364885,0.8145361100649472,0.2146977429705787,-2.1829559435583925,0.7653673988900064,0.0,-0.5422664803454394,1,0.05084745762711865,1.0,1.0,0.3333333333333333,0.29411764705882354,10.0,9.701297063417378e-05,0.1,1.0,1.0,1.0,1.0,1.0
4,1,1,1,2,2,1,1,1,1,106,1,0,2,1,0,150,11,19.0,8.0,4,5,2000000,50000000000,1618129,852685,0.0,1,22.33830790368868,-1.6592871209487245,-1.6835023394798831,-1.261192049666504,-0.5729068324284122,-0.5711528563859007,-0.8096669579259836,-1.2180619019125718,-0.3791331340105366,-0.5430710103035288,10.20486677621915,-1.586589430225623,-1.1744145876909309,-1.164406525022089,-0.7032112207551815,-0.954869524056686,-0.9748689092945715,1.7325844175034433,4.199520242575713,7.295806578088952,5.145314026628318,1.344546941292187,1.6355472631284642,-0.7008189474657677,-1.6456629961520048,1.1593339354821919,0.0,-0.5553216522090054,1,0.03773584905660377,1.0,1.0,0.3333333333333333,1.0,2.0,0.013245033112582781,0.5,1.0,1.0,1.0,1.0,1.0
20,2,3,1,6,7,1,1,3,1,1189,1,0,140,2,0,253,19,29.16704953038992,10.69127781686792,5,7,7382555,44997254197,4263059,3397945,0.0,6,21.64039128638378,-1.3875893554289562,-1.386530080368217,-1.247277215416141,-0.6912705775061254,-0.6988382464483338,-1.0672384912755657,-1.0950290883643277,-0.18468449735121656,-0.6122214619411465,11.52796365099979,-1.252426104593206,-1.0716033663459075,-1.063487704883292,-0.8665727565028498,-1.0988457236798599,-1.1228845154481661,1.2268096572944143,4.2155440634840575,5.902130582286713,5.318078537774118,3.189827769206559,6.6038832112710235,-0.6668787994341903,-1.2726835498504334,4.248347427682994,0.0,-0.6851998424581942,1,0.01682085786375105,1.0,3.0,0.014184397163120567,1.0,3.5,0.023622047244094488,0.42857142857142855,1.0,3.0,0.8571428571428571,0.6666666666666666,1.0
54,3,5,1,14,15,1,1,5,1,3428,1,0,383,4,0,423,36,50.52605778361742,16.34513294272226,5,13,18690265,34487451077,9704295,8685890,0.0,14,20.174203210430914,-0.8289650480021009,-0.7743472270516605,-1.218044834998653,-0.9422963369333927,-0.9693315378990731,-1.6083465571078361,-0.8492500832215614,-0.24746839905648987,-0.7574932109207781,9.648977648602097,-0.550413469681314,-0.8556168386252601,-0.8516129356857176,-1.20976380518072,-1.4013119236160145,-1.4338570316910737,0.16427452895767758,4.249207017717392,2.974286372647708,1.9381973286288994,7.066406546081466,17.04139787115229,-0.5955771007697575,-0.5039762396695464,10.589201971907997,0.0,-0.9603909552614325,1,0.01575262543757293,1.0,5.0,0.0078125,1.0,3.75,0.0330188679245283,0.3333333333333333,1.0,5.0,0.9333333333333333,0.6,1.0
3,1,1,1,3,3,1,1,1,1,95,1,0,0,1,3,20546,12,17.396740533613205,8.0,4,5,1750604,44833941719,1422734,740869,0.0,2,22.014471907004104,-1.409079053212698,-1.4284406859758938,-1.2392016652839035,-0.5774558587802486,-0.5656378270893505,-0.8117765203148334,-1.2670917373428152,-0.39164151511808853,-0.6084248758550763,8.34486656945556,-1.344442779561371,-1.309245382020846,-1.298139321785699,-0.6615869258586521,-0.8767193451111347,-0.8969583081801564,1.6180134610038677,3.6113124252207003,7.057773839232588,6.404595885088604,1.8049085308396338,1.4728388776306116,-0.5193814090822776,-1.752819142466084,1.0745029503048094,0.0,-0.5528408548985244,1,0.031578947368421054,1.0,1.0,1.0,0.25,3.0,0.0001460067163089502,0.3333333333333333,1.0,1.0,1.0,1.0,1.0
42,3,4,1,13,15,2,1,4,1,2619,1,0,290,4,5,33993,32,40.36841576772934,14.356180044408465,5,11,14301099,29665688082,7458638,6636503,0.0,13,20.155974490737634,-0.6138616791869271,-0.5700441512529548,-1.1920656448832498,-0.8616809085036858,-0.8652624697690084,-1.4214704858622986,-1.0175861408912596,-0.28398892594022307,-0.8141588564477398,6.867357504515804,-0.3980657710846064,-1.153937869851374,-1.1466878501115128,-1.020394012646964,-1.1660363944612004,-1.195985797583765,0.34912987533672857,3.2673935914784247,3.6117413075331872,4.902154739398101,6.461825624600295,13.101304892356456,-0.32146450936009374,-0.9522977930939069,8.206710025251324,0.0,-0.8596801358613724,1,0.016036655211912942,1.0,4.0,0.010309278350515464,0.3333333333333333,3.75,0.00038242042713420015,0.26666666666666666,1.0,4.0,0.8666666666666667,0.75,1.0
4,1,1,1,2,2,1,1,1,1,122,1,0,22,1,0,170,11,19.0,8.0,4,5,2000000,50000000000,1668117,878343,0.0,1,22.33830790368868,-1.6540128698181686,-1.6784283472155945,-1.261192049666504,-0.5718804639531553,-0.5701765595357207,-0.8096669579259836,-1.2125582346518748,-0.1747240442142877,-0.5430710103035288,12.22541817075775,-1.586589430225623,-1.1744145876909309,-1.16434745593209,-0.7032112207551815,-0.954869524056686,-0.9748601032864895,1.7325844175034433,4.199520242575713,7.295806578088952,6.768686309886264,1.344546941292187,1.6355472631284642,-0.7008189474657677,-1.6392219031342525,1.2237715159335565,0.0,-0.5543058116365944,1,0.03278688524590164,1.0,1.0,0.043478260869565216,1.0,2.0,0.011695906432748537,0.5,1.0,1.0,1.0,1.0,1.0
3,1,1,1,10,10,5,1,1,1,58,1,0,2,1,16,104942,18,10.763539426766727,8.0,4,5,718772,23460293708,640244,291554,0.0,7,20.674658023674358,-0.3711522878850081,-0.37053693115864694,-1.148220358087646,-0.5957443476270011,-0.542314042641717,-0.8205044597819339,-1.4670896343605986,-0.3373812799776575,-0.8788148797202622,1.697352518407535,-0.3426040473534564,-1.8670838310909574,-1.8514043664224173,-0.48937380329926694,-0.5533868687714513,-0.5746124755321835,1.1439964903271462,1.1777071186959012,6.072955685995001,12.456570433277683,3.709572790965708,0.7996618495791964,0.23128416044102346,-2.192818149010419,0.7569486946668232,0.0,-0.542050157722499,1,0.05172413793103448,1.0,1.0,0.3333333333333333,0.29411764705882354,10.0,9.528982399969507e-05,0.1,1.0,1.0,1.0,1.0,1.0
3,1,1,1,10,10,5,1,1,1,52,1,0,0,1,17,113125,18,10.12024379348942,8.0,4,5,618704,21387452223,559584,245529,0.0,7,20.544721299811012,-0.27099665992135513,-0.2684247851411645,-1.139396884068623,-0.5976160122752041,-0.5401453179590558,-0.8213509056014191,-1.4870113048314633,-0.3516415870940943,-0.9050376198372133,0.8596917053158517,-0.2454445505590317,-1.9211836589991744,-1.905066301717848,-0.4726723724288602,-0.5220297054990503,-0.5433518391603895,1.098025767832251,0.9416932180782913,5.977446864937839,12.888454381343927,3.8942893677228634,0.7343763508294157,0.3040845889441689,-2.23610493979408,0.7199976607270911,0.0,-0.5411006832701013,1,0.057692307692307696,1.0,1.0,1.0,0.2777777777777778,10.0,8.839700864522745e-05,0.1,1.0,1.0,1.0,1.0,1.0
4,1,1,1,2,2,1,1,1,1,116,1,0,15,1,0,163,11,19.0,8.0,4,5,2000000,50000000000,1650571,869337,0.0,1,22.33830790368868,-1.6558641125379863,-1.6802092998109797,-1.261192049666504,-0.5722407155074778,-0.5705192361340734,-0.8096669579259836,-1.2144900015883482,-0.24647088181888985,-0.5430710103035288,11.516212073708862,-1.586589430225623,-1.1744145876909309,-1.1643681889651065,-0.7032112207551815,-0.954869524056686,-0.9748631941628906,1.7325844175034433,4.199520242575713,7.295806578088952,6.198888617940094,1.344546941292187,1.6355472631284642,-0.7008189474657677,-1.6414827030585684,1.2011541625424433,0.0,-0.5546623679357962,1,0.034482758620689655,1.0,1.0,0.0625,1.0,2.0,0.012195121951219513,0.5,1.0,1.0,1.0,1.0,1.0
38,3,4,1,10,11,1,1,4,1,2367,1,0,268,3,0,342,27,40.39816699972571,13.664220676397981,5,10,13328441,39470928629,7124201,6178483,0.0,10,20.869431777499383,-1.0938502855454415,-1.0646285455779736,-1.2319060757787232,-0.8232663967188854,-0.8410705961404821,-1.3517670695183779,-0.9657921478880404,-0.21769789230267014,-0.6886090946637268,10.539944344767381,-0.8832897535895488,-0.9580320789590977,-0.9520784861857529,-1.0470314620957588,-1.2578902533561496,-1.2864018856486892,0.6681012800062303,4.233244913115141,4.362594576657734,3.540849818057011,5.228232881749047,12.092197642505319,-0.6293865271353385,-0.868477418281843,7.58253230171157,0.0,-0.8299024277921072,1,0.01605407689057879,1.0,4.0,0.011152416356877323,1.0,3.6666666666666665,0.029154518950437316,0.36363636363636365,1.0,4.0,0.9090909090909091,0.75,1.0
6,2,2,1,4,4,1,1,2,1,100,1,0,2223,1,0,2349,10,16.37919394160504,11.74400865484995,3,4,2507760,45319989181,2056637,1436478,2.576336782797416e+19,2,23.8754916311034,-1.7477065762699833,-1.7628768617610147,-1.5288014610332452,-0.5317404556561439,-0.5384022903770382,-0.7429219950309263,-1.230507754158702,-0.4901941275912567,-0.5989408512737447,13.714826256440535,-1.653763740086151,-1.4556731611366172,-1.4498609753470406,-0.7002425991880693,-0.8895798515638917,-0.9129286121513853,3.6188763185128963,4.851756552394706,11.026728928948415,7.46179606225361,1.7739010134890305,3.4111669048076347,-0.47951725693843233,-0.08342479933165059,3.167460683878721,0.0,-0.6209722330412826,1,0.06,1.0,2.0,0.0008992805755395684,1.0,4.0,0.001702127659574468,0.5,1.0,2.0,1.0,1.0,1.0
4,1,1,1,2,2,1,1,1,1,103,1,0,626,1,0,768,10,18.26148008337402,9.055028452322826,3,4,2143082,48681214434,1738079,1015336,7.259888689349362e+18,1,22.771472652592067,-1.6845847022029754,-1.706236643577403,-1.3366020097197588,-0.5613808032723604,-0.5619947038058939,-0.7908588190045369,-1.2219674009144028,-0.4252247399734077,-0.5588146362628261,11.047690065313152,-1.6055185553162397,-1.2536707606328763,-1.2448493344339426,-0.7023746895112097,-0.9364714730710113,-0.9574153199930225,2.264124755256974,4.383314653308629,8.34714742594328,5.680574692878773,1.4655351130747367,2.135901139193386,-0.6384580926768684,-1.2059043410521824,1.720542112274753,0.0,-0.5738949328544142,1,0.038834951456310676,1.0,1.0,0.001594896331738437,1.0,2.0,0.002600780234070221,0.5,1.0,1.0,1.0,1.0,1.0
3,1,1,1,10,10,5,1,1,1,53,1,0,0,1,17,113052,18,10.125990425594162,8.0,4,5,619598,21405969149,560304,245940,0.0,7,20.545882039151234,-0.2718913613888503,-0.26933696440406196,-1.1394757051525075,-0.5975992924847995,-0.5401646914200947,-0.8213433442058965,-1.4868333423128546,-0.351514198169843,-0.9048033691561344,0.8671746233901931,-0.24631248725046362,-1.920700379163534,-1.904586933626073,-0.47282156818563226,-0.5223098225585378,-0.5436310939342384,1.0984364294567073,0.9438015567460738,5.978300055957615,12.88459631355504,3.892639273807469,0.7349595535183228,0.30343425454419204,-2.235718254032883,0.7203277484611856,0.0,-0.541109165031967,1,0.05660377358490566,1.0,1.0,1.0,0.2777777777777778,10.0,8.845408790567256e-05,0.1,1.0,1.0,1.0,1.0,1.0
3,1,1,1,4,4,2,1,1,1,91,1,0,0,1,4,28387,12,16.780403667330475,8.0,4,5,1654729,42847967372,1349555,698877,0.0,2,21.889980477157174,-1.3126878749547448,-1.3301914150450613,-1.2307479590168389,-0.5791648643000138,-0.5634798738120735,-0.8125874938966091,-1.2857269194989351,-0.38853060758682717,-0.6335486923913237,7.7081142508130345,-1.2513549725156345,-1.361078033564762,-1.3495475844529294,-0.6455854064442231,-0.8466762751024557,-0.8670069972805641,1.5739692462174086,3.3851892240344177,6.966267532602099,6.9515930483549075,1.9818841392220123,1.4102893162288794,-0.44963184815477997,-1.7937633521997192,1.044388116457954,0.0,-0.5518478114788274,1,0.03296703296703297,1.0,1.0,1.0,0.4,4.0,0.0001409046075806679,0.25,1.0,1.0,1.0,1.0,1.0
38,3,4,1,10,11,1,1,4,1,2347,1,0,266,3,0,341,27,40.207174091948865,13.613663730221758,5,10,13227327,39564907611,7075546,6131198,0.0,10,20.882542476304028,-1.0988455212588861,-1.0701027034536506,-1.2321674726221994,-0.8210217166685998,-0.8386518368209571,-1.3469284645752297,-0.9679899113003759,-0.21713647672540645,-0.6873100702227743,10.556746295308118,-0.8895671721310977,-0.9599634371233401,-0.9539730768790018,-1.04396263719842,-1.255185591306998,-1.2836211598578773,0.6776025017563276,4.232943897944532,4.388775449500088,3.571072819631881,5.193568395268994,11.998865065860382,-0.630024109114609,-0.8753512226579698,7.525832185637194,0.0,-0.827441660409769,1,0.016190881976991905,1.0,4.0,0.011235955056179775,1.0,3.6666666666666665,0.029239766081871343,0.36363636363636365,1.0,4.0,0.9090909090909091,0.75,1.0
3,1,1,1,3,3,1,1,1,1,117,1,0,22,1,1,9732,11,18.24849354971198,8.0,4,5,1883098,47578479215,1578760,827076,0.0,2,22.18651410770856,-1.53649562566507,-1.5586449934542812,-1.2508843508477463,-0.5739669201105628,-0.5675478603692194,-0.8106557871053793,-1.2352945127814412,-0.17145796412696857,-0.5737047614479583,11.44380878554889,-1.473086423566361,-1.2376147207702906,-1.227030279210772,-0.6837003887537156,-0.9182376720077452,-0.9383401568548512,1.678880812672005,3.9238056884939945,7.184231912614858,7.431460094437861,1.5603352845161564,1.559279881721289,-0.615772525923743,-1.6891622459000601,1.1868860042444613,0.0,-0.5530976020847426,1,0.02564102564102564,1.0,1.0,0.043478260869565216,0.5,3.0,0.0003082297338949964,0.3333333333333333,1.0,1.0,1.0,1.0,1.0
4,1,1,1,2,2,1,1,1,1,119,1,0,19,1,0,167,11,19.0,8.0,4,5,2000000,50000000000,1659641,873992,0.0,1,22.33830790368868,-1.6549071652211507,-1.6792886869765193,-1.261192049666504,-0.5720544937038189,-0.5703420992044718,-0.8096669579259836,-1.2134914295659869,-0.2093833929649555,-0.5430710103035288,11.882816011911649,-1.586589430225623,-1.1744145876909309,-1.164357471612864,-0.7032112207551815,-0.954869524056686,-0.9748615964221692,1.7325844175034433,4.199520242575713,7.295806578088952,6.493429342724535,1.344546941292187,1.6355472631284642,-0.7008189474657677,-1.640314046783345,1.2128455606556419,0.0,-0.554478056289263,1,0.03361344537815126,1.0,1.0,0.05,1.0,2.0,0.011904761904761904,0.5,1.0,1.0,1.0,1.0,1.0
27,2,3,1,12,13,3,1,3,1,1657,1,0,181,3,10,64219,27,28.988617261360382,11.974361752377755,4,9,9166957,26418439854,4867742,4238423,0.0,11,20.29254640781041,-0.478366456812706,-0.4498676576634348,-1.1717113318002077,-0.7628603401736409,-0.7432811063787697,-1.1966500841108456,-1.1948867640790704,-0.31033888996430126,-0.8500501012089818,4.557463898869816,-0.3340694759292001,-1.4452332064462696,-1.4346297041295561,-0.8139793132118847,-0.922514768548119,-0.9492380808825391,0.6265398128621588,2.3793648730158,4.491540127254768,7.9250697014249205,5.5126442119223675,8.462537285868914,-0.08195659136489453,-1.4364041036254824,5.398665076506349,0.0,-0.7402340103964911,1,0.016294508147254073,1.0,3.0,0.01098901098901099,0.2727272727272727,4.333333333333333,0.00018685767673621924,0.23076923076923078,1.0,3.0,0.9230769230769231,0.6666666666666666,1.0
3,1,1,1,6,6,3,1,1,1,93,1,0,14,1,7,48738,14,15.182001916777214,8.0,4,5,1406089,37697561731,1194262,607679,0.0,4,21.56712567115417,-1.059069106263413,-1.071892052526663,-1.2088242032995546,-0.5828888584643712,-0.5572098823860039,-0.814690664522408,-1.3302580608810375,-0.2394346612993918,-0.6987045422666016,7.450808146796385,-1.0099420019846548,-1.495500304072928,-1.4828284955801199,-0.6040872289981861,-0.7687628833829375,-0.78932549716261,1.4597454282572393,2.7987636175365243,6.728956009137682,9.49018464445058,2.4408508791960863,1.2480739208658442,-0.26874404736615914,-1.8955037394346115,1.0107460919817077,0.0,-0.5485716029743029,1,0.03225806451612903,1.0,1.0,0.06666666666666667,0.375,6.0,0.00012310470054781593,0.16666666666666666,1.0,1.0,1.0,1.0,1.0
4,1,1,1,11,11,5,1,1,1,54,1,0,1112,2,16,105033,18,9.53177192547368,9.87291229810528,3,5,985107,21374582459,866455,587678,1.2887931864985666e+19,8,21.45963432976579,-0.4280512213918095,-0.42313992434849257,-1.283177248868499,-0.5749839629113784,-0.5262583932811845,-0.7870114872090239,-1.471200806515629,-0.4038132015475314,-0.9035320113316566,3.4315427885335197,-0.3881801234005491,-2.0011147910257256,-1.9875918926066474,-0.4899468324448706,-0.5245902342658656,-0.5474799904698899,2.093264705046959,1.533066630249567,7.951090881890252,13.461835141868148,3.901591962833086,1.6959471885928306,0.33301772792987594,-1.4063841414465204,1.7620704059007224,0.0,-0.5750711449853738,1,0.07407407407407407,1.0,1.0,0.0008984725965858042,0.29411764705882354,5.5,0.00010472799284041358,0.09090909090909091,1.0,1.0,1.0,1.0,1.0
4,1,1,1,2,2,1,1,1,1,121,1,0,22,1,0,170,11,19.0,8.0,4,5,2000000,50000000000,1666329,877425,0.0,1,22.33830790368868,-1.6542015111247308,-1.6786098259708773,-1.261192049666504,-0.5719171735229869,-0.5702114782206396,-0.8096669579259836,-1.2127550813619083,-0.182035034308966,-0.5430710103035288,12.153150194583183,-1.586589430225623,-1.1744145876909309,-1.164349568624497,-0.7032112207551815,-0.954869524056686,-0.9748604182462496,1.7325844175034433,4.199520242575713,7.295806578088952,6.710624025597907,1.344546941292187,1.6355472631284642,-0.7008189474657677,-1.6394522782477008,1.2214668116130465,0.0,-0.5543421446605811,1,0.03305785123966942,1.0,1.0,0.043478260869565216,1.0,2.0,0.011695906432748537,0.5,1.0,1.0,1.0,1.0,1.0
3,1,1,1,6,6,3,1,1,1,78,1,0,0,1,8,56557,14,14.566374061382268,8.0,4,5,1310324,35713871975,1086680,548035,0.0,4,21.442777451593734,-0.9664276817222971,-0.9772565080101416,-1.200380221860118,-0.5853040213494854,-0.5557279889167891,-0.8155007051904954,-1.3526689560101182,-0.37735548282571907,-0.7237994573036179,5.420747451495192,-0.9169612796718398,-1.547273329272392,-1.5342183736953148,-0.5881041171334376,-0.7387543737987665,-0.7594147166684918,1.4157518802887754,2.5729005400267444,6.637554967941163,8.916537837631443,2.617622901455226,1.185596314140988,-0.19907472372580304,-1.9408447576803973,0.9362084222636387,0.0,-0.5482805617303875,1,0.038461538461538464,1.0,1.0,1.0,0.3333333333333333,6.0,0.00010608578804059549,0.16666666666666666,1.0,1.0,1.0,1.0,1.0
4,2,2,1,3,3,1,1,2,1,164,1,0,29,1,0,176,11,19.38602392209225,8.102182802906771,5,5,2204365,49810055065,1771330,976413,0.0,2,22.31180931045373,-1.6434026680875151,-1.6668696960591833,-1.2606637293434315,-0.5763172354693079,-0.5749700509223257,-0.8194464690049571,-1.2075797608853736,-0.15593358611565725,-0.5456965240748363,12.38841606476332,-1.57390187153965,-1.1705110372282257,-1.1605124599048873,-0.7094137538066665,-0.9603360320244447,-0.980479488548613,1.7133810924829869,4.20012863719162,7.242891297956076,6.865842566315006,1.4146088152334877,1.8241857194712991,-0.6995303033000853,-1.6247011059571754,1.344651715772599,0.0,-0.559180352714438,1,0.024390243902439025,1.0,2.0,0.06666666666666667,1.0,3.0,0.01694915254237288,0.6666666666666666,1.0,2.0,1.0,1.0,1.0
3,1,1,1,6,6,3,1,1,1,76,1,0,0,1,9,60990,15,14.217945777947136,8.0,4,5,1256124,34591158617,1045310,524296,0.0,4,21.37239980979281,-0.9119357072582841,-0.9217141144070312,-1.195601162672789,-0.5862701583635251,-0.5545080522275081,-0.8159591657312604,-1.3632038191431946,-0.3755968209147738,-0.7380024828695886,5.060777880477871,-0.8643367709136569,-1.5765754249141173,-1.5632805533172436,-0.579058119324561,-0.7217703900637362,-0.7424826063011238,1.3908527528913655,2.4450683055063918,6.585824514861103,9.22576691845903,2.7176709609043805,1.1502357223914295,-0.15964381976106484,-1.9639913865688179,0.919183868911056,0.0,-0.5477191732543283,1,0.039473684210526314,1.0,1.0,1.0,0.3,6.0,9.837517010706498e-05,0.16666666666666666,1.0,1.0,1.0,1.0,1.0
3,1,1,1,3,3,1,1,1,1,119,1,0,23,1,1,6618,11,18.493270518863465,8.0,4,5,1921175,48367205005,1609452,844589,0.0,2,22.235955633196163,-1.574605306173096,-1.5974991381472525,-1.2542417235952654,-0.5732547430396241,-0.5683730701596876,-0.810333710549086,-1.2277142248608628,-0.1660318511944935,-0.5637268873312419,11.762542606204505,-1.5100560622820192,-1.2170294855814148,-1.2066116641900224,-0.690055360585444,-0.9301692179252936,-0.9502349738394643,1.6963728855851654,4.013610071241755,7.220573461564134,7.267126251078379,1.4900497711817873,1.5841213164938233,-0.6434734262876158,-1.672691421438935,1.2009460438699475,0.0,-0.553458881513239,1,0.025210084033613446,1.0,1.0,0.041666666666666664,0.5,3.0,0.0004532406707961928,0.3333333333333333,1.0,1.0,1.0,1.0,1.0
52,3,5,1,13,15,1,1,5,1,3264,1,0,366,4,0,410,34,48.96019084688555,15.930638753587353,5,12,17861277,35257943462,9305389,8298221,0.0,14,20.281692069648813,-0.8699187909233,-0.8192274423630488,-1.2201879128716997,-0.9238931914176935,-0.9495011929378793,-1.5686769610554236,-0.8672685798358765,-0.24286559940054353,-0.7468430802652949,9.786729459025782,-0.6018792662737398,-0.8714511956575524,-0.8671458523773924,-1.184603858158095,-1.3791375877880676,-1.411059082664414,0.24217087165548215,4.246739126586785,3.1889318463242673,2.1859824398445427,6.782207651527099,16.27620508159042,-0.6008043552914922,-0.5603315416931997,10.124342631824751,0.0,-0.9402162046497824,1,0.015931372549019607,1.0,5.0,0.008174386920980926,1.0,3.75,0.031630170316301706,0.3333333333333333,1.0,5.0,0.8666666666666667,0.6,1.0
10,1,1,1,3,3,1,1,1,1,526,1,0,48,1,0,182,14,22.995892390421567,9.057736220993943,4,6,4115472,48033801859,2638090,1842994,0.0,2,22.06401006615956,-1.5545671925819873,-1.5687705745543257,-1.2557231887025826,-0.6198282078089817,-0.621718267558177,-0.9108986994478858,-1.1718606052523561,-0.38269330189252126,-0.5702487832323456,9.93425499919557,-1.4552552918346076,-1.1340073313089734,-1.1247661404523361,-0.7674161914923167,-1.0114555964227556,-1.0330460102423598,1.5338029018291468,4.205817985479565,6.7480587492135875,4.57800623253053,2.0697862151261432,3.5882215123193575,-0.6874796616834193,-1.5015935300957022,2.348175999160052,0.0,-0.6067643590714963,1,0.019011406844106463,1.0,1.0,0.02040816326530612,1.0,3.0,0.01639344262295082,0.3333333333333333,1.0,1.0,1.0,1.0,1.0
9,3,3,1,6,6,2,2,3,1,96,1,0,4167,1,0,4273,10,14.08894422962489,15.015793957678728,3,3,2951477,41230257552,2444240,1948898,4.827726028432479e+19,4,25.218793848257224,-1.8245093804205514,-1.8317931867038297,-1.76265790200973,-0.49567590835663844,-0.5096964964696501,-0.6845954234950885,-1.2408991293720275,-0.5692448723093076,-0.6477639554407034,16.960033113141176,-1.712465506024817,-1.7014572262194116,-1.6993064986044841,-0.6976484031515947,-0.8325250179401191,-0.8587999291842454,5.267254484138432,5.421727770188963,14.287078473740433,9.62907639102961,2.149101626688366,4.9628316531074335,-0.2861278486045146,1.282339092821875,4.927981982070065,0.0,-0.6782529890332749,1,0.09375,1.0,3.0,0.0007197696737044146,2.0,6.0,0.0014038371548900327,0.5,1.0,3.0,1.0,1.0,1.0
7,2,2,1,12,12,5,1,2,1,59,1,0,3016,2,13,88562,16,8.730224396327117,13.079102414691533,3,4,1644361,22015820482,1417591,1188122,3.4950449053086958e+19,8,23.067427534230465,-0.7289567387978595,-0.7206666934727097,-1.532134478324769,-0.5356418463100721,-0.5031796763573069,-0.7279558787241494,-1.4377606717240516,-0.48856141458815455,-0.8925638261901296,8.102263493880972,-0.6636146301671455,-2.1206359231317764,-2.111694528948857,-0.5248626706174634,-0.5390072268509888,-0.5645496687830809,3.811698245591689,2.620943389976098,11.360282009588873,14.305196270799165,3.8549873318443773,3.362925537786545,0.35925288211165046,0.02784437205442014,3.5577914038458385,0.0,-0.6335281132609865,1,0.11864406779661017,1.0,2.0,0.0006629101756711965,0.35714285714285715,6.0,0.00013549676501473527,0.16666666666666666,1.0,2.0,1.0,1.0,1.0
35,2,3,1,13,14,3,1,3,1,2173,1,0,240,3,7,48027,30,35.084856899177865,13.250318885874437,5,10,11917354,28158014008,6255704,5523092,0.0,12,20.219383852796295,-0.5509522187583438,-0.5142470667842836,-1.1826152832320316,-0.8157992270395292,-0.8086273971903692,-1.3170879849910935,-1.099905549228707,-0.29622302534255535,-0.8308229040980983,5.794890462266269,-0.3683527500119096,-1.2891842064338952,-1.2803771887735924,-0.9245571474169496,-1.0529710492745499,-1.081422601570941,0.47792932067106186,2.855088223476026,4.020225592547501,6.305672486004494,6.021127499056869,10.947558346432166,-0.21026269998679115,-1.1770648826780772,6.9029548854806935,0.0,-0.8042221560772069,1,0.016106764841233318,1.0,3.0,0.008298755186721992,0.375,4.666666666666667,0.0002706754393270592,0.21428571428571427,1.0,3.0,0.9285714285714286,0.6666666666666666,1.0
3,1,1,1,3,3,1,1,1,1,121,1,0,24,1,0,4503,11,18.659552936270877,8.0,4,5,1947041,48903003905,1630302,856486,0.0,2,22.269542356681168,-1.600494056342141,-1.62389361932839,-1.2565224612746742,-0.5727709453792955,-0.5689336534502765,-0.8101149168098042,-1.2225647673590094,-0.16234577248102106,-0.5569486964153814,11.979065551119788,-1.5351703568074733,-1.2030454793165604,-1.1927408466963212,-0.6943724337251227,-0.9382745813729048,-0.9583153865093188,1.7082556381968583,4.074616177775563,7.245261080797936,7.155490630985563,1.4423032650195706,1.6009966534185534,-0.6622912615309965,-1.6615024255232527,1.2104973402434354,0.0,-0.5537043066320245,1,0.024793388429752067,1.0,1.0,0.04,1.0,3.0,0.0006660746003552398,0.3333333333333333,1.0,1.0,1.0,1.0,1.0
24,2,3,1,7,8,1,1,3,1,1460,1,0,170,2,0,274,21,31.745599703805937,11.373835215713337,5,8,8747670,43728466137,4919948,4036328,0.0,7,21.463386835957696,-1.320149856941368,-1.312624766794344,-1.2437481583222336,-0.7215754731187417,-0.7314933451921053,-1.1325633546983687,-1.06535760320831,-0.19226403656532795,-0.6297592843476374,11.30112448202308,-1.167676158339556,-1.0455285555725446,-1.0379092830586583,-0.908004237196689,-1.1353607277030455,-1.160426438096405,1.0985359047422891,4.219607998262627,5.548668796749037,4.910044926164365,3.6578248203271886,7.863944301991479,-0.6582709556019164,-1.1798819391916815,5.0138423135303505,0.0,-0.7184220821440707,1,0.01643835616438356,1.0,3.0,0.011695906432748537,1.0,4.0,0.025454545454545455,0.375,1.0,3.0,0.875,0.6666666666666666,1.0
43,3,4,1,11,12,1,1,4,1,2664,1,0,294,3,0,358,30,43.28578906641673,14.428591223463254,5,11,14857182,38050060251,7842714,6884600,0.0,11,20.671211102089465,-1.0201329856748078,-0.9836018607831175,-1.227954016499815,-0.857555102243138,-0.8779740640351202,-1.424921945102344,-0.9344483782526153,-0.296166809363548,-0.7082490471861945,9.594165800612403,-0.7883814529964641,-0.9288318719008009,-0.9234543892919433,-1.0934290304427492,-1.298782043040806,-1.3284466979587366,0.5244522937404041,4.237795961942958,3.9667659198515546,2.528135414808408,5.752325306203192,13.503293012475503,-0.6197469242092589,-0.7667575123467398,8.417720789926717,0.0,-0.8674545537215199,1,0.01614114114114114,1.0,4.0,0.010169491525423728,1.0,4.0,0.03064066852367688,0.3333333333333333,1.0,4.0,0.9166666666666666,0.75,1.0
3,1,1,1,3,3,1,1,1,1,98,1,0,0,1,2,15194,12,17.817392153705143,8.0,4,5,1816038,46189374717,1472678,769528,0.0,1,22.099437653039242,-1.4748662996276782,-1.4954960857918567,-1.2449713432498988,-0.5762894577746247,-0.5671106361842275,-0.8112230285967682,-1.2543731738534065,-0.3937647181334684,-0.59127780141086,8.779451792386887,-1.407975465965095,-1.2738694536310502,-1.2630530399809003,-0.6725080072247704,-0.8972238236893949,-0.917400160912054,1.6480737597124997,3.7656421369789306,7.120227147218044,6.031268804556458,1.6841221874365546,1.515529126712043,-0.5669856778027437,-1.72487460580107,1.095056407901597,0.0,-0.5535186097857773,1,0.030612244897959183,1.0,1.0,1.0,0.3333333333333333,3.0,0.00019743336623889436,0.3333333333333333,1.0,1.0,1.0,1.0,1.0
3,1,1,1,4,4,2,1,1,1,93,1,0,0,1,4,25751,12,16.987637453324925,8.0,4,5,1686965,43515720682,1374160,712996,0.0,2,21.93183880454661,-1.3450979252042756,-1.3632262203601972,-1.2335903876484002,-0.5785902374952238,-0.5642054523911165,-0.8123148165104478,-1.2794611262904245,-0.3895766023680094,-0.6251011957311967,7.922212418474002,-1.282654315033237,-1.3436501021765892,-1.3322623472932877,-0.6509656710873487,-0.8567777950364246,-0.8770776646262557,1.5887784356082695,3.461219670445394,6.997035119944029,6.7676736703764675,1.9223788145203617,1.4313206436257824,-0.4730840645857623,-1.7799964917994526,1.0545137658780794,0.0,-0.5521817070459738,1,0.03225806451612903,1.0,1.0,1.0,0.4,4.0,0.00015532774153463808,0.25,1.0,1.0,1.0,1.0,1.0
56,3,5,1,14,16,1,1,5,1,3556,1,0,397,4,0,433,37,51.749566340980785,16.669002854965502,5,13,19338005,33885417785,10015986,8988799,0.0,15,20.090215525405256,-0.7969653590472234,-0.739279542689923,-1.2163703158838672,-0.9566758512412019,-0.984826211288197,-1.6393428627955817,-0.8351711188592066,-0.2510648507311342,-0.7658148158339119,9.541343650532351,-0.5102000638897735,-0.8432444774271937,-0.8394761084449935,-1.229422825856665,-1.4186381018518013,-1.4516704774380467,0.10340930494510037,4.251135333493214,2.8065706059487185,1.7445875161678766,7.2884686966536005,17.639290261686888,-0.5914927239374532,-0.4599423612720337,10.952425287516922,0.0,-0.9761547340583357,1,0.015748031496062992,1.0,5.0,0.007537688442211055,1.0,4.0,0.03225806451612903,0.3125,1.0,5.0,0.875,0.6,1.0
3,1,1,1,3,3,1,1,1,1,123,1,0,24,1,0,1564,11,18.890609727791652,8.0,4,5,1982983,49647520233,1659273,873017,0.0,2,22.31621259811221,-1.6364676225423866,-1.6605699211927458,-1.259691647402234,-0.5720986870799294,-0.5697126087873657,-0.8098108932083224,-1.2154093678465308,-0.15722380267743555,-0.547530099610304,12.279933783148056,-1.5700677825535851,-1.1836140825968033,-1.1734667307925797,-0.7003711982605859,-0.9495373432542541,-0.969543478178722,1.7247672498013842,4.159386867657583,7.279565622308613,7.000367987231358,1.3759573777503324,1.624445682284346,-0.6884394779359155,-1.6459548196072145,1.2237692900342236,0.0,-0.5540453357160932,1,0.024390243902439025,1.0,1.0,0.04,1.0,3.0,0.0019169329073482429,0.3333333333333333,1.0,1.0,1.0,1.0,1.0
4,1,1,1,2,2,1,1,1,1,123,1,0,24,1,0,172,11,19.0,8.0,4,5,2000000,50000000000,1671185,879917,0.0,1,22.33830790368868,-1.653689115609655,-1.6781168856812714,-1.261192049666504,-0.5718174614329634,-0.5701166306081478,-0.8096669579259836,-1.212220397982023,-0.1621766130355608,-0.5430710103035288,12.349447535554221,-1.586589430225623,-1.1744145876909309,-1.1643438300398057,-0.7032112207551815,-0.954869524056686,-0.9748595627391955,1.7325844175034433,4.199520242575713,7.295806578088952,6.868335263961327,1.344546941292187,1.6355472631284642,-0.7008189474657677,-1.6388265235968915,1.2277269472054393,0.0,-0.5542434553603467,1,0.032520325203252036,1.0,1.0,0.04,1.0,2.0,0.011560693641618497,0.5,1.0,1.0,1.0,1.0,1.0
19,6,6,2,14,15,3,3,6,2,82,1,1,11366,2,1,11402,10,5.604238767308066,27.136801760988476,2,2,4595321,26078997798,3880194,3847263,1.3168464826615883e+20,10,30.195335751005928,-2.1090413109296318,-2.0871080179322306,-2.6290276309401244,-0.3620673066974191,-0.4033499242630869,-0.468512531957266,-1.279396135865375,-0.8621047652724878,-0.8286392794046121,28.982575545682103,-1.92993838310983,-2.612015314557902,-2.6234292187872597,-0.6880376654377732,-0.6211535434817053,-0.6582689872363355,11.374013564900196,7.53330445970247,26.365720137597044,17.658216247590786,3.5391101814867865,10.711295803857602,0.43032335785643155,6.34209493314509,11.450198575811829,0.0,-0.8904614398011569,1,0.23170731707317074,1.0,6.0,0.0005278437582475588,1.5,7.5,0.0012277470841006752,0.4,1.0,3.0,0.9333333333333333,1.0,1.0
9,2,2,1,4,4,1,1,2,1,511,1,0,67,1,0,202,13,22.701134134265583,8.97971197671736,5,5,3959423,48178839082,2615858,1797150,0.0,3,22.084243732224053,-1.5566991505663217,-1.5718534104392523,-1.2561266009478045,-0.6152786913913146,-0.6169530429311996,-0.9034313082663428,-1.169432648424594,-0.1656782124220677,-0.5682440062834208,12.096780535096904,-1.4649431957678263,-1.136987985256448,-1.1276275898425046,-0.7626800916773195,-1.0072815070370353,-1.0287452203691119,1.5484660827137595,4.205353430497928,6.788463539702827,6.34125459951758,2.016288712499808,3.4441818835466034,-0.6884636382852408,-1.505390816643163,2.328809379099015,0.0,-0.601892488855661,1,0.01761252446183953,1.0,2.0,0.029411764705882353,1.0,4.0,0.019704433497536946,0.5,1.0,2.0,1.0,1.0,1.0
11,3,3,1,8,8,2,2,3,1,93,1,0,5610,1,0,5703,10,12.387815527208197,17.445977818274002,3,3,3281057,38192527727,2732139,2329508,6.499990343554144e+19,5,26.21655839142777,-1.881556196705776,-1.8829821630901367,-1.9363594428981072,-0.468888245758131,-0.488374694883527,-0.6412721978947729,-1.248617530793716,-0.6279613913350972,-0.6840282908994271,19.370475302189583,-1.7560674147592465,-1.884018248068639,-1.8845871416203521,-0.6957215122478395,-0.7901464010664627,-0.8185947691365215,6.4916202794115385,5.84508527267846,16.708768196718978,11.238867128772492,2.427789373679016,6.115361626609224,-0.14248400420652824,2.296787493585101,6.235644328190318,0.0,-0.7207994142568619,1,0.11827956989247312,1.0,3.0,0.0005346640527535199,2.0,8.0,0.001402524544179523,0.375,1.0,3.0,1.0,1.0,1.0
58,3,5,1,14,16,1,1,5,1,3662,1,0,409,4,0,1246,37,52.697486233129915,16.936683165073703,5,13,19863517,33183812959,10265661,9234625,0.0,15,20.008010114369924,-0.7606595459015217,-0.7002454423321165,-1.2141178596158047,-0.968744820899865,-0.9974191879975596,-1.6650447964005755,-0.8254955800945514,-0.2554409193097182,-0.7752736612920754,9.369936176330492,-0.46740046379063177,-0.8383434655118733,-0.8347266667795166,-1.244027267049954,-1.4298719346116648,-1.4633165402751667,0.04857915243603683,4.2294992596145935,2.658552053992994,1.6270764015098216,7.490185179016399,18.127025924323227,-0.5809515289528866,-0.4278086457730259,11.248994475517538,0.0,-0.9890901334857937,1,0.015838339705079193,1.0,5.0,0.007317073170731708,1.0,4.0,0.011226944667201283,0.3125,1.0,5.0,0.875,0.6,1.0
4,1,1,1,2,2,1,1,1,1,106,1,0,1,1,0,149,11,19.0,8.0,4,5,2000000,50000000000,1617512,852368,0.0,1,22.33830790368868,-1.659352280814862,-1.6835650252808698,-1.261192049666504,-0.5729195125285439,-0.5711649178843947,-0.8096669579259836,-1.21812989606247,-0.38165847241379,-0.5430710103035288,10.179904207101204,-1.586589430225623,-1.1744145876909309,-1.164407254781424,-0.7032112207551815,-0.954869524056686,-0.9748690180869466,1.7325844175034433,4.199520242575713,7.295806578088952,5.125258341366108,1.344546941292187,1.6355472631284642,-0.7008189474657677,-1.645742571573885,1.1585378520169762,0.0,-0.5553342022438971,1,0.03773584905660377,1.0,1.0,0.5,1.0,2.0,0.013333333333333334,0.5,1.0,1.0,1.0,1.0,1.0
3,1,1,1,6,6,3,1,1,1,91,1,0,13,1,8,51248,14,14.984688559611886,8.0,4,5,1375395,37061774247,1169522,593562,0.0,4,21.527271131688504,-1.0283491041831394,-1.040571941996113,-1.206117843749615,-0.5834629404511292,-0.5565446853509748,-0.8149502886480224,-1.3363684889293703,-0.2438086208380536,-0.7067476512493096,7.193878581838949,-0.9801409812699104,-1.5120939479816458,-1.499287827895478,-0.5989645214527984,-0.7591449303977171,-0.7797371511665099,1.4456451653025968,2.726372802708049,6.699661288099886,9.622653244096789,2.4975076416528115,1.228049378079963,-0.2464145052272685,-1.908780779676474,0.9994123720243153,0.0,-0.5482803776308462,1,0.03296703296703297,1.0,1.0,0.07142857142857142,0.3333333333333333,6.0,0.00011707545513083183,0.16666666666666666,1.0,1.0,1.0,1.0,1.0
5,2,2,1,3,3,1,1,2,1,233,1,0,36,1,0,181,11,20.043713788950633,8.27627717942811,5,5,2552554,49486435591,1938877,1139240,0.0,2,22.266662221739203,-1.6262014225044057,-1.6480192674944623,-1.2597636013900737,-0.5840468592579404,-0.5832991219508665,-0.8361083517831263,-1.200011695961549,-0.1578668376722763,-0.5501697541102365,12.330558038814996,-1.5522853905254466,-1.1638603468508608,-1.1539883794282975,-0.7199813453556716,-0.9696496177680671,-0.9900550020921086,1.680663347407789,4.201165192055277,7.152736668790249,6.76176874434324,1.5339770250961173,2.1455792760261794,-0.6973347704295785,-1.6010309522453552,1.5399002840355749,0.0,-0.5676540797805261,1,0.02145922746781116,1.0,2.0,0.05405405405405406,1.0,3.0,0.016483516483516484,0.6666666666666666,1.0,2.0,1.0,1.0,1.0
4,1,1,1,2,2,1,1,1,1,114,1,0,11,1,0,159,11,19.0,8.0,4,5,2000000,50000000000,1641657,864761,0.0,1,22.33830790368868,-1.6568046870788962,-1.6811141615300043,-1.261192049666504,-0.5724237511714085,-0.5706933423605156,-0.8096669579259836,-1.2154714886618514,-0.28292382670789007,-0.5430710103035288,11.155880501840283,-1.586589430225623,-1.1744145876909309,-1.16437872295009,-0.7032112207551815,-0.954869524056686,-0.9748647645672577,1.7325844175034433,4.199520242575713,7.295806578088952,5.909387302539108,1.344546941292187,1.6355472631284642,-0.7008189474657677,-1.6426313643487052,1.18966279701014,0.0,-0.5548435261242065,1,0.03508771929824561,1.0,1.0,0.08333333333333333,1.0,2.0,0.0125,0.5,1.0,1.0,1.0,1.0,1.0
9,3,3,1,7,7,2,2,3,1,108,1,0,4418,1,0,4522,10,13.811580933893676,15.41202723729475,3,3,3005214,40734965953,2528881,2030305,5.100383083196719e+19,5,25.381475990804333,-1.8298329244224296,-1.836312661368629,-1.7909793522244883,-0.4905342013916306,-0.5054837428363665,-0.6775317177230681,-1.2380068201642875,-0.4246566819481643,-0.6536767329901296,18.87691170954172,-1.7195746501416451,-1.7312231849150852,-1.7294713334929512,-0.6973342300906025,-0.8256153274340985,-0.8522379721454069,5.466883196342909,5.490754782663801,14.681926812875217,11.115866007605796,2.194540723609969,5.15074777692883,-0.26270720439509837,1.4525992405099357,5.189789599510702,0.0,-0.6844239111293224,1,0.08333333333333333,1.0,3.0,0.0006788866259334691,2.0,7.0,0.0015476453681185054,0.42857142857142855,1.0,3.0,1.0,1.0,1.0
8,2,2,1,12,12,5,1,2,1,60,1,0,3614,2,13,83394,16,8.478743444923087,14.085026220307657,3,4,1851199,22217005244,1590507,1376508,4.187243759534966e+19,8,23.57186345352051,-0.823364123323848,-0.8140140150559869,-1.610243384716428,-0.523298482313081,-0.4959388609618922,-0.7094275194347969,-1.427269020753062,-0.5151506815626777,-0.8891226208538677,9.567675392753543,-0.7500306308314033,-2.1581349945179977,-2.150631021077174,-0.5358173150813568,-0.5435304757911383,-0.5699051826936941,4.350846937324187,2.9622584993092316,12.429896221018952,14.569795999908889,3.8403653955091075,3.8859304576214386,0.3674840116379168,0.4778253625641593,4.121188593155694,0.0,-0.6518686526096621,1,0.13333333333333333,1.0,2.0,0.0005532503457814661,0.35714285714285715,6.0,0.00014389351879609088,0.16666666666666666,1.0,2.0,1.0,1.0,1.0
12,4,4,2,9,9,2,2,4,2,91,1,1,6479,2,1,6563,10,11.363574906748825,18.909178704644535,2,3,3479496,36363526619,2905482,2558671,7.506851868645694e+19,6,26.817307160946232,-1.915903783942534,-1.913802775816327,-2.040944224614806,-0.4527595353780325,-0.47553695059359913,-0.6151875122351105,-1.2532647395850756,-0.663314297786415,-0.7058628560314024,20.821789832233677,-1.7823198940642637,-1.9939372765494996,-1.9961436396631436,-0.6945613413965595,-0.7646304593395259,-0.7943874543022897,7.228804467790826,6.099986592261132,18.16685480762613,12.208113642392037,2.5955857964227014,6.809293845541559,-0.05599680303100857,2.9075815257742255,7.022980930552513,0.0,-0.7464163925063187,1,0.13186813186813187,1.0,4.0,0.0006172839506172839,1.0,4.5,0.0013711151736745886,0.4444444444444444,1.0,2.0,1.0,1.0,1.0
38,2,4,1,10,11,1,1,4,1,2353,1,0,258,3,0,333,27,40.33697472285816,13.648022720756572,5,10,13296045,39501038584,7086304,6151883,0.0,10,20.873632318349404,-1.0978045125525537,-1.0686468427327669,-1.2319898247943515,-0.823005272475575,-0.8407313525350049,-1.3502168273822681,-0.9689524761044928,-0.30874206129024295,-0.6881928998208201,9.64359236610388,-0.8853009776600089,-0.9586508673994245,-0.9527118561400117,-1.046048240336575,-1.257023705844667,-1.2855148980119342,0.6711453793849949,4.233148470771414,4.3709826746151474,2.826051592809086,5.217126716191124,12.062294789371672,-0.6295908022231176,-0.8735542606941694,7.5356088194375355,0.0,-0.8295673728509272,1,0.016149596260093498,1.0,4.0,0.007722007722007722,1.0,3.6666666666666665,0.029940119760479042,0.36363636363636365,1.0,4.0,0.9090909090909091,0.5,1.0
10,3,3,1,7,7,2,2,3,1,95,1,0,4937,1,0,5037,10,13.180400366923404,16.313713761537997,3,3,3127500,39607857798,2598002,2152175,5.720853913559618e+19,5,25.751682894706754,-1.8549771132552093,-1.8591323470317227,-1.8554289361423781,-0.48136907406748863,-0.4983088854409898,-0.6614572266757175,-1.2450213960950445,-0.6006043649357562,-0.6671321192775514,18.247409226509596,-1.7357525427589917,-1.7989599582196378,-1.7982617339434137,-0.6966192835428227,-0.8098913205510624,-0.837327038062958,5.921167399379177,5.647835800738932,15.580461703388908,10.488838202662212,2.2979440051508266,5.578378279601345,-0.20941011816046612,1.824138703416537,5.626382166233418,0.0,-0.7009763100035592,1,0.10526315789473684,1.0,3.0,0.0006075334143377885,2.0,7.0,0.001389440254069075,0.42857142857142855,1.0,3.0,1.0,1.0,1.0
53,3,5,1,13,15,1,1,5,1,3335,1,0,373,4,0,416,35,49.63937235669363,16.1104220944189,5,13,18220844,34923748922,9478411,8466369,0.0,14,20.235069688156088,-0.8521554520999102,-0.7997610294254853,-1.2192583710113358,-0.9318753997799551,-0.9581024369611221,-1.5858833120603095,-0.8594532096738856,-0.24486202473295032,-0.7514624841549646,9.726980778989393,-0.5795564132821103,-0.86458317752411,-0.8604085814363551,-1.1955167718959523,-1.3887555179795363,-1.4209474997943976,0.20838399334483726,4.247809553444144,3.0958311916866643,2.0785077483521457,6.9054765128596465,16.608100967452575,-0.5985370779546116,-0.5358879071695664,10.325971429930082,0.0,-0.948966831704352,1,0.015892053973013492,1.0,5.0,0.008021390374331552,1.0,3.75,0.03117505995203837,0.3333333333333333,1.0,5.0,0.8666666666666667,0.6,1.0
19,6,6,2,14,15,3,3,6,2,82,1,1,11339,2,1,11375,10,5.63624932478041,27.091072393170844,2,2,4589119,26136159508,3874776,3840101,1.3136997417423323e+20,10,30.176560570028936,-2.107967846947325,-2.0861447823650234,-2.6257590462940934,-0.36257137673747025,-0.4037511418512194,-0.4693277557560274,-1.2792508968061829,-0.8609998820827675,-0.8279568844789673,28.93721766175675,-1.9291179152619449,-2.6085800188781496,-2.619942747326666,-0.6880739242181524,-0.6219509923455716,-0.6590255376281807,11.350974372391667,7.52533803738208,26.320150606057506,17.627924419079655,3.533866045561498,10.689608363687457,0.42762037628301036,6.323005807913574,11.4255919716052,0.0,-0.8896608332462692,1,0.23170731707317074,1.0,6.0,0.0005291005291005291,1.5,7.5,0.0012306610407876231,0.4,1.0,3.0,0.9333333333333333,1.0,1.0
3,1,1,1,8,8,4,1,1,1,66,1,0,0,1,12,82482,16,12.528668706330073,8.0,4,5,993348,29147932498,844740,409205,0.0,6,21.031189459482903,-0.6477434834190916,-0.652429166895206,-1.172430956656609,-0.5909542588899439,-0.5485934603989989,-0.818181909740788,-1.4142797609923388,-0.36707033961538976,-0.8068626947893596,3.315545441812762,-0.6091985393846988,-1.7186401213557674,-1.7041820702736912,-0.5352006100036271,-0.6394273207082731,-0.6603910334365763,1.2701348691391194,1.8253021353785566,6.335020913526086,10.724995370779881,3.2027317350211937,0.9787977544617633,0.031528152054959624,-2.0762126709058504,0.8366441067841002,0.0,-0.5449974060328867,1,0.045454545454545456,1.0,1.0,1.0,0.3076923076923077,8.0,9.698968272250039e-05,0.125,1.0,1.0,1.0,1.0,1.0
4,1,1,1,2,2,1,1,1,1,103,1,0,589,1,0,731,10,18.30576077707182,8.991770318468824,3,4,2134503,48760287101,1730585,1005428,6.824595205590794e+18,1,22.74550065761256,-1.6830997630594688,-1.7049041850862579,-1.3320805265915352,-0.5620780910676456,-0.562549714231489,-0.7919865305528065,-1.2217664895026414,-0.42369633815978336,-0.5578706689261274,10.984945810808554,-1.6043835895946188,-1.2489186635821483,-1.2400264451429315,-0.7024248468366238,-0.9375745962800035,-0.9584618677201964,2.2322542879151843,4.372294579480134,8.284110396057194,5.638671543238019,1.4582808196492647,2.1059005715340042,-0.6421971684248264,-1.2323106199202085,1.686503420360122,0.0,-0.5727874415631407,1,0.038834951456310676,1.0,1.0,0.001694915254237288,1.0,2.0,0.00273224043715847,0.5,1.0,1.0,1.0,1.0,1.0
5,2,2,1,4,4,1,2,2,1,119,1,0,1325,1,0,1460,10,17.463692974472828,10.194724322181674,4,4,2297647,47256594597,1926422,1221203,1.5102392971266753e+19,2,23.239399440923435,-1.7057118492066432,-1.7248302385576835,-1.418063718007999,-0.5477231596517859,-0.5509538279572987,-0.7705413022576565,-1.2197160131867537,-0.2347046182286181,-0.5758217088615879,14.333583542324,-1.6259667675311045,-1.3392873454405008,-1.3316783411094493,-0.7014710255373487,-0.9165969543547994,-0.9385507045920839,2.838321902516192,4.581858806648059,9.482859756236763,8.167285269052977,1.59623274438388,2.676409070295671,-0.5710926974713668,-0.7232820974917757,2.4025431066855187,0.0,-0.5927644851175625,1,0.04201680672268908,1.0,2.0,0.0015082956259426848,1.0,4.0,0.0027378507871321013,0.5,1.0,2.0,1.0,1.0,1.0
12,4,4,2,9,10,2,3,4,2,100,1,1,6477,2,1,6561,10,11.37919453899998,18.88686494428574,3,3,3476470,36391418819,2930132,2569185,7.491497266967513e+19,6,26.80814576403639,-1.9125002717874295,-1.9105623901562836,-2.0393493104932103,-0.45244510596834625,-0.47519967290808607,-0.6155853027437589,-1.2501888971513684,-0.5511689056531452,-0.7055298797063936,21.90286751229009,-1.7819195447086196,-1.9922610153585447,-1.9944101557160065,-0.6945790339598923,-0.7650195765238629,-0.794751806941093,7.217562435700079,6.096099356398108,18.14461903978235,13.079685187579289,2.593026907071935,6.798711404413526,-0.05731572970683946,2.901783741054216,7.046156647682647,0.0,-0.7454710910398858,1,0.12,1.0,4.0,0.0006174745291756715,1.0,5.0,0.0013715330691862237,0.4,1.0,2.0,0.9,1.0,1.0
3,1,1,1,6,6,2,1,1,1,96,1,0,15,1,6,43660,14,15.581193380213831,8.0,4,5,1468185,38983845336,1244316,636240,0.0,4,21.647756765584138,-1.1212198028172464,-1.1352568491998607,-1.2142995327189452,-0.5817274133816923,-0.5585556654678072,-0.814165409992576,-1.317895842986208,-0.23058555278319565,-0.6824322508641643,7.97061121795672,-1.0702334756179175,-1.4619291303276203,-1.4495290522552964,-0.614451155450908,-0.7882212960448727,-0.8087240109029281,1.4882721569317137,2.9452199736895195,6.788223170418846,9.222182848161331,2.326226627479916,1.2885862645519706,-0.3139197148037398,-1.8686425010450831,1.033675732027219,0.0,-0.5491607910187131,1,0.03125,1.0,1.0,0.0625,0.2857142857142857,6.0,0.00013742241359565745,0.16666666666666666,1.0,1.0,1.0,1.0,1.0
3,1,1,1,4,4,2,1,1,1,90,1,0,0,1,4,31910,13,16.503569353169805,8.0,4,5,1611666,41955945693,1316686,680017,0.0,2,21.834063816178556,-1.2693927433733436,-1.2860617012102153,-1.2269508861747203,-0.5799324824595673,-0.562510605951936,-0.8129517513791565,-1.294097111440499,-0.38713331010237173,-0.6448333240601358,7.422110117254102,-1.2095435855453056,-1.3843592249493233,-1.3726381570216422,-0.6383981523710748,-0.8331821079738608,-0.8535540447399999,1.5541863147392172,3.2836235628826413,6.925166493506042,7.197282691186032,2.061374631921549,1.3821945098348776,-0.4183030847484483,-1.8121538831585826,1.030861715831722,0.0,-0.5514017753757436,1,0.03333333333333333,1.0,1.0,1.0,0.4,4.0,0.00012534862586568895,0.25,1.0,1.0,1.0,1.0,1.0
4,1,1,1,2,2,1,1,1,1,120,1,0,20,1,0,168,11,19.0,8.0,4,5,2000000,50000000000,1661721,875060,0.0,1,22.33830790368868,-1.6546876623542497,-1.6790775184483102,-1.261192049666504,-0.5720117784789958,-0.5703014678518387,-0.8096669579259836,-1.2132623788984536,-0.20087633099155916,-0.5430710103035288,11.966906968683219,-1.586589430225623,-1.1744145876909309,-1.1643550132857423,-0.7032112207551815,-0.954869524056686,-0.9748612299352553,1.7325844175034433,4.199520242575713,7.295806578088952,6.5609905682714755,1.344546941292187,1.6355472631284642,-0.7008189474657677,-1.6400459824935767,1.2155273126797905,0.0,-0.5544357792128708,1,0.03333333333333333,1.0,1.0,0.047619047619047616,1.0,2.0,0.011834319526627219,0.5,1.0,1.0,1.0,1.0,1.0
29,2,3,1,8,8,1,1,3,1,1766,1,0,191,2,0,284,23,34.765745767959395,12.173285644459838,4,9,10346571,42242388686,5657211,4767551,0.0,7,21.256069057229432,-1.2445502242511373,-1.229323308154103,-1.2396147239596913,-0.7577298805512456,-0.7703682680900237,-1.2090755867238456,-1.0341414661929837,-0.33250062981531425,-0.6503005892486843,9.736974546439795,-1.068412153607746,-1.0149882395676049,-1.007988325751267,-0.9565311670348544,-1.1781291976828534,-1.2044033531389848,0.9482943182498039,4.224367912090566,5.134674052172843,3.38890806447396,4.2059698463768145,9.339800224038846,-0.6481889545073056,-1.0753265892851291,5.869024498119612,0.0,-0.7579866849901216,1,0.01642129105322763,1.0,3.0,0.010416666666666666,1.0,4.0,0.028070175438596492,0.375,1.0,3.0,1.0,0.6666666666666666,1.0
14,4,4,2,10,11,2,2,4,2,89,1,1,7681,2,1,7753,10,9.94693119236474,20.932955439478945,2,3,3753959,33833805700,3145235,2875631,8.899458276050623e+19,7,27.648212468998366,-1.9634104855820262,-1.9564312621503692,-2.1855971222637423,-0.43045165603339147,-0.4577808595033631,-0.5791093629767143,-1.2596923689840709,-0.7122114726387522,-0.7360625950699204,22.82912635600788,-1.8186301214186238,-2.145968056893651,-2.150439230556758,-0.6929566903885371,-0.72933894898345,-0.760905926898455,8.248415803203857,6.452544716750518,20.183557905617683,13.54869412102214,2.8276677338383105,7.769082684728772,0.06362503921248763,3.7523805985701832,8.111958878274093,0.0,-0.7818476481055457,1,0.15730337078651685,1.0,4.0,0.000520697734964853,1.0,5.5,0.0012896569512509672,0.36363636363636365,1.0,2.0,0.9090909090909091,1.0,1.0
10,3,3,1,7,7,2,2,3,1,95,1,0,4945,1,0,5045,10,13.171185565912209,16.32687776298256,3,3,3129286,39591402796,2599562,2154237,5.729912359801854e+19,5,25.757087660206434,-1.8552861287104443,-1.8594096313022759,-1.8563698556226917,-0.48122396865597594,-0.49819338791364975,-0.6612225501915086,-1.2450632057083468,-0.6009224249615049,-0.6673285586384186,18.260466289793236,-1.735988728834816,-1.7999488683981277,-1.7992653759689654,-0.6966088458162573,-0.8096617608939561,-0.8371092517491202,5.927799635465916,5.650129075278651,15.593579693154409,10.497558237364402,2.2994536217536905,5.584621390043352,-0.20863201745548715,1.8296338432821324,5.6334656092981374,0.0,-0.7012067786574688,1,0.10526315789473684,1.0,3.0,0.000606550748079256,2.0,7.0,0.0013872374157748713,0.42857142857142855,1.0,3.0,1.0,1.0,1.0
18,6,6,2,14,15,4,3,6,2,78,1,1,10955,2,3,19896,10,5.388673184824924,26.445307260700304,2,2,4392713,24689061452,3715208,3691298,1.2692631867766609e+20,10,29.770115939925194,-1.983394136049228,-1.9610185125094708,-2.570005972467588,-0.371629491943351,-0.40696739736867305,-0.4817604468840137,-1.2983529399772302,-0.8418660954223195,-0.8468388366980243,27.573912852166654,-1.8118665756948042,-2.6189045463465805,-2.629062869241126,-0.6704224248474687,-0.5991098624243657,-0.6357110187633218,10.975632348672525,7.1561652854260105,25.572772633985547,17.821063140370665,3.6606984650222887,10.312349395691854,0.4686239525126744,6.006963329557608,11.043927232362922,0.0,-0.8772278890810191,1,0.23076923076923078,1.0,6.0,0.000547645125958379,1.0,7.5,0.0007036236618585716,0.4,1.0,3.0,0.9333333333333333,1.0,1.0
5,2,2,1,3,3,1,1,2,1,215,1,0,34,1,0,179,11,19.87057653935034,8.230446731004502,5,5,2460893,49571628611,1894770,1096376,0.0,2,22.27854721976241,-1.6307296606604607,-1.6529816540537574,-1.2600005606104994,-0.5820120311867683,-0.5811064890363662,-0.8317221012070688,-1.2020039935652302,-0.1573579080472885,-0.5489921736362386,12.345789198643937,-1.5579759420413362,-1.165611145058199,-1.155705847503765,-0.7171994205794335,-0.9671978107678012,-0.9875342424423508,1.6892763133069018,4.20089231836937,7.176469928673158,6.789166240031679,1.502553272676078,2.0609722306311014,-0.6979127457668333,-1.6072621343234017,1.488500982022721,0.0,-0.5654233660778898,1,0.023255813953488372,1.0,2.0,0.05714285714285714,1.0,3.0,0.016666666666666666,0.6666666666666666,1.0,2.0,1.0,1.0,1.0
4,2,2,1,3,3,1,2,2,1,123,1,0,188,1,0,334,10,18.80695042271444,8.275785110407941,4,4,2037401,49655268611,1704835,923612,1.897739534259454e+18,2,22.451537445354724,-1.6600597561397166,-1.6838266786655078,-1.2809042613261585,-0.5687574251087542,-0.5676778577330082,-0.8047504984147742,-1.2129886010937156,-0.16483969580425473,-0.5471864041716721,12.662534206320245,-1.5915375155986269,-1.1951322018530721,-1.1853689196184476,-0.7029925509544093,-0.9500602617934701,-0.9702967790412946,1.8715294008457288,4.247564218778196,7.570627746336616,7.082788683297974,1.376173326570843,1.7663400854924465,-0.6845177802458453,-1.5235775926149833,1.37738572652502,0.0,-0.5590518811985647,1,0.032520325203252036,1.0,2.0,0.010582010582010581,1.0,3.0,0.008955223880597015,0.6666666666666666,1.0,2.0,1.0,1.0,1.0
42,3,4,1,11,12,1,1,4,1,2606,1,0,287,3,0,353,29,42.73749827667133,14.283455426177706,5,11,14566910,38319849381,7702070,6748362,0.0,11,20.708848496511,-1.0345749199069703,-0.9994147858724554,-1.2287044186137717,-0.8511310445569679,-0.8710493026491539,-1.411031573169558,-0.9408639327285977,-0.2985050016017933,-0.7045198870570625,9.603355979264009,-0.8064022832449346,-0.9343762971126046,-0.9288944061038253,-1.08461923511507,-1.2910176642050413,-1.3204641301346745,0.5517278215992385,4.236931825952048,4.041924372665575,2.583528761924592,5.652812612828873,13.235359544404446,-0.6215772556650747,-0.7866148742120476,8.253704404832863,0.0,-0.8604099622686394,1,0.016116653875671526,1.0,4.0,0.010416666666666666,1.0,4.0,0.031073446327683617,0.3333333333333333,1.0,4.0,0.9166666666666666,0.75,1.0
3,1,1,1,6,6,3,1,1,1,90,1,0,13,1,8,53281,14,14.824867297097082,8.0,4,5,1350534,36546794623,1149482,582128,0.0,4,21.49498947115697,-1.0034663005683138,-1.015203058312777,-1.2039257275832072,-0.5839279394214412,-0.5560058843722333,-0.8151605808255572,-1.3413178564695118,-0.24735147138654368,-0.7132624653025896,6.985768963520151,-0.9560025406529908,-1.525534584527048,-1.5126196737906707,-0.5948151947211471,-0.7513545131092515,-0.7719707151555839,1.4342241350207314,2.6677371807381265,6.675932943660658,9.729951093280338,2.5433988850836764,1.2118297579016915,-0.2283278654412717,-1.9195350102283182,0.9902322057213215,0.0,-0.5480444888763483,1,0.03333333333333333,1.0,1.0,0.07142857142857142,0.3333333333333333,6.0,0.00011260838557111219,0.16666666666666666,1.0,1.0,1.0,1.0,1.0
20,1,2,1,12,12,4,1,2,1,1177,1,0,127,2,12,79303,24,23.309687500312094,10.78574854657695,4,8,6604835,24797945906,3574791,3041694,0.0,10,20.360700718623026,-0.41074945547562863,-0.38989525431710204,-1.1615537956831763,-0.7135453135341874,-0.6824080079260707,-1.0844565975844713,-1.2833661677442711,-0.32348847207817966,-0.8679611264280673,3.4047437048684452,-0.30213301721673125,-1.5906000822584816,-1.5783230712238252,-0.7109709357714886,-0.8009886968797434,-0.8261020735919832,0.7649773738912059,1.936206524023898,4.930591460040295,9.433613260729985,5.038968463615074,6.147624996312532,0.037566495335490724,-1.6779906073628195,3.997349401113306,0.0,-0.6806260870782722,1,0.016992353440951572,1.0,2.0,0.0078125,0.3076923076923077,6.0,0.00015131645314233835,0.16666666666666666,1.0,2.0,1.0,0.5,1.0
3,1,1,1,9,9,5,1,1,1,61,1,0,0,1,14,93333,17,11.675844822637462,8.0,4,5,860686,26399944428,743482,351102,0.0,6,20.858930958496522,-0.514367234986234,-0.5164818799666264,-1.1607335830210566,-0.5933190058397875,-0.5456075054846773,-0.8193040519935358,-1.4400652190577516,-0.3627657841234879,-0.84162646110574,2.434472744328059,-0.4803931579899794,-1.7903608403488944,-1.775315563368433,-0.5130593449284078,-0.5978567948408535,-0.6189474744342858,1.2091909919134647,1.5124159895411782,6.208403850565611,11.481874069208441,3.4476124713785854,0.8922480723056024,0.12804045675418207,-2.132867078373577,0.7949742814612525,0.0,-0.5436233341702554,1,0.04918032786885246,1.0,1.0,1.0,0.3333333333333333,9.0,9.642788265798101e-05,0.1111111111111111,1.0,1.0,1.0,1.0,1.0
4,1,1,1,2,2,1,1,1,1,110,1,0,7,1,0,155,11,19.0,8.0,4,5,2000000,50000000000,1631975,859792,0.0,1,22.33830790368868,-1.6578261962417824,-1.6820968848516826,-1.261192049666504,-0.5726225367005804,-0.5708824300913554,-0.8096669579259836,-1.2165374308017143,-0.32251347707444544,-0.5430710103035288,10.764543094403194,-1.586589430225623,-1.1744145876909309,-1.1643901633641285,-0.7032112207551815,-0.954869524056686,-0.9748664701018864,1.7325844175034433,4.199520242575713,7.295806578088952,5.594974958288661,1.344546941292187,1.6355472631284642,-0.7008189474657677,-1.6438788657235484,1.1771826216760628,0.0,-0.5550402726247169,1,0.03636363636363636,1.0,1.0,0.125,1.0,2.0,0.01282051282051282,0.5,1.0,1.0,1.0,1.0,1.0
4,1,1,1,2,2,1,1,1,1,108,1,0,4,1,0,152,11,19.0,8.0,4,5,2000000,50000000000,1622832,855099,0.0,1,22.33830790368868,-1.6587909434507064,-1.6830250014229082,-1.261192049666504,-0.5728102763620643,-0.5710610108297347,-0.8096669579259836,-1.2175441419910702,-0.3599032588611238,-0.5430710103035288,10.394951038561295,-1.586589430225623,-1.1744145876909309,-1.1644009680714318,-0.7032112207551815,-0.954869524056686,-0.9748680808654827,1.7325844175034433,4.199520242575713,7.295806578088952,5.2980334891492085,1.344546941292187,1.6355472631284642,-0.7008189474657677,-1.6450570474895427,1.165395929243062,0.0,-0.5552260865597545,1,0.037037037037037035,1.0,1.0,0.2,1.0,2.0,0.013071895424836602,0.5,1.0,1.0,1.0,1.0,1.0
4,1,1,1,2,2,1,1,1,1,106,1,0,2,1,0,150,11,19.0,8.0,4,5,2000000,50000000000,1618427,852838,0.0,1,22.33830790368868,-1.6592557361833002,-1.683472146367527,-1.261192049666504,-0.5729007249577899,-0.571147046869655,-0.8096669579259836,-1.218029151991934,-0.3779167847744044,-0.5430710103035288,10.216890195274352,-1.586589430225623,-1.1744145876909309,-1.1644061735277276,-0.7032112207551815,-0.954869524056686,-0.9748688568938626,1.7325844175034433,4.199520242575713,7.295806578088952,5.154974006224466,1.344546941292187,1.6355472631284642,-0.7008189474657677,-1.645624668020023,1.159717375386153,0.0,-0.5553156073853358,1,0.03773584905660377,1.0,1.0,0.3333333333333333,1.0,2.0,0.013245033112582781,0.5,1.0,1.0,1.0,1.0,1.0
3,1,1,1,3,3,1,1,1,1,95,1,0,0,1,3,20468,12,17.402835186308522,8.0,4,5,1751552,44853580044,1423457,741284,0.0,2,22.01570294163787,-1.4100322182536238,-1.429412224783077,-1.2392852598350403,-0.5774389592636576,-0.5656591660299156,-0.8117685009952107,-1.2669074631749555,-0.39167227735544197,-0.6081764387672663,8.3511631005368,-1.3453632791860877,-1.3087328343756877,-1.297630970713799,-0.6617451570285908,-0.8770164262815476,-0.8972544819897865,1.618448992621472,3.6135484465476333,7.058678700176098,6.399186898675805,1.8031585059301425,1.4734573995361517,-0.5200711282484662,-1.7524142652765762,1.0748007411125873,0.0,-0.5528506746173917,1,0.031578947368421054,1.0,1.0,1.0,0.25,3.0,0.0001465630954125751,0.3333333333333333,1.0,1.0,1.0,1.0,1.0
56,3,5,1,14,16,1,1,5,1,3509,1,0,392,4,0,429,36,51.29319705192542,16.548199219627314,5,13,19096398,34109976497,9899725,8875814,0.0,15,20.121542972911765,-0.8089012586455073,-0.7523598060723647,-1.2169949123309662,-0.9513122853861675,-0.9790466905515558,-1.62778122564566,-0.8404225794378968,-0.24972337250116874,-0.7627108531397804,9.581491184345381,-0.5251996838770083,-0.847859374192661,-0.844003150929415,-1.2220900015495433,-1.4121754289134507,-1.4450260534802024,0.12611206320833168,4.250416070767678,2.8691286687846143,1.8168040707111395,7.205639406108137,17.41627610820365,-0.5930161984893679,-0.47636701940595727,10.81694281351609,0.0,-0.9702748368732503,1,0.015958962667426618,1.0,5.0,0.007633587786259542,1.0,4.0,0.03255813953488372,0.3125,1.0,5.0,0.875,0.6,1.0
3,1,1,1,4,4,2,1,1,1,90,1,0,0,1,4,31555,13,16.53147557549524,8.0,4,5,1616007,42045865743,1319999,681918,0.0,2,21.83970048292522,-1.2737570996171952,-1.2905101873350902,-1.2273336492698204,-0.5798551028793426,-0.5626083127860035,-0.8129150324835149,-1.2932533560775266,-0.3872741643688459,-0.6436957792396345,7.450940701212913,-1.2137583732390436,-1.3820123695576845,-1.3703105169179297,-0.6391226619416559,-0.8345423845318043,-0.8549101666704358,1.55618052880821,3.2938618670803144,6.929309674738103,7.1725160006235225,2.053361610238319,1.3850266006318515,-0.42146117387279947,-1.810300029718568,1.0322252416803255,0.0,-0.5514467379472933,1,0.03333333333333333,1.0,1.0,1.0,0.4,4.0,0.00012675877804537965,0.25,1.0,1.0,1.0,1.0,1.0
10,3,3,1,7,7,2,2,3,1,95,1,0,4592,1,0,4695,10,13.587812743101058,15.731696081284202,3,3,3048567,40335379898,2529052,2061021,5.320354423278294e+19,4,25.51272294839497,-1.8413146672902947,-1.8468728263534697,-1.8138282286717926,-0.48778459410192154,-0.5034153573006733,-0.6718329367912603,-1.243172875016636,-0.5865420329656983,-0.6584469803702173,17.670119584353806,-1.725310089334898,-1.7552374464523917,-1.7538878856134312,-0.6970807649114097,-0.8200408012899921,-0.84695598604695,5.627937511920213,5.546443656912983,15.000478329407825,10.103300842272677,2.23119959183762,5.302352735823695,-0.2438121477578375,1.5811830511619966,5.3132031440265495,0.0,-0.6907866399488589,1,0.10526315789473684,1.0,3.0,0.0006531678641410843,2.0,7.0,0.0014906303236797275,0.42857142857142855,1.0,3.0,1.0,1.0,1.0
35,2,3,1,9,10,1,1,3,1,2189,1,0,239,3,0,319,26,38.77973676611896,13.23581267338443,5,10,12471625,40267285038,6686852,5764942,0.0,9,20.98052884165812,-1.1388220320434383,-1.1135582065870182,-1.2341210928669255,-0.8047598693933317,-0.8210638668261967,-1.3107658374850935,-0.9871737286412481,-0.31538292006746094,-0.6776014585483169,9.66969401744138,-0.9364831630983288,-0.9743979664745921,-0.9681624178185977,-1.0210269415441298,-1.234971565521154,-1.2628430643055042,0.7486124608429882,4.230694179380792,4.58444530736543,2.9833780048033622,4.934493948692332,11.301318726733893,-0.634789251056689,-0.9299525044650012,7.069774730716286,0.0,-0.8095595496204111,1,0.015989036089538604,1.0,3.0,0.008333333333333333,1.0,3.3333333333333335,0.028125,0.3,1.0,3.0,0.9,0.6666666666666666,1.0
3,1,1,1,10,10,5,1,1,1,55,1,0,0,1,16,106951,18,10.60544364981388,8.0,4,5,694180,22950873982,616392,278175,0.0,7,20.64272488710194,-0.3469632779919922,-0.3458509464842505,-1.146051908764659,-0.5962870605072806,-0.5418597567367773,-0.8207124815724725,-1.4724292101264627,-0.35736302590444546,-0.8852593575904156,1.3286157593583585,-0.31872621368030174,-1.8803793578810142,-1.8645970385845914,-0.4852692741324367,-0.5456805595193093,-0.5669305984880388,1.1326987654337126,1.119704547157026,6.04948352095953,12.431851974347794,3.754968576678906,0.7836173420235988,0.24917553061568087,-2.2039754811266796,0.742673412841341,0.0,-0.5418987012637098,1,0.05454545454545454,1.0,1.0,1.0,0.29411764705882354,10.0,9.349988780013464e-05,0.1,1.0,1.0,1.0,1.0,1.0
51,3,5,1,13,15,1,1,5,1,3210,1,0,360,4,0,406,34,48.44617224301388,15.794575005503674,5,12,17589150,35510868798,9174442,8170963,0.0,14,20.316976851548773,-0.8833624528755792,-0.8339600260038834,-1.2208914093632923,-0.9178520911537273,-0.9429915936915214,-1.5556548389959515,-0.873183413501684,-0.24135466344707834,-0.7433470199282602,9.831948494956485,-0.6187736627840814,-0.8766490537283868,-0.872244758270746,-1.1763447394943811,-1.371858539436838,-1.4035753242077225,0.2677414794644719,4.245929005417672,3.25939234594812,2.2673215076411193,6.688915229563326,16.025019415582186,-0.6025202776398828,-0.5788309894990413,9.971745790176762,0.0,-0.9335935492378844,1,0.01588785046728972,1.0,5.0,0.008310249307479225,1.0,3.75,0.03194103194103194,0.3333333333333333,1.0,5.0,0.8666666666666667,0.6,1.0
6,1,1,1,2,2,1,1,1,1,267,1,0,18,1,0,161,12,20.53743478361044,8.406968030955705,4,5,2813936,49243497792,2007464,1232119,0.0,1,22.23277076822996,-1.619322763410767,-1.6396734726129798,-1.25908788462622,-0.5910236504818522,-0.5906686263402635,-0.8486162552079393,-1.2006270353992388,-0.3931774220014329,-0.5535277617270628,9.975462447937302,-1.536058121344066,-1.158867742230127,-1.1491583990174707,-0.7279143272573934,-0.9766412304549943,-0.997253316007856,1.6561024738782735,4.201943323092553,7.085058519212612,4.826382090982846,1.62358550817288,2.386846101646425,-0.6956866065650311,-1.5906311051234283,1.6127499494850466,0.0,-0.5751774169449421,1,0.02247191011235955,1.0,1.0,0.05263157894736842,1.0,2.0,0.012345679012345678,0.5,1.0,1.0,1.0,1.0,1.0
4,1,1,1,2,2,1,1,1,1,105,1,0,0,1,0,148,11,19.0,8.0,4,5,2000000,50000000000,1614671,850910,0.0,1,22.33830790368868,-1.6596520318718047,-1.6838533950430392,-1.261192049666504,-0.572977844039057,-0.5712204036785838,-0.8096669579259836,-1.2184426855064345,-0.39327563648096403,-0.5430710103035288,10.065070384985416,-1.586589430225623,-1.1744145876909309,-1.1644106118498914,-0.7032112207551815,-0.954869524056686,-0.97486951855804,1.7325844175034433,4.199520242575713,7.295806578088952,5.032997365225033,1.344546941292187,1.6355472631284642,-0.7008189474657677,-1.6461086376545753,1.1548756765973733,0.0,-0.5553919354230211,1,0.0380952380952381,1.0,1.0,1.0,1.0,2.0,0.013422818791946308,0.5,1.0,1.0,1.0,1.0,1.0
13,5,5,2,10,11,2,3,5,2,97,1,1,7416,2,1,7491,10,10.270487136292694,20.47073266243901,3,3,3691273,34411584171,3113026,2814812,8.58139236004582e+19,7,27.458436911085105,-1.9501809216127037,-1.944406200551169,-2.1525589600458948,-0.43508369408622416,-0.4613958740609638,-0.587349472695162,-1.2557416164743676,-0.6088345130784831,-0.7291650915044359,23.282130118681543,-1.810337005960877,-2.111244814810343,-2.1151720684120727,-0.6933231864710058,-0.7373993934198042,-0.7685490058363523,8.015540518670768,6.372021805025867,19.722950719867537,13.97481470605792,2.7746611171663242,7.54987062690395,0.03630387321393391,3.5623373385480575,7.892308349883753,0.0,-0.773297040248997,1,0.13402061855670103,1.0,5.0,0.0006741270055278415,1.0,5.5,0.0013347570742124934,0.45454545454545453,1.0,2.5,0.9090909090909091,1.0,1.0
3,1,1,1,9,9,5,1,1,1,62,1,0,0,1,14,92962,17,11.705020022963504,8.0,4,5,865225,26493953407,746946,353089,0.0,6,20.86482394105745,-0.5189300513439512,-0.5211326518384809,-1.161133751479787,-0.5932381075824786,-0.5457096553358431,-0.8192656633817201,-1.4391830956569625,-0.36291304344770736,-0.840437188776761,2.4646143397294704,-0.4847996044757319,-1.7879072665405578,-1.772882078623676,-0.5138168000799268,-0.5992789271744245,-0.6203652632172179,1.2112758887611064,1.5231198595413047,6.212735434433283,11.455981164387865,3.4392350740333315,0.8952089466002199,0.12473876002948914,-2.1309289247655103,0.796399810840286,0.0,-0.5436703413221672,1,0.04838709677419355,1.0,1.0,1.0,0.3333333333333333,9.0,9.681271043318309e-05,0.1111111111111111,1.0,1.0,1.0,1.0,1.0
3,1,1,1,10,10,5,1,1,1,52,1,0,0,1,17,113198,18,10.1145148361655,8.0,4,5,617813,21368992249,558103,244727,0.0,7,20.5435641305294,-0.2701851240682269,-0.26759277200444265,-1.1393183054128873,-0.5976483291547284,-0.5401408891819096,-0.8213584437405358,-1.4872726315872011,-0.35488510477520485,-0.9052711500389977,0.8214254913732653,-0.24457928336000978,-1.921665452422423,-1.9055450960246123,-0.47252363554995813,-0.5217504499889956,-0.543073577544551,1.097616369270067,0.9395913639780202,5.97659629805756,12.867549858284159,3.8959343864833222,0.7337949418832629,0.3047329231259709,-2.2365886402770254,0.7186861414927652,0.0,-0.5411077155956392,1,0.057692307692307696,1.0,1.0,1.0,0.2777777777777778,10.0,8.83400030035601e-05,0.1,1.0,1.0,1.0,1.0,1.0
3,1,1,1,9,9,5,1,1,1,59,1,0,0,1,15,97431,17,11.353752019931754,8.0,4,5,810583,25362089842,705240,329157,0.0,6,20.793872715600756,-0.4639939627390931,-0.4651375830908533,-1.1563157425611277,-0.5942121186938354,-0.5444797760607047,-0.8197278604141645,-1.4498038188040185,-0.36114004829537566,-0.854755970186756,2.101710986658274,-0.43174620157810156,-1.8174481767078878,-1.8021811174356204,-0.5046970766337525,-0.582156522554139,-0.6032951547368716,1.1861738313968406,1.3942457816382388,6.1605833738421865,11.767730488038488,3.5400985335189596,0.8595601630760176,0.16449102915321262,-2.154264200611641,0.7792365059566784,0.0,-0.5431043774831636,1,0.05084745762711865,1.0,1.0,1.0,0.3125,9.0,9.237211593726907e-05,0.1111111111111111,1.0,1.0,1.0,1.0,1.0
26,2,3,1,7,8,1,1,3,1,1559,1,0,167,2,0,267,21,32.7995556780274,11.652823561830784,4,8,9305647,43209862012,5152858,4278995,0.0,7,21.39103807970169,-1.2963395092396977,-1.2860290146605542,-1.2423056923792246,-0.734692983350101,-0.7455358297801385,-1.1592642235740183,-1.057147870582802,-0.3408854695630848,-0.6369276896362841,9.769930850881613,-1.1330354858058704,-1.0348707437236202,-1.0274964177065458,-0.9249389305946708,-1.1502858616157872,-1.1757775836724407,1.0461053221490426,4.221269089981098,5.404194912018342,3.5875505589039287,3.8491138218102074,8.3789813674481,-0.6547525875958475,-1.14653578856767,5.280855962391058,0.0,-0.7327245318383152,1,0.01667735728030789,1.0,3.0,0.011904761904761904,1.0,4.0,0.026119402985074626,0.375,1.0,3.0,0.875,0.6666666666666666,1.0
13,4,4,2,10,10,2,2,4,2,90,1,1,7354,2,1,7429,10,10.3324719928343,20.38218286737957,2,3,3679264,34522271415,3079986,2789370,8.520459249267542e+19,7,27.42208087759812,-1.9504814960331462,-1.944829883075901,-2.1462297122484024,-0.43652276450758576,-0.4626131949047285,-0.5889280622045509,-1.25794308413676,-0.698904064613816,-0.7278437102192972,22.28282800143242,-1.8087482619381559,-2.1045927497823778,-2.1084475533142473,-0.693393397535031,-0.7389435637601279,-0.7700179532641176,7.97092770479805,6.356595721143827,19.634710429844883,13.183853995324318,2.764506435752403,7.507875329919118,0.03106985236915888,3.5224678071924984,7.815592596904034,0.0,-0.7722050015412283,1,0.14444444444444443,1.0,4.0,0.0005438477226376615,1.0,5.0,0.0013458950201884253,0.4,1.0,2.0,1.0,1.0,1.0
3,1,1,1,10,10,5,1,1,1,54,1,0,0,1,17,111210,18,10.27077041966857,8.0,4,5,642119,21872482463,578458,256298,0.0,7,20.575125573753116,-0.29443236815617846,-0.29231830475611664,-1.141461514553516,-0.5971780559915629,-0.5406527841887414,-0.8211528432691731,-1.4823497749085026,-0.34830477613584176,-0.8989016842039059,1.0556984082290999,-0.26817918530110263,-1.908524682083057,-1.8925097885745619,-0.47658038907196854,-0.5293670598191729,-0.5506666068688016,1.1087825916038054,0.9969188007709002,5.999795253237695,12.78739659353936,3.8510669958299224,0.7496526955718202,0.2870498038156787,-2.225976137051254,0.7286439412007244,0.0,-0.5413228535734105,1,0.05555555555555555,1.0,1.0,1.0,0.2777777777777778,10.0,8.991916267275719e-05,0.1,1.0,1.0,1.0,1.0,1.0
3,1,1,1,4,4,1,1,1,1,112,1,0,21,1,2,18247,12,17.57907030822138,8.0,4,5,1778966,45421448770,1494823,779181,0.0,2,22.051299972282006,-1.4322721525732611,-1.4523855378532224,-1.241702509290808,-0.5759146028725307,-0.5652910524074252,-0.8115366115271762,-1.2560253067316078,-0.18629745707658352,-0.6009925445165681,10.572126175311482,-1.3719807702381,-1.2939118263139724,-1.2828717070269637,-0.6663206252166307,-0.8856069299415823,-0.9058098621527815,1.6310429781301807,3.678206026044281,7.0848439776193946,7.880885113832692,1.7525541698517566,1.4913427966010957,-0.5400152903550811,-1.734207140193059,1.1484341950967039,0.0,-0.552109564497112,1,0.026785714285714284,1.0,1.0,0.045454545454545456,0.3333333333333333,4.0,0.00021920210434020167,0.25,1.0,1.0,1.0,1.0,1.0
3,1,1,1,3,3,1,1,1,1,96,1,0,0,1,2,18660,12,17.544958342400243,8.0,4,5,1773660,45311532436,1440332,750967,0.0,2,22.044409832113086,-1.432259378793353,-1.4520678490565646,-1.2412346279177804,-0.5770448740295354,-0.5661567756120177,-0.811581495915271,-1.2626103148989722,-0.3923896318101884,-0.6023830548330285,8.497993923297745,-1.3668287044344423,-1.2967805718565666,-1.285776569429117,-0.6654350003040024,-0.8839441571409237,-0.9041610538127702,1.628605293753979,3.6656909432507514,7.079779442014013,6.2730530139943665,1.7623491151723654,1.4878809097379397,-0.5361549101497751,-1.7429728045602604,1.0817450202327161,0.0,-0.5530796637833241,1,0.03125,1.0,1.0,1.0,0.3333333333333333,3.0,0.00016076308879481272,0.3333333333333333,1.0,1.0,1.0,1.0,1.0
3,1,1,1,6,6,3,1,1,1,80,1,0,0,1,8,53816,14,14.781761561845268,8.0,4,5,1343829,36407898365,1112253,562709,0.0,4,21.48628271530693,-1.000112921219459,-1.0115910838659312,-1.2033344872336844,-0.5847067855725641,-0.5564821157392067,-0.8152172991794715,-1.34615663210925,-0.3784426327821563,-0.7150195897638577,5.64326941607214,-0.9494921100991823,-1.5291596874165234,-1.5162530404420531,-0.5936960709152562,-0.7492533429654687,-0.7698816193367708,1.4311437444651416,2.651922441465078,6.669533121025878,8.725382061948483,2.5557763107064044,1.2074551293805031,-0.22344967906017027,-1.9265362334375604,0.9467324703029087,0.0,-0.5486275945816103,1,0.0375,1.0,1.0,1.0,0.3333333333333333,6.0,0.00011148893472322872,0.16666666666666666,1.0,1.0,1.0,1.0,1.0
35,2,3,1,13,14,3,1,3,1,2179,1,0,241,3,7,47820,30,35.1627613994804,13.266624478961013,5,10,11952501,28180244213,6273441,5539509,0.0,12,20.218448900657297,-0.551879799996846,-0.5150697781597058,-1.1827546259970945,-0.8164757387537793,-0.8094624644506392,-1.3186270738463541,-1.098691774095075,-0.2960426371942822,-0.830577197683631,5.810703669064187,-0.36879085964913255,-1.2871900395226636,-1.278405979332502,-0.9259702334224345,-1.054638164080581,-1.0831118017408423,0.4760302112492405,2.8611675432045263,4.014202613548461,6.2849780352686615,6.027625461530435,10.979314697144414,-0.21190233751283993,-1.1737507589531133,6.922178366321464,0.0,-0.8050398674551551,1,0.016062413951353834,1.0,3.0,0.008264462809917356,0.375,4.666666666666667,0.00027184709646389663,0.21428571428571427,1.0,3.0,0.9285714285714286,0.6666666666666666,1.0
15,5,5,2,13,14,4,3,5,2,73,1,1,8631,2,6,40001,12,6.367035359653531,22.531858561385874,2,3,3588032,23906371712,3042496,2958401,9.99969956950018e+19,10,27.80765707255204,-1.6161113914554508,-1.5978598396606742,-2.266130871374732,-0.41965014868643563,-0.4351370852048263,-0.5538432260731738,-1.3391696873460155,-0.738423139130577,-0.8602265112635147,21.872870429683964,-1.4756735325324963,-2.473018057407169,-2.4775842347514088,-0.6278044463392282,-0.5815126024900893,-0.614875912932605,8.878126817321373,5.828312059149104,21.411542607298344,16.791663637205346,3.7175836857649003,8.277649638279028,0.436601543898211,4.256356064678365,8.852085280325994,0.0,-0.8058758050980397,1,0.2054794520547945,1.0,5.0,0.0005792400370713623,0.5714285714285714,7.0,0.0003249837508124594,0.35714285714285715,1.0,2.5,0.9285714285714286,1.0,1.0
4,1,1,1,2,2,1,1,1,1,106,1,0,1,1,0,149,11,19.0,8.0,4,5,2000000,50000000000,1616468,851833,0.0,1,22.33830790368868,-1.6594623805130708,-1.6836709445864138,-1.261192049666504,-0.5729409379132251,-0.5711852980266948,-0.8096669579259836,-1.2182447848096014,-0.3859255007635298,-0.5430710103035288,10.137725309424996,-1.586589430225623,-1.1744145876909309,-1.1644084878453833,-0.7032112207551815,-0.954869524056686,-0.9748692019118742,1.7325844175034433,4.199520242575713,7.295806578088952,5.091370535487474,1.344546941292187,1.6355472631284642,-0.7008189474657677,-1.645877029031415,1.1571927211186943,0.0,-0.5553554078591934,1,0.03773584905660377,1.0,1.0,0.5,1.0,2.0,0.013333333333333334,0.5,1.0,1.0,1.0,1.0,1.0
3,1,1,1,4,4,1,1,1,1,114,1,0,21,1,2,15659,12,17.78250138629548,8.0,4,5,1810611,46076948911,1520331,793736,0.0,2,22.092390205838036,-1.463944631473878,-1.4846767316282654,-1.2444927797966159,-0.5753227214147982,-0.5659768739448605,-0.8112689377288761,-1.2497254242339164,-0.18178788247309172,-0.5927000581135884,10.83702186782462,-1.402705774661543,-1.2768036947712116,-1.2659020514223123,-0.6716021628357152,-0.895523088547155,-0.9156954958014948,1.6455804211862421,3.7528413255231707,7.115046984492393,7.744309311646045,1.6941407586547506,1.5119882023931606,-0.5630371622418863,-1.7205184439545564,1.1601193182056804,0.0,-0.5524098193122599,1,0.02631578947368421,1.0,1.0,0.045454545454545456,0.3333333333333333,4.0,0.0002554278416347382,0.25,1.0,1.0,1.0,1.0,1.0
3,1,1,1,3,3,1,1,1,1,95,1,0,0,1,3,21572,12,17.316109082170698,8.0,4,5,1738061,44574129264,1413160,735375,0.0,2,21.99818548113889,-1.396468805417417,-1.4155873556760197,-1.2380957203961782,-0.5776794371561667,-0.5653555157196909,-0.8118826148559153,-1.269529660282921,-0.39123453477459247,-0.6117116657648067,8.261564293589464,-1.3322646909148699,-1.3160263197753994,-1.304864739429457,-0.6594935483466877,-0.8727890004033796,-0.8930399677359032,1.6122514351375639,3.5817301579348872,7.045802648276156,6.476156062033892,1.8280611296122116,1.4646559143862867,-0.510256515468528,-1.7581756142911442,1.0705632171882964,0.0,-0.5527109413128606,1,0.031578947368421054,1.0,1.0,1.0,0.25,3.0,0.00013906271728549575,0.3333333333333333,1.0,1.0,1.0,1.0,1.0
4,1,1,1,2,2,1,1,1,1,123,1,0,24,1,0,172,11,19.0,8.0,4,5,2000000,50000000000,1672973,880835,0.0,1,22.33830790368868,-1.6535005365864135,-1.677935466844464,-1.261192049666504,-0.5717807639834566,-0.5700817234522609,-0.8096669579259836,-1.2120236162644713,-0.1548680367957692,-0.5430710103035288,12.421691651156529,-1.586589430225623,-1.1744145876909309,-1.1643417180449425,-0.7032112207551815,-0.954869524056686,-0.9748592478834252,1.7325844175034433,4.199520242575713,7.295806578088952,6.926378377942127,1.344546941292187,1.6355472631284642,-0.7008189474657677,-1.6385962245459307,1.230030890586362,0.0,-0.5542071343323614,1,0.032520325203252036,1.0,1.0,0.04,1.0,2.0,0.011560693641618497,0.5,1.0,1.0,1.0,1.0,1.0
3,1,1,1,11,11,5,1,1,1,52,1,0,39,2,17,114309,18,9.983184185369527,8.06726325852189,3,5,613830,21013452651,556069,249522,4.628536497539318e+17,8,20.554163927224167,-0.25858848251714805,-0.2555800151153187,-1.1429705343821834,-0.5971404952669717,-0.5392557707083179,-0.8202701833141267,-1.490033484889125,-0.3560850494670985,-0.9097090289901908,0.8011054005122134,-0.23306204414554754,-1.9338033685742733,-1.9177002773334801,-0.47028307347548104,-0.5164709313335972,-0.5378667588362562,1.1254843304457705,0.920400645090587,6.031116562950135,12.986874469823643,3.9278385683445824,0.7571451382537937,0.3182427210746738,-2.214107091046105,0.7507635970731581,0.0,-0.5421495886254526,1,0.057692307692307696,1.0,1.0,0.025,0.2777777777777778,5.5,9.622955122036567e-05,0.09090909090909091,1.0,1.0,1.0,1.0,1.0
34,2,3,1,13,14,3,1,3,1,2071,1,0,228,3,8,51218,29,33.88356334091298,12.998885350423647,5,10,11375375,27815222492,5982199,5269942,0.0,12,20.23380088875063,-0.5366488426728426,-0.5015607922845063,-1.180466606770328,-0.8053673628819593,-0.7957505939686733,-1.2933551130743026,-1.11862205782002,-0.2990046248607648,-0.8346117164488318,5.551049562342887,-0.3615970647438461,-1.319934417978344,-1.3107733943121291,-0.9027672494127131,-1.0272640070677965,-1.0553750013059755,0.5072137382081081,2.7613446322827087,4.1131004052350075,6.624782553641715,5.920928403612728,10.457872905970058,-0.18497935961129697,-1.2281689327218,6.606527290004583,0.0,-0.791612981934066,1,0.016417189763399325,1.0,3.0,0.008733624454148471,0.3333333333333333,4.666666666666667,0.0002538120619301431,0.21428571428571427,1.0,3.0,0.9285714285714286,0.6666666666666666,1.0
6,2,2,1,11,12,5,1,2,1,58,1,0,2744,2,14,90919,16,8.844937075902553,12.62025169638979,3,5,1550013,21924050339,1338716,1102190,3.1792993789615686e+19,8,22.837329804550365,-0.6858929441437442,-0.6780864450275543,-1.4965052113728607,-0.5412722543038566,-0.506482564037991,-0.736407563554955,-1.4425464234453376,-0.47643275814095565,-0.8941335271272702,7.433817933042736,-0.6241960939358928,-2.103530774863934,-2.0939337032466696,-0.5198657250705598,-0.5369439532574446,-0.5621067587027745,3.5657663339581056,2.465252986577382,10.87237900293934,14.184499479365662,3.8616571073809967,3.1243575848245406,0.3554982640436859,-0.17741381903795617,3.3007985744081534,0.0,-0.6251621022299354,1,0.10344827586206896,1.0,2.0,0.0007285974499089253,0.3333333333333333,6.0,0.00012098548174219093,0.16666666666666666,1.0,2.0,0.9166666666666666,1.0,1.0
7,1,1,1,2,2,1,1,1,1,302,1,0,22,1,0,164,12,20.877965183997446,8.497108431058148,4,5,2994216,49075938165,2094814,1316734,0.0,1,22.209395075565418,-1.6103532207184217,-1.6298524400283134,-1.2586218276777974,-0.5950134802891276,-0.5949694313354426,-0.857243235642888,-1.1966424867340582,-0.39172522627981377,-0.5558438546026521,9.969754646029278,-1.524865811251337,-1.1554242312819163,-1.145779733649186,-0.73338588210816,-0.9814635019269027,-1.0022110994834943,1.6391622906830592,4.202480017453423,7.038379387430896,4.791978597389583,1.6853904809211588,2.553253221491868,-0.6945498311255252,-1.578298168818292,1.7146166347014358,0.0,-0.5795526455515109,1,0.023178807947019868,1.0,1.0,0.043478260869565216,1.0,2.0,0.012121212121212121,0.5,1.0,1.0,1.0,1.0,1.0
5,1,1,1,11,11,5,1,1,1,56,1,0,1786,2,15,99207,17,9.248236953387057,11.00705218645177,3,5,1218308,21601410437,1061411,800076,2.069220418524268e+19,8,22.028366170077653,-0.534491868235641,-0.5283853915367929,-1.3712419967940574,-0.5610673010457283,-0.5180946561091992,-0.7661214841905557,-1.4593718789225292,-0.4337915638343553,-0.8996521864243864,5.083737595028829,-0.48561079637749716,-2.043393532613929,-2.031491270062941,-0.5022977671576104,-0.5296900211675211,-0.5535181236910245,2.7011338434745262,1.9178861144181063,9.157039220673344,13.76016102455785,3.8851062994556935,2.285614853354879,0.34229800569024504,-0.8990481111373683,2.397278780343397,0.0,-0.5957493883403773,1,0.08928571428571429,1.0,1.0,0.0005595970900951316,0.3125,5.5,0.00011087815498750101,0.09090909090909091,1.0,1.0,1.0,1.0,1.0
4,1,1,1,2,2,1,1,1,1,109,1,0,6,1,0,154,11,19.0,8.0,4,5,2000000,50000000000,1627907,857704,0.0,1,22.33830790368868,-1.6582554495668809,-1.6825098397901288,-1.261192049666504,-0.5727060693329625,-0.5709618875648146,-0.8096669579259836,-1.2169853555238046,-0.3391496362757064,-0.5430710103035288,10.600097302352655,-1.586589430225623,-1.1744145876909309,-1.1643949707960586,-0.7032112207551815,-0.954869524056686,-0.9748671867928738,1.7325844175034433,4.199520242575713,7.295806578088952,5.462854220536179,1.344546941292187,1.6355472631284642,-0.7008189474657677,-1.6444030843332993,1.1719382666035878,0.0,-0.5551229484269651,1,0.03669724770642202,1.0,1.0,0.14285714285714285,1.0,2.0,0.012903225806451613,0.5,1.0,1.0,1.0,1.0,1.0
4,1,1,1,2,2,1,1,1,1,115,1,0,13,1,0,161,11,19.0,8.0,4,5,2000000,50000000000,1646003,866992,0.0,1,22.33830790368868,-1.6563461536864144,-1.6806730382636335,-1.261192049666504,-0.5723345206423256,-0.5706084649635732,-0.8096669579259836,-1.214993010266024,-0.26515288803274756,-0.5430710103035288,11.33154340879863,-1.586589430225623,-1.1744145876909309,-1.1643735875954095,-0.7032112207551815,-0.954869524056686,-0.9748639989896126,1.7325844175034433,4.199520242575713,7.295806578088952,6.050520210676701,1.344546941292187,1.6355472631284642,-0.7008189474657677,-1.642071387935066,1.195264878070807,0.0,-0.5547552108710344,1,0.034782608695652174,1.0,1.0,0.07142857142857142,1.0,2.0,0.012345679012345678,0.5,1.0,1.0,1.0,1.0,1.0
4,1,1,1,2,2,1,1,1,1,107,1,0,3,1,0,151,11,19.0,8.0,4,5,2000000,50000000000,1620828,854070,0.0,1,22.33830790368868,-1.6590023922148494,-1.6832284216558469,-1.261192049666504,-0.5728514242597044,-0.5711001513176063,-0.8096669579259836,-1.21776478822344,-0.3680981757027945,-0.5430710103035288,10.313945586851341,-1.586589430225623,-1.1744145876909309,-1.1644033361964548,-0.7032112207551815,-0.954869524056686,-0.9748684339050859,1.7325844175034433,4.199520242575713,7.295806578088952,5.23295125196674,1.344546941292187,1.6355472631284642,-0.7008189474657677,-1.645315275837913,1.1628125773294862,0.0,-0.5552668123857126,1,0.037383177570093455,1.0,1.0,0.25,1.0,2.0,0.013157894736842105,0.5,1.0,1.0,1.0,1.0,1.0
3,1,1,1,10,10,5,1,1,1,55,1,0,1,1,17,109394,18,10.413540754671498,8.0,4,5,664328,22332520209,596359,266513,0.0,7,20.603963185320044,-0.316660488194785,-0.31498064620636446,-1.1434197593735032,-0.5967626665889088,-0.541134101849636,-0.8209649866338123,-1.4779284429114965,-0.3451399033791497,-0.8930819192350086,1.241605336113329,-0.2897423565531547,-1.8965179931604115,-1.8806002837019686,-0.48028703459705685,-0.5363263371304994,-0.5576044614046209,1.1189851409627773,1.0492987360812935,6.020992080439206,12.691546081336014,3.810071773446927,0.7641418853706906,0.27089278202338196,-2.2163692482404285,0.7368446987084409,0.0,-0.5415335759514794,1,0.05454545454545454,1.0,1.0,0.5,0.2777777777777778,10.0,9.141185611773847e-05,0.1,1.0,1.0,1.0,1.0,1.0
10,3,3,1,7,7,2,2,3,1,95,1,0,4678,1,0,4780,10,13.48644488231232,15.876507310982399,3,3,3068207,40154365861,2546207,2083701,5.420002295926851e+19,4,25.572178330676373,-1.8447140066368275,-1.8499231052799692,-1.8241788585744847,-0.48618835505823044,-0.5021448212078564,-0.6692513668634041,-1.2436328036744229,-0.5900408675442635,-0.6606079209875578,17.813754435680245,-1.7279082655977733,-1.7661160003336893,-1.7649284978853883,-0.6969659441993674,-0.8175155192642611,-0.8445602172489062,5.7008957433070675,5.571670933553049,15.144783405422158,10.19922600253286,2.247806201731594,5.371030371879571,-0.23525261360771205,1.6416326009931392,5.391124899430404,0.0,-0.6933219214375529,1,0.10526315789473684,1.0,3.0,0.0006411626415900834,2.0,7.0,0.0014641288433382138,0.42857142857142855,1.0,3.0,1.0,1.0,1.0
16,2,2,1,5,6,1,1,2,1,938,1,0,113,1,0,234,17,26.773855387117734,10.057785249531165,5,7,6115570,46174836928,3653390,2805451,0.0,5,21.8046719811944,-1.450181045313313,-1.4551227978670482,-1.2505525904138757,-0.6631441134798283,-0.6685305208639071,-1.0066094284148661,-1.1225676738957067,-0.17764980435089278,-0.5959443251603024,11.738496754546352,-1.3310839011751399,-1.0958038201796494,-1.0872274521009166,-0.8281195288069799,-1.0649555575427867,-1.0880412495170955,1.3458626028248883,4.211772259851542,6.230184185330883,5.696781135703017,2.755472132710731,5.434400122065748,-0.6748678785911447,-1.3588142264626037,3.5378792365258933,0.0,-0.6543657441876554,1,0.017057569296375266,1.0,2.0,0.017543859649122806,1.0,6.0,0.02127659574468085,0.3333333333333333,1.0,2.0,0.8333333333333334,1.0,1.0
4,1,1,1,2,2,1,1,1,1,111,1,0,8,1,0,156,11,19.0,8.0,4,5,2000000,50000000000,1632756,860193,0.0,1,22.33830790368868,-1.6577438446428072,-1.6820176600734518,-1.261192049666504,-0.5726065110918289,-0.5708671862956588,-0.8096669579259836,-1.2164514971235623,-0.31932185517910816,-0.5430710103035288,10.796091770041306,-1.586589430225623,-1.1744145876909309,-1.1643892410656085,-0.7032112207551815,-0.954869524056686,-0.9748663326058082,1.7325844175034433,4.199520242575713,7.295806578088952,5.62032212131695,1.344546941292187,1.6355472631284642,-0.7008189474657677,-1.643778295178834,1.1781887432377611,0.0,-0.5550244113975263,1,0.036036036036036036,1.0,1.0,0.1111111111111111,1.0,2.0,0.012738853503184714,0.5,1.0,1.0,1.0,1.0,1.0
10,3,3,1,7,7,2,2,3,1,107,1,0,4551,1,0,4655,10,13.653795366410542,15.637435190842083,3,3,3035784,40453206011,2554909,2065262,5.255491378981991e+19,5,25.474022101180967,-1.835195441801944,-1.8411291393824936,-1.8070907705803312,-0.4880634140410276,-0.5035192567788207,-0.673513338792165,-1.2387970547810265,-0.4328633562877139,-0.6570403754597585,19.073201309959586,-1.7236188778965682,-1.7481563507548357,-1.746657551316129,-0.6971555042985473,-0.8216845642278456,-0.8485089234966258,5.580447356150251,5.530022654450133,14.906546905796702,11.243256262869874,2.2203899754902334,5.257648915950207,-0.24938374128992796,1.5466058503504483,5.3102095824409234,0.0,-0.6883839579153325,1,0.09345794392523364,1.0,3.0,0.0006590509666080844,2.0,7.0,0.0015034364261168386,0.42857142857142855,1.0,3.0,1.0,1.0,1.0
23,2,3,1,7,8,1,1,3,1,1400,1,0,163,2,0,269,20,31.177532413116577,11.223464462295563,5,8,8446928,44007986389,4775232,3895689,0.0,7,21.502381787318406,-1.3350071102871661,-1.3289064710180158,-1.2445256269643767,-0.7148991555032205,-0.7242992662628625,-1.118171965862183,-1.0718943773836132,-0.1905942267821311,-0.6258956157784709,11.351098267087,-1.1863469885024611,-1.0512729646842893,-1.0435443352425682,-0.8988766781405788,-1.1273162926484883,-1.1521557678159033,1.1267952435870745,4.218712693434743,5.626538167274648,4.9999367384886035,3.5547227672348853,7.586346643707261,-0.6601673059521596,-1.200326590640401,4.845200023640841,0.0,-0.7111030592747245,1,0.016428571428571428,1.0,3.0,0.012195121951219513,1.0,4.0,0.025925925925925925,0.375,1.0,3.0,0.875,0.6666666666666666,1.0
18,6,6,2,13,14,3,3,6,2,83,1,1,10530,2,1,10574,10,6.589806290794806,25.72884815600742,2,2,4404375,27838939804,3713396,3626753,1.2199620201674624e+20,9,29.61726994773163,-2.075990613842951,-2.057451124473668,-2.5283917429935023,-0.3775870320713447,-0.4157029432649164,-0.4936123166494542,-1.2749243955651592,-0.8280867076371082,-0.8076291399376971,27.58605949407857,-1.9046771402951987,-2.506246589397048,-2.5160848513518257,-0.6891540307623635,-0.6457060587744207,-0.681562286540104,10.664663847283352,7.28802765925501,24.962687704167074,16.72556637314259,3.3776493865231405,10.043564955442253,0.3471017251920029,5.754363154459015,10.692590090227116,0.0,-0.8658117029051456,1,0.21686746987951808,1.0,6.0,0.0005697464628240433,1.5,7.0,0.0012293144208037825,0.42857142857142855,1.0,3.0,0.9285714285714286,1.0,1.0
3,1,1,1,4,4,2,1,1,1,87,1,0,0,1,5,37755,13,16.044158760335197,8.0,4,5,1540202,40475622672,1262140,648717,0.0,3,21.741269299547174,-1.1975438393566256,-1.2128277957387934,-1.220649588264009,-0.5812063560211608,-0.5609020917632547,-0.8135562419984244,-1.3079875673750248,-0.38481447449253686,-0.6635603353434276,6.947482075026652,-1.1401569774092646,-1.4229947025211884,-1.4109572998809559,-0.6264707991287246,-0.8107883402823344,-0.8312286732600414,1.5213562506412828,3.115073862883038,6.856958718055636,7.605008246482842,2.1932902670426153,1.3355707677594966,-0.36631254371701816,-1.842673238231925,1.008414456179477,0.0,-0.5506615719397476,1,0.034482758620689655,1.0,1.0,1.0,0.3333333333333333,4.0,0.00010594342621040364,0.25,1.0,1.0,1.0,1.0,1.0
3,1,1,1,6,6,3,1,1,1,89,1,0,13,1,8,55089,14,14.68276930813414,8.0,4,5,1328430,36088923326,1131665,571961,0.0,4,21.466287664089897,-0.9813428590575258,-0.99264744026225,-1.2019767046940226,-0.5843413726374693,-0.55552683337285,-0.8153475527906896,-1.3457183671589292,-0.25050143985891804,-0.7190548233460189,6.800737524138248,-0.9345409164961425,-1.5374847305428614,-1.524473093423714,-0.5911260048421519,-0.7444280090105208,-0.7650655329464285,1.4240696323631916,2.615603917413758,6.654835938336212,9.825350218209786,2.584201049325939,1.1974088018110605,-0.2122469316515685,-1.9290966574723412,0.9820700679089015,0.0,-0.5478347588497817,1,0.033707865168539325,1.0,1.0,0.07142857142857142,0.3333333333333333,6.0,0.00010891268832819024,0.16666666666666666,1.0,1.0,1.0,1.0,1.0
3,1,1,1,9,9,4,1,1,1,68,1,0,5,1,13,88589,17,12.049134474379246,8.0,4,5,918754,27602766639,801441,383534,0.0,6,20.9343302491031,-0.571308441043737,-0.574603090526735,-1.1658536419384997,-0.5920039168234177,-0.5466481334818182,-0.8188128789638602,-1.4272771444684564,-0.3088827495074189,-0.8264100084833229,3.371376928309795,-0.5367725780352004,-1.7589679552203812,-1.7441635976492043,-0.5227508009102271,-0.6160526350612068,-0.6370853375039824,1.2358667442468252,1.6493694246498998,6.263825421467722,11.593471360229938,3.340425692793864,0.9301317448061259,0.08579604345987157,-2.106311602129314,0.8307935395246525,0.0,-0.5439476362544431,1,0.04411764705882353,1.0,1.0,0.16666666666666666,0.2857142857142857,9.0,0.00010159160176092109,0.1111111111111111,1.0,1.0,1.0,1.0,1.0
3,1,1,1,7,7,3,1,1,1,86,1,0,11,1,9,59722,15,14.31852848999206,8.0,4,5,1271771,34915258467,1085994,545901,0.0,5,21.39271611135672,-0.9246336790415488,-0.9348304589496809,-1.1969807600158797,-0.5854011290348133,-0.5542988784297812,-0.8158268194013325,-1.356998228509918,-0.2585757771656804,-0.73390241723604,6.326445077395413,-0.8795281777614172,-1.5681166275421377,-1.5548570509760413,-0.5816694773457838,-0.7266732502120405,-0.7473654287040048,1.3980405211646314,2.4819703408637297,6.600757829730973,10.069887495393926,2.6887895364258156,1.1604434592106654,-0.1710265560305062,-1.9536060980377323,0.9611480001422733,0.0,-0.5472971563332149,1,0.03488372093023256,1.0,1.0,0.08333333333333333,0.3,7.0,0.00011720777589873248,0.14285714285714285,1.0,1.0,1.0,1.0,1.0
6,2,2,1,4,4,1,2,2,1,117,1,0,1777,1,0,1907,10,16.930541004459563,10.956369993629199,4,4,2400941,46304537507,2014371,1339319,2.034344858759607e+19,3,23.552109543953875,-1.72383160978249,-1.741104951020799,-1.4725036428575495,-0.539374454732379,-0.544315897579059,-0.7569633389657999,-1.2223861885989127,-0.2624346867081442,-0.5871873403176755,14.996839306619982,-1.6396320731044423,-1.3965039265894024,-1.3897499761497325,-0.7008671172734542,-0.9033150415632928,-0.9259503783069472,3.222051266931338,4.714543585966352,10.241843273905157,8.597732531359123,1.683576471590141,3.0376243181478024,-0.5260731768952533,-0.4056370173351569,2.8094380600853217,0.0,-0.6061453461112756,1,0.05128205128205128,1.0,2.0,0.0011248593925759281,1.0,4.0,0.0020964360587002098,0.5,1.0,2.0,1.0,1.0,1.0
4,1,1,1,2,2,1,1,1,1,113,1,0,11,1,0,159,11,19.0,8.0,4,5,2000000,50000000000,1639931,863876,0.0,1,22.33830790368868,-1.6569867575235016,-1.681289318913416,-1.261192049666504,-0.5724591820524936,-0.5707270447378161,-0.8096669579259836,-1.2156614786946183,-0.2899801562112332,-0.5430710103035288,11.086129805173536,-1.586589430225623,-1.1744145876909309,-1.1643807620519855,-0.7032112207551815,-0.954869524056686,-0.9748650685561591,1.7325844175034433,4.199520242575713,7.295806578088952,5.853347476968334,1.344546941292187,1.6355472631284642,-0.7008189474657677,-1.6428537149043494,1.1874383714695917,0.0,-0.554878593575507,1,0.035398230088495575,1.0,1.0,0.08333333333333333,1.0,2.0,0.0125,0.5,1.0,1.0,1.0,1.0,1.0
28,2,3,1,7,8,1,1,3,1,1678,1,0,180,2,0,277,22,33.92810896779687,11.951558256181524,4,8,9903116,42654551917,5442346,4559416,0.0,7,21.31356859437166,-1.2666135085605519,-1.2534810876039335,-1.240761131007422,-0.7479156957702068,-0.7597891464310161,-1.1878549371771894,-1.0439426604188171,-0.336072741368598,-0.6446034631683606,9.75101459960616,-1.095943001960333,-1.0234585890245278,-1.016299168027591,-0.943072234464073,-1.16626737259865,-1.1922081955797401,0.989963786907169,4.223047751110537,5.249495397155741,3.473533790268548,4.053941952396821,8.93047193137192,-0.6509851951383003,-1.1056631504012655,5.6184527895413305,0.0,-0.7472244961053089,1,0.0166865315852205,1.0,3.0,0.011049723756906077,1.0,4.0,0.025179856115107913,0.375,1.0,3.0,0.875,0.6666666666666666,1.0
10,2,2,1,4,4,1,1,2,1,563,1,0,72,1,0,206,14,23.193777509616268,9.110117576074895,5,6,4220235,47936431531,2741360,1919116,0.0,3,22.050426251839532,-1.543814537146964,-1.5577334745501825,-1.2554523590360234,-0.6210685752641077,-0.6231919434705013,-0.9159119113365162,-1.1637637804112315,-0.1671263167950363,-0.5715946845504984,12.053441912091408,-1.4487513450085774,-1.1320062777358988,-1.1227407196183983,-0.7705957586692671,-1.0142578594921416,-1.0359177701535829,1.5239588169340674,4.206129863148788,6.720933107725979,6.2632979796494235,2.1057016117697875,3.684922108530561,-0.6868190717828155,-1.487660659912359,2.4750605508875143,0.0,-0.6082397441715727,1,0.017761989342806393,1.0,2.0,0.0273972602739726,1.0,4.0,0.01932367149758454,0.5,1.0,2.0,1.0,1.0,1.0
25,2,3,1,12,13,3,1,3,1,1519,1,0,166,3,10,68572,26,27.349763247133072,11.631345795911574,4,9,8427567,25950789588,4494615,3893065,0.0,11,20.312214720425978,-0.4588532036586773,-0.4325605209136304,-1.1687800191162165,-0.7486287626105339,-0.7257140425207296,-1.1642727254357903,-1.220420593862939,-0.3141336622787176,-0.8552189546398802,4.224806127650736,-0.32485309260286843,-1.4871839080722307,-1.4760974562217763,-0.7842526393542258,-0.8874441656762446,-0.9137028747195385,0.6664908180970627,2.25147601547697,4.618243761471683,8.360412762851954,5.375948490330588,7.794488294605584,-0.04746401993439192,-1.5061223477475916,4.994266375263456,0.0,-0.723032057120037,1,0.016458196181698487,1.0,3.0,0.011976047904191617,0.2727272727272727,4.333333333333333,0.00017499598967523662,0.23076923076923078,1.0,3.0,0.9230769230769231,0.6666666666666666,1.0
17,6,6,2,14,15,4,3,6,2,77,1,1,10287,2,4,25679,11,5.670076142253204,25.319695430987185,2,2,4161265,24463939086,3521718,3480497,1.1918072985194252e+20,10,29.205660625402327,-1.877753859676963,-1.856564428751293,-2.4826034191633095,-0.38544150877394806,-0.41506974808385033,-0.5024933694819594,-1.3100929210575407,-0.8121131526220523,-0.8506894876254033,25.93414156972541,-1.715168523535071,-2.5769437157946733,-2.585493589040702,-0.6581643618311479,-0.5940484228925205,-0.6297182887192336,10.37233402528038,6.774239415315115,24.375892310751183,17.52498049120583,3.6770601659984488,9.72711568168929,0.4594134569314594,5.503442164996283,10.413495247779487,0.0,-0.8567051338395884,1,0.22077922077922077,1.0,6.0,0.0005832037325038881,0.8,7.5,0.0005451713395638629,0.4,1.0,3.0,0.9333333333333333,1.0,1.0
4,1,1,1,2,2,1,1,1,1,123,1,0,24,1,0,172,11,19.0,8.0,4,5,2000000,50000000000,1671265,879959,0.0,1,22.33830790368868,-1.6536806564203144,-1.678108747680214,-1.261192049666504,-0.5718158152759923,-0.5701150647593279,-0.8096669579259836,-1.2122115708400696,-0.16184876835188042,-0.5430710103035288,12.35268822819398,-1.586589430225623,-1.1744145876909309,-1.1643437353009312,-0.7032112207551815,-0.954869524056686,-0.9748595486155431,1.7325844175034433,4.199520242575713,7.295806578088952,6.870938934733653,1.344546941292187,1.6355472631284642,-0.7008189474657677,-1.6388161929501228,1.227830296416579,0.0,-0.5542418260887156,1,0.032520325203252036,1.0,1.0,0.04,1.0,2.0,0.011560693641618497,0.5,1.0,1.0,1.0,1.0,1.0
3,1,1,1,4,4,2,1,1,1,106,1,0,18,1,4,28205,12,16.79623530106257,8.0,4,5,1657192,42898980414,1396666,723172,0.0,3,21.89317824582548,-1.3103914375830465,-1.3281239100362363,-1.2309651064708051,-0.5781922564620792,-0.5626519025132666,-0.8125666626963103,-1.2802682523369169,-0.20365101436207245,-0.6329033455313295,9.552765597232437,-1.2537460870938693,-1.3597466260188273,-1.3481736293906204,-0.6459964319862358,-0.8474479811395028,-0.867768378219137,1.5751005948591386,3.390997573161903,6.96861802372149,8.406450431062925,1.977338227457358,1.4118960053633263,-0.4514234812080462,-1.7868834112884693,1.1034679907228804,0.0,-0.5509541364150758,1,0.02830188679245283,1.0,1.0,0.05263157894736842,0.4,4.0,0.00014181379848259235,0.25,1.0,1.0,1.0,1.0,1.0
37,2,4,1,13,14,2,1,4,1,2307,1,0,255,3,6,43808,30,36.67331070819898,13.582785962181182,5,10,12634005,28611282474,6617355,5857829,0.0,12,20.200320406131738,-0.5698653745549106,-0.531021951584769,-1.185456448313177,-0.8295931363153075,-0.8256542154770349,-1.3484696323293908,-1.0751569695340075,-0.2925449548830309,-0.8258130100811176,6.117317901932126,-0.37728569893415553,-1.2485236282430523,-1.240184707813971,-0.9533696273015535,-1.0869631146036642,-1.1158649820965685,0.439206941564265,2.97904407379909,3.8974185159918946,5.88371766992484,6.153619373106876,11.595062611957163,-0.24369451026157463,-1.1094907061665455,7.294916983248951,0.0,-0.8208950921455667,1,0.016038144776766364,1.0,4.0,0.0078125,0.2857142857142857,4.666666666666667,0.00029674267844506837,0.2857142857142857,1.0,4.0,0.9285714285714286,0.5,1.0
3,1,1,1,8,8,4,1,1,1,73,1,0,7,1,12,80777,16,12.663282087106989,8.0,4,5,1014288,29581686725,878447,427474,0.0,6,21.05837948034036,-0.6669259715122051,-0.6720884883175671,-1.1742773202979209,-0.590217058159906,-0.5487185922532147,-0.8180047859931497,-1.4082581340347944,-0.29526858345485874,-0.8013754327627329,4.1710829453007,-0.629529733413562,-1.707319415357698,-1.6929331092839386,-0.538695482278484,-0.6459889908663108,-0.6669295400866717,1.2797545121954055,1.8746894270513228,6.3550066939844765,11.18115627217465,3.1640787089526947,0.992459127628005,0.016294235802660095,-2.0649861557136515,0.866070305148407,0.0,-0.5448540895833974,1,0.0410958904109589,1.0,1.0,0.125,0.3076923076923077,8.0,9.903686647354477e-05,0.125,1.0,1.0,1.0,1.0,1.0
4,1,1,1,2,2,1,1,1,1,109,1,0,5,1,0,153,11,19.0,8.0,4,5,2000000,50000000000,1625848,856647,0.0,1,22.33830790368868,-1.6584727532031833,-1.6827188925906702,-1.261192049666504,-0.5727483565878427,-0.5710021118261178,-0.8096669579259836,-1.2172121112999603,-0.3475714647792205,-0.5430710103035288,10.516848864896657,-1.586589430225623,-1.1744145876909309,-1.1643974044928493,-0.7032112207551815,-0.954869524056686,-0.9748675496079029,1.7325844175034433,4.199520242575713,7.295806578088952,5.395969900564967,1.344546941292187,1.6355472631284642,-0.7008189474657677,-1.6446684628486323,1.1692833834362897,0.0,-0.5551648019232861,1,0.03669724770642202,1.0,1.0,0.16666666666666666,1.0,2.0,0.012987012987012988,0.5,1.0,1.0,1.0,1.0,1.0
3,1,1,1,9,9,5,1,1,1,61,1,0,3,1,15,99042,17,11.227343280280929,8.0,4,5,790920,24954772792,698399,324738,0.0,7,20.768339917539866,-0.44336258094112846,-0.44415783632822636,-1.1545819141743188,-0.5943949131968305,-0.5438776516777448,-0.8198941885278479,-1.452726490799753,-0.3270998711653451,-0.8599087854040575,2.3012899508295046,-0.4126541871145162,-1.8280788894120363,-1.8127151369459882,-0.5014152156704846,-0.5759947840264026,-0.5971507967371312,1.177140502409649,1.3478686290915083,6.141815720105964,12.145190363179022,3.5763956704069098,0.8467314460950057,0.17879644323824137,-2.1616092003821756,0.7835896837331894,0.0,-0.5427347106512851,1,0.04918032786885246,1.0,1.0,0.25,0.3125,9.0,9.086962228527004e-05,0.1111111111111111,1.0,1.0,1.0,1.0,1.0
19,6,6,2,14,15,3,3,6,2,81,1,1,11706,2,1,11738,10,5.203625319350347,27.70910668664236,2,2,4672937,25363616641,3947994,3936896,1.3562280751434393e+20,10,30.430307915852513,-2.1224757569739356,-2.0991629508120364,-2.6699341026914993,-0.3557588493413881,-0.39832866958791024,-0.45830997246853583,-1.281213808685704,-0.8759324239943583,-0.83717948006396,29.55023133509156,-1.9402065720897834,-2.6550081817770623,-2.6670625530158585,-0.6875838853047974,-0.6111734380368228,-0.6488007278568255,11.66235001005513,7.633004563845174,26.936024705633525,18.037319731660745,3.6047407590362,10.98271501270596,0.46415128380961057,6.580996123294665,11.758151243061219,0.0,-0.900481063879501,1,0.2345679012345679,1.0,6.0,0.0005125138805842658,1.5,7.5,0.0011926058437686344,0.4,1.0,3.0,0.9333333333333333,1.0,1.0
14,5,5,2,10,11,2,3,5,2,96,1,1,7723,2,1,7795,10,9.908225823292359,20.988248823868062,3,3,3761458,33764688970,3172785,2895069,8.937506900714591e+19,7,27.670914363826128,-1.9624927738174225,-1.9554643960323645,-2.1895493113244378,-0.42941099103707014,-0.45688559273467294,-0.578123640124655,-1.2575559232858493,-0.6276762909991995,-0.7368877087054146,23.732793189518414,-1.8196221850804908,-2.150121823577422,-2.154630061519077,-0.6929128483068145,-0.7283747185848084,-0.7599874492802118,8.276273501400544,6.462177267397708,20.238658024952286,14.2672911465305,2.8340086486014906,7.795305919883171,0.06689333278986448,3.778167965231797,8.168781678995067,0.0,-0.7823889475198955,1,0.14583333333333334,1.0,5.0,0.000647332988089073,1.0,5.5,0.0012827090815802976,0.45454545454545453,1.0,2.5,0.9090909090909091,1.0,1.0
10,3,3,1,7,7,2,2,3,1,95,1,0,4871,1,0,4971,10,13.258847615964862,16.20164626290734,3,3,3112302,39747942171,2584726,2134623,5.643737740629769e+19,5,25.705671159385584,-1.8523464094185202,-1.8567717764452356,-1.8474187203264922,-0.4826043823872638,-0.4992921365475421,-0.6634550695568111,-1.2446654633795076,-0.5978966630526945,-0.6654597958660353,18.13625211156839,-1.7337418484544904,-1.790541189007218,-1.7897175498822202,-0.6967081417758227,-0.8118456029679056,-0.8391810919029379,5.86470598742182,5.628312744438616,15.46878591041113,10.414602987696439,2.2850923690212843,5.525229563851267,-0.21603422862239247,1.7773575949552392,5.566079548575799,0.0,-0.699014289134358,1,0.10526315789473684,1.0,3.0,0.0006157635467980296,2.0,7.0,0.0014078841512469831,0.42857142857142855,1.0,3.0,1.0,1.0,1.0
37,3,4,1,10,11,1,1,4,1,2290,1,0,260,3,0,337,27,39.6637024666091,13.469803594102409,5,10,12939607,39832325448,6937096,5996648,0.0,10,20.919849059420848,-1.113059498645486,-1.085679457128382,-1.2329112791280863,-0.8146344642334372,-0.8317692406345905,-1.3331601811167557,-0.9742436621213741,-0.21553896486060437,-0.6836136872916062,10.604556360485626,-0.907429609524321,-0.9654591299888594,-0.9593641476543452,-1.0352302749643805,-1.2474894569481003,-1.2757085856018608,0.704638293228083,4.232087357217827,4.463273302232257,3.6570725773178174,5.094930361908645,11.733286580686283,-0.6318383529972477,-0.8949106800223554,7.364491617557576,0.0,-0.820439529993361,1,0.016157205240174673,1.0,4.0,0.011494252873563218,1.0,3.6666666666666665,0.029585798816568046,0.36363636363636365,1.0,4.0,0.9090909090909091,0.75,1.0
3,1,1,1,7,7,3,1,1,1,83,1,0,10,1,10,64571,15,13.937274298213563,8.0,4,5,1212464,33686772738,1038190,518623,0.0,5,21.315708095016724,-0.8652756622665615,-0.8743128964375142,-1.1917514590820881,-0.5865103857370477,-0.5530135667732017,-0.8163284721409104,-1.3688049624302974,-0.2670272597857197,-0.7494435293971359,5.829998840611895,-0.8219458415729235,-1.60017931396117,-1.586660216910964,-0.5717712436276381,-0.7080891819835964,-0.7288385678986677,1.3707956126907854,2.3420948555133276,6.544153779437088,10.325846897330553,2.798263261314731,1.121751497423363,-0.12788081230970216,-1.9792603533772761,0.9392486806827246,0.0,-0.5467344428679936,1,0.03614457831325301,1.0,1.0,0.09090909090909091,0.2727272727272727,7.0,0.00010840612029982035,0.14285714285714285,1.0,1.0,1.0,1.0,1.0
53,3,5,1,13,15,1,1,5,1,3344,1,0,372,4,0,414,35,49.74139561278744,16.137428250443733,5,13,18274856,34873547886,9498661,8488681,0.0,14,20.228066306735883,-0.850092841074357,-0.7974195928456955,-1.2191187398731196,-0.9331923181671193,-0.9595065934362763,-1.588467964218328,-0.8589112796028606,-0.26863680265506684,-0.7521563879483257,9.48596012111671,-0.5762031857359815,-0.8635514981235868,-0.8594033258782041,-1.1971560553230316,-1.3902002754425216,-1.4224338997605281,0.2033086971409228,4.247970347623345,3.0818460760829156,1.8759310353865417,6.92399334588073,16.657956710682935,-0.5981964988707645,-0.5329558187037378,10.34885891795475,0.0,-0.9503979690592821,1,0.015849282296650717,1.0,5.0,0.00804289544235925,1.0,3.75,0.03132530120481928,0.3333333333333333,1.0,5.0,0.8666666666666667,0.6,1.0
23,2,2,1,6,7,1,1,2,1,1352,1,0,143,2,0,250,20,30.84068587879221,11.134299203209704,4,8,8268598,44173733353,4650382,3792257,0.0,6,21.525504601177417,-1.3479359783743705,-1.342523601063247,-1.2449866420975206,-0.7117418544503674,-0.7207958447218843,-1.1096383123090963,-1.0800686201985046,-0.3492390918488642,-0.6236045784513218,9.802764456236481,-1.1974182199153829,-1.0546792236482307,-1.046931879398462,-0.8934643147018027,-1.12254618862536,-1.1472583903477396,1.143552167472997,4.218181805046379,5.672712323085911,3.7854534906581376,3.493586402168479,7.42173972008713,-0.6612917837276164,-1.2174798700257927,4.694877227476925,0.0,-0.7075564318025555,1,0.017011834319526627,1.0,2.0,0.013888888888888888,1.0,3.5,0.02390438247011952,0.2857142857142857,1.0,2.0,0.8571428571428571,1.0,1.0
3,1,1,1,6,6,3,1,1,1,79,1,0,0,1,8,55799,14,14.625905402438297,8.0,4,5,1319585,35905695185,1093748,552090,0.0,4,21.454801950166193,-0.975738006029645,-0.9867463035688038,-1.2011967566132757,-0.5851389502722394,-0.5559364233940375,-0.8154223740902072,-1.3508690030213117,-0.3776559621696763,-0.7213727738247129,5.482250699999456,-0.9259525347671589,-1.5422668670182198,-1.5292529027242225,-0.5896496873593764,-0.7416562028875304,-0.7623076828397234,1.4200060654843027,2.5947415463772012,6.646393467545532,8.863703946841355,2.600529010309703,1.1916379116445899,-0.20581176174387028,-1.9368899987697004,0.9391171829473788,0.0,-0.5483764787681886,1,0.0379746835443038,1.0,1.0,1.0,0.3333333333333333,6.0,0.00010752688172043011,0.16666666666666666,1.0,1.0,1.0,1.0,1.0
4,1,1,1,2,2,1,1,1,1,109,1,0,5,1,0,153,11,19.0,8.0,4,5,2000000,50000000000,1626050,856751,0.0,1,22.33830790368868,-1.6584513740264097,-1.682698325163204,-1.261192049666504,-0.5727441962032641,-0.5709981544068697,-0.8096669579259836,-1.217189802184911,-0.34674289254086754,-0.5430710103035288,10.52503916990388,-1.586589430225623,-1.1744145876909309,-1.164397165056295,-0.7032112207551815,-0.954869524056686,-0.9748675139127494,1.7325844175034433,4.199520242575713,7.295806578088952,5.4025502400584795,1.344546941292187,1.6355472631284642,-0.7008189474657677,-1.6446423538783097,1.1695445811663998,0.0,-0.5551606842135612,1,0.03669724770642202,1.0,1.0,0.16666666666666666,1.0,2.0,0.012987012987012988,0.5,1.0,1.0,1.0,1.0,1.0
3,1,1,1,6,6,2,1,1,1,95,1,0,15,1,7,45570,14,15.43111495910857,8.0,4,5,1444840,38500259312,1225498,625502,0.0,4,21.617443022800504,-1.0978538762789087,-1.1114344744514102,-1.212241049836523,-0.5821640656154559,-0.5580497102594256,-0.8143628825783796,-1.322543492830829,-0.23391242811982396,-0.6885499162581545,7.775188140684938,-1.0475665350699108,-1.4745504141270573,-1.4620481773759848,-0.6105547752400557,-0.7809057892843391,-0.8014310235006614,1.47754736246365,2.890158829588272,6.765941326233366,9.322939728316538,2.3693203013020927,1.2733554063483783,-0.2969356521110139,-1.8787411444672828,1.025055196545531,0.0,-0.548939282245259,1,0.031578947368421054,1.0,1.0,0.0625,0.25,6.0,0.00013166268021329354,0.16666666666666666,1.0,1.0,1.0,1.0,1.0
3,1,1,1,7,7,4,1,1,1,79,1,0,9,1,11,71390,15,13.401219697949138,8.0,4,5,1129078,31959485693,970975,480271,0.0,5,21.20743256046136,-0.7818165459054459,-0.789223424686121,-1.1843989082585822,-0.5880700332659919,-0.5512063808034713,-0.8170338106383879,-1.3854055773706686,-0.2789102927732205,-0.7712947899126423,5.1319808391039174,-0.7409833843109503,-1.6452603935201415,-1.6313764030409068,-0.5578540360702529,-0.6819594357924432,-0.7027892570259637,1.332488470536993,2.145425811596652,6.464566820898769,10.685733340149717,2.9521865363901667,1.067349461835021,-0.06721662840794429,-2.015330990468423,0.908457593811812,0.0,-0.5459432511954365,1,0.0379746835443038,1.0,1.0,0.1,0.3333333333333333,7.0,9.80515751285176e-05,0.14285714285714285,1.0,1.0,1.0,1.0,1.0
5,1,1,1,11,11,5,1,1,1,55,1,0,1634,2,15,100513,17,9.311818543733725,10.752725825065095,3,5,1166013,21550545165,1017693,752446,1.894212714194649e+19,8,21.90083031578181,-0.5106229763171113,-0.5047845139047882,-1.351493827157774,-0.564188057145842,-0.5199253417165058,-0.770805984322889,-1.4620244689114463,-0.427069035265278,-0.9005222217362755,4.713239477684123,-0.4637623552810388,-2.033912692884527,-2.0216470091826744,-0.49952811914726214,-0.5285464142281369,-0.552164096319729,2.564821605659727,1.8315918748759543,8.886610099738213,13.693262631307123,3.8888031439321984,2.153384223652793,0.34021694029460553,-1.012816199108423,2.254835827534567,0.0,-0.5911123744707623,1,0.09090909090909091,1.0,1.0,0.0006116207951070336,0.3125,5.5,0.00010943749129474501,0.09090909090909091,1.0,1.0,1.0,1.0,1.0
3,1,1,1,11,11,5,1,1,1,53,1,0,599,2,17,109468,18,9.747603118288211,9.009587526847156,3,5,807590,21201917505,718052,425998,6.9471994342226e+18,8,21.02670688316985,-0.3470269597171831,-0.3430254518571283,-1.2161410048037724,-0.5855775405161266,-0.5324727558999713,-0.8029132796270599,-1.480205168599596,-0.380993209913432,-0.9064853938773266,2.1738666252596914,-0.31401439276569554,-1.9689315609976097,-1.9541750095658048,-0.4805451104921704,-0.5207081978384581,-0.5428836703549504,1.6305453436347062,1.2401361050479212,7.033104410885404,13.234744879829167,3.914141104002149,1.2470830695984727,0.3259534373983407,-1.7925761507552016,1.2785399964672894,0.0,-0.5593305472884658,1,0.05660377358490566,1.0,1.0,0.0016666666666666668,0.2777777777777778,5.5,0.00010048506883227216,0.09090909090909091,1.0,1.0,1.0,1.0,1.0
17,6,6,2,14,15,4,3,6,2,76,1,1,10131,2,4,27021,11,5.7353674046451895,25.058530381419242,2,2,4107564,24411706076,3476824,3431587,1.1738359425314682e+20,10,29.07469540603907,-1.8532431471143866,-1.8323289372237817,-2.4623242327124224,-0.3886461801935044,-0.41694965976413667,-0.5073038331027627,-1.3128168376510143,-0.8052098591632367,-0.851582917681637,25.553680973137677,-1.6927325905439823,-2.567207941790065,-2.575384621701505,-0.6553202395940173,-0.5928740650265798,-0.6283278523381496,10.232356430541419,6.6856247737790415,24.098191507780708,17.45628323900562,3.680856416476328,9.591329447135175,0.45727643289571657,5.386614919199939,10.267222086680146,0.0,-0.8519434333595347,1,0.2236842105263158,1.0,6.0,0.0005921831819976313,0.8,7.5,0.0005180963659240619,0.4,1.0,3.0,0.9333333333333333,1.0,1.0
4,1,1,1,2,2,1,1,1,1,122,1,0,23,1,0,171,11,19.0,8.0,4,5,2000000,50000000000,1668592,878587,0.0,1,22.33830790368868,-1.6539627123950082,-1.6783800942274807,-1.261192049666504,-0.5718707033261663,-0.5701672750831923,-0.8096669579259836,-1.2125058955119865,-0.1727801410968716,-0.5430710103035288,12.244633344401242,-1.586589430225623,-1.1744145876909309,-1.164346894192941,-0.7032112207551815,-0.954869524056686,-0.97486001954253,1.7325844175034433,4.199520242575713,7.295806578088952,6.784124363278594,1.344546941292187,1.6355472631284642,-0.7008189474657677,-1.639160649200735,1.2243843087092743,0.0,-0.554296151128554,1,0.03278688524590164,1.0,1.0,0.041666666666666664,1.0,2.0,0.011627906976744186,0.5,1.0,1.0,1.0,1.0,1.0
31,2,3,1,8,9,1,1,3,1,1877,1,0,215,2,0,305,24,35.7319539647043,12.429046637715844,5,9,10858093,41766961279,5935477,5023248,0.0,8,21.189743742862778,-1.2158905972533185,-1.1983695683864959,-1.2382923514396342,-0.7684258508995978,-0.7819770601724645,-1.2335534577154876,-1.0194864572836309,-0.20398175637288601,-0.6568721843787334,10.9504385434241,-1.0366555123803676,-1.005217750648082,-0.9983658792192043,-0.972055951722923,-1.191811730043523,-1.2184650230555116,0.9002288772819058,4.225890708557578,5.002228432947154,4.279238303512752,4.381332959922964,9.81195754981255,-0.6449635104756989,-1.0364136833160722,6.197272378748314,0.0,-0.7697825784779201,1,0.016515716568993075,1.0,3.0,0.009259259259259259,1.0,4.5,0.026143790849673203,0.3333333333333333,1.0,3.0,0.8888888888888888,0.6666666666666666,1.0
3,1,1,1,4,4,2,1,1,1,91,1,0,0,1,4,29718,13,16.675800505309375,8.0,4,5,1638457,42510912739,1337135,691751,0.0,2,21.868852100908878,-1.2963286036076758,-1.3135167928248834,-1.229313216987426,-0.5794549124718149,-0.5631136313420128,-0.8127251303185239,-1.2888896363263835,-0.38800263208783126,-0.6378126441285932,7.600046228927546,-1.235556341125431,-1.3698749424372298,-1.3582724670993893,-0.642869668315517,-0.8415774398848208,-0.8619237351910021,1.566494171485652,3.346812155998432,6.950737309534068,7.04442804821354,2.0119199998854445,1.399673560035167,-0.4377941259256951,-1.8007123017740394,1.0392771016599587,0.0,-0.5516792746162654,1,0.03296703296703297,1.0,1.0,1.0,0.4,4.0,0.00013459403075473603,0.25,1.0,1.0,1.0,1.0,1.0
29,2,3,1,8,9,1,1,3,1,1760,1,0,202,2,0,296,23,34.61061571210088,12.13222180614435,5,9,10264443,42318721179,5649815,4745633,0.0,8,21.26671795231974,-1.2452181202040702,-1.2305088907217467,-1.2398270381623584,-0.7552471123038074,-0.7677762849688459,-1.2051455295094444,-1.0323897436575078,-0.20068562998934114,-0.6492454833998222,11.04908445692416,-1.0735108575352004,-1.0165569454603482,-1.00948920857261,-0.9540385772141873,-1.1759323916357225,-1.2021391068969831,0.9560114899394399,4.224123418717621,5.155938926946122,4.45668053510594,4.17781433114564,9.26399276083574,-0.6487068173390196,-1.076770468694038,5.864380389085861,0.0,-0.7553351697825214,1,0.016477272727272726,1.0,3.0,0.009852216748768473,1.0,4.5,0.026936026936026935,0.3333333333333333,1.0,3.0,0.8888888888888888,0.6666666666666666,1.0
4,1,1,1,2,2,1,1,1,1,104,1,0,237,1,0,382,10,18.720456053996678,8.399348494290457,3,4,2054159,49500814382,1660402,912645,2.748007042298118e+18,1,22.5022690649952,-1.669193087307379,-1.6924255133033044,-1.2897361651692356,-0.5686082948927155,-0.5677474693459215,-0.8025477167887909,-1.2198849242745449,-0.4093826280431581,-0.5490302745372801,10.397336543103698,-1.5937544669471735,-1.2044145685046288,-1.1948593702148995,-0.702894577642883,-0.9479055090646429,-0.9682629427100621,1.9337826250675754,4.269089950410221,7.693759243396038,5.246242319728374,1.3903432836770202,1.8249407970933476,-0.6772141684593027,-1.4796093456914212,1.3677260121733337,0.0,-0.5624156210388072,1,0.038461538461538464,1.0,1.0,0.004201680672268907,1.0,2.0,0.005221932114882507,0.5,1.0,1.0,1.0,1.0,1.0
31,2,3,1,8,9,1,1,3,1,1879,1,0,215,2,0,306,24,35.749015195757565,12.433562845935827,5,9,10867125,41758566218,5939824,5027472,0.0,8,21.188572575492326,-1.2154443771728736,-1.1978805666040417,-1.2382690010859743,-0.7686263662246137,-0.7821931258478501,-1.2339856861048633,-1.0192901329812538,-0.20403190714022126,-0.6569882251070982,10.94893763973266,-1.0360947560182487,-1.0050452240958119,-0.9981966370732778,-0.9723300871934227,-1.1920533351621565,-1.2187134228823169,0.899380141370957,4.225917597982091,4.999889718248588,4.276538508954964,4.384429508481039,9.820294868058927,-0.644906555829632,-1.0357996523238162,6.202337351015361,0.0,-0.7700023966971781,1,0.016498137307078234,1.0,3.0,0.009259259259259259,1.0,4.5,0.026058631921824105,0.3333333333333333,1.0,3.0,0.8888888888888888,0.6666666666666666,1.0
4,1,1,1,2,2,1,1,1,1,111,1,0,8,1,0,156,11,19.0,8.0,4,5,2000000,50000000000,1632783,860207,0.0,1,22.33830790368868,-1.657740986178045,-1.6820149101421853,-1.261192049666504,-0.572605954835017,-0.570866657175965,-0.8096669579259836,-1.2164485143230588,-0.31921107240335256,-0.5430710103035288,10.797186840188466,-1.586589430225623,-1.1744145876909309,-1.1643892090521704,-0.7032112207551815,-0.954869524056686,-0.9748663278332513,1.7325844175034433,4.199520242575713,7.295806578088952,5.621201933891838,1.344546941292187,1.6355472631284642,-0.7008189474657677,-1.6437748043254472,1.1782236662151713,0.0,-0.5550238608464796,1,0.036036036036036036,1.0,1.0,0.1111111111111111,1.0,2.0,0.012738853503184714,0.5,1.0,1.0,1.0,1.0,1.0
3,1,1,1,5,5,2,1,1,1,85,1,0,0,1,6,42126,13,15.700607688850532,8.0,4,5,1486761,39368624775,1221349,625310,0.0,3,21.671876786370863,-1.1438146299197227,-1.158062870667135,-1.2159374251516788,-0.5821589692909619,-0.559699231442577,-0.8140082851232258,-1.3183749661293125,-0.383080429891083,-0.6775645505104828,6.592551268016263,-1.0882690933603973,-1.4518866347581851,-1.4396126743825848,-0.6175514249342756,-0.7940420941029993,-0.8145335743379447,1.496805655000542,2.9890309920036358,6.805952374917162,7.909908815992188,2.2919378787831173,1.3007051447276217,-0.3274335836821427,-1.8654958663994092,0.9916282082659476,0.0,-0.5501080416391422,1,0.03529411764705882,1.0,1.0,1.0,0.2857142857142857,5.0,0.00011868872694471479,0.2,1.0,1.0,1.0,1.0,1.0
16,5,5,2,11,12,3,3,5,2,86,1,1,9026,2,1,9085,10,8.362038662894703,23.197087624436136,2,2,4061019,31003640469,3413463,3230234,1.0457458688700439e+20,8,28.577800905425637,-2.0165593583463606,-2.00412255449681,-2.34742983610857,-0.4054943636932973,-0.4379159521623245,-0.5387463636875127,-1.2668833808900524,-0.7669159592706308,-0.7698490300839645,25.07486579519021,-1.8592527617430503,-2.316054893527592,-2.3230598597625804,-0.6911614617299843,-0.6898560143901339,-0.7234479393192317,9.38912208810179,6.8469746867095695,22.439776347638254,15.048489704174788,3.087313066747475,8.84286160715733,0.19745386449025876,4.69751290373814,9.330270156245575,0.0,-0.8214869248967273,1,0.18604651162790697,1.0,5.0,0.0005538938739337543,1.5,6.0,0.0012106537530266344,0.4166666666666667,1.0,2.5,0.9166666666666666,1.0,1.0
8,2,2,1,3,4,1,1,2,1,394,1,0,54,1,0,193,13,21.579353155694573,8.682769952977976,5,5,3365539,48730816828,2330083,1519425,0.0,3,22.16124833258339,-1.5860382525887275,-1.604005421998781,-1.257661893594444,-0.6020947495753691,-0.6027466609876629,-0.8750121640623852,-1.1823410292647767,-0.16238078466425945,-0.560614294135879,12.195465395906039,-1.5018130921236965,-1.148331657001507,-1.138755310900857,-0.7446556035616554,-0.9913958991601919,-1.0124128584240322,1.6042707194225612,4.20358544289786,6.942234721569195,6.518766888725847,1.8126897306429037,2.8960007475033773,-0.6922084230783023,-1.5457635356582933,1.9957859572590833,0.0,-0.5874393760446852,1,0.02030456852791878,1.0,2.0,0.03636363636363636,1.0,4.0,0.015463917525773196,0.5,1.0,2.0,0.75,1.0,1.0
4,1,1,1,2,2,1,1,1,1,107,1,0,3,1,0,151,11,19.0,8.0,4,5,2000000,50000000000,1620811,854062,0.0,1,22.33830790368868,-1.6590041598528185,-1.6832301221780934,-1.261192049666504,-0.5728517682417869,-0.5711004785184427,-0.8096669579259836,-1.2177666327490375,-0.3681666823513038,-0.5430710103035288,10.313268409508991,-1.586589430225623,-1.1744145876909309,-1.1644033559931546,-0.7032112207551815,-0.954869524056686,-0.9748684368563739,1.7325844175034433,4.199520242575713,7.295806578088952,5.232407187147902,1.344546941292187,1.6355472631284642,-0.7008189474657677,-1.6453174345369015,1.1627909814078998,0.0,-0.555267152839423,1,0.037383177570093455,1.0,1.0,0.25,1.0,2.0,0.013157894736842105,0.5,1.0,1.0,1.0,1.0,1.0
3,1,1,1,3,3,1,1,1,1,98,1,0,0,1,2,14810,12,17.847587449380047,8.0,4,5,1820735,46286670670,1476264,771585,0.0,1,22.10553668059846,-1.4795886524304656,-1.5003094694265127,-1.2453855033857713,-0.5762057309528128,-0.567216357650563,-0.8111832977475754,-1.2534602074774805,-0.39391712630157016,-0.5900469468079712,8.81064727262654,-1.412535981506583,-1.2713300919205908,-1.2605344697374352,-0.673291946392454,-0.8986956801229801,-0.9188675219250643,1.6502315538685874,3.7767202620957296,7.124710182609859,6.0044705681021355,1.6754518788525785,1.5185935264002397,-0.570402816595857,-1.722868685683815,1.0965317801565309,0.0,-0.5535672605177326,1,0.030612244897959183,1.0,1.0,1.0,0.3333333333333333,3.0,0.00020255215718047398,0.3333333333333333,1.0,1.0,1.0,1.0,1.0
12,2,2,1,4,5,1,1,2,1,665,1,0,83,1,0,214,15,24.164691579418008,9.36712424161065,5,6,4734248,47458688576,2988702,2159489,0.0,4,21.983777903047258,-1.518421213946575,-1.5299055464680533,-1.2541235459607791,-0.6324794253757355,-0.6354877270266887,-0.9405090006850054,-1.152591431427335,-0.16998027765314347,-0.578198286335601,11.96802905372928,-1.416840034505125,-1.12218820209468,-1.1131095517284362,-0.786196156114734,-1.0280070320040773,-1.0500536133426628,1.4756592754230589,4.2076600763267,6.587842418138529,6.109659094298943,2.2819188233809085,4.15937905507485,-0.6835779183728204,-1.4527176169505542,2.7632960728071265,0.0,-0.620749076072069,1,0.01804511278195489,1.0,2.0,0.023809523809523808,1.0,5.0,0.018604651162790697,0.4,1.0,2.0,0.8,1.0,1.0
4,1,1,1,2,2,1,1,1,1,107,1,0,3,1,0,151,11,19.0,8.0,4,5,2000000,50000000000,1621407,854368,0.0,1,22.33830790368868,-1.6589412927932916,-1.6831696421277846,-1.261192049666504,-0.572839534321476,-0.5710888414327833,-0.8096669579259836,-1.2177010311368412,-0.3657302040536403,-0.5430710103035288,10.337352610593268,-1.586589430225623,-1.1744145876909309,-1.164402651912157,-0.7032112207551815,-0.954869524056686,-0.9748683318921201,1.7325844175034433,4.199520242575713,7.295806578088952,5.251757164886802,1.344546941292187,1.6355472631284642,-0.7008189474657677,-1.645240659167633,1.1635590527616748,0.0,-0.555255044407694,1,0.037383177570093455,1.0,1.0,0.25,1.0,2.0,0.013157894736842105,0.5,1.0,1.0,1.0,1.0,1.0
23,2,3,1,7,8,1,1,3,1,1403,1,0,163,2,0,269,20,31.210258676690703,11.232127296771068,5,8,8464254,43991883273,4783569,3903791,0.0,7,21.500135294557413,-1.3341511863553515,-1.3279684847044346,-1.2444808371232428,-0.7152837770675513,-0.7247137159716738,-1.1190010514159017,-1.0715177948940178,-0.1906904242502466,-0.6261182010919187,11.348219285514563,-1.1852713650348303,-1.050942030216226,-1.043219700809206,-0.8994025153228186,-1.1277797312344011,-1.1526322397761284,1.125167227704761,4.2187642717992375,5.62205212559272,4.994758085903786,3.5606624596266747,7.602338999333908,-0.6600580575190811,-1.1991487776190248,4.854915478339827,0.0,-0.7115247069834609,1,0.01639344262295082,1.0,3.0,0.012195121951219513,1.0,4.0,0.025925925925925925,0.375,1.0,3.0,0.875,0.6666666666666666,1.0
16,5,5,2,14,15,4,3,5,2,75,1,1,9718,2,4,30597,11,5.909400421995724,24.362398312017103,2,2,3964426,24272479662,3357161,3301218,1.1259335250580906e+20,10,28.72560930387543,-1.7879101590789095,-1.7677295473056631,-2.408270322921651,-0.397188190507443,-0.42196054008849837,-0.5201260618070761,-1.3200774021799615,-0.7868092195327592,-0.8539643439672018,24.539568162611374,-1.6329299006821785,-2.541257361816704,-2.5484392997106973,-0.6477392684731043,-0.5897438292894917,-0.6246216621073463,9.859247958114604,6.4494235902979895,23.35798360107082,17.27317159977408,3.690975273136156,9.229392991193398,0.4515802229058086,5.075213403134508,9.87733286336129,0.0,-0.8392511821776224,1,0.21333333333333335,1.0,5.0,0.000514456219775697,0.8,7.5,0.00045754624485260474,0.3333333333333333,1.0,2.5,0.9333333333333333,1.0,1.0
39,3,4,1,10,12,1,1,4,1,2456,1,0,278,3,0,349,28,41.24731236698865,13.888994450085232,5,10,13777988,39053102552,7340522,6388709,0.0,11,20.81114223533193,-1.0716417055838552,-1.040290700503495,-1.2307439178680522,-0.8332461372646158,-0.8518242848224644,-1.373279276538601,-0.956020996479082,-0.22019391920802373,-0.6943844954303612,10.465243673267485,-0.8553806498695571,-0.9494453525890901,-0.943655226239831,-1.0606753113614142,-1.2699150519509346,-1.2987648600144985,0.6258593008335811,4.234583212220452,4.246195663505626,3.4064797931654733,5.382349536894576,12.507149831019877,-0.6265518680359521,-0.8379168115587934,7.834618316047148,0.0,-0.8408428823196948,1,0.015879478827361564,1.0,4.0,0.010752688172043012,1.0,4.0,0.02857142857142857,0.3333333333333333,1.0,4.0,0.8333333333333334,0.75,1.0
3,1,1,1,10,10,5,1,1,1,59,1,0,2,1,16,102839,18,10.928904310845894,8.0,4,5,744496,23993136112,660979,303385,0.0,7,20.708059418255292,-0.39689818596255044,-0.3967857696642503,-1.1504885108355478,-0.5952632195241904,-0.5428715326777069,-0.820286873329333,-1.4619685911610751,-0.33371554075721677,-0.8720740903298755,1.912680706707011,-0.36757976317286434,-1.85317698747511,-1.8376100870109675,-0.4936670551681949,-0.5614475074597243,-0.582648301119133,1.1558136748425694,1.2383765983220418,6.097507080883526,12.345550809774595,3.6620897462770152,0.8164440697192703,0.21257016053556044,-2.181690893096009,0.7664472877365747,0.0,-0.5422942286047416,1,0.05084745762711865,1.0,1.0,0.3333333333333333,0.29411764705882354,10.0,9.723842862699339e-05,0.1,1.0,1.0,1.0,1.0,1.0
11,4,4,2,13,13,4,2,4,2,67,1,1,6248,2,9,60607,14,7.3698082013143615,18.520767194742554,2,3,2763273,23104153438,2353000,2207218,7.239577150002592e+19,9,25.79623379218757,-1.239664743204959,-1.225640160981703,-1.9546739217167621,-0.4688689468570804,-0.4640096220290412,-0.627724509693922,-1.3810048346967594,-0.6323992249817706,-0.8739482155696108,16.029583907059134,-1.1310922906242746,-2.323491621453814,-2.3223261261836226,-0.5841231261552838,-0.5634762813773787,-0.5935209599124392,6.728287385476235,4.467328174775754,17.146487634791363,15.736580058188032,3.775888223614154,6.192183018491834,0.4037801588229191,2.4620701991781164,6.6055556829399,0.0,-0.7327434479251258,1,0.16417910447761194,1.0,4.0,0.0006401024163866218,0.4,6.5,0.00021449313621964096,0.3076923076923077,1.0,2.0,1.0,1.0,1.0
3,1,1,1,8,8,4,1,1,1,75,1,0,8,1,12,76596,16,12.991980353310755,8.0,4,5,1065419,30640825582,919662,450991,0.0,6,21.12477193451029,-0.7181014801884952,-0.7242636992439934,-1.1787857616146624,-0.5892607125965995,-0.5498267235791376,-0.8175722861300887,-1.398078959476597,-0.2879821384951345,-0.7879766643494578,4.5990940224587264,-0.679174339236327,-1.6796765732249774,-1.6655140127126065,-0.5472292435637224,-0.6620112435717999,-0.6829024714176165,1.303243707517975,1.9952830638179435,6.403807870713624,10.96048089745247,3.0696959471580114,1.0258173989067574,-0.02090386315841264,-2.042868341843802,0.8849508013963752,0.0,-0.5453392329454283,1,0.04,1.0,1.0,0.1111111111111111,0.3076923076923077,8.0,0.00010444273274410225,0.125,1.0,1.0,1.0,1.0,1.0
49,3,5,1,14,15,1,1,5,1,3061,1,0,341,4,3,20123,34,45.59024553832992,15.449121159185331,5,12,16656994,31155747634,8647519,7736907,0.0,14,20.093305955613797,-0.6760361531525133,-0.6251893448696018,-1.2014055956703986,-0.9070265431706523,-0.9212358610775719,-1.5246334606941534,-0.9362284901393607,-0.271897760484334,-0.7976894989021492,7.927294654556857,-0.42743164773555176,-1.0202716489761072,-1.0145604363728749,-1.115111192568596,-1.2777807698353594,-1.3092105240301128,0.22183522511774587,3.674881896005183,3.20802944335649,3.5150346305604048,6.897374967204939,15.229888695742552,-0.4313671210611647,-0.7301567118564332,9.495233077951646,0.0,-0.9144901866356744,1,0.016007840574975497,1.0,5.0,0.008771929824561403,0.25,3.75,0.0006956867421983701,0.3333333333333333,1.0,5.0,0.9333333333333333,0.6,1.0
16,6,6,2,12,13,3,3,6,2,89,1,1,9599,2,1,9653,10,7.692046263321391,24.154219623826584,2,2,4190825,29807225470,3538371,3386050,1.111608280080759e+20,9,28.97077214830592,-2.0378120922825875,-2.0231143103790443,-2.4158424800337785,-0.3947075101624554,-0.4292933742825879,-0.5216834384450102,-1.2686551754743327,-0.7429432588008784,-0.7841317995760111,26.489781722879933,-1.8764254468064765,-2.3879568589247753,-2.396019342303629,-0.6904025525078372,-0.6731651248828072,-0.7076110404274224,9.871340615109853,7.013714750860709,23.393562916647063,16.056552891816004,3.197074704460533,9.296787474982398,0.25402823411638964,5.098539216886216,9.860142359435851,0.0,-0.8380098441815764,1,0.1797752808988764,1.0,6.0,0.000625,1.5,6.5,0.001243008079552517,0.46153846153846156,1.0,3.0,0.9230769230769231,1.0,1.0
