trace_involved_amt,contract_block_involved,contract_tx_count,contract_main_active_days,sender_block_involved,sender_tx_count,sender_main_active_days,contract_interact,sender_tx_count_call_contract,sender_days_call_contract,trace_amt,distinct_sender_in_contract,contract_lifetime_days,contract_lifetime_block,distinct_contract_sender_called,sender_lifetime_days,sender_lifetime_block,contract_involved_amt,max_breadth,depth,distinct_was_called_in_sample,distinct_sender_call_in_sample,gas,gas_price,receipt_cumulative_gas_used,receipt_gas_used,value,nonce,z_trace_involved_amt,z_contract_block_involved,z_contract_tx_count,z_contract_main_active_days,z_sender_block_involved,z_sender_tx_count,z_sender_main_active_days,z_contract_interact,z_sender_tx_count_call_contract,z_sender_days_call_contract,z_trace_amt,z_distinct_sender_in_contract,z_contract_lifetime_days,z_contract_lifetime_block,z_distinct_contract_sender_called,z_sender_lifetime_days,z_sender_lifetime_block,z_contract_involved_amt,z_max_breadth,z_depth,z_distinct_was_called_in_sample,z_distinct_sender_call_in_sample,z_gas,z_gas_price,z_receipt_cumulative_gas_used,z_receipt_gas_used,z_value,z_nonce,is_sus,involved_trace_ratio,contract_active_day_ratio,tx_count_per_distinct_caller,contract_block_ratio,sender_active_day_ratio,sender_tx_count_per_contract,sender_block_ratio,tx_sender_call_contract,sender_call_contract_tx_ratio,sender_tx_count_call_contract_per_days,sender_block_per_tx,contract_block_per_tx,sender_call_contract_day_ratio
15,39,69,1,75,150,2,1,69,1,100,1,0,197,6,1,6541,13,33.0,8.0,2,1,1000000,210000000000,7906373,387249,2.673e+21,141,0.432027669330178,-0.292538560087713,-0.1320193706948856,-2.3703348286540127,-0.2442980890862997,-0.2427153594678352,-0.6515833407699301,-0.8076552460475412,-0.2097124337832109,-0.465975806527504,0.4934512705518225,-0.129554651525957,-2.436713089608918,-2.4355036670566754,-0.5977086715587934,-0.683793924898733,-0.7005507168642647,-0.1232324632294016,1.6905907925694137,0.6763626790824759,-0.0065533678066977,-0.6694913995885322,-0.16670289457711,0.0619477477542659,-0.0365461649242725,-0.1887846555553765,0.0,-0.2418165817558816,1,0.15,1.0,69.0,0.19696969696969696,1.0,25.0,0.011464383980434117,0.46,1.0,69.0,0.5,0.5652173913043478,1.0
15,40,70,1,76,152,2,2,70,1,100,1,0,199,6,1,6543,13,33.0,8.0,2,1,1000000,210000000000,2117392,387249,2.673e+21,143,0.432027669330178,-0.2925345589467505,-0.1320191084538136,-2.3703348286540127,-0.2442486585357374,-0.242619915795123,-0.6515833407699301,-0.8031664021067462,-0.2096605361849886,-0.465975806527504,0.4934512705518225,-0.129554651525957,-2.436713089608918,-2.4354994377208925,-0.5977086715587934,-0.683793924898733,-0.7005498493054156,-0.1232324632294016,1.6905907925694137,0.6763626790824759,-0.0065533678066977,-0.6694913995885322,-0.16670289457711,0.0619477477542659,-1.472820348312201,-0.1887846555553765,0.0,-0.2417211330100778,1,0.15,1.0,70.0,0.2,1.0,25.333333333333332,0.011613691931540342,0.4605263157894737,1.0,70.0,0.5,0.5714285714285714,1.0
15,41,71,1,77,154,2,3,71,1,100,1,0,201,6,1,6545,13,33.0,8.0,2,1,1000000,210000000000,1615135,387249,2.798e+21,145,0.432027669330178,-0.292530557805788,-0.1320188462127416,-2.3703348286540127,-0.244199227985175,-0.2425244721224109,-0.6515833407699301,-0.7986775581659512,-0.2096086385867662,-0.465975806527504,0.4934512705518225,-0.129554651525957,-2.436713089608918,-2.43549520838511,-0.5977086715587934,-0.683793924898733,-0.7005489817465664,-0.1232324632294016,1.6905907925694137,0.6763626790824759,-0.0065533678066977,-0.6694913995885322,-0.16670289457711,0.0619477477542659,-1.5974327390811245,-0.1887846555553765,0.0,-0.241625684264274,1,0.15,1.0,71.0,0.20297029702970298,1.0,25.666666666666668,0.011762908646501681,0.461038961038961,1.0,71.0,0.5,0.5774647887323944,1.0
15,42,73,1,78,157,2,4,73,1,97,1,0,203,6,1,6547,11,33.0,8.0,2,1,1000000,210000000000,10239534,362536,2.862e+21,149,0.432027669330178,-0.2925265566648255,-0.1320183217305976,-2.3703348286540127,-0.2441497974346126,-0.2423813066133426,-0.6515833407699301,-0.7941887142251561,-0.2095048433903214,-0.465975806527504,0.4447954345072714,-0.129554651525957,-2.436713089608918,-2.435490979049327,-0.5977086715587934,-0.683793924898733,-0.7005481141877173,-0.3293068164558258,1.6905907925694137,0.6763626790824759,-0.0065533678066977,-0.6694913995885322,-0.16670289457711,0.0619477477542659,0.5423223630580379,-0.2739313100938378,0.0,-0.2414347867726665,1,0.15463917525773196,1.0,73.0,0.20588235294117646,1.0,26.166666666666668,0.011912034208918754,0.46496815286624205,1.0,73.0,0.4968152866242038,0.5753424657534246,1.0
15,42,73,1,78,157,2,5,73,1,100,1,0,203,6,1,6547,13,33.0,8.0,2,1,1000000,210000000000,8954267,387249,2.862e+21,147,0.432027669330178,-0.2925265566648255,-0.1320183217305976,-2.3703348286540127,-0.2441497974346126,-0.2423813066133426,-0.6515833407699301,-0.7896998702843612,-0.2095048433903214,-0.465975806527504,0.4934512705518225,-0.129554651525957,-2.436713089608918,-2.435490979049327,-0.5977086715587934,-0.683793924898733,-0.7005481141877173,-0.1232324632294016,1.6905907925694137,0.6763626790824759,-0.0065533678066977,-0.6694913995885322,-0.16670289457711,0.0619477477542659,0.2234414044125607,-0.1887846555553765,0.0,-0.2415302355184703,1,0.15,1.0,73.0,0.20588235294117646,1.0,26.166666666666668,0.011912034208918754,0.46496815286624205,1.0,73.0,0.4968152866242038,0.5753424657534246,1.0
15,43,77,1,80,166,2,6,77,1,100,1,0,208,6,1,6552,13,33.0,8.0,2,1,1000000,210000000000,3997292,387249,2.862e+21,151,0.432027669330178,-0.2925225555238629,-0.1320172727663095,-2.3703348286540127,-0.2440509363334879,-0.2419518100861379,-0.6515833407699301,-0.7852110263435662,-0.209297252997432,-0.465975806527504,0.4934512705518225,-0.129554651525957,-2.436713089608918,-2.4354804057098707,-0.5977086715587934,-0.683793924898733,-0.7005459452905946,-0.1232324632294016,1.6905907925694137,0.6763626790824759,-0.0065533678066977,-0.6694913995885322,-0.16670289457711,0.0619477477542659,-1.006408066539128,-0.1887846555553765,0.0,-0.2413393380268627,1,0.15,1.0,77.0,0.20574162679425836,1.0,27.666666666666668,0.01220814893941706,0.463855421686747,1.0,77.0,0.4819277108433735,0.5584415584415584,1.0
15,43,77,1,80,166,2,7,77,1,97,1,0,208,6,1,6552,11,33.0,8.0,2,1,1000000,210000000000,6488427,362536,2.926e+21,155,0.432027669330178,-0.2925225555238629,-0.1320172727663095,-2.3703348286540127,-0.2440509363334879,-0.2419518100861379,-0.6515833407699301,-0.7762333384619762,-0.209297252997432,-0.465975806527504,0.4447954345072714,-0.129554651525957,-2.436713089608918,-2.4354804057098707,-0.5977086715587934,-0.683793924898733,-0.7005459452905946,-0.3293068164558258,1.6905907925694137,0.6763626790824759,-0.0065533678066977,-0.6694913995885322,-0.16670289457711,0.0619477477542659,-0.3883454251460939,-0.2739313100938378,0.0,-0.2411484405352551,1,0.15463917525773196,1.0,77.0,0.20574162679425836,1.0,27.666666666666668,0.01220814893941706,0.463855421686747,1.0,77.0,0.4819277108433735,0.5584415584415584,1.0
15,43,77,1,80,166,2,8,77,1,97,1,0,208,6,1,6552,11,33.0,8.0,2,1,1000000,210000000000,7715295,362536,2.926e+21,157,0.432027669330178,-0.2925225555238629,-0.1320172727663095,-2.3703348286540127,-0.2440509363334879,-0.2419518100861379,-0.6515833407699301,-0.7807221824027711,-0.209297252997432,-0.465975806527504,0.4447954345072714,-0.129554651525957,-2.436713089608918,-2.4354804057098707,-0.5977086715587934,-0.683793924898733,-0.7005459452905946,-0.3293068164558258,1.6905907925694137,0.6763626790824759,-0.0065533678066977,-0.6694913995885322,-0.16670289457711,0.0619477477542659,-0.0839535408360951,-0.2739313100938378,0.0,-0.2410529917894514,1,0.15463917525773196,1.0,77.0,0.20574162679425836,1.0,27.666666666666668,0.01220814893941706,0.463855421686747,1.0,77.0,0.4819277108433735,0.5584415584415584,1.0
15,43,77,1,80,166,2,9,77,1,97,1,0,208,6,1,6552,11,33.0,8.0,2,1,1000000,210000000000,5261559,362536,2.926e+21,153,0.432027669330178,-0.2925225555238629,-0.1320172727663095,-2.3703348286540127,-0.2440509363334879,-0.2419518100861379,-0.6515833407699301,-0.7717444945211812,-0.209297252997432,-0.465975806527504,0.4447954345072714,-0.129554651525957,-2.436713089608918,-2.4354804057098707,-0.5977086715587934,-0.683793924898733,-0.7005459452905946,-0.3293068164558258,1.6905907925694137,0.6763626790824759,-0.0065533678066977,-0.6694913995885322,-0.16670289457711,0.0619477477542659,-0.6927373094560928,-0.2739313100938378,0.0,-0.2412438892810589,1,0.15463917525773196,1.0,77.0,0.20574162679425836,1.0,27.666666666666668,0.01220814893941706,0.463855421686747,1.0,77.0,0.4819277108433735,0.5584415584415584,1.0
15,44,78,1,81,167,2,10,78,1,100,1,0,210,6,1,6554,13,33.0,8.0,2,1,1000000,210000000000,5676284,387249,3.258e+21,159,0.432027669330178,-0.2925185543829005,-0.1320170105252374,-2.3703348286540127,-0.2440015057829255,-0.2419040882497818,-0.6515833407699301,-0.7672556505803861,-0.2092453553992096,-0.465975806527504,0.4934512705518225,-0.129554651525957,-2.436713089608918,-2.435476176374088,-0.5977086715587934,-0.683793924898733,-0.7005450777317455,-0.1232324632294016,1.6905907925694137,0.6763626790824759,-0.0065533678066977,-0.6694913995885322,-0.16670289457711,0.0619477477542659,-0.5898420312187729,-0.1887846555553765,0.0,-0.2409575430436476,1,0.15,1.0,78.0,0.20853080568720378,1.0,27.833333333333332,0.012356979405034324,0.46706586826347307,1.0,78.0,0.48502994011976047,0.5641025641025641,1.0
15,45,79,1,83,169,2,11,79,1,100,1,0,216,6,1,6560,13,33.0,8.0,2,1,1000000,210000000000,11458476,387249,3.327e+21,161,0.432027669330178,-0.292514553241938,-0.1320167482841654,-2.3703348286540127,-0.2439026446818008,-0.2418086445770696,-0.6515833407699301,-0.7627668066395912,-0.2091934578009872,-0.465975806527504,0.4934512705518225,-0.129554651525957,-2.436713089608918,-2.43546348836674,-0.5977086715587934,-0.683793924898733,-0.7005424750551981,-0.1232324632294016,1.6905907925694137,0.6763626790824759,-0.0065533678066977,-0.6694913995885322,-0.16670289457711,0.0619477477542659,0.8447477684354694,-0.1887846555553765,0.0,-0.2408620942978438,1,0.15,1.0,79.0,0.2073732718894009,1.0,28.166666666666668,0.012650510592897424,0.46745562130177515,1.0,79.0,0.4911242603550296,0.569620253164557,1.0
15,46,80,1,85,171,2,12,80,1,100,1,0,218,6,1,6562,13,33.0,8.0,2,1,1000000,210000000000,5618540,387249,3.327e+21,163,0.432027669330178,-0.2925105521009754,-0.1320164860430934,-2.3703348286540127,-0.2438037835806761,-0.2417132009043575,-0.6515833407699301,-0.7582779626987961,-0.2091415602027648,-0.465975806527504,0.4934512705518225,-0.129554651525957,-2.436713089608918,-2.4354592590309574,-0.5977086715587934,-0.683793924898733,-0.7005416074963489,-0.1232324632294016,1.6905907925694137,0.6763626790824759,-0.0065533678066977,-0.6694913995885322,-0.16670289457711,0.0619477477542659,-0.6041685968864703,-0.1887846555553765,0.0,-0.24076664555204,1,0.15,1.0,80.0,0.2100456621004566,1.0,28.5,0.012951394179491087,0.4678362573099415,1.0,80.0,0.49707602339181284,0.575,1.0
15,47,81,1,87,173,2,13,81,1,100,1,0,221,6,1,6565,13,33.0,8.0,2,1,1000000,210000000000,12096418,387249,3.327e+21,165,0.432027669330178,-0.2925065509600129,-0.1320162238020214,-2.3703348286540127,-0.2437049224795514,-0.2416177572316453,-0.6515833407699301,-0.7537891187580011,-0.2090896626045424,-0.465975806527504,0.4934512705518225,-0.129554651525957,-2.436713089608918,-2.435452915027283,-0.5977086715587934,-0.683793924898733,-0.7005403061580752,-0.1232324632294016,1.6905907925694137,0.6763626790824759,-0.0065533678066977,-0.6694913995885322,-0.16670289457711,0.0619477477542659,1.0030242639186748,-0.1887846555553765,0.0,-0.2406711968062362,1,0.15,1.0,81.0,0.21171171171171171,1.0,28.833333333333332,0.01325007614986293,0.4682080924855491,1.0,81.0,0.5028901734104047,0.5802469135802469,1.0
15,48,84,1,89,179,2,14,84,1,100,1,0,223,6,1,6567,13,33.0,8.0,2,1,1000000,210000000000,7980140,387249,3.327e+21,167,0.432027669330178,-0.2925025498190504,-0.1320154370788053,-2.3703348286540127,-0.2436060613784266,-0.2413314262135088,-0.6515833407699301,-0.7493002748172062,-0.2089339698098753,-0.465975806527504,0.4934512705518225,-0.129554651525957,-2.436713089608918,-2.4354486856915005,-0.5977086715587934,-0.683793924898733,-0.7005394385992261,-0.1232324632294016,1.6905907925694137,0.6763626790824759,-0.0065533678066977,-0.6694913995885322,-0.16670289457711,0.0619477477542659,-0.0182442154644319,-0.1887846555553765,0.0,-0.2405757480604324,1,0.15,1.0,84.0,0.21428571428571427,1.0,29.833333333333332,0.013550548112058466,0.4692737430167598,1.0,84.0,0.4972067039106145,0.5714285714285714,1.0
15,48,84,1,89,179,2,15,84,1,97,1,0,223,6,1,6567,11,33.0,8.0,2,1,1000000,210000000000,9244407,362536,3.327e+21,169,0.432027669330178,-0.2925025498190504,-0.1320154370788053,-2.3703348286540127,-0.2436060613784266,-0.2413314262135088,-0.6515833407699301,-0.7448114308764111,-0.2089339698098753,-0.465975806527504,0.4447954345072714,-0.129554651525957,-2.436713089608918,-2.4354486856915005,-0.5977086715587934,-0.683793924898733,-0.7005394385992261,-0.3293068164558258,1.6905907925694137,0.6763626790824759,-0.0065533678066977,-0.6694913995885322,-0.16670289457711,0.0619477477542659,0.2954265416186033,-0.2739313100938378,0.0,-0.2404802993146287,1,0.15463917525773196,1.0,84.0,0.21428571428571427,1.0,29.833333333333332,0.013550548112058466,0.4692737430167598,1.0,84.0,0.4972067039106145,0.5714285714285714,1.0
15,48,84,1,89,179,2,16,84,1,97,1,0,223,6,1,6567,11,33.0,8.0,2,1,1000000,210000000000,10471275,362536,3.414e+21,171,0.432027669330178,-0.2925025498190504,-0.1320154370788053,-2.3703348286540127,-0.2436060613784266,-0.2413314262135088,-0.6515833407699301,-0.7403225869356161,-0.2089339698098753,-0.465975806527504,0.4447954345072714,-0.129554651525957,-2.436713089608918,-2.4354486856915005,-0.5977086715587934,-0.683793924898733,-0.7005394385992261,-0.3293068164558258,1.6905907925694137,0.6763626790824759,-0.0065533678066977,-0.6694913995885322,-0.16670289457711,0.0619477477542659,0.5998184259286021,-0.2739313100938378,0.0,-0.2403848505688249,1,0.15463917525773196,1.0,84.0,0.21428571428571427,1.0,29.833333333333332,0.013550548112058466,0.4692737430167598,1.0,84.0,0.4972067039106145,0.5714285714285714,1.0
15,49,86,1,91,184,2,17,86,1,97,1,0,225,6,1,6569,11,33.0,8.0,2,1,1000000,210000000000,8164709,362536,3.414e+21,175,0.432027669330178,-0.2924985486780879,-0.1320149125966613,-2.3703348286540127,-0.2435072002773019,-0.2410928170317284,-0.6515833407699301,-0.7313448990540261,-0.2088301746134306,-0.465975806527504,0.4447954345072714,-0.129554651525957,-2.436713089608918,-2.435444456355718,-0.5977086715587934,-0.683793924898733,-0.700538571040377,-0.3293068164558258,1.6905907925694137,0.6763626790824759,-0.0065533678066977,-0.6694913995885322,-0.16670289457711,0.0619477477542659,0.0275482460678699,-0.2739313100938378,0.0,-0.2401939530772173,1,0.15463917525773196,1.0,86.0,0.2168141592920354,1.0,30.666666666666668,0.013850837138508371,0.4673913043478261,1.0,86.0,0.4945652173913043,0.5697674418604651,1.0
15,49,86,1,91,184,2,18,86,1,100,1,0,225,6,1,6569,13,33.0,8.0,2,1,1000000,210000000000,6900442,387249,3.414e+21,173,0.432027669330178,-0.2924985486780879,-0.1320149125966613,-2.3703348286540127,-0.2435072002773019,-0.2410928170317284,-0.6515833407699301,-0.7358337429948211,-0.2088301746134306,-0.465975806527504,0.4934512705518225,-0.129554651525957,-2.436713089608918,-2.435444456355718,-0.5977086715587934,-0.683793924898733,-0.700538571040377,-0.1232324632294016,1.6905907925694137,0.6763626790824759,-0.0065533678066977,-0.6694913995885322,-0.16670289457711,0.0619477477542659,-0.2861225110151653,-0.1887846555553765,0.0,-0.2402894018230211,1,0.15,1.0,86.0,0.2168141592920354,1.0,30.666666666666668,0.013850837138508371,0.4673913043478261,1.0,86.0,0.4945652173913043,0.5697674418604651,1.0
15,50,91,1,92,193,2,19,91,1,97,1,0,236,6,1,6580,11,33.0,8.0,2,1,1000000,235000000000,8589091,362536,3.364e+21,181,0.432027669330178,-0.2924945475371254,-0.1320136013913012,-2.3703348286540127,-0.2434577697267395,-0.2406633205045237,-0.6515833407699301,-0.7223672111724361,-0.2085706866223187,-0.465975806527504,0.4447954345072714,-0.129554651525957,-2.436713089608918,-2.4354211950089133,-0.5977086715587934,-0.683793924898733,-0.7005337994667067,-0.3293068164558258,1.6905907925694137,0.6763626790824759,-0.0065533678066977,-0.6694913995885322,-0.16670289457711,0.0998029187548454,0.1328394727094042,-0.2739313100938378,0.0,-0.239907606839806,1,0.15463917525773196,1.0,91.0,0.2109704641350211,1.0,32.166666666666664,0.013979638352833916,0.47150259067357514,1.0,91.0,0.47668393782383417,0.5494505494505495,1.0
15,50,91,1,92,193,2,20,91,1,97,1,0,236,6,1,6580,11,33.0,8.0,2,1,1000000,235000000000,9815959,362536,3.364e+21,183,0.432027669330178,-0.2924945475371254,-0.1320136013913012,-2.3703348286540127,-0.2434577697267395,-0.2406633205045237,-0.6515833407699301,-0.7133895232908462,-0.2085706866223187,-0.465975806527504,0.4447954345072714,-0.129554651525957,-2.436713089608918,-2.4354211950089133,-0.5977086715587934,-0.683793924898733,-0.7005337994667067,-0.3293068164558258,1.6905907925694137,0.6763626790824759,-0.0065533678066977,-0.6694913995885322,-0.16670289457711,0.0998029187548454,0.4372313570194031,-0.2739313100938378,0.0,-0.2398121580940022,1,0.15463917525773196,1.0,91.0,0.2109704641350211,1.0,32.166666666666664,0.013979638352833916,0.47150259067357514,1.0,91.0,0.47668393782383417,0.5494505494505495,1.0
15,50,91,1,92,193,2,21,91,1,97,1,0,236,6,1,6580,11,33.0,8.0,2,1,1000000,235000000000,7341223,362536,3.364e+21,179,0.432027669330178,-0.2924945475371254,-0.1320136013913012,-2.3703348286540127,-0.2434577697267395,-0.2406633205045237,-0.6515833407699301,-0.7268560551132311,-0.2085706866223187,-0.465975806527504,0.4447954345072714,-0.129554651525957,-2.436713089608918,-2.4354211950089133,-0.5977086715587934,-0.683793924898733,-0.7005337994667067,-0.3293068164558258,1.6905907925694137,0.6763626790824759,-0.0065533678066977,-0.6694913995885322,-0.16670289457711,0.0998029187548454,-0.1767626131630364,-0.2739313100938378,0.0,-0.2400030555856097,1,0.15463917525773196,1.0,91.0,0.2109704641350211,1.0,32.166666666666664,0.013979638352833916,0.47150259067357514,1.0,91.0,0.47668393782383417,0.5494505494505495,1.0
15,50,91,1,92,193,2,22,91,1,97,1,0,236,6,1,6580,11,33.0,8.0,2,1,1000000,235000000000,11045627,362536,3.364e+21,185,0.432027669330178,-0.2924945475371254,-0.1320136013913012,-2.3703348286540127,-0.2434577697267395,-0.2406633205045237,-0.6515833407699301,-0.7089006793500511,-0.2085706866223187,-0.465975806527504,0.4447954345072714,-0.129554651525957,-2.436713089608918,-2.4354211950089133,-0.5977086715587934,-0.683793924898733,-0.7005337994667067,-0.3293068164558258,1.6905907925694137,0.6763626790824759,-0.0065533678066977,-0.6694913995885322,-0.16670289457711,0.0998029187548454,0.7423179348710609,-0.2739313100938378,0.0,-0.2397167093481984,1,0.15463917525773196,1.0,91.0,0.2109704641350211,1.0,32.166666666666664,0.013979638352833916,0.47150259067357514,1.0,91.0,0.47668393782383417,0.5494505494505495,1.0
15,50,91,1,92,193,2,23,91,1,100,1,0,236,6,1,6580,13,33.0,8.0,2,1,1000000,235000000000,6076956,387249,3.364e+21,177,0.432027669330178,-0.2924945475371254,-0.1320136013913012,-2.3703348286540127,-0.2434577697267395,-0.2406633205045237,-0.6515833407699301,-0.7178783672316411,-0.2085706866223187,-0.465975806527504,0.4934512705518225,-0.129554651525957,-2.436713089608918,-2.4354211950089133,-0.5977086715587934,-0.683793924898733,-0.7005337994667067,-0.1232324632294016,1.6905907925694137,0.6763626790824759,-0.0065533678066977,-0.6694913995885322,-0.16670289457711,0.0998029187548454,-0.4904333702460717,-0.1887846555553765,0.0,-0.2400985043314135,1,0.15,1.0,91.0,0.2109704641350211,1.0,32.166666666666664,0.013979638352833916,0.47150259067357514,1.0,91.0,0.47668393782383417,0.5494505494505495,1.0
15,51,92,1,94,195,2,24,92,1,100,1,0,238,6,1,6582,13,33.0,8.0,2,1,1000000,235000000000,1751681,387249,3.504e+21,187,0.432027669330178,-0.2924905463961629,-0.1320133391502291,-2.3703348286540127,-0.2433589086256148,-0.2405678768318115,-0.6515833407699301,-0.7044118354092561,-0.2085187890240963,-0.465975806527504,0.4934512705518225,-0.129554651525957,-2.436713089608918,-2.4354169656731304,-0.5977086715587934,-0.683793924898733,-0.7005329319078576,-0.1232324632294016,1.6905907925694137,0.6763626790824759,-0.0065533678066977,-0.6694913995885322,-0.16670289457711,0.0998029187548454,-1.5635550161027818,-0.1887846555553765,0.0,-0.2396212606023946,1,0.15,1.0,92.0,0.21338912133891214,1.0,32.5,0.014279204010329637,0.4717948717948718,1.0,92.0,0.48205128205128206,0.5543478260869565,1.0
15,52,93,1,96,197,2,25,93,1,100,1,0,240,6,1,6584,13,33.0,8.0,2,1,1000000,235000000000,5796390,387249,3.787e+21,189,0.432027669330178,-0.2924865452552004,-0.1320130769091571,-2.3703348286540127,-0.2432600475244901,-0.2404724331590993,-0.6515833407699301,-0.699922991468461,-0.208466891425874,-0.465975806527504,0.4934512705518225,-0.129554651525957,-2.436713089608918,-2.435412736337348,-0.5977086715587934,-0.683793924898733,-0.7005320643490085,-0.1232324632294016,1.6905907925694137,0.6763626790824759,-0.0065533678066977,-0.6694913995885322,-0.16670289457711,0.0998029187548454,-0.5600431517493134,-0.1887846555553765,0.0,-0.2395258118565908,1,0.15,1.0,93.0,0.2157676348547718,1.0,32.833333333333336,0.01457858769931663,0.4720812182741117,1.0,93.0,0.4873096446700508,0.5591397849462365,1.0
15,53,94,1,98,199,2,26,94,1,100,1,0,244,6,1,6588,13,33.0,8.0,2,1,1000000,235000000000,1958769,387249,3.454e+21,191,0.432027669330178,-0.2924825441142378,-0.1320128146680851,-2.3703348286540127,-0.2431611864233653,-0.2403769894863872,-0.6515833407699301,-0.6954341475276661,-0.2084149938276516,-0.465975806527504,0.4934512705518225,-0.129554651525957,-2.436713089608918,-2.4354042776657825,-0.5977086715587934,-0.683793924898733,-0.7005303292313102,-0.1232324632294016,1.6905907925694137,0.6763626790824759,-0.0065533678066977,-0.6694913995885322,-0.16670289457711,0.0998029187548454,-1.512175481761688,-0.1887846555553765,0.0,-0.239430363110787,1,0.15,1.0,94.0,0.2163265306122449,1.0,33.166666666666664,0.014873273637881317,0.4723618090452261,1.0,94.0,0.49246231155778897,0.5638297872340425,1.0
15,25793,27049,214,76,152,2,1,69,1,145,4703,213,1387007,6,1,6543,24,26.0,14.0,4,3,5000000,190000000000,5195580,901731,1000000000.0,144,0.432027669330178,-0.189493175739208,-0.1249441065717108,0.5146188498312004,-0.2442486585357374,-0.242619915795123,-0.6515833407699301,1.8811622744886665,-0.2097124337832109,-0.465975806527504,1.2232888112200893,-0.1025344649851014,0.494691773776468,0.4971389113271536,-0.5977086715587934,-0.683793924898733,-0.7005498493054156,1.0101764795159314,1.0405421494501663,2.508496347025978,1.865837434106903,-0.0124831566164691,2.624897117133509,0.0316636109538023,-0.7091070184507764,1.583821710335315,-0.0,-0.2416734086371759,0,0.10344827586206896,1.0,5.751435254093132,0.018596143641565154,1.0,25.333333333333332,0.011613691931540342,0.45394736842105265,0.0025509260970830714,69.0,0.5,0.9535657510444009,0.004672897196261682
15,25794,27050,214,77,154,2,2,70,1,145,4703,213,1387009,6,1,6545,24,26.0,14.0,4,3,5000000,190000000000,6589176,901731,1000000000.0,146,0.432027669330178,-0.1894891745982455,-0.1249438443306388,0.5146188498312004,-0.244199227985175,-0.2425244721224109,-0.6515833407699301,1.885651118429461,-0.2096605361849886,-0.465975806527504,1.2232888112200893,-0.1025344649851014,0.494691773776468,0.4971431406629363,-0.5977086715587934,-0.683793924898733,-0.7005489817465664,1.0101764795159314,1.0405421494501663,2.508496347025978,1.865837434106903,-0.0124831566164691,2.624897117133509,0.0316636109538023,-0.3633491109930244,1.583821710335315,-0.0,-0.2415779598913721,0,0.10344827586206896,1.0,5.751647884329151,0.018596837802178787,1.0,25.666666666666668,0.011762908646501681,0.45454545454545453,0.002587800369685767,70.0,0.5,0.9535674676524953,0.004672897196261682
15,25795,27051,214,78,157,2,3,71,1,145,4703,213,1387011,6,1,6547,24,26.0,14.0,4,3,5000000,210000000000,9855998,901731,1000000000.0,148,0.432027669330178,-0.189485173457283,-0.1249435820895668,0.5146188498312004,-0.2441497974346126,-0.2423813066133426,-0.6515833407699301,1.8901399623702564,-0.2096086385867662,-0.465975806527504,1.2232888112200893,-0.1025344649851014,0.494691773776468,0.497147369998719,-0.5977086715587934,-0.683793924898733,-0.7005481141877173,1.0101764795159314,1.0405421494501663,2.508496347025978,1.865837434106903,-0.0124831566164691,2.624897117133509,0.0619477477542659,0.4471652265602894,1.583821710335315,-0.0,-0.2414825111455684,0,0.10344827586206896,1.0,5.751860514565172,0.018597531960790534,1.0,26.166666666666668,0.011912034208918754,0.45222929936305734,0.0026246719160104987,71.0,0.4968152866242038,0.9535691841336734,0.004672897196261682
15,25796,27052,214,79,158,2,4,72,1,148,4703,213,1387014,6,1,6550,25,26.0,14.0,4,3,5000000,210000000000,2764936,919141,1000000000.0,150,0.432027669330178,-0.1894811723163204,-0.1249433198484948,0.5146188498312004,-0.2441003668840503,-0.2423335847769865,-0.6515833407699301,1.894628806311052,-0.2095567409885438,-0.465975806527504,1.2719446472646403,-0.1025344649851014,0.494691773776468,0.497153714002393,-0.5977086715587934,-0.683793924898733,-0.7005468128494436,1.1132136561291437,1.0405421494501663,2.508496347025978,1.865837434106903,-0.0124831566164691,2.624897117133509,0.0619477477542659,-1.3121615501907784,1.6438064655457147,-0.0,-0.2413870623997646,0,0.10135135135135136,1.0,5.752073144801191,0.018598212708586425,1.0,26.333333333333332,0.012059227598839872,0.45569620253164556,0.002661540736359604,72.0,0.5,0.9535709004879491,0.004672897196261682
15,25797,27056,214,80,166,2,5,76,1,144,4703,213,1387016,6,1,6552,23,26.0,14.0,4,3,5000000,210000000000,7352759,864332,1000000000.0,156,0.432027669330178,-0.1894771711753579,-0.1249422708842067,0.5146188498312004,-0.2440509363334879,-0.2419518100861379,-0.6515833407699301,1.9125841820742315,-0.2093491505956543,-0.465975806527504,1.207070199205239,-0.1025344649851014,0.494691773776468,0.4971579433381756,-0.5977086715587934,-0.683793924898733,-0.7005459452905946,0.9071393029027194,1.0405421494501663,2.508496347025978,1.865837434106903,-0.0124831566164691,2.624897117133509,0.0619477477542659,-0.1739004757714017,1.4549664627699077,-0.0,-0.2411007161623532,0,0.10416666666666667,1.0,5.752923665745269,0.01859890686271329,1.0,27.666666666666668,0.01220814893941706,0.4578313253012048,0.0028089887640449437,76.0,0.4819277108433735,0.953466883500887,0.004672897196261682
15,25797,27056,214,80,166,2,6,76,1,144,4703,213,1387016,6,1,6552,23,26.0,14.0,4,3,5000000,210000000000,6125891,864332,1000000000.0,154,0.432027669330178,-0.1894771711753579,-0.1249422708842067,0.5146188498312004,-0.2440509363334879,-0.2419518100861379,-0.6515833407699301,1.9036064941926407,-0.2093491505956543,-0.465975806527504,1.207070199205239,-0.1025344649851014,0.494691773776468,0.4971579433381756,-0.5977086715587934,-0.683793924898733,-0.7005459452905946,0.9071393029027194,1.0405421494501663,2.508496347025978,1.865837434106903,-0.0124831566164691,2.624897117133509,0.0619477477542659,-0.4782923600814006,1.4549664627699077,-0.0,-0.241196164908157,0,0.10416666666666667,1.0,5.752923665745269,0.01859890686271329,1.0,27.666666666666668,0.01220814893941706,0.4578313253012048,0.0028089887640449437,76.0,0.4819277108433735,0.953466883500887,0.004672897196261682
15,25797,27056,214,80,166,2,7,76,1,144,4703,213,1387016,6,1,6552,23,26.0,14.0,4,3,5000000,210000000000,8567332,852037,1000000000.0,158,0.432027669330178,-0.1894771711753579,-0.1249422708842067,0.5146188498312004,-0.2440509363334879,-0.2419518100861379,-0.6515833407699301,1.8991176502518463,-0.2093491505956543,-0.465975806527504,1.207070199205239,-0.1025344649851014,0.494691773776468,0.4971579433381756,-0.5977086715587934,-0.683793924898733,-0.7005459452905946,0.9071393029027194,1.0405421494501663,2.508496347025978,1.865837434106903,-0.0124831566164691,2.624897117133509,0.0619477477542659,0.1274409595762055,1.4126050288059864,-0.0,-0.2410052674165494,0,0.10416666666666667,1.0,5.752923665745269,0.01859890686271329,1.0,27.666666666666668,0.01220814893941706,0.4578313253012048,0.0028089887640449437,76.0,0.4819277108433735,0.953466883500887,0.004672897196261682
15,25797,27056,214,80,166,2,8,76,1,145,4703,213,1387016,6,1,6552,24,26.0,14.0,4,3,5000000,210000000000,4899023,901731,1000000000.0,152,0.432027669330178,-0.1894771711753579,-0.1249422708842067,0.5146188498312004,-0.2440509363334879,-0.2419518100861379,-0.6515833407699301,1.9080953381334365,-0.2093491505956543,-0.465975806527504,1.2232888112200893,-0.1025344649851014,0.494691773776468,0.4971579433381756,-0.5977086715587934,-0.683793924898733,-0.7005459452905946,1.0101764795159314,1.0405421494501663,2.508496347025978,1.865837434106903,-0.0124831566164691,2.624897117133509,0.0619477477542659,-0.7826842443913994,1.583821710335315,-0.0,-0.2412916136539608,0,0.10344827586206896,1.0,5.752923665745269,0.01859890686271329,1.0,27.666666666666668,0.01220814893941706,0.4578313253012048,0.0028089887640449437,76.0,0.4819277108433735,0.953466883500887,0.004672897196261682
15,25798,27057,214,82,168,2,9,77,1,148,4703,213,1387021,6,1,6557,25,26.0,14.0,4,3,5000000,210000000000,6593188,941768,1000000000.0,160,0.432027669330178,-0.1894731700343954,-0.1249420086431347,0.5146188498312004,-0.2439520752323632,-0.2418563664134257,-0.6515833407699301,1.9170730260150264,-0.209297252997432,-0.465975806527504,1.2719446472646403,-0.1025344649851014,0.494691773776468,0.4971685166776323,-0.5977086715587934,-0.683793924898733,-0.7005437763934718,1.1132136561291437,1.0405421494501663,2.508496347025978,1.865837434106903,-0.0124831566164691,2.624897117133509,0.0619477477542659,-0.3623537143897617,1.7217659748016434,-0.0,-0.2409098186707457,0,0.10135135135135136,1.0,5.753136295981289,0.018599560785625607,1.0,28.0,0.012503812137846905,0.4583333333333333,0.0028458439590494143,77.0,0.4880952380952381,0.9534686033189194,0.004672897196261682
15,25799,27058,214,84,170,2,10,78,1,148,4703,213,1387025,6,1,6561,25,26.0,14.0,4,3,5000000,210000000000,2774151,921941,1000000000.0,162,0.432027669330178,-0.1894691688934329,-0.1249417464020626,0.5146188498312004,-0.2438532141312384,-0.2417609227407135,-0.6515833407699301,1.9215618699558208,-0.2092453553992096,-0.465975806527504,1.2719446472646403,-0.1025344649851014,0.494691773776468,0.4971769753491977,-0.5977086715587934,-0.683793924898733,-0.7005420412757735,1.1132136561291437,1.0405421494501663,2.508496347025978,1.865837434106903,-0.0124831566164691,2.624897117133509,0.0619477477542659,-1.3098752641242115,1.6534536404215976,-0.0,-0.2408143699249419,0,0.10135135135135136,1.0,5.753348926217308,0.0186002281139647,1.0,28.333333333333332,0.012800975312404754,0.4588235294117647,0.0028826964298913444,78.0,0.49411764705882355,0.9534703230098307,0.004672897196261682
15,25800,27059,214,86,172,2,11,79,1,148,4703,213,1387028,6,1,6564,25,26.0,14.0,4,3,5000000,210000000000,7727772,921941,1000000000.0,164,0.432027669330178,-0.1894651677524704,-0.1249414841609906,0.5146188498312004,-0.2437543530301137,-0.2416654790680014,-0.6515833407699301,1.9260507138966163,-0.2091934578009872,-0.465975806527504,1.2719446472646403,-0.1025344649851014,0.494691773776468,0.4971833193528717,-0.5977086715587934,-0.683793924898733,-0.7005407399374998,1.1132136561291437,1.0405421494501663,2.508496347025978,1.865837434106903,-0.0124831566164691,2.624897117133509,0.0619477477542659,-0.0808579367934956,1.6534536404215976,-0.0,-0.2407189211791381,0,0.10135135135135136,1.0,5.753561556453327,0.018600908849057952,1.0,28.666666666666668,0.0130997715156131,0.45930232558139533,0.0029195461768727594,79.0,0.5,0.9534720425736354,0.004672897196261682
15,25801,27060,214,88,174,2,12,80,1,148,4703,213,1387030,6,1,6566,25,26.0,14.0,4,3,5000000,210000000000,3833052,921941,1000000000.0,166,0.432027669330178,-0.1894611666115079,-0.1249412219199186,0.5146188498312004,-0.243655491928989,-0.2415700353952892,-0.6515833407699301,1.930539557837412,-0.2091415602027648,-0.465975806527504,1.2719446472646403,-0.1025344649851014,0.494691773776468,0.4971875486886544,-0.5977086715587934,-0.683793924898733,-0.7005398723786507,1.1132136561291437,1.0405421494501663,2.508496347025978,1.865837434106903,-0.0124831566164691,2.624897117133509,0.0619477477542659,-1.04715680485415,1.6534536404215976,-0.0,-0.2406234724333343,0,0.10135135135135136,1.0,5.7537741866893475,0.018601602992290727,1.0,29.0,0.01340033500837521,0.45977011494252873,0.0029563932002956393,80.0,0.5057471264367817,0.9534737620103474,0.004672897196261682
15,25802,27062,214,89,179,2,13,82,1,144,4703,213,1387031,6,1,6567,23,26.0,14.0,4,3,5000000,210000000000,10108739,864332,1000000000.0,170,0.432027669330178,-0.1894571654705454,-0.1249406974377745,0.5146188498312004,-0.2436060613784266,-0.2413314262135088,-0.6515833407699301,1.9350284017782065,-0.2090377650063201,-0.465975806527504,1.207070199205239,-0.1025344649851014,0.494691773776468,0.4971896633565457,-0.5977086715587934,-0.683793924898733,-0.7005394385992261,0.9071393029027194,1.0405421494501663,2.508496347025978,1.865837434106903,-0.0124831566164691,2.624897117133509,0.0619477477542659,0.5098714909932955,1.4549664627699077,-0.0,-0.2404325749417268,0,0.10416666666666667,1.0,5.754199447161386,0.018602310545106384,1.0,29.833333333333332,0.013550548112058466,0.4581005586592179,0.0030300790776734907,82.0,0.4972067039106145,0.9534402483186757,0.004672897196261682
15,25802,27062,214,89,179,2,14,82,1,145,4703,213,1387031,6,1,6567,24,26.0,14.0,4,3,5000000,210000000000,8881871,901731,1000000000.0,168,0.432027669330178,-0.1894571654705454,-0.1249406974377745,0.5146188498312004,-0.2436060613784266,-0.2413314262135088,-0.6515833407699301,1.9395172457190013,-0.2090377650063201,-0.465975806527504,1.2232888112200893,-0.1025344649851014,0.494691773776468,0.4971896633565457,-0.5977086715587934,-0.683793924898733,-0.7005394385992261,1.0101764795159314,1.0405421494501663,2.508496347025978,1.865837434106903,-0.0124831566164691,2.624897117133509,0.0619477477542659,0.2054796066832967,1.583821710335315,-0.0,-0.2405280236875305,0,0.10344827586206896,1.0,5.754199447161386,0.018602310545106384,1.0,29.833333333333332,0.013550548112058466,0.4581005586592179,0.0030300790776734907,82.0,0.4972067039106145,0.9534402483186757,0.004672897196261682
15,25803,27063,214,90,180,2,15,83,1,148,4703,213,1387032,6,1,6568,25,26.0,14.0,4,3,5000000,210000000000,5089384,919141,1000000000.0,172,0.432027669330178,-0.1894531643295829,-0.1249404351967025,0.5146188498312004,-0.2435566308278642,-0.2412837043771527,-0.6515833407699301,1.9440060896597964,-0.2089858674080977,-0.465975806527504,1.2719446472646403,-0.1025344649851014,0.494691773776468,0.497191778024437,-0.5977086715587934,-0.683793924898733,-0.7005390048198015,1.1132136561291437,1.0405421494501663,2.508496347025978,1.865837434106903,-0.0124831566164691,2.624897117133509,0.0619477477542659,-0.7354547596472087,1.6438064655457147,-0.0,-0.240337126195923,0,0.10135135135135136,1.0,5.754412077397406,0.018603018096901805,1.0,30.0,0.013700715481808495,0.46111111111111114,0.003066917932232199,83.0,0.5,0.9534419687396076,0.004672897196261682
15,25804,27065,214,91,184,2,16,85,1,145,4703,213,1387033,6,1,6569,24,26.0,14.0,4,3,5000000,210000000000,7802173,901731,1000000000.0,174,0.432027669330178,-0.1894491631886204,-0.1249399107145585,0.5146188498312004,-0.2435072002773019,-0.2410928170317284,-0.6515833407699301,1.948494933600592,-0.2088820722116529,-0.465975806527504,1.2232888112200893,-0.1025344649851014,0.494691773776468,0.4971938926923284,-0.5977086715587934,-0.683793924898733,-0.700538571040377,1.0101764795159314,1.0405421494501663,2.508496347025978,1.865837434106903,-0.0124831566164691,2.624897117133509,0.0619477477542659,-0.0623986888674366,1.583821710335315,-0.0,-0.2402416774501192,0,0.10344827586206896,1.0,5.754837337869445,0.018603725647676986,1.0,30.666666666666668,0.013850837138508371,0.46195652173913043,0.0031405874745981895,85.0,0.4945652173913043,0.9534084611121374,0.004672897196261682
15,25804,27065,214,91,184,2,17,85,1,144,4703,213,1387033,6,1,6569,23,26.0,14.0,4,3,5000000,210000000000,9029041,864332,1000000000.0,176,0.432027669330178,-0.1894491631886204,-0.1249399107145585,0.5146188498312004,-0.2435072002773019,-0.2410928170317284,-0.6515833407699301,1.9529837775413863,-0.2088820722116529,-0.465975806527504,1.207070199205239,-0.1025344649851014,0.494691773776468,0.4971938926923284,-0.5977086715587934,-0.683793924898733,-0.700538571040377,0.9071393029027194,1.0405421494501663,2.508496347025978,1.865837434106903,-0.0124831566164691,2.624897117133509,0.0619477477542659,0.2419931954425622,1.4549664627699077,-0.0,-0.2401462287043154,0,0.10416666666666667,1.0,5.754837337869445,0.018603725647676986,1.0,30.666666666666668,0.013850837138508371,0.46195652173913043,0.0031405874745981895,85.0,0.4945652173913043,0.9534084611121374,0.004672897196261682
15,25805,27069,214,92,193,2,18,89,1,144,4703,213,1387044,6,1,6580,23,26.0,14.0,4,3,5000000,235000000000,10683091,867132,1000000000.0,184,0.432027669330178,-0.1894451620476578,-0.1249388617502704,0.5146188498312004,-0.2434577697267395,-0.2406633205045237,-0.6515833407699301,1.9709391533045664,-0.2086744818187635,-0.465975806527504,1.207070199205239,-0.1025344649851014,0.494691773776468,0.4972171540391331,-0.5977086715587934,-0.683793924898733,-0.7005337994667067,0.9071393029027194,1.0405421494501663,2.508496347025978,1.865837434106903,-0.0124831566164691,2.624897117133509,0.0998029187548454,0.6523709999357543,1.4646136376457903,-0.0,-0.2397644337211003,0,0.10416666666666667,1.0,5.755687858813523,0.018604299067441935,1.0,32.166666666666664,0.013979638352833916,0.46113989637305697,0.003287893900772101,89.0,0.47668393782383417,0.9533045180834164,0.004672897196261682
15,25805,27069,214,92,193,2,19,89,1,145,4703,213,1387044,6,1,6580,24,26.0,14.0,4,3,5000000,235000000000,6978687,901731,1000000000.0,178,0.432027669330178,-0.1894451620476578,-0.1249388617502704,0.5146188498312004,-0.2434577697267395,-0.2406633205045237,-0.6515833407699301,1.9664503093637715,-0.2086744818187635,-0.465975806527504,1.2232888112200893,-0.1025344649851014,0.494691773776468,0.4972171540391331,-0.5977086715587934,-0.683793924898733,-0.7005337994667067,1.0101764795159314,1.0405421494501663,2.508496347025978,1.865837434106903,-0.0124831566164691,2.624897117133509,0.0998029187548454,-0.2667095480983431,1.583821710335315,-0.0,-0.2400507799585116,0,0.10344827586206896,1.0,5.755687858813523,0.018604299067441935,1.0,32.166666666666664,0.013979638352833916,0.46113989637305697,0.003287893900772101,89.0,0.47668393782383417,0.9533045180834164,0.004672897196261682
15,25805,27069,214,92,193,2,20,89,1,144,4703,213,1387044,6,1,6580,23,26.0,14.0,4,3,5000000,235000000000,8205555,864332,1000000000.0,180,0.432027669330178,-0.1894451620476578,-0.1249388617502704,0.5146188498312004,-0.2434577697267395,-0.2406633205045237,-0.6515833407699301,1.9574726214821807,-0.2086744818187635,-0.465975806527504,1.207070199205239,-0.1025344649851014,0.494691773776468,0.4972171540391331,-0.5977086715587934,-0.683793924898733,-0.7005337994667067,0.9071393029027194,1.0405421494501663,2.508496347025978,1.865837434106903,-0.0124831566164691,2.624897117133509,0.0998029187548454,0.0376823362116557,1.4549664627699077,-0.0,-0.2399553312127078,0,0.10416666666666667,1.0,5.755687858813523,0.018604299067441935,1.0,32.166666666666664,0.013979638352833916,0.46113989637305697,0.003287893900772101,89.0,0.47668393782383417,0.9533045180834164,0.004672897196261682
15,25805,27069,214,92,193,2,21,89,1,144,4703,213,1387044,6,1,6580,23,26.0,14.0,4,3,5000000,235000000000,9453423,864332,1000000000.0,182,0.432027669330178,-0.1894451620476578,-0.1249388617502704,0.5146188498312004,-0.2434577697267395,-0.2406633205045237,-0.6515833407699301,1.9619614654229764,-0.2086744818187635,-0.465975806527504,1.207070199205239,-0.1025344649851014,0.494691773776468,0.4972171540391331,-0.5977086715587934,-0.683793924898733,-0.7005337994667067,0.9071393029027194,1.0405421494501663,2.508496347025978,1.865837434106903,-0.0124831566164691,2.624897117133509,0.0998029187548454,0.3472844220840965,1.4549664627699077,-0.0,-0.2398598824669041,0,0.10416666666666667,1.0,5.755687858813523,0.018604299067441935,1.0,32.166666666666664,0.013979638352833916,0.46113989637305697,0.003287893900772101,89.0,0.47668393782383417,0.9533045180834164,0.004672897196261682
15,25806,27070,214,93,194,2,22,90,1,148,4703,213,1387045,6,1,6581,25,26.0,14.0,4,3,5000000,235000000000,1472019,919141,1000000000.0,186,0.432027669330178,-0.1894411609066953,-0.1249385995091984,0.5146188498312004,-0.2434083391761771,-0.2406155986681676,-0.6515833407699301,1.9754279972453608,-0.2086225842205411,-0.465975806527504,1.2719446472646403,-0.1025344649851014,0.494691773776468,0.4972192687070244,-0.5977086715587934,-0.683793924898733,-0.7005333656872822,1.1132136561291437,1.0405421494501663,2.508496347025978,1.865837434106903,-0.0124831566164691,2.624897117133509,0.0998029187548454,-1.6329405108340025,1.6438064655457147,-0.0,-0.2396689849752965,0,0.10135135135135136,1.0,5.755900489049543,0.01860500661117223,1.0,32.333333333333336,0.014129443938012761,0.4639175257731959,0.0033247137052087182,90.0,0.4793814432989691,0.9533062430735131,0.004672897196261682
15,25807,27071,214,95,196,2,23,91,1,148,4703,213,1387047,6,1,6583,25,26.0,14.0,4,3,5000000,235000000000,10343642,921941,1000000000.0,188,0.432027669330178,-0.1894371597657328,-0.1249383372681263,0.5146188498312004,-0.2433094780750524,-0.2405201549954554,-0.6515833407699301,1.9799168411861563,-0.2085706866223187,-0.465975806527504,1.2719446472646403,-0.1025344649851014,0.494691773776468,0.4972234980428071,-0.5977086715587934,-0.683793924898733,-0.700532498128433,1.1132136561291437,1.0405421494501663,2.508496347025978,1.865837434106903,-0.0124831566164691,2.624897117133509,0.0998029187548454,0.5681520613562618,1.6534536404215976,-0.0,-0.2395735362294927,0,0.10135135135135136,1.0,5.756113119285563,0.01860570073998881,1.0,32.666666666666664,0.014428918590522479,0.4642857142857143,0.003361530789405637,91.0,0.4846938775510204,0.9533079679361679,0.004672897196261682
15,25808,27072,214,97,198,2,24,92,1,148,4703,213,1387049,6,1,6585,25,26.0,14.0,4,3,5000000,235000000000,3861138,921941,1000000000.0,190,0.432027669330178,-0.1894331586247703,-0.1249380750270543,0.5146188498312004,-0.2432106169739277,-0.2404247113227432,-0.6515833407699301,1.984405685126952,-0.2085187890240963,-0.465975806527504,1.2719446472646403,-0.1025344649851014,0.494691773776468,0.4972277273785898,-0.5977086715587934,-0.683793924898733,-0.7005316305695839,1.1132136561291437,1.0405421494501663,2.508496347025978,1.865837434106903,-0.0124831566164691,2.624897117133509,0.0998029187548454,-1.0401885324216382,1.6534536404215976,-0.0,-0.2394780874836889,0,0.10135135135135136,1.0,5.756325749521582,0.018606394866803648,1.0,33.0,0.014728211357424841,0.46464646464646464,0.0033983451536643027,92.0,0.4898989898989899,0.9533096926713948,0.004672897196261682
1,9036,9299,204,23,25,6,1,4,2,12,1040,257,1604200,5,9,58117,6,7.0,2.0,1,3,334389,3960000144,9264681,242222,0.0,21,-0.5983741612294179,0.6541291541830476,0.6530647595211797,0.6046348077168355,-0.7492990441058046,-0.750346384741642,-0.9111344238249556,1.90938387114366,-0.8110279378497643,-1.089619636469826,-0.1853188428785568,0.6038690246413221,0.5922347022159372,0.5887437307620146,-0.7671050365782272,-0.9311682874482304,-0.9453504595063004,-0.2599154402376433,-0.1750731069573693,-0.6941350290052479,-1.114518939438767,0.5329147433625236,-0.137344212844413,-0.8483670396877614,1.404715800492153,-0.0754958520029242,0.0,-0.752466033135463,0,0.08333333333333333,0.7906976744186046,8.941346153846155,0.005632710614193608,0.6,5.0,0.00039574658453491173,0.16,0.00043015377997634156,2.0,0.92,0.9717173889665556,0.00980392156862745
2,2,16,1,14,59,1,1,16,1,14,1,0,55,15,0,64,7,5.0,3.0,1,3,711007,5100000000,5346899,120042,0.0,47,0.144025542529165,-2.375808620135893,-2.4523723485841886,-2.205881449072815,-0.752528968539621,-0.7391924616711489,-0.9511807680507358,-1.2504936462273746,-0.7764091854115699,-1.1267661825602302,-0.1512466158370865,-1.8707892774764416,-2.167940088228831,-2.182056345272448,-0.6856964429840866,-0.9522555869979108,-0.9686406137000908,-0.0805397050839902,-0.8246950251665326,-0.0665265036840472,-1.114518939438767,0.5329147433625236,0.2680880869302926,-0.5986881004106883,-0.0015257173195221,-0.4295343744442035,0.0,-0.7434699449383108,0,0.14285714285714285,1.0,16.0,0.03571428571428571,1.0,3.933333333333333,0.2153846153846154,0.2711864406779661,1.0,16.0,0.23728813559322035,0.125,1.0
2,2,16,1,14,59,1,2,16,1,14,1,0,55,15,0,64,7,5.0,3.0,1,3,711007,5100000000,5947109,120042,0.0,52,0.144025542529165,-2.375808620135893,-2.4523723485841886,-2.205881449072815,-0.752528968539621,-0.7391924616711489,-0.9511807680507358,-1.233971410842428,-0.7764091854115699,-1.1267661825602302,-0.1512466158370865,-1.8707892774764416,-2.167940088228831,-2.182056345272448,-0.6856964429840866,-0.9522555869979108,-0.9686406137000908,-0.0805397050839902,-0.8246950251665326,-0.0665265036840472,-1.114518939438767,0.5329147433625236,0.2680880869302926,-0.5986881004106883,0.2139125641891849,-0.4295343744442035,0.0,-0.7417399279773199,0,0.14285714285714285,1.0,16.0,0.03571428571428571,1.0,3.933333333333333,0.2153846153846154,0.2711864406779661,1.0,16.0,0.23728813559322035,0.125,1.0
2,2,16,1,14,59,1,3,16,1,14,1,0,55,15,0,64,7,5.0,3.0,1,3,711007,5100000000,6427277,120042,0.0,56,0.144025542529165,-2.375808620135893,-2.4523723485841886,-2.205881449072815,-0.752528968539621,-0.7391924616711489,-0.9511807680507358,-1.258754763919848,-0.7764091854115699,-1.1267661825602302,-0.1512466158370865,-1.8707892774764416,-2.167940088228831,-2.182056345272448,-0.6856964429840866,-0.9522555869979108,-0.9686406137000908,-0.0805397050839902,-0.8246950251665326,-0.0665265036840472,-1.114518939438767,0.5329147433625236,0.2680880869302926,-0.5986881004106883,0.3862631893961506,-0.4295343744442035,0.0,-0.7403559144085273,0,0.14285714285714285,1.0,16.0,0.03571428571428571,1.0,3.933333333333333,0.2153846153846154,0.2711864406779661,1.0,16.0,0.23728813559322035,0.125,1.0
2,3,23,1,15,66,1,4,23,1,14,1,0,57,15,0,66,7,5.0,3.0,1,3,711007,5100000000,9176417,120042,0.0,63,0.144025542529165,-2.3754732274223307,-2.450030642265462,-2.205881449072815,-0.7521700880469748,-0.736896065744871,-0.9511807680507358,-1.1802741458413517,-0.7562149131559565,-1.1267661825602302,-0.1512466158370865,-1.8707892774764416,-2.167940088228831,-2.182052890721798,-0.6856964429840866,-0.9522555869979108,-0.9686398113245306,-0.0805397050839902,-0.8246950251665326,-0.0665265036840472,-1.114518939438767,0.5329147433625236,0.2680880869302926,-0.5986881004106883,1.3730344814886632,-0.4295343744442035,0.0,-0.7379338906631402,0,0.14285714285714285,1.0,23.0,0.05172413793103448,1.0,4.4,0.22388059701492538,0.3484848484848485,1.0,23.0,0.22727272727272727,0.13043478260869565,1.0
2,3,23,1,15,66,1,5,23,1,14,1,0,57,15,0,66,7,5.0,3.0,1,3,711007,5100000000,8696249,120042,0.0,59,0.144025542529165,-2.3754732274223307,-2.450030642265462,-2.205881449072815,-0.7521700880469748,-0.736896065744871,-0.9511807680507358,-1.1926658223800617,-0.7562149131559565,-1.1267661825602302,-0.1512466158370865,-1.8707892774764416,-2.167940088228831,-2.182052890721798,-0.6856964429840866,-0.9522555869979108,-0.9686398113245306,-0.0805397050839902,-0.8246950251665326,-0.0665265036840472,-1.114518939438767,0.5329147433625236,0.2680880869302926,-0.5986881004106883,1.2006838562816975,-0.4295343744442035,0.0,-0.7393179042319328,0,0.14285714285714285,1.0,23.0,0.05172413793103448,1.0,4.4,0.22388059701492538,0.3484848484848485,1.0,23.0,0.22727272727272727,0.13043478260869565,1.0
6,3,23,1,15,66,1,6,23,1,46,1,0,57,15,0,66,8,6.0,6.0,2,3,711007,5100000000,8576207,515366,0.0,58,3.113624357563497,-2.3754732274223307,-2.450030642265462,-2.205881449072815,-0.7521700880469748,-0.736896065744871,-0.9511807680507358,-1.176143586995115,-0.7562149131559565,-1.1267661825602302,0.3939090168264378,-1.8707892774764416,-2.167940088228831,-2.182052890721798,-0.6856964429840866,-0.9522555869979108,-0.9686398113245306,0.0988360300696628,-0.4998840660619509,1.8162990722795551,0.8972480992593679,0.5329147433625236,0.2680880869302926,-0.5986881004106883,1.1575961999799562,0.7159880092976226,0.0,-0.7396639076241309,0,0.13043478260869565,1.0,23.0,0.05172413793103448,1.0,4.4,0.22388059701492538,0.3484848484848485,1.0,23.0,0.22727272727272727,0.13043478260869565,1.0
2,3,23,1,15,66,1,7,23,1,14,1,0,57,15,0,66,7,5.0,3.0,1,3,711007,5100000000,9056375,120042,0.0,62,0.144025542529165,-2.3754732274223307,-2.450030642265462,-2.205881449072815,-0.7521700880469748,-0.736896065744871,-0.9511807680507358,-1.1885352635338249,-0.7562149131559565,-1.1267661825602302,-0.1512466158370865,-1.8707892774764416,-2.167940088228831,-2.182052890721798,-0.6856964429840866,-0.9522555869979108,-0.9686398113245306,-0.0805397050839902,-0.8246950251665326,-0.0665265036840472,-1.114518939438767,0.5329147433625236,0.2680880869302926,-0.5986881004106883,1.329946825186922,-0.4295343744442035,0.0,-0.7382798940553383,0,0.14285714285714285,1.0,23.0,0.05172413793103448,1.0,4.4,0.22388059701492538,0.3484848484848485,1.0,23.0,0.22727272727272727,0.13043478260869565,1.0
2,3,23,1,15,66,1,8,23,1,14,1,0,57,15,0,66,7,5.0,3.0,1,3,711007,5100000000,9296459,120042,0.0,64,0.144025542529165,-2.3754732274223307,-2.450030642265462,-2.205881449072815,-0.7521700880469748,-0.736896065744871,-0.9511807680507358,-1.1844047046875883,-0.7562149131559565,-1.1267661825602302,-0.1512466158370865,-1.8707892774764416,-2.167940088228831,-2.182052890721798,-0.6856964429840866,-0.9522555869979108,-0.9686398113245306,-0.0805397050839902,-0.8246950251665326,-0.0665265036840472,-1.114518939438767,0.5329147433625236,0.2680880869302926,-0.5986881004106883,1.4161221377904047,-0.4295343744442035,0.0,-0.737587887270942,0,0.14285714285714285,1.0,23.0,0.05172413793103448,1.0,4.4,0.22388059701492538,0.3484848484848485,1.0,23.0,0.22727272727272727,0.13043478260869565,1.0
2,3,23,1,15,66,1,9,23,1,14,1,0,57,15,0,66,7,5.0,3.0,1,3,711007,5100000000,8936333,120042,0.0,61,0.144025542529165,-2.3754732274223307,-2.450030642265462,-2.205881449072815,-0.7521700880469748,-0.736896065744871,-0.9511807680507358,-1.2009269400725349,-0.7562149131559565,-1.1267661825602302,-0.1512466158370865,-1.8707892774764416,-2.167940088228831,-2.182052890721798,-0.6856964429840866,-0.9522555869979108,-0.9686398113245306,-0.0805397050839902,-0.8246950251665326,-0.0665265036840472,-1.114518939438767,0.5329147433625236,0.2680880869302926,-0.5986881004106883,1.2868591688851805,-0.4295343744442035,0.0,-0.7386258974475365,0,0.14285714285714285,1.0,23.0,0.05172413793103448,1.0,4.4,0.22388059701492538,0.3484848484848485,1.0,23.0,0.22727272727272727,0.13043478260869565,1.0
2,3,23,1,15,66,1,10,23,1,14,1,0,57,15,0,66,7,5.0,3.0,1,3,711007,5100000000,8816291,120042,0.0,60,0.144025542529165,-2.3754732274223307,-2.450030642265462,-2.205881449072815,-0.7521700880469748,-0.736896065744871,-0.9511807680507358,-1.1967963812262985,-0.7562149131559565,-1.1267661825602302,-0.1512466158370865,-1.8707892774764416,-2.167940088228831,-2.182052890721798,-0.6856964429840866,-0.9522555869979108,-0.9686398113245306,-0.0805397050839902,-0.8246950251665326,-0.0665265036840472,-1.114518939438767,0.5329147433625236,0.2680880869302926,-0.5986881004106883,1.243771512583439,-0.4295343744442035,0.0,-0.7389719008397346,0,0.14285714285714285,1.0,23.0,0.05172413793103448,1.0,4.4,0.22388059701492538,0.3484848484848485,1.0,23.0,0.22727272727272727,0.13043478260869565,1.0
2,4,29,1,16,72,1,11,29,1,14,1,0,58,15,0,67,7,5.0,3.0,1,3,711007,5100000000,8915221,120042,0.0,66,0.144025542529165,-2.3751378347087684,-2.44802346542084,-2.205881449072815,-0.7518112075543285,-0.7349277263794899,-0.9511807680507358,-1.1596213516101683,-0.7389055369368592,-1.1267661825602302,-0.1512466158370865,-1.8707892774764416,-2.167940088228831,-2.182051163446473,-0.6856964429840866,-0.9522555869979108,-0.9686394101367506,-0.0805397050839902,-0.8246950251665326,-0.0665265036840472,-1.114518939438767,0.5329147433625236,0.2680880869302926,-0.5986881004106883,1.2792812661524506,-0.4295343744442035,0.0,-0.7368958804865456,0,0.14285714285714285,1.0,29.0,0.06779661016949153,1.0,4.8,0.23529411764705882,0.4027777777777778,1.0,29.0,0.2222222222222222,0.13793103448275862,1.0
2,4,29,1,16,72,1,12,29,1,14,1,0,58,15,0,67,7,5.0,3.0,1,3,711007,5100000000,9155305,120042,0.0,68,0.144025542529165,-2.3751378347087684,-2.44802346542084,-2.205881449072815,-0.7518112075543285,-0.7349277263794899,-0.9511807680507358,-1.1637519104564051,-0.7389055369368592,-1.1267661825602302,-0.1512466158370865,-1.8707892774764416,-2.167940088228831,-2.182051163446473,-0.6856964429840866,-0.9522555869979108,-0.9686394101367506,-0.0805397050839902,-0.8246950251665326,-0.0665265036840472,-1.114518939438767,0.5329147433625236,0.2680880869302926,-0.5986881004106883,1.3654565787559334,-0.4295343744442035,0.0,-0.7362038737021493,0,0.14285714285714285,1.0,29.0,0.06779661016949153,1.0,4.8,0.23529411764705882,0.4027777777777778,1.0,29.0,0.2222222222222222,0.13793103448275862,1.0
2,4,29,1,16,72,1,13,29,1,14,1,0,58,15,0,67,7,5.0,3.0,1,3,711007,5100000000,9035263,120042,0.0,67,0.144025542529165,-2.3751378347087684,-2.44802346542084,-2.205881449072815,-0.7518112075543285,-0.7349277263794899,-0.9511807680507358,-1.1720130281488783,-0.7389055369368592,-1.1267661825602302,-0.1512466158370865,-1.8707892774764416,-2.167940088228831,-2.182051163446473,-0.6856964429840866,-0.9522555869979108,-0.9686394101367506,-0.0805397050839902,-0.8246950251665326,-0.0665265036840472,-1.114518939438767,0.5329147433625236,0.2680880869302926,-0.5986881004106883,1.322368922454192,-0.4295343744442035,0.0,-0.7365498770943475,0,0.14285714285714285,1.0,29.0,0.06779661016949153,1.0,4.8,0.23529411764705882,0.4027777777777778,1.0,29.0,0.2222222222222222,0.13793103448275862,1.0
2,4,29,1,16,72,1,14,29,1,14,1,0,58,15,0,67,7,5.0,3.0,1,3,711007,5100000000,9275347,120042,0.0,69,0.144025542529165,-2.3751378347087684,-2.44802346542084,-2.205881449072815,-0.7518112075543285,-0.7349277263794899,-0.9511807680507358,-1.1513602339176952,-0.7389055369368592,-1.1267661825602302,-0.1512466158370865,-1.8707892774764416,-2.167940088228831,-2.182051163446473,-0.6856964429840866,-0.9522555869979108,-0.9686394101367506,-0.0805397050839902,-0.8246950251665326,-0.0665265036840472,-1.114518939438767,0.5329147433625236,0.2680880869302926,-0.5986881004106883,1.408544235057675,-0.4295343744442035,0.0,-0.7358578703099512,0,0.14285714285714285,1.0,29.0,0.06779661016949153,1.0,4.8,0.23529411764705882,0.4027777777777778,1.0,29.0,0.2222222222222222,0.13793103448275862,1.0
6,4,29,1,16,72,1,15,29,1,46,1,0,58,15,0,67,8,6.0,6.0,2,3,711007,5100000000,8795179,515366,0.0,65,3.113624357563497,-2.3751378347087684,-2.44802346542084,-2.205881449072815,-0.7518112075543285,-0.7349277263794899,-0.9511807680507358,-1.1554907927639315,-0.7389055369368592,-1.1267661825602302,0.3939090168264378,-1.8707892774764416,-2.167940088228831,-2.182051163446473,-0.6856964429840866,-0.9522555869979108,-0.9686394101367506,0.0988360300696628,-0.4998840660619509,1.8162990722795551,0.8972480992593679,0.5329147433625236,0.2680880869302926,-0.5986881004106883,1.2361936098507091,0.7159880092976226,0.0,-0.7372418838787438,0,0.13043478260869565,1.0,29.0,0.06779661016949153,1.0,4.8,0.23529411764705882,0.4027777777777778,1.0,29.0,0.2222222222222222,0.13793103448275862,1.0
2,4,29,1,16,72,1,16,29,1,14,1,0,58,15,0,67,7,5.0,3.0,1,3,711007,5100000000,9395389,120042,0.0,70,0.144025542529165,-2.3751378347087684,-2.44802346542084,-2.205881449072815,-0.7518112075543285,-0.7349277263794899,-0.9511807680507358,-1.1678824693026415,-0.7389055369368592,-1.1267661825602302,-0.1512466158370865,-1.8707892774764416,-2.167940088228831,-2.182051163446473,-0.6856964429840866,-0.9522555869979108,-0.9686394101367506,-0.0805397050839902,-0.8246950251665326,-0.0665265036840472,-1.114518939438767,0.5329147433625236,0.2680880869302926,-0.5986881004106883,1.4516318913594162,-0.4295343744442035,0.0,-0.735511866917753,0,0.14285714285714285,1.0,29.0,0.06779661016949153,1.0,4.8,0.23529411764705882,0.4027777777777778,1.0,29.0,0.2222222222222222,0.13793103448275862,1.0
1,5,39,1,17,82,1,17,39,1,8,1,0,59,15,0,68,7,2.0,3.0,1,2,911007,5100000000,5299886,137280,0.0,79,-0.5983741612294179,-2.3748024419952065,-2.444678170679801,-2.205881449072815,-0.7514523270616823,-0.7316471607705214,-0.9511807680507358,-1.1224463219940386,-0.7100565765716972,-1.1267661825602302,-0.2534632969614974,-1.8707892774764416,-2.167940088228831,-2.182049436171148,-0.6856964429840866,-0.9522555869979108,-0.9686390089489706,-0.0805397050839902,-1.799127902480277,-0.0665265036840472,-1.114518939438767,-0.8769126200303957,0.4833896921508108,-0.5986881004106883,-0.0184004777010034,-0.379584169420118,0.0,-0.7323978363879695,0,0.125,1.0,39.0,0.08333333333333333,1.0,5.466666666666667,0.2463768115942029,0.47560975609756095,1.0,39.0,0.2073170731707317,0.1282051282051282,1.0
1,5,39,1,17,82,1,18,39,1,8,1,0,59,15,0,68,7,2.0,3.0,1,2,911007,5100000000,5162606,138042,0.0,78,-0.5983741612294179,-2.3748024419952065,-2.444678170679801,-2.205881449072815,-0.7514523270616823,-0.7316471607705214,-0.9511807680507358,-1.1141852043015652,-0.7100565765716972,-1.1267661825602302,-0.2534632969614974,-1.8707892774764416,-2.167940088228831,-2.182049436171148,-0.6856964429840866,-0.9522555869979108,-0.9686390089489706,-0.0805397050839902,-1.799127902480277,-0.0665265036840472,-1.114518939438767,-0.8769126200303957,0.4833896921508108,-0.5986881004106883,-0.0676755102488038,-0.3773761373845946,0.0,-0.7327438397801678,0,0.125,1.0,39.0,0.08333333333333333,1.0,5.466666666666667,0.2463768115942029,0.47560975609756095,1.0,39.0,0.2073170731707317,0.1282051282051282,1.0
1,5,39,1,17,82,1,19,39,1,8,1,0,59,15,0,68,7,2.0,3.0,1,2,911007,5100000000,5024564,138020,0.0,77,-0.5983741612294179,-2.3748024419952065,-2.444678170679801,-2.205881449072815,-0.7514523270616823,-0.7316471607705214,-0.9511807680507358,-1.1472296750714586,-0.7100565765716972,-1.1267661825602302,-0.2534632969614974,-1.8707892774764416,-2.167940088228831,-2.182049436171148,-0.6856964429840866,-0.9522555869979108,-0.9686390089489706,-0.0805397050839902,-1.799127902480277,-0.0665265036840472,-1.114518939438767,-0.8769126200303957,0.4833896921508108,-0.5986881004106883,-0.1172240536853093,-0.3774398863410007,0.0,-0.7330898431723659,0,0.125,1.0,39.0,0.08333333333333333,1.0,5.466666666666667,0.2463768115942029,0.47560975609756095,1.0,39.0,0.2073170731707317,0.1282051282051282,1.0
1,5,39,1,17,82,1,20,39,1,9,1,0,59,15,0,68,8,2.0,3.0,1,2,911007,5100000000,4751575,140706,0.0,75,-0.5983741612294179,-2.3748024419952065,-2.444678170679801,-2.205881449072815,-0.7514523270616823,-0.7316471607705214,-0.9511807680507358,-1.1100546454553286,-0.7100565765716972,-1.1267661825602302,-0.2364271834407622,-1.8707892774764416,-2.167940088228831,-2.182049436171148,-0.6856964429840866,-0.9522555869979108,-0.9686390089489706,0.0988360300696628,-1.799127902480277,-0.0665265036840472,-1.114518939438767,-0.8769126200303957,0.4833896921508108,-0.5986881004106883,-0.215210226909315,-0.3696567182997724,0.0,-0.7337818499567622,0,0.1111111111111111,1.0,39.0,0.08333333333333333,1.0,5.466666666666667,0.2463768115942029,0.47560975609756095,1.0,39.0,0.2073170731707317,0.1282051282051282,1.0
1,5,39,1,17,82,1,21,39,1,8,1,0,59,15,0,68,7,2.0,3.0,1,2,911007,5100000000,5437866,137980,0.0,80,-0.5983741612294179,-2.3748024419952065,-2.444678170679801,-2.205881449072815,-0.7514523270616823,-0.7316471607705214,-0.9511807680507358,-1.118315763147802,-0.7100565765716972,-1.1267661825602302,-0.2534632969614974,-1.8707892774764416,-2.167940088228831,-2.182049436171148,-0.6856964429840866,-0.9522555869979108,-0.9686390089489706,-0.0805397050839902,-1.799127902480277,-0.0665265036840472,-1.114518939438767,-0.8769126200303957,0.4833896921508108,-0.5986881004106883,0.0311258115687045,-0.3775557935344665,0.0,-0.7320518329957714,0,0.125,1.0,39.0,0.08333333333333333,1.0,5.466666666666667,0.2463768115942029,0.47560975609756095,1.0,39.0,0.2073170731707317,0.1282051282051282,1.0
2,5,39,1,17,82,1,22,39,1,14,1,0,59,15,0,68,7,5.0,3.0,1,3,711007,5100000000,4339089,120042,0.0,72,0.144025542529165,-2.3748024419952065,-2.444678170679801,-2.205881449072815,-0.7514523270616823,-0.7316471607705214,-0.9511807680507358,-1.130707439686512,-0.7100565765716972,-1.1267661825602302,-0.1512466158370865,-1.8707892774764416,-2.167940088228831,-2.182049436171148,-0.6856964429840866,-0.9522555869979108,-0.9686390089489706,-0.0805397050839902,-0.8246950251665326,-0.0665265036840472,-1.114518939438767,0.5329147433625236,0.2680880869302926,-0.5986881004106883,-0.3632671986132196,-0.4295343744442035,0.0,-0.7348198601333567,0,0.14285714285714285,1.0,39.0,0.08333333333333333,1.0,5.466666666666667,0.2463768115942029,0.47560975609756095,1.0,39.0,0.2073170731707317,0.1282051282051282,1.0
2,5,39,1,17,82,1,23,39,1,14,1,0,59,15,0,68,7,5.0,3.0,1,3,711007,5100000000,4459131,120042,0.0,73,0.144025542529165,-2.3748024419952065,-2.444678170679801,-2.205881449072815,-0.7514523270616823,-0.7316471607705214,-0.9511807680507358,-1.1389685573789852,-0.7100565765716972,-1.1267661825602302,-0.1512466158370865,-1.8707892774764416,-2.167940088228831,-2.182049436171148,-0.6856964429840866,-0.9522555869979108,-0.9686390089489706,-0.0805397050839902,-0.8246950251665326,-0.0665265036840472,-1.114518939438767,0.5329147433625236,0.2680880869302926,-0.5986881004106883,-0.3201795423114781,-0.4295343744442035,0.0,-0.7344738567411585,0,0.14285714285714285,1.0,39.0,0.08333333333333333,1.0,5.466666666666667,0.2463768115942029,0.47560975609756095,1.0,39.0,0.2073170731707317,0.1282051282051282,1.0
6,5,39,1,17,82,1,24,39,1,46,1,0,59,15,0,68,8,6.0,6.0,2,3,711007,5100000000,4219047,515366,0.0,71,3.113624357563497,-2.3748024419952065,-2.444678170679801,-2.205881449072815,-0.7514523270616823,-0.7316471607705214,-0.9511807680507358,-1.1265768808402752,-0.7100565765716972,-1.1267661825602302,0.3939090168264378,-1.8707892774764416,-2.167940088228831,-2.182049436171148,-0.6856964429840866,-0.9522555869979108,-0.9686390089489706,0.0988360300696628,-0.4998840660619509,1.8162990722795551,0.8972480992593679,0.5329147433625236,0.2680880869302926,-0.5986881004106883,-0.406354854914961,0.7159880092976226,0.0,-0.7351658635255549,0,0.13043478260869565,1.0,39.0,0.08333333333333333,1.0,5.466666666666667,0.2463768115942029,0.47560975609756095,1.0,39.0,0.2073170731707317,0.1282051282051282,1.0
1,5,39,1,17,82,1,25,39,1,7,1,0,59,15,0,68,6,2.0,3.0,1,2,911007,5100000000,4886544,134969,0.0,76,-0.5983741612294179,-2.3748024419952065,-2.444678170679801,-2.205881449072815,-0.7514523270616823,-0.7316471607705214,-0.9511807680507358,-1.1348379985327486,-0.7100565765716972,-1.1267661825602302,-0.2704994104822324,-1.8707892774764416,-2.167940088228831,-2.182049436171148,-0.6856964429840866,-0.9522555869979108,-0.9686390089489706,-0.2599154402376433,-1.799127902480277,-0.0665265036840472,-1.114518939438767,-0.8769126200303957,0.4833896921508108,-0.5986881004106883,-0.1667647004819834,-0.3862807075226044,0.0,-0.7334358465645641,0,0.14285714285714285,1.0,39.0,0.08333333333333333,1.0,5.466666666666667,0.2463768115942029,0.47560975609756095,1.0,39.0,0.2073170731707317,0.1282051282051282,1.0
1,5,39,1,17,82,1,26,39,1,12,1,0,59,15,0,68,8,3.0,5.0,1,2,911007,5100000000,4610869,151738,0.0,74,-0.5983741612294179,-2.3748024419952065,-2.444678170679801,-2.205881449072815,-0.7514523270616823,-0.7316471607705214,-0.9511807680507358,-1.1430991162252218,-0.7100565765716972,-1.1267661825602302,-0.1853188428785568,-1.8707892774764416,-2.167940088228831,-2.182049436171148,-0.6856964429840866,-0.9522555869979108,-0.9686390089489706,0.0988360300696628,-1.4743169433756955,1.1886905469583544,-1.114518939438767,-0.8769126200303957,0.4833896921508108,-0.5986881004106883,-0.2657149816417655,-0.3376895143419054,0.0,-0.7341278533489604,0,0.08333333333333333,1.0,39.0,0.08333333333333333,1.0,5.466666666666667,0.2463768115942029,0.47560975609756095,1.0,39.0,0.2073170731707317,0.1282051282051282,1.0
1,6,44,1,18,87,1,27,44,1,7,1,0,60,15,0,69,6,2.0,3.0,1,2,911007,5100000000,2507642,135200,0.0,83,-0.5983741612294179,-2.3744670492816446,-2.443005523309283,-2.205881449072815,-0.751093446569036,-0.7300068779660371,-0.9511807680507358,-1.0976629689166186,-0.6956320963891162,-1.1267661825602302,-0.2704994104822324,-1.8707892774764416,-2.167940088228831,-2.1820477088958232,-0.6856964429840866,-0.9522555869979108,-0.9686386077611904,-0.2599154402376433,-1.799127902480277,-0.0665265036840472,-1.114518939438767,-0.8769126200303957,0.4833896921508108,-0.5986881004106883,-1.0206434408522311,-0.3856113434803395,0.0,-0.7310138228191769,0,0.14285714285714285,1.0,44.0,0.09836065573770492,1.0,5.8,0.2571428571428571,0.5057471264367817,1.0,44.0,0.20689655172413793,0.13636363636363635,1.0
1,6,44,1,18,87,1,28,44,1,7,1,0,60,15,0,69,6,2.0,3.0,1,2,911007,5100000000,2642581,134939,0.0,84,-0.5983741612294179,-2.3744670492816446,-2.443005523309283,-2.205881449072815,-0.751093446569036,-0.7300068779660371,-0.9511807680507358,-1.105924086609092,-0.6956320963891162,-1.1267661825602302,-0.2704994104822324,-1.8707892774764416,-2.167940088228831,-2.1820477088958232,-0.6856964429840866,-0.9522555869979108,-0.9686386077611904,-0.2599154402376433,-1.799127902480277,-0.0665265036840472,-1.114518939438767,-0.8769126200303957,0.4833896921508108,-0.5986881004106883,-0.9722086825701242,-0.3863676379177038,0.0,-0.7306678194269788,0,0.14285714285714285,1.0,44.0,0.09836065573770492,1.0,5.8,0.2571428571428571,0.5057471264367817,1.0,44.0,0.20689655172413793,0.13636363636363635,1.0
1,6,44,1,18,87,1,29,44,1,7,1,0,60,15,0,69,6,2.0,3.0,1,2,911007,5100000000,2372442,134989,0.0,82,-0.5983741612294179,-2.3744670492816446,-2.443005523309283,-2.205881449072815,-0.751093446569036,-0.7300068779660371,-0.9511807680507358,-1.1017935277628554,-0.6956320963891162,-1.1267661825602302,-0.2704994104822324,-1.8707892774764416,-2.167940088228831,-2.1820477088958232,-0.6856964429840866,-0.9522555869979108,-0.9686386077611904,-0.2599154402376433,-1.799127902480277,-0.0665265036840472,-1.114518939438767,-0.8769126200303957,0.4833896921508108,-0.5986881004106883,-1.0691718819977922,-0.3862227539258716,0.0,-0.7313598262113751,0,0.14285714285714285,1.0,44.0,0.09836065573770492,1.0,5.8,0.2571428571428571,0.5057471264367817,1.0,44.0,0.20689655172413793,0.13636363636363635,1.0
1,6,44,1,18,87,1,30,44,1,7,1,0,60,15,0,69,6,2.0,3.0,1,2,911007,5100000000,2237453,140336,0.0,81,-0.5983741612294179,-2.3744670492816446,-2.443005523309283,-2.205881449072815,-0.751093446569036,-0.7300068779660371,-0.9511807680507358,-1.093532410070382,-0.6956320963891162,-1.1267661825602302,-0.2704994104822324,-1.8707892774764416,-2.167940088228831,-2.1820477088958232,-0.6856964429840866,-0.9522555869979108,-0.9686386077611904,-0.2599154402376433,-1.799127902480277,-0.0665265036840472,-1.114518939438767,-0.8769126200303957,0.4833896921508108,-0.5986881004106883,-1.1176245871886068,-0.370728859839331,0.0,-0.7317058296035732,0,0.14285714285714285,1.0,44.0,0.09836065573770492,1.0,5.8,0.2571428571428571,0.5057471264367817,1.0,44.0,0.20689655172413793,0.13636363636363635,1.0
6,7,45,1,19,88,1,31,45,1,46,1,0,68,15,0,77,8,6.0,6.0,2,3,711007,5100000000,8774266,515366,0.0,86,3.113624357563497,-2.374131656568083,-2.4426709938351787,-2.205881449072815,-0.7507345660763897,-0.7296788214051403,-0.9511807680507358,-1.0894018512241457,-0.6927472003526,-1.1267661825602302,0.3939090168264378,-1.8707892774764416,-2.167940088228831,-2.182033890693224,-0.6856964429840866,-0.9522555869979108,-0.9686353982589504,0.0988360300696628,-0.4998840660619509,1.8162990722795551,0.8972480992593679,0.5329147433625236,0.2680880869302926,-0.5986881004106883,1.2286871358146358,0.7159880092976226,0.0,-0.7299758126425824,0,0.13043478260869565,1.0,45.0,0.10144927536231885,1.0,5.866666666666666,0.24358974358974358,0.5113636363636364,1.0,45.0,0.2159090909090909,0.15555555555555556,1.0
6,8,46,1,20,89,1,32,46,1,46,1,0,71,15,0,80,8,6.0,6.0,2,3,711007,7100000000,2120188,515366,0.0,87,3.113624357563497,-2.3737962638545205,-2.442336464361075,-2.205881449072815,-0.7503756855837435,-0.7293507648442434,-0.9511807680507358,-1.0852712923779089,-0.6898623043160838,-1.1267661825602302,0.3939090168264378,-1.8707892774764416,-2.167940088228831,-2.1820287088672496,-0.6856964429840866,-0.9522555869979108,-0.9686341946956104,0.0988360300696628,-0.4998840660619509,1.8162990722795551,0.8972480992593679,0.5329147433625236,0.2680880869302926,-0.1606548182782858,-1.159715472180724,0.7159880092976226,0.0,-0.7296298092503842,0,0.13043478260869565,1.0,46.0,0.1111111111111111,1.0,5.933333333333334,0.24691358024691357,0.5168539325842697,1.0,46.0,0.2247191011235955,0.17391304347826086,1.0
6,9,47,1,21,90,1,33,47,1,46,1,0,76,15,0,85,8,6.0,6.0,2,3,711007,7100000000,8797035,515366,0.0,88,3.113624357563497,-2.3734608711409586,-2.442001934886972,-2.205881449072815,-0.7500168050910971,-0.7290227082833466,-0.9511807680507358,-1.081140733531672,-0.6869774082795675,-1.1267661825602302,0.3939090168264378,-1.8707892774764416,-2.167940088228831,-2.182020072490625,-0.6856964429840866,-0.9522555869979108,-0.96863218875671,0.0988360300696628,-0.4998840660619509,1.8162990722795551,0.8972480992593679,0.5329147433625236,0.2680880869302926,-0.1606548182782858,1.236859799101938,0.7159880092976226,0.0,-0.7292838058581861,0,0.13043478260869565,1.0,47.0,0.11688311688311688,1.0,6.0,0.2441860465116279,0.5222222222222223,1.0,47.0,0.23333333333333334,0.19148936170212766,1.0
6,10,48,1,22,91,1,34,48,1,46,1,0,80,15,0,89,8,6.0,6.0,2,3,711007,7100000000,8204334,515366,0.0,89,3.113624357563497,-2.3731254784273967,-2.4416674054128675,-2.205881449072815,-0.7496579245984509,-0.7286946517224496,-0.9511807680507358,-1.0770101746854357,-0.6840925122430513,-1.1267661825602302,0.3939090168264378,-1.8707892774764416,-2.167940088228831,-2.1820131633893256,-0.6856964429840866,-0.9522555869979108,-0.96863058400559,0.0988360300696628,-0.4998840660619509,1.8162990722795551,0.8972480992593679,0.5329147433625236,0.2680880869302926,-0.1606548182782858,1.0241167843429502,0.7159880092976226,0.0,-0.7289378024659879,0,0.13043478260869565,1.0,48.0,0.12345679012345678,1.0,6.066666666666666,0.24444444444444444,0.5274725274725275,1.0,48.0,0.24175824175824176,0.20833333333333334,1.0
6,11,49,1,23,92,1,35,49,1,46,1,0,82,15,0,91,8,6.0,6.0,2,3,711007,7100000000,5541857,515366,0.0,90,3.113624357563497,-2.372790085713835,-2.441332875938764,-2.205881449072815,-0.7492990441058046,-0.7283665951615528,-0.9511807680507358,-1.0728796158391989,-0.6812076162065351,-1.1267661825602302,0.3939090168264378,-1.8707892774764416,-2.167940088228831,-2.182009708838676,-0.6856964429840866,-0.9522555869979108,-0.96862978163003,0.0988360300696628,-0.4998840660619509,1.8162990722795551,0.8972480992593679,0.5329147433625236,0.2680880869302926,-0.1606548182782858,0.0684521512371071,0.7159880092976226,0.0,-0.7285917990737898,0,0.13043478260869565,1.0,49.0,0.13253012048192772,1.0,6.133333333333334,0.25,0.532608695652174,1.0,49.0,0.25,0.22448979591836735,1.0
6,12,50,1,24,93,1,36,50,1,46,1,0,85,15,0,94,8,6.0,6.0,2,3,711007,7100000000,3659333,515366,0.0,91,3.113624357563497,-2.372454693000273,-2.44099834646466,-2.205881449072815,-0.7489401636131584,-0.7280385386006559,-0.9511807680507358,-1.0687490569929623,-0.6783227201700189,-1.1267661825602302,0.3939090168264378,-1.8707892774764416,-2.167940088228831,-2.182004527012701,-0.6856964429840866,-0.9522555869979108,-0.96862857806669,0.0988360300696628,-0.4998840660619509,1.8162990722795551,0.8972480992593679,0.5329147433625236,0.2680880869302926,-0.1606548182782858,-0.6072575761231457,0.7159880092976226,0.0,-0.7282457956815916,0,0.13043478260869565,1.0,50.0,0.13953488372093023,1.0,6.2,0.25263157894736843,0.5376344086021505,1.0,50.0,0.25806451612903225,0.24,1.0
2,13,52,1,25,95,1,37,52,1,14,1,0,88,15,0,97,7,5.0,3.0,1,3,711007,7100000000,9119456,120042,0.0,93,0.144025542529165,-2.3721193002867107,-2.4403292875164526,-2.205881449072815,-0.7485812831205121,-0.7273824254788622,-0.9511807680507358,-1.060487939300489,-0.6725529280969865,-1.1267661825602302,-0.1512466158370865,-1.8707892774764416,-2.167940088228831,-2.1819993451867266,-0.6856964429840866,-0.9522555869979108,-0.9686273745033498,-0.0805397050839902,-0.8246950251665326,-0.0665265036840472,-1.114518939438767,0.5329147433625236,0.2680880869302926,-0.1606548182782858,1.3525890041507025,-0.4295343744442035,0.0,-0.7275537888971952,0,0.14285714285714285,1.0,52.0,0.14606741573033707,1.0,6.333333333333333,0.25510204081632654,0.5473684210526316,1.0,52.0,0.2631578947368421,0.25,1.0
6,13,52,1,25,95,1,38,52,1,46,1,0,88,15,0,97,8,6.0,6.0,2,3,711007,7100000000,8999414,515366,0.0,92,3.113624357563497,-2.3721193002867107,-2.4403292875164526,-2.205881449072815,-0.7485812831205121,-0.7273824254788622,-0.9511807680507358,-1.0646184981467255,-0.6725529280969865,-1.1267661825602302,0.3939090168264378,-1.8707892774764416,-2.167940088228831,-2.1819993451867266,-0.6856964429840866,-0.9522555869979108,-0.9686273745033498,0.0988360300696628,-0.4998840660619509,1.8162990722795551,0.8972480992593679,0.5329147433625236,0.2680880869302926,-0.1606548182782858,1.309501347848961,0.7159880092976226,0.0,-0.7278997922893935,0,0.13043478260869565,1.0,52.0,0.14606741573033707,1.0,6.333333333333333,0.25510204081632654,0.5473684210526316,1.0,52.0,0.2631578947368421,0.25,1.0
6,14,53,1,26,96,1,39,53,1,46,1,0,92,15,0,101,8,6.0,6.0,2,3,711007,7100000000,2257850,519556,0.0,94,3.113624357563497,-2.371783907573149,-2.439994758042349,-2.205881449072815,-0.7482224026278658,-0.7270543689179654,-0.9511807680507358,-1.0563573804542523,-0.6696680320604703,-1.1267661825602302,0.3939090168264378,-1.8707892774764416,-2.167940088228831,-2.181992436085427,-0.6856964429840866,-0.9522555869979108,-0.9686257697522296,0.0988360300696628,-0.4998840660619509,1.8162990722795551,0.8972480992593679,0.5329147433625236,0.2680880869302926,-0.1606548182782858,-1.1103033252503969,0.7281292878131649,0.0,-0.7272077855049971,0,0.13043478260869565,1.0,53.0,0.15053763440860216,1.0,6.4,0.2549019607843137,0.5520833333333334,1.0,53.0,0.2708333333333333,0.2641509433962264,1.0
6,15,54,1,27,97,1,40,54,1,46,1,0,93,15,0,102,8,6.0,6.0,2,3,711007,7100000000,8542290,515366,0.0,95,3.113624357563497,-2.371448514859587,-2.4396602285682447,-2.205881449072815,-0.7478635221352196,-0.7267263123570685,-0.9511807680507358,-1.0522268216080155,-0.6667831360239541,-1.1267661825602302,0.3939090168264378,-1.8707892774764416,-2.167940088228831,-2.181990708810102,-0.6856964429840866,-0.9522555869979108,-0.9686253685644496,0.0988360300696628,-0.4998840660619509,1.8162990722795551,0.8972480992593679,0.5329147433625236,0.2680880869302926,-0.1606548182782858,1.14542209392719,0.7159880092976226,0.0,-0.726861782112799,0,0.13043478260869565,1.0,54.0,0.1595744680851064,1.0,6.466666666666667,0.2621359223300971,0.5567010309278351,1.0,54.0,0.27835051546391754,0.2777777777777778,1.0
6,16,55,1,28,98,1,41,55,1,46,1,0,94,15,0,103,8,6.0,6.0,2,3,711007,7100000000,3734158,515366,0.0,96,3.113624357563497,-2.3711131221460247,-2.439325699094141,-2.205881449072815,-0.7475046416425732,-0.7263982557961717,-0.9511807680507358,-1.048096262761779,-0.6638982399874379,-1.1267661825602302,0.3939090168264378,-1.8707892774764416,-2.167940088228831,-2.181988981534777,-0.6856964429840866,-0.9522555869979108,-0.9686249673766696,0.0988360300696628,-0.4998840660619509,1.8162990722795551,0.8972480992593679,0.5329147433625236,0.2680880869302926,-0.1606548182782858,-0.5804000272421056,0.7159880092976226,0.0,-0.7265157787206008,0,0.13043478260869565,1.0,55.0,0.16842105263157894,1.0,6.533333333333333,0.2692307692307692,0.5612244897959183,1.0,55.0,0.2857142857142857,0.2909090909090909,1.0
6,17,56,1,29,99,1,42,56,1,46,1,0,97,15,0,106,8,6.0,6.0,2,3,711007,7100000000,1128959,515366,0.0,97,3.113624357563497,-2.370777729432463,-2.4389911696200373,-2.205881449072815,-0.747145761149927,-0.7260701992352748,-0.9511807680507358,-1.0439657039155423,-0.6610133439509217,-1.1267661825602302,0.3939090168264378,-1.8707892774764416,-2.167940088228831,-2.1819837997088025,-0.6856964429840866,-0.9522555869979108,-0.9686237638133296,0.0988360300696628,-0.4998840660619509,1.8162990722795551,0.8972480992593679,0.5329147433625236,0.2680880869302926,-0.1606548182782858,-1.515505399608781,0.7159880092976226,0.0,-0.7261697753284027,0,0.13043478260869565,1.0,56.0,0.17346938775510204,1.0,6.6,0.27102803738317754,0.5656565656565656,1.0,56.0,0.29292929292929293,0.30357142857142855,1.0
6,18,57,1,30,100,1,43,57,1,46,1,0,101,15,0,110,8,6.0,6.0,2,3,711007,5999000000,3415643,515366,0.0,98,3.113624357563497,-2.370442336718901,-2.438656640145933,-2.205881449072815,-0.7467868806572807,-0.725742142674378,-0.9511807680507358,-1.0398351450693055,-0.6581284479144055,-1.1267661825602302,0.3939090168264378,-1.8707892774764416,-2.167940088228831,-2.181976890607503,-0.6856964429840866,-0.9522555869979108,-0.9686221590622096,0.0988360300696628,-0.4998840660619509,1.8162990722795551,0.8972480992593679,0.5329147433625236,0.2680880869302926,-0.4017921400921733,-0.6947272197826262,0.7159880092976226,0.0,-0.7258237719362045,0,0.13043478260869565,1.0,57.0,0.17647058823529413,1.0,6.666666666666667,0.2702702702702703,0.57,1.0,57.0,0.3,0.3157894736842105,1.0
6,19,58,1,31,101,1,44,58,1,46,1,0,104,15,0,113,8,6.0,6.0,2,3,711007,5999000000,8761887,515366,0.0,99,3.113624357563497,-2.3701069440053386,-2.43832211067183,-2.205881449072815,-0.7464280001646344,-0.7254140861134811,-0.9511807680507358,-1.0357045862230692,-0.6552435518778893,-1.1267661825602302,0.3939090168264378,-1.8707892774764416,-2.167940088228831,-2.1819717087815285,-0.6856964429840866,-0.9522555869979108,-0.9686209554988694,0.0988360300696628,-0.4998840660619509,1.8162990722795551,0.8972480992593679,0.5329147433625236,0.2680880869302926,-0.4017921400921733,1.224243840156789,0.7159880092976226,0.0,-0.7254777685440064,0,0.13043478260869565,1.0,58.0,0.18095238095238095,1.0,6.733333333333333,0.2719298245614035,0.5742574257425742,1.0,58.0,0.3069306930693069,0.3275862068965517,1.0
6,20,59,1,32,102,1,45,59,1,46,1,0,105,15,0,114,8,6.0,6.0,2,3,711007,5999000000,7220200,515366,0.0,100,3.113624357563497,-2.3697715512917767,-2.437987581197726,-2.205881449072815,-0.7460691196719882,-0.7250860295525843,-0.9511807680507358,-1.0315740273768323,-0.6523586558413731,-1.1267661825602302,0.3939090168264378,-1.8707892774764416,-2.167940088228831,-2.1819699815062035,-0.6856964429840866,-0.9522555869979108,-0.9686205543110894,0.0988360300696628,-0.4998840660619509,1.8162990722795551,0.8972480992593679,0.5329147433625236,0.2680880869302926,-0.4017921400921733,0.6708735232605124,0.7159880092976226,0.0,-0.7251317651518081,0,0.13043478260869565,1.0,59.0,0.18867924528301888,1.0,6.8,0.2782608695652174,0.5784313725490197,1.0,59.0,0.3137254901960784,0.3389830508474576,1.0
6,21,60,1,33,103,1,46,60,1,46,1,0,107,15,0,116,8,6.0,6.0,2,3,711007,6222000000,1155156,515366,0.0,101,3.113624357563497,-2.369436158578215,-2.4376530517236223,-2.205881449072815,-0.7457102391793419,-0.7247579729916874,-0.9511807680507358,-1.0274434685305958,-0.6494737598048569,-1.1267661825602302,0.3939090168264378,-1.8707892774764416,-2.167940088228831,-2.181966526955554,-0.6856964429840866,-0.9522555869979108,-0.9686197519355294,0.0988360300696628,-0.4998840660619509,1.8162990722795551,0.8972480992593679,0.5329147433625236,0.2680880869302926,-0.3529514291344104,-1.5061022962604804,0.7159880092976226,0.0,-0.72478576175961,0,0.13043478260869565,1.0,60.0,0.19444444444444445,1.0,6.866666666666666,0.28205128205128205,0.5825242718446602,1.0,60.0,0.32038834951456313,0.35,1.0
6,22,61,1,34,104,1,47,61,1,46,1,0,108,15,0,117,8,6.0,6.0,2,3,711007,6222000000,7806932,515366,0.0,102,3.113624357563497,-2.369100765864653,-2.4373185222495186,-2.205881449072815,-0.7453513586866957,-0.7244299164307906,-0.9511807680507358,-1.0233129096843592,-0.6465888637683407,-1.1267661825602302,0.3939090168264378,-1.8707892774764416,-2.167940088228831,-2.181964799680229,-0.6856964429840866,-0.9522555869979108,-0.9686193507477492,0.0988360300696628,-0.4998840660619509,1.8162990722795551,0.8972480992593679,0.5329147433625236,0.2680880869302926,-0.3529514291344104,0.8814740360579778,0.7159880092976226,0.0,-0.7244397583674118,0,0.13043478260869565,1.0,61.0,0.2018348623853211,1.0,6.933333333333334,0.288135593220339,0.5865384615384616,1.0,61.0,0.3269230769230769,0.36065573770491804,1.0
6,23,62,1,35,105,1,48,62,1,46,1,0,109,15,0,118,8,6.0,6.0,2,3,711007,6222000000,2769355,515366,0.0,103,3.113624357563497,-2.3687653731510907,-2.436983992775415,-2.205881449072815,-0.7449924781940493,-0.7241018598698937,-0.9511807680507358,-1.0191823508381224,-0.6437039677318245,-1.1267661825602302,0.3939090168264378,-1.8707892774764416,-2.167940088228831,-2.181963072404904,-0.6856964429840866,-0.9522555869979108,-0.9686189495599692,0.0988360300696628,-0.4998840660619509,1.8162990722795551,0.8972480992593679,0.5329147433625236,0.2680880869302926,-0.3529514291344104,-0.926704654479981,0.7159880092976226,0.0,-0.7240937549752137,0,0.13043478260869565,1.0,62.0,0.20909090909090908,1.0,7.0,0.29411764705882354,0.5904761904761905,1.0,62.0,0.3333333333333333,0.3709677419354839,1.0
6,24,63,1,36,106,1,49,63,1,46,1,0,110,15,0,119,8,6.0,6.0,2,3,711007,6222000000,8281467,515356,0.0,104,3.113624357563497,-2.368429980437529,-2.4366494633013107,-2.205881449072815,-0.7446335977014031,-0.7237738033089969,-0.9511807680507358,-1.0150517919918858,-0.6408190716953083,-1.1267661825602302,0.3939090168264378,-1.8707892774764416,-2.167940088228831,-2.1819613451295794,-0.6856964429840866,-0.9522555869979108,-0.9686185483721892,0.0988360300696628,-0.4998840660619509,1.8162990722795551,0.8972480992593679,0.5329147433625236,0.2680880869302926,-0.3529514291344104,1.0518027625299364,0.7159590324992562,0.0,-0.7237477515830155,1,0.13043478260869565,1.0,63.0,0.21621621621621623,1.0,7.066666666666666,0.3,0.5943396226415094,1.0,63.0,0.33962264150943394,0.38095238095238093,1.0
12,1,1,1,2,2,1,1,1,1,38,1,0,0,1,0,14,7,11.0,6.0,4,4,622123,20000000000,587426,368666,0.0,1,3.5704676892625047,-0.0920040095338528,-0.0866874536116975,-0.8558895552123428,-0.8046065814218026,-0.7543455401945166,-1.3215493969391037,-1.6829027751617118,-0.0592215020260718,-0.292451559278471,0.7747366366860781,-0.0931874228560306,-1.0482835178120102,-1.069370173470523,-1.0192649535889742,-1.4167132010482948,-1.4519060235191512,0.4946929167789672,0.0150788743137319,8.292896984076364,5.525180072516756,0.3285759689843416,0.1786810337783264,0.2711731592669751,-1.5445346737983372,-0.0535153170877888,-0.22101942,-0.7408613343222107,1,0.3157894736842105,1.0,1.0,1.0,1.0,2.0,0.13333333333333333,0.5,1.0,1.0,1.0,1.0,1.0
1,845,858,108,1095,1101,149,1,30,4,3,240,159,1094516,164,1800,11325171,4,2.0,1.0,1,2,166710,15115874629,7828157,152310,8130081600000000.0,993,-0.2377046963414898,-0.0895836691948358,-0.0864938199270918,0.6400345775385025,-0.1063456150362598,-0.1466116413859363,-0.3930919488563267,1.549968791460855,-0.0195823466277032,0.2579163239507062,-0.3636034993975956,-0.09226824992914,0.8161950398680915,0.8613236678289827,-0.4009305851839962,2.5379791805385747,2.550121693767088,-0.2220009200889321,-0.3464207472772154,-0.4529973564861544,-0.3630771597711049,-0.2096794953589917,-0.3077745448234573,-0.0824848671956295,-0.5111043230658084,-0.3051715036716923,-0.1811586,-0.1752932885142222,0,0.3333333333333333,0.675,3.575,0.0007720300369934867,0.08273181565796779,6.713414634146342,9.668727327055166e-05,0.027247956403269755,0.03496503496503497,7.5,0.9945504087193461,0.9848484848484849,0.037037037037037035
1,846,859,108,1096,1102,149,2,31,4,6,240,159,1094652,164,1800,11325307,4,5.0,1.0,1,2,327114,11964624317,8359325,294714,3.2520326e+16,994,-0.2377046963414898,-0.0895808014930123,-0.0864935939834691,0.6400345775385025,-0.1057067669425859,-0.1460586533069477,-0.3930919488563267,1.5537411036739504,-0.0182154792001733,0.2579163239507062,-0.2660314877332807,-0.09226824992914,0.8161950398680915,0.8615635678052431,-0.4009305851839962,2.5379791805385747,2.55016975277144,-0.2220009200889321,-0.2259208734135663,-0.4529973564861544,-0.3630771597711049,-0.2096794953589917,-0.1364368345911176,-0.3106659398701432,-0.4352935889648046,-0.1395331687316204,-0.06157616,-0.1747231594357867,0,0.16666666666666666,0.675,3.5791666666666666,0.00077284765126483,0.08273181565796779,6.719512195121951,9.677441002046037e-05,0.028130671506352088,0.03608847497089639,7.75,0.9945553539019963,0.9848661233993015,0.037037037037037035
1,847,860,108,1098,1104,149,3,32,4,2,240,159,1094712,164,1800,11325367,3,1.0,1.0,1,1,49803,11018675901,5440337,49803,1.5e+17,996,-0.2377046963414898,-0.0895779337911888,-0.0864933680398465,0.6400345775385025,-0.1044290707552381,-0.1449526771489702,-0.3930919488563267,1.5575134158870454,-0.0168486117726433,0.2579163239507062,-0.3961275032857005,-0.09226824992914,0.8161950398680915,0.861669406030064,-0.4009305851839962,2.5379791805385747,2.55019095527336,-0.4608988657115653,-0.3865873718984318,-0.4529973564861544,-0.3630771597711049,-0.4788072275306584,-0.4326503439938778,-0.379161775772384,-0.8519049494233055,-0.4244033286183367,0.5144125,-0.1735829012789158,0,0.5,0.675,3.5833333333333335,0.0007737187737790636,0.08273181565796779,6.7317073170731705,9.69504920281619e-05,0.028985507246376812,0.037209302325581395,8.0,0.9945652173913043,0.9848837209302326,0.037037037037037035
1,848,861,108,1099,1105,149,4,33,4,9,240,159,1094716,164,1800,11325371,4,8.0,1.0,1,2,440775,11789401680,16594468,402375,5.6910567e+16,997,-0.2377046963414898,-0.0895750660893654,-0.0864931420962238,0.6400345775385025,-0.1037902226615643,-0.1443996890699816,-0.3930919488563267,1.5612857281001409,-0.0154817443451134,0.2579163239507062,-0.1684594760689658,-0.09226824992914,0.8161950398680915,0.8616764619117186,-0.4009305851839962,2.5379791805385747,2.550192368773488,-0.2220009200889321,-0.1054209995499171,-0.4529973564861544,-0.3630771597711049,-0.2096794953589917,-0.0150282943881428,-0.3233537575008986,0.7400638050362333,-0.0143064280643423,0.05800626,-0.1730127722004803,0,0.1111111111111111,0.675,3.5875,0.0007746294247737086,0.08273181565796779,6.737804878048781,9.703875510667553e-05,0.02986425339366516,0.03832752613240418,8.25,0.9945701357466064,0.9849012775842044,0.037037037037037035
1,849,862,108,1210,1224,311,5,1,1,3,241,159,1095444,316,628,4078326,4,2.0,1.0,1,2,170646,10538567485,4823616,161046,1618123000000000.0,1070,-0.2377046963414898,-0.0895721983875419,-0.0864929161526012,0.6400345775385025,-0.0328780842637644,-0.0785941076703264,0.6231925551261724,1.565058040313236,-0.0592215020260718,-0.292451559278471,-0.3636034993975956,-0.092264404017312,0.8161950398680915,0.8629606323728778,0.1756756970096027,-0.036964970139098,-0.0107323900109289,-0.2220009200889321,-0.3464207472772154,-0.4529973564861544,-0.3630771597711049,-0.2096794953589917,-0.3035702529886246,-0.4139262795459394,-0.9399262002243802,-0.2950101564199545,-0.21308595,-0.1313933494746908,0,0.3333333333333333,0.675,3.5767634854771786,0.0007750275002396287,0.4944356120826709,3.8734177215189876,0.0002966902850114765,0.0008169934640522876,0.001160092807424594,1.0,0.988562091503268,0.9849187935034803,0.009259259259259259
1,850,863,109,254,254,91,6,7,5,4,241,160,1095769,108,422,2744234,4,3.0,1.0,1,2,244422,10455786481,7811780,220422,1.6260163e+16,239,-0.2377046963414898,-0.0895693306857184,-0.0864926902089785,0.6540151769100058,-0.6436168618159868,-0.6149925442893645,-0.7569468947266043,1.568830352526331,-0.0510202974608921,0.4413722850270986,-0.3310794955094907,-0.092264404017312,0.8279213201050732,0.8635339227573239,-0.6133644786237432,-0.4895575426984842,-0.4821671932026051,-0.2220009200889321,-0.306254122655999,-0.4529973564861544,-0.3630771597711049,-0.2096794953589917,-0.2247654170113355,-0.4199204267635893,-0.5134417236478693,-0.2259464940551213,-0.14129779,-0.6051706136545684,0,0.25,0.6770186335403726,3.5809128630705396,0.0007757102311616488,0.21513002364066194,2.3518518518518516,9.255767089917591e-05,0.027559055118110236,0.008111239860950173,1.4,1.0,0.984936268829664,0.045871559633027525
1,851,864,109,904,963,271,7,2,2,6,241,160,1097539,212,648,4206861,5,5.0,1.0,1,3,328066,10797346313,14240849,294466,6472492000000000.0,834,-0.2377046963414898,-0.0895664629838949,-0.0864924642653559,0.6540151769100058,-0.2283656009279694,-0.2229239962863768,0.3722581096983949,1.5726026647394262,-0.0578546345985418,-0.1089955982020786,-0.2660314877332807,-0.092264404017312,0.8279213201050732,0.8666561503895377,-0.2188443908070702,0.0069760563229782,0.0346886697272615,0.0168970255337009,-0.2259208734135663,-0.4529973564861544,-0.3630771597711049,0.0594482368126749,-0.1354199428668389,-0.3951881836436126,0.4041445023220814,-0.1398216318862027,-0.18928555,-0.2659438119854623,0,0.16666666666666666,0.6770186335403726,3.5850622406639006,0.0007753703737449205,0.41756548536209553,4.5424528301886795,0.00021488701079331815,0.0020768431983385254,0.0023148148148148147,1.0,0.9387331256490135,0.9849537037037037,0.01834862385321101
1,852,865,109,1787,1882,393,8,1,1,12,242,160,1098523,588,674,4371527,4,11.0,1.0,1,2,872958,10524284961,23966670,772158,1.618123e+16,1799,-0.2377046963414898,-0.0895635952820715,-0.0864922383217333,0.6540151769100058,0.3357372657860601,0.2852720483042375,1.1376081682531165,1.5763749769525213,-0.0592215020260718,-0.292451559278471,-0.0708874644046509,-0.092260558105484,0.8279213201050732,0.8683918972765989,1.2074974651455168,0.0640993907236774,0.0928775227466639,-0.2220009200889321,0.0150788743137319,-0.4529973564861544,-0.3630771597711049,-0.2096794953589917,0.4466138443449514,-0.4149604727467808,1.792258300112911,0.4158095827860874,-0.14168479,0.2842307487047684,0,0.08333333333333333,0.6770186335403726,3.574380165289256,0.0007755861501432832,0.5822222222222222,3.2006802721088436,0.0004087815518967281,0.0005313496280552603,0.0011560693641618498,1.0,0.9495217853347503,0.9849710982658959,0.009174311926605505
1,853,866,109,958,1008,236,9,1,1,14,243,160,1100386,272,606,3932983,7,10.0,2.0,1,4,479051,13775505888,6813564,449451,1.4563107e+16,943,-0.2377046963414898,-0.089560727580248,-0.0864920123781106,0.6540151769100058,-0.1938678038695803,-0.1980395327318854,0.1526904699490895,1.5801472891656163,-0.0592215020260718,-0.292451559278471,-0.005839456628441,-0.092256712193656,0.8279213201050732,0.871678174157285,0.0087633521640872,-0.085300099247382,-0.0620929772869847,0.4946929167789672,-0.0250877503074844,1.296181511626349,-0.3630771597711049,0.3285759689843416,0.0258567346438827,-0.1795405583719538,-0.655911691250149,0.0404503923595139,-0.14961825,-0.2037997424359958,0,0.07142857142857142,0.6770186335403726,3.5637860082304527,0.0007751818223952118,0.38879736408566723,3.7058823529411766,0.00024358095532552382,0.000992063492063492,0.0011547344110854503,1.0,0.9503968253968254,0.9849884526558892,0.009174311926605505
1,854,867,109,359,380,62,10,1,1,5,244,160,1101855,81,130,904476,6,2.0,3.0,1,2,135303,14086788366,16217207,130503,1618123000000000.0,350,-0.2377046963414898,-0.0895578598784245,-0.086491786434488,0.6540151769100058,-0.5765378119802301,-0.5453160463367883,-0.9388743676617428,1.5839196013787118,-0.0592215020260718,-0.292451559278471,-0.2985554916213856,-0.092252866281828,0.8279213201050732,0.8742694466949811,-0.7157879629607641,-1.1310965290447987,-1.1322917353258708,0.2557949711563341,-0.3464207472772154,3.0453603797388533,-0.3630771597711049,-0.2096794953589917,-0.3413223582524683,-0.1570006892081674,0.6862193841417539,-0.3305364875909512,-0.21308595,-0.5418862859482309,0,0.2,0.6770186335403726,3.55327868852459,0.0007750559056718846,0.4732824427480916,4.691358024691358,0.00039691445995862804,0.002631578947368421,0.0011534025374855825,1.0,0.9447368421052632,0.9850057670126874,0.009174311926605505
1,855,868,109,611,618,203,11,9,2,18,244,160,1102219,301,459,2987047,5,9.0,2.0,1,2,233320,12580710560,7926638,233320,1.2944984e+16,555,-0.2377046963414898,-0.089554992176601,-0.0864915604908653,0.6540151769100058,-0.4155480923744142,-0.413704883537478,-0.0543304475288269,1.5876919135918068,-0.0482865626058322,-0.1089955982020786,0.1242565589239788,-0.092252866281828,0.8279213201050732,0.8749115319255606,0.1187737612668133,-0.408266643743643,-0.3963631415574559,0.0168970255337009,-0.0652543749287008,1.296181511626349,-0.3630771597711049,-0.2096794953589917,-0.2366241690312317,-0.2660553231722491,-0.4970486628886122,-0.2109440837010789,-0.1575517,-0.425009824868959,0,0.05555555555555555,0.6770186335403726,3.557377049180328,0.0007757072090871151,0.44130434782608696,2.053156146179402,0.00020454977623392728,0.014563106796116505,0.010368663594470046,4.5,0.988673139158576,0.9850230414746544,0.01834862385321101
1,856,869,109,612,619,203,12,10,2,3,244,160,1102226,301,459,2987054,3,2.0,1.0,1,2,56833,12727827453,6281093,56833,0.0,556,-0.2377046963414898,-0.0895521244747775,-0.0864913345472427,0.6540151769100058,-0.4149092442807403,-0.4131518954584893,-0.0543304475288269,1.591464225804902,-0.0469196951783022,-0.1089955982020786,-0.3636034993975956,-0.092252866281828,0.8279213201050732,0.8749238797184564,0.1187737612668133,-0.408266643743643,-0.3963606679322319,-0.4608988657115653,-0.3464207472772154,-0.4529973564861544,-0.3630771597711049,-0.2096794953589917,-0.4251411540551397,-0.2554026338808116,-0.7319083954896657,-0.4162263287122336,-0.22101942,-0.4244396957905236,0,0.3333333333333333,0.6770186335403726,3.5614754098360657,0.0007766095368739834,0.44130434782608696,2.0564784053156147,0.0002048840747826873,0.01615508885298869,0.011507479861910242,5.0,0.9886914378029079,0.9850402761795167,0.01834862385321101
1,857,870,110,1274,1298,374,13,1,1,14,245,161,1102764,265,1174,7560809,10,10.0,2.0,1,7,642017,14554968151,3100026,579617,1.4563107e+16,1267,-0.2377046963414898,-0.0895492567729541,-0.08649110860362,0.667995776281509,0.0080081937313634,-0.0376729898251627,1.018414306674922,1.5952365380179974,-0.0592215020260718,-0.292451559278471,-0.005839456628441,-0.09224902037,0.839647600342055,0.8758728958010162,-0.0177908845158811,1.1626250522755857,1.2198901515554383,1.2113867536468663,-0.0250877503074844,1.296181511626349,-0.3630771597711049,1.135959165499342,0.1999310799577369,-0.1230999339622214,-1.1859248733167902,0.1918540011472543,-0.14961825,-0.0190779210229028,0,0.07142857142857142,0.6790123456790124,3.5510204081632653,0.0007771374680915699,0.31829787234042556,4.89811320754717,0.00016850046489727953,0.0007704160246533128,0.0011494252873563218,1.0,0.9815100154083205,0.9850574712643678,0.00909090909090909
17,858,871,110,948,994,288,14,1,1,68,246,161,1103719,245,1783,11218895,20,40.0,3.0,4,13,1563521,12312946475,10065417,1438721,6.3106796e+16,942,5.301455137264321,-0.0895463890711306,-0.0864908826599974,0.667995776281509,-0.200256284806319,-0.2057813658377272,0.4789052490052004,1.5990088502310924,-0.0592215020260718,-0.292451559278471,1.7504567533292268,-0.092245174458172,0.839647600342055,0.8775574875460808,-0.0936601321729336,2.5006293080458097,2.512566408866198,3.600366209873198,1.1799109883290069,3.0453603797388533,5.525180072516756,2.750725558529342,1.1842480878250092,-0.2854440387897756,-0.1917923107179036,1.191127589672545,0.08838563,-0.2043698715144313,0,0.25,0.6790123456790124,3.540650406504065,0.000777371072373428,0.16143497757847533,4.057142857142857,8.450029307696586e-05,0.001006036217303823,0.001148105625717566,1.0,0.9537223340040242,0.9850746268656716,0.00909090909090909
1,859,872,110,256,256,92,15,8,6,2,246,161,1104007,109,423,2752472,3,1.0,1.0,1,1,49803,21688608932,9442223,49803,5e+16,241,-0.2377046963414898,-0.0895435213693071,-0.0864906567163747,0.667995776281509,-0.642339165628639,-0.613886568131387,-0.7506735335909097,1.6027811624441877,-0.0496534300333621,0.624828246103491,-0.3961275032857005,-0.092245174458172,0.839647600342055,0.8780655110252207,-0.6095710162408906,-0.4873604913753804,-0.4792560896889846,-0.4608988657115653,-0.3865873718984318,-0.4529973564861544,-0.3630771597711049,-0.4788072275306584,-0.4326503439938778,0.3934448163182303,-0.2807374177788354,-0.4244033286183367,0.024124574,-0.6040303554976973,0,0.5,0.6790123456790124,3.5447154471544717,0.000778074071927015,0.2169811320754717,2.3486238532110093,9.300727018938969e-05,0.03125,0.009174311926605505,1.3333333333333333,1.0,0.9850917431192661,0.05454545454545454
1,860,873,110,257,257,92,16,9,6,8,246,161,1104012,109,423,2752477,5,4.0,2.0,1,2,147229,23179289070,1996724,142429,2.4390243e+16,242,-0.2377046963414898,-0.0895406536674836,-0.0864904307727521,0.667995776281509,-0.6417003175349651,-0.6133335800523984,-0.7506735335909097,1.6065534746572827,-0.0482865626058322,0.624828246103491,-0.2009834799570708,-0.092245174458172,0.839647600342055,0.878074330877289,-0.6095710162408906,-0.4873604913753804,-0.4792543228138246,0.0168970255337009,-0.2660874980347827,1.296181511626349,-0.3630771597711049,-0.2096794953589917,-0.3285834394460116,0.5013845098450047,-1.3433931970017745,-0.3166646666976105,-0.10143698,-0.6034602264192619,0,0.125,0.6790123456790124,3.548780487804878,0.0007789763345178001,0.2169811320754717,2.3577981651376145,9.337041022671208e-05,0.03501945525291829,0.010309278350515464,1.5,1.0,0.9851088201603666,0.05454545454545454
1,861,874,110,318,324,92,17,1,1,82,247,161,1104812,58,439,2860596,4,81.0,1.0,1,2,1663596,14000000000,13169547,1663596,1.2944984e+17,269,-0.2377046963414898,-0.0895377859656601,-0.0864902048291295,0.667995776281509,-0.6027305838208589,-0.5762833787601555,-0.7506735335909097,1.610325786870378,-0.0592215020260718,-0.292451559278471,2.2057928077626965,-0.092241328546344,0.839647600342055,0.8794855072082332,-0.8030375977663745,-0.4522076702057194,-0.4410477677289572,-0.2220009200889321,2.8267425977988783,-0.4529973564861544,-0.3630771597711049,-0.2096794953589917,1.2911445576854952,-0.1632850082843565,0.251243365461665,1.4526927182479268,0.41365764,-0.5880667413015042,0,0.012195121951219513,0.6790123456790124,3.5384615384615383,0.0007793174048458879,0.20909090909090908,5.586206896551724,0.000111165606340215,0.0030864197530864196,0.0011441647597254005,1.0,0.9814814814814815,0.9851258581235698,0.00909090909090909
1,862,875,110,320,326,92,18,2,1,52,247,161,1104844,58,439,2860628,4,51.0,1.0,1,2,1047978,12202413919,7940681,1043178,8.090615e+16,270,-0.2377046963414898,-0.0895349182638367,-0.0864899788855068,0.667995776281509,-0.6014528876335111,-0.5751774026021781,-0.7506735335909097,1.6140980990834732,-0.0578546345985418,-0.292451559278471,1.2300726911195474,-0.092241328546344,0.839647600342055,0.8795419542614709,-0.8030375977663745,-0.4522076702057194,-0.4410364597279332,-0.2220009200889321,1.621743859162387,-0.4529973564861544,-0.3630771597711049,-0.2096794953589917,0.6335638334029805,-0.2934476674121964,-0.4950443814955682,0.7310486317977604,0.1756537,-0.5874966122230687,0,0.019230769230769232,0.6790123456790124,3.54251012145749,0.0007801999375478009,0.20909090909090908,5.620689655172414,0.00011186350973859245,0.006134969325153374,0.002285714285714286,2.0,0.9815950920245399,0.9851428571428571,0.00909090909090909
1,863,876,110,15,15,3,19,7,2,3,247,161,1106076,8,10,73104,4,2.0,1.0,1,2,111439,11837470241,27001843,106639,1618123000000000.0,13,-0.2377046963414898,-0.0895320505620132,-0.0864897529418842,0.667995776281509,-0.7963015562040423,-0.7471566951676635,-1.3090026746677148,1.6178704112965685,-0.0510202974608921,-0.1089955982020786,-0.3636034993975956,-0.092241328546344,0.839647600342055,0.8817151658111249,-0.9927107169090058,-1.3947426878172566,-1.4260778424302312,-0.2220009200889321,-0.3464207472772154,-0.4529973564861544,-0.3630771597711049,-0.2096794953589917,-0.3668130138282928,-0.319873127679417,2.2254521168593007,-0.3582940872722093,-0.21308595,-0.734019785380985,0,0.3333333333333333,0.6790123456790124,3.5465587044534415,0.0007802350107632652,0.2727272727272727,1.875,0.0002051843239176527,0.4666666666666667,0.007990867579908675,3.5,1.0,0.9851598173515982,0.01818181818181818
1,864,877,110,454,470,178,20,8,2,3,247,161,1107082,126,623,4042874,4,2.0,1.0,1,2,90821,12449055331,7977049,86021,1618123000000000.0,375,-0.2377046963414898,-0.0895291828601897,-0.0864895269982615,0.667995776281509,-0.5158472430812122,-0.4955471192278054,-0.2111644759211879,1.6216427235096635,-0.0496534300333621,-0.1089955982020786,-0.3636034993975956,-0.092241328546344,0.839647600342055,0.883489720047287,-0.545082155732396,-0.0479502267546171,-0.0232602416454124,-0.2220009200889321,-0.3464207472772154,-0.4529973564861544,-0.3630771597711049,-0.2096794953589917,-0.3888364104366715,-0.2755884380955643,-0.4898537736694467,-0.3822760764705071,-0.21308595,-0.5276330589873441,0,0.3333333333333333,0.6790123456790124,3.5506072874493926,0.0007804292903061469,0.28525641025641024,3.7301587301587302,0.00011229632377948861,0.01702127659574468,0.009122006841505131,4.0,0.9659574468085106,0.9851767388825542,0.01818181818181818
1,865,878,110,456,472,178,21,9,2,4,247,161,1107094,127,623,4042886,5,2.0,2.0,1,2,119575,12688050402,6881685,114775,1618123000000000.0,377,-0.2377046963414898,-0.0895263151583662,-0.0864893010546389,0.667995776281509,-0.5145695468938645,-0.494441143069828,-0.2111644759211879,1.6254150357227586,-0.0482865626058322,-0.1089955982020786,-0.3310794955094907,-0.092241328546344,0.839647600342055,0.8835108876922512,-0.5412886933495433,-0.0479502267546171,-0.0232560011450284,0.0168970255337009,-0.3464207472772154,1.296181511626349,-0.3630771597711049,-0.2096794953589917,-0.358122434974584,-0.2582828779954876,-0.6461891495727616,-0.3488306347492996,-0.21308595,-0.5264928008304731,0,0.25,0.6790123456790124,3.554655870445344,0.0007813240959447925,0.28525641025641024,3.716535433070866,0.00011279068645747457,0.019067796610169493,0.010250569476082005,4.5,0.9661016949152542,0.9851936218678815,0.01818181818181818
1,866,879,110,458,474,178,22,10,2,5,247,161,1107283,127,623,4043075,4,4.0,1.0,1,2,264839,22135887062,13181628,238039,4854369000000000.0,379,-0.2377046963414898,-0.0895234474565427,-0.0864890751110162,0.667995776281509,-0.5132918507065167,-0.4933351669118506,-0.2111644759211879,1.6291873479358538,-0.0469196951783022,-0.1089955982020786,-0.2985554916213856,-0.092241328546344,0.839647600342055,0.8838442781004368,-0.5412886933495433,-0.0479502267546171,-0.0231892132639803,-0.2220009200889321,-0.2660874980347827,-0.4529973564861544,-0.3630771597711049,-0.2096794953589917,-0.2029567212817173,0.4258320891091613,0.2529676212125277,-0.2054551416588456,-0.19721903,-0.5253525426736022,0,0.2,0.6790123456790124,3.5587044534412957,0.000782093844036399,0.28525641025641024,3.732283464566929,0.00011328008674583411,0.02109704641350211,0.011376564277588168,5.0,0.9662447257383966,0.9852104664391353,0.01818181818181818
1,867,880,110,461,477,178,23,11,2,5,247,161,1107300,128,623,4043092,5,4.0,1.0,1,3,179668,20518011126,7555516,170068,4854369000000000.0,382,-0.2377046963414898,-0.0895205797547193,-0.0864888491673936,0.667995776281509,-0.5113753064254951,-0.4916762026748845,-0.2111644759211879,1.632959660148949,-0.0455528277507723,-0.1089955982020786,-0.2985554916213856,-0.092241328546344,0.839647600342055,0.8838742655974693,-0.5374952309666907,-0.0479502267546171,-0.0231832058884363,0.0168970255337009,-0.2660874980347827,-0.4529973564861544,-0.3630771597711049,0.0594482368126749,-0.2939332812066481,0.3086821866958354,-0.5500168975357158,-0.284516146014142,-0.19721903,-0.5236421554382957,0,0.2,0.6790123456790124,3.562753036437247,0.000782984933635931,0.28525641025641024,3.7265625,0.00011402161661876192,0.023060796645702306,0.0125,5.5,0.9664570230607966,0.9852272727272727,0.01818181818181818
16,868,881,110,1131,1182,296,24,2,2,58,247,161,1108475,195,791,5142425,11,30.0,2.0,3,8,1539855,19973724744,6186578,1355055,4.6925567e+16,1075,4.955257647663958,-0.0895177120528958,-0.086488623223771,0.667995776281509,-0.0833470836640003,-0.1018196069878517,0.5290921380907558,1.6367319723620442,-0.0578546345985418,-0.1089955982020786,1.425216714448177,-0.092241328546344,0.839647600342055,0.8859469308335434,-0.2833332513155648,0.321154395526824,0.365293628165823,1.4502846992694998,0.7782447421168431,1.296181511626349,3.562427661754136,1.4050868976710087,1.1589689286372171,0.2692705760046914,-0.7453980099497921,1.0938108223689855,0.0090510035,-0.1285427040825135,0,0.27586206896551724,0.6790123456790124,3.5668016194331984,0.0007830570982141246,0.37373737373737376,6.061538461538461,0.00021993510455959892,0.001692047377326565,0.0022701475595913734,1.0,0.9568527918781726,0.985244040862656,0.01818181818181818
20,869,882,110,413,414,202,25,1,1,59,248,161,1108530,108,544,3539228,5,20.0,2.0,2,2,841809,16084647147,16556007,750609,3.0744336e+16,401,6.34004760606541,-0.0895148443510723,-0.0864883972801483,0.667995776281509,-0.542040014921841,-0.5265144516511726,-0.0606038086645214,1.6405042845751394,-0.0592215020260718,-0.292451559278471,1.4577407183362825,-0.092237482634516,0.839647600342055,0.8860439492062958,-0.6133644786237432,-0.2215172812798186,-0.2012361630123608,0.0168970255337009,0.3765784959046793,1.296181511626349,1.5996752509915155,-0.2096794953589917,0.4133416171185284,-0.0123363450382346,0.7345744746468673,0.3907446936002245,-0.07028363,-0.5128097029480219,0,0.3389830508474576,0.6790123456790124,3.556451612903226,0.0007839203414248226,0.3706422018348624,3.8333333333333335,0.00011669208180651775,0.0024154589371980675,0.0011337868480725624,1.0,0.9975845410628019,0.9852607709750567,0.00909090909090909
1,870,883,110,312,316,123,26,1,1,5,249,161,1109187,156,467,3044296,5,4.0,1.0,1,3,266111,63933392007,16390686,246911,4854369000000000.0,297,-0.2377046963414898,-0.0895119766492488,-0.0864881713365257,0.667995776281509,-0.6065636723829021,-0.5807072833920651,-0.5561993383843822,1.6442765967882345,-0.0592215020260718,-0.292451559278471,-0.2985554916213856,-0.092233636722688,0.839647600342055,0.8872028777680837,-0.4312782842468172,-0.3906902331588125,-0.3761327743504564,0.0168970255337009,-0.2660874980347827,-0.4529973564861544,-0.3630771597711049,0.0594482368126749,-0.2015980172131433,3.452376656879565,0.7109791029898548,-0.1951356049352401,-0.19721903,-0.572103127105311,0,0.2,0.6790123456790124,3.5461847389558234,0.0007843575660753632,0.26282051282051283,2.0256410256410255,0.00010248671532376769,0.0031645569620253164,0.0011325028312570782,1.0,0.9873417721518988,0.9852774631936579,0.00909090909090909
1,871,884,110,100,101,41,27,3,2,3,249,161,1109279,32,211,1405150,3,2.0,1.0,1,2,56833,19603495543,10964966,56833,0.0,70,-0.2377046963414898,-0.0895091089474253,-0.086487945392903,0.667995776281509,-0.7419994682417631,-0.6995997203746354,-1.070614951511326,1.6480489090013295,-0.0564877671710119,-0.1089955982020786,-0.3636034993975956,-0.092233636722688,0.839647600342055,0.8873651630461422,-0.9016676197205428,-0.9531353718733896,-0.955366044554028,-0.4608988657115653,-0.3464207472772154,-0.4529973564861544,-0.3630771597711049,-0.2096794953589917,-0.4251411540551397,0.2424623926312825,-0.063404550066238,-0.4162263287122336,-0.22101942,-0.7015224279101632,0,0.3333333333333333,0.6790123456790124,3.5502008032128516,0.0007851939997115246,0.19339622641509435,3.15625,7.116672870033185e-05,0.0297029702970297,0.003393665158371041,1.5,0.9900990099009901,0.9852941176470589,0.01818181818181818
1,872,885,111,949,995,289,28,2,2,3,249,162,1109990,245,1784,11225166,3,2.0,1.0,1,2,56845,14499777976,7211594,56845,0.0,943,-0.2377046963414898,-0.0895062412456019,-0.0864877194492804,0.6819763756530122,-0.1996174367126452,-0.2052283777587384,0.4851786101408948,1.651821221214425,-0.0578546345985418,-0.1089955982020786,-0.3636034993975956,-0.092233636722688,0.8513738805790368,0.8886193460102688,-0.0936601321729336,2.502826359368913,2.514782423691873,-0.4608988657115653,-0.3464207472772154,-0.4529973564861544,-0.3630771597711049,-0.2096794953589917,-0.4251283360922286,-0.1270962376784443,-0.5991030233819368,-0.416212370817657,-0.22101942,-0.2037997424359958,0,0.3333333333333333,0.6809815950920245,3.5542168674698793,0.0007855919552500876,0.1619047619047619,4.061224489795919,8.454217206746233e-05,0.0020100502512562816,0.0022598870056497176,1.0,0.9537688442211055,0.9853107344632769,0.018018018018018018
1,873,886,111,61,61,26,29,1,1,4,250,162,1112640,18,375,2454229,4,3.0,1.0,1,2,136684,13593621224,9216817,131884,3236246000000000.0,46,-0.2377046963414898,-0.0895033735437784,-0.0864874935056577,0.6819763756530122,-0.7669145438950442,-0.7217192435341833,-1.1647153685467428,1.65559353342752,-0.0592215020260718,-0.292451559278471,-0.3310794955094907,-0.09222979081086,0.8513738805790368,0.8932938676065211,-0.9547760930804796,-0.5928189548843636,-0.5846477193579243,-0.2220009200889321,-0.306254122655999,-0.4529973564861544,-0.3630771597711049,-0.2096794953589917,-0.3398472243541188,-0.192710771343142,-0.3129083963219157,-0.3289301665567651,-0.2051525,-0.7152055257926144,0,0.25,0.6809815950920245,3.544,0.0007846196571940096,0.06914893617021277,3.388888888888889,2.485504618556533e-05,0.01639344262295082,0.001128668171557562,1.0,1.0,0.9853273137697517,0.009009009009009009
1,874,887,111,321,327,93,30,3,2,3,250,162,1112980,58,440,2868764,3,2.0,1.0,1,2,56857,13238710017,6869417,56857,0.0,271,-0.2377046963414898,-0.0895005058419549,-0.0864872675620351,0.6819763756530122,-0.6008140395398373,-0.5746244145231894,-0.7444001724552153,1.6593658456406153,-0.0564877671710119,-0.1089955982020786,-0.3636034993975956,-0.09222979081086,0.8513738805790368,0.8938936175471723,-0.8030375977663745,-0.4500106188826155,-0.4381614004675768,-0.4608988657115653,-0.3464207472772154,-0.4529973564861544,-0.3630771597711049,-0.2096794953589917,-0.4251155181293175,-0.2184097834492506,-0.6479400948216304,-0.4161984129230804,-0.22101942,-0.5869264831446332,0,0.3333333333333333,0.6809815950920245,3.548,0.0007852784548882686,0.2108843537414966,5.637931034482759,0.00011189483976554371,0.009174311926605505,0.0033821871476888386,1.5,0.981651376146789,0.9853438556933484,0.018018018018018018
1,875,888,111,309,309,116,31,2,2,4,250,162,1114548,82,458,2981761,5,2.0,2.0,1,2,102780,22425550314,15208312,97980,1618123000000000.0,276,-0.2377046963414898,-0.0894976381401314,-0.0864870416184124,0.6819763756530122,-0.6084802166639237,-0.5845781999449859,-0.6001128663342432,1.6631381578537106,-0.0578546345985418,-0.1089955982020786,-0.3310794955094907,-0.09222979081086,0.8513738805790368,0.8966595231558228,-0.7119945005779115,-0.4104636950667468,-0.3982310819766108,0.0168970255337009,-0.3464207472772154,1.296181511626349,-0.3630771597711049,-0.2096794953589917,-0.3760622422322094,0.4468065167209746,0.5422252606613629,-0.3683658713670808,-0.21308595,-0.5840758377524559,0,0.25,0.6809815950920245,3.552,0.0007850709120908996,0.25272331154684097,3.768292682926829,0.00010363000132136637,0.006472491909385114,0.0022522522522522522,1.0,1.0,0.9853603603603603,0.018018018018018018
14,876,889,111,956,1002,289,32,3,2,43,250,162,1115170,246,1784,11230346,6,16.0,2.0,2,3,773665,19698231862,7177440,687265,2.4271844e+16,950,4.262862668463231,-0.0894947704383079,-0.0864868156747898,0.6819763756530122,-0.1951455000569281,-0.2013574612058176,0.4851786101408948,1.6669104700668056,-0.0564877671710119,-0.1089955982020786,0.9373566561266028,-0.09222979081086,0.8513738805790368,0.8977567127531317,-0.089866669790081,2.502826359368913,2.5166129063576363,0.2557949711563341,0.2159119974198138,1.296181511626349,1.5996752509915155,0.0594482368126749,0.3405526784008372,0.2493222205568322,-0.6039776389696334,0.3170656207620745,-0.10201748,-0.1998088388869475,0,0.32558139534883723,0.6809815950920245,3.556,0.0007855297528361121,0.1619047619047619,4.073170731707317,8.51264880773497e-05,0.0029940119760479044,0.003374578177727784,1.5,0.9540918163672655,0.9853768278965129,0.018018018018018018
1,877,890,111,957,1003,289,33,4,2,3,250,162,1115205,246,1784,11230381,3,2.0,1.0,1,2,56833,18888873956,10059365,56833,0.0,951,-0.2377046963414898,-0.0894919027364845,-0.0864865897311672,0.6819763756530122,-0.1945066519632542,-0.2008044731268289,0.4851786101408948,1.6706827822799009,-0.0551208997434819,-0.1089955982020786,-0.3636034993975956,-0.09222979081086,0.8513738805790368,0.8978184517176105,-0.089866669790081,2.502826359368913,2.516625274483756,-0.4608988657115653,-0.3464207472772154,-0.4529973564861544,-0.3630771597711049,-0.2096794953589917,-0.4251411540551397,0.1907168617678417,-0.1926560799261,-0.4162263287122336,-0.22101942,-0.199238709808512,0,0.3333333333333333,0.6809815950920245,3.56,0.0007864017948253507,0.1619047619047619,4.0772357723577235,8.521526694283417e-05,0.003988035892323031,0.0044943820224719105,2.0,0.9541375872382851,0.9853932584269663,0.018018018018018018
10,878,891,111,976,1055,283,34,1,1,29,251,162,1115528,235,652,4238107,5,10.0,2.0,2,2,446389,19417528404,8149118,403189,1.4563107e+16,977,2.8780727100617782,-0.089489035034661,-0.0864863637875445,0.6819763756530122,-0.1823685381834506,-0.1720490930194165,0.4475384433267281,1.674455094492996,-0.0592215020260718,-0.292451559278471,0.4820206016931334,-0.092225944899032,0.8513738805790368,0.8983882141612293,-0.1315947560014598,0.0157642616153935,0.0457302259771507,0.0168970255337009,-0.0250877503074844,1.296181511626349,1.5996752509915155,-0.2096794953589917,-0.0090316240729116,0.2289965688921652,-0.4652952964908033,-0.0133596175488988,-0.14961825,-0.1844153537691897,0,0.3448275862068966,0.6809815950920245,3.549800796812749,0.0007870705288701593,0.4333843797856049,4.48936170212766,0.00023029144136959228,0.0009478672985781991,0.001122334455667789,1.0,0.9251184834123223,0.9854096520763187,0.009009009009009009
1,879,892,111,977,1056,283,35,2,1,3,251,162,1115550,235,652,4238129,3,2.0,1.0,1,2,56833,16708809415,8422936,56833,0.0,978,-0.2377046963414898,-0.0894861673328375,-0.0864861378439219,0.6819763756530122,-0.1817296900897767,-0.1714961049404278,0.4475384433267281,1.6782274067060912,-0.0578546345985418,-0.292451559278471,-0.3636034993975956,-0.092225944899032,0.8513738805790368,0.8984270215103303,-0.1315947560014598,0.0157642616153935,0.0457380002278547,-0.4608988657115653,-0.3464207472772154,-0.4529973564861544,-0.3630771597711049,-0.2096794953589917,-0.4251411540551397,0.0328590541634259,-0.4262147351805048,-0.4162263287122336,-0.22101942,-0.1838452246907543,0,0.3333333333333333,0.6809815950920245,3.553784860557769,0.0007879514249012372,0.4333843797856049,4.493617021276596,0.0002305261990547718,0.001893939393939394,0.002242152466367713,2.0,0.9251893939393939,0.9854260089686099,0.009009009009009009
1,880,893,111,256,268,80,36,3,2,14,251,162,1116373,73,630,4091027,4,13.0,1.0,1,2,692932,21036861553,1136789,627732,1.9417476e+16,253,-0.2377046963414898,-0.089483299631014,-0.0864859119002992,0.6819763756530122,-0.642339165628639,-0.6072507111835226,-0.825953867219243,1.6819997189191864,-0.0564877671710119,-0.1089955982020786,-0.005839456628441,-0.092225944899032,0.8513738805790368,0.899878769160789,-0.7461356620235852,-0.0325708674928904,-0.00624417372949,-0.2220009200889321,0.0954121235561647,-0.4529973564861544,-0.3630771597711049,-0.2096794953589917,0.2543166284258523,0.3462519876537764,-1.4661270658138017,0.2478193426098646,-0.12581787,-0.5971888065564717,0,0.07142857142857142,0.6809815950920245,3.557768924302789,0.0007882662978535867,0.12678288431061807,3.671232876712329,6.257595890323899e-05,0.011194029850746268,0.0033594624860022394,1.5,0.9552238805970149,0.9854423292273237,0.018018018018018018
1,881,894,111,1327,1526,200,37,1,1,35,252,162,1116395,301,830,5394417,4,34.0,1.0,1,2,1783487,16351411172,12313741,1620287,5.3398057e+16,1499,-0.2377046963414898,-0.0894804319291905,-0.0864856859566766,0.6819763756530122,0.0418671426960786,0.0884082921842606,-0.0731505309359103,1.6857720311322817,-0.0592215020260718,-0.292451559278471,0.6771646250217631,-0.092222098987204,0.8513738805790368,0.8999175765098899,0.1187737612668133,0.4068393971278728,0.4543413092297053,-0.2220009200889321,0.9389112406017086,-0.4529973564861544,-0.3630771597711049,-0.2096794953589917,1.4192077569664696,0.0069799565401183,0.1290988064745955,1.40231751356323,0.040784843,0.1131920251741267,0,0.02857142857142857,0.6809815950920245,3.5476190476190474,0.0007891465035704177,0.24067388688327315,5.069767441860465,0.00024599502671094454,0.000655307994757536,0.0011185682326621924,1.0,0.8695937090432503,0.9854586129753915,0.009009009009009009
1,882,895,111,258,270,80,38,4,2,43,252,162,1116445,74,630,4091099,4,42.0,1.0,1,2,2148034,15999715230,9080899,1943634,6.634304e+16,255,-0.2377046963414898,-0.0894775642273671,-0.0864854600130539,0.6819763756530122,-0.6410614694412913,-0.6061447350255452,-0.825953867219243,1.6895443433453767,-0.0551208997434819,-0.1089955982020786,0.9373566561266028,-0.092222098987204,0.8513738805790368,0.9000057750305739,-0.7423421996407326,-0.0325708674928904,-0.0062187307271859,-0.2220009200889321,1.2602442375714396,-0.4529973564861544,-0.3630771597711049,-0.2096794953589917,1.8086035840784416,-0.0184862392093082,-0.3323072369100916,1.7784211250338868,0.10425255,-0.5960485483996008,0,0.023255813953488372,0.6809815950920245,3.5515873015873014,0.0007900068610573194,0.12678288431061807,3.6486486486486487,6.306372369289434e-05,0.014814814814814815,0.004469273743016759,2.0,0.9555555555555556,0.9854748603351955,0.018018018018018018
1,883,896,111,260,272,80,39,5,2,10,252,162,1116512,75,630,4091166,5,5.0,2.0,1,2,326388,15385839059,11630034,297588,6472492000000000.0,257,-0.2377046963414898,-0.0894746965255436,-0.0864852340694313,0.6819763756530122,-0.6397837732539435,-0.6050387588675679,-0.825953867219243,1.6933166555584718,-0.053754032315952,-0.1089955982020786,-0.1359354721808608,-0.092222098987204,0.8513738805790368,0.9001239610482905,-0.7385487372578798,-0.0325708674928904,-0.0061950546000419,0.0168970255337009,-0.2259208734135663,1.296181511626349,-0.3630771597711049,-0.2096794953589917,-0.1372123213472376,-0.0629368252686562,0.0315170064038174,-0.1361902529805336,-0.18928555,-0.5949082902427298,0,0.1,0.6809815950920245,3.5555555555555554,0.0007908550997614896,0.12678288431061807,3.6266666666666665,6.355154898345631e-05,0.01838235294117647,0.005580357142857143,2.5,0.9558823529411765,0.9854910714285714,0.018018018018018018
1,884,897,111,732,747,208,40,14,3,35,252,162,1116797,308,524,3412031,11,24.0,2.0,1,8,946221,15518050639,9719720,860221,3.721683e+16,729,-0.2377046963414898,-0.0894718288237201,-0.0864850081258087,0.6819763756530122,-0.3382474730398755,-0.3423694213479358,-0.0229636418503547,1.697088967771567,-0.0414522254681824,0.0744603628743137,0.6771646250217631,-0.092222098987204,0.8513738805790368,0.9006266926161893,0.1453279979467817,-0.265458307741895,-0.2461844069577346,1.4502846992694998,0.5372449943895449,1.296181511626349,-0.3630771597711049,1.4050868976710087,0.5248707124077922,-0.0533634251393451,-0.2411317727082997,0.5182407552940755,-0.038549777,-0.3258073652211869,0,0.02857142857142857,0.6809815950920245,3.5595238095238093,0.0007915486954668615,0.3961904761904762,2.425324675324675,0.00021453491643689157,0.018741633199464525,0.01560758082497213,4.666666666666667,0.9799196787148594,0.9855072463768116,0.02702702702702703
1,885,898,111,733,748,208,41,15,3,3,252,162,1116805,308,524,3412039,3,2.0,1.0,1,2,56845,14807853212,3316022,56845,0.0,730,-0.2377046963414898,-0.0894689611218966,-0.086484782182186,0.6819763756530122,-0.3376086249462017,-0.3418164332689471,-0.0229636418503547,1.7008612799846623,-0.0400853580406525,0.0744603628743137,-0.3636034993975956,-0.092222098987204,0.8513738805790368,0.9006408043794988,0.1453279979467817,-0.265458307741895,-0.2461815799574786,-0.4608988657115653,-0.3464207472772154,-0.4529973564861544,-0.3630771597711049,-0.2096794953589917,-0.4251283360922286,-0.1047886039283603,-1.1550969331493095,-0.416212370817657,-0.22101942,-0.3252372361427514,0,0.3333333333333333,0.6809815950920245,3.5634920634920637,0.000792438436039921,0.3961904761904762,2.4285714285714284,0.00021482749322985662,0.020053475935828877,0.01670378619153675,5.0,0.9799465240641712,0.9855233853006682,0.02702702702702703
1,886,899,111,378,384,150,42,6,4,3,252,162,1116947,107,516,3356890,4,2.0,1.0,1,2,111729,14452934491,5747913,106929,1618123000000000.0,349,-0.2377046963414898,-0.0894660934200731,-0.0864845562385634,0.6819763756530122,-0.5643996982004266,-0.5431040940208336,-0.3868185877206322,1.7046335921977571,-0.052387164888422,0.2579163239507062,-0.3636034993975956,-0.092222098987204,0.8513738805790368,0.9008912881782414,-0.6171579410065958,-0.2830347183267255,-0.2656698595972769,-0.2220009200889321,-0.3464207472772154,-0.4529973564861544,-0.3630771597711049,-0.2096794953589917,-0.3665032463912752,-0.130488160120914,-0.8080062914622643,-0.357956771486609,-0.21308595,-0.5424564150266664,0,0.3333333333333333,0.6809815950920245,3.5674603174603177,0.0007932329884649957,0.2901353965183752,3.588785046728972,0.00011260419239111428,0.015625,0.006674082313681869,1.5,0.984375,0.985539488320356,0.036036036036036036
1,887,900,112,955,970,229,43,2,2,5,252,163,1117072,237,825,5357430,4,4.0,1.0,1,2,263967,15832741980,4218235,239967,4854369000000000.0,961,-0.2377046963414898,-0.0894632257182497,-0.0864843302949407,0.6959569750245154,-0.1957843481506019,-0.2190530797334559,0.1087769419992284,1.7084059044108526,-0.0578546345985418,-0.1089955982020786,-0.2985554916213856,-0.092222098987204,0.8631001608160186,0.9011117844799512,-0.1240078312357546,0.3958541405123538,0.441271026921101,-0.2220009200889321,-0.2660874980347827,-0.4529973564861544,-0.3630771597711049,-0.2096794953589917,-0.203888159919922,-0.0305767212468233,-1.0263289541944984,-0.2032125732635445,-0.19721903,-0.1935374190241573,0,0.2,0.6829268292682927,3.5714285714285716,0.0007940394226697808,0.2772397094430993,4.0928270042194095,0.0001782570788125876,0.002061855670103093,0.0022222222222222222,1.0,0.9845360824742269,0.9855555555555555,0.017857142857142856
1,888,901,112,1369,1438,338,44,1,1,6,253,163,1117967,341,913,5924243,4,5.0,1.0,1,2,172532,15399675827,4311707,167732,6472492000000000.0,1319,-0.2377046963414898,-0.0894603580164262,-0.0864841043513181,0.6959569750245154,0.0686987626303813,0.0397453412332551,0.7925733057899224,1.7121782166239476,-0.0592215020260718,-0.292451559278471,-0.2660314877332807,-0.092218253075376,0.8631001608160186,0.902690538000195,0.2705122565809184,0.5891946569454897,0.6415685889344281,-0.2220009200889321,-0.2259208734135663,-0.4529973564861544,-0.3630771597711049,-0.2096794953589917,-0.301555696484434,-0.0619349091236374,-1.0129882014799354,-0.2872332828250462,-0.18928555,0.0105687910557417,0,0.16666666666666666,0.6829268292682927,3.561264822134387,0.0007942982267828776,0.36980306345733044,4.217008797653959,0.00023108433751209436,0.0006954102920723226,0.0011098779134295228,1.0,0.9520166898470097,0.9855715871254163,0.008928571428571428
1,889,902,112,1370,1439,338,45,2,1,3,253,163,1117971,341,913,5924247,4,2.0,1.0,1,2,153787,15995304355,4763718,139387,1618123000000000.0,1320,-0.2377046963414898,-0.0894574903146027,-0.0864838784076954,0.6959569750245154,0.0693376107240552,0.0402983293122438,0.7925733057899224,1.715950528837043,-0.0578546345985418,-0.292451559278471,-0.3636034993975956,-0.092218253075376,0.8631001608160186,0.9026975938818498,0.2705122565809184,0.5891946569454897,0.6415700024345561,-0.2220009200889321,-0.3464207472772154,-0.4529973564861544,-0.3630771597711049,-0.2096794953589917,-0.3215784227151091,-0.0188056293209412,-0.948475117612442,-0.3202029929727691,-0.21308595,0.0111389201341772,0,0.3333333333333333,0.6829268292682927,3.5652173913043477,0.0007951898616423309,0.36980306345733044,4.219941348973607,0.00023125297928108343,0.001389854065323141,0.0022172949002217295,2.0,0.9520500347463516,0.9855875831485588,0.008928571428571428
1,890,903,112,1413,1432,274,46,1,1,11,254,163,1118241,418,386,2522995,4,10.0,1.0,1,2,556507,14185881751,13152493,508507,1.4563107e+16,1329,-0.2377046963414898,-0.0894546226127792,-0.0864836524640728,0.6959569750245154,0.0968080787520317,0.0364274127593229,0.3910781931054782,1.7197228410501382,-0.0592215020260718,-0.292451559278471,-0.1034114682927559,-0.092214407163548,0.8631001608160186,0.9031738658935434,0.5626088600605705,-0.5686513903302216,-0.5603475319073745,-0.2220009200889321,-0.0250877503074844,-0.4529973564861544,-0.3630771597711049,-0.2096794953589917,0.1085924125805682,-0.149825367464241,0.2488093403333468,0.1091418442023054,-0.14961825,0.0162700818400964,0,0.09090909090909091,0.6829268292682927,3.5551181102362204,0.0007958921235296116,0.7080103359173127,3.425837320574163,0.0005600484503344436,0.0006983240223463687,0.0011074197120708748,1.0,0.986731843575419,0.9856035437430787,0.008928571428571428
1,891,904,112,1414,1433,274,47,2,1,3,254,163,1118244,418,386,2522998,3,2.0,1.0,1,2,56833,14082014201,5998833,56833,0.0,1330,-0.2377046963414898,-0.0894517549109557,-0.0864834265204501,0.6959569750245154,0.0974469268457055,0.0369804008383116,0.3910781931054782,1.7234951532632332,-0.0578546345985418,-0.292451559278471,-0.3636034993975956,-0.092214407163548,0.8631001608160186,0.9031791578047844,0.5626088600605705,-0.5686513903302216,-0.5603464717822786,-0.4608988657115653,-0.3464207472772154,-0.4529973564861544,-0.3630771597711049,-0.2096794953589917,-0.4251411540551397,-0.1573463850377487,-0.7721938377741207,-0.4162263287122336,-0.22101942,0.0168402109185319,0,0.3333333333333333,0.6829268292682927,3.559055118110236,0.0007967842467437816,0.7080103359173127,3.4282296650717705,0.0005604441381070702,0.0013956734124214933,0.0022123893805309734,2.0,0.9867411025819958,0.9856194690265486,0.008928571428571428
1,892,905,112,1417,1436,274,48,3,1,5,254,163,1118265,418,386,2523019,5,4.0,1.0,1,3,274668,16400682551,5982103,247868,4854369000000000.0,1333,-0.2377046963414898,-0.0894488872091323,-0.0864832005768275,0.6959569750245154,0.0993634711267272,0.0386393650752777,0.3910781931054782,1.7272674654763285,-0.0564877671710119,-0.292451559278471,-0.2985554916213856,-0.092214407163548,0.8631001608160186,0.9032162011834718,0.5626088600605705,-0.5686513903302216,-0.5603390509066065,0.0168970255337009,-0.2660874980347827,-0.4529973564861544,-0.3630771597711049,0.0594482368126749,-0.1924577414939709,0.0105476820456295,-0.7745816201358401,-0.1940224628427592,-0.19721903,0.0185505981538383,0,0.2,0.6829268292682927,3.562992125984252,0.0007976635254939344,0.7080103359173127,3.4354066985645932,0.0005616285245459807,0.0020891364902506965,0.0033149171270718232,3.0,0.9867688022284122,0.9856353591160221,0.008928571428571428
1,893,906,112,1418,1437,274,49,4,1,3,254,163,1118268,418,386,2523022,3,2.0,1.0,1,2,56845,15050054861,4625324,56845,0.0,1334,-0.2377046963414898,-0.0894460195073088,-0.0864829746332049,0.6959569750245154,0.100002319220401,0.0391923531542664,0.3910781931054782,1.7310397776894235,-0.0551208997434819,-0.292451559278471,-0.3636034993975956,-0.092214407163548,0.8631001608160186,0.9032214930947128,0.5626088600605705,-0.5686513903302216,-0.5603379907815106,-0.4608988657115653,-0.3464207472772154,-0.4529973564861544,-0.3630771597711049,-0.2096794953589917,-0.4251283360922286,-0.0872508564946184,-0.9682273442811687,-0.416212370817657,-0.22101942,0.0191207272322738,0,0.3333333333333333,0.6829268292682927,3.5669291338582676,0.0007985556248094153,0.7080103359173127,3.437799043062201,0.0005620242066758805,0.0027835768963117608,0.004415011037527594,4.0,0.9867780097425192,0.9856512141280354,0.008928571428571428
1,1,1,1,41,42,14,1,1,1,3,1,0,0,13,307,1625823,3,1.0,2.0,2,1,90000,20000000000,1065168,31140,1e+16,37,-0.0369863360727654,-1.7166869331978556,-1.6533414621068367,-1.3102830932239338,-0.1992710227762049,-0.2496088333929661,0.1998834131853872,-1.7123978843729013,-0.8249141966547399,-0.6437552545996592,-0.3727171714768258,-2.260477526415086,-1.2638994993634527,-1.2908740734149446,0.5157371837160472,3.795860247519665,3.7456244340139984,-0.4367638426659221,-0.4681088999587199,0.3804395437928996,19.1049731745428,-0.300546798411165,-1.288303913419871,-0.1641803421344108,1.5361721237646646,-0.2241037727398779,-0.0,0.0539680812407295,0,0.3333333333333333,1.0,1.0,1.0,0.045454545454545456,3.230769230769231,2.5217981774164976e-05,0.023809523809523808,1.0,1.0,0.9761904761904762,1.0,1.0
1,2,2,1,42,43,14,2,2,1,2,1,0,9,13,307,1625832,3,1.0,1.0,1,1,90000,20000000000,153000,90000,1e+16,38,-0.0369863360727654,-1.7087398613923572,-1.6463783421683864,-1.3102830932239338,-0.1769775199988578,-0.2293747618488187,0.1998834131853872,-1.702940620195319,-0.7364917055211523,-0.6437552545996592,-0.5419659118744913,-2.260477526415086,-1.2638994993634527,-1.2907545195836203,0.5157371837160472,3.795860247519665,3.745650096839065,-0.4367638426659221,-0.4681088999587199,-0.2384087807768838,-0.0523423922590192,-0.300546798411165,-1.288303913419871,-0.1641803421344108,-0.2517915357344062,-0.093988726409946,-0.0,0.0828668635876309,0,0.5,1.0,2.0,0.2,0.045454545454545456,3.3076923076923075,2.5832911498290416e-05,0.046511627906976744,1.0,2.0,0.9767441860465116,1.0,1.0
5,3,3,1,43,44,14,3,3,1,11,1,0,13,13,307,1625836,4,3.0,8.0,2,2,314159,20000000000,437921,143853,1e+16,39,27.037011669191543,-1.7007927895868586,-1.639415222229936,-1.3102830932239338,-0.1546840172215107,-0.2091406903046713,0.1998834131853872,-1.6934833560177365,-0.6480692143875647,-0.6437552545996592,0.9812727517044972,-2.260477526415086,-1.2638994993634527,-1.2907013845474766,0.5157371837160472,3.795860247519665,3.745661502539095,-0.0637053446128824,0.2672037926802994,4.093529491211601,19.1049731745428,0.508277673783588,-1.1330017630849023,-0.1641803421344108,0.3066893513698714,0.0250579196995649,-0.0,0.1117656459345322,1,0.45454545454545453,1.0,3.0,0.21428571428571427,0.045454545454545456,3.3846153846153846,2.6447915750471912e-05,0.06818181818181818,1.0,3.0,0.9772727272727273,1.0,1.0
1,313,333,38,87,89,24,1,4,1,1,48,41,245861,39,99,578035,2,0.0,0.0,1,0,150000,21297917513,666075,15075,0.0,50,-0.0369863360727654,0.7627994701176587,0.6584143574587293,1.8850804307160105,0.826230104981761,0.7013925291819628,0.9852546340748316,1.4274138225844928,-0.5596467232539771,-0.6437552545996592,-0.7112146522721566,1.2002499931107515,2.00498638265102,1.9750842069358832,3.5994663953037977,0.6547147684127842,0.7579355283056625,-0.8098223407189619,-0.8357652462782296,-0.8572571053466674,-0.0523423922590192,-1.1093712706059182,-1.2467346299197746,0.8733737034810798,0.7538998002886572,-0.2596168243757997,-0.0,0.429652251750447,0,1.0,0.9047619047619048,6.9375,0.0012730718858546665,0.24,2.282051282051282,0.00015050965683798242,0.0449438202247191,0.012012012012012012,4.0,0.9775280898876404,0.93993993993994,0.02631578947368421
1,314,334,38,88,90,24,2,5,1,1,48,41,245866,39,99,578040,2,0.0,0.0,1,0,150000,20294433332,68359,45459,0.0,51,-0.0369863360727654,0.7707465419231572,0.6653774773971798,1.8850804307160105,0.8485236077591081,0.7216266007261102,0.9852546340748316,1.436871086762075,-0.4712242321203895,-0.6437552545996592,-0.7112146522721566,1.2002499931107515,2.00498638265102,1.9751506257310631,3.5994663953037977,0.6547147684127842,0.7579497854306997,-0.8098223407189619,-0.8357652462782296,-0.8572571053466674,-0.0523423922590192,-1.1093712706059182,-1.2467346299197746,0.0711893880070214,-0.417698509124901,-0.1924504029064037,-0.0,0.4585510340973484,0,1.0,0.9047619047619048,6.958333333333333,0.001277113236017847,0.24,2.3076923076923075,0.00015223833603498715,0.05555555555555555,0.014970059880239521,5.0,0.9777777777777777,0.9401197604790419,0.02631578947368421
1,315,335,38,90,92,24,3,6,1,1,48,41,245877,39,99,578051,2,0.0,0.0,1,0,150000,20000000000,135459,30459,0.0,53,-0.0369863360727654,0.7786936137286555,0.6723405973356303,1.8850804307160105,0.8931106133138023,0.7620947438144051,0.9852546340748316,1.4463283509396578,-0.3828017409868019,-0.6437552545996592,-0.7112146522721566,1.2002499931107515,2.00498638265102,1.9752967470804592,3.5994663953037977,0.6547147684127842,0.7579811511057817,-0.8098223407189619,-0.8357652462782296,-0.8572571053466674,-0.0523423922590192,-1.1093712706059182,-1.2467346299197746,-0.1641803421344108,-0.2861740952533471,-0.2256091812779459,-0.0,0.516348598791151,0,1.0,0.9047619047619048,6.979166666666667,0.0012811231586396506,0.24,2.358974358974359,0.0001556953353677524,0.06521739130434782,0.01791044776119403,6.0,0.9782608695652174,0.9402985074626866,0.02631578947368421
1,316,336,39,95,99,25,4,7,2,1,48,42,252006,39,100,584180,2,0.0,0.0,1,0,150000,20000000000,135523,30523,0.0,60,-0.0369863360727654,0.786640685534154,0.6793037172740808,1.9714416070387115,1.0045781272005376,0.9037332446234372,1.063791756163776,1.4557856151172404,-0.2943792498532143,-0.0655603510819285,-0.7112146522721566,1.2002499931107515,2.0847153066025923,2.056712906212124,3.5994663953037977,0.6698164293700288,0.7754575349764563,-0.8098223407189619,-0.8357652462782296,-0.8572571053466674,-0.0523423922590192,-1.1093712706059182,-1.2467346299197746,-0.1641803421344108,-0.2860486472281938,-0.2254677038235607,-0.0,0.7186400752194604,0,1.0,0.9069767441860465,7.0,0.001253933422484296,0.24752475247524752,2.5384615384615383,0.00016262083155734266,0.0707070707070707,0.020833333333333332,3.5,0.9595959595959596,0.9404761904761905,0.05128205128205128
1,317,337,39,101,105,25,5,8,2,1,48,42,252037,39,100,584211,2,0.0,0.0,1,0,150000,20000000000,78075,15075,0.0,66,-0.0369863360727654,0.7945877573396525,0.6862668372125313,1.9714416070387115,1.1383391438646202,1.0251376738883216,1.063791756163776,1.4652428792948229,-0.2059567587196267,-0.0655603510819285,-0.7112146522721566,1.2002499931107515,2.0847153066025923,2.05712470274224,3.5994663953037977,0.6698164293700288,0.7755459291516873,-0.8098223407189619,-0.8357652462782296,-0.8572571053466674,-0.0523423922590192,-1.1093712706059182,-1.2467346299197746,-0.1641803421344108,-0.3986539308063315,-0.2596168243757997,-0.0,0.8920327693008685,0,1.0,0.9069767441860465,7.020833333333333,0.0012577468476975694,0.24752475247524752,2.6923076923076925,0.00017288244678301712,0.0761904761904762,0.02373887240356083,4.0,0.9619047619047619,0.9406528189910979,0.05128205128205128
1,318,338,40,10,11,2,6,1,1,1,49,43,257754,3,1,2652,2,0.0,0.0,1,0,150000,20000000000,801459,45459,0.0,9,-0.0369863360727654,0.802534829145151,0.6932299571509818,2.0578027833614128,-0.8903696088739645,-0.8768650512615364,-0.7425620518819458,1.4747001434724054,-0.8249141966547399,-0.6437552545996592,-0.7112146522721566,1.2738824935261948,2.164444230554165,2.1330679531510714,-0.6703125130484722,-0.8252480053971886,-0.8827259467572125,-0.8098223407189619,-0.8357652462782296,-0.8572571053466674,-0.0523423922590192,-1.1093712706059182,-1.2467346299197746,-0.1641803421344108,1.0192694164970992,-0.1924504029064037,-0.0,-0.7551978244725079,0,1.0,0.9090909090909091,6.8979591836734695,0.0012337297045644118,1.0,3.6666666666666665,0.003769317753486619,0.09090909090909091,0.0029585798816568047,1.0,0.9090909090909091,0.9408284023668639,0.025
1,319,339,40,3,3,3,7,1,1,1,50,43,261034,2,133,753789,2,0.0,0.0,1,0,150000,18062397337,64210,43210,8e+17,2,-0.0369863360727654,0.8104819009506493,0.7001930770894323,2.0578027833614128,-1.046424128315394,-1.0387376236147157,-0.6640249297930014,1.484157407649988,-0.8249141966547399,-0.6437552545996592,-0.7112146522721566,1.3475149939416382,2.164444230554165,2.1766386827891626,-0.7889174827249241,1.1681712409591012,1.259084879065418,-0.8098223407189619,-0.8357652462782296,-0.8572571053466674,-0.0523423922590192,-1.1093712706059182,-1.2467346299197746,-1.7130980981975408,-0.4258310693805355,-0.1974220090769102,-0.0,-0.9574893009008174,0,1.0,0.9090909090909091,6.78,0.0012220583446664241,0.022388059701492536,1.5,3.979888297801775e-06,0.3333333333333333,0.0029498525073746312,1.0,1.0,0.9410029498525073,0.025
1,320,340,40,17,18,2,8,2,1,1,50,43,261278,3,1,6176,2,0.0,0.0,1,0,150000,20000000000,674633,43210,5e+17,16,-0.0369863360727654,0.8184289727561478,0.7071561970278828,2.0578027833614128,-0.734315089432535,-0.7352265504525043,-0.7425620518819458,1.4936146718275705,-0.7364917055211523,-0.6437552545996592,-0.7112146522721566,1.3475149939416382,2.164444230554165,2.179879919993948,-0.6703125130484722,-0.8252480053971886,-0.8726775250309509,-0.8098223407189619,-0.8357652462782296,-0.8572571053466674,-0.0523423922590192,-1.1093712706059182,-1.2467346299197746,-0.1641803421344108,0.7706745534021111,-0.1974220090769102,-0.0,-0.5529063480441986,0,1.0,0.9090909090909091,6.8,0.001224744430283337,1.0,6.0,0.002752145054233447,0.1111111111111111,0.0058823529411764705,2.0,0.9444444444444444,0.9411764705882353,0.025
1,321,341,40,19,20,2,9,3,1,1,50,43,261282,3,1,6180,2,0.0,0.0,1,0,150000,20000000000,141073,36073,0.0,18,-0.0369863360727654,0.8263760445616463,0.7141193169663334,2.0578027833614128,-0.6897280838778408,-0.6947584073642095,-0.7425620518819458,1.5030719360051528,-0.6480692143875647,-0.6437552545996592,-0.7112146522721566,1.3475149939416382,2.164444230554165,2.179933055030092,-0.6703125130484722,-0.8252480053971886,-0.8726661193309211,-0.8098223407189619,-0.8357652462782296,-0.8572571053466674,-0.0523423922590192,-1.1093712706059182,-1.2467346299197746,-0.1641803421344108,-0.2751699512969401,-0.21319895582609,-0.0,-0.4951087833503959,0,1.0,0.9090909090909091,6.82,0.0012285529483357126,1.0,6.666666666666667,0.0030739362562692122,0.15,0.008797653958944282,3.0,0.95,0.9413489736070382,0.025
1,322,343,40,4,5,3,10,3,1,1,50,43,261803,2,133,754558,2,0.0,0.0,1,0,150000,17840922316,264918,30459,0.0,4,-0.0369863360727654,0.8343231163671447,0.7280455568432344,2.0578027833614128,-1.0241306255380471,-0.9982694805264208,-0.6640249297930014,1.5125292001827353,-0.6480692143875647,-0.6437552545996592,-0.7112146522721566,1.3475149939416382,2.164444230554165,2.186853893487849,-0.7889174827249241,1.1681712409591012,1.2612776248961488,-0.8098223407189619,-0.8357652462782296,-0.8572571053466674,-0.0523423922590192,-1.1093712706059182,-1.2467346299197746,-1.8901450227822816,-0.0324182219985407,-0.2256091812779459,-0.0,-0.8996917362070147,0,1.0,0.9090909090909091,6.86,0.001229927732196605,0.022388059701492536,2.5,5.301109654778486e-06,0.6,0.008746355685131196,3.0,0.8,0.9387755102040817,0.025
1,322,343,40,4,5,3,11,3,1,1,50,43,261803,2,133,754558,2,0.0,0.0,1,0,150000,17840922316,234459,45459,0.0,3,-0.0369863360727654,0.8343231163671447,0.7280455568432344,2.0578027833614128,-1.0241306255380471,-0.9982694805264208,-0.6640249297930014,1.5219864643603178,-0.6480692143875647,-0.6437552545996592,-0.7112146522721566,1.3475149939416382,2.164444230554165,2.186853893487849,-0.7889174827249241,1.1681712409591012,1.2612776248961488,-0.8098223407189619,-0.8357652462782296,-0.8572571053466674,-0.0523423922590192,-1.1093712706059182,-1.2467346299197746,-1.8901450227822816,-0.0921216813444969,-0.1924504029064037,-0.0,-0.928590518553916,0,1.0,0.9090909090909091,6.86,0.001229927732196605,0.022388059701492536,2.5,5.301109654778486e-06,0.6,0.008746355685131196,3.0,0.8,0.9387755102040817,0.025
1,323,344,41,48,48,11,12,17,6,1,50,44,267226,6,40,241353,2,0.0,0.0,1,0,150000,20000000000,475079,45523,0.0,40,-0.0369863360727654,0.8422701881726431,0.7350086767816848,2.144163959684114,-0.0432165033347753,-0.1282044041280816,-0.035727953081446,1.5314437285379003,0.5898456614826615,2.2472192629889944,-0.7112146522721566,1.3475149939416382,2.244173154505737,2.258891718740096,-0.3144976040191163,-0.2362832280646483,-0.2020879460533625,-0.8098223407189619,-0.8357652462782296,-0.8572571053466674,-0.0523423922590192,-1.1093712706059182,-1.2467346299197746,-0.1641803421344108,0.3795236907236598,-0.1923089254520184,-0.0,0.1406644282814336,0,1.0,0.9111111111111111,6.88,0.001208710197697089,0.2682926829268293,8.0,0.00019887799663564722,0.3541666666666667,0.04941860465116279,2.8333333333333335,1.0,0.938953488372093,0.14634146341463414
1,324,345,41,49,49,11,13,18,6,1,50,44,267228,6,40,241355,2,0.0,0.0,1,0,150000,20000000000,28210,28210,4.375e+19,41,-0.0369863360727654,0.8502172599781416,0.7419717967201354,2.144163959684114,-0.0209230005574282,-0.1079703325839341,-0.035727953081446,1.5409009927154829,0.6782681526162491,2.2472192629889944,-0.7112146522721566,1.3475149939416382,2.244173154505737,2.258918286258168,-0.3144976040191163,-0.2362832280646483,-0.2020822432033475,-0.8098223407189619,-0.8357652462782296,-0.8572571053466674,-0.0523423922590192,-1.1093712706059182,-1.2467346299197746,-0.1641803421344108,-0.4963955835292084,-0.2305807874484525,0.0,0.1695632106283349,0,1.0,0.9111111111111111,6.9,0.0012124432602748953,0.2682926829268293,8.166666666666666,0.00020301960589336914,0.3673469387755102,0.05217391304347826,3.0,1.0,0.9391304347826087,0.14634146341463414
1,325,346,41,52,52,11,14,19,6,1,50,44,267250,6,40,241377,2,0.0,0.0,1,0,150000,20000000000,497865,45587,0.0,43,-0.0369863360727654,0.85816433178364,0.7489349166585858,2.144163959684114,0.045957507774613,-0.0472681179514919,-0.035727953081446,1.5503582568930654,0.7666906437498366,2.2472192629889944,-0.7112146522721566,1.3475149939416382,2.244173154505737,2.2592105289569595,-0.3144976040191163,-0.2362832280646483,-0.2020195118531836,-0.8098223407189619,-0.8357652462782296,-0.8572571053466674,-0.0523423922590192,-1.1093712706059182,-1.2467346299197746,-0.1641803421344108,0.4241871079289837,-0.1921674479976332,-0.0,0.2273607753221376,0,1.0,0.9111111111111111,6.92,0.0012160852531889496,0.2682926829268293,8.666666666666666,0.00021542974090430777,0.36538461538461536,0.05491329479768786,3.1666666666666665,1.0,0.9393063583815029,0.14634146341463414
1,326,347,41,53,53,11,15,20,6,1,50,44,267253,6,40,241380,2,0.0,0.0,1,0,150000,20000000000,189571,28210,4.53125e+19,44,-0.0369863360727654,0.8661114035891384,0.7558980365970364,2.144163959684114,0.06825101055196,-0.0270340464073444,-0.035727953081446,1.559815521070648,0.8551131348834242,2.2472192629889944,-0.7112146522721566,1.3475149939416382,2.244173154505737,2.2592503802340675,-0.3144976040191163,-0.2362832280646483,-0.2020109575781613,-0.8098223407189619,-0.8357652462782296,-0.8572571053466674,-0.0523423922590192,-1.1093712706059182,-1.2467346299197746,-0.1641803421344108,-0.1801077899863198,-0.2305807874484525,0.0,0.2562595576690389,0,1.0,0.9111111111111111,6.94,0.0012198133610722384,0.2682926829268293,8.833333333333334,0.0002195698915821875,0.37735849056603776,0.05763688760806916,3.3333333333333335,1.0,0.9394812680115274,0.14634146341463414
1,327,348,41,56,56,11,16,21,6,1,50,44,267275,6,40,241402,2,0.0,0.0,1,0,150000,20000000000,87523,45523,0.0,46,-0.0369863360727654,0.8740584753946369,0.7628611565354868,2.144163959684114,0.1351315188840013,0.0336681682250977,-0.035727953081446,1.5692727852482304,0.9435356260170118,2.2472192629889944,-0.7112146522721566,1.3475149939416382,2.244173154505737,2.25954262293286,-0.3144976040191163,-0.2362832280646483,-0.2019482262279973,-0.8098223407189619,-0.8357652462782296,-0.8572571053466674,-0.0523423922590192,-1.1093712706059182,-1.2467346299197746,-0.1641803421344108,-0.3801346660930909,-0.1923089254520184,-0.0,0.3140571223628416,0,1.0,0.9111111111111111,6.96,0.0012234544066807346,0.2682926829268293,9.333333333333334,0.0002319772330915523,0.375,0.0603448275862069,3.5,1.0,0.9396551724137931,0.14634146341463414
1,328,349,41,57,57,11,17,22,6,1,50,44,267278,6,40,241405,2,0.0,0.0,1,0,150000,20000000000,28210,28210,4.811e+19,47,-0.0369863360727654,0.8820055472001354,0.7698242764739374,2.144163959684114,0.1574250216613484,0.0539022397692452,-0.035727953081446,1.578730049425813,1.0319581171505994,2.2472192629889944,-0.7112146522721566,1.3475149939416382,2.244173154505737,2.259582474209968,-0.3144976040191163,-0.2362832280646483,-0.2019396719529749,-0.8098223407189619,-0.8357652462782296,-0.8572571053466674,-0.0523423922590192,-1.1093712706059182,-1.2467346299197746,-0.1641803421344108,-0.4963955835292084,-0.2305807874484525,0.0,0.342955904709743,0,1.0,0.9111111111111111,6.98,0.0012271820831415861,0.2682926829268293,9.5,0.00023611674937656894,0.38596491228070173,0.06303724928366762,3.6666666666666665,1.0,0.9398280802292264,0.14634146341463414
1,329,350,42,49,62,11,18,2,2,2,50,45,273482,8,34,204091,2,1.0,1.0,1,1,150000,20000000000,1016587,35811,0.0,56,-0.0369863360727654,0.8899526190056338,0.7767873964123878,2.2305251360068152,-0.0209230005574282,0.1550725974899823,-0.035727953081446,1.5881873136033955,-0.7364917055211523,-0.0655603510819285,-0.5419659118744913,1.3475149939416382,2.32390207845731,2.3419949152693325,-0.0772876646662124,-0.3268931938081161,-0.3083377446810467,-0.8098223407189619,-0.4681088999587199,-0.2384087807768838,-0.0523423922590192,-0.300546798411165,-1.2467346299197746,-0.1641803421344108,1.4409472720464236,-0.2137781291549796,-0.0,0.6030449458318551,0,0.5,0.9130434782608695,7.0,0.001202999820829814,0.3142857142857143,7.75,0.0002400878035395802,0.03225806451612903,0.005714285714285714,1.0,0.7903225806451613,0.94,0.047619047619047616
1,330,351,42,10,10,2,19,3,2,2,50,45,273530,3,37,225997,2,1.0,1.0,1,1,150000,20000000000,273254,35747,0.0,7,-0.0369863360727654,0.8978996908111322,0.7837505163508384,2.2305251360068152,-0.8903696088739645,-0.8970991228056837,-0.7425620518819458,1.597644577780978,-0.6480692143875647,-0.0655603510819285,-0.5419659118744913,1.3475149939416382,2.32390207845731,2.3426325357030606,-0.6703125130484722,-0.2815882109363822,-0.2458744284677986,-0.8098223407189619,-0.4681088999587199,-0.2384087807768838,-0.0523423922590192,-0.300546798411165,-1.2467346299197746,-0.1641803421344108,-0.0160786167223369,-0.2139196066093649,-0.0,-0.8129953891663106,0,0.5,0.9130434782608695,7.02,0.0012064446077409874,0.05263157894736842,3.3333333333333335,4.424817918742644e-05,0.3,0.008547008547008548,1.5,1.0,0.9401709401709402,0.047619047619047616
1,331,352,42,18,18,9,20,3,2,2,50,45,273586,6,294,1557579,2,1.0,1.0,1,1,150000,20000000000,41747,20747,0.0,15,-0.0369863360727654,0.9058467626166308,0.7907136362892888,2.2305251360068152,-0.7120215866551879,-0.7352265504525043,-0.1928021972593349,1.6071018419585603,-0.6480692143875647,-0.0655603510819285,-0.5419659118744913,1.3475149939416382,2.32390207845731,2.343376426209077,-0.3144976040191163,3.599538655075485,3.5510317858054297,-0.8098223407189619,-0.4681088999587199,-0.2384087807768838,-0.0523423922590192,-0.300546798411165,-1.2467346299197746,-0.1641803421344108,-0.4698613660839144,-0.2470783849809072,-0.0,-0.5818051303910999,0,0.5,0.9130434782608695,7.04,0.0012098528073336819,0.030508474576271188,3.0,1.1556388756917783e-05,0.16666666666666666,0.008522727272727272,1.5,1.0,0.9403409090909091,0.047619047619047616
1,332,353,42,42,43,3,21,4,2,1,50,45,273600,3,3,18498,2,0.0,0.0,1,0,150000,20000000000,315582,15075,0.0,41,-0.0369863360727654,0.9137938344221292,0.7976767562277394,2.2305251360068152,-0.1769775199988578,-0.2293747618488187,-0.6640249297930014,1.616559106136143,-0.5596467232539771,-0.0655603510819285,-0.7112146522721566,1.3475149939416382,2.32390207845731,2.343562398835581,-0.6703125130484722,-0.7950446834826993,-0.8375422660891247,-0.8098223407189619,-0.8357652462782296,-0.8572571053466674,-0.0523423922590192,-1.1093712706059182,-1.2467346299197746,-0.1641803421344108,0.0668895709133581,-0.2596168243757997,-0.0,0.1695632106283349,0,1.0,0.9130434782608695,7.06,0.0012134458572885334,0.75,14.333333333333334,0.0022703929942159036,0.09302325581395349,0.0113314447592068,2.0,0.9767441860465116,0.9405099150141643,0.047619047619047616
1,333,354,42,47,48,3,22,5,2,1,50,45,273640,3,3,18538,2,0.0,0.0,1,0,150000,20000000000,108459,45459,0.0,46,-0.0369863360727654,0.9217409062276276,0.8046398761661898,2.2305251360068152,-0.0655100061121224,-0.1282044041280816,-0.6640249297930014,1.6260163703137256,-0.4712242321203895,-0.0655603510819285,-0.7112146522721566,1.3475149939416382,2.32390207845731,2.3440937491970213,-0.6703125130484722,-0.7950446834826993,-0.8374282090888266,-0.8098223407189619,-0.8357652462782296,-0.8572571053466674,-0.0523423922590192,-1.1093712706059182,-1.2467346299197746,-0.1641803421344108,-0.3390974808648516,-0.1924504029064037,-0.0,0.3140571223628416,0,1.0,0.9130434782608695,7.08,0.0012169229026352045,0.75,16.0,0.0025351960731431035,0.10416666666666667,0.014124293785310734,2.5,0.9791666666666666,0.940677966101695,0.047619047619047616
1,334,355,42,48,49,3,23,6,2,2,50,45,273646,3,3,18544,2,1.0,1.0,1,1,150000,20000000000,419683,20683,0.0,47,-0.0369863360727654,0.929687978033126,0.8116029961046404,2.2305251360068152,-0.0432165033347753,-0.1079703325839341,-0.6640249297930014,1.635473634491308,-0.3828017409868019,-0.0655603510819285,-0.5419659118744913,1.3475149939416382,2.32390207845731,2.3441734517512374,-0.6703125130484722,-0.7950446834826993,-0.8374111005387819,-0.8098223407189619,-0.4681088999587199,-0.2384087807768838,-0.0523423922590192,-0.300546798411165,-1.2467346299197746,-0.1641803421344108,0.2709405844519966,-0.2472198624352924,-0.0,0.342955904709743,0,0.5,0.9130434782608695,7.1,0.0012205505633169742,0.75,16.333333333333332,0.0025882987328120785,0.12244897959183673,0.016901408450704224,3.0,0.9795918367346939,0.9408450704225352,0.047619047619047616
1,335,356,42,49,50,3,24,7,2,1,50,45,273650,3,3,18548,2,0.0,0.0,1,0,150000,20000000000,36075,15075,0.0,48,-0.0369863360727654,0.9376350498386244,0.8185661160430908,2.2305251360068152,-0.0209230005574282,-0.0877362610397867,-0.6640249297930014,1.6449308986688906,-0.2943792498532143,-0.0655603510819285,-0.7112146522721566,1.3475149939416382,2.32390207845731,2.3442265867873813,-0.6703125130484722,-0.7950446834826993,-0.8373996948387521,-0.8098223407189619,-0.8357652462782296,-0.8572571053466674,-0.0523423922590192,-1.1093712706059182,-1.2467346299197746,-0.1641803421344108,-0.4809791973131164,-0.2596168243757997,-0.0,0.3718546870566443,0,1.0,0.9130434782608695,7.12,0.001224187011923947,0.75,16.666666666666668,0.0026416518410695995,0.14,0.019662921348314606,3.5,0.98,0.9410112359550562,0.047619047619047616
1,336,357,42,55,58,13,25,16,7,1,50,45,273658,6,27,166338,2,0.0,0.0,1,0,150000,20000000000,57075,15075,0.0,56,-0.0369863360727654,0.9455821216441228,0.8255292359815414,2.2305251360068152,0.1128380161066542,0.0741363113133926,0.1213462910964428,1.6543881628464732,0.5014231703490739,2.8254141665067247,-0.7112146522721566,1.3475149939416382,2.32390207845731,2.344332856859669,-0.3144976040191163,-0.4326048205088284,-0.41598759298739,-0.8098223407189619,-0.8357652462782296,-0.8572571053466674,-0.0523423922590192,-1.1093712706059182,-1.2467346299197746,-0.1641803421344108,-0.4398165640597239,-0.2596168243757997,-0.0,0.6030449458318551,0,1.0,0.9130434782608695,7.14,0.0012278054074596487,0.4642857142857143,9.666666666666666,0.0003306500580140556,0.27586206896551724,0.04481792717086835,2.2857142857142856,0.9482758620689655,0.9411764705882353,0.16666666666666666
1,337,358,42,17,17,9,26,1,1,2,51,45,273704,6,135,765914,2,1.0,1.0,1,1,150000,20000000000,218308,35747,0.0,15,-0.0369863360727654,0.9535291934496212,0.8324923559199918,2.2305251360068152,-0.734315089432535,-0.7554606219966518,-0.1928021972593349,1.6638454270240557,-0.8249141966547399,-0.6437552545996592,-0.5419659118744913,1.4211474943570817,2.32390207845731,2.344943909775325,-0.3144976040191163,1.1983745628735905,1.2936584072807762,-0.8098223407189619,-0.4681088999587199,-0.2384087807768838,-0.0523423922590192,-0.300546798411165,-1.2467346299197746,-0.1641803421344108,-0.1237796665671417,-0.2139196066093649,-0.0,-0.5818051303910999,0,0.5,0.9130434782608695,7.019607843137255,0.001231252626002448,0.0661764705882353,2.8333333333333335,2.2195674454737143e-05,0.058823529411764705,0.002793296089385475,1.0,1.0,0.9413407821229051,0.023809523809523808
1,467,527,40,84,86,24,1,2,1,3,49,41,245744,39,99,578017,4,2.0,1.0,1,2,300000,20000000000,222003,155395,0.0,47,-0.0369863360727654,1.986648528164419,2.0092596255181263,2.0578027833614128,0.7593495966497197,0.6406903145495205,0.9852546340748316,1.597644577780978,-0.7364917055211523,-0.6437552545996592,-0.3727171714768258,1.2738824935261948,2.00498638265102,1.9735300071286708,3.5994663953037977,0.6547147684127842,0.7578842026555282,-0.0637053446128824,-0.1004525536392102,-0.2384087807768838,-0.0523423922590192,0.508277673783588,-1.1428114211695335,-0.1641803421344108,-0.1165370032399377,0.0505724943638543,-0.0,0.342955904709743,0,0.3333333333333333,0.9523809523809523,10.755102040816327,0.0019003438523672912,0.24,2.2051282051282053,0.00014532419405624046,0.023255813953488372,0.003795066413662239,2.0,0.9767441860465116,0.8861480075901328,0.025
1,468,528,40,85,87,24,2,3,1,3,49,41,245752,39,99,578025,4,2.0,1.0,1,2,300000,23543062534,155395,155395,0.0,48,-0.0369863360727654,1.9945955999699168,2.016222745456577,2.0578027833614128,0.7816430994270668,0.660924386093668,0.9852546340748316,1.6071018419585603,-0.6480692143875647,-0.6437552545996592,-0.3727171714768258,1.2738824935261948,2.00498638265102,1.9736362772009588,3.5994663953037977,0.6547147684127842,0.7579070140555879,-0.0637053446128824,-0.1004525536392102,-0.2384087807768838,-0.0523423922590192,0.508277673783588,-1.1428114211695335,2.668140532805792,-0.2470970354181265,0.0505724943638543,-0.0,0.3718546870566443,0,0.3333333333333333,0.9523809523809523,10.775510204081632,0.001904351116771718,0.24,2.230769230769231,0.00014705220872417504,0.034482758620689655,0.005681818181818182,3.0,0.9770114942528736,0.8863636363636364,0.025
1,469,529,40,86,88,24,3,4,1,3,49,41,245755,39,99,578028,4,2.0,1.0,1,2,300000,22843343299,155395,155395,0.0,49,-0.0369863360727654,2.002542671775416,2.0231858653950274,2.0578027833614128,0.8039366022044139,0.6811584576378154,0.9852546340748316,1.616559106136143,-0.5596467232539771,-0.6437552545996592,-0.3727171714768258,1.2738824935261948,2.00498638265102,1.9736761284780668,3.5994663953037977,0.6547147684127842,0.7579155683306102,-0.0637053446128824,-0.1004525536392102,-0.2384087807768838,-0.0523423922590192,0.508277673783588,-1.1428114211695335,2.1087856309745026,-0.2470970354181265,0.0505724943638543,-0.0,0.4007534694035456,0,0.3333333333333333,0.9523809523809523,10.795918367346939,0.0019083969465648854,0.24,2.2564102564102564,0.00014878146252177659,0.045454545454545456,0.007561436672967864,4.0,0.9772727272727273,0.8865784499054821,0.025
1,470,530,40,89,91,24,4,5,1,3,49,41,245776,39,99,578049,4,2.0,1.0,1,2,150000,20000000000,228853,33882,0.0,52,-0.0369863360727654,2.0104897435809144,2.030148985333478,2.0578027833614128,0.8708171105364552,0.7418606722702576,0.9852546340748316,1.6260163703137256,-0.4712242321203895,-0.6437552545996592,-0.3727171714768258,1.2738824935261948,2.00498638265102,1.9739550874178229,3.5994663953037977,0.6547147684127842,0.7579754482557668,-0.0637053446128824,-0.1004525536392102,-0.2384087807768838,-0.0523423922590192,0.508277673783588,-1.2467346299197746,-0.1641803421344108,-0.1031101442977596,-0.21804234805356,-0.0,0.4874498164442497,0,0.3333333333333333,0.9523809523809523,10.816326530612244,0.0019123026157858547,0.24,2.3333333333333335,0.00015396591990312256,0.054945054945054944,0.009433962264150943,5.0,0.978021978021978,0.8867924528301887,0.025
1,471,531,40,91,93,24,5,6,1,3,49,41,245780,39,99,578053,4,2.0,1.0,1,2,300000,20000000000,260395,155395,0.0,54,-0.0369863360727654,2.018436815386413,2.0371121052719285,2.0578027833614128,0.9154041160911494,0.7823288153585525,0.9852546340748316,1.635473634491308,-0.3828017409868019,-0.6437552545996592,-0.3727171714768258,1.2738824935261948,2.00498638265102,1.9740082224539668,3.5994663953037977,0.6547147684127842,0.7579868539557966,-0.0637053446128824,-0.1004525536392102,-0.2384087807768838,-0.0523423922590192,0.508277673783588,-1.1428114211695335,-0.1641803421344108,-0.0412838691511642,0.0505724943638543,-0.0,0.5452473811380524,0,0.3333333333333333,0.9523809523809523,10.83673469387755,0.0019163401564807694,0.24,2.3846153846153846,0.00015742473886522711,0.06451612903225806,0.011299435028248588,6.0,0.978494623655914,0.8870056497175142,0.025
1,472,532,40,92,94,24,6,7,1,13,49,41,245784,39,99,578057,8,5.0,4.0,1,3,300000,20000000000,327495,96495,0.0,55,-0.0369863360727654,2.026383887191911,2.044075225210379,2.0578027833614128,0.9376976188684965,0.8025628869027,0.9852546340748316,1.6449308986688906,-0.2943792498532143,-0.6437552545996592,1.319770232499828,1.2738824935261948,2.00498638265102,1.974061357490111,3.5994663953037977,0.6547147684127842,0.7579982596558263,1.428528647599277,1.0025164853193187,1.618136192932467,-0.0523423922590192,1.3171021459783412,-1.1428114211695335,-0.1641803421344108,0.0902405447203897,-0.0796309753750682,-0.0,0.5741461634849537,0,0.07692307692307693,0.9523809523809523,10.857142857142858,0.0019203775657586914,0.24,2.41025641025641,0.0001591535797445931,0.07446808510638298,0.013157894736842105,7.0,0.9787234042553191,0.8872180451127819,0.025
1,474,535,41,93,96,25,7,9,2,3,49,42,251903,39,100,584176,4,2.0,1.0,1,2,150000,21002233507,33882,33882,0.0,56,-0.0369863360727654,2.0422780308029083,2.0649645850257303,2.144163959684114,0.9599911216458434,0.8430310299909948,1.063791756163776,1.6543881628464732,-0.1175342675860391,-0.0655603510819285,-0.3727171714768258,1.2738824935261948,2.0847153066025923,2.0553446790314154,3.5994663953037977,0.6698164293700288,0.7754461292764264,-0.0637053446128824,-0.1004525536392102,-0.2384087807768838,-0.0523423922590192,0.508277673783588,-1.2467346299197746,0.6370041857141252,-0.4852777523000063,-0.21804234805356,-0.0,0.6030449458318551,0,0.3333333333333333,0.9534883720930233,10.918367346938776,0.001881669207317073,0.24752475247524752,2.4615384615384617,0.00015919832516514686,0.09375,0.016822429906542057,4.5,0.96875,0.8859813084112149,0.04878048780487805
1,474,535,41,93,96,25,8,9,2,3,49,42,251903,39,100,584176,4,2.0,1.0,1,2,150000,20774779317,67764,33882,0.0,57,-0.0369863360727654,2.0422780308029083,2.0649645850257303,2.144163959684114,0.9599911216458434,0.8430310299909948,1.063791756163776,1.6638454270240557,-0.1175342675860391,-0.0655603510819285,-0.3727171714768258,1.2738824935261948,2.0847153066025923,2.0553446790314154,3.5994663953037977,0.6698164293700288,0.7754461292764264,-0.0637053446128824,-0.1004525536392102,-0.2384087807768838,-0.0523423922590192,0.508277673783588,-1.2467346299197746,0.4551775190246416,-0.4188647837337471,-0.21804234805356,-0.0,0.6319437281787564,0,0.3333333333333333,0.9534883720930233,10.918367346938776,0.001881669207317073,0.24752475247524752,2.4615384615384617,0.00015919832516514686,0.09375,0.016822429906542057,4.5,0.96875,0.8859813084112149,0.04878048780487805
1,475,537,41,94,98,25,9,11,2,3,49,42,251904,39,100,584177,4,2.0,1.0,1,2,150000,20580119634,109764,33882,0.0,59,-0.0369863360727654,2.0502251026084064,2.0788908249026314,2.144163959684114,0.9822846244231904,0.8834991730792896,1.063791756163776,1.6827599553792203,0.0593107146811359,-0.0655603510819285,-0.3727171714768258,1.2738824935261948,2.0847153066025923,2.055357962790452,3.5994663953037977,0.6698164293700288,0.7754489807014339,-0.0637053446128824,-0.1004525536392102,-0.2384087807768838,-0.0523423922590192,0.508277673783588,-1.2467346299197746,0.2995667505498048,-0.3365395172269622,-0.21804234805356,-0.0,0.6897412928725591,0,0.3333333333333333,0.9534883720930233,10.959183673469388,0.0018856314880609753,0.24752475247524752,2.5128205128205128,0.00016090985966606068,0.11224489795918367,0.020484171322160148,5.5,0.9591836734693877,0.8845437616387337,0.04878048780487805
1,475,537,41,94,98,25,10,11,2,3,49,42,251904,39,100,584177,4,2.0,1.0,1,2,150000,20580119634,75882,33882,0.0,58,-0.0369863360727654,2.0502251026084064,2.0788908249026314,2.144163959684114,0.9822846244231904,0.8834991730792896,1.063791756163776,1.673302691201638,0.0593107146811359,-0.0655603510819285,-0.3727171714768258,1.2738824935261948,2.0847153066025923,2.055357962790452,3.5994663953037977,0.6698164293700288,0.7754489807014339,-0.0637053446128824,-0.1004525536392102,-0.2384087807768838,-0.0523423922590192,0.508277673783588,-1.2467346299197746,0.2995667505498048,-0.4029524857932214,-0.21804234805356,-0.0,0.6608425105256578,0,0.3333333333333333,0.9534883720930233,10.959183673469388,0.0018856314880609753,0.24752475247524752,2.5128205128205128,0.00016090985966606068,0.11224489795918367,0.020484171322160148,5.5,0.9591836734693877,0.8845437616387337,0.04878048780487805
1,476,538,41,96,100,25,11,12,2,3,49,42,251911,39,100,584184,4,2.0,1.0,1,2,300000,20000000000,321000,300000,0.0,61,-0.0369863360727654,2.058172174413905,2.085853944841082,2.144163959684114,1.0268716299778848,0.9239673161675844,1.063791756163776,1.692217219556803,0.1477332058147235,-0.0655603510819285,-0.3727171714768258,1.2738824935261948,2.0847153066025923,2.055450949103704,3.5994663953037977,0.6698164293700288,0.7754689406764861,-0.0637053446128824,-0.1004525536392102,-0.2384087807768838,-0.0523423922590192,0.508277673783588,-1.1428114211695335,-0.1641803421344108,0.0775095302927333,0.3702341707916456,-0.0,0.7475388575663617,0,0.3333333333333333,0.9534883720930233,10.979591836734693,0.0018895487313029947,0.24752475247524752,2.5641025641025643,0.00016433150457474945,0.12,0.022304832713754646,6.0,0.96,0.8847583643122676,0.04878048780487805
1,477,539,41,97,101,25,12,13,2,13,49,42,251919,39,100,584192,8,5.0,4.0,1,3,300000,20000000000,102623,81623,0.0,62,-0.0369863360727654,2.066119246219404,2.092817064779533,2.144163959684114,1.0491651327552318,0.944201387711732,1.063791756163776,1.7016744837343856,0.2361556969483111,-0.0655603510819285,1.319770232499828,1.2738824935261948,2.0847153066025923,2.0555572191759914,3.5994663953037977,0.6698164293700288,0.7754917520765457,1.428528647599277,1.0025164853193187,1.618136192932467,-0.0523423922590192,1.3171021459783412,-1.1428114211695335,-0.1641803421344108,-0.3505367726585087,-0.11250679883784,-0.0,0.7764376399132631,0,0.07692307692307693,0.9534883720930233,11.0,0.001893458240711337,0.24752475247524752,2.58974358974359,0.00016604101726655404,0.12871287128712872,0.02411873840445269,6.5,0.9603960396039604,0.8849721706864564,0.04878048780487805
1,478,540,41,98,102,25,13,14,2,13,49,42,251923,39,100,584196,8,5.0,4.0,1,3,300000,20000000000,1257623,81623,0.0,63,-0.0369863360727654,2.0740663180249017,2.099780184717983,2.144163959684114,1.0714586355325788,0.9644354592558794,1.063791756163776,1.711131747911968,0.3245781880818987,-0.0655603510819285,1.319770232499828,1.2738824935261948,2.0847153066025923,2.055610354212136,3.5994663953037977,0.6698164293700288,0.7755031577765755,1.428528647599277,1.0025164853193187,1.618136192932467,-0.0523423922590192,1.3171021459783412,-1.1428114211695335,-0.1641803421344108,1.913408056278076,-0.11250679883784,-0.0,0.8053364222601644,0,0.07692307692307693,0.9534883720930233,11.020408163265307,0.00189739762785602,0.24752475247524752,2.6153846153846154,0.0001677516317269688,0.13725490196078433,0.025925925925925925,7.0,0.9607843137254902,0.8851851851851852,0.04878048780487805
1,479,541,41,99,103,25,14,15,2,13,49,42,251930,39,100,584203,8,5.0,4.0,1,3,300000,20000000000,377523,81623,0.0,64,-0.0369863360727654,2.0820133898304003,2.106743304656433,2.144163959684114,1.093752138309926,0.9846695308000268,1.063791756163776,1.7205890120895506,0.4130006792154863,-0.0655603510819285,1.319770232499828,1.2738824935261948,2.0847153066025923,2.055703340525388,3.5994663953037977,0.6698164293700288,0.7755231177516276,1.428528647599277,1.0025164853193187,1.618136192932467,-0.0523423922590192,1.3171021459783412,-1.1428114211695335,-0.1641803421344108,0.1883016978823286,-0.11250679883784,-0.0,0.8342352046070658,0,0.07692307692307693,0.9534883720930233,11.040816326530612,0.0019013142487427112,0.24752475247524752,2.641025641025641,0.0001694613525412356,0.14563106796116504,0.027726432532347505,7.5,0.9611650485436893,0.8853974121996303,0.04878048780487805
1,480,542,41,100,104,25,15,16,2,13,49,42,251935,39,100,584208,8,5.0,4.0,1,3,300000,20000000000,144623,81623,0.0,65,-0.0369863360727654,2.089960461635899,2.113706424594884,2.144163959684114,1.116045641087273,1.0049036023441742,1.063791756163776,1.7300462762671331,0.5014231703490739,-0.0655603510819285,1.319770232499828,1.2738824935261948,2.0847153066025923,2.0557697593205675,3.5994663953037977,0.6698164293700288,0.775537374876665,1.428528647599277,1.0025164853193187,1.618136192932467,-0.0523423922590192,1.3171021459783412,-1.1428114211695335,-0.1641803421344108,-0.2682115061517238,-0.11250679883784,-0.0,0.8631339869539671,0,0.07692307692307693,0.9534883720930233,11.061224489795919,0.001905245776705195,0.24752475247524752,2.6666666666666665,0.00017117161837630027,0.15384615384615385,0.02952029520295203,8.0,0.9615384615384616,0.8856088560885609,0.04878048780487805
1,511,574,43,5,6,4,16,1,1,3,51,44,266654,3,134,759508,4,2.0,1.0,1,2,300000,18074862080,140523,140523,0.0,5,-0.0369863360727654,2.3363196876063506,2.3365262626253,2.3168863123295163,-1.0018371227607,-0.9780354089822736,-0.585487807704057,1.7395035404447157,-0.8249141966547399,-0.6437552545996592,-0.3727171714768258,1.4211474943570817,2.244173154505737,2.251293408571501,-0.6703125130484722,1.1832729019163457,1.2753921786830371,-0.0637053446128824,-0.1004525536392102,-0.2384087807768838,-0.0523423922590192,0.508277673783588,-1.1428114211695335,-1.7031337943048268,-0.2762480202631004,0.0176966709010825,-0.0,-0.8707929538601134,0,0.3333333333333333,0.9555555555555556,11.254901960784315,0.0019163338396054827,0.02962962962962963,2.0,6.583200462404e-06,0.16666666666666666,0.0017421602787456446,1.0,0.8333333333333334,0.8902439024390244,0.023255813953488372
1,512,577,43,46,58,10,17,21,4,17,51,44,266731,8,33,197439,9,8.0,4.0,1,3,300000,20000000000,487299,60637,0.0,52,-0.0369863360727654,2.3442667594118487,2.3574156224406515,2.3168863123295163,-0.0878035088894695,0.0741363113133926,-0.1142650751703904,1.7489608046222982,0.9435356260170118,1.090829455953533,1.9967651940904887,1.4211474943570817,2.244173154505737,2.2523162580172738,-0.0772876646662124,-0.3419948547653607,-0.3273054238306188,1.8015871456523165,2.105485524277848,1.618136192932467,-0.0523423922590192,1.3171021459783412,-1.1428114211695335,-0.1641803421344108,0.4034764230263482,-0.1588981403648524,-0.0,0.4874498164442497,0,0.058823529411764705,0.9555555555555556,11.313725490196079,0.0019195297152197711,0.29411764705882354,7.25,0.00023298217179902755,0.3620689655172414,0.036395147313691506,5.25,0.7931034482758621,0.8873483535528596,0.09302325581395349
1,513,578,43,47,59,10,18,22,4,17,51,44,266732,8,33,197440,9,8.0,4.0,1,3,300000,20000000000,107426,86426,0.0,53,-0.0369863360727654,2.352213831217348,2.364378742379102,2.3168863123295163,-0.0655100061121224,0.09437038285754,-0.1142650751703904,1.7584180687998807,1.0319581171505994,1.090829455953533,1.9967651940904887,1.4211474943570817,2.244173154505737,2.2523295417763096,-0.0772876646662124,-0.3419948547653607,-0.3273025724056114,1.8015871456523165,2.105485524277848,1.618136192932467,-0.0523423922590192,1.3171021459783412,-1.1428114211695335,-0.1641803421344108,-0.3411222903958399,-0.1018893580032722,-0.0,0.516348598791151,0,0.058823529411764705,0.9555555555555556,11.333333333333334,0.0019232715861929345,0.29411764705882354,7.375,0.00023804579595929925,0.3728813559322034,0.03806228373702422,5.5,0.7966101694915254,0.8875432525951558,0.09302325581395349
1,515,581,43,50,50,11,19,10,6,13,51,44,267131,6,40,241357,8,5.0,4.0,1,3,300000,20000000000,218735,50735,0.0,42,-0.0369863360727654,2.3681079748283445,2.3852681021944533,2.3168863123295163,0.0013705022199188,-0.0877362610397867,-0.035727953081446,1.7678753329774632,-0.0291117764524515,2.2472192629889944,1.319770232499828,1.4211474943570817,2.244173154505737,2.257629761631675,-0.3144976040191163,-0.2362832280646483,-0.2020765403533327,1.428528647599277,1.0025164853193187,1.618136192932467,-0.0523423922590192,1.3171021459783412,-1.1428114211695335,-0.1641803421344108,-0.1229426930243227,-0.1807873552605199,-0.0,0.1984619929752362,0,0.07692307692307693,0.9555555555555556,11.392156862745098,0.0019278858392105776,0.2682926829268293,8.333333333333334,0.00020716114651264927,0.2,0.01721170395869191,1.6666666666666667,1.0,0.8864027538726333,0.13953488372093023
1,516,582,43,54,54,11,20,11,6,13,51,44,267158,6,40,241384,8,5.0,4.0,1,3,300000,20000000000,71735,50735,0.0,45,-0.0369863360727654,2.3760550466338426,2.392231222132904,2.3168863123295163,0.0905445133293071,-0.006799974863197,-0.035727953081446,1.7773325971550458,0.0593107146811359,2.2472192629889944,1.319770232499828,1.4211474943570817,2.244173154505737,2.257988423125647,-0.3144976040191163,-0.2362832280646483,-0.2019995518781314,1.428528647599277,1.0025164853193187,1.618136192932467,-0.0523423922590192,1.3171021459783412,-1.1428114211695335,-0.1641803421344108,-0.4110811257980699,-0.1807873552605199,-0.0,0.2851583400159403,0,0.07692307692307693,0.9555555555555556,11.411764705882353,0.001931434089811685,0.2682926829268293,9.0,0.00022370901257327507,0.2037037037037037,0.018900343642611683,1.8333333333333333,1.0,0.8865979381443299,0.13953488372093023
1,517,583,43,58,58,11,21,12,6,3,51,44,267183,6,40,241409,4,2.0,1.0,1,2,300000,20000000000,273561,140459,0.0,48,-0.0369863360727654,2.384002118439341,2.3991943420713544,2.3168863123295163,0.1797185244386955,0.0741363113133926,-0.035727953081446,1.7867898613326283,0.1477332058147235,2.2472192629889944,-0.3727171714768258,1.4211474943570817,2.244173154505737,2.2583205171015472,-0.3144976040191163,-0.2362832280646483,-0.2019282662529451,-0.0637053446128824,-0.1004525536392102,-0.2384087807768838,-0.0523423922590192,0.508277673783588,-1.1428114211695335,-0.1641803421344108,-0.0154768582266801,0.0175551934466973,-0.0,0.3718546870566443,0,0.3333333333333333,0.9555555555555556,11.431372549019608,0.0019349961075513504,0.2682926829268293,9.666666666666666,0.0002402551675572677,0.20689655172413793,0.02058319039451115,2.0,1.0,0.8867924528301887,0.13953488372093023
1,538278,3110800,119,7,7,4,1,6,4,3,1707237,118,845196,1,116,834242,3,2.0,1.0,1,1,92046,28960601866,25990929,73637,0.0,5,-0.1333579626107711,-0.1116346816168595,0.0586439715810191,-0.2285968236062462,-0.0907662001944953,-0.0865160679918639,-0.221602121000311,1.5021716056277896,-0.0839559510520535,-0.1381280387907463,-0.1399249182411239,0.4214418142800414,-0.229187117122774,-0.2231539774360434,-0.0806555395408117,-0.2314405059604717,-0.2132677269935768,-0.1573131443048023,-0.1180016883063306,-0.3028783238231584,-0.0964858398432329,-0.1276327533307624,-0.1542034720133363,0.6967510954140274,1.5362707869229013,-0.1309794499481528,-0.085841686,-0.0890106116098616,0,0.3333333333333333,1.0,1.8221254576839654,0.6368669079516374,0.03418803418803419,7.0,8.3908405584464e-06,0.8571428571428571,1.9287643050019288e-06,1.5,1.0,0.17303523209463803,0.03361344537815126
1,538278,3110800,119,8,8,2,2,3,2,1,1707237,118,845196,2,100,719955,2,0.0,0.0,1,0,52068,28114379366,29919247,29912,0.0,3,-0.1333579626107711,-0.1116346816168595,0.0586439715810191,-0.2285968236062462,-0.0907607628284583,-0.086513822251007,-0.2331533211780575,1.4990877458984362,-0.0858353478550276,-0.2356993342769757,-0.1727847736047378,0.4214418142800414,-0.229187117122774,-0.2231539774360434,-0.0806372617013986,-0.2823009397218357,-0.2703065302259165,-0.2386144579866117,-0.2682953987322964,-0.9774463258979924,-0.0964858398432329,-0.2111778521198261,-0.1904835045602725,0.595638392927244,2.0665080279999413,-0.182425092882695,-0.085841686,-0.0890164789554889,0,1.0,1.0,1.8221254576839654,0.6368669079516374,0.019801980198019802,4.0,1.1111790164954525e-05,0.375,9.643821525009644e-07,1.5,1.0,0.17303523209463803,0.01680672268907563
1,538279,3110801,119,7,7,4,3,6,4,3,1707237,118,845198,1,116,834251,3,2.0,1.0,1,1,92046,34276086211,11110749,73637,0.0,5,-0.1333579626107711,-0.1116326251515662,0.0586445231707674,-0.2285968236062462,-0.0907662001944953,-0.0865160679918639,-0.221602121000311,1.505255465357143,-0.0839559510520535,-0.1381280387907463,-0.1399249182411239,0.4214418142800414,-0.229187117122774,-0.2231519940714116,-0.0806555395408117,-0.2314405059604717,-0.2132632352383545,-0.1573131443048023,-0.1180016883063306,-0.3028783238231584,-0.0964858398432329,-0.1276327533307624,-0.1542034720133363,1.3318830933804482,-0.4722289297318484,-0.1309794499481528,-0.085841686,-0.0890106116098616,0,0.3333333333333333,1.0,1.8221260434257225,0.6368665840825651,0.03418803418803419,7.0,8.390750037159036e-06,0.8571428571428571,1.928763684980171e-06,1.5,1.0,0.1730354979312402,0.03361344537815126
1,538280,3110804,119,15,15,9,4,5,3,1,1707237,118,845228,2,93,668509,2,0.0,0.0,1,0,66697,27923468598,10624903,53358,0.0,9,-0.1333579626107711,-0.111630568686273,0.0586461779400123,-0.2285968236062462,-0.0907227012661997,-0.0864981020650089,-0.1927241205559446,1.5083393250864965,-0.0845824166530449,-0.186913686533861,-0.1727847736047378,0.4214418142800414,-0.229187117122774,-0.2231222436019356,-0.0806372617013986,-0.3045523794924324,-0.2959824012444133,-0.2386144579866117,-0.2682953987322964,-0.9774463258979924,-0.0964858398432329,-0.2111778521198261,-0.1772076879579129,0.5728270121304591,-0.5378075419084379,-0.1548391684860506,-0.085841686,-0.088998876918607,0,1.0,1.0,1.8221278006509933,0.6368451626718913,0.09574468085106383,7.5,2.2437959043245425e-05,0.3333333333333333,1.6073015207644068e-06,1.6666666666666667,1.0,0.173035652519413,0.025210084033613446
1,538280,3110804,119,28,29,13,5,2,2,2,1707237,118,845228,10,200,1386190,3,1.0,1.0,1,1,102781,27923468598,13617906,82225,0.0,20,-0.1333579626107711,-0.111630568686273,0.0586461779400123,-0.2285968236062462,-0.0906520155077193,-0.0864666616930127,-0.1696217202004515,1.5114231848158497,-0.086461813456019,-0.2356993342769757,-0.1563548459229309,0.4214418142800414,-0.229187117122774,-0.2231222436019356,-0.080491038986093,0.035576771286689,0.0622006409440136,-0.1573131443048023,-0.1931485435193135,-0.3028783238231584,-0.0964858398432329,-0.1276327533307624,-0.1444614601720396,0.5728270121304591,-0.1338174236809154,-0.1208750432809864,-0.085841686,-0.0889666065176569,0,0.5,1.0,1.8221278006509933,0.6368451626718913,0.06467661691542288,2.9,2.0199236613136284e-05,0.06896551724137931,6.429206083057627e-07,1.0,0.9655172413793104,0.173035652519413,0.01680672268907563
1,538280,3110804,119,5,5,3,6,2,2,3,1707237,118,845228,1,105,755688,3,2.0,1.0,1,1,92046,27923468598,11771564,73637,0.0,1,-0.1333579626107711,-0.111630568686273,0.0586461779400123,-0.2285968236062462,-0.0907770749265692,-0.0865205594735776,-0.2273777210891842,1.514507044545203,-0.086461813456019,-0.2356993342769757,-0.1399249182411239,0.4214418142800414,-0.229187117122774,-0.2231222436019356,-0.0806555395408117,-0.2664070541714095,-0.2524727647416427,-0.1573131443048023,-0.1180016883063306,-0.3028783238231584,-0.0964858398432329,-0.1276327533307624,-0.1542034720133363,0.5728270121304591,-0.3830333191773249,-0.1309794499481528,-0.085841686,-0.0890223463011162,0,0.3333333333333333,1.0,1.8221278006509933,0.6368451626718913,0.02830188679245283,5.0,6.616478471963996e-06,0.4,6.429206083057627e-07,1.0,1.0,0.173035652519413,0.01680672268907563
1,538281,3110805,119,40,40,24,7,1,1,1,1707238,118,845261,7,679,4438398,2,0.0,0.0,1,0,136637,28748472876,1128453,131837,0.0,25,-0.1333579626107711,-0.1116285122209797,0.0586467295297606,-0.2285968236062462,-0.0905867671152759,-0.0864419585435872,-0.1060901192228456,1.5175909042745563,-0.0870882790570103,-0.2844849820200903,-0.1727847736047378,0.4214436167606917,-0.229187117122774,-0.2230895180855119,-0.0805458725043326,1.558211007017523,1.585508554671497,-0.2386144579866117,-0.2682953987322964,-0.9774463258979924,-0.0964858398432329,-0.2111778521198261,-0.1137371422494553,0.6714044100509085,-1.819621144581658,-0.0625029166424843,-0.085841686,-0.0889519381535886,0,1.0,1.0,1.8221273190966931,0.6368214825699015,0.03529411764705882,5.714285714285714,9.01225869958965e-06,0.025,3.2146020081618745e-07,1.0,1.0,0.1730359183555382,0.008403361344537815
1,538282,3110806,119,2,2,1,8,1,1,3,1707239,118,845266,1,0,0,3,2.0,1.0,1,1,179990,28911073874,2208484,179990,0.0,0,-0.1333579626107711,-0.1116264557556864,0.0586472811195089,-0.2285968236062462,-0.0907933870246801,-0.0865272966961482,-0.2389289212669308,1.5206747640039096,-0.0870882790570103,-0.2844849820200903,-0.1399249182411239,0.421445419241342,-0.229187117122774,-0.2230845596739326,-0.0806555395408117,-0.6001786507303606,-0.6296244892338446,-0.1573131443048023,-0.1180016883063306,-0.3028783238231584,-0.0964858398432329,-0.1276327533307624,-0.0743942974096103,0.6908331375248625,-1.673840518441494,-0.0058474096275727,-0.085841686,-0.0890252799739299,0,0.3333333333333333,1.0,1.8221268375429567,0.6368188986438604,1.0,2.0,2.0,0.5,3.2146009747955993e-07,1.0,1.0,0.1730361841914925,0.008403361344537815
1,538283,3110807,119,17,17,9,9,6,3,1,1707239,118,845290,3,93,668571,2,0.0,0.0,1,0,136661,27228453131,9968042,136661,0.0,11,-0.1333579626107711,-0.1116243992903931,0.0586478327092572,-0.2285968236062462,-0.0907118265341258,-0.0864936105832952,-0.1927241205559446,1.523758623733263,-0.0839559510520535,-0.186913686533861,-0.1727847736047378,0.421445419241342,-0.229187117122774,-0.2230607592983517,-0.0806189838619854,-0.3045523794924324,-0.2959514580417708,-0.2386144579866117,-0.2682953987322964,-0.9774463258979924,-0.0964858398432329,-0.2111778521198261,-0.113715362250928,0.4897816048782484,-0.6264694487120892,-0.0568271297581794,-0.085841686,-0.0889930095729797,0,1.0,1.0,1.8221274232840277,0.6368020007311092,0.09574468085106383,5.666666666666667,2.542732869459086e-05,0.35294117647058826,1.9287599648579932e-06,2.0,1.0,0.17303645002727588,0.025210084033613446
1,538284,3110808,119,11,11,3,10,1,1,1,1707240,118,845307,2,2,19569,2,0.0,0.0,1,0,136649,28779056707,10380521,136649,0.0,5,-0.1333579626107711,-0.1116223428250999,0.0586483842990055,-0.2285968236062462,-0.0907444507303475,-0.0865070850284364,-0.2273777210891842,1.5268424834626162,-0.0870882790570103,-0.2844849820200903,-0.1727847736047378,0.4214472217219923,-0.229187117122774,-0.2230439006989819,-0.0806372617013986,-0.5938210965101901,-0.6198579161288226,-0.2386144579866117,-0.2682953987322964,-0.9774463258979924,-0.0964858398432329,-0.2111778521198261,-0.1137262522501917,0.6750587844084907,-0.5707937811713716,-0.0568412486310259,-0.085841686,-0.0890106116098616,0,1.0,1.0,1.8221269417305124,0.6367903769986798,1.0,5.5,0.0005620848237097598,0.09090909090909091,3.2145989080650427e-07,1.0,1.0,0.17303671586288835,0.008403361344537815
1,538285,3110809,119,267,275,128,11,4,3,1,1707240,118,845320,54,461,3033013,2,0.0,0.0,1,0,77754,29687423906,11405713,47036,0.0,245,-0.1333579626107711,-0.1116202863598066,0.0586489358887537,-0.2285968236062462,-0.0893524850248877,-0.0859142094422229,0.4945722900199742,1.5299263431919696,-0.0852088822540362,-0.186913686533861,-0.1727847736047378,0.4214472217219923,-0.229187117122774,-0.2230310088288756,-0.0796868140519126,0.865237597018939,0.8841035087722992,-0.2386144579866117,-0.2682953987322964,-0.9774463258979924,-0.0964858398432329,-0.2111778521198261,-0.1671734611363743,0.7835969789628068,-0.4324152238208076,-0.1622774613306973,-0.085841686,-0.0883065301345857,0,1.0,1.0,1.82212752747124,0.6367817669264102,0.27705627705627706,5.092592592592593,8.803124548716228e-05,0.014545454545454545,1.2858391498803045e-06,1.3333333333333333,0.9709090909090909,0.17303698169832993,0.025210084033613446
1,538286,3110810,119,255,263,72,12,35,16,1,1707240,118,845324,28,399,2635377,2,0.0,0.0,1,0,83377,35577035949,24189951,66702,0.0,208,-0.1333579626107711,-0.1116182298945133,0.058649487478502,-0.2285968236062462,-0.0894177334173311,-0.0859411583325054,0.1711386850430712,1.5330102029213228,-0.0657884486233042,0.4472997341266297,-0.1727847736047378,0.4214472217219923,-0.229187117122774,-0.2230270420996122,-0.0801620378766556,0.6681534161936534,0.6856497777084458,-0.2386144579866117,-0.2682953987322964,-0.9774463258979924,-0.0964858398432329,-0.2111778521198261,-0.1620705889814035,1.4873298509514803,1.2931780418955268,-0.1391389818807097,-0.085841686,-0.0884150760286907,0,1.0,1.0,1.8221281132119678,0.6367799367107325,0.18,9.392857142857142,9.676031294182466e-05,0.13307984790874525,1.1251088944680003e-05,2.1875,0.9695817490494296,0.17303724753360059,0.13445378151260504
1,538287,3110811,119,3,3,2,13,2,2,3,1707240,118,845341,1,101,725646,3,2.0,1.0,1,1,103714,51196803814,6252096,82972,0.0,1,-0.1333579626107711,-0.1116161734292201,0.0586500390682503,-0.2285968236062462,-0.0907879496586431,-0.0865250509552914,-0.2331533211780575,1.5360940626506765,-0.086461813456019,-0.2356993342769757,-0.1399249182411239,0.4214472217219923,-0.229187117122774,-0.2230101835002424,-0.0806555395408117,-0.2791221626117505,-0.2674662436736818,-0.1573131443048023,-0.1180016883063306,-0.3028783238231584,-0.0964858398432329,-0.1276327533307624,-0.1436147627292888,3.3536911696901863,-1.1280411022878087,-0.11999614344629,-0.085841686,-0.0890223463011162,0,0.3333333333333333,1.0,1.8221286989526955,0.6367683138895264,0.0196078431372549,3.0,4.134241580272501e-06,0.6666666666666666,6.429191615948382e-07,1.0,1.0,0.17303751336870032,0.01680672268907563
1,538288,3110812,119,3,3,2,14,2,2,3,1707240,118,845344,1,100,720789,3,2.0,1.0,1,1,103714,42659214749,13366643,82972,0.0,1,-0.1333579626107711,-0.1116141169639268,0.0586505906579986,-0.2285968236062462,-0.0907879496586431,-0.0865250509552914,-0.2331533211780575,1.5391779223800297,-0.086461813456019,-0.2356993342769757,-0.1399249182411239,0.4214472217219923,-0.229187117122774,-0.2230072084532948,-0.0806555395408117,-0.2823009397218357,-0.2698902942419833,-0.1573131443048023,-0.1180016883063306,-0.3028783238231584,-0.0964858398432329,-0.1276327533307624,-0.1436147627292888,2.333559108578883,-0.167732447847681,-0.11999614344629,-0.085841686,-0.0890223463011162,0,0.3333333333333333,1.0,1.8221292846934234,0.6367672370452301,0.019801980198019802,3.0,4.162099918145368e-06,0.6666666666666666,6.429189549223804e-07,1.0,1.0,0.17303777920362914,0.01680672268907563
1,538289,3110813,119,98,101,36,15,4,4,1,1707240,118,845370,13,362,2397447,2,0.0,0.0,1,0,43699,31941479867,3302373,24333,0.0,98,-0.1333579626107711,-0.1116120604986335,0.0586511422477469,-0.2285968236062462,-0.0902713998851326,-0.0863049683513182,-0.0367829181563663,1.542261782109383,-0.0852088822540362,-0.1381280387907463,-0.1727847736047378,0.4214472217219923,-0.229187117122774,-0.2229814247130822,-0.0804362054678534,0.5505386631204993,0.5669027421482283,-0.2386144579866117,-0.2682953987322964,-0.9774463258979924,-0.0964858398432329,-0.2111778521198261,-0.1980783715467478,1.0529276689091904,-1.526189364587727,-0.188989192183594,-0.085841686,-0.0887377800381922,0,1.0,1.0,1.822129870434151,0.6367488357182822,0.09917355371900827,7.769230769230769,4.087679899626603e-05,0.039603960396039604,1.285837496500111e-06,1.0,0.9702970297029703,0.17303804503838707,0.03361344537815126
1,538290,3110814,119,256,264,72,16,36,16,1,1707240,118,845371,28,399,2635424,2,0.0,0.0,1,0,136649,30876203680,11476358,136649,0.0,209,-0.1333579626107711,-0.1116100040333402,0.0586516938374952,-0.2285968236062462,-0.0894122960512942,-0.0859389125916485,0.1711386850430712,1.5453456418387364,-0.0651619830223129,0.4472997341266297,-0.1727847736047378,0.4214472217219923,-0.229187117122774,-0.2229804330307663,-0.0801620378766556,0.6681534161936534,0.6856732346523845,-0.2386144579866117,-0.2682953987322964,-0.9774463258979924,-0.0964858398432329,-0.2111778521198261,-0.1137262522501917,0.9256408688508296,-0.4228796898095876,-0.0568412486310259,-0.085841686,-0.088412142355877,0,1.0,1.0,1.8221304561748788,0.6367492654121499,0.18,9.428571428571429,9.713803276511379e-05,0.13636363636363635,1.1572533748401544e-05,2.25,0.9696969696969697,0.17303831087297408,0.13445378151260504
1,538291,3110815,119,99,102,36,17,5,4,1,1707240,118,845372,13,362,2397449,2,0.0,0.0,1,0,39499,32729469373,2411202,26333,0.0,99,-0.1333579626107711,-0.111607947568047,0.0586522454272435,-0.2285968236062462,-0.0902659625190957,-0.0863027226104613,-0.0367829181563663,1.5484295015680896,-0.0845824166530449,-0.1381280387907463,-0.1727847736047378,0.4214472217219923,-0.229187117122774,-0.2229794413484505,-0.0804362054678534,0.5505386631204993,0.5669037403160555,-0.2386144579866117,-0.2682953987322964,-0.9774463258979924,-0.0964858398432329,-0.2111778521198261,-0.2018898712890343,1.1470822777536556,-1.6464780103561871,-0.1866360467091724,-0.085841686,-0.0887348463653785,0,1.0,1.0,1.8221310419156065,0.636749695105001,0.09917355371900827,7.846153846153846,4.129387474191328e-05,0.049019607843137254,1.6072958372645111e-06,1.25,0.9705882352941176,0.17303857670739017,0.03361344537815126
1,538292,3110816,119,20,20,7,18,1,1,1,1707241,118,845445,6,112,804831,2,0.0,0.0,1,0,55868,36147094903,6951863,46557,0.0,12,-0.1333579626107711,-0.1116058911027537,0.0586527970169918,-0.2285968236062462,-0.0906955144360149,-0.0864868733607246,-0.2042753207336911,1.551513361297443,-0.0870882790570103,-0.2844849820200903,-0.1727847736047378,0.4214490242026425,-0.229187117122774,-0.222907048539392,-0.0805641503437458,-0.2441556144008127,-0.2279462839761412,-0.2386144579866117,-0.2682953987322964,-0.9774463258979924,-0.0964858398432329,-0.2111778521198261,-0.1870350047934418,1.5554445624082534,-1.0335878213984415,-0.1628410396718212,-0.085841686,-0.0889900759001661,0,1.0,1.0,1.8221305603602538,0.6366958977864937,0.061946902654867256,3.3333333333333335,2.4849906564351317e-05,0.05,3.214590641169391e-07,1.0,1.0,0.17303884254163537,0.008403361344537815
1,538293,3110817,119,323,330,117,19,1,1,1,1707242,118,845449,109,1334,8616396,2,0.0,0.0,1,0,136649,33528641680,15724182,136649,0.0,294,-0.1333579626107711,-0.1116038346374604,0.0586533486067401,-0.2285968236062462,-0.0890479925268183,-0.0857906936950951,0.4310406890423683,1.5545972210267962,-0.0870882790570103,-0.2844849820200903,-0.1727847736047378,0.4214508266832928,-0.229187117122774,-0.2229030818101286,-0.078681532884187,3.6403100141233606,3.670680147478278,-0.2386144579866117,-0.2682953987322964,-0.9774463258979924,-0.0964858398432329,-0.2111778521198261,-0.1137262522501917,1.2425730874560297,0.1504838918405836,-0.0568412486310259,-0.085841686,-0.0881627801667168,0,1.0,1.0,1.8221300788054653,0.6366940682476787,0.08764044943820225,3.0275229357798166,3.748666641056581e-05,0.0030303030303030303,3.214589607810424e-07,1.0,0.9787878787878788,0.17303910837570965,0.008403361344537815
1,538294,3110818,119,64,64,11,20,1,1,1,1707243,118,845455,27,118,846514,2,0.0,0.0,1,0,55940,35700000000,2845874,46617,0.0,60,-0.1333579626107711,-0.1116017781721672,0.0586539001964884,-0.2285968236062462,-0.090456270330389,-0.0863880607630223,-0.1811729203781981,1.5576810807561496,-0.0870882790570103,-0.2844849820200903,-0.1727847736047378,0.4214526291639431,-0.229187117122774,-0.2228971317162333,-0.0801803157160687,-0.2250829517403012,-0.2071429692060133,-0.2386144579866117,-0.2682953987322964,-0.9774463258979924,-0.0964858398432329,-0.2111778521198261,-0.1869696647978597,1.5020224731700254,-1.5878067719143305,-0.1627704453075886,-0.085841686,-0.0888492596051109,0,1.0,1.0,1.8221295972512408,0.6366907325750838,0.09243697478991597,2.3703703703703702,7.56040944342392e-05,0.015625,3.2145885744521217e-07,1.0,1.0,0.17303937420961304,0.008403361344537815
1,538295,3110819,119,6,6,2,21,3,1,1,1707243,118,845465,3,3,23349,2,0.0,0.0,1,0,55580,30425574609,10252589,46341,0.0,4,-0.1333579626107711,-0.1115997217068739,0.0586544517862367,-0.2285968236062462,-0.0907716375605322,-0.0865183137327207,-0.2331533211780575,1.5607649404855028,-0.0858353478550276,-0.2844849820200903,-0.1727847736047378,0.4214526291639431,-0.229187117122774,-0.2228872148930747,-0.0806189838619854,-0.5906423194001048,-0.6179713789354564,-0.2386144579866117,-0.2682953987322964,-0.9774463258979924,-0.0964858398432329,-0.2111778521198261,-0.18729636477577,0.8717964920020476,-0.588061810573642,-0.1630951793830587,-0.085841686,-0.0890135452826753,0,1.0,1.0,1.822130182990939,0.6366843847061857,0.5,2.0,0.0002569593147751606,0.5,9.64376262328345e-07,3.0,1.0,0.1730396400433455,0.008403361344537815
1,538296,3110820,119,197,203,66,22,5,4,2,1707243,118,845493,26,428,2824460,3,1.0,1.0,1,1,85667,27838494796,7759061,68534,0.0,118,-0.1333579626107711,-0.1115976652415806,0.0586550033759849,-0.2285968236062462,-0.0897331006474743,-0.0860759027839175,0.1364850845098316,1.5638488002148565,-0.0845824166530449,-0.1381280387907463,-0.1563548459229309,0.4214526291639431,-0.229187117122774,-0.2228594477882303,-0.0801985935554819,0.7603379523861257,0.7800180613415841,-0.1573131443048023,-0.1931485435193135,-0.3028783238231584,-0.0964858398432329,-0.1276327533307624,-0.1599924141219186,0.5626737359403354,-0.9246336989157644,-0.1369835006261395,-0.085841686,-0.0886791065819192,0,0.5,1.0,1.8221307687306376,0.6366644825392019,0.15384615384615385,7.8076923076923075,6.974782091167129e-05,0.024630541871921183,1.607293253868755e-06,1.25,0.9704433497536946,0.17303990587690704,0.03361344537815126
1,538297,3110821,119,198,204,66,23,6,4,1,1707243,118,845499,26,428,2824466,2,0.0,0.0,1,0,85667,30094315754,11865906,34659,0.0,119,-0.1333579626107711,-0.1115956087762874,0.0586555549657332,-0.2285968236062462,-0.0897276632814374,-0.0860736570430606,0.1364850845098316,1.5669326599442095,-0.0839559510520535,-0.1381280387907463,-0.1727847736047378,0.4214526291639431,-0.229187117122774,-0.2228534976943351,-0.0801985935554819,0.7603379523861257,0.7800210558450656,-0.2386144579866117,-0.2682953987322964,-0.9774463258979924,-0.0964858398432329,-0.2111778521198261,-0.1599924141219186,0.8322153203223446,-0.3702992070719175,-0.1768399020991553,-0.085841686,-0.0886761729091055,0,1.0,1.0,1.8221313544703361,0.6366611472501479,0.15384615384615385,7.846153846153846,7.010172184698919e-05,0.029411764705882353,1.9287512846287203e-06,1.5,0.9705882352941176,0.1730401717102977,0.03361344537815126
1,538298,3110822,119,780,920,190,24,2,2,1,1707243,118,845525,76,827,5401224,2,0.0,0.0,1,0,136673,31050811673,9563037,136673,0.0,697,-0.1333579626107711,-0.1115935523109941,0.0586561065554815,-0.2285968236062462,-0.0865631162479311,-0.0844657065895423,0.852659495530117,1.570016519673563,-0.086461813456019,-0.2356993342769757,-0.1727847736047378,0.4214526291639431,-0.229187117122774,-0.2228277139541225,-0.0792847015848223,2.02867001931014,2.066039522856686,-0.2386144579866117,-0.2682953987322964,-0.9774463258979924,-0.0964858398432329,-0.2111778521198261,-0.1137044722516643,0.946504277762816,-0.6811362892841627,-0.0568130108853328,-0.085841686,-0.0869805100228159,0,1.0,1.0,1.8221319402100344,0.6366427525587622,0.22946859903381642,12.105263157894736,0.00014441168438641234,0.002173913043478261,6.42916888205111e-07,1.0,0.8478260869565217,0.17304043754351744,0.01680672268907563
1,538299,3110823,119,41,41,17,25,1,1,3,1707244,118,845558,14,526,3451130,3,2.0,1.0,1,1,179990,36780847332,18138758,179990,0.0,31,-0.1333579626107711,-0.1115914958457008,0.0586566581452298,-0.2285968236062462,-0.0905813297492389,-0.0864397128027303,-0.1465193198449585,1.573100379402916,-0.0870882790570103,-0.2844849820200903,-0.1399249182411239,0.4214544316445933,-0.229187117122774,-0.2227949884376989,-0.0804179276284402,1.07185810917448,1.0927789774703676,-0.1573131443048023,-0.1180016883063306,-0.3028783238231584,-0.0964858398432329,-0.1276327533307624,-0.0743942974096103,1.631169824740268,0.4763989823731819,-0.0058474096275727,-0.085841686,-0.0889343361167067,0,0.3333333333333333,1.0,1.822131458655002,0.6366190886738832,0.03225806451612903,2.9285714285714284,1.1880163343553171e-05,0.024390243902439025,3.2145834076705745e-07,1.0,1.0,0.17304070337656627,0.008403361344537815
1,538300,3110824,119,3,3,2,26,2,2,2,1707244,118,845567,1,113,808683,3,1.0,1.0,1,1,102767,40286164361,7839899,82214,0.0,1,-0.1333579626107711,-0.1115894393804075,0.0586572097349781,-0.2285968236062462,-0.0907879496586431,-0.0865250509552914,-0.2331533211780575,1.5761842391322696,-0.086461813456019,-0.2356993342769757,-0.1563548459229309,0.4214544316445933,-0.229187117122774,-0.222786063296856,-0.0806555395408117,-0.2409768372907275,-0.2260238127409966,-0.1573131443048023,-0.1931485435193135,-0.3028783238231584,-0.0964858398432329,-0.1276327533307624,-0.1444741651711805,2.050010115414568,-0.9137223322458092,-0.1208879855810958,-0.085841686,-0.0890223463011162,0,0.5,1.0,1.8221320443943572,0.6366134953072964,0.017543859649122806,3.0,3.7097308713910502e-06,0.6666666666666666,6.429164748632517e-07,1.0,1.0,0.17304096920944417,0.01680672268907563
1,538301,3110825,119,482,495,135,27,4,3,1,1707244,118,845569,49,638,4167081,2,0.0,0.0,1,0,46617,40199119043,7118582,46617,0.0,350,-0.1333579626107711,-0.1115873829151143,0.0586577613247264,-0.2285968236062462,-0.0881834513269429,-0.0854201464537117,0.5350014906420871,1.5792680988616228,-0.0852088822540362,-0.186913686533861,-0.1727847736047378,0.4214544316445933,-0.229187117122774,-0.2227840799322243,-0.0797782032489785,1.427881145504028,1.4500986044882858,-0.2386144579866117,-0.2682953987322964,-0.9774463258979924,-0.0964858398432329,-0.2111778521198261,-0.1954302867257972,2.0396093197115444,-1.0110843930621605,-0.1627704453075886,-0.085841686,-0.0879984944891524,0,1.0,1.0,1.8221326301337126,0.6366131721797131,0.2112676056338028,10.10204081632653,0.00011566847016689376,0.00808080808080808,1.2858325363850427e-06,1.3333333333333333,0.9737373737373738,0.1730412350421512,0.025210084033613446
1,538302,3110826,119,5,5,2,28,2,2,3,1707244,118,845586,2,115,828956,3,2.0,1.0,1,1,109146,37904649106,23312284,87317,0.0,2,-0.1333579626107711,-0.111585326449821,0.0586583129144747,-0.2285968236062462,-0.0907770749265692,-0.0865205594735776,-0.2331533211780575,1.5823519585909762,-0.086461813456019,-0.2356993342769757,-0.1399249182411239,0.4214544316445933,-0.229187117122774,-0.2227672213328545,-0.0806372617013986,-0.234619283070557,-0.215905884560808,-0.1573131443048023,-0.1180016883063306,-0.3028783238231584,-0.0964858398432329,-0.1276327533307624,-0.1386852230625981,1.7654496795403725,1.1747121415625184,-0.1148839349031091,-0.085841686,-0.0890194126283026,0,0.3333333333333333,1.0,1.8221332158730679,0.636601556078795,0.017241379310344827,2.5,6.0316759494159526e-06,0.4,6.429160615219237e-07,1.0,1.0,0.1730415008746873,0.01680672268907563
1,538303,3110827,119,5,5,2,29,1,1,3,1707245,118,845596,2,16,114262,3,2.0,1.0,1,1,179978,38498943903,11434959,179978,0.0,1,-0.1333579626107711,-0.1115832699845277,0.058658864504223,-0.2285968236062462,-0.0907770749265692,-0.0865205594735776,-0.2331533211780575,1.5854358183203296,-0.0870882790570103,-0.2844849820200903,-0.1399249182411239,0.4214562341252436,-0.229187117122774,-0.2227573045096958,-0.0806372617013986,-0.5493182169689966,-0.5725981630993447,-0.1573131443048023,-0.1180016883063306,-0.3028783238231584,-0.0964858398432329,-0.1276327533307624,-0.074405187408874,1.836460262452673,-0.428467651767695,-0.0058615285004192,-0.085841686,-0.0890223463011162,0,0.3333333333333333,1.0,1.8221327343175702,0.6365952102479077,0.11764705882352941,2.5,4.375869704103691e-05,0.2,3.214579274257296e-07,1.0,1.0,0.17304176670705249,0.008403361344537815
1,538304,3110828,119,32,32,15,30,2,2,1,1707245,118,845621,13,169,1184494,2,0.0,0.0,1,0,136649,42664784447,9569166,136649,0.0,29,-0.1333579626107711,-0.1115812135192345,0.0586594160939713,-0.2285968236062462,-0.0906302660435715,-0.0864599244704421,-0.158070520022705,1.5885196780496829,-0.086461813456019,-0.2356993342769757,-0.1727847736047378,0.4214562341252436,-0.229187117122774,-0.2227325124517991,-0.0804362054678534,-0.0629653191259536,-0.038462588091222,-0.2386144579866117,-0.2682953987322964,-0.9774463258979924,-0.0964858398432329,-0.2111778521198261,-0.1137262522501917,2.33422461583828,-0.6803090079768548,-0.0568412486310259,-0.085841686,-0.088940203462334,0,1.0,1.0,1.8221333200565824,0.6365775724851056,0.08823529411764706,2.4615384615384617,2.7015732442939817e-05,0.0625,6.429156481811273e-07,1.0,1.0,0.1730420325392468,0.01680672268907563
1,538305,3110829,119,2320686,6001594,1750,31,4012,118,1,1707245,118,845690,711946,1749,11067996,2,0.0,0.0,1,0,1000000,44930459328,891991,34700,0.0,4406057,-0.1333579626107711,-0.1115791570539412,0.0586599676837196,-0.2285968236062462,12.52761497707403,13.391493063963114,9.862595634172417,1.5916035377790363,2.4256652465193174,5.423435803924327,-0.1727847736047378,0.4214562341252436,-0.229187117122774,-0.2226640863720042,12.932160841484157,4.959502514808738,4.894234270032933,-0.2386144579866117,-0.2682953987322964,-0.9774463258979924,-0.0964858398432329,-0.2111778521198261,0.6697647272742945,2.6049436172526024,-1.851538356604605,-0.1767916626169297,-0.085841686,12.836904356317858,0,1.0,1.0,1.8221339057955948,0.6365268165322795,1.0,8.429844398311108,0.20967533691958898,0.0006684890714033639,0.0012896883756709225,34.0,0.38667827247227987,0.17304229837127016,0.9915966386554622
1,538306,3110830,119,6,6,4,32,2,2,3,1707245,118,845731,3,90,650160,3,2.0,1.0,1,1,103714,33555973930,7128789,82972,0.0,3,-0.1333579626107711,-0.1115771005886479,0.0586605192734678,-0.2285968236062462,-0.0907716375605322,-0.0865183137327207,-0.221602121000311,1.5946873975083895,-0.086461813456019,-0.2356993342769757,-0.1399249182411239,0.4214562341252436,-0.229187117122774,-0.2226234273970536,-0.0806189838619854,-0.3140887108226882,-0.3051400919748568,-0.1573131443048023,-0.1180016883063306,-0.3028783238231584,-0.0964858398432329,-0.1276327533307624,-0.1436147627292888,1.2458389397142058,-1.009706670708809,-0.11999614344629,-0.085841686,-0.0890164789554889,0,0.3333333333333333,1.0,1.822134491534607,0.6364971409382641,0.04395604395604396,2.0,9.228483406417796e-06,0.3333333333333333,6.429152348408624e-07,1.0,1.0,0.17304256420312264,0.01680672268907563
1,538307,3110831,119,3,3,3,33,2,2,3,1707245,118,845747,1,6,47565,3,2.0,1.0,1,1,103692,32907231519,8844897,82954,0.0,1,-0.1333579626107711,-0.1115750441233547,0.0586610708632161,-0.2285968236062462,-0.0907879496586431,-0.0865250509552914,-0.2273777210891842,1.597771257237743,-0.086461813456019,-0.2356993342769757,-0.1399249182411239,0.4214562341252436,-0.229187117122774,-0.2226075604799997,-0.0806555395408117,-0.581105988069849,-0.6058855628839865,-0.1573131443048023,-0.1180016883063306,-0.3028783238231584,-0.0964858398432329,-0.1276327533307624,-0.1436347277279388,1.1683225673724142,-0.7780695244008375,-0.1200173217555598,-0.085841686,-0.0890223463011162,0,0.3333333333333333,1.0,1.8221350772736191,0.6364862819657865,0.42857142857142855,3.0,6.307026026994071e-05,0.6666666666666666,6.429150281709292e-07,1.0,1.0,0.1730428300348042,0.01680672268907563
1,538308,3110832,119,297,302,47,34,1,1,1,1707246,118,845784,58,130,929731,2,0.0,0.0,1,0,55580,36082505484,15686341,46341,0.0,267,-0.1333579626107711,-0.1115729876580614,0.0586616224529644,-0.2285968236062462,-0.0891893640437791,-0.0858535744390875,0.0267486828212395,1.600855116967096,-0.0870882790570103,-0.2844849820200903,-0.1727847736047378,0.4214580366058938,-0.229187117122774,-0.2225708682343125,-0.0796137026942598,-0.1869376264192783,-0.1656107031688821,-0.2386144579866117,-0.2682953987322964,-0.9774463258979924,-0.0964858398432329,-0.2111778521198261,-0.18729636477577,1.547726957750919,0.145376182271349,-0.1630951793830587,-0.085841686,-0.0882419893326854,0,1.0,1.0,1.8221345957173132,0.6364596203526901,0.35877862595419846,5.206896551724138,0.0003194468943738626,0.0033112582781456954,3.2145741075056447e-07,1.0,0.9834437086092715,0.17304309586631486,0.008403361344537815
1,538309,3110833,119,298,303,47,35,2,1,3,1707246,118,845801,58,130,929748,3,2.0,1.0,1,1,179990,36707384872,8549378,179990,0.0,268,-0.1333579626107711,-0.1115709311927681,0.0586621740427127,-0.2285968236062462,-0.0891839266777421,-0.0858513286982306,0.0267486828212395,1.6039389766964496,-0.086461813456019,-0.2844849820200903,-0.1399249182411239,0.4214580366058938,-0.229187117122774,-0.2225540096349428,-0.0796137026942598,-0.1869376264192783,-0.1656022187423511,-0.1573131443048023,-0.1180016883063306,-0.3028783238231584,-0.0964858398432329,-0.1276327533307624,-0.0743942974096103,1.6223920058310246,-0.8179581432055895,-0.0058474096275727,-0.085841686,-0.0882390556598717,0,0.3333333333333333,1.0,1.8221351814559823,0.6364480102908245,0.35877862595419846,5.224137931034483,0.0003205166125481178,0.006600660066006601,6.429146148314615e-07,2.0,0.9834983498349835,0.1730433616976546,0.008403361344537815
1,538310,3110834,119,200,200,89,36,4,3,1,1707246,118,845865,56,1398,9029363,2,0.0,0.0,1,0,77718,34691480358,817831,47012,0.0,160,-0.1333579626107711,-0.1115688747274749,0.058662725632461,-0.2285968236062462,-0.0897167885493635,-0.0860826400064881,0.2693238865539168,1.6070228364258028,-0.0852088822540362,-0.186913686533861,-0.1727847736047378,0.4214580366058938,-0.229187117122774,-0.2224905419667271,-0.0796502583730862,3.843751749168817,3.8767853340213634,-0.2386144579866117,-0.2682953987322964,-0.9774463258979924,-0.0964858398432329,-0.2111778521198261,-0.1672061311341653,1.3815173500923204,-1.8615483389426624,-0.1623056990763903,-0.085841686,-0.0885558923237459,0,1.0,1.0,1.8221357671946514,0.6364010375165806,0.0636168691922802,3.5714285714285716,2.214995430464427e-05,0.02,1.285828816323854e-06,1.3333333333333333,1.0,0.17304362752882346,0.025210084033613446
1,538311,3110835,119,97,97,65,37,4,4,1,1707246,118,845869,9,456,2998269,2,0.0,0.0,1,0,77754,29015274069,4561388,51836,0.0,91,-0.1333579626107711,-0.1115668182621816,0.0586632772222093,-0.2285968236062462,-0.0902768372511696,-0.0863139513147456,0.1307094844209584,1.6101066961551562,-0.0852088822540362,-0.1381280387907463,-0.1727847736047378,0.4214580366058938,-0.229187117122774,-0.2224865752374637,-0.0805093168255062,0.8493437114685127,0.8667633372785649,-0.2386144579866117,-0.2682953987322964,-0.9774463258979924,-0.0964858398432329,-0.2111778521198261,-0.1671734611363743,0.7032837203397839,-1.356249802649358,-0.1566299121920854,-0.085841686,-0.0887583157478877,0,1.0,1.0,1.8221363529333208,0.6363992102805396,0.1422319474835886,10.777777777777779,3.2351989647363315e-05,0.041237113402061855,1.2858284029850506e-06,1.0,1.0,0.1730438933598214,0.03361344537815126
1,538312,3110836,119,212,216,62,38,3,3,1,1707246,118,845878,62,517,3392841,2,0.0,0.0,1,0,51812,31500000000,2206716,47012,0.0,194,-0.1333579626107711,-0.1115647617968883,0.0586638288119576,-0.2285968236062462,-0.0896515401569201,-0.0860467081527782,0.1133826841543386,1.6131905558845094,-0.0858353478550276,-0.186913686533861,-0.1727847736047378,0.4214580366058938,-0.229187117122774,-0.2224776500966209,-0.079540591336607,1.0432491151837129,1.0636878752311818,-0.2386144579866117,-0.2682953987322964,-0.9774463258979924,-0.0964858398432329,-0.2111778521198261,-0.1907158245445642,1.0001765042381072,-1.6740791598758749,-0.1623056990763903,-0.085841686,-0.0884561474480818,0,1.0,1.0,1.82213693867199,0.6363936213099036,0.11969111969111969,3.4838709677419355,6.248448940445798e-05,0.013888888888888888,9.643709922348848e-07,1.0,0.9814814814814815,0.17304415919064842,0.025210084033613446
1,538313,3110837,119,2,2,1,39,1,1,3,1707247,118,845897,1,0,0,3,2.0,1.0,1,1,269985,27005392513,11203334,179990,0.0,0,-0.1333579626107711,-0.111562705331595,0.0586643804017059,-0.2285968236062462,-0.0907933870246801,-0.0865272966961482,-0.2389289212669308,1.6162744156138629,-0.0870882790570103,-0.2844849820200903,-0.1399249182411239,0.4214598390865441,-0.229187117122774,-0.2224588081326194,-0.0806555395408117,-0.6001786507303606,-0.6296244892338446,-0.1573131443048023,-0.1180016883063306,-0.3028783238231584,-0.0964858398432329,-0.1276327533307624,0.0072761595682655,0.4631287305994954,-0.4597319743007663,-0.0058474096275727,-0.085841686,-0.0890252799739299,0,0.3333333333333333,1.0,1.8221364571148755,0.6363805092339738,1.0,2.0,2.0,0.5,3.214568940770603e-07,1.0,1.0,0.17304442502130454,0.008403361344537815
1,538314,3110838,119,97,99,32,40,7,7,1,1707247,118,845977,20,67,482755,2,0.0,0.0,1,0,51744,32371709842,4457313,34496,0.0,85,-0.1333579626107711,-0.1115606488663018,0.0586649319914542,-0.2285968236062462,-0.0902768372511696,-0.0863094598330319,-0.0598853185118594,1.619358275343216,-0.0833294854510622,0.0082289044385976,-0.1727847736047378,0.4214598390865441,-0.229187117122774,-0.2223794735473498,-0.0803082605919611,-0.3872005843546489,-0.388689234529214,-0.2386144579866117,-0.2682953987322964,-0.9774463258979924,-0.0964858398432329,-0.2111778521198261,-0.1907775345403917,1.1043346162109593,-1.370297657447542,-0.1770316834553207,-0.085841686,-0.0887759177847696,0,1.0,1.0,1.8221370428532018,0.636321511906929,0.47058823529411764,4.95,0.00020092966218959474,0.0707070707070707,2.2501975351979115e-06,1.0,0.9797979797979798,0.17304469085178978,0.058823529411764705
1,538315,3110839,119,46,46,21,41,1,1,1,1707248,118,846026,11,130,934235,2,0.0,0.0,1,0,55940,62349791568,8710950,46617,0.0,35,-0.1333579626107711,-0.1115585924010085,0.0586654835812025,-0.2285968236062462,-0.0905541429190541,-0.086428484098446,-0.1234169194894654,1.6224421350725695,-0.0870882790570103,-0.2844849820200903,-0.1727847736047378,0.4214616415671944,-0.229187117122774,-0.2223308811138723,-0.0804727611466798,-0.1869376264192783,-0.1633628292220775,-0.2386144579866117,-0.2682953987322964,-0.9774463258979924,-0.0964858398432329,-0.2111778521198261,-0.1869696647978597,4.686329728235888,-0.7961494475971129,-0.1627704453075886,-0.085841686,-0.0889226014254521,0,1.0,1.0,1.8221365612963085,0.6362858395772238,0.16030534351145037,4.181818181818182,4.9238094014788554e-05,0.021739130434782608,3.214566874081237e-07,1.0,1.0,0.1730449566821041,0.008403361344537815
1,538316,3110840,119,31,32,8,42,5,4,1,1707248,118,846033,11,110,789437,2,0.0,0.0,1,0,55580,58113199636,7489242,46341,0.0,29,-0.1333579626107711,-0.1115565359357152,0.0586660351709508,-0.2285968236062462,-0.0906357034096084,-0.0864599244704421,-0.1984997206448179,1.625525994801923,-0.0845824166530449,-0.1381280387907463,-0.1727847736047378,0.4214616415671944,-0.229187117122774,-0.2223239393376612,-0.0804727611466798,-0.2505131686209833,-0.2356291817419294,-0.2386144579866117,-0.2682953987322964,-0.9774463258979924,-0.0964858398432329,-0.2111778521198261,-0.18729636477577,4.180111494168344,-0.9610533783180344,-0.1630951793830587,-0.085841686,-0.088940203462334,0,1.0,1.0,1.8221371470342915,0.6362817569979458,0.07207207207207207,2.909090909090909,3.9268441600227e-05,0.15625,1.607282920368775e-06,1.25,0.96875,0.1730452225122475,0.03361344537815126
1,538317,3110841,119,233,242,27,43,7,4,1,1707248,118,846043,150,173,1210937,2,0.0,0.0,1,0,46617,52206531962,3843830,46617,0.0,220,-0.1333579626107711,-0.111554479470422,0.058666586760699,-0.2285968236062462,-0.0895373554701441,-0.0859883188904996,-0.0887633189562258,1.6286098545312762,-0.0833294854510622,-0.1381280387907463,-0.1727847736047378,0.4214616415671944,-0.229187117122774,-0.2223140225145025,-0.0779321414682461,-0.0502502106856126,-0.0252653121641895,-0.2386144579866117,-0.2682953987322964,-0.9774463258979924,-0.0964858398432329,-0.2111778521198261,-0.1954302867257972,3.474340693688018,-1.4531044804612765,-0.1627704453075886,-0.085841686,-0.0883798719549269,0,1.0,1.0,1.8221377327722745,0.6362754182997574,0.15517241379310345,1.6133333333333333,0.00019241282377793084,0.028925619834710745,2.2501953651761694e-06,1.75,0.9628099173553719,0.17304548834222,0.03361344537815126
1,538318,3110842,119,8,8,5,44,2,2,3,1707248,118,846046,4,617,4033615,3,2.0,1.0,1,1,183586,48958323431,8860064,154786,0.0,4,-0.1333579626107711,-0.1115524230051287,0.0586671383504473,-0.2285968236062462,-0.0907607628284583,-0.086513822251007,-0.2158265209114377,1.6316937142606296,-0.086461813456019,-0.2356993342769757,-0.1399249182411239,0.4214616415671944,-0.229187117122774,-0.2223110474675549,-0.0806007060225722,1.3611268261922378,1.3834878708772238,-0.1573131443048023,-0.1180016883063306,-0.3028783238231584,-0.0964858398432329,-0.1276327533307624,-0.0711309276302621,3.0862215609421564,-0.7760223102406255,-0.0355017488962336,-0.085841686,-0.0890135452826753,0,0.3333333333333333,1.0,1.8221383185102575,0.6362743440967228,0.008090614886731391,2.0,1.9833320772230178e-06,0.25,6.429127548104339e-07,1.0,1.0,0.1730457541720216,0.01680672268907563
1,538319,3110843,119,2453,2608,479,45,3,3,1,1707248,118,846090,371,1781,11264668,2,0.0,0.0,1,0,210999,84003045462,9549174,47012,0.0,2495,-0.1333579626107711,-0.1115503665398354,0.0586676899401956,-0.2285968236062462,-0.0774664028681099,-0.0806748960231471,2.521807921214492,1.6347775739899828,-0.0858353478550276,-0.186913686533861,-0.1727847736047378,0.4214616415671944,-0.229187117122774,-0.2222674134456567,-0.0738927389579307,5.061223382331467,4.992390101486298,-0.2386144579866117,-0.2682953987322964,-0.9774463258979924,-0.0964858398432329,-0.2111778521198261,-0.0462536318123332,7.273615009417617,-0.6830074918887,-0.1623056990763903,-0.085841686,-0.0817057663038734,0,1.0,1.0,1.8221389042482405,0.6362424372792052,0.26879910213243546,7.0296495956873315,0.00021776050410358264,0.0011503067484662577,9.64368822213143e-07,1.0,0.9405674846625767,0.17304602000165228,0.025210084033613446
1,538320,3110844,119,2,2,1,46,1,1,3,1707249,118,846108,1,0,0,3,2.0,1.0,1,1,179990,37000000000,16485754,179990,0.0,0,-0.1333579626107711,-0.1115483100745422,0.0586682415299439,-0.2285968236062462,-0.0907933870246801,-0.0865272966961482,-0.2389289212669308,1.6378614337193362,-0.0870882790570103,-0.2844849820200903,-0.1399249182411239,0.4214634440478447,-0.229187117122774,-0.222249563163971,-0.0806555395408117,-0.6001786507303606,-0.6296244892338446,-0.1573131443048023,-0.1180016883063306,-0.3028783238231584,-0.0964858398432329,-0.1276327533307624,-0.0743942974096103,1.6573557492680002,0.2532794995692664,-0.0058474096275727,-0.085841686,-0.0890252799739299,0,0.3333333333333333,1.0,1.822138422690539,0.6362300838308067,1.0,2.0,2.0,0.5,3.214561707369447e-07,1.0,1.0,0.17304628583111206,0.008403361344537815
1,538321,3110845,119,78,84,43,47,1,1,1,1707250,118,846130,18,392,2590085,2,0.0,0.0,1,0,46617,32118625189,6552803,46617,0.0,70,-0.1333579626107711,-0.1115462536092489,0.0586687931196922,-0.2285968236062462,-0.0903801472058717,-0.0863431459458849,0.0036462824657464,1.6409452934486894,-0.0870882790570103,-0.2844849820200903,-0.1727847736047378,0.4214652465284949,-0.229187117122774,-0.2222277461530219,-0.0803448162707875,0.6459019764230567,0.6630452690941754,-0.2386144579866117,-0.2682953987322964,-0.9774463258979924,-0.0964858398432329,-0.2111778521198261,-0.1954302867257972,1.0740942559951063,-1.0874522166495906,-0.1627704453075886,-0.085841686,-0.0888199228769744,0,1.0,1.0,1.8221379411334018,0.6362147232520733,0.10941475826972011,4.666666666666667,3.0114830163940503e-05,0.011904761904761904,3.214560674029082e-07,1.0,0.9285714285714286,0.17304655166040095,0.008403361344537815
1,538322,3110846,119,3,3,2,48,1,1,1,1707251,118,846152,1,0,0,2,0.0,0.0,1,0,62174,29897977987,10608366,47012,0.0,0,-0.1333579626107711,-0.1115441971439556,0.0586693447094405,-0.2285968236062462,-0.0907879496586431,-0.0865250509552914,-0.2331533211780575,1.6440291531780429,-0.0870882790570103,-0.2844849820200903,-0.1727847736047378,0.4214670490091452,-0.229187117122774,-0.2222059291420728,-0.0806555395408117,-0.6001786507303606,-0.6296244892338446,-0.2386144579866117,-0.2682953987322964,-0.9774463258979924,-0.0964858398432329,-0.2111778521198261,-0.1813123101803801,0.8087554829609055,-0.5400396761846576,-0.1623056990763903,-0.085841686,-0.0890252799739299,0,1.0,1.0,1.8221374595768285,0.6361993634720907,2.0,3.0,3.0,0.3333333333333333,3.2145596406893815e-07,1.0,1.0,0.17304681748951892,0.008403361344537815
1,538323,3110847,119,5,5,2,49,2,2,3,1707251,118,846169,2,60,434085,3,2.0,1.0,1,1,92042,31444706864,9094528,73634,0.0,2,-0.1333579626107711,-0.1115421406786623,0.0586698962991888,-0.2285968236062462,-0.0907770749265692,-0.0865205594735776,-0.2331533211780575,1.647113012907396,-0.086461813456019,-0.2356993342769757,-0.1399249182411239,0.4214670490091452,-0.229187117122774,-0.222189070542703,-0.0806372617013986,-0.4094520241252457,-0.4129796486035879,-0.1573131443048023,-0.1180016883063306,-0.3028783238231584,-0.0964858398432329,-0.1276327533307624,-0.1542071020130908,0.993569685806868,-0.7443747846350388,-0.1309829796663644,-0.085841686,-0.0890194126283026,0,0.3333333333333333,1.0,1.8221380453137823,0.6361877636881478,0.03278688524590164,2.5,1.1518454868390135e-05,0.4,6.429117214700691e-07,1.0,1.0,0.173047083318466,0.01680672268907563
1,538324,3110848,119,8,8,2,50,2,2,3,1707251,118,846170,4,62,444098,3,2.0,1.0,1,1,103714,31121647171,5988869,82972,0.0,4,-0.1333579626107711,-0.1115400842133691,0.0586704478889371,-0.2285968236062462,-0.0907607628284583,-0.086513822251007,-0.2331533211780575,1.6501968726367495,-0.086461813456019,-0.2356993342769757,-0.1399249182411239,0.4214670490091452,-0.229187117122774,-0.2221880788603872,-0.0806007060225722,-0.4030944699050752,-0.4079823213768218,-0.1573131443048023,-0.1180016883063306,-0.3028783238231584,-0.0964858398432329,-0.1276327533307624,-0.1436147627292888,0.9549682085077174,-1.1635710054822512,-0.11999614344629,-0.085841686,-0.0890135452826753,0,0.3333333333333333,1.0,1.822138631050736,0.6361881936393471,0.031746031746031744,2.0,1.8014001382574608e-05,0.25,6.429115148023947e-07,1.0,1.0,0.17304734914724218,0.01680672268907563
1,538325,3110849,119,9,9,3,51,2,2,3,1707251,118,846173,5,788,5145753,3,2.0,1.0,1,1,103714,28194613975,13958655,82972,0.0,6,-0.1333579626107711,-0.1115380277480758,0.0586709994786854,-0.2285968236062462,-0.0907553254624214,-0.0865115765101501,-0.2273777210891842,1.6532807323661027,-0.086461813456019,-0.2356993342769757,-0.1399249182411239,0.4214670490091452,-0.229187117122774,-0.2221851038134396,-0.080582428183159,1.9046977120168151,1.9385380563682049,-0.1573131443048023,-0.1180016883063306,-0.3028783238231584,-0.0964858398432329,-0.1276327533307624,-0.1436147627292888,0.6052253965214055,-0.0878237414841685,-0.11999614344629,-0.085841686,-0.089007677937048,0,0.3333333333333333,1.0,1.8221392167876898,0.6361871199067805,0.0038022813688212928,1.8,1.7490148188195549e-06,0.2222222222222222,6.429113081348532e-07,1.0,1.0,0.17304761497584742,0.01680672268907563
1,538326,3110850,119,14,14,3,52,3,2,1,1707251,118,846202,5,788,5145782,2,0.0,0.0,1,0,52068,26516165256,10543097,29912,0.0,7,-0.1333579626107711,-0.1115359712827825,0.0586715510684337,-0.2285968236062462,-0.0907281386322366,-0.0865003478058658,-0.2273777210891842,1.6563645920954562,-0.0858353478550276,-0.2356993342769757,-0.1727847736047378,0.4214670490091452,-0.229187117122774,-0.2221563450262794,-0.080582428183159,1.9046977120168151,1.9385525298016988,-0.2386144579866117,-0.2682953987322964,-0.9774463258979924,-0.0964858398432329,-0.2111778521198261,-0.1904835045602725,0.4046723670716217,-0.5488495674632805,-0.182425092882695,-0.085841686,-0.0890047442642343,0,1.0,1.0,1.8221398025246434,0.6361664990551913,0.0038022813688212928,2.8,2.7206743852198976e-06,0.21428571428571427,9.64366652201167e-07,1.5,1.0,0.1730478808042818,0.01680672268907563
1,538327,3110851,119,3,4,2,53,1,1,1,1707252,118,846207,2,5,36995,2,0.0,0.0,1,0,49414,27732999512,2140713,46617,0.0,1,-0.1333579626107711,-0.1115339148174893,0.058672102658182,-0.2285968236062462,-0.0907879496586431,-0.0865228052144345,-0.2331533211780575,1.6594484518248094,-0.0870882790570103,-0.2844849820200903,-0.1727847736047378,0.4214688514897955,-0.229187117122774,-0.2221513866147,-0.0806372617013986,-0.5842847651799343,-0.6111608798506217,-0.2386144579866117,-0.2682953987322964,-0.9774463258979924,-0.0964858398432329,-0.2111778521198261,-0.1928920093974221,0.5500684066506384,-1.6829881251436585,-0.1627704453075886,-0.085841686,-0.0890223463011162,0,1.0,1.0,1.822139320967262,0.6361639218726365,0.3333333333333333,2.0,8.10898475510866e-05,0.25,3.214554474000844e-07,1.0,0.75,0.17304814663254525,0.008403361344537815
1,538328,3110852,119,50,50,24,54,5,4,1,1707252,118,846209,20,140,1001742,2,0.0,0.0,1,0,55868,26950604737,12138728,46557,0.0,39,-0.1333579626107711,-0.111531858352196,0.0586726542479302,-0.2285968236062462,-0.0905323934549063,-0.0864195011350185,-0.1060901192228456,1.6625323115541628,-0.0845824166530449,-0.1381280387907463,-0.1727847736047378,0.4214688514897955,-0.229187117122774,-0.2221494032500683,-0.0803082605919611,-0.1551498553184258,-0.1296711714674287,-0.2386144579866117,-0.2682953987322964,-0.9774463258979924,-0.0964858398432329,-0.2111778521198261,-0.1870350047934418,0.4565822961870324,-0.333474188174486,-0.1628410396718212,-0.085841686,-0.0889108667341975,0,1.0,1.0,1.8221399067038726,0.6361636000519966,0.1702127659574468,2.5,4.991300163814471e-05,0.1,1.607276720332565e-06,1.25,1.0,0.1730484124606378,0.03361344537815126
1,538329,3110853,119,10,10,4,55,2,2,3,1707252,118,846223,6,100,718807,3,2.0,1.0,1,1,103714,26458284249,14252785,82972,0.0,6,-0.1333579626107711,-0.1115298018869027,0.0586732058376785,-0.2285968236062462,-0.0907498880963844,-0.0865093307692933,-0.221602121000311,1.6656161712835162,-0.086461813456019,-0.2356993342769757,-0.1399249182411239,0.4214688514897955,-0.229187117122774,-0.2221355196976461,-0.0805641503437458,-0.2823009397218357,-0.2708794785587166,-0.1573131443048023,-0.1180016883063306,-0.3028783238231584,-0.0964858398432329,-0.1276327533307624,-0.1436147627292888,0.3977563313476526,-0.0481226073809747,-0.11999614344629,-0.085841686,-0.089007677937048,0,0.3333333333333333,1.0,1.8221404924404834,0.6361542570288717,0.039603960396039604,1.6666666666666667,1.391192084673515e-05,0.2,6.42910481466016e-07,1.0,1.0,0.17304867828855944,0.01680672268907563
1,538330,3110854,119,346,348,151,56,5,4,3,1707252,118,846232,90,1442,9296925,3,2.0,1.0,1,1,103714,26598803457,13837109,82972,0.0,274,-0.1333579626107711,-0.1115277454216095,0.0586737574274268,-0.2285968236062462,-0.0889229331079684,-0.0857502703596715,0.6274110920640594,1.6687000310128697,-0.0845824166530449,-0.1381280387907463,-0.1399249182411239,0.4214688514897955,-0.229187117122774,-0.2221265945568033,-0.0790288118330377,3.983617942012568,4.010321224109048,-0.1573131443048023,-0.1180016883063306,-0.3028783238231584,-0.0964858398432329,-0.1276327533307624,-0.1436147627292888,0.4145465689886778,-0.1042298001851061,-0.11999614344629,-0.085841686,-0.0882214536229898,0,0.3333333333333333,1.0,1.822141078177094,0.6361486730014074,0.10464310464310464,3.8666666666666667,3.721660256304073e-05,0.014367816091954023,1.607275686997847e-06,1.25,0.9942528735632183,0.1730489441163102,0.03361344537815126
1,538331,3110855,119,347,349,151,57,6,4,1,1707252,118,846237,90,1442,9296930,2,0.0,0.0,1,0,52068,28776610514,12579099,29912,0.0,275,-0.1333579626107711,-0.1115256889563162,0.0586743090171751,-0.2285968236062462,-0.0889174957419315,-0.0857480246188146,0.6274110920640594,1.6717838907422229,-0.0839559510520535,-0.1381280387907463,-0.1727847736047378,0.4214688514897955,-0.229187117122774,-0.222121636145224,-0.0790288118330377,3.983617942012568,4.010323719528616,-0.2386144579866117,-0.2682953987322964,-0.9774463258979924,-0.0964858398432329,-0.2111778521198261,-0.1904835045602725,0.6747664958141384,-0.2740337090456738,-0.182425092882695,-0.085841686,-0.0882185199501762,0,1.0,1.0,1.8221416639137047,0.6361460960155417,0.10464310464310464,3.8777777777777778,3.7324144924814435e-05,0.017191977077363897,1.928730204397183e-06,1.5,0.994269340974212,0.17304920994389003,0.03361344537815126
1,538332,3110856,119,1708653,2761737,1915,58,2384,116,1,1707252,118,846240,592,2076,12763675,2,0.0,0.0,1,0,82464,33781368200,1273743,51812,0.0,2760346,-0.1333579626107711,-0.1115236324910229,0.0586748606069234,-0.2285968236062462,9.199767529379976,6.115613828649479,10.815569648836506,1.674867750471576,1.4057792481053903,5.325864508438097,-0.1727847736047378,0.4214688514897955,-0.229187117122774,-0.2221186610982763,-0.0698533364476153,5.998962629806615,5.74052038154352,-0.2386144579866117,-0.2682953987322964,-0.9774463258979924,-0.0964858398432329,-0.2111778521198261,-0.1628991364253815,1.272770655385599,-1.80001016381175,-0.1566581499377785,-0.085841686,8.008926736493285,0,1.0,1.0,1.8221422496503152,0.6361450225172262,0.922002888781897,4665.096283783784,0.13386840906961286,0.000863224847260981,0.0007663485548672134,20.551724137931036,0.6186878040885139,0.17304947577129895,0.9747899159663865
1,538333,3110857,119,10,10,4,59,2,2,3,1707252,118,846258,2,100,718787,3,2.0,1.0,1,1,103714,30432750641,14066195,82972,0.0,2,-0.1333579626107711,-0.1115215760257297,0.0586754121966717,-0.2285968236062462,-0.0907498880963844,-0.0865093307692933,-0.221602121000311,1.6779516102009295,-0.086461813456019,-0.2356993342769757,-0.1399249182411239,0.4214688514897955,-0.229187117122774,-0.2221008108165907,-0.0806372617013986,-0.2823009397218357,-0.2708894602369884,-0.1573131443048023,-0.1180016883063306,-0.3028783238231584,-0.0964858398432329,-0.1276327533307624,-0.1436147627292888,0.8726539355096967,-0.0733081872684902,-0.11999614344629,-0.085841686,-0.0890194126283026,0,0.3333333333333333,1.0,1.8221428353869258,0.6361326733305052,0.039603960396039604,5.0,1.391230794058888e-05,0.2,6.429096547993045e-07,1.0,1.0,0.173049741598537,0.01680672268907563
1,538334,3110858,119,6,6,6,60,1,1,1,1707253,118,846267,2,86,619431,2,0.0,0.0,1,0,41640,31202794652,21163319,29900,0.0,2,-0.1333579626107711,-0.1115195195604364,0.05867596378642,-0.2285968236062462,-0.0907716375605322,-0.0865183137327207,-0.2100509208225644,1.6810354699302827,-0.0870882790570103,-0.2844849820200903,-0.1727847736047378,0.4214706539704457,-0.229187117122774,-0.2220918856757479,-0.0806372617013986,-0.3268038192630292,-0.3204764415555315,-0.2386144579866117,-0.2682953987322964,-0.9774463258979924,-0.0964858398432329,-0.2111778521198261,-0.1999469139204068,0.9646642885622004,0.8846487422218535,-0.1824392117555415,-0.085841686,-0.0890194126283026,0,1.0,1.0,1.8221423538280501,0.6361270897635265,0.06896551724137931,3.0,9.686293249299359e-06,0.16666666666666666,3.2145472406647943e-07,1.0,1.0,0.1730500074256041,0.008403361344537815
1,538335,3110859,119,2160,2257,237,61,111,51,1,1707253,118,846282,42,279,1867576,2,0.0,0.0,1,0,41654,33220088303,11779790,34712,0.0,2252,-0.1333579626107711,-0.1115174630951431,0.0586765153761683,-0.2285968236062462,-0.0790595511169369,-0.0814631510639082,1.1241126997071609,1.6841193296596362,-0.0181770629479612,2.154797405135643,-0.1727847736047378,0.4214706539704457,-0.229187117122774,-0.2220770104410099,-0.0799061481248709,0.2867001629834237,0.302452649770941,-0.2386144579866117,-0.2682953987322964,-0.9774463258979924,-0.0964858398432329,-0.2111778521198261,-0.1999342089212659,1.2057049283017962,-0.3819229886121569,-0.1767775437440831,-0.085841686,-0.0824186487975903,0,1.0,1.0,1.8221429395643176,0.6361169963239247,0.8464285714285714,53.73809523809524,0.0011565788184369373,0.04918032786885246,3.56814629014044e-05,2.176470588235294,0.9570225963668587,0.17305027325250036,0.42857142857142855
1,538336,3110860,119,5,5,2,62,2,2,3,1707253,118,846290,2,93,665916,3,2.0,1.0,1,1,103714,34200062925,9783582,82972,0.0,2,-0.1333579626107711,-0.1115154066298498,0.0586770669659166,-0.2285968236062462,-0.0907770749265692,-0.0865205594735776,-0.2331533211780575,1.6872031893889894,-0.086461813456019,-0.2356993342769757,-0.1399249182411239,0.4214706539704457,-0.229187117122774,-0.2220690769824829,-0.0806372617013986,-0.3045523794924324,-0.2972765258323494,-0.1573131443048023,-0.1180016883063306,-0.3028783238231584,-0.0964858398432329,-0.1276327533307624,-0.1436147627292888,1.3227992887080535,-0.6513675250615779,-0.11999614344629,-0.085841686,-0.0890194126283026,0,0.3333333333333333,1.0,1.822143525300585,0.6361121647282082,0.02127659574468085,2.5,7.5084432444283595e-06,0.4,6.42909034800666e-07,1.0,1.0,0.17305053907922568,0.01680672268907563
1,538337,3110861,119,83,83,28,63,4,3,1,1707253,118,846322,30,512,3357650,2,0.0,0.0,1,0,46617,28448725053,714983,46617,0.0,65,-0.1333579626107711,-0.1115133501645566,0.0586776185556649,-0.2285968236062462,-0.0903529603756869,-0.0863453916867418,-0.0829877188673525,1.6902870491183428,-0.0852088822540362,-0.186913686533861,-0.1727847736047378,0.4214706539704457,-0.229187117122774,-0.2220373431483751,-0.0801254821978292,1.0273552296332866,1.0461246132280733,-0.2386144579866117,-0.2682953987322964,-0.9774463258979924,-0.0964858398432329,-0.2111778521198261,-0.1954302867257972,0.6355884013202732,-1.875430575505561,-0.1627704453075886,-0.085841686,-0.0888345912410426,0,1.0,1.0,1.8221441110368528,0.6360892945128515,0.05458089668615984,2.7666666666666666,2.4719662645105164e-05,0.04819277108433735,1.285817656269438e-06,1.3333333333333333,1.0,0.1730508049057801,0.025210084033613446
1,538338,3110862,119,2,2,1,64,1,1,3,1707254,118,846331,1,0,0,3,2.0,1.0,1,1,179990,27163666114,12699376,179990,0.0,0,-0.1333579626107711,-0.1115112936992633,0.0586781701454132,-0.2285968236062462,-0.0907933870246801,-0.0865272966961482,-0.2389289212669308,1.693370908847696,-0.0870882790570103,-0.2844849820200903,-0.1399249182411239,0.421472456451096,-0.229187117122774,-0.2220284180075323,-0.0806555395408117,-0.6001786507303606,-0.6296244892338446,-0.1573131443048023,-0.1180016883063306,-0.3028783238231584,-0.0964858398432329,-0.1276327533307624,-0.0743942974096103,0.4820403898019213,-0.2577989376638704,-0.0058474096275727,-0.085841686,-0.0890252799739299,0,0.3333333333333333,1.0,1.8221436294775117,0.6360837118294003,1.0,2.0,2.0,0.5,3.214543107344524e-07,1.0,1.0,0.17305107073216364,0.008403361344537815
1,538339,3110863,119,7,7,2,65,3,2,3,1707254,118,846346,2,93,665972,3,2.0,1.0,1,1,179990,27362393307,8000278,179990,0.0,3,-0.1333579626107711,-0.11150923723397,0.0586787217351615,-0.2285968236062462,-0.0907662001944953,-0.0865160679918639,-0.2331533211780575,1.6964547685770497,-0.0858353478550276,-0.2356993342769757,-0.1399249182411239,0.421472456451096,-0.229187117122774,-0.2220135427727943,-0.0806372617013986,-0.3045523794924324,-0.2972485771331885,-0.1573131443048023,-0.1180016883063306,-0.3028783238231584,-0.0964858398432329,-0.1276327533307624,-0.0743942974096103,0.5057857328314941,-0.8920746656142649,-0.0058474096275727,-0.085841686,-0.0890164789554889,0,0.3333333333333333,1.0,1.8221442152134364,0.6360736199218524,0.02127659574468085,3.5,1.051093662956306e-05,0.42857142857142855,9.643626222048352e-07,1.5,1.0,0.17305133655837623,0.01680672268907563
1,538340,3110865,119,42,42,17,66,2,2,3,1707254,118,846370,17,271,1812975,3,2.0,1.0,1,1,109146,29273108095,6825046,87317,0.0,30,-0.1333579626107711,-0.1115071807686768,0.058679824914658,-0.2285968236062462,-0.090575892383202,-0.0864374670618734,-0.1465193198449585,1.699538628306403,-0.086461813456019,-0.2356993342769757,-0.1399249182411239,0.421472456451096,-0.229187117122774,-0.2219897423972134,-0.0803630941102007,0.2612699461027417,0.2752021690050711,-0.1573131443048023,-0.1180016883063306,-0.3028783238231584,-0.0964858398432329,-0.1276327533307624,-0.1386852230625981,0.734091569530638,-1.050705350122355,-0.1148839349031091,-0.085841686,-0.0889372697895204,0,0.3333333333333333,1.0,1.8221453866852853,0.6360567647048398,0.0625,2.4705882352941178,2.3166329835585248e-05,0.047619047619047616,6.429080014722593e-07,1.0,1.0,0.17305154675628803,0.01680672268907563
1,538340,3110865,119,5,5,4,67,3,3,1,1707254,118,846370,2,118,846350,2,0.0,0.0,1,0,136661,29273108095,6235471,136661,0.0,3,-0.1333579626107711,-0.1115071807686768,0.058679824914658,-0.2285968236062462,-0.0907770749265692,-0.0865205594735776,-0.221602121000311,1.702622488035756,-0.0858353478550276,-0.186913686533861,-0.1727847736047378,0.421472456451096,-0.229187117122774,-0.2219897423972134,-0.0806372617013986,-0.2250829517403012,-0.2072248189678419,-0.2386144579866117,-0.2682953987322964,-0.9774463258979924,-0.0964858398432329,-0.2111778521198261,-0.113715362250928,0.734091569530638,-1.1302851146444728,-0.0568271297581794,-0.085841686,-0.0890164789554889,0,1.0,1.0,1.8221453866852853,0.6360567647048398,0.03361344537815126,2.5,5.907714411632999e-06,0.6,9.64362002208389e-07,1.0,1.0,0.17305154675628803,0.025210084033613446
1,538341,3110866,119,5,5,2,68,2,2,3,1707254,118,846395,2,62,444250,3,2.0,1.0,1,1,103714,29298609491,5923437,82972,0.0,2,-0.1333579626107711,-0.1115051243033835,0.0586803765044063,-0.2285968236062462,-0.0907770749265692,-0.0865205594735776,-0.2331533211780575,1.7057063477651095,-0.086461813456019,-0.2356993342769757,-0.1399249182411239,0.421472456451096,-0.229187117122774,-0.2219649503393167,-0.0806372617013986,-0.4030944699050752,-0.4079064606219563,-0.1573131443048023,-0.1180016883063306,-0.3028783238231584,-0.0964858398432329,-0.1276327533307624,-0.1436147627292888,0.7371386582889087,-1.1724028982053334,-0.11999614344629,-0.085841686,-0.0890194126283026,0,0.3333333333333333,1.0,1.8221459724212097,0.6360391589752314,0.031746031746031744,2.5,1.1254898694656849e-05,0.4,6.429077948069766e-07,1.0,1.0,0.1730518125820913,0.01680672268907563
1,538342,3110867,119,5,5,2,69,2,2,3,1707254,118,846409,2,62,444319,3,2.0,1.0,1,1,103714,29911431460,4216918,82972,0.0,2,-0.1333579626107711,-0.1115030678380902,0.0586809280941546,-0.2285968236062462,-0.0907770749265692,-0.0865205594735776,-0.2331533211780575,1.7087902074944628,-0.086461813456019,-0.2356993342769757,-0.1399249182411239,0.421472456451096,-0.229187117122774,-0.2219510667868945,-0.0806372617013986,-0.4030944699050752,-0.4078720238319187,-0.1573131443048023,-0.1180016883063306,-0.3028783238231584,-0.0964858398432329,-0.1276327533307624,-0.1436147627292888,0.8103629999116636,-1.402745738679437,-0.11999614344629,-0.085841686,-0.0890194126283026,0,0.3333333333333333,1.0,1.822146558157134,0.6360298200635626,0.031746031746031744,2.5,1.125315088224703e-05,0.4,6.429075881418267e-07,1.0,1.0,0.17305207840772363,0.01680672268907563
1,538343,3110868,119,17,17,7,70,4,4,3,1707254,118,846427,6,113,813849,3,2.0,1.0,1,1,86614,26099047894,16838379,69292,0.0,12,-0.1333579626107711,-0.111501011372797,0.0586814796839029,-0.2285968236062462,-0.0907118265341258,-0.0864936105832952,-0.2042753207336911,1.7118740672238162,-0.0852088822540362,-0.1381280387907463,-0.1399249182411239,0.421472456451096,-0.229187117122774,-0.2219332165052089,-0.0805641503437458,-0.2409768372907275,-0.2234455452433962,-0.1573131443048023,-0.1180016883063306,-0.3028783238231584,-0.0964858398432329,-0.1276327533307624,-0.1591330116800269,0.3548322083356179,0.3008761827132459,-0.1360916584913337,-0.085841686,-0.0889900759001661,0,0.3333333333333333,1.0,1.8221471438930588,0.6360174757923888,0.06140350877192982,2.8333333333333335,2.088837009276894e-05,0.23529411764705882,1.2858147629536194e-06,1.0,1.0,0.17305234423318508,0.03361344537815126
1,538344,3110869,119,18,18,7,71,5,4,1,1707254,118,846429,6,113,813851,2,0.0,0.0,1,0,86614,23483270992,29468951,34659,0.0,13,-0.1333579626107711,-0.1114989549075037,0.0586820312736512,-0.2285968236062462,-0.0907063891680888,-0.0864913648424383,-0.2042753207336911,1.7149579269531694,-0.0845824166530449,-0.1381280387907463,-0.1727847736047378,0.421472456451096,-0.229187117122774,-0.2219312331405772,-0.0805641503437458,-0.2409768372907275,-0.223444547075569,-0.2386144579866117,-0.2682953987322964,-0.9774463258979924,-0.0964858398432329,-0.2111778521198261,-0.1591330116800269,0.0422805193132557,2.005727890366474,-0.1768399020991553,-0.085841686,-0.0889871422273524,0,1.0,1.0,1.8221477296289832,0.6360171544014271,0.06140350877192982,3.0,2.2117043393639138e-05,0.2777777777777778,1.6072679370298138e-06,1.25,1.0,0.1730526100584756,0.03361344537815126
1,538345,3110870,119,5,5,3,72,2,2,3,1707254,118,846478,2,65,468810,3,2.0,1.0,1,1,92046,26713153986,9910852,73637,0.0,2,-0.1333579626107711,-0.1114968984422104,0.0586825828633995,-0.2285968236062462,-0.0907770749265692,-0.0865205594735776,-0.2273777210891842,1.7180417866825228,-0.086461813456019,-0.2356993342769757,-0.1399249182411239,0.421472456451096,-0.229187117122774,-0.2218826407070996,-0.0806372617013986,-0.3935581385748194,-0.3956489597042118,-0.1573131443048023,-0.1180016883063306,-0.3028783238231584,-0.0964858398432329,-0.1276327533307624,-0.1542034720133363,0.4282099861372213,-0.6341888512190135,-0.1309794499481528,-0.085841686,-0.0890194126283026,0,0.3333333333333333,1.0,1.8221483153649076,0.6359815187382085,0.045454545454545456,2.5,1.0665278758390908e-05,0.4,6.429069681471743e-07,1.0,1.0,0.17305287588359528,0.01680672268907563
1,538346,3110872,119,5,5,2,73,2,2,3,1707255,118,846480,2,62,444379,3,2.0,1.0,1,1,103714,26000000000,12664199,82972,0.0,2,-0.1333579626107711,-0.1114948419769171,0.0586836860428961,-0.2285968236062462,-0.0907770749265692,-0.0865205594735776,-0.2331533211780575,1.721125646411876,-0.086461813456019,-0.2356993342769757,-0.1399249182411239,0.4214742589317463,-0.229187117122774,-0.2218806573424679,-0.0806372617013986,-0.4030944699050752,-0.4078420787971033,-0.1573131443048023,-0.1180016883063306,-0.3028783238231584,-0.0964858398432329,-0.1276327533307624,-0.1436147627292888,0.3429972592082141,-0.2625470653432912,-0.11999614344629,-0.085841686,-0.0890194126283026,0,0.3333333333333333,1.0,1.8221484195389674,0.6359811974515671,0.031746031746031744,2.5,1.1251631486565551e-05,0.4,6.429065548180703e-07,1.0,1.0,0.17305308608004444,0.01680672268907563
1,538346,3110872,119,28,29,9,74,1,1,3,1707255,118,846480,14,329,2183050,3,2.0,1.0,1,1,179990,26475335553,9196216,179990,0.0,21,-0.1333579626107711,-0.1114948419769171,0.0586836860428961,-0.2285968236062462,-0.0906520155077193,-0.0864666616930127,-0.1927241205559446,1.7242095061412297,-0.0870882790570103,-0.2844849820200903,-0.1399249182411239,0.4214742589317463,-0.229187117122774,-0.2218806573424679,-0.0804179276284402,0.4456390184876861,0.4599006483264996,-0.1573131443048023,-0.1180016883063306,-0.3028783238231584,-0.0964858398432329,-0.1276327533307624,-0.0743942974096103,0.3997937428184699,-0.7306491227689063,-0.0058474096275727,-0.085841686,-0.0889636728448432,0,0.3333333333333333,1.0,1.8221484195389674,0.6359811974515671,0.02727272727272727,2.0714285714285716,1.2826086060289018e-05,0.034482758620689655,3.2145327740903516e-07,1.0,0.9655172413793104,0.17305308608004444,0.008403361344537815
1,538347,3110873,119,364,369,152,75,2,2,1,1707255,118,846483,108,1391,8986979,2,0.0,0.0,1,0,53610,25093822280,6778641,46617,0.0,332,-0.1333579626107711,-0.1114927855116239,0.0586842376326444,-0.2285968236062462,-0.0888250605193033,-0.0857031098016772,0.6331866921529328,1.727293365870583,-0.086461813456019,-0.2356993342769757,-0.1727847736047378,0.4214742589317463,-0.229187117122774,-0.2218776822955203,-0.0786998107236002,3.82150030939822,3.8556321614278097,-0.2386144579866117,-0.2682953987322964,-0.9774463258979924,-0.0964858398432329,-0.2111778521198261,-0.1890841396548901,0.2347206792277578,-1.0569690128839189,-0.1627704453075886,-0.085841686,-0.0880513005997981,0,1.0,1.0,1.8221490052745488,0.6359801248458329,0.10919540229885058,3.4166666666666665,4.05030388406339e-05,0.005420054200542005,6.429063481537176e-07,1.0,0.986449864498645,0.1730533519047547,0.01680672268907563
1,538348,3110874,119,4505,4660,585,76,2,2,1,1707255,118,846520,885,897,5855195,2,0.0,0.0,1,0,55868,63148271635,9626064,46557,0.0,4622,-0.1333579626107711,-0.1114907290463306,0.0586847892223926,-0.2285968236062462,-0.0663089277602836,-0.0760666357848515,3.1340215306350583,1.730377225599936,-0.086461813456019,-0.2356993342769757,-0.1727847736047378,0.4214742589317463,-0.229187117122774,-0.2218409900498331,-0.06449792949955,2.251184417016108,2.292609146192572,-0.2386144579866117,-0.2682953987322964,-0.9774463258979924,-0.0964858398432329,-0.2111778521198261,-0.1870350047934418,4.781737824163612,-0.6726290191004957,-0.1628410396718212,-0.085841686,-0.0754658442292401,0,1.0,1.0,1.8221495910101302,0.635953508536705,0.6514476614699332,5.265536723163842,0.0007694020832095117,0.00042918454935622315,6.429061414894978e-07,1.0,0.9667381974248928,0.1730536177292941,0.01680672268907563
1,538349,3110875,119,8,8,4,77,2,2,3,1707255,118,846547,4,92,658841,3,2.0,1.0,1,1,92034,31245124451,13324430,73628,0.0,4,-0.1333579626107711,-0.1114886725810373,0.0586853408121409,-0.2285968236062462,-0.0907607628284583,-0.086513822251007,-0.221602121000311,1.733461085329289,-0.086461813456019,-0.2356993342769757,-0.1399249182411239,0.4214742589317463,-0.229187117122774,-0.2218142146273047,-0.0806007060225722,-0.3077311566025177,-0.3008075445209912,-0.1573131443048023,-0.1180016883063306,-0.3028783238231584,-0.0964858398432329,-0.1276327533307624,-0.1542143620126,0.9697221549893073,-0.1734302820498981,-0.1309900391027877,-0.085841686,-0.0890135452826753,0,0.3333333333333333,1.0,1.8221501767457118,0.6359344065546194,0.043010752688172046,2.0,1.2142516718727706e-05,0.25,6.429059348254109e-07,1.0,1.0,0.17305388355366255,0.01680672268907563
1,538350,3110876,119,43,44,12,78,2,2,3,1707255,118,846551,14,329,2184660,3,2.0,1.0,1,1,103728,31816260358,9100833,82983,0.0,33,-0.1333579626107711,-0.1114866161157441,0.0586858924018892,-0.2285968236062462,-0.090570455017165,-0.0864329755801597,-0.1753973202893248,1.7365449450586428,-0.086461813456019,-0.2356993342769757,-0.1399249182411239,0.4214742589317463,-0.229187117122774,-0.2218102478980412,-0.0804179276284402,0.4456390184876861,0.4607041734273777,-0.1573131443048023,-0.1180016883063306,-0.3028783238231584,-0.0964858398432329,-0.1276327533307624,-0.1436020577301478,1.0379655484750752,-0.7435237471668423,-0.1199832011461806,-0.085841686,-0.0889284687710794,0,0.3333333333333333,1.0,1.8221507624812932,0.6359325829954923,0.03636363636363636,3.142857142857143,1.968268761148755e-05,0.045454545454545456,6.429057281614568e-07,1.0,0.9772727272727273,0.17305414937786012,0.01680672268907563
1,538351,3110877,119,5,5,2,79,2,2,3,1707255,118,846559,2,62,444451,3,2.0,1.0,1,1,103714,24000000000,21880713,82972,0.0,2,-0.1333579626107711,-0.1114845596504508,0.0586864439916375,-0.2285968236062462,-0.0907770749265692,-0.0865205594735776,-0.2331533211780575,1.739628804787996,-0.086461813456019,-0.2356993342769757,-0.1399249182411239,0.4214742589317463,-0.229187117122774,-0.2218023144395142,-0.0806372617013986,-0.4030944699050752,-0.4078061447553249,-0.1573131443048023,-0.1180016883063306,-0.3028783238231584,-0.0964858398432329,-0.1276327533307624,-0.1436147627292888,0.1040229882882531,0.9814812836111256,-0.11999614344629,-0.085841686,-0.0890194126283026,0,0.3333333333333333,1.0,1.8221513482168745,0.6359277546777546,0.031746031746031744,2.5,1.1249808753251195e-05,0.4,6.429055214976356e-07,1.0,1.0,0.1730544152018868,0.01680672268907563
1,538352,3110878,119,142,145,42,80,5,4,1,1707255,118,846595,38,166,1169751,2,0.0,0.0,1,0,55868,22763685858,14634018,46557,0.0,122,-0.1333579626107711,-0.1114825031851575,0.0586869955813858,-0.2285968236062462,-0.0900321557795067,-0.0862061557536159,-0.0021293176231267,1.7427126645173494,-0.0845824166530449,-0.1381280387907463,-0.1727847736047378,0.4214742589317463,-0.229187117122774,-0.221766613876143,-0.0799792594825236,-0.0725016504562093,-0.0458205822292638,-0.2386144579866117,-0.2682953987322964,-0.9774463258979924,-0.0964858398432329,-0.2111778521198261,-0.1870350047934418,-0.0437006470679905,0.0033355317328961,-0.1628410396718212,-0.085841686,-0.0886673718906646,0,1.0,1.0,1.822151933952456,0.6359018941738445,0.25149700598802394,3.8157894736842106,0.00012139325258687311,0.034482758620689655,1.607263287084868e-06,1.25,0.9793103448275862,0.17305468102574256,0.03361344537815126
1,538353,3110879,119,394,457,235,81,10,10,1,1707255,118,846625,92,1290,8336468,2,0.0,0.0,1,0,50948,25867482025,2515020,29924,0.0,365,-0.1333579626107711,-0.1114804467198643,0.0586875471711341,-0.2285968236062462,-0.0886619395381947,-0.0855054846062727,1.112561499529414,1.7457965242467028,-0.0814500886480881,0.1545858476679417,-0.1727847736047378,0.4214742589317463,-0.229187117122774,-0.2217368634066669,-0.0789922561542113,3.50044382127961,3.530972585715152,-0.2386144579866117,-0.2682953987322964,-0.9774463258979924,-0.0964858398432329,-0.2111778521198261,-0.1914999044915489,0.3271630659785068,-1.6324648449520285,-0.1824109740098485,-0.085841686,-0.0879544893969477,0,1.0,1.0,1.8221525196880373,0.6358805422937637,0.1820294345468629,4.967391304347826,4.726221617329831e-05,0.02188183807439825,3.2145255408519586e-06,1.0,0.862144420131291,0.17305494684942743,0.08403361344537816
1,538354,3110880,119,8,8,2,82,4,2,1,1707255,118,846631,2,93,666257,2,0.0,0.0,1,0,77718,25514354795,16156802,47012,0.0,4,-0.1333579626107711,-0.111478390254571,0.0586880987608824,-0.2285968236062462,-0.0907607628284583,-0.086513822251007,-0.2331533211780575,1.748880383976056,-0.0852088822540362,-0.2356993342769757,-0.1727847736047378,0.4214742589317463,-0.229187117122774,-0.2217309133127717,-0.0806372617013986,-0.3045523794924324,-0.2971063382178156,-0.2386144579866117,-0.2682953987322964,-0.9774463258979924,-0.0964858398432329,-0.2111778521198261,-0.1672061311341653,0.2849689048128891,0.2088781550429896,-0.1623056990763903,-0.085841686,-0.0890135452826753,0,1.0,1.0,1.8221531054236186,0.6358772170199095,0.02127659574468085,4.0,1.2007360511993853e-05,0.5,1.2858098030139383e-06,2.0,1.0,0.1730552126729414,0.01680672268907563
1,538355,3110881,119,23,23,6,83,4,3,1,1707255,118,846635,9,118,846539,2,0.0,0.0,1,0,52068,24538756771,17269002,29912,0.0,12,-0.1333579626107711,-0.1114763337892777,0.0586886503506307,-0.2285968236062462,-0.0906792023379041,-0.086480136138154,-0.2100509208225644,1.7519642437054097,-0.0852088822540362,-0.186913686533861,-0.1727847736047378,0.4214742589317463,-0.229187117122774,-0.2217269465835082,-0.0805093168255062,-0.2250829517403012,-0.2071304921081736,-0.2386144579866117,-0.2682953987322964,-0.9774463258979924,-0.0964858398432329,-0.2111778521198261,-0.1904835045602725,0.1683974915647118,0.3590008944764785,-0.182425092882695,-0.085841686,-0.0889900759001661,0,1.0,1.0,1.8221536911592,0.6358753939119055,0.05042016806722689,2.5555555555555554,2.716941904694403e-05,0.17391304347826086,1.2858093896873587e-06,1.3333333333333333,1.0,0.1730554784962845,0.025210084033613446
1,538356,3110882,119,1586,1593,367,84,1,1,1,1707256,118,846658,260,629,4112473,2,0.0,0.0,1,0,55868,28000000000,3883383,46557,0.0,1382,-0.1333579626107711,-0.1114742773239844,0.058689201940379,-0.2285968236062462,-0.0821805992221475,-0.0829543229928693,1.8749407112606853,1.7550481034347627,-0.0870882790570103,-0.2844849820200903,-0.1727847736047378,0.4214760614123966,-0.229187117122774,-0.2217041378902432,-0.075921579132795,1.399272151513261,1.4228446301350206,-0.2386144579866117,-0.2682953987322964,-0.9774463258979924,-0.0964858398432329,-0.2111778521198261,-0.1870350047934418,0.5819715301281753,-1.4477656882361254,-0.1628410396718212,-0.085841686,-0.0849709441454657,0,1.0,1.0,1.8221532095948119,0.6358593010881595,0.5825396825396826,6.126923076923077,0.0003856559336302187,0.0006277463904582549,3.214522440902612e-07,1.0,0.9956057752667922,0.17305574431945667,0.008403361344537815
1,538357,3110883,119,21,21,6,85,4,4,3,1707256,118,846663,12,101,723643,3,2.0,1.0,1,1,86614,26973783427,8987241,69292,0.0,14,-0.1333579626107711,-0.1114722208586912,0.0586897535301273,-0.2285968236062462,-0.0906900770699779,-0.0864846276198677,-0.2100509208225644,1.758131963164116,-0.0852088822540362,-0.1381280387907463,-0.1399249182411239,0.4214760614123966,-0.229187117122774,-0.2216991794786639,-0.0804544833072666,-0.2791221626117505,-0.2684659087526004,-0.1573131443048023,-0.1180016883063306,-0.3028783238231584,-0.0964858398432329,-0.1276327533307624,-0.1591330116800269,0.4593518514588472,-0.7588561893694398,-0.1360916584913337,-0.085841686,-0.0889842085545388,0,0.3333333333333333,1.0,1.8221537953300502,0.635856727107802,0.058823529411764705,1.75,2.901979426347762e-05,0.19047619047619047,1.2858085630349967e-06,1.0,1.0,0.17305601014245794,0.03361344537815126
1,538358,3110884,119,344,352,72,86,2,2,1,1707256,118,846674,11,129,925047,2,0.0,0.0,1,0,52050,27048443199,21740262,34700,0.0,305,-0.1333579626107711,-0.1114701643933979,0.0586903051198756,-0.2285968236062462,-0.0889338078400423,-0.085741287396244,0.1711386850430712,1.7612158228934691,-0.086461813456019,-0.2356993342769757,-0.1727847736047378,0.4214760614123966,-0.229187117122774,-0.2216882709731893,-0.0804727611466798,-0.1901164035293635,-0.1679484122201328,-0.2386144579866117,-0.2682953987322964,-0.9774463258979924,-0.0964858398432329,-0.2111778521198261,-0.190499839559168,0.4682727337492225,0.9625234622874672,-0.1767916626169297,-0.085841686,-0.0881305097657667,0,1.0,1.0,1.8221543810652885,0.6358496471491423,0.5538461538461539,32.0,0.00037187259471940917,0.005681818181818182,6.429040748546072e-07,1.0,0.9772727272727273,0.17305627596528833,0.01680672268907563
1,538359,3110885,119,45,46,18,87,2,2,2,1707256,118,846692,11,512,3361123,3,1.0,1.0,1,1,102763,22981776067,8860084,82211,0.0,33,-0.1333579626107711,-0.1114681079281046,0.0586908567096238,-0.2285968236062462,-0.0905595802850911,-0.086428484098446,-0.1407437197560852,1.7642996826228228,-0.086461813456019,-0.2356993342769757,-0.1563548459229309,0.4214760614123966,-0.229187117122774,-0.2216704206915037,-0.0804727611466798,1.0273552296332866,1.0478579316599677,-0.1573131443048023,-0.1931485435193135,-0.3028783238231584,-0.0964858398432329,-0.1276327533307624,-0.1444777951709351,-0.017641672722712,-0.7760196106768882,-0.1208915152993074,-0.085841686,-0.0889284687710794,0,0.5,1.0,1.8221549668005268,0.6358373105718366,0.03508771929824561,4.181818181818182,1.338837841150758e-05,0.043478260869565216,6.429038681918489e-07,1.0,0.9782608695652174,0.1730565417879478,0.01680672268907563
1,538360,3110886,119,5,5,2,88,2,2,3,1707256,118,846693,2,62,444542,3,2.0,1.0,1,1,103714,22000000000,15720908,82972,0.0,2,-0.1333579626107711,-0.1114660514628114,0.0586914082993721,-0.2285968236062462,-0.0907770749265692,-0.0865205594735776,-0.2331533211780575,1.767383542352176,-0.086461813456019,-0.2356993342769757,-0.1399249182411239,0.4214760614123966,-0.229187117122774,-0.2216694290091878,-0.0806372617013986,-0.4030944699050752,-0.4077607281191883,-0.1573131443048023,-0.1180016883063306,-0.3028783238231584,-0.0964858398432329,-0.1276327533307624,-0.1436147627292888,-0.1349512826317079,0.150041973256781,-0.11999614344629,-0.085841686,-0.0890194126283026,0,0.3333333333333333,1.0,1.8221555525357649,0.6358377406713641,0.031746031746031744,2.5,1.124750586557431e-05,0.4,6.429036615292235e-07,1.0,1.0,0.17305680761043638,0.01680672268907563
1,538361,3110887,119,49,50,17,89,3,2,3,1707256,118,846695,15,558,3654009,3,2.0,1.0,1,1,103714,23867190893,13950311,82972,0.0,43,-0.1333579626107711,-0.1114639949975181,0.0586919598891204,-0.2285968236062462,-0.0905378308209433,-0.0864195011350185,-0.1465193198449585,1.7704674020815294,-0.0858353478550276,-0.2356993342769757,-0.1399249182411239,0.4214760614123966,-0.229187117122774,-0.2216674456445561,-0.0803996497890271,1.173578976697208,1.194032622775379,-0.1573131443048023,-0.1180016883063306,-0.3028783238231584,-0.0964858398432329,-0.1276327533307624,-0.1436147627292888,0.088154008529825,-0.0889499994753868,-0.11999614344629,-0.085841686,-0.0888991320429429,0,0.3333333333333333,1.0,1.8221561382710032,0.635837419805928,0.03041144901610018,3.3333333333333335,1.3409924986521658e-05,0.06,9.643551823000964e-07,1.5,0.98,0.17305707343275406,0.01680672268907563
1,538362,3110888,119,5,5,2,90,2,2,3,1707256,118,846697,2,90,644663,3,2.0,1.0,1,1,103714,22769439787,14529825,82972,0.0,2,-0.1333579626107711,-0.1114619385322248,0.0586925114788687,-0.2285968236062462,-0.0907770749265692,-0.0865205594735776,-0.2331533211780575,1.7735512618108826,-0.086461813456019,-0.2356993342769757,-0.1399249182411239,0.4214760614123966,-0.229187117122774,-0.2216654622799243,-0.0806372617013986,-0.3140887108226882,-0.3078835562478552,-0.1573131443048023,-0.1180016883063306,-0.3028783238231584,-0.0964858398432329,-0.1276327533307624,-0.1436147627292888,-0.0430131265741404,-0.0107282504913382,-0.11999614344629,-0.085841686,-0.0890194126283026,0,0.3333333333333333,1.0,1.8221567240062415,0.6358370989420077,0.02197802197802198,2.5,7.755978308079867e-06,0.4,6.429032482043712e-07,1.0,1.0,0.17305733925490085,0.01680672268907563
1,538363,3110890,119,15,15,7,91,1,1,3,1707257,118,846699,7,453,2981212,3,2.0,1.0,1,1,179990,24590911682,4634955,179990,0.0,10,-0.1333579626107711,-0.1114598820669316,0.0586936146583653,-0.2285968236062462,-0.0907227012661997,-0.0864981020650089,-0.2042753207336911,1.776635121540236,-0.0870882790570103,-0.2844849820200903,-0.1399249182411239,0.4214778638930468,-0.229187117122774,-0.2216634789152926,-0.0805458725043326,0.839807380138257,0.8582504629644783,-0.1573131443048023,-0.1180016883063306,-0.3028783238231584,-0.0964858398432329,-0.1276327533307624,-0.0743942974096103,0.174629332480272,-1.3463198623761126,-0.0058474096275727,-0.085841686,-0.0889959432457934,0,0.3333333333333333,1.0,1.8221568281752543,0.6358367780796031,0.015418502202643172,2.142857142857143,5.031508986442766e-06,0.06666666666666667,3.214514174400252e-07,1.0,1.0,0.1730575494472643,0.008403361344537815
1,538363,3110890,119,5,5,3,92,3,3,3,1707257,118,846699,1,118,846257,3,2.0,1.0,1,1,179978,24090911682,9154512,179978,0.0,2,-0.1333579626107711,-0.1114598820669316,0.0586936146583653,-0.2285968236062462,-0.0907770749265692,-0.0865205594735776,-0.2273777210891842,1.7797189812695893,-0.0858353478550276,-0.186913686533861,-0.1399249182411239,0.4214778638930468,-0.229187117122774,-0.2216634789152926,-0.0806555395408117,-0.2250829517403012,-0.2072712337718056,-0.1573131443048023,-0.1180016883063306,-0.3028783238231584,-0.0964858398432329,-0.1276327533307624,-0.074405187408874,0.1148857647502817,-0.7362782530740081,-0.0058615285004192,-0.085841686,-0.0890194126283026,0,0.3333333333333333,1.0,1.8221568281752543,0.6358367780796031,0.025210084033613446,5.0,5.908363643238823e-06,0.6,9.643542523200756e-07,1.0,1.0,0.1730575494472643,0.025210084033613446
1,538364,3110891,119,46,47,18,93,3,2,3,1707257,118,846703,11,512,3361134,3,2.0,1.0,1,1,179990,24607155543,12611259,179990,0.0,34,-0.1333579626107711,-0.1114578256016383,0.0586941662481136,-0.2285968236062462,-0.0905541429190541,-0.0864262383575891,-0.1407437197560852,1.7828028409989427,-0.0858353478550276,-0.2356993342769757,-0.1399249182411239,0.4214778638930468,-0.229187117122774,-0.2216595121860291,-0.0804727611466798,1.0273552296332866,1.0478634215830172,-0.1573131443048023,-0.1180016883063306,-0.3028783238231584,-0.0964858398432329,-0.1276327533307624,-0.0743942974096103,0.1765702648999721,-0.2696928105560308,-0.0058474096275727,-0.085841686,-0.0889255350982658,0,0.3333333333333333,1.0,1.8221574139101495,0.6358349553090572,0.03508771929824561,4.2727272727272725,1.3685853141870231e-05,0.06382978723404255,9.64353942327134e-07,1.5,0.9787234042553191,0.1730578152690017,0.01680672268907563
1,538365,3110892,119,2,2,1,94,1,1,3,1707258,118,846714,1,0,0,3,2.0,1.0,1,1,179990,21978678102,9502432,179990,0.0,0,-0.1333579626107711,-0.111455769136345,0.0586947178378619,-0.2285968236062462,-0.0907933870246801,-0.0865272966961482,-0.2389289212669308,1.785886700728296,-0.0870882790570103,-0.2844849820200903,-0.1399249182411239,0.4214796663736971,-0.229187117122774,-0.2216486036805545,-0.0806555395408117,-0.6001786507303606,-0.6296244892338446,-0.1573131443048023,-0.1180016883063306,-0.3028783238231584,-0.0964858398432329,-0.1276327533307624,-0.0743942974096103,-0.1374989751462978,-0.6893166422992378,-0.0058474096275727,-0.085841686,-0.0890252799739299,0,0.3333333333333333,1.0,1.8221569323441449,0.6358278759677105,1.0,2.0,2.0,0.5,3.2145121077813053e-07,1.0,1.0,0.17305808109056822,0.008403361344537815
1,538366,3110894,119,81,85,38,95,5,5,3,1707258,118,846715,33,1661,10567561,3,2.0,1.0,1,1,92046,21000000000,19858519,73637,0.0,68,-0.1333579626107711,-0.1114537126710518,0.0586958210173585,-0.2285968236062462,-0.0903638351077608,-0.0863409002050281,-0.0252317179786198,1.7920544201870028,-0.0845824166530449,-0.0893423910476316,-0.1399249182411239,0.4214796663736971,-0.229187117122774,-0.2216476119982387,-0.0800706486795896,4.679770129121237,4.64447521173605,-0.1573131443048023,-0.1180016883063306,-0.3028783238231584,-0.0964858398432329,-0.1276327533307624,-0.1542034720133363,-0.2544384180916885,0.7085292039977784,-0.1309794499481528,-0.085841686,-0.0888257902226017,0,0.3333333333333333,1.0,1.822158103813249,0.6358283060672055,0.02286401925391095,2.5757575757575757,7.664965675148156e-06,0.058823529411764705,1.6072550205825079e-06,1.0,0.9529411764705882,0.17305829128218447,0.04201680672268908
1,538366,3110894,119,5,5,2,96,2,2,3,1707258,118,846715,2,90,646814,3,2.0,1.0,1,1,92046,21000000000,21272513,73637,0.0,2,-0.1333579626107711,-0.1114537126710518,0.0586958210173585,-0.2285968236062462,-0.0907770749265692,-0.0865205594735776,-0.2331533211780575,1.7889705604576494,-0.086461813456019,-0.2356993342769757,-0.1399249182411239,0.4214796663736971,-0.229187117122774,-0.2216476119982387,-0.0806372617013986,-0.3140887108226882,-0.3068100267497254,-0.1573131443048023,-0.1180016883063306,-0.3028783238231584,-0.0964858398432329,-0.1276327533307624,-0.1542034720133363,-0.2544384180916885,0.8993875503586098,-0.1309794499481528,-0.085841686,-0.0890194126283026,0,0.3333333333333333,1.0,1.822158103813249,0.6358283060672055,0.02197802197802198,2.5,7.730185601756299e-06,0.4,6.429020082330031e-07,1.0,1.0,0.17305829128218447,0.01680672268907563
1,538367,3110895,119,7,7,2,97,3,2,1,1707258,118,846719,2,90,644685,2,0.0,0.0,1,0,52068,23039933083,14587179,29912,0.0,3,-0.1333579626107711,-0.1114516562057585,0.0586963726071068,-0.2285968236062462,-0.0907662001944953,-0.0865160679918639,-0.2331533211780575,1.795138279916356,-0.0858353478550276,-0.2356993342769757,-0.1727847736047378,0.4214796663736971,-0.229187117122774,-0.2216436452689752,-0.0806372617013986,-0.3140887108226882,-0.3078725764017563,-0.2386144579866117,-0.2682953987322964,-0.9774463258979924,-0.0964858398432329,-0.2111778521198261,-0.1904835045602725,-0.0106926574739717,-0.0029867115617677,-0.182425092882695,-0.085841686,-0.0890164789554889,0,1.0,1.0,1.8221586895478012,0.6358264833711262,0.02197802197802198,3.5,1.0857999087928077e-05,0.42857142857142855,9.643527023573602e-07,1.5,1.0,0.17305855710334164,0.01680672268907563
1,538368,3110896,119,16,16,7,98,6,2,1,1707258,118,846735,5,46,329768,2,0.0,0.0,1,0,39661,25343254123,26969707,26441,0.0,11,-0.1333579626107711,-0.1114495997404652,0.058696924196855,-0.2285968236062462,-0.0907172639001627,-0.086495856324152,-0.2042753207336911,1.7982221396457094,-0.0839559510520535,-0.2356993342769757,-0.1727847736047378,0.4214796663736971,-0.229187117122774,-0.2216277783519213,-0.080582428183159,-0.4539549036664391,-0.4650425852174458,-0.2386144579866117,-0.2682953987322964,-0.9774463258979924,-0.0964858398432329,-0.2111778521198261,-0.2017428562989747,0.2645245756403315,1.66838446670822,-0.1865089768535537,-0.085841686,-0.0889930095729797,0,1.0,1.0,1.8221592752823534,0.6358156497420684,0.14893617021276595,3.2,4.851881165300559e-05,0.375,1.92870478473083e-06,3.0,1.0,0.17305882292432792,0.01680672268907563
1,538369,3110897,119,5,5,3,99,2,2,3,1707258,118,846740,2,82,588161,3,2.0,1.0,1,1,103714,26347002234,6320864,82972,0.0,2,-0.1333579626107711,-0.1114475432751719,0.0586974757866033,-0.2285968236062462,-0.0907770749265692,-0.0865205594735776,-0.2273777210891842,1.8013059993750626,-0.086461813456019,-0.2356993342769757,-0.1399249182411239,0.4214796663736971,-0.229187117122774,-0.221622819940342,-0.0806372617013986,-0.3395189277033702,-0.3360827955334577,-0.1573131443048023,-0.1180016883063306,-0.3028783238231584,-0.0964858398432329,-0.1276327533307624,-0.1436147627292888,0.384459562147088,-1.118758922333338,-0.11999614344629,-0.085841686,-0.0890194126283026,0,0.3333333333333333,1.0,1.8221598610169054,0.6358130762535416,0.03614457831325301,2.5,8.501059231980305e-06,0.4,6.429013882491127e-07,1.0,1.0,0.17305908874514328,0.01680672268907563
1,538370,3110898,119,27,27,6,100,10,6,3,1707258,118,846759,5,118,844911,3,2.0,1.0,1,1,109146,22033126944,5473951,87317,0.0,16,-0.1333579626107711,-0.1114454868098787,0.0586980273763516,-0.2285968236062462,-0.0906574528737562,-0.0864711531747265,-0.2100509208225644,1.804389859104416,-0.0814500886480881,-0.040556743304517,-0.1399249182411239,0.4214796663736971,-0.229187117122774,-0.2216039779763405,-0.080582428183159,-0.2250829517403012,-0.2079430007194964,-0.1573131443048023,-0.1180016883063306,-0.3028783238231584,-0.0964858398432329,-0.1276327533307624,-0.1386852230625981,-0.1309930389866047,-1.2330737035074384,-0.1148839349031091,-0.085841686,-0.0889783412089115,0,0.3333333333333333,1.0,1.8221604467514576,0.6357999905522226,0.05042016806722689,5.4,3.195599068305338e-05,0.37037037037037035,3.2145059079404084e-06,1.6666666666666667,1.0,0.17305935456578775,0.05042016806722689
1,538371,3110899,119,28,28,6,101,11,6,3,1707258,118,846763,5,118,844915,3,2.0,1.0,1,1,179990,21961974523,7168875,179990,0.0,17,-0.1333579626107711,-0.1114434303445854,0.0586985789660999,-0.2285968236062462,-0.0906520155077193,-0.0864689074338696,-0.2100509208225644,1.8074737188337693,-0.0808236230470968,-0.040556743304517,-0.1399249182411239,0.4214796663736971,-0.229187117122774,-0.221600011247077,-0.080582428183159,-0.2250829517403012,-0.207941004383842,-0.1573131443048023,-0.1180016883063306,-0.3028783238231584,-0.0964858398432329,-0.1276327533307624,-0.0743942974096103,-0.1394948379529373,-1.0042959351100578,-0.0058474096275727,-0.085841686,-0.0889754075360978,0,0.3333333333333333,1.0,1.8221610324860098,0.6357981680846139,0.05042016806722689,5.6,3.313938900435073e-05,0.39285714285714285,3.5359553620995088e-06,1.8333333333333333,1.0,0.17305962038626133,0.05042016806722689
1,538372,3110901,119,5,5,2,102,2,2,3,1707258,118,846774,2,62,444659,3,2.0,1.0,1,1,103714,20000000000,14938544,82972,0.0,2,-0.1333579626107711,-0.1114413738792921,0.0586996821455965,-0.2285968236062462,-0.0907770749265692,-0.0865205594735776,-0.2331533211780575,1.8105575785631227,-0.086461813456019,-0.2356993342769757,-0.1399249182411239,0.4214796663736971,-0.229187117122774,-0.2215891027416024,-0.0806372617013986,-0.4030944699050752,-0.4077023353012984,-0.1573131443048023,-0.1180016883063306,-0.3028783238231584,-0.0964858398432329,-0.1276327533307624,-0.1436147627292888,-0.373925553551669,0.0444398990667593,-0.11999614344629,-0.085841686,-0.0890194126283026,0,0.3333333333333333,1.0,1.822162203955114,0.6357910897227717,0.031746031746031744,2.5,1.1244546394998426e-05,0.4,6.429005616057856e-07,1.0,1.0,0.173059830576415,0.01680672268907563
1,538372,3110901,119,15,16,4,103,2,2,3,1707258,118,846774,6,125,895169,3,2.0,1.0,1,1,92046,20000000000,28885344,73637,0.0,11,-0.1333579626107711,-0.1114413738792921,0.0586996821455965,-0.2285968236062462,-0.0907227012661997,-0.086495856324152,-0.221602121000311,1.813641438292476,-0.086461813456019,-0.2356993342769757,-0.1399249182411239,0.4214796663736971,-0.229187117122774,-0.2215891027416024,-0.0805641503437458,-0.2028315119697045,-0.1828600413903432,-0.1573131443048023,-0.1180016883063306,-0.3028783238231584,-0.0964858398432329,-0.1276327533307624,-0.1542034720133363,-0.373925553551669,1.926953675663579,-0.1309794499481528,-0.085841686,-0.0889930095729797,0,0.3333333333333333,1.0,1.822162203955114,0.6357910897227717,0.031746031746031744,2.6666666666666665,1.6756593719628674e-05,0.125,6.429005616057856e-07,1.0,0.9375,0.173059830576415,0.01680672268907563
1,538373,3110902,119,54,55,9,104,11,6,3,1707258,118,846775,13,118,844924,3,2.0,1.0,1,1,92046,23325616173,15999688,73637,0.0,25,-0.1333579626107711,-0.1114393174139989,0.0587002337353448,-0.2285968236062462,-0.0905106439907585,-0.0864082724307341,-0.1927241205559446,1.8167252980218287,-0.0808236230470968,-0.040556743304517,-0.1399249182411239,0.4214796663736971,-0.229187117122774,-0.2215881110592866,-0.0804362054678534,-0.2250829517403012,-0.2079365126286197,-0.1573131443048023,-0.1180016883063306,-0.3028783238231584,-0.0964858398432329,-0.1276327533307624,-0.1542034720133363,0.023442796599484,0.1876711921915661,-0.1309794499481528,-0.085841686,-0.0889519381535886,0,0.3333333333333333,1.0,1.8221627896896662,0.6357915198352339,0.07563025210084033,4.230769230769231,6.391099801757553e-05,0.2,3.535951952199073e-06,1.8333333333333333,0.9818181818181818,0.1730600963964792,0.05042016806722689
1,538374,3110903,119,55,56,9,105,12,6,3,1707258,118,846779,13,118,844928,3,2.0,1.0,1,1,179990,23948221650,10819753,179990,0.0,26,-0.1333579626107711,-0.1114372609487056,0.0587007853250931,-0.2285968236062462,-0.0905052066247216,-0.0864060266898773,-0.1927241205559446,1.8198091577511823,-0.0801971574461054,-0.040556743304517,-0.1399249182411239,0.4214796663736971,-0.229187117122774,-0.2215841443300231,-0.0804362054678534,-0.2250829517403012,-0.2079345162929654,-0.1573131443048023,-0.1180016883063306,-0.3028783238231584,-0.0964858398432329,-0.1276327533307624,-0.0743942974096103,0.0978361415679088,-0.511507042197401,-0.0058474096275727,-0.085841686,-0.088949004480775,0,0.3333333333333333,1.0,1.8221633754242184,0.6357896974420747,0.07563025210084033,4.3076923076923075,6.509422685219704e-05,0.21428571428571427,3.857400889709515e-06,2.0,0.9821428571428571,0.17306036221637255,0.05042016806722689
1,538375,3110904,119,13,13,5,106,4,3,3,1707258,118,846791,4,113,811728,3,2.0,1.0,1,1,92046,20567498248,9391328,73637,0.0,6,-0.1333579626107711,-0.1114352044834123,0.0587013369148414,-0.2285968236062462,-0.0907335759982736,-0.0865025935467227,-0.2158265209114377,1.822893017480536,-0.0852088822540362,-0.186913686533861,-0.1399249182411239,0.4214796663736971,-0.229187117122774,-0.2215722441422327,-0.0806007060225722,-0.2409768372907275,-0.2245041022241183,-0.1573131443048023,-0.1180016883063306,-0.3028783238231584,-0.0964858398432329,-0.1276327533307624,-0.1542034720133363,-0.3061168135195914,-0.7043132587729102,-0.1309794499481528,-0.085841686,-0.089007677937048,0,0.3333333333333333,1.0,1.8221639611587703,0.6357818685108031,0.043859649122807015,3.25,1.601519719019525e-05,0.3076923076923077,1.2857998832493707e-06,1.3333333333333333,1.0,0.17306062803609498,0.025210084033613446
1,538376,3110906,119,14,14,5,107,5,3,3,1707258,118,846795,4,113,811732,3,2.0,1.0,1,1,179990,19966043891,24200925,179990,0.0,7,-0.1333579626107711,-0.1114331480181191,0.058702440094338,-0.2285968236062462,-0.0907281386322366,-0.0865003478058658,-0.2158265209114377,1.8290607369392424,-0.0845824166530449,-0.186913686533861,-0.1399249182411239,0.4214796663736971,-0.229187117122774,-0.2215682774129692,-0.0806007060225722,-0.2409768372907275,-0.2245021058884639,-0.1573131443048023,-0.1180016883063306,-0.3028783238231584,-0.0964858398432329,-0.1276327533307624,-0.0743942974096103,-0.3779828717474459,1.2946592925182052,-0.0058474096275727,-0.085841686,-0.0890047442642343,0,0.3333333333333333,1.0,1.8221651326278747,0.6357800461976675,0.043859649122807015,3.5,1.7247050446390625e-05,0.35714285714285715,1.6072488207615401e-06,1.6666666666666667,1.0,0.173060838225263,0.025210084033613446
1,538376,3110906,119,3,3,2,108,2,2,3,1707258,118,846795,1,118,845432,3,2.0,1.0,1,1,92060,19966043891,22559522,73648,0.0,1,-0.1333579626107711,-0.1114331480181191,0.058702440094338,-0.2285968236062462,-0.0907879496586431,-0.0865250509552914,-0.2331533211780575,1.8259768772098888,-0.086461813456019,-0.2356993342769757,-0.1399249182411239,0.4214796663736971,-0.229187117122774,-0.2215682774129692,-0.0806555395408117,-0.2250829517403012,-0.2076829780005165,-0.1573131443048023,-0.1180016883063306,-0.3028783238231584,-0.0964858398432329,-0.1276327533307624,-0.1541907670141953,-0.3779828717474459,1.073105691660134,-0.1309665076480435,-0.085841686,-0.0890223463011162,0,0.3333333333333333,1.0,1.8221651326278747,0.6357800461976675,0.01680672268907563,3.0,3.5484775257175907e-06,0.6666666666666666,6.428995283046161e-07,1.0,1.0,0.173060838225263,0.01680672268907563
1,538377,3110908,119,2,2,1,109,1,1,3,1707259,118,846810,1,0,0,3,2.0,1.0,1,1,179990,19102123311,12598380,179990,0.0,0,-0.1333579626107711,-0.1114310915528258,0.0587035432738345,-0.2285968236062462,-0.0907933870246801,-0.0865272966961482,-0.2389289212669308,1.8352284563979493,-0.0870882790570103,-0.2844849820200903,-0.1399249182411239,0.4214814688543473,-0.229187117122774,-0.2215534021782312,-0.0806555395408117,-0.6001786507303606,-0.6296244892338446,-0.1573131443048023,-0.1180016883063306,-0.3028783238231584,-0.0964858398432329,-0.1276327533307624,-0.0743942974096103,-0.4812102671165709,-0.271431194624691,-0.0058474096275727,-0.085841686,-0.0890252799739299,0,0.3333333333333333,1.0,1.82216523679184,0.635769965198846,1.0,2.0,2.0,0.5,3.2144955749253917e-07,1.0,1.0,0.17306104841416076,0.008403361344537815
1,538377,3110908,119,4,4,2,110,3,2,3,1707259,118,846810,1,118,845447,3,2.0,1.0,1,1,179990,19546383003,10667981,179990,0.0,2,-0.1333579626107711,-0.1114310915528258,0.0587035432738345,-0.2285968236062462,-0.0907825122926061,-0.0865228052144345,-0.2331533211780575,1.832144596668596,-0.0858353478550276,-0.2356993342769757,-0.1399249182411239,0.4214814688543473,-0.229187117122774,-0.2215534021782312,-0.0806555395408117,-0.2250829517403012,-0.2076754917418127,-0.1573131443048023,-0.1180016883063306,-0.3028783238231584,-0.0964858398432329,-0.1276327533307624,-0.0743942974096103,-0.4281269491191576,-0.5319929515745808,-0.0058474096275727,-0.085841686,-0.0890194126283026,0,0.3333333333333333,1.0,1.82216523679184,0.635769965198846,0.01680672268907563,4.0,4.731219424494469e-06,0.75,9.643486724776175e-07,1.5,1.0,0.17306104841416076,0.01680672268907563
1,538378,3110909,119,6,6,3,111,3,2,3,1707259,118,846814,2,82,588235,3,2.0,1.0,1,1,179990,20285471114,7965993,179990,0.0,3,-0.1333579626107711,-0.1114290350875325,0.0587040948635828,-0.2285968236062462,-0.0907716375605322,-0.0865183137327207,-0.2273777210891842,1.8383123161273027,-0.0858353478550276,-0.2356993342769757,-0.1399249182411239,0.4214814688543473,-0.229187117122774,-0.2215494354489677,-0.0806372617013986,-0.3395189277033702,-0.3360458633238521,-0.1573131443048023,-0.1180016883063306,-0.3028783238231584,-0.0964858398432329,-0.1276327533307624,-0.0743942974096103,-0.3398154278832395,-0.8967023927510003,-0.0058474096275727,-0.085841686,-0.0890164789554889,0,0.3333333333333333,1.0,1.822165822526049,0.6357681429828239,0.03614457831325301,3.0,1.0199987760014688e-05,0.5,9.643483624882632e-07,1.5,1.0,0.17306131423323537,0.01680672268907563
61,16407,17877,36,277,290,134,1,1,1,363,4929,35,254463,62,861,5617179,65,122.0,4.0,61,62,12191000,50000000000,13026500,11578484,0.0,268,4.910611559933333,-1.1848442806808437,-1.647380647471952,-0.7589170258232376,-0.0892981113645181,-0.0858805233293699,0.5292258905532139,-1.2578828521434413,-0.0870882790570103,-0.2844849820200903,5.774849047209385,-2.6469354165155767,-0.7583108854795706,-0.8089734469361539,-0.079540591336607,2.1367484410530384,2.173819189415786,4.883368303967381,8.899620937251617,1.720825682401344,7.75481289249827,4.968618272802125,10.825596540590691,3.210688510247748,-0.2136443332631865,13.405309876033296,-0.085841686,-0.0882390556598717,0,0.16804407713498623,1.0,3.626902008520998,0.06447670397384306,0.1554524361948956,4.67741935483871,4.931300047354723e-05,0.0034482758620689655,5.5937797169547465e-05,1.0,0.9551724137931035,0.9177714381607652,0.027777777777777776
2,16410,17880,36,41,42,28,2,1,1,9,4931,35,256093,17,905,5908007,6,4.0,4.0,2,3,450000,21651153556,6916961,404690,0.0,30,-0.0492918039017027,-1.184838111284964,-1.6473789927027072,-0.7589170258232376,-0.0905813297492389,-0.0864374670618734,-0.0829877188673525,-1.254798992414088,-0.0870882790570103,-0.2844849820200903,-0.0413453521502821,-2.646931811554276,-0.7583108854795706,-0.8073570047612878,-0.0803630941102007,2.276614633896789,2.318966765837031,0.0865907967406258,0.0322920221196352,1.720825682401344,0.0343691390291254,0.039457444247365,0.1706397610224833,-0.1766339449406684,-1.038298830076474,0.2585284844236938,-0.085841686,-0.0889372697895204,0,0.2222222222222222,1.0,3.626039342932468,0.06407803384694682,0.03090507726269316,2.4705882352941178,6.93973332466713e-06,0.023809523809523808,5.592841163310962e-05,1.0,0.9761904761904762,0.9177852348993288,0.027777777777777776
4,53362,56641,114,15,15,6,1,1,1,25,6393,113,809281,9,72,515724,8,8.0,4.0,5,4,1140000,29050538517,6694474,819133,0.0,10,0.118840513516434,-1.1088476057680596,-1.6259988224692057,-0.2605438237397999,-0.0907227012661997,-0.0864981020650089,-0.2100509208225644,-1.254798992414088,-0.0870882790570103,-0.2844849820200903,0.2215334907586293,-2.644296584843585,-0.2610620429274003,-0.2587702478104705,-0.0805093168255062,-0.3713066988042227,-0.3722349369821001,0.2491934241042447,0.3328794429715668,1.720825682401344,0.4269340756462006,0.1230025430364287,0.7968147186838463,0.7074973682148813,-1.0683297219379544,0.746150819351549,-0.085841686,-0.0889959432457934,0,0.16,1.0,8.85984670733615,0.06593746061323494,0.0821917808219178,1.6666666666666667,2.9085268311600175e-05,0.06666666666666667,1.7655055525149626e-05,1.0,1.0,0.9421090729330344,0.008771929824561403
3,300282,473883,89,365,389,161,1,7,6,19,59010,91,655440,96,905,5904624,7,4.0,3.0,3,4,227784,28052022118,6047560,168542,0.0,375,0.0347743548073656,-0.6010651955538899,-1.395852412712836,-0.4202788244075684,-0.0888196231532663,-0.0856581949845398,0.6851670929527921,-1.264050571602148,-0.0833294854510622,-0.040556743304517,0.1229539246677875,-2.5494554604684585,-0.401311716467756,-0.4113316469660391,-0.0789191447965585,2.276614633896789,2.31727836495736,0.1678921104224353,0.0322920221196352,1.0462576803265096,0.1652241179014838,0.1230025430364287,-0.0310212453422665,0.5881875039885563,-1.1556490007168396,-0.0193168143231619,-0.085841686,-0.0879251526688112,0,0.15789473684210525,0.967391304347826,8.030554143365531,0.4581373456954936,0.17770419426048564,4.052083333333333,6.181594936172915e-05,0.017994858611825194,1.4771578638609109e-05,1.1666666666666667,0.9383033419023136,0.6336627395369743,0.06741573033707865
2,301142,475535,89,365,370,152,2,1,1,12,59193,91,656686,109,1391,8987055,7,5.0,2.0,1,3,238465,24392547984,11930425,216367,0.0,333,-0.0492918039017027,-0.5992966354016779,-1.3949411864486596,-0.4202788244075684,-0.0888196231532663,-0.0857008640608203,0.6331866921529328,-1.2609667118727947,-0.0870882790570103,-0.2844849820200903,0.0079444308951387,-2.54912560650946,-0.401311716467756,-0.4100960108004666,-0.078681532884187,3.82150030939822,3.8556700918052416,0.1678921104224353,0.1074388773326181,0.3716896782516756,-0.0964858398432329,0.039457444247365,-0.0213282384976564,0.1509274224270033,-0.3615905494334449,0.0369527768339445,-0.085841686,-0.0880483669269845,0,0.16666666666666666,0.967391304347826,8.033635733955029,0.45857767855919185,0.10919540229885058,3.3944954128440368,4.061396746609791e-05,0.002702702702702703,2.10289463446434e-06,1.0,0.9864864864864865,0.6332698960118603,0.011235955056179775
1,301254,475761,89,8,8,2,3,3,1,11,59219,91,656839,3,0,494,5,4.0,3.0,2,2,184270,23601928073,4226886,123606,4.733e+17,5,-0.1333579626107711,-0.5990663112888317,-1.394816527165546,-0.4202788244075684,-0.0907607628284583,-0.086513822251007,-0.2331533211780575,-1.2578828521434413,-0.0858353478550276,-0.2844849820200903,-0.0084854967866681,-2.5490787420125525,-0.401311716467756,-0.4099442834061387,-0.0806189838619854,-0.6001786507303606,-0.6293779417805317,0.0052894830588164,0.0322920221196352,1.0462576803265096,0.0343691390291254,-0.0440876545416987,-0.0705101976722326,0.0564585140239886,-1.4014002761127466,-0.0721872868424664,2.842672,-0.0890106116098616,0,0.09090909090909091,0.967391304347826,8.03392492274439,0.4586413738505572,2.0,2.6666666666666665,0.01616161616161616,0.375,6.305687099194764e-06,3.0,1.0,0.6332044871269398,0.011235955056179775
2,301257,475767,89,424,456,159,4,37,17,9,59220,91,656842,38,536,3517105,5,4.0,3.0,2,2,225077,20988561443,29078542,90643,0.0,386,-0.0492918039017027,-0.5990601418929519,-1.3948132176270562,-0.4202788244075684,-0.0884988185570862,-0.0855077303471296,0.6736158927750456,-1.254798992414088,-0.0645355174213215,0.4960853818697444,-0.0413453521502821,-2.5490769395319024,-0.401311716467756,-0.4099413083591911,-0.0799792594825236,1.1036458802753326,1.1257060386693982,0.0052894830588164,0.0322920221196352,1.0462576803265096,0.0343691390291254,-0.0440876545416987,-0.0334778476761641,-0.2558051785014142,1.953031191409912,-0.1109706539791459,-0.085841686,-0.087892882267861,0,0.2222222222222222,0.967391304347826,8.033890577507599,0.45864384639860667,0.29608938547486036,12.0,0.00012055365974184458,0.08114035087719298,7.776916011408946e-05,2.176470588235294,0.9298245614035088,0.6332028072564932,0.19101123595505617
3,301320,475896,89,366,371,152,5,2,1,13,59240,91,656939,109,1391,8987308,5,4.0,3.0,3,4,177985,20886917823,5226409,113334,0.0,334,0.0347743548073656,-0.5989305845794759,-1.3947420625495266,-0.4202788244075684,-0.0888141857872294,-0.0856986183199635,0.6331866921529328,-1.2517151326847349,-0.086461813456019,-0.2844849820200903,0.0243743585769457,-2.549040889918897,-0.401311716467756,-0.4098451151745518,-0.078681532884187,3.82150030939822,3.855796360035381,0.0052894830588164,0.0322920221196352,1.0462576803265096,0.1652241179014838,0.1230025430364287,-0.0762138347865828,-0.267950283492997,-1.266486473840872,-0.0842730419990957,-0.085841686,-0.0880454332541708,0,0.23076923076923078,0.967391304347826,8.03335584064821,0.45867202484245134,0.10919540229885058,3.403669724770642,4.0724092161513527e-05,0.005390835579514825,4.202598887151815e-06,2.0,0.9865229110512129,0.6331635483382924,0.011235955056179775
4,45007,47676,162,62427,62453,576,1,16590,109,24,4,162,1140848,39,594,3883692,11,5.0,4.0,2,6,402923,46675571414,1126363,274440,0.0,62437,0.118840513516434,-1.1260293732933284,-1.630943824562633,0.0461473775423156,0.2486341878320698,0.0537214655561893,3.082041129835199,-1.282553729978268,10.30534957578859,4.984364974236295,0.2051035630768224,-2.655812633718144,0.0513122299579374,0.0700388826151924,-0.0799609816431105,1.2880149526602769,1.3086637133002286,0.4930973651496729,0.1074388773326181,1.720825682401344,0.0343691390291254,0.2900927406145562,0.1279173864111442,2.8134620614653336,-1.8199032489922105,0.1052798854019872,-0.085841686,0.0941444494919281,0,0.16666666666666666,0.9938650306748467,11919.0,0.03945044436204967,0.9680672268907563,1601.3589743589744,0.016074133563080295,0.2656397611003475,0.34797382330732446,152.2018348623853,0.9995836869325733,0.9440179545263865,0.6728395061728395
50,14368,15265,117,104,108,33,1,57,22,252,905,116,832058,9,112,801937,56,50.0,5.0,1,51,3873405,24000000000,26527766,2344432,0.0,96,3.985883814133581,-1.1890374134138206,-1.6488213998944876,-0.2413756236596677,-0.0902387756889109,-0.0862892481653201,-0.0541097184229861,-1.2609667118727947,-0.0520062054014944,0.7400136205853177,3.951127074528811,-2.654188598652253,-0.2419370874446245,-0.2361826997019274,-0.0805093168255062,-0.2441556144008127,-0.2293906328220676,4.151656480831096,3.4890473619168487,2.395393684476178,-0.0964858398432329,4.049622186122424,3.2773795884611774,0.1040229882882531,1.6087320718260265,2.5407760388464435,-0.085841686,-0.0887436473838195,0,0.1984126984126984,1.0,16.867403314917127,0.017268006235134768,0.2920353982300885,12.0,0.00012968583606213946,0.5277777777777778,0.003734032099574189,2.590909090909091,0.9629629629629629,0.9412381264330167,0.18803418803418803
1,2416280,17160198,416,1231,1741,337,1,141,80,20,1673730,415,2738116,105,1158,7507577,8,4.0,5.0,4,5,312068,30548930357,11219424,215903,0.0,1676,-0.1333579626107711,3.7504112520743407,7.808147878038947,1.6690549843268434,-0.0841108641652656,-0.0826219533460527,1.7016727085944874,-1.254798992414088,0.0006169050817794,3.569581189685969,0.1393838523495945,0.3610460951315273,1.6641834756720284,1.654021311918283,-0.0787546442418398,3.080845242748357,3.1172864214964986,0.2491934241042447,0.0322920221196352,2.395393684476178,0.2960790967738422,0.2065476418254924,0.0454664794860382,0.8865359169730909,-0.457560175274076,0.0364068470838787,-0.085841686,-0.0841084443382527,0,0.05,1.0,10.252667993045474,0.8824604646185682,0.2907679033649698,16.580952380952382,0.00016396766040925582,0.08098793796668581,8.216688408840038e-06,1.7625,0.7070649052268811,0.14080723311001422,0.19230769230769232
1,2416291,17160214,416,1233,1743,337,2,142,80,14,1673730,415,2738142,105,1158,7507603,6,4.0,5.0,3,3,206259,37529171278,8140438,148762,0.0,1678,-0.1333579626107711,3.750433873192567,7.80815670347492,1.6690549843268434,-0.0840999894331917,-0.082617461864339,1.7016727085944874,-1.2517151326847349,0.0012433706827708,3.569581189685969,0.0408042862587527,0.3610460951315273,1.6641834756720284,1.6540470956584954,-0.0787546442418398,3.080845242748357,3.117299397678252,0.0865907967406258,0.0322920221196352,2.395393684476178,0.1652241179014838,0.039457444247365,-0.0505551815214852,1.7205849094439172,-0.8731561229429847,-0.0425894230651915,-0.085841686,-0.0841025769926254,0,0.07142857142857142,1.0,10.252677552532369,0.882456102548333,0.2907679033649698,16.6,0.00016423348913981078,0.0814687320711417,8.27495507923153e-06,1.775,0.7074010327022375,0.14080774284050304,0.19230769230769232
1,2416300,17160230,416,1234,1744,337,3,143,80,14,1673731,415,2738155,105,1158,7507616,6,4.0,5.0,3,3,206233,31885856735,759568,148740,0.0,1679,-0.1333579626107711,3.750452381380206,7.808165528910893,1.6690549843268434,-0.0840945520671548,-0.0826152161234821,1.7016727085944874,-1.2486312729553817,0.0018698362837621,3.569581189685969,0.0408042862587527,0.3610478976121776,1.6641834756720284,1.6540599875286015,-0.0787546442418398,3.080845242748357,3.1173058857691287,0.0865907967406258,0.0322920221196352,2.395393684476178,0.1652241179014838,0.039457444247365,-0.0505787765198898,1.046281420201198,-1.8694125730440951,-0.0426153076654101,-0.085841686,-0.0840996433198117,0,0.07142857142857142,1.0,10.252680986371168,0.8824551997767841,0.2907679033649698,16.60952380952381,0.0001643664028146348,0.08199541284403669,8.333221640968682e-06,1.7875,0.7075688073394495,0.1408081360214869,0.19230769230769232
3,2416656,17160784,416,323,344,89,4,61,31,9,1673762,415,2738831,35,632,4130961,6,4.0,4.0,3,3,156085,30025530213,10092905,121295,0.0,334,0.0347743548073656,3.75118448302461,7.808471109631446,1.6690549843268434,-0.0890479925268183,-0.085759253323099,0.2693238865539168,-1.245547413226028,-0.049500342997529,1.1790844502733495,-0.0413453521502821,0.3611037745123359,1.6641834756720284,1.654730364774129,-0.0800340930007632,1.4088084828435163,1.432071693529453,0.0865907967406258,0.0322920221196352,1.720825682401344,0.1652241179014838,0.039457444247365,-0.0960880834427913,0.8239963330671896,-0.6096156673653137,-0.0749063464381605,-0.085841686,-0.0880454332541708,0,0.3333333333333333,1.0,10.252822085816263,0.8823673741215233,0.1406003159557662,9.82857142857143,7.819001966127987e-05,0.17732558139534885,3.554616152735213e-06,1.967741935483871,0.938953488372093,0.1408243352984339,0.07451923076923077
4,3006370,6626707,845,203,209,70,1,79,30,21,1602118,844,5508334,66,922,6014736,10,6.0,5.0,1,2,270372,33690137796,5845206,214059,0.0,189,0.118840513516434,4.963910856979894,1.997982228725046,4.410107595785751,-0.0897004764512526,-0.0860624283387763,0.1595874848653247,-1.236295834037968,-0.0382239621796846,1.130298802530235,0.1558137800314015,0.231966850804569,4.399052109708966,4.401197513619655,-0.0794674799789543,2.3306538447682383,2.372233492850466,0.4117960514678635,0.182585732545601,2.395393684476178,-0.0964858398432329,-0.0440876545416987,0.0076273620445191,1.2618697957447824,-1.1829623767421265,0.034237246956462,-0.085841686,-0.08847081581215,0,0.19047619047619047,1.0,4.13621655833091,0.5457856139831728,0.07583965330444203,3.1666666666666665,3.375043663588283e-05,0.37799043062200954,1.192145661487674e-05,2.6333333333333333,0.9712918660287081,0.4536748040919872,0.03550295857988166
3,3006467,6626891,845,26,26,7,2,5,1,18,1602145,844,5508467,7,713,4658032,10,4.0,6.0,1,1,262835,52134286205,3701778,173770,1.2e+17,19,0.0347743548073656,4.964110334113342,1.998083721238732,4.410107595785751,-0.0906628902397932,-0.0864733989155834,-0.2042753207336911,-1.2332119743086147,-0.0845824166530449,-0.2844849820200903,0.1065239969859806,0.2320155177821262,4.399052109708966,4.401329407367666,-0.0805458725043326,1.6662894287604215,1.6951243509486913,0.4117960514678635,0.0322920221196352,3.069961686551012,-0.0964858398432329,-0.1276327533307624,0.000787535006992,3.46570825513495,-1.472278401862109,-0.0131656920530238,0.6566508,-0.0889695401904705,0,0.16666666666666666,1.0,4.136261699159564,0.5457900454355004,0.00980392156862745,3.7142857142857144,5.581755217277336e-06,0.19230769230769232,7.545016207449315e-07,5.0,1.0,0.4536768448432304,0.001183431952662722
6,3006518,6626992,845,257,265,72,3,62,34,22,1602156,844,5508544,28,399,2635463,10,5.0,6.0,1,2,226032,33437435293,13500830,183465,0.0,210,0.2869728309345708,4.964215213843299,1.9981394318033088,4.410107595785751,-0.0894068586852572,-0.0859366668507916,0.1711386850430712,-1.2301281145792613,-0.0488738773965376,1.3254413935026936,0.1722437077132085,0.2320353450692791,4.399052109708966,4.401405766905988,-0.0801620378766556,0.6681534161936534,0.6856926989250145,0.4117960514678635,0.1074388773326181,3.069961686551012,-0.0964858398432329,-0.0440876545416987,-0.0326111852347632,1.2316750975377453,-0.1496201298865575,-0.0017588193657651,-0.085841686,-0.0884092086830634,0,0.2727272727272727,1.0,4.136296340680932,0.5457916745710528,0.18,9.464285714285714,9.751603512702128e-05,0.2339622641509434,9.355677507985523e-06,1.8235294117647058,0.969811320754717,0.45367762628957453,0.040236686390532544
3,3006524,6627004,845,163,170,79,4,101,62,18,1602158,844,5508552,16,369,2441411,10,4.0,6.0,1,1,232780,33761848738,7761367,190890,7e+17,134,0.0347743548073656,4.964227552635059,1.9981460508802884,4.410107595785751,-0.0899179710927307,-0.0861500122321942,0.2115678856651841,-1.227044254849908,-0.0244417189578747,2.6914395303099043,0.1065239969859806,0.2320389500305797,4.399052109708966,4.401413700364515,-0.0803813719496139,0.572790102891096,0.5888444673252528,0.4117960514678635,0.0322920221196352,3.069961686551012,-0.0964858398432329,-0.1276327533307624,-0.0264873756488228,1.2704383307854992,-0.9243224392168492,0.0069772332080249,4.245364,-0.0886321678169008,0,0.16666666666666666,1.0,4.1362986671726505,0.5457919711401524,0.21351351351351353,10.625,6.676464275591338e-05,0.5941176470588235,1.5240672859107978e-05,1.6290322580645162,0.9588235294117647,0.4536777101688787,0.07337278106508875
5,3006628,6627192,845,483,496,135,5,111,61,19,1602191,844,5508709,49,638,4167087,10,5.0,5.0,1,2,216841,40956478744,3602902,167479,0.0,351,0.2029066722255024,4.964441425025559,1.998249749752967,4.410107595785751,-0.088178013960906,-0.0854179007128548,0.5350014906420871,-1.2239603951205549,-0.0181770629479612,2.64265388256679,0.1229539246677875,0.2320984318920385,4.399052109708966,4.4015693944881065,-0.0797782032489785,1.427881145504028,1.4501015989917672,0.4117960514678635,0.1074388773326181,2.395393684476178,-0.0964858398432329,-0.0440876545416987,-0.0409520171708003,2.130104060896862,-1.4856245050667714,-0.020567511142817,-0.085841686,-0.0879955608163388,0,0.2631578947368421,1.0,4.136330811994325,0.5457952950872346,0.2112676056338028,10.122448979591837,0.00011590827935479165,0.22379032258064516,1.67491752162907e-05,1.819672131147541,0.9737903225806451,0.4536805331730241,0.07218934911242604
5,3006869,6627631,845,337,343,72,6,280,70,19,1602265,844,5509080,9,129,924319,10,5.0,5.0,1,2,216841,33540309067,6965412,172279,0.0,296,0.2029066722255024,4.964937033161236,1.9984918976524668,4.410107595785751,-0.088971869402301,-0.0857614990639558,0.1711386850430712,-1.2208765353912014,0.0876956236195778,3.081724712254822,0.1229539246677875,0.2322318154601583,4.399052109708966,4.401937308627294,-0.0805093168255062,-0.1901164035293635,-0.1683117453092255,0.4117960514678635,0.1074388773326181,2.395393684476178,-0.0964858398432329,-0.0440876545416987,-0.0409520171708003,1.2439671901069629,-1.0317590019445804,-0.0149199620042051,-0.085841686,-0.0881569128210895,0,0.2631578947368421,1.0,4.1364137642649625,0.5458022853539456,0.5538461538461539,38.111111111111114,0.00036459234897005365,0.8163265306122449,4.2247373156411394e-05,4.0,0.9825072886297376,0.45368684526944847,0.08284023668639054
6,3006929,6627740,845,19,22,13,7,17,12,29,1602276,844,5509157,4,57,410083,12,6.0,9.0,1,2,376892,59891338156,4966817,253856,0.0,19,0.2869728309345708,4.9650604210788325,1.9985520209350305,4.410107595785751,-0.0907009518020519,-0.0864823818790108,-0.1696217202004515,-1.217792675661848,-0.0770648294411486,0.252157143154171,0.2872532014858572,0.2322516427473112,4.399052109708966,4.402013668165616,-0.0806007060225722,-0.4189883554555014,-0.4249586606975497,0.5743986788314823,0.182585732545601,5.093665692775514,-0.0964858398432329,-0.0440876545416987,0.1042942555084153,4.392576172374193,-1.3015257313260529,0.0810613121792401,-0.085841686,-0.0889695401904705,0,0.20689655172413793,1.0,4.136453395045548,0.5458055477806227,0.22413793103448276,5.5,4.63319710108173e-05,0.7727272727272727,2.5649769001197993e-06,1.4166666666666667,0.8636363636363636,0.45368843678237225,0.014201183431952662
6,3006938,6627752,845,233,242,27,8,17,10,28,1602279,844,5509177,150,173,1210937,10,6.0,6.0,1,2,421514,52206531962,4324432,258720,0.0,221,0.2869728309345708,4.965078929266472,1.99855864001201,4.410107595785751,-0.0895373554701441,-0.0859883188904996,-0.0887633189562258,-1.2147088159324948,-0.0770648294411486,0.1545858476679417,0.2708232738040502,0.232257050189262,4.399052109708966,4.402033501811933,-0.0779321414682461,-0.0502502106856126,-0.0252653121641895,0.4117960514678635,0.182585732545601,3.069961686551012,-0.0964858398432329,-0.0440876545416987,0.1447887177703941,3.474340693688018,-1.388233693896617,0.0867841619730335,-0.085841686,-0.0883769382821133,0,0.21428571428571427,1.0,4.1364531395593405,0.5458051999772017,0.15517241379310345,1.6133333333333333,0.00019241282377793084,0.07024793388429752,2.564972256053033e-06,1.7,0.9628099173553719,0.4536889732747997,0.011834319526627219
3,3006947,6627769,845,473,486,173,9,115,64,26,1602281,844,5509189,103,2027,12514194,9,6.0,7.0,1,2,310733,44631889185,645383,197016,0.0,440,0.0347743548073656,4.965097437454111,1.998568017037731,4.410107595785751,-0.0882323876212755,-0.0854403581214235,0.7544742940192714,-1.2116249562031414,-0.0156712005439958,2.789010825796134,0.2379634184404363,0.2322606551505626,4.399052109708966,4.402045401999724,-0.0787911999206662,5.843202551412438,5.6160084276974365,0.3304947377860541,0.182585732545601,3.7445296886258457,-0.0964858398432329,-0.0440876545416987,0.0442549670679542,2.569268326131656,-1.8848250573115048,0.0141849177961783,-0.085841686,-0.0877344639359239,0,0.11538461538461539,1.0,4.1364585862280085,0.5458056447499542,0.08530571992110454,4.718446601941747,3.779707763863357e-05,0.2366255144032922,1.7351238403148934e-05,1.796875,0.9732510288065843,0.4536891675011607,0.0757396449704142
6,3006953,6627781,845,338,344,72,10,281,70,28,1602282,844,5509198,9,129,924437,10,6.0,6.0,1,2,300223,41789173661,3946567,233563,0.0,297,0.2869728309345708,4.965109776245871,1.9985746361147103,4.410107595785751,-0.0889664320362641,-0.085759253323099,0.1711386850430712,-1.2085410964737882,0.0883220892205692,3.081724712254822,0.2708232738040502,0.2322624576312129,4.399052109708966,4.402054327140566,-0.0805093168255062,-0.1901164035293635,-0.168252853407422,0.4117960514678635,0.182585732545601,3.069961686551012,-0.0964858398432329,-0.0440876545416987,0.0347171427128514,2.229600391241278,-1.43923722647712,0.0571851216230214,-0.085841686,-0.0881539791482759,0,0.21428571428571427,1.0,4.136463493941766,0.5458058421923042,0.5538461538461539,38.22222222222222,0.0003656275488458934,0.8168604651162791,4.2397297074239477e-05,4.014285714285714,0.9825581395348837,0.4536892513497353,0.08284023668639054
6,3006982,6627831,845,137,143,58,11,35,28,27,1602287,844,5509236,38,561,3672469,10,5.0,6.0,1,2,305105,38872881495,3557699,233228,0.0,102,0.2869728309345708,4.965169413739376,1.9986022156021248,4.410107595785751,-0.0900593426096915,-0.0862106472353297,0.0902802837988455,-1.2054572367444347,-0.0657884486233042,1.0327275070440056,0.2543933461222433,0.2322714700344642,4.399052109708966,4.402092011068569,-0.0799792594825236,1.183115308027464,1.2032457118202309,0.4117960514678635,0.1074388773326181,3.069961686551012,-0.0964858398432329,-0.0440876545416987,0.0391475574132903,1.881140994161556,-1.4917259240477208,0.0567909697560558,-0.085841686,-0.0887260453469376,0,0.2222222222222222,1.0,4.136481791339504,0.5458073413795776,0.10320284697508897,3.763157894736842,3.7304593366317493e-05,0.24475524475524477,5.280762288597884e-06,1.25,0.958041958041958,0.4536902042312183,0.033136094674556214
6,3007003,6627886,845,78,84,43,12,34,27,28,1602291,844,5509264,18,392,2590085,10,6.0,6.0,1,2,342417,32118625189,6775716,222913,0.0,71,0.2869728309345708,4.965212599510535,1.998632553038281,4.410107595785751,-0.0903801472058717,-0.0863431459458849,0.0036462824657464,-1.2023733770150815,-0.0664149142242956,0.9839418593008912,0.2708232738040502,0.2322786799570653,4.399052109708966,4.402119778173414,-0.0803448162707875,0.6459019764230567,0.6630452690941754,0.4117960514678635,0.182585732545601,3.069961686551012,-0.0964858398432329,-0.0440876545416987,0.0730081951238131,1.0740942559951063,-1.0573638240805048,0.0446546219717264,-0.085841686,-0.0888169892041607,0,0.21428571428571427,1.0,4.13650579077084,0.5458083791576553,0.10941475826972011,4.666666666666667,3.0114830163940503e-05,0.40476190476190477,5.129840796899645e-06,1.2592592592592593,0.9285714285714286,0.45368960781763595,0.03195266272189349
6,3007041,6627967,845,339,345,72,13,282,70,27,1602304,844,5509310,9,129,924549,10,5.0,6.0,1,2,291376,28619480507,6040588,225474,0.0,298,0.2869728309345708,4.965290745191679,1.9986772318078925,4.410107595785751,-0.0889609946702271,-0.0857570075822421,0.1711386850430712,-1.199289517285728,0.0889485548215606,3.081724712254822,0.2543933461222433,0.2323021122055187,4.399052109708966,4.402165395559943,-0.0805093168255062,-0.1901164035293635,-0.1681969560091001,0.4117960514678635,0.1074388773326181,3.069961686551012,-0.0964858398432329,-0.0440876545416987,0.0266884907557064,0.6559914813829016,-1.1565900686356765,0.0476678247517232,-0.085841686,-0.0881510454754622,0,0.2222222222222222,1.0,4.136522782193641,0.5458107193440341,0.5538461538461539,38.333333333333336,0.000366664863987886,0.8173913043478261,4.2546983109602084e-05,4.0285714285714285,0.9826086956521739,0.4536897965846843,0.08284023668639054
4,3007058,6628003,845,74,74,26,14,54,25,15,1602308,844,5509332,3,26,186863,10,4.0,5.0,1,1,206274,29166729577,2661630,163866,3e+16,55,0.118840513516434,4.965325705101664,1.998697089038831,4.410107595785751,-0.0904018966700195,-0.0863656033544536,-0.094538919045099,-1.1962056575563746,-0.0538856022044685,0.8863705638146617,0.0572342139405597,0.2323093221281198,4.399052109708966,4.402187212570892,-0.0806189838619854,-0.5175304458681441,-0.5363641718888739,0.4117960514678635,0.0322920221196352,2.395393684476178,-0.0964858398432329,-0.1276327533307624,-0.0505415690224056,0.72138070514034,-1.6126756929754558,-0.0248184684423596,0.099781424,-0.0888639279691791,0,0.26666666666666666,1.0,4.136534923373034,0.5458116254726298,0.9629629629629629,24.666666666666668,0.00039600993235722236,0.7297297297297297,8.147250385975988e-06,2.16,1.0,0.4536898972435589,0.029585798816568046
5,3007145,6628178,845,84,84,28,15,1,1,19,1602331,844,5509458,31,512,3357652,10,5.0,5.0,1,2,211374,27741917702,1946887,167479,0.0,66,0.2029066722255024,4.965504617582178,1.9987936172447816,4.410107595785751,-0.09034752300965,-0.0863431459458849,-0.0829877188673525,-1.1931217978270214,-0.0870882790570103,-0.2844849820200903,0.1229539246677875,0.232350779183076,4.399052109708966,4.402312164542692,-0.080107204358416,1.0273552296332866,1.0461256113959003,0.4117960514678635,0.1074388773326181,2.395393684476178,-0.0964858398432329,-0.0440876545416987,-0.0459133193353433,0.5511340156272262,-1.7091504071913433,-0.020567511142817,-0.085841686,-0.088831657568229,0,0.2631578947368421,1.0,4.136584763073298,0.545814933916379,0.05458089668615984,2.7096774193548385,2.5017475004117458e-05,0.011904761904761904,1.5087102368101762e-07,1.0,1.0,0.4536910445072537,0.001183431952662722
3,3007228,6628336,845,184,192,77,16,18,11,26,1602350,844,5509581,44,793,5177549,9,6.0,7.0,1,2,334140,27696528263,3553799,209326,0.0,177,0.0347743548073656,4.96567530420152,1.998880768425012,4.410107595785751,-0.0898037864059547,-0.0861006059333431,0.2000166854874376,-1.190037938097668,-0.0764383638401573,0.2033714954110563,0.2379634184404363,0.232385026315431,4.399052109708966,4.402434141467544,-0.0798695924460445,1.9205915975672407,1.9544069284846788,0.3304947377860541,0.182585732545601,3.7445296886258457,-0.0964858398432329,-0.0440876545416987,0.0654968181316927,0.5457105615809806,-1.492252338976502,0.0286685281912432,-0.085841686,-0.0885060198859138,0,0.11538461538461539,1.0,4.136634318344931,0.5458178134021783,0.09697732997481108,4.363636363636363,3.5538044055586135e-05,0.09375,2.7156136924863193e-06,1.6363636363636365,0.9583333333333334,0.4536927518460138,0.01301775147928994
4,3007344,6628562,845,8,8,4,17,6,3,15,1602385,844,5509746,2,116,831505,10,4.0,5.0,1,1,206287,28835824337,3245762,163878,5e+16,6,0.118840513516434,4.96591385417554,1.9990054277081253,4.410107595785751,-0.0907607628284583,-0.086513822251007,-0.221602121000311,-1.1869540783683148,-0.0839559510520535,-0.186913686533861,0.0572342139405597,0.2324481131381904,4.399052109708966,4.402597769049662,-0.0806372617013986,-0.2314405059604717,-0.2146337196650697,0.4117960514678635,0.0322920221196352,2.395393684476178,-0.0964858398432329,-0.1276327533307624,-0.0505297715232032,0.6818417859040427,-1.5338306147244554,-0.0248043495695131,0.22353016,-0.089007677937048,0,0.26666666666666666,1.0,4.136685003916037,0.5458225214333798,0.03418803418803419,4.0,9.621097141812567e-06,0.75,9.051737013246614e-07,2.0,1.0,0.4536947832727521,0.0035502958579881655
4,3007402,6628678,845,38,42,27,18,23,17,21,1602403,844,5509826,6,262,1762070,10,6.0,5.0,1,2,281766,23481776067,5565828,214059,0.0,36,0.118840513516434,4.9660331291625495,1.9990694121189272,4.410107595785751,-0.0905976418473498,-0.0864374670618734,-0.0887633189562258,-1.1838702186389614,-0.0733060358352005,0.4960853818697444,0.1558137800314015,0.2324805577898952,4.399052109708966,4.402677103634932,-0.0805641503437458,0.2326609521119744,0.2497963023838258,0.4117960514678635,0.182585732545601,2.395393684476178,-0.0964858398432329,-0.0440876545416987,0.0179674163453793,0.0421018950072782,-1.2206723126326582,0.034237246956462,-0.085841686,-0.0889196677526385,0,0.19047619047619047,1.0,4.136710927276098,0.5458251230029545,0.10266159695817491,7.0,2.1565532830402407e-05,0.5476190476190477,3.4697718006516534e-06,1.3529411764705883,0.9047619047619048,0.4536955936010167,0.020118343195266272
6,3007440,6628748,845,345,353,72,19,287,70,27,1602416,844,5509882,11,129,925121,10,5.0,6.0,1,2,288216,26375616841,3090068,222588,0.0,306,0.2869728309345708,4.966111274843693,1.999108023401308,4.410107595785751,-0.0889283704740054,-0.0857390416553871,0.1711386850430712,-1.180786358909608,0.0920808828265173,3.081724712254822,0.2543933461222433,0.2325039900383487,4.399052109708966,4.40273263784462,-0.0804727611466798,-0.1901164035293635,-0.1679114800105272,0.4117960514678635,0.1074388773326181,3.069961686551012,-0.0964858398432329,-0.0440876545416987,0.0238207909496051,0.3878786395698311,-1.5548459085505275,0.0442722358321329,-0.085841686,-0.088127576092953,0,0.2222222222222222,1.0,4.136721051212669,0.5458264721773584,0.5538461538461539,32.09090909090909,0.000372923787349128,0.8130311614730878,4.329626047030299e-05,4.1,0.9773371104815864,0.4536965351526412,0.08284023668639054
3,3007466,6628799,845,2956,3035,461,20,997,322,31,1602422,844,5509921,146,826,5395860,11,5.0,7.0,1,2,302654,23496397108,4434459,235802,0.0,2595,0.0347743548073656,4.966164742941318,1.9991361544784705,4.410107595785751,-0.0747314077515228,-0.079715964677264,2.417847119614773,-1.1777024991802547,0.53687145953038,15.37570794351972,0.3201130568494711,0.2325148049222503,4.399052109708966,4.402771313454939,-0.0780052528258989,2.0254912422000544,2.0633624367441947,0.4930973651496729,0.1074388773326181,3.7445296886258457,-0.0964858398432329,-0.0440876545416987,0.0369232750636844,0.0438489213138111,-1.373382448930201,0.0598194679816364,-0.085841686,-0.0814123990225084,0,0.0967741935483871,1.0,4.136737388777738,0.5458273275011879,0.5574365175332527,20.78767123287671,0.000547827306893191,0.328500823723229,0.00015040431909309665,3.0962732919254656,0.9739703459637562,0.4536969668261174,0.3810650887573965
2,356872,364922,547,25355,25355,151,1,24984,151,37,81,548,3591040,3,150,1065034,13,6.0,4.0,1,5,606982,33973860188,12571970,439942,0.0,25349,-0.0492918039017027,-0.484689824607754,-1.455954183276355,2.5060663878259506,0.0470601541101726,-0.0295910287519437,0.6274110920640594,-1.279469870248915,15.56390183051003,7.03336217944711,0.4186926229403129,-2.6556738427080737,2.512056502075088,2.499850959498344,-0.0806189838619854,-0.1233620842175733,-0.0980831524085572,0.6556999925132918,0.182585732545601,1.720825682401344,-0.0964858398432329,0.2065476418254924,0.3131009163900139,1.2957709716307162,-0.2749959685398487,0.3000050265558489,-0.085841686,-0.0146596078207188,0,0.05405405405405406,0.9963570127504554,4505.20987654321,0.09937842536467838,1.0,8451.666666666666,0.023806729356312235,0.9853677775586669,0.06846394571990727,165.4569536423841,1.0,0.9779404913926811,0.2760511882998172
4,6843,7081,98,5711,5712,98,1,5662,98,21,2,98,703463,6,98,703463,9,4.0,4.0,3,5,304158,30420012917,4613917,259158,0.0,5694,0.118840513516434,-1.2045123147456758,-1.6533356103945,-0.3627742241671717,-0.0597514643197191,-0.0737041164034252,0.3213042873537762,-1.2763860105195617,3.4593334881550546,4.447722849062033,0.1558137800314015,-2.655816238679445,-0.3566868203412792,-0.3637080871110728,-0.0805641503437458,-0.2886584939420062,-0.2785374221288254,0.3304947377860541,0.0322920221196352,1.720825682401344,0.1652241179014838,0.2065476418254924,0.0382881549713985,0.871131941356657,-1.3491595334714208,0.0872995008319318,-0.085841686,-0.0723209469730074,0,0.19047619047619047,0.98989898989899,3540.5,0.009727576677697792,0.98989898989899,952.0,0.008118396961322825,0.9912464985994398,0.7996045756249117,57.775510204081634,0.9998249299719888,0.9663889281174975,1.0
5,17154,17154,21,25,25,1,1,25,1,23,2,42,303931,1,0,5879,9,4.0,7.0,2,3,315722,39484316148,14652589,247287,0.0,24,0.2029066722255024,-1.1833081011067712,-1.6477794468599662,-0.8547580262238987,-0.0906683276058301,-0.0864756446564402,-0.2389289212669308,-1.282553729978268,-0.0720531046332178,-0.2844849820200903,0.1886736353950154,-2.655816238679445,-0.7136859893530938,-0.7599169061347573,-0.0806555395408117,-0.6001786507303606,-0.6266903749058552,0.3304947377860541,0.0322920221196352,3.7445296886258457,0.0343691390291254,0.039457444247365,0.0487824842618275,1.954199569369493,0.0058422116412034,0.0733324058685024,-0.085841686,-0.0889548718264023,0,0.21739130434782608,0.4883720930232558,8577.0,0.0564402563731361,1.0,25.0,0.004251700680272109,1.0,0.0014573860324122653,25.0,1.0,1.0,0.047619047619047616
3,878407,1088681,641,346,350,123,1,2,2,14,107771,640,4180369,73,743,4850204,5,5.0,4.0,3,4,539001,28377229310,7370815,422092,1.3170967e+17,313,0.0347743548073656,0.5878288021176915,-1.05673613864312,3.10666999033676,-0.0889229331079684,-0.0857457788779577,0.4656942895756079,-1.2424635534966748,-0.086461813456019,-0.2356993342769757,0.0408042862587527,-2.461564701480764,3.098555136880212,3.0842781070269747,-0.0793395351030619,1.761652742062979,1.791034304790906,0.0052894830588164,0.1074388773326181,1.720825682401344,0.1652241179014838,0.1230025430364287,0.2514081630613514,0.6270455797916202,-0.9770384400541338,0.2790032031966361,0.72910357,-0.0881070403832575,0,0.21428571428571427,1.0,10.101799185309591,0.2101266155866586,0.16532258064516128,4.794520547945205,7.133719090224021e-05,0.005714285714285714,1.8370854272279943e-06,1.0,0.9885714285714285,0.8068543494375303,0.0031201248049922
1,878423,1088700,641,792,800,80,2,204,33,9,107772,640,4180407,42,338,2239847,6,2.0,4.0,2,2,311187,29458787857,8803724,208828,0.0,765,-0.1333579626107711,0.5878617055623838,-1.0567256584379023,3.10666999033676,-0.0864978678554877,-0.0847351954923666,0.2173434857540574,-1.2393796937673214,0.0400842379442348,1.276655745759579,-0.0413453521502821,-2.4615628990001133,3.098555136880212,3.0843157909549777,-0.0799061481248709,0.4742480124784533,0.4882471173666108,0.0865907967406258,-0.1180016883063306,1.720825682401344,0.0343691390291254,-0.0440876545416987,0.0446669720400966,0.756277912404909,-0.7836269812887129,0.0280825949681123,-0.085841686,-0.0867810202714877,0,0.1111111111111111,1.0,10.101881750361875,0.21012853290874958,0.2359882005899705,19.047619047619047,0.00035359542254652994,0.255,0.00018737944337282998,6.181818181818182,0.99,0.8068549646367227,0.0514820592823713
3,878431,1088709,641,795,803,80,3,205,33,11,107774,640,4180444,42,338,2239884,5,5.0,3.0,2,3,500145,27638805379,15764110,404819,0.0,768,0.0347743548073656,0.5878781572847299,-1.056720694130168,3.10666999033676,-0.0864815557573768,-0.084728458269796,0.2173434857540574,-1.236295834037968,0.0407107035452262,1.276655745759579,-0.0084854967866681,-2.4615592940388127,3.098555136880212,3.084352483200665,-0.0799061481248709,0.4742480124784533,0.4882655834714136,0.0052894830588164,0.1074388773326181,1.0462576803265096,0.0343691390291254,0.039457444247365,0.2161463454455689,0.538813419521332,0.1558733008858095,0.258680262306794,-0.085841686,-0.0867722192530468,0,0.2727272727272727,1.0,10.101777794273202,0.21012858678920546,0.2359882005899705,19.11904761904762,0.00035492893608377214,0.25529265255292655,0.00018829641345850912,6.212121212121212,0.9900373599003736,0.8068556427842518,0.0514820592823713
3,878434,1088712,641,796,804,80,4,206,33,14,107775,640,4180452,42,338,2239892,6,5.0,4.0,2,3,525922,27504342999,7654114,430669,0.0,769,0.0347743548073656,0.5878843266806097,-1.056719039360923,3.10666999033676,-0.0864761183913399,-0.0847262125289391,0.2173434857540574,-1.2332119743086147,0.0413371691462175,1.276655745759579,0.0408042862587527,-2.461557491558162,3.098555136880212,3.084360416659192,-0.0799061481248709,0.4742480124784533,0.4882695761427223,0.0865907967406258,0.1074388773326181,1.720825682401344,0.0343691390291254,0.039457444247365,0.2395389713638833,0.5227468949080005,-0.9387992546928966,0.2890946675636932,-0.085841686,-0.0867692855802331,0,0.21428571428571427,1.0,10.101711899791232,0.2101289022983873,0.2359882005899705,19.142857142857142,0.0003553741183172589,0.2562189054726368,0.00018921441115740434,6.242424242424242,0.9900497512437811,0.806856175003123,0.0514820592823713
3,878461,1088740,641,4958,5001,635,5,11,6,14,107778,640,4180595,456,1040,6775376,6,5.0,4.0,2,3,525687,34260041919,7114612,435273,0.0,4755,0.0347743548073656,0.587939851243528,-1.0567035948479708,3.10666999033676,-0.0638458009455442,-0.0753008381526591,3.422801535078721,-1.2301281145792613,-0.0808236230470968,-0.040556743304517,0.0408042862587527,-2.4615520841162115,3.098555136880212,3.0845022272303613,-0.0723391226078094,2.705749543758298,2.75185668088276,0.0865907967406258,0.1074388773326181,1.720825682401344,0.0343691390291254,0.039457444247365,0.239325708878303,1.3299660068888848,-1.0116202564640224,0.2945116084458117,-0.085841686,-0.0750756657450247,0,0.21428571428571427,1.0,10.101690511978326,0.21012817311215912,0.6099903938520653,10.967105263157896,0.0007317673983307497,0.0021995600879824036,1.0103422304682477e-05,1.8333333333333333,0.9914017196560688,0.8068602237448794,0.0093603744149766
1,878616,1088929,641,322,343,89,6,107,31,9,107791,640,4181334,35,632,4130954,6,2.0,4.0,2,2,311122,29126151781,11711418,208774,0.0,333,-0.1333579626107711,0.5882586033639848,-1.056599344385544,3.10666999033676,-0.0890534298928553,-0.0857614990639558,0.2693238865539168,-1.227044254849908,-0.0206829253519266,1.1790844502733495,-0.0413453521502821,-2.461528651867758,3.098555136880212,3.0852350804617883,-0.0800340930007632,1.4088084828435163,1.432068199942058,0.0865907967406258,-0.1180016883063306,1.720825682401344,0.0343691390291254,-0.0440876545416987,0.0446079845440851,0.7165321805330206,-0.3911517172046282,0.0280190600403029,-0.085841686,-0.0880483669269845,0,0.1111111111111111,1.0,10.102225603250735,0.2101281050190908,0.1406003159557662,9.8,7.794807738162241e-05,0.3119533527696793,9.826168648277344e-05,3.4516129032258065,0.9387755102040817,0.8068625227172754,0.0483619344773791
3,1440729,1948725,924,853,871,243,1,50,23,16,347054,941,6135240,179,804,5247602,8,4.0,5.0,3,5,209440,29403277811,10150539,179720,0.0,755,0.0347743548073656,1.7442244787597307,-0.5823446851640668,4.914870197895899,-0.0861661885272336,-0.0845757478915289,1.1587663002404005,-1.279469870248915,-0.0563914646084339,0.7887992683284324,0.0736641416223666,-2.030261724042798,5.0174256703187154,5.022889107531687,-0.0774020841252636,1.9555581457781792,1.9893692538833248,0.2491934241042447,0.0322920221196352,2.395393684476178,0.1652241179014838,0.2065476418254924,-0.0476684242166724,0.7496451760191173,-0.6018363345434204,-0.0061650842666196,-0.085841686,-0.0868103569996242,0,0.1875,0.9808917197452229,5.615048378638483,0.23482842809271878,0.3018633540372671,4.865921787709497,0.0001625504063474314,0.0574052812858783,2.565780189611156e-05,2.1739130434782608,0.9793340987370838,0.7393187853596582,0.024891774891774892
2,1440767,1948772,924,201,210,82,2,14,11,9,347058,941,6135363,22,558,3657764,6,4.0,3.0,1,3,131296,27043446164,15228045,103986,6.2e+16,185,-0.0492918039017027,1.744302624440875,-0.5823187604458971,4.914870197895899,-0.0897113511833265,-0.0860601825979194,0.2288946859318039,-1.2763860105195617,-0.0789442262441227,0.2033714954110563,-0.0413453521502821,-2.030254514120197,5.0174256703187154,5.023011084456539,-0.0802717049131347,1.173578976697208,1.1959066828709055,0.0865907967406258,0.0322920221196352,1.0462576803265096,-0.0964858398432329,0.039457444247365,-0.1185840994217297,0.4676756523512793,0.0835162191429457,-0.0952716439465422,0.2977794,-0.0884825505034046,0,0.2222222222222222,0.9808917197452229,5.615119086723257,0.23482991392197758,0.14669051878354203,9.545454545454545,5.49515892901813e-05,0.06666666666666667,7.184011264529663e-06,1.2727272727272727,0.9571428571428572,0.739320454111615,0.011904761904761904
1,1440814,1948834,924,329,330,141,3,1,1,20,347066,941,6135518,37,1008,6573351,9,4.0,6.0,3,5,232152,51806531962,5313474,200367,0.0,258,-0.1333579626107711,1.744399278309659,-0.5822845618815031,4.914870197895899,-0.0890153683305966,-0.0857906936950951,0.5696550911753268,-1.273302150790208,-0.0870882790570103,-0.2844849820200903,0.1393838523495945,-2.030240094274995,5.0174256703187154,5.023164795215499,-0.0799975373219368,2.6040286762355698,2.6510292532399538,0.3304947377860541,0.0322920221196352,3.069961686551012,0.1652241179014838,0.2065476418254924,-0.0270572856102885,3.4265458395040254,-1.2547345980012956,0.0181276130385717,-0.085841686,-0.0882683923880082,0,0.05,0.9808917197452229,5.61516829651997,0.2348316417893906,0.13974231912784935,8.91891891891892,5.005056780771819e-05,0.0030303030303030303,5.131273366536093e-07,1.0,0.996969696969697,0.7393210504332334,0.0010822510822510823
3,1440944,1948990,924,452,453,159,4,22,11,33,347081,941,6135930,66,500,3280804,12,4.0,8.0,5,10,353197,25191604345,11026780,303658,0.0,361,0.0347743548073656,1.7446666187977835,-0.5821985138807697,4.914870197895899,-0.0883465723080515,-0.0855144675697002,0.6736158927750456,-1.2702182910608546,-0.0739325014361918,0.2033714954110563,0.3529729122130851,-2.030213057065241,5.0174256703187154,5.023573368329637,-0.0794674799789543,0.9892099043122636,1.0077720108044173,0.5743986788314823,0.0322920221196352,4.41909769070068,0.4269340756462006,0.6242731357708111,0.0827910444623486,0.2464043780739695,-0.4835629131048844,0.1396569876378124,-0.085841686,-0.0879662240882023,0,0.09090909090909091,0.9808917197452229,5.6153750853547155,0.23483706058624193,0.31736526946107785,6.863636363636363,0.0001377710653330509,0.04856512141280353,1.1287897834262874e-05,2.0,0.9977924944812362,0.7393285753133675,0.011904761904761904
1,1727340,5676575,641,84,92,46,1,1,1,18,1201567,640,4180779,35,1157,7499934,8,4.0,4.0,3,4,286530,36655014175,8967413,196175,9.6e+17,72,-0.1333579626107711,2.3336300529290708,1.473899158001967,3.10666999033676,-0.09034752300965,-0.08632518001903,0.0209730827323662,-1.282553729978268,-0.0870882790570103,-0.2844849820200903,0.1065239969859806,-0.4900185761407403,3.098555136880212,3.084684696776481,-0.0800340930007632,3.077666465638272,3.1134719231449384,0.2491934241042447,0.0322920221196352,1.720825682401344,0.1652241179014838,0.1230025430364287,0.0222907460530586,1.616134381264452,-0.7615325368586389,0.013195420124184,5.8540974,-0.0888140555313471,0,0.05555555555555555,1.0,4.724310005184896,0.4131621372088462,0.039723661485319514,2.6285714285714286,1.1200097067507918e-05,0.010869565217391304,1.761625628129638e-07,1.0,0.9130434782608695,0.3042926412493449,0.0015600624024961
4,1018310,1467173,595,5,5,3,1,4,3,13,423073,595,3889606,1,5,41031,8,4.0,4.0,1,3,174523,38438522721,5186841,139107,9061075000000000.0,3,0.118840513516434,0.875534466042011,-0.8479638316330207,2.812757589108066,-0.0907770749265692,-0.0865205594735776,-0.2273777210891842,-1.2609667118727947,-0.0852088822540362,-0.186913686533861,0.0243743585769457,-1.8932389474901108,2.811680804638576,2.795933581818021,-0.0806555395408117,-0.5842847651799343,-0.6091465771753767,0.2491934241042447,0.0322920221196352,1.720825682401344,-0.0964858398432329,0.039457444247365,-0.0793555995741533,1.829240708494387,-1.2718272907388255,-0.0539492328429618,-0.029776854,-0.0890164789554889,0,0.3076923076923077,0.9983221476510067,3.467895611395669,0.261802799100269,0.5,5.0,0.0001218561123025931,0.8,2.7263315232763963e-06,1.3333333333333333,1.0,0.6940626633668967,0.005042016806722689
4,1018527,1467482,595,44,49,24,2,36,20,21,423127,595,3889996,8,83,600305,9,8.0,4.0,1,3,270521,28425863211,3734759,270521,0.0,44,0.118840513516434,0.8759807190106506,-0.8477933904007988,2.812757589108066,-0.0905650176511281,-0.0864217468758754,-0.1060901192228456,-1.2578828521434413,-0.0651619830223129,0.6424423250990884,0.1558137800314015,-1.8931416135349963,2.811680804638576,2.7963203379212103,-0.0805275946649194,-0.336340150593285,-0.3300219204868336,0.3304947377860541,0.3328794429715668,1.720825682401344,-0.0964858398432329,0.039457444247365,0.0077625795353764,0.6328567053083546,-1.4678266862810478,0.1006688968448581,-0.085841686,-0.0888961983701293,0,0.19047619047619047,0.9983221476510067,3.468183311393506,0.2618323356033437,0.2857142857142857,6.125,7.329595239761055e-05,0.7346938775510204,2.4531817085320298e-05,1.8,0.8979591836734694,0.694064390568334,0.03361344537815126
8,1018584,1467568,595,18,22,8,3,12,7,24,423145,595,3890112,7,78,563657,9,8.0,6.0,1,3,316316,45317413386,4580491,237332,0.0,20,0.4551051483527076,0.876097937532367,-0.8477459536824459,2.812757589108066,-0.0907063891680888,-0.0864823818790108,-0.1984997206448179,-1.254798992414088,-0.0801971574461054,0.0082289044385976,0.2051035630768224,-1.8931091688832915,2.811680804638576,2.7964353730698512,-0.0805458725043326,-0.3522340361437112,-0.3483123477520413,0.3304947377860541,0.3328794429715668,3.069961686551012,-0.0964858398432329,0.039457444247365,0.0493215392253794,2.6511796491976374,-1.3536713143456376,0.0616196242695689,-0.085841686,-0.0889666065176569,0,0.3333333333333333,0.9983221476510067,3.468239019721372,0.2618391805070958,0.10126582278481013,3.142857142857143,3.19342580075152e-05,0.5454545454545454,8.176793170742344e-06,1.7142857142857142,0.8181818181818182,0.6940625579189517,0.011764705882352941
8,1018690,1467739,595,3,4,2,4,2,2,19,423179,595,3890311,2,5,36995,7,7.0,6.0,2,3,236613,27732999512,2317085,176372,0.0,2,0.4551051483527076,0.8763159228534535,-0.8476516318354881,2.812757589108066,-0.0907879496586431,-0.0865228052144345,-0.2331533211780575,-1.2517151326847349,-0.086461813456019,-0.2356993342769757,0.1229539246677875,-1.8930478845411824,2.811680804638576,2.796632717850709,-0.0806372617013986,-0.5842847651799343,-0.6111608798506217,0.1678921104224353,0.2577325877585839,3.069961686551012,0.0343691390291254,0.039457444247365,-0.023008928384017,0.5500684066506384,-1.6591817523695498,-0.0101042497908013,-0.085841686,-0.0890194126283026,0,0.42105263157894735,0.9983221476510067,3.4683644509770097,0.2618530338954819,0.3333333333333333,2.0,8.10898475510866e-05,0.5,1.3626400879175384e-06,1.0,0.75,0.6940539155803587,0.0033613445378151263
3,1018845,1467982,595,98,104,43,5,44,28,14,423224,595,3890563,17,406,2685053,8,4.0,6.0,1,3,183696,25591875088,5306778,151320,2.7079917e+17,80,0.0347743548073656,0.8766346749739103,-0.8475175955266534,2.812757589108066,-0.0902713998851326,-0.0862982311287476,0.0036462824657464,-1.2486312729553817,-0.060150258214382,1.0327275070440056,0.0408042862587527,-1.8929667729119204,2.811680804638576,2.796882621794308,-0.0803630941102007,0.6904048559642502,0.7104422701998903,0.2491934241042447,0.0322920221196352,3.069961686551012,-0.0964858398432329,0.039457444247365,-0.0710311026370117,0.2942315825634775,-1.2556384119405573,-0.0395797500034063,1.589711,-0.0887905861488379,0,0.21428571428571427,0.9983221476510067,3.4685698353590535,0.26187591310668584,0.10565110565110565,6.117647058823529,3.649833485658016e-05,0.4230769230769231,2.9973119561411514e-05,1.5714285714285714,0.9423076923076923,0.6940446136260526,0.047058823529411764
8,1019029,1468272,595,100,106,43,6,45,28,19,423284,595,3890897,17,406,2685387,7,7.0,6.0,2,3,234976,22477492760,6325237,176789,0.0,81,0.4551051483527076,0.877013064587872,-0.8473576344996491,2.812757589108066,-0.0902605251530587,-0.0862937396470338,0.0036462824657464,-1.245547413226028,-0.0595237926133907,1.0327275070440056,0.1229539246677875,-1.892858624072904,2.811680804638576,2.797213843687808,-0.0803630941102007,0.6904048559642502,0.7106089642270289,0.1678921104224353,0.2577325877585839,3.069961686551012,0.0343691390291254,0.039457444247365,-0.0244945057835701,-0.077897040536428,-1.1181686627221687,-0.0096136189593844,-0.085841686,-0.0887876524760242,0,0.42105263157894735,0.9983221476510067,3.4687632889502082,0.2619007231749586,0.10565110565110565,6.235294117647059,3.7238566642883634e-05,0.42452830188679247,3.0648272254732094e-05,1.6071428571428572,0.9433962264150944,0.6940328494992754,0.047058823529411764
1,119823,774377,67,345,349,123,1,7,4,13,172413,66,473431,73,743,4850194,5,6.0,3.0,3,3,226900,32380708414,11314438,149514,1.9723423e+17,312,-0.1333579626107711,-0.972172865912058,-1.2301030028899262,-0.5608456249952047,-0.0889283704740054,-0.0857480246188146,0.4656942895756079,-1.1067737254051282,-0.0833294854510622,-0.1381280387907463,0.0243743585769457,-2.3450487472861696,-0.5606863454908876,-0.5918267535949995,-0.0793395351030619,1.761652742062979,1.79102931395177,0.0052894830588164,0.182585732545601,1.0462576803265096,0.1652241179014838,0.039457444247365,-0.031823475288024,1.1054098298024695,-0.4447353578270939,-0.041704640366809,1.1345326,-0.0881099740560711,0,0.07692307692307693,1.0,4.491407260473398,0.253094425387384,0.16532258064516128,4.780821917808219,7.113116070590977e-05,0.02005730659025788,9.039524675965324e-06,1.75,0.9885386819484241,0.15473470932117045,0.05970149253731343
1,119887,775190,67,64,76,23,2,7,5,9,172526,66,473496,10,62,444554,5,4.0,3.0,2,2,197314,29088830606,7230685,129510,1.4e+17,35,-0.1333579626107711,-0.9720412521332886,-1.229654560424566,-0.5608456249952047,-0.090456270330389,-0.0863611118727399,-0.1118657193117188,-1.1036898656757748,-0.0833294854510622,-0.0893423910476316,-0.0413453521502821,-2.344845066972689,-0.5606863454908876,-0.591762294244468,-0.080491038986093,-0.4030944699050752,-0.4077547391122252,0.0052894830588164,0.0322920221196352,1.0462576803265096,0.0343691390291254,-0.0440876545416987,-0.0586727684726169,0.71207278024027,-0.995952933379808,-0.0652408014019738,0.78039944,-0.0889226014254521,0,0.1111111111111111,1.0,4.493177839861818,0.25319484600747205,0.36507936507936506,7.6,0.00014396418890800914,0.09210526315789473,9.030044247216812e-06,1.4,0.8421052631578947,0.15465498780944026,0.07462686567164178
4,119902,775370,67,11,11,3,3,1,1,22,172547,66,473511,4,23,168874,8,10.0,4.0,2,5,632808,26630774504,10629912,480448,0.0,6,0.118840513516434,-0.9720104051538896,-1.2295552742698734,-0.5608456249952047,-0.0907444507303475,-0.0865070850284364,-0.2273777210891842,-1.1006060059464216,-0.0870882790570103,-0.2844849820200903,0.1722437077132085,-2.344807214879034,-0.5606863454908876,-0.5917474190097299,-0.0806007060225722,-0.5270667771983999,-0.5453421924104254,0.2491934241042447,0.4831731533975327,1.720825682401344,0.0343691390291254,0.2065476418254924,0.3365380098053216,0.4183666978123642,-0.537131436170421,0.3476632818493095,-0.085841686,-0.089007677937048,0,0.18181818181818182,1.0,4.493674187322874,0.25321850343813884,0.125,2.75,6.513693560325685e-05,0.09090909090909091,1.2897068496330784e-06,1.0,1.0,0.15463843068470537,0.014925373134328358
1,119907,775443,67,492,506,51,4,82,15,17,172553,66,473516,35,100,720532,9,4.0,5.0,3,4,270210,27638805379,7845087,199923,0.0,461,-0.1333579626107711,-0.9720001228274232,-1.2295150082182482,-0.5608456249952047,-0.0881290776665734,-0.0853954433042861,0.0498510831767326,-1.097522146217068,-0.0363445653767105,0.398514086383515,0.0900940693041736,-2.344796399995132,-0.5606863454908876,-0.5917424605981506,-0.0800340930007632,-0.2823009397218357,-0.2700185588077756,0.3304947377860541,0.0322920221196352,2.395393684476178,0.1652241179014838,0.1230025430364287,0.0074803470544594,0.538813419521332,-0.9130220654123432,0.0176052147432501,-0.085841686,-0.0876728568068373,0,0.058823529411764705,1.0,4.493940992043025,0.2532263889152871,0.504950495049505,14.457142857142857,0.0006828278510491539,0.16205533596837945,0.00010574600583150535,5.466666666666667,0.9723320158102767,0.1546303209907111,0.22388059701492538
3,119932,775730,67,24,24,6,5,4,3,13,172585,66,473541,8,47,341218,6,5.0,4.0,3,4,232948,29396791763,21211180,164432,0.0,18,0.0347743548073656,-0.9719487111950916,-1.2293567019604887,-0.5608456249952047,-0.0906737649718671,-0.0864778903972971,-0.2100509208225644,-1.094438286487715,-0.0852088822540362,-0.186913686533861,0.0243743585769457,-2.344738720614324,-0.5606863454908876,-0.5917176685402539,-0.0805275946649194,-0.4507761265563539,-0.4593280744068523,0.0865907967406258,0.1074388773326181,1.720825682401344,0.1652241179014838,0.1230025430364287,-0.0263349156591314,0.7488701767231413,0.8911089332234955,-0.0241525282730983,-0.085841686,-0.0889724738632842,0,0.23076923076923078,1.0,4.494770692702147,0.25326581380321067,0.125,3.0,7.033605983254156e-05,0.16666666666666666,5.156433295089786e-06,1.3333333333333333,1.0,0.15460533948667707,0.04477611940298507
1,120048,777038,67,322,329,117,6,3,2,9,172740,66,473657,108,1334,8616385,5,4.0,3.0,2,2,197302,32436795446,8777300,129502,1e+17,293,-0.1333579626107711,-0.9717101612210722,-1.2286352225697244,-0.5608456249952047,-0.0890534298928553,-0.085792939435952,0.4310406890423683,-1.0913544267583617,-0.0858353478550276,-0.2356993342769757,-0.0413453521502821,-2.344459336113532,-0.5606863454908876,-0.5916026333916131,-0.0786998107236002,3.6403100141233606,3.670674657555229,0.0052894830588164,0.0322920221196352,1.0462576803265096,0.0343691390291254,-0.0440876545416987,-0.0586836584718806,1.112111508592602,-0.7871936448984868,-0.0652502139838715,0.532902,-0.0881657138395305,0,0.1111111111111111,1.0,4.498309598240129,0.2534486908275591,0.08764044943820225,3.0462962962962963,3.737065632853495e-05,0.00911854103343465,3.860815043794512e-06,1.5,0.9787234042553191,0.15449437479248118,0.029850746268656716
3,120080,777360,67,22,22,7,7,4,2,18,172776,66,473689,6,112,804856,8,10.0,2.0,1,6,254403,31349559608,16603774,196611,0.0,13,0.0347743548073656,-0.9716443543316876,-1.2284576106707747,-0.5608456249952047,-0.090684639703941,-0.0864823818790108,-0.2042753207336911,-1.0882705670290085,-0.0852088822540362,-0.2356993342769757,0.1065239969859806,-2.3443944468101225,-0.5606863454908876,-0.5915708995575053,-0.0805641503437458,-0.2441556144008127,-0.2279338068783015,0.2491934241042447,0.4831731533975327,0.3716896782516756,-0.0964858398432329,0.2900927406145562,-0.0068645044756175,0.9822008127405506,0.2692096251833109,0.0137084058376079,-0.085841686,-0.0889871422273524,0,0.16666666666666666,1.0,4.499236005000695,0.2534991238995968,0.061946902654867256,3.6666666666666665,2.7334048160107944e-05,0.18181818181818182,5.145621076463929e-06,2.0,1.0,0.15447154471544716,0.029850746268656716
1,120112,777737,67,29,30,8,8,2,2,15,172838,66,473721,11,110,788906,8,4.0,4.0,3,4,322590,37438522721,18393284,238511,0.0,27,-0.1333579626107711,-0.971578547442303,-1.228249661335669,-0.5608456249952047,-0.0906465781416823,-0.0864644159521559,-0.1984997206448179,-1.0851867072996548,-0.086461813456019,-0.2356993342769757,0.0572342139405597,-2.344282693009806,-0.5606863454908876,-0.5915391657233975,-0.0804727611466798,-0.2505131686209833,-0.2358941953000452,0.2491934241042447,0.0322920221196352,1.720825682401344,0.1652241179014838,0.1230025430364287,0.0550151938404046,1.7097535730344064,0.5107544403636946,0.0630068035267404,-0.085841686,-0.0889460708079613,0,0.06666666666666667,1.0,4.499803284000047,0.2535495501581096,0.07207207207207207,2.727272727272727,3.675971945996169e-05,0.06666666666666667,2.5715633948237002e-06,1.0,0.9666666666666667,0.15443781123953212,0.029850746268656716
1,120156,778232,67,30,30,21,9,1,1,9,172899,66,473766,10,237,1606558,6,4.0,4.0,2,2,224246,39489201572,8792708,180881,0.0,29,-0.1333579626107711,-0.9714880629693992,-1.227976624410265,-0.5608456249952047,-0.0906411407756454,-0.0864644159521559,-0.1234169194894654,-1.0821028475703016,-0.0870882790570103,-0.2844849820200903,-0.0413453521502821,-2.34417274169014,-0.5606863454908876,-0.5914945400191834,-0.080491038986093,0.1531915243598432,0.172182764813782,0.0865907967406258,0.0322920221196352,1.720825682401344,0.0343691390291254,-0.0440876545416987,-0.0342319801251737,1.9547833146887603,-0.7851139009952399,-0.0047990833187178,-0.085841686,-0.088940203462334,0,0.1111111111111111,1.0,4.5010786644225815,0.2536183398168298,0.08823529411764706,3.0,1.8673450523759164e-05,0.03333333333333333,1.2849638668160652e-06,1.0,1.0,0.1543961183811511,0.014925373134328358
1,120163,778300,67,647,654,151,10,9,3,14,172905,66,473773,132,1434,9263529,8,4.0,4.0,3,4,258472,38480473782,3051656,190128,0.0,606,-0.1333579626107711,-0.9714736677123462,-1.2279391163073814,-0.5608456249952047,-0.0872862859308458,-0.0850630736574695,0.6274110920640594,-1.0790189878409482,-0.0820765542490795,-0.186913686533861,0.0408042862587527,-2.344161926806238,-0.5606863454908876,-0.5914875982429724,-0.0782611425776836,3.958187725131885,3.993653817730832,0.2491934241042447,0.0322920221196352,1.720825682401344,0.1652241179014838,0.1230025430364287,-0.0031718872252928,1.834253320602784,-1.5600306906644632,0.0060806847822703,-0.085841686,-0.087247474248858,0,0.07142857142857142,1.0,4.501315751424192,0.253629367588766,0.10522648083623694,4.954545454545454,6.984378525249014e-05,0.013761467889908258,1.1563664396762175e-05,3.0,0.9892966360856269,0.15439162276757035,0.04477611940298507
1,120170,778373,67,2,2,1,11,1,1,9,172917,66,473780,1,0,0,5,4.0,3.0,2,2,189226,37944488216,13275687,124202,2.1e+16,0,-0.1333579626107711,-0.9714592724552932,-1.2278988502557562,-0.5608456249952047,-0.0907933870246801,-0.0865272966961482,-0.2389289212669308,-1.0759351281115948,-0.0870882790570103,-0.2844849820200903,-0.0413453521502821,-2.344140297038435,-0.5606863454908876,-0.5914806564667613,-0.0806555395408117,-0.6001786507303606,-0.6296244892338446,0.0052894830588164,0.0322920221196352,1.0462576803265096,0.0343691390291254,-0.0440876545416987,-0.0660126279763344,1.7702099406735474,-0.1800095238123568,-0.0714860494910887,0.044094488,-0.0890252799739299,0,0.1111111111111111,1.0,4.501425539420647,0.25364039503483676,1.0,2.0,2.0,0.5,1.284731099357249e-06,1.0,1.0,0.1543861362097606,0.014925373134328358
1,120211,778782,67,30,31,8,12,3,2,9,172958,66,473821,11,110,789006,5,4.0,3.0,2,2,197359,37548384309,8041693,129539,2.18e+17,28,-0.1333579626107711,-0.9713749573782692,-1.227673250048705,-0.5608456249952047,-0.0906411407756454,-0.086462170211299,-0.1984997206448179,-1.0728512683822415,-0.0858353478550276,-0.2356993342769757,-0.0413453521502821,-2.3440663953317737,-0.5606863454908876,-0.5914399974918106,-0.0804727611466798,-0.2505131686209833,-0.2358442869086863,0.0052894830588164,0.0322920221196352,1.0462576803265096,0.0343691390291254,-0.0440876545416987,-0.0586319309753781,1.7228806194816109,-0.8864845440051676,-0.0652066807925947,1.2630194,-0.0889431371351477,0,0.1111111111111111,1.0,4.5027232044773875,0.2537049778186745,0.07207207207207207,2.8181818181818183,3.802247635318825e-05,0.0967741935483871,3.8521691564519985e-06,1.5,0.967741935483871,0.15435770215541705,0.029850746268656716
1,120292,779662,67,119,120,44,13,5,4,19,173061,66,473902,34,260,1745760,8,4.0,4.0,3,4,339928,38873066178,10858777,223495,5e+16,111,-0.1333579626107711,-0.9712083836895145,-1.2271878510702092,-0.5608456249952047,-0.0901572151983566,-0.0862622992750376,0.0094218825546197,-1.069767408652888,-0.0845824166530449,-0.1381280387907463,0.1229539246677875,-2.3438807398247965,-0.5606863454908876,-0.5913596712242253,-0.0800523708401764,0.2263033978918039,0.2416562437531902,0.2491934241042447,0.0322920221196352,1.720825682401344,0.1652241179014838,0.1230025430364287,0.070749427776539,1.881163061404194,-0.5062396534331027,0.0453393873047831,0.22353016,-0.0886996422916147,0,0.05263157894736842,1.0,4.505128249576739,0.25383253535006106,0.1685823754789272,3.5294117647058822,6.816511538521024e-05,0.041666666666666664,6.413035392259723e-06,1.25,0.9916666666666667,0.15428737068114132,0.05970149253731343
1,120403,781019,67,90,106,26,14,6,4,9,173217,66,474014,11,129,923062,5,4.0,3.0,2,2,197310,38259031583,14549631,129507,6.8e+16,70,-0.1333579626107711,-0.9709801160419614,-1.2264393437817784,-0.5608456249952047,-0.0903148988134282,-0.0862937396470338,-0.094538919045099,-1.066683548923535,-0.0839559510520535,-0.1381280387907463,-0.0413453521502821,-2.3435995528433544,-0.5606863454908876,-0.5912486028048479,-0.0804727611466798,-0.1901164035293635,-0.1689390937886068,0.0052894830588164,0.0322920221196352,1.0462576803265096,0.0343691390291254,-0.0440876545416987,-0.0586763984723714,1.807793826574315,-0.0080548725222502,-0.0652443311201854,0.33490404,-0.0888199228769744,0,0.1111111111111111,1.0,4.508905015096671,0.2540067297448393,0.2,9.636363636363637,9.750147064718227e-05,0.05660377358490566,7.682271494035356e-06,1.5,0.8490566037735849,0.15416142244938982,0.05970149253731343
3,120408,781086,67,373,397,96,15,8,3,17,173223,66,474019,117,680,4442280,8,9.0,2.0,1,6,267717,36826306414,736935,207706,0.0,355,0.0347743548073656,-0.9709698337154952,-1.226402387268643,-0.5608456249952047,-0.0887761242249707,-0.0856402290576849,0.3097530871760297,-1.0635996891941817,-0.0827030198500708,-0.186913686533861,0.0900940693041736,-2.343588737959453,-0.5606863454908876,-0.5912436443932686,-0.0785353101688815,1.5613897841276083,1.5874459984240494,0.2491934241042447,0.4080262981845498,0.3716896782516756,-0.0964858398432329,0.2900927406145562,0.0052179497074308,1.6366016002290884,-1.872467534347456,0.0267624803569617,-0.085841686,-0.0879838261250842,0,0.17647058823529413,1.0,4.509135622867633,0.25401459854014596,0.14096916299559473,3.393162393162393,8.396587248758014e-05,0.020151133501259445,1.0242150032134746e-05,2.6666666666666665,0.9395465994962217,0.15415460013366006,0.04477611940298507
3,120567,782945,67,1661,1696,242,16,1,1,13,173433,66,474180,251,564,3693302,6,5.0,4.0,3,4,232957,34157316414,9939080,164439,0.0,1519,0.0347743548073656,-0.9706428557338652,-1.2253769819265703,-0.5608456249952047,-0.0817727967693761,-0.0827230116846118,1.152990700151527,-1.0605158294648285,-0.0870882790570103,-0.2844849820200903,0.0243743585769457,-2.343210217022897,-0.5606863454908876,-0.5910839835404137,-0.0760860796875137,1.1926516393577196,1.2136431269920294,0.0865907967406258,0.1074388773326181,1.720825682401344,0.1652241179014838,0.1230025430364287,-0.0263267481596836,1.3176916305577548,-0.6303786869601316,-0.0241442922639378,-0.085841686,-0.0845690309699957,0,0.23076923076923078,1.0,4.514394607715948,0.25426366724942584,0.4283185840707965,6.756972111553785,0.00044973293553223225,0.0005896226415094339,1.2772289241262157e-06,1.0,0.9793632075471698,0.15399165969512546,0.014925373134328358
3,120572,783010,67,482,483,80,17,25,11,12,173442,66,474185,176,117,842179,6,4.0,4.0,3,4,190376,29569482714,19857025,128959,0.0,404,0.0347743548073656,-0.9706325734073988,-1.2253411285929314,-0.5608456249952047,-0.0881834513269429,-0.0854470953439941,0.2173434857540574,-1.0574319697354748,-0.0720531046332178,0.2033714954110563,0.0079444308951387,-2.3431939946970446,-0.5606863454908876,-0.5910790251288344,-0.0774569176435031,-0.2282617288503865,-0.2093064979714214,0.0865907967406258,0.0322920221196352,1.720825682401344,0.1652241179014838,0.1230025430364287,-0.0649690030468988,0.7695045237779912,0.7083275465865991,-0.0658890929801769,-0.085841686,-0.0878400761572153,0,0.25,1.0,4.5145351183681,0.2542715305808269,0.6779661016949152,2.7443181818181817,0.0005723242062266974,0.051759834368530024,3.192807243841075e-05,2.272727272727273,0.9979296066252588,0.15398526200176244,0.16417910447761194
1,120588,783190,67,15,15,10,18,1,1,9,173465,66,474201,6,521,3420426,5,4.0,3.0,2,2,218180,33430743893,12357576,143203,2e+16,12,-0.1333579626107711,-0.9705996699627064,-1.2252418424382392,-0.5608456249952047,-0.0907227012661997,-0.0864981020650089,-0.1869485204670714,-1.0543481100061216,-0.0870882790570103,-0.2844849820200903,-0.0413453521502821,-2.343152537642088,-0.5606863454908876,-0.5910631582117805,-0.0805641503437458,1.0559642236240538,1.0774551049875327,0.0052894830588164,0.0322920221196352,1.0462576803265096,0.0343691390291254,-0.0440876545416987,-0.0397368747529618,1.2308755613195284,-0.3039344819350145,-0.0491299909113463,0.037907053,-0.0889900759001661,0,0.1111111111111111,1.0,4.514974202288646,0.25429669212698386,0.019157088122605363,2.5,4.385417376251562e-06,0.06666666666666667,1.2768293772903127e-06,1.0,1.0,0.15397030094868422,0.014925373134328358
3,120661,783886,67,644,658,150,19,4,3,12,173532,66,474275,185,431,2842793,6,4.0,4.0,3,4,190336,42745744006,11630406,133722,0.0,570,0.0347743548073656,-0.970449547996298,-1.2248579359734286,-0.5608456249952047,-0.0873025980289567,-0.085054090694042,0.6216354919751862,-1.0512642502767682,-0.0852088822540362,-0.186913686533861,0.0079444308951387,-2.3430317714385205,-0.5606863454908876,-0.5909897737204062,-0.0772924170887844,0.7698742837163814,0.7891677667294102,0.0865907967406258,0.0322920221196352,1.720825682401344,0.1652241179014838,0.1230025430364287,-0.0650053030444444,2.343898241631293,-0.4020865700790984,-0.0602850770328419,-0.085841686,-0.0873530864701494,0,0.25,1.0,4.5172417767328215,0.2544109337179195,0.3472222222222222,3.556756756756757,0.0002265376949578478,0.0060790273556231,5.102782802601399e-06,1.3333333333333333,0.9787234042553191,0.15392671893617185,0.04477611940298507
1,120671,783995,67,262,267,51,20,20,7,9,173546,66,474285,41,481,3160745,5,4.0,3.0,2,2,191455,41562424603,7000015,128766,3.0140502e+16,205,-0.1333579626107711,-0.9704289833433652,-1.224797812690865,-0.5608456249952047,-0.0893796718550724,-0.0859321753690779,0.0498510831767326,-1.048180390547415,-0.0751854326381745,0.0082289044385976,-0.0413453521502821,-2.3430065367094164,-0.5606863454908876,-0.5909798568972475,-0.0799244259642841,0.928813139220644,0.9478524952228422,0.0052894830588164,0.0322920221196352,1.0462576803265096,0.0343691390291254,-0.0440876545416987,-0.0639898106131066,2.202506795832609,-1.0270883517444211,-0.0661161715184586,0.100650765,-0.0884238770471316,0,0.1111111111111111,1.0,4.5175054452421834,0.25442665395984704,0.10580912863070539,6.512195121951219,8.289182363910291e-05,0.0749063670411985,2.5510366775298312e-05,2.857142857142857,0.9812734082397003,0.15391807345710112,0.1044776119402985
1,120772,785075,67,23,23,9,21,2,1,15,173689,66,474387,9,568,3719559,8,4.0,4.0,3,4,320784,28583613975,24072887,241806,0.0,14,-0.1333579626107711,-0.9702212803487448,-1.2242020957627109,-0.5608456249952047,-0.0906792023379041,-0.086480136138154,-0.1927241205559446,-1.0450965308180615,-0.086461813456019,-0.2844849820200903,0.0572342139405597,-2.3427487819764283,-0.5606863454908876,-0.5908787053010289,-0.0805093168255062,1.2053667477980603,1.2267475733111344,0.2491934241042447,0.0322920221196352,1.720825682401344,0.1652241179014838,0.1230025430364287,0.0533762489512214,0.6517058922153379,1.277376955428127,0.06688361069585,-0.085841686,-0.0889842085545388,0,0.06666666666666667,1.0,4.520004145340234,0.25458485459160013,0.015817223198594025,2.5555555555555554,6.183527083848627e-06,0.08695652173913043,2.5475273063083144e-06,2.0,1.0,0.15383498391873388,0.014925373134328358
3,120816,785596,67,51,51,24,22,1,1,13,173751,66,474431,21,140,1001745,6,5.0,4.0,3,4,232905,26436118584,8819760,164396,0.0,40,0.0347743548073656,-0.9701307958758412,-1.2239147175038514,-0.5608456249952047,-0.0905269560888694,-0.0864172553941616,-0.1060901192228456,-1.0420126710887083,-0.0870882790570103,-0.2844849820200903,0.0243743585769457,-2.342637028176112,-0.5606863454908876,-0.5908350712791307,-0.0802899827525479,-0.1551498553184258,-0.1296696742156879,0.0865907967406258,0.1074388773326181,1.720825682401344,0.1652241179014838,0.1230025430364287,-0.0263739381564929,0.3951078195312371,-0.7814624710841135,-0.0241948848916379,-0.085841686,-0.0889079330613839,0,0.23076923076923078,1.0,4.521389804950763,0.2546539862403885,0.1702127659574468,2.4285714285714284,5.091110920333098e-05,0.0196078431372549,1.2729189048824077e-06,1.0,1.0,0.15378897041227296,0.014925373134328358
1,121142,789179,67,29,29,9,23,18,9,9,174217,66,474760,1,11,84634,5,4.0,3.0,2,2,197370,34279880746,11469084,129547,3.928631e+17,17,-0.1333579626107711,-0.9694603881902352,-1.2219383714357253,-0.5608456249952047,-0.0906465781416823,-0.0864666616930127,-0.1927241205559446,-1.0389288113593549,-0.0764383638401573,0.105800199924827,-0.0413453521502821,-2.341797072193087,-0.5606863454908876,-0.5905088077972098,-0.0806555395408117,-0.5652121025194229,-0.587385021291158,0.0052894830588164,0.0322920221196352,1.0462576803265096,0.0343691390291254,-0.0440876545416987,-0.0586219484760531,1.332336491498001,-0.4238615211408583,-0.065197268210697,2.344974,-0.0889754075360978,0,0.1111111111111111,1.0,4.5298621833690165,0.25516417734396885,0.75,29.0,0.0003426478407278313,0.6206896551724138,2.2808513657864692e-05,2.0,1.0,0.1535038311967247,0.13432835820895522
3,121150,789294,67,4506,4661,585,24,8,5,10,174228,66,474768,885,897,5855224,7,4.0,4.0,2,2,206518,31381430693,9556451,161533,0.0,4623,0.0347743548073656,-0.969443936467889,-1.2218749386146717,-0.5608456249952047,-0.0663034903942467,-0.0760643900439947,3.1340215306350583,-1.0358449516300017,-0.0827030198500708,-0.0893423910476316,-0.0249154244684751,-2.341777244905934,-0.5606863454908876,-0.5905008743386829,-0.06449792949955,2.251184417016108,2.2926236196260663,0.1678921104224353,0.0322920221196352,1.720825682401344,0.0343691390291254,-0.0440876545416987,-0.0503201390373775,0.9860089973912022,-0.6820252556228689,-0.0275634126382724,-0.085841686,-0.0754629105564264,0,0.3,1.0,4.530236242165438,0.25517672805090474,0.6514476614699332,5.266666666666667,0.000769569060112976,0.0017163698777086461,1.0135640205044001e-05,1.6,0.966745333619395,0.1534916013551351,0.07462686567164178
3,121186,789706,67,130,131,39,25,4,2,13,174299,66,474805,20,466,3062609,6,5.0,4.0,3,4,231777,25199278533,16542484,163456,0.0,114,0.0347743548073656,-0.9693699037173312,-1.2216476836383758,-0.5608456249952047,-0.0900974041719502,-0.0862375961256121,-0.0194561178897465,-1.0327610919006482,-0.0852088822540362,-0.2356993342769757,0.0243743585769457,-2.341649268779765,-0.5606863454908876,-0.5904641820929958,-0.0803082605919611,0.8811314825693652,0.8988743962788776,0.0865907967406258,0.1074388773326181,1.720825682401344,0.1652241179014838,0.1230025430364287,-0.0273975980872784,0.2473213448150708,0.2609368121102319,-0.025300863264616,-0.085841686,-0.0886908412731738,0,0.23076923076923078,1.0,4.530754622803344,0.25523266344570206,0.0835117773019272,6.55,4.244745494855695e-05,0.030534351145038167,5.065176154163702e-06,2.0,0.9923664122137404,0.1534571093546206,0.029850746268656716
3,121269,790585,67,33,33,15,26,7,3,14,174398,66,474890,13,169,1185544,8,4.0,4.0,3,4,283374,28389602410,10777697,210520,0.0,30,0.0347743548073656,-0.9691992170979898,-1.2211628362496283,-0.5608456249952047,-0.0906248286775345,-0.0864576787295853,-0.158070520022705,-1.0296772321712948,-0.0833294854510622,-0.186913686533861,0.0408042862587527,-2.3414708231953885,-0.5606863454908876,-0.5903798890961469,-0.0804362054678534,-0.0629653191259536,-0.0379385499819536,0.2491934241042447,0.0322920221196352,1.720825682401344,0.1652241179014838,0.1230025430364287,0.0194266762467119,0.6285240060673801,-0.5171836848242799,0.0300733560394729,-0.085841686,-0.0889372697895204,0,0.21428571428571427,1.0,4.533222858060299,0.25536175669785277,0.08823529411764706,2.5384615384615383,2.783529937707974e-05,0.21212121212121213,8.854202900383893e-06,2.3333333333333335,1.0,0.1533914759323792,0.04477611940298507
3,121272,790637,67,34,34,15,27,8,3,14,174408,66,474893,13,169,1185547,8,4.0,4.0,3,4,272564,27048443199,21941940,201678,0.0,31,0.0347743548073656,-0.96919304770211,-1.2211341535827172,-0.5608456249952047,-0.0906193913114976,-0.0864554329887284,-0.158070520022705,-1.0265933724419416,-0.0827030198500708,-0.186913686533861,0.0408042862587527,-2.341452798388886,-0.5606863454908876,-0.5903769140491993,-0.0804362054678534,-0.0629653191259536,-0.0379370527302128,0.2491934241042447,0.0322920221196352,1.720825682401344,0.1652241179014838,0.1230025430364287,0.0096166019100172,0.4682727337492225,0.989745593058432,0.019670099897055,-0.085841686,-0.0889343361167067,0,0.21428571428571427,1.0,4.533261088940875,0.2553664607259725,0.08823529411764706,2.6153846153846154,2.8678720726617563e-05,0.23529411764705882,1.0118423499026734e-05,2.6666666666666665,1.0,0.15338518182174626,0.04477611940298507
1,121275,790664,67,443,476,169,28,1,1,12,174410,66,474896,110,1157,7503561,7,4.0,5.0,2,2,213632,27517519182,7295164,172173,0.0,408,-0.1333579626107711,-0.9691868783062304,-1.2211192606595134,-0.5608456249952047,-0.0883955086023841,-0.0854628155299922,0.7313718936637783,-1.0235095127125882,-0.0870882790570103,-0.2844849820200903,0.0079444308951387,-2.3414491934275854,-0.5606863454908876,-0.5903739390022517,-0.0786632550447738,3.077666465638272,3.1152821004995253,0.1678921104224353,0.0322920221196352,2.395393684476178,0.0343691390291254,-0.0440876545416987,-0.043864184473895,0.5243212792709671,-0.98724967486881,-0.0150446787143495,-0.085841686,-0.0878283414659607,0,0.08333333333333333,1.0,4.53336391261969,0.2553711646946601,0.1459412780656304,4.327272727272727,5.90386272546292e-05,0.0021008403361344537,1.2647597462386046e-06,1.0,0.930672268907563,0.15338373822508677,0.014925373134328358
2,121286,790796,67,5,5,2,29,3,2,25,174424,66,474907,1,13,99439,9,5.0,4.0,4,5,400156,23984535621,13151864,268538,2.074e+18,2,-0.0492918039017027,-0.9691642571880044,-1.221046450812739,-0.5608456249952047,-0.0907770749265692,-0.0865205594735776,-0.2331533211780575,-1.020425652983235,-0.0858353478550276,-0.2356993342769757,0.2215334907586293,-2.3414239586984817,-0.5606863454908876,-0.5903630304967772,-0.0806555395408117,-0.5588545482992523,-0.5799960839504736,0.3304947377860541,0.1074388773326181,1.720825682401344,0.2960790967738422,0.2065476418254924,0.1254063340809283,0.1021751939398756,-0.1967229278447906,0.0983357531069691,12.746902,-0.0890194126283026,0,0.08,1.0,4.533756822455626,0.2553884120713907,0.14285714285714285,5.0,5.0281576830249393e-05,0.6,3.7936458960338695e-06,1.5,1.0,0.15337204538212132,0.029850746268656716
3,121290,790838,67,143,146,42,30,22,3,13,174426,66,474911,38,166,1169848,6,5.0,4.0,3,4,231763,22622568787,13703272,164398,0.0,123,0.0347743548073656,-0.9691560313268311,-1.2210232840433106,-0.5608456249952047,-0.0900267184134698,-0.0862039100127591,-0.0021293176231267,-1.0173417932538815,-0.0739325014361918,-0.186913686533861,0.0243743585769457,-2.341420353737181,-0.5606863454908876,-0.5903590637675137,-0.0799792594825236,-0.0725016504562093,-0.0457721710896457,0.0865907967406258,0.1074388773326181,1.720825682401344,0.1652241179014838,0.1230025430364287,-0.0274103030864194,-0.0605623216462832,-0.1222948757808262,-0.0241925317461634,-0.085841686,-0.0886644382178509,0,0.23076923076923078,1.0,4.533945627372066,0.2553946836466545,0.25149700598802394,3.8421052631578947,0.00012223799823737934,0.1506849315068493,2.781859242980231e-05,7.333333333333333,0.9794520547945206,0.15336895799139647,0.04477611940298507
3,121315,791117,67,35,35,15,31,9,3,14,174465,66,474936,13,169,1185590,8,4.0,4.0,3,4,277345,24154847195,13169864,200774,0.0,32,0.0347743548073656,-0.9691046196944996,-1.2208693905035377,-0.5608456249952047,-0.0906139539454606,-0.0864531872478715,-0.158070520022705,-1.0142579335245283,-0.0820765542490795,-0.186913686533861,0.0408042862587527,-2.341350056991821,-0.5606863454908876,-0.5903342717096169,-0.0804362054678534,-0.0629653191259536,-0.0379155921219285,0.2491934241042447,0.0322920221196352,1.720825682401344,0.1652241179014838,0.1230025430364287,0.0139553591166534,0.1225252360528161,-0.1942933204811844,0.0186064781426165,-0.085841686,-0.0889314024438931,0,0.21428571428571427,1.0,4.534531281345829,0.2554338785986352,0.08823529411764706,2.6923076923076925,2.9521141776548574e-05,0.2571428571428571,1.137631981110253e-05,3.0,1.0,0.15334647087598927,0.04477611940298507
3,121328,791253,67,4036,4096,485,32,12,6,13,174480,66,474950,644,1878,11825674,6,5.0,4.0,3,4,231763,26045420071,4680702,163444,0.0,2761,0.0347743548073656,-0.969077885645687,-1.22079437429777,-0.5608456249952047,-0.0688590524316143,-0.0773332336281258,2.556461521747732,-1.0111740737951749,-0.0801971574461054,-0.040556743304517,0.0243743585769457,-2.3413230197820667,-0.5606863454908876,-0.5903203881571948,-0.0689028887981293,5.369564762009736,5.272379171513177,0.0865907967406258,0.1074388773326181,1.720825682401344,0.1652241179014838,0.1230025430364287,-0.0274103030864194,0.3484243733843931,-1.3401450152615075,-0.0253149821374625,-0.085841686,-0.0809254093354425,0,0.23076923076923078,1.0,4.53492090784044,0.25545372048906095,0.2581160191591272,6.3602484472049685,0.000341291300496589,0.0029296875,1.5165819276514592e-05,2.0,0.9853515625,0.15333654343174685,0.08955223880597014
2,121337,791348,67,6,6,2,33,4,2,25,174493,66,474959,1,13,99491,9,5.0,4.0,4,5,398962,25640383759,26492811,267542,3.84e+18,3,-0.0492918039017027,-0.9690593774580476,-1.2207419732716824,-0.5608456249952047,-0.0907716375605322,-0.0865183137327207,-0.2331533211780575,-1.0080902140658217,-0.0852088822540362,-0.2356993342769757,0.2215334907586293,-2.341299587533613,-0.5606863454908876,-0.590311463016352,-0.0806555395408117,-0.5588545482992523,-0.5799701315869671,0.3304947377860541,0.1074388773326181,1.720825682401344,0.2960790967738422,0.2065476418254924,0.1243227791541925,0.3000277447062381,1.6040139093040902,0.0971638866607071,23.673916,-0.0890164789554889,0,0.08,1.0,4.5351274836239845,0.2554678288697996,0.14285714285714285,6.0,6.030635628995296e-05,0.6666666666666666,5.054666215116485e-06,2.0,1.0,0.15332950863589723,0.029850746268656716
2,121368,791686,67,7,7,2,34,5,2,25,174536,66,474990,1,13,99522,9,5.0,4.0,4,5,436095,22243663048,12295987,298487,2.925e+18,4,-0.0492918039017027,-0.968995627033956,-1.22055553593676,-0.5608456249952047,-0.0907662001944953,-0.0865160679918639,-0.2331533211780575,-1.0050063543364682,-0.0845824166530449,-0.2356993342769757,0.2215334907586293,-2.341222080865652,-0.5606863454908876,-0.5902807208645601,-0.0806555395408117,-0.5588545482992523,-0.5799546599856458,0.3304947377860541,0.1074388773326181,1.720825682401344,0.2960790967738422,0.2065476418254924,0.1580209743756989,-0.1058366830087402,-0.3122476534859668,0.1335729300136953,18.01241,-0.0890135452826753,0,0.08,1.0,4.535946738781684,0.2555164203111217,0.14285714285714285,7.0,7.033550033660561e-05,0.7142857142857143,6.315635239223632e-06,2.5,1.0,0.15330320354281873,0.029850746268656716
3,628,664,7,797,805,80,1,5,2,13,262,6,49035,42,338,2241262,6,10.0,3.0,2,4,450000,29073142887,8245133,393021,0.0,770,0.0347743548073656,-1.2172932465433473,-1.6568751618092823,-0.9442096265978492,-0.0864706810253029,-0.0847239667880822,0.2173434857540574,-1.2763860105195617,-0.0845824166530449,-0.2356993342769757,0.0243743585769457,-2.6553475937103754,-0.9431854551464032,-1.012692761720445,-0.0799061481248709,0.4742480124784533,0.4889533211043391,0.0865907967406258,0.4831731533975327,1.0462576803265096,0.0343691390291254,0.1230025430364287,0.1706397610224833,0.7101982996350589,-0.859024581668943,0.244799057153181,-0.085841686,-0.0867663519074195,0,0.23076923076923078,1.0,2.5343511450381677,0.01280691736683253,0.2359882005899705,19.166666666666668,0.00035560306844845965,0.006211180124223602,0.007530120481927711,2.5,0.9900621118012423,0.9457831325301205,0.2857142857142857
15,48,84,1,89,180,2,16,84,1,97,1,0,223,6,1,6567,11,33.0,8.0,2,1,1000000,210000000000,9408895,369888,3.414e+21,171,0.432027669330178,-0.2925013594159318,-0.1320152810370198,-2.3703348286540127,-0.24357664862736744,-0.24126043618422233,-0.6515833407699301,-0.7389870844187316,-0.2089030890869273,-0.465975806527504,0.45927132013743904,-0.129554651525957,-2.436713089608918,-2.435447427396791,-0.5977086715587934,-0.683793924898733,-0.7005391804866604,-0.2679964164889022,1.6905907925694137,0.6763626790824759,-0.0065533678066977,-0.6694913995885322,-0.16670289457711,0.0619477477542659,0.3362368965404585,-0.24859882517339432,0.0,-0.2403564530477848,1,0.15463917525773196,1.0,84.0,0.21428571428571427,1.0,30.0,0.013550548112058466,0.4666666666666667,1.0,84.0,0.49444444444444446,0.5714285714285714,1.0
15,42,74,1,78,160,2,5,74,1,98,1,0,204,6,1,6548,12,33.0,8.0,2,1,1000000,210000000000,8067819,378364,2.885007433678064e+21,149,0.432027669330178,-0.2925251182900547,-0.13201794463721808,-2.3703348286540127,-0.24411425774355844,-0.24222690641233288,-0.6515833407699301,-0.7848587712565945,-0.20943021648099944,-0.465975806527504,0.47595992803860715,-0.129554651525957,-2.436713089608918,-2.4354871780273535,-0.5977086715587934,-0.683793924898733,-0.7005473344883938,-0.19731436970763533,1.6905907925694137,0.6763626790824759,-0.0065533678066977,-0.6694913995885322,-0.16670289457711,0.0619477477542659,0.00350945275343581,-0.21939412441791875,0.0,-0.24139298360042435,1,0.15306122448979592,1.0,74.0,0.2048780487804878,1.0,26.666666666666668,0.011910215300045808,0.4625,1.0,74.0,0.4875,0.5675675675675675,1.0
15,50,90,1,93,191,2,22,90,1,100,1,0,234,6,1,6578,13,33.0,8.0,2,1,1000000,227660203893,3263315,387249,3.477576734016196e+21,182,0.432027669330178,-0.29249289580087157,-0.13201380110126898,-2.3703348286540127,-0.24340244584512263,-0.24072199499323368,-0.6515833407699301,-0.7136370512076106,-0.20861020929354634,-0.465975806527504,0.4934512705518225,-0.129554651525957,-2.436713089608918,-2.4354250367133314,-0.5977086715587934,-0.683793924898733,-0.700534587511174,-0.1232324632294016,1.6905907925694137,0.6763626790824759,-0.0065533678066977,-0.6694913995885322,-0.16670289457711,0.0886889492858375,-1.1885112510106968,-0.1887846555553765,0.0,-0.23981742141558748,1,0.15,1.0,90.0,0.2127659574468085,1.0,31.833333333333332,0.014135886912904697,0.4712041884816754,1.0,90.0,0.4869109947643979,0.5555555555555556,1.0
15,50,91,1,92,193,2,20,91,1,97,1,0,236,6,1,6580,11,33.0,8.0,2,1,1000000,235000000000,9344178,362536,3.364e+21,182,0.432027669330178,-0.2924945475371254,-0.1320136013913012,-2.3703348286540127,-0.2434577697267395,-0.2406633205045237,-0.6515833407699301,-0.7159567673571775,-0.2085706866223187,-0.465975806527504,0.4447954345072714,-0.129554651525957,-2.436713089608918,-2.4354211950089133,-0.5977086715587934,-0.683793924898733,-0.7005337994667067,-0.3293068164558258,1.6905907925694137,0.6763626790824759,-0.0065533678066977,-0.6694913995885322,-0.16670289457711,0.0998029187548454,0.3201802560006629,-0.2739313100938378,0.0,-0.23984855057122428,1,0.15463917525773196,1.0,91.0,0.2109704641350211,1.0,32.166666666666664,0.013979638352833916,0.47150259067357514,1.0,91.0,0.47668393782383417,0.5494505494505495,1.0
15,43,77,1,80,166,2,6,77,1,99,1,0,208,6,1,6552,12,33.0,8.0,2,1,1000000,210000000000,4470325,382556,2.8741527427405327e+21,151,0.432027669330178,-0.2925225555238629,-0.1320172727663095,-2.3703348286540127,-0.2440509363334879,-0.2419518100861379,-0.6515833407699301,-0.7835062836681013,-0.209297252997432,-0.465975806527504,0.48421217901627633,-0.129554651525957,-2.436713089608918,-2.4354804057098707,-0.5977086715587934,-0.683793924898733,-0.7005459452905946,-0.1623632226072507,1.6905907925694137,0.6763626790824759,-0.0065533678066977,-0.6694913995885322,-0.16670289457711,0.0619477477542659,-0.8890462496893858,-0.20495286474010943,0.0,-0.24130308915021706,1,0.15151515151515152,1.0,77.0,0.20574162679425836,1.0,27.666666666666668,0.01220814893941706,0.463855421686747,1.0,77.0,0.4819277108433735,0.5584415584415584,1.0
5,2,2,1,37,38,12,2,2,1,14,1,0,11,11,266,1409719,4,4.06342145135917,7.734144637160208,2,2,355095,20000000000,457794,173736,8670723185801037.0,33,23.91765838700155,-1.4869402271600691,-1.4330147200712244,-1.2498816137638695,-0.24107671678312925,-0.28161350689941106,-0.002357122700618719,-1.6920769039364694,-0.5697950532739414,-0.597057268906372,0.9538183848056258,-1.9723846779846939,-1.2352381668587444,-1.2612803398331596,0.31169290862950527,3.102964944770613,3.0547609022768256,0.010521241582837404,0.23368941185365097,4.651741675468197,17.299842763328577,0.48439034281742155,-0.9586428101395084,-0.10630981059509098,0.06061043391545362,0.014613361511765469,-0.029379599049370264,-0.0015720816670443671,1,0.35714285714285715,1.0,2.0,0.16666666666666666,0.0449438202247191,3.4545454545454546,2.6246346792270806e-05,0.05263157894736842,1.0,2.0,0.9736842105263158,1.0,1.0
14,35,63,1,72,140,3,1,63,1,92,1,0,181,6,27,147030,12,30.397216576694138,8.0,2,1,940496,193515704985,7258414,366132,2.441092864577922e+21,132,2.740261380402071,-0.4147179188990713,-0.262800201852734,-2.2783653258265453,-0.23652322172814594,-0.23980243972313983,-0.5777105556802318,-0.8845092033985008,-0.2477440258515688,-0.48139985320905965,0.5357743927077123,-0.3144323426961133,-2.3349604305649603,-2.336181253594087,-0.501106724396861,-0.2951416041616146,-0.314799801492164,-0.118067923310327,1.5670985229607322,0.9728341835251633,1.6515521148098777,-0.5673088055666903,-0.250538450474153,0.04232899962406372,-0.00676724118759825,-0.17023179188635656,0.0,-0.21113998305560938,1,0.15217391304347827,1.0,63.0,0.19230769230769232,0.10714285714285714,23.333333333333332,0.0004896926498493515,0.45,1.0,63.0,0.5142857142857142,0.5555555555555556,1.0
15,50,89,1,93,190,2,21,89,1,100,1,0,232,6,1,6576,13,33.0,8.0,2,1,1000000,222216440028,6360938,387249,3.5962692852248703e+21,180,0.432027669330178,-0.29249268311425425,-0.13201401557400905,-2.3703348286540127,-0.24338642720599798,-0.2407896617367441,-0.6515833407699301,-0.7182856812988491,-0.20865265352246504,-0.465975806527504,0.4934512705518225,-0.129554651525957,-2.436713089608918,-2.435428956127633,-0.5977086715587934,-0.683793924898733,-0.7005353914961815,-0.1232324632294016,1.6905907925694137,0.6763626790824759,-0.0065533678066977,-0.6694913995885322,-0.16670289457711,0.08044596480611807,-0.419975914218789,-0.1887846555553765,0.0,-0.23991626778177141,1,0.15,1.0,89.0,0.2145922746781116,1.0,31.666666666666668,0.014140185494906492,0.46842105263157896,1.0,89.0,0.48947368421052634,0.5617977528089888,1.0
15,50,89,1,93,190,2,21,89,1,100,1,0,232,6,1,6576,13,33.0,8.0,2,1,1000000,222462092632,6350090,387249,3.599934422081675e+21,180,0.432027669330178,-0.2924925651673705,-0.1320139975363524,-2.3703348286540127,-0.243383998657302,-0.24078356578018395,-0.6515833407699301,-0.7179328185133939,-0.20864908386401954,-0.465975806527504,0.4934512705518225,-0.129554651525957,-2.436713089608918,-2.4354286444434283,-0.5977086715587934,-0.683793924898733,-0.7005353275607543,-0.1232324632294016,1.6905907925694137,0.6763626790824759,-0.0065533678066977,-0.6694913995885322,-0.16670289457711,0.08081793365988443,-0.42266748696997986,-0.1887846555553765,0.0,-0.23990876466721525,1,0.15,1.0,89.0,0.2145922746781116,1.0,31.666666666666668,0.014140185494906492,0.46842105263157896,1.0,89.0,0.48947368421052634,0.5617977528089888,1.0
15,43,77,1,80,166,2,6,77,1,99,1,0,208,6,1,6552,12,33.0,8.0,2,1,1000000,210000000000,4747231,382264,2.874909108546126e+21,152,0.432027669330178,-0.2925225555238629,-0.1320172727663095,-2.3703348286540127,-0.2440509363334879,-0.2419518100861379,-0.6515833407699301,-0.784305604879842,-0.209297252997432,-0.465975806527504,0.48363715385023437,-0.129554651525957,-2.436713089608918,-2.4354804057098707,-0.5977086715587934,-0.683793924898733,-0.7005459452905946,-0.16479865376647507,1.6905907925694137,0.6763626790824759,-0.0065533678066977,-0.6694913995885322,-0.16670289457711,0.0619477477542659,-0.8203445415209094,-0.20595914627063466,0.0,-0.24128158061029212,1,0.15151515151515152,1.0,77.0,0.20574162679425836,1.0,27.666666666666668,0.01220814893941706,0.463855421686747,1.0,77.0,0.4819277108433735,0.5584415584415584,1.0
15,40,71,1,76,154,2,2,71,1,98,1,0,200,6,1,6544,11,33.0,8.0,2,1,1000000,210000000000,9422843,371186,2.795843182916998e+21,146,0.432027669330178,-0.2925307582957903,-0.1320186889059337,-2.3703348286540127,-0.24420170486146764,-0.24249823716144164,-0.6515833407699301,-0.79890248609032,-0.20957750751545673,-0.465975806527504,0.4618267321010276,-0.129554651525957,-2.436713089608918,-2.4354954203095454,-0.5977086715587934,-0.683793924898733,-0.7005490252183855,-0.25717335988493395,1.6905907925694137,0.6763626790824759,-0.0065533678066977,-0.6694913995885322,-0.16670289457711,0.0619477477542659,0.3396974989266488,-0.24412690983177124,0.0,-0.24156842878783988,1,0.15306122448979592,1.0,71.0,0.19900497512437812,1.0,25.666666666666668,0.011611917494270435,0.461038961038961,1.0,71.0,0.4935064935064935,0.5633802816901409,1.0
15,43,77,1,80,166,2,7,77,1,97,1,0,208,6,1,6552,11,33.0,8.0,2,1,1000000,210000000000,6854074,362536,2.926e+21,155,0.432027669330178,-0.2925225555238629,-0.1320172727663095,-2.3703348286540127,-0.2440509363334879,-0.2419518100861379,-0.6515833407699301,-0.7775711626391542,-0.209297252997432,-0.465975806527504,0.4447954345072714,-0.129554651525957,-2.436713089608918,-2.4354804057098707,-0.5977086715587934,-0.683793924898733,-0.7005459452905946,-0.3293068164558258,1.6905907925694137,0.6763626790824759,-0.0065533678066977,-0.6694913995885322,-0.16670289457711,0.0619477477542659,-0.29762656132777304,-0.2739313100938378,0.0,-0.24111999364748138,1,0.15463917525773196,1.0,77.0,0.20574162679425836,1.0,27.666666666666668,0.01220814893941706,0.463855421686747,1.0,77.0,0.4819277108433735,0.5584415584415584,1.0
15,49,86,1,91,184,2,17,86,1,97,1,0,225,6,1,6569,11,33.0,8.0,2,1,1000000,210000000000,7906536,367582,3.414e+21,174,0.432027669330178,-0.2924985486780879,-0.1320149125966613,-2.3703348286540127,-0.2435072002773019,-0.2410928170317284,-0.6515833407699301,-0.7322615538924938,-0.2088301746134306,-0.465975806527504,0.4547313129022839,-0.129554651525957,-2.436713089608918,-2.435444456355718,-0.5977086715587934,-0.683793924898733,-0.700538571040377,-0.2872249228857757,1.6905907925694137,0.6763626790824759,-0.0065533678066977,-0.6694913995885322,-0.16670289457711,0.0619477477542659,-0.036505621912013925,-0.2565437390640921,0.0,-0.24021344441080358,1,0.15463917525773196,1.0,86.0,0.2168141592920354,1.0,30.666666666666668,0.013850837138508371,0.4673913043478261,1.0,86.0,0.4945652173913043,0.5697674418604651,1.0
15,40,70,1,76,153,2,2,70,1,100,1,0,200,6,1,6544,13,33.0,8.0,2,1,1000000,210000000000,2307137,387249,2.7842506677271957e+21,144,0.432027669330178,-0.292531438014053,-0.13201890390297574,-2.3703348286540127,-0.24421010217820074,-0.24254546871072222,-0.6515833407699301,-0.7996650558757553,-0.20962005550392013,-0.465975806527504,0.4934512705518225,-0.129554651525957,-2.436713089608918,-2.4354961387937974,-0.5977086715587934,-0.683793924898733,-0.7005491726002445,-0.1232324632294016,1.6905907925694137,0.6763626790824759,-0.0065533678066977,-0.6694913995885322,-0.16670289457711,0.0619477477542659,-1.4257435538951917,-0.1887846555553765,0.0,-0.24164668196861125,1,0.15,1.0,70.0,0.19900497512437812,1.0,25.5,0.011611917494270435,0.45751633986928103,1.0,70.0,0.49673202614379086,0.5714285714285714,1.0
15,45,79,1,83,169,2,11,79,1,100,1,0,213,6,1,6557,13,33.0,8.0,2,1,1000000,210000000000,7846258,387249,3.281321665822756e+21,161,0.432027669330178,-0.29251449728409884,-0.13201674461660062,-2.3703348286540127,-0.24390126206278204,-0.24180730975239528,-0.6515833407699301,-0.762704028044833,-0.2091927319886554,-0.465975806527504,0.4934512705518225,-0.129554651525957,-2.436713089608918,-2.4354683141515263,-0.5977086715587934,-0.683793924898733,-0.7005434649629544,-0.1232324632294016,1.6905907925694137,0.6763626790824759,-0.0065533678066977,-0.6694913995885322,-0.16670289457711,0.0619477477542659,-0.051460937950266517,-0.1887846555553765,0.0,-0.2408607594022199,1,0.15,1.0,79.0,0.2102803738317757,1.0,28.166666666666668,0.012656297651723086,0.46745562130177515,1.0,79.0,0.4911242603550296,0.569620253164557,1.0
15,46,80,1,86,172,2,12,80,1,100,1,0,219,6,1,6563,13,33.0,8.0,2,1,1000000,210000000000,9663437,387249,3.327e+21,164,0.432027669330178,-0.2925080537203495,-0.13201632229529753,-2.3703348286540127,-0.24374205302381305,-0.24165360424805335,-0.6515833407699301,-0.7554750520192248,-0.2091091544577177,-0.465975806527504,0.4934512705518225,-0.129554651525957,-2.436713089608918,-2.4354552977269144,-0.5977086715587934,-0.683793924898733,-0.7005407949185464,-0.1232324632294016,1.6905907925694137,0.6763626790824759,-0.0065533678066977,-0.6694913995885322,-0.16670289457711,0.0619477477542659,0.3993900237956399,-0.1887846555553765,0.0,-0.24070704572801097,1,0.15,1.0,80.0,0.20909090909090908,1.0,28.666666666666668,0.013101767215112737,0.46511627906976744,1.0,80.0,0.5,0.575,1.0
15,39,69,1,75,150,2,1,69,1,100,1,0,197,6,1,6541,13,33.0,8.0,2,1,1000000,210000000000,7315110,387249,2.6847477424801086e+21,141,0.432027669330178,-0.29253780801773455,-0.1320193214030363,-2.3703348286540127,-0.2442887979282412,-0.24269741950482115,-0.6515833407699301,-0.8068115055251436,-0.20970267890930286,-0.465975806527504,0.4934512705518225,-0.129554651525957,-2.436713089608918,-2.4355028720943133,-0.5977086715587934,-0.683793924898733,-0.7005505537945376,-0.1232324632294016,1.6905907925694137,0.6763626790824759,-0.0065533678066977,-0.6694913995885322,-0.16670289457711,0.0619477477542659,-0.18324131303510188,-0.1887846555553765,0.0,-0.24179864083930958,1,0.15,1.0,69.0,0.19696969696969696,1.0,25.0,0.011464383980434117,0.46,1.0,69.0,0.5,0.5652173913043478,1.0
15,50,91,1,92,193,2,20,91,1,97,1,0,236,6,1,6580,11,33.0,8.0,2,1,1000000,235000000000,10334534,362536,3.364e+21,183,0.432027669330178,-0.2924945475371254,-0.1320136013913012,-2.3703348286540127,-0.2434577697267395,-0.2406633205045237,-0.6515833407699301,-0.7114964886570438,-0.2085706866223187,-0.465975806527504,0.4447954345072714,-0.129554651525957,-2.436713089608918,-2.4354211950089133,-0.5977086715587934,-0.683793924898733,-0.7005337994667067,-0.3293068164558258,1.6905907925694137,0.6763626790824759,-0.0065533678066977,-0.6694913995885322,-0.16670289457711,0.0998029187548454,0.565892425614964,-0.2739313100938378,0.0,-0.23977190546237973,1,0.15463917525773196,1.0,91.0,0.2109704641350211,1.0,32.166666666666664,0.013979638352833916,0.47150259067357514,1.0,91.0,0.47668393782383417,0.5494505494505495,1.0
15,50,91,1,92,193,2,19,91,1,97,1,0,236,6,1,6580,11,33.0,8.0,2,1,1000000,235000000000,9771862,362536,3.364e+21,182,0.432027669330178,-0.2924945475371254,-0.1320136013913012,-2.3703348286540127,-0.2434577697267395,-0.2406633205045237,-0.6515833407699301,-0.713712201806748,-0.2085706866223187,-0.465975806527504,0.4447954345072714,-0.129554651525957,-2.436713089608918,-2.4354211950089133,-0.5977086715587934,-0.683793924898733,-0.7005337994667067,-0.3293068164558258,1.6905907925694137,0.6763626790824759,-0.0065533678066977,-0.6694913995885322,-0.16670289457711,0.0998029187548454,0.42629082057202683,-0.2739313100938378,0.0,-0.23981558873895742,1,0.15463917525773196,1.0,91.0,0.2109704641350211,1.0,32.166666666666664,0.013979638352833916,0.47150259067357514,1.0,91.0,0.47668393782383417,0.5494505494505495,1.0
15,43,77,1,80,166,2,6,77,1,98,1,0,208,6,1,6552,11,33.0,8.0,2,1,1000000,210000000000,5328559,374042,2.8962017268395226e+21,153,0.432027669330178,-0.2925225555238629,-0.1320172727663095,-2.3703348286540127,-0.2440509363334879,-0.2419518100861379,-0.6515833407699301,-0.7804133321470563,-0.209297252997432,-0.465975806527504,0.4674494953401923,-0.129554651525957,-2.436713089608918,-2.4354804057098707,-0.5977086715587934,-0.683793924898733,-0.7005459452905946,-0.23335900600567416,1.6905907925694137,0.6763626790824759,-0.0065533678066977,-0.6694913995885322,-0.16670289457711,0.0619477477542659,-0.676114166060404,-0.23428719649012097,0.0,-0.24123732202901405,1,0.15306122448979592,1.0,77.0,0.20574162679425836,1.0,27.666666666666668,0.01220814893941706,0.463855421686747,1.0,77.0,0.4819277108433735,0.5584415584415584,1.0
15,45,79,1,83,169,2,11,79,1,100,1,0,216,6,1,6560,13,33.0,8.0,2,1,1000000,210000000000,11458476,387249,3.327e+21,161,0.432027669330178,-0.292514553241938,-0.1320167482841654,-2.3703348286540127,-0.2439026446818008,-0.2418086445770696,-0.6515833407699301,-0.7627668066395912,-0.2091934578009872,-0.465975806527504,0.4934512705518225,-0.129554651525957,-2.436713089608918,-2.43546348836674,-0.5977086715587934,-0.683793924898733,-0.7005424750551981,-0.1232324632294016,1.6905907925694137,0.6763626790824759,-0.0065533678066977,-0.6694913995885322,-0.16670289457711,0.0619477477542659,0.8447477684354694,-0.1887846555553765,0.0,-0.2408620942978438,1,0.15,1.0,79.0,0.2073732718894009,1.0,28.166666666666668,0.012650510592897424,0.46745562130177515,1.0,79.0,0.4911242603550296,0.569620253164557,1.0
15,51,91,1,95,193,2,23,91,1,99,1,0,237,6,1,6581,12,33.0,8.0,2,1,1000000,227836468696,4397953,380167,3.4425383499148684e+21,185,0.432027669330178,-0.2924882765739445,-0.13201356609693646,-2.3703348286540127,-0.2432886614500291,-0.24065047498125383,-0.6515833407699301,-0.7082965371617047,-0.2085637018554225,-0.465975806527504,0.4795093663682683,-0.129554651525957,-2.436713089608918,-2.4354170023970765,-0.5977086715587934,-0.683793924898733,-0.7005329394409989,-0.18228126643442755,1.6905907925694137,0.6763626790824759,-0.0065533678066977,-0.6694913995885322,-0.16670289457711,0.08895585065680903,-0.9070021029648039,-0.21318268456136166,0.0,-0.23970386314215392,1,0.15151515151515152,1.0,91.0,0.21428571428571427,1.0,32.166666666666664,0.014433302947432392,0.47150259067357514,1.0,91.0,0.49222797927461137,0.5604395604395604,1.0
15,50,91,1,92,193,2,20,91,1,97,1,0,236,6,1,6580,11,33.0,8.0,2,1,1000000,235000000000,9815959,362536,3.364e+21,183,0.432027669330178,-0.2924945475371254,-0.1320136013913012,-2.3703348286540127,-0.2434577697267395,-0.2406633205045237,-0.6515833407699301,-0.7133895232908462,-0.2085706866223187,-0.465975806527504,0.4447954345072714,-0.129554651525957,-2.436713089608918,-2.4354211950089133,-0.5977086715587934,-0.683793924898733,-0.7005337994667067,-0.3293068164558258,1.6905907925694137,0.6763626790824759,-0.0065533678066977,-0.6694913995885322,-0.16670289457711,0.0998029187548454,0.4372313570194031,-0.2739313100938378,0.0,-0.2398121580940022,1,0.15463917525773196,1.0,91.0,0.2109704641350211,1.0,32.166666666666664,0.013979638352833916,0.47150259067357514,1.0,91.0,0.47668393782383417,0.5494505494505495,1.0
15,43,77,1,80,166,2,7,77,1,97,1,0,208,6,1,6552,11,33.0,8.0,2,1,1000000,210000000000,7677875,362536,2.926e+21,156,0.432027669330178,-0.2925225555238629,-0.1320172727663095,-2.3703348286540127,-0.2440509363334879,-0.2419518100861379,-0.6515833407699301,-0.7805852715406395,-0.209297252997432,-0.465975806527504,0.4447954345072714,-0.129554651525957,-2.436713089608918,-2.4354804057098707,-0.5977086715587934,-0.683793924898733,-0.7005459452905946,-0.3293068164558258,1.6905907925694137,0.6763626790824759,-0.0065533678066977,-0.6694913995885322,-0.16670289457711,0.0619477477542659,-0.09323756938696828,-0.2739313100938378,0.0,-0.24105590300005478,1,0.15463917525773196,1.0,77.0,0.20574162679425836,1.0,27.666666666666668,0.01220814893941706,0.463855421686747,1.0,77.0,0.4819277108433735,0.5584415584415584,1.0
15,48,85,1,90,183,2,16,85,1,97,1,0,224,6,1,6568,11,33.0,8.0,2,1,1000000,210000000000,8250855,362536,3.414e+21,174,0.432027669330178,-0.29249869811345575,-0.1320149321851194,-2.3703348286540127,-0.24351089256036668,-0.24110172865248683,-0.6515833407699301,-0.7316801994355593,-0.20883405117601866,-0.465975806527504,0.4447954345072714,-0.129554651525957,-2.436713089608918,-2.435444614313749,-0.5977086715587934,-0.683793924898733,-0.7005386034421286,-0.3293068164558258,1.6905907925694137,0.6763626790824759,-0.0065533678066977,-0.6694913995885322,-0.16670289457711,0.0619477477542659,0.04892150076085541,-0.2739313100938378,0.0,-0.2402010827527656,1,0.15463917525773196,1.0,85.0,0.21333333333333335,1.0,30.5,0.013700715481808495,0.4644808743169399,1.0,85.0,0.4918032786885246,0.5647058823529412,1.0
15,50,91,1,92,193,2,20,91,1,97,1,0,236,6,1,6580,11,33.0,8.0,2,1,1000000,235000000000,7780239,362536,3.364e+21,179,0.432027669330178,-0.2924945475371254,-0.1320136013913012,-2.3703348286540127,-0.2434577697267395,-0.2406633205045237,-0.6515833407699301,-0.7244670999180812,-0.2085706866223187,-0.465975806527504,0.4447954345072714,-0.129554651525957,-2.436713089608918,-2.4354211950089133,-0.5977086715587934,-0.683793924898733,-0.7005337994667067,-0.3293068164558258,1.6905907925694137,0.6763626790824759,-0.0065533678066977,-0.6694913995885322,-0.16670289457711,0.0998029187548454,-0.06784042709432114,-0.2739313100938378,0.0,-0.23996919047762705,1,0.15463917525773196,1.0,91.0,0.2109704641350211,1.0,32.166666666666664,0.013979638352833916,0.47150259067357514,1.0,91.0,0.47668393782383417,0.5494505494505495,1.0
15,46,82,1,86,175,2,12,82,1,100,1,0,220,6,1,6564,13,33.0,8.0,2,1,1000000,210000000000,9233004,387249,3.327e+21,164,0.432027669330178,-0.2925068733396394,-0.132015909362705,-2.3703348286540127,-0.24371288790870083,-0.241503315801973,-0.6515833407699301,-0.7541507935518962,-0.20902743495583243,-0.465975806527504,0.4934512705518225,-0.129554651525957,-2.436713089608918,-2.4354540174765895,-0.5977086715587934,-0.683793924898733,-0.7005405323022502,-0.1232324632294016,1.6905907925694137,0.6763626790824759,-0.0065533678066977,-0.6694913995885322,-0.16670289457711,0.0619477477542659,0.2925974207492518,-0.1887846555553765,0.0,-0.2406788872953513,1,0.15,1.0,82.0,0.2081447963800905,1.0,29.166666666666668,0.0130997715156131,0.4685714285714286,1.0,82.0,0.49142857142857144,0.5609756097560976,1.0
15,50,91,1,92,193,2,19,91,1,97,1,0,236,6,1,6580,11,33.0,8.0,2,1,1000000,235000000000,9660072,362536,3.364e+21,182,0.432027669330178,-0.2924945475371254,-0.1320136013913012,-2.3703348286540127,-0.2434577697267395,-0.2406633205045237,-0.6515833407699301,-0.7145302329155095,-0.2085706866223187,-0.465975806527504,0.4447954345072714,-0.129554651525957,-2.436713089608918,-2.4354211950089133,-0.5977086715587934,-0.683793924898733,-0.7005337994667067,-0.3293068164558258,1.6905907925694137,0.6763626790824759,-0.0065533678066977,-0.6694913995885322,-0.16670289457711,0.0998029187548454,0.3985551681519014,-0.2739313100938378,0.0,-0.239824285860576,1,0.15463917525773196,1.0,91.0,0.2109704641350211,1.0,32.166666666666664,0.013979638352833916,0.47150259067357514,1.0,91.0,0.47668393782383417,0.5494505494505495,1.0
5,13,31,1,39,73,7,24,31,1,27,1,0,59,13,160,849138,5,4.4332702198355864,7.044486520109609,2,2,503755,13417467637,4185227,321341,5222432600548044.0,70,15.607452138741868,-2.019760957353843,-2.0202992542168783,-1.7381612440145726,-0.43653640552361994,-0.45501012864146534,-0.35004525750966875,-1.3693581037128257,-0.6446054098507747,-0.8745169809000053,0.7006557685671213,-2.0743013390072074,-1.6958109838779107,-1.7165068377588657,-0.05825582903674187,1.5274159055383856,1.493382434227049,0.01394989266166094,-0.09927760196393887,3.005567310158595,10.406109800756996,0.5200481998274232,-0.46362164397133965,-0.25436700125544154,0.6626723055751482,0.3551405829752533,0.0,-0.2874065110439857,1,0.18518518518518517,1.0,31.0,0.21666666666666667,0.043478260869565216,5.615384615384615,4.5928876191059416e-05,0.4246575342465753,1.0,31.0,0.5342465753424658,0.41935483870967744,1.0
15,42,76,1,79,163,2,6,76,1,97,1,0,206,6,1,6550,11,33.0,8.0,2,1,1000000,210000000000,7055586,368220,2.911279587398311e+21,153,0.432027669330178,-0.29252347581207927,-0.13201751403485834,-2.3703348286540127,-0.24407367502409436,-0.24205059705631674,-0.6515833407699301,-0.7793307275985274,-0.20934500012611135,-0.465975806527504,0.4559865904768951,-0.129554651525957,-2.436713089608918,-2.435482837646111,-0.5977086715587934,-0.683793924898733,-0.7005464441509155,-0.2819083866727142,1.6905907925694137,0.6763626790824759,-0.0065533678066977,-0.6694913995885322,-0.16670289457711,0.0619477477542659,-0.24763051021824198,-0.2543470306179063,0.0,-0.2412362558427892,1,0.15463917525773196,1.0,76.0,0.2028985507246377,1.0,27.166666666666668,0.012059227598839872,0.4662576687116564,1.0,76.0,0.48466257668711654,0.5526315789473685,1.0
15,50,91,1,92,193,2,21,91,1,97,1,0,236,6,1,6580,11,33.0,8.0,2,1,1000000,235000000000,7341223,362536,3.364e+21,179,0.432027669330178,-0.2924945475371254,-0.1320136013913012,-2.3703348286540127,-0.2434577697267395,-0.2406633205045237,-0.6515833407699301,-0.7268560551132311,-0.2085706866223187,-0.465975806527504,0.4447954345072714,-0.129554651525957,-2.436713089608918,-2.4354211950089133,-0.5977086715587934,-0.683793924898733,-0.7005337994667067,-0.3293068164558258,1.6905907925694137,0.6763626790824759,-0.0065533678066977,-0.6694913995885322,-0.16670289457711,0.0998029187548454,-0.1767626131630364,-0.2739313100938378,0.0,-0.2400030555856097,1,0.15463917525773196,1.0,91.0,0.2109704641350211,1.0,32.166666666666664,0.013979638352833916,0.47150259067357514,1.0,91.0,0.47668393782383417,0.5494505494505495,1.0
15,50,91,1,92,193,2,21,91,1,97,1,0,236,6,1,6580,11,33.0,8.0,2,1,1000000,235000000000,7341223,362536,3.364e+21,179,0.432027669330178,-0.2924945475371254,-0.1320136013913012,-2.3703348286540127,-0.2434577697267395,-0.2406633205045237,-0.6515833407699301,-0.7268560551132311,-0.2085706866223187,-0.465975806527504,0.4447954345072714,-0.129554651525957,-2.436713089608918,-2.4354211950089133,-0.5977086715587934,-0.683793924898733,-0.7005337994667067,-0.3293068164558258,1.6905907925694137,0.6763626790824759,-0.0065533678066977,-0.6694913995885322,-0.16670289457711,0.0998029187548454,-0.1767626131630364,-0.2739313100938378,0.0,-0.2400030555856097,1,0.15463917525773196,1.0,91.0,0.2109704641350211,1.0,32.166666666666664,0.013979638352833916,0.47150259067357514,1.0,91.0,0.47668393782383417,0.5494505494505495,1.0
15,48,84,1,89,179,2,16,84,1,97,1,0,223,6,1,6567,11,33.0,8.0,2,1,1000000,210000000000,10274415,362536,3.414e+21,171,0.432027669330178,-0.2925022083318122,-0.13201539231558387,-2.3703348286540127,-0.2435976238340591,-0.24131106152471962,-0.6515833407699301,-0.7395563640334172,-0.2089251111529802,-0.465975806527504,0.4447954345072714,-0.129554651525957,-2.436713089608918,-2.435448324728413,-0.5977086715587934,-0.683793924898733,-0.7005393645552775,-0.3293068164558258,1.6905907925694137,0.6763626790824759,-0.0065533678066977,-0.6694913995885322,-0.16670289457711,0.0619477477542659,0.550976616785961,-0.2739313100938378,0.0,-0.2403685579518425,1,0.15463917525773196,1.0,84.0,0.21428571428571427,1.0,29.833333333333332,0.013550548112058466,0.4692737430167598,1.0,84.0,0.4972067039106145,0.5714285714285714,1.0
15,50,91,1,92,193,2,21,91,1,97,1,0,236,6,1,6580,11,33.0,8.0,2,1,1000000,235000000000,7341223,362536,3.364e+21,179,0.432027669330178,-0.2924945475371254,-0.1320136013913012,-2.3703348286540127,-0.2434577697267395,-0.2406633205045237,-0.6515833407699301,-0.7268560551132311,-0.2085706866223187,-0.465975806527504,0.4447954345072714,-0.129554651525957,-2.436713089608918,-2.4354211950089133,-0.5977086715587934,-0.683793924898733,-0.7005337994667067,-0.3293068164558258,1.6905907925694137,0.6763626790824759,-0.0065533678066977,-0.6694913995885322,-0.16670289457711,0.0998029187548454,-0.1767626131630364,-0.2739313100938378,0.0,-0.2400030555856097,1,0.15463917525773196,1.0,91.0,0.2109704641350211,1.0,32.166666666666664,0.013979638352833916,0.47150259067357514,1.0,91.0,0.47668393782383417,0.5494505494505495,1.0
15,51,90,1,94,191,2,21,90,1,98,1,0,235,6,1,6579,12,33.0,8.0,2,1,1000000,223283865789,4867154,375667,3.435254185262726e+21,183,0.432027669330178,-0.29249004457895994,-0.13201379785259562,-2.3703348286540127,-0.24332334421342594,-0.2407124587501073,-0.6515833407699301,-0.7122635549074018,-0.20860956637996883,-0.465975806527504,0.47064893834236404,-0.129554651525957,-2.436713089608918,-2.4354231072227304,-0.5977086715587934,-0.683793924898733,-0.7005341917169569,-0.21980825442155477,1.6905907925694137,0.6763626790824759,-0.0065533678066977,-0.6694913995885322,-0.16670289457711,0.08206226819422806,-0.7905910880497402,-0.22868824084229333,0.0,-0.2397882160119356,1,0.15306122448979592,1.0,90.0,0.21610169491525424,1.0,31.833333333333332,0.014285714285714285,0.4712041884816754,1.0,90.0,0.49214659685863876,0.5666666666666667,1.0
15,50,91,1,92,193,2,19,91,1,97,1,0,236,6,1,6580,11,33.0,8.0,2,1,1000000,235000000000,9252378,362536,3.364e+21,182,0.432027669330178,-0.2924945475371254,-0.1320136013913012,-2.3703348286540127,-0.2434577697267395,-0.2406633205045237,-0.6515833407699301,-0.7175135577927951,-0.2085706866223187,-0.465975806527504,0.4447954345072714,-0.129554651525957,-2.436713089608918,-2.4354211950089133,-0.5977086715587934,-0.683793924898733,-0.7005337994667067,-0.3293068164558258,1.6905907925694137,0.6763626790824759,-0.0065533678066977,-0.6694913995885322,-0.16670289457711,0.0998029187548454,0.29740441610046986,-0.2739313100938378,0.0,-0.23985600389551082,1,0.15463917525773196,1.0,91.0,0.2109704641350211,1.0,32.166666666666664,0.013979638352833916,0.47150259067357514,1.0,91.0,0.47668393782383417,0.5494505494505495,1.0
15,50,91,1,92,193,2,20,91,1,97,1,0,236,6,1,6580,11,33.0,8.0,2,1,1000000,235000000000,10261799,362536,3.364e+21,183,0.432027669330178,-0.2924945475371254,-0.1320136013913012,-2.3703348286540127,-0.2434577697267395,-0.2406633205045237,-0.6515833407699301,-0.7117620027010729,-0.2085706866223187,-0.465975806527504,0.4447954345072714,-0.129554651525957,-2.436713089608918,-2.4354211950089133,-0.5977086715587934,-0.683793924898733,-0.7005337994667067,-0.3293068164558258,1.6905907925694137,0.6763626790824759,-0.0065533678066977,-0.6694913995885322,-0.16670289457711,0.0998029187548454,0.5478466276026537,-0.2739313100938378,0.0,-0.23977755123283423,1,0.15463917525773196,1.0,91.0,0.2109704641350211,1.0,32.166666666666664,0.013979638352833916,0.47150259067357514,1.0,91.0,0.47668393782383417,0.5494505494505495,1.0
15,41,71,1,77,155,2,3,71,1,97,1,0,201,6,1,6545,11,33.0,8.0,2,1,1000000,210000000000,9600460,369305,2.810231262073583e+21,146,0.432027669330178,-0.2925298445063794,-0.1320186090510067,-2.3703348286540127,-0.24419041580314627,-0.2424728065851828,-0.6515833407699301,-0.7978773139960069,-0.20956170419796977,-0.465975806527504,0.4581226896648432,-0.129554651525957,-2.436713089608918,-2.4354944544044974,-0.5977086715587934,-0.683793924898733,-0.7005488270833792,-0.27286126520961085,1.6905907925694137,0.6763626790824759,-0.0065533678066977,-0.6694913995885322,-0.16670289457711,0.0619477477542659,0.38376525660847716,-0.25060890351123055,0.0,-0.24153936372731033,1,0.15463917525773196,1.0,71.0,0.20297029702970298,1.0,25.833333333333332,0.011762908646501681,0.45806451612903226,1.0,71.0,0.4967741935483871,0.5774647887323944,1.0
15,52,93,1,97,198,2,25,93,1,99,1,0,243,6,1,6587,12,33.0,8.0,2,1,1000000,234396301986,2108629,386652,3.4530340831785014e+21,190,0.432027669330178,-0.29248293059117386,-0.13201286532869763,-2.3703348286540127,-0.243169541938415,-0.2403942752330706,-0.6515833407699301,-0.6963013175019653,-0.2084250195802753,-0.465975806527504,0.49227633328933473,-0.129554651525957,-2.436713089608918,-2.4354052478975943,-0.5977086715587934,-0.683793924898733,-0.7005305282538606,-0.12820873033592287,1.6905907925694137,0.6763626790824759,-0.0065533678066977,-0.6694913995885322,-0.16670289457711,0.09888879509359125,-1.4749943555324099,-0.19084077020320228,0.0,-0.23944880222061957,1,0.15151515151515152,1.0,93.0,0.21311475409836064,1.0,33.0,0.0147237401335762,0.4696969696969697,1.0,93.0,0.4898989898989899,0.5591397849462365,1.0
15,41,72,1,77,155,2,3,72,1,98,1,0,202,6,1,6546,11,33.0,8.0,2,1,1000000,210000000000,6067915,374489,2.8310432222912766e+21,147,0.432027669330178,-0.2925284920153155,-0.13201857542242798,-2.3703348286540127,-0.24417370697470292,-0.2424505557202142,-0.6515833407699301,-0.796359966475849,-0.20955504909068975,-0.465975806527504,0.4683302454551349,-0.129554651525957,-2.436713089608918,-2.435493024777572,-0.5977086715587934,-0.683793924898733,-0.7005485338256304,-0.22962872357614797,1.6905907925694137,0.6763626790824759,-0.0065533678066977,-0.6694913995885322,-0.16670289457711,0.0619477477542659,-0.49267643456741506,-0.23274590295026562,0.0,-0.24152712382286723,1,0.15306122448979592,1.0,72.0,0.2019704433497537,1.0,25.833333333333332,0.011761111959676187,0.4645161290322581,1.0,72.0,0.4967741935483871,0.5694444444444444,1.0
15,43,77,1,80,166,2,6,77,1,97,1,0,208,6,1,6552,11,33.0,8.0,2,1,1000000,210000000000,5683898,370517,2.90533078573176e+21,153,0.432027669330178,-0.2925225555238629,-0.1320172727663095,-2.3703348286540127,-0.2440509363334879,-0.2419518100861379,-0.6515833407699301,-0.7791327408753819,-0.209297252997432,-0.465975806527504,0.4605091517042271,-0.129554651525957,-2.436713089608918,-2.4354804057098707,-0.5977086715587934,-0.683793924898733,-0.7005459452905946,-0.2627537701741714,1.6905907925694137,0.6763626790824759,-0.0065533678066977,-0.6694913995885322,-0.16670289457711,0.0619477477542659,-0.5879527558671384,-0.2464326468613496,0.0,-0.24121009211583802,1,0.15463917525773196,1.0,77.0,0.20574162679425836,1.0,27.666666666666668,0.01220814893941706,0.463855421686747,1.0,77.0,0.4819277108433735,0.5584415584415584,1.0
15,51,92,1,94,195,2,24,92,1,100,1,0,238,6,1,6582,13,33.0,8.0,2,1,1000000,235000000000,2580093,387249,3.561962306880457e+21,187,0.432027669330178,-0.2924897269072571,-0.13201328543963725,-2.3703348286540127,-0.2433386605073041,-0.24054832865001807,-0.6515833407699301,-0.7034924582006524,-0.20850815967952202,-0.465975806527504,0.4934512705518225,-0.129554651525957,-2.436713089608918,-2.4354160994467753,-0.5977086715587934,-0.683793924898733,-0.7005327542198284,-0.1232324632294016,1.6905907925694137,0.6763626790824759,-0.0065533678066977,-0.6694913995885322,-0.16670289457711,0.0998029187548454,-1.3580219325697955,-0.1887846555553765,0.0,-0.23960171138156197,1,0.15,1.0,92.0,0.21338912133891214,1.0,32.5,0.014279204010329637,0.4717948717948718,1.0,92.0,0.48205128205128206,0.5543478260869565,1.0
15,46,80,1,85,171,2,12,80,1,100,1,0,219,6,1,6563,13,33.0,8.0,2,1,1000000,210000000000,11923642,387249,3.327e+21,163,0.432027669330178,-0.2925087182360419,-0.13201636584870122,-2.3703348286540127,-0.2437584720287111,-0.241669455681144,-0.6515833407699301,-0.7562205661781004,-0.20911777369126572,-0.465975806527504,0.4934512705518225,-0.129554651525957,-2.436713089608918,-2.4354557786286115,-0.5977086715587934,-0.683793924898733,-0.7005408935653658,-0.1232324632294016,1.6905907925694137,0.6763626790824759,-0.0065533678066977,-0.6694913995885322,-0.16670289457711,0.0619477477542659,0.9601578843250868,-0.1887846555553765,0.0,-0.24072289800364857,1,0.15,1.0,80.0,0.20909090909090908,1.0,28.5,0.01294942108470445,0.4678362573099415,1.0,80.0,0.49707602339181284,0.575,1.0
15,43,77,1,80,166,2,6,77,1,98,1,0,208,6,1,6552,12,33.0,8.0,2,1,1000000,210000000000,5090829,376400,2.8900941709251607e+21,152,0.432027669330178,-0.2925225555238629,-0.1320172727663095,-2.3703348286540127,-0.2440509363334879,-0.2419518100861379,-0.6515833407699301,-0.7812700779395328,-0.209297252997432,-0.465975806527504,0.47209274907772536,-0.129554651525957,-2.436713089608918,-2.4354804057098707,-0.5977086715587934,-0.683793924898733,-0.7005459452905946,-0.21369321483620013,1.6905907925694137,0.6763626790824759,-0.0065533678066977,-0.6694913995885322,-0.16670289457711,0.0619477477542659,-0.7350962307617497,-0.22616160346645686,0.0,-0.24125553948376258,1,0.15306122448979592,1.0,77.0,0.20574162679425836,1.0,27.666666666666668,0.01220814893941706,0.463855421686747,1.0,77.0,0.4819277108433735,0.5584415584415584,1.0
15,39,69,1,75,151,2,1,69,1,100,1,0,198,6,1,6542,13,33.0,8.0,2,1,1000000,210000000000,2571574,387249,2.673e+21,142,0.432027669330178,-0.2925348728617917,-0.13201912902829915,-2.3703348286540127,-0.2442525366778623,-0.242627403960306,-0.6515833407699301,-0.8035185805587511,-0.20966460788274546,-0.465975806527504,0.4934512705518225,-0.129554651525957,-2.436713089608918,-2.4354997695392737,-0.5977086715587934,-0.683793924898733,-0.7005499173709435,-0.1232324632294016,1.6905907925694137,0.6763626790824759,-0.0065533678066977,-0.6694913995885322,-0.16670289457711,0.0619477477542659,-1.3601354732682662,-0.1887846555553765,0.0,-0.24172862157327724,1,0.15,1.0,69.0,0.19597989949748743,1.0,25.166666666666668,0.011462631820265932,0.45695364238410596,1.0,69.0,0.4966887417218543,0.5652173913043478,1.0
15,50,91,1,92,193,2,19,91,1,97,1,0,236,6,1,6580,11,33.0,8.0,2,1,1000000,235000000000,9784856,362536,3.364e+21,182,0.432027669330178,-0.2924945475371254,-0.1320136013913012,-2.3703348286540127,-0.2434577697267395,-0.2406633205045237,-0.6515833407699301,-0.7136171143527964,-0.2085706866223187,-0.465975806527504,0.4447954345072714,-0.129554651525957,-2.436713089608918,-2.4354211950089133,-0.5977086715587934,-0.683793924898733,-0.7005337994667067,-0.3293068164558258,1.6905907925694137,0.6763626790824759,-0.0065533678066977,-0.6694913995885322,-0.16670289457711,0.0998029187548454,0.42951479646251267,-0.2739313100938378,0.0,-0.2398145777906664,1,0.15463917525773196,1.0,91.0,0.2109704641350211,1.0,32.166666666666664,0.013979638352833916,0.47150259067357514,1.0,91.0,0.47668393782383417,0.5494505494505495,1.0
15,42,73,1,78,157,2,5,73,1,100,1,0,203,6,1,6547,13,33.0,8.0,2,1,1000000,210000000000,8954267,387249,2.862e+21,147,0.432027669330178,-0.2925265566648255,-0.1320183217305976,-2.3703348286540127,-0.2441497974346126,-0.2423813066133426,-0.6515833407699301,-0.7896998702843612,-0.2095048433903214,-0.465975806527504,0.4934512705518225,-0.129554651525957,-2.436713089608918,-2.435490979049327,-0.5977086715587934,-0.683793924898733,-0.7005481141877173,-0.1232324632294016,1.6905907925694137,0.6763626790824759,-0.0065533678066977,-0.6694913995885322,-0.16670289457711,0.0619477477542659,0.2234414044125607,-0.1887846555553765,0.0,-0.2415302355184703,1,0.15,1.0,73.0,0.20588235294117646,1.0,26.166666666666668,0.011912034208918754,0.46496815286624205,1.0,73.0,0.4968152866242038,0.5753424657534246,1.0
15,41,72,1,77,156,2,4,72,1,100,1,0,202,6,1,6546,13,33.0,8.0,2,1,1000000,210000000000,7750503,387249,2.8515027277127814e+21,146,0.432027669330178,-0.292527212931484,-0.13201840775609566,-2.3703348286540127,-0.24415790502755885,-0.24240478860288678,-0.6515833407699301,-0.7911723895687786,-0.2095218678659337,-0.465975806527504,0.4934512705518225,-0.129554651525957,-2.436713089608918,-2.4354916727444724,-0.5977086715587934,-0.683793924898733,-0.7005482564846153,-0.1232324632294016,1.6905907925694137,0.6763626790824759,-0.0065533678066977,-0.6694913995885322,-0.16670289457711,0.0619477477542659,-0.0752181531657139,-0.1887846555553765,0.0,-0.24154589101025428,1,0.15,1.0,72.0,0.2019704433497537,1.0,26.0,0.011761111959676187,0.46153846153846156,1.0,72.0,0.4935897435897436,0.5694444444444444,1.0
15,49,86,1,91,184,2,17,86,1,97,1,0,225,6,1,6569,11,33.0,8.0,2,1,1000000,210000000000,7780339,370049,3.414e+21,174,0.432027669330178,-0.2924985486780879,-0.1320149125966613,-2.3703348286540127,-0.2435072002773019,-0.2410928170317284,-0.6515833407699301,-0.7327096233968478,-0.2088301746134306,-0.465975806527504,0.4595880636888909,-0.129554651525957,-2.436713089608918,-2.435444456355718,-0.5977086715587934,-0.683793924898733,-0.700538571040377,-0.2666548976124345,1.6905907925694137,0.6763626790824759,-0.0065533678066977,-0.6694913995885322,-0.16670289457711,0.0619477477542659,-0.06781575487949071,-0.24804453084931646,0.0,-0.24022297195793765,1,0.15463917525773196,1.0,86.0,0.2168141592920354,1.0,30.666666666666668,0.013850837138508371,0.4673913043478261,1.0,86.0,0.4945652173913043,0.5697674418604651,1.0
15,39,69,1,75,151,2,1,69,1,100,1,0,198,6,1,6542,13,33.0,8.0,2,1,1000000,210000000000,5333552,387249,2.7241191180517837e+21,142,0.432027669330178,-0.29253528753095775,-0.1320191562063685,-2.3703348286540127,-0.2442576595479067,-0.24263729552587252,-0.6515833407699301,-0.8039837941543327,-0.20966998643200876,-0.465975806527504,0.4934512705518225,-0.129554651525957,-2.436713089608918,-2.435500207858033,-0.5977086715587934,-0.683793924898733,-0.7005500072827731,-0.1232324632294016,1.6905907925694137,0.6763626790824759,-0.0065533678066977,-0.6694913995885322,-0.16670289457711,0.0619477477542659,-0.6748753253224198,-0.1887846555553765,0.0,-0.24173851366460739,1,0.15,1.0,69.0,0.19597989949748743,1.0,25.166666666666668,0.011462631820265932,0.45695364238410596,1.0,69.0,0.4966887417218543,0.5652173913043478,1.0
12,7,12,1,14,27,1,1,12,1,48,1,0,34,1,0,1145,8,14.812475041558606,6.346588640141691,3,3,687606,52925920813,1855757,371886,4.632157175493707e+20,25,3.0265938599252005,-0.12675550812279668,-0.09454321736013653,-1.1183343191579231,-0.707508302212601,-0.6656829358977624,-1.2054480847647207,-1.5312273497101838,-0.08530072572175328,-0.3225223257212975,0.7259914804159633,-0.09948965702124646,-1.2888904764228108,-1.3061133483675444,-0.9462116443229602,-1.28970245342114,-1.3217004165207709,0.38760995819589794,0.30543557295844875,6.9729948503961765,4.566562087162742,0.1556165629626072,0.11882796075057334,0.23491558383733724,-1.2832088304783575,-0.07695672512396251,-0.1827180098886473,-0.6543797132413052,1,0.25,1.0,12.0,0.2,1.0,27.0,0.012216404886561954,0.4444444444444444,1.0,12.0,0.5185185185185185,0.5833333333333334,1.0
15,50,91,1,92,193,2,19,91,1,97,1,0,236,6,1,6580,11,33.0,8.0,2,1,1000000,235000000000,9624031,362536,3.364e+21,182,0.432027669330178,-0.2924945475371254,-0.1320136013913012,-2.3703348286540127,-0.2434577697267395,-0.2406633205045237,-0.6515833407699301,-0.7147939662330661,-0.2085706866223187,-0.465975806527504,0.4447954345072714,-0.129554651525957,-2.436713089608918,-2.4354211950089133,-0.5977086715587934,-0.683793924898733,-0.7005337994667067,-0.3293068164558258,1.6905907925694137,0.6763626790824759,-0.0065533678066977,-0.6694913995885322,-0.16670289457711,0.0998029187548454,0.3896131908248675,-0.2739313100938378,0.0,-0.2398270898135224,1,0.15463917525773196,1.0,91.0,0.2109704641350211,1.0,32.166666666666664,0.013979638352833916,0.47150259067357514,1.0,91.0,0.47668393782383417,0.5494505494505495,1.0
15,50,89,1,92,190,2,21,89,1,99,1,0,234,6,1,6578,12,33.0,8.0,2,1,1000000,228743927545,3933697,381064,3.4814781391651865e+21,182,0.432027669330178,-0.2924935501674942,-0.13201386414195615,-2.3703348286540127,-0.24342075684676778,-0.24075894964197922,-0.6515833407699301,-0.7133982459464812,-0.2086226850671919,-0.465975806527504,0.48127549312741263,-0.129554651525957,-2.436713089608918,-2.435424903382457,-0.5977086715587934,-0.683793924898733,-0.7005345601611631,-0.17480110661817652,1.6905907925694137,0.6763626790824759,-0.0065533678066977,-0.6694913995885322,-0.16670289457711,0.09032993105314405,-1.022186176156532,-0.21009200115610066,0.0,-0.23981234356860354,1,0.15151515151515152,1.0,89.0,0.2127659574468085,1.0,31.666666666666668,0.01398388812889497,0.46842105263157896,1.0,89.0,0.4842105263157895,0.5617977528089888,1.0
15,46,81,1,86,174,2,13,81,1,98,1,0,220,6,1,6564,12,33.0,8.0,2,1,1000000,210000000000,7252984,376109,3.327e+21,165,0.432027669330178,-0.2925069448856621,-0.13201601319796266,-2.3703348286540127,-0.24371465568410644,-0.24154110705363285,-0.6515833407699301,-0.7522076092343785,-0.20904798398898705,-0.465975806527504,0.471518517056508,-0.129554651525957,-2.436713089608918,-2.4354544928514654,-0.5977086715587934,-0.683793924898733,-0.7005406298153589,-0.2161252867518059,1.6905907925694137,0.6763626790824759,-0.0065533678066977,-0.6694913995885322,-0.16670289457711,0.0619477477542659,-0.1986550958883787,-0.22716649701079444,0.0,-0.24063756830355326,1,0.15306122448979592,1.0,81.0,0.2081447963800905,1.0,29.0,0.0130997715156131,0.46551724137931033,1.0,81.0,0.4942528735632184,0.5679012345679012,1.0
15,42,75,1,79,162,2,5,75,1,100,1,0,206,6,1,6550,13,33.0,8.0,2,1,1000000,210000000000,3317414,387249,2.843734139052804e+21,149,0.432027669330178,-0.29252483940775204,-0.13201772183433663,-2.3703348286540127,-0.24409325937550894,-0.24211525016620508,-0.6515833407699301,-0.7890544294327643,-0.20938612371424042,-0.465975806527504,0.4934512705518225,-0.129554651525957,-2.436713089608918,-2.4354846304537388,-0.5977086715587934,-0.683793924898733,-0.7005468119075094,-0.1232324632294016,1.6905907925694137,0.6763626790824759,-0.0065533678066977,-0.6694913995885322,-0.16670289457711,0.0619477477542659,-1.1750889178674742,-0.1887846555553765,0.0,-0.24142106241053937,1,0.15,1.0,75.0,0.2028985507246377,1.0,27.0,0.012059227598839872,0.46296296296296297,1.0,75.0,0.4876543209876543,0.56,1.0
15,48,85,1,90,182,2,16,85,1,97,1,0,224,6,1,6568,11,33.0,8.0,2,1,1000000,210000000000,8948486,362536,3.414e+21,173,0.432027669330178,-0.2924999082762831,-0.1320150908170697,-2.3703348286540127,-0.24354079353880465,-0.24117389705763662,-0.6515833407699301,-0.7343955409471998,-0.2088654444934666,-0.465975806527504,0.4447954345072714,-0.129554651525957,-2.436713089608918,-2.4354458934951118,-0.5977086715587934,-0.683793924898733,-0.7005388658391497,-0.3293068164558258,1.6905907925694137,0.6763626790824759,-0.0065533678066977,-0.6694913995885322,-0.16670289457711,0.0619477477542659,0.22200715441076246,-0.2739313100938378,0.0,-0.24025882054564357,1,0.15463917525773196,1.0,85.0,0.21333333333333335,1.0,30.333333333333332,0.013700715481808495,0.46703296703296704,1.0,85.0,0.4945054945054945,0.5647058823529412,1.0
15,46,80,1,85,171,2,12,80,1,100,1,0,218,6,1,6562,13,33.0,8.0,2,1,1000000,210000000000,5618540,387249,3.327e+21,163,0.432027669330178,-0.2925105521009754,-0.1320164860430934,-2.3703348286540127,-0.2438037835806761,-0.2417132009043575,-0.6515833407699301,-0.7582779626987961,-0.2091415602027648,-0.465975806527504,0.4934512705518225,-0.129554651525957,-2.436713089608918,-2.4354592590309574,-0.5977086715587934,-0.683793924898733,-0.7005416074963489,-0.1232324632294016,1.6905907925694137,0.6763626790824759,-0.0065533678066977,-0.6694913995885322,-0.16670289457711,0.0619477477542659,-0.6041685968864703,-0.1887846555553765,0.0,-0.24076664555204,1,0.15,1.0,80.0,0.2100456621004566,1.0,28.5,0.012951394179491087,0.4678362573099415,1.0,80.0,0.49707602339181284,0.575,1.0
15,49,86,1,91,184,2,17,86,1,97,1,0,225,6,1,6569,11,33.0,8.0,2,1,1000000,211128367983,7884605,363651,3.415805388773472e+21,175,0.432027669330178,-0.2924978263165904,-0.13201481790724381,-2.3703348286540127,-0.24349158303911783,-0.24106050835637588,-0.6515833407699301,-0.72972407736271,-0.2088114355451904,-0.465975806527504,0.4469915020112398,-0.129554651525957,-2.436713089608918,-2.4354426429018243,-0.5977086715587934,-0.683793924898733,-0.7005381990486379,-0.3200057083604374,1.6905907925694137,0.6763626790824759,-0.0065533678066977,-0.6694913995885322,-0.16670289457711,0.06365633027282384,-0.041946752243937624,-0.2700882397387764,0.0,-0.24015948865839407,1,0.15463917525773196,1.0,86.0,0.2168141592920354,1.0,30.666666666666668,0.013850837138508371,0.4673913043478261,1.0,86.0,0.4945652173913043,0.5697674418604651,1.0
12,35,67,1,64,138,1,13,67,1,85,1,0,174,8,0,4857,11,25.92321675078575,7.475793833391537,2,1,924254,156589157890,8004686,420826,1.972398458327789e+21,131,1.134882429494547,-0.8366361019662003,-0.7360700238427462,-2.3272310908059795,-0.37543756858090915,-0.36880226084813916,-0.7301087502102446,-0.8620145202062016,-0.32270681281289254,-0.639171001503444,0.467360938931347,-0.5859376157436691,-2.366266857238265,-2.3690494427314697,-0.6207705377424306,-0.7541585542839062,-0.770812122037171,-0.06502762643099175,1.1164605782217327,0.9751435225101351,0.23033578340620597,-0.3543370421371118,-0.05274283773114663,-0.04679860576864392,0.24871344467232903,0.048351454683784545,0.0,-0.3681322273079886,1,0.1411764705882353,1.0,67.0,0.2,1.0,17.25,0.013174145738987238,0.4855072463768116,1.0,67.0,0.463768115942029,0.5223880597014925,1.0
15,45,79,1,83,169,2,11,79,1,100,1,0,216,6,1,6560,13,33.0,8.0,2,1,1000000,210000000000,8855932,387249,3.327e+21,161,0.432027669330178,-0.2925127701496827,-0.1320166314174944,-2.3703348286540127,-0.2438585876327203,-0.24176611049111202,-0.6515833407699301,-0.760766371528467,-0.20917032984665498,-0.465975806527504,0.4934512705518225,-0.129554651525957,-2.436713089608918,-2.435461603580388,-0.5977086715587934,-0.683793924898733,-0.7005420884311128,-0.1232324632294016,1.6905907925694137,0.6763626790824759,-0.0065533678066977,-0.6694913995885322,-0.16670289457711,0.0619477477542659,0.19904406197983604,-0.1887846555553765,0.0,-0.24081955795108348,1,0.15,1.0,79.0,0.2073732718894009,1.0,28.166666666666668,0.012650510592897424,0.46745562130177515,1.0,79.0,0.4911242603550296,0.569620253164557,1.0
15,49,86,1,91,184,2,17,86,1,97,1,0,225,6,1,6569,11,33.0,8.0,2,1,1000000,210000000000,8164709,362536,3.414e+21,175,0.432027669330178,-0.2924985486780879,-0.1320149125966613,-2.3703348286540127,-0.2435072002773019,-0.2410928170317284,-0.6515833407699301,-0.7313448990540261,-0.2088301746134306,-0.465975806527504,0.4447954345072714,-0.129554651525957,-2.436713089608918,-2.435444456355718,-0.5977086715587934,-0.683793924898733,-0.700538571040377,-0.3293068164558258,1.6905907925694137,0.6763626790824759,-0.0065533678066977,-0.6694913995885322,-0.16670289457711,0.0619477477542659,0.0275482460678699,-0.2739313100938378,0.0,-0.2401939530772173,1,0.15463917525773196,1.0,86.0,0.2168141592920354,1.0,30.666666666666668,0.013850837138508371,0.4673913043478261,1.0,86.0,0.4945652173913043,0.5697674418604651,1.0
15,39,69,1,75,151,2,1,69,1,100,1,0,198,6,1,6542,13,33.0,8.0,2,1,1000000,210000000000,4546448,387249,2.673e+21,142,0.432027669330178,-0.29253623782574817,-0.13201921849018378,-2.3703348286540127,-0.2442693995978392,-0.24265996396615136,-0.6515833407699301,-0.8050499213045323,-0.20968231242044252,-0.465975806527504,0.4934512705518225,-0.129554651525957,-2.436713089608918,-2.435501212350451,-0.5977086715587934,-0.683793924898733,-0.7005502133331629,-0.1232324632294016,1.6905907925694137,0.6763626790824759,-0.0065533678066977,-0.6694913995885322,-0.16670289457711,0.0619477477542659,-0.8701596112992033,-0.1887846555553765,0.0,-0.24176118330977572,1,0.15,1.0,69.0,0.19597989949748743,1.0,25.166666666666668,0.011462631820265932,0.45695364238410596,1.0,69.0,0.4966887417218543,0.5652173913043478,1.0
15,39,69,1,75,150,2,1,69,1,100,1,0,197,6,1,6541,13,33.0,8.0,2,1,1000000,210000000000,6347838,387249,2.7039663736876444e+21,141,0.432027669330178,-0.2925365776744935,-0.13201924076440508,-2.3703348286540127,-0.2442735981278949,-0.24266807075687,-0.6515833407699301,-0.8054311945452024,-0.20968672049649018,-0.465975806527504,0.4934512705518225,-0.129554651525957,-2.436713089608918,-2.435501571581599,-0.5977086715587934,-0.683793924898733,-0.7005502870218404,-0.1232324632294016,1.6905907925694137,0.6763626790824759,-0.0065533678066977,-0.6694913995885322,-0.16670289457711,0.0619477477542659,-0.42322614043922124,-0.1887846555553765,0.0,-0.24176929053139237,1,0.15,1.0,69.0,0.19696969696969696,1.0,25.0,0.011464383980434117,0.46,1.0,69.0,0.5,0.5652173913043478,1.0
15,40,71,1,76,153,2,2,71,1,98,1,0,200,6,1,6544,12,33.0,8.0,2,1,1000000,210000000000,5008652,378451,2.7402788362650885e+21,145,0.432027669330178,-0.29253171035301834,-0.13201882840184304,-2.3703348286540127,-0.2442134666847556,-0.24253497744553384,-0.6515833407699301,-0.7999705905034415,-0.2096051138038242,-0.465975806527504,0.476131122263027,-0.129554651525957,-2.436713089608918,-2.4354964266649177,-0.5977086715587934,-0.683793924898733,-0.7005492316509208,-0.1965893027487381,1.6905907925694137,0.6763626790824759,-0.0065533678066977,-0.6694913995885322,-0.16670289457711,0.0619477477542659,-0.755484599481171,-0.21909453824962616,0.0,-0.2416192015729248,1,0.15306122448979592,1.0,71.0,0.19900497512437812,1.0,25.5,0.011611917494270435,0.46405228758169936,1.0,71.0,0.49673202614379086,0.5633802816901409,1.0
15,52,92,1,96,195,2,24,92,1,100,1,0,239,6,1,6583,13,33.0,8.0,2,1,1000000,228946152761,3155414,387249,3.4443138444185745e+21,186,0.432027669330178,-0.2924864196816244,-0.1320133226896498,-2.3703348286540127,-0.24324497502392925,-0.2405503299107283,-0.6515833407699301,-0.7052170667057037,-0.20851553146978843,-0.465975806527504,0.4934512705518225,-0.129554651525957,-2.436713089608918,-2.435414007091827,-0.5977086715587934,-0.683793924898733,-0.7005323250174326,-0.1232324632294016,1.6905907925694137,0.6763626790824759,-0.0065533678066977,-0.6694913995885322,-0.16670289457711,0.09063614185801866,-1.2152819861187023,-0.1887846555553765,0.0,-0.23963838267621618,1,0.15,1.0,92.0,0.21666666666666667,1.0,32.5,0.014580801944106925,0.4717948717948718,1.0,92.0,0.49230769230769234,0.5652173913043478,1.0
15,39,69,1,75,151,2,1,69,1,100,1,0,198,6,1,6542,13,33.0,8.0,2,1,1000000,210000000000,2200715,387249,2.673e+21,142,0.432027669330178,-0.2925346165371275,-0.13201911222837748,-2.3703348286540127,-0.2442493700138049,-0.24262128956254095,-0.6515833407699301,-0.8032310122309687,-0.2096612831724785,-0.465975806527504,0.4934512705518225,-0.129554651525957,-2.436713089608918,-2.435499498595789,-0.5977086715587934,-0.683793924898733,-0.700549861792614,-0.1232324632294016,1.6905907925694137,0.6763626790824759,-0.0065533678066977,-0.6694913995885322,-0.16670289457711,0.0619477477542659,-1.452147352184395,-0.1887846555553765,0.0,-0.24172250685051525,1,0.15,1.0,69.0,0.19597989949748743,1.0,25.166666666666668,0.011462631820265932,0.45695364238410596,1.0,69.0,0.4966887417218543,0.5652173913043478,1.0
15,49,86,1,91,185,2,18,86,1,100,1,0,227,6,1,6571,13,33.0,8.0,2,1,1000000,212901816012,6326848,387249,3.4186429056202766e+21,175,0.432027669330178,-0.29249669098610165,-0.13201466908455187,-2.3703348286540127,-0.24346703753562352,-0.24100972903839307,-0.6515833407699301,-0.7311444552735371,-0.20878198348333749,-0.465975806527504,0.4934512705518225,-0.129554651525957,-2.436713089608918,-2.435439792709085,-0.5977086715587934,-0.683793924898733,-0.700537614391836,-0.1232324632294016,1.6905907925694137,0.6763626790824759,-0.0065533678066977,-0.6694913995885322,-0.16670289457711,0.066341697409144,-0.4284337167310631,-0.1887846555553765,0.0,-0.24018969093139445,1,0.15,1.0,86.0,0.2149122807017544,1.0,30.833333333333332,0.013846622032866707,0.4648648648648649,1.0,86.0,0.4918918918918919,0.5697674418604651,1.0
15,50,91,1,92,193,2,20,91,1,97,1,0,236,6,1,6580,11,33.0,8.0,2,1,1000000,235000000000,7398628,362536,3.364e+21,179,0.432027669330178,-0.2924945475371254,-0.1320136013913012,-2.3703348286540127,-0.2434577697267395,-0.2406633205045237,-0.6515833407699301,-0.7266495564323312,-0.2085706866223187,-0.465975806527504,0.4447954345072714,-0.129554651525957,-2.436713089608918,-2.4354211950089133,-0.5977086715587934,-0.683793924898733,-0.7005337994667067,-0.3293068164558258,1.6905907925694137,0.6763626790824759,-0.0065533678066977,-0.6694913995885322,-0.16670289457711,0.0998029187548454,-0.16252009923745855,-0.2739313100938378,0.0,-0.23999866469112505,1,0.15463917525773196,1.0,91.0,0.2109704641350211,1.0,32.166666666666664,0.013979638352833916,0.47150259067357514,1.0,91.0,0.47668393782383417,0.5494505494505495,1.0
15,43,77,1,80,166,2,6,77,1,99,1,0,208,6,1,6552,12,33.0,8.0,2,1,1000000,210000000000,4098752,386242,2.864606643348414e+21,151,0.432027669330178,-0.2925225555238629,-0.1320172727663095,-2.3703348286540127,-0.2440509363334879,-0.2419518100861379,-0.6515833407699301,-0.7848453758685555,-0.209297252997432,-0.465975806527504,0.49146957662389973,-0.129554651525957,-2.436713089608918,-2.4354804057098707,-0.5977086715587934,-0.683793924898733,-0.7005459452905946,-0.13162562482497026,1.6905907925694137,0.6763626790824759,-0.0065533678066977,-0.6694913995885322,-0.16670289457711,0.0619477477542659,-0.9812351153970905,-0.19225257681619512,0.0,-0.24133156300066383,1,0.15151515151515152,1.0,77.0,0.20574162679425836,1.0,27.666666666666668,0.01220814893941706,0.463855421686747,1.0,77.0,0.4819277108433735,0.5584415584415584,1.0
15,46,80,1,85,172,2,12,80,1,99,1,0,218,6,1,6562,12,33.0,8.0,2,1,1000000,210000000000,6142620,383676,3.327e+21,163,0.432027669330178,-0.29250939545581933,-0.1320163344264078,-2.3703348286540127,-0.2437752049290349,-0.24165801941350284,-0.6515833407699301,-0.7563315180537914,-0.20911155520861163,-0.465975806527504,0.48641858442548686,-0.129554651525957,-2.436713089608918,-2.435457730766647,-0.5977086715587934,-0.683793924898733,-0.7005412940052254,-0.15301832989505837,1.6905907925694137,0.6763626790824759,-0.0065533678066977,-0.6694913995885322,-0.16670289457711,0.0619477477542659,-0.47414164094040984,-0.2010917032757822,0.0,-0.24072525723411392,1,0.15151515151515152,1.0,80.0,0.2100456621004566,1.0,28.666666666666668,0.012951394179491087,0.46511627906976744,1.0,80.0,0.4941860465116279,0.575,1.0
15,46,80,1,86,172,2,12,80,1,100,1,0,220,6,1,6564,13,33.0,8.0,2,1,1000000,210000000000,10176749,387249,3.327e+21,164,0.432027669330178,-0.2925077366666906,-0.13201630151510205,-2.3703348286540127,-0.24373421918988272,-0.24164604121392547,-0.6515833407699301,-0.7551193523803253,-0.20910504204989266,-0.465975806527504,0.4934512705518225,-0.129554651525957,-2.436713089608918,-2.435454795022912,-0.5977086715587934,-0.683793924898733,-0.7005406917994449,-0.1232324632294016,1.6905907925694137,0.6763626790824759,-0.0065533678066977,-0.6694913995885322,-0.16670289457711,0.0619477477542659,0.5267452911585344,-0.1887846555553765,0.0,-0.24069948229188717,1,0.15,1.0,80.0,0.2081447963800905,1.0,28.666666666666668,0.0130997715156131,0.46511627906976744,1.0,80.0,0.5,0.575,1.0
15,52,93,1,96,197,2,25,93,1,100,1,0,241,6,1,6585,13,33.0,8.0,2,1,1000000,235000000000,3976690,387249,3.629100114913921e+21,189,0.432027669330178,-0.2924846480188694,-0.13201295256130383,-2.3703348286540127,-0.24321317017762195,-0.24042717626734725,-0.6515833407699301,-0.6977944991488788,-0.20844228294300446,-0.465975806527504,0.4934512705518225,-0.129554651525957,-2.436713089608918,-2.4354087254566625,-0.5977086715587934,-0.683793924898733,-0.7005312416016056,-0.1232324632294016,1.6905907925694137,0.6763626790824759,-0.0065533678066977,-0.6694913995885322,-0.16670289457711,0.0998029187548454,-1.0115193844691177,-0.1887846555553765,0.0,-0.23948055255931144,1,0.15,1.0,93.0,0.21487603305785125,1.0,32.833333333333336,0.014576374126935925,0.4720812182741117,1.0,93.0,0.4873096446700508,0.5591397849462365,1.0
15,50,91,1,92,193,2,21,91,1,97,1,0,236,6,1,6580,11,33.0,8.0,2,1,1000000,235000000000,7341223,362536,3.364e+21,179,0.432027669330178,-0.2924945475371254,-0.1320136013913012,-2.3703348286540127,-0.2434577697267395,-0.2406633205045237,-0.6515833407699301,-0.7268560551132311,-0.2085706866223187,-0.465975806527504,0.4447954345072714,-0.129554651525957,-2.436713089608918,-2.4354211950089133,-0.5977086715587934,-0.683793924898733,-0.7005337994667067,-0.3293068164558258,1.6905907925694137,0.6763626790824759,-0.0065533678066977,-0.6694913995885322,-0.16670289457711,0.0998029187548454,-0.1767626131630364,-0.2739313100938378,0.0,-0.2400030555856097,1,0.15463917525773196,1.0,91.0,0.2109704641350211,1.0,32.166666666666664,0.013979638352833916,0.47150259067357514,1.0,91.0,0.47668393782383417,0.5494505494505495,1.0
15,42,73,1,78,157,2,5,73,1,100,1,0,203,6,1,6547,13,33.0,8.0,2,1,1000000,210000000000,8954267,387249,2.862e+21,147,0.432027669330178,-0.2925265566648255,-0.1320183217305976,-2.3703348286540127,-0.2441497974346126,-0.2423813066133426,-0.6515833407699301,-0.7896998702843612,-0.2095048433903214,-0.465975806527504,0.4934512705518225,-0.129554651525957,-2.436713089608918,-2.435490979049327,-0.5977086715587934,-0.683793924898733,-0.7005481141877173,-0.1232324632294016,1.6905907925694137,0.6763626790824759,-0.0065533678066977,-0.6694913995885322,-0.16670289457711,0.0619477477542659,0.2234414044125607,-0.1887846555553765,0.0,-0.2415302355184703,1,0.15,1.0,73.0,0.20588235294117646,1.0,26.166666666666668,0.011912034208918754,0.46496815286624205,1.0,73.0,0.4968152866242038,0.5753424657534246,1.0
15,50,88,1,93,188,2,20,88,1,98,1,0,232,6,1,6576,11,33.0,8.0,2,1,1000000,221836794269,6440843,374236,3.4329388708312226e+21,180,0.432027669330178,-0.29249307768256705,-0.1320141954413579,-2.3703348286540127,-0.2433954256456778,-0.24087952736622054,-0.6515833407699301,-0.7190691780415579,-0.20868824933257926,-0.465975806527504,0.46783259935809385,-0.129554651525957,-2.436713089608918,-2.435427659744927,-0.5977086715587934,-0.683793924898733,-0.7005351255706682,-0.23173642752125095,1.6905907925694137,0.6763626790824759,-0.0065533678066977,-0.6694913995885322,-0.16670289457711,0.0798711026011114,-0.40015106942328604,-0.23361677279347143,0.0,-0.23993292770187985,1,0.15306122448979592,1.0,88.0,0.2145922746781116,1.0,31.333333333333332,0.014140185494906492,0.46808510638297873,1.0,88.0,0.4946808510638298,0.5681818181818182,1.0
15,42,73,1,78,158,2,5,73,1,99,1,0,203,6,1,6547,12,33.0,8.0,2,1,1000000,210000000000,8527178,382968,2.873084919674241e+21,148,0.432027669330178,-0.29252586365972905,-0.13201814004802143,-2.3703348286540127,-0.24413267450703643,-0.24230691701171087,-0.6515833407699301,-0.7873674417915214,-0.20946888834609761,-0.465975806527504,0.4850239887668711,-0.129554651525957,-2.436713089608918,-2.435489147727162,-0.5977086715587934,-0.683793924898733,-0.7005477385306801,-0.15892492654871523,1.6905907925694137,0.6763626790824759,-0.0065533678066977,-0.6694913995885322,-0.16670289457711,0.0619477477542659,0.11747878154668197,-0.20353221533802007,0.0,-0.24146410791345516,1,0.15151515151515152,1.0,73.0,0.20588235294117646,1.0,26.333333333333332,0.011912034208918754,0.4620253164556962,1.0,73.0,0.4936708860759494,0.5753424657534246,1.0
15,50,89,1,92,190,2,21,89,1,100,1,0,232,6,1,6576,13,33.0,8.0,2,1,1000000,224153708769,3985479,387249,3.464953351568582e+21,180,0.432027669330178,-0.2924940181993737,-0.1320140217925587,-2.3703348286540127,-0.24342324520326747,-0.24079562300329677,-0.6515833407699301,-0.7180442818374566,-0.20865388417557792,-0.465975806527504,0.4934512705518225,-0.129554651525957,-2.436713089608918,-2.43542889255111,-0.5977086715587934,-0.683793924898733,-0.7005353784548014,-0.1232324632294016,1.6905907925694137,0.6763626790824759,-0.0065533678066977,-0.6694913995885322,-0.16670289457711,0.08337939038405849,-1.009338816980324,-0.1887846555553765,0.0,-0.23991113477288728,1,0.15,1.0,89.0,0.2145922746781116,1.0,31.666666666666668,0.013988140489584917,0.46842105263157896,1.0,89.0,0.4842105263157895,0.5617977528089888,1.0
15,51,90,1,95,193,2,22,90,1,98,1,0,236,6,1,6580,12,33.0,8.0,2,1,1000000,225037381640,4431865,377400,3.438059810624105e+21,184,0.432027669330178,-0.292488922008704,-0.13201365070255514,-2.3703348286540127,-0.2432990745823261,-0.24066225015221773,-0.6515833407699301,-0.7097447520266883,-0.20858044533641534,-0.465975806527504,0.4740616895320065,-0.129554651525957,-2.436713089608918,-2.4354202890639436,-0.5977086715587934,-0.683793924898733,-0.7005336136312433,-0.2053540686280083,1.6905907925694137,0.6763626790824759,-0.0065533678066977,-0.6694913995885322,-0.16670289457711,0.08471745388969232,-0.8985882865576362,-0.22271600050705093,0.0,-0.2397346573275478,1,0.15306122448979592,1.0,90.0,0.21518987341772153,1.0,32.166666666666664,0.014435496125208934,0.46632124352331605,1.0,90.0,0.49222797927461137,0.5666666666666667,1.0
11,25,43,1,62,109,6,1,43,1,65,1,0,126,8,118,628593,9,21.475502941566493,8.0,2,1,736534,137011518629,5037367,293748,1.646171153592594e+21,101,10.652329664199272,-0.8335192842673613,-0.7110853392585709,-1.96311605842897,-0.2098728521662994,-0.22981765360087653,-0.32449247072619747,-1.1479460276351823,-0.3781071480705195,-0.5342697640727535,0.6808478447046451,-0.9481484649729048,-1.9861768639130948,-1.995727982481168,-0.16997855543079743,1.0370647861957742,1.007461271258573,-0.10036512644963166,1.1437968161282606,1.9890669749010992,7.335137679509323,-0.21705152553550033,-0.5379065101666326,-0.024919335804108822,0.09530772500511975,-0.10663705123892923,0.0,-0.10598800365813027,1,0.16923076923076924,1.0,43.0,0.1968503937007874,0.05042016806722689,13.625,9.863282182139823e-05,0.3944954128440367,1.0,43.0,0.5688073394495413,0.5813953488372093,1.0
15,50,91,1,92,193,2,21,91,1,97,1,0,236,6,1,6580,11,33.0,8.0,2,1,1000000,235000000000,7341223,362536,3.364e+21,179,0.432027669330178,-0.2924945475371254,-0.1320136013913012,-2.3703348286540127,-0.2434577697267395,-0.2406633205045237,-0.6515833407699301,-0.7268560551132311,-0.2085706866223187,-0.465975806527504,0.4447954345072714,-0.129554651525957,-2.436713089608918,-2.4354211950089133,-0.5977086715587934,-0.683793924898733,-0.7005337994667067,-0.3293068164558258,1.6905907925694137,0.6763626790824759,-0.0065533678066977,-0.6694913995885322,-0.16670289457711,0.0998029187548454,-0.1767626131630364,-0.2739313100938378,0.0,-0.2400030555856097,1,0.15463917525773196,1.0,91.0,0.2109704641350211,1.0,32.166666666666664,0.013979638352833916,0.47150259067357514,1.0,91.0,0.47668393782383417,0.5494505494505495,1.0
15,47,83,1,88,178,2,13,83,1,100,1,0,222,6,1,6566,13,33.0,8.0,2,1,1000000,210000000000,8166623,387249,3.327e+21,166,0.432027669330178,-0.29250273108677965,-0.13201547272052158,-2.3703348286540127,-0.24361054018271805,-0.24134439815675252,-0.6515833407699301,-0.7495036374469651,-0.20894102331776634,-0.465975806527504,0.4934512705518225,-0.129554651525957,-2.436713089608918,-2.4354488772973704,-0.5977086715587934,-0.683793924898733,-0.7005394779031207,-0.1232324632294016,1.6905907925694137,0.6763626790824759,-0.0065533678066977,-0.6694913995885322,-0.16670289457711,0.0619477477542659,0.02802334170542142,-0.1887846555553765,0.0,-0.240580072271345,1,0.15,1.0,83.0,0.21076233183856502,1.0,29.666666666666668,0.01340033500837521,0.46629213483146065,1.0,83.0,0.4943820224719101,0.5662650602409639,1.0
7,2,2,1,27,28,9,2,2,1,21,1,0,8,8,191,1016782,5,5.99690091701177,7.250774770747057,2,2,429526,20000000000,493927,228070,6253873853735288.0,24,18.24614827262325,-1.0981202183094712,-1.0577438130247314,-1.1400615418800388,-0.39815320830132267,-0.413381304628939,-0.370064509793848,-1.6895197369589943,-0.4274794332430096,-0.5121524587674476,0.9039017176426536,-1.4485833140667528,-1.1831270327592138,-1.2077879208674955,-0.059293980397008506,1.8431644790191,1.7985871419047756,0.14547768808999406,0.17275461779851395,5.666665527491079,14.017811374506305,0.44095914829590804,-0.6416288409914057,-0.0010914286876485269,-0.3868025209577316,-0.004376605973010504,-0.08279666280942619,-0.20763917644051888,1,0.3333333333333333,1.0,2.0,0.2222222222222222,0.046875,3.5,2.655433853634453e-05,0.07142857142857142,1.0,2.0,0.9642857142857143,1.0,1.0
5,10,25,1,40,67,9,20,25,1,24,1,0,49,13,192,1017590,5,4.122420252857291,7.251719831428472,2,2,462635,14845097918,3372505,282847,6258599157142364.0,63,18.086313524018056,-1.950582624444039,-1.937692508379877,-1.6453623375674256,-0.37540780298660853,-0.4016855665803546,-0.2307758366006193,-1.4396549134709822,-0.6453566453896,-0.8244690038977721,0.7615164344308192,-2.11467953211201,-1.6021373214792969,-1.6241574613201908,0.0662327053587084,2.01939978899469,1.9818603669444532,-0.0028921009892310667,-0.01979452344411209,3.241526310334261,12.292733380224245,0.5174953890724052,-0.6087978885082894,-0.23480717253530586,0.585466145823751,0.2835517202755693,0.0,-0.20083340703456787,1,0.20833333333333334,1.0,25.0,0.2,0.046632124352331605,5.153846153846154,3.9308523758563115e-05,0.373134328358209,1.0,25.0,0.5970149253731343,0.4,1.0
8,12,32,1,19,54,1,25,32,1,42,1,0,55,8,0,66,7,8.484318707099561,6.0,2,3,666843,13067788629,4458577,442471,0.0,52,3.3406132445942043,-1.2373564554688719,-1.2690385469722734,-1.5351194258027476,-0.7744319987768363,-0.7389637908796414,-1.1352035107047733,-1.3468827302006123,-0.35184432722872333,-0.7122254973151106,0.5831284528659387,-0.9875633692347692,-1.611623335546142,-1.6291551329082967,-0.8514345411830988,-1.1830277348459501,-1.2087465714550916,0.29552296386688615,-0.24401765281428994,5.0342857424073095,3.1966996945288715,0.4313862154078208,0.2236649639918777,-0.042846551029135205,-0.23822317007271288,0.3336351282367835,-0.10981653594765899,-0.7322508703319113,1,0.19047619047619047,1.0,32.0,0.21428571428571427,1.0,6.75,0.2835820895522388,0.5925925925925926,1.0,32.0,0.35185185185185186,0.375,1.0
15,49,86,1,91,184,2,17,86,1,97,1,0,225,6,1,6569,11,33.0,8.0,2,1,1000000,210000000000,7983273,366082,3.414e+21,174,0.432027669330178,-0.2924985486780879,-0.1320149125966613,-2.3703348286540127,-0.2435072002773019,-0.2410928170317284,-0.6515833407699301,-0.7319890937608504,-0.2088301746134306,-0.465975806527504,0.4517780412651399,-0.129554651525957,-2.436713089608918,-2.435444456355718,-0.5977086715587934,-0.683793924898733,-0.700538571040377,-0.29973305329728794,1.6905907925694137,0.6763626790824759,-0.0065533678066977,-0.6694913995885322,-0.16670289457711,0.0619477477542659,-0.01746669409569568,-0.2617119001787402,0.0,-0.24020765094188598,1,0.15463917525773196,1.0,86.0,0.2168141592920354,1.0,30.666666666666668,0.013850837138508371,0.4673913043478261,1.0,86.0,0.4945652173913043,0.5697674418604651,1.0
15,43,77,1,80,166,2,6,77,1,98,1,0,208,6,1,6552,12,33.0,8.0,2,1,1000000,210000000000,5266270,378814,2.883843607576387e+21,153,0.432027669330178,-0.2925225555238629,-0.1320172727663095,-2.3703348286540127,-0.2440509363334879,-0.2419518100861379,-0.6515833407699301,-0.7836789553199042,-0.209297252997432,-0.465975806527504,0.4768447238509127,-0.129554651525957,-2.436713089608918,-2.4354804057098707,-0.5977086715587934,-0.683793924898733,-0.7005459452905946,-0.19356695234558718,1.6905907925694137,0.6763626790824759,-0.0065533678066977,-0.6694913995885322,-0.16670289457711,0.0619477477542659,-0.6915684623747572,-0.217845750995695,0.0,-0.24124160623247226,1,0.15306122448979592,1.0,77.0,0.20574162679425836,1.0,27.666666666666668,0.01220814893941706,0.463855421686747,1.0,77.0,0.4819277108433735,0.5584415584415584,1.0
15,43,77,1,80,166,2,8,77,1,97,1,0,208,6,1,6552,11,33.0,8.0,2,1,1000000,210000000000,5661357,362536,2.926e+21,153,0.432027669330178,-0.2925225555238629,-0.1320172727663095,-2.3703348286540127,-0.2440509363334879,-0.2419518100861379,-0.6515833407699301,-0.773207268952684,-0.209297252997432,-0.465975806527504,0.4447954345072714,-0.129554651525957,-2.436713089608918,-2.4354804057098707,-0.5977086715587934,-0.683793924898733,-0.7005459452905946,-0.3293068164558258,1.6905907925694137,0.6763626790824759,-0.0065533678066977,-0.6694913995885322,-0.16670289457711,0.0619477477542659,-0.5935454748995198,-0.2739313100938378,0.0,-0.24121278550763253,1,0.15463917525773196,1.0,77.0,0.20574162679425836,1.0,27.666666666666668,0.01220814893941706,0.463855421686747,1.0,77.0,0.4819277108433735,0.5584415584415584,1.0
15,50,91,1,92,193,2,19,91,1,97,1,0,236,6,1,6580,11,33.0,8.0,2,1,1000000,235000000000,9729380,362536,3.364e+21,182,0.432027669330178,-0.2924945475371254,-0.1320136013913012,-2.3703348286540127,-0.2434577697267395,-0.2406633205045237,-0.6515833407699301,-0.714023067479202,-0.2085706866223187,-0.465975806527504,0.4447954345072714,-0.129554651525957,-2.436713089608918,-2.4354211950089133,-0.5977086715587934,-0.683793924898733,-0.7005337994667067,-0.3293068164558258,1.6905907925694137,0.6763626790824759,-0.0065533678066977,-0.6694913995885322,-0.16670289457711,0.0998029187548454,0.4157508030247899,-0.2739313100938378,0.0,-0.2398188937924345,1,0.15463917525773196,1.0,91.0,0.2109704641350211,1.0,32.166666666666664,0.013979638352833916,0.47150259067357514,1.0,91.0,0.47668393782383417,0.5494505494505495,1.0
15,46,81,1,86,173,2,12,81,1,100,1,0,219,6,1,6563,13,33.0,8.0,2,1,1000000,210000000000,6463002,387249,3.327e+21,164,0.432027669330178,-0.29250769063922866,-0.13201611095368612,-2.3703348286540127,-0.24373308193288107,-0.24157668563484125,-0.6515833407699301,-0.7550677145860588,-0.20906732988023793,-0.465975806527504,0.4934512705518225,-0.129554651525957,-2.436713089608918,-2.4354554782086026,-0.5977086715587934,-0.683793924898733,-0.7005408319405502,-0.1232324632294016,1.6905907925694137,0.6763626790824759,-0.0065533678066977,-0.6694913995885322,-0.16670289457711,0.0619477477542659,-0.39465333366105976,-0.1887846555553765,0.0,-0.24069838428920234,1,0.15,1.0,81.0,0.20909090909090908,1.0,28.833333333333332,0.013101767215112737,0.4682080924855491,1.0,81.0,0.49710982658959535,0.5679012345679012,1.0
15,44,78,1,81,167,2,10,78,1,100,1,0,210,6,1,6554,13,33.0,8.0,2,1,1000000,210000000000,5674753,387249,3.2598292804273717e+21,159,0.432027669330178,-0.2925183422319193,-0.1320169966205284,-2.3703348286540127,-0.2439962639082207,-0.24189902757608878,-0.6515833407699301,-0.7670176403090115,-0.20924260365252392,-0.465975806527504,0.4934512705518225,-0.129554651525957,-2.436713089608918,-2.435475727873151,-0.5977086715587934,-0.683793924898733,-0.7005449857312572,-0.1232324632294016,1.6905907925694137,0.6763626790824759,-0.0065533678066977,-0.6694913995885322,-0.16670289457711,0.0619477477542659,-0.5902218472501841,-0.1887846555553765,0.0,-0.24095248210096598,1,0.15,1.0,78.0,0.20853080568720378,1.0,27.833333333333332,0.012356979405034324,0.46706586826347307,1.0,78.0,0.48502994011976047,0.5641025641025641,1.0
15,42,75,1,79,162,2,6,75,1,98,1,0,205,6,1,6549,11,33.0,8.0,2,1,1000000,210000000000,7509838,372772,2.899489637201502e+21,151,0.432027669330178,-0.29252421289415237,-0.13201770727293202,-2.3703348286540127,-0.24409188701563594,-0.24212971803546432,-0.6515833407699301,-0.781811504778366,-0.20938324200725983,-0.465975806527504,0.4649498699104792,-0.129554651525957,-2.436713089608918,-2.435484785445261,-0.5977086715587934,-0.683793924898733,-0.7005468437007445,-0.24394578727616323,1.6905907925694137,0.6763626790824759,-0.0065533678066977,-0.6694913995885322,-0.16670289457711,0.0619477477542659,-0.13492838128760945,-0.23866148661113445,0.0,-0.24130658934025012,1,0.15306122448979592,1.0,75.0,0.20388349514563106,1.0,27.0,0.012061068702290076,0.46296296296296297,1.0,75.0,0.4876543209876543,0.56,1.0
15,45,79,1,83,169,2,11,79,1,99,1,0,216,6,1,6560,12,33.0,8.0,2,1,1000000,210000000000,11326141,385771,3.327e+21,161,0.432027669330178,-0.2925138358002499,-0.1320166699137376,-2.3703348286540127,-0.24388491796936074,-0.241780121350692,-0.6515833407699301,-0.7616936181651017,-0.20917794826640532,-0.465975806527504,0.4905431229781728,-0.129554651525957,-2.436713089608918,-2.4354626036144147,-0.5977086715587934,-0.683793924898733,-0.7005422935669577,-0.13554947757025299,1.6905907925694137,0.6763626790824759,-0.0065533678066977,-0.6694913995885322,-0.16670289457711,0.0619477477542659,0.8119149713284792,-0.19387385054061285,0.0,-0.24083927450387188,1,0.15151515151515152,1.0,79.0,0.2073732718894009,1.0,28.166666666666668,0.012650510592897424,0.46745562130177515,1.0,79.0,0.4911242603550296,0.569620253164557,1.0
15,50,91,1,92,193,2,21,91,1,97,1,0,236,6,1,6580,11,33.0,8.0,2,1,1000000,235000000000,8913838,362536,3.364e+21,181,0.432027669330178,-0.2924945475371254,-0.1320136013913012,-2.3703348286540127,-0.2434577697267395,-0.2406633205045237,-0.6515833407699301,-0.7192335344558196,-0.2085706866223187,-0.465975806527504,0.4447954345072714,-0.129554651525957,-2.436713089608918,-2.4354211950089133,-0.5977086715587934,-0.683793924898733,-0.7005337994667067,-0.3293068164558258,1.6905907925694137,0.6763626790824759,-0.0065533678066977,-0.6694913995885322,-0.16670289457711,0.0998029187548454,0.21341081208942647,-0.2739313100938378,0.0,-0.2398814942137605,1,0.15463917525773196,1.0,91.0,0.2109704641350211,1.0,32.166666666666664,0.013979638352833916,0.47150259067357514,1.0,91.0,0.47668393782383417,0.5494505494505495,1.0
15,49,88,1,92,188,2,20,88,1,98,1,0,232,6,1,6576,12,33.0,8.0,2,1,1000000,225295751844,5136365,377656,3.4690647066414133e+21,180,0.432027669330178,-0.29249520576393934,-0.1320141535030097,-2.3703348286540127,-0.24345484589143548,-0.24086426373895997,-0.6515833407699301,-0.718351309179264,-0.2086799497190745,-0.465975806527504,0.4745645382648924,-0.129554651525957,-2.436713089608918,-2.43542927843032,-0.5977086715587934,-0.683793924898733,-0.700535457609766,-0.20322432971435941,1.6905907925694137,0.6763626790824759,-0.0065533678066977,-0.6694913995885322,-0.16670289457711,0.08510867982101519,-0.7237985067523102,-0.22183602616430323,0.0,-0.2399176632633159,1,0.15306122448979592,1.0,88.0,0.21030042918454936,1.0,31.333333333333332,0.013988140489584917,0.46808510638297873,1.0,88.0,0.48936170212765956,0.5568181818181818,1.0
15,41,72,1,77,155,2,4,72,1,100,1,0,202,6,1,6546,13,33.0,8.0,2,1,1000000,210000000000,6336312,387249,2.8391704459803104e+21,146,0.432027669330178,-0.2925279839189465,-0.1320185088195576,-2.3703348286540127,-0.24416742989436707,-0.24243237543713997,-0.6515833407699301,-0.7929023173228716,-0.20954186835976235,-0.465975806527504,0.4934512705518225,-0.129554651525957,-2.436713089608918,-2.435492487703229,-0.5977086715587934,-0.683793924898733,-0.70054842365618,-0.1232324632294016,1.6905907925694137,0.6763626790824759,-0.0065533678066977,-0.6694913995885322,-0.16670289457711,0.0619477477542659,-0.42608585530532594,-0.1887846555553765,0.0,-0.2415642832106334,1,0.15,1.0,72.0,0.2019704433497537,1.0,25.833333333333332,0.011761111959676187,0.4645161290322581,1.0,72.0,0.4967741935483871,0.5694444444444444,1.0
15,39,69,1,75,150,2,1,69,1,100,1,0,197,6,1,6541,13,33.0,8.0,2,1,1000000,210000000000,7906373,387249,2.673e+21,141,0.432027669330178,-0.292538560087713,-0.1320193706948856,-2.3703348286540127,-0.2442980890862997,-0.2427153594678352,-0.6515833407699301,-0.8076552460475412,-0.2097124337832109,-0.465975806527504,0.4934512705518225,-0.129554651525957,-2.436713089608918,-2.4355036670566754,-0.5977086715587934,-0.683793924898733,-0.7005507168642647,-0.1232324632294016,1.6905907925694137,0.6763626790824759,-0.0065533678066977,-0.6694913995885322,-0.16670289457711,0.0619477477542659,-0.0365461649242725,-0.1887846555553765,0.0,-0.2418165817558816,1,0.15,1.0,69.0,0.19696969696969696,1.0,25.0,0.011464383980434117,0.46,1.0,69.0,0.5,0.5652173913043478,1.0
15,42,74,1,78,160,2,4,74,1,100,1,0,204,6,1,6548,13,33.0,8.0,2,1,1000000,210000000000,2914879,387249,2.83291947451622e+21,148,0.432027669330178,-0.29252619162641685,-0.13201798771395115,-2.3703348286540127,-0.24411831757029911,-0.2422120181008165,-0.6515833407699301,-0.7913299923098006,-0.2094387413812744,-0.465975806527504,0.4934512705518225,-0.129554651525957,-2.436713089608918,-2.4354871317969726,-0.5977086715587934,-0.683793924898733,-0.7005473250052081,-0.1232324632294016,1.6905907925694137,0.6763626790824759,-0.0065533678066977,-0.6694913995885322,-0.16670289457711,0.0619477477542659,-1.2749597548422584,-0.1887846555553765,0.0,-0.24146944894958494,1,0.15,1.0,74.0,0.2048780487804878,1.0,26.666666666666668,0.011910215300045808,0.4625,1.0,74.0,0.4875,0.5675675675675675,1.0
15,50,91,1,92,193,2,19,91,1,97,1,0,236,6,1,6580,11,33.0,8.0,2,1,1000000,235000000000,8516046,362536,3.364e+21,180,0.432027669330178,-0.2924945475371254,-0.1320136013913012,-2.3703348286540127,-0.2434577697267395,-0.2406633205045237,-0.6515833407699301,-0.7226299665108828,-0.2085706866223187,-0.465975806527504,0.4447954345072714,-0.129554651525957,-2.436713089608918,-2.4354211950089133,-0.5977086715587934,-0.683793924898733,-0.7005337994667067,-0.3293068164558258,1.6905907925694137,0.6763626790824759,-0.0065533678066977,-0.6694913995885322,-0.16670289457711,0.0998029187548454,0.11471685540967422,-0.2739313100938378,0.0,-0.23991319395039365,1,0.15463917525773196,1.0,91.0,0.2109704641350211,1.0,32.166666666666664,0.013979638352833916,0.47150259067357514,1.0,91.0,0.47668393782383417,0.5494505494505495,1.0
15,42,73,1,78,157,2,4,73,1,98,1,0,203,6,1,6547,11,33.0,8.0,2,1,1000000,210000000000,9743289,372077,2.862e+21,148,0.432027669330178,-0.2925265566648255,-0.1320183217305976,-2.3703348286540127,-0.2441497974346126,-0.2423813066133426,-0.6515833407699301,-0.7924555597389392,-0.2095048433903214,-0.465975806527504,0.46358158114847453,-0.129554651525957,-2.436713089608918,-2.435490979049327,-0.5977086715587934,-0.683793924898733,-0.7005481141877173,-0.24974096509201493,1.6905907925694137,0.6763626790824759,-0.0065533678066977,-0.6694913995885322,-0.16670289457711,0.0619477477542659,0.41920158378057953,-0.24105596217662661,0.0,-0.24147163978519612,1,0.15306122448979592,1.0,73.0,0.20588235294117646,1.0,26.166666666666668,0.011912034208918754,0.46496815286624205,1.0,73.0,0.4968152866242038,0.5753424657534246,1.0
14,38,68,1,73,148,1,2,68,1,97,1,0,193,6,0,6291,12,31.952145223245683,7.922381127647828,2,1,988784,202091490714,7920930,392220,2.5692623771013224e+21,139,0.5360989248521721,-0.37310273567426333,-0.2214607651833811,-2.3639524857152145,-0.263715828074527,-0.2613849664410559,-0.663210548002504,-0.8157041890605089,-0.2264434393323474,-0.49162070845191774,0.4895880918090434,-0.1971309856093728,-2.426282160966003,-2.4256638324959092,-0.6011234273581993,-0.694212770639697,-0.7109542782620333,-0.11461411021199203,1.6055796983480395,0.7206029677790555,0.028522657545255514,-0.6228266951259396,-0.14982890173036073,0.04584574462929425,0.0056920433130731585,-0.15367206313810378,0.0,-0.2605200587325541,1,0.14432989690721648,1.0,68.0,0.1958762886597938,1.0,24.666666666666668,0.011602034329307056,0.4594594594594595,1.0,68.0,0.49324324324324326,0.5588235294117647,1.0
15,42,76,1,79,164,2,5,76,1,100,1,0,207,6,1,6551,13,33.0,8.0,2,1,1000000,210000000000,3771822,387249,2.855942441085188e+21,150,0.432027669330178,-0.29252331293471,-0.13201742169200423,-2.3703348286540127,-0.24406497204312336,-0.24200601218024725,-0.6515833407699301,-0.7864856249356332,-0.2093267254435666,-0.465975806527504,0.4934512705518225,-0.129554651525957,-2.436713089608918,-2.4354818067735793,-0.5977086715587934,-0.683793924898733,-0.700546232689203,-0.1232324632294016,1.6905907925694137,0.6763626790824759,-0.0065533678066977,-0.6694913995885322,-0.16670289457711,0.0619477477542659,-1.0623481723833557,-0.1887846555553765,0.0,-0.24136644051441197,1,0.15,1.0,76.0,0.20192307692307693,1.0,27.333333333333332,0.012057387057387058,0.4634146341463415,1.0,76.0,0.4817073170731707,0.5526315789473685,1.0
15,46,80,1,85,171,2,12,80,1,100,1,0,218,6,1,6562,13,33.0,8.0,2,1,1000000,210000000000,5618540,387249,3.327e+21,163,0.432027669330178,-0.2925105521009754,-0.1320164860430934,-2.3703348286540127,-0.2438037835806761,-0.2417132009043575,-0.6515833407699301,-0.7582779626987961,-0.2091415602027648,-0.465975806527504,0.4934512705518225,-0.129554651525957,-2.436713089608918,-2.4354592590309574,-0.5977086715587934,-0.683793924898733,-0.7005416074963489,-0.1232324632294016,1.6905907925694137,0.6763626790824759,-0.0065533678066977,-0.6694913995885322,-0.16670289457711,0.0619477477542659,-0.6041685968864703,-0.1887846555553765,0.0,-0.24076664555204,1,0.15,1.0,80.0,0.2100456621004566,1.0,28.5,0.012951394179491087,0.4678362573099415,1.0,80.0,0.49707602339181284,0.575,1.0
15,46,80,1,85,171,2,12,80,1,100,1,0,218,6,1,6562,13,33.0,8.0,2,1,1000000,210000000000,5618540,387249,3.327e+21,163,0.432027669330178,-0.2925105521009754,-0.1320164860430934,-2.3703348286540127,-0.2438037835806761,-0.2417132009043575,-0.6515833407699301,-0.7582779626987961,-0.2091415602027648,-0.465975806527504,0.4934512705518225,-0.129554651525957,-2.436713089608918,-2.4354592590309574,-0.5977086715587934,-0.683793924898733,-0.7005416074963489,-0.1232324632294016,1.6905907925694137,0.6763626790824759,-0.0065533678066977,-0.6694913995885322,-0.16670289457711,0.0619477477542659,-0.6041685968864703,-0.1887846555553765,0.0,-0.24076664555204,1,0.15,1.0,80.0,0.2100456621004566,1.0,28.5,0.012951394179491087,0.4678362573099415,1.0,80.0,0.49707602339181284,0.575,1.0
15,45,79,1,83,169,2,11,79,1,100,1,0,216,6,1,6560,13,33.0,8.0,2,1,1000000,210000000000,11458476,387249,3.327e+21,161,0.432027669330178,-0.292514553241938,-0.1320167482841654,-2.3703348286540127,-0.2439026446818008,-0.2418086445770696,-0.6515833407699301,-0.7627668066395912,-0.2091934578009872,-0.465975806527504,0.4934512705518225,-0.129554651525957,-2.436713089608918,-2.43546348836674,-0.5977086715587934,-0.683793924898733,-0.7005424750551981,-0.1232324632294016,1.6905907925694137,0.6763626790824759,-0.0065533678066977,-0.6694913995885322,-0.16670289457711,0.0619477477542659,0.8447477684354694,-0.1887846555553765,0.0,-0.2408620942978438,1,0.15,1.0,79.0,0.2073732718894009,1.0,28.166666666666668,0.012650510592897424,0.46745562130177515,1.0,79.0,0.4911242603550296,0.569620253164557,1.0
15,40,70,1,76,152,2,2,70,1,100,1,0,199,6,1,6543,13,33.0,8.0,2,1,1000000,210000000000,2108239,387249,2.6752777282064435e+21,143,0.432027669330178,-0.2925344860386575,-0.1320191036753025,-2.3703348286540127,-0.2442477578208632,-0.2426181766371593,-0.6515833407699301,-0.80308460717508,-0.20965959051600205,-0.465975806527504,0.4934512705518225,-0.129554651525957,-2.436713089608918,-2.4354993606546733,-0.5977086715587934,-0.683793924898733,-0.7005498334969096,-0.1232324632294016,1.6905907925694137,0.6763626790824759,-0.0065533678066977,-0.6694913995885322,-0.16670289457711,0.0619477477542659,-1.4750910135708153,-0.1887846555553765,0.0,-0.2417193937596731,1,0.15,1.0,70.0,0.2,1.0,25.333333333333332,0.011613691931540342,0.4605263157894737,1.0,70.0,0.5,0.5714285714285714,1.0
15,47,83,1,88,178,2,13,83,1,100,1,0,222,6,1,6566,13,33.0,8.0,2,1,1000000,210000000000,7757103,387249,3.327e+21,166,0.432027669330178,-0.29250330557824816,-0.1320155361460984,-2.3703348286540127,-0.24362473484861424,-0.24136748214565423,-0.6515833407699301,-0.7501481542414862,-0.20895357526120428,-0.465975806527504,0.4934512705518225,-0.129554651525957,-2.436713089608918,-2.435449684268984,-0.5977086715587934,-0.683793924898733,-0.7005396434362919,-0.1232324632294016,1.6905907925694137,0.6763626790824759,-0.0065533678066977,-0.6694913995885322,-0.16670289457711,0.0619477477542659,-0.0735806488250151,-0.1887846555553765,0.0,-0.2405937769847407,1,0.15,1.0,83.0,0.21076233183856502,1.0,29.666666666666668,0.01340033500837521,0.46629213483146065,1.0,83.0,0.4943820224719101,0.5662650602409639,1.0
15,44,78,1,82,168,2,10,78,1,100,1,0,214,6,1,6558,13,33.0,8.0,2,1,1000000,210000000000,9625560,387249,3.305127467365729e+21,160,0.432027669330178,-0.2925158215765217,-0.13201683141280895,-2.3703348286540127,-0.24393398298122995,-0.24183889957483964,-0.6515833407699301,-0.7641897397640142,-0.20920990898809966,-0.465975806527504,0.4934512705518225,-0.129554651525957,-2.436713089608918,-2.4354675103791283,-0.5977086715587934,-0.683793924898733,-0.7005433000860346,-0.1232324632294016,1.6905907925694137,0.6763626790824759,-0.0065533678066977,-0.6694913995885322,-0.16670289457711,0.0619477477542659,0.38999251901908893,-0.1887846555553765,0.0,-0.24089235090374952,1,0.15,1.0,78.0,0.20465116279069767,1.0,28.0,0.012501905778319866,0.4642857142857143,1.0,78.0,0.4880952380952381,0.5641025641025641,1.0
15,41,71,1,77,154,2,3,71,1,99,1,0,201,6,1,6545,12,33.0,8.0,2,1,1000000,210000000000,2229094,385489,2.802556073501455e+21,145,0.432027669330178,-0.2925302729699706,-0.13201880887556663,-2.3703348286540127,-0.24419570909108781,-0.2425142803633142,-0.6515833407699301,-0.7983580034326572,-0.20960124954701465,-0.465975806527504,0.4899875273441084,-0.129554651525957,-2.436713089608918,-2.435494907304412,-0.5977086715587934,-0.683793924898733,-0.7005489199862245,-0.13790261791790656,1.6905907925694137,0.6763626790824759,-0.0065533678066977,-0.6694913995885322,-0.16670289457711,0.0619477477542659,-1.4451064653239583,-0.19484613081287958,0.0,-0.24161209452985202,1,0.15151515151515152,1.0,71.0,0.20297029702970298,1.0,25.666666666666668,0.011762908646501681,0.461038961038961,1.0,71.0,0.5,0.5774647887323944,1.0
15,51,92,1,95,196,2,24,92,1,100,1,0,239,6,1,6583,13,33.0,8.0,2,1,1000000,235000000000,4506226,387249,3.696729896626866e+21,188,0.432027669330178,-0.2924878215216608,-0.13201316055766832,-2.3703348286540127,-0.24329158180653288,-0.24050287736476023,-0.6515833407699301,-0.7013548232937665,-0.2084834454949777,-0.465975806527504,0.4934512705518225,-0.129554651525957,-2.436713089608918,-2.4354140853923947,-0.5977086715587934,-0.683793924898733,-0.7005323410791392,-0.1232324632294016,1.6905907925694137,0.6763626790824759,-0.0065533678066977,-0.6694913995885322,-0.16670289457711,0.0998029187548454,-0.8801389811887285,-0.1887846555553765,0.0,-0.23955625768044433,1,0.15,1.0,92.0,0.2125,1.0,32.666666666666664,0.014428918590522479,0.46938775510204084,1.0,92.0,0.4846938775510204,0.5543478260869565,1.0
15,49,86,1,91,185,2,18,86,1,100,1,0,227,6,1,6571,13,33.0,8.0,2,1,1000000,213878117225,6101742,387249,3.427961222012749e+21,175,0.432027669330178,-0.29249730732659274,-0.13201466851627278,-2.3703348286540127,-0.2434841965809481,-0.24101138584645668,-0.6515833407699301,-0.7309594293518638,-0.20878187102071652,-0.465975806527504,0.4934512705518225,-0.129554651525957,-2.436713089608918,-2.4354401918721305,-0.5977086715587934,-0.683793924898733,-0.7005376962716985,-0.1232324632294016,1.6905907925694137,0.6763626790824759,-0.0065533678066977,-0.6694913995885322,-0.16670289457711,0.06782001938392891,-0.48428383112439244,-0.1887846555553765,0.0,-0.24018575662394293,1,0.15,1.0,86.0,0.2149122807017544,1.0,30.833333333333332,0.013846622032866707,0.4648648648648649,1.0,86.0,0.4918918918918919,0.5697674418604651,1.0
15,42,73,1,78,157,2,4,73,1,97,1,0,203,6,1,6547,11,33.0,8.0,2,1,1000000,210000000000,10152238,362536,2.863489403887093e+21,149,0.432027669330178,-0.2925264635505302,-0.13201829731916812,-2.3703348286540127,-0.24414749674542044,-0.24237131139776272,-0.6515833407699301,-0.7937708578742828,-0.2095000123600387,-0.465975806527504,0.4447954345072714,-0.129554651525957,-2.436713089608918,-2.4354907329872506,-0.5977086715587934,-0.683793924898733,-0.7005480637132829,-0.3293068164558258,1.6905907925694137,0.6763626790824759,-0.0065533678066977,-0.6694913995885322,-0.16670289457711,0.0619477477542659,0.5206639220995481,-0.2739313100938378,0.0,-0.24142812294143126,1,0.15463917525773196,1.0,73.0,0.20588235294117646,1.0,26.166666666666668,0.011912034208918754,0.46496815286624205,1.0,73.0,0.4968152866242038,0.5753424657534246,1.0
15,46,80,1,86,172,2,12,80,1,100,1,0,220,6,1,6564,13,33.0,8.0,2,1,1000000,210000000000,10894567,387249,3.327e+21,164,0.432027669330178,-0.29250729329776703,-0.13201627245600542,-2.3703348286540127,-0.243723264329656,-0.2416354650410709,-0.6515833407699301,-0.7546219407857583,-0.2090992912446906,-0.465975806527504,0.4934512705518225,-0.129554651525957,-2.436713089608918,-2.4354540920399113,-0.5977086715587934,-0.683793924898733,-0.7005405475973397,-0.1232324632294016,1.6905907925694137,0.6763626790824759,-0.0065533678066977,-0.6694913995885322,-0.16670289457711,0.0619477477542659,0.7048393336812668,-0.1887846555553765,0.0,-0.24068890555688016,1,0.15,1.0,80.0,0.2081447963800905,1.0,28.666666666666668,0.0130997715156131,0.46511627906976744,1.0,80.0,0.5,0.575,1.0
15,45,79,1,83,169,2,11,79,1,100,1,0,216,6,1,6560,13,33.0,8.0,2,1,1000000,210000000000,11458476,387249,3.327e+21,161,0.432027669330178,-0.292514553241938,-0.1320167482841654,-2.3703348286540127,-0.2439026446818008,-0.2418086445770696,-0.6515833407699301,-0.7627668066395912,-0.2091934578009872,-0.465975806527504,0.4934512705518225,-0.129554651525957,-2.436713089608918,-2.43546348836674,-0.5977086715587934,-0.683793924898733,-0.7005424750551981,-0.1232324632294016,1.6905907925694137,0.6763626790824759,-0.0065533678066977,-0.6694913995885322,-0.16670289457711,0.0619477477542659,0.8447477684354694,-0.1887846555553765,0.0,-0.2408620942978438,1,0.15,1.0,79.0,0.2073732718894009,1.0,28.166666666666668,0.012650510592897424,0.46745562130177515,1.0,79.0,0.4911242603550296,0.569620253164557,1.0
15,48,85,1,90,181,2,17,85,1,97,1,0,225,6,1,6569,11,33.0,8.0,2,1,1000000,212954120690,9465396,365456,3.4187265931048664e+21,173,0.432027669330178,-0.29250018584838977,-0.1320151272020946,-2.3703348286540127,-0.2435534928060486,-0.24121864536217272,-0.6515833407699301,-0.7350183522307706,-0.20887264510239606,-0.465975806527504,0.45054484298626335,-0.129554651525957,-2.436713089608918,-2.4354434382247967,-0.5977086715587934,-0.683793924898733,-0.7005383621923366,-0.3049560760295811,1.6905907925694137,0.6763626790824759,-0.0065533678066977,-0.6694913995885322,-0.16670289457711,0.06642089751013769,0.3502550298883908,-0.2638699703377398,0.0,-0.24027206372287882,1,0.15463917525773196,1.0,85.0,0.21238938053097345,1.0,30.166666666666668,0.0136986301369863,0.4696132596685083,1.0,85.0,0.4972375690607735,0.5647058823529412,1.0
15,43,77,1,80,166,2,8,77,1,97,1,0,208,6,1,6552,11,33.0,8.0,2,1,1000000,210000000000,7715295,362536,2.926e+21,157,0.432027669330178,-0.2925225555238629,-0.1320172727663095,-2.3703348286540127,-0.2440509363334879,-0.2419518100861379,-0.6515833407699301,-0.7807221824027711,-0.209297252997432,-0.465975806527504,0.4447954345072714,-0.129554651525957,-2.436713089608918,-2.4354804057098707,-0.5977086715587934,-0.683793924898733,-0.7005459452905946,-0.3293068164558258,1.6905907925694137,0.6763626790824759,-0.0065533678066977,-0.6694913995885322,-0.16670289457711,0.0619477477542659,-0.0839535408360951,-0.2739313100938378,0.0,-0.2410529917894514,1,0.15463917525773196,1.0,77.0,0.20574162679425836,1.0,27.666666666666668,0.01220814893941706,0.463855421686747,1.0,77.0,0.4819277108433735,0.5584415584415584,1.0
15,50,91,1,92,193,2,21,91,1,97,1,0,236,6,1,6580,11,33.0,8.0,2,1,1000000,235000000000,7341223,362536,3.364e+21,179,0.432027669330178,-0.2924945475371254,-0.1320136013913012,-2.3703348286540127,-0.2434577697267395,-0.2406633205045237,-0.6515833407699301,-0.7268560551132311,-0.2085706866223187,-0.465975806527504,0.4447954345072714,-0.129554651525957,-2.436713089608918,-2.4354211950089133,-0.5977086715587934,-0.683793924898733,-0.7005337994667067,-0.3293068164558258,1.6905907925694137,0.6763626790824759,-0.0065533678066977,-0.6694913995885322,-0.16670289457711,0.0998029187548454,-0.1767626131630364,-0.2739313100938378,0.0,-0.2400030555856097,1,0.15463917525773196,1.0,91.0,0.2109704641350211,1.0,32.166666666666664,0.013979638352833916,0.47150259067357514,1.0,91.0,0.47668393782383417,0.5494505494505495,1.0
15,47,81,1,87,173,2,13,81,1,100,1,0,221,6,1,6565,13,33.0,8.0,2,1,1000000,210000000000,12096418,387249,3.327e+21,165,0.432027669330178,-0.2925065509600129,-0.1320162238020214,-2.3703348286540127,-0.2437049224795514,-0.2416177572316453,-0.6515833407699301,-0.7537891187580011,-0.2090896626045424,-0.465975806527504,0.4934512705518225,-0.129554651525957,-2.436713089608918,-2.435452915027283,-0.5977086715587934,-0.683793924898733,-0.7005403061580752,-0.1232324632294016,1.6905907925694137,0.6763626790824759,-0.0065533678066977,-0.6694913995885322,-0.16670289457711,0.0619477477542659,1.0030242639186748,-0.1887846555553765,0.0,-0.2406711968062362,1,0.15,1.0,81.0,0.21171171171171171,1.0,28.833333333333332,0.01325007614986293,0.4682080924855491,1.0,81.0,0.5028901734104047,0.5802469135802469,1.0
15,46,81,1,86,173,2,12,81,1,99,1,0,219,6,1,6563,12,33.0,8.0,2,1,1000000,210000000000,6579137,380701,3.327e+21,164,0.432027669330178,-0.2925084320647778,-0.13201620814207948,-2.3703348286540127,-0.24375140124401734,-0.24161205773400884,-0.6515833407699301,-0.7547102884795099,-0.20908656349666024,-0.465975806527504,0.4805609306956903,-0.129554651525957,-2.436713089608918,-2.4354564578471716,-0.5977086715587934,-0.683793924898733,-0.700541032892698,-0.1778275265284675,1.6905907925694137,0.6763626790824759,-0.0065533678066977,-0.6694913995885322,-0.16670289457711,0.0619477477542659,-0.3658397958432223,-0.21134246986584218,0.0,-0.24069078414225192,1,0.15151515151515152,1.0,81.0,0.20909090909090908,1.0,28.833333333333332,0.013101767215112737,0.4682080924855491,1.0,81.0,0.49710982658959535,0.5679012345679012,1.0
5,19,51,1,37,93,3,39,51,1,39,1,0,90,14,60,319603,7,5.410442791154546,6.393038139230303,2,2,633018,8929639741,6740060,442348,1965190696151514.0,91,7.81502617408756,-2.237226540851082,-2.279977731980623,-2.0298792934325336,-0.6286972550256458,-0.6226385827482377,-0.724974706086887,-1.148376531751798,-0.6422438629917676,-1.0318453243834678,0.5093371915303546,-1.9473704495978215,-1.9902788728106733,-2.006811766890748,-0.4495918244606192,-0.019160280773548255,-0.04217261886183543,0.0668935503430813,-0.3491366737488451,2.2638182755074023,4.47541329086253,0.5280730893708274,-0.007252786841925429,-0.3158543107469297,0.9053737682109887,0.5801837886157881,0.0,-0.5595534360518729,1,0.1282051282051282,1.0,51.0,0.2087912087912088,0.04918032786885246,6.642857142857143,0.00011576826322574186,0.5483870967741935,1.0,51.0,0.3978494623655914,0.37254901960784315,1.0
15,46,80,1,85,171,2,12,80,1,100,1,0,218,6,1,6562,13,33.0,8.0,2,1,1000000,210000000000,5618540,387249,3.327e+21,163,0.432027669330178,-0.2925105521009754,-0.1320164860430934,-2.3703348286540127,-0.2438037835806761,-0.2417132009043575,-0.6515833407699301,-0.7582779626987961,-0.2091415602027648,-0.465975806527504,0.4934512705518225,-0.129554651525957,-2.436713089608918,-2.4354592590309574,-0.5977086715587934,-0.683793924898733,-0.7005416074963489,-0.1232324632294016,1.6905907925694137,0.6763626790824759,-0.0065533678066977,-0.6694913995885322,-0.16670289457711,0.0619477477542659,-0.6041685968864703,-0.1887846555553765,0.0,-0.24076664555204,1,0.15,1.0,80.0,0.2100456621004566,1.0,28.5,0.012951394179491087,0.4678362573099415,1.0,80.0,0.49707602339181284,0.575,1.0
15,50,91,1,92,193,2,21,91,1,97,1,0,236,6,1,6580,11,33.0,8.0,2,1,1000000,235000000000,10388319,362536,3.364e+21,183,0.432027669330178,-0.2924945475371254,-0.1320136013913012,-2.3703348286540127,-0.2434577697267395,-0.2406633205045237,-0.6515833407699301,-0.7120866730338632,-0.2085706866223187,-0.465975806527504,0.4447954345072714,-0.129554651525957,-2.436713089608918,-2.4354211950089133,-0.5977086715587934,-0.683793924898733,-0.7005337994667067,-0.3293068164558258,1.6905907925694137,0.6763626790824759,-0.0065533678066977,-0.6694913995885322,-0.16670289457711,0.0998029187548454,0.5792367017310731,-0.2739313100938378,0.0,-0.2397675184939277,1,0.15463917525773196,1.0,91.0,0.2109704641350211,1.0,32.166666666666664,0.013979638352833916,0.47150259067357514,1.0,91.0,0.47668393782383417,0.5494505494505495,1.0
15,48,85,1,90,182,2,16,85,1,97,1,0,224,6,1,6568,11,33.0,8.0,2,1,1000000,210000000000,8739932,362536,3.414e+21,174,0.432027669330178,-0.29249954650362053,-0.13201504339477105,-2.3703348286540127,-0.24353185477755895,-0.2411523226417875,-0.6515833407699301,-0.7335838019760673,-0.20885605960427445,-0.465975806527504,0.4447954345072714,-0.129554651525957,-2.436713089608918,-2.4354455110896724,-0.5977086715587934,-0.683793924898733,-0.700538787396756,-0.3293068164558258,1.6905907925694137,0.6763626790824759,-0.0065533678066977,-0.6694913995885322,-0.16670289457711,0.0619477477542659,0.17026398700096929,-0.2739313100938378,0.0,-0.240241560095573,1,0.15463917525773196,1.0,85.0,0.21333333333333335,1.0,30.333333333333332,0.013700715481808495,0.46703296703296704,1.0,85.0,0.4945054945054945,0.5647058823529412,1.0
15,49,87,1,92,186,2,18,87,1,97,1,0,228,6,1,6572,11,33.0,8.0,2,1,1000000,214829131518,6965936,367309,3.4217266104293094e+21,178,0.432027669330178,-0.2924954571523389,-0.13201450734974088,-2.3703348286540127,-0.2434403624209891,-0.2409545440172929,-0.6515833407699301,-0.7244081893723283,-0.20874997610869436,-0.465975806527504,0.45419405176298633,-0.129554651525957,-2.436713089608918,-2.4354366952286006,-0.5977086715587934,-0.683793924898733,-0.7005369790091797,-0.2895004102845137,1.6905907925694137,0.6763626790824759,-0.0065533678066977,-0.6694913995885322,-0.16670289457711,0.06926005173067515,-0.2698728892747069,-0.25748393436939576,0.0,-0.24004645402225888,1,0.15463917525773196,1.0,87.0,0.21397379912663755,1.0,31.0,0.013996652974288757,0.46774193548387094,1.0,87.0,0.4946236559139785,0.5632183908045977,1.0
15,41,72,1,77,156,2,3,72,1,97,1,0,202,6,1,6546,11,33.0,8.0,2,1,1000000,210000000000,10217380,362770,2.8602054718381275e+21,148,0.432027669330178,-0.2925266706356213,-0.13201833169036456,-2.3703348286540127,-0.24415120544278784,-0.24238447839776026,-0.6515833407699301,-0.7943165770325531,-0.20950681443162392,-0.465975806527504,0.44525741476135294,-0.129554651525957,-2.436713089608918,-2.435491099520155,-0.5977086715587934,-0.683793924898733,-0.7005481388997615,-0.3273501697346378,1.6905907925694137,0.6763626790824759,-0.0065533678066977,-0.6694913995885322,-0.16670289457711,0.0619477477542659,0.5368260885845666,-0.2731228546998774,0.0,-0.24143841186181697,1,0.15463917525773196,1.0,72.0,0.2019704433497537,1.0,26.0,0.011761111959676187,0.46153846153846156,1.0,72.0,0.4935897435897436,0.5694444444444444,1.0
15,39,69,1,75,150,2,1,69,1,100,1,0,197,6,1,6541,13,33.0,8.0,2,1,1000000,210000000000,7906373,387249,2.673e+21,141,0.432027669330178,-0.292538560087713,-0.1320193706948856,-2.3703348286540127,-0.2442980890862997,-0.2427153594678352,-0.6515833407699301,-0.8076552460475412,-0.2097124337832109,-0.465975806527504,0.4934512705518225,-0.129554651525957,-2.436713089608918,-2.4355036670566754,-0.5977086715587934,-0.683793924898733,-0.7005507168642647,-0.1232324632294016,1.6905907925694137,0.6763626790824759,-0.0065533678066977,-0.6694913995885322,-0.16670289457711,0.0619477477542659,-0.0365461649242725,-0.1887846555553765,0.0,-0.2418165817558816,1,0.15,1.0,69.0,0.19696969696969696,1.0,25.0,0.011464383980434117,0.46,1.0,69.0,0.5,0.5652173913043478,1.0
15,40,70,1,76,152,2,2,70,1,100,1,0,199,6,1,6543,13,33.0,8.0,2,1,1000000,210000000000,1930543,387249,2.719502260724098e+21,143,0.432027669330178,-0.29253307044994864,-0.13201901089539197,-2.3703348286540127,-0.2442302694769375,-0.2425844090226996,-0.6515833407699301,-0.8014964709764691,-0.20964122933984067,-0.465975806527504,0.4934512705518225,-0.129554651525957,-2.436713089608918,-2.4354978643314906,-0.5977086715587934,-0.683793924898733,-0.7005495265578332,-0.1232324632294016,1.6905907925694137,0.6763626790824759,-0.0065533678066977,-0.6694913995885322,-0.16670289457711,0.0619477477542659,-1.5191784113921183,-0.1887846555553765,0.0,-0.24168562435037255,1,0.15,1.0,70.0,0.2,1.0,25.333333333333332,0.011613691931540342,0.4605263157894737,1.0,70.0,0.5,0.5714285714285714,1.0
15,42,73,1,78,157,2,5,73,1,100,1,0,203,6,1,6547,13,33.0,8.0,2,1,1000000,210000000000,8954267,387249,2.862e+21,147,0.432027669330178,-0.2925265566648255,-0.1320183217305976,-2.3703348286540127,-0.2441497974346126,-0.2423813066133426,-0.6515833407699301,-0.7896998702843612,-0.2095048433903214,-0.465975806527504,0.4934512705518225,-0.129554651525957,-2.436713089608918,-2.435490979049327,-0.5977086715587934,-0.683793924898733,-0.7005481141877173,-0.1232324632294016,1.6905907925694137,0.6763626790824759,-0.0065533678066977,-0.6694913995885322,-0.16670289457711,0.0619477477542659,0.2234414044125607,-0.1887846555553765,0.0,-0.2415302355184703,1,0.15,1.0,73.0,0.20588235294117646,1.0,26.166666666666668,0.011912034208918754,0.46496815286624205,1.0,73.0,0.4968152866242038,0.5753424657534246,1.0
15,43,77,1,80,166,2,7,77,1,98,1,0,208,6,1,6552,11,33.0,8.0,2,1,1000000,210000000000,4830692,370958,2.904188573423807e+21,152,0.432027669330178,-0.2925225555238629,-0.1320172727663095,-2.3703348286540127,-0.2440509363334879,-0.2419518100861379,-0.6515833407699301,-0.77633393624118,-0.209297252997432,-0.465975806527504,0.4613775156852248,-0.129554651525957,-2.436713089608918,-2.4354804057098707,-0.5977086715587934,-0.683793924898733,-0.7005459452905946,-0.25907594732090955,1.6905907925694137,0.6763626790824759,-0.0065533678066977,-0.6694913995885322,-0.16670289457711,0.0619477477542659,-0.7996374139438356,-0.2449130287864295,0.0,-0.24127641855154153,1,0.15306122448979592,1.0,77.0,0.20574162679425836,1.0,27.666666666666668,0.01220814893941706,0.463855421686747,1.0,77.0,0.4819277108433735,0.5584415584415584,1.0
15,41,72,1,77,156,2,4,72,1,100,1,0,202,6,1,6546,13,33.0,8.0,2,1,1000000,210000000000,8446085,387249,2.857568468838628e+21,146,0.432027669330178,-0.2925268337145264,-0.13201835804714393,-2.3703348286540127,-0.24415322013813043,-0.2423912197760718,-0.6515833407699301,-0.7903215094031789,-0.20951203044731276,-0.465975806527504,0.4934512705518225,-0.129554651525957,-2.436713089608918,-2.435491271899848,-0.5977086715587934,-0.683793924898733,-0.7005481742598122,-0.1232324632294016,1.6905907925694137,0.6763626790824759,-0.0065533678066977,-0.6694913995885322,-0.16670289457711,0.0619477477542659,0.09735920897773953,-0.1887846555553765,0.0,-0.24153684464489752,1,0.15,1.0,72.0,0.2019704433497537,1.0,26.0,0.011761111959676187,0.46153846153846156,1.0,72.0,0.4935897435897436,0.5694444444444444,1.0
11,4,9,1,6,16,1,7,9,1,39,1,0,15,2,0,28,7,10.29206375921506,6.0,3,3,634707,18049210894,1676804,389435,0.0,15,3.505784499088372,-0.41431689838720454,-0.4194121078371156,-1.0470311924982878,-0.7961151716930674,-0.7500169720975164,-1.2691099219711228,-1.5883435922757572,-0.14156830145033122,-0.4105798708860695,0.7208163019679761,-0.3448731777704932,-1.2068126104982189,-1.2268988957894882,-0.972035906100603,-1.3509519255893405,-1.383478679844354,0.4386446295258042,-0.05783331131689223,7.375893308325757,4.869923919765502,0.3575077337403201,0.19133993239993885,0.18280507628811,-1.1769264009016474,0.05543243859762925,-0.1897258885329464,-0.7384382692360612,1,0.28205128205128205,1.0,9.0,0.25,1.0,8.0,0.20689655172413793,0.5625,1.0,9.0,0.375,0.4444444444444444,1.0
15,42,74,1,78,160,2,5,74,1,98,1,0,205,6,1,6549,12,33.0,8.0,2,1,1000000,210000000000,7896436,376647,2.889455617752001e+21,150,0.432027669330178,-0.2925248401992499,-0.13201787173118307,-2.3703348286540127,-0.24410738661269038,-0.24219705516839346,-0.6515833407699301,-0.7839228085631024,-0.2094157883516314,-0.465975806527504,0.47257820749177193,-0.129554651525957,-2.436713089608918,-2.435486443149851,-0.5977086715587934,-0.683793924898733,-0.7005471837438056,-0.21163712995870743,1.6905907925694137,0.6763626790824759,-0.0065533678066977,-0.6694913995885322,-0.16670289457711,0.0619477477542659,-0.03901149149480046,-0.2253120618033404,0.0,-0.24136644775098923,1,0.15306122448979592,1.0,74.0,0.20388349514563106,1.0,26.666666666666668,0.011908396946564885,0.4625,1.0,74.0,0.4875,0.5675675675675675,1.0
15,45,80,1,84,171,2,11,80,1,100,1,0,217,6,1,6561,13,33.0,8.0,2,1,1000000,210000000000,10591921,387249,3.327e+21,162,0.432027669330178,-0.29251156284201113,-0.13201642162497412,-2.3703348286540127,-0.24382875720012032,-0.24168975567572543,-0.6515833407699301,-0.7594119039461286,-0.20912881183484056,-0.465975806527504,0.4934512705518225,-0.129554651525957,-2.436713089608918,-2.4354598005920636,-0.5977086715587934,-0.683793924898733,-0.7005417185861641,-0.1232324632294016,1.6905907925694137,0.6763626790824759,-0.0065533678066977,-0.6694913995885322,-0.16670289457711,0.0619477477542659,0.6297514969819897,-0.1887846555553765,0.0,-0.24079075716547557,1,0.15,1.0,80.0,0.20642201834862386,1.0,28.5,0.012800975312404754,0.4678362573099415,1.0,80.0,0.49122807017543857,0.5625,1.0
15,49,87,1,92,187,2,19,87,1,100,1,0,229,6,1,6573,13,33.0,8.0,2,1,1000000,216136428147,5687473,387249,3.423818285036613e+21,177,0.432027669330178,-0.2924946202438437,-0.1320143976451426,-2.3703348286540127,-0.24342226871118774,-0.24091711205979793,-0.6515833407699301,-0.7259173744033117,-0.20872826553101803,-0.465975806527504,0.4934512705518225,-0.129554651525957,-2.436713089608918,-2.4354345942099633,-0.5977086715587934,-0.683793924898733,-0.7005365480296111,-0.1232324632294016,1.6905907925694137,0.6763626790824759,-0.0065533678066977,-0.6694913995885322,-0.16670289457711,0.07123956922910102,-0.5870659494345437,-0.1887846555553765,0.0,-0.24007854464966613,1,0.15,1.0,87.0,0.21304347826086956,1.0,31.166666666666668,0.013994523881959233,0.46524064171123,1.0,87.0,0.4919786096256685,0.5632183908045977,1.0
15,49,86,1,91,185,2,17,86,1,97,1,0,226,6,1,6570,11,33.0,8.0,2,1,1000000,212578096720,7524728,365084,3.4181249547534373e+21,176,0.432027669330178,-0.29249689822554464,-0.13201469625014997,-2.3703348286540127,-0.24347151799001313,-0.2410189981258335,-0.6515833407699301,-0.727641643423822,-0.20878735956453473,-0.465975806527504,0.4498130125616323,-0.129554651525957,-2.436713089608918,-2.435440312973767,-0.5977086715587934,-0.683793924898733,-0.7005377211131398,-0.3080556318832544,1.6905907925694137,0.6763626790824759,-0.0065533678066977,-0.6694913995885322,-0.16670289457711,0.06585151944329146,-0.13123402168439863,-0.26515065765939505,0.0,-0.2401152087256747,1,0.15463917525773196,1.0,86.0,0.21585903083700442,1.0,30.833333333333332,0.013848729264952063,0.4648648648648649,1.0,86.0,0.4918918918918919,0.5697674418604651,1.0
15,50,91,1,92,193,2,19,91,1,97,1,0,236,6,1,6580,11,33.0,8.0,2,1,1000000,235000000000,8467489,362536,3.364e+21,180,0.432027669330178,-0.2924945475371254,-0.1320136013913012,-2.3703348286540127,-0.2434577697267395,-0.2406633205045237,-0.6515833407699301,-0.7228046359668356,-0.2085706866223187,-0.465975806527504,0.4447954345072714,-0.129554651525957,-2.436713089608918,-2.4354211950089133,-0.5977086715587934,-0.683793924898733,-0.7005337994667067,-0.3293068164558258,1.6905907925694137,0.6763626790824759,-0.0065533678066977,-0.6694913995885322,-0.16670289457711,0.0998029187548454,0.10266964935519166,-0.2739313100938378,0.0,-0.23991690804264565,1,0.15463917525773196,1.0,91.0,0.2109704641350211,1.0,32.166666666666664,0.013979638352833916,0.47150259067357514,1.0,91.0,0.47668393782383417,0.5494505494505495,1.0
15,48,84,1,89,181,2,16,84,1,98,1,0,223,6,1,6567,11,33.0,8.0,2,1,1000000,210000000000,8704613,374762,3.414e+21,171,0.432027669330178,-0.2925005702640517,-0.13201517759250886,-2.3703348286540127,-0.24355715008318798,-0.2412133748869108,-0.6515833407699301,-0.738101742045456,-0.20888261738268296,-0.465975806527504,0.46886779395687905,-0.129554651525957,-2.436713089608918,-2.435446593237656,-0.5977086715587934,-0.683793924898733,-0.7005390093765437,-0.22735201909771016,1.6905907925694137,0.6763626790824759,-0.0065533678066977,-0.6694913995885322,-0.16670289457711,0.0619477477542659,0.1615012492243506,-0.23180520476693217,0.0,-0.24033762752828564,1,0.15306122448979592,1.0,84.0,0.21428571428571427,1.0,30.166666666666668,0.013550548112058466,0.46408839779005523,1.0,84.0,0.49171270718232046,0.5714285714285714,1.0
15,39,69,1,75,150,2,1,69,1,100,1,0,197,6,1,6541,13,33.0,8.0,2,1,1000000,210000000000,6901738,387249,2.673e+21,141,0.432027669330178,-0.2925378657195719,-0.13201932518490547,-2.3703348286540127,-0.24428951078330344,-0.24269879593102875,-0.6515833407699301,-0.8068762406958088,-0.20970342734251246,-0.465975806527504,0.4934512705518225,-0.129554651525957,-2.436713089608918,-2.435502933087027,-0.5977086715587934,-0.683793924898733,-0.7005505663059037,-0.1232324632294016,1.6905907925694137,0.6763626790824759,-0.0065533678066977,-0.6694913995885322,-0.16670289457711,0.0619477477542659,-0.2858008260734477,-0.1887846555553765,0.0,-0.24180001733867798,1,0.15,1.0,69.0,0.19696969696969696,1.0,25.0,0.011464383980434117,0.46,1.0,69.0,0.5,0.5652173913043478,1.0
15,43,77,1,80,166,2,8,77,1,97,1,0,208,6,1,6552,11,33.0,8.0,2,1,1000000,210000000000,7715295,362536,2.926e+21,157,0.432027669330178,-0.2925225555238629,-0.1320172727663095,-2.3703348286540127,-0.2440509363334879,-0.2419518100861379,-0.6515833407699301,-0.7807221824027711,-0.209297252997432,-0.465975806527504,0.4447954345072714,-0.129554651525957,-2.436713089608918,-2.4354804057098707,-0.5977086715587934,-0.683793924898733,-0.7005459452905946,-0.3293068164558258,1.6905907925694137,0.6763626790824759,-0.0065533678066977,-0.6694913995885322,-0.16670289457711,0.0619477477542659,-0.0839535408360951,-0.2739313100938378,0.0,-0.2410529917894514,1,0.15463917525773196,1.0,77.0,0.20574162679425836,1.0,27.666666666666668,0.01220814893941706,0.463855421686747,1.0,77.0,0.4819277108433735,0.5584415584415584,1.0
15,42,76,1,79,165,2,6,76,1,97,1,0,207,6,1,6551,11,33.0,8.0,2,1,1000000,210000000000,6746050,365117,2.919313486623757e+21,154,0.432027669330178,-0.292522973550153,-0.13201738235871174,-2.3703348286540127,-0.24406126502216072,-0.24199668249667233,-0.6515833407699301,-0.7776402782301322,-0.20931894137147627,-0.465975806527504,0.44987883917202426,-0.129554651525957,-2.436713089608918,-2.4354815103782412,-0.5977086715587934,-0.683793924898733,-0.7005461718899637,-0.3077768333409954,1.6905907925694137,0.6763626790824759,-0.0065533678066977,-0.6694913995885322,-0.16670289457711,0.0619477477542659,-0.32442791234526047,-0.26503546252331,0.0,-0.24118832924247777,1,0.15463917525773196,1.0,76.0,0.20192307692307693,1.0,27.5,0.012057387057387058,0.46060606060606063,1.0,76.0,0.47878787878787876,0.5526315789473685,1.0
15,47,82,1,88,176,2,14,82,1,98,1,0,222,6,1,6566,11,33.0,8.0,2,1,1000000,210000000000,10354414,372154,3.327e+21,167,0.432027669330178,-0.2925041070698298,-0.13201574327280172,-2.3703348286540127,-0.2436445382849459,-0.2414428667264412,-0.6515833407699301,-0.7483055620710773,-0.20899456570692654,-0.465975806527504,0.4637323675760249,-0.129554651525957,-2.436713089608918,-2.435450331756087,-0.5977086715587934,-0.683793924898733,-0.7005397762545865,-0.2491023322360446,1.6905907925694137,0.6763626790824759,-0.0065533678066977,-0.6694913995885322,-0.16670289457711,0.0619477477542659,0.5708247630062613,-0.24079208920887082,0.0,-0.24055459693882847,1,0.15306122448979592,1.0,82.0,0.21076233183856502,1.0,29.333333333333332,0.01340033500837521,0.4659090909090909,1.0,82.0,0.5,0.573170731707317,1.0
15,44,78,1,81,167,2,10,78,1,100,1,0,210,6,1,6554,13,33.0,8.0,2,1,1000000,210000000000,5675658,387249,3.2587477979521404e+21,159,0.432027669330178,-0.29251846765695794,-0.13201700484108272,-2.3703348286540127,-0.2439993629386076,-0.2419020194792601,-0.6515833407699301,-0.7671583535280265,-0.20924423050304522,-0.465975806527504,0.4934512705518225,-0.129554651525957,-2.436713089608918,-2.4354759930298195,-0.5977086715587934,-0.683793924898733,-0.7005450401225437,-0.1232324632294016,1.6905907925694137,0.6763626790824759,-0.0065533678066977,-0.6694913995885322,-0.16670289457711,0.0619477477542659,-0.589997297544389,-0.1887846555553765,0.0,-0.2409554741631651,1,0.15,1.0,78.0,0.20853080568720378,1.0,27.833333333333332,0.012356979405034324,0.46706586826347307,1.0,78.0,0.48502994011976047,0.5641025641025641,1.0
15,45,79,1,83,169,2,11,79,1,100,1,0,216,6,1,6560,13,33.0,8.0,2,1,1000000,210000000000,10905912,387249,3.327e+21,161,0.432027669330178,-0.292514174661888,-0.13201672347143348,-2.3703348286540127,-0.24389329063980336,-0.2417996138853943,-0.6515833407699301,-0.7623420810977508,-0.2091885473528148,-0.465975806527504,0.4934512705518225,-0.129554651525957,-2.436713089608918,-2.435463088195347,-0.5977086715587934,-0.683793924898733,-0.7005423929684944,-0.1232324632294016,1.6905907925694137,0.6763626790824759,-0.0065533678066977,-0.6694913995885322,-0.16670289457711,0.0619477477542659,0.7076541656149233,-0.1887846555553765,0.0,-0.2408530631261626,1,0.15,1.0,79.0,0.2073732718894009,1.0,28.166666666666668,0.012650510592897424,0.46745562130177515,1.0,79.0,0.4911242603550296,0.569620253164557,1.0
15,42,73,1,78,157,2,4,73,1,99,1,0,203,6,1,6547,12,33.0,8.0,2,1,1000000,210000000000,9071594,384993,2.862e+21,147,0.432027669330178,-0.2925265566648255,-0.1320183217305976,-2.3703348286540127,-0.2441497974346126,-0.2423813066133426,-0.6515833407699301,-0.790109641930328,-0.2095048433903214,-0.465975806527504,0.48900964097306443,-0.129554651525957,-2.436713089608918,-2.435490979049327,-0.5977086715587934,-0.683793924898733,-0.7005481141877173,-0.1420443061062937,1.6905907925694137,0.6763626790824759,-0.0065533678066977,-0.6694913995885322,-0.16670289457711,0.0619477477542659,0.2525509874176828,-0.1965574106876496,0.0,-0.24152152231966248,1,0.15151515151515152,1.0,73.0,0.20588235294117646,1.0,26.166666666666668,0.011912034208918754,0.46496815286624205,1.0,73.0,0.4968152866242038,0.5753424657534246,1.0
15,45,79,1,83,169,2,11,79,1,100,1,0,216,6,1,6560,13,33.0,8.0,2,1,1000000,210000000000,9593704,387249,3.327e+21,161,0.432027669330178,-0.2925132756230627,-0.13201666454701477,-2.3703348286540127,-0.24387107698398447,-0.24177816811075092,-0.6515833407699301,-0.7613334575522802,-0.2091768861901166,-0.465975806527504,0.4934512705518225,-0.129554651525957,-2.436713089608918,-2.4354621378821464,-0.5977086715587934,-0.683793924898733,-0.7005421980318262,-0.1232324632294016,1.6905907925694137,0.6763626790824759,-0.0065533678066977,-0.6694913995885322,-0.16670289457711,0.0619477477542659,0.3820890132602384,-0.1887846555553765,0.0,-0.24083161621161775,1,0.15,1.0,79.0,0.2073732718894009,1.0,28.166666666666668,0.012650510592897424,0.46745562130177515,1.0,79.0,0.4911242603550296,0.569620253164557,1.0
15,48,84,1,89,179,2,16,84,1,97,1,0,223,6,1,6567,11,33.0,8.0,2,1,1000000,211248450823,10035835,363770,3.4184944229654274e+21,171,0.432027669330178,-0.2925019503917227,-0.13201533231237894,-2.3703348286540127,-0.2435937190561132,-0.24129329605932728,-0.6515833407699301,-0.7385292746426624,-0.2089132364981152,-0.465975806527504,0.4472252112508348,-0.129554651525957,-2.436713089608918,-2.435447101656178,-0.5977086715587934,-0.683793924898733,-0.7005391136678581,-0.31901586861442055,1.6905907925694137,0.6763626790824759,-0.0065533678066977,-0.6694913995885322,-0.16670289457711,0.06383816053099026,0.4917838116990252,-0.2696792536539824,0.0,-0.24034671838792163,1,0.15463917525773196,1.0,84.0,0.21428571428571427,1.0,29.833333333333332,0.013550548112058466,0.4692737430167598,1.0,84.0,0.4972067039106145,0.5714285714285714,1.0
15,50,91,1,92,193,2,20,91,1,97,1,0,236,6,1,6580,11,33.0,8.0,2,1,1000000,235000000000,7463457,362536,3.364e+21,179,0.432027669330178,-0.2924945475371254,-0.1320136013913012,-2.3703348286540127,-0.2434577697267395,-0.2406633205045237,-0.6515833407699301,-0.7261909046856674,-0.2085706866223187,-0.465975806527504,0.4447954345072714,-0.129554651525957,-2.436713089608918,-2.4354211950089133,-0.5977086715587934,-0.683793924898733,-0.7005337994667067,-0.3293068164558258,1.6905907925694137,0.6763626790824759,-0.0065533678066977,-0.6694913995885322,-0.16670289457711,0.0998029187548454,-0.1464356992125886,-0.2739313100938378,0.0,-0.23999362661385673,1,0.15463917525773196,1.0,91.0,0.2109704641350211,1.0,32.166666666666664,0.013979638352833916,0.47150259067357514,1.0,91.0,0.47668393782383417,0.5494505494505495,1.0
5,15,37,1,38,79,6,29,37,1,31,1,0,68,14,130,693588,6,4.720313664369858,6.853124223753428,2,2,541726,12099172777,4935707,356886,4265621118767139.0,76,13.318434972456139,-2.0836412503408304,-2.0965795417694757,-1.8238531230086035,-0.4929834587511188,-0.5042508157841843,-0.46018039999701477,-1.3044449927065747,-0.6439117078735247,-0.9207320210698378,0.6444561320158171,-2.0370155199172486,-1.7823106254201473,-1.8017836141125207,-0.17321037789917804,1.0731107308091725,1.0423147061227902,0.029502038017732088,-0.1726734490418702,2.7876792890091027,8.663973759842868,0.5224055029324793,-0.3295637584212172,-0.2724288356024277,0.7339656122778369,0.4212467947254481,0.0,-0.367349392236642,1,0.16129032258064516,1.0,37.0,0.21739130434782608,0.04580152671755725,5.642857142857143,5.478748942096833e-05,0.46835443037974683,1.0,37.0,0.4810126582278481,0.40540540540540543,1.0
15,44,78,1,82,168,2,10,78,1,100,1,0,213,6,1,6557,13,33.0,8.0,2,1,1000000,210000000000,9329688,387249,3.301596767639716e+21,160,0.432027669330178,-0.2925160263131492,-0.13201684483156956,-2.3703348286540127,-0.24393904166039884,-0.24184378338569607,-0.6515833407699301,-0.764419431938969,-0.20921256456543044,-0.465975806527504,0.4934512705518225,-0.129554651525957,-2.436713089608918,-2.4354681596188974,-0.5977086715587934,-0.683793924898733,-0.7005434332638516,-0.1232324632294016,1.6905907925694137,0.6763626790824759,-0.0065533678066977,-0.6694913995885322,-0.16670289457711,0.0619477477542659,0.31658518840199446,-0.1887846555553765,0.0,-0.24089723497419382,1,0.15,1.0,78.0,0.205607476635514,1.0,28.0,0.012503812137846905,0.4642857142857143,1.0,78.0,0.4880952380952381,0.5641025641025641,1.0
15,50,91,1,92,193,2,20,91,1,97,1,0,236,6,1,6580,11,33.0,8.0,2,1,1000000,235000000000,9944004,362536,3.364e+21,183,0.432027669330178,-0.2924945475371254,-0.1320136013913012,-2.3703348286540127,-0.2434577697267395,-0.2406633205045237,-0.6515833407699301,-0.7149396852423782,-0.2085706866223187,-0.465975806527504,0.4447954345072714,-0.129554651525957,-2.436713089608918,-2.4354211950089133,-0.5977086715587934,-0.683793924898733,-0.7005337994667067,-0.3293068164558258,1.6905907925694137,0.6763626790824759,-0.0065533678066977,-0.6694913995885322,-0.16670289457711,0.0998029187548454,0.46900004777243315,-0.2739313100938378,0.0,-0.23980231647346673,1,0.15463917525773196,1.0,91.0,0.2109704641350211,1.0,32.166666666666664,0.013979638352833916,0.47150259067357514,1.0,91.0,0.47668393782383417,0.5494505494505495,1.0
15,47,82,1,87,176,2,13,82,1,100,1,0,220,6,1,6564,13,33.0,8.0,2,1,1000000,210000000000,9000025,387249,3.327e+21,165,0.432027669330178,-0.2925060693519383,-0.1320158215383408,-2.3703348286540127,-0.2436930227976817,-0.24147135177815696,-0.6515833407699301,-0.7532488070049442,-0.2090100544839956,-0.465975806527504,0.4934512705518225,-0.129554651525957,-2.436713089608918,-2.4354530259953306,-0.5977086715587934,-0.683793924898733,-0.7005403289208249,-0.1232324632294016,1.6905907925694137,0.6763626790824759,-0.0065533678066977,-0.6694913995885322,-0.16670289457711,0.0619477477542659,0.23479433010410183,-0.1887846555553765,0.0,-0.24065970786167662,1,0.15,1.0,82.0,0.21266968325791855,1.0,29.333333333333332,0.013252094440213252,0.4659090909090909,1.0,82.0,0.4943181818181818,0.573170731707317,1.0
15,47,82,1,87,175,2,13,82,1,97,1,0,220,6,1,6564,11,33.0,8.0,2,1,1000000,210000000000,9972092,370658,3.327e+21,166,0.432027669330178,-0.2925064949185766,-0.13201586802551887,-2.3703348286540127,-0.2437035377949944,-0.2414882709700107,-0.6515833407699301,-0.7507127262885627,-0.20901925431250304,-0.465975806527504,0.46078688274044693,-0.129554651525957,-2.436713089608918,-2.435453550806028,-0.5977086715587934,-0.683793924898733,-0.7005404365746476,-0.2615774828402636,1.6905907925694137,0.6763626790824759,-0.0065533678066977,-0.6694913995885322,-0.16670289457711,0.0619477477542659,0.47596895289241314,-0.24594662359018513,0.0,-0.2406057817892116,1,0.15463917525773196,1.0,82.0,0.21266968325791855,1.0,29.166666666666668,0.013252094440213252,0.4685714285714286,1.0,82.0,0.49714285714285716,0.573170731707317,1.0
15,50,91,1,92,193,2,21,91,1,97,1,0,236,6,1,6580,11,33.0,8.0,2,1,1000000,235000000000,7341223,362536,3.364e+21,179,0.432027669330178,-0.2924945475371254,-0.1320136013913012,-2.3703348286540127,-0.2434577697267395,-0.2406633205045237,-0.6515833407699301,-0.7268560551132311,-0.2085706866223187,-0.465975806527504,0.4447954345072714,-0.129554651525957,-2.436713089608918,-2.4354211950089133,-0.5977086715587934,-0.683793924898733,-0.7005337994667067,-0.3293068164558258,1.6905907925694137,0.6763626790824759,-0.0065533678066977,-0.6694913995885322,-0.16670289457711,0.0998029187548454,-0.1767626131630364,-0.2739313100938378,0.0,-0.2400030555856097,1,0.15463917525773196,1.0,91.0,0.2109704641350211,1.0,32.166666666666664,0.013979638352833916,0.47150259067357514,1.0,91.0,0.47668393782383417,0.5494505494505495,1.0
15,50,91,1,92,193,2,19,91,1,97,1,0,236,6,1,6580,11,33.0,8.0,2,1,1000000,235000000000,8589091,362536,3.364e+21,181,0.432027669330178,-0.2924945475371254,-0.1320136013913012,-2.3703348286540127,-0.2434577697267395,-0.2406633205045237,-0.6515833407699301,-0.7223672111724361,-0.2085706866223187,-0.465975806527504,0.4447954345072714,-0.129554651525957,-2.436713089608918,-2.4354211950089133,-0.5977086715587934,-0.683793924898733,-0.7005337994667067,-0.3293068164558258,1.6905907925694137,0.6763626790824759,-0.0065533678066977,-0.6694913995885322,-0.16670289457711,0.0998029187548454,0.1328394727094042,-0.2739313100938378,0.0,-0.239907606839806,1,0.15463917525773196,1.0,91.0,0.2109704641350211,1.0,32.166666666666664,0.013979638352833916,0.47150259067357514,1.0,91.0,0.47668393782383417,0.5494505494505495,1.0
15,41,72,1,77,155,2,3,72,1,97,1,0,202,6,1,6546,11,33.0,8.0,2,1,1000000,210000000000,8546709,367686,2.822608439264185e+21,147,0.432027669330178,-0.2925282245080767,-0.1320184857002026,-2.3703348286540127,-0.24417040215984734,-0.24243103776718505,-0.6515833407699301,-0.796059852518568,-0.20953729303147095,-0.465975806527504,0.45493633038399506,-0.129554651525957,-2.436713089608918,-2.4354927420137438,-0.5977086715587934,-0.683793924898733,-0.7005484758226073,-0.2863566026927972,1.6905907925694137,0.6763626790824759,-0.0065533678066977,-0.6694913995885322,-0.16670289457711,0.0619477477542659,0.1223243921253665,-0.2561849629313869,0.0,-0.24149446732929328,1,0.15463917525773196,1.0,72.0,0.2019704433497537,1.0,25.833333333333332,0.011761111959676187,0.4645161290322581,1.0,72.0,0.4967741935483871,0.5694444444444444,1.0
15,44,78,1,82,168,2,10,78,1,100,1,0,214,6,1,6558,13,33.0,8.0,2,1,1000000,210000000000,10242007,387249,3.3124836518528245e+21,160,0.432027669330178,-0.2925153950094046,-0.13201680345492917,-2.3703348286540127,-0.2439234432638608,-0.2418287241941933,-0.6515833407699301,-0.763711177964561,-0.20920437611408574,-0.465975806527504,0.4934512705518225,-0.129554651525957,-2.436713089608918,-2.43546615769329,-0.5977086715587934,-0.683793924898733,-0.7005430226111238,-0.1232324632294016,1.6905907925694137,0.6763626790824759,-0.0065533678066977,-0.6694913995885322,-0.16670289457711,0.0619477477542659,0.5429361020562211,-0.1887846555553765,0.0,-0.24088217498225395,1,0.15,1.0,78.0,0.20465116279069767,1.0,28.0,0.012501905778319866,0.4642857142857143,1.0,78.0,0.4880952380952381,0.5641025641025641,1.0
15,44,78,1,81,167,2,10,78,1,100,1,0,210,6,1,6554,13,33.0,8.0,2,1,1000000,210000000000,6203655,387249,3.2642932211103595e+21,159,0.432027669330178,-0.29251818945442554,-0.13201698660725117,-2.3703348286540127,-0.24399248904714882,-0.24189538320433307,-0.6515833407699301,-0.7668462406173525,-0.20924062202151816,-0.465975806527504,0.4934512705518225,-0.129554651525957,-2.436713089608918,-2.4354750191503824,-0.5977086715587934,-0.683793924898733,-0.7005448403517601,-0.1232324632294016,1.6905907925694137,0.6763626790824759,-0.0065533678066977,-0.6694913995885322,-0.16670289457711,0.0619477477542659,-0.458998686118908,-0.1887846555553765,0.0,-0.24094883753550195,1,0.15,1.0,78.0,0.20853080568720378,1.0,27.833333333333332,0.012356979405034324,0.46706586826347307,1.0,78.0,0.48502994011976047,0.5641025641025641,1.0
15,47,82,1,87,175,2,13,82,1,98,1,0,220,6,1,6564,11,33.0,8.0,2,1,1000000,210000000000,7451704,374754,3.327e+21,166,0.432027669330178,-0.29250650630971803,-0.13201595570804825,-2.3703348286540127,-0.24370381924990925,-0.24152018337248596,-0.6515833407699301,-0.7514695576433217,-0.20903660671518107,-0.465975806527504,0.4688518677899772,-0.129554651525957,-2.436713089608918,-2.4354539133652167,-0.5977086715587934,-0.683793924898733,-0.7005405109460023,-0.22741947194222975,1.6905907925694137,0.6763626790824759,-0.0065533678066977,-0.6694913995885322,-0.16670289457711,0.0619477477542659,-0.14935156087003615,-0.23183307521252633,0.0,-0.24062187470858004,1,0.15306122448979592,1.0,82.0,0.21266968325791855,1.0,29.166666666666668,0.013252094440213252,0.4685714285714286,1.0,82.0,0.49714285714285716,0.573170731707317,1.0
12,3,4,1,6,10,1,1,4,1,41,1,0,11,1,0,389,7,12.266292720366174,6.115117520033289,3,3,643873,30936164403,1008695,369735,1.5385456552449016e+20,9,3.3898229733285876,-0.10354652960422807,-0.08929670254818314,-0.9430591472647131,-0.7723559193761756,-0.7248967414047972,-1.2829869814927646,-1.6325246126782684,-0.06788357345176216,-0.3024393997829469,0.7585461998005625,-0.09528067544351332,-1.1281998023350805,-1.1480031233785482,-0.9950006967180902,-1.3745272763208296,-1.4086589437361705,0.4591258981228718,0.11151926272163801,7.854498713856683,5.2067803549491325,0.2711284488362119,0.15880116313250997,0.2591304040163314,-1.4577367251081976,-0.06130125247825491,-0.20829781624520208,-0.7121369371716797,1,0.2926829268292683,1.0,4.0,0.25,1.0,10.0,0.015384615384615385,0.4,1.0,4.0,0.6,0.75,1.0
15,45,79,1,84,170,2,11,79,1,100,1,0,216,6,1,6560,13,33.0,8.0,2,1,1000000,210000000000,9204333,387249,3.295917492880338e+21,162,0.432027669330178,-0.292511958155337,-0.13201657819810783,-2.3703348286540127,-0.24383852469170644,-0.24174674108541064,-0.6515833407699301,-0.7598554023992539,-0.20915979771177026,-0.465975806527504,0.4934512705518225,-0.129554651525957,-2.436713089608918,-2.435463393592177,-0.5977086715587934,-0.683793924898733,-0.7005424556141995,-0.1232324632294016,1.6905907925694137,0.6763626790824759,-0.0065533678066977,-0.6694913995885322,-0.16670289457711,0.0619477477542659,0.2854840036392582,-0.1887846555553765,0.0,-0.2408001875158453,1,0.15,1.0,79.0,0.2073732718894009,1.0,28.333333333333332,0.012802926383173296,0.4647058823529412,1.0,79.0,0.49411764705882355,0.569620253164557,1.0
15,50,91,1,92,193,2,21,91,1,97,1,0,236,6,1,6580,11,33.0,8.0,2,1,1000000,235000000000,7341223,362536,3.364e+21,179,0.432027669330178,-0.2924945475371254,-0.1320136013913012,-2.3703348286540127,-0.2434577697267395,-0.2406633205045237,-0.6515833407699301,-0.7268560551132311,-0.2085706866223187,-0.465975806527504,0.4447954345072714,-0.129554651525957,-2.436713089608918,-2.4354211950089133,-0.5977086715587934,-0.683793924898733,-0.7005337994667067,-0.3293068164558258,1.6905907925694137,0.6763626790824759,-0.0065533678066977,-0.6694913995885322,-0.16670289457711,0.0998029187548454,-0.1767626131630364,-0.2739313100938378,0.0,-0.2400030555856097,1,0.15463917525773196,1.0,91.0,0.2109704641350211,1.0,32.166666666666664,0.013979638352833916,0.47150259067357514,1.0,91.0,0.47668393782383417,0.5494505494505495,1.0
15,49,86,1,91,185,2,18,86,1,100,1,0,226,6,1,6570,13,33.0,8.0,2,1,1000000,212807395431,6776461,387249,3.4558863398311543e+21,174,0.432027669330178,-0.29249720074390506,-0.1320147064566328,-2.3703348286540127,-0.24347944605694138,-0.24102315051774795,-0.6515833407699301,-0.7318011158044049,-0.20878937943099377,-0.465975806527504,0.4934512705518225,-0.129554651525957,-2.436713089608918,-2.4354408943303323,-0.5977086715587934,-0.683793924898733,-0.7005378403661522,-0.1232324632294016,1.6905907925694137,0.6763626790824759,-0.0065533678066977,-0.6694913995885322,-0.16670289457711,0.06619872511860028,-0.3168826532257766,-0.1887846555553765,0.0,-0.24020365386370326,1,0.15,1.0,86.0,0.21585903083700442,1.0,30.833333333333332,0.013848729264952063,0.4648648648648649,1.0,86.0,0.4918918918918919,0.5697674418604651,1.0
15,50,91,1,92,193,2,21,91,1,97,1,0,236,6,1,6580,11,33.0,8.0,2,1,1000000,235000000000,7341223,362536,3.364e+21,179,0.432027669330178,-0.2924945475371254,-0.1320136013913012,-2.3703348286540127,-0.2434577697267395,-0.2406633205045237,-0.6515833407699301,-0.7268560551132311,-0.2085706866223187,-0.465975806527504,0.4447954345072714,-0.129554651525957,-2.436713089608918,-2.4354211950089133,-0.5977086715587934,-0.683793924898733,-0.7005337994667067,-0.3293068164558258,1.6905907925694137,0.6763626790824759,-0.0065533678066977,-0.6694913995885322,-0.16670289457711,0.0998029187548454,-0.1767626131630364,-0.2739313100938378,0.0,-0.2400030555856097,1,0.15463917525773196,1.0,91.0,0.2109704641350211,1.0,32.166666666666664,0.013979638352833916,0.47150259067357514,1.0,91.0,0.47668393782383417,0.5494505494505495,1.0
15,39,69,1,75,150,2,1,69,1,100,1,0,197,6,1,6541,13,33.0,8.0,2,1,1000000,210000000000,7906373,387249,2.673e+21,141,0.432027669330178,-0.292538560087713,-0.1320193706948856,-2.3703348286540127,-0.2442980890862997,-0.2427153594678352,-0.6515833407699301,-0.8076552460475412,-0.2097124337832109,-0.465975806527504,0.4934512705518225,-0.129554651525957,-2.436713089608918,-2.4355036670566754,-0.5977086715587934,-0.683793924898733,-0.7005507168642647,-0.1232324632294016,1.6905907925694137,0.6763626790824759,-0.0065533678066977,-0.6694913995885322,-0.16670289457711,0.0619477477542659,-0.0365461649242725,-0.1887846555553765,0.0,-0.2418165817558816,1,0.15,1.0,69.0,0.19696969696969696,1.0,25.0,0.011464383980434117,0.46,1.0,69.0,0.5,0.5652173913043478,1.0
15,43,77,1,80,166,2,8,77,1,97,1,0,208,6,1,6552,11,33.0,8.0,2,1,1000000,210000000000,5080779,366069,2.9168485323486187e+21,152,0.432027669330178,-0.2925225555238629,-0.1320172727663095,-2.3703348286540127,-0.2440509363334879,-0.2419518100861379,-0.6515833407699301,-0.7736700965578821,-0.209297252997432,-0.465975806527504,0.4517528143449687,-0.129554651525957,-2.436713089608918,-2.4354804057098707,-0.5977086715587934,-0.683793924898733,-0.7005459452905946,-0.2998398980600292,1.6905907925694137,0.6763626790824759,-0.0065533678066977,-0.6694913995885322,-0.16670289457711,0.0619477477542659,-0.7375896186221824,-0.26175604674021147,0.0,-0.24125753765777122,1,0.15463917525773196,1.0,77.0,0.20574162679425836,1.0,27.666666666666668,0.01220814893941706,0.463855421686747,1.0,77.0,0.4819277108433735,0.5584415584415584,1.0
15,50,91,1,92,193,2,21,91,1,97,1,0,236,6,1,6580,11,33.0,8.0,2,1,1000000,235000000000,7341223,362536,3.364e+21,179,0.432027669330178,-0.2924945475371254,-0.1320136013913012,-2.3703348286540127,-0.2434577697267395,-0.2406633205045237,-0.6515833407699301,-0.7268560551132311,-0.2085706866223187,-0.465975806527504,0.4447954345072714,-0.129554651525957,-2.436713089608918,-2.4354211950089133,-0.5977086715587934,-0.683793924898733,-0.7005337994667067,-0.3293068164558258,1.6905907925694137,0.6763626790824759,-0.0065533678066977,-0.6694913995885322,-0.16670289457711,0.0998029187548454,-0.1767626131630364,-0.2739313100938378,0.0,-0.2400030555856097,1,0.15463917525773196,1.0,91.0,0.2109704641350211,1.0,32.166666666666664,0.013979638352833916,0.47150259067357514,1.0,91.0,0.47668393782383417,0.5494505494505495,1.0
15,50,89,1,93,189,2,21,89,1,100,1,0,232,6,1,6576,13,33.0,8.0,2,1,1000000,219544548417,5013800,387249,3.42927127746735e+21,179,0.432027669330178,-0.2924924384247054,-0.13201411164542645,-2.3703348286540127,-0.24337509843802657,-0.24081952700513648,-0.6515833407699301,-0.7204099071961311,-0.208671666088962,-0.465975806527504,0.4934512705518225,-0.129554651525957,-2.436713089608918,-2.435429116857661,-0.5977086715587934,-0.683793924898733,-0.7005354244665497,-0.1232324632294016,1.6905907925694137,0.6763626790824759,-0.0065533678066977,-0.6694913995885322,-0.16670289457711,0.07640016825236125,-0.7542073886636242,-0.1887846555553765,0.0,-0.23996143635977807,1,0.15,1.0,89.0,0.2145922746781116,1.0,31.5,0.014140185494906492,0.4708994708994709,1.0,89.0,0.49206349206349204,0.5617977528089888,1.0
15,39,69,1,75,150,2,1,69,1,99,1,0,197,6,1,6541,12,33.0,8.0,2,1,1000000,210000000000,8142308,384749,2.692112185787207e+21,141,0.432027669330178,-0.292537346269468,-0.13201926462080962,-2.3703348286540127,-0.24428309343763444,-0.24268157914922245,-0.6515833407699301,-0.806293474311569,-0.20969144168714451,-0.465975806527504,0.48853106220200576,-0.129554651525957,-2.436713089608918,-2.435502384011418,-0.5977086715587934,-0.683793924898733,-0.7005504536746472,-0.14407125330793077,1.6905907925694137,0.6763626790824759,-0.0065533678066977,-0.6694913995885322,-0.16670289457711,0.0619477477542659,0.02199056974855903,-0.19739491312520843,0.0,-0.24177797362544864,1,0.15151515151515152,1.0,69.0,0.19696969696969696,1.0,25.0,0.011464383980434117,0.46,1.0,69.0,0.5,0.5652173913043478,1.0
15,51,92,1,94,195,2,24,92,1,100,1,0,238,6,1,6582,13,33.0,8.0,2,1,1000000,235000000000,1769098,387249,3.4997946596942503e+21,187,0.432027669330178,-0.29248987334978854,-0.1320132950377111,-2.3703348286540127,-0.24334227884268556,-0.24055182190686009,-0.6515833407699301,-0.7036567507552383,-0.20851005914163326,-0.465975806527504,0.4934512705518225,-0.129554651525957,-2.436713089608918,-2.4354158985253562,-0.5977086715587934,-0.683793924898733,-0.7005327130050458,-0.1232324632294016,1.6905907925694137,0.6763626790824759,-0.0065533678066977,-0.6694913995885322,-0.16670289457711,0.0998029187548454,-1.5592336475696766,-0.1887846555553765,0.0,-0.23960520482408013,1,0.15,1.0,92.0,0.21338912133891214,1.0,32.5,0.014279204010329637,0.4717948717948718,1.0,92.0,0.48205128205128206,0.5543478260869565,1.0
15,49,87,1,91,187,2,19,87,1,100,1,0,228,6,1,6572,13,33.0,8.0,2,1,1000000,217475771713,5360803,387249,3.440912778168679e+21,177,0.432027669330178,-0.2924961557487735,-0.13201444208760807,-2.3703348286540127,-0.24346285649590055,-0.24093584370781523,-0.6515833407699301,-0.7264376226782984,-0.20873706071020084,-0.465975806527504,0.4934512705518225,-0.129554651525957,-2.436713089608918,-2.435436235793027,-0.5977086715587934,-0.683793924898733,-0.7005368847656819,-0.1232324632294016,1.6905907925694137,0.6763626790824759,-0.0065533678066977,-0.6694913995885322,-0.16670289457711,0.07326761241733272,-0.6681142625138674,-0.1887846555553765,0.0,-0.2400896069735092,1,0.15,1.0,87.0,0.21397379912663755,1.0,31.166666666666668,0.013844515441959531,0.46524064171123,1.0,87.0,0.48663101604278075,0.5632183908045977,1.0
15,43,77,1,80,166,2,8,77,1,97,1,0,208,6,1,6552,11,33.0,8.0,2,1,1000000,210000000000,5169567,364334,2.9213431675926914e+21,152,0.432027669330178,-0.2925225555238629,-0.1320172727663095,-2.3703348286540127,-0.2440509363334879,-0.2419518100861379,-0.6515833407699301,-0.772724359861877,-0.209297252997432,-0.465975806527504,0.4483357794150362,-0.129554651525957,-2.436713089608918,-2.4354804057098707,-0.5977086715587934,-0.683793924898733,-0.7005459452905946,-0.3143122269805145,1.6905907925694137,0.6763626790824759,-0.0065533678066977,-0.6694913995885322,-0.16670289457711,0.0619477477542659,-0.7155609367499871,-0.26773578352776595,0.0,-0.24125083441875728,1,0.15463917525773196,1.0,77.0,0.20574162679425836,1.0,27.666666666666668,0.01220814893941706,0.463855421686747,1.0,77.0,0.4819277108433735,0.5584415584415584,1.0
15,41,72,1,77,156,2,4,72,1,100,1,0,202,6,1,6546,13,33.0,8.0,2,1,1000000,210000000000,7646874,387249,2.8505990437945826e+21,146,0.432027669330178,-0.29252726942783935,-0.13201841516181564,-2.3703348286540127,-0.24415860298995903,-0.24240681010863968,-0.6515833407699301,-0.7912991550712973,-0.20952333346046204,-0.465975806527504,0.4934512705518225,-0.129554651525957,-2.436713089608918,-2.435491732462953,-0.5977086715587934,-0.683793924898733,-0.7005482687345993,-0.1232324632294016,1.6905907925694137,0.6763626790824759,-0.0065533678066977,-0.6694913995885322,-0.16670289457711,0.0619477477542659,-0.10092900754912781,-0.1887846555553765,0.0,-0.2415472387523886,1,0.15,1.0,72.0,0.2019704433497537,1.0,26.0,0.011761111959676187,0.46153846153846156,1.0,72.0,0.4935897435897436,0.5694444444444444,1.0
15,50,91,1,92,193,2,21,91,1,97,1,0,236,6,1,6580,11,33.0,8.0,2,1,1000000,235000000000,7341223,362536,3.364e+21,179,0.432027669330178,-0.2924945475371254,-0.1320136013913012,-2.3703348286540127,-0.2434577697267395,-0.2406633205045237,-0.6515833407699301,-0.7268560551132311,-0.2085706866223187,-0.465975806527504,0.4447954345072714,-0.129554651525957,-2.436713089608918,-2.4354211950089133,-0.5977086715587934,-0.683793924898733,-0.7005337994667067,-0.3293068164558258,1.6905907925694137,0.6763626790824759,-0.0065533678066977,-0.6694913995885322,-0.16670289457711,0.0998029187548454,-0.1767626131630364,-0.2739313100938378,0.0,-0.2400030555856097,1,0.15463917525773196,1.0,91.0,0.2109704641350211,1.0,32.166666666666664,0.013979638352833916,0.47150259067357514,1.0,91.0,0.47668393782383417,0.5494505494505495,1.0
15,47,81,1,87,173,2,13,81,1,100,1,0,221,6,1,6565,13,33.0,8.0,2,1,1000000,210000000000,12096418,387249,3.327e+21,165,0.432027669330178,-0.2925065509600129,-0.1320162238020214,-2.3703348286540127,-0.2437049224795514,-0.2416177572316453,-0.6515833407699301,-0.7537891187580011,-0.2090896626045424,-0.465975806527504,0.4934512705518225,-0.129554651525957,-2.436713089608918,-2.435452915027283,-0.5977086715587934,-0.683793924898733,-0.7005403061580752,-0.1232324632294016,1.6905907925694137,0.6763626790824759,-0.0065533678066977,-0.6694913995885322,-0.16670289457711,0.0619477477542659,1.0030242639186748,-0.1887846555553765,0.0,-0.2406711968062362,1,0.15,1.0,81.0,0.21171171171171171,1.0,28.833333333333332,0.01325007614986293,0.4682080924855491,1.0,81.0,0.5028901734104047,0.5802469135802469,1.0
15,49,86,1,91,185,2,17,86,1,97,1,0,226,6,1,6570,11,33.0,8.0,2,1,1000000,212120942852,7638211,364632,3.4173935085634076e+21,176,0.432027669330178,-0.2924971908874759,-0.13201473461319657,-2.3703348286540127,-0.24347784525289212,-0.24103208785910246,-0.6515833407699301,-0.7282983129834484,-0.20879495162463302,-0.465975806527504,0.448923284414195,-0.129554651525957,-2.436713089608918,-2.435441047687509,-0.5977086715587934,-0.683793924898733,-0.7005378718241358,-0.3118239393965116,1.6905907925694137,0.6763626790824759,-0.0065533678066977,-0.6694913995885322,-0.16670289457711,0.06515929392825912,-0.10307839532391999,-0.2667076625607932,0.0,-0.24012917184996696,1,0.15463917525773196,1.0,86.0,0.21585903083700442,1.0,30.833333333333332,0.013848729264952063,0.4648648648648649,1.0,86.0,0.4918918918918919,0.5697674418604651,1.0
15,46,80,1,85,171,2,12,80,1,99,1,0,218,6,1,6562,12,33.0,8.0,2,1,1000000,210000000000,5666983,386918,3.327e+21,163,0.432027669330178,-0.2925104451871159,-0.13201647202848837,-2.3703348286540127,-0.24380114192871435,-0.24170810023357017,-0.6515833407699301,-0.7580980441575217,-0.2091387867076167,-0.465975806527504,0.49280120807388955,-0.129554651525957,-2.436713089608918,-2.4354591177666856,-0.5977086715587934,-0.683793924898733,-0.7005415785189691,-0.12598570344860427,1.6905907925694137,0.6763626790824759,-0.0065533678066977,-0.6694913995885322,-0.16670289457711,0.0619477477542659,-0.5921496266577491,-0.18992225074922514,0.0,-0.24076281984561357,1,0.15151515151515152,1.0,80.0,0.2100456621004566,1.0,28.5,0.012951394179491087,0.4678362573099415,1.0,80.0,0.49707602339181284,0.575,1.0
15,43,77,1,80,166,2,7,77,1,98,1,0,208,6,1,6552,11,33.0,8.0,2,1,1000000,210000000000,6323755,371785,2.9020466690716084e+21,154,0.432027669330178,-0.2925225555238629,-0.1320172727663095,-2.3703348286540127,-0.2440509363334879,-0.2419518100861379,-0.6515833407699301,-0.7824022255965175,-0.209297252997432,-0.465975806527504,0.46300589298184486,-0.129554651525957,-2.436713089608918,-2.4354804057098707,-0.5977086715587934,-0.683793924898733,-0.7005459452905946,-0.2521792042888442,1.6905907925694137,0.6763626790824759,-0.0065533678066977,-0.6694913995885322,-0.16670289457711,0.0619477477542659,-0.4292013302198038,-0.24206340394375642,0.0,-0.2411601628235891,1,0.15306122448979592,1.0,77.0,0.20574162679425836,1.0,27.666666666666668,0.01220814893941706,0.463855421686747,1.0,77.0,0.4819277108433735,0.5584415584415584,1.0
8,15,40,1,23,67,1,31,40,1,43,1,0,69,9,0,80,7,7.8532107353344545,6.0,2,3,678062,11328707502,5429731,460986,0.0,65,3.2829497508976093,-1.5246905709429588,-1.5656544985043266,-1.7055175550094712,-0.7668621131535397,-0.73510497750781,-1.088454991868141,-1.2625855143146842,-0.4252544997442168,-0.8175340192577747,0.5350597835135886,-1.2119351094498452,-1.7529481729919891,-1.769588164458199,-0.8093309919485872,-1.1244031542911106,-1.1477452558111958,0.24555727649081438,-0.3090170961812285,4.216799227996867,2.6125547423069992,0.45717818129797727,0.2349500647871242,-0.12162455165208133,0.08949068061907794,0.4307594074554144,-0.08191911237227893,-0.7300907666334777,1,0.18604651162790697,1.0,40.0,0.21428571428571427,1.0,7.444444444444445,0.2839506172839506,0.5970149253731343,1.0,40.0,0.34328358208955223,0.375,1.0
15,50,91,1,92,193,2,20,91,1,97,1,0,236,6,1,6580,11,33.0,8.0,2,1,1000000,235000000000,7804494,362536,3.364e+21,179,0.432027669330178,-0.2924945475371254,-0.1320136013913012,-2.3703348286540127,-0.2434577697267395,-0.2406633205045237,-0.6515833407699301,-0.72433511452854,-0.2085706866223187,-0.465975806527504,0.4447954345072714,-0.129554651525957,-2.436713089608918,-2.4354211950089133,-0.5977086715587934,-0.683793924898733,-0.7005337994667067,-0.3293068164558258,1.6905907925694137,0.6763626790824759,-0.0065533678066977,-0.6694913995885322,-0.16670289457711,0.0998029187548454,-0.06182267624359972,-0.2739313100938378,0.0,-0.2399673194925713,1,0.15463917525773196,1.0,91.0,0.2109704641350211,1.0,32.166666666666664,0.013979638352833916,0.47150259067357514,1.0,91.0,0.47668393782383417,0.5494505494505495,1.0
15,45,79,1,84,170,2,11,79,1,100,1,0,217,6,1,6561,13,33.0,8.0,2,1,1000000,210000000000,5926604,387249,3.327e+21,162,0.432027669330178,-0.29251076316685326,-0.132016499876683,-2.3703348286540127,-0.2438089986444018,-0.24171823569387277,-0.6515833407699301,-0.7585147556025749,-0.2091442978749014,-0.465975806527504,0.4934512705518225,-0.129554651525957,-2.436713089608918,-2.4354594821344366,-0.5977086715587934,-0.683793924898733,-0.7005416532613123,-0.1232324632294016,1.6905907925694137,0.6763626790824759,-0.0065533678066977,-0.6694913995885322,-0.16670289457711,0.0619477477542659,-0.5277361973639292,-0.1887846555553765,0.0,-0.24077168060916807,1,0.15,1.0,79.0,0.20642201834862386,1.0,28.333333333333332,0.012800975312404754,0.4647058823529412,1.0,79.0,0.49411764705882355,0.569620253164557,1.0
15,48,84,1,89,179,2,16,84,1,97,1,0,223,6,1,6567,11,33.0,8.0,2,1,1000000,210000000000,10421287,362881,3.414e+21,171,0.432027669330178,-0.2925024938073334,-0.13201542973661326,-2.3703348286540127,-0.24360467742818157,-0.24132808593880178,-0.6515833407699301,-0.7402597478957799,-0.2089325167875448,-0.465975806527504,0.44547656445070394,-0.129554651525957,-2.436713089608918,-2.435448626485299,-0.5977086715587934,-0.683793924898733,-0.7005394264543251,-0.32642199473726596,1.6905907925694137,0.6763626790824759,-0.0065533678066977,-0.6694913995885322,-0.16670289457711,0.0619477477542659,0.5874161952956204,-0.27273934751125783,0.0,-0.24038351438792419,1,0.15463917525773196,1.0,84.0,0.21428571428571427,1.0,29.833333333333332,0.013550548112058466,0.4692737430167598,1.0,84.0,0.4972067039106145,0.5714285714285714,1.0
15,50,91,1,92,193,2,21,91,1,97,1,0,236,6,1,6580,11,33.0,8.0,2,1,1000000,235000000000,7341223,362536,3.364e+21,179,0.432027669330178,-0.2924945475371254,-0.1320136013913012,-2.3703348286540127,-0.2434577697267395,-0.2406633205045237,-0.6515833407699301,-0.7268560551132311,-0.2085706866223187,-0.465975806527504,0.4447954345072714,-0.129554651525957,-2.436713089608918,-2.4354211950089133,-0.5977086715587934,-0.683793924898733,-0.7005337994667067,-0.3293068164558258,1.6905907925694137,0.6763626790824759,-0.0065533678066977,-0.6694913995885322,-0.16670289457711,0.0998029187548454,-0.1767626131630364,-0.2739313100938378,0.0,-0.2400030555856097,1,0.15463917525773196,1.0,91.0,0.2109704641350211,1.0,32.166666666666664,0.013979638352833916,0.47150259067357514,1.0,91.0,0.47668393782383417,0.5494505494505495,1.0
15,50,91,1,92,193,2,20,91,1,97,1,0,236,6,1,6580,11,33.0,8.0,2,1,1000000,235000000000,9815959,362536,3.364e+21,183,0.432027669330178,-0.2924945475371254,-0.1320136013913012,-2.3703348286540127,-0.2434577697267395,-0.2406633205045237,-0.6515833407699301,-0.7133895232908462,-0.2085706866223187,-0.465975806527504,0.4447954345072714,-0.129554651525957,-2.436713089608918,-2.4354211950089133,-0.5977086715587934,-0.683793924898733,-0.7005337994667067,-0.3293068164558258,1.6905907925694137,0.6763626790824759,-0.0065533678066977,-0.6694913995885322,-0.16670289457711,0.0998029187548454,0.4372313570194031,-0.2739313100938378,0.0,-0.2398121580940022,1,0.15463917525773196,1.0,91.0,0.2109704641350211,1.0,32.166666666666664,0.013979638352833916,0.47150259067357514,1.0,91.0,0.47668393782383417,0.5494505494505495,1.0
15,48,85,1,90,183,2,17,85,1,99,1,0,224,6,1,6568,12,33.0,8.0,2,1,1000000,210000000000,7198609,385185,3.414e+21,172,0.432027669330178,-0.2924988827762259,-0.1320149563912962,-2.3703348286540127,-0.24351545525009943,-0.24111274106941796,-0.6515833407699301,-0.7362085646810259,-0.2088388415867236,-0.465975806527504,0.48938847337052954,-0.129554651525957,-2.436713089608918,-2.435444809508287,-0.5977086715587934,-0.683793924898733,-0.7005386434821627,-0.14043981941702263,1.6905907925694137,0.6763626790824759,-0.0065533678066977,-0.6694913995885322,-0.16670289457711,0.0619477477542659,-0.2121458078276706,-0.19589446223383197,0.0,-0.24029737186170372,1,0.15151515151515152,1.0,85.0,0.21333333333333335,1.0,30.5,0.013700715481808495,0.4644808743169399,1.0,85.0,0.4918032786885246,0.5647058823529412,1.0
15,42,76,1,79,163,2,6,76,1,97,1,0,206,6,1,6550,11,33.0,8.0,2,1,1000000,210000000000,7324372,362536,2.9117374026193557e+21,153,0.432027669330178,-0.29252344719046625,-0.1320175065312362,-2.3703348286540127,-0.24407296783476834,-0.24204752471182392,-0.6515833407699301,-0.7802347493264826,-0.20934351515671124,-0.465975806527504,0.4447954345072714,-0.129554651525957,-2.436713089608918,-2.4354827620111776,-0.5977086715587934,-0.683793924898733,-0.7005464286360074,-0.3293068164558258,1.6905907925694137,0.6763626790824759,-0.0065533678066977,-0.6694913995885322,-0.16670289457711,0.0619477477542659,-0.18094323829781211,-0.2739313100938378,0.0,-0.2412122536773748,1,0.15463917525773196,1.0,76.0,0.2028985507246377,1.0,27.166666666666668,0.012059227598839872,0.4662576687116564,1.0,76.0,0.48466257668711654,0.5526315789473685,1.0
15,45,79,1,84,170,2,11,79,1,100,1,0,218,6,1,6562,13,33.0,8.0,2,1,1000000,210000000000,11740188,387249,3.327e+21,162,0.432027669330178,-0.2925110194682474,-0.13201651667507952,-2.3703348286540127,-0.2438153313975546,-0.24172434953655103,-0.6515833407699301,-0.7588022978238826,-0.20914762228333933,-0.465975806527504,0.4934512705518225,-0.129554651525957,-2.436713089608918,-2.4354588192249698,-0.5977086715587934,-0.683793924898733,-0.7005415172794458,-0.1232324632294016,1.6905907925694137,0.6763626790824759,-0.0065533678066977,-0.6694913995885322,-0.16670289457711,0.0619477477542659,0.9146419962075629,-0.1887846555553765,0.0,-0.2407777947768138,1,0.15,1.0,79.0,0.2054794520547945,1.0,28.333333333333332,0.012799024836202957,0.4647058823529412,1.0,79.0,0.49411764705882355,0.569620253164557,1.0
15,39,69,1,75,151,2,1,69,1,100,1,0,198,6,1,6542,13,33.0,8.0,2,1,1000000,210000000000,5237491,387249,2.726027751155872e+21,142,0.432027669330178,-0.29253516534359625,-0.13201914819801666,-2.3703348286540127,-0.2442561500313442,-0.2426343808546195,-0.6515833407699301,-0.8038467132560209,-0.20966840157642494,-0.465975806527504,0.4934512705518225,-0.129554651525957,-2.436713089608918,-2.4355000787020282,-0.5977086715587934,-0.683793924898733,-0.7005499807891484,-0.1232324632294016,1.6905907925694137,0.6763626790824759,-0.0065533678066977,-0.6694913995885322,-0.16670289457711,0.0619477477542659,-0.6987086036197218,-0.1887846555553765,0.0,-0.24173559883843163,1,0.15,1.0,69.0,0.19597989949748743,1.0,25.166666666666668,0.011462631820265932,0.45695364238410596,1.0,69.0,0.4966887417218543,0.5652173913043478,1.0
15,41,72,1,77,156,2,3,72,1,97,1,0,202,6,1,6546,11,33.0,8.0,2,1,1000000,210000000000,10021043,364850,2.8443009787829053e+21,148,0.432027669330178,-0.29252768073274277,-0.13201841996150337,-2.3703348286540127,-0.24416368429752017,-0.2424125891983124,-0.6515833407699301,-0.7954497958783047,-0.20952428332031198,-0.465975806527504,0.44935184019239305,-0.129554651525957,-2.436713089608918,-2.4354921672255774,-0.5977086715587934,-0.683793924898733,-0.700548357916963,-0.31000885693173275,1.6905907925694137,0.6763626790824759,-0.0065533678066977,-0.6694913995885322,-0.16670289457711,0.0619477477542659,0.4881138638058295,-0.2659576992724575,0.0,-0.24147054019863742,1,0.15463917525773196,1.0,72.0,0.2019704433497537,1.0,26.0,0.011761111959676187,0.46153846153846156,1.0,72.0,0.4935897435897436,0.5694444444444444,1.0
15,50,91,1,92,193,2,19,91,1,97,1,0,236,6,1,6580,11,33.0,8.0,2,1,1000000,235000000000,8450331,362536,3.364e+21,180,0.432027669330178,-0.2924945475371254,-0.1320136013913012,-2.3703348286540127,-0.2434577697267395,-0.2406633205045237,-0.6515833407699301,-0.7228663593171177,-0.2085706866223187,-0.465975806527504,0.4447954345072714,-0.129554651525957,-2.436713089608918,-2.4354211950089133,-0.5977086715587934,-0.683793924898733,-0.7005337994667067,-0.3293068164558258,1.6905907925694137,0.6763626790824759,-0.0065533678066977,-0.6694913995885322,-0.16670289457711,0.0998029187548454,0.09841250024365593,-0.2739313100938378,0.0,-0.23991822050002864,1,0.15463917525773196,1.0,91.0,0.2109704641350211,1.0,32.166666666666664,0.013979638352833916,0.47150259067357514,1.0,91.0,0.47668393782383417,0.5494505494505495,1.0
10,31,65,1,55,127,1,25,65,1,72,1,0,152,10,0,3282,10,19.300877815853198,6.985250208581718,2,2,853372,106608158502,8096686,452247,1.3167869037694663e+21,122,1.7926025093565359,-1.3457937529912012,-1.301330823579218,-2.2868953123399867,-0.4981557655894677,-0.4867923372417462,-0.8035915541912558,-0.912883046916489,-0.4284451192333797,-0.8012442546527123,0.4429460299492526,-1.013013388272729,-2.300344416064264,-2.306862657911062,-0.6423514579093812,-0.820004632708206,-0.8365616049185735,-0.01056048460150276,0.5791988396178301,1.2547377876958983,0.4520128072877158,-0.05942070820870993,0.053899134320483405,-0.14856167884943464,0.5156547586379621,0.27025957881484625,0.0,-0.4863363587859079,1,0.1388888888888889,1.0,65.0,0.20261437908496732,1.0,12.7,0.01675296984465428,0.5118110236220472,1.0,65.0,0.4330708661417323,0.47692307692307695,1.0
15,50,91,1,92,193,2,20,91,1,97,1,0,236,6,1,6580,11,33.0,8.0,2,1,1000000,235000000000,9787861,362536,3.364e+21,182,0.432027669330178,-0.2924945475371254,-0.1320136013913012,-2.3703348286540127,-0.2434577697267395,-0.2406633205045237,-0.6515833407699301,-0.7135424175094066,-0.2085706866223187,-0.465975806527504,0.4447954345072714,-0.129554651525957,-2.436713089608918,-2.4354211950089133,-0.5977086715587934,-0.683793924898733,-0.7005337994667067,-0.3293068164558258,1.6905907925694137,0.6763626790824759,-0.0065533678066977,-0.6694913995885322,-0.16670289457711,0.0998029187548454,0.43026028759261437,-0.2739313100938378,0.0,-0.2398143254763089,1,0.15463917525773196,1.0,91.0,0.2109704641350211,1.0,32.166666666666664,0.013979638352833916,0.47150259067357514,1.0,91.0,0.47668393782383417,0.5494505494505495,1.0
15,39,69,1,75,151,2,1,69,1,100,1,0,198,6,1,6542,13,33.0,8.0,2,1,1000000,210000000000,4957917,387249,2.7315825802492657e+21,142,0.432027669330178,-0.2925348097331286,-0.13201912489074727,-2.3703348286540127,-0.24425175677917835,-0.2426258980819801,-0.6515833407699301,-0.8034477570813323,-0.20966378905980923,-0.465975806527504,0.4934512705518225,-0.129554651525957,-2.436713089608918,-2.435499702810229,-0.5977086715587934,-0.683793924898733,-0.7005499036828903,-0.1232324632294016,1.6905907925694137,0.6763626790824759,-0.0065533678066977,-0.6694913995885322,-0.16670289457711,0.0619477477542659,-0.7680722688486352,-0.1887846555553765,0.0,-0.24172711561490973,1,0.15,1.0,69.0,0.19597989949748743,1.0,25.166666666666668,0.011462631820265932,0.45695364238410596,1.0,69.0,0.4966887417218543,0.5652173913043478,1.0
15,39,69,1,75,150,2,1,69,1,100,1,0,197,6,1,6541,13,33.0,8.0,2,1,1000000,210000000000,7552155,387249,2.6800379094602293e+21,141,0.432027669330178,-0.2925381095330277,-0.13201934116482283,-2.3703348286540127,-0.2442925228824689,-0.24270461188500161,-0.6515833407699301,-0.8071497728117586,-0.209706589773651,-0.465975806527504,0.4934512705518225,-0.129554651525957,-2.436713089608918,-2.4355031908057585,-0.5977086715587934,-0.683793924898733,-0.7005506191714547,-0.1232324632294016,1.6905907925694137,0.6763626790824759,-0.0065533678066977,-0.6694913995885322,-0.16670289457711,0.0619477477542659,-0.1244291920171044,-0.1887846555553765,0.0,-0.24180583360178465,1,0.15,1.0,69.0,0.19696969696969696,1.0,25.0,0.011464383980434117,0.46,1.0,69.0,0.5,0.5652173913043478,1.0
15,49,86,1,91,185,2,18,86,1,100,1,0,227,6,1,6571,13,33.0,8.0,2,1,1000000,212970447906,6313282,387249,3.4187527166507226e+21,175,0.432027669330178,-0.29249664704916045,-0.13201466332515938,-2.3703348286540127,-0.24346608763217728,-0.2410077638943837,-0.6515833407699301,-0.7310335472433407,-0.20878084369758979,-0.465975806527504,0.4934512705518225,-0.129554651525957,-2.436713089608918,-2.4354396824075013,-0.5977086715587934,-0.683793924898733,-0.7005375917657973,-0.1232324632294016,1.6905907925694137,0.6763626790824759,-0.0065533678066977,-0.6694913995885322,-0.16670289457711,0.06644562029252629,-0.4317995702335464,-0.1887846555553765,0.0,-0.24018733263323985,1,0.15,1.0,86.0,0.2149122807017544,1.0,30.833333333333332,0.013846622032866707,0.4648648648648649,1.0,86.0,0.4918918918918919,0.5697674418604651,1.0
6,7,10,1,46,56,12,2,10,1,21,1,0,34,12,271,1435526,5,6.525787403313147,8.0,2,1,394763,42329986887,1315660,172458,3.1415648237273357e+20,50,23.91022775412291,-1.5352859554858405,-1.4622566453916437,-1.4348669950785875,-0.1652160227461931,-0.21308659515820097,0.09981372133753413,-1.5893753029632829,-0.5965507872138403,-0.6228615033136335,0.9239409239273751,-2.0100381587578884,-1.4017358787941836,-1.4252457001126457,0.38487807135607166,3.269383305775933,3.2231148680181168,-0.07070134344533742,0.43448912448859045,3.691922701170781,16.858867189839444,0.36985889502001407,-1.0194362838042184,-0.13760435643891883,0.26635016937921885,-7.419557129896212e-05,0.0,0.07021045378699015,1,0.2857142857142857,1.0,10.0,0.2,0.04411764705882353,4.666666666666667,3.204398106061398e-05,0.17857142857142858,1.0,10.0,0.8214285714285714,0.7,1.0
15,39,69,1,75,150,2,1,69,1,100,1,0,197,6,1,6541,13,33.0,8.0,2,1,1000000,210000000000,7906373,387249,2.673e+21,141,0.432027669330178,-0.292538560087713,-0.1320193706948856,-2.3703348286540127,-0.2442980890862997,-0.2427153594678352,-0.6515833407699301,-0.8076552460475412,-0.2097124337832109,-0.465975806527504,0.4934512705518225,-0.129554651525957,-2.436713089608918,-2.4355036670566754,-0.5977086715587934,-0.683793924898733,-0.7005507168642647,-0.1232324632294016,1.6905907925694137,0.6763626790824759,-0.0065533678066977,-0.6694913995885322,-0.16670289457711,0.0619477477542659,-0.0365461649242725,-0.1887846555553765,0.0,-0.2418165817558816,1,0.15,1.0,69.0,0.19696969696969696,1.0,25.0,0.011464383980434117,0.46,1.0,69.0,0.5,0.5652173913043478,1.0
15,43,77,1,80,166,2,7,77,1,97,1,0,208,6,1,6552,11,33.0,8.0,2,1,1000000,210000000000,6488427,362536,2.926e+21,155,0.432027669330178,-0.2925225555238629,-0.1320172727663095,-2.3703348286540127,-0.2440509363334879,-0.2419518100861379,-0.6515833407699301,-0.7762333384619762,-0.209297252997432,-0.465975806527504,0.4447954345072714,-0.129554651525957,-2.436713089608918,-2.4354804057098707,-0.5977086715587934,-0.683793924898733,-0.7005459452905946,-0.3293068164558258,1.6905907925694137,0.6763626790824759,-0.0065533678066977,-0.6694913995885322,-0.16670289457711,0.0619477477542659,-0.3883454251460939,-0.2739313100938378,0.0,-0.2411484405352551,1,0.15463917525773196,1.0,77.0,0.20574162679425836,1.0,27.666666666666668,0.01220814893941706,0.463855421686747,1.0,77.0,0.4819277108433735,0.5584415584415584,1.0
15,40,70,1,76,152,2,2,70,1,100,1,0,199,6,1,6543,13,33.0,8.0,2,1,1000000,210000000000,4236261,387249,2.7459210956371447e+21,143,0.432027669330178,-0.29253389180638845,-0.13201906472838493,-2.3703348286540127,-0.24424041660782045,-0.24260400175286237,-0.6515833407699301,-0.8024179433546303,-0.20965188290763795,-0.465975806527504,0.4934512705518225,-0.129554651525957,-2.436713089608918,-2.4354987325318898,-0.5977086715587934,-0.683793924898733,-0.7005497046507958,-0.1232324632294016,1.6905907925694137,0.6763626790824759,-0.0065533678066977,-0.6694913995885322,-0.16670289457711,0.0619477477542659,-0.9471186381468913,-0.1887846555553765,0.0,-0.24170521812194234,1,0.15,1.0,70.0,0.2,1.0,25.333333333333332,0.011613691931540342,0.4605263157894737,1.0,70.0,0.5,0.5714285714285714,1.0
15,49,86,1,91,184,2,17,86,1,97,1,0,225,6,1,6569,11,33.0,8.0,2,1,1000000,210000000000,8116885,363470,3.414e+21,174,0.432027669330178,-0.2924985486780879,-0.1320149125966613,-2.3703348286540127,-0.2435072002773019,-0.2410928170317284,-0.6515833407699301,-0.7315147005806019,-0.2088301746134306,-0.465975806527504,0.4466359607866773,-0.129554651525957,-2.436713089608918,-2.435444456355718,-0.5977086715587934,-0.683793924898733,-0.700538571040377,-0.32151154884851313,1.6905907925694137,0.6763626790824759,-0.0065533678066977,-0.6694913995885322,-0.16670289457711,0.0619477477542659,0.01568288070935764,-0.27071042914672927,0.0,-0.24019756366002237,1,0.15463917525773196,1.0,86.0,0.2168141592920354,1.0,30.666666666666668,0.013850837138508371,0.4673913043478261,1.0,86.0,0.4945652173913043,0.5697674418604651,1.0
15,47,82,1,87,176,2,13,82,1,98,1,0,221,6,1,6565,11,33.0,8.0,2,1,1000000,210000000000,7885176,371800,3.327e+21,166,0.432027669330178,-0.2925055496391131,-0.13201583030465588,-2.3703348286540127,-0.24368018161496857,-0.24147454231311474,-0.6515833407699301,-0.749859637464843,-0.20901178934076134,-0.465975806527504,0.4630350759625026,-0.129554651525957,-2.436713089608918,-2.43545264932539,-0.5977086715587934,-0.683793924898733,-0.7005402516549474,-0.2520556042368637,1.6905907925694137,0.6763626790824759,-0.0065533678066977,-0.6694913995885322,-0.16670289457711,0.0619477477542659,-0.04180520928950043,-0.2420123343625002,0.0,-0.2405876420945915,1,0.15306122448979592,1.0,82.0,0.21171171171171171,1.0,29.333333333333332,0.01325007614986293,0.4659090909090909,1.0,82.0,0.4943181818181818,0.573170731707317,1.0
15,45,79,1,83,169,2,11,79,1,100,1,0,216,6,1,6560,13,33.0,8.0,2,1,1000000,210000000000,9789935,387249,3.327e+21,161,0.432027669330178,-0.29251341006760606,-0.1320166733587216,-2.3703348286540127,-0.24387439887034634,-0.24178137516621662,-0.6515833407699301,-0.7614842896722729,-0.20917863002992607,-0.465975806527504,0.4934512705518225,-0.129554651525957,-2.436713089608918,-2.4354622799943897,-0.5977086715587934,-0.683793924898733,-0.7005422271831493,-0.1232324632294016,1.6905907925694137,0.6763626790824759,-0.0065533678066977,-0.6694913995885322,-0.16670289457711,0.0619477477542659,0.4307748508514073,-0.1887846555553765,0.0,-0.24083482343754722,1,0.15,1.0,79.0,0.2073732718894009,1.0,28.166666666666668,0.012650510592897424,0.46745562130177515,1.0,79.0,0.4911242603550296,0.569620253164557,1.0
15,52,93,1,97,198,2,25,93,1,100,1,0,243,6,1,6587,13,33.0,8.0,2,1,1000000,235000000000,1931557,387249,3.460570043590527e+21,190,0.432027669330178,-0.29248359562105924,-0.13201288358549607,-2.3703348286540127,-0.24318716729311718,-0.24040207224999355,-0.6515833407699301,-0.69661382354215,-0.20842863260695418,-0.465975806527504,0.4934512705518225,-0.129554651525957,-2.436713089608918,-2.4354059448810097,-0.5977086715587934,-0.683793924898733,-0.7005306712252776,-0.1232324632294016,1.6905907925694137,0.6763626790824759,-0.0065533678066977,-0.6694913995885322,-0.16670289457711,0.0998029187548454,-1.5189267973673273,-0.1887846555553765,0.0,-0.2394554472076107,1,0.15,1.0,93.0,0.21311475409836064,1.0,33.0,0.0147237401335762,0.4696969696969697,1.0,93.0,0.4898989898989899,0.5591397849462365,1.0
15,45,79,1,83,169,2,11,79,1,100,1,0,216,6,1,6560,13,33.0,8.0,2,1,1000000,210000000000,10152690,387249,3.327e+21,161,0.432027669330178,-0.2925136586034694,-0.13201668964815302,-2.3703348286540127,-0.24388053975099788,-0.24178730376903818,-0.6515833407699301,-0.7617631198146662,-0.2091818537139955,-0.465975806527504,0.4934512705518225,-0.129554651525957,-2.436713089608918,-2.435462542704859,-0.5977086715587934,-0.683793924898733,-0.7005422810726497,-0.1232324632294016,1.6905907925694137,0.6763626790824759,-0.0065533678066977,-0.6694913995885322,-0.16670289457711,0.0619477477542659,0.5207760987867527,-0.1887846555553765,0.0,-0.24084075235549018,1,0.15,1.0,79.0,0.2073732718894009,1.0,28.166666666666668,0.012650510592897424,0.46745562130177515,1.0,79.0,0.4911242603550296,0.569620253164557,1.0
15,50,91,1,92,193,2,21,91,1,97,1,0,236,6,1,6580,11,33.0,8.0,2,1,1000000,235000000000,7294726,363444,3.364e+21,178,0.432027669330178,-0.2924945475371254,-0.1320136013913012,-2.3703348286540127,-0.2434577697267395,-0.2406633205045237,-0.6515833407699301,-0.7265258785512515,-0.2085706866223187,-0.465975806527504,0.4465848725983839,-0.129554651525957,-2.436713089608918,-2.4354211950089133,-0.5977086715587934,-0.683793924898733,-0.7005337994667067,-0.3217279250577395,1.6905907925694137,0.6763626790824759,-0.0065533678066977,-0.6694913995885322,-0.16670289457711,0.0998029187548454,-0.18829862706029132,-0.27079983236478566,0.0,-0.24000656594809394,1,0.15463917525773196,1.0,91.0,0.2109704641350211,1.0,32.166666666666664,0.013979638352833916,0.47150259067357514,1.0,91.0,0.47668393782383417,0.5494505494505495,1.0
15,50,91,1,92,193,2,19,91,1,97,1,0,236,6,1,6580,11,33.0,8.0,2,1,1000000,235000000000,8604002,362536,3.364e+21,181,0.432027669330178,-0.2924945475371254,-0.1320136013913012,-2.3703348286540127,-0.2434577697267395,-0.2406633205045237,-0.6515833407699301,-0.7222580920923062,-0.2085706866223187,-0.465975806527504,0.4447954345072714,-0.129554651525957,-2.436713089608918,-2.4354211950089133,-0.5977086715587934,-0.683793924898733,-0.7005337994667067,-0.3293068164558258,1.6905907925694137,0.6763626790824759,-0.0065533678066977,-0.6694913995885322,-0.16670289457711,0.0998029187548454,0.1365391961630356,-0.2739313100938378,0.0,-0.23990644671044095,1,0.15463917525773196,1.0,91.0,0.2109704641350211,1.0,32.166666666666664,0.013979638352833916,0.47150259067357514,1.0,91.0,0.47668393782383417,0.5494505494505495,1.0
15,49,86,1,91,184,2,18,86,1,100,1,0,225,6,1,6569,13,33.0,8.0,2,1,1000000,210753029332,6867186,387249,3.4252351976380506e+21,173,0.432027669330178,-0.29249818712090697,-0.13201485730359985,-2.3703348286540127,-0.24349975574640478,-0.24107413034159317,-0.6515833407699301,-0.7347520690250366,-0.208819232097584,-0.465975806527504,0.4934512705518225,-0.129554651525957,-2.436713089608918,-2.435443500911548,-0.5977086715587934,-0.683793924898733,-0.7005383750511988,-0.1232324632294016,1.6905907925694137,0.6763626790824759,-0.0065533678066977,-0.6694913995885322,-0.16670289457711,0.06308798991998632,-0.2943733221030731,-0.1887846555553765,0.0,-0.24026640159731796,1,0.15,1.0,86.0,0.2168141592920354,1.0,30.666666666666668,0.013850837138508371,0.4673913043478261,1.0,86.0,0.4945652173913043,0.5697674418604651,1.0
15,50,91,1,92,193,2,19,91,1,97,1,0,236,6,1,6580,11,33.0,8.0,2,1,1000000,235000000000,8535233,362536,3.364e+21,180,0.432027669330178,-0.2924945475371254,-0.1320136013913012,-2.3703348286540127,-0.2434577697267395,-0.2406633205045237,-0.6515833407699301,-0.7225609492816807,-0.2085706866223187,-0.465975806527504,0.4447954345072714,-0.129554651525957,-2.436713089608918,-2.4354211950089133,-0.5977086715587934,-0.683793924898733,-0.7005337994667067,-0.3293068164558258,1.6905907925694137,0.6763626790824759,-0.0065533678066977,-0.6694913995885322,-0.16670289457711,0.0998029187548454,0.11947707394343494,-0.2739313100938378,0.0,-0.2399117263992707,1,0.15463917525773196,1.0,91.0,0.2109704641350211,1.0,32.166666666666664,0.013979638352833916,0.47150259067357514,1.0,91.0,0.47668393782383417,0.5494505494505495,1.0
15,42,73,1,78,157,2,5,73,1,100,1,0,203,6,1,6547,13,33.0,8.0,2,1,1000000,210000000000,8414666,387249,2.862e+21,147,0.432027669330178,-0.2925261211130787,-0.13201820754361135,-2.3703348286540127,-0.24413903572296777,-0.2423345529587136,-0.6515833407699301,-0.7892112287098709,-0.20948224574652527,-0.465975806527504,0.4934512705518225,-0.129554651525957,-2.436713089608918,-2.435489828068516,-0.5977086715587934,-0.683793924898733,-0.7005478780883299,-0.1232324632294016,1.6905907925694137,0.6763626790824759,-0.0065533678066977,-0.6694913995885322,-0.16670289457711,0.0619477477542659,0.08956382038468536,-0.1887846555553765,0.0,-0.24150945501193105,1,0.15,1.0,73.0,0.20588235294117646,1.0,26.166666666666668,0.011912034208918754,0.46496815286624205,1.0,73.0,0.4968152866242038,0.5753424657534246,1.0
15,46,80,1,85,171,2,12,80,1,100,1,0,219,6,1,6563,13,33.0,8.0,2,1,1000000,210000000000,8678034,387249,3.327e+21,163,0.432027669330178,-0.2925086623665364,-0.13201636218692595,-2.3703348286540127,-0.2437570915922604,-0.2416681229635908,-0.6515833407699301,-0.7561578866840739,-0.20911704902468328,-0.465975806527504,0.4934512705518225,-0.129554651525957,-2.436713089608918,-2.435456262765058,-0.5977086715587934,-0.683793924898733,-0.7005409928757255,-0.1232324632294016,1.6905907925694137,0.6763626790824759,-0.0065533678066977,-0.6694913995885322,-0.16670289457711,0.0619477477542659,0.15490680875621665,-0.1887846555553765,0.0,-0.24072156521525775,1,0.15,1.0,80.0,0.20909090909090908,1.0,28.5,0.01294942108470445,0.4678362573099415,1.0,80.0,0.49707602339181284,0.575,1.0
15,43,77,1,80,166,2,6,77,1,99,1,0,208,6,1,6552,12,33.0,8.0,2,1,1000000,210000000000,4023448,387075,2.8624502530483647e+21,151,0.432027669330178,-0.2925225555238629,-0.1320172727663095,-2.3703348286540127,-0.2440509363334879,-0.2419518100861379,-0.6515833407699301,-0.785179446411254,-0.209297252997432,-0.465975806527504,0.4931089668252632,-0.129554651525957,-2.436713089608918,-2.4354804057098707,-0.5977086715587934,-0.683793924898733,-0.7005459452905946,-0.1246822383189328,1.6905907925694137,0.6763626790824759,-0.0065533678066977,-0.6694913995885322,-0.16670289457711,0.0619477477542659,-0.999918410880133,-0.18938367962981406,0.0,-0.24133732352270204,1,0.15151515151515152,1.0,77.0,0.20574162679425836,1.0,27.666666666666668,0.01220814893941706,0.463855421686747,1.0,77.0,0.4819277108433735,0.5584415584415584,1.0
15,50,91,1,92,193,2,22,91,1,99,1,0,236,6,1,6580,12,33.0,8.0,2,1,1000000,235000000000,6262342,385425,3.364e+21,177,0.432027669330178,-0.2924945475371254,-0.1320136013913012,-2.3703348286540127,-0.2434577697267395,-0.2406633205045237,-0.6515833407699301,-0.7182096284941051,-0.2085706866223187,-0.465975806527504,0.4898606369974058,-0.129554651525957,-2.436713089608918,-2.4354211950089133,-0.5977086715587934,-0.683793924898733,-0.7005337994667067,-0.13844004257758086,1.6905907925694137,0.6763626790824759,-0.0065533678066977,-0.6694913995885322,-0.16670289457711,0.0998029187548454,-0.44443797554309183,-0.19506818615902669,0.0,-0.24008441675231626,1,0.15151515151515152,1.0,91.0,0.2109704641350211,1.0,32.166666666666664,0.013979638352833916,0.47150259067357514,1.0,91.0,0.47668393782383417,0.5494505494505495,1.0
15,52,93,1,96,197,2,25,93,1,100,1,0,241,6,1,6585,13,33.0,8.0,2,1,1000000,235000000000,1866377,387249,3.476307285779934e+21,189,0.432027669330178,-0.2924861142980337,-0.13201304866354654,-2.3703348286540127,-0.24324939933677764,-0.24046215305771024,-0.6515833407699301,-0.6994395045120196,-0.20846130160984513,-0.465975806527504,0.4934512705518225,-0.129554651525957,-2.436713089608918,-2.4354099383659,-0.5977086715587934,-0.683793924898733,-0.700531490404301,-0.1232324632294016,1.6905907925694137,0.6763626790824759,-0.0065533678066977,-0.6694913995885322,-0.16670289457711,0.0998029187548454,-1.535098240877422,-0.1887846555553765,0.0,-0.23951553120878627,1,0.15,1.0,93.0,0.21487603305785125,1.0,32.833333333333336,0.014576374126935925,0.4720812182741117,1.0,93.0,0.4873096446700508,0.5591397849462365,1.0
5,23,61,1,36,104,1,47,61,1,44,1,0,107,14,9,50024,7,5.907907606857297,6.061394928761802,2,2,698824,6644949664,8040690,503951,306974643809010.0,102,3.848011687432699,-2.3479352115520253,-2.4121763935827873,-2.1783888504445503,-0.7265236414680941,-0.7079758716533144,-0.915846016347109,-1.0358779207634483,-0.6410416326923603,-1.1119389718035746,0.41193959415649006,-1.8827517186178913,-2.1401883344532475,-2.154601924235487,-0.6488154770224426,-0.8065004702914149,-0.8239021044277477,0.0938464220099227,-0.476336413841189,1.8862042719518262,1.4561790912151196,0.5321584477966745,0.2250781811650091,-0.34715663541508396,1.0289296701311188,0.6947501201983628,0.0,-0.698099608822955,1,0.11363636363636363,1.0,61.0,0.21296296296296297,0.1,7.428571428571429,0.000719640179910045,0.5865384615384616,1.0,61.0,0.34615384615384615,0.3770491803278688,1.0
15,42,73,1,78,157,2,4,73,1,98,1,0,203,6,1,6547,12,33.0,8.0,2,1,1000000,210000000000,9567213,375463,2.862e+21,147,0.432027669330178,-0.2925265566648255,-0.1320183217305976,-2.3703348286540127,-0.2441497974346126,-0.2423813066133426,-0.6515833407699301,-0.79184060963691,-0.2095048433903214,-0.465975806527504,0.47024719744847226,-0.129554651525957,-2.436713089608918,-2.435490979049327,-0.5977086715587934,-0.683793924898733,-0.7005481141877173,-0.22150976654432555,1.6905907925694137,0.6763626790824759,-0.0065533678066977,-0.6694913995885322,-0.16670289457711,0.0619477477542659,0.3755164210436784,-0.22939127866646827,0.0,-0.2414847158058252,1,0.15306122448979592,1.0,73.0,0.20588235294117646,1.0,26.166666666666668,0.011912034208918754,0.46496815286624205,1.0,73.0,0.4968152866242038,0.5753424657534246,1.0
15,42,74,1,78,160,2,4,74,1,98,1,0,204,6,1,6548,11,33.0,8.0,2,1,1000000,210000000000,7926150,371694,2.862e+21,149,0.432027669330178,-0.29252507383653575,-0.13201793298300388,-2.3703348286540127,-0.24411315937590033,-0.24222213461544434,-0.6515833407699301,-0.7908615708698423,-0.20942791010800654,-0.465975806527504,0.4628273536080494,-0.129554651525957,-2.436713089608918,-2.435487060555325,-0.5977086715587934,-0.683793924898733,-0.7005473103914899,-0.2529353805047181,1.6905907925694137,0.6763626790824759,-0.0065533678066977,-0.6694913995885322,-0.16670289457711,0.0619477477542659,-0.03163924331203172,-0.24237584396365772,0.0,-0.24139941333748333,1,0.15306122448979592,1.0,74.0,0.2048780487804878,1.0,26.666666666666668,0.011910215300045808,0.4625,1.0,74.0,0.4875,0.5675675675675675,1.0
15,51,92,1,94,195,2,24,92,1,100,1,0,238,6,1,6582,13,33.0,8.0,2,1,1000000,235000000000,2982289,387249,3.5901031210173533e+21,187,0.432027669330178,-0.2924893290437795,-0.13201325936303912,-2.3703348286540127,-0.24332883000598918,-0.24053883796926068,-0.6515833407699301,-0.7030460987553258,-0.2085029991117986,-0.465975806527504,0.4934512705518225,-0.129554651525957,-2.436713089608918,-2.435415678892174,-0.5977086715587934,-0.683793924898733,-0.7005326679519404,-0.1232324632294016,1.6905907925694137,0.6763626790824759,-0.0065533678066977,-0.6694913995885322,-0.16670289457711,0.0998029187548454,-1.258235215753748,-0.1887846555553765,0.0,-0.23959222019634902,1,0.15,1.0,92.0,0.21338912133891214,1.0,32.5,0.014279204010329637,0.4717948717948718,1.0,92.0,0.48205128205128206,0.5543478260869565,1.0
15,50,91,1,92,193,2,20,91,1,97,1,0,236,6,1,6580,11,33.0,8.0,2,1,1000000,235000000000,8691089,362536,3.364e+21,181,0.432027669330178,-0.2924945475371254,-0.1320136013913012,-2.3703348286540127,-0.2434577697267395,-0.2406633205045237,-0.6515833407699301,-0.7195106150041222,-0.2085706866223187,-0.465975806527504,0.4447954345072714,-0.129554651525957,-2.436713089608918,-2.4354211950089133,-0.5977086715587934,-0.683793924898733,-0.7005337994667067,-0.3293068164558258,1.6905907925694137,0.6763626790824759,-0.0065533678066977,-0.6694913995885322,-0.16670289457711,0.0998029187548454,0.15814588405168462,-0.2739313100938378,0.0,-0.23989892884309896,1,0.15463917525773196,1.0,91.0,0.2109704641350211,1.0,32.166666666666664,0.013979638352833916,0.47150259067357514,1.0,91.0,0.47668393782383417,0.5494505494505495,1.0
15,52,93,1,96,197,2,25,93,1,100,1,0,241,6,1,6585,13,33.0,8.0,2,1,1000000,235000000000,1881640,387249,3.4726220959957967e+21,189,0.432027669330178,-0.2924855244994817,-0.13201301000722176,-2.3703348286540127,-0.2432348264599811,-0.2404480839358047,-0.6515833407699301,-0.6987778148386915,-0.2084536515098935,-0.465975806527504,0.4934512705518225,-0.129554651525957,-2.436713089608918,-2.435409003211599,-0.5977086715587934,-0.683793924898733,-0.7005312985771605,-0.1232324632294016,1.6905907925694137,0.6763626790824759,-0.0065533678066977,-0.6694913995885322,-0.16670289457711,0.0998029187548454,-1.5313113741760718,-0.1887846555553765,0.0,-0.23950146133906847,1,0.15,1.0,93.0,0.21487603305785125,1.0,32.833333333333336,0.014576374126935925,0.4720812182741117,1.0,93.0,0.4873096446700508,0.5591397849462365,1.0
5,11,27,1,40,69,8,22,27,1,25,1,0,53,13,179,950048,5,4.247057064230699,7.1686286238462005,2,2,479123,14272682589,3698370,298281,5843143119231002.0,66,17.092401953427267,-1.978320014651348,-1.9708140862881554,-1.682570512015516,-0.3999176145139731,-0.4230663099910313,-0.27859749301242376,-1.4114690645125634,-0.6450554338338784,-0.844535984537611,0.7371140534202933,-2.0984896985195434,-1.6396962335954033,-1.6611853945174386,0.016318419922476957,1.822136449779403,1.7860027557888358,0.003860778562996575,-0.05166365169640863,3.146917397608187,11.536282448308585,0.5185189510037064,-0.5505887647237757,-0.24264978132302994,0.6164223323832689,0.31225562416680036,0.0,-0.2355453156100179,1,0.2,1.0,27.0,0.2037037037037037,0.044444444444444446,5.3076923076923075,4.210309152475293e-05,0.391304347826087,1.0,27.0,0.5797101449275363,0.4074074074074074,1.0
15,41,72,1,77,156,2,3,72,1,97,1,0,202,6,1,6546,11,33.0,8.0,2,1,1000000,210000000000,10008919,364978,2.8433188639827967e+21,148,0.432027669330178,-0.2925277431070246,-0.13201842541231476,-2.3703348286540127,-0.24416445487649294,-0.2424143250620818,-0.6515833407699301,-0.7955197730222671,-0.20952536203775757,-0.465975806527504,0.44960467414313904,-0.129554651525957,-2.436713089608918,-2.435492233157216,-0.5977086715587934,-0.683793924898733,-0.7005483714414453,-0.30893801739614335,1.6905907925694137,0.6763626790824759,-0.0065533678066977,-0.6694913995885322,-0.16670289457711,0.0619477477542659,0.48510584608811386,-0.26551524535921983,0.0,-0.24147252414839204,1,0.15463917525773196,1.0,72.0,0.2019704433497537,1.0,26.0,0.011761111959676187,0.46153846153846156,1.0,72.0,0.4935897435897436,0.5694444444444444,1.0
15,43,77,1,80,166,2,7,77,1,97,1,0,208,6,1,6552,11,33.0,8.0,2,1,1000000,210000000000,6544183,362536,2.926e+21,155,0.432027669330178,-0.2925225555238629,-0.1320172727663095,-2.3703348286540127,-0.2440509363334879,-0.2419518100861379,-0.6515833407699301,-0.776437340171003,-0.209297252997432,-0.465975806527504,0.4447954345072714,-0.129554651525957,-2.436713089608918,-2.4354804057098707,-0.5977086715587934,-0.683793924898733,-0.7005459452905946,-0.3293068164558258,1.6905907925694137,0.6763626790824759,-0.0065533678066977,-0.6694913995885322,-0.16670289457711,0.0619477477542659,-0.37451191579888865,-0.2739313100938378,0.0,-0.2411441027352502,1,0.15463917525773196,1.0,77.0,0.20574162679425836,1.0,27.666666666666668,0.01220814893941706,0.463855421686747,1.0,77.0,0.4819277108433735,0.5584415584415584,1.0
15,50,91,1,92,193,2,20,91,1,97,1,0,236,6,1,6580,11,33.0,8.0,2,1,1000000,235000000000,9120649,362536,3.364e+21,181,0.432027669330178,-0.2924945475371254,-0.1320136013913012,-2.3703348286540127,-0.2434577697267395,-0.2406633205045237,-0.6515833407699301,-0.7171731230244087,-0.2085706866223187,-0.465975806527504,0.4447954345072714,-0.129554651525957,-2.436713089608918,-2.4354211950089133,-0.5977086715587934,-0.683793924898733,-0.7005337994667067,-0.3293068164558258,1.6905907925694137,0.6763626790824759,-0.0065533678066977,-0.6694913995885322,-0.16670289457711,0.0998029187548454,0.26472165276654813,-0.2739313100938378,0.0,-0.2398657932621294,1,0.15463917525773196,1.0,91.0,0.2109704641350211,1.0,32.166666666666664,0.013979638352833916,0.47150259067357514,1.0,91.0,0.47668393782383417,0.5494505494505495,1.0
15,45,79,1,83,169,2,11,79,1,100,1,0,216,6,1,6560,13,33.0,8.0,2,1,1000000,210000000000,11168882,387249,3.327e+21,161,0.432027669330178,-0.2925143548312956,-0.13201673528001984,-2.3703348286540127,-0.24389774230651348,-0.24180391166698553,-0.6515833407699301,-0.7625442115303552,-0.20919088427611135,-0.465975806527504,0.4934512705518225,-0.129554651525957,-2.436713089608918,-2.4354632786402552,-0.5977086715587934,-0.683793924898733,-0.7005424320342423,-0.1232324632294016,1.6905907925694137,0.6763626790824759,-0.0065533678066977,-0.6694913995885322,-0.16670289457711,0.0619477477542659,0.7728981561819677,-0.1887846555553765,0.0,-0.24085736113619263,1,0.15,1.0,79.0,0.2073732718894009,1.0,28.166666666666668,0.012650510592897424,0.46745562130177515,1.0,79.0,0.4911242603550296,0.569620253164557,1.0
15,43,77,1,80,166,2,7,77,1,97,1,0,208,6,1,6552,11,33.0,8.0,2,1,1000000,210000000000,6488427,362536,2.926e+21,155,0.432027669330178,-0.2925225555238629,-0.1320172727663095,-2.3703348286540127,-0.2440509363334879,-0.2419518100861379,-0.6515833407699301,-0.7762333384619762,-0.209297252997432,-0.465975806527504,0.4447954345072714,-0.129554651525957,-2.436713089608918,-2.4354804057098707,-0.5977086715587934,-0.683793924898733,-0.7005459452905946,-0.3293068164558258,1.6905907925694137,0.6763626790824759,-0.0065533678066977,-0.6694913995885322,-0.16670289457711,0.0619477477542659,-0.3883454251460939,-0.2739313100938378,0.0,-0.2411484405352551,1,0.15463917525773196,1.0,77.0,0.20574162679425836,1.0,27.666666666666668,0.01220814893941706,0.463855421686747,1.0,77.0,0.4819277108433735,0.5584415584415584,1.0
15,50,91,1,92,193,2,21,91,1,98,1,0,236,6,1,6580,12,33.0,8.0,2,1,1000000,235000000000,7780657,375988,3.364e+21,179,0.432027669330178,-0.2924945475371254,-0.1320136013913012,-2.3703348286540127,-0.2434577697267395,-0.2406633205045237,-0.6515833407699301,-0.7158329951778166,-0.2085706866223187,-0.465975806527504,0.4712809102956883,-0.129554651525957,-2.436713089608918,-2.4354211950089133,-0.5977086715587934,-0.683793924898733,-0.7005337994667067,-0.21713163385297007,1.6905907925694137,0.6763626790824759,-0.0065533678066977,-0.6694913995885322,-0.16670289457711,0.0998029187548454,-0.06773667294644142,-0.22758230367293866,0.0,-0.23996802873470224,1,0.15306122448979592,1.0,91.0,0.2109704641350211,1.0,32.166666666666664,0.013979638352833916,0.47150259067357514,1.0,91.0,0.47668393782383417,0.5494505494505495,1.0
15,43,77,1,80,166,2,7,77,1,97,1,0,208,6,1,6552,11,33.0,8.0,2,1,1000000,210000000000,6488427,362536,2.926e+21,155,0.432027669330178,-0.2925225555238629,-0.1320172727663095,-2.3703348286540127,-0.2440509363334879,-0.2419518100861379,-0.6515833407699301,-0.7762333384619762,-0.209297252997432,-0.465975806527504,0.4447954345072714,-0.129554651525957,-2.436713089608918,-2.4354804057098707,-0.5977086715587934,-0.683793924898733,-0.7005459452905946,-0.3293068164558258,1.6905907925694137,0.6763626790824759,-0.0065533678066977,-0.6694913995885322,-0.16670289457711,0.0619477477542659,-0.3883454251460939,-0.2739313100938378,0.0,-0.2411484405352551,1,0.15463917525773196,1.0,77.0,0.20574162679425836,1.0,27.666666666666668,0.01220814893941706,0.463855421686747,1.0,77.0,0.4819277108433735,0.5584415584415584,1.0
15,43,77,1,80,166,2,7,77,1,97,1,0,208,6,1,6552,11,33.0,8.0,2,1,1000000,210000000000,6828737,362536,2.926e+21,155,0.432027669330178,-0.2925225555238629,-0.1320172727663095,-2.3703348286540127,-0.2440509363334879,-0.2419518100861379,-0.6515833407699301,-0.7774784593044916,-0.209297252997432,-0.465975806527504,0.4447954345072714,-0.129554651525957,-2.436713089608918,-2.4354804057098707,-0.5977086715587934,-0.683793924898733,-0.7005459452905946,-0.3293068164558258,1.6905907925694137,0.6763626790824759,-0.0065533678066977,-0.6694913995885322,-0.16670289457711,0.0619477477542659,-0.30391284418633036,-0.2739313100938378,0.0,-0.24112196484923,1,0.15463917525773196,1.0,77.0,0.20574162679425836,1.0,27.666666666666668,0.01220814893941706,0.463855421686747,1.0,77.0,0.4819277108433735,0.5584415584415584,1.0
15,50,90,1,93,191,2,22,90,1,99,1,0,235,6,1,6579,12,33.0,8.0,2,1,1000000,230296971006,3392021,382599,3.4870690956248613e+21,183,0.432027669330178,-0.29249280449399717,-0.13201373381498585,-2.3703348286540127,-0.24340540328810267,-0.24071151662700274,-0.6515833407699301,-0.7111674076329468,-0.20859689331501205,-0.465975806527504,0.48429807824779236,-0.129554651525957,-2.436713089608918,-2.4354229328797725,-0.5977086715587934,-0.683793924898733,-0.7005341559541838,-0.16199940954768055,1.6905907925694137,0.6763626790824759,-0.0065533678066977,-0.6694913995885322,-0.16670289457711,0.09268156008467508,-1.1565786952722525,-0.2048025429537503,0.0,-0.2397649080324329,1,0.15151515151515152,1.0,90.0,0.211864406779661,1.0,31.833333333333332,0.014133738601823709,0.4712041884816754,1.0,90.0,0.4869109947643979,0.5555555555555556,1.0
15,48,85,1,90,181,2,17,85,1,98,1,0,224,6,1,6568,12,33.0,8.0,2,1,1000000,210000000000,8556231,375789,3.414e+21,172,0.432027669330178,-0.29250040400077015,-0.1320151557981949,-2.3703348286540127,-0.24355304201220404,-0.241203459728724,-0.6515833407699301,-0.7379152127701922,-0.20887830428046245,-0.465975806527504,0.47088963698694286,-0.129554651525957,-2.436713089608918,-2.4354464174919745,-0.5977086715587934,-0.683793924898733,-0.7005389733260315,-0.218788812119533,1.6905907925694137,0.6763626790824759,-0.0065533678066977,-0.6694913995885322,-0.16670289457711,0.0619477477542659,0.124686888316693,-0.2282670234508367,0.0,-0.24033366125420386,1,0.15306122448979592,1.0,85.0,0.21333333333333335,1.0,30.166666666666668,0.013700715481808495,0.4696132596685083,1.0,85.0,0.4972375690607735,0.5647058823529412,1.0
15,45,79,1,83,169,2,11,79,1,100,1,0,216,6,1,6560,13,33.0,8.0,2,1,1000000,210000000000,11458476,387249,3.327e+21,161,0.432027669330178,-0.292514553241938,-0.1320167482841654,-2.3703348286540127,-0.2439026446818008,-0.2418086445770696,-0.6515833407699301,-0.7627668066395912,-0.2091934578009872,-0.465975806527504,0.4934512705518225,-0.129554651525957,-2.436713089608918,-2.43546348836674,-0.5977086715587934,-0.683793924898733,-0.7005424750551981,-0.1232324632294016,1.6905907925694137,0.6763626790824759,-0.0065533678066977,-0.6694913995885322,-0.16670289457711,0.0619477477542659,0.8447477684354694,-0.1887846555553765,0.0,-0.2408620942978438,1,0.15,1.0,79.0,0.2073732718894009,1.0,28.166666666666668,0.012650510592897424,0.46745562130177515,1.0,79.0,0.4911242603550296,0.569620253164557,1.0
15,47,82,1,87,175,2,13,82,1,100,1,0,221,6,1,6565,13,33.0,8.0,2,1,1000000,210000000000,10382630,387249,3.327e+21,165,0.432027669330178,-0.2925048851094275,-0.1320158962546187,-2.3703348286540127,-0.2436637622643224,-0.24149854506225665,-0.6515833407699301,-0.7519202160183959,-0.20902484086105388,-0.465975806527504,0.4934512705518225,-0.129554651525957,-2.436713089608918,-2.4354511541691792,-0.5977086715587934,-0.683793924898733,-0.7005399449552507,-0.1232324632294016,1.6905907925694137,0.6763626790824759,-0.0065533678066977,-0.6694913995885322,-0.16670289457711,0.0619477477542659,0.5778253743681647,-0.1887846555553765,0.0,-0.24063145730428928,1,0.15,1.0,82.0,0.21171171171171171,1.0,29.166666666666668,0.01325007614986293,0.4685714285714286,1.0,82.0,0.49714285714285716,0.573170731707317,1.0
15,46,80,1,86,172,2,12,80,1,100,1,0,220,6,1,6564,13,33.0,8.0,2,1,1000000,210000000000,12046827,387249,3.327e+21,164,0.432027669330178,-0.2925071730144932,-0.13201626457245047,-2.3703348286540127,-0.24372029234316317,-0.24163259579014307,-0.6515833407699301,-0.7544869960662615,-0.20909773108645674,-0.465975806527504,0.4934512705518225,-0.129554651525957,-2.436713089608918,-2.4354537369419873,-0.5977086715587934,-0.683793924898733,-0.7005404747565056,-0.1232324632294016,1.6905907925694137,0.6763626790824759,-0.0065533678066977,-0.6694913995885322,-0.16670289457711,0.0619477477542659,0.9907206980021978,-0.1887846555553765,0.0,-0.24068603615344383,1,0.15,1.0,80.0,0.2081447963800905,1.0,28.666666666666668,0.0130997715156131,0.46511627906976744,1.0,80.0,0.5,0.575,1.0
6,23,61,1,35,103,1,47,61,1,45,1,0,107,14,0,116,7,6.1280259616691675,6.0,2,3,708731,6574788339,8084459,511599,0.0,101,3.1253219189380794,-2.3101416556188066,-2.3764782340660062,-2.1713146469814015,-0.7461692174843978,-0.72455659851193,-0.9606641280278407,-1.032152244866289,-0.6259271540630373,-1.105403396164171,0.40366018127897996,-1.8252734400959068,-2.1392710663954677,-2.153473234190324,-0.6942375288546352,-0.9641481135365844,-0.98099321712586,0.10897202179052706,-0.4866983409288351,1.9821336074800175,1.0157471875425212,0.5276826097433105,0.26579880213833523,-0.33697059900811827,0.9853230431092186,0.6962564937821285,-0.00565924475861232,-0.7241859481605736,1,0.13333333333333333,1.0,61.0,0.21296296296296297,1.0,7.357142857142857,0.29914529914529914,0.5922330097087378,1.0,61.0,0.33980582524271846,0.3770491803278688,1.0
15,39,69,1,75,150,2,1,69,1,100,1,0,197,6,1,6541,13,33.0,8.0,2,1,1000000,210000000000,7906373,387249,2.673e+21,141,0.432027669330178,-0.292538560087713,-0.1320193706948856,-2.3703348286540127,-0.2442980890862997,-0.2427153594678352,-0.6515833407699301,-0.8076552460475412,-0.2097124337832109,-0.465975806527504,0.4934512705518225,-0.129554651525957,-2.436713089608918,-2.4355036670566754,-0.5977086715587934,-0.683793924898733,-0.7005507168642647,-0.1232324632294016,1.6905907925694137,0.6763626790824759,-0.0065533678066977,-0.6694913995885322,-0.16670289457711,0.0619477477542659,-0.0365461649242725,-0.1887846555553765,0.0,-0.2418165817558816,1,0.15,1.0,69.0,0.19696969696969696,1.0,25.0,0.011464383980434117,0.46,1.0,69.0,0.5,0.5652173913043478,1.0
15,42,73,1,78,157,2,4,73,1,99,1,0,203,6,1,6547,12,33.0,8.0,2,1,1000000,210000000000,9342209,379789,2.862e+21,147,0.432027669330178,-0.2925265566648255,-0.1320183217305976,-2.3703348286540127,-0.2441497974346126,-0.2423813066133426,-0.6515833407699301,-0.7910547752454836,-0.2095048433903214,-0.465975806527504,0.4787650763971989,-0.129554651525957,-2.436713089608918,-2.435490979049327,-0.5977086715587934,-0.683793924898733,-0.7005481141877173,-0.1854335927917551,1.6905907925694137,0.6763626790824759,-0.0065533678066977,-0.6694913995885322,-0.16670289457711,0.0619477477542659,0.3196918864018521,-0.21448517581821855,0.0,-0.24150142543263792,1,0.15151515151515152,1.0,73.0,0.20588235294117646,1.0,26.166666666666668,0.011912034208918754,0.46496815286624205,1.0,73.0,0.4968152866242038,0.5753424657534246,1.0
15,50,91,1,92,193,2,19,91,1,97,1,0,236,6,1,6580,11,33.0,8.0,2,1,1000000,235000000000,8589091,362536,3.364e+21,181,0.432027669330178,-0.2924945475371254,-0.1320136013913012,-2.3703348286540127,-0.2434577697267395,-0.2406633205045237,-0.6515833407699301,-0.7223672111724361,-0.2085706866223187,-0.465975806527504,0.4447954345072714,-0.129554651525957,-2.436713089608918,-2.4354211950089133,-0.5977086715587934,-0.683793924898733,-0.7005337994667067,-0.3293068164558258,1.6905907925694137,0.6763626790824759,-0.0065533678066977,-0.6694913995885322,-0.16670289457711,0.0998029187548454,0.1328394727094042,-0.2739313100938378,0.0,-0.239907606839806,1,0.15463917525773196,1.0,91.0,0.2109704641350211,1.0,32.166666666666664,0.013979638352833916,0.47150259067357514,1.0,91.0,0.47668393782383417,0.5494505494505495,1.0
15,49,86,1,91,184,2,17,86,1,97,1,0,225,6,1,6569,11,33.0,8.0,2,1,1000000,210000000000,8164709,362536,3.414e+21,175,0.432027669330178,-0.2924985486780879,-0.1320149125966613,-2.3703348286540127,-0.2435072002773019,-0.2410928170317284,-0.6515833407699301,-0.7313448990540261,-0.2088301746134306,-0.465975806527504,0.4447954345072714,-0.129554651525957,-2.436713089608918,-2.435444456355718,-0.5977086715587934,-0.683793924898733,-0.700538571040377,-0.3293068164558258,1.6905907925694137,0.6763626790824759,-0.0065533678066977,-0.6694913995885322,-0.16670289457711,0.0619477477542659,0.0275482460678699,-0.2739313100938378,0.0,-0.2401939530772173,1,0.15463917525773196,1.0,86.0,0.2168141592920354,1.0,30.666666666666668,0.013850837138508371,0.4673913043478261,1.0,86.0,0.4945652173913043,0.5697674418604651,1.0
15,43,77,1,80,166,2,8,77,1,97,1,0,208,6,1,6552,11,33.0,8.0,2,1,1000000,210000000000,7715295,362536,2.926e+21,157,0.432027669330178,-0.2925225555238629,-0.1320172727663095,-2.3703348286540127,-0.2440509363334879,-0.2419518100861379,-0.6515833407699301,-0.7807221824027711,-0.209297252997432,-0.465975806527504,0.4447954345072714,-0.129554651525957,-2.436713089608918,-2.4354804057098707,-0.5977086715587934,-0.683793924898733,-0.7005459452905946,-0.3293068164558258,1.6905907925694137,0.6763626790824759,-0.0065533678066977,-0.6694913995885322,-0.16670289457711,0.0619477477542659,-0.0839535408360951,-0.2739313100938378,0.0,-0.2410529917894514,1,0.15463917525773196,1.0,77.0,0.20574162679425836,1.0,27.666666666666668,0.01220814893941706,0.463855421686747,1.0,77.0,0.4819277108433735,0.5584415584415584,1.0
15,46,80,1,85,171,2,12,80,1,100,1,0,219,6,1,6563,13,33.0,8.0,2,1,1000000,210000000000,11895294,387249,3.327e+21,163,0.432027669330178,-0.2925090738300523,-0.13201638915489197,-2.3703348286540127,-0.24376725812641464,-0.24167793806121152,-0.6515833407699301,-0.7566195038896073,-0.2091223859944201,-0.465975806527504,0.4934512705518225,-0.129554651525957,-2.436713089608918,-2.4354562484716156,-0.5977086715587934,-0.683793924898733,-0.7005409899437279,-0.1232324632294016,1.6905907925694137,0.6763626790824759,-0.0065533678066977,-0.6694913995885322,-0.16670289457711,0.0619477477542659,0.9531246187754034,-0.1887846555553765,0.0,-0.24073138083457774,1,0.15,1.0,80.0,0.20909090909090908,1.0,28.5,0.01294942108470445,0.4678362573099415,1.0,80.0,0.49707602339181284,0.575,1.0
15,47,83,1,88,177,2,13,83,1,100,1,0,221,6,1,6565,13,33.0,8.0,2,1,1000000,210000000000,8545776,387249,3.327e+21,166,0.432027669330178,-0.29250450177894205,-0.13201565030300783,-2.3703348286540127,-0.2436542908474821,-0.24140903000319025,-0.6515833407699301,-0.751490161005753,-0.20897616695278667,-0.465975806527504,0.4934512705518225,-0.129554651525957,-2.436713089608918,-2.435451092857242,-0.5977086715587934,-0.683793924898733,-0.7005399323784027,-0.1232324632294016,1.6905907925694137,0.6763626790824759,-0.0065533678066977,-0.6694913995885322,-0.16670289457711,0.0619477477542659,0.12209289963654575,-0.1887846555553765,0.0,-0.24062231280915317,1,0.15,1.0,83.0,0.21171171171171171,1.0,29.5,0.013402375875723424,0.4689265536723164,1.0,83.0,0.4971751412429379,0.5662650602409639,1.0
15,41,72,1,77,156,2,3,72,1,97,1,0,202,6,1,6546,11,33.0,8.0,2,1,1000000,210000000000,9471334,364737,2.856299339807606e+21,148,0.432027669330178,-0.2925269130577163,-0.13201836844769885,-2.3703348286540127,-0.2441542003529232,-0.24239405876831868,-0.6515833407699301,-0.7945885481933305,-0.20951408872070476,-0.465975806527504,0.4491293468145655,-0.129554651525957,-2.436713089608918,-2.435491355768173,-0.5977086715587934,-0.683793924898733,-0.7005481914636267,-0.3109511936103378,1.6905907925694137,0.6763626790824759,-0.0065533678066977,-0.6694913995885322,-0.16670289457711,0.0619477477542659,0.35172835161683724,-0.2663470578431669,0.0,-0.24145179054971705,1,0.15463917525773196,1.0,72.0,0.2019704433497537,1.0,26.0,0.011761111959676187,0.46153846153846156,1.0,72.0,0.4935897435897436,0.5694444444444444,1.0
15,42,73,1,78,158,2,4,73,1,97,1,0,203,6,1,6547,11,33.0,8.0,2,1,1000000,210000000000,9131768,366921,2.862e+21,149,0.432027669330178,-0.29252584661131886,-0.13201813557850298,-2.3703348286540127,-0.24413225327103935,-0.24230508697546993,-0.6515833407699301,-0.792595508981514,-0.2094680038268566,-0.465975806527504,0.4534300333196157,-0.129554651525957,-2.436713089608918,-2.435489102675356,-0.5977086715587934,-0.683793924898733,-0.7005477292892541,-0.29273629356943986,1.6905907925694137,0.6763626790824759,-0.0065533678066977,-0.6694913995885322,-0.16670289457711,0.0619477477542659,0.26748039105293997,-0.25882095002357397,0.0,-0.24141784817507664,1,0.15463917525773196,1.0,73.0,0.20588235294117646,1.0,26.333333333333332,0.011912034208918754,0.4620253164556962,1.0,73.0,0.4936708860759494,0.5753424657534246,1.0
15,50,91,1,92,193,2,19,91,1,97,1,0,236,6,1,6580,11,33.0,8.0,2,1,1000000,235000000000,8650679,362536,3.364e+21,181,0.432027669330178,-0.2924945475371254,-0.1320136013913012,-2.3703348286540127,-0.2434577697267395,-0.2406633205045237,-0.6515833407699301,-0.7219165304623422,-0.2085706866223187,-0.465975806527504,0.4447954345072714,-0.129554651525957,-2.436713089608918,-2.4354211950089133,-0.5977086715587934,-0.683793924898733,-0.7005337994667067,-0.3293068164558258,1.6905907925694137,0.6763626790824759,-0.0065533678066977,-0.6694913995885322,-0.16670289457711,0.0998029187548454,0.1481199716950008,-0.2739313100938378,0.0,-0.23990281530449048,1,0.15463917525773196,1.0,91.0,0.2109704641350211,1.0,32.166666666666664,0.013979638352833916,0.47150259067357514,1.0,91.0,0.47668393782383417,0.5494505494505495,1.0
15,40,70,1,76,152,2,2,70,1,100,1,0,199,6,1,6543,13,33.0,8.0,2,1,1000000,210000000000,3340698,387249,2.763714938548545e+21,143,0.432027669330178,-0.2925327526756084,-0.1320189900679619,-2.3703348286540127,-0.24422634365659274,-0.24257682879735631,-0.6515833407699301,-0.8011399628116496,-0.20963710758427398,-0.465975806527504,0.4934512705518225,-0.129554651525957,-2.436713089608918,-2.4354975284337055,-0.5977086715587934,-0.683793924898733,-0.7005494576555017,-0.1232324632294016,1.6905907925694137,0.6763626790824759,-0.0065533678066977,-0.6694913995885322,-0.16670289457711,0.0619477477542659,-1.1693120021713745,-0.1887846555553765,0.0,-0.24167804372211957,1,0.15,1.0,70.0,0.2,1.0,25.333333333333332,0.011613691931540342,0.4605263157894737,1.0,70.0,0.5,0.5714285714285714,1.0
15,39,69,1,75,150,2,1,69,1,100,1,0,197,6,1,6541,13,33.0,8.0,2,1,1000000,210000000000,7906373,387249,2.673e+21,141,0.432027669330178,-0.292538560087713,-0.1320193706948856,-2.3703348286540127,-0.2442980890862997,-0.2427153594678352,-0.6515833407699301,-0.8076552460475412,-0.2097124337832109,-0.465975806527504,0.4934512705518225,-0.129554651525957,-2.436713089608918,-2.4355036670566754,-0.5977086715587934,-0.683793924898733,-0.7005507168642647,-0.1232324632294016,1.6905907925694137,0.6763626790824759,-0.0065533678066977,-0.6694913995885322,-0.16670289457711,0.0619477477542659,-0.0365461649242725,-0.1887846555553765,0.0,-0.2418165817558816,1,0.15,1.0,69.0,0.19696969696969696,1.0,25.0,0.011464383980434117,0.46,1.0,69.0,0.5,0.5652173913043478,1.0
15,50,88,1,92,187,2,20,88,1,98,1,0,231,6,1,6575,11,33.0,8.0,2,1,1000000,220456075907,6910978,372872,3.4307297214516245e+21,179,0.432027669330178,-0.29249418257232646,-0.13201434027378328,-2.3703348286540127,-0.2434199955264521,-0.2409322396988102,-0.6515833407699301,-0.7215483097432877,-0.20871691171930815,-0.465975806527504,0.46514539910780295,-0.129554651525957,-2.436713089608918,-2.4354301123439885,-0.5977086715587934,-0.683793924898733,-0.7005356286695302,-0.24311765326078066,1.6905907925694137,0.6763626790824759,-0.0065533678066977,-0.6694913995885322,-0.16670289457711,0.07778040941284886,-0.28350831865107384,-0.23831931476968335,0.0,-0.2399856428362738,1,0.15306122448979592,1.0,88.0,0.21551724137931033,1.0,31.166666666666668,0.013990267639902677,0.47058823529411764,1.0,88.0,0.4919786096256685,0.5681818181818182,1.0
15,42,76,1,79,165,2,6,76,1,97,1,0,207,6,1,6551,11,33.0,8.0,2,1,1000000,210000000000,6740769,362536,2.9216946229346566e+21,154,0.432027669330178,-0.2925228246866838,-0.13201734333172807,-2.3703348286540127,-0.24405758686969786,-0.24198070296891713,-0.6515833407699301,-0.7774412238215139,-0.2093112179180028,-0.465975806527504,0.4447954345072714,-0.129554651525957,-2.436713089608918,-2.435481116994452,-0.5977086715587934,-0.683793924898733,-0.7005460911955934,-0.3293068164558258,1.6905907925694137,0.6763626790824759,-0.0065533678066977,-0.6694913995885322,-0.16670289457711,0.0619477477542659,-0.325737991540036,-0.2739313100938378,0.0,-0.24116770348093164,1,0.15463917525773196,1.0,76.0,0.20192307692307693,1.0,27.5,0.012057387057387058,0.46060606060606063,1.0,76.0,0.47878787878787876,0.5526315789473685,1.0
15,50,91,1,92,193,2,19,91,1,97,1,0,236,6,1,6580,11,33.0,8.0,2,1,1000000,235000000000,8252625,365845,3.364e+21,180,0.432027669330178,-0.2924945475371254,-0.1320136013913012,-2.3703348286540127,-0.2434577697267395,-0.2406633205045237,-0.6515833407699301,-0.7217659928743664,-0.2085706866223187,-0.465975806527504,0.4513122079401844,-0.129554651525957,-2.436713089608918,-2.4354211950089133,-0.5977086715587934,-0.683793924898733,-0.7005337994667067,-0.3017060191109596,1.6905907925694137,0.6763626790824759,-0.0065533678066977,-0.6694913995885322,-0.16670289457711,0.0998029187548454,0.04936073234392502,-0.2625270983629039,0.0,-0.23993317490733604,1,0.15463917525773196,1.0,91.0,0.2109704641350211,1.0,32.166666666666664,0.013979638352833916,0.47150259067357514,1.0,91.0,0.47668393782383417,0.5494505494505495,1.0
15,47,81,1,87,173,2,13,81,1,100,1,0,221,6,1,6565,13,33.0,8.0,2,1,1000000,210000000000,12096418,387249,3.327e+21,165,0.432027669330178,-0.2925065509600129,-0.1320162238020214,-2.3703348286540127,-0.2437049224795514,-0.2416177572316453,-0.6515833407699301,-0.7537891187580011,-0.2090896626045424,-0.465975806527504,0.4934512705518225,-0.129554651525957,-2.436713089608918,-2.435452915027283,-0.5977086715587934,-0.683793924898733,-0.7005403061580752,-0.1232324632294016,1.6905907925694137,0.6763626790824759,-0.0065533678066977,-0.6694913995885322,-0.16670289457711,0.0619477477542659,1.0030242639186748,-0.1887846555553765,0.0,-0.2406711968062362,1,0.15,1.0,81.0,0.21171171171171171,1.0,28.833333333333332,0.01325007614986293,0.4682080924855491,1.0,81.0,0.5028901734104047,0.5802469135802469,1.0
15,45,79,1,83,169,2,11,79,1,100,1,0,216,6,1,6560,13,33.0,8.0,2,1,1000000,210000000000,11304494,387249,3.327e+21,161,0.432027669330178,-0.29251444774395624,-0.13201674136966174,-2.3703348286540127,-0.2439000380136687,-0.24180612801618528,-0.6515833407699301,-0.7626484494058821,-0.2091920894183384,-0.465975806527504,0.4934512705518225,-0.129554651525957,-2.436713089608918,-2.4354633768519514,-0.5977086715587934,-0.683793924898733,-0.700542452180296,-0.1232324632294016,1.6905907925694137,0.6763626790824759,-0.0065533678066977,-0.6694913995885322,-0.16670289457711,0.0619477477542659,0.8065442275823748,-0.1887846555553765,0.0,-0.2408595776031974,1,0.15,1.0,79.0,0.2073732718894009,1.0,28.166666666666668,0.012650510592897424,0.46745562130177515,1.0,79.0,0.4911242603550296,0.569620253164557,1.0
15,41,71,1,77,155,2,3,71,1,100,1,0,201,6,1,6545,13,33.0,8.0,2,1,1000000,210000000000,4378049,387249,2.8220936554801954e+21,145,0.432027669330178,-0.2925290515227899,-0.13201864876442782,-2.3703348286540127,-0.24418061919368364,-0.24247057555284623,-0.6515833407699301,-0.7952977875592676,-0.20956956349764683,-0.465975806527504,0.4934512705518225,-0.129554651525957,-2.436713089608918,-2.4354936161951217,-0.5977086715587934,-0.683793924898733,-0.7005486551424411,-0.1232324632294016,1.6905907925694137,0.6763626790824759,-0.0065533678066977,-0.6694913995885322,-0.16670289457711,0.0619477477542659,-0.9119403283603069,-0.1887846555553765,0.0,-0.24158975130806445,1,0.15,1.0,71.0,0.20297029702970298,1.0,25.833333333333332,0.011762908646501681,0.45806451612903226,1.0,71.0,0.4967741935483871,0.5774647887323944,1.0
15,43,77,1,80,166,2,7,77,1,97,1,0,208,6,1,6552,11,33.0,8.0,2,1,1000000,210000000000,6488427,362536,2.926e+21,155,0.432027669330178,-0.2925225555238629,-0.1320172727663095,-2.3703348286540127,-0.2440509363334879,-0.2419518100861379,-0.6515833407699301,-0.7762333384619762,-0.209297252997432,-0.465975806527504,0.4447954345072714,-0.129554651525957,-2.436713089608918,-2.4354804057098707,-0.5977086715587934,-0.683793924898733,-0.7005459452905946,-0.3293068164558258,1.6905907925694137,0.6763626790824759,-0.0065533678066977,-0.6694913995885322,-0.16670289457711,0.0619477477542659,-0.3883454251460939,-0.2739313100938378,0.0,-0.2411484405352551,1,0.15463917525773196,1.0,77.0,0.20574162679425836,1.0,27.666666666666668,0.01220814893941706,0.463855421686747,1.0,77.0,0.4819277108433735,0.5584415584415584,1.0
15,52,93,1,97,198,2,25,93,1,99,1,0,243,6,1,6587,12,33.0,8.0,2,1,1000000,234681903232,2067081,386934,3.453491045172598e+21,190,0.432027669330178,-0.2924827986642388,-0.13201284803529997,-2.3703348286540127,-0.2431668469547645,-0.24038913361588016,-0.6515833407699301,-0.6960053022259468,-0.20842159721093806,-0.465975806527504,0.49283217998591833,-0.129554651525957,-2.436713089608918,-2.4354048427077593,-0.5977086715587934,-0.683793924898733,-0.7005304451377296,-0.12585452665136107,1.6905907925694137,0.6763626790824759,-0.0065533678066977,-0.6694913995885322,-0.16670289457711,0.09932125445427337,-1.4853027443926115,-0.18986805057698897,0.0,-0.2394425078857736,1,0.15151515151515152,1.0,93.0,0.21311475409836064,1.0,33.0,0.0147237401335762,0.4696969696969697,1.0,93.0,0.4898989898989899,0.5591397849462365,1.0
5,20,53,1,37,96,2,42,53,1,40,1,0,95,14,46,244654,7,5.548749326689416,6.300833782207056,2,2,651314,8294443925,7101665,459475,1504168911035281.8,94,6.712105901644181,-2.2680060698046782,-2.316731967278074,-2.071168328708595,-0.655895215897787,-0.6463642903919555,-0.77804127244857,-1.1170993586791584,-0.6419096156191344,-1.054113180407371,0.4822584437737525,-1.9294049723813702,-2.031957113420298,-2.0479007926937665,-0.5049805319886156,-0.2380587645703428,-0.25951119932273126,0.07438706181422061,-0.38450109514667924,2.1588329922216984,3.635997499151255,0.5292089119505589,0.057340507534298424,-0.3245570690976368,0.9397251197036945,0.6120358350519586,0.0,-0.5980724238530797,1,0.125,1.0,53.0,0.20833333333333334,0.0425531914893617,6.857142857142857,0.00015123336943859722,0.5520833333333334,1.0,53.0,0.3854166666666667,0.37735849056603776,1.0
15,40,71,1,76,154,2,2,71,1,98,1,0,200,6,1,6544,11,33.0,8.0,2,1,1000000,210000000000,9292575,372566,2.7852907052015535e+21,145,0.432027669330178,-0.2925314284854862,-0.13201874747298278,-2.3703348286540127,-0.2442099844612021,-0.2425168884064301,-0.6515833407699301,-0.7996543658625953,-0.20958909795458322,-0.465975806527504,0.4645433438766171,-0.129554651525957,-2.436713089608918,-2.4354961287217933,-0.5977086715587934,-0.683793924898733,-0.7005491705341858,-0.2456675661275456,1.6905907925694137,0.6763626790824759,-0.0065533678066977,-0.6694913995885322,-0.16670289457711,0.0619477477542659,0.3073774077006951,-0.23937289832615363,0.0,-0.24158974562938615,1,0.15306122448979592,1.0,71.0,0.19900497512437812,1.0,25.666666666666668,0.011611917494270435,0.461038961038961,1.0,71.0,0.4935064935064935,0.5633802816901409,1.0
15,43,77,1,80,166,2,7,77,1,97,1,0,208,6,1,6552,11,33.0,8.0,2,1,1000000,210000000000,6955729,362536,2.926e+21,155,0.432027669330178,-0.2925225555238629,-0.1320172727663095,-2.3703348286540127,-0.2440509363334879,-0.2419518100861379,-0.6515833407699301,-0.7779430980758686,-0.209297252997432,-0.465975806527504,0.4447954345072714,-0.129554651525957,-2.436713089608918,-2.4354804057098707,-0.5977086715587934,-0.683793924898733,-0.7005459452905946,-0.3293068164558258,1.6905907925694137,0.6763626790824759,-0.0065533678066977,-0.6694913995885322,-0.16670289457711,0.0619477477542659,-0.2724053395797277,-0.2739313100938378,0.0,-0.24111208498070158,1,0.15463917525773196,1.0,77.0,0.20574162679425836,1.0,27.666666666666668,0.01220814893941706,0.463855421686747,1.0,77.0,0.4819277108433735,0.5584415584415584,1.0
15,43,77,1,80,166,2,6,77,1,99,1,0,208,6,1,6552,12,33.0,8.0,2,1,1000000,210000000000,4109150,386505,2.8639254785398654e+21,151,0.432027669330178,-0.2925225555238629,-0.1320172727663095,-2.3703348286540127,-0.2440509363334879,-0.2419518100861379,-0.6515833407699301,-0.7850759767704911,-0.209297252997432,-0.465975806527504,0.4919874304245882,-0.129554651525957,-2.436713089608918,-2.4354804057098707,-0.5977086715587934,-0.683793924898733,-0.7005459452905946,-0.12943233424118475,1.6905907925694137,0.6763626790824759,-0.0065533678066977,-0.6694913995885322,-0.16670289457711,0.0619477477542659,-0.9786554666447076,-0.19134634393123806,0.0,-0.24133072312787665,1,0.15151515151515152,1.0,77.0,0.20574162679425836,1.0,27.666666666666668,0.01220814893941706,0.463855421686747,1.0,77.0,0.4819277108433735,0.5584415584415584,1.0
15,52,92,1,96,196,2,24,92,1,100,1,0,241,6,1,6585,13,33.0,8.0,2,1,1000000,231052973078,2738965,387249,3.4476847569254283e+21,188,0.432027669330178,-0.2924850709320132,-0.1320131458913079,-2.3703348286540127,-0.24321581546323476,-0.2404900051100948,-0.6515833407699301,-0.7018124791649023,-0.20848054301720376,-0.465975806527504,0.4934512705518225,-0.129554651525957,-2.436713089608918,-2.4354106211206163,-0.5977086715587934,-0.683793924898733,-0.700531630457001,-0.1232324632294016,1.6905907925694137,0.6763626790824759,-0.0065533678066977,-0.6694913995885322,-0.16670289457711,0.09382630359239202,-1.3186049184475634,-0.1887846555553765,0.0,-0.23956598906774262,1,0.15,1.0,92.0,0.21487603305785125,1.0,32.666666666666664,0.014576374126935925,0.46938775510204084,1.0,92.0,0.4897959183673469,0.5652173913043478,1.0
15,45,79,1,83,169,2,11,79,1,100,1,0,216,6,1,6560,13,33.0,8.0,2,1,1000000,210000000000,11458476,387249,3.327e+21,161,0.432027669330178,-0.292514553241938,-0.1320167482841654,-2.3703348286540127,-0.2439026446818008,-0.2418086445770696,-0.6515833407699301,-0.7627668066395912,-0.2091934578009872,-0.465975806527504,0.4934512705518225,-0.129554651525957,-2.436713089608918,-2.43546348836674,-0.5977086715587934,-0.683793924898733,-0.7005424750551981,-0.1232324632294016,1.6905907925694137,0.6763626790824759,-0.0065533678066977,-0.6694913995885322,-0.16670289457711,0.0619477477542659,0.8447477684354694,-0.1887846555553765,0.0,-0.2408620942978438,1,0.15,1.0,79.0,0.2073732718894009,1.0,28.166666666666668,0.012650510592897424,0.46745562130177515,1.0,79.0,0.4911242603550296,0.569620253164557,1.0
15,43,77,1,80,166,2,7,77,1,98,1,0,208,6,1,6552,11,33.0,8.0,2,1,1000000,210000000000,5972692,374118,2.896003637773122e+21,154,0.432027669330178,-0.2925225555238629,-0.1320172727663095,-2.3703348286540127,-0.2440509363334879,-0.2419518100861379,-0.6515833407699301,-0.7828260728532089,-0.209297252997432,-0.465975806527504,0.46760009204545805,-0.129554651525957,-2.436713089608918,-2.4354804057098707,-0.5977086715587934,-0.683793924898733,-0.7005459452905946,-0.2327211766894282,1.6905907925694137,0.6763626790824759,-0.0065533678066977,-0.6694913995885322,-0.16670289457711,0.0619477477542659,-0.5163016672550202,-0.23402365553223564,0.0,-0.2411872003122591,1,0.15306122448979592,1.0,77.0,0.20574162679425836,1.0,27.666666666666668,0.01220814893941706,0.463855421686747,1.0,77.0,0.4819277108433735,0.5584415584415584,1.0
15,50,90,1,93,191,2,22,90,1,100,1,0,233,6,1,6577,13,33.0,8.0,2,1,1000000,224629512441,6254372,387249,3.632272325628051e+21,182,0.432027669330178,-0.2924915245091089,-0.13201383838813402,-2.3703348286540127,-0.24336257130641287,-0.24072978048840163,-0.6515833407699301,-0.7148194715451972,-0.20861758837694386,-0.465975806527504,0.4934512705518225,-0.129554651525957,-2.436713089608918,-2.4354258944195823,-0.5977086715587934,-0.683793924898733,-0.7005347634514838,-0.1232324632294016,1.6905907925694137,0.6763626790824759,-0.0065533678066977,-0.6694913995885322,-0.16670289457711,0.0840998555594778,-0.4464155278799597,-0.1887846555553765,0.0,-0.23984256386645544,1,0.15,1.0,90.0,0.21367521367521367,1.0,31.833333333333332,0.014138035877166312,0.4712041884816754,1.0,90.0,0.4869109947643979,0.5555555555555556,1.0
15,50,90,1,93,191,2,22,90,1,100,1,0,234,6,1,6578,13,33.0,8.0,2,1,1000000,228164823201,3159388,387249,3.4793933635262365e+21,183,0.432027669330178,-0.29249273427663275,-0.13201376934161096,-2.3703348286540127,-0.24339945261189433,-0.2407113991948095,-0.6515833407699301,-0.7130028071567027,-0.2086039240463176,-0.465975806527504,0.4934512705518225,-0.129554651525957,-2.436713089608918,-2.4354244818201622,-0.5977086715587934,-0.683793924898733,-0.700534473686568,-0.1232324632294016,1.6905907925694137,0.6763626790824759,-0.0065533678066977,-0.6694913995885322,-0.16670289457711,0.08945304729414078,-1.2142959352976694,-0.1887846555553765,0.0,-0.2398039351371623,1,0.15,1.0,90.0,0.2127659574468085,1.0,31.833333333333332,0.014135886912904697,0.4712041884816754,1.0,90.0,0.4869109947643979,0.5555555555555556,1.0
15,45,79,1,84,170,2,11,79,1,100,1,0,217,6,1,6561,13,33.0,8.0,2,1,1000000,210000000000,5947769,387249,3.327e+21,162,0.432027669330178,-0.29251077766728434,-0.1320165008270641,-2.3703348286540127,-0.24380935692435146,-0.24171858158880882,-0.6515833407699301,-0.758531023505347,-0.2091444859556396,-0.465975806527504,0.4934512705518225,-0.129554651525957,-2.436713089608918,-2.4354594974618626,-0.5977086715587934,-0.683793924898733,-0.7005416564054099,-0.1232324632294016,1.6905907925694137,0.6763626790824759,-0.0065533678066977,-0.6694913995885322,-0.16670289457711,0.0619477477542659,-0.5224852171857898,-0.1887846555553765,0.0,-0.24077202652248939,1,0.15,1.0,79.0,0.20642201834862386,1.0,28.333333333333332,0.012800975312404754,0.4647058823529412,1.0,79.0,0.49411764705882355,0.569620253164557,1.0
15,46,80,1,85,171,2,12,80,1,100,1,0,218,6,1,6562,13,33.0,8.0,2,1,1000000,210000000000,6494851,387249,3.327e+21,163,0.432027669330178,-0.2925100108361337,-0.13201645056774433,-2.3703348286540127,-0.24379040988583514,-0.2417002895111115,-0.6515833407699301,-0.7576707225571234,-0.20913453961899922,-0.465975806527504,0.4934512705518225,-0.129554651525957,-2.436713089608918,-2.4354584008292153,-0.5977086715587934,-0.683793924898733,-0.7005414314543995,-0.1232324632294016,1.6905907925694137,0.6763626790824759,-0.0065533678066977,-0.6694913995885322,-0.16670289457711,0.0619477477542659,-0.3867513657769073,-0.1887846555553765,0.0,-0.24075373347251822,1,0.15,1.0,80.0,0.2100456621004566,1.0,28.5,0.012951394179491087,0.4678362573099415,1.0,80.0,0.49707602339181284,0.575,1.0
14,31,56,1,61,122,1,1,56,1,88,1,0,160,5,0,5319,11,28.883822200861708,7.625802018260155,2,1,929299,174451191734,6537005,383772,2.1728843974046971e+21,114,1.0192266299652957,-0.25501874804453234,-0.1235378147544221,-2.0869836462653524,-0.34913124257811995,-0.3384408499803933,-0.7769333137962843,-0.9714131755061957,-0.1815557323163758,-0.433509594975747,0.5460794787020183,-0.12275037974107805,-2.176939317831758,-2.179901469013105,-0.6765814265215166,-0.8209223818554301,-0.8411285365241551,-0.007619248196922501,1.3771042034732477,2.1014085614729785,1.0284283766392246,-0.4827540021083486,-0.10208191011911827,0.10109361111263804,-0.31868929317804895,-0.16347589883244887,-0.041352510444655544,-0.3351873513599719,1,0.1590909090909091,1.0,56.0,0.19254658385093168,1.0,24.4,0.011466165413533834,0.45901639344262296,1.0,56.0,0.5,0.5535714285714286,1.0
15,43,77,1,80,166,2,7,77,1,97,1,0,208,6,1,6552,11,33.0,8.0,2,1,1000000,210000000000,6488080,362536,2.926e+21,154,0.432027669330178,-0.2925225555238629,-0.1320172727663095,-2.3703348286540127,-0.2440509363334879,-0.2419518100861379,-0.6515833407699301,-0.7762320711414173,-0.209297252997432,-0.465975806527504,0.4447954345072714,-0.129554651525957,-2.436713089608918,-2.4354804057098707,-0.5977086715587934,-0.683793924898733,-0.7005459452905946,-0.3293068164558258,1.6905907925694137,0.6763626790824759,-0.0065533678066977,-0.6694913995885322,-0.16670289457711,0.0619477477542659,-0.38843136310651966,-0.2739313100938378,0.0,-0.24114846748298585,1,0.15463917525773196,1.0,77.0,0.20574162679425836,1.0,27.666666666666668,0.01220814893941706,0.463855421686747,1.0,77.0,0.4819277108433735,0.5584415584415584,1.0
15,43,77,1,80,166,2,6,77,1,97,1,0,208,6,1,6552,11,33.0,8.0,2,1,1000000,210000000000,6480048,362619,2.92578475757273e+21,154,0.432027669330178,-0.2925225555238629,-0.1320172727663095,-2.3703348286540127,-0.2440509363334879,-0.2419518100861379,-0.6515833407699301,-0.7762635318890216,-0.209297252997432,-0.465975806527504,0.44495907201119456,-0.129554651525957,-2.436713089608918,-2.4354804057098707,-0.5977086715587934,-0.683793924898733,-0.7005459452905946,-0.3286137548310358,1.6905907925694137,0.6763626790824759,-0.0065533678066977,-0.6694913995885322,-0.16670289457711,0.0619477477542659,-0.39042407050763095,-0.27364494802201306,0.0,-0.24114908255462156,1,0.15463917525773196,1.0,77.0,0.20574162679425836,1.0,27.666666666666668,0.01220814893941706,0.463855421686747,1.0,77.0,0.4819277108433735,0.5584415584415584,1.0
8,13,35,1,20,59,1,27,35,1,42,1,0,61,8,0,72,7,8.222841471986863,6.0,2,3,671491,12347261960,4860940,450142,0.0,58,3.3167224183437383,-1.3564031692309986,-1.3919308607549774,-1.6057178553689861,-0.7712956847839025,-0.7373650282329576,-1.115834917693931,-1.3119571644913037,-0.38225923212179874,-0.7558563534970721,0.5632129022468491,-1.0805238528502392,-1.6701762764078134,-1.6873385855835383,-0.8339904268083733,-1.158738716296163,-1.1834728369018865,0.2748214510194722,-0.27094786998127773,4.695589159424648,2.954679923197472,0.44207220295796573,0.22834054580342777,-0.07548542537734426,-0.10244654321857105,0.373875133320816,-0.09825822657809653,-0.7313559078724078,1,0.19047619047619047,1.0,35.0,0.20967741935483872,1.0,7.375,0.273972602739726,0.5932203389830508,1.0,35.0,0.3389830508474576,0.37142857142857144,1.0
15,50,91,1,92,193,2,19,91,1,97,1,0,236,6,1,6580,11,33.0,8.0,2,1,1000000,235000000000,9156581,362536,3.364e+21,181,0.432027669330178,-0.2924945475371254,-0.1320136013913012,-2.3703348286540127,-0.2434577697267395,-0.2406633205045237,-0.6515833407699301,-0.719256272847593,-0.2085706866223187,-0.465975806527504,0.4447954345072714,-0.129554651525957,-2.436713089608918,-2.4354211950089133,-0.5977086715587934,-0.683793924898733,-0.7005337994667067,-0.3293068164558258,1.6905907925694137,0.6763626790824759,-0.0065533678066977,-0.6694913995885322,-0.16670289457711,0.0998029187548454,0.27363666764517597,-0.2739313100938378,0.0,-0.23986350711683416,1,0.15463917525773196,1.0,91.0,0.2109704641350211,1.0,32.166666666666664,0.013979638352833916,0.47150259067357514,1.0,91.0,0.47668393782383417,0.5494505494505495,1.0
15,52,93,1,97,198,2,25,93,1,100,1,0,242,6,1,6586,13,33.0,8.0,2,1,1000000,233619143247,2231718,387249,3.451790629195297e+21,190,0.432027669330178,-0.2924834281146406,-0.13201293054563876,-2.3703348286540127,-0.24318029824603804,-0.24041652769838417,-0.6515833407699301,-0.6976655896963395,-0.20843792603532094,-0.465975806527504,0.4934512705518225,-0.129554651525957,-2.436713089608918,-2.4354064969063955,-0.5977086715587934,-0.683793924898733,-0.7005307844616184,-0.1232324632294016,1.6905907925694137,0.6763626790824759,-0.0065533678066977,-0.6694913995885322,-0.16670289457711,0.09771201601445251,-1.4444553407970229,-0.1887846555553765,0.0,-0.23947781148706,1,0.15,1.0,93.0,0.2139917695473251,1.0,33.0,0.01472597540610293,0.4696969696969697,1.0,93.0,0.4898989898989899,0.5591397849462365,1.0
15,46,80,1,85,171,2,12,80,1,100,1,0,218,6,1,6562,13,33.0,8.0,2,1,1000000,210000000000,5618540,387249,3.327e+21,163,0.432027669330178,-0.2925105521009754,-0.1320164860430934,-2.3703348286540127,-0.2438037835806761,-0.2417132009043575,-0.6515833407699301,-0.7582779626987961,-0.2091415602027648,-0.465975806527504,0.4934512705518225,-0.129554651525957,-2.436713089608918,-2.4354592590309574,-0.5977086715587934,-0.683793924898733,-0.7005416074963489,-0.1232324632294016,1.6905907925694137,0.6763626790824759,-0.0065533678066977,-0.6694913995885322,-0.16670289457711,0.0619477477542659,-0.6041685968864703,-0.1887846555553765,0.0,-0.24076664555204,1,0.15,1.0,80.0,0.2100456621004566,1.0,28.5,0.012951394179491087,0.4678362573099415,1.0,80.0,0.49707602339181284,0.575,1.0
5,18,48,1,37,90,4,37,48,1,37,1,0,86,14,75,402237,7,5.257955694770407,6.494696203486395,2,2,612847,9629962145,6341380,423465,2473481017431976.5,87,9.031028796361994,-2.2032911886274547,-2.2394550871276273,-1.9843568958292654,-0.5987106888455059,-0.5964802797131844,-0.6664672278373928,-1.1828605515163486,-0.6426123807276052,-1.0072943464079627,0.5391923216813206,-1.967177926123046,-1.9443273646741772,-1.9615098857198792,-0.388524116049363,0.22218185152683034,0.19744967330654228,0.05863172958720539,-0.31014634033180116,2.3795676936342636,5.4008943336927455,0.5268208109696588,-0.07846882784262738,-0.30625925910096047,0.8675003746960956,0.5450659537559897,0.0,-0.5170850987260404,1,0.13513513513513514,1.0,48.0,0.20689655172413793,0.05263157894736842,6.428571428571429,9.198534201144596e-05,0.5333333333333333,1.0,48.0,0.4111111111111111,0.375,1.0
15,50,91,1,92,193,2,20,91,1,97,1,0,236,6,1,6580,11,33.0,8.0,2,1,1000000,235000000000,8456200,362536,3.364e+21,180,0.432027669330178,-0.2924945475371254,-0.1320136013913012,-2.3703348286540127,-0.2434577697267395,-0.2406633205045237,-0.6515833407699301,-0.7207887881776889,-0.2085706866223187,-0.465975806527504,0.4447954345072714,-0.129554651525957,-2.436713089608918,-2.4354211950089133,-0.5977086715587934,-0.683793924898733,-0.7005337994667067,-0.3293068164558258,1.6905907925694137,0.6763626790824759,-0.0065533678066977,-0.6694913995885322,-0.16670289457711,0.0998029187548454,0.09986876921842217,-0.2739313100938378,0.0,-0.23991704784032053,1,0.15463917525773196,1.0,91.0,0.2109704641350211,1.0,32.166666666666664,0.013979638352833916,0.47150259067357514,1.0,91.0,0.47668393782383417,0.5494505494505495,1.0
15,47,83,1,88,177,2,13,83,1,100,1,0,222,6,1,6566,13,33.0,8.0,2,1,1000000,210000000000,7675117,387249,3.327e+21,166,0.432027669330178,-0.2925035833891037,-0.13201557256241928,-2.3703348286540127,-0.24363159906243162,-0.24138073600929846,-0.6515833407699301,-0.750459827733405,-0.208960782063612,-0.465975806527504,0.4934512705518225,-0.129554651525957,-2.436713089608918,-2.435450051337841,-0.5977086715587934,-0.683793924898733,-0.7005397187327099,-0.1232324632294016,1.6905907925694137,0.6763626790824759,-0.0065533678066977,-0.6694913995885322,-0.16670289457711,0.0619477477542659,-0.09392186589190385,-0.1887846555553765,0.0,-0.2406004042688023,1,0.15,1.0,83.0,0.21076233183856502,1.0,29.5,0.01340033500837521,0.4689265536723164,1.0,83.0,0.4971751412429379,0.5662650602409639,1.0
15,45,79,1,83,169,2,11,79,1,100,1,0,216,6,1,6560,13,33.0,8.0,2,1,1000000,210000000000,11458476,387249,3.327e+21,161,0.432027669330178,-0.292514553241938,-0.1320167482841654,-2.3703348286540127,-0.2439026446818008,-0.2418086445770696,-0.6515833407699301,-0.7627668066395912,-0.2091934578009872,-0.465975806527504,0.4934512705518225,-0.129554651525957,-2.436713089608918,-2.43546348836674,-0.5977086715587934,-0.683793924898733,-0.7005424750551981,-0.1232324632294016,1.6905907925694137,0.6763626790824759,-0.0065533678066977,-0.6694913995885322,-0.16670289457711,0.0619477477542659,0.8447477684354694,-0.1887846555553765,0.0,-0.2408620942978438,1,0.15,1.0,79.0,0.2073732718894009,1.0,28.166666666666668,0.012650510592897424,0.46745562130177515,1.0,79.0,0.4911242603550296,0.569620253164557,1.0
15,50,91,1,92,193,2,21,91,1,98,1,0,236,6,1,6580,11,33.0,8.0,2,1,1000000,235000000000,6843322,372268,3.364e+21,178,0.432027669330178,-0.2924945475371254,-0.1320136013913012,-2.3703348286540127,-0.2434577697267395,-0.2406633205045237,-0.6515833407699301,-0.723320413901478,-0.2085706866223187,-0.465975806527504,0.46395733692361474,-0.129554651525957,-2.436713089608918,-2.4354211950089133,-0.5977086715587934,-0.683793924898733,-0.7005337994667067,-0.24814950896613083,1.6905907925694137,0.6763626790824759,-0.0065533678066977,-0.6694913995885322,-0.16670289457711,0.0998029187548454,-0.30029411373333204,-0.24039839774494365,0.0,-0.24004064572281708,1,0.15306122448979592,1.0,91.0,0.2109704641350211,1.0,32.166666666666664,0.013979638352833916,0.47150259067357514,1.0,91.0,0.47668393782383417,0.5494505494505495,1.0
15,45,79,1,83,169,2,11,79,1,100,1,0,216,6,1,6560,13,33.0,8.0,2,1,1000000,210000000000,11458476,387249,3.327e+21,161,0.432027669330178,-0.292514553241938,-0.1320167482841654,-2.3703348286540127,-0.2439026446818008,-0.2418086445770696,-0.6515833407699301,-0.7627668066395912,-0.2091934578009872,-0.465975806527504,0.4934512705518225,-0.129554651525957,-2.436713089608918,-2.43546348836674,-0.5977086715587934,-0.683793924898733,-0.7005424750551981,-0.1232324632294016,1.6905907925694137,0.6763626790824759,-0.0065533678066977,-0.6694913995885322,-0.16670289457711,0.0619477477542659,0.8447477684354694,-0.1887846555553765,0.0,-0.2408620942978438,1,0.15,1.0,79.0,0.2073732718894009,1.0,28.166666666666668,0.012650510592897424,0.46745562130177515,1.0,79.0,0.4911242603550296,0.569620253164557,1.0
15,42,73,1,78,157,2,5,73,1,100,1,0,203,6,1,6547,13,33.0,8.0,2,1,1000000,210000000000,8954267,387249,2.862e+21,147,0.432027669330178,-0.2925265566648255,-0.1320183217305976,-2.3703348286540127,-0.2441497974346126,-0.2423813066133426,-0.6515833407699301,-0.7896998702843612,-0.2095048433903214,-0.465975806527504,0.4934512705518225,-0.129554651525957,-2.436713089608918,-2.435490979049327,-0.5977086715587934,-0.683793924898733,-0.7005481141877173,-0.1232324632294016,1.6905907925694137,0.6763626790824759,-0.0065533678066977,-0.6694913995885322,-0.16670289457711,0.0619477477542659,0.2234414044125607,-0.1887846555553765,0.0,-0.2415302355184703,1,0.15,1.0,73.0,0.20588235294117646,1.0,26.166666666666668,0.011912034208918754,0.46496815286624205,1.0,73.0,0.4968152866242038,0.5753424657534246,1.0
15,43,77,1,80,166,2,6,77,1,98,1,0,208,6,1,6552,12,33.0,8.0,2,1,1000000,210000000000,4948586,377811,2.886439792610695e+21,152,0.432027669330178,-0.2925225555238629,-0.1320172727663095,-2.3703348286540127,-0.2440509363334879,-0.2419518100861379,-0.6515833407699301,-0.7817827008756036,-0.209297252997432,-0.465975806527504,0.47487098082949764,-0.129554651525957,-2.436713089608918,-2.4354804057098707,-0.5977086715587934,-0.683793924898733,-0.7005459452905946,-0.20192643909247732,1.6905907925694137,0.6763626790824759,-0.0065533678066977,-0.6694913995885322,-0.16670289457711,0.0619477477542659,-0.7703873981631295,-0.2212997583431024,0.0,-0.24126643966585032,1,0.15306122448979592,1.0,77.0,0.20574162679425836,1.0,27.666666666666668,0.01220814893941706,0.463855421686747,1.0,77.0,0.4819277108433735,0.5584415584415584,1.0
15,49,87,1,92,186,2,19,87,1,98,1,0,230,6,1,6574,11,33.0,8.0,2,1,1000000,218954067950,7422412,371387,3.4283265087213137e+21,178,0.432027669330178,-0.29249538452143853,-0.13201449782905395,-2.3703348286540127,-0.2434467237553371,-0.24098958256113256,-0.6515833407699301,-0.7242452214690123,-0.2087480919614883,-0.465975806527504,0.46222214099314807,-0.129554651525957,-2.436713089608918,-2.435432780392307,-0.5977086715587934,-0.683793924898733,-0.7005361759632538,-0.2554986659873901,1.6905907925694137,0.6763626790824759,-0.0065533678066977,-0.6694913995885322,-0.16670289457711,0.07550605869143141,-0.15661905251855224,-0.2434349528729392,0.0,-0.24004298874652577,1,0.15306122448979592,1.0,87.0,0.21212121212121213,1.0,31.0,0.013992395437262358,0.46774193548387094,1.0,87.0,0.4946236559139785,0.5632183908045977,1.0
15,43,77,1,80,166,2,7,77,1,97,1,0,208,6,1,6552,11,33.0,8.0,2,1,1000000,210000000000,6627747,362536,2.926e+21,155,0.432027669330178,-0.2925225555238629,-0.1320172727663095,-2.3703348286540127,-0.2440509363334879,-0.2419518100861379,-0.6515833407699301,-0.7767430807716528,-0.209297252997432,-0.465975806527504,0.4447954345072714,-0.129554651525957,-2.436713089608918,-2.4354804057098707,-0.5977086715587934,-0.683793924898733,-0.7005459452905946,-0.3293068164558258,1.6905907925694137,0.6763626790824759,-0.0065533678066977,-0.6694913995885322,-0.16670289457711,0.0619477477542659,-0.3537794156787424,-0.2739313100938378,0.0,-0.24113760160550315,1,0.15463917525773196,1.0,77.0,0.20574162679425836,1.0,27.666666666666668,0.01220814893941706,0.463855421686747,1.0,77.0,0.4819277108433735,0.5584415584415584,1.0
15,42,75,1,79,162,2,5,75,1,100,1,0,205,6,1,6549,13,33.0,8.0,2,1,1000000,210000000000,3214927,387249,2.8409806845179393e+21,149,0.432027669330178,-0.29252518368774355,-0.1320177895282931,-2.3703348286540127,-0.24409963928677175,-0.24213988764871636,-0.6515833407699301,-0.7896337963564399,-0.20939952037147547,-0.465975806527504,0.4934512705518225,-0.129554651525957,-2.436713089608918,-2.435485267305196,-0.5977086715587934,-0.683793924898733,-0.7005469425441261,-0.1232324632294016,1.6905907925694137,0.6763626790824759,-0.0065533678066977,-0.6694913995885322,-0.16670289457711,0.0619477477542659,-1.2005164110679079,-0.1887846555553765,0.0,-0.2414333818065697,1,0.15,1.0,75.0,0.20388349514563106,1.0,27.0,0.012061068702290076,0.46296296296296297,1.0,75.0,0.4876543209876543,0.56,1.0
15,41,72,1,77,155,2,3,72,1,98,1,0,202,6,1,6546,11,33.0,8.0,2,1,1000000,210000000000,6102476,374390,2.831299692857843e+21,147,0.432027669330178,-0.2925284759813328,-0.1320185733206431,-2.3703348286540127,-0.24417350888905745,-0.24244998200553886,-0.6515833407699301,-0.7963419780954002,-0.20955463314673917,-0.465975806527504,0.46813526436393016,-0.129554651525957,-2.436713089608918,-2.4354930078291326,-0.5977086715587934,-0.683793924898733,-0.7005485303490163,-0.23045453617187858,1.6905907925694137,0.6763626790824759,-0.0065533678066977,-0.6694913995885322,-0.16670289457711,0.0619477477542659,-0.4841016813899355,-0.23308711561793283,0.0,-0.2415263588293074,1,0.15306122448979592,1.0,72.0,0.2019704433497537,1.0,25.833333333333332,0.011761111959676187,0.4645161290322581,1.0,72.0,0.4967741935483871,0.5694444444444444,1.0
15,50,91,1,92,193,2,20,91,1,97,1,0,236,6,1,6580,11,33.0,8.0,2,1,1000000,235000000000,8964656,368162,3.364e+21,181,0.432027669330178,-0.2924945475371254,-0.1320136013913012,-2.3703348286540127,-0.2434577697267395,-0.2406633205045237,-0.6515833407699301,-0.7144115504985341,-0.2085706866223187,-0.465975806527504,0.4558734735093418,-0.129554651525957,-2.436713089608918,-2.4354211950089133,-0.5977086715587934,-0.683793924898733,-0.7005337994667067,-0.28238747629119565,1.6905907925694137,0.6763626790824759,-0.0065533678066977,-0.6694913995885322,-0.16670289457711,0.0998029187548454,0.22601915998548028,-0.254544982850191,0.0,-0.23987735386585646,1,0.15463917525773196,1.0,91.0,0.2109704641350211,1.0,32.166666666666664,0.013979638352833916,0.47150259067357514,1.0,91.0,0.47668393782383417,0.5494505494505495,1.0
15,42,74,1,78,161,2,5,74,1,100,1,0,205,6,1,6549,13,33.0,8.0,2,1,1000000,210000000000,6575729,387249,2.862e+21,148,0.432027669330178,-0.2925246367713545,-0.13201781839924615,-2.3703348286540127,-0.2441023602699727,-0.24217521850344412,-0.6515833407699301,-0.7875459591237555,-0.20940523394299457,-0.465975806527504,0.4934512705518225,-0.129554651525957,-2.436713089608918,-2.4354859055751406,-0.5977086715587934,-0.683793924898733,-0.7005470734717155,-0.1232324632294016,1.6905907925694137,0.6763626790824759,-0.0065533678066977,-0.6694913995885322,-0.16670289457711,0.0619477477542659,-0.3666852598881647,-0.1887846555553765,0.0,-0.2414386359344508,1,0.15,1.0,74.0,0.20388349514563106,1.0,26.833333333333332,0.011908396946564885,0.45962732919254656,1.0,74.0,0.484472049689441,0.5675675675675675,1.0
15,45,79,1,83,169,2,11,79,1,100,1,0,216,6,1,6560,13,33.0,8.0,2,1,1000000,210000000000,11458476,387249,3.327e+21,161,0.432027669330178,-0.292514553241938,-0.1320167482841654,-2.3703348286540127,-0.2439026446818008,-0.2418086445770696,-0.6515833407699301,-0.7627668066395912,-0.2091934578009872,-0.465975806527504,0.4934512705518225,-0.129554651525957,-2.436713089608918,-2.43546348836674,-0.5977086715587934,-0.683793924898733,-0.7005424750551981,-0.1232324632294016,1.6905907925694137,0.6763626790824759,-0.0065533678066977,-0.6694913995885322,-0.16670289457711,0.0619477477542659,0.8447477684354694,-0.1887846555553765,0.0,-0.2408620942978438,1,0.15,1.0,79.0,0.2073732718894009,1.0,28.166666666666668,0.012650510592897424,0.46745562130177515,1.0,79.0,0.4911242603550296,0.569620253164557,1.0
15,50,89,1,93,190,2,21,89,1,98,1,0,234,6,1,6578,12,33.0,8.0,2,1,1000000,223797670969,5773164,376175,3.436076273550979e+21,182,0.432027669330178,-0.29249150853374983,-0.13201398975239476,-2.3703348286540127,-0.2433605318483288,-0.24080466605663287,-0.6515833407699301,-0.7155483502444544,-0.20864754341612635,-0.465975806527504,0.47164892316654927,-0.129554651525957,-2.436713089608918,-2.4354241765984104,-0.5977086715587934,-0.683793924898733,-0.7005344110767764,-0.2155729716141333,1.6905907925694137,0.6763626790824759,-0.0065533678066977,-0.6694913995885322,-0.16670289457711,0.08284027551246331,-0.5658054551757186,-0.2269382891552924,0.0,-0.2398580624132093,1,0.15306122448979592,1.0,89.0,0.2127659574468085,1.0,31.666666666666668,0.014135886912904697,0.46842105263157896,1.0,89.0,0.48947368421052634,0.5617977528089888,1.0
15,50,88,1,92,187,2,20,88,1,98,1,0,232,6,1,6576,11,33.0,8.0,2,1,1000000,220976550711,6733756,373386,3.431562481138585e+21,179,0.432027669330178,-0.2924937660737145,-0.13201428567783502,-2.3703348286540127,-0.24341073367824428,-0.24091236928805768,-0.6515833407699301,-0.7206137776745507,-0.20870610716239577,-0.465975806527504,0.46615836457763365,-0.129554651525957,-2.436713089608918,-2.4354291878136487,-0.5977086715587934,-0.683793924898733,-0.7005354390216709,-0.2388273929136987,1.6905907925694137,0.6763626790824759,-0.0065533678066977,-0.6694913995885322,-0.16670289457711,0.07856851592165515,-0.3274779032868027,-0.23654664723520527,0.0,-0.23996577136935474,1,0.15306122448979592,1.0,88.0,0.2145922746781116,1.0,31.166666666666668,0.013988140489584917,0.47058823529411764,1.0,88.0,0.4919786096256685,0.5681818181818182,1.0
15,50,91,1,92,193,2,20,91,1,97,1,0,236,6,1,6580,11,33.0,8.0,2,1,1000000,235000000000,7646472,362536,3.364e+21,179,0.432027669330178,-0.2924945475371254,-0.1320136013913012,-2.3703348286540127,-0.2434577697267395,-0.2406633205045237,-0.6515833407699301,-0.7251950069282532,-0.2085706866223187,-0.465975806527504,0.4447954345072714,-0.129554651525957,-2.436713089608918,-2.4354211950089133,-0.5977086715587934,-0.683793924898733,-0.7005337994667067,-0.3293068164558258,1.6905907925694137,0.6763626790824759,-0.0065533678066977,-0.6694913995885322,-0.16670289457711,0.0998029187548454,-0.10102866895153295,-0.2739313100938378,0.0,-0.23997950906775836,1,0.15463917525773196,1.0,91.0,0.2109704641350211,1.0,32.166666666666664,0.013979638352833916,0.47150259067357514,1.0,91.0,0.47668393782383417,0.5494505494505495,1.0
5,11,27,1,40,69,8,21,27,1,25,1,0,52,13,183,969887,5,4.210448598637191,7.1930342675752055,2,2,474280,14440813069,3602657,293748,5965171337876030.0,65,17.384334787186567,-1.9701729569412803,-1.9610855788600794,-1.6716416848169509,-0.39271856487433887,-0.416786333787465,-0.26455126185418976,-1.4197478440356268,-0.6451439060336442,-0.8386418882251,0.7442815484466794,-2.1032449948040317,-1.6286643873311988,-1.6503095079834915,0.030979300451122127,1.8800768615000463,1.843530275469485,0.001877315122134085,-0.04230301520175406,3.1747060347548417,11.758468073960108,0.5182183092323712,-0.5676860145796739,-0.2403462413752004,0.6073298461580308,0.3038246809613189,0.0,-0.22534969445470582,1,0.2,1.0,27.0,0.20754716981132076,0.043478260869565216,5.3076923076923075,4.124187535055594e-05,0.391304347826087,1.0,27.0,0.5797101449275363,0.4074074074074074,1.0
15,43,77,1,80,166,2,7,77,1,97,1,0,208,6,1,6552,11,33.0,8.0,2,1,1000000,210000000000,7550876,362536,2.926e+21,156,0.432027669330178,-0.2925225555238629,-0.1320172727663095,-2.3703348286540127,-0.2440509363334879,-0.2419518100861379,-0.6515833407699301,-0.7801206089565662,-0.209297252997432,-0.465975806527504,0.4447954345072714,-0.129554651525957,-2.436713089608918,-2.4354804057098707,-0.5977086715587934,-0.683793924898733,-0.7005459452905946,-0.3293068164558258,1.6905907925694137,0.6763626790824759,-0.0065533678066977,-0.6694913995885322,-0.16670289457711,0.0619477477542659,-0.12474668875042058,-0.2739313100938378,0.0,-0.2410657833749256,1,0.15463917525773196,1.0,77.0,0.20574162679425836,1.0,27.666666666666668,0.01220814893941706,0.463855421686747,1.0,77.0,0.4819277108433735,0.5584415584415584,1.0
15,44,78,1,81,167,2,10,78,1,100,1,0,210,6,1,6554,13,33.0,8.0,2,1,1000000,210000000000,5861072,387249,3.25998600466562e+21,159,0.432027669330178,-0.2925182088922649,-0.13201698788123772,-2.3703348286540127,-0.24399296932170456,-0.2418958468767683,-0.6515833407699301,-0.7668680477538792,-0.2092408741438964,-0.465975806527504,0.4934512705518225,-0.129554651525957,-2.436713089608918,-2.4354755068502727,-0.5977086715587934,-0.683793924898733,-0.700544940393085,-0.1232324632294016,1.6905907925694137,0.6763626790824759,-0.0065533678066977,-0.6694913995885322,-0.16670289457711,0.0619477477542659,-0.5439950762354042,-0.1887846555553765,0.0,-0.24094930123258265,1,0.15,1.0,78.0,0.20853080568720378,1.0,27.833333333333332,0.012356979405034324,0.46706586826347307,1.0,78.0,0.48502994011976047,0.5641025641025641,1.0
15,46,80,1,85,171,2,12,80,1,100,1,0,218,6,1,6562,13,33.0,8.0,2,1,1000000,210000000000,7204730,387249,3.327e+21,163,0.432027669330178,-0.29250957237061886,-0.13201642183002485,-2.3703348286540127,-0.24377957618014756,-0.2416898303047286,-0.6515833407699301,-0.7571788120526002,-0.20912885241444013,-0.465975806527504,0.4934512705518225,-0.129554651525957,-2.436713089608918,-2.4354577056208075,-0.5977086715587934,-0.683793924898733,-0.7005412888470879,-0.1232324632294016,1.6905907925694137,0.6763626790824759,-0.0065533678066977,-0.6694913995885322,-0.16670289457711,0.0619477477542659,-0.2106269423279552,-0.1887846555553765,0.0,-0.24074327371019996,1,0.15,1.0,80.0,0.2100456621004566,1.0,28.5,0.012951394179491087,0.4678362573099415,1.0,80.0,0.49707602339181284,0.575,1.0
15,51,90,1,95,193,2,22,90,1,98,1,0,236,6,1,6580,12,33.0,8.0,2,1,1000000,225507738783,4315105,377865,3.438812382054139e+21,184,0.432027669330178,-0.2924886208942664,-0.1320136112315274,-2.3703348286540127,-0.2432925645788044,-0.24064878236823134,-0.6515833407699301,-0.709069116885944,-0.20857263400647344,-0.465975806527504,0.4749771143347946,-0.129554651525957,-2.436713089608918,-2.4354195331305903,-0.5977086715587934,-0.683793924898733,-0.7005334585674924,-0.2014769268604872,1.6905907925694137,0.6763626790824759,-0.0065533678066977,-0.6694913995885322,-0.16670289457711,0.08542967189404405,-0.9275570887503674,-0.22111402701783642,0.0,-0.2397202909277229,1,0.15306122448979592,1.0,90.0,0.21518987341772153,1.0,32.166666666666664,0.014435496125208934,0.46632124352331605,1.0,90.0,0.49222797927461137,0.5666666666666667,1.0
15,51,91,1,95,194,2,23,91,1,100,1,0,238,6,1,6582,13,33.0,8.0,2,1,1000000,227601994202,3421110,387249,3.442163190723969e+21,185,0.432027669330178,-0.2924872801884838,-0.13201343548759586,-2.3703348286540127,-0.24326357892326309,-0.24058881733960552,-0.6515833407699301,-0.7073892051870041,-0.20853785422206006,-0.465975806527504,0.4934512705518225,-0.129554651525957,-2.436713089608918,-2.4354161673530257,-0.5977086715587934,-0.683793924898733,-0.7005327681493605,-0.1232324632294016,1.6905907925694137,0.6763626790824759,-0.0065533678066977,-0.6694913995885322,-0.16670289457711,0.08860080777371036,-1.1493616023357411,-0.1887846555553765,0.0,-0.23968457004572305,1,0.15,1.0,91.0,0.21338912133891214,1.0,32.333333333333336,0.014431110435971442,0.4690721649484536,1.0,91.0,0.4896907216494845,0.5604395604395604,1.0
15,41,72,1,77,156,2,3,72,1,100,1,0,202,6,1,6546,13,33.0,8.0,2,1,1000000,210000000000,2122449,387249,2.81162970633657e+21,146,0.432027669330178,-0.2925288536065277,-0.1320185111250415,-2.3703348286540127,-0.24416764717791467,-0.24240251563202803,-0.6515833407699301,-0.795809669507964,-0.2095423246158277,-0.465975806527504,0.4934512705518225,-0.129554651525957,-2.436713089608918,-2.4354920559457898,-0.5977086715587934,-0.683793924898733,-0.7005483350902664,-0.1232324632294016,1.6905907925694137,0.6763626790824759,-0.0065533678066977,-0.6694913995885322,-0.16670289457711,0.0619477477542659,-1.4715656652621396,-0.1887846555553765,0.0,-0.24156470277792247,1,0.15,1.0,72.0,0.2019704433497537,1.0,26.0,0.011761111959676187,0.46153846153846156,1.0,72.0,0.4935897435897436,0.5694444444444444,1.0
15,43,77,1,80,166,2,8,77,1,97,1,0,208,6,1,6552,11,33.0,8.0,2,1,1000000,210000000000,5089149,365906,2.917272225562447e+21,152,0.432027669330178,-0.2925225555238629,-0.1320172727663095,-2.3703348286540127,-0.2440509363334879,-0.2419518100861379,-0.6515833407699301,-0.7735809453368361,-0.209297252997432,-0.465975806527504,0.45143070266457475,-0.129554651525957,-2.436713089608918,-2.4354804057098707,-0.5977086715587934,-0.683793924898733,-0.7005459452905946,-0.30120415282574914,1.6905907925694137,0.6763626790824759,-0.0065533678066977,-0.6694913995885322,-0.16670289457711,0.0619477477542659,-0.7355130534479255,-0.26231973517315094,0.0,-0.24125690576736705,1,0.15463917525773196,1.0,77.0,0.20574162679425836,1.0,27.666666666666668,0.01220814893941706,0.463855421686747,1.0,77.0,0.4819277108433735,0.5584415584415584,1.0
15,43,77,1,80,166,2,8,77,1,97,1,0,208,6,1,6552,11,33.0,8.0,2,1,1000000,210000000000,5243170,362895,2.925069141397256e+21,152,0.432027669330178,-0.2925225555238629,-0.1320172727663095,-2.3703348286540127,-0.2440509363334879,-0.2419518100861379,-0.6515833407699301,-0.7719403607242437,-0.209297252997432,-0.465975806527504,0.44550311737533066,-0.129554651525957,-2.436713089608918,-2.4354804057098707,-0.5977086715587934,-0.683793924898733,-0.7005459452905946,-0.3263095338854225,1.6905907925694137,0.6763626790824759,-0.0065533678066977,-0.6694913995885322,-0.16670289457711,0.0619477477542659,-0.697299545747657,-0.27269288047083723,0.0,-0.24124527755115502,1,0.15463917525773196,1.0,77.0,0.20574162679425836,1.0,27.666666666666668,0.01220814893941706,0.463855421686747,1.0,77.0,0.4819277108433735,0.5584415584415584,1.0
15,43,77,1,80,166,2,6,77,1,98,1,0,208,6,1,6552,11,33.0,8.0,2,1,1000000,210000000000,5615066,371200,2.903562396236378e+21,153,0.432027669330178,-0.2925225555238629,-0.1320172727663095,-2.3703348286540127,-0.2440509363334879,-0.2419518100861379,-0.6515833407699301,-0.7793808041401104,-0.209297252997432,-0.465975806527504,0.46185356528782456,-0.129554651525957,-2.436713089608918,-2.4354804057098707,-0.5977086715587934,-0.683793924898733,-0.7005459452905946,-0.25705971202552536,1.6905907925694137,0.6763626790824759,-0.0065533678066977,-0.6694913995885322,-0.16670289457711,0.0619477477542659,-0.6050304977816349,-0.24407995233865,0.0,-0.24121536682082012,1,0.15306122448979592,1.0,77.0,0.20574162679425836,1.0,27.666666666666668,0.01220814893941706,0.463855421686747,1.0,77.0,0.4819277108433735,0.5584415584415584,1.0
15,45,79,1,84,170,2,11,79,1,100,1,0,216,6,1,6560,13,33.0,8.0,2,1,1000000,210000000000,9463634,387249,3.29870432039297e+21,162,0.432027669330178,-0.2925114733514363,-0.13201654642329763,-2.3703348286540127,-0.24382654604663934,-0.24173517651788798,-0.6515833407699301,-0.7593115052777705,-0.2091535094659196,-0.465975806527504,0.4934512705518225,-0.129554651525957,-2.436713089608918,-2.435462454094188,-0.5977086715587934,-0.683793924898733,-0.7005422628960433,-0.1232324632294016,1.6905907925694137,0.6763626790824759,-0.0065533678066977,-0.6694913995885322,-0.16670289457711,0.0619477477542659,0.3498179690774196,-0.1887846555553765,0.0,-0.24078862233363435,1,0.15,1.0,79.0,0.2073732718894009,1.0,28.333333333333332,0.012802926383173296,0.4647058823529412,1.0,79.0,0.49411764705882355,0.569620253164557,1.0
15,44,78,1,81,167,2,10,78,1,100,1,0,212,6,1,6556,13,33.0,8.0,2,1,1000000,210000000000,7944314,387249,3.285064839111882e+21,159,0.432027669330178,-0.2925169849591843,-0.13201690766273852,-2.3703348286540127,-0.24396272810471734,-0.24186665103751798,-0.6515833407699301,-0.7654949282752272,-0.2092249988753519,-0.465975806527504,0.4934512705518225,-0.129554651525957,-2.436713089608918,-2.4354711995787617,-0.5977086715587934,-0.683793924898733,-0.7005440568473684,-0.1232324632294016,1.6905907925694137,0.6763626790824759,-0.0065533678066977,-0.6694913995885322,-0.16670289457711,0.0619477477542659,-0.02713272514357834,-0.1887846555553765,0.0,-0.24092010384149382,1,0.15,1.0,78.0,0.20657276995305165,1.0,27.833333333333332,0.012353210309592801,0.46706586826347307,1.0,78.0,0.48502994011976047,0.5641025641025641,1.0
15,50,91,1,92,193,2,21,91,1,97,1,0,236,6,1,6580,11,33.0,8.0,2,1,1000000,235000000000,10507678,362536,3.364e+21,184,0.432027669330178,-0.2924945475371254,-0.1320136013913012,-2.3703348286540127,-0.2434577697267395,-0.2406633205045237,-0.6515833407699301,-0.7108644360030271,-0.2085706866223187,-0.465975806527504,0.4447954345072714,-0.129554651525957,-2.436713089608918,-2.4354211950089133,-0.5977086715587934,-0.683793924898733,-0.7005337994667067,-0.3293068164558258,1.6905907925694137,0.6763626790824759,-0.0065533678066977,-0.6694913995885322,-0.16670289457711,0.0998029187548454,0.6088502080149205,-0.2739313100938378,0.0,-0.23975846578082616,1,0.15463917525773196,1.0,91.0,0.2109704641350211,1.0,32.166666666666664,0.013979638352833916,0.47150259067357514,1.0,91.0,0.47668393782383417,0.5494505494505495,1.0
15,50,91,1,92,193,2,19,91,1,97,1,0,236,6,1,6580,11,33.0,8.0,2,1,1000000,235000000000,8348324,364904,3.364e+21,180,0.432027669330178,-0.2924945475371254,-0.1320136013913012,-2.3703348286540127,-0.2434577697267395,-0.2406633205045237,-0.6515833407699301,-0.7219369945089364,-0.2085706866223187,-0.465975806527504,0.4494586733542793,-0.129554651525957,-2.436713089608918,-2.4354211950089133,-0.5977086715587934,-0.683793924898733,-0.7005337994667067,-0.30955638141124886,1.6905907925694137,0.6763626790824759,-0.0065533678066977,-0.6694913995885322,-0.16670289457711,0.0998029187548454,0.07310418975395849,-0.2657707435633819,0.0,-0.23992590270461953,1,0.15463917525773196,1.0,91.0,0.2109704641350211,1.0,32.166666666666664,0.013979638352833916,0.47150259067357514,1.0,91.0,0.47668393782383417,0.5494505494505495,1.0
15,50,91,1,92,193,2,20,91,1,97,1,0,236,6,1,6580,11,33.0,8.0,2,1,1000000,235000000000,8203063,362536,3.364e+21,180,0.432027669330178,-0.2924945475371254,-0.1320136013913012,-2.3703348286540127,-0.2434577697267395,-0.2406633205045237,-0.6515833407699301,-0.7221662617842424,-0.2085706866223187,-0.465975806527504,0.4447954345072714,-0.129554651525957,-2.436713089608918,-2.4354211950089133,-0.5977086715587934,-0.683793924898733,-0.7005337994667067,-0.3293068164558258,1.6905907925694137,0.6763626790824759,-0.0065533678066977,-0.6694913995885322,-0.16670289457711,0.0998029187548454,0.03706414367233943,-0.2739313100938378,0.0,-0.23993657449051634,1,0.15463917525773196,1.0,91.0,0.2109704641350211,1.0,32.166666666666664,0.013979638352833916,0.47150259067357514,1.0,91.0,0.47668393782383417,0.5494505494505495,1.0
15,50,89,1,93,189,2,21,89,1,98,1,0,233,6,1,6577,12,33.0,8.0,2,1,1000000,222849737228,6095936,375238,3.434559579566392e+21,181,0.432027669330178,-0.2924922670970535,-0.13201408918725885,-2.3703348286540127,-0.24337740032753466,-0.2408408557677002,-0.6515833407699301,-0.7172504008951428,-0.20866722160988593,-0.465975806527504,0.4698040228204537,-0.129554651525957,-2.436713089608918,-2.435425860433047,-0.5977086715587934,-0.683793924898733,-0.7005347564798644,-0.22338676491203763,1.6905907925694137,0.6763626790824759,-0.0065533678066977,-0.6694913995885322,-0.16670289457711,0.08140490775891104,-0.48572424379376256,-0.2301668246239472,0.0,-0.23989425404785855,1,0.15306122448979592,1.0,89.0,0.21367521367521367,1.0,31.5,0.014138035877166312,0.4708994708994709,1.0,89.0,0.49206349206349204,0.5617977528089888,1.0
15,43,77,1,80,166,2,7,77,1,97,1,0,208,6,1,6552,11,33.0,8.0,2,1,1000000,210000000000,6488427,362536,2.926e+21,155,0.432027669330178,-0.2925225555238629,-0.1320172727663095,-2.3703348286540127,-0.2440509363334879,-0.2419518100861379,-0.6515833407699301,-0.7762333384619762,-0.209297252997432,-0.465975806527504,0.4447954345072714,-0.129554651525957,-2.436713089608918,-2.4354804057098707,-0.5977086715587934,-0.683793924898733,-0.7005459452905946,-0.3293068164558258,1.6905907925694137,0.6763626790824759,-0.0065533678066977,-0.6694913995885322,-0.16670289457711,0.0619477477542659,-0.3883454251460939,-0.2739313100938378,0.0,-0.2411484405352551,1,0.15463917525773196,1.0,77.0,0.20574162679425836,1.0,27.666666666666668,0.01220814893941706,0.463855421686747,1.0,77.0,0.4819277108433735,0.5584415584415584,1.0
15,39,69,1,75,151,2,1,69,1,100,1,0,198,6,1,6542,13,33.0,8.0,2,1,1000000,210000000000,4412970,387249,2.673e+21,142,0.432027669330178,-0.29253614557032026,-0.13201921244361792,-2.3703348286540127,-0.24426825986378906,-0.24265776329465524,-0.6515833407699301,-0.8049464207724351,-0.20968111580298346,-0.465975806527504,0.4934512705518225,-0.129554651525957,-2.436713089608918,-2.435501114833471,-0.5977086715587934,-0.683793924898733,-0.7005501933296154,-0.1232324632294016,1.6905907925694137,0.6763626790824759,-0.0065533678066977,-0.6694913995885322,-0.16670289457711,0.0619477477542659,-0.9032761874553417,-0.1887846555553765,0.0,-0.24175898252130792,1,0.15,1.0,69.0,0.19597989949748743,1.0,25.166666666666668,0.011462631820265932,0.45695364238410596,1.0,69.0,0.4966887417218543,0.5652173913043478,1.0
15,46,80,1,85,171,2,12,80,1,100,1,0,218,6,1,6562,13,33.0,8.0,2,1,1000000,210000000000,5618540,387249,3.327e+21,163,0.432027669330178,-0.2925105521009754,-0.1320164860430934,-2.3703348286540127,-0.2438037835806761,-0.2417132009043575,-0.6515833407699301,-0.7582779626987961,-0.2091415602027648,-0.465975806527504,0.4934512705518225,-0.129554651525957,-2.436713089608918,-2.4354592590309574,-0.5977086715587934,-0.683793924898733,-0.7005416074963489,-0.1232324632294016,1.6905907925694137,0.6763626790824759,-0.0065533678066977,-0.6694913995885322,-0.16670289457711,0.0619477477542659,-0.6041685968864703,-0.1887846555553765,0.0,-0.24076664555204,1,0.15,1.0,80.0,0.2100456621004566,1.0,28.5,0.012951394179491087,0.4678362573099415,1.0,80.0,0.49707602339181284,0.575,1.0
15,50,91,1,92,193,2,20,91,1,97,1,0,236,6,1,6580,11,33.0,8.0,2,1,1000000,235000000000,9985205,362536,3.364e+21,183,0.432027669330178,-0.2924945475371254,-0.1320136013913012,-2.3703348286540127,-0.2434577697267395,-0.2406633205045237,-0.6515833407699301,-0.7127716954588205,-0.2085706866223187,-0.465975806527504,0.4447954345072714,-0.129554651525957,-2.436713089608918,-2.4354211950089133,-0.5977086715587934,-0.683793924898733,-0.7005337994667067,-0.3293068164558258,1.6905907925694137,0.6763626790824759,-0.0065533678066977,-0.6694913995885322,-0.16670289457711,0.0998029187548454,0.47922234210605263,-0.2739313100938378,0.0,-0.23979902088262497,1,0.15463917525773196,1.0,91.0,0.2109704641350211,1.0,32.166666666666664,0.013979638352833916,0.47150259067357514,1.0,91.0,0.47668393782383417,0.5494505494505495,1.0
15,48,84,1,89,179,2,16,84,1,97,1,0,223,6,1,6567,11,33.0,8.0,2,1,1000000,210000000000,10354840,362536,3.414e+21,171,0.432027669330178,-0.29250234784394996,-0.13201541060327376,-2.3703348286540127,-0.2436010709316973,-0.24131938137082298,-0.6515833407699301,-0.7398693988503572,-0.20892873029309145,-0.465975806527504,0.4447954345072714,-0.129554651525957,-2.436713089608918,-2.435448472197268,-0.5977086715587934,-0.683793924898733,-0.7005393948053964,-0.3293068164558258,1.6905907925694137,0.6763626790824759,-0.0065533678066977,-0.6694913995885322,-0.16670289457711,0.0619477477542659,0.5709305841499034,-0.2739313100938378,0.0,-0.2403752141825032,1,0.15463917525773196,1.0,84.0,0.21428571428571427,1.0,29.833333333333332,0.013550548112058466,0.4692737430167598,1.0,84.0,0.4972067039106145,0.5714285714285714,1.0
15,42,76,1,79,164,2,5,76,1,100,1,0,207,6,1,6551,13,33.0,8.0,2,1,1000000,210000000000,4726331,387249,2.862e+21,150,0.432027669330178,-0.292523143985592,-0.13201742704113872,-2.3703348286540127,-0.2440654761797588,-0.24201497763544083,-0.6515833407699301,-0.7858712162472862,-0.20932778403912167,-0.465975806527504,0.4934512705518225,-0.129554651525957,-2.436713089608918,-2.4354819607677096,-0.5977086715587934,-0.683793924898733,-0.7005462642778442,-0.1232324632294016,1.6905907925694137,0.6763626790824759,-0.0065533678066977,-0.6694913995885322,-0.16670289457711,0.0619477477542659,-0.8255298238275274,-0.1887846555553765,0.0,-0.24136741398545405,1,0.15,1.0,76.0,0.20192307692307693,1.0,27.333333333333332,0.012057387057387058,0.4634146341463415,1.0,76.0,0.4817073170731707,0.5526315789473685,1.0
15,46,80,1,85,171,2,12,80,1,99,1,0,218,6,1,6562,12,33.0,8.0,2,1,1000000,210000000000,5884723,385434,3.327e+21,163,0.432027669330178,-0.2925099646344551,-0.1320164090361339,-2.3703348286540127,-0.24378926832425066,-0.24168517391764904,-0.6515833407699301,-0.7572893526168765,-0.20912632049902913,-0.465975806527504,0.489879330078039,-0.129554651525957,-2.436713089608918,-2.435458482816998,-0.5977086715587934,-0.683793924898733,-0.7005414482724603,-0.13836087089306245,1.6905907925694137,0.6763626790824759,-0.0065533678066977,-0.6694913995885322,-0.16670289457711,0.0619477477542659,-0.5381271813756383,-0.19503547367459875,0.0,-0.24074562419472556,1,0.15151515151515152,1.0,80.0,0.2100456621004566,1.0,28.5,0.012951394179491087,0.4678362573099415,1.0,80.0,0.49707602339181284,0.575,1.0
15,45,79,1,83,169,2,11,79,1,100,1,0,215,6,1,6559,13,33.0,8.0,2,1,1000000,210000000000,8835736,387249,3.291956024222488e+21,161,0.432027669330178,-0.29251264730292476,-0.13201662336592468,-2.3703348286540127,-0.24385555230707975,-0.24176318009054276,-0.6515833407699301,-0.7606285508593164,-0.20916873643823877,-0.465975806527504,0.4934512705518225,-0.129554651525957,-2.436713089608918,-2.4354647290863265,-0.5977086715587934,-0.683793924898733,-0.7005427295625987,-0.1232324632294016,1.6905907925694137,0.6763626790824759,-0.0065533678066977,-0.6694913995885322,-0.16670289457711,0.0619477477542659,0.19403342531560552,-0.1887846555553765,0.0,-0.24081662739475543,1,0.15,1.0,79.0,0.20833333333333334,1.0,28.166666666666668,0.012652439024390245,0.46745562130177515,1.0,79.0,0.4911242603550296,0.569620253164557,1.0
15,48,84,1,89,179,2,16,84,1,97,1,0,223,6,1,6567,11,33.0,8.0,2,1,1000000,210000000000,10471275,362536,3.414e+21,171,0.432027669330178,-0.2925025498190504,-0.1320154370788053,-2.3703348286540127,-0.2436060613784266,-0.2413314262135088,-0.6515833407699301,-0.7403225869356161,-0.2089339698098753,-0.465975806527504,0.4447954345072714,-0.129554651525957,-2.436713089608918,-2.4354486856915005,-0.5977086715587934,-0.683793924898733,-0.7005394385992261,-0.3293068164558258,1.6905907925694137,0.6763626790824759,-0.0065533678066977,-0.6694913995885322,-0.16670289457711,0.0619477477542659,0.5998184259286021,-0.2739313100938378,0.0,-0.2403848505688249,1,0.15463917525773196,1.0,84.0,0.21428571428571427,1.0,29.833333333333332,0.013550548112058466,0.4692737430167598,1.0,84.0,0.4972067039106145,0.5714285714285714,1.0
15,40,71,1,76,154,2,2,71,1,98,1,0,200,6,1,6544,12,33.0,8.0,2,1,1000000,210000000000,5846557,375902,2.759776657929031e+21,145,0.432027669330178,-0.2925308848129872,-0.13201874724105486,-2.3703348286540127,-0.24420326786930993,-0.24251036178800084,-0.6515833407699301,-0.7990444245919612,-0.20958905205596823,-0.465975806527504,0.47111163647410265,-0.129554651525957,-2.436713089608918,-2.4354955540423266,-0.5977086715587934,-0.683793924898733,-0.7005490526508391,-0.21784856723932647,1.6905907925694137,0.6763626790824759,-0.0065533678066977,-0.6694913995885322,-0.16670289457711,0.0619477477542659,-0.547596275599206,-0.2278785291780509,0.0,-0.24158966121381797,1,0.15306122448979592,1.0,71.0,0.19900497512437812,1.0,25.666666666666668,0.011611917494270435,0.461038961038961,1.0,71.0,0.4935064935064935,0.5633802816901409,1.0
15,47,81,1,87,173,2,13,81,1,100,1,0,221,6,1,6565,13,33.0,8.0,2,1,1000000,210000000000,12096418,387249,3.327e+21,165,0.432027669330178,-0.2925065509600129,-0.1320162238020214,-2.3703348286540127,-0.2437049224795514,-0.2416177572316453,-0.6515833407699301,-0.7537891187580011,-0.2090896626045424,-0.465975806527504,0.4934512705518225,-0.129554651525957,-2.436713089608918,-2.435452915027283,-0.5977086715587934,-0.683793924898733,-0.7005403061580752,-0.1232324632294016,1.6905907925694137,0.6763626790824759,-0.0065533678066977,-0.6694913995885322,-0.16670289457711,0.0619477477542659,1.0030242639186748,-0.1887846555553765,0.0,-0.2406711968062362,1,0.15,1.0,81.0,0.21171171171171171,1.0,28.833333333333332,0.01325007614986293,0.4682080924855491,1.0,81.0,0.5028901734104047,0.5802469135802469,1.0
15,43,77,1,80,166,2,7,77,1,98,1,0,208,6,1,6552,11,33.0,8.0,2,1,1000000,210000000000,5883739,374710,2.8944724419844563e+21,154,0.432027669330178,-0.2925225555238629,-0.1320172727663095,-2.3703348286540127,-0.2440509363334879,-0.2419518100861379,-0.6515833407699301,-0.782933468149117,-0.209297252997432,-0.465975806527504,0.4687641797211677,-0.129554651525957,-2.436713089608918,-2.4354804057098707,-0.5977086715587934,-0.683793924898733,-0.7005459452905946,-0.22779086134861137,1.6905907925694137,0.6763626790824759,-0.0065533678066977,-0.6694913995885322,-0.16670289457711,0.0619477477542659,-0.5383713310830197,-0.23198652742523168,0.0,-0.24119405112714698,1,0.15306122448979592,1.0,77.0,0.20574162679425836,1.0,27.666666666666668,0.01220814893941706,0.463855421686747,1.0,77.0,0.4819277108433735,0.5584415584415584,1.0
15,48,84,1,89,179,2,16,84,1,97,1,0,223,6,1,6567,11,33.0,8.0,2,1,1000000,210000000000,10471275,362536,3.414e+21,171,0.432027669330178,-0.2925025498190504,-0.1320154370788053,-2.3703348286540127,-0.2436060613784266,-0.2413314262135088,-0.6515833407699301,-0.7403225869356161,-0.2089339698098753,-0.465975806527504,0.4447954345072714,-0.129554651525957,-2.436713089608918,-2.4354486856915005,-0.5977086715587934,-0.683793924898733,-0.7005394385992261,-0.3293068164558258,1.6905907925694137,0.6763626790824759,-0.0065533678066977,-0.6694913995885322,-0.16670289457711,0.0619477477542659,0.5998184259286021,-0.2739313100938378,0.0,-0.2403848505688249,1,0.15463917525773196,1.0,84.0,0.21428571428571427,1.0,29.833333333333332,0.013550548112058466,0.4692737430167598,1.0,84.0,0.4972067039106145,0.5714285714285714,1.0
15,49,86,1,91,184,2,17,86,1,98,1,0,225,6,1,6569,11,33.0,8.0,2,1,1000000,210000000000,7701229,371595,3.414e+21,174,0.432027669330178,-0.2924985486780879,-0.1320149125966613,-2.3703348286540127,-0.2435072002773019,-0.2410928170317284,-0.6515833407699301,-0.7329905054078271,-0.2088301746134306,-0.465975806527504,0.4626326224337093,-0.129554651525957,-2.436713089608918,-2.435444456355718,-0.5977086715587934,-0.683793924898733,-0.700538571040377,-0.2537601346157854,1.6905907925694137,0.6763626790824759,-0.0065533678066977,-0.6694913995885322,-0.16670289457711,0.0619477477542659,-0.08744318550459665,-0.242716619282249,0.0,-0.24022894450588553,1,0.15306122448979592,1.0,86.0,0.2168141592920354,1.0,30.666666666666668,0.013850837138508371,0.4673913043478261,1.0,86.0,0.4945652173913043,0.5697674418604651,1.0
15,50,91,1,92,193,2,19,91,1,97,1,0,236,6,1,6580,11,33.0,8.0,2,1,1000000,235000000000,9521332,362536,3.364e+21,182,0.432027669330178,-0.2924945475371254,-0.1320136013913012,-2.3703348286540127,-0.2434577697267395,-0.2406633205045237,-0.6515833407699301,-0.715545475702368,-0.2085706866223187,-0.465975806527504,0.4447954345072714,-0.129554651525957,-2.436713089608918,-2.4354211950089133,-0.5977086715587934,-0.683793924898733,-0.7005337994667067,-0.3293068164558258,1.6905907925694137,0.6763626790824759,-0.0065533678066977,-0.6694913995885322,-0.16670289457711,0.0998029187548454,0.3641329796107182,-0.2739313100938378,0.0,-0.23983507969212484,1,0.15463917525773196,1.0,91.0,0.2109704641350211,1.0,32.166666666666664,0.013979638352833916,0.47150259067357514,1.0,91.0,0.47668393782383417,0.5494505494505495,1.0
15,50,91,1,92,193,2,20,91,1,97,1,0,236,6,1,6580,11,33.0,8.0,2,1,1000000,235000000000,7435890,362536,3.364e+21,179,0.432027669330178,-0.2924945475371254,-0.1320136013913012,-2.3703348286540127,-0.2434577697267395,-0.2406633205045237,-0.6515833407699301,-0.726515516472522,-0.2085706866223187,-0.465975806527504,0.4447954345072714,-0.129554651525957,-2.436713089608918,-2.4354211950089133,-0.5977086715587934,-0.683793924898733,-0.7005337994667067,-0.3293068164558258,1.6905907925694137,0.6763626790824759,-0.0065533678066977,-0.6694913995885322,-0.16670289457711,0.0998029187548454,-0.1532751685393687,-0.2739313100938378,0.0,-0.23999581452608923,1,0.15463917525773196,1.0,91.0,0.2109704641350211,1.0,32.166666666666664,0.013979638352833916,0.47150259067357514,1.0,91.0,0.47668393782383417,0.5494505494505495,1.0
5,2,2,1,37,38,12,2,2,1,14,1,0,11,11,267,1416300,4,4.031037775285194,7.742240556178702,2,2,353849,20000000000,457189,172826,8711202780893508.0,34,24.01265000685427,-1.4934525390006546,-1.4393000992074745,-1.251720980407004,-0.2384458565591004,-0.2794065397428118,0.0038015757108052217,-1.692119733699359,-0.5721786849706936,-0.598479332040481,0.9546544346364175,-1.9811577805686928,-1.2361109716216112,-1.2621762796137317,0.3179065351279238,3.124065231029393,3.075800445168887,0.008260868030689192,0.23471000331447106,4.634742805892632,17.35481321594953,0.48511776804219153,-0.9639524489901867,-0.10807210394097275,0.06810411381187997,0.014931422792791162,-0.028484921386452984,0.0018793178255265691,1,0.35714285714285715,1.0,2.0,0.16666666666666666,0.04477611940298507,3.4545454545454546,2.612439022495924e-05,0.05263157894736842,1.0,2.0,0.9736842105263158,1.0,1.0
15,45,79,1,83,169,2,11,79,1,100,1,0,216,6,1,6560,13,33.0,8.0,2,1,1000000,210000000000,10710696,387249,3.327e+21,161,0.432027669330178,-0.2925140409124866,-0.13201671470528734,-2.3703348286540127,-0.243889985929167,-0.24179642341192398,-0.6515833407699301,-0.7621920288512416,-0.2091868125294829,-0.465975806527504,0.4934512705518225,-0.129554651525957,-2.436713089608918,-2.4354629468178914,-0.5977086715587934,-0.683793924898733,-0.7005423639678974,-0.1232324632294016,1.6905907925694137,0.6763626790824759,-0.0065533678066977,-0.6694913995885322,-0.16670289457711,0.0619477477542659,0.6592200568581753,-0.1887846555553765,0.0,-0.24084987248310988,1,0.15,1.0,79.0,0.2073732718894009,1.0,28.166666666666668,0.012650510592897424,0.46745562130177515,1.0,79.0,0.4911242603550296,0.569620253164557,1.0
6,8,13,1,47,60,12,2,13,1,24,1,0,40,11,260,1379860,5,7.55708080536883,8.0,2,1,418340,48861511767,1572398,180825,4.0604438073142765e+20,54,22.995642938761108,-1.4868751789758576,-1.4104377321925035,-1.4713078070981447,-0.16829663611437648,-0.21424077298434008,0.07054331982340448,-1.558923680124359,-0.5814816386943855,-0.6167500775863698,0.907171354764249,-1.9367846020524655,-1.4420530427095632,-1.4645999347996463,0.3466017592196986,3.1153887127257223,3.0702698904844485,-0.0727476742677575,0.4834201118738397,3.574452648268367,16.201880815628204,0.32937137920288395,-0.9862183622206863,-0.12983087620153058,0.254550951935708,-0.0074253434692662,0.0,0.058055553170280993,1,0.25,1.0,13.0,0.1951219512195122,0.04597701149425287,5.454545454545454,3.406140183685168e-05,0.21666666666666667,1.0,13.0,0.7833333333333333,0.6153846153846154,1.0
15,45,79,1,83,169,2,11,79,1,100,1,0,216,6,1,6560,13,33.0,8.0,2,1,1000000,210000000000,11458476,387249,3.327e+21,161,0.432027669330178,-0.292514553241938,-0.1320167482841654,-2.3703348286540127,-0.2439026446818008,-0.2418086445770696,-0.6515833407699301,-0.7627668066395912,-0.2091934578009872,-0.465975806527504,0.4934512705518225,-0.129554651525957,-2.436713089608918,-2.43546348836674,-0.5977086715587934,-0.683793924898733,-0.7005424750551981,-0.1232324632294016,1.6905907925694137,0.6763626790824759,-0.0065533678066977,-0.6694913995885322,-0.16670289457711,0.0619477477542659,0.8447477684354694,-0.1887846555553765,0.0,-0.2408620942978438,1,0.15,1.0,79.0,0.2073732718894009,1.0,28.166666666666668,0.012650510592897424,0.46745562130177515,1.0,79.0,0.4911242603550296,0.569620253164557,1.0
15,50,91,1,92,193,2,21,91,1,98,1,0,236,6,1,6580,11,33.0,8.0,2,1,1000000,235000000000,8473188,371411,3.364e+21,180,0.432027669330178,-0.2924945475371254,-0.1320136013913012,-2.3703348286540127,-0.2434577697267395,-0.2406633205045237,-0.6515833407699301,-0.7150015805166227,-0.2085706866223187,-0.465975806527504,0.46226897404358375,-0.129554651525957,-2.436713089608918,-2.4354211950089133,-0.5977086715587934,-0.683793924898733,-0.7005337994667067,-0.2553003117638737,1.6905907925694137,0.6763626790824759,-0.0065533678066977,-0.6694913995885322,-0.16670289457711,0.0998029187548454,0.10408352510313312,-0.24335299605356037,0.0,-0.23991499225958718,1,0.15306122448979592,1.0,91.0,0.2109704641350211,1.0,32.166666666666664,0.013979638352833916,0.47150259067357514,1.0,91.0,0.47668393782383417,0.5494505494505495,1.0
15,43,77,1,80,166,2,6,77,1,99,1,0,208,6,1,6552,12,33.0,8.0,2,1,1000000,210000000000,4450379,382754,2.8736403254015453e+21,151,0.432027669330178,-0.2925225555238629,-0.1320172727663095,-2.3703348286540127,-0.2440509363334879,-0.2419518100861379,-0.6515833407699301,-0.7835781637139534,-0.209297252997432,-0.465975806527504,0.48460174298552855,-0.129554651525957,-2.436713089608918,-2.4354804057098707,-0.5977086715587934,-0.683793924898733,-0.7005459452905946,-0.16071328398672283,1.6905907925694137,0.6763626790824759,-0.0065533678066977,-0.6694913995885322,-0.16670289457711,0.0619477477542659,-0.8939947811586045,-0.20427113626913668,0.0,-0.2413046175749775,1,0.15151515151515152,1.0,77.0,0.20574162679425836,1.0,27.666666666666668,0.01220814893941706,0.463855421686747,1.0,77.0,0.4819277108433735,0.5584415584415584,1.0
15,43,77,1,80,166,2,8,77,1,97,1,0,208,6,1,6552,11,33.0,8.0,2,1,1000000,210000000000,5685647,362536,2.926e+21,153,0.432027669330178,-0.2925225555238629,-0.1320172727663095,-2.3703348286540127,-0.2440509363334879,-0.2419518100861379,-0.6515833407699301,-0.7732961410114606,-0.209297252997432,-0.465975806527504,0.4447954345072714,-0.129554651525957,-2.436713089608918,-2.4354804057098707,-0.5977086715587934,-0.683793924898733,-0.7005459452905946,-0.3293068164558258,1.6905907925694137,0.6763626790824759,-0.0065533678066977,-0.6694913995885322,-0.16670289457711,0.0619477477542659,-0.5875189937408238,-0.2739313100938378,0.0,-0.24121089577240024,1,0.15463917525773196,1.0,77.0,0.20574162679425836,1.0,27.666666666666668,0.01220814893941706,0.463855421686747,1.0,77.0,0.4819277108433735,0.5584415584415584,1.0
15,52,93,1,97,197,2,25,93,1,100,1,0,242,6,1,6586,13,33.0,8.0,2,1,1000000,232419710247,2468806,387249,3.4498715363962404e+21,189,0.432027669330178,-0.2924841959707215,-0.13201303119862934,-2.3703348286540127,-0.24319689906342465,-0.24045087118557493,-0.6515833407699301,-0.699603854014985,-0.20845784529672834,-0.465975806527504,0.4934512705518225,-0.129554651525957,-2.436713089608918,-2.4354084245722585,-0.5977086715587934,-0.683793924898733,-0.7005311798815292,-0.1232324632294016,1.6905907925694137,0.6763626790824759,-0.0065533678066977,-0.6694913995885322,-0.16670289457711,0.09589582636259576,-1.3856326051114813,-0.1887846555553765,0.0,-0.23951902586222898,1,0.15,1.0,93.0,0.2139917695473251,1.0,32.833333333333336,0.01472597540610293,0.4720812182741117,1.0,93.0,0.49238578680203043,0.5591397849462365,1.0
15,50,91,1,92,193,2,20,91,1,97,1,0,236,6,1,6580,11,33.0,8.0,2,1,1000000,235000000000,9815959,362536,3.364e+21,183,0.432027669330178,-0.2924945475371254,-0.1320136013913012,-2.3703348286540127,-0.2434577697267395,-0.2406633205045237,-0.6515833407699301,-0.7133895232908462,-0.2085706866223187,-0.465975806527504,0.4447954345072714,-0.129554651525957,-2.436713089608918,-2.4354211950089133,-0.5977086715587934,-0.683793924898733,-0.7005337994667067,-0.3293068164558258,1.6905907925694137,0.6763626790824759,-0.0065533678066977,-0.6694913995885322,-0.16670289457711,0.0998029187548454,0.4372313570194031,-0.2739313100938378,0.0,-0.2398121580940022,1,0.15463917525773196,1.0,91.0,0.2109704641350211,1.0,32.166666666666664,0.013979638352833916,0.47150259067357514,1.0,91.0,0.47668393782383417,0.5494505494505495,1.0
15,50,91,1,92,193,2,20,91,1,97,1,0,236,6,1,6580,11,33.0,8.0,2,1,1000000,235000000000,8572956,370751,3.364e+21,181,0.432027669330178,-0.2924945475371254,-0.1320136013913012,-2.3703348286540127,-0.2434577697267395,-0.2406633205045237,-0.6515833407699301,-0.7148818047219502,-0.2085706866223187,-0.465975806527504,0.46097069067607205,-0.129554651525957,-2.436713089608918,-2.4354211950089133,-0.5977086715587934,-0.683793924898733,-0.7005337994667067,-0.2607989924364167,1.6905907925694137,0.6763626790824759,-0.0065533678066977,-0.6694913995885322,-0.16670289457711,0.0998029187548454,0.1288363971929941,-0.2456249637017029,0.0,-0.2399073516847332,1,0.15463917525773196,1.0,91.0,0.2109704641350211,1.0,32.166666666666664,0.013979638352833916,0.47150259067357514,1.0,91.0,0.47668393782383417,0.5494505494505495,1.0
15,48,84,1,89,179,2,16,84,1,97,1,0,223,6,1,6567,11,33.0,8.0,2,1,1000000,210000000000,10471275,362536,3.414e+21,171,0.432027669330178,-0.2925025498190504,-0.1320154370788053,-2.3703348286540127,-0.2436060613784266,-0.2413314262135088,-0.6515833407699301,-0.7403225869356161,-0.2089339698098753,-0.465975806527504,0.4447954345072714,-0.129554651525957,-2.436713089608918,-2.4354486856915005,-0.5977086715587934,-0.683793924898733,-0.7005394385992261,-0.3293068164558258,1.6905907925694137,0.6763626790824759,-0.0065533678066977,-0.6694913995885322,-0.16670289457711,0.0619477477542659,0.5998184259286021,-0.2739313100938378,0.0,-0.2403848505688249,1,0.15463917525773196,1.0,84.0,0.21428571428571427,1.0,29.833333333333332,0.013550548112058466,0.4692737430167598,1.0,84.0,0.4972067039106145,0.5714285714285714,1.0
15,43,77,1,80,166,2,7,77,1,97,1,0,208,6,1,6552,11,33.0,8.0,2,1,1000000,210000000000,7000363,367288,2.913693502796245e+21,155,0.432027669330178,-0.2925225555238629,-0.1320172727663095,-2.3703348286540127,-0.2440509363334879,-0.2419518100861379,-0.6515833407699301,-0.7815853377997318,-0.209297252997432,-0.465975806527504,0.45415141747959364,-0.129554651525957,-2.436713089608918,-2.4354804057098707,-0.5977086715587934,-0.683793924898733,-0.7005459452905946,-0.28968098127228525,1.6905907925694137,0.6763626790824759,-0.0065533678066977,-0.6694913995885322,-0.16670289457711,0.0619477477542659,-0.26133141647914904,-0.2575585434377962,0.0,-0.24110805302648275,1,0.15463917525773196,1.0,77.0,0.20574162679425836,1.0,27.666666666666668,0.01220814893941706,0.463855421686747,1.0,77.0,0.4819277108433735,0.5584415584415584,1.0
15,45,79,1,83,169,2,11,79,1,100,1,0,216,6,1,6560,13,33.0,8.0,2,1,1000000,210000000000,11219805,387249,3.327e+21,161,0.432027669330178,-0.29251438972084337,-0.13201673756673565,-2.3703348286540127,-0.24389860436539526,-0.24180474392623447,-0.6515833407699301,-0.7625833537990947,-0.2091913368179603,-0.465975806527504,0.4934512705518225,-0.129554651525957,-2.436713089608918,-2.435463315519639,-0.5977086715587934,-0.683793924898733,-0.7005424395992683,-0.1232324632294016,1.6905907925694137,0.6763626790824759,-0.0065533678066977,-0.6694913995885322,-0.16670289457711,0.0619477477542659,0.7855325614989057,-0.1887846555553765,0.0,-0.24085819343967843,1,0.15,1.0,79.0,0.2073732718894009,1.0,28.166666666666668,0.012650510592897424,0.46745562130177515,1.0,79.0,0.4911242603550296,0.569620253164557,1.0
15,48,84,1,89,179,2,16,84,1,97,1,0,223,6,1,6567,11,33.0,8.0,2,1,1000000,210000000000,10081615,362536,3.414e+21,171,0.432027669330178,-0.29250187388604953,-0.13201534847538124,-2.3703348286540127,-0.24358936027207273,-0.24129111675633513,-0.6515833407699301,-0.7388059406670975,-0.20891643516181732,-0.465975806527504,0.4447954345072714,-0.129554651525957,-2.436713089608918,-2.435447971208393,-0.5977086715587934,-0.683793924898733,-0.7005392920381172,-0.3293068164558258,1.6905907925694137,0.6763626790824759,-0.0065533678066977,-0.6694913995885322,-0.16670289457711,0.0619477477542659,0.5031419269995103,-0.2739313100938378,0.0,-0.24035260128903985,1,0.15463917525773196,1.0,84.0,0.21428571428571427,1.0,29.833333333333332,0.013550548112058466,0.4692737430167598,1.0,84.0,0.4972067039106145,0.5714285714285714,1.0
5,8,19,1,41,61,10,15,19,1,20,1,0,40,13,221,1172926,5,3.835771017095876,7.442819321936083,2,2,424717,16161582308,2623057,247350,7214096609680414.0,57,20.37218708725223,-1.8867900609362913,-1.8615169797378965,-1.5597881428163383,-0.3190382708591657,-0.35251250373361864,-0.12079194731272822,-1.5044788765857928,-0.6460493946768989,-0.7783174327763356,0.8176388896697412,-2.151914145026499,-1.51575647351411,-1.5389977991316548,0.1810293823292613,2.4730810474184026,2.4323086248641212,-0.018422887933351513,0.05350052604599673,3.4591150967474333,14.032476872818894,0.5151413233503377,-0.7426716667549331,-0.21677014326117205,0.5142707492022132,0.21753629495198837,0.0,-0.12100031474562503,1,0.25,1.0,19.0,0.1951219512195122,0.04504504504504504,4.6923076923076925,3.49552870724265e-05,0.3114754098360656,1.0,19.0,0.6721311475409836,0.42105263157894735,1.0
15,43,77,1,80,166,2,8,77,1,97,1,0,208,6,1,6552,11,33.0,8.0,2,1,1000000,210000000000,7715295,362536,2.926e+21,157,0.432027669330178,-0.2925225555238629,-0.1320172727663095,-2.3703348286540127,-0.2440509363334879,-0.2419518100861379,-0.6515833407699301,-0.7807221824027711,-0.209297252997432,-0.465975806527504,0.4447954345072714,-0.129554651525957,-2.436713089608918,-2.4354804057098707,-0.5977086715587934,-0.683793924898733,-0.7005459452905946,-0.3293068164558258,1.6905907925694137,0.6763626790824759,-0.0065533678066977,-0.6694913995885322,-0.16670289457711,0.0619477477542659,-0.0839535408360951,-0.2739313100938378,0.0,-0.2410529917894514,1,0.15463917525773196,1.0,77.0,0.20574162679425836,1.0,27.666666666666668,0.01220814893941706,0.463855421686747,1.0,77.0,0.4819277108433735,0.5584415584415584,1.0
15,50,91,1,92,193,2,21,91,1,97,1,0,236,6,1,6580,11,33.0,8.0,2,1,1000000,235000000000,10827726,362536,3.364e+21,184,0.432027669330178,-0.2924945475371254,-0.1320136013913012,-2.3703348286540127,-0.2434577697267395,-0.2406633205045237,-0.6515833407699301,-0.7100951948436166,-0.2085706866223187,-0.465975806527504,0.4447954345072714,-0.129554651525957,-2.436713089608918,-2.4354211950089133,-0.5977086715587934,-0.683793924898733,-0.7005337994667067,-0.3293068164558258,1.6905907925694137,0.6763626790824759,-0.0065533678066977,-0.6694913995885322,-0.16670289457711,0.0998029187548454,0.6882556510069682,-0.2739313100938378,0.0,-0.23973364243939185,1,0.15463917525773196,1.0,91.0,0.2109704641350211,1.0,32.166666666666664,0.013979638352833916,0.47150259067357514,1.0,91.0,0.47668393782383417,0.5494505494505495,1.0
15,43,77,1,80,166,2,8,77,1,97,1,0,208,6,1,6552,11,33.0,8.0,2,1,1000000,210000000000,5109043,365517,2.9182793042495616e+21,152,0.432027669330178,-0.2925225555238629,-0.1320172727663095,-2.3703348286540127,-0.2440509363334879,-0.2419518100861379,-0.6515833407699301,-0.7733690413182785,-0.209297252997432,-0.465975806527504,0.4506650736726338,-0.129554651525957,-2.436713089608918,-2.4354804057098707,-0.5977086715587934,-0.683793924898733,-0.7005459452905946,-0.30444685734286325,1.6905907925694137,0.6763626790824759,-0.0065533678066977,-0.6694913995885322,-0.16670289457711,0.0619477477542659,-0.7305772544755897,-0.2636595692522886,0.0,-0.2412554038236544,1,0.15463917525773196,1.0,77.0,0.20574162679425836,1.0,27.666666666666668,0.01220814893941706,0.463855421686747,1.0,77.0,0.4819277108433735,0.5584415584415584,1.0
15,39,69,1,75,151,2,1,69,1,100,1,0,198,6,1,6542,13,33.0,8.0,2,1,1000000,210000000000,5007504,387249,2.7305973460040905e+21,142,0.432027669330178,-0.2925348728061062,-0.13201912902464943,-2.3703348286540127,-0.2442525359899171,-0.24262740263197757,-0.6515833407699301,-0.8035185180856799,-0.2096646071604654,-0.465975806527504,0.4934512705518225,-0.129554651525957,-2.436713089608918,-2.4354997694804124,-0.5977086715587934,-0.683793924898733,-0.7005499173588693,-0.1232324632294016,1.6905907925694137,0.6763626790824759,-0.0065533678066977,-0.6694913995885322,-0.16670289457711,0.0619477477542659,-0.7557695576030887,-0.1887846555553765,0.0,-0.24172862024487812,1,0.15,1.0,69.0,0.19597989949748743,1.0,25.166666666666668,0.011462631820265932,0.45695364238410596,1.0,69.0,0.4966887417218543,0.5652173913043478,1.0
15,42,76,1,79,164,2,5,76,1,100,1,0,206,6,1,6550,13,33.0,8.0,2,1,1000000,210000000000,5020083,387249,2.862e+21,150,0.432027669330178,-0.2925233810941556,-0.13201748920301154,-2.3703348286540127,-0.24407133471208864,-0.24204042970163842,-0.6515833407699301,-0.7861372262052138,-0.20934008589510217,-0.465975806527504,0.4934512705518225,-0.129554651525957,-2.436713089608918,-2.435482587346317,-0.5977086715587934,-0.683793924898733,-0.7005463928072028,-0.1232324632294016,1.6905907925694137,0.6763626790824759,-0.0065533678066977,-0.6694913995885322,-0.16670289457711,0.0619477477542659,-0.7526486521182694,-0.1887846555553765,0.0,-0.24137872661614043,1,0.15,1.0,76.0,0.2028985507246377,1.0,27.333333333333332,0.012059227598839872,0.4634146341463415,1.0,76.0,0.4817073170731707,0.5526315789473685,1.0
15,45,79,1,83,169,2,11,79,1,100,1,0,216,6,1,6560,13,33.0,8.0,2,1,1000000,210000000000,11458476,387249,3.327e+21,161,0.432027669330178,-0.292514553241938,-0.1320167482841654,-2.3703348286540127,-0.2439026446818008,-0.2418086445770696,-0.6515833407699301,-0.7627668066395912,-0.2091934578009872,-0.465975806527504,0.4934512705518225,-0.129554651525957,-2.436713089608918,-2.43546348836674,-0.5977086715587934,-0.683793924898733,-0.7005424750551981,-0.1232324632294016,1.6905907925694137,0.6763626790824759,-0.0065533678066977,-0.6694913995885322,-0.16670289457711,0.0619477477542659,0.8447477684354694,-0.1887846555553765,0.0,-0.2408620942978438,1,0.15,1.0,79.0,0.2073732718894009,1.0,28.166666666666668,0.012650510592897424,0.46745562130177515,1.0,79.0,0.4911242603550296,0.569620253164557,1.0
15,41,72,1,77,155,2,4,72,1,100,1,0,202,6,1,6546,13,33.0,8.0,2,1,1000000,210000000000,5309780,387249,2.830218705334711e+21,146,0.432027669330178,-0.2925285435623244,-0.13201858217937207,-2.3703348286540127,-0.244174343792314,-0.2424524001325552,-0.6515833407699301,-0.7941580350340144,-0.20955638629224413,-0.465975806527504,0.4934512705518225,-0.129554651525957,-2.436713089608918,-2.4354930792644325,-0.5977086715587934,-0.683793924898733,-0.7005485450024583,-0.1232324632294016,1.6905907925694137,0.6763626790824759,-0.0065533678066977,-0.6694913995885322,-0.16670289457711,0.0619477477542659,-0.6807732471933584,-0.1887846555553765,0.0,-0.241577633717155,1,0.15,1.0,72.0,0.2019704433497537,1.0,25.833333333333332,0.011761111959676187,0.4645161290322581,1.0,72.0,0.4967741935483871,0.5694444444444444,1.0
